  0
SECTION
  2
HEADER
  9
$ACADVER
  1
AC1009
  9
$DWGCODEPAGE
  3
ANSI_1252
  9
$INSBASE
 10
0.0
 20
0.0
 30
0.0
  9
$EXTMIN
 10
0.0000
 20
-4410.0000
 30
0.0000
  9
$EXTMAX
 10
2440.0000
 20
1220.0000
 30
0.0000
  9
$LIMMIN
 10
0.0000
 20
-4410.0000
  9
$LIMMAX
 10
2440.0000
 20
1220.0000
  9
$ORTHOMODE
 70
0
  9
$REGENMODE
 70
1
  9
$FILLMODE
 70
1
  9
$DRAGMODE
 70
2
  9
$QTEXTMODE
 70
0
  9
$MIRRTEXT
 70
1
  9
$OSMODE
 70
20583
  9
$LTSCALE
 40
1.0
  9
$ATTMODE
 70
1
  9
$TEXTSIZE
 40
2.5
  9
$TRACEWID
 40
1.0
  9
$TEXTSTYLE
  7
Standard
  9
$CLAYER
  8
0
  9
$CELTYPE
  6
ByLayer
  9
$CECOLOR
 62
256
  9
$DIMSCALE
 40
1.0
  9
$DIMASZ
 40
2.5
  9
$DIMEXO
 40
0.625
  9
$DIMDLI
 40
3.75
  9
$DIMRND
 40
0.0
  9
$DIMDLE
 40
0.0
  9
$DIMEXE
 40
1.25
  9
$DIMTP
 40
0.0
  9
$DIMTM
 40
0.0
  9
$DIMTXT
 40
2.5
  9
$DIMCEN
 40
2.5
  9
$DIMTSZ
 40
0.0
  9
$DIMTOL
 70
0
  9
$DIMLIM
 70
0
  9
$DIMTIH
 70
0
  9
$DIMTOH
 70
0
  9
$DIMSE1
 70
0
  9
$DIMSE2
 70
0
  9
$DIMTAD
 70
1
  9
$DIMZIN
 70
8
  9
$DIMBLK
  1

  9
$DIMASO
 70
1
  9
$DIMSHO
 70
1
  9
$DIMPOST
  1

  9
$DIMAPOST
  1

  9
$DIMALT
 70
0
  9
$DIMALTD
 70
3
  9
$DIMALTF
 40
0.03937007874
  9
$DIMLFAC
 40
1.0
  9
$DIMTOFL
 70
1
  9
$DIMTVP
 40
0.0
  9
$DIMTIX
 70
0
  9
$DIMSOXD
 70
0
  9
$DIMSAH
 70
0
  9
$DIMBLK1
  1

  9
$DIMBLK2
  1

  9
$DIMSTYLE
  2
ISO-25
  9
$DIMCLRD
 70
0
  9
$DIMCLRE
 70
0
  9
$DIMCLRT
 70
0
  9
$DIMTFAC
 40
1.0
  9
$DIMGAP
 40
0.625
  9
$COORDS
 70
1
  9
$ATTDIA
 70
0
  9
$ATTREQ
 70
1
  9
$HANDLING
 70
1
  9
$LUNITS
 70
2
  9
$LUPREC
 70
4
  9
$SKETCHINC
 40
1.0
  9
$FILLETRAD
 40
10.0
  9
$AUNITS
 70
0
  9
$AUPREC
 70
2
  9
$MENU
  1
.
  9
$ELEVATION
 40
0.0
  9
$PELEVATION
 40
0.0
  9
$THICKNESS
 40
0.0
  9
$LIMCHECK
 70
0
  9
$CHAMFERA
 40
0.0
  9
$CHAMFERB
 40
0.0
  9
$SKPOLY
 70
0
  9
$TDCREATE
 40
2461315.6504398147
  9
$TDUPDATE
 40
2461315.6504398147
  9
$TDINDWG
 40
0.0
  9
$TDUSRTIMER
 40
0.0
  9
$USRTIMER
 70
1
  9
$ANGBASE
 50
0.0
  9
$ANGDIR
 70
0
  9
$PDMODE
 70
0
  9
$PDSIZE
 40
0.0
  9
$PLINEWID
 40
0.0
  9
$SPLFRAME
 70
0
  9
$SPLINETYPE
 70
6
  9
$SPLINESEGS
 70
8
  9
$HANDSEED
  5
2B3E
  9
$SURFTAB1
 70
6
  9
$SURFTAB2
 70
6
  9
$SURFTYPE
 70
6
  9
$SURFU
 70
6
  9
$SURFV
 70
6
  9
$UCSNAME
  2

  9
$UCSORG
 10
0.0
 20
0.0
 30
0.0
  9
$UCSXDIR
 10
1.0
 20
0.0
 30
0.0
  9
$UCSYDIR
 10
0.0
 20
1.0
 30
0.0
  9
$PUCSNAME
  2

  9
$PUCSORG
 10
0.0
 20
0.0
 30
0.0
  9
$PUCSXDIR
 10
1.0
 20
0.0
 30
0.0
  9
$PUCSYDIR
 10
0.0
 20
1.0
 30
0.0
  9
$USERI1
 70
0
  9
$USERI2
 70
0
  9
$USERI3
 70
0
  9
$USERI4
 70
0
  9
$USERI5
 70
0
  9
$USERR1
 40
0.0
  9
$USERR2
 40
0.0
  9
$USERR3
 40
0.0
  9
$USERR4
 40
0.0
  9
$USERR5
 40
0.0
  9
$WORLDVIEW
 70
1
  9
$SHADEDGE
 70
3
  9
$SHADEDIF
 70
70
  9
$TILEMODE
 70
1
  9
$MAXACTVP
 70
64
  9
$PLIMCHECK
 70
0
  9
$PEXTMIN
 10
1e+20
 20
1e+20
 30
1e+20
  9
$PEXTMAX
 10
-1e+20
 20
-1e+20
 30
-1e+20
  9
$PLIMMIN
 10
0.0
 20
0.0
  9
$PLIMMAX
 10
420.0
 20
297.0
  9
$UNITMODE
 70
0
  9
$VISRETAIN
 70
1
  9
$PLINEGEN
 70
0
  9
$PSLTSCALE
 70
1
  0
ENDSEC
  0
SECTION
  2
TABLES
  0
TABLE
  2
VPORT
 70
1
  0
VPORT
  5
23
  2
*Active
 70
0
 10
0.0
 20
0.0
 11
1.0
 21
1.0
 12
0.0
 22
0.0
 13
0.0
 23
0.0
 14
0.5
 24
0.5
 15
0.5
 25
0.5
 16
0.0
 26
0.0
 36
1.0
 17
0.0
 27
0.0
 37
0.0
 40
1000.0
 41
1.34
 42
50.0
 43
0.0
 44
0.0
 50
0.0
 51
0.0
 71
0
 72
1000
 73
1
 74
3
 75
0
 76
0
 77
0
 78
0
  0
ENDTAB
  0
TABLE
  2
LTYPE
 70
3
  0
LTYPE
  5
24
  2
ByBlock
 70
0
  3

 72
65
 73
0
 40
0.0
  0
LTYPE
  5
25
  2
ByLayer
 70
0
  3

 72
65
 73
0
 40
0.0
  0
LTYPE
  5
26
  2
Continuous
 70
0
  3

 72
65
 73
0
 40
0.0
  0
ENDTAB
  0
TABLE
  2
LAYER
 70
5
  0
LAYER
  5
27
  2
0
 70
0
 62
7
  6
Continuous
  0
LAYER
  5
28
  2
Defpoints
 70
0
 62
7
  6
Continuous
  0
LAYER
  5
2D
  2
CUT
 70
0
 62
1
  6
Continuous
  0
LAYER
  5
2E
  2
ENGRAVE-LABEL
 70
0
 62
3
  6
Continuous
  0
LAYER
  5
2F
  2
REFERENCE-SHEET
 70
0
 62
8
  6
Continuous
  0
ENDTAB
  0
TABLE
  2
STYLE
 70
1
  0
STYLE
  5
29
  2
Standard
 70
0
 40
0.0
 41
1.0
 50
0.0
 71
0
 42
2.5
  3
txt
  4

  0
ENDTAB
  0
TABLE
  2
VIEW
 70
0
  0
ENDTAB
  0
TABLE
  2
UCS
 70
0
  0
ENDTAB
  0
TABLE
  2
APPID
 70
3
  0
APPID
  5
2A
  2
ACAD
 70
0
  0
APPID
  5
2B3C
  2
HATCHBACKGROUNDCOLOR
 70
0
  0
APPID
  5
2B3D
  2
EZDXF
 70
0
  0
ENDTAB
  0
TABLE
  2
DIMSTYLE
 70
1
  0
DIMSTYLE
105
2B
  2
Standard
 70
0
  3

  4

  5

  6

  7

 40
1.0
 41
2.5
 42
0.625
 43
3.75
 44
1.25
 45
0.0
 46
0.0
 47
0.0
 48
0.0
140
2.5
141
2.5
142
0.0
143
0.03937007874
144
1.0
145
0.0
146
1.0
147
0.625
 71
0
 72
0
 73
0
 74
0
 75
0
 76
0
 77
1
 78
8
170
0
171
3
172
1
173
0
174
0
175
0
176
0
177
0
178
0
  0
ENDTAB
  0
ENDSEC
  0
SECTION
  2
BLOCKS
  0
BLOCK
  5
18
  8
0
  2
$Model_Space
 70
0
 10
0.0
 20
0.0
 30
0.0
  3
$Model_Space
  1

1001
EZDXF
1000
CREATED_BY_EZDXF
1000
1.4.4 @ 2026-10-01T15:36:38.608323+00:00
1000
WRITTEN_BY_EZDXF
1000
1.4.4 @ 2026-10-01T15:36:38.860859+00:00
  0
ENDBLK
  5
19
  8
0
  0
BLOCK
  5
1C
  8
0
  2
$Paper_Space
 70
0
 10
0.0
 20
0.0
 30
0.0
  3
$Paper_Space
  1

  0
ENDBLK
  5
1D
  8
0
  0
ENDSEC
  0
SECTION
  2
ENTITIES
  0
POLYLINE
  5
30
  8
REFERENCE-SHEET
 66
1
 10
0.0
 20
0.0
 30
0.0
 70
1
  0
VERTEX
  5
32
  8
REFERENCE-SHEET
 10
0.0
 20
0.0
 30
0.0
 70
0
  0
VERTEX
  5
33
  8
REFERENCE-SHEET
 10
2440.0
 20
0.0
 30
0.0
 70
0
  0
VERTEX
  5
34
  8
REFERENCE-SHEET
 10
2440.0
 20
1220.0
 30
0.0
 70
0
  0
VERTEX
  5
35
  8
REFERENCE-SHEET
 10
0.0
 20
1220.0
 30
0.0
 70
0
  0
SEQEND
  5
31
  8
REFERENCE-SHEET
  0
POLYLINE
  5
36
  8
CUT
 66
1
 10
0.0
 20
0.0
 30
0.0
 70
1
  0
VERTEX
  5
38
  8
CUT
 10
897.0
 20
17.0
 30
0.0
 70
0
  0
VERTEX
  5
39
  8
CUT
 10
897.0
 20
642.0
 30
0.0
 70
0
  0
VERTEX
  5
3A
  8
CUT
 10
17.0
 20
642.0
 30
0.0
 70
0
  0
VERTEX
  5
3B
  8
CUT
 10
17.0
 20
17.0
 30
0.0
 70
0
  0
SEQEND
  5
37
  8
CUT
  0
POLYLINE
  5
3C
  8
CUT
 66
1
 10
0.0
 20
0.0
 30
0.0
 70
1
  0
VERTEX
  5
3E
  8
CUT
 10
443.0
 20
169.7
 30
0.0
 70
0
  0
VERTEX
  5
3F
  8
CUT
 10
442.31979107343045
 20
169.62686997110768
 30
0.0
 70
0
  0
VERTEX
  5
40
  8
CUT
 10
441.67067195839394
 20
169.41082238513442
 30
0.0
 70
0
  0
VERTEX
  5
41
  8
CUT
 10
441.08231146716366
 20
169.0617319709579
 30
0.0
 70
0
  0
VERTEX
  5
42
  8
CUT
 10
440.5816013620664
 20
168.59555434862486
 30
0.0
 70
0
  0
VERTEX
  5
43
  8
CUT
 10
440.1914272333848
 20
168.0335967575041
 30
0.0
 70
0
  0
VERTEX
  5
44
  8
CUT
 10
439.92962248443365
 20
167.4015441818925
 30
0.0
 70
0
  0
VERTEX
  5
45
  8
CUT
 10
439.8081532332472
 20
166.72828538623747
 30
0.0
 70
0
  0
VERTEX
  5
46
  8
CUT
 10
439.83257138598105
 20
166.0445925175254
 30
0.0
 70
0
  0
VERTEX
  5
47
  8
CUT
 10
440.0017608800008
 20
165.3817146252828
 30
0.0
 70
0
  0
VERTEX
  5
48
  8
CUT
 10
440.3079886949403
 20
164.769949384142
 30
0.0
 70
0
  0
VERTEX
  5
49
  8
CUT
 10
440.7372583002031
 20
164.23725830020297
 30
0.0
 70
0
  0
VERTEX
  5
4A
  8
CUT
 10
441.2699493841422
 20
163.80798869494015
 30
0.0
 70
0
  0
VERTEX
  5
4B
  8
CUT
 10
441.881714625283
 20
163.5017608800007
 30
0.0
 70
0
  0
VERTEX
  5
4C
  8
CUT
 10
442.5445925175256
 20
163.33257138598097
 30
0.0
 70
0
  0
VERTEX
  5
4D
  8
CUT
 10
443.22828538623764
 20
163.30815323324714
 30
0.0
 70
0
  0
VERTEX
  5
4E
  8
CUT
 10
443.9015441818927
 20
163.4296224844336
 30
0.0
 70
0
  0
VERTEX
  5
4F
  8
CUT
 10
444.5335967575043
 20
163.69142723338476
 30
0.0
 70
0
  0
VERTEX
  5
50
  8
CUT
 10
445.095554348625
 20
164.08160136206638
 30
0.0
 70
0
  0
VERTEX
  5
51
  8
CUT
 10
445.5617319709581
 20
164.5823114671637
 30
0.0
 70
0
  0
VERTEX
  5
52
  8
CUT
 10
445.91082238513457
 20
165.17067195839397
 30
0.0
 70
0
  0
VERTEX
  5
53
  8
CUT
 10
446.1268699711078
 20
165.8197910734305
 30
0.0
 70
0
  0
VERTEX
  5
54
  8
CUT
 10
446.20000000000005
 20
166.5
 30
0.0
 70
0
  0
VERTEX
  5
55
  8
CUT
 10
458.79999999999995
 20
166.5
 30
0.0
 70
0
  0
VERTEX
  5
56
  8
CUT
 10
458.8731300288922
 20
165.81979107343048
 30
0.0
 70
0
  0
VERTEX
  5
57
  8
CUT
 10
459.08917761486543
 20
165.17067195839397
 30
0.0
 70
0
  0
VERTEX
  5
58
  8
CUT
 10
459.438268029042
 20
164.58231146716366
 30
0.0
 70
0
  0
VERTEX
  5
59
  8
CUT
 10
459.904445651375
 20
164.08160136206635
 30
0.0
 70
0
  0
VERTEX
  5
5A
  8
CUT
 10
460.46640324249574
 20
163.69142723338476
 30
0.0
 70
0
  0
VERTEX
  5
5B
  8
CUT
 10
461.0984558181073
 20
163.42962248443357
 30
0.0
 70
0
  0
VERTEX
  5
5C
  8
CUT
 10
461.77171461376236
 20
163.30815323324714
 30
0.0
 70
0
  0
VERTEX
  5
5D
  8
CUT
 10
462.4554074824744
 20
163.33257138598097
 30
0.0
 70
0
  0
VERTEX
  5
5E
  8
CUT
 10
463.11828537471706
 20
163.50176088000072
 30
0.0
 70
0
  0
VERTEX
  5
5F
  8
CUT
 10
463.73005061585786
 20
163.80798869494015
 30
0.0
 70
0
  0
VERTEX
  5
60
  8
CUT
 10
464.2627416997969
 20
164.237258300203
 30
0.0
 70
0
  0
VERTEX
  5
61
  8
CUT
 10
464.69201130505974
 20
164.76994938414202
 30
0.0
 70
0
  0
VERTEX
  5
62
  8
CUT
 10
464.9982391199992
 20
165.38171462528283
 30
0.0
 70
0
  0
VERTEX
  5
63
  8
CUT
 10
465.16742861401895
 20
166.04459251752542
 30
0.0
 70
0
  0
VERTEX
  5
64
  8
CUT
 10
465.19184676675275
 20
166.7282853862375
 30
0.0
 70
0
  0
VERTEX
  5
65
  8
CUT
 10
465.07037751556635
 20
167.40154418189252
 30
0.0
 70
0
  0
VERTEX
  5
66
  8
CUT
 10
464.8085727666152
 20
168.03359675750414
 30
0.0
 70
0
  0
VERTEX
  5
67
  8
CUT
 10
464.4183986379336
 20
168.5955543486249
 30
0.0
 70
0
  0
VERTEX
  5
68
  8
CUT
 10
463.9176885328363
 20
169.0617319709579
 30
0.0
 70
0
  0
VERTEX
  5
69
  8
CUT
 10
463.329328041606
 20
169.41082238513442
 30
0.0
 70
0
  0
VERTEX
  5
6A
  8
CUT
 10
462.6802089265695
 20
169.62686997110768
 30
0.0
 70
0
  0
VERTEX
  5
6B
  8
CUT
 10
462.0
 20
169.7
 30
0.0
 70
0
  0
VERTEX
  5
6C
  8
CUT
 10
462.0
 20
204.3
 30
0.0
 70
0
  0
VERTEX
  5
6D
  8
CUT
 10
462.68020892656955
 20
204.37313002889232
 30
0.0
 70
0
  0
VERTEX
  5
6E
  8
CUT
 10
463.32932804160606
 20
204.58917761486558
 30
0.0
 70
0
  0
VERTEX
  5
6F
  8
CUT
 10
463.91768853283634
 20
204.9382680290421
 30
0.0
 70
0
  0
VERTEX
  5
70
  8
CUT
 10
464.4183986379336
 20
205.40444565137514
 30
0.0
 70
0
  0
VERTEX
  5
71
  8
CUT
 10
464.8085727666152
 20
205.9664032424959
 30
0.0
 70
0
  0
VERTEX
  5
72
  8
CUT
 10
465.07037751556635
 20
206.5984558181075
 30
0.0
 70
0
  0
VERTEX
  5
73
  8
CUT
 10
465.1918467667528
 20
207.27171461376255
 30
0.0
 70
0
  0
VERTEX
  5
74
  8
CUT
 10
465.16742861401895
 20
207.9554074824746
 30
0.0
 70
0
  0
VERTEX
  5
75
  8
CUT
 10
464.9982391199992
 20
208.6182853747172
 30
0.0
 70
0
  0
VERTEX
  5
76
  8
CUT
 10
464.6920113050597
 20
209.230050615858
 30
0.0
 70
0
  0
VERTEX
  5
77
  8
CUT
 10
464.2627416997969
 20
209.76274169979703
 30
0.0
 70
0
  0
VERTEX
  5
78
  8
CUT
 10
463.7300506158578
 20
210.19201130505985
 30
0.0
 70
0
  0
VERTEX
  5
79
  8
CUT
 10
463.118285374717
 20
210.4982391199993
 30
0.0
 70
0
  0
VERTEX
  5
7A
  8
CUT
 10
462.4554074824744
 20
210.66742861401903
 30
0.0
 70
0
  0
VERTEX
  5
7B
  8
CUT
 10
461.77171461376236
 20
210.69184676675286
 30
0.0
 70
0
  0
VERTEX
  5
7C
  8
CUT
 10
461.0984558181073
 20
210.5703775155664
 30
0.0
 70
0
  0
VERTEX
  5
7D
  8
CUT
 10
460.4664032424957
 20
210.30857276661524
 30
0.0
 70
0
  0
VERTEX
  5
7E
  8
CUT
 10
459.904445651375
 20
209.91839863793362
 30
0.0
 70
0
  0
VERTEX
  5
7F
  8
CUT
 10
459.4382680290419
 20
209.4176885328363
 30
0.0
 70
0
  0
VERTEX
  5
80
  8
CUT
 10
459.08917761486543
 20
208.82932804160603
 30
0.0
 70
0
  0
VERTEX
  5
81
  8
CUT
 10
458.8731300288922
 20
208.1802089265695
 30
0.0
 70
0
  0
VERTEX
  5
82
  8
CUT
 10
458.79999999999995
 20
207.5
 30
0.0
 70
0
  0
VERTEX
  5
83
  8
CUT
 10
446.20000000000005
 20
207.5
 30
0.0
 70
0
  0
VERTEX
  5
84
  8
CUT
 10
446.1268699711078
 20
208.18020892656952
 30
0.0
 70
0
  0
VERTEX
  5
85
  8
CUT
 10
445.91082238513457
 20
208.82932804160603
 30
0.0
 70
0
  0
VERTEX
  5
86
  8
CUT
 10
445.561731970958
 20
209.41768853283634
 30
0.0
 70
0
  0
VERTEX
  5
87
  8
CUT
 10
445.095554348625
 20
209.91839863793365
 30
0.0
 70
0
  0
VERTEX
  5
88
  8
CUT
 10
444.53359675750426
 20
210.30857276661524
 30
0.0
 70
0
  0
VERTEX
  5
89
  8
CUT
 10
443.9015441818927
 20
210.57037751556643
 30
0.0
 70
0
  0
VERTEX
  5
8A
  8
CUT
 10
443.22828538623764
 20
210.69184676675286
 30
0.0
 70
0
  0
VERTEX
  5
8B
  8
CUT
 10
442.5445925175256
 20
210.66742861401903
 30
0.0
 70
0
  0
VERTEX
  5
8C
  8
CUT
 10
441.88171462528294
 20
210.49823911999928
 30
0.0
 70
0
  0
VERTEX
  5
8D
  8
CUT
 10
441.26994938414214
 20
210.19201130505985
 30
0.0
 70
0
  0
VERTEX
  5
8E
  8
CUT
 10
440.7372583002031
 20
209.762741699797
 30
0.0
 70
0
  0
VERTEX
  5
8F
  8
CUT
 10
440.30798869494026
 20
209.23005061585798
 30
0.0
 70
0
  0
VERTEX
  5
90
  8
CUT
 10
440.0017608800008
 20
208.61828537471717
 30
0.0
 70
0
  0
VERTEX
  5
91
  8
CUT
 10
439.83257138598105
 20
207.95540748247458
 30
0.0
 70
0
  0
VERTEX
  5
92
  8
CUT
 10
439.80815323324725
 20
207.27171461376253
 30
0.0
 70
0
  0
VERTEX
  5
93
  8
CUT
 10
439.92962248443365
 20
206.59845581810748
 30
0.0
 70
0
  0
VERTEX
  5
94
  8
CUT
 10
440.1914272333848
 20
205.96640324249586
 30
0.0
 70
0
  0
VERTEX
  5
95
  8
CUT
 10
440.5816013620664
 20
205.4044456513751
 30
0.0
 70
0
  0
VERTEX
  5
96
  8
CUT
 10
441.0823114671637
 20
204.9382680290421
 30
0.0
 70
0
  0
VERTEX
  5
97
  8
CUT
 10
441.670671958394
 20
204.58917761486558
 30
0.0
 70
0
  0
VERTEX
  5
98
  8
CUT
 10
442.3197910734305
 20
204.37313002889232
 30
0.0
 70
0
  0
VERTEX
  5
99
  8
CUT
 10
443.0
 20
204.3
 30
0.0
 70
0
  0
SEQEND
  5
3D
  8
CUT
  0
POLYLINE
  5
9A
  8
CUT
 66
1
 10
0.0
 20
0.0
 30
0.0
 70
1
  0
VERTEX
  5
9C
  8
CUT
 10
443.0
 20
469.7
 30
0.0
 70
0
  0
VERTEX
  5
9D
  8
CUT
 10
442.31979107343045
 20
469.62686997110774
 30
0.0
 70
0
  0
VERTEX
  5
9E
  8
CUT
 10
441.67067195839394
 20
469.41082238513445
 30
0.0
 70
0
  0
VERTEX
  5
9F
  8
CUT
 10
441.08231146716366
 20
469.0617319709579
 30
0.0
 70
0
  0
VERTEX
  5
A0
  8
CUT
 10
440.5816013620664
 20
468.5955543486249
 30
0.0
 70
0
  0
VERTEX
  5
A1
  8
CUT
 10
440.1914272333848
 20
468.03359675750414
 30
0.0
 70
0
  0
VERTEX
  5
A2
  8
CUT
 10
439.92962248443365
 20
467.4015441818925
 30
0.0
 70
0
  0
VERTEX
  5
A3
  8
CUT
 10
439.8081532332472
 20
466.7282853862375
 30
0.0
 70
0
  0
VERTEX
  5
A4
  8
CUT
 10
439.83257138598105
 20
466.0445925175254
 30
0.0
 70
0
  0
VERTEX
  5
A5
  8
CUT
 10
440.0017608800008
 20
465.3817146252828
 30
0.0
 70
0
  0
VERTEX
  5
A6
  8
CUT
 10
440.3079886949403
 20
464.769949384142
 30
0.0
 70
0
  0
VERTEX
  5
A7
  8
CUT
 10
440.7372583002031
 20
464.237258300203
 30
0.0
 70
0
  0
VERTEX
  5
A8
  8
CUT
 10
441.2699493841422
 20
463.80798869494015
 30
0.0
 70
0
  0
VERTEX
  5
A9
  8
CUT
 10
441.881714625283
 20
463.50176088000075
 30
0.0
 70
0
  0
VERTEX
  5
AA
  8
CUT
 10
442.5445925175256
 20
463.332571385981
 30
0.0
 70
0
  0
VERTEX
  5
AB
  8
CUT
 10
443.22828538623764
 20
463.3081532332472
 30
0.0
 70
0
  0
VERTEX
  5
AC
  8
CUT
 10
443.9015441818927
 20
463.4296224844336
 30
0.0
 70
0
  0
VERTEX
  5
AD
  8
CUT
 10
444.5335967575043
 20
463.6914272333848
 30
0.0
 70
0
  0
VERTEX
  5
AE
  8
CUT
 10
445.095554348625
 20
464.0816013620664
 30
0.0
 70
0
  0
VERTEX
  5
AF
  8
CUT
 10
445.5617319709581
 20
464.5823114671637
 30
0.0
 70
0
  0
VERTEX
  5
B0
  8
CUT
 10
445.91082238513457
 20
465.170671958394
 30
0.0
 70
0
  0
VERTEX
  5
B1
  8
CUT
 10
446.1268699711078
 20
465.8197910734305
 30
0.0
 70
0
  0
VERTEX
  5
B2
  8
CUT
 10
446.20000000000005
 20
466.5
 30
0.0
 70
0
  0
VERTEX
  5
B3
  8
CUT
 10
458.79999999999995
 20
466.5
 30
0.0
 70
0
  0
VERTEX
  5
B4
  8
CUT
 10
458.8731300288922
 20
465.81979107343045
 30
0.0
 70
0
  0
VERTEX
  5
B5
  8
CUT
 10
459.0891776148655
 20
465.17067195839394
 30
0.0
 70
0
  0
VERTEX
  5
B6
  8
CUT
 10
459.438268029042
 20
464.58231146716366
 30
0.0
 70
0
  0
VERTEX
  5
B7
  8
CUT
 10
459.904445651375
 20
464.08160136206635
 30
0.0
 70
0
  0
VERTEX
  5
B8
  8
CUT
 10
460.46640324249574
 20
463.6914272333848
 30
0.0
 70
0
  0
VERTEX
  5
B9
  8
CUT
 10
461.09845581810737
 20
463.4296224844336
 30
0.0
 70
0
  0
VERTEX
  5
BA
  8
CUT
 10
461.7717146137624
 20
463.3081532332472
 30
0.0
 70
0
  0
VERTEX
  5
BB
  8
CUT
 10
462.45540748247447
 20
463.332571385981
 30
0.0
 70
0
  0
VERTEX
  5
BC
  8
CUT
 10
463.11828537471706
 20
463.50176088000075
 30
0.0
 70
0
  0
VERTEX
  5
BD
  8
CUT
 10
463.73005061585786
 20
463.8079886949402
 30
0.0
 70
0
  0
VERTEX
  5
BE
  8
CUT
 10
464.2627416997969
 20
464.23725830020305
 30
0.0
 70
0
  0
VERTEX
  5
BF
  8
CUT
 10
464.69201130505974
 20
464.7699493841421
 30
0.0
 70
0
  0
VERTEX
  5
C0
  8
CUT
 10
464.9982391199992
 20
465.3817146252829
 30
0.0
 70
0
  0
VERTEX
  5
C1
  8
CUT
 10
465.16742861401895
 20
466.0445925175255
 30
0.0
 70
0
  0
VERTEX
  5
C2
  8
CUT
 10
465.19184676675275
 20
466.72828538623753
 30
0.0
 70
0
  0
VERTEX
  5
C3
  8
CUT
 10
465.07037751556635
 20
467.4015441818926
 30
0.0
 70
0
  0
VERTEX
  5
C4
  8
CUT
 10
464.80857276661516
 20
468.0335967575042
 30
0.0
 70
0
  0
VERTEX
  5
C5
  8
CUT
 10
464.4183986379336
 20
468.59555434862494
 30
0.0
 70
0
  0
VERTEX
  5
C6
  8
CUT
 10
463.9176885328363
 20
469.06173197095796
 30
0.0
 70
0
  0
VERTEX
  5
C7
  8
CUT
 10
463.329328041606
 20
469.41082238513445
 30
0.0
 70
0
  0
VERTEX
  5
C8
  8
CUT
 10
462.6802089265695
 20
469.62686997110774
 30
0.0
 70
0
  0
VERTEX
  5
C9
  8
CUT
 10
462.0
 20
469.7
 30
0.0
 70
0
  0
VERTEX
  5
CA
  8
CUT
 10
462.0
 20
504.3
 30
0.0
 70
0
  0
VERTEX
  5
CB
  8
CUT
 10
462.68020892656955
 20
504.37313002889226
 30
0.0
 70
0
  0
VERTEX
  5
CC
  8
CUT
 10
463.32932804160606
 20
504.58917761486555
 30
0.0
 70
0
  0
VERTEX
  5
CD
  8
CUT
 10
463.91768853283634
 20
504.9382680290421
 30
0.0
 70
0
  0
VERTEX
  5
CE
  8
CUT
 10
464.4183986379336
 20
505.4044456513751
 30
0.0
 70
0
  0
VERTEX
  5
CF
  8
CUT
 10
464.8085727666152
 20
505.96640324249586
 30
0.0
 70
0
  0
VERTEX
  5
D0
  8
CUT
 10
465.07037751556635
 20
506.5984558181075
 30
0.0
 70
0
  0
VERTEX
  5
D1
  8
CUT
 10
465.1918467667528
 20
507.2717146137625
 30
0.0
 70
0
  0
VERTEX
  5
D2
  8
CUT
 10
465.16742861401895
 20
507.9554074824746
 30
0.0
 70
0
  0
VERTEX
  5
D3
  8
CUT
 10
464.9982391199992
 20
508.6182853747172
 30
0.0
 70
0
  0
VERTEX
  5
D4
  8
CUT
 10
464.6920113050597
 20
509.230050615858
 30
0.0
 70
0
  0
VERTEX
  5
D5
  8
CUT
 10
464.2627416997969
 20
509.762741699797
 30
0.0
 70
0
  0
VERTEX
  5
D6
  8
CUT
 10
463.7300506158578
 20
510.19201130505985
 30
0.0
 70
0
  0
VERTEX
  5
D7
  8
CUT
 10
463.118285374717
 20
510.49823911999925
 30
0.0
 70
0
  0
VERTEX
  5
D8
  8
CUT
 10
462.4554074824744
 20
510.667428614019
 30
0.0
 70
0
  0
VERTEX
  5
D9
  8
CUT
 10
461.77171461376236
 20
510.6918467667528
 30
0.0
 70
0
  0
VERTEX
  5
DA
  8
CUT
 10
461.0984558181073
 20
510.5703775155664
 30
0.0
 70
0
  0
VERTEX
  5
DB
  8
CUT
 10
460.4664032424957
 20
510.3085727666152
 30
0.0
 70
0
  0
VERTEX
  5
DC
  8
CUT
 10
459.904445651375
 20
509.9183986379336
 30
0.0
 70
0
  0
VERTEX
  5
DD
  8
CUT
 10
459.4382680290419
 20
509.4176885328363
 30
0.0
 70
0
  0
VERTEX
  5
DE
  8
CUT
 10
459.08917761486543
 20
508.829328041606
 30
0.0
 70
0
  0
VERTEX
  5
DF
  8
CUT
 10
458.8731300288922
 20
508.1802089265695
 30
0.0
 70
0
  0
VERTEX
  5
E0
  8
CUT
 10
458.79999999999995
 20
507.5
 30
0.0
 70
0
  0
VERTEX
  5
E1
  8
CUT
 10
446.20000000000005
 20
507.5
 30
0.0
 70
0
  0
VERTEX
  5
E2
  8
CUT
 10
446.1268699711078
 20
508.18020892656955
 30
0.0
 70
0
  0
VERTEX
  5
E3
  8
CUT
 10
445.9108223851345
 20
508.82932804160606
 30
0.0
 70
0
  0
VERTEX
  5
E4
  8
CUT
 10
445.561731970958
 20
509.41768853283634
 30
0.0
 70
0
  0
VERTEX
  5
E5
  8
CUT
 10
445.095554348625
 20
509.91839863793365
 30
0.0
 70
0
  0
VERTEX
  5
E6
  8
CUT
 10
444.53359675750426
 20
510.3085727666152
 30
0.0
 70
0
  0
VERTEX
  5
E7
  8
CUT
 10
443.90154418189263
 20
510.5703775155664
 30
0.0
 70
0
  0
VERTEX
  5
E8
  8
CUT
 10
443.2282853862376
 20
510.6918467667528
 30
0.0
 70
0
  0
VERTEX
  5
E9
  8
CUT
 10
442.54459251752553
 20
510.667428614019
 30
0.0
 70
0
  0
VERTEX
  5
EA
  8
CUT
 10
441.88171462528294
 20
510.49823911999925
 30
0.0
 70
0
  0
VERTEX
  5
EB
  8
CUT
 10
441.26994938414214
 20
510.1920113050598
 30
0.0
 70
0
  0
VERTEX
  5
EC
  8
CUT
 10
440.7372583002031
 20
509.76274169979695
 30
0.0
 70
0
  0
VERTEX
  5
ED
  8
CUT
 10
440.30798869494026
 20
509.2300506158579
 30
0.0
 70
0
  0
VERTEX
  5
EE
  8
CUT
 10
440.0017608800008
 20
508.6182853747171
 30
0.0
 70
0
  0
VERTEX
  5
EF
  8
CUT
 10
439.83257138598105
 20
507.9554074824745
 30
0.0
 70
0
  0
VERTEX
  5
F0
  8
CUT
 10
439.80815323324725
 20
507.27171461376247
 30
0.0
 70
0
  0
VERTEX
  5
F1
  8
CUT
 10
439.92962248443365
 20
506.5984558181074
 30
0.0
 70
0
  0
VERTEX
  5
F2
  8
CUT
 10
440.19142723338484
 20
505.9664032424958
 30
0.0
 70
0
  0
VERTEX
  5
F3
  8
CUT
 10
440.5816013620664
 20
505.40444565137506
 30
0.0
 70
0
  0
VERTEX
  5
F4
  8
CUT
 10
441.0823114671637
 20
504.93826802904204
 30
0.0
 70
0
  0
VERTEX
  5
F5
  8
CUT
 10
441.670671958394
 20
504.58917761486555
 30
0.0
 70
0
  0
VERTEX
  5
F6
  8
CUT
 10
442.3197910734305
 20
504.37313002889226
 30
0.0
 70
0
  0
VERTEX
  5
F7
  8
CUT
 10
443.0
 20
504.3
 30
0.0
 70
0
  0
SEQEND
  5
9B
  8
CUT
  0
POLYLINE
  5
F8
  8
CUT
 66
1
 10
0.0
 20
0.0
 30
0.0
 70
1
  0
VERTEX
  5
FA
  8
CUT
 10
347.0
 20
112.0
 30
0.0
 70
0
  0
VERTEX
  5
FB
  8
CUT
 10
354.80359999999996
 20
112.7686
 30
0.0
 70
0
  0
VERTEX
  5
FC
  8
CUT
 10
362.30730000000005
 20
115.0448
 30
0.0
 70
0
  0
VERTEX
  5
FD
  8
CUT
 10
369.2228
 20
118.7412
 30
0.0
 70
0
  0
VERTEX
  5
FE
  8
CUT
 10
375.28430000000003
 20
123.7157
 30
0.0
 70
0
  0
VERTEX
  5
FF
  8
CUT
 10
380.25879999999995
 20
129.7772
 30
0.0
 70
0
  0
VERTEX
  5
100
  8
CUT
 10
383.9552
 20
136.6927
 30
0.0
 70
0
  0
VERTEX
  5
101
  8
CUT
 10
386.2314
 20
144.19639999999998
 30
0.0
 70
0
  0
VERTEX
  5
102
  8
CUT
 10
387.0
 20
277.0
 30
0.0
 70
0
  0
VERTEX
  5
103
  8
CUT
 10
386.2314
 20
284.8036
 30
0.0
 70
0
  0
VERTEX
  5
104
  8
CUT
 10
383.9552
 20
292.3073
 30
0.0
 70
0
  0
VERTEX
  5
105
  8
CUT
 10
380.25879999999995
 20
299.2228
 30
0.0
 70
0
  0
VERTEX
  5
106
  8
CUT
 10
375.28430000000003
 20
305.2843
 30
0.0
 70
0
  0
VERTEX
  5
107
  8
CUT
 10
369.2228
 20
310.2588
 30
0.0
 70
0
  0
VERTEX
  5
108
  8
CUT
 10
362.30730000000005
 20
313.9552
 30
0.0
 70
0
  0
VERTEX
  5
109
  8
CUT
 10
354.80359999999996
 20
316.2314
 30
0.0
 70
0
  0
VERTEX
  5
10A
  8
CUT
 10
127.0
 20
317.0
 30
0.0
 70
0
  0
VERTEX
  5
10B
  8
CUT
 10
119.19639999999998
 20
316.2314
 30
0.0
 70
0
  0
VERTEX
  5
10C
  8
CUT
 10
111.6927
 20
313.9552
 30
0.0
 70
0
  0
VERTEX
  5
10D
  8
CUT
 10
104.7772
 20
310.2588
 30
0.0
 70
0
  0
VERTEX
  5
10E
  8
CUT
 10
98.71570000000003
 20
305.2843
 30
0.0
 70
0
  0
VERTEX
  5
10F
  8
CUT
 10
93.74119999999999
 20
299.2228
 30
0.0
 70
0
  0
VERTEX
  5
110
  8
CUT
 10
90.04480000000001
 20
292.3073
 30
0.0
 70
0
  0
VERTEX
  5
111
  8
CUT
 10
87.76859999999999
 20
284.8036
 30
0.0
 70
0
  0
VERTEX
  5
112
  8
CUT
 10
87.0
 20
152.0
 30
0.0
 70
0
  0
VERTEX
  5
113
  8
CUT
 10
87.76859999999999
 20
144.19639999999998
 30
0.0
 70
0
  0
VERTEX
  5
114
  8
CUT
 10
90.04480000000001
 20
136.6927
 30
0.0
 70
0
  0
VERTEX
  5
115
  8
CUT
 10
93.74119999999999
 20
129.7772
 30
0.0
 70
0
  0
VERTEX
  5
116
  8
CUT
 10
98.71570000000003
 20
123.7157
 30
0.0
 70
0
  0
VERTEX
  5
117
  8
CUT
 10
104.7772
 20
118.7412
 30
0.0
 70
0
  0
VERTEX
  5
118
  8
CUT
 10
111.6927
 20
115.0448
 30
0.0
 70
0
  0
VERTEX
  5
119
  8
CUT
 10
119.19639999999998
 20
112.7686
 30
0.0
 70
0
  0
SEQEND
  5
F9
  8
CUT
  0
POLYLINE
  5
11A
  8
CUT
 66
1
 10
0.0
 20
0.0
 30
0.0
 70
1
  0
VERTEX
  5
11C
  8
CUT
 10
787.0
 20
112.0
 30
0.0
 70
0
  0
VERTEX
  5
11D
  8
CUT
 10
794.8036
 20
112.7686
 30
0.0
 70
0
  0
VERTEX
  5
11E
  8
CUT
 10
802.3073
 20
115.0448
 30
0.0
 70
0
  0
VERTEX
  5
11F
  8
CUT
 10
809.2228
 20
118.7412
 30
0.0
 70
0
  0
VERTEX
  5
120
  8
CUT
 10
815.2843
 20
123.7157
 30
0.0
 70
0
  0
VERTEX
  5
121
  8
CUT
 10
820.2588
 20
129.7772
 30
0.0
 70
0
  0
VERTEX
  5
122
  8
CUT
 10
823.9552000000001
 20
136.6927
 30
0.0
 70
0
  0
VERTEX
  5
123
  8
CUT
 10
826.2313999999999
 20
144.19639999999998
 30
0.0
 70
0
  0
VERTEX
  5
124
  8
CUT
 10
827.0
 20
277.0
 30
0.0
 70
0
  0
VERTEX
  5
125
  8
CUT
 10
826.2313999999999
 20
284.8036
 30
0.0
 70
0
  0
VERTEX
  5
126
  8
CUT
 10
823.9552000000001
 20
292.3073
 30
0.0
 70
0
  0
VERTEX
  5
127
  8
CUT
 10
820.2588
 20
299.2228
 30
0.0
 70
0
  0
VERTEX
  5
128
  8
CUT
 10
815.2843
 20
305.2843
 30
0.0
 70
0
  0
VERTEX
  5
129
  8
CUT
 10
809.2228
 20
310.2588
 30
0.0
 70
0
  0
VERTEX
  5
12A
  8
CUT
 10
802.3073
 20
313.9552
 30
0.0
 70
0
  0
VERTEX
  5
12B
  8
CUT
 10
794.8036
 20
316.2314
 30
0.0
 70
0
  0
VERTEX
  5
12C
  8
CUT
 10
557.0
 20
317.0
 30
0.0
 70
0
  0
VERTEX
  5
12D
  8
CUT
 10
549.1964
 20
316.2314
 30
0.0
 70
0
  0
VERTEX
  5
12E
  8
CUT
 10
541.6927
 20
313.9552
 30
0.0
 70
0
  0
VERTEX
  5
12F
  8
CUT
 10
534.7772
 20
310.2588
 30
0.0
 70
0
  0
VERTEX
  5
130
  8
CUT
 10
528.7157
 20
305.2843
 30
0.0
 70
0
  0
VERTEX
  5
131
  8
CUT
 10
523.7412
 20
299.2228
 30
0.0
 70
0
  0
VERTEX
  5
132
  8
CUT
 10
520.0448
 20
292.3073
 30
0.0
 70
0
  0
VERTEX
  5
133
  8
CUT
 10
517.7686
 20
284.8036
 30
0.0
 70
0
  0
VERTEX
  5
134
  8
CUT
 10
517.0
 20
152.0
 30
0.0
 70
0
  0
VERTEX
  5
135
  8
CUT
 10
517.7686
 20
144.19639999999998
 30
0.0
 70
0
  0
VERTEX
  5
136
  8
CUT
 10
520.0448
 20
136.6927
 30
0.0
 70
0
  0
VERTEX
  5
137
  8
CUT
 10
523.7412
 20
129.7772
 30
0.0
 70
0
  0
VERTEX
  5
138
  8
CUT
 10
528.7157
 20
123.7157
 30
0.0
 70
0
  0
VERTEX
  5
139
  8
CUT
 10
534.7772
 20
118.7412
 30
0.0
 70
0
  0
VERTEX
  5
13A
  8
CUT
 10
541.6927
 20
115.0448
 30
0.0
 70
0
  0
VERTEX
  5
13B
  8
CUT
 10
549.1964
 20
112.7686
 30
0.0
 70
0
  0
SEQEND
  5
11B
  8
CUT
  0
POLYLINE
  5
13C
  8
CUT
 66
1
 10
0.0
 20
0.0
 30
0.0
 70
1
  0
VERTEX
  5
13E
  8
CUT
 10
347.0
 20
417.0
 30
0.0
 70
0
  0
VERTEX
  5
13F
  8
CUT
 10
354.80359999999996
 20
417.7686
 30
0.0
 70
0
  0
VERTEX
  5
140
  8
CUT
 10
362.30730000000005
 20
420.0448
 30
0.0
 70
0
  0
VERTEX
  5
141
  8
CUT
 10
369.2228
 20
423.7412
 30
0.0
 70
0
  0
VERTEX
  5
142
  8
CUT
 10
375.28430000000003
 20
428.7157
 30
0.0
 70
0
  0
VERTEX
  5
143
  8
CUT
 10
380.25879999999995
 20
434.7772
 30
0.0
 70
0
  0
VERTEX
  5
144
  8
CUT
 10
383.9552
 20
441.6927
 30
0.0
 70
0
  0
VERTEX
  5
145
  8
CUT
 10
386.2314
 20
449.1964
 30
0.0
 70
0
  0
VERTEX
  5
146
  8
CUT
 10
387.0
 20
537.0
 30
0.0
 70
0
  0
VERTEX
  5
147
  8
CUT
 10
386.2314
 20
544.8036
 30
0.0
 70
0
  0
VERTEX
  5
148
  8
CUT
 10
383.9552
 20
552.3073
 30
0.0
 70
0
  0
VERTEX
  5
149
  8
CUT
 10
380.25879999999995
 20
559.2228
 30
0.0
 70
0
  0
VERTEX
  5
14A
  8
CUT
 10
375.28430000000003
 20
565.2843
 30
0.0
 70
0
  0
VERTEX
  5
14B
  8
CUT
 10
369.2228
 20
570.2588
 30
0.0
 70
0
  0
VERTEX
  5
14C
  8
CUT
 10
362.30730000000005
 20
573.9552
 30
0.0
 70
0
  0
VERTEX
  5
14D
  8
CUT
 10
354.80359999999996
 20
576.2314
 30
0.0
 70
0
  0
VERTEX
  5
14E
  8
CUT
 10
127.0
 20
577.0
 30
0.0
 70
0
  0
VERTEX
  5
14F
  8
CUT
 10
119.19639999999998
 20
576.2314
 30
0.0
 70
0
  0
VERTEX
  5
150
  8
CUT
 10
111.6927
 20
573.9552
 30
0.0
 70
0
  0
VERTEX
  5
151
  8
CUT
 10
104.7772
 20
570.2588
 30
0.0
 70
0
  0
VERTEX
  5
152
  8
CUT
 10
98.71570000000003
 20
565.2843
 30
0.0
 70
0
  0
VERTEX
  5
153
  8
CUT
 10
93.74119999999999
 20
559.2228
 30
0.0
 70
0
  0
VERTEX
  5
154
  8
CUT
 10
90.04480000000001
 20
552.3073
 30
0.0
 70
0
  0
VERTEX
  5
155
  8
CUT
 10
87.76859999999999
 20
544.8036
 30
0.0
 70
0
  0
VERTEX
  5
156
  8
CUT
 10
87.0
 20
457.0
 30
0.0
 70
0
  0
VERTEX
  5
157
  8
CUT
 10
87.76859999999999
 20
449.1964
 30
0.0
 70
0
  0
VERTEX
  5
158
  8
CUT
 10
90.04480000000001
 20
441.6927
 30
0.0
 70
0
  0
VERTEX
  5
159
  8
CUT
 10
93.74119999999999
 20
434.7772
 30
0.0
 70
0
  0
VERTEX
  5
15A
  8
CUT
 10
98.71570000000003
 20
428.7157
 30
0.0
 70
0
  0
VERTEX
  5
15B
  8
CUT
 10
104.7772
 20
423.7412
 30
0.0
 70
0
  0
VERTEX
  5
15C
  8
CUT
 10
111.6927
 20
420.0448
 30
0.0
 70
0
  0
VERTEX
  5
15D
  8
CUT
 10
119.19639999999998
 20
417.7686
 30
0.0
 70
0
  0
SEQEND
  5
13D
  8
CUT
  0
POLYLINE
  5
15E
  8
CUT
 66
1
 10
0.0
 20
0.0
 30
0.0
 70
1
  0
VERTEX
  5
160
  8
CUT
 10
787.0
 20
417.0
 30
0.0
 70
0
  0
VERTEX
  5
161
  8
CUT
 10
794.8036
 20
417.7686
 30
0.0
 70
0
  0
VERTEX
  5
162
  8
CUT
 10
802.3073
 20
420.0448
 30
0.0
 70
0
  0
VERTEX
  5
163
  8
CUT
 10
809.2228
 20
423.7412
 30
0.0
 70
0
  0
VERTEX
  5
164
  8
CUT
 10
815.2843
 20
428.7157
 30
0.0
 70
0
  0
VERTEX
  5
165
  8
CUT
 10
820.2588
 20
434.7772
 30
0.0
 70
0
  0
VERTEX
  5
166
  8
CUT
 10
823.9552000000001
 20
441.6927
 30
0.0
 70
0
  0
VERTEX
  5
167
  8
CUT
 10
826.2313999999999
 20
449.1964
 30
0.0
 70
0
  0
VERTEX
  5
168
  8
CUT
 10
827.0
 20
537.0
 30
0.0
 70
0
  0
VERTEX
  5
169
  8
CUT
 10
826.2313999999999
 20
544.8036
 30
0.0
 70
0
  0
VERTEX
  5
16A
  8
CUT
 10
823.9552000000001
 20
552.3073
 30
0.0
 70
0
  0
VERTEX
  5
16B
  8
CUT
 10
820.2588
 20
559.2228
 30
0.0
 70
0
  0
VERTEX
  5
16C
  8
CUT
 10
815.2843
 20
565.2843
 30
0.0
 70
0
  0
VERTEX
  5
16D
  8
CUT
 10
809.2228
 20
570.2588
 30
0.0
 70
0
  0
VERTEX
  5
16E
  8
CUT
 10
802.3073
 20
573.9552
 30
0.0
 70
0
  0
VERTEX
  5
16F
  8
CUT
 10
794.8036
 20
576.2314
 30
0.0
 70
0
  0
VERTEX
  5
170
  8
CUT
 10
557.0
 20
577.0
 30
0.0
 70
0
  0
VERTEX
  5
171
  8
CUT
 10
549.1964
 20
576.2314
 30
0.0
 70
0
  0
VERTEX
  5
172
  8
CUT
 10
541.6927
 20
573.9552
 30
0.0
 70
0
  0
VERTEX
  5
173
  8
CUT
 10
534.7772
 20
570.2588
 30
0.0
 70
0
  0
VERTEX
  5
174
  8
CUT
 10
528.7157
 20
565.2843
 30
0.0
 70
0
  0
VERTEX
  5
175
  8
CUT
 10
523.7412
 20
559.2228
 30
0.0
 70
0
  0
VERTEX
  5
176
  8
CUT
 10
520.0448
 20
552.3073
 30
0.0
 70
0
  0
VERTEX
  5
177
  8
CUT
 10
517.7686
 20
544.8036
 30
0.0
 70
0
  0
VERTEX
  5
178
  8
CUT
 10
517.0
 20
457.0
 30
0.0
 70
0
  0
VERTEX
  5
179
  8
CUT
 10
517.7686
 20
449.1964
 30
0.0
 70
0
  0
VERTEX
  5
17A
  8
CUT
 10
520.0448
 20
441.6927
 30
0.0
 70
0
  0
VERTEX
  5
17B
  8
CUT
 10
523.7412
 20
434.7772
 30
0.0
 70
0
  0
VERTEX
  5
17C
  8
CUT
 10
528.7157
 20
428.7157
 30
0.0
 70
0
  0
VERTEX
  5
17D
  8
CUT
 10
534.7772
 20
423.7412
 30
0.0
 70
0
  0
VERTEX
  5
17E
  8
CUT
 10
541.6927
 20
420.0448
 30
0.0
 70
0
  0
VERTEX
  5
17F
  8
CUT
 10
549.1964
 20
417.7686
 30
0.0
 70
0
  0
SEQEND
  5
15F
  8
CUT
  0
POLYLINE
  5
180
  8
CUT
 66
1
 10
0.0
 20
0.0
 30
0.0
 70
1
  0
VERTEX
  5
182
  8
CUT
 10
1793.0
 20
17.0
 30
0.0
 70
0
  0
VERTEX
  5
183
  8
CUT
 10
1793.0
 20
642.0
 30
0.0
 70
0
  0
VERTEX
  5
184
  8
CUT
 10
913.0
 20
642.0
 30
0.0
 70
0
  0
VERTEX
  5
185
  8
CUT
 10
913.0
 20
17.0
 30
0.0
 70
0
  0
SEQEND
  5
181
  8
CUT
  0
POLYLINE
  5
186
  8
CUT
 66
1
 10
0.0
 20
0.0
 30
0.0
 70
1
  0
VERTEX
  5
188
  8
CUT
 10
1339.0
 20
169.7
 30
0.0
 70
0
  0
VERTEX
  5
189
  8
CUT
 10
1338.3197910734305
 20
169.6268699711077
 30
0.0
 70
0
  0
VERTEX
  5
18A
  8
CUT
 10
1337.670671958394
 20
169.41082238513445
 30
0.0
 70
0
  0
VERTEX
  5
18B
  8
CUT
 10
1337.0823114671637
 20
169.06173197095794
 30
0.0
 70
0
  0
VERTEX
  5
18C
  8
CUT
 10
1336.5816013620663
 20
168.5955543486249
 30
0.0
 70
0
  0
VERTEX
  5
18D
  8
CUT
 10
1336.1914272333847
 20
168.03359675750417
 30
0.0
 70
0
  0
VERTEX
  5
18E
  8
CUT
 10
1335.9296224844336
 20
167.40154418189255
 30
0.0
 70
0
  0
VERTEX
  5
18F
  8
CUT
 10
1335.8081532332471
 20
166.72828538623753
 30
0.0
 70
0
  0
VERTEX
  5
190
  8
CUT
 10
1335.832571385981
 20
166.04459251752544
 30
0.0
 70
0
  0
VERTEX
  5
191
  8
CUT
 10
1336.0017608800008
 20
165.38171462528285
 30
0.0
 70
0
  0
VERTEX
  5
192
  8
CUT
 10
1336.3079886949401
 20
164.76994938414205
 30
0.0
 70
0
  0
VERTEX
  5
193
  8
CUT
 10
1336.737258300203
 20
164.237258300203
 30
0.0
 70
0
  0
VERTEX
  5
194
  8
CUT
 10
1337.2699493841421
 20
163.80798869494018
 30
0.0
 70
0
  0
VERTEX
  5
195
  8
CUT
 10
1337.881714625283
 20
163.50176088000072
 30
0.0
 70
0
  0
VERTEX
  5
196
  8
CUT
 10
1338.5445925175254
 20
163.33257138598097
 30
0.0
 70
0
  0
VERTEX
  5
197
  8
CUT
 10
1339.2282853862375
 20
163.30815323324714
 30
0.0
 70
0
  0
VERTEX
  5
198
  8
CUT
 10
1339.9015441818926
 20
163.42962248443357
 30
0.0
 70
0
  0
VERTEX
  5
199
  8
CUT
 10
1340.5335967575043
 20
163.69142723338473
 30
0.0
 70
0
  0
VERTEX
  5
19A
  8
CUT
 10
1341.095554348625
 20
164.08160136206632
 30
0.0
 70
0
  0
VERTEX
  5
19B
  8
CUT
 10
1341.561731970958
 20
164.58231146716366
 30
0.0
 70
0
  0
VERTEX
  5
19C
  8
CUT
 10
1341.9108223851345
 20
165.17067195839394
 30
0.0
 70
0
  0
VERTEX
  5
19D
  8
CUT
 10
1342.1268699711077
 20
165.81979107343045
 30
0.0
 70
0
  0
VERTEX
  5
19E
  8
CUT
 10
1342.2
 20
166.5
 30
0.0
 70
0
  0
VERTEX
  5
19F
  8
CUT
 10
1354.8
 20
166.5
 30
0.0
 70
0
  0
VERTEX
  5
1A0
  8
CUT
 10
1354.8731300288923
 20
165.81979107343048
 30
0.0
 70
0
  0
VERTEX
  5
1A1
  8
CUT
 10
1355.0891776148655
 20
165.17067195839397
 30
0.0
 70
0
  0
VERTEX
  5
1A2
  8
CUT
 10
1355.438268029042
 20
164.58231146716366
 30
0.0
 70
0
  0
VERTEX
  5
1A3
  8
CUT
 10
1355.904445651375
 20
164.08160136206635
 30
0.0
 70
0
  0
VERTEX
  5
1A4
  8
CUT
 10
1356.4664032424957
 20
163.69142723338476
 30
0.0
 70
0
  0
VERTEX
  5
1A5
  8
CUT
 10
1357.0984558181074
 20
163.42962248443357
 30
0.0
 70
0
  0
VERTEX
  5
1A6
  8
CUT
 10
1357.7717146137625
 20
163.30815323324714
 30
0.0
 70
0
  0
VERTEX
  5
1A7
  8
CUT
 10
1358.4554074824746
 20
163.33257138598097
 30
0.0
 70
0
  0
VERTEX
  5
1A8
  8
CUT
 10
1359.118285374717
 20
163.50176088000072
 30
0.0
 70
0
  0
VERTEX
  5
1A9
  8
CUT
 10
1359.7300506158579
 20
163.80798869494015
 30
0.0
 70
0
  0
VERTEX
  5
1AA
  8
CUT
 10
1360.2627416997968
 20
164.237258300203
 30
0.0
 70
0
  0
VERTEX
  5
1AB
  8
CUT
 10
1360.6920113050599
 20
164.76994938414202
 30
0.0
 70
0
  0
VERTEX
  5
1AC
  8
CUT
 10
1360.9982391199992
 20
165.38171462528283
 30
0.0
 70
0
  0
VERTEX
  5
1AD
  8
CUT
 10
1361.167428614019
 20
166.04459251752542
 30
0.0
 70
0
  0
VERTEX
  5
1AE
  8
CUT
 10
1361.1918467667529
 20
166.7282853862375
 30
0.0
 70
0
  0
VERTEX
  5
1AF
  8
CUT
 10
1361.0703775155664
 20
167.40154418189252
 30
0.0
 70
0
  0
VERTEX
  5
1B0
  8
CUT
 10
1360.8085727666153
 20
168.03359675750414
 30
0.0
 70
0
  0
VERTEX
  5
1B1
  8
CUT
 10
1360.4183986379337
 20
168.5955543486249
 30
0.0
 70
0
  0
VERTEX
  5
1B2
  8
CUT
 10
1359.9176885328363
 20
169.0617319709579
 30
0.0
 70
0
  0
VERTEX
  5
1B3
  8
CUT
 10
1359.329328041606
 20
169.41082238513442
 30
0.0
 70
0
  0
VERTEX
  5
1B4
  8
CUT
 10
1358.6802089265695
 20
169.62686997110768
 30
0.0
 70
0
  0
VERTEX
  5
1B5
  8
CUT
 10
1358.0
 20
169.7
 30
0.0
 70
0
  0
VERTEX
  5
1B6
  8
CUT
 10
1358.0
 20
204.3
 30
0.0
 70
0
  0
VERTEX
  5
1B7
  8
CUT
 10
1358.6802089265695
 20
204.3731300288923
 30
0.0
 70
0
  0
VERTEX
  5
1B8
  8
CUT
 10
1359.329328041606
 20
204.58917761486555
 30
0.0
 70
0
  0
VERTEX
  5
1B9
  8
CUT
 10
1359.9176885328363
 20
204.93826802904206
 30
0.0
 70
0
  0
VERTEX
  5
1BA
  8
CUT
 10
1360.4183986379337
 20
205.4044456513751
 30
0.0
 70
0
  0
VERTEX
  5
1BB
  8
CUT
 10
1360.8085727666153
 20
205.96640324249583
 30
0.0
 70
0
  0
VERTEX
  5
1BC
  8
CUT
 10
1361.0703775155664
 20
206.59845581810745
 30
0.0
 70
0
  0
VERTEX
  5
1BD
  8
CUT
 10
1361.1918467667529
 20
207.2717146137625
 30
0.0
 70
0
  0
VERTEX
  5
1BE
  8
CUT
 10
1361.167428614019
 20
207.95540748247456
 30
0.0
 70
0
  0
VERTEX
  5
1BF
  8
CUT
 10
1360.9982391199992
 20
208.61828537471715
 30
0.0
 70
0
  0
VERTEX
  5
1C0
  8
CUT
 10
1360.6920113050599
 20
209.23005061585795
 30
0.0
 70
0
  0
VERTEX
  5
1C1
  8
CUT
 10
1360.262741699797
 20
209.762741699797
 30
0.0
 70
0
  0
VERTEX
  5
1C2
  8
CUT
 10
1359.7300506158579
 20
210.19201130505982
 30
0.0
 70
0
  0
VERTEX
  5
1C3
  8
CUT
 10
1359.118285374717
 20
210.49823911999928
 30
0.0
 70
0
  0
VERTEX
  5
1C4
  8
CUT
 10
1358.4554074824746
 20
210.66742861401903
 30
0.0
 70
0
  0
VERTEX
  5
1C5
  8
CUT
 10
1357.7717146137625
 20
210.69184676675286
 30
0.0
 70
0
  0
VERTEX
  5
1C6
  8
CUT
 10
1357.0984558181074
 20
210.57037751556643
 30
0.0
 70
0
  0
VERTEX
  5
1C7
  8
CUT
 10
1356.4664032424957
 20
210.30857276661527
 30
0.0
 70
0
  0
VERTEX
  5
1C8
  8
CUT
 10
1355.904445651375
 20
209.91839863793368
 30
0.0
 70
0
  0
VERTEX
  5
1C9
  8
CUT
 10
1355.438268029042
 20
209.41768853283634
 30
0.0
 70
0
  0
VERTEX
  5
1CA
  8
CUT
 10
1355.0891776148655
 20
208.82932804160606
 30
0.0
 70
0
  0
VERTEX
  5
1CB
  8
CUT
 10
1354.8731300288923
 20
208.18020892656955
 30
0.0
 70
0
  0
VERTEX
  5
1CC
  8
CUT
 10
1354.8
 20
207.5
 30
0.0
 70
0
  0
VERTEX
  5
1CD
  8
CUT
 10
1342.2
 20
207.5
 30
0.0
 70
0
  0
VERTEX
  5
1CE
  8
CUT
 10
1342.1268699711077
 20
208.18020892656952
 30
0.0
 70
0
  0
VERTEX
  5
1CF
  8
CUT
 10
1341.9108223851345
 20
208.82932804160603
 30
0.0
 70
0
  0
VERTEX
  5
1D0
  8
CUT
 10
1341.561731970958
 20
209.41768853283634
 30
0.0
 70
0
  0
VERTEX
  5
1D1
  8
CUT
 10
1341.095554348625
 20
209.91839863793365
 30
0.0
 70
0
  0
VERTEX
  5
1D2
  8
CUT
 10
1340.5335967575043
 20
210.30857276661524
 30
0.0
 70
0
  0
VERTEX
  5
1D3
  8
CUT
 10
1339.9015441818926
 20
210.57037751556643
 30
0.0
 70
0
  0
VERTEX
  5
1D4
  8
CUT
 10
1339.2282853862375
 20
210.69184676675286
 30
0.0
 70
0
  0
VERTEX
  5
1D5
  8
CUT
 10
1338.5445925175254
 20
210.66742861401903
 30
0.0
 70
0
  0
VERTEX
  5
1D6
  8
CUT
 10
1337.881714625283
 20
210.49823911999928
 30
0.0
 70
0
  0
VERTEX
  5
1D7
  8
CUT
 10
1337.2699493841421
 20
210.19201130505985
 30
0.0
 70
0
  0
VERTEX
  5
1D8
  8
CUT
 10
1336.7372583002032
 20
209.762741699797
 30
0.0
 70
0
  0
VERTEX
  5
1D9
  8
CUT
 10
1336.3079886949401
 20
209.23005061585798
 30
0.0
 70
0
  0
VERTEX
  5
1DA
  8
CUT
 10
1336.0017608800008
 20
208.61828537471717
 30
0.0
 70
0
  0
VERTEX
  5
1DB
  8
CUT
 10
1335.832571385981
 20
207.95540748247458
 30
0.0
 70
0
  0
VERTEX
  5
1DC
  8
CUT
 10
1335.8081532332471
 20
207.27171461376253
 30
0.0
 70
0
  0
VERTEX
  5
1DD
  8
CUT
 10
1335.9296224844336
 20
206.59845581810748
 30
0.0
 70
0
  0
VERTEX
  5
1DE
  8
CUT
 10
1336.1914272333847
 20
205.96640324249586
 30
0.0
 70
0
  0
VERTEX
  5
1DF
  8
CUT
 10
1336.5816013620663
 20
205.4044456513751
 30
0.0
 70
0
  0
VERTEX
  5
1E0
  8
CUT
 10
1337.0823114671637
 20
204.9382680290421
 30
0.0
 70
0
  0
VERTEX
  5
1E1
  8
CUT
 10
1337.670671958394
 20
204.58917761486558
 30
0.0
 70
0
  0
VERTEX
  5
1E2
  8
CUT
 10
1338.3197910734305
 20
204.37313002889232
 30
0.0
 70
0
  0
VERTEX
  5
1E3
  8
CUT
 10
1339.0
 20
204.3
 30
0.0
 70
0
  0
SEQEND
  5
187
  8
CUT
  0
POLYLINE
  5
1E4
  8
CUT
 66
1
 10
0.0
 20
0.0
 30
0.0
 70
1
  0
VERTEX
  5
1E6
  8
CUT
 10
1339.0
 20
469.7
 30
0.0
 70
0
  0
VERTEX
  5
1E7
  8
CUT
 10
1338.3197910734305
 20
469.62686997110774
 30
0.0
 70
0
  0
VERTEX
  5
1E8
  8
CUT
 10
1337.670671958394
 20
469.41082238513445
 30
0.0
 70
0
  0
VERTEX
  5
1E9
  8
CUT
 10
1337.0823114671637
 20
469.06173197095796
 30
0.0
 70
0
  0
VERTEX
  5
1EA
  8
CUT
 10
1336.5816013620663
 20
468.59555434862494
 30
0.0
 70
0
  0
VERTEX
  5
1EB
  8
CUT
 10
1336.1914272333847
 20
468.0335967575042
 30
0.0
 70
0
  0
VERTEX
  5
1EC
  8
CUT
 10
1335.9296224844336
 20
467.4015441818926
 30
0.0
 70
0
  0
VERTEX
  5
1ED
  8
CUT
 10
1335.8081532332471
 20
466.72828538623753
 30
0.0
 70
0
  0
VERTEX
  5
1EE
  8
CUT
 10
1335.832571385981
 20
466.0445925175255
 30
0.0
 70
0
  0
VERTEX
  5
1EF
  8
CUT
 10
1336.0017608800008
 20
465.3817146252829
 30
0.0
 70
0
  0
VERTEX
  5
1F0
  8
CUT
 10
1336.3079886949401
 20
464.7699493841421
 30
0.0
 70
0
  0
VERTEX
  5
1F1
  8
CUT
 10
1336.737258300203
 20
464.23725830020305
 30
0.0
 70
0
  0
VERTEX
  5
1F2
  8
CUT
 10
1337.2699493841421
 20
463.8079886949402
 30
0.0
 70
0
  0
VERTEX
  5
1F3
  8
CUT
 10
1337.881714625283
 20
463.50176088000075
 30
0.0
 70
0
  0
VERTEX
  5
1F4
  8
CUT
 10
1338.5445925175254
 20
463.332571385981
 30
0.0
 70
0
  0
VERTEX
  5
1F5
  8
CUT
 10
1339.2282853862375
 20
463.3081532332472
 30
0.0
 70
0
  0
VERTEX
  5
1F6
  8
CUT
 10
1339.9015441818926
 20
463.4296224844336
 30
0.0
 70
0
  0
VERTEX
  5
1F7
  8
CUT
 10
1340.5335967575043
 20
463.6914272333848
 30
0.0
 70
0
  0
VERTEX
  5
1F8
  8
CUT
 10
1341.095554348625
 20
464.08160136206635
 30
0.0
 70
0
  0
VERTEX
  5
1F9
  8
CUT
 10
1341.561731970958
 20
464.58231146716366
 30
0.0
 70
0
  0
VERTEX
  5
1FA
  8
CUT
 10
1341.9108223851345
 20
465.17067195839394
 30
0.0
 70
0
  0
VERTEX
  5
1FB
  8
CUT
 10
1342.1268699711077
 20
465.81979107343045
 30
0.0
 70
0
  0
VERTEX
  5
1FC
  8
CUT
 10
1342.2
 20
466.5
 30
0.0
 70
0
  0
VERTEX
  5
1FD
  8
CUT
 10
1354.8
 20
466.5
 30
0.0
 70
0
  0
VERTEX
  5
1FE
  8
CUT
 10
1354.8731300288923
 20
465.81979107343045
 30
0.0
 70
0
  0
VERTEX
  5
1FF
  8
CUT
 10
1355.0891776148655
 20
465.17067195839394
 30
0.0
 70
0
  0
VERTEX
  5
200
  8
CUT
 10
1355.438268029042
 20
464.58231146716366
 30
0.0
 70
0
  0
VERTEX
  5
201
  8
CUT
 10
1355.904445651375
 20
464.08160136206635
 30
0.0
 70
0
  0
VERTEX
  5
202
  8
CUT
 10
1356.4664032424957
 20
463.6914272333848
 30
0.0
 70
0
  0
VERTEX
  5
203
  8
CUT
 10
1357.0984558181074
 20
463.4296224844336
 30
0.0
 70
0
  0
VERTEX
  5
204
  8
CUT
 10
1357.7717146137625
 20
463.3081532332472
 30
0.0
 70
0
  0
VERTEX
  5
205
  8
CUT
 10
1358.4554074824746
 20
463.332571385981
 30
0.0
 70
0
  0
VERTEX
  5
206
  8
CUT
 10
1359.118285374717
 20
463.50176088000075
 30
0.0
 70
0
  0
VERTEX
  5
207
  8
CUT
 10
1359.7300506158579
 20
463.8079886949402
 30
0.0
 70
0
  0
VERTEX
  5
208
  8
CUT
 10
1360.262741699797
 20
464.23725830020305
 30
0.0
 70
0
  0
VERTEX
  5
209
  8
CUT
 10
1360.6920113050599
 20
464.7699493841421
 30
0.0
 70
0
  0
VERTEX
  5
20A
  8
CUT
 10
1360.9982391199992
 20
465.3817146252829
 30
0.0
 70
0
  0
VERTEX
  5
20B
  8
CUT
 10
1361.167428614019
 20
466.0445925175255
 30
0.0
 70
0
  0
VERTEX
  5
20C
  8
CUT
 10
1361.1918467667529
 20
466.72828538623753
 30
0.0
 70
0
  0
VERTEX
  5
20D
  8
CUT
 10
1361.0703775155664
 20
467.4015441818926
 30
0.0
 70
0
  0
VERTEX
  5
20E
  8
CUT
 10
1360.8085727666153
 20
468.0335967575042
 30
0.0
 70
0
  0
VERTEX
  5
20F
  8
CUT
 10
1360.4183986379337
 20
468.59555434862494
 30
0.0
 70
0
  0
VERTEX
  5
210
  8
CUT
 10
1359.9176885328363
 20
469.06173197095796
 30
0.0
 70
0
  0
VERTEX
  5
211
  8
CUT
 10
1359.329328041606
 20
469.41082238513445
 30
0.0
 70
0
  0
VERTEX
  5
212
  8
CUT
 10
1358.6802089265695
 20
469.62686997110774
 30
0.0
 70
0
  0
VERTEX
  5
213
  8
CUT
 10
1358.0
 20
469.7
 30
0.0
 70
0
  0
VERTEX
  5
214
  8
CUT
 10
1358.0
 20
504.3
 30
0.0
 70
0
  0
VERTEX
  5
215
  8
CUT
 10
1358.6802089265695
 20
504.37313002889226
 30
0.0
 70
0
  0
VERTEX
  5
216
  8
CUT
 10
1359.329328041606
 20
504.58917761486555
 30
0.0
 70
0
  0
VERTEX
  5
217
  8
CUT
 10
1359.9176885328363
 20
504.93826802904204
 30
0.0
 70
0
  0
VERTEX
  5
218
  8
CUT
 10
1360.4183986379337
 20
505.40444565137506
 30
0.0
 70
0
  0
VERTEX
  5
219
  8
CUT
 10
1360.8085727666153
 20
505.9664032424958
 30
0.0
 70
0
  0
VERTEX
  5
21A
  8
CUT
 10
1361.0703775155664
 20
506.5984558181074
 30
0.0
 70
0
  0
VERTEX
  5
21B
  8
CUT
 10
1361.1918467667529
 20
507.27171461376247
 30
0.0
 70
0
  0
VERTEX
  5
21C
  8
CUT
 10
1361.167428614019
 20
507.9554074824745
 30
0.0
 70
0
  0
VERTEX
  5
21D
  8
CUT
 10
1360.9982391199992
 20
508.6182853747171
 30
0.0
 70
0
  0
VERTEX
  5
21E
  8
CUT
 10
1360.6920113050599
 20
509.2300506158579
 30
0.0
 70
0
  0
VERTEX
  5
21F
  8
CUT
 10
1360.262741699797
 20
509.76274169979695
 30
0.0
 70
0
  0
VERTEX
  5
220
  8
CUT
 10
1359.7300506158579
 20
510.1920113050598
 30
0.0
 70
0
  0
VERTEX
  5
221
  8
CUT
 10
1359.118285374717
 20
510.49823911999925
 30
0.0
 70
0
  0
VERTEX
  5
222
  8
CUT
 10
1358.4554074824746
 20
510.667428614019
 30
0.0
 70
0
  0
VERTEX
  5
223
  8
CUT
 10
1357.7717146137625
 20
510.6918467667528
 30
0.0
 70
0
  0
VERTEX
  5
224
  8
CUT
 10
1357.0984558181074
 20
510.5703775155664
 30
0.0
 70
0
  0
VERTEX
  5
225
  8
CUT
 10
1356.4664032424957
 20
510.3085727666152
 30
0.0
 70
0
  0
VERTEX
  5
226
  8
CUT
 10
1355.904445651375
 20
509.91839863793365
 30
0.0
 70
0
  0
VERTEX
  5
227
  8
CUT
 10
1355.438268029042
 20
509.41768853283634
 30
0.0
 70
0
  0
VERTEX
  5
228
  8
CUT
 10
1355.0891776148655
 20
508.82932804160606
 30
0.0
 70
0
  0
VERTEX
  5
229
  8
CUT
 10
1354.8731300288923
 20
508.18020892656955
 30
0.0
 70
0
  0
VERTEX
  5
22A
  8
CUT
 10
1354.8
 20
507.5
 30
0.0
 70
0
  0
VERTEX
  5
22B
  8
CUT
 10
1342.2
 20
507.5
 30
0.0
 70
0
  0
VERTEX
  5
22C
  8
CUT
 10
1342.1268699711077
 20
508.18020892656955
 30
0.0
 70
0
  0
VERTEX
  5
22D
  8
CUT
 10
1341.9108223851345
 20
508.82932804160606
 30
0.0
 70
0
  0
VERTEX
  5
22E
  8
CUT
 10
1341.561731970958
 20
509.41768853283634
 30
0.0
 70
0
  0
VERTEX
  5
22F
  8
CUT
 10
1341.095554348625
 20
509.91839863793365
 30
0.0
 70
0
  0
VERTEX
  5
230
  8
CUT
 10
1340.5335967575043
 20
510.3085727666152
 30
0.0
 70
0
  0
VERTEX
  5
231
  8
CUT
 10
1339.9015441818926
 20
510.5703775155664
 30
0.0
 70
0
  0
VERTEX
  5
232
  8
CUT
 10
1339.2282853862375
 20
510.6918467667528
 30
0.0
 70
0
  0
VERTEX
  5
233
  8
CUT
 10
1338.5445925175254
 20
510.667428614019
 30
0.0
 70
0
  0
VERTEX
  5
234
  8
CUT
 10
1337.881714625283
 20
510.49823911999925
 30
0.0
 70
0
  0
VERTEX
  5
235
  8
CUT
 10
1337.2699493841421
 20
510.1920113050598
 30
0.0
 70
0
  0
VERTEX
  5
236
  8
CUT
 10
1336.737258300203
 20
509.76274169979695
 30
0.0
 70
0
  0
VERTEX
  5
237
  8
CUT
 10
1336.3079886949401
 20
509.2300506158579
 30
0.0
 70
0
  0
VERTEX
  5
238
  8
CUT
 10
1336.0017608800008
 20
508.6182853747171
 30
0.0
 70
0
  0
VERTEX
  5
239
  8
CUT
 10
1335.832571385981
 20
507.9554074824745
 30
0.0
 70
0
  0
VERTEX
  5
23A
  8
CUT
 10
1335.8081532332471
 20
507.27171461376247
 30
0.0
 70
0
  0
VERTEX
  5
23B
  8
CUT
 10
1335.9296224844336
 20
506.5984558181074
 30
0.0
 70
0
  0
VERTEX
  5
23C
  8
CUT
 10
1336.1914272333847
 20
505.9664032424958
 30
0.0
 70
0
  0
VERTEX
  5
23D
  8
CUT
 10
1336.5816013620663
 20
505.40444565137506
 30
0.0
 70
0
  0
VERTEX
  5
23E
  8
CUT
 10
1337.0823114671637
 20
504.93826802904204
 30
0.0
 70
0
  0
VERTEX
  5
23F
  8
CUT
 10
1337.670671958394
 20
504.58917761486555
 30
0.0
 70
0
  0
VERTEX
  5
240
  8
CUT
 10
1338.3197910734305
 20
504.37313002889226
 30
0.0
 70
0
  0
VERTEX
  5
241
  8
CUT
 10
1339.0
 20
504.3
 30
0.0
 70
0
  0
SEQEND
  5
1E5
  8
CUT
  0
POLYLINE
  5
242
  8
CUT
 66
1
 10
0.0
 20
0.0
 30
0.0
 70
1
  0
VERTEX
  5
244
  8
CUT
 10
1243.0
 20
112.0
 30
0.0
 70
0
  0
VERTEX
  5
245
  8
CUT
 10
1250.8036
 20
112.7686
 30
0.0
 70
0
  0
VERTEX
  5
246
  8
CUT
 10
1258.3073
 20
115.0448
 30
0.0
 70
0
  0
VERTEX
  5
247
  8
CUT
 10
1265.2228
 20
118.7412
 30
0.0
 70
0
  0
VERTEX
  5
248
  8
CUT
 10
1271.2843
 20
123.7157
 30
0.0
 70
0
  0
VERTEX
  5
249
  8
CUT
 10
1276.2588
 20
129.7772
 30
0.0
 70
0
  0
VERTEX
  5
24A
  8
CUT
 10
1279.9551999999999
 20
136.6927
 30
0.0
 70
0
  0
VERTEX
  5
24B
  8
CUT
 10
1282.2314000000001
 20
144.19639999999998
 30
0.0
 70
0
  0
VERTEX
  5
24C
  8
CUT
 10
1283.0
 20
277.0
 30
0.0
 70
0
  0
VERTEX
  5
24D
  8
CUT
 10
1282.2314000000001
 20
284.8036
 30
0.0
 70
0
  0
VERTEX
  5
24E
  8
CUT
 10
1279.9551999999999
 20
292.3073
 30
0.0
 70
0
  0
VERTEX
  5
24F
  8
CUT
 10
1276.2588
 20
299.2228
 30
0.0
 70
0
  0
VERTEX
  5
250
  8
CUT
 10
1271.2843
 20
305.2843
 30
0.0
 70
0
  0
VERTEX
  5
251
  8
CUT
 10
1265.2228
 20
310.2588
 30
0.0
 70
0
  0
VERTEX
  5
252
  8
CUT
 10
1258.3073
 20
313.9552
 30
0.0
 70
0
  0
VERTEX
  5
253
  8
CUT
 10
1250.8036
 20
316.2314
 30
0.0
 70
0
  0
VERTEX
  5
254
  8
CUT
 10
1023.0
 20
317.0
 30
0.0
 70
0
  0
VERTEX
  5
255
  8
CUT
 10
1015.1964
 20
316.2314
 30
0.0
 70
0
  0
VERTEX
  5
256
  8
CUT
 10
1007.6927000000001
 20
313.9552
 30
0.0
 70
0
  0
VERTEX
  5
257
  8
CUT
 10
1000.7772
 20
310.2588
 30
0.0
 70
0
  0
VERTEX
  5
258
  8
CUT
 10
994.7157
 20
305.2843
 30
0.0
 70
0
  0
VERTEX
  5
259
  8
CUT
 10
989.7411999999999
 20
299.2228
 30
0.0
 70
0
  0
VERTEX
  5
25A
  8
CUT
 10
986.0448
 20
292.3073
 30
0.0
 70
0
  0
VERTEX
  5
25B
  8
CUT
 10
983.7686
 20
284.8036
 30
0.0
 70
0
  0
VERTEX
  5
25C
  8
CUT
 10
983.0
 20
152.0
 30
0.0
 70
0
  0
VERTEX
  5
25D
  8
CUT
 10
983.7686
 20
144.19639999999998
 30
0.0
 70
0
  0
VERTEX
  5
25E
  8
CUT
 10
986.0448
 20
136.6927
 30
0.0
 70
0
  0
VERTEX
  5
25F
  8
CUT
 10
989.7411999999999
 20
129.7772
 30
0.0
 70
0
  0
VERTEX
  5
260
  8
CUT
 10
994.7157
 20
123.7157
 30
0.0
 70
0
  0
VERTEX
  5
261
  8
CUT
 10
1000.7772
 20
118.7412
 30
0.0
 70
0
  0
VERTEX
  5
262
  8
CUT
 10
1007.6927000000001
 20
115.0448
 30
0.0
 70
0
  0
VERTEX
  5
263
  8
CUT
 10
1015.1964
 20
112.7686
 30
0.0
 70
0
  0
SEQEND
  5
243
  8
CUT
  0
POLYLINE
  5
264
  8
CUT
 66
1
 10
0.0
 20
0.0
 30
0.0
 70
1
  0
VERTEX
  5
266
  8
CUT
 10
1683.0
 20
112.0
 30
0.0
 70
0
  0
VERTEX
  5
267
  8
CUT
 10
1690.8036
 20
112.7686
 30
0.0
 70
0
  0
VERTEX
  5
268
  8
CUT
 10
1698.3073
 20
115.0448
 30
0.0
 70
0
  0
VERTEX
  5
269
  8
CUT
 10
1705.2228
 20
118.7412
 30
0.0
 70
0
  0
VERTEX
  5
26A
  8
CUT
 10
1711.2843
 20
123.7157
 30
0.0
 70
0
  0
VERTEX
  5
26B
  8
CUT
 10
1716.2588
 20
129.7772
 30
0.0
 70
0
  0
VERTEX
  5
26C
  8
CUT
 10
1719.9552
 20
136.6927
 30
0.0
 70
0
  0
VERTEX
  5
26D
  8
CUT
 10
1722.2314
 20
144.19639999999998
 30
0.0
 70
0
  0
VERTEX
  5
26E
  8
CUT
 10
1723.0
 20
277.0
 30
0.0
 70
0
  0
VERTEX
  5
26F
  8
CUT
 10
1722.2314
 20
284.8036
 30
0.0
 70
0
  0
VERTEX
  5
270
  8
CUT
 10
1719.9552
 20
292.3073
 30
0.0
 70
0
  0
VERTEX
  5
271
  8
CUT
 10
1716.2588
 20
299.2228
 30
0.0
 70
0
  0
VERTEX
  5
272
  8
CUT
 10
1711.2843
 20
305.2843
 30
0.0
 70
0
  0
VERTEX
  5
273
  8
CUT
 10
1705.2228
 20
310.2588
 30
0.0
 70
0
  0
VERTEX
  5
274
  8
CUT
 10
1698.3073
 20
313.9552
 30
0.0
 70
0
  0
VERTEX
  5
275
  8
CUT
 10
1690.8036
 20
316.2314
 30
0.0
 70
0
  0
VERTEX
  5
276
  8
CUT
 10
1453.0
 20
317.0
 30
0.0
 70
0
  0
VERTEX
  5
277
  8
CUT
 10
1445.1964
 20
316.2314
 30
0.0
 70
0
  0
VERTEX
  5
278
  8
CUT
 10
1437.6927
 20
313.9552
 30
0.0
 70
0
  0
VERTEX
  5
279
  8
CUT
 10
1430.7772
 20
310.2588
 30
0.0
 70
0
  0
VERTEX
  5
27A
  8
CUT
 10
1424.7157
 20
305.2843
 30
0.0
 70
0
  0
VERTEX
  5
27B
  8
CUT
 10
1419.7412
 20
299.2228
 30
0.0
 70
0
  0
VERTEX
  5
27C
  8
CUT
 10
1416.0448000000001
 20
292.3073
 30
0.0
 70
0
  0
VERTEX
  5
27D
  8
CUT
 10
1413.7685999999999
 20
284.8036
 30
0.0
 70
0
  0
VERTEX
  5
27E
  8
CUT
 10
1413.0
 20
152.0
 30
0.0
 70
0
  0
VERTEX
  5
27F
  8
CUT
 10
1413.7685999999999
 20
144.19639999999998
 30
0.0
 70
0
  0
VERTEX
  5
280
  8
CUT
 10
1416.0448000000001
 20
136.6927
 30
0.0
 70
0
  0
VERTEX
  5
281
  8
CUT
 10
1419.7412
 20
129.7772
 30
0.0
 70
0
  0
VERTEX
  5
282
  8
CUT
 10
1424.7157
 20
123.7157
 30
0.0
 70
0
  0
VERTEX
  5
283
  8
CUT
 10
1430.7772
 20
118.7412
 30
0.0
 70
0
  0
VERTEX
  5
284
  8
CUT
 10
1437.6927
 20
115.0448
 30
0.0
 70
0
  0
VERTEX
  5
285
  8
CUT
 10
1445.1964
 20
112.7686
 30
0.0
 70
0
  0
SEQEND
  5
265
  8
CUT
  0
POLYLINE
  5
286
  8
CUT
 66
1
 10
0.0
 20
0.0
 30
0.0
 70
1
  0
VERTEX
  5
288
  8
CUT
 10
1243.0
 20
417.0
 30
0.0
 70
0
  0
VERTEX
  5
289
  8
CUT
 10
1250.8036
 20
417.7686
 30
0.0
 70
0
  0
VERTEX
  5
28A
  8
CUT
 10
1258.3073
 20
420.0448
 30
0.0
 70
0
  0
VERTEX
  5
28B
  8
CUT
 10
1265.2228
 20
423.7412
 30
0.0
 70
0
  0
VERTEX
  5
28C
  8
CUT
 10
1271.2843
 20
428.7157
 30
0.0
 70
0
  0
VERTEX
  5
28D
  8
CUT
 10
1276.2588
 20
434.7772
 30
0.0
 70
0
  0
VERTEX
  5
28E
  8
CUT
 10
1279.9551999999999
 20
441.6927
 30
0.0
 70
0
  0
VERTEX
  5
28F
  8
CUT
 10
1282.2314000000001
 20
449.1964
 30
0.0
 70
0
  0
VERTEX
  5
290
  8
CUT
 10
1283.0
 20
537.0
 30
0.0
 70
0
  0
VERTEX
  5
291
  8
CUT
 10
1282.2314000000001
 20
544.8036
 30
0.0
 70
0
  0
VERTEX
  5
292
  8
CUT
 10
1279.9551999999999
 20
552.3073
 30
0.0
 70
0
  0
VERTEX
  5
293
  8
CUT
 10
1276.2588
 20
559.2228
 30
0.0
 70
0
  0
VERTEX
  5
294
  8
CUT
 10
1271.2843
 20
565.2843
 30
0.0
 70
0
  0
VERTEX
  5
295
  8
CUT
 10
1265.2228
 20
570.2588
 30
0.0
 70
0
  0
VERTEX
  5
296
  8
CUT
 10
1258.3073
 20
573.9552
 30
0.0
 70
0
  0
VERTEX
  5
297
  8
CUT
 10
1250.8036
 20
576.2314
 30
0.0
 70
0
  0
VERTEX
  5
298
  8
CUT
 10
1023.0
 20
577.0
 30
0.0
 70
0
  0
VERTEX
  5
299
  8
CUT
 10
1015.1964
 20
576.2314
 30
0.0
 70
0
  0
VERTEX
  5
29A
  8
CUT
 10
1007.6927000000001
 20
573.9552
 30
0.0
 70
0
  0
VERTEX
  5
29B
  8
CUT
 10
1000.7772
 20
570.2588
 30
0.0
 70
0
  0
VERTEX
  5
29C
  8
CUT
 10
994.7157
 20
565.2843
 30
0.0
 70
0
  0
VERTEX
  5
29D
  8
CUT
 10
989.7411999999999
 20
559.2228
 30
0.0
 70
0
  0
VERTEX
  5
29E
  8
CUT
 10
986.0448
 20
552.3073
 30
0.0
 70
0
  0
VERTEX
  5
29F
  8
CUT
 10
983.7686
 20
544.8036
 30
0.0
 70
0
  0
VERTEX
  5
2A0
  8
CUT
 10
983.0
 20
457.0
 30
0.0
 70
0
  0
VERTEX
  5
2A1
  8
CUT
 10
983.7686
 20
449.1964
 30
0.0
 70
0
  0
VERTEX
  5
2A2
  8
CUT
 10
986.0448
 20
441.6927
 30
0.0
 70
0
  0
VERTEX
  5
2A3
  8
CUT
 10
989.7411999999999
 20
434.7772
 30
0.0
 70
0
  0
VERTEX
  5
2A4
  8
CUT
 10
994.7157
 20
428.7157
 30
0.0
 70
0
  0
VERTEX
  5
2A5
  8
CUT
 10
1000.7772
 20
423.7412
 30
0.0
 70
0
  0
VERTEX
  5
2A6
  8
CUT
 10
1007.6927000000001
 20
420.0448
 30
0.0
 70
0
  0
VERTEX
  5
2A7
  8
CUT
 10
1015.1964
 20
417.7686
 30
0.0
 70
0
  0
SEQEND
  5
287
  8
CUT
  0
POLYLINE
  5
2A8
  8
CUT
 66
1
 10
0.0
 20
0.0
 30
0.0
 70
1
  0
VERTEX
  5
2AA
  8
CUT
 10
1683.0
 20
417.0
 30
0.0
 70
0
  0
VERTEX
  5
2AB
  8
CUT
 10
1690.8036
 20
417.7686
 30
0.0
 70
0
  0
VERTEX
  5
2AC
  8
CUT
 10
1698.3073
 20
420.0448
 30
0.0
 70
0
  0
VERTEX
  5
2AD
  8
CUT
 10
1705.2228
 20
423.7412
 30
0.0
 70
0
  0
VERTEX
  5
2AE
  8
CUT
 10
1711.2843
 20
428.7157
 30
0.0
 70
0
  0
VERTEX
  5
2AF
  8
CUT
 10
1716.2588
 20
434.7772
 30
0.0
 70
0
  0
VERTEX
  5
2B0
  8
CUT
 10
1719.9552
 20
441.6927
 30
0.0
 70
0
  0
VERTEX
  5
2B1
  8
CUT
 10
1722.2314
 20
449.1964
 30
0.0
 70
0
  0
VERTEX
  5
2B2
  8
CUT
 10
1723.0
 20
537.0
 30
0.0
 70
0
  0
VERTEX
  5
2B3
  8
CUT
 10
1722.2314
 20
544.8036
 30
0.0
 70
0
  0
VERTEX
  5
2B4
  8
CUT
 10
1719.9552
 20
552.3073
 30
0.0
 70
0
  0
VERTEX
  5
2B5
  8
CUT
 10
1716.2588
 20
559.2228
 30
0.0
 70
0
  0
VERTEX
  5
2B6
  8
CUT
 10
1711.2843
 20
565.2843
 30
0.0
 70
0
  0
VERTEX
  5
2B7
  8
CUT
 10
1705.2228
 20
570.2588
 30
0.0
 70
0
  0
VERTEX
  5
2B8
  8
CUT
 10
1698.3073
 20
573.9552
 30
0.0
 70
0
  0
VERTEX
  5
2B9
  8
CUT
 10
1690.8036
 20
576.2314
 30
0.0
 70
0
  0
VERTEX
  5
2BA
  8
CUT
 10
1453.0
 20
577.0
 30
0.0
 70
0
  0
VERTEX
  5
2BB
  8
CUT
 10
1445.1964
 20
576.2314
 30
0.0
 70
0
  0
VERTEX
  5
2BC
  8
CUT
 10
1437.6927
 20
573.9552
 30
0.0
 70
0
  0
VERTEX
  5
2BD
  8
CUT
 10
1430.7772
 20
570.2588
 30
0.0
 70
0
  0
VERTEX
  5
2BE
  8
CUT
 10
1424.7157
 20
565.2843
 30
0.0
 70
0
  0
VERTEX
  5
2BF
  8
CUT
 10
1419.7412
 20
559.2228
 30
0.0
 70
0
  0
VERTEX
  5
2C0
  8
CUT
 10
1416.0448000000001
 20
552.3073
 30
0.0
 70
0
  0
VERTEX
  5
2C1
  8
CUT
 10
1413.7685999999999
 20
544.8036
 30
0.0
 70
0
  0
VERTEX
  5
2C2
  8
CUT
 10
1413.0
 20
457.0
 30
0.0
 70
0
  0
VERTEX
  5
2C3
  8
CUT
 10
1413.7685999999999
 20
449.1964
 30
0.0
 70
0
  0
VERTEX
  5
2C4
  8
CUT
 10
1416.0448000000001
 20
441.6927
 30
0.0
 70
0
  0
VERTEX
  5
2C5
  8
CUT
 10
1419.7412
 20
434.7772
 30
0.0
 70
0
  0
VERTEX
  5
2C6
  8
CUT
 10
1424.7157
 20
428.7157
 30
0.0
 70
0
  0
VERTEX
  5
2C7
  8
CUT
 10
1430.7772
 20
423.7412
 30
0.0
 70
0
  0
VERTEX
  5
2C8
  8
CUT
 10
1437.6927
 20
420.0448
 30
0.0
 70
0
  0
VERTEX
  5
2C9
  8
CUT
 10
1445.1964
 20
417.7686
 30
0.0
 70
0
  0
SEQEND
  5
2A9
  8
CUT
  0
POLYLINE
  5
2CA
  8
CUT
 66
1
 10
0.0
 20
0.0
 30
0.0
 70
1
  0
VERTEX
  5
2CC
  8
CUT
 10
17.0
 20
837.0
 30
0.0
 70
0
  0
VERTEX
  5
2CD
  8
CUT
 10
31.80000000000001
 20
837.0
 30
0.0
 70
0
  0
VERTEX
  5
2CE
  8
CUT
 10
31.8731300288923
 20
837.6802089265695
 30
0.0
 70
0
  0
VERTEX
  5
2CF
  8
CUT
 10
32.089177614865555
 20
838.329328041606
 30
0.0
 70
0
  0
VERTEX
  5
2D0
  8
CUT
 10
32.438268029042064
 20
838.9176885328363
 30
0.0
 70
0
  0
VERTEX
  5
2D1
  8
CUT
 10
32.904445651375106
 20
839.4183986379336
 30
0.0
 70
0
  0
VERTEX
  5
2D2
  8
CUT
 10
33.466403242495836
 20
839.8085727666153
 30
0.0
 70
0
  0
VERTEX
  5
2D3
  8
CUT
 10
34.098455818107446
 20
840.0703775155664
 30
0.0
 70
0
  0
VERTEX
  5
2D4
  8
CUT
 10
34.771714613762484
 20
840.1918467667529
 30
0.0
 70
0
  0
VERTEX
  5
2D5
  8
CUT
 10
35.45540748247454
 20
840.167428614019
 30
0.0
 70
0
  0
VERTEX
  5
2D6
  8
CUT
 10
36.118285374717146
 20
839.9982391199992
 30
0.0
 70
0
  0
VERTEX
  5
2D7
  8
CUT
 10
36.73005061585795
 20
839.6920113050599
 30
0.0
 70
0
  0
VERTEX
  5
2D8
  8
CUT
 10
37.26274169979699
 20
839.262741699797
 30
0.0
 70
0
  0
VERTEX
  5
2D9
  8
CUT
 10
37.69201130505982
 20
838.730050615858
 30
0.0
 70
0
  0
VERTEX
  5
2DA
  8
CUT
 10
37.99823911999928
 20
838.1182853747172
 30
0.0
 70
0
  0
VERTEX
  5
2DB
  8
CUT
 10
38.16742861401903
 20
837.4554074824745
 30
0.0
 70
0
  0
VERTEX
  5
2DC
  8
CUT
 10
38.19184676675285
 20
836.7717146137625
 30
0.0
 70
0
  0
VERTEX
  5
2DD
  8
CUT
 10
38.070377515566435
 20
836.0984558181074
 30
0.0
 70
0
  0
VERTEX
  5
2DE
  8
CUT
 10
37.808572766615264
 20
835.4664032424959
 30
0.0
 70
0
  0
VERTEX
  5
2DF
  8
CUT
 10
37.41839863793367
 20
834.9044456513751
 30
0.0
 70
0
  0
VERTEX
  5
2E0
  8
CUT
 10
36.91768853283635
 20
834.438268029042
 30
0.0
 70
0
  0
VERTEX
  5
2E1
  8
CUT
 10
36.329328041606075
 20
834.0891776148655
 30
0.0
 70
0
  0
VERTEX
  5
2E2
  8
CUT
 10
35.680208926569556
 20
833.8731300288923
 30
0.0
 70
0
  0
VERTEX
  5
2E3
  8
CUT
 10
35.0
 20
833.8
 30
0.0
 70
0
  0
VERTEX
  5
2E4
  8
CUT
 10
35.0
 20
750.2
 30
0.0
 70
0
  0
VERTEX
  5
2E5
  8
CUT
 10
35.68020892656953
 20
750.1268699711077
 30
0.0
 70
0
  0
VERTEX
  5
2E6
  8
CUT
 10
36.32932804160605
 20
749.9108223851345
 30
0.0
 70
0
  0
VERTEX
  5
2E7
  8
CUT
 10
36.91768853283632
 20
749.561731970958
 30
0.0
 70
0
  0
VERTEX
  5
2E8
  8
CUT
 10
37.41839863793365
 20
749.095554348625
 30
0.0
 70
0
  0
VERTEX
  5
2E9
  8
CUT
 10
37.80857276661525
 20
748.5335967575043
 30
0.0
 70
0
  0
VERTEX
  5
2EA
  8
CUT
 10
38.07037751556643
 20
747.9015441818926
 30
0.0
 70
0
  0
VERTEX
  5
2EB
  8
CUT
 10
38.19184676675285
 20
747.2282853862375
 30
0.0
 70
0
  0
VERTEX
  5
2EC
  8
CUT
 10
38.16742861401903
 20
746.5445925175255
 30
0.0
 70
0
  0
VERTEX
  5
2ED
  8
CUT
 10
37.99823911999929
 20
745.8817146252829
 30
0.0
 70
0
  0
VERTEX
  5
2EE
  8
CUT
 10
37.692011305059836
 20
745.2699493841421
 30
0.0
 70
0
  0
VERTEX
  5
2EF
  8
CUT
 10
37.26274169979701
 20
744.737258300203
 30
0.0
 70
0
  0
VERTEX
  5
2F0
  8
CUT
 10
36.73005061585798
 20
744.3079886949403
 30
0.0
 70
0
  0
VERTEX
  5
2F1
  8
CUT
 10
36.118285374717175
 20
744.0017608800008
 30
0.0
 70
0
  0
VERTEX
  5
2F2
  8
CUT
 10
35.45540748247457
 20
743.832571385981
 30
0.0
 70
0
  0
VERTEX
  5
2F3
  8
CUT
 10
34.77171461376251
 20
743.8081532332471
 30
0.0
 70
0
  0
VERTEX
  5
2F4
  8
CUT
 10
34.098455818107475
 20
743.9296224844336
 30
0.0
 70
0
  0
VERTEX
  5
2F5
  8
CUT
 10
33.466403242495865
 20
744.1914272333847
 30
0.0
 70
0
  0
VERTEX
  5
2F6
  8
CUT
 10
32.90444565137513
 20
744.5816013620663
 30
0.0
 70
0
  0
VERTEX
  5
2F7
  8
CUT
 10
32.43826802904208
 20
745.0823114671637
 30
0.0
 70
0
  0
VERTEX
  5
2F8
  8
CUT
 10
32.08917761486557
 20
745.6706719583939
 30
0.0
 70
0
  0
VERTEX
  5
2F9
  8
CUT
 10
31.87313002889231
 20
746.3197910734305
 30
0.0
 70
0
  0
VERTEX
  5
2FA
  8
CUT
 10
31.80000000000001
 20
747.0
 30
0.0
 70
0
  0
VERTEX
  5
2FB
  8
CUT
 10
17.0
 20
747.0
 30
0.0
 70
0
  0
VERTEX
  5
2FC
  8
CUT
 10
17.0
 20
707.0
 30
0.0
 70
0
  0
VERTEX
  5
2FD
  8
CUT
 10
31.80000000000001
 20
707.0
 30
0.0
 70
0
  0
VERTEX
  5
2FE
  8
CUT
 10
31.8731300288923
 20
707.6802089265695
 30
0.0
 70
0
  0
VERTEX
  5
2FF
  8
CUT
 10
32.089177614865555
 20
708.329328041606
 30
0.0
 70
0
  0
VERTEX
  5
300
  8
CUT
 10
32.438268029042064
 20
708.9176885328363
 30
0.0
 70
0
  0
VERTEX
  5
301
  8
CUT
 10
32.904445651375106
 20
709.4183986379336
 30
0.0
 70
0
  0
VERTEX
  5
302
  8
CUT
 10
33.466403242495836
 20
709.8085727666153
 30
0.0
 70
0
  0
VERTEX
  5
303
  8
CUT
 10
34.098455818107446
 20
710.0703775155664
 30
0.0
 70
0
  0
VERTEX
  5
304
  8
CUT
 10
34.771714613762484
 20
710.1918467667529
 30
0.0
 70
0
  0
VERTEX
  5
305
  8
CUT
 10
35.45540748247454
 20
710.167428614019
 30
0.0
 70
0
  0
VERTEX
  5
306
  8
CUT
 10
36.118285374717146
 20
709.9982391199992
 30
0.0
 70
0
  0
VERTEX
  5
307
  8
CUT
 10
36.73005061585795
 20
709.6920113050599
 30
0.0
 70
0
  0
VERTEX
  5
308
  8
CUT
 10
37.26274169979699
 20
709.262741699797
 30
0.0
 70
0
  0
VERTEX
  5
309
  8
CUT
 10
37.69201130505982
 20
708.730050615858
 30
0.0
 70
0
  0
VERTEX
  5
30A
  8
CUT
 10
37.99823911999928
 20
708.1182853747172
 30
0.0
 70
0
  0
VERTEX
  5
30B
  8
CUT
 10
38.16742861401903
 20
707.4554074824745
 30
0.0
 70
0
  0
VERTEX
  5
30C
  8
CUT
 10
38.19184676675285
 20
706.7717146137625
 30
0.0
 70
0
  0
VERTEX
  5
30D
  8
CUT
 10
38.070377515566435
 20
706.0984558181074
 30
0.0
 70
0
  0
VERTEX
  5
30E
  8
CUT
 10
37.808572766615264
 20
705.4664032424959
 30
0.0
 70
0
  0
VERTEX
  5
30F
  8
CUT
 10
37.41839863793367
 20
704.9044456513751
 30
0.0
 70
0
  0
VERTEX
  5
310
  8
CUT
 10
36.91768853283635
 20
704.438268029042
 30
0.0
 70
0
  0
VERTEX
  5
311
  8
CUT
 10
36.329328041606075
 20
704.0891776148655
 30
0.0
 70
0
  0
VERTEX
  5
312
  8
CUT
 10
35.680208926569556
 20
703.8731300288923
 30
0.0
 70
0
  0
VERTEX
  5
313
  8
CUT
 10
35.0
 20
703.8
 30
0.0
 70
0
  0
VERTEX
  5
314
  8
CUT
 10
35.0
 20
657.0
 30
0.0
 70
0
  0
VERTEX
  5
315
  8
CUT
 10
461.0
 20
657.0
 30
0.0
 70
0
  0
VERTEX
  5
316
  8
CUT
 10
461.0
 20
784.8
 30
0.0
 70
0
  0
VERTEX
  5
317
  8
CUT
 10
460.31979107343045
 20
784.8731300288922
 30
0.0
 70
0
  0
VERTEX
  5
318
  8
CUT
 10
459.67067195839394
 20
785.0891776148655
 30
0.0
 70
0
  0
VERTEX
  5
319
  8
CUT
 10
459.08231146716366
 20
785.438268029042
 30
0.0
 70
0
  0
VERTEX
  5
31A
  8
CUT
 10
458.58160136206635
 20
785.9044456513751
 30
0.0
 70
0
  0
VERTEX
  5
31B
  8
CUT
 10
458.19142723338473
 20
786.4664032424957
 30
0.0
 70
0
  0
VERTEX
  5
31C
  8
CUT
 10
457.9296224844336
 20
787.0984558181074
 30
0.0
 70
0
  0
VERTEX
  5
31D
  8
CUT
 10
457.80815323324714
 20
787.7717146137625
 30
0.0
 70
0
  0
VERTEX
  5
31E
  8
CUT
 10
457.832571385981
 20
788.4554074824745
 30
0.0
 70
0
  0
VERTEX
  5
31F
  8
CUT
 10
458.00176088000075
 20
789.1182853747172
 30
0.0
 70
0
  0
VERTEX
  5
320
  8
CUT
 10
458.3079886949402
 20
789.730050615858
 30
0.0
 70
0
  0
VERTEX
  5
321
  8
CUT
 10
458.737258300203
 20
790.262741699797
 30
0.0
 70
0
  0
VERTEX
  5
322
  8
CUT
 10
459.2699493841421
 20
790.6920113050599
 30
0.0
 70
0
  0
VERTEX
  5
323
  8
CUT
 10
459.8817146252829
 20
790.9982391199993
 30
0.0
 70
0
  0
VERTEX
  5
324
  8
CUT
 10
460.5445925175255
 20
791.1674286140191
 30
0.0
 70
0
  0
VERTEX
  5
325
  8
CUT
 10
461.22828538623753
 20
791.1918467667529
 30
0.0
 70
0
  0
VERTEX
  5
326
  8
CUT
 10
461.9015441818926
 20
791.0703775155664
 30
0.0
 70
0
  0
VERTEX
  5
327
  8
CUT
 10
462.5335967575042
 20
790.8085727666153
 30
0.0
 70
0
  0
VERTEX
  5
328
  8
CUT
 10
463.09555434862494
 20
790.4183986379337
 30
0.0
 70
0
  0
VERTEX
  5
329
  8
CUT
 10
463.56173197095796
 20
789.9176885328363
 30
0.0
 70
0
  0
VERTEX
  5
32A
  8
CUT
 10
463.9108223851345
 20
789.329328041606
 30
0.0
 70
0
  0
VERTEX
  5
32B
  8
CUT
 10
464.12686997110774
 20
788.6802089265695
 30
0.0
 70
0
  0
VERTEX
  5
32C
  8
CUT
 10
464.20000000000005
 20
788.0
 30
0.0
 70
0
  0
VERTEX
  5
32D
  8
CUT
 10
476.79999999999995
 20
788.0
 30
0.0
 70
0
  0
VERTEX
  5
32E
  8
CUT
 10
476.87313002889226
 20
788.6802089265695
 30
0.0
 70
0
  0
VERTEX
  5
32F
  8
CUT
 10
477.0891776148655
 20
789.329328041606
 30
0.0
 70
0
  0
VERTEX
  5
330
  8
CUT
 10
477.43826802904204
 20
789.9176885328363
 30
0.0
 70
0
  0
VERTEX
  5
331
  8
CUT
 10
477.90444565137506
 20
790.4183986379337
 30
0.0
 70
0
  0
VERTEX
  5
332
  8
CUT
 10
478.4664032424958
 20
790.8085727666153
 30
0.0
 70
0
  0
VERTEX
  5
333
  8
CUT
 10
479.0984558181074
 20
791.0703775155664
 30
0.0
 70
0
  0
VERTEX
  5
334
  8
CUT
 10
479.77171461376247
 20
791.1918467667529
 30
0.0
 70
0
  0
VERTEX
  5
335
  8
CUT
 10
480.4554074824745
 20
791.1674286140191
 30
0.0
 70
0
  0
VERTEX
  5
336
  8
CUT
 10
481.1182853747171
 20
790.9982391199993
 30
0.0
 70
0
  0
VERTEX
  5
337
  8
CUT
 10
481.7300506158579
 20
790.6920113050599
 30
0.0
 70
0
  0
VERTEX
  5
338
  8
CUT
 10
482.262741699797
 20
790.262741699797
 30
0.0
 70
0
  0
VERTEX
  5
339
  8
CUT
 10
482.6920113050598
 20
789.730050615858
 30
0.0
 70
0
  0
VERTEX
  5
33A
  8
CUT
 10
482.99823911999925
 20
789.1182853747172
 30
0.0
 70
0
  0
VERTEX
  5
33B
  8
CUT
 10
483.167428614019
 20
788.4554074824745
 30
0.0
 70
0
  0
VERTEX
  5
33C
  8
CUT
 10
483.19184676675286
 20
787.7717146137625
 30
0.0
 70
0
  0
VERTEX
  5
33D
  8
CUT
 10
483.07037751556646
 20
787.0984558181074
 30
0.0
 70
0
  0
VERTEX
  5
33E
  8
CUT
 10
482.80857276661527
 20
786.4664032424957
 30
0.0
 70
0
  0
VERTEX
  5
33F
  8
CUT
 10
482.41839863793365
 20
785.9044456513751
 30
0.0
 70
0
  0
VERTEX
  5
340
  8
CUT
 10
481.91768853283634
 20
785.438268029042
 30
0.0
 70
0
  0
VERTEX
  5
341
  8
CUT
 10
481.32932804160606
 20
785.0891776148655
 30
0.0
 70
0
  0
VERTEX
  5
342
  8
CUT
 10
480.68020892656955
 20
784.8731300288922
 30
0.0
 70
0
  0
VERTEX
  5
343
  8
CUT
 10
480.0
 20
784.8
 30
0.0
 70
0
  0
VERTEX
  5
344
  8
CUT
 10
480.0
 20
657.0
 30
0.0
 70
0
  0
VERTEX
  5
345
  8
CUT
 10
905.5
 20
657.0
 30
0.0
 70
0
  0
VERTEX
  5
346
  8
CUT
 10
905.5
 20
784.8
 30
0.0
 70
0
  0
VERTEX
  5
347
  8
CUT
 10
904.8197910734305
 20
784.8731300288922
 30
0.0
 70
0
  0
VERTEX
  5
348
  8
CUT
 10
904.170671958394
 20
785.0891776148655
 30
0.0
 70
0
  0
VERTEX
  5
349
  8
CUT
 10
903.5823114671637
 20
785.438268029042
 30
0.0
 70
0
  0
VERTEX
  5
34A
  8
CUT
 10
903.0816013620663
 20
785.9044456513751
 30
0.0
 70
0
  0
VERTEX
  5
34B
  8
CUT
 10
902.6914272333847
 20
786.4664032424957
 30
0.0
 70
0
  0
VERTEX
  5
34C
  8
CUT
 10
902.4296224844336
 20
787.0984558181074
 30
0.0
 70
0
  0
VERTEX
  5
34D
  8
CUT
 10
902.3081532332471
 20
787.7717146137625
 30
0.0
 70
0
  0
VERTEX
  5
34E
  8
CUT
 10
902.3325713859809
 20
788.4554074824745
 30
0.0
 70
0
  0
VERTEX
  5
34F
  8
CUT
 10
902.5017608800007
 20
789.1182853747172
 30
0.0
 70
0
  0
VERTEX
  5
350
  8
CUT
 10
902.8079886949401
 20
789.730050615858
 30
0.0
 70
0
  0
VERTEX
  5
351
  8
CUT
 10
903.237258300203
 20
790.262741699797
 30
0.0
 70
0
  0
VERTEX
  5
352
  8
CUT
 10
903.769949384142
 20
790.6920113050599
 30
0.0
 70
0
  0
VERTEX
  5
353
  8
CUT
 10
904.3817146252828
 20
790.9982391199993
 30
0.0
 70
0
  0
VERTEX
  5
354
  8
CUT
 10
905.0445925175255
 20
791.1674286140191
 30
0.0
 70
0
  0
VERTEX
  5
355
  8
CUT
 10
905.7282853862375
 20
791.1918467667529
 30
0.0
 70
0
  0
VERTEX
  5
356
  8
CUT
 10
906.4015441818926
 20
791.0703775155664
 30
0.0
 70
0
  0
VERTEX
  5
357
  8
CUT
 10
907.0335967575043
 20
790.8085727666153
 30
0.0
 70
0
  0
VERTEX
  5
358
  8
CUT
 10
907.5955543486249
 20
790.4183986379337
 30
0.0
 70
0
  0
VERTEX
  5
359
  8
CUT
 10
908.061731970958
 20
789.9176885328363
 30
0.0
 70
0
  0
VERTEX
  5
35A
  8
CUT
 10
908.4108223851345
 20
789.329328041606
 30
0.0
 70
0
  0
VERTEX
  5
35B
  8
CUT
 10
908.6268699711078
 20
788.6802089265695
 30
0.0
 70
0
  0
VERTEX
  5
35C
  8
CUT
 10
908.7
 20
788.0
 30
0.0
 70
0
  0
VERTEX
  5
35D
  8
CUT
 10
921.3
 20
788.0
 30
0.0
 70
0
  0
VERTEX
  5
35E
  8
CUT
 10
921.3731300288922
 20
788.6802089265695
 30
0.0
 70
0
  0
VERTEX
  5
35F
  8
CUT
 10
921.5891776148655
 20
789.329328041606
 30
0.0
 70
0
  0
VERTEX
  5
360
  8
CUT
 10
921.938268029042
 20
789.9176885328363
 30
0.0
 70
0
  0
VERTEX
  5
361
  8
CUT
 10
922.4044456513751
 20
790.4183986379337
 30
0.0
 70
0
  0
VERTEX
  5
362
  8
CUT
 10
922.9664032424957
 20
790.8085727666153
 30
0.0
 70
0
  0
VERTEX
  5
363
  8
CUT
 10
923.5984558181074
 20
791.0703775155664
 30
0.0
 70
0
  0
VERTEX
  5
364
  8
CUT
 10
924.2717146137625
 20
791.1918467667529
 30
0.0
 70
0
  0
VERTEX
  5
365
  8
CUT
 10
924.9554074824745
 20
791.1674286140191
 30
0.0
 70
0
  0
VERTEX
  5
366
  8
CUT
 10
925.6182853747172
 20
790.9982391199993
 30
0.0
 70
0
  0
VERTEX
  5
367
  8
CUT
 10
926.230050615858
 20
790.6920113050599
 30
0.0
 70
0
  0
VERTEX
  5
368
  8
CUT
 10
926.762741699797
 20
790.262741699797
 30
0.0
 70
0
  0
VERTEX
  5
369
  8
CUT
 10
927.1920113050599
 20
789.730050615858
 30
0.0
 70
0
  0
VERTEX
  5
36A
  8
CUT
 10
927.4982391199993
 20
789.1182853747172
 30
0.0
 70
0
  0
VERTEX
  5
36B
  8
CUT
 10
927.6674286140191
 20
788.4554074824745
 30
0.0
 70
0
  0
VERTEX
  5
36C
  8
CUT
 10
927.6918467667529
 20
787.7717146137625
 30
0.0
 70
0
  0
VERTEX
  5
36D
  8
CUT
 10
927.5703775155664
 20
787.0984558181074
 30
0.0
 70
0
  0
VERTEX
  5
36E
  8
CUT
 10
927.3085727666153
 20
786.4664032424957
 30
0.0
 70
0
  0
VERTEX
  5
36F
  8
CUT
 10
926.9183986379337
 20
785.9044456513751
 30
0.0
 70
0
  0
VERTEX
  5
370
  8
CUT
 10
926.4176885328363
 20
785.438268029042
 30
0.0
 70
0
  0
VERTEX
  5
371
  8
CUT
 10
925.829328041606
 20
785.0891776148655
 30
0.0
 70
0
  0
VERTEX
  5
372
  8
CUT
 10
925.1802089265695
 20
784.8731300288922
 30
0.0
 70
0
  0
VERTEX
  5
373
  8
CUT
 10
924.5
 20
784.8
 30
0.0
 70
0
  0
VERTEX
  5
374
  8
CUT
 10
924.5
 20
657.0
 30
0.0
 70
0
  0
VERTEX
  5
375
  8
CUT
 10
1350.0
 20
657.0
 30
0.0
 70
0
  0
VERTEX
  5
376
  8
CUT
 10
1350.0
 20
784.8
 30
0.0
 70
0
  0
VERTEX
  5
377
  8
CUT
 10
1349.3197910734305
 20
784.8731300288922
 30
0.0
 70
0
  0
VERTEX
  5
378
  8
CUT
 10
1348.670671958394
 20
785.0891776148655
 30
0.0
 70
0
  0
VERTEX
  5
379
  8
CUT
 10
1348.0823114671637
 20
785.438268029042
 30
0.0
 70
0
  0
VERTEX
  5
37A
  8
CUT
 10
1347.5816013620663
 20
785.9044456513751
 30
0.0
 70
0
  0
VERTEX
  5
37B
  8
CUT
 10
1347.1914272333847
 20
786.4664032424957
 30
0.0
 70
0
  0
VERTEX
  5
37C
  8
CUT
 10
1346.9296224844336
 20
787.0984558181074
 30
0.0
 70
0
  0
VERTEX
  5
37D
  8
CUT
 10
1346.8081532332471
 20
787.7717146137625
 30
0.0
 70
0
  0
VERTEX
  5
37E
  8
CUT
 10
1346.832571385981
 20
788.4554074824745
 30
0.0
 70
0
  0
VERTEX
  5
37F
  8
CUT
 10
1347.0017608800008
 20
789.1182853747172
 30
0.0
 70
0
  0
VERTEX
  5
380
  8
CUT
 10
1347.3079886949401
 20
789.730050615858
 30
0.0
 70
0
  0
VERTEX
  5
381
  8
CUT
 10
1347.737258300203
 20
790.262741699797
 30
0.0
 70
0
  0
VERTEX
  5
382
  8
CUT
 10
1348.2699493841421
 20
790.6920113050599
 30
0.0
 70
0
  0
VERTEX
  5
383
  8
CUT
 10
1348.881714625283
 20
790.9982391199993
 30
0.0
 70
0
  0
VERTEX
  5
384
  8
CUT
 10
1349.5445925175254
 20
791.1674286140191
 30
0.0
 70
0
  0
VERTEX
  5
385
  8
CUT
 10
1350.2282853862375
 20
791.1918467667529
 30
0.0
 70
0
  0
VERTEX
  5
386
  8
CUT
 10
1350.9015441818926
 20
791.0703775155664
 30
0.0
 70
0
  0
VERTEX
  5
387
  8
CUT
 10
1351.5335967575043
 20
790.8085727666153
 30
0.0
 70
0
  0
VERTEX
  5
388
  8
CUT
 10
1352.095554348625
 20
790.4183986379337
 30
0.0
 70
0
  0
VERTEX
  5
389
  8
CUT
 10
1352.561731970958
 20
789.9176885328363
 30
0.0
 70
0
  0
VERTEX
  5
38A
  8
CUT
 10
1352.9108223851345
 20
789.329328041606
 30
0.0
 70
0
  0
VERTEX
  5
38B
  8
CUT
 10
1353.1268699711077
 20
788.6802089265695
 30
0.0
 70
0
  0
VERTEX
  5
38C
  8
CUT
 10
1353.2
 20
788.0
 30
0.0
 70
0
  0
VERTEX
  5
38D
  8
CUT
 10
1365.8
 20
788.0
 30
0.0
 70
0
  0
VERTEX
  5
38E
  8
CUT
 10
1365.8731300288923
 20
788.6802089265695
 30
0.0
 70
0
  0
VERTEX
  5
38F
  8
CUT
 10
1366.0891776148655
 20
789.329328041606
 30
0.0
 70
0
  0
VERTEX
  5
390
  8
CUT
 10
1366.438268029042
 20
789.9176885328363
 30
0.0
 70
0
  0
VERTEX
  5
391
  8
CUT
 10
1366.904445651375
 20
790.4183986379337
 30
0.0
 70
0
  0
VERTEX
  5
392
  8
CUT
 10
1367.4664032424957
 20
790.8085727666153
 30
0.0
 70
0
  0
VERTEX
  5
393
  8
CUT
 10
1368.0984558181074
 20
791.0703775155664
 30
0.0
 70
0
  0
VERTEX
  5
394
  8
CUT
 10
1368.7717146137625
 20
791.1918467667529
 30
0.0
 70
0
  0
VERTEX
  5
395
  8
CUT
 10
1369.4554074824746
 20
791.1674286140191
 30
0.0
 70
0
  0
VERTEX
  5
396
  8
CUT
 10
1370.118285374717
 20
790.9982391199993
 30
0.0
 70
0
  0
VERTEX
  5
397
  8
CUT
 10
1370.7300506158579
 20
790.6920113050599
 30
0.0
 70
0
  0
VERTEX
  5
398
  8
CUT
 10
1371.262741699797
 20
790.262741699797
 30
0.0
 70
0
  0
VERTEX
  5
399
  8
CUT
 10
1371.6920113050599
 20
789.730050615858
 30
0.0
 70
0
  0
VERTEX
  5
39A
  8
CUT
 10
1371.9982391199992
 20
789.1182853747172
 30
0.0
 70
0
  0
VERTEX
  5
39B
  8
CUT
 10
1372.167428614019
 20
788.4554074824745
 30
0.0
 70
0
  0
VERTEX
  5
39C
  8
CUT
 10
1372.1918467667529
 20
787.7717146137625
 30
0.0
 70
0
  0
VERTEX
  5
39D
  8
CUT
 10
1372.0703775155664
 20
787.0984558181074
 30
0.0
 70
0
  0
VERTEX
  5
39E
  8
CUT
 10
1371.8085727666153
 20
786.4664032424957
 30
0.0
 70
0
  0
VERTEX
  5
39F
  8
CUT
 10
1371.4183986379337
 20
785.9044456513751
 30
0.0
 70
0
  0
VERTEX
  5
3A0
  8
CUT
 10
1370.9176885328363
 20
785.438268029042
 30
0.0
 70
0
  0
VERTEX
  5
3A1
  8
CUT
 10
1370.329328041606
 20
785.0891776148655
 30
0.0
 70
0
  0
VERTEX
  5
3A2
  8
CUT
 10
1369.6802089265695
 20
784.8731300288922
 30
0.0
 70
0
  0
VERTEX
  5
3A3
  8
CUT
 10
1369.0
 20
784.8
 30
0.0
 70
0
  0
VERTEX
  5
3A4
  8
CUT
 10
1369.0
 20
657.0
 30
0.0
 70
0
  0
VERTEX
  5
3A5
  8
CUT
 10
1795.0
 20
657.0
 30
0.0
 70
0
  0
VERTEX
  5
3A6
  8
CUT
 10
1795.0
 20
703.8
 30
0.0
 70
0
  0
VERTEX
  5
3A7
  8
CUT
 10
1794.3197910734305
 20
703.8731300288922
 30
0.0
 70
0
  0
VERTEX
  5
3A8
  8
CUT
 10
1793.670671958394
 20
704.0891776148655
 30
0.0
 70
0
  0
VERTEX
  5
3A9
  8
CUT
 10
1793.0823114671637
 20
704.438268029042
 30
0.0
 70
0
  0
VERTEX
  5
3AA
  8
CUT
 10
1792.5816013620663
 20
704.9044456513751
 30
0.0
 70
0
  0
VERTEX
  5
3AB
  8
CUT
 10
1792.1914272333847
 20
705.4664032424957
 30
0.0
 70
0
  0
VERTEX
  5
3AC
  8
CUT
 10
1791.9296224844336
 20
706.0984558181074
 30
0.0
 70
0
  0
VERTEX
  5
3AD
  8
CUT
 10
1791.8081532332471
 20
706.7717146137625
 30
0.0
 70
0
  0
VERTEX
  5
3AE
  8
CUT
 10
1791.832571385981
 20
707.4554074824745
 30
0.0
 70
0
  0
VERTEX
  5
3AF
  8
CUT
 10
1792.0017608800008
 20
708.1182853747172
 30
0.0
 70
0
  0
VERTEX
  5
3B0
  8
CUT
 10
1792.3079886949401
 20
708.730050615858
 30
0.0
 70
0
  0
VERTEX
  5
3B1
  8
CUT
 10
1792.737258300203
 20
709.262741699797
 30
0.0
 70
0
  0
VERTEX
  5
3B2
  8
CUT
 10
1793.2699493841421
 20
709.6920113050599
 30
0.0
 70
0
  0
VERTEX
  5
3B3
  8
CUT
 10
1793.881714625283
 20
709.9982391199993
 30
0.0
 70
0
  0
VERTEX
  5
3B4
  8
CUT
 10
1794.5445925175254
 20
710.1674286140191
 30
0.0
 70
0
  0
VERTEX
  5
3B5
  8
CUT
 10
1795.2282853862375
 20
710.1918467667529
 30
0.0
 70
0
  0
VERTEX
  5
3B6
  8
CUT
 10
1795.9015441818926
 20
710.0703775155664
 30
0.0
 70
0
  0
VERTEX
  5
3B7
  8
CUT
 10
1796.5335967575043
 20
709.8085727666153
 30
0.0
 70
0
  0
VERTEX
  5
3B8
  8
CUT
 10
1797.095554348625
 20
709.4183986379337
 30
0.0
 70
0
  0
VERTEX
  5
3B9
  8
CUT
 10
1797.561731970958
 20
708.9176885328363
 30
0.0
 70
0
  0
VERTEX
  5
3BA
  8
CUT
 10
1797.9108223851345
 20
708.329328041606
 30
0.0
 70
0
  0
VERTEX
  5
3BB
  8
CUT
 10
1798.1268699711077
 20
707.6802089265695
 30
0.0
 70
0
  0
VERTEX
  5
3BC
  8
CUT
 10
1798.2
 20
707.0
 30
0.0
 70
0
  0
VERTEX
  5
3BD
  8
CUT
 10
1813.0
 20
707.0
 30
0.0
 70
0
  0
VERTEX
  5
3BE
  8
CUT
 10
1813.0
 20
747.0
 30
0.0
 70
0
  0
VERTEX
  5
3BF
  8
CUT
 10
1798.2
 20
747.0
 30
0.0
 70
0
  0
VERTEX
  5
3C0
  8
CUT
 10
1798.1268699711077
 20
746.3197910734305
 30
0.0
 70
0
  0
VERTEX
  5
3C1
  8
CUT
 10
1797.9108223851345
 20
745.670671958394
 30
0.0
 70
0
  0
VERTEX
  5
3C2
  8
CUT
 10
1797.561731970958
 20
745.0823114671637
 30
0.0
 70
0
  0
VERTEX
  5
3C3
  8
CUT
 10
1797.095554348625
 20
744.5816013620663
 30
0.0
 70
0
  0
VERTEX
  5
3C4
  8
CUT
 10
1796.5335967575043
 20
744.1914272333847
 30
0.0
 70
0
  0
VERTEX
  5
3C5
  8
CUT
 10
1795.9015441818926
 20
743.9296224844336
 30
0.0
 70
0
  0
VERTEX
  5
3C6
  8
CUT
 10
1795.2282853862375
 20
743.8081532332471
 30
0.0
 70
0
  0
VERTEX
  5
3C7
  8
CUT
 10
1794.5445925175254
 20
743.8325713859809
 30
0.0
 70
0
  0
VERTEX
  5
3C8
  8
CUT
 10
1793.881714625283
 20
744.0017608800007
 30
0.0
 70
0
  0
VERTEX
  5
3C9
  8
CUT
 10
1793.2699493841421
 20
744.3079886949401
 30
0.0
 70
0
  0
VERTEX
  5
3CA
  8
CUT
 10
1792.737258300203
 20
744.737258300203
 30
0.0
 70
0
  0
VERTEX
  5
3CB
  8
CUT
 10
1792.3079886949401
 20
745.269949384142
 30
0.0
 70
0
  0
VERTEX
  5
3CC
  8
CUT
 10
1792.0017608800008
 20
745.8817146252828
 30
0.0
 70
0
  0
VERTEX
  5
3CD
  8
CUT
 10
1791.832571385981
 20
746.5445925175255
 30
0.0
 70
0
  0
VERTEX
  5
3CE
  8
CUT
 10
1791.8081532332471
 20
747.2282853862375
 30
0.0
 70
0
  0
VERTEX
  5
3CF
  8
CUT
 10
1791.9296224844336
 20
747.9015441818926
 30
0.0
 70
0
  0
VERTEX
  5
3D0
  8
CUT
 10
1792.1914272333847
 20
748.5335967575043
 30
0.0
 70
0
  0
VERTEX
  5
3D1
  8
CUT
 10
1792.5816013620663
 20
749.0955543486249
 30
0.0
 70
0
  0
VERTEX
  5
3D2
  8
CUT
 10
1793.0823114671637
 20
749.561731970958
 30
0.0
 70
0
  0
VERTEX
  5
3D3
  8
CUT
 10
1793.670671958394
 20
749.9108223851345
 30
0.0
 70
0
  0
VERTEX
  5
3D4
  8
CUT
 10
1794.3197910734305
 20
750.1268699711078
 30
0.0
 70
0
  0
VERTEX
  5
3D5
  8
CUT
 10
1795.0
 20
750.2
 30
0.0
 70
0
  0
VERTEX
  5
3D6
  8
CUT
 10
1795.0
 20
833.8
 30
0.0
 70
0
  0
VERTEX
  5
3D7
  8
CUT
 10
1794.3197910734305
 20
833.8731300288922
 30
0.0
 70
0
  0
VERTEX
  5
3D8
  8
CUT
 10
1793.670671958394
 20
834.0891776148655
 30
0.0
 70
0
  0
VERTEX
  5
3D9
  8
CUT
 10
1793.0823114671637
 20
834.438268029042
 30
0.0
 70
0
  0
VERTEX
  5
3DA
  8
CUT
 10
1792.5816013620663
 20
834.9044456513751
 30
0.0
 70
0
  0
VERTEX
  5
3DB
  8
CUT
 10
1792.1914272333847
 20
835.4664032424957
 30
0.0
 70
0
  0
VERTEX
  5
3DC
  8
CUT
 10
1791.9296224844336
 20
836.0984558181074
 30
0.0
 70
0
  0
VERTEX
  5
3DD
  8
CUT
 10
1791.8081532332471
 20
836.7717146137625
 30
0.0
 70
0
  0
VERTEX
  5
3DE
  8
CUT
 10
1791.832571385981
 20
837.4554074824745
 30
0.0
 70
0
  0
VERTEX
  5
3DF
  8
CUT
 10
1792.0017608800008
 20
838.1182853747172
 30
0.0
 70
0
  0
VERTEX
  5
3E0
  8
CUT
 10
1792.3079886949401
 20
838.730050615858
 30
0.0
 70
0
  0
VERTEX
  5
3E1
  8
CUT
 10
1792.737258300203
 20
839.262741699797
 30
0.0
 70
0
  0
VERTEX
  5
3E2
  8
CUT
 10
1793.2699493841421
 20
839.6920113050599
 30
0.0
 70
0
  0
VERTEX
  5
3E3
  8
CUT
 10
1793.881714625283
 20
839.9982391199993
 30
0.0
 70
0
  0
VERTEX
  5
3E4
  8
CUT
 10
1794.5445925175254
 20
840.1674286140191
 30
0.0
 70
0
  0
VERTEX
  5
3E5
  8
CUT
 10
1795.2282853862375
 20
840.1918467667529
 30
0.0
 70
0
  0
VERTEX
  5
3E6
  8
CUT
 10
1795.9015441818926
 20
840.0703775155664
 30
0.0
 70
0
  0
VERTEX
  5
3E7
  8
CUT
 10
1796.5335967575043
 20
839.8085727666153
 30
0.0
 70
0
  0
VERTEX
  5
3E8
  8
CUT
 10
1797.095554348625
 20
839.4183986379337
 30
0.0
 70
0
  0
VERTEX
  5
3E9
  8
CUT
 10
1797.561731970958
 20
838.9176885328363
 30
0.0
 70
0
  0
VERTEX
  5
3EA
  8
CUT
 10
1797.9108223851345
 20
838.329328041606
 30
0.0
 70
0
  0
VERTEX
  5
3EB
  8
CUT
 10
1798.1268699711077
 20
837.6802089265695
 30
0.0
 70
0
  0
VERTEX
  5
3EC
  8
CUT
 10
1798.2
 20
837.0
 30
0.0
 70
0
  0
VERTEX
  5
3ED
  8
CUT
 10
1813.0
 20
837.0
 30
0.0
 70
0
  0
VERTEX
  5
3EE
  8
CUT
 10
1813.0
 20
877.0
 30
0.0
 70
0
  0
VERTEX
  5
3EF
  8
CUT
 10
1798.2
 20
877.0
 30
0.0
 70
0
  0
VERTEX
  5
3F0
  8
CUT
 10
1798.1268699711077
 20
876.3197910734305
 30
0.0
 70
0
  0
VERTEX
  5
3F1
  8
CUT
 10
1797.9108223851345
 20
875.670671958394
 30
0.0
 70
0
  0
VERTEX
  5
3F2
  8
CUT
 10
1797.561731970958
 20
875.0823114671637
 30
0.0
 70
0
  0
VERTEX
  5
3F3
  8
CUT
 10
1797.095554348625
 20
874.5816013620663
 30
0.0
 70
0
  0
VERTEX
  5
3F4
  8
CUT
 10
1796.5335967575043
 20
874.1914272333847
 30
0.0
 70
0
  0
VERTEX
  5
3F5
  8
CUT
 10
1795.9015441818926
 20
873.9296224844336
 30
0.0
 70
0
  0
VERTEX
  5
3F6
  8
CUT
 10
1795.2282853862375
 20
873.8081532332471
 30
0.0
 70
0
  0
VERTEX
  5
3F7
  8
CUT
 10
1794.5445925175254
 20
873.8325713859809
 30
0.0
 70
0
  0
VERTEX
  5
3F8
  8
CUT
 10
1793.881714625283
 20
874.0017608800007
 30
0.0
 70
0
  0
VERTEX
  5
3F9
  8
CUT
 10
1793.2699493841421
 20
874.3079886949401
 30
0.0
 70
0
  0
VERTEX
  5
3FA
  8
CUT
 10
1792.737258300203
 20
874.737258300203
 30
0.0
 70
0
  0
VERTEX
  5
3FB
  8
CUT
 10
1792.3079886949401
 20
875.269949384142
 30
0.0
 70
0
  0
VERTEX
  5
3FC
  8
CUT
 10
1792.0017608800008
 20
875.8817146252828
 30
0.0
 70
0
  0
VERTEX
  5
3FD
  8
CUT
 10
1791.832571385981
 20
876.5445925175255
 30
0.0
 70
0
  0
VERTEX
  5
3FE
  8
CUT
 10
1791.8081532332471
 20
877.2282853862375
 30
0.0
 70
0
  0
VERTEX
  5
3FF
  8
CUT
 10
1791.9296224844336
 20
877.9015441818926
 30
0.0
 70
0
  0
VERTEX
  5
400
  8
CUT
 10
1792.1914272333847
 20
878.5335967575043
 30
0.0
 70
0
  0
VERTEX
  5
401
  8
CUT
 10
1792.5816013620663
 20
879.0955543486249
 30
0.0
 70
0
  0
VERTEX
  5
402
  8
CUT
 10
1793.0823114671637
 20
879.561731970958
 30
0.0
 70
0
  0
VERTEX
  5
403
  8
CUT
 10
1793.670671958394
 20
879.9108223851345
 30
0.0
 70
0
  0
VERTEX
  5
404
  8
CUT
 10
1794.3197910734305
 20
880.1268699711078
 30
0.0
 70
0
  0
VERTEX
  5
405
  8
CUT
 10
1795.0
 20
880.2
 30
0.0
 70
0
  0
VERTEX
  5
406
  8
CUT
 10
1795.0
 20
919.0
 30
0.0
 70
0
  0
VERTEX
  5
407
  8
CUT
 10
35.0
 20
919.0
 30
0.0
 70
0
  0
VERTEX
  5
408
  8
CUT
 10
35.0
 20
880.2
 30
0.0
 70
0
  0
VERTEX
  5
409
  8
CUT
 10
35.68020892656953
 20
880.1268699711077
 30
0.0
 70
0
  0
VERTEX
  5
40A
  8
CUT
 10
36.32932804160605
 20
879.9108223851345
 30
0.0
 70
0
  0
VERTEX
  5
40B
  8
CUT
 10
36.91768853283632
 20
879.561731970958
 30
0.0
 70
0
  0
VERTEX
  5
40C
  8
CUT
 10
37.41839863793365
 20
879.095554348625
 30
0.0
 70
0
  0
VERTEX
  5
40D
  8
CUT
 10
37.80857276661525
 20
878.5335967575043
 30
0.0
 70
0
  0
VERTEX
  5
40E
  8
CUT
 10
38.07037751556643
 20
877.9015441818926
 30
0.0
 70
0
  0
VERTEX
  5
40F
  8
CUT
 10
38.19184676675285
 20
877.2282853862375
 30
0.0
 70
0
  0
VERTEX
  5
410
  8
CUT
 10
38.16742861401903
 20
876.5445925175255
 30
0.0
 70
0
  0
VERTEX
  5
411
  8
CUT
 10
37.99823911999929
 20
875.8817146252829
 30
0.0
 70
0
  0
VERTEX
  5
412
  8
CUT
 10
37.692011305059836
 20
875.2699493841421
 30
0.0
 70
0
  0
VERTEX
  5
413
  8
CUT
 10
37.26274169979701
 20
874.737258300203
 30
0.0
 70
0
  0
VERTEX
  5
414
  8
CUT
 10
36.73005061585798
 20
874.3079886949403
 30
0.0
 70
0
  0
VERTEX
  5
415
  8
CUT
 10
36.118285374717175
 20
874.0017608800008
 30
0.0
 70
0
  0
VERTEX
  5
416
  8
CUT
 10
35.45540748247457
 20
873.832571385981
 30
0.0
 70
0
  0
VERTEX
  5
417
  8
CUT
 10
34.77171461376251
 20
873.8081532332471
 30
0.0
 70
0
  0
VERTEX
  5
418
  8
CUT
 10
34.098455818107475
 20
873.9296224844336
 30
0.0
 70
0
  0
VERTEX
  5
419
  8
CUT
 10
33.466403242495865
 20
874.1914272333847
 30
0.0
 70
0
  0
VERTEX
  5
41A
  8
CUT
 10
32.90444565137513
 20
874.5816013620663
 30
0.0
 70
0
  0
VERTEX
  5
41B
  8
CUT
 10
32.43826802904208
 20
875.0823114671637
 30
0.0
 70
0
  0
VERTEX
  5
41C
  8
CUT
 10
32.08917761486557
 20
875.6706719583939
 30
0.0
 70
0
  0
VERTEX
  5
41D
  8
CUT
 10
31.87313002889231
 20
876.3197910734305
 30
0.0
 70
0
  0
VERTEX
  5
41E
  8
CUT
 10
31.80000000000001
 20
877.0
 30
0.0
 70
0
  0
VERTEX
  5
41F
  8
CUT
 10
17.0
 20
877.0
 30
0.0
 70
0
  0
SEQEND
  5
2CB
  8
CUT
  0
POLYLINE
  5
420
  8
CUT
 66
1
 10
0.0
 20
0.0
 30
0.0
 70
1
  0
VERTEX
  5
422
  8
CUT
 10
2289.0
 20
301.0
 30
0.0
 70
0
  0
VERTEX
  5
423
  8
CUT
 10
2289.0
 20
421.0
 30
0.0
 70
0
  0
VERTEX
  5
424
  8
CUT
 10
2252.2
 20
421.0
 30
0.0
 70
0
  0
VERTEX
  5
425
  8
CUT
 10
2252.1268699711077
 20
420.3197910734305
 30
0.0
 70
0
  0
VERTEX
  5
426
  8
CUT
 10
2251.9108223851345
 20
419.670671958394
 30
0.0
 70
0
  0
VERTEX
  5
427
  8
CUT
 10
2251.5617319709577
 20
419.0823114671638
 30
0.0
 70
0
  0
VERTEX
  5
428
  8
CUT
 10
2251.095554348625
 20
418.58160136206646
 30
0.0
 70
0
  0
VERTEX
  5
429
  8
CUT
 10
2250.5335967575043
 20
418.1914272333849
 30
0.0
 70
0
  0
VERTEX
  5
42A
  8
CUT
 10
2249.9015441818924
 20
417.92962248443376
 30
0.0
 70
0
  0
VERTEX
  5
42B
  8
CUT
 10
2249.2282853862375
 20
417.80815323324737
 30
0.0
 70
0
  0
VERTEX
  5
42C
  8
CUT
 10
2248.5445925175254
 20
417.8325713859812
 30
0.0
 70
0
  0
VERTEX
  5
42D
  8
CUT
 10
2247.8817146252827
 20
418.00176088000103
 30
0.0
 70
0
  0
VERTEX
  5
42E
  8
CUT
 10
2247.269949384142
 20
418.3079886949405
 30
0.0
 70
0
  0
VERTEX
  5
42F
  8
CUT
 10
2246.737258300203
 20
418.73725830020334
 30
0.0
 70
0
  0
VERTEX
  5
430
  8
CUT
 10
2246.3079886949404
 20
419.26994938414236
 30
0.0
 70
0
  0
VERTEX
  5
431
  8
CUT
 10
2246.001760880001
 20
419.88171462528317
 30
0.0
 70
0
  0
VERTEX
  5
432
  8
CUT
 10
2245.8325713859813
 20
420.5445925175257
 30
0.0
 70
0
  0
VERTEX
  5
433
  8
CUT
 10
2245.808153233247
 20
421.22828538623776
 30
0.0
 70
0
  0
VERTEX
  5
434
  8
CUT
 10
2245.929622484434
 20
421.90154418189275
 30
0.0
 70
0
  0
VERTEX
  5
435
  8
CUT
 10
2246.1914272333847
 20
422.53359675750437
 30
0.0
 70
0
  0
VERTEX
  5
436
  8
CUT
 10
2246.5816013620665
 20
423.09555434862506
 30
0.0
 70
0
  0
VERTEX
  5
437
  8
CUT
 10
2247.082311467164
 20
423.5617319709581
 30
0.0
 70
0
  0
VERTEX
  5
438
  8
CUT
 10
2247.670671958394
 20
423.9108223851345
 30
0.0
 70
0
  0
VERTEX
  5
439
  8
CUT
 10
2248.3197910734307
 20
424.12686997110774
 30
0.0
 70
0
  0
VERTEX
  5
43A
  8
CUT
 10
2249.0
 20
424.2
 30
0.0
 70
0
  0
VERTEX
  5
43B
  8
CUT
 10
2249.0
 20
1037.8
 30
0.0
 70
0
  0
VERTEX
  5
43C
  8
CUT
 10
2248.3197910734307
 20
1037.8731300288923
 30
0.0
 70
0
  0
VERTEX
  5
43D
  8
CUT
 10
2247.670671958394
 20
1038.0891776148655
 30
0.0
 70
0
  0
VERTEX
  5
43E
  8
CUT
 10
2247.082311467164
 20
1038.438268029042
 30
0.0
 70
0
  0
VERTEX
  5
43F
  8
CUT
 10
2246.5816013620665
 20
1038.9044456513752
 30
0.0
 70
0
  0
VERTEX
  5
440
  8
CUT
 10
2246.1914272333847
 20
1039.4664032424957
 30
0.0
 70
0
  0
VERTEX
  5
441
  8
CUT
 10
2245.929622484434
 20
1040.0984558181074
 30
0.0
 70
0
  0
VERTEX
  5
442
  8
CUT
 10
2245.808153233247
 20
1040.7717146137625
 30
0.0
 70
0
  0
VERTEX
  5
443
  8
CUT
 10
2245.8325713859813
 20
1041.4554074824746
 30
0.0
 70
0
  0
VERTEX
  5
444
  8
CUT
 10
2246.001760880001
 20
1042.118285374717
 30
0.0
 70
0
  0
VERTEX
  5
445
  8
CUT
 10
2246.3079886949404
 20
1042.7300506158579
 30
0.0
 70
0
  0
VERTEX
  5
446
  8
CUT
 10
2246.737258300203
 20
1043.2627416997968
 30
0.0
 70
0
  0
VERTEX
  5
447
  8
CUT
 10
2247.269949384142
 20
1043.6920113050596
 30
0.0
 70
0
  0
VERTEX
  5
448
  8
CUT
 10
2247.8817146252827
 20
1043.9982391199992
 30
0.0
 70
0
  0
VERTEX
  5
449
  8
CUT
 10
2248.5445925175254
 20
1044.167428614019
 30
0.0
 70
0
  0
VERTEX
  5
44A
  8
CUT
 10
2249.2282853862375
 20
1044.1918467667526
 30
0.0
 70
0
  0
VERTEX
  5
44B
  8
CUT
 10
2249.9015441818924
 20
1044.0703775155664
 30
0.0
 70
0
  0
VERTEX
  5
44C
  8
CUT
 10
2250.5335967575043
 20
1043.8085727666153
 30
0.0
 70
0
  0
VERTEX
  5
44D
  8
CUT
 10
2251.095554348625
 20
1043.4183986379335
 30
0.0
 70
0
  0
VERTEX
  5
44E
  8
CUT
 10
2251.5617319709577
 20
1042.9176885328363
 30
0.0
 70
0
  0
VERTEX
  5
44F
  8
CUT
 10
2251.9108223851345
 20
1042.329328041606
 30
0.0
 70
0
  0
VERTEX
  5
450
  8
CUT
 10
2252.1268699711077
 20
1041.6802089265695
 30
0.0
 70
0
  0
VERTEX
  5
451
  8
CUT
 10
2252.2
 20
1041.0
 30
0.0
 70
0
  0
VERTEX
  5
452
  8
CUT
 10
2289.0
 20
1041.0
 30
0.0
 70
0
  0
VERTEX
  5
453
  8
CUT
 10
2289.0
 20
1161.0
 30
0.0
 70
0
  0
VERTEX
  5
454
  8
CUT
 10
1649.0
 20
1161.0
 30
0.0
 70
0
  0
VERTEX
  5
455
  8
CUT
 10
1643.7676999999999
 20
1160.8287
 30
0.0
 70
0
  0
VERTEX
  5
456
  8
CUT
 10
1638.5579
 20
1160.3156
 30
0.0
 70
0
  0
VERTEX
  5
457
  8
CUT
 10
1633.3928
 20
1159.4628
 30
0.0
 70
0
  0
VERTEX
  5
458
  8
CUT
 10
1628.2945
 20
1158.2741
 30
0.0
 70
0
  0
VERTEX
  5
459
  8
CUT
 10
1623.2848
 20
1156.7544
 30
0.0
 70
0
  0
VERTEX
  5
45A
  8
CUT
 10
1618.3853
 20
1154.9104
 30
0.0
 70
0
  0
VERTEX
  5
45B
  8
CUT
 10
1613.6169
 20
1152.7498
 30
0.0
 70
0
  0
VERTEX
  5
45C
  8
CUT
 10
1609.0
 20
1150.2820000000002
 30
0.0
 70
0
  0
VERTEX
  5
45D
  8
CUT
 10
1604.5544
 20
1147.5176000000001
 30
0.0
 70
0
  0
VERTEX
  5
45E
  8
CUT
 10
1600.2991
 20
1144.4683
 30
0.0
 70
0
  0
VERTEX
  5
45F
  8
CUT
 10
1596.2523
 20
1141.1471999999999
 30
0.0
 70
0
  0
VERTEX
  5
460
  8
CUT
 10
1592.4315000000001
 20
1137.5684999999999
 30
0.0
 70
0
  0
VERTEX
  5
461
  8
CUT
 10
1588.8528000000001
 20
1133.7477
 30
0.0
 70
0
  0
VERTEX
  5
462
  8
CUT
 10
1585.5317
 20
1129.7009
 30
0.0
 70
0
  0
VERTEX
  5
463
  8
CUT
 10
1582.4823999999999
 20
1125.4456
 30
0.0
 70
0
  0
VERTEX
  5
464
  8
CUT
 10
1579.7179999999998
 20
1121.0
 30
0.0
 70
0
  0
VERTEX
  5
465
  8
CUT
 10
1577.2502
 20
1116.3831
 30
0.0
 70
0
  0
VERTEX
  5
466
  8
CUT
 10
1575.0896
 20
1111.6147
 30
0.0
 70
0
  0
VERTEX
  5
467
  8
CUT
 10
1573.2456
 20
1106.7152
 30
0.0
 70
0
  0
VERTEX
  5
468
  8
CUT
 10
1571.7259
 20
1101.7055
 30
0.0
 70
0
  0
VERTEX
  5
469
  8
CUT
 10
1570.5372
 20
1096.6072
 30
0.0
 70
0
  0
VERTEX
  5
46A
  8
CUT
 10
1569.6844
 20
1091.4421
 30
0.0
 70
0
  0
VERTEX
  5
46B
  8
CUT
 10
1569.1713
 20
1086.2323000000001
 30
0.0
 70
0
  0
VERTEX
  5
46C
  8
CUT
 10
1569.0
 20
1081.0
 30
0.0
 70
0
  0
VERTEX
  5
46D
  8
CUT
 10
1569.0
 20
931.0
 30
0.0
 70
0
  0
VERTEX
  5
46E
  8
CUT
 10
1825.8000000000002
 20
931.0
 30
0.0
 70
0
  0
VERTEX
  5
46F
  8
CUT
 10
1825.8731300288923
 20
931.6802089265695
 30
0.0
 70
0
  0
VERTEX
  5
470
  8
CUT
 10
1826.0891776148655
 20
932.329328041606
 30
0.0
 70
0
  0
VERTEX
  5
471
  8
CUT
 10
1826.438268029042
 20
932.9176885328362
 30
0.0
 70
0
  0
VERTEX
  5
472
  8
CUT
 10
1826.9044456513752
 20
933.4183986379336
 30
0.0
 70
0
  0
VERTEX
  5
473
  8
CUT
 10
1827.466403242496
 20
933.808572766615
 30
0.0
 70
0
  0
VERTEX
  5
474
  8
CUT
 10
1828.0984558181076
 20
934.0703775155663
 30
0.0
 70
0
  0
VERTEX
  5
475
  8
CUT
 10
1828.7717146137625
 20
934.1918467667526
 30
0.0
 70
0
  0
VERTEX
  5
476
  8
CUT
 10
1829.4554074824746
 20
934.1674286140188
 30
0.0
 70
0
  0
VERTEX
  5
477
  8
CUT
 10
1830.1182853747173
 20
933.998239119999
 30
0.0
 70
0
  0
VERTEX
  5
478
  8
CUT
 10
1830.7300506158579
 20
933.6920113050595
 30
0.0
 70
0
  0
VERTEX
  5
479
  8
CUT
 10
1831.262741699797
 20
933.2627416997967
 30
0.0
 70
0
  0
VERTEX
  5
47A
  8
CUT
 10
1831.6920113050599
 20
932.7300506158576
 30
0.0
 70
0
  0
VERTEX
  5
47B
  8
CUT
 10
1831.9982391199992
 20
932.1182853747168
 30
0.0
 70
0
  0
VERTEX
  5
47C
  8
CUT
 10
1832.167428614019
 20
931.4554074824742
 30
0.0
 70
0
  0
VERTEX
  5
47D
  8
CUT
 10
1832.1918467667526
 20
930.7717146137622
 30
0.0
 70
0
  0
VERTEX
  5
47E
  8
CUT
 10
1832.0703775155664
 20
930.0984558181073
 30
0.0
 70
0
  0
VERTEX
  5
47F
  8
CUT
 10
1831.808572766615
 20
929.4664032424956
 30
0.0
 70
0
  0
VERTEX
  5
480
  8
CUT
 10
1831.4183986379335
 20
928.9044456513749
 30
0.0
 70
0
  0
VERTEX
  5
481
  8
CUT
 10
1830.917688532836
 20
928.4382680290419
 30
0.0
 70
0
  0
VERTEX
  5
482
  8
CUT
 10
1830.329328041606
 20
928.0891776148654
 30
0.0
 70
0
  0
VERTEX
  5
483
  8
CUT
 10
1829.6802089265693
 20
927.8731300288922
 30
0.0
 70
0
  0
VERTEX
  5
484
  8
CUT
 10
1829.0
 20
927.8
 30
0.0
 70
0
  0
VERTEX
  5
485
  8
CUT
 10
1829.0
 20
401.0
 30
0.0
 70
0
  0
VERTEX
  5
486
  8
CUT
 10
1829.2141
 20
394.4597
 30
0.0
 70
0
  0
VERTEX
  5
487
  8
CUT
 10
1829.8555000000001
 20
387.9474
 30
0.0
 70
0
  0
VERTEX
  5
488
  8
CUT
 10
1830.9215
 20
381.49100000000004
 30
0.0
 70
0
  0
VERTEX
  5
489
  8
CUT
 10
1832.4074
 20
375.1181
 30
0.0
 70
0
  0
VERTEX
  5
48A
  8
CUT
 10
1834.307
 20
368.8561
 30
0.0
 70
0
  0
VERTEX
  5
48B
  8
CUT
 10
1836.612
 20
362.73170000000005
 30
0.0
 70
0
  0
VERTEX
  5
48C
  8
CUT
 10
1839.3127
 20
356.77110000000005
 30
0.0
 70
0
  0
VERTEX
  5
48D
  8
CUT
 10
1842.3975
 20
351.0
 30
0.0
 70
0
  0
VERTEX
  5
48E
  8
CUT
 10
1845.853
 20
345.44300000000004
 30
0.0
 70
0
  0
VERTEX
  5
48F
  8
CUT
 10
1849.6647
 20
340.12390000000005
 30
0.0
 70
0
  0
VERTEX
  5
490
  8
CUT
 10
1853.816
 20
335.0654
 30
0.0
 70
0
  0
VERTEX
  5
491
  8
CUT
 10
1858.2893
 20
330.2893
 30
0.0
 70
0
  0
VERTEX
  5
492
  8
CUT
 10
1863.0654
 20
325.81600000000003
 30
0.0
 70
0
  0
VERTEX
  5
493
  8
CUT
 10
1868.1239
 20
321.66470000000004
 30
0.0
 70
0
  0
VERTEX
  5
494
  8
CUT
 10
1873.443
 20
317.853
 30
0.0
 70
0
  0
VERTEX
  5
495
  8
CUT
 10
1879.0
 20
314.39750000000004
 30
0.0
 70
0
  0
VERTEX
  5
496
  8
CUT
 10
1884.7711
 20
311.3127
 30
0.0
 70
0
  0
VERTEX
  5
497
  8
CUT
 10
1890.7317
 20
308.612
 30
0.0
 70
0
  0
VERTEX
  5
498
  8
CUT
 10
1896.8561
 20
306.307
 30
0.0
 70
0
  0
VERTEX
  5
499
  8
CUT
 10
1903.1181000000001
 20
304.4074
 30
0.0
 70
0
  0
VERTEX
  5
49A
  8
CUT
 10
1909.491
 20
302.92150000000004
 30
0.0
 70
0
  0
VERTEX
  5
49B
  8
CUT
 10
1915.9474
 20
301.8555
 30
0.0
 70
0
  0
VERTEX
  5
49C
  8
CUT
 10
1922.4596999999999
 20
301.21410000000003
 30
0.0
 70
0
  0
VERTEX
  5
49D
  8
CUT
 10
1929.0
 20
301.0
 30
0.0
 70
0
  0
SEQEND
  5
421
  8
CUT
  0
POLYLINE
  5
49E
  8
CUT
 66
1
 10
0.0
 20
0.0
 30
0.0
 70
1
  0
VERTEX
  5
4A0
  8
CUT
 10
2146.3
 20
390.5
 30
0.0
 70
0
  0
VERTEX
  5
4A1
  8
CUT
 10
2146.3731300288923
 20
389.8197910734305
 30
0.0
 70
0
  0
VERTEX
  5
4A2
  8
CUT
 10
2146.5891776148655
 20
389.170671958394
 30
0.0
 70
0
  0
VERTEX
  5
4A3
  8
CUT
 10
2146.9382680290423
 20
388.5823114671638
 30
0.0
 70
0
  0
VERTEX
  5
4A4
  8
CUT
 10
2147.404445651375
 20
388.08160136206646
 30
0.0
 70
0
  0
VERTEX
  5
4A5
  8
CUT
 10
2147.9664032424957
 20
387.6914272333849
 30
0.0
 70
0
  0
VERTEX
  5
4A6
  8
CUT
 10
2148.5984558181076
 20
387.42962248443376
 30
0.0
 70
0
  0
VERTEX
  5
4A7
  8
CUT
 10
2149.2717146137625
 20
387.30815323324737
 30
0.0
 70
0
  0
VERTEX
  5
4A8
  8
CUT
 10
2149.9554074824746
 20
387.3325713859812
 30
0.0
 70
0
  0
VERTEX
  5
4A9
  8
CUT
 10
2150.6182853747173
 20
387.501760880001
 30
0.0
 70
0
  0
VERTEX
  5
4AA
  8
CUT
 10
2151.230050615858
 20
387.80798869494043
 30
0.0
 70
0
  0
VERTEX
  5
4AB
  8
CUT
 10
2151.762741699797
 20
388.2372583002033
 30
0.0
 70
0
  0
VERTEX
  5
4AC
  8
CUT
 10
2152.1920113050596
 20
388.7699493841423
 30
0.0
 70
0
  0
VERTEX
  5
4AD
  8
CUT
 10
2152.498239119999
 20
389.3817146252831
 30
0.0
 70
0
  0
VERTEX
  5
4AE
  8
CUT
 10
2152.6674286140187
 20
390.0445925175257
 30
0.0
 70
0
  0
VERTEX
  5
4AF
  8
CUT
 10
2152.691846766753
 20
390.72828538623776
 30
0.0
 70
0
  0
VERTEX
  5
4B0
  8
CUT
 10
2152.570377515566
 20
391.4015441818928
 30
0.0
 70
0
  0
VERTEX
  5
4B1
  8
CUT
 10
2152.3085727666153
 20
392.03359675750437
 30
0.0
 70
0
  0
VERTEX
  5
4B2
  8
CUT
 10
2151.9183986379335
 20
392.59555434862506
 30
0.0
 70
0
  0
VERTEX
  5
4B3
  8
CUT
 10
2151.417688532836
 20
393.0617319709581
 30
0.0
 70
0
  0
VERTEX
  5
4B4
  8
CUT
 10
2150.829328041606
 20
393.41082238513457
 30
0.0
 70
0
  0
VERTEX
  5
4B5
  8
CUT
 10
2150.1802089265693
 20
393.6268699711078
 30
0.0
 70
0
  0
VERTEX
  5
4B6
  8
CUT
 10
2149.5
 20
393.70000000000005
 30
0.0
 70
0
  0
VERTEX
  5
4B7
  8
CUT
 10
2149.5
 20
406.3
 30
0.0
 70
0
  0
VERTEX
  5
4B8
  8
CUT
 10
2150.1802089265693
 20
406.37313002889226
 30
0.0
 70
0
  0
VERTEX
  5
4B9
  8
CUT
 10
2150.829328041606
 20
406.5891776148655
 30
0.0
 70
0
  0
VERTEX
  5
4BA
  8
CUT
 10
2151.417688532836
 20
406.93826802904204
 30
0.0
 70
0
  0
VERTEX
  5
4BB
  8
CUT
 10
2151.9183986379335
 20
407.40444565137506
 30
0.0
 70
0
  0
VERTEX
  5
4BC
  8
CUT
 10
2152.3085727666153
 20
407.96640324249574
 30
0.0
 70
0
  0
VERTEX
  5
4BD
  8
CUT
 10
2152.570377515566
 20
408.5984558181073
 30
0.0
 70
0
  0
VERTEX
  5
4BE
  8
CUT
 10
2152.691846766753
 20
409.27171461376236
 30
0.0
 70
0
  0
VERTEX
  5
4BF
  8
CUT
 10
2152.6674286140187
 20
409.95540748247436
 30
0.0
 70
0
  0
VERTEX
  5
4C0
  8
CUT
 10
2152.498239119999
 20
410.61828537471695
 30
0.0
 70
0
  0
VERTEX
  5
4C1
  8
CUT
 10
2152.1920113050596
 20
411.23005061585775
 30
0.0
 70
0
  0
VERTEX
  5
4C2
  8
CUT
 10
2151.762741699797
 20
411.7627416997968
 30
0.0
 70
0
  0
VERTEX
  5
4C3
  8
CUT
 10
2151.2300506158576
 20
412.19201130505957
 30
0.0
 70
0
  0
VERTEX
  5
4C4
  8
CUT
 10
2150.6182853747173
 20
412.498239119999
 30
0.0
 70
0
  0
VERTEX
  5
4C5
  8
CUT
 10
2149.9554074824746
 20
412.6674286140188
 30
0.0
 70
0
  0
VERTEX
  5
4C6
  8
CUT
 10
2149.2717146137625
 20
412.6918467667526
 30
0.0
 70
0
  0
VERTEX
  5
4C7
  8
CUT
 10
2148.5984558181076
 20
412.5703775155662
 30
0.0
 70
0
  0
VERTEX
  5
4C8
  8
CUT
 10
2147.9664032424957
 20
412.30857276661504
 30
0.0
 70
0
  0
VERTEX
  5
4C9
  8
CUT
 10
2147.404445651375
 20
411.9183986379334
 30
0.0
 70
0
  0
VERTEX
  5
4CA
  8
CUT
 10
2146.9382680290423
 20
411.41768853283617
 30
0.0
 70
0
  0
VERTEX
  5
4CB
  8
CUT
 10
2146.5891776148655
 20
410.8293280416059
 30
0.0
 70
0
  0
VERTEX
  5
4CC
  8
CUT
 10
2146.3731300288923
 20
410.1802089265694
 30
0.0
 70
0
  0
VERTEX
  5
4CD
  8
CUT
 10
2146.3
 20
409.5
 30
0.0
 70
0
  0
VERTEX
  5
4CE
  8
CUT
 10
2111.7
 20
409.5
 30
0.0
 70
0
  0
VERTEX
  5
4CF
  8
CUT
 10
2111.6268699711077
 20
410.1802089265695
 30
0.0
 70
0
  0
VERTEX
  5
4D0
  8
CUT
 10
2111.4108223851345
 20
410.829328041606
 30
0.0
 70
0
  0
VERTEX
  5
4D1
  8
CUT
 10
2111.0617319709577
 20
411.4176885328362
 30
0.0
 70
0
  0
VERTEX
  5
4D2
  8
CUT
 10
2110.595554348625
 20
411.91839863793354
 30
0.0
 70
0
  0
VERTEX
  5
4D3
  8
CUT
 10
2110.0335967575043
 20
412.3085727666151
 30
0.0
 70
0
  0
VERTEX
  5
4D4
  8
CUT
 10
2109.4015441818924
 20
412.57037751556624
 30
0.0
 70
0
  0
VERTEX
  5
4D5
  8
CUT
 10
2108.7282853862375
 20
412.69184676675263
 30
0.0
 70
0
  0
VERTEX
  5
4D6
  8
CUT
 10
2108.0445925175254
 20
412.6674286140188
 30
0.0
 70
0
  0
VERTEX
  5
4D7
  8
CUT
 10
2107.3817146252827
 20
412.49823911999897
 30
0.0
 70
0
  0
VERTEX
  5
4D8
  8
CUT
 10
2106.769949384142
 20
412.1920113050595
 30
0.0
 70
0
  0
VERTEX
  5
4D9
  8
CUT
 10
2106.237258300203
 20
411.76274169979666
 30
0.0
 70
0
  0
VERTEX
  5
4DA
  8
CUT
 10
2105.8079886949404
 20
411.23005061585764
 30
0.0
 70
0
  0
VERTEX
  5
4DB
  8
CUT
 10
2105.501760880001
 20
410.61828537471683
 30
0.0
 70
0
  0
VERTEX
  5
4DC
  8
CUT
 10
2105.3325713859813
 20
409.9554074824743
 30
0.0
 70
0
  0
VERTEX
  5
4DD
  8
CUT
 10
2105.308153233247
 20
409.27171461376224
 30
0.0
 70
0
  0
VERTEX
  5
4DE
  8
CUT
 10
2105.429622484434
 20
408.59845581810725
 30
0.0
 70
0
  0
VERTEX
  5
4DF
  8
CUT
 10
2105.6914272333847
 20
407.96640324249563
 30
0.0
 70
0
  0
VERTEX
  5
4E0
  8
CUT
 10
2106.0816013620665
 20
407.40444565137494
 30
0.0
 70
0
  0
VERTEX
  5
4E1
  8
CUT
 10
2106.582311467164
 20
406.9382680290419
 30
0.0
 70
0
  0
VERTEX
  5
4E2
  8
CUT
 10
2107.170671958394
 20
406.5891776148655
 30
0.0
 70
0
  0
VERTEX
  5
4E3
  8
CUT
 10
2107.8197910734307
 20
406.37313002889226
 30
0.0
 70
0
  0
VERTEX
  5
4E4
  8
CUT
 10
2108.5
 20
406.3
 30
0.0
 70
0
  0
VERTEX
  5
4E5
  8
CUT
 10
2108.5
 20
393.70000000000005
 30
0.0
 70
0
  0
VERTEX
  5
4E6
  8
CUT
 10
2107.8197910734307
 20
393.62686997110774
 30
0.0
 70
0
  0
VERTEX
  5
4E7
  8
CUT
 10
2107.170671958394
 20
393.4108223851345
 30
0.0
 70
0
  0
VERTEX
  5
4E8
  8
CUT
 10
2106.582311467164
 20
393.061731970958
 30
0.0
 70
0
  0
VERTEX
  5
4E9
  8
CUT
 10
2106.0816013620665
 20
392.595554348625
 30
0.0
 70
0
  0
VERTEX
  5
4EA
  8
CUT
 10
2105.6914272333847
 20
392.03359675750426
 30
0.0
 70
0
  0
VERTEX
  5
4EB
  8
CUT
 10
2105.429622484434
 20
391.4015441818927
 30
0.0
 70
0
  0
VERTEX
  5
4EC
  8
CUT
 10
2105.308153233247
 20
390.72828538623764
 30
0.0
 70
0
  0
VERTEX
  5
4ED
  8
CUT
 10
2105.3325713859813
 20
390.0445925175256
 30
0.0
 70
0
  0
VERTEX
  5
4EE
  8
CUT
 10
2105.501760880001
 20
389.381714625283
 30
0.0
 70
0
  0
VERTEX
  5
4EF
  8
CUT
 10
2105.8079886949404
 20
388.76994938414225
 30
0.0
 70
0
  0
VERTEX
  5
4F0
  8
CUT
 10
2106.237258300203
 20
388.2372583002032
 30
0.0
 70
0
  0
VERTEX
  5
4F1
  8
CUT
 10
2106.769949384142
 20
387.8079886949404
 30
0.0
 70
0
  0
VERTEX
  5
4F2
  8
CUT
 10
2107.3817146252827
 20
387.5017608800009
 30
0.0
 70
0
  0
VERTEX
  5
4F3
  8
CUT
 10
2108.0445925175254
 20
387.33257138598117
 30
0.0
 70
0
  0
VERTEX
  5
4F4
  8
CUT
 10
2108.7282853862375
 20
387.30815323324737
 30
0.0
 70
0
  0
VERTEX
  5
4F5
  8
CUT
 10
2109.4015441818924
 20
387.42962248443376
 30
0.0
 70
0
  0
VERTEX
  5
4F6
  8
CUT
 10
2110.0335967575043
 20
387.69142723338496
 30
0.0
 70
0
  0
VERTEX
  5
4F7
  8
CUT
 10
2110.595554348625
 20
388.0816013620665
 30
0.0
 70
0
  0
VERTEX
  5
4F8
  8
CUT
 10
2111.0617319709577
 20
388.58231146716383
 30
0.0
 70
0
  0
VERTEX
  5
4F9
  8
CUT
 10
2111.4108223851345
 20
389.1706719583941
 30
0.0
 70
0
  0
VERTEX
  5
4FA
  8
CUT
 10
2111.6268699711077
 20
389.8197910734306
 30
0.0
 70
0
  0
VERTEX
  5
4FB
  8
CUT
 10
2111.7
 20
390.5
 30
0.0
 70
0
  0
SEQEND
  5
49F
  8
CUT
  0
POLYLINE
  5
4FC
  8
CUT
 66
1
 10
0.0
 20
0.0
 30
0.0
 70
1
  0
VERTEX
  5
4FE
  8
CUT
 10
1946.3
 20
390.5
 30
0.0
 70
0
  0
VERTEX
  5
4FF
  8
CUT
 10
1946.3731300288923
 20
389.81979107343045
 30
0.0
 70
0
  0
VERTEX
  5
500
  8
CUT
 10
1946.5891776148655
 20
389.17067195839394
 30
0.0
 70
0
  0
VERTEX
  5
501
  8
CUT
 10
1946.938268029042
 20
388.58231146716366
 30
0.0
 70
0
  0
VERTEX
  5
502
  8
CUT
 10
1947.404445651375
 20
388.08160136206635
 30
0.0
 70
0
  0
VERTEX
  5
503
  8
CUT
 10
1947.9664032424957
 20
387.69142723338473
 30
0.0
 70
0
  0
VERTEX
  5
504
  8
CUT
 10
1948.5984558181074
 20
387.4296224844336
 30
0.0
 70
0
  0
VERTEX
  5
505
  8
CUT
 10
1949.2717146137625
 20
387.30815323324714
 30
0.0
 70
0
  0
VERTEX
  5
506
  8
CUT
 10
1949.9554074824746
 20
387.332571385981
 30
0.0
 70
0
  0
VERTEX
  5
507
  8
CUT
 10
1950.618285374717
 20
387.50176088000075
 30
0.0
 70
0
  0
VERTEX
  5
508
  8
CUT
 10
1951.2300506158579
 20
387.8079886949402
 30
0.0
 70
0
  0
VERTEX
  5
509
  8
CUT
 10
1951.762741699797
 20
388.237258300203
 30
0.0
 70
0
  0
VERTEX
  5
50A
  8
CUT
 10
1952.1920113050599
 20
388.7699493841421
 30
0.0
 70
0
  0
VERTEX
  5
50B
  8
CUT
 10
1952.4982391199992
 20
389.3817146252829
 30
0.0
 70
0
  0
VERTEX
  5
50C
  8
CUT
 10
1952.667428614019
 20
390.0445925175255
 30
0.0
 70
0
  0
VERTEX
  5
50D
  8
CUT
 10
1952.6918467667529
 20
390.72828538623753
 30
0.0
 70
0
  0
VERTEX
  5
50E
  8
CUT
 10
1952.5703775155664
 20
391.4015441818926
 30
0.0
 70
0
  0
VERTEX
  5
50F
  8
CUT
 10
1952.3085727666153
 20
392.0335967575042
 30
0.0
 70
0
  0
VERTEX
  5
510
  8
CUT
 10
1951.9183986379337
 20
392.59555434862494
 30
0.0
 70
0
  0
VERTEX
  5
511
  8
CUT
 10
1951.4176885328363
 20
393.06173197095796
 30
0.0
 70
0
  0
VERTEX
  5
512
  8
CUT
 10
1950.829328041606
 20
393.4108223851345
 30
0.0
 70
0
  0
VERTEX
  5
513
  8
CUT
 10
1950.1802089265695
 20
393.62686997110774
 30
0.0
 70
0
  0
VERTEX
  5
514
  8
CUT
 10
1949.5
 20
393.70000000000005
 30
0.0
 70
0
  0
VERTEX
  5
515
  8
CUT
 10
1949.5
 20
406.3
 30
0.0
 70
0
  0
VERTEX
  5
516
  8
CUT
 10
1950.1802089265695
 20
406.37313002889226
 30
0.0
 70
0
  0
VERTEX
  5
517
  8
CUT
 10
1950.829328041606
 20
406.58917761486555
 30
0.0
 70
0
  0
VERTEX
  5
518
  8
CUT
 10
1951.4176885328363
 20
406.93826802904204
 30
0.0
 70
0
  0
VERTEX
  5
519
  8
CUT
 10
1951.9183986379337
 20
407.40444565137506
 30
0.0
 70
0
  0
VERTEX
  5
51A
  8
CUT
 10
1952.3085727666153
 20
407.9664032424958
 30
0.0
 70
0
  0
VERTEX
  5
51B
  8
CUT
 10
1952.5703775155664
 20
408.5984558181074
 30
0.0
 70
0
  0
VERTEX
  5
51C
  8
CUT
 10
1952.6918467667529
 20
409.27171461376247
 30
0.0
 70
0
  0
VERTEX
  5
51D
  8
CUT
 10
1952.667428614019
 20
409.9554074824745
 30
0.0
 70
0
  0
VERTEX
  5
51E
  8
CUT
 10
1952.4982391199992
 20
410.6182853747171
 30
0.0
 70
0
  0
VERTEX
  5
51F
  8
CUT
 10
1952.1920113050599
 20
411.2300506158579
 30
0.0
 70
0
  0
VERTEX
  5
520
  8
CUT
 10
1951.762741699797
 20
411.76274169979695
 30
0.0
 70
0
  0
VERTEX
  5
521
  8
CUT
 10
1951.2300506158579
 20
412.1920113050598
 30
0.0
 70
0
  0
VERTEX
  5
522
  8
CUT
 10
1950.618285374717
 20
412.49823911999925
 30
0.0
 70
0
  0
VERTEX
  5
523
  8
CUT
 10
1949.9554074824746
 20
412.667428614019
 30
0.0
 70
0
  0
VERTEX
  5
524
  8
CUT
 10
1949.2717146137625
 20
412.6918467667528
 30
0.0
 70
0
  0
VERTEX
  5
525
  8
CUT
 10
1948.5984558181074
 20
412.5703775155664
 30
0.0
 70
0
  0
VERTEX
  5
526
  8
CUT
 10
1947.9664032424957
 20
412.3085727666152
 30
0.0
 70
0
  0
VERTEX
  5
527
  8
CUT
 10
1947.404445651375
 20
411.91839863793365
 30
0.0
 70
0
  0
VERTEX
  5
528
  8
CUT
 10
1946.938268029042
 20
411.41768853283634
 30
0.0
 70
0
  0
VERTEX
  5
529
  8
CUT
 10
1946.5891776148655
 20
410.82932804160606
 30
0.0
 70
0
  0
VERTEX
  5
52A
  8
CUT
 10
1946.3731300288923
 20
410.18020892656955
 30
0.0
 70
0
  0
VERTEX
  5
52B
  8
CUT
 10
1946.3
 20
409.5
 30
0.0
 70
0
  0
VERTEX
  5
52C
  8
CUT
 10
1911.7
 20
409.5
 30
0.0
 70
0
  0
VERTEX
  5
52D
  8
CUT
 10
1911.6268699711077
 20
410.18020892656955
 30
0.0
 70
0
  0
VERTEX
  5
52E
  8
CUT
 10
1911.4108223851345
 20
410.82932804160606
 30
0.0
 70
0
  0
VERTEX
  5
52F
  8
CUT
 10
1911.061731970958
 20
411.41768853283634
 30
0.0
 70
0
  0
VERTEX
  5
530
  8
CUT
 10
1910.595554348625
 20
411.91839863793365
 30
0.0
 70
0
  0
VERTEX
  5
531
  8
CUT
 10
1910.0335967575043
 20
412.3085727666152
 30
0.0
 70
0
  0
VERTEX
  5
532
  8
CUT
 10
1909.4015441818926
 20
412.5703775155664
 30
0.0
 70
0
  0
VERTEX
  5
533
  8
CUT
 10
1908.7282853862375
 20
412.6918467667528
 30
0.0
 70
0
  0
VERTEX
  5
534
  8
CUT
 10
1908.0445925175254
 20
412.667428614019
 30
0.0
 70
0
  0
VERTEX
  5
535
  8
CUT
 10
1907.381714625283
 20
412.49823911999925
 30
0.0
 70
0
  0
VERTEX
  5
536
  8
CUT
 10
1906.7699493841421
 20
412.1920113050598
 30
0.0
 70
0
  0
VERTEX
  5
537
  8
CUT
 10
1906.237258300203
 20
411.76274169979695
 30
0.0
 70
0
  0
VERTEX
  5
538
  8
CUT
 10
1905.8079886949401
 20
411.2300506158579
 30
0.0
 70
0
  0
VERTEX
  5
539
  8
CUT
 10
1905.5017608800008
 20
410.6182853747171
 30
0.0
 70
0
  0
VERTEX
  5
53A
  8
CUT
 10
1905.332571385981
 20
409.9554074824745
 30
0.0
 70
0
  0
VERTEX
  5
53B
  8
CUT
 10
1905.3081532332471
 20
409.27171461376247
 30
0.0
 70
0
  0
VERTEX
  5
53C
  8
CUT
 10
1905.4296224844336
 20
408.5984558181074
 30
0.0
 70
0
  0
VERTEX
  5
53D
  8
CUT
 10
1905.6914272333847
 20
407.9664032424958
 30
0.0
 70
0
  0
VERTEX
  5
53E
  8
CUT
 10
1906.0816013620663
 20
407.40444565137506
 30
0.0
 70
0
  0
VERTEX
  5
53F
  8
CUT
 10
1906.5823114671637
 20
406.93826802904204
 30
0.0
 70
0
  0
VERTEX
  5
540
  8
CUT
 10
1907.170671958394
 20
406.58917761486555
 30
0.0
 70
0
  0
VERTEX
  5
541
  8
CUT
 10
1907.8197910734305
 20
406.37313002889226
 30
0.0
 70
0
  0
VERTEX
  5
542
  8
CUT
 10
1908.5
 20
406.3
 30
0.0
 70
0
  0
VERTEX
  5
543
  8
CUT
 10
1908.5
 20
393.70000000000005
 30
0.0
 70
0
  0
VERTEX
  5
544
  8
CUT
 10
1907.8197910734305
 20
393.62686997110774
 30
0.0
 70
0
  0
VERTEX
  5
545
  8
CUT
 10
1907.170671958394
 20
393.4108223851345
 30
0.0
 70
0
  0
VERTEX
  5
546
  8
CUT
 10
1906.5823114671637
 20
393.06173197095796
 30
0.0
 70
0
  0
VERTEX
  5
547
  8
CUT
 10
1906.0816013620663
 20
392.59555434862494
 30
0.0
 70
0
  0
VERTEX
  5
548
  8
CUT
 10
1905.6914272333847
 20
392.0335967575042
 30
0.0
 70
0
  0
VERTEX
  5
549
  8
CUT
 10
1905.4296224844336
 20
391.4015441818926
 30
0.0
 70
0
  0
VERTEX
  5
54A
  8
CUT
 10
1905.3081532332471
 20
390.72828538623753
 30
0.0
 70
0
  0
VERTEX
  5
54B
  8
CUT
 10
1905.332571385981
 20
390.0445925175255
 30
0.0
 70
0
  0
VERTEX
  5
54C
  8
CUT
 10
1905.5017608800008
 20
389.3817146252829
 30
0.0
 70
0
  0
VERTEX
  5
54D
  8
CUT
 10
1905.8079886949401
 20
388.7699493841421
 30
0.0
 70
0
  0
VERTEX
  5
54E
  8
CUT
 10
1906.237258300203
 20
388.237258300203
 30
0.0
 70
0
  0
VERTEX
  5
54F
  8
CUT
 10
1906.7699493841421
 20
387.8079886949402
 30
0.0
 70
0
  0
VERTEX
  5
550
  8
CUT
 10
1907.381714625283
 20
387.50176088000075
 30
0.0
 70
0
  0
VERTEX
  5
551
  8
CUT
 10
1908.0445925175254
 20
387.332571385981
 30
0.0
 70
0
  0
VERTEX
  5
552
  8
CUT
 10
1908.7282853862375
 20
387.30815323324714
 30
0.0
 70
0
  0
VERTEX
  5
553
  8
CUT
 10
1909.4015441818926
 20
387.42962248443354
 30
0.0
 70
0
  0
VERTEX
  5
554
  8
CUT
 10
1910.0335967575043
 20
387.69142723338473
 30
0.0
 70
0
  0
VERTEX
  5
555
  8
CUT
 10
1910.595554348625
 20
388.08160136206635
 30
0.0
 70
0
  0
VERTEX
  5
556
  8
CUT
 10
1911.061731970958
 20
388.58231146716366
 30
0.0
 70
0
  0
VERTEX
  5
557
  8
CUT
 10
1911.4108223851345
 20
389.17067195839394
 30
0.0
 70
0
  0
VERTEX
  5
558
  8
CUT
 10
1911.6268699711077
 20
389.81979107343045
 30
0.0
 70
0
  0
VERTEX
  5
559
  8
CUT
 10
1911.7
 20
390.5
 30
0.0
 70
0
  0
SEQEND
  5
4FD
  8
CUT
  0
POLYLINE
  5
55A
  8
CUT
 66
1
 10
0.0
 20
0.0
 30
0.0
 70
1
  0
VERTEX
  5
55C
  8
CUT
 10
2146.3
 20
600.5
 30
0.0
 70
0
  0
VERTEX
  5
55D
  8
CUT
 10
2146.3731300288923
 20
599.8197910734305
 30
0.0
 70
0
  0
VERTEX
  5
55E
  8
CUT
 10
2146.5891776148655
 20
599.170671958394
 30
0.0
 70
0
  0
VERTEX
  5
55F
  8
CUT
 10
2146.9382680290423
 20
598.5823114671638
 30
0.0
 70
0
  0
VERTEX
  5
560
  8
CUT
 10
2147.404445651375
 20
598.0816013620664
 30
0.0
 70
0
  0
VERTEX
  5
561
  8
CUT
 10
2147.9664032424957
 20
597.691427233385
 30
0.0
 70
0
  0
VERTEX
  5
562
  8
CUT
 10
2148.5984558181076
 20
597.4296224844337
 30
0.0
 70
0
  0
VERTEX
  5
563
  8
CUT
 10
2149.2717146137625
 20
597.3081532332474
 30
0.0
 70
0
  0
VERTEX
  5
564
  8
CUT
 10
2149.9554074824746
 20
597.3325713859812
 30
0.0
 70
0
  0
VERTEX
  5
565
  8
CUT
 10
2150.6182853747173
 20
597.501760880001
 30
0.0
 70
0
  0
VERTEX
  5
566
  8
CUT
 10
2151.230050615858
 20
597.8079886949405
 30
0.0
 70
0
  0
VERTEX
  5
567
  8
CUT
 10
2151.762741699797
 20
598.2372583002033
 30
0.0
 70
0
  0
VERTEX
  5
568
  8
CUT
 10
2152.1920113050596
 20
598.7699493841424
 30
0.0
 70
0
  0
VERTEX
  5
569
  8
CUT
 10
2152.498239119999
 20
599.3817146252832
 30
0.0
 70
0
  0
VERTEX
  5
56A
  8
CUT
 10
2152.6674286140187
 20
600.0445925175258
 30
0.0
 70
0
  0
VERTEX
  5
56B
  8
CUT
 10
2152.691846766753
 20
600.7282853862378
 30
0.0
 70
0
  0
VERTEX
  5
56C
  8
CUT
 10
2152.570377515566
 20
601.4015441818927
 30
0.0
 70
0
  0
VERTEX
  5
56D
  8
CUT
 10
2152.3085727666153
 20
602.0335967575044
 30
0.0
 70
0
  0
VERTEX
  5
56E
  8
CUT
 10
2151.9183986379335
 20
602.5955543486251
 30
0.0
 70
0
  0
VERTEX
  5
56F
  8
CUT
 10
2151.417688532836
 20
603.0617319709581
 30
0.0
 70
0
  0
VERTEX
  5
570
  8
CUT
 10
2150.829328041606
 20
603.4108223851346
 30
0.0
 70
0
  0
VERTEX
  5
571
  8
CUT
 10
2150.1802089265693
 20
603.6268699711078
 30
0.0
 70
0
  0
VERTEX
  5
572
  8
CUT
 10
2149.5
 20
603.7
 30
0.0
 70
0
  0
VERTEX
  5
573
  8
CUT
 10
2149.5
 20
616.3
 30
0.0
 70
0
  0
VERTEX
  5
574
  8
CUT
 10
2150.1802089265693
 20
616.3731300288922
 30
0.0
 70
0
  0
VERTEX
  5
575
  8
CUT
 10
2150.829328041606
 20
616.5891776148654
 30
0.0
 70
0
  0
VERTEX
  5
576
  8
CUT
 10
2151.417688532836
 20
616.938268029042
 30
0.0
 70
0
  0
VERTEX
  5
577
  8
CUT
 10
2151.9183986379335
 20
617.404445651375
 30
0.0
 70
0
  0
VERTEX
  5
578
  8
CUT
 10
2152.3085727666153
 20
617.9664032424957
 30
0.0
 70
0
  0
VERTEX
  5
579
  8
CUT
 10
2152.570377515566
 20
618.5984558181074
 30
0.0
 70
0
  0
VERTEX
  5
57A
  8
CUT
 10
2152.691846766753
 20
619.2717146137624
 30
0.0
 70
0
  0
VERTEX
  5
57B
  8
CUT
 10
2152.6674286140187
 20
619.9554074824744
 30
0.0
 70
0
  0
VERTEX
  5
57C
  8
CUT
 10
2152.498239119999
 20
620.618285374717
 30
0.0
 70
0
  0
VERTEX
  5
57D
  8
CUT
 10
2152.1920113050596
 20
621.2300506158577
 30
0.0
 70
0
  0
VERTEX
  5
57E
  8
CUT
 10
2151.762741699797
 20
621.7627416997968
 30
0.0
 70
0
  0
VERTEX
  5
57F
  8
CUT
 10
2151.230050615858
 20
622.1920113050596
 30
0.0
 70
0
  0
VERTEX
  5
580
  8
CUT
 10
2150.6182853747173
 20
622.4982391199991
 30
0.0
 70
0
  0
VERTEX
  5
581
  8
CUT
 10
2149.9554074824746
 20
622.6674286140188
 30
0.0
 70
0
  0
VERTEX
  5
582
  8
CUT
 10
2149.2717146137625
 20
622.6918467667526
 30
0.0
 70
0
  0
VERTEX
  5
583
  8
CUT
 10
2148.5984558181076
 20
622.5703775155662
 30
0.0
 70
0
  0
VERTEX
  5
584
  8
CUT
 10
2147.9664032424957
 20
622.308572766615
 30
0.0
 70
0
  0
VERTEX
  5
585
  8
CUT
 10
2147.404445651375
 20
621.9183986379335
 30
0.0
 70
0
  0
VERTEX
  5
586
  8
CUT
 10
2146.9382680290423
 20
621.4176885328361
 30
0.0
 70
0
  0
VERTEX
  5
587
  8
CUT
 10
2146.5891776148655
 20
620.8293280416059
 30
0.0
 70
0
  0
VERTEX
  5
588
  8
CUT
 10
2146.3731300288923
 20
620.1802089265694
 30
0.0
 70
0
  0
VERTEX
  5
589
  8
CUT
 10
2146.3
 20
619.5
 30
0.0
 70
0
  0
VERTEX
  5
58A
  8
CUT
 10
2111.7
 20
619.5
 30
0.0
 70
0
  0
VERTEX
  5
58B
  8
CUT
 10
2111.6268699711077
 20
620.1802089265695
 30
0.0
 70
0
  0
VERTEX
  5
58C
  8
CUT
 10
2111.4108223851345
 20
620.829328041606
 30
0.0
 70
0
  0
VERTEX
  5
58D
  8
CUT
 10
2111.0617319709577
 20
621.4176885328362
 30
0.0
 70
0
  0
VERTEX
  5
58E
  8
CUT
 10
2110.595554348625
 20
621.9183986379335
 30
0.0
 70
0
  0
VERTEX
  5
58F
  8
CUT
 10
2110.0335967575043
 20
622.308572766615
 30
0.0
 70
0
  0
VERTEX
  5
590
  8
CUT
 10
2109.4015441818924
 20
622.5703775155663
 30
0.0
 70
0
  0
VERTEX
  5
591
  8
CUT
 10
2108.7282853862375
 20
622.6918467667526
 30
0.0
 70
0
  0
VERTEX
  5
592
  8
CUT
 10
2108.0445925175254
 20
622.6674286140188
 30
0.0
 70
0
  0
VERTEX
  5
593
  8
CUT
 10
2107.3817146252827
 20
622.498239119999
 30
0.0
 70
0
  0
VERTEX
  5
594
  8
CUT
 10
2106.769949384142
 20
622.1920113050595
 30
0.0
 70
0
  0
VERTEX
  5
595
  8
CUT
 10
2106.237258300203
 20
621.7627416997967
 30
0.0
 70
0
  0
VERTEX
  5
596
  8
CUT
 10
2105.8079886949404
 20
621.2300506158576
 30
0.0
 70
0
  0
VERTEX
  5
597
  8
CUT
 10
2105.501760880001
 20
620.6182853747168
 30
0.0
 70
0
  0
VERTEX
  5
598
  8
CUT
 10
2105.3325713859813
 20
619.9554074824742
 30
0.0
 70
0
  0
VERTEX
  5
599
  8
CUT
 10
2105.308153233247
 20
619.2717146137622
 30
0.0
 70
0
  0
VERTEX
  5
59A
  8
CUT
 10
2105.429622484434
 20
618.5984558181073
 30
0.0
 70
0
  0
VERTEX
  5
59B
  8
CUT
 10
2105.6914272333847
 20
617.9664032424956
 30
0.0
 70
0
  0
VERTEX
  5
59C
  8
CUT
 10
2106.0816013620665
 20
617.4044456513749
 30
0.0
 70
0
  0
VERTEX
  5
59D
  8
CUT
 10
2106.582311467164
 20
616.9382680290419
 30
0.0
 70
0
  0
VERTEX
  5
59E
  8
CUT
 10
2107.170671958394
 20
616.5891776148654
 30
0.0
 70
0
  0
VERTEX
  5
59F
  8
CUT
 10
2107.8197910734307
 20
616.3731300288922
 30
0.0
 70
0
  0
VERTEX
  5
5A0
  8
CUT
 10
2108.5
 20
616.3
 30
0.0
 70
0
  0
VERTEX
  5
5A1
  8
CUT
 10
2108.5
 20
603.7
 30
0.0
 70
0
  0
VERTEX
  5
5A2
  8
CUT
 10
2107.8197910734307
 20
603.6268699711078
 30
0.0
 70
0
  0
VERTEX
  5
5A3
  8
CUT
 10
2107.170671958394
 20
603.4108223851346
 30
0.0
 70
0
  0
VERTEX
  5
5A4
  8
CUT
 10
2106.582311467164
 20
603.061731970958
 30
0.0
 70
0
  0
VERTEX
  5
5A5
  8
CUT
 10
2106.0816013620665
 20
602.595554348625
 30
0.0
 70
0
  0
VERTEX
  5
5A6
  8
CUT
 10
2105.6914272333847
 20
602.0335967575043
 30
0.0
 70
0
  0
VERTEX
  5
5A7
  8
CUT
 10
2105.429622484434
 20
601.4015441818926
 30
0.0
 70
0
  0
VERTEX
  5
5A8
  8
CUT
 10
2105.308153233247
 20
600.7282853862376
 30
0.0
 70
0
  0
VERTEX
  5
5A9
  8
CUT
 10
2105.3325713859813
 20
600.0445925175256
 30
0.0
 70
0
  0
VERTEX
  5
5AA
  8
CUT
 10
2105.501760880001
 20
599.381714625283
 30
0.0
 70
0
  0
VERTEX
  5
5AB
  8
CUT
 10
2105.8079886949404
 20
598.7699493841423
 30
0.0
 70
0
  0
VERTEX
  5
5AC
  8
CUT
 10
2106.237258300203
 20
598.2372583002032
 30
0.0
 70
0
  0
VERTEX
  5
5AD
  8
CUT
 10
2106.769949384142
 20
597.8079886949404
 30
0.0
 70
0
  0
VERTEX
  5
5AE
  8
CUT
 10
2107.3817146252827
 20
597.5017608800009
 30
0.0
 70
0
  0
VERTEX
  5
5AF
  8
CUT
 10
2108.0445925175254
 20
597.3325713859812
 30
0.0
 70
0
  0
VERTEX
  5
5B0
  8
CUT
 10
2108.7282853862375
 20
597.3081532332474
 30
0.0
 70
0
  0
VERTEX
  5
5B1
  8
CUT
 10
2109.4015441818924
 20
597.4296224844338
 30
0.0
 70
0
  0
VERTEX
  5
5B2
  8
CUT
 10
2110.0335967575043
 20
597.691427233385
 30
0.0
 70
0
  0
VERTEX
  5
5B3
  8
CUT
 10
2110.595554348625
 20
598.0816013620665
 30
0.0
 70
0
  0
VERTEX
  5
5B4
  8
CUT
 10
2111.0617319709577
 20
598.5823114671639
 30
0.0
 70
0
  0
VERTEX
  5
5B5
  8
CUT
 10
2111.4108223851345
 20
599.1706719583941
 30
0.0
 70
0
  0
VERTEX
  5
5B6
  8
CUT
 10
2111.6268699711077
 20
599.8197910734306
 30
0.0
 70
0
  0
VERTEX
  5
5B7
  8
CUT
 10
2111.7
 20
600.5
 30
0.0
 70
0
  0
SEQEND
  5
55B
  8
CUT
  0
POLYLINE
  5
5B8
  8
CUT
 66
1
 10
0.0
 20
0.0
 30
0.0
 70
1
  0
VERTEX
  5
5BA
  8
CUT
 10
1946.3
 20
600.5
 30
0.0
 70
0
  0
VERTEX
  5
5BB
  8
CUT
 10
1946.3731300288923
 20
599.8197910734305
 30
0.0
 70
0
  0
VERTEX
  5
5BC
  8
CUT
 10
1946.5891776148655
 20
599.170671958394
 30
0.0
 70
0
  0
VERTEX
  5
5BD
  8
CUT
 10
1946.938268029042
 20
598.5823114671637
 30
0.0
 70
0
  0
VERTEX
  5
5BE
  8
CUT
 10
1947.404445651375
 20
598.0816013620663
 30
0.0
 70
0
  0
VERTEX
  5
5BF
  8
CUT
 10
1947.9664032424957
 20
597.6914272333847
 30
0.0
 70
0
  0
VERTEX
  5
5C0
  8
CUT
 10
1948.5984558181074
 20
597.4296224844336
 30
0.0
 70
0
  0
VERTEX
  5
5C1
  8
CUT
 10
1949.2717146137625
 20
597.3081532332471
 30
0.0
 70
0
  0
VERTEX
  5
5C2
  8
CUT
 10
1949.9554074824746
 20
597.3325713859809
 30
0.0
 70
0
  0
VERTEX
  5
5C3
  8
CUT
 10
1950.618285374717
 20
597.5017608800007
 30
0.0
 70
0
  0
VERTEX
  5
5C4
  8
CUT
 10
1951.2300506158579
 20
597.8079886949401
 30
0.0
 70
0
  0
VERTEX
  5
5C5
  8
CUT
 10
1951.762741699797
 20
598.237258300203
 30
0.0
 70
0
  0
VERTEX
  5
5C6
  8
CUT
 10
1952.1920113050599
 20
598.769949384142
 30
0.0
 70
0
  0
VERTEX
  5
5C7
  8
CUT
 10
1952.4982391199992
 20
599.3817146252828
 30
0.0
 70
0
  0
VERTEX
  5
5C8
  8
CUT
 10
1952.667428614019
 20
600.0445925175255
 30
0.0
 70
0
  0
VERTEX
  5
5C9
  8
CUT
 10
1952.6918467667529
 20
600.7282853862375
 30
0.0
 70
0
  0
VERTEX
  5
5CA
  8
CUT
 10
1952.5703775155664
 20
601.4015441818926
 30
0.0
 70
0
  0
VERTEX
  5
5CB
  8
CUT
 10
1952.3085727666153
 20
602.0335967575043
 30
0.0
 70
0
  0
VERTEX
  5
5CC
  8
CUT
 10
1951.9183986379337
 20
602.5955543486249
 30
0.0
 70
0
  0
VERTEX
  5
5CD
  8
CUT
 10
1951.4176885328363
 20
603.061731970958
 30
0.0
 70
0
  0
VERTEX
  5
5CE
  8
CUT
 10
1950.829328041606
 20
603.4108223851345
 30
0.0
 70
0
  0
VERTEX
  5
5CF
  8
CUT
 10
1950.1802089265695
 20
603.6268699711078
 30
0.0
 70
0
  0
VERTEX
  5
5D0
  8
CUT
 10
1949.5
 20
603.7
 30
0.0
 70
0
  0
VERTEX
  5
5D1
  8
CUT
 10
1949.5
 20
616.3
 30
0.0
 70
0
  0
VERTEX
  5
5D2
  8
CUT
 10
1950.1802089265695
 20
616.3731300288922
 30
0.0
 70
0
  0
VERTEX
  5
5D3
  8
CUT
 10
1950.829328041606
 20
616.5891776148655
 30
0.0
 70
0
  0
VERTEX
  5
5D4
  8
CUT
 10
1951.4176885328363
 20
616.938268029042
 30
0.0
 70
0
  0
VERTEX
  5
5D5
  8
CUT
 10
1951.9183986379337
 20
617.4044456513751
 30
0.0
 70
0
  0
VERTEX
  5
5D6
  8
CUT
 10
1952.3085727666153
 20
617.9664032424957
 30
0.0
 70
0
  0
VERTEX
  5
5D7
  8
CUT
 10
1952.5703775155664
 20
618.5984558181074
 30
0.0
 70
0
  0
VERTEX
  5
5D8
  8
CUT
 10
1952.6918467667529
 20
619.2717146137625
 30
0.0
 70
0
  0
VERTEX
  5
5D9
  8
CUT
 10
1952.667428614019
 20
619.9554074824745
 30
0.0
 70
0
  0
VERTEX
  5
5DA
  8
CUT
 10
1952.4982391199992
 20
620.6182853747172
 30
0.0
 70
0
  0
VERTEX
  5
5DB
  8
CUT
 10
1952.1920113050599
 20
621.230050615858
 30
0.0
 70
0
  0
VERTEX
  5
5DC
  8
CUT
 10
1951.762741699797
 20
621.762741699797
 30
0.0
 70
0
  0
VERTEX
  5
5DD
  8
CUT
 10
1951.2300506158579
 20
622.1920113050599
 30
0.0
 70
0
  0
VERTEX
  5
5DE
  8
CUT
 10
1950.618285374717
 20
622.4982391199993
 30
0.0
 70
0
  0
VERTEX
  5
5DF
  8
CUT
 10
1949.9554074824746
 20
622.6674286140191
 30
0.0
 70
0
  0
VERTEX
  5
5E0
  8
CUT
 10
1949.2717146137625
 20
622.6918467667529
 30
0.0
 70
0
  0
VERTEX
  5
5E1
  8
CUT
 10
1948.5984558181074
 20
622.5703775155664
 30
0.0
 70
0
  0
VERTEX
  5
5E2
  8
CUT
 10
1947.9664032424957
 20
622.3085727666153
 30
0.0
 70
0
  0
VERTEX
  5
5E3
  8
CUT
 10
1947.404445651375
 20
621.9183986379337
 30
0.0
 70
0
  0
VERTEX
  5
5E4
  8
CUT
 10
1946.938268029042
 20
621.4176885328363
 30
0.0
 70
0
  0
VERTEX
  5
5E5
  8
CUT
 10
1946.5891776148655
 20
620.829328041606
 30
0.0
 70
0
  0
VERTEX
  5
5E6
  8
CUT
 10
1946.3731300288923
 20
620.1802089265695
 30
0.0
 70
0
  0
VERTEX
  5
5E7
  8
CUT
 10
1946.3
 20
619.5
 30
0.0
 70
0
  0
VERTEX
  5
5E8
  8
CUT
 10
1911.7
 20
619.5
 30
0.0
 70
0
  0
VERTEX
  5
5E9
  8
CUT
 10
1911.6268699711077
 20
620.1802089265695
 30
0.0
 70
0
  0
VERTEX
  5
5EA
  8
CUT
 10
1911.4108223851345
 20
620.829328041606
 30
0.0
 70
0
  0
VERTEX
  5
5EB
  8
CUT
 10
1911.061731970958
 20
621.4176885328363
 30
0.0
 70
0
  0
VERTEX
  5
5EC
  8
CUT
 10
1910.595554348625
 20
621.9183986379337
 30
0.0
 70
0
  0
VERTEX
  5
5ED
  8
CUT
 10
1910.0335967575043
 20
622.3085727666153
 30
0.0
 70
0
  0
VERTEX
  5
5EE
  8
CUT
 10
1909.4015441818926
 20
622.5703775155664
 30
0.0
 70
0
  0
VERTEX
  5
5EF
  8
CUT
 10
1908.7282853862375
 20
622.6918467667529
 30
0.0
 70
0
  0
VERTEX
  5
5F0
  8
CUT
 10
1908.0445925175254
 20
622.6674286140191
 30
0.0
 70
0
  0
VERTEX
  5
5F1
  8
CUT
 10
1907.381714625283
 20
622.4982391199993
 30
0.0
 70
0
  0
VERTEX
  5
5F2
  8
CUT
 10
1906.7699493841421
 20
622.1920113050599
 30
0.0
 70
0
  0
VERTEX
  5
5F3
  8
CUT
 10
1906.237258300203
 20
621.762741699797
 30
0.0
 70
0
  0
VERTEX
  5
5F4
  8
CUT
 10
1905.8079886949401
 20
621.230050615858
 30
0.0
 70
0
  0
VERTEX
  5
5F5
  8
CUT
 10
1905.5017608800008
 20
620.6182853747172
 30
0.0
 70
0
  0
VERTEX
  5
5F6
  8
CUT
 10
1905.332571385981
 20
619.9554074824745
 30
0.0
 70
0
  0
VERTEX
  5
5F7
  8
CUT
 10
1905.3081532332471
 20
619.2717146137625
 30
0.0
 70
0
  0
VERTEX
  5
5F8
  8
CUT
 10
1905.4296224844336
 20
618.5984558181074
 30
0.0
 70
0
  0
VERTEX
  5
5F9
  8
CUT
 10
1905.6914272333847
 20
617.9664032424957
 30
0.0
 70
0
  0
VERTEX
  5
5FA
  8
CUT
 10
1906.0816013620663
 20
617.4044456513751
 30
0.0
 70
0
  0
VERTEX
  5
5FB
  8
CUT
 10
1906.5823114671637
 20
616.938268029042
 30
0.0
 70
0
  0
VERTEX
  5
5FC
  8
CUT
 10
1907.170671958394
 20
616.5891776148655
 30
0.0
 70
0
  0
VERTEX
  5
5FD
  8
CUT
 10
1907.8197910734305
 20
616.3731300288922
 30
0.0
 70
0
  0
VERTEX
  5
5FE
  8
CUT
 10
1908.5
 20
616.3
 30
0.0
 70
0
  0
VERTEX
  5
5FF
  8
CUT
 10
1908.5
 20
603.7
 30
0.0
 70
0
  0
VERTEX
  5
600
  8
CUT
 10
1907.8197910734305
 20
603.6268699711078
 30
0.0
 70
0
  0
VERTEX
  5
601
  8
CUT
 10
1907.170671958394
 20
603.4108223851345
 30
0.0
 70
0
  0
VERTEX
  5
602
  8
CUT
 10
1906.5823114671637
 20
603.061731970958
 30
0.0
 70
0
  0
VERTEX
  5
603
  8
CUT
 10
1906.0816013620663
 20
602.5955543486249
 30
0.0
 70
0
  0
VERTEX
  5
604
  8
CUT
 10
1905.6914272333847
 20
602.0335967575043
 30
0.0
 70
0
  0
VERTEX
  5
605
  8
CUT
 10
1905.4296224844336
 20
601.4015441818926
 30
0.0
 70
0
  0
VERTEX
  5
606
  8
CUT
 10
1905.3081532332471
 20
600.7282853862375
 30
0.0
 70
0
  0
VERTEX
  5
607
  8
CUT
 10
1905.332571385981
 20
600.0445925175255
 30
0.0
 70
0
  0
VERTEX
  5
608
  8
CUT
 10
1905.5017608800008
 20
599.3817146252828
 30
0.0
 70
0
  0
VERTEX
  5
609
  8
CUT
 10
1905.8079886949401
 20
598.769949384142
 30
0.0
 70
0
  0
VERTEX
  5
60A
  8
CUT
 10
1906.237258300203
 20
598.237258300203
 30
0.0
 70
0
  0
VERTEX
  5
60B
  8
CUT
 10
1906.7699493841421
 20
597.8079886949401
 30
0.0
 70
0
  0
VERTEX
  5
60C
  8
CUT
 10
1907.381714625283
 20
597.5017608800007
 30
0.0
 70
0
  0
VERTEX
  5
60D
  8
CUT
 10
1908.0445925175254
 20
597.3325713859809
 30
0.0
 70
0
  0
VERTEX
  5
60E
  8
CUT
 10
1908.7282853862375
 20
597.3081532332471
 30
0.0
 70
0
  0
VERTEX
  5
60F
  8
CUT
 10
1909.4015441818926
 20
597.4296224844336
 30
0.0
 70
0
  0
VERTEX
  5
610
  8
CUT
 10
1910.0335967575043
 20
597.6914272333847
 30
0.0
 70
0
  0
VERTEX
  5
611
  8
CUT
 10
1910.595554348625
 20
598.0816013620663
 30
0.0
 70
0
  0
VERTEX
  5
612
  8
CUT
 10
1911.061731970958
 20
598.5823114671637
 30
0.0
 70
0
  0
VERTEX
  5
613
  8
CUT
 10
1911.4108223851345
 20
599.170671958394
 30
0.0
 70
0
  0
VERTEX
  5
614
  8
CUT
 10
1911.6268699711077
 20
599.8197910734305
 30
0.0
 70
0
  0
VERTEX
  5
615
  8
CUT
 10
1911.7
 20
600.5
 30
0.0
 70
0
  0
SEQEND
  5
5B9
  8
CUT
  0
POLYLINE
  5
616
  8
CUT
 66
1
 10
0.0
 20
0.0
 30
0.0
 70
1
  0
VERTEX
  5
618
  8
CUT
 10
2146.3
 20
810.5
 30
0.0
 70
0
  0
VERTEX
  5
619
  8
CUT
 10
2146.3731300288923
 20
809.8197910734305
 30
0.0
 70
0
  0
VERTEX
  5
61A
  8
CUT
 10
2146.5891776148655
 20
809.170671958394
 30
0.0
 70
0
  0
VERTEX
  5
61B
  8
CUT
 10
2146.9382680290423
 20
808.5823114671638
 30
0.0
 70
0
  0
VERTEX
  5
61C
  8
CUT
 10
2147.404445651375
 20
808.0816013620664
 30
0.0
 70
0
  0
VERTEX
  5
61D
  8
CUT
 10
2147.9664032424957
 20
807.691427233385
 30
0.0
 70
0
  0
VERTEX
  5
61E
  8
CUT
 10
2148.5984558181076
 20
807.4296224844337
 30
0.0
 70
0
  0
VERTEX
  5
61F
  8
CUT
 10
2149.2717146137625
 20
807.3081532332474
 30
0.0
 70
0
  0
VERTEX
  5
620
  8
CUT
 10
2149.9554074824746
 20
807.3325713859812
 30
0.0
 70
0
  0
VERTEX
  5
621
  8
CUT
 10
2150.6182853747173
 20
807.501760880001
 30
0.0
 70
0
  0
VERTEX
  5
622
  8
CUT
 10
2151.230050615858
 20
807.8079886949405
 30
0.0
 70
0
  0
VERTEX
  5
623
  8
CUT
 10
2151.762741699797
 20
808.2372583002033
 30
0.0
 70
0
  0
VERTEX
  5
624
  8
CUT
 10
2152.1920113050596
 20
808.7699493841424
 30
0.0
 70
0
  0
VERTEX
  5
625
  8
CUT
 10
2152.498239119999
 20
809.3817146252832
 30
0.0
 70
0
  0
VERTEX
  5
626
  8
CUT
 10
2152.6674286140187
 20
810.0445925175258
 30
0.0
 70
0
  0
VERTEX
  5
627
  8
CUT
 10
2152.691846766753
 20
810.7282853862378
 30
0.0
 70
0
  0
VERTEX
  5
628
  8
CUT
 10
2152.570377515566
 20
811.4015441818927
 30
0.0
 70
0
  0
VERTEX
  5
629
  8
CUT
 10
2152.3085727666153
 20
812.0335967575044
 30
0.0
 70
0
  0
VERTEX
  5
62A
  8
CUT
 10
2151.9183986379335
 20
812.5955543486251
 30
0.0
 70
0
  0
VERTEX
  5
62B
  8
CUT
 10
2151.417688532836
 20
813.0617319709581
 30
0.0
 70
0
  0
VERTEX
  5
62C
  8
CUT
 10
2150.829328041606
 20
813.4108223851346
 30
0.0
 70
0
  0
VERTEX
  5
62D
  8
CUT
 10
2150.1802089265693
 20
813.6268699711078
 30
0.0
 70
0
  0
VERTEX
  5
62E
  8
CUT
 10
2149.5
 20
813.7
 30
0.0
 70
0
  0
VERTEX
  5
62F
  8
CUT
 10
2149.5
 20
826.3
 30
0.0
 70
0
  0
VERTEX
  5
630
  8
CUT
 10
2150.1802089265693
 20
826.3731300288922
 30
0.0
 70
0
  0
VERTEX
  5
631
  8
CUT
 10
2150.829328041606
 20
826.5891776148654
 30
0.0
 70
0
  0
VERTEX
  5
632
  8
CUT
 10
2151.417688532836
 20
826.938268029042
 30
0.0
 70
0
  0
VERTEX
  5
633
  8
CUT
 10
2151.9183986379335
 20
827.404445651375
 30
0.0
 70
0
  0
VERTEX
  5
634
  8
CUT
 10
2152.3085727666153
 20
827.9664032424957
 30
0.0
 70
0
  0
VERTEX
  5
635
  8
CUT
 10
2152.570377515566
 20
828.5984558181074
 30
0.0
 70
0
  0
VERTEX
  5
636
  8
CUT
 10
2152.691846766753
 20
829.2717146137624
 30
0.0
 70
0
  0
VERTEX
  5
637
  8
CUT
 10
2152.6674286140187
 20
829.9554074824744
 30
0.0
 70
0
  0
VERTEX
  5
638
  8
CUT
 10
2152.498239119999
 20
830.618285374717
 30
0.0
 70
0
  0
VERTEX
  5
639
  8
CUT
 10
2152.1920113050596
 20
831.2300506158577
 30
0.0
 70
0
  0
VERTEX
  5
63A
  8
CUT
 10
2151.762741699797
 20
831.7627416997968
 30
0.0
 70
0
  0
VERTEX
  5
63B
  8
CUT
 10
2151.230050615858
 20
832.1920113050596
 30
0.0
 70
0
  0
VERTEX
  5
63C
  8
CUT
 10
2150.6182853747173
 20
832.4982391199991
 30
0.0
 70
0
  0
VERTEX
  5
63D
  8
CUT
 10
2149.9554074824746
 20
832.6674286140188
 30
0.0
 70
0
  0
VERTEX
  5
63E
  8
CUT
 10
2149.2717146137625
 20
832.6918467667526
 30
0.0
 70
0
  0
VERTEX
  5
63F
  8
CUT
 10
2148.5984558181076
 20
832.5703775155662
 30
0.0
 70
0
  0
VERTEX
  5
640
  8
CUT
 10
2147.9664032424957
 20
832.308572766615
 30
0.0
 70
0
  0
VERTEX
  5
641
  8
CUT
 10
2147.404445651375
 20
831.9183986379335
 30
0.0
 70
0
  0
VERTEX
  5
642
  8
CUT
 10
2146.9382680290423
 20
831.4176885328361
 30
0.0
 70
0
  0
VERTEX
  5
643
  8
CUT
 10
2146.5891776148655
 20
830.8293280416059
 30
0.0
 70
0
  0
VERTEX
  5
644
  8
CUT
 10
2146.3731300288923
 20
830.1802089265694
 30
0.0
 70
0
  0
VERTEX
  5
645
  8
CUT
 10
2146.3
 20
829.5
 30
0.0
 70
0
  0
VERTEX
  5
646
  8
CUT
 10
2111.7
 20
829.5
 30
0.0
 70
0
  0
VERTEX
  5
647
  8
CUT
 10
2111.6268699711077
 20
830.1802089265695
 30
0.0
 70
0
  0
VERTEX
  5
648
  8
CUT
 10
2111.4108223851345
 20
830.829328041606
 30
0.0
 70
0
  0
VERTEX
  5
649
  8
CUT
 10
2111.0617319709577
 20
831.4176885328362
 30
0.0
 70
0
  0
VERTEX
  5
64A
  8
CUT
 10
2110.595554348625
 20
831.9183986379335
 30
0.0
 70
0
  0
VERTEX
  5
64B
  8
CUT
 10
2110.0335967575043
 20
832.308572766615
 30
0.0
 70
0
  0
VERTEX
  5
64C
  8
CUT
 10
2109.4015441818924
 20
832.5703775155663
 30
0.0
 70
0
  0
VERTEX
  5
64D
  8
CUT
 10
2108.7282853862375
 20
832.6918467667526
 30
0.0
 70
0
  0
VERTEX
  5
64E
  8
CUT
 10
2108.0445925175254
 20
832.6674286140188
 30
0.0
 70
0
  0
VERTEX
  5
64F
  8
CUT
 10
2107.3817146252827
 20
832.498239119999
 30
0.0
 70
0
  0
VERTEX
  5
650
  8
CUT
 10
2106.769949384142
 20
832.1920113050595
 30
0.0
 70
0
  0
VERTEX
  5
651
  8
CUT
 10
2106.237258300203
 20
831.7627416997967
 30
0.0
 70
0
  0
VERTEX
  5
652
  8
CUT
 10
2105.8079886949404
 20
831.2300506158576
 30
0.0
 70
0
  0
VERTEX
  5
653
  8
CUT
 10
2105.501760880001
 20
830.6182853747168
 30
0.0
 70
0
  0
VERTEX
  5
654
  8
CUT
 10
2105.3325713859813
 20
829.9554074824742
 30
0.0
 70
0
  0
VERTEX
  5
655
  8
CUT
 10
2105.308153233247
 20
829.2717146137622
 30
0.0
 70
0
  0
VERTEX
  5
656
  8
CUT
 10
2105.429622484434
 20
828.5984558181073
 30
0.0
 70
0
  0
VERTEX
  5
657
  8
CUT
 10
2105.6914272333847
 20
827.9664032424956
 30
0.0
 70
0
  0
VERTEX
  5
658
  8
CUT
 10
2106.0816013620665
 20
827.4044456513749
 30
0.0
 70
0
  0
VERTEX
  5
659
  8
CUT
 10
2106.582311467164
 20
826.9382680290419
 30
0.0
 70
0
  0
VERTEX
  5
65A
  8
CUT
 10
2107.170671958394
 20
826.5891776148654
 30
0.0
 70
0
  0
VERTEX
  5
65B
  8
CUT
 10
2107.8197910734307
 20
826.3731300288922
 30
0.0
 70
0
  0
VERTEX
  5
65C
  8
CUT
 10
2108.5
 20
826.3
 30
0.0
 70
0
  0
VERTEX
  5
65D
  8
CUT
 10
2108.5
 20
813.7
 30
0.0
 70
0
  0
VERTEX
  5
65E
  8
CUT
 10
2107.8197910734307
 20
813.6268699711078
 30
0.0
 70
0
  0
VERTEX
  5
65F
  8
CUT
 10
2107.170671958394
 20
813.4108223851346
 30
0.0
 70
0
  0
VERTEX
  5
660
  8
CUT
 10
2106.582311467164
 20
813.061731970958
 30
0.0
 70
0
  0
VERTEX
  5
661
  8
CUT
 10
2106.0816013620665
 20
812.595554348625
 30
0.0
 70
0
  0
VERTEX
  5
662
  8
CUT
 10
2105.6914272333847
 20
812.0335967575043
 30
0.0
 70
0
  0
VERTEX
  5
663
  8
CUT
 10
2105.429622484434
 20
811.4015441818926
 30
0.0
 70
0
  0
VERTEX
  5
664
  8
CUT
 10
2105.308153233247
 20
810.7282853862376
 30
0.0
 70
0
  0
VERTEX
  5
665
  8
CUT
 10
2105.3325713859813
 20
810.0445925175256
 30
0.0
 70
0
  0
VERTEX
  5
666
  8
CUT
 10
2105.501760880001
 20
809.381714625283
 30
0.0
 70
0
  0
VERTEX
  5
667
  8
CUT
 10
2105.8079886949404
 20
808.7699493841423
 30
0.0
 70
0
  0
VERTEX
  5
668
  8
CUT
 10
2106.237258300203
 20
808.2372583002032
 30
0.0
 70
0
  0
VERTEX
  5
669
  8
CUT
 10
2106.769949384142
 20
807.8079886949404
 30
0.0
 70
0
  0
VERTEX
  5
66A
  8
CUT
 10
2107.3817146252827
 20
807.5017608800009
 30
0.0
 70
0
  0
VERTEX
  5
66B
  8
CUT
 10
2108.0445925175254
 20
807.3325713859812
 30
0.0
 70
0
  0
VERTEX
  5
66C
  8
CUT
 10
2108.7282853862375
 20
807.3081532332474
 30
0.0
 70
0
  0
VERTEX
  5
66D
  8
CUT
 10
2109.4015441818924
 20
807.4296224844338
 30
0.0
 70
0
  0
VERTEX
  5
66E
  8
CUT
 10
2110.0335967575043
 20
807.691427233385
 30
0.0
 70
0
  0
VERTEX
  5
66F
  8
CUT
 10
2110.595554348625
 20
808.0816013620665
 30
0.0
 70
0
  0
VERTEX
  5
670
  8
CUT
 10
2111.0617319709577
 20
808.5823114671639
 30
0.0
 70
0
  0
VERTEX
  5
671
  8
CUT
 10
2111.4108223851345
 20
809.1706719583941
 30
0.0
 70
0
  0
VERTEX
  5
672
  8
CUT
 10
2111.6268699711077
 20
809.8197910734306
 30
0.0
 70
0
  0
VERTEX
  5
673
  8
CUT
 10
2111.7
 20
810.5
 30
0.0
 70
0
  0
SEQEND
  5
617
  8
CUT
  0
POLYLINE
  5
674
  8
CUT
 66
1
 10
0.0
 20
0.0
 30
0.0
 70
1
  0
VERTEX
  5
676
  8
CUT
 10
1946.3000000000002
 20
810.5
 30
0.0
 70
0
  0
VERTEX
  5
677
  8
CUT
 10
1946.3731300288923
 20
809.8197910734305
 30
0.0
 70
0
  0
VERTEX
  5
678
  8
CUT
 10
1946.5891776148655
 20
809.170671958394
 30
0.0
 70
0
  0
VERTEX
  5
679
  8
CUT
 10
1946.938268029042
 20
808.5823114671638
 30
0.0
 70
0
  0
VERTEX
  5
67A
  8
CUT
 10
1947.4044456513752
 20
808.0816013620664
 30
0.0
 70
0
  0
VERTEX
  5
67B
  8
CUT
 10
1947.966403242496
 20
807.691427233385
 30
0.0
 70
0
  0
VERTEX
  5
67C
  8
CUT
 10
1948.5984558181076
 20
807.4296224844337
 30
0.0
 70
0
  0
VERTEX
  5
67D
  8
CUT
 10
1949.2717146137625
 20
807.3081532332474
 30
0.0
 70
0
  0
VERTEX
  5
67E
  8
CUT
 10
1949.9554074824746
 20
807.3325713859812
 30
0.0
 70
0
  0
VERTEX
  5
67F
  8
CUT
 10
1950.6182853747173
 20
807.501760880001
 30
0.0
 70
0
  0
VERTEX
  5
680
  8
CUT
 10
1951.2300506158579
 20
807.8079886949405
 30
0.0
 70
0
  0
VERTEX
  5
681
  8
CUT
 10
1951.762741699797
 20
808.2372583002033
 30
0.0
 70
0
  0
VERTEX
  5
682
  8
CUT
 10
1952.1920113050599
 20
808.7699493841424
 30
0.0
 70
0
  0
VERTEX
  5
683
  8
CUT
 10
1952.4982391199992
 20
809.3817146252832
 30
0.0
 70
0
  0
VERTEX
  5
684
  8
CUT
 10
1952.667428614019
 20
810.0445925175258
 30
0.0
 70
0
  0
VERTEX
  5
685
  8
CUT
 10
1952.6918467667526
 20
810.7282853862378
 30
0.0
 70
0
  0
VERTEX
  5
686
  8
CUT
 10
1952.5703775155664
 20
811.4015441818927
 30
0.0
 70
0
  0
VERTEX
  5
687
  8
CUT
 10
1952.308572766615
 20
812.0335967575044
 30
0.0
 70
0
  0
VERTEX
  5
688
  8
CUT
 10
1951.9183986379335
 20
812.5955543486251
 30
0.0
 70
0
  0
VERTEX
  5
689
  8
CUT
 10
1951.417688532836
 20
813.0617319709581
 30
0.0
 70
0
  0
VERTEX
  5
68A
  8
CUT
 10
1950.829328041606
 20
813.4108223851346
 30
0.0
 70
0
  0
VERTEX
  5
68B
  8
CUT
 10
1950.1802089265693
 20
813.6268699711078
 30
0.0
 70
0
  0
VERTEX
  5
68C
  8
CUT
 10
1949.5
 20
813.7
 30
0.0
 70
0
  0
VERTEX
  5
68D
  8
CUT
 10
1949.5
 20
826.3
 30
0.0
 70
0
  0
VERTEX
  5
68E
  8
CUT
 10
1950.1802089265695
 20
826.3731300288922
 30
0.0
 70
0
  0
VERTEX
  5
68F
  8
CUT
 10
1950.829328041606
 20
826.5891776148654
 30
0.0
 70
0
  0
VERTEX
  5
690
  8
CUT
 10
1951.4176885328363
 20
826.938268029042
 30
0.0
 70
0
  0
VERTEX
  5
691
  8
CUT
 10
1951.9183986379335
 20
827.404445651375
 30
0.0
 70
0
  0
VERTEX
  5
692
  8
CUT
 10
1952.3085727666153
 20
827.9664032424957
 30
0.0
 70
0
  0
VERTEX
  5
693
  8
CUT
 10
1952.5703775155664
 20
828.5984558181074
 30
0.0
 70
0
  0
VERTEX
  5
694
  8
CUT
 10
1952.6918467667526
 20
829.2717146137624
 30
0.0
 70
0
  0
VERTEX
  5
695
  8
CUT
 10
1952.667428614019
 20
829.9554074824744
 30
0.0
 70
0
  0
VERTEX
  5
696
  8
CUT
 10
1952.4982391199992
 20
830.618285374717
 30
0.0
 70
0
  0
VERTEX
  5
697
  8
CUT
 10
1952.1920113050596
 20
831.2300506158577
 30
0.0
 70
0
  0
VERTEX
  5
698
  8
CUT
 10
1951.7627416997968
 20
831.7627416997968
 30
0.0
 70
0
  0
VERTEX
  5
699
  8
CUT
 10
1951.2300506158579
 20
832.1920113050596
 30
0.0
 70
0
  0
VERTEX
  5
69A
  8
CUT
 10
1950.618285374717
 20
832.4982391199991
 30
0.0
 70
0
  0
VERTEX
  5
69B
  8
CUT
 10
1949.9554074824746
 20
832.6674286140188
 30
0.0
 70
0
  0
VERTEX
  5
69C
  8
CUT
 10
1949.2717146137625
 20
832.6918467667526
 30
0.0
 70
0
  0
VERTEX
  5
69D
  8
CUT
 10
1948.5984558181074
 20
832.5703775155662
 30
0.0
 70
0
  0
VERTEX
  5
69E
  8
CUT
 10
1947.9664032424957
 20
832.308572766615
 30
0.0
 70
0
  0
VERTEX
  5
69F
  8
CUT
 10
1947.4044456513752
 20
831.9183986379335
 30
0.0
 70
0
  0
VERTEX
  5
6A0
  8
CUT
 10
1946.938268029042
 20
831.4176885328361
 30
0.0
 70
0
  0
VERTEX
  5
6A1
  8
CUT
 10
1946.5891776148655
 20
830.8293280416059
 30
0.0
 70
0
  0
VERTEX
  5
6A2
  8
CUT
 10
1946.3731300288923
 20
830.1802089265694
 30
0.0
 70
0
  0
VERTEX
  5
6A3
  8
CUT
 10
1946.3000000000002
 20
829.5
 30
0.0
 70
0
  0
VERTEX
  5
6A4
  8
CUT
 10
1911.7
 20
829.5
 30
0.0
 70
0
  0
VERTEX
  5
6A5
  8
CUT
 10
1911.6268699711077
 20
830.1802089265695
 30
0.0
 70
0
  0
VERTEX
  5
6A6
  8
CUT
 10
1911.4108223851345
 20
830.829328041606
 30
0.0
 70
0
  0
VERTEX
  5
6A7
  8
CUT
 10
1911.061731970958
 20
831.4176885328363
 30
0.0
 70
0
  0
VERTEX
  5
6A8
  8
CUT
 10
1910.595554348625
 20
831.9183986379337
 30
0.0
 70
0
  0
VERTEX
  5
6A9
  8
CUT
 10
1910.0335967575043
 20
832.3085727666153
 30
0.0
 70
0
  0
VERTEX
  5
6AA
  8
CUT
 10
1909.4015441818926
 20
832.5703775155664
 30
0.0
 70
0
  0
VERTEX
  5
6AB
  8
CUT
 10
1908.7282853862375
 20
832.6918467667529
 30
0.0
 70
0
  0
VERTEX
  5
6AC
  8
CUT
 10
1908.0445925175254
 20
832.6674286140191
 30
0.0
 70
0
  0
VERTEX
  5
6AD
  8
CUT
 10
1907.381714625283
 20
832.4982391199993
 30
0.0
 70
0
  0
VERTEX
  5
6AE
  8
CUT
 10
1906.7699493841421
 20
832.1920113050599
 30
0.0
 70
0
  0
VERTEX
  5
6AF
  8
CUT
 10
1906.237258300203
 20
831.762741699797
 30
0.0
 70
0
  0
VERTEX
  5
6B0
  8
CUT
 10
1905.8079886949401
 20
831.230050615858
 30
0.0
 70
0
  0
VERTEX
  5
6B1
  8
CUT
 10
1905.5017608800008
 20
830.6182853747172
 30
0.0
 70
0
  0
VERTEX
  5
6B2
  8
CUT
 10
1905.332571385981
 20
829.9554074824745
 30
0.0
 70
0
  0
VERTEX
  5
6B3
  8
CUT
 10
1905.3081532332471
 20
829.2717146137625
 30
0.0
 70
0
  0
VERTEX
  5
6B4
  8
CUT
 10
1905.4296224844336
 20
828.5984558181074
 30
0.0
 70
0
  0
VERTEX
  5
6B5
  8
CUT
 10
1905.6914272333847
 20
827.9664032424957
 30
0.0
 70
0
  0
VERTEX
  5
6B6
  8
CUT
 10
1906.0816013620663
 20
827.4044456513751
 30
0.0
 70
0
  0
VERTEX
  5
6B7
  8
CUT
 10
1906.5823114671637
 20
826.938268029042
 30
0.0
 70
0
  0
VERTEX
  5
6B8
  8
CUT
 10
1907.170671958394
 20
826.5891776148655
 30
0.0
 70
0
  0
VERTEX
  5
6B9
  8
CUT
 10
1907.8197910734305
 20
826.3731300288922
 30
0.0
 70
0
  0
VERTEX
  5
6BA
  8
CUT
 10
1908.5
 20
826.3
 30
0.0
 70
0
  0
VERTEX
  5
6BB
  8
CUT
 10
1908.5
 20
813.7
 30
0.0
 70
0
  0
VERTEX
  5
6BC
  8
CUT
 10
1907.8197910734305
 20
813.6268699711078
 30
0.0
 70
0
  0
VERTEX
  5
6BD
  8
CUT
 10
1907.170671958394
 20
813.4108223851345
 30
0.0
 70
0
  0
VERTEX
  5
6BE
  8
CUT
 10
1906.5823114671637
 20
813.061731970958
 30
0.0
 70
0
  0
VERTEX
  5
6BF
  8
CUT
 10
1906.0816013620663
 20
812.5955543486249
 30
0.0
 70
0
  0
VERTEX
  5
6C0
  8
CUT
 10
1905.6914272333847
 20
812.0335967575043
 30
0.0
 70
0
  0
VERTEX
  5
6C1
  8
CUT
 10
1905.4296224844336
 20
811.4015441818926
 30
0.0
 70
0
  0
VERTEX
  5
6C2
  8
CUT
 10
1905.3081532332471
 20
810.7282853862375
 30
0.0
 70
0
  0
VERTEX
  5
6C3
  8
CUT
 10
1905.332571385981
 20
810.0445925175255
 30
0.0
 70
0
  0
VERTEX
  5
6C4
  8
CUT
 10
1905.5017608800008
 20
809.3817146252828
 30
0.0
 70
0
  0
VERTEX
  5
6C5
  8
CUT
 10
1905.8079886949401
 20
808.769949384142
 30
0.0
 70
0
  0
VERTEX
  5
6C6
  8
CUT
 10
1906.237258300203
 20
808.237258300203
 30
0.0
 70
0
  0
VERTEX
  5
6C7
  8
CUT
 10
1906.7699493841421
 20
807.8079886949401
 30
0.0
 70
0
  0
VERTEX
  5
6C8
  8
CUT
 10
1907.381714625283
 20
807.5017608800007
 30
0.0
 70
0
  0
VERTEX
  5
6C9
  8
CUT
 10
1908.0445925175254
 20
807.3325713859809
 30
0.0
 70
0
  0
VERTEX
  5
6CA
  8
CUT
 10
1908.7282853862375
 20
807.3081532332471
 30
0.0
 70
0
  0
VERTEX
  5
6CB
  8
CUT
 10
1909.4015441818926
 20
807.4296224844336
 30
0.0
 70
0
  0
VERTEX
  5
6CC
  8
CUT
 10
1910.0335967575043
 20
807.6914272333847
 30
0.0
 70
0
  0
VERTEX
  5
6CD
  8
CUT
 10
1910.595554348625
 20
808.0816013620663
 30
0.0
 70
0
  0
VERTEX
  5
6CE
  8
CUT
 10
1911.061731970958
 20
808.5823114671637
 30
0.0
 70
0
  0
VERTEX
  5
6CF
  8
CUT
 10
1911.4108223851345
 20
809.170671958394
 30
0.0
 70
0
  0
VERTEX
  5
6D0
  8
CUT
 10
1911.6268699711077
 20
809.8197910734305
 30
0.0
 70
0
  0
VERTEX
  5
6D1
  8
CUT
 10
1911.7
 20
810.5
 30
0.0
 70
0
  0
SEQEND
  5
675
  8
CUT
  0
POLYLINE
  5
6D2
  8
CUT
 66
1
 10
0.0
 20
0.0
 30
0.0
 70
1
  0
VERTEX
  5
6D4
  8
CUT
 10
2186.3
 20
330.5
 30
0.0
 70
0
  0
VERTEX
  5
6D5
  8
CUT
 10
2186.3731300288923
 20
329.8197910734305
 30
0.0
 70
0
  0
VERTEX
  5
6D6
  8
CUT
 10
2186.5891776148655
 20
329.170671958394
 30
0.0
 70
0
  0
VERTEX
  5
6D7
  8
CUT
 10
2186.9382680290423
 20
328.5823114671638
 30
0.0
 70
0
  0
VERTEX
  5
6D8
  8
CUT
 10
2187.404445651375
 20
328.08160136206646
 30
0.0
 70
0
  0
VERTEX
  5
6D9
  8
CUT
 10
2187.9664032424957
 20
327.6914272333849
 30
0.0
 70
0
  0
VERTEX
  5
6DA
  8
CUT
 10
2188.5984558181076
 20
327.42962248443376
 30
0.0
 70
0
  0
VERTEX
  5
6DB
  8
CUT
 10
2189.2717146137625
 20
327.30815323324737
 30
0.0
 70
0
  0
VERTEX
  5
6DC
  8
CUT
 10
2189.9554074824746
 20
327.3325713859812
 30
0.0
 70
0
  0
VERTEX
  5
6DD
  8
CUT
 10
2190.6182853747173
 20
327.50176088000103
 30
0.0
 70
0
  0
VERTEX
  5
6DE
  8
CUT
 10
2191.230050615858
 20
327.8079886949405
 30
0.0
 70
0
  0
VERTEX
  5
6DF
  8
CUT
 10
2191.762741699797
 20
328.23725830020334
 30
0.0
 70
0
  0
VERTEX
  5
6E0
  8
CUT
 10
2192.1920113050596
 20
328.76994938414236
 30
0.0
 70
0
  0
VERTEX
  5
6E1
  8
CUT
 10
2192.498239119999
 20
329.38171462528317
 30
0.0
 70
0
  0
VERTEX
  5
6E2
  8
CUT
 10
2192.6674286140187
 20
330.0445925175257
 30
0.0
 70
0
  0
VERTEX
  5
6E3
  8
CUT
 10
2192.691846766753
 20
330.72828538623776
 30
0.0
 70
0
  0
VERTEX
  5
6E4
  8
CUT
 10
2192.570377515566
 20
331.40154418189275
 30
0.0
 70
0
  0
VERTEX
  5
6E5
  8
CUT
 10
2192.3085727666153
 20
332.03359675750437
 30
0.0
 70
0
  0
VERTEX
  5
6E6
  8
CUT
 10
2191.9183986379335
 20
332.59555434862506
 30
0.0
 70
0
  0
VERTEX
  5
6E7
  8
CUT
 10
2191.417688532836
 20
333.0617319709581
 30
0.0
 70
0
  0
VERTEX
  5
6E8
  8
CUT
 10
2190.829328041606
 20
333.4108223851345
 30
0.0
 70
0
  0
VERTEX
  5
6E9
  8
CUT
 10
2190.1802089265693
 20
333.62686997110774
 30
0.0
 70
0
  0
VERTEX
  5
6EA
  8
CUT
 10
2189.5
 20
333.7
 30
0.0
 70
0
  0
VERTEX
  5
6EB
  8
CUT
 10
2189.5
 20
346.3
 30
0.0
 70
0
  0
VERTEX
  5
6EC
  8
CUT
 10
2190.1802089265693
 20
346.37313002889226
 30
0.0
 70
0
  0
VERTEX
  5
6ED
  8
CUT
 10
2190.829328041606
 20
346.5891776148655
 30
0.0
 70
0
  0
VERTEX
  5
6EE
  8
CUT
 10
2191.417688532836
 20
346.93826802904204
 30
0.0
 70
0
  0
VERTEX
  5
6EF
  8
CUT
 10
2191.9183986379335
 20
347.40444565137506
 30
0.0
 70
0
  0
VERTEX
  5
6F0
  8
CUT
 10
2192.3085727666153
 20
347.96640324249574
 30
0.0
 70
0
  0
VERTEX
  5
6F1
  8
CUT
 10
2192.570377515566
 20
348.5984558181073
 30
0.0
 70
0
  0
VERTEX
  5
6F2
  8
CUT
 10
2192.691846766753
 20
349.27171461376236
 30
0.0
 70
0
  0
VERTEX
  5
6F3
  8
CUT
 10
2192.6674286140187
 20
349.95540748247436
 30
0.0
 70
0
  0
VERTEX
  5
6F4
  8
CUT
 10
2192.498239119999
 20
350.61828537471695
 30
0.0
 70
0
  0
VERTEX
  5
6F5
  8
CUT
 10
2192.1920113050596
 20
351.23005061585775
 30
0.0
 70
0
  0
VERTEX
  5
6F6
  8
CUT
 10
2191.762741699797
 20
351.7627416997968
 30
0.0
 70
0
  0
VERTEX
  5
6F7
  8
CUT
 10
2191.2300506158576
 20
352.19201130505957
 30
0.0
 70
0
  0
VERTEX
  5
6F8
  8
CUT
 10
2190.6182853747173
 20
352.498239119999
 30
0.0
 70
0
  0
VERTEX
  5
6F9
  8
CUT
 10
2189.9554074824746
 20
352.6674286140188
 30
0.0
 70
0
  0
VERTEX
  5
6FA
  8
CUT
 10
2189.2717146137625
 20
352.6918467667526
 30
0.0
 70
0
  0
VERTEX
  5
6FB
  8
CUT
 10
2188.5984558181076
 20
352.5703775155662
 30
0.0
 70
0
  0
VERTEX
  5
6FC
  8
CUT
 10
2187.9664032424957
 20
352.30857276661504
 30
0.0
 70
0
  0
VERTEX
  5
6FD
  8
CUT
 10
2187.404445651375
 20
351.9183986379334
 30
0.0
 70
0
  0
VERTEX
  5
6FE
  8
CUT
 10
2186.9382680290423
 20
351.41768853283617
 30
0.0
 70
0
  0
VERTEX
  5
6FF
  8
CUT
 10
2186.5891776148655
 20
350.8293280416059
 30
0.0
 70
0
  0
VERTEX
  5
700
  8
CUT
 10
2186.3731300288923
 20
350.1802089265694
 30
0.0
 70
0
  0
VERTEX
  5
701
  8
CUT
 10
2186.3
 20
349.5
 30
0.0
 70
0
  0
VERTEX
  5
702
  8
CUT
 10
2151.7
 20
349.5
 30
0.0
 70
0
  0
VERTEX
  5
703
  8
CUT
 10
2151.6268699711077
 20
350.1802089265695
 30
0.0
 70
0
  0
VERTEX
  5
704
  8
CUT
 10
2151.4108223851345
 20
350.829328041606
 30
0.0
 70
0
  0
VERTEX
  5
705
  8
CUT
 10
2151.0617319709577
 20
351.4176885328362
 30
0.0
 70
0
  0
VERTEX
  5
706
  8
CUT
 10
2150.595554348625
 20
351.91839863793354
 30
0.0
 70
0
  0
VERTEX
  5
707
  8
CUT
 10
2150.0335967575043
 20
352.3085727666151
 30
0.0
 70
0
  0
VERTEX
  5
708
  8
CUT
 10
2149.4015441818924
 20
352.57037751556624
 30
0.0
 70
0
  0
VERTEX
  5
709
  8
CUT
 10
2148.7282853862375
 20
352.69184676675263
 30
0.0
 70
0
  0
VERTEX
  5
70A
  8
CUT
 10
2148.0445925175254
 20
352.6674286140188
 30
0.0
 70
0
  0
VERTEX
  5
70B
  8
CUT
 10
2147.3817146252827
 20
352.49823911999897
 30
0.0
 70
0
  0
VERTEX
  5
70C
  8
CUT
 10
2146.769949384142
 20
352.1920113050595
 30
0.0
 70
0
  0
VERTEX
  5
70D
  8
CUT
 10
2146.237258300203
 20
351.76274169979666
 30
0.0
 70
0
  0
VERTEX
  5
70E
  8
CUT
 10
2145.8079886949404
 20
351.23005061585764
 30
0.0
 70
0
  0
VERTEX
  5
70F
  8
CUT
 10
2145.501760880001
 20
350.61828537471683
 30
0.0
 70
0
  0
VERTEX
  5
710
  8
CUT
 10
2145.3325713859813
 20
349.9554074824743
 30
0.0
 70
0
  0
VERTEX
  5
711
  8
CUT
 10
2145.308153233247
 20
349.27171461376224
 30
0.0
 70
0
  0
VERTEX
  5
712
  8
CUT
 10
2145.429622484434
 20
348.59845581810725
 30
0.0
 70
0
  0
VERTEX
  5
713
  8
CUT
 10
2145.6914272333847
 20
347.96640324249563
 30
0.0
 70
0
  0
VERTEX
  5
714
  8
CUT
 10
2146.0816013620665
 20
347.40444565137494
 30
0.0
 70
0
  0
VERTEX
  5
715
  8
CUT
 10
2146.582311467164
 20
346.9382680290419
 30
0.0
 70
0
  0
VERTEX
  5
716
  8
CUT
 10
2147.170671958394
 20
346.5891776148655
 30
0.0
 70
0
  0
VERTEX
  5
717
  8
CUT
 10
2147.8197910734307
 20
346.37313002889226
 30
0.0
 70
0
  0
VERTEX
  5
718
  8
CUT
 10
2148.5
 20
346.3
 30
0.0
 70
0
  0
VERTEX
  5
719
  8
CUT
 10
2148.5
 20
333.7
 30
0.0
 70
0
  0
VERTEX
  5
71A
  8
CUT
 10
2147.8197910734307
 20
333.62686997110774
 30
0.0
 70
0
  0
VERTEX
  5
71B
  8
CUT
 10
2147.170671958394
 20
333.4108223851345
 30
0.0
 70
0
  0
VERTEX
  5
71C
  8
CUT
 10
2146.582311467164
 20
333.06173197095796
 30
0.0
 70
0
  0
VERTEX
  5
71D
  8
CUT
 10
2146.0816013620665
 20
332.59555434862494
 30
0.0
 70
0
  0
VERTEX
  5
71E
  8
CUT
 10
2145.6914272333847
 20
332.03359675750426
 30
0.0
 70
0
  0
VERTEX
  5
71F
  8
CUT
 10
2145.429622484434
 20
331.4015441818927
 30
0.0
 70
0
  0
VERTEX
  5
720
  8
CUT
 10
2145.308153233247
 20
330.72828538623764
 30
0.0
 70
0
  0
VERTEX
  5
721
  8
CUT
 10
2145.3325713859813
 20
330.04459251752564
 30
0.0
 70
0
  0
VERTEX
  5
722
  8
CUT
 10
2145.501760880001
 20
329.38171462528305
 30
0.0
 70
0
  0
VERTEX
  5
723
  8
CUT
 10
2145.8079886949404
 20
328.76994938414225
 30
0.0
 70
0
  0
VERTEX
  5
724
  8
CUT
 10
2146.237258300203
 20
328.2372583002032
 30
0.0
 70
0
  0
VERTEX
  5
725
  8
CUT
 10
2146.7699493841424
 20
327.80798869494043
 30
0.0
 70
0
  0
VERTEX
  5
726
  8
CUT
 10
2147.3817146252827
 20
327.501760880001
 30
0.0
 70
0
  0
VERTEX
  5
727
  8
CUT
 10
2148.0445925175254
 20
327.3325713859812
 30
0.0
 70
0
  0
VERTEX
  5
728
  8
CUT
 10
2148.7282853862375
 20
327.3081532332474
 30
0.0
 70
0
  0
VERTEX
  5
729
  8
CUT
 10
2149.4015441818924
 20
327.4296224844338
 30
0.0
 70
0
  0
VERTEX
  5
72A
  8
CUT
 10
2150.0335967575043
 20
327.69142723338496
 30
0.0
 70
0
  0
VERTEX
  5
72B
  8
CUT
 10
2150.595554348625
 20
328.0816013620666
 30
0.0
 70
0
  0
VERTEX
  5
72C
  8
CUT
 10
2151.0617319709577
 20
328.58231146716383
 30
0.0
 70
0
  0
VERTEX
  5
72D
  8
CUT
 10
2151.4108223851345
 20
329.1706719583941
 30
0.0
 70
0
  0
VERTEX
  5
72E
  8
CUT
 10
2151.6268699711077
 20
329.8197910734306
 30
0.0
 70
0
  0
VERTEX
  5
72F
  8
CUT
 10
2151.7
 20
330.5
 30
0.0
 70
0
  0
SEQEND
  5
6D3
  8
CUT
  0
POLYLINE
  5
730
  8
CUT
 66
1
 10
0.0
 20
0.0
 30
0.0
 70
1
  0
VERTEX
  5
732
  8
CUT
 10
2056.3
 20
330.5
 30
0.0
 70
0
  0
VERTEX
  5
733
  8
CUT
 10
2056.3731300288923
 20
329.8197910734305
 30
0.0
 70
0
  0
VERTEX
  5
734
  8
CUT
 10
2056.5891776148655
 20
329.170671958394
 30
0.0
 70
0
  0
VERTEX
  5
735
  8
CUT
 10
2056.9382680290423
 20
328.5823114671638
 30
0.0
 70
0
  0
VERTEX
  5
736
  8
CUT
 10
2057.404445651375
 20
328.08160136206646
 30
0.0
 70
0
  0
VERTEX
  5
737
  8
CUT
 10
2057.9664032424957
 20
327.6914272333849
 30
0.0
 70
0
  0
VERTEX
  5
738
  8
CUT
 10
2058.5984558181076
 20
327.42962248443376
 30
0.0
 70
0
  0
VERTEX
  5
739
  8
CUT
 10
2059.2717146137625
 20
327.30815323324737
 30
0.0
 70
0
  0
VERTEX
  5
73A
  8
CUT
 10
2059.9554074824746
 20
327.3325713859812
 30
0.0
 70
0
  0
VERTEX
  5
73B
  8
CUT
 10
2060.6182853747173
 20
327.501760880001
 30
0.0
 70
0
  0
VERTEX
  5
73C
  8
CUT
 10
2061.230050615858
 20
327.80798869494043
 30
0.0
 70
0
  0
VERTEX
  5
73D
  8
CUT
 10
2061.762741699797
 20
328.2372583002033
 30
0.0
 70
0
  0
VERTEX
  5
73E
  8
CUT
 10
2062.1920113050596
 20
328.7699493841423
 30
0.0
 70
0
  0
VERTEX
  5
73F
  8
CUT
 10
2062.498239119999
 20
329.3817146252831
 30
0.0
 70
0
  0
VERTEX
  5
740
  8
CUT
 10
2062.6674286140187
 20
330.0445925175257
 30
0.0
 70
0
  0
VERTEX
  5
741
  8
CUT
 10
2062.691846766753
 20
330.72828538623776
 30
0.0
 70
0
  0
VERTEX
  5
742
  8
CUT
 10
2062.570377515566
 20
331.4015441818928
 30
0.0
 70
0
  0
VERTEX
  5
743
  8
CUT
 10
2062.3085727666153
 20
332.03359675750437
 30
0.0
 70
0
  0
VERTEX
  5
744
  8
CUT
 10
2061.9183986379335
 20
332.59555434862506
 30
0.0
 70
0
  0
VERTEX
  5
745
  8
CUT
 10
2061.417688532836
 20
333.0617319709581
 30
0.0
 70
0
  0
VERTEX
  5
746
  8
CUT
 10
2060.829328041606
 20
333.41082238513457
 30
0.0
 70
0
  0
VERTEX
  5
747
  8
CUT
 10
2060.1802089265693
 20
333.6268699711078
 30
0.0
 70
0
  0
VERTEX
  5
748
  8
CUT
 10
2059.5
 20
333.70000000000005
 30
0.0
 70
0
  0
VERTEX
  5
749
  8
CUT
 10
2059.5
 20
346.3
 30
0.0
 70
0
  0
VERTEX
  5
74A
  8
CUT
 10
2060.1802089265693
 20
346.37313002889226
 30
0.0
 70
0
  0
VERTEX
  5
74B
  8
CUT
 10
2060.829328041606
 20
346.5891776148655
 30
0.0
 70
0
  0
VERTEX
  5
74C
  8
CUT
 10
2061.417688532836
 20
346.93826802904204
 30
0.0
 70
0
  0
VERTEX
  5
74D
  8
CUT
 10
2061.9183986379335
 20
347.40444565137506
 30
0.0
 70
0
  0
VERTEX
  5
74E
  8
CUT
 10
2062.3085727666153
 20
347.96640324249574
 30
0.0
 70
0
  0
VERTEX
  5
74F
  8
CUT
 10
2062.570377515566
 20
348.5984558181073
 30
0.0
 70
0
  0
VERTEX
  5
750
  8
CUT
 10
2062.691846766753
 20
349.27171461376236
 30
0.0
 70
0
  0
VERTEX
  5
751
  8
CUT
 10
2062.6674286140187
 20
349.95540748247436
 30
0.0
 70
0
  0
VERTEX
  5
752
  8
CUT
 10
2062.498239119999
 20
350.61828537471695
 30
0.0
 70
0
  0
VERTEX
  5
753
  8
CUT
 10
2062.1920113050596
 20
351.23005061585775
 30
0.0
 70
0
  0
VERTEX
  5
754
  8
CUT
 10
2061.762741699797
 20
351.7627416997968
 30
0.0
 70
0
  0
VERTEX
  5
755
  8
CUT
 10
2061.2300506158576
 20
352.19201130505957
 30
0.0
 70
0
  0
VERTEX
  5
756
  8
CUT
 10
2060.6182853747173
 20
352.498239119999
 30
0.0
 70
0
  0
VERTEX
  5
757
  8
CUT
 10
2059.9554074824746
 20
352.6674286140188
 30
0.0
 70
0
  0
VERTEX
  5
758
  8
CUT
 10
2059.2717146137625
 20
352.6918467667526
 30
0.0
 70
0
  0
VERTEX
  5
759
  8
CUT
 10
2058.5984558181076
 20
352.5703775155662
 30
0.0
 70
0
  0
VERTEX
  5
75A
  8
CUT
 10
2057.9664032424957
 20
352.30857276661504
 30
0.0
 70
0
  0
VERTEX
  5
75B
  8
CUT
 10
2057.404445651375
 20
351.9183986379334
 30
0.0
 70
0
  0
VERTEX
  5
75C
  8
CUT
 10
2056.9382680290423
 20
351.41768853283617
 30
0.0
 70
0
  0
VERTEX
  5
75D
  8
CUT
 10
2056.5891776148655
 20
350.8293280416059
 30
0.0
 70
0
  0
VERTEX
  5
75E
  8
CUT
 10
2056.3731300288923
 20
350.1802089265694
 30
0.0
 70
0
  0
VERTEX
  5
75F
  8
CUT
 10
2056.3
 20
349.5
 30
0.0
 70
0
  0
VERTEX
  5
760
  8
CUT
 10
2021.7
 20
349.5
 30
0.0
 70
0
  0
VERTEX
  5
761
  8
CUT
 10
2021.6268699711077
 20
350.18020892656955
 30
0.0
 70
0
  0
VERTEX
  5
762
  8
CUT
 10
2021.4108223851345
 20
350.82932804160606
 30
0.0
 70
0
  0
VERTEX
  5
763
  8
CUT
 10
2021.061731970958
 20
351.41768853283634
 30
0.0
 70
0
  0
VERTEX
  5
764
  8
CUT
 10
2020.595554348625
 20
351.91839863793365
 30
0.0
 70
0
  0
VERTEX
  5
765
  8
CUT
 10
2020.0335967575043
 20
352.3085727666152
 30
0.0
 70
0
  0
VERTEX
  5
766
  8
CUT
 10
2019.4015441818926
 20
352.5703775155664
 30
0.0
 70
0
  0
VERTEX
  5
767
  8
CUT
 10
2018.7282853862375
 20
352.6918467667528
 30
0.0
 70
0
  0
VERTEX
  5
768
  8
CUT
 10
2018.0445925175254
 20
352.667428614019
 30
0.0
 70
0
  0
VERTEX
  5
769
  8
CUT
 10
2017.381714625283
 20
352.49823911999925
 30
0.0
 70
0
  0
VERTEX
  5
76A
  8
CUT
 10
2016.7699493841421
 20
352.1920113050598
 30
0.0
 70
0
  0
VERTEX
  5
76B
  8
CUT
 10
2016.237258300203
 20
351.76274169979695
 30
0.0
 70
0
  0
VERTEX
  5
76C
  8
CUT
 10
2015.8079886949401
 20
351.2300506158579
 30
0.0
 70
0
  0
VERTEX
  5
76D
  8
CUT
 10
2015.5017608800008
 20
350.6182853747171
 30
0.0
 70
0
  0
VERTEX
  5
76E
  8
CUT
 10
2015.332571385981
 20
349.9554074824745
 30
0.0
 70
0
  0
VERTEX
  5
76F
  8
CUT
 10
2015.3081532332471
 20
349.27171461376247
 30
0.0
 70
0
  0
VERTEX
  5
770
  8
CUT
 10
2015.4296224844336
 20
348.5984558181074
 30
0.0
 70
0
  0
VERTEX
  5
771
  8
CUT
 10
2015.6914272333847
 20
347.9664032424958
 30
0.0
 70
0
  0
VERTEX
  5
772
  8
CUT
 10
2016.0816013620663
 20
347.40444565137506
 30
0.0
 70
0
  0
VERTEX
  5
773
  8
CUT
 10
2016.5823114671637
 20
346.93826802904204
 30
0.0
 70
0
  0
VERTEX
  5
774
  8
CUT
 10
2017.170671958394
 20
346.58917761486555
 30
0.0
 70
0
  0
VERTEX
  5
775
  8
CUT
 10
2017.8197910734305
 20
346.37313002889226
 30
0.0
 70
0
  0
VERTEX
  5
776
  8
CUT
 10
2018.5
 20
346.3
 30
0.0
 70
0
  0
VERTEX
  5
777
  8
CUT
 10
2018.5
 20
333.70000000000005
 30
0.0
 70
0
  0
VERTEX
  5
778
  8
CUT
 10
2017.8197910734305
 20
333.62686997110774
 30
0.0
 70
0
  0
VERTEX
  5
779
  8
CUT
 10
2017.170671958394
 20
333.4108223851345
 30
0.0
 70
0
  0
VERTEX
  5
77A
  8
CUT
 10
2016.5823114671637
 20
333.06173197095796
 30
0.0
 70
0
  0
VERTEX
  5
77B
  8
CUT
 10
2016.0816013620663
 20
332.59555434862494
 30
0.0
 70
0
  0
VERTEX
  5
77C
  8
CUT
 10
2015.6914272333847
 20
332.0335967575042
 30
0.0
 70
0
  0
VERTEX
  5
77D
  8
CUT
 10
2015.4296224844336
 20
331.4015441818926
 30
0.0
 70
0
  0
VERTEX
  5
77E
  8
CUT
 10
2015.3081532332471
 20
330.72828538623753
 30
0.0
 70
0
  0
VERTEX
  5
77F
  8
CUT
 10
2015.332571385981
 20
330.0445925175255
 30
0.0
 70
0
  0
VERTEX
  5
780
  8
CUT
 10
2015.5017608800008
 20
329.3817146252829
 30
0.0
 70
0
  0
VERTEX
  5
781
  8
CUT
 10
2015.8079886949401
 20
328.7699493841421
 30
0.0
 70
0
  0
VERTEX
  5
782
  8
CUT
 10
2016.237258300203
 20
328.237258300203
 30
0.0
 70
0
  0
VERTEX
  5
783
  8
CUT
 10
2016.7699493841421
 20
327.8079886949402
 30
0.0
 70
0
  0
VERTEX
  5
784
  8
CUT
 10
2017.381714625283
 20
327.50176088000075
 30
0.0
 70
0
  0
VERTEX
  5
785
  8
CUT
 10
2018.0445925175254
 20
327.332571385981
 30
0.0
 70
0
  0
VERTEX
  5
786
  8
CUT
 10
2018.7282853862375
 20
327.30815323324714
 30
0.0
 70
0
  0
VERTEX
  5
787
  8
CUT
 10
2019.4015441818926
 20
327.42962248443354
 30
0.0
 70
0
  0
VERTEX
  5
788
  8
CUT
 10
2020.0335967575043
 20
327.69142723338473
 30
0.0
 70
0
  0
VERTEX
  5
789
  8
CUT
 10
2020.595554348625
 20
328.08160136206635
 30
0.0
 70
0
  0
VERTEX
  5
78A
  8
CUT
 10
2021.061731970958
 20
328.58231146716366
 30
0.0
 70
0
  0
VERTEX
  5
78B
  8
CUT
 10
2021.4108223851345
 20
329.17067195839394
 30
0.0
 70
0
  0
VERTEX
  5
78C
  8
CUT
 10
2021.6268699711077
 20
329.81979107343045
 30
0.0
 70
0
  0
VERTEX
  5
78D
  8
CUT
 10
2021.7
 20
330.5
 30
0.0
 70
0
  0
SEQEND
  5
731
  8
CUT
  0
POLYLINE
  5
78E
  8
CUT
 66
1
 10
0.0
 20
0.0
 30
0.0
 70
1
  0
VERTEX
  5
790
  8
CUT
 10
2075.3
 20
640.5
 30
0.0
 70
0
  0
VERTEX
  5
791
  8
CUT
 10
2075.3731300288923
 20
639.8197910734305
 30
0.0
 70
0
  0
VERTEX
  5
792
  8
CUT
 10
2075.5891776148655
 20
639.170671958394
 30
0.0
 70
0
  0
VERTEX
  5
793
  8
CUT
 10
2075.9382680290423
 20
638.5823114671638
 30
0.0
 70
0
  0
VERTEX
  5
794
  8
CUT
 10
2076.404445651375
 20
638.0816013620664
 30
0.0
 70
0
  0
VERTEX
  5
795
  8
CUT
 10
2076.9664032424957
 20
637.691427233385
 30
0.0
 70
0
  0
VERTEX
  5
796
  8
CUT
 10
2077.5984558181076
 20
637.4296224844337
 30
0.0
 70
0
  0
VERTEX
  5
797
  8
CUT
 10
2078.2717146137625
 20
637.3081532332474
 30
0.0
 70
0
  0
VERTEX
  5
798
  8
CUT
 10
2078.9554074824746
 20
637.3325713859812
 30
0.0
 70
0
  0
VERTEX
  5
799
  8
CUT
 10
2079.6182853747173
 20
637.501760880001
 30
0.0
 70
0
  0
VERTEX
  5
79A
  8
CUT
 10
2080.230050615858
 20
637.8079886949405
 30
0.0
 70
0
  0
VERTEX
  5
79B
  8
CUT
 10
2080.762741699797
 20
638.2372583002033
 30
0.0
 70
0
  0
VERTEX
  5
79C
  8
CUT
 10
2081.1920113050596
 20
638.7699493841424
 30
0.0
 70
0
  0
VERTEX
  5
79D
  8
CUT
 10
2081.498239119999
 20
639.3817146252832
 30
0.0
 70
0
  0
VERTEX
  5
79E
  8
CUT
 10
2081.6674286140187
 20
640.0445925175258
 30
0.0
 70
0
  0
VERTEX
  5
79F
  8
CUT
 10
2081.691846766753
 20
640.7282853862378
 30
0.0
 70
0
  0
VERTEX
  5
7A0
  8
CUT
 10
2081.570377515566
 20
641.4015441818927
 30
0.0
 70
0
  0
VERTEX
  5
7A1
  8
CUT
 10
2081.3085727666153
 20
642.0335967575044
 30
0.0
 70
0
  0
VERTEX
  5
7A2
  8
CUT
 10
2080.9183986379335
 20
642.5955543486251
 30
0.0
 70
0
  0
VERTEX
  5
7A3
  8
CUT
 10
2080.417688532836
 20
643.0617319709581
 30
0.0
 70
0
  0
VERTEX
  5
7A4
  8
CUT
 10
2079.829328041606
 20
643.4108223851346
 30
0.0
 70
0
  0
VERTEX
  5
7A5
  8
CUT
 10
2079.1802089265693
 20
643.6268699711078
 30
0.0
 70
0
  0
VERTEX
  5
7A6
  8
CUT
 10
2078.5
 20
643.7
 30
0.0
 70
0
  0
VERTEX
  5
7A7
  8
CUT
 10
2078.5
 20
656.3
 30
0.0
 70
0
  0
VERTEX
  5
7A8
  8
CUT
 10
2079.1802089265693
 20
656.3731300288922
 30
0.0
 70
0
  0
VERTEX
  5
7A9
  8
CUT
 10
2079.829328041606
 20
656.5891776148654
 30
0.0
 70
0
  0
VERTEX
  5
7AA
  8
CUT
 10
2080.417688532836
 20
656.938268029042
 30
0.0
 70
0
  0
VERTEX
  5
7AB
  8
CUT
 10
2080.9183986379335
 20
657.404445651375
 30
0.0
 70
0
  0
VERTEX
  5
7AC
  8
CUT
 10
2081.3085727666153
 20
657.9664032424957
 30
0.0
 70
0
  0
VERTEX
  5
7AD
  8
CUT
 10
2081.570377515566
 20
658.5984558181074
 30
0.0
 70
0
  0
VERTEX
  5
7AE
  8
CUT
 10
2081.691846766753
 20
659.2717146137624
 30
0.0
 70
0
  0
VERTEX
  5
7AF
  8
CUT
 10
2081.6674286140187
 20
659.9554074824744
 30
0.0
 70
0
  0
VERTEX
  5
7B0
  8
CUT
 10
2081.498239119999
 20
660.618285374717
 30
0.0
 70
0
  0
VERTEX
  5
7B1
  8
CUT
 10
2081.1920113050596
 20
661.2300506158577
 30
0.0
 70
0
  0
VERTEX
  5
7B2
  8
CUT
 10
2080.762741699797
 20
661.7627416997968
 30
0.0
 70
0
  0
VERTEX
  5
7B3
  8
CUT
 10
2080.230050615858
 20
662.1920113050596
 30
0.0
 70
0
  0
VERTEX
  5
7B4
  8
CUT
 10
2079.6182853747173
 20
662.4982391199991
 30
0.0
 70
0
  0
VERTEX
  5
7B5
  8
CUT
 10
2078.9554074824746
 20
662.6674286140188
 30
0.0
 70
0
  0
VERTEX
  5
7B6
  8
CUT
 10
2078.2717146137625
 20
662.6918467667526
 30
0.0
 70
0
  0
VERTEX
  5
7B7
  8
CUT
 10
2077.5984558181076
 20
662.5703775155662
 30
0.0
 70
0
  0
VERTEX
  5
7B8
  8
CUT
 10
2076.9664032424957
 20
662.308572766615
 30
0.0
 70
0
  0
VERTEX
  5
7B9
  8
CUT
 10
2076.404445651375
 20
661.9183986379335
 30
0.0
 70
0
  0
VERTEX
  5
7BA
  8
CUT
 10
2075.9382680290423
 20
661.4176885328361
 30
0.0
 70
0
  0
VERTEX
  5
7BB
  8
CUT
 10
2075.5891776148655
 20
660.8293280416059
 30
0.0
 70
0
  0
VERTEX
  5
7BC
  8
CUT
 10
2075.3731300288923
 20
660.1802089265694
 30
0.0
 70
0
  0
VERTEX
  5
7BD
  8
CUT
 10
2075.3
 20
659.5
 30
0.0
 70
0
  0
VERTEX
  5
7BE
  8
CUT
 10
2040.7
 20
659.5
 30
0.0
 70
0
  0
VERTEX
  5
7BF
  8
CUT
 10
2040.6268699711077
 20
660.1802089265695
 30
0.0
 70
0
  0
VERTEX
  5
7C0
  8
CUT
 10
2040.4108223851345
 20
660.829328041606
 30
0.0
 70
0
  0
VERTEX
  5
7C1
  8
CUT
 10
2040.061731970958
 20
661.4176885328363
 30
0.0
 70
0
  0
VERTEX
  5
7C2
  8
CUT
 10
2039.595554348625
 20
661.9183986379337
 30
0.0
 70
0
  0
VERTEX
  5
7C3
  8
CUT
 10
2039.0335967575043
 20
662.3085727666153
 30
0.0
 70
0
  0
VERTEX
  5
7C4
  8
CUT
 10
2038.4015441818926
 20
662.5703775155664
 30
0.0
 70
0
  0
VERTEX
  5
7C5
  8
CUT
 10
2037.7282853862375
 20
662.6918467667529
 30
0.0
 70
0
  0
VERTEX
  5
7C6
  8
CUT
 10
2037.0445925175254
 20
662.6674286140191
 30
0.0
 70
0
  0
VERTEX
  5
7C7
  8
CUT
 10
2036.381714625283
 20
662.4982391199993
 30
0.0
 70
0
  0
VERTEX
  5
7C8
  8
CUT
 10
2035.7699493841421
 20
662.1920113050599
 30
0.0
 70
0
  0
VERTEX
  5
7C9
  8
CUT
 10
2035.237258300203
 20
661.762741699797
 30
0.0
 70
0
  0
VERTEX
  5
7CA
  8
CUT
 10
2034.8079886949401
 20
661.230050615858
 30
0.0
 70
0
  0
VERTEX
  5
7CB
  8
CUT
 10
2034.5017608800008
 20
660.6182853747172
 30
0.0
 70
0
  0
VERTEX
  5
7CC
  8
CUT
 10
2034.332571385981
 20
659.9554074824745
 30
0.0
 70
0
  0
VERTEX
  5
7CD
  8
CUT
 10
2034.3081532332471
 20
659.2717146137625
 30
0.0
 70
0
  0
VERTEX
  5
7CE
  8
CUT
 10
2034.4296224844336
 20
658.5984558181074
 30
0.0
 70
0
  0
VERTEX
  5
7CF
  8
CUT
 10
2034.6914272333847
 20
657.9664032424957
 30
0.0
 70
0
  0
VERTEX
  5
7D0
  8
CUT
 10
2035.0816013620663
 20
657.4044456513751
 30
0.0
 70
0
  0
VERTEX
  5
7D1
  8
CUT
 10
2035.5823114671637
 20
656.938268029042
 30
0.0
 70
0
  0
VERTEX
  5
7D2
  8
CUT
 10
2036.170671958394
 20
656.5891776148655
 30
0.0
 70
0
  0
VERTEX
  5
7D3
  8
CUT
 10
2036.8197910734305
 20
656.3731300288922
 30
0.0
 70
0
  0
VERTEX
  5
7D4
  8
CUT
 10
2037.5
 20
656.3
 30
0.0
 70
0
  0
VERTEX
  5
7D5
  8
CUT
 10
2037.5
 20
643.7
 30
0.0
 70
0
  0
VERTEX
  5
7D6
  8
CUT
 10
2036.8197910734305
 20
643.6268699711078
 30
0.0
 70
0
  0
VERTEX
  5
7D7
  8
CUT
 10
2036.170671958394
 20
643.4108223851345
 30
0.0
 70
0
  0
VERTEX
  5
7D8
  8
CUT
 10
2035.5823114671637
 20
643.061731970958
 30
0.0
 70
0
  0
VERTEX
  5
7D9
  8
CUT
 10
2035.0816013620663
 20
642.5955543486249
 30
0.0
 70
0
  0
VERTEX
  5
7DA
  8
CUT
 10
2034.6914272333847
 20
642.0335967575043
 30
0.0
 70
0
  0
VERTEX
  5
7DB
  8
CUT
 10
2034.4296224844336
 20
641.4015441818926
 30
0.0
 70
0
  0
VERTEX
  5
7DC
  8
CUT
 10
2034.3081532332471
 20
640.7282853862375
 30
0.0
 70
0
  0
VERTEX
  5
7DD
  8
CUT
 10
2034.332571385981
 20
640.0445925175255
 30
0.0
 70
0
  0
VERTEX
  5
7DE
  8
CUT
 10
2034.5017608800008
 20
639.3817146252828
 30
0.0
 70
0
  0
VERTEX
  5
7DF
  8
CUT
 10
2034.8079886949401
 20
638.769949384142
 30
0.0
 70
0
  0
VERTEX
  5
7E0
  8
CUT
 10
2035.237258300203
 20
638.237258300203
 30
0.0
 70
0
  0
VERTEX
  5
7E1
  8
CUT
 10
2035.7699493841421
 20
637.8079886949401
 30
0.0
 70
0
  0
VERTEX
  5
7E2
  8
CUT
 10
2036.381714625283
 20
637.5017608800007
 30
0.0
 70
0
  0
VERTEX
  5
7E3
  8
CUT
 10
2037.0445925175254
 20
637.3325713859809
 30
0.0
 70
0
  0
VERTEX
  5
7E4
  8
CUT
 10
2037.7282853862375
 20
637.3081532332471
 30
0.0
 70
0
  0
VERTEX
  5
7E5
  8
CUT
 10
2038.4015441818926
 20
637.4296224844336
 30
0.0
 70
0
  0
VERTEX
  5
7E6
  8
CUT
 10
2039.0335967575043
 20
637.6914272333847
 30
0.0
 70
0
  0
VERTEX
  5
7E7
  8
CUT
 10
2039.595554348625
 20
638.0816013620663
 30
0.0
 70
0
  0
VERTEX
  5
7E8
  8
CUT
 10
2040.061731970958
 20
638.5823114671637
 30
0.0
 70
0
  0
VERTEX
  5
7E9
  8
CUT
 10
2040.4108223851345
 20
639.170671958394
 30
0.0
 70
0
  0
VERTEX
  5
7EA
  8
CUT
 10
2040.6268699711077
 20
639.8197910734305
 30
0.0
 70
0
  0
VERTEX
  5
7EB
  8
CUT
 10
2040.7
 20
640.5
 30
0.0
 70
0
  0
SEQEND
  5
78F
  8
CUT
  0
POLYLINE
  5
7EC
  8
CUT
 66
1
 10
0.0
 20
0.0
 30
0.0
 70
1
  0
VERTEX
  5
7EE
  8
CUT
 10
2146.3
 20
900.5
 30
0.0
 70
0
  0
VERTEX
  5
7EF
  8
CUT
 10
2146.3731300288923
 20
899.8197910734305
 30
0.0
 70
0
  0
VERTEX
  5
7F0
  8
CUT
 10
2146.5891776148655
 20
899.170671958394
 30
0.0
 70
0
  0
VERTEX
  5
7F1
  8
CUT
 10
2146.9382680290423
 20
898.5823114671638
 30
0.0
 70
0
  0
VERTEX
  5
7F2
  8
CUT
 10
2147.404445651375
 20
898.0816013620664
 30
0.0
 70
0
  0
VERTEX
  5
7F3
  8
CUT
 10
2147.9664032424957
 20
897.691427233385
 30
0.0
 70
0
  0
VERTEX
  5
7F4
  8
CUT
 10
2148.5984558181076
 20
897.4296224844337
 30
0.0
 70
0
  0
VERTEX
  5
7F5
  8
CUT
 10
2149.2717146137625
 20
897.3081532332474
 30
0.0
 70
0
  0
VERTEX
  5
7F6
  8
CUT
 10
2149.9554074824746
 20
897.3325713859812
 30
0.0
 70
0
  0
VERTEX
  5
7F7
  8
CUT
 10
2150.6182853747173
 20
897.501760880001
 30
0.0
 70
0
  0
VERTEX
  5
7F8
  8
CUT
 10
2151.230050615858
 20
897.8079886949405
 30
0.0
 70
0
  0
VERTEX
  5
7F9
  8
CUT
 10
2151.762741699797
 20
898.2372583002033
 30
0.0
 70
0
  0
VERTEX
  5
7FA
  8
CUT
 10
2152.1920113050596
 20
898.7699493841424
 30
0.0
 70
0
  0
VERTEX
  5
7FB
  8
CUT
 10
2152.498239119999
 20
899.3817146252832
 30
0.0
 70
0
  0
VERTEX
  5
7FC
  8
CUT
 10
2152.6674286140187
 20
900.0445925175258
 30
0.0
 70
0
  0
VERTEX
  5
7FD
  8
CUT
 10
2152.691846766753
 20
900.7282853862378
 30
0.0
 70
0
  0
VERTEX
  5
7FE
  8
CUT
 10
2152.570377515566
 20
901.4015441818927
 30
0.0
 70
0
  0
VERTEX
  5
7FF
  8
CUT
 10
2152.3085727666153
 20
902.0335967575044
 30
0.0
 70
0
  0
VERTEX
  5
800
  8
CUT
 10
2151.9183986379335
 20
902.5955543486251
 30
0.0
 70
0
  0
VERTEX
  5
801
  8
CUT
 10
2151.417688532836
 20
903.0617319709581
 30
0.0
 70
0
  0
VERTEX
  5
802
  8
CUT
 10
2150.829328041606
 20
903.4108223851346
 30
0.0
 70
0
  0
VERTEX
  5
803
  8
CUT
 10
2150.1802089265693
 20
903.6268699711078
 30
0.0
 70
0
  0
VERTEX
  5
804
  8
CUT
 10
2149.5
 20
903.7
 30
0.0
 70
0
  0
VERTEX
  5
805
  8
CUT
 10
2149.5
 20
916.3
 30
0.0
 70
0
  0
VERTEX
  5
806
  8
CUT
 10
2150.1802089265693
 20
916.3731300288922
 30
0.0
 70
0
  0
VERTEX
  5
807
  8
CUT
 10
2150.829328041606
 20
916.5891776148654
 30
0.0
 70
0
  0
VERTEX
  5
808
  8
CUT
 10
2151.417688532836
 20
916.938268029042
 30
0.0
 70
0
  0
VERTEX
  5
809
  8
CUT
 10
2151.9183986379335
 20
917.404445651375
 30
0.0
 70
0
  0
VERTEX
  5
80A
  8
CUT
 10
2152.3085727666153
 20
917.9664032424957
 30
0.0
 70
0
  0
VERTEX
  5
80B
  8
CUT
 10
2152.570377515566
 20
918.5984558181074
 30
0.0
 70
0
  0
VERTEX
  5
80C
  8
CUT
 10
2152.691846766753
 20
919.2717146137624
 30
0.0
 70
0
  0
VERTEX
  5
80D
  8
CUT
 10
2152.6674286140187
 20
919.9554074824744
 30
0.0
 70
0
  0
VERTEX
  5
80E
  8
CUT
 10
2152.498239119999
 20
920.618285374717
 30
0.0
 70
0
  0
VERTEX
  5
80F
  8
CUT
 10
2152.1920113050596
 20
921.2300506158577
 30
0.0
 70
0
  0
VERTEX
  5
810
  8
CUT
 10
2151.762741699797
 20
921.7627416997968
 30
0.0
 70
0
  0
VERTEX
  5
811
  8
CUT
 10
2151.230050615858
 20
922.1920113050596
 30
0.0
 70
0
  0
VERTEX
  5
812
  8
CUT
 10
2150.6182853747173
 20
922.4982391199991
 30
0.0
 70
0
  0
VERTEX
  5
813
  8
CUT
 10
2149.9554074824746
 20
922.6674286140188
 30
0.0
 70
0
  0
VERTEX
  5
814
  8
CUT
 10
2149.2717146137625
 20
922.6918467667526
 30
0.0
 70
0
  0
VERTEX
  5
815
  8
CUT
 10
2148.5984558181076
 20
922.5703775155662
 30
0.0
 70
0
  0
VERTEX
  5
816
  8
CUT
 10
2147.9664032424957
 20
922.308572766615
 30
0.0
 70
0
  0
VERTEX
  5
817
  8
CUT
 10
2147.404445651375
 20
921.9183986379335
 30
0.0
 70
0
  0
VERTEX
  5
818
  8
CUT
 10
2146.9382680290423
 20
921.4176885328361
 30
0.0
 70
0
  0
VERTEX
  5
819
  8
CUT
 10
2146.5891776148655
 20
920.8293280416059
 30
0.0
 70
0
  0
VERTEX
  5
81A
  8
CUT
 10
2146.3731300288923
 20
920.1802089265694
 30
0.0
 70
0
  0
VERTEX
  5
81B
  8
CUT
 10
2146.3
 20
919.5
 30
0.0
 70
0
  0
VERTEX
  5
81C
  8
CUT
 10
2111.7
 20
919.5
 30
0.0
 70
0
  0
VERTEX
  5
81D
  8
CUT
 10
2111.6268699711077
 20
920.1802089265695
 30
0.0
 70
0
  0
VERTEX
  5
81E
  8
CUT
 10
2111.4108223851345
 20
920.829328041606
 30
0.0
 70
0
  0
VERTEX
  5
81F
  8
CUT
 10
2111.0617319709577
 20
921.4176885328362
 30
0.0
 70
0
  0
VERTEX
  5
820
  8
CUT
 10
2110.595554348625
 20
921.9183986379335
 30
0.0
 70
0
  0
VERTEX
  5
821
  8
CUT
 10
2110.0335967575043
 20
922.308572766615
 30
0.0
 70
0
  0
VERTEX
  5
822
  8
CUT
 10
2109.4015441818924
 20
922.5703775155663
 30
0.0
 70
0
  0
VERTEX
  5
823
  8
CUT
 10
2108.7282853862375
 20
922.6918467667526
 30
0.0
 70
0
  0
VERTEX
  5
824
  8
CUT
 10
2108.0445925175254
 20
922.6674286140188
 30
0.0
 70
0
  0
VERTEX
  5
825
  8
CUT
 10
2107.3817146252827
 20
922.498239119999
 30
0.0
 70
0
  0
VERTEX
  5
826
  8
CUT
 10
2106.769949384142
 20
922.1920113050595
 30
0.0
 70
0
  0
VERTEX
  5
827
  8
CUT
 10
2106.237258300203
 20
921.7627416997967
 30
0.0
 70
0
  0
VERTEX
  5
828
  8
CUT
 10
2105.8079886949404
 20
921.2300506158576
 30
0.0
 70
0
  0
VERTEX
  5
829
  8
CUT
 10
2105.501760880001
 20
920.6182853747168
 30
0.0
 70
0
  0
VERTEX
  5
82A
  8
CUT
 10
2105.3325713859813
 20
919.9554074824742
 30
0.0
 70
0
  0
VERTEX
  5
82B
  8
CUT
 10
2105.308153233247
 20
919.2717146137622
 30
0.0
 70
0
  0
VERTEX
  5
82C
  8
CUT
 10
2105.429622484434
 20
918.5984558181073
 30
0.0
 70
0
  0
VERTEX
  5
82D
  8
CUT
 10
2105.6914272333847
 20
917.9664032424956
 30
0.0
 70
0
  0
VERTEX
  5
82E
  8
CUT
 10
2106.0816013620665
 20
917.4044456513749
 30
0.0
 70
0
  0
VERTEX
  5
82F
  8
CUT
 10
2106.582311467164
 20
916.9382680290419
 30
0.0
 70
0
  0
VERTEX
  5
830
  8
CUT
 10
2107.170671958394
 20
916.5891776148654
 30
0.0
 70
0
  0
VERTEX
  5
831
  8
CUT
 10
2107.8197910734307
 20
916.3731300288922
 30
0.0
 70
0
  0
VERTEX
  5
832
  8
CUT
 10
2108.5
 20
916.3
 30
0.0
 70
0
  0
VERTEX
  5
833
  8
CUT
 10
2108.5
 20
903.7
 30
0.0
 70
0
  0
VERTEX
  5
834
  8
CUT
 10
2107.8197910734307
 20
903.6268699711078
 30
0.0
 70
0
  0
VERTEX
  5
835
  8
CUT
 10
2107.170671958394
 20
903.4108223851346
 30
0.0
 70
0
  0
VERTEX
  5
836
  8
CUT
 10
2106.582311467164
 20
903.061731970958
 30
0.0
 70
0
  0
VERTEX
  5
837
  8
CUT
 10
2106.0816013620665
 20
902.595554348625
 30
0.0
 70
0
  0
VERTEX
  5
838
  8
CUT
 10
2105.6914272333847
 20
902.0335967575043
 30
0.0
 70
0
  0
VERTEX
  5
839
  8
CUT
 10
2105.429622484434
 20
901.4015441818926
 30
0.0
 70
0
  0
VERTEX
  5
83A
  8
CUT
 10
2105.308153233247
 20
900.7282853862376
 30
0.0
 70
0
  0
VERTEX
  5
83B
  8
CUT
 10
2105.3325713859813
 20
900.0445925175256
 30
0.0
 70
0
  0
VERTEX
  5
83C
  8
CUT
 10
2105.501760880001
 20
899.381714625283
 30
0.0
 70
0
  0
VERTEX
  5
83D
  8
CUT
 10
2105.8079886949404
 20
898.7699493841423
 30
0.0
 70
0
  0
VERTEX
  5
83E
  8
CUT
 10
2106.237258300203
 20
898.2372583002032
 30
0.0
 70
0
  0
VERTEX
  5
83F
  8
CUT
 10
2106.769949384142
 20
897.8079886949404
 30
0.0
 70
0
  0
VERTEX
  5
840
  8
CUT
 10
2107.3817146252827
 20
897.5017608800009
 30
0.0
 70
0
  0
VERTEX
  5
841
  8
CUT
 10
2108.0445925175254
 20
897.3325713859812
 30
0.0
 70
0
  0
VERTEX
  5
842
  8
CUT
 10
2108.7282853862375
 20
897.3081532332474
 30
0.0
 70
0
  0
VERTEX
  5
843
  8
CUT
 10
2109.4015441818924
 20
897.4296224844338
 30
0.0
 70
0
  0
VERTEX
  5
844
  8
CUT
 10
2110.0335967575043
 20
897.691427233385
 30
0.0
 70
0
  0
VERTEX
  5
845
  8
CUT
 10
2110.595554348625
 20
898.0816013620665
 30
0.0
 70
0
  0
VERTEX
  5
846
  8
CUT
 10
2111.0617319709577
 20
898.5823114671639
 30
0.0
 70
0
  0
VERTEX
  5
847
  8
CUT
 10
2111.4108223851345
 20
899.1706719583941
 30
0.0
 70
0
  0
VERTEX
  5
848
  8
CUT
 10
2111.6268699711077
 20
899.8197910734306
 30
0.0
 70
0
  0
VERTEX
  5
849
  8
CUT
 10
2111.7
 20
900.5
 30
0.0
 70
0
  0
SEQEND
  5
7ED
  8
CUT
  0
POLYLINE
  5
84A
  8
CUT
 66
1
 10
0.0
 20
0.0
 30
0.0
 70
1
  0
VERTEX
  5
84C
  8
CUT
 10
2046.3000000000002
 20
900.5
 30
0.0
 70
0
  0
VERTEX
  5
84D
  8
CUT
 10
2046.3731300288923
 20
899.8197910734305
 30
0.0
 70
0
  0
VERTEX
  5
84E
  8
CUT
 10
2046.5891776148655
 20
899.170671958394
 30
0.0
 70
0
  0
VERTEX
  5
84F
  8
CUT
 10
2046.938268029042
 20
898.5823114671638
 30
0.0
 70
0
  0
VERTEX
  5
850
  8
CUT
 10
2047.4044456513752
 20
898.0816013620664
 30
0.0
 70
0
  0
VERTEX
  5
851
  8
CUT
 10
2047.966403242496
 20
897.691427233385
 30
0.0
 70
0
  0
VERTEX
  5
852
  8
CUT
 10
2048.5984558181076
 20
897.4296224844337
 30
0.0
 70
0
  0
VERTEX
  5
853
  8
CUT
 10
2049.2717146137625
 20
897.3081532332474
 30
0.0
 70
0
  0
VERTEX
  5
854
  8
CUT
 10
2049.9554074824746
 20
897.3325713859812
 30
0.0
 70
0
  0
VERTEX
  5
855
  8
CUT
 10
2050.6182853747173
 20
897.501760880001
 30
0.0
 70
0
  0
VERTEX
  5
856
  8
CUT
 10
2051.230050615858
 20
897.8079886949405
 30
0.0
 70
0
  0
VERTEX
  5
857
  8
CUT
 10
2051.762741699797
 20
898.2372583002033
 30
0.0
 70
0
  0
VERTEX
  5
858
  8
CUT
 10
2052.1920113050596
 20
898.7699493841424
 30
0.0
 70
0
  0
VERTEX
  5
859
  8
CUT
 10
2052.498239119999
 20
899.3817146252832
 30
0.0
 70
0
  0
VERTEX
  5
85A
  8
CUT
 10
2052.6674286140187
 20
900.0445925175258
 30
0.0
 70
0
  0
VERTEX
  5
85B
  8
CUT
 10
2052.691846766753
 20
900.7282853862378
 30
0.0
 70
0
  0
VERTEX
  5
85C
  8
CUT
 10
2052.570377515566
 20
901.4015441818927
 30
0.0
 70
0
  0
VERTEX
  5
85D
  8
CUT
 10
2052.3085727666153
 20
902.0335967575044
 30
0.0
 70
0
  0
VERTEX
  5
85E
  8
CUT
 10
2051.9183986379335
 20
902.5955543486251
 30
0.0
 70
0
  0
VERTEX
  5
85F
  8
CUT
 10
2051.417688532836
 20
903.0617319709581
 30
0.0
 70
0
  0
VERTEX
  5
860
  8
CUT
 10
2050.829328041606
 20
903.4108223851346
 30
0.0
 70
0
  0
VERTEX
  5
861
  8
CUT
 10
2050.1802089265693
 20
903.6268699711078
 30
0.0
 70
0
  0
VERTEX
  5
862
  8
CUT
 10
2049.5
 20
903.7
 30
0.0
 70
0
  0
VERTEX
  5
863
  8
CUT
 10
2049.5
 20
916.3
 30
0.0
 70
0
  0
VERTEX
  5
864
  8
CUT
 10
2050.1802089265693
 20
916.3731300288922
 30
0.0
 70
0
  0
VERTEX
  5
865
  8
CUT
 10
2050.829328041606
 20
916.5891776148654
 30
0.0
 70
0
  0
VERTEX
  5
866
  8
CUT
 10
2051.417688532836
 20
916.938268029042
 30
0.0
 70
0
  0
VERTEX
  5
867
  8
CUT
 10
2051.9183986379335
 20
917.404445651375
 30
0.0
 70
0
  0
VERTEX
  5
868
  8
CUT
 10
2052.3085727666153
 20
917.9664032424957
 30
0.0
 70
0
  0
VERTEX
  5
869
  8
CUT
 10
2052.570377515566
 20
918.5984558181074
 30
0.0
 70
0
  0
VERTEX
  5
86A
  8
CUT
 10
2052.691846766753
 20
919.2717146137624
 30
0.0
 70
0
  0
VERTEX
  5
86B
  8
CUT
 10
2052.6674286140187
 20
919.9554074824744
 30
0.0
 70
0
  0
VERTEX
  5
86C
  8
CUT
 10
2052.498239119999
 20
920.618285374717
 30
0.0
 70
0
  0
VERTEX
  5
86D
  8
CUT
 10
2052.1920113050596
 20
921.2300506158577
 30
0.0
 70
0
  0
VERTEX
  5
86E
  8
CUT
 10
2051.762741699797
 20
921.7627416997968
 30
0.0
 70
0
  0
VERTEX
  5
86F
  8
CUT
 10
2051.230050615858
 20
922.1920113050596
 30
0.0
 70
0
  0
VERTEX
  5
870
  8
CUT
 10
2050.6182853747173
 20
922.4982391199991
 30
0.0
 70
0
  0
VERTEX
  5
871
  8
CUT
 10
2049.9554074824746
 20
922.6674286140188
 30
0.0
 70
0
  0
VERTEX
  5
872
  8
CUT
 10
2049.2717146137625
 20
922.6918467667526
 30
0.0
 70
0
  0
VERTEX
  5
873
  8
CUT
 10
2048.5984558181076
 20
922.5703775155662
 30
0.0
 70
0
  0
VERTEX
  5
874
  8
CUT
 10
2047.9664032424957
 20
922.308572766615
 30
0.0
 70
0
  0
VERTEX
  5
875
  8
CUT
 10
2047.4044456513752
 20
921.9183986379335
 30
0.0
 70
0
  0
VERTEX
  5
876
  8
CUT
 10
2046.938268029042
 20
921.4176885328361
 30
0.0
 70
0
  0
VERTEX
  5
877
  8
CUT
 10
2046.5891776148655
 20
920.8293280416059
 30
0.0
 70
0
  0
VERTEX
  5
878
  8
CUT
 10
2046.3731300288923
 20
920.1802089265694
 30
0.0
 70
0
  0
VERTEX
  5
879
  8
CUT
 10
2046.3000000000002
 20
919.5
 30
0.0
 70
0
  0
VERTEX
  5
87A
  8
CUT
 10
2011.7
 20
919.5
 30
0.0
 70
0
  0
VERTEX
  5
87B
  8
CUT
 10
2011.6268699711077
 20
920.1802089265695
 30
0.0
 70
0
  0
VERTEX
  5
87C
  8
CUT
 10
2011.4108223851345
 20
920.829328041606
 30
0.0
 70
0
  0
VERTEX
  5
87D
  8
CUT
 10
2011.061731970958
 20
921.4176885328363
 30
0.0
 70
0
  0
VERTEX
  5
87E
  8
CUT
 10
2010.595554348625
 20
921.9183986379337
 30
0.0
 70
0
  0
VERTEX
  5
87F
  8
CUT
 10
2010.0335967575043
 20
922.3085727666153
 30
0.0
 70
0
  0
VERTEX
  5
880
  8
CUT
 10
2009.4015441818926
 20
922.5703775155664
 30
0.0
 70
0
  0
VERTEX
  5
881
  8
CUT
 10
2008.7282853862375
 20
922.6918467667529
 30
0.0
 70
0
  0
VERTEX
  5
882
  8
CUT
 10
2008.0445925175254
 20
922.6674286140191
 30
0.0
 70
0
  0
VERTEX
  5
883
  8
CUT
 10
2007.381714625283
 20
922.4982391199993
 30
0.0
 70
0
  0
VERTEX
  5
884
  8
CUT
 10
2006.7699493841421
 20
922.1920113050599
 30
0.0
 70
0
  0
VERTEX
  5
885
  8
CUT
 10
2006.237258300203
 20
921.762741699797
 30
0.0
 70
0
  0
VERTEX
  5
886
  8
CUT
 10
2005.8079886949401
 20
921.230050615858
 30
0.0
 70
0
  0
VERTEX
  5
887
  8
CUT
 10
2005.5017608800008
 20
920.6182853747172
 30
0.0
 70
0
  0
VERTEX
  5
888
  8
CUT
 10
2005.332571385981
 20
919.9554074824745
 30
0.0
 70
0
  0
VERTEX
  5
889
  8
CUT
 10
2005.3081532332471
 20
919.2717146137625
 30
0.0
 70
0
  0
VERTEX
  5
88A
  8
CUT
 10
2005.4296224844336
 20
918.5984558181074
 30
0.0
 70
0
  0
VERTEX
  5
88B
  8
CUT
 10
2005.6914272333847
 20
917.9664032424957
 30
0.0
 70
0
  0
VERTEX
  5
88C
  8
CUT
 10
2006.0816013620663
 20
917.4044456513751
 30
0.0
 70
0
  0
VERTEX
  5
88D
  8
CUT
 10
2006.5823114671637
 20
916.938268029042
 30
0.0
 70
0
  0
VERTEX
  5
88E
  8
CUT
 10
2007.170671958394
 20
916.5891776148655
 30
0.0
 70
0
  0
VERTEX
  5
88F
  8
CUT
 10
2007.8197910734305
 20
916.3731300288922
 30
0.0
 70
0
  0
VERTEX
  5
890
  8
CUT
 10
2008.5
 20
916.3
 30
0.0
 70
0
  0
VERTEX
  5
891
  8
CUT
 10
2008.5
 20
903.7
 30
0.0
 70
0
  0
VERTEX
  5
892
  8
CUT
 10
2007.8197910734305
 20
903.6268699711078
 30
0.0
 70
0
  0
VERTEX
  5
893
  8
CUT
 10
2007.170671958394
 20
903.4108223851345
 30
0.0
 70
0
  0
VERTEX
  5
894
  8
CUT
 10
2006.5823114671637
 20
903.061731970958
 30
0.0
 70
0
  0
VERTEX
  5
895
  8
CUT
 10
2006.0816013620663
 20
902.5955543486249
 30
0.0
 70
0
  0
VERTEX
  5
896
  8
CUT
 10
2005.6914272333847
 20
902.0335967575043
 30
0.0
 70
0
  0
VERTEX
  5
897
  8
CUT
 10
2005.4296224844336
 20
901.4015441818926
 30
0.0
 70
0
  0
VERTEX
  5
898
  8
CUT
 10
2005.3081532332471
 20
900.7282853862375
 30
0.0
 70
0
  0
VERTEX
  5
899
  8
CUT
 10
2005.332571385981
 20
900.0445925175255
 30
0.0
 70
0
  0
VERTEX
  5
89A
  8
CUT
 10
2005.5017608800008
 20
899.3817146252828
 30
0.0
 70
0
  0
VERTEX
  5
89B
  8
CUT
 10
2005.8079886949401
 20
898.769949384142
 30
0.0
 70
0
  0
VERTEX
  5
89C
  8
CUT
 10
2006.237258300203
 20
898.237258300203
 30
0.0
 70
0
  0
VERTEX
  5
89D
  8
CUT
 10
2006.7699493841421
 20
897.8079886949401
 30
0.0
 70
0
  0
VERTEX
  5
89E
  8
CUT
 10
2007.381714625283
 20
897.5017608800007
 30
0.0
 70
0
  0
VERTEX
  5
89F
  8
CUT
 10
2008.0445925175254
 20
897.3325713859809
 30
0.0
 70
0
  0
VERTEX
  5
8A0
  8
CUT
 10
2008.7282853862375
 20
897.3081532332471
 30
0.0
 70
0
  0
VERTEX
  5
8A1
  8
CUT
 10
2009.4015441818926
 20
897.4296224844336
 30
0.0
 70
0
  0
VERTEX
  5
8A2
  8
CUT
 10
2010.0335967575043
 20
897.6914272333847
 30
0.0
 70
0
  0
VERTEX
  5
8A3
  8
CUT
 10
2010.595554348625
 20
898.0816013620663
 30
0.0
 70
0
  0
VERTEX
  5
8A4
  8
CUT
 10
2011.061731970958
 20
898.5823114671637
 30
0.0
 70
0
  0
VERTEX
  5
8A5
  8
CUT
 10
2011.4108223851345
 20
899.170671958394
 30
0.0
 70
0
  0
VERTEX
  5
8A6
  8
CUT
 10
2011.6268699711077
 20
899.8197910734305
 30
0.0
 70
0
  0
VERTEX
  5
8A7
  8
CUT
 10
2011.7
 20
900.5
 30
0.0
 70
0
  0
SEQEND
  5
84B
  8
CUT
  0
POLYLINE
  5
8A8
  8
CUT
 66
1
 10
0.0
 20
0.0
 30
0.0
 70
1
  0
VERTEX
  5
8AA
  8
CUT
 10
1946.3000000000002
 20
960.5
 30
0.0
 70
0
  0
VERTEX
  5
8AB
  8
CUT
 10
1946.3731300288923
 20
959.8197910734305
 30
0.0
 70
0
  0
VERTEX
  5
8AC
  8
CUT
 10
1946.5891776148655
 20
959.170671958394
 30
0.0
 70
0
  0
VERTEX
  5
8AD
  8
CUT
 10
1946.938268029042
 20
958.5823114671638
 30
0.0
 70
0
  0
VERTEX
  5
8AE
  8
CUT
 10
1947.4044456513752
 20
958.0816013620664
 30
0.0
 70
0
  0
VERTEX
  5
8AF
  8
CUT
 10
1947.966403242496
 20
957.691427233385
 30
0.0
 70
0
  0
VERTEX
  5
8B0
  8
CUT
 10
1948.5984558181076
 20
957.4296224844337
 30
0.0
 70
0
  0
VERTEX
  5
8B1
  8
CUT
 10
1949.2717146137625
 20
957.3081532332474
 30
0.0
 70
0
  0
VERTEX
  5
8B2
  8
CUT
 10
1949.9554074824746
 20
957.3325713859812
 30
0.0
 70
0
  0
VERTEX
  5
8B3
  8
CUT
 10
1950.6182853747173
 20
957.501760880001
 30
0.0
 70
0
  0
VERTEX
  5
8B4
  8
CUT
 10
1951.2300506158579
 20
957.8079886949405
 30
0.0
 70
0
  0
VERTEX
  5
8B5
  8
CUT
 10
1951.762741699797
 20
958.2372583002033
 30
0.0
 70
0
  0
VERTEX
  5
8B6
  8
CUT
 10
1952.1920113050599
 20
958.7699493841424
 30
0.0
 70
0
  0
VERTEX
  5
8B7
  8
CUT
 10
1952.4982391199992
 20
959.3817146252832
 30
0.0
 70
0
  0
VERTEX
  5
8B8
  8
CUT
 10
1952.667428614019
 20
960.0445925175258
 30
0.0
 70
0
  0
VERTEX
  5
8B9
  8
CUT
 10
1952.6918467667526
 20
960.7282853862378
 30
0.0
 70
0
  0
VERTEX
  5
8BA
  8
CUT
 10
1952.5703775155664
 20
961.4015441818927
 30
0.0
 70
0
  0
VERTEX
  5
8BB
  8
CUT
 10
1952.308572766615
 20
962.0335967575044
 30
0.0
 70
0
  0
VERTEX
  5
8BC
  8
CUT
 10
1951.9183986379335
 20
962.5955543486251
 30
0.0
 70
0
  0
VERTEX
  5
8BD
  8
CUT
 10
1951.417688532836
 20
963.0617319709581
 30
0.0
 70
0
  0
VERTEX
  5
8BE
  8
CUT
 10
1950.829328041606
 20
963.4108223851346
 30
0.0
 70
0
  0
VERTEX
  5
8BF
  8
CUT
 10
1950.1802089265693
 20
963.6268699711078
 30
0.0
 70
0
  0
VERTEX
  5
8C0
  8
CUT
 10
1949.5
 20
963.7
 30
0.0
 70
0
  0
VERTEX
  5
8C1
  8
CUT
 10
1949.5
 20
976.3
 30
0.0
 70
0
  0
VERTEX
  5
8C2
  8
CUT
 10
1950.1802089265695
 20
976.3731300288922
 30
0.0
 70
0
  0
VERTEX
  5
8C3
  8
CUT
 10
1950.829328041606
 20
976.5891776148654
 30
0.0
 70
0
  0
VERTEX
  5
8C4
  8
CUT
 10
1951.4176885328363
 20
976.938268029042
 30
0.0
 70
0
  0
VERTEX
  5
8C5
  8
CUT
 10
1951.9183986379335
 20
977.404445651375
 30
0.0
 70
0
  0
VERTEX
  5
8C6
  8
CUT
 10
1952.3085727666153
 20
977.9664032424957
 30
0.0
 70
0
  0
VERTEX
  5
8C7
  8
CUT
 10
1952.5703775155664
 20
978.5984558181074
 30
0.0
 70
0
  0
VERTEX
  5
8C8
  8
CUT
 10
1952.6918467667526
 20
979.2717146137624
 30
0.0
 70
0
  0
VERTEX
  5
8C9
  8
CUT
 10
1952.667428614019
 20
979.9554074824744
 30
0.0
 70
0
  0
VERTEX
  5
8CA
  8
CUT
 10
1952.4982391199992
 20
980.618285374717
 30
0.0
 70
0
  0
VERTEX
  5
8CB
  8
CUT
 10
1952.1920113050596
 20
981.2300506158577
 30
0.0
 70
0
  0
VERTEX
  5
8CC
  8
CUT
 10
1951.7627416997968
 20
981.7627416997968
 30
0.0
 70
0
  0
VERTEX
  5
8CD
  8
CUT
 10
1951.2300506158579
 20
982.1920113050596
 30
0.0
 70
0
  0
VERTEX
  5
8CE
  8
CUT
 10
1950.618285374717
 20
982.4982391199991
 30
0.0
 70
0
  0
VERTEX
  5
8CF
  8
CUT
 10
1949.9554074824746
 20
982.6674286140188
 30
0.0
 70
0
  0
VERTEX
  5
8D0
  8
CUT
 10
1949.2717146137625
 20
982.6918467667526
 30
0.0
 70
0
  0
VERTEX
  5
8D1
  8
CUT
 10
1948.5984558181074
 20
982.5703775155662
 30
0.0
 70
0
  0
VERTEX
  5
8D2
  8
CUT
 10
1947.9664032424957
 20
982.308572766615
 30
0.0
 70
0
  0
VERTEX
  5
8D3
  8
CUT
 10
1947.4044456513752
 20
981.9183986379335
 30
0.0
 70
0
  0
VERTEX
  5
8D4
  8
CUT
 10
1946.938268029042
 20
981.4176885328361
 30
0.0
 70
0
  0
VERTEX
  5
8D5
  8
CUT
 10
1946.5891776148655
 20
980.8293280416059
 30
0.0
 70
0
  0
VERTEX
  5
8D6
  8
CUT
 10
1946.3731300288923
 20
980.1802089265694
 30
0.0
 70
0
  0
VERTEX
  5
8D7
  8
CUT
 10
1946.3000000000002
 20
979.5
 30
0.0
 70
0
  0
VERTEX
  5
8D8
  8
CUT
 10
1911.7
 20
979.5
 30
0.0
 70
0
  0
VERTEX
  5
8D9
  8
CUT
 10
1911.6268699711077
 20
980.1802089265695
 30
0.0
 70
0
  0
VERTEX
  5
8DA
  8
CUT
 10
1911.4108223851345
 20
980.829328041606
 30
0.0
 70
0
  0
VERTEX
  5
8DB
  8
CUT
 10
1911.061731970958
 20
981.4176885328363
 30
0.0
 70
0
  0
VERTEX
  5
8DC
  8
CUT
 10
1910.595554348625
 20
981.9183986379337
 30
0.0
 70
0
  0
VERTEX
  5
8DD
  8
CUT
 10
1910.0335967575043
 20
982.3085727666153
 30
0.0
 70
0
  0
VERTEX
  5
8DE
  8
CUT
 10
1909.4015441818926
 20
982.5703775155664
 30
0.0
 70
0
  0
VERTEX
  5
8DF
  8
CUT
 10
1908.7282853862375
 20
982.6918467667529
 30
0.0
 70
0
  0
VERTEX
  5
8E0
  8
CUT
 10
1908.0445925175254
 20
982.6674286140191
 30
0.0
 70
0
  0
VERTEX
  5
8E1
  8
CUT
 10
1907.381714625283
 20
982.4982391199993
 30
0.0
 70
0
  0
VERTEX
  5
8E2
  8
CUT
 10
1906.7699493841421
 20
982.1920113050599
 30
0.0
 70
0
  0
VERTEX
  5
8E3
  8
CUT
 10
1906.237258300203
 20
981.762741699797
 30
0.0
 70
0
  0
VERTEX
  5
8E4
  8
CUT
 10
1905.8079886949401
 20
981.230050615858
 30
0.0
 70
0
  0
VERTEX
  5
8E5
  8
CUT
 10
1905.5017608800008
 20
980.6182853747172
 30
0.0
 70
0
  0
VERTEX
  5
8E6
  8
CUT
 10
1905.332571385981
 20
979.9554074824745
 30
0.0
 70
0
  0
VERTEX
  5
8E7
  8
CUT
 10
1905.3081532332471
 20
979.2717146137625
 30
0.0
 70
0
  0
VERTEX
  5
8E8
  8
CUT
 10
1905.4296224844336
 20
978.5984558181074
 30
0.0
 70
0
  0
VERTEX
  5
8E9
  8
CUT
 10
1905.6914272333847
 20
977.9664032424957
 30
0.0
 70
0
  0
VERTEX
  5
8EA
  8
CUT
 10
1906.0816013620663
 20
977.4044456513751
 30
0.0
 70
0
  0
VERTEX
  5
8EB
  8
CUT
 10
1906.5823114671637
 20
976.938268029042
 30
0.0
 70
0
  0
VERTEX
  5
8EC
  8
CUT
 10
1907.170671958394
 20
976.5891776148655
 30
0.0
 70
0
  0
VERTEX
  5
8ED
  8
CUT
 10
1907.8197910734305
 20
976.3731300288922
 30
0.0
 70
0
  0
VERTEX
  5
8EE
  8
CUT
 10
1908.5
 20
976.3
 30
0.0
 70
0
  0
VERTEX
  5
8EF
  8
CUT
 10
1908.5
 20
963.7
 30
0.0
 70
0
  0
VERTEX
  5
8F0
  8
CUT
 10
1907.8197910734305
 20
963.6268699711078
 30
0.0
 70
0
  0
VERTEX
  5
8F1
  8
CUT
 10
1907.170671958394
 20
963.4108223851345
 30
0.0
 70
0
  0
VERTEX
  5
8F2
  8
CUT
 10
1906.5823114671637
 20
963.061731970958
 30
0.0
 70
0
  0
VERTEX
  5
8F3
  8
CUT
 10
1906.0816013620663
 20
962.5955543486249
 30
0.0
 70
0
  0
VERTEX
  5
8F4
  8
CUT
 10
1905.6914272333847
 20
962.0335967575043
 30
0.0
 70
0
  0
VERTEX
  5
8F5
  8
CUT
 10
1905.4296224844336
 20
961.4015441818926
 30
0.0
 70
0
  0
VERTEX
  5
8F6
  8
CUT
 10
1905.3081532332471
 20
960.7282853862375
 30
0.0
 70
0
  0
VERTEX
  5
8F7
  8
CUT
 10
1905.332571385981
 20
960.0445925175255
 30
0.0
 70
0
  0
VERTEX
  5
8F8
  8
CUT
 10
1905.5017608800008
 20
959.3817146252828
 30
0.0
 70
0
  0
VERTEX
  5
8F9
  8
CUT
 10
1905.8079886949401
 20
958.769949384142
 30
0.0
 70
0
  0
VERTEX
  5
8FA
  8
CUT
 10
1906.237258300203
 20
958.237258300203
 30
0.0
 70
0
  0
VERTEX
  5
8FB
  8
CUT
 10
1906.7699493841421
 20
957.8079886949401
 30
0.0
 70
0
  0
VERTEX
  5
8FC
  8
CUT
 10
1907.381714625283
 20
957.5017608800007
 30
0.0
 70
0
  0
VERTEX
  5
8FD
  8
CUT
 10
1908.0445925175254
 20
957.3325713859809
 30
0.0
 70
0
  0
VERTEX
  5
8FE
  8
CUT
 10
1908.7282853862375
 20
957.3081532332471
 30
0.0
 70
0
  0
VERTEX
  5
8FF
  8
CUT
 10
1909.4015441818926
 20
957.4296224844336
 30
0.0
 70
0
  0
VERTEX
  5
900
  8
CUT
 10
1910.0335967575043
 20
957.6914272333847
 30
0.0
 70
0
  0
VERTEX
  5
901
  8
CUT
 10
1910.595554348625
 20
958.0816013620663
 30
0.0
 70
0
  0
VERTEX
  5
902
  8
CUT
 10
1911.061731970958
 20
958.5823114671637
 30
0.0
 70
0
  0
VERTEX
  5
903
  8
CUT
 10
1911.4108223851345
 20
959.170671958394
 30
0.0
 70
0
  0
VERTEX
  5
904
  8
CUT
 10
1911.6268699711077
 20
959.8197910734305
 30
0.0
 70
0
  0
VERTEX
  5
905
  8
CUT
 10
1911.7
 20
960.5
 30
0.0
 70
0
  0
SEQEND
  5
8A9
  8
CUT
  0
POLYLINE
  5
906
  8
CUT
 66
1
 10
0.0
 20
0.0
 30
0.0
 70
1
  0
VERTEX
  5
908
  8
CUT
 10
1806.3000000000002
 20
960.5
 30
0.0
 70
0
  0
VERTEX
  5
909
  8
CUT
 10
1806.3731300288923
 20
959.8197910734305
 30
0.0
 70
0
  0
VERTEX
  5
90A
  8
CUT
 10
1806.5891776148655
 20
959.170671958394
 30
0.0
 70
0
  0
VERTEX
  5
90B
  8
CUT
 10
1806.938268029042
 20
958.5823114671638
 30
0.0
 70
0
  0
VERTEX
  5
90C
  8
CUT
 10
1807.4044456513752
 20
958.0816013620664
 30
0.0
 70
0
  0
VERTEX
  5
90D
  8
CUT
 10
1807.966403242496
 20
957.691427233385
 30
0.0
 70
0
  0
VERTEX
  5
90E
  8
CUT
 10
1808.5984558181076
 20
957.4296224844337
 30
0.0
 70
0
  0
VERTEX
  5
90F
  8
CUT
 10
1809.2717146137625
 20
957.3081532332474
 30
0.0
 70
0
  0
VERTEX
  5
910
  8
CUT
 10
1809.9554074824746
 20
957.3325713859812
 30
0.0
 70
0
  0
VERTEX
  5
911
  8
CUT
 10
1810.6182853747173
 20
957.501760880001
 30
0.0
 70
0
  0
VERTEX
  5
912
  8
CUT
 10
1811.2300506158579
 20
957.8079886949405
 30
0.0
 70
0
  0
VERTEX
  5
913
  8
CUT
 10
1811.762741699797
 20
958.2372583002033
 30
0.0
 70
0
  0
VERTEX
  5
914
  8
CUT
 10
1812.1920113050599
 20
958.7699493841424
 30
0.0
 70
0
  0
VERTEX
  5
915
  8
CUT
 10
1812.4982391199992
 20
959.3817146252832
 30
0.0
 70
0
  0
VERTEX
  5
916
  8
CUT
 10
1812.667428614019
 20
960.0445925175258
 30
0.0
 70
0
  0
VERTEX
  5
917
  8
CUT
 10
1812.6918467667526
 20
960.7282853862378
 30
0.0
 70
0
  0
VERTEX
  5
918
  8
CUT
 10
1812.5703775155664
 20
961.4015441818927
 30
0.0
 70
0
  0
VERTEX
  5
919
  8
CUT
 10
1812.308572766615
 20
962.0335967575044
 30
0.0
 70
0
  0
VERTEX
  5
91A
  8
CUT
 10
1811.9183986379335
 20
962.5955543486251
 30
0.0
 70
0
  0
VERTEX
  5
91B
  8
CUT
 10
1811.417688532836
 20
963.0617319709581
 30
0.0
 70
0
  0
VERTEX
  5
91C
  8
CUT
 10
1810.829328041606
 20
963.4108223851346
 30
0.0
 70
0
  0
VERTEX
  5
91D
  8
CUT
 10
1810.1802089265693
 20
963.6268699711078
 30
0.0
 70
0
  0
VERTEX
  5
91E
  8
CUT
 10
1809.5
 20
963.7
 30
0.0
 70
0
  0
VERTEX
  5
91F
  8
CUT
 10
1809.5
 20
976.3
 30
0.0
 70
0
  0
VERTEX
  5
920
  8
CUT
 10
1810.1802089265695
 20
976.3731300288922
 30
0.0
 70
0
  0
VERTEX
  5
921
  8
CUT
 10
1810.829328041606
 20
976.5891776148654
 30
0.0
 70
0
  0
VERTEX
  5
922
  8
CUT
 10
1811.4176885328363
 20
976.938268029042
 30
0.0
 70
0
  0
VERTEX
  5
923
  8
CUT
 10
1811.9183986379335
 20
977.404445651375
 30
0.0
 70
0
  0
VERTEX
  5
924
  8
CUT
 10
1812.3085727666153
 20
977.9664032424957
 30
0.0
 70
0
  0
VERTEX
  5
925
  8
CUT
 10
1812.5703775155664
 20
978.5984558181074
 30
0.0
 70
0
  0
VERTEX
  5
926
  8
CUT
 10
1812.6918467667526
 20
979.2717146137624
 30
0.0
 70
0
  0
VERTEX
  5
927
  8
CUT
 10
1812.667428614019
 20
979.9554074824744
 30
0.0
 70
0
  0
VERTEX
  5
928
  8
CUT
 10
1812.4982391199992
 20
980.618285374717
 30
0.0
 70
0
  0
VERTEX
  5
929
  8
CUT
 10
1812.1920113050596
 20
981.2300506158577
 30
0.0
 70
0
  0
VERTEX
  5
92A
  8
CUT
 10
1811.7627416997968
 20
981.7627416997968
 30
0.0
 70
0
  0
VERTEX
  5
92B
  8
CUT
 10
1811.2300506158579
 20
982.1920113050596
 30
0.0
 70
0
  0
VERTEX
  5
92C
  8
CUT
 10
1810.618285374717
 20
982.4982391199991
 30
0.0
 70
0
  0
VERTEX
  5
92D
  8
CUT
 10
1809.9554074824746
 20
982.6674286140188
 30
0.0
 70
0
  0
VERTEX
  5
92E
  8
CUT
 10
1809.2717146137625
 20
982.6918467667526
 30
0.0
 70
0
  0
VERTEX
  5
92F
  8
CUT
 10
1808.5984558181074
 20
982.5703775155662
 30
0.0
 70
0
  0
VERTEX
  5
930
  8
CUT
 10
1807.9664032424957
 20
982.308572766615
 30
0.0
 70
0
  0
VERTEX
  5
931
  8
CUT
 10
1807.4044456513752
 20
981.9183986379335
 30
0.0
 70
0
  0
VERTEX
  5
932
  8
CUT
 10
1806.938268029042
 20
981.4176885328361
 30
0.0
 70
0
  0
VERTEX
  5
933
  8
CUT
 10
1806.5891776148655
 20
980.8293280416059
 30
0.0
 70
0
  0
VERTEX
  5
934
  8
CUT
 10
1806.3731300288923
 20
980.1802089265694
 30
0.0
 70
0
  0
VERTEX
  5
935
  8
CUT
 10
1806.3000000000002
 20
979.5
 30
0.0
 70
0
  0
VERTEX
  5
936
  8
CUT
 10
1771.7
 20
979.5
 30
0.0
 70
0
  0
VERTEX
  5
937
  8
CUT
 10
1771.6268699711077
 20
980.1802089265695
 30
0.0
 70
0
  0
VERTEX
  5
938
  8
CUT
 10
1771.4108223851345
 20
980.829328041606
 30
0.0
 70
0
  0
VERTEX
  5
939
  8
CUT
 10
1771.061731970958
 20
981.4176885328363
 30
0.0
 70
0
  0
VERTEX
  5
93A
  8
CUT
 10
1770.595554348625
 20
981.9183986379337
 30
0.0
 70
0
  0
VERTEX
  5
93B
  8
CUT
 10
1770.0335967575043
 20
982.3085727666153
 30
0.0
 70
0
  0
VERTEX
  5
93C
  8
CUT
 10
1769.4015441818926
 20
982.5703775155664
 30
0.0
 70
0
  0
VERTEX
  5
93D
  8
CUT
 10
1768.7282853862375
 20
982.6918467667529
 30
0.0
 70
0
  0
VERTEX
  5
93E
  8
CUT
 10
1768.0445925175254
 20
982.6674286140191
 30
0.0
 70
0
  0
VERTEX
  5
93F
  8
CUT
 10
1767.381714625283
 20
982.4982391199993
 30
0.0
 70
0
  0
VERTEX
  5
940
  8
CUT
 10
1766.7699493841421
 20
982.1920113050599
 30
0.0
 70
0
  0
VERTEX
  5
941
  8
CUT
 10
1766.237258300203
 20
981.762741699797
 30
0.0
 70
0
  0
VERTEX
  5
942
  8
CUT
 10
1765.8079886949401
 20
981.230050615858
 30
0.0
 70
0
  0
VERTEX
  5
943
  8
CUT
 10
1765.5017608800008
 20
980.6182853747172
 30
0.0
 70
0
  0
VERTEX
  5
944
  8
CUT
 10
1765.332571385981
 20
979.9554074824745
 30
0.0
 70
0
  0
VERTEX
  5
945
  8
CUT
 10
1765.3081532332471
 20
979.2717146137625
 30
0.0
 70
0
  0
VERTEX
  5
946
  8
CUT
 10
1765.4296224844336
 20
978.5984558181074
 30
0.0
 70
0
  0
VERTEX
  5
947
  8
CUT
 10
1765.6914272333847
 20
977.9664032424957
 30
0.0
 70
0
  0
VERTEX
  5
948
  8
CUT
 10
1766.0816013620663
 20
977.4044456513751
 30
0.0
 70
0
  0
VERTEX
  5
949
  8
CUT
 10
1766.5823114671637
 20
976.938268029042
 30
0.0
 70
0
  0
VERTEX
  5
94A
  8
CUT
 10
1767.170671958394
 20
976.5891776148655
 30
0.0
 70
0
  0
VERTEX
  5
94B
  8
CUT
 10
1767.8197910734305
 20
976.3731300288922
 30
0.0
 70
0
  0
VERTEX
  5
94C
  8
CUT
 10
1768.5
 20
976.3
 30
0.0
 70
0
  0
VERTEX
  5
94D
  8
CUT
 10
1768.5
 20
963.7
 30
0.0
 70
0
  0
VERTEX
  5
94E
  8
CUT
 10
1767.8197910734305
 20
963.6268699711078
 30
0.0
 70
0
  0
VERTEX
  5
94F
  8
CUT
 10
1767.170671958394
 20
963.4108223851345
 30
0.0
 70
0
  0
VERTEX
  5
950
  8
CUT
 10
1766.5823114671637
 20
963.061731970958
 30
0.0
 70
0
  0
VERTEX
  5
951
  8
CUT
 10
1766.0816013620663
 20
962.5955543486249
 30
0.0
 70
0
  0
VERTEX
  5
952
  8
CUT
 10
1765.6914272333847
 20
962.0335967575043
 30
0.0
 70
0
  0
VERTEX
  5
953
  8
CUT
 10
1765.4296224844336
 20
961.4015441818926
 30
0.0
 70
0
  0
VERTEX
  5
954
  8
CUT
 10
1765.3081532332471
 20
960.7282853862375
 30
0.0
 70
0
  0
VERTEX
  5
955
  8
CUT
 10
1765.332571385981
 20
960.0445925175255
 30
0.0
 70
0
  0
VERTEX
  5
956
  8
CUT
 10
1765.5017608800008
 20
959.3817146252828
 30
0.0
 70
0
  0
VERTEX
  5
957
  8
CUT
 10
1765.8079886949401
 20
958.769949384142
 30
0.0
 70
0
  0
VERTEX
  5
958
  8
CUT
 10
1766.237258300203
 20
958.237258300203
 30
0.0
 70
0
  0
VERTEX
  5
959
  8
CUT
 10
1766.7699493841421
 20
957.8079886949401
 30
0.0
 70
0
  0
VERTEX
  5
95A
  8
CUT
 10
1767.381714625283
 20
957.5017608800007
 30
0.0
 70
0
  0
VERTEX
  5
95B
  8
CUT
 10
1768.0445925175254
 20
957.3325713859809
 30
0.0
 70
0
  0
VERTEX
  5
95C
  8
CUT
 10
1768.7282853862375
 20
957.3081532332471
 30
0.0
 70
0
  0
VERTEX
  5
95D
  8
CUT
 10
1769.4015441818926
 20
957.4296224844336
 30
0.0
 70
0
  0
VERTEX
  5
95E
  8
CUT
 10
1770.0335967575043
 20
957.6914272333847
 30
0.0
 70
0
  0
VERTEX
  5
95F
  8
CUT
 10
1770.595554348625
 20
958.0816013620663
 30
0.0
 70
0
  0
VERTEX
  5
960
  8
CUT
 10
1771.061731970958
 20
958.5823114671637
 30
0.0
 70
0
  0
VERTEX
  5
961
  8
CUT
 10
1771.4108223851345
 20
959.170671958394
 30
0.0
 70
0
  0
VERTEX
  5
962
  8
CUT
 10
1771.6268699711077
 20
959.8197910734305
 30
0.0
 70
0
  0
VERTEX
  5
963
  8
CUT
 10
1771.7
 20
960.5
 30
0.0
 70
0
  0
SEQEND
  5
907
  8
CUT
  0
POLYLINE
  5
964
  8
CUT
 66
1
 10
0.0
 20
0.0
 30
0.0
 70
1
  0
VERTEX
  5
966
  8
CUT
 10
2214.0
 20
551.0
 30
0.0
 70
0
  0
VERTEX
  5
967
  8
CUT
 10
2213.4236
 20
556.8527
 30
0.0
 70
0
  0
VERTEX
  5
968
  8
CUT
 10
2211.7164000000002
 20
562.4805
 30
0.0
 70
0
  0
VERTEX
  5
969
  8
CUT
 10
2208.9441
 20
567.6671
 30
0.0
 70
0
  0
VERTEX
  5
96A
  8
CUT
 10
2205.2132
 20
572.2131999999999
 30
0.0
 70
0
  0
VERTEX
  5
96B
  8
CUT
 10
2200.6671
 20
575.9440999999999
 30
0.0
 70
0
  0
VERTEX
  5
96C
  8
CUT
 10
2195.4805
 20
578.7164
 30
0.0
 70
0
  0
VERTEX
  5
96D
  8
CUT
 10
2189.8527
 20
580.4236000000001
 30
0.0
 70
0
  0
VERTEX
  5
96E
  8
CUT
 10
1999.0
 20
581.0
 30
0.0
 70
0
  0
VERTEX
  5
96F
  8
CUT
 10
1993.1473
 20
580.4236000000001
 30
0.0
 70
0
  0
VERTEX
  5
970
  8
CUT
 10
1987.5194999999999
 20
578.7164
 30
0.0
 70
0
  0
VERTEX
  5
971
  8
CUT
 10
1982.3328999999999
 20
575.9440999999999
 30
0.0
 70
0
  0
VERTEX
  5
972
  8
CUT
 10
1977.7868
 20
572.2131999999999
 30
0.0
 70
0
  0
VERTEX
  5
973
  8
CUT
 10
1974.0559
 20
567.6671
 30
0.0
 70
0
  0
VERTEX
  5
974
  8
CUT
 10
1971.2836
 20
562.4805
 30
0.0
 70
0
  0
VERTEX
  5
975
  8
CUT
 10
1969.5764
 20
556.8527
 30
0.0
 70
0
  0
VERTEX
  5
976
  8
CUT
 10
1969.0
 20
461.0
 30
0.0
 70
0
  0
VERTEX
  5
977
  8
CUT
 10
1969.5764
 20
455.14730000000003
 30
0.0
 70
0
  0
VERTEX
  5
978
  8
CUT
 10
1971.2836
 20
449.5195
 30
0.0
 70
0
  0
VERTEX
  5
979
  8
CUT
 10
1974.0559
 20
444.3329
 30
0.0
 70
0
  0
VERTEX
  5
97A
  8
CUT
 10
1977.7868
 20
439.7868
 30
0.0
 70
0
  0
VERTEX
  5
97B
  8
CUT
 10
1982.3328999999999
 20
436.05590000000007
 30
0.0
 70
0
  0
VERTEX
  5
97C
  8
CUT
 10
1987.5194999999999
 20
433.28360000000004
 30
0.0
 70
0
  0
VERTEX
  5
97D
  8
CUT
 10
1993.1473
 20
431.57640000000004
 30
0.0
 70
0
  0
VERTEX
  5
97E
  8
CUT
 10
2184.0
 20
431.0
 30
0.0
 70
0
  0
VERTEX
  5
97F
  8
CUT
 10
2189.8527
 20
431.57640000000004
 30
0.0
 70
0
  0
VERTEX
  5
980
  8
CUT
 10
2195.4805
 20
433.2836
 30
0.0
 70
0
  0
VERTEX
  5
981
  8
CUT
 10
2200.6671
 20
436.0559
 30
0.0
 70
0
  0
VERTEX
  5
982
  8
CUT
 10
2205.2132
 20
439.78679999999997
 30
0.0
 70
0
  0
VERTEX
  5
983
  8
CUT
 10
2208.9441
 20
444.3329
 30
0.0
 70
0
  0
VERTEX
  5
984
  8
CUT
 10
2211.7164000000002
 20
449.5195
 30
0.0
 70
0
  0
VERTEX
  5
985
  8
CUT
 10
2213.4236
 20
455.1473
 30
0.0
 70
0
  0
SEQEND
  5
965
  8
CUT
  0
POLYLINE
  5
986
  8
CUT
 66
1
 10
0.0
 20
0.0
 30
0.0
 70
1
  0
VERTEX
  5
988
  8
CUT
 10
2214.0
 20
761.0
 30
0.0
 70
0
  0
VERTEX
  5
989
  8
CUT
 10
2213.4236
 20
766.8527
 30
0.0
 70
0
  0
VERTEX
  5
98A
  8
CUT
 10
2211.7164000000002
 20
772.4805
 30
0.0
 70
0
  0
VERTEX
  5
98B
  8
CUT
 10
2208.9441
 20
777.6671
 30
0.0
 70
0
  0
VERTEX
  5
98C
  8
CUT
 10
2205.2132
 20
782.2131999999999
 30
0.0
 70
0
  0
VERTEX
  5
98D
  8
CUT
 10
2200.6671
 20
785.9440999999999
 30
0.0
 70
0
  0
VERTEX
  5
98E
  8
CUT
 10
2195.4805
 20
788.7164
 30
0.0
 70
0
  0
VERTEX
  5
98F
  8
CUT
 10
2189.8527
 20
790.4236000000001
 30
0.0
 70
0
  0
VERTEX
  5
990
  8
CUT
 10
1999.0
 20
791.0
 30
0.0
 70
0
  0
VERTEX
  5
991
  8
CUT
 10
1993.1473
 20
790.4236000000001
 30
0.0
 70
0
  0
VERTEX
  5
992
  8
CUT
 10
1987.5195
 20
788.7164
 30
0.0
 70
0
  0
VERTEX
  5
993
  8
CUT
 10
1982.3329
 20
785.9440999999999
 30
0.0
 70
0
  0
VERTEX
  5
994
  8
CUT
 10
1977.7868
 20
782.2131999999999
 30
0.0
 70
0
  0
VERTEX
  5
995
  8
CUT
 10
1974.0559
 20
777.6671
 30
0.0
 70
0
  0
VERTEX
  5
996
  8
CUT
 10
1971.2836
 20
772.4805
 30
0.0
 70
0
  0
VERTEX
  5
997
  8
CUT
 10
1969.5764
 20
766.8527
 30
0.0
 70
0
  0
VERTEX
  5
998
  8
CUT
 10
1969.0
 20
706.0
 30
0.0
 70
0
  0
VERTEX
  5
999
  8
CUT
 10
1969.5764
 20
700.1473
 30
0.0
 70
0
  0
VERTEX
  5
99A
  8
CUT
 10
1971.2836
 20
694.5195
 30
0.0
 70
0
  0
VERTEX
  5
99B
  8
CUT
 10
1974.0559
 20
689.3329
 30
0.0
 70
0
  0
VERTEX
  5
99C
  8
CUT
 10
1977.7868
 20
684.7868000000001
 30
0.0
 70
0
  0
VERTEX
  5
99D
  8
CUT
 10
1982.3328999999999
 20
681.0559000000001
 30
0.0
 70
0
  0
VERTEX
  5
99E
  8
CUT
 10
1987.5194999999999
 20
678.2836
 30
0.0
 70
0
  0
VERTEX
  5
99F
  8
CUT
 10
1993.1473
 20
676.5763999999999
 30
0.0
 70
0
  0
VERTEX
  5
9A0
  8
CUT
 10
2184.0
 20
676.0
 30
0.0
 70
0
  0
VERTEX
  5
9A1
  8
CUT
 10
2189.8527
 20
676.5763999999999
 30
0.0
 70
0
  0
VERTEX
  5
9A2
  8
CUT
 10
2195.4805
 20
678.2836
 30
0.0
 70
0
  0
VERTEX
  5
9A3
  8
CUT
 10
2200.6671
 20
681.0559000000001
 30
0.0
 70
0
  0
VERTEX
  5
9A4
  8
CUT
 10
2205.2132
 20
684.7868000000001
 30
0.0
 70
0
  0
VERTEX
  5
9A5
  8
CUT
 10
2208.9441
 20
689.3329
 30
0.0
 70
0
  0
VERTEX
  5
9A6
  8
CUT
 10
2211.7164000000002
 20
694.5195
 30
0.0
 70
0
  0
VERTEX
  5
9A7
  8
CUT
 10
2213.4236
 20
700.1473
 30
0.0
 70
0
  0
SEQEND
  5
987
  8
CUT
  0
POLYLINE
  5
9A8
  8
CUT
 66
1
 10
0.0
 20
0.0
 30
0.0
 70
1
  0
VERTEX
  5
9AA
  8
CUT
 10
1909.0
 20
1081.0
 30
0.0
 70
0
  0
VERTEX
  5
9AB
  8
CUT
 10
1908.4236
 20
1086.8527
 30
0.0
 70
0
  0
VERTEX
  5
9AC
  8
CUT
 10
1906.7164
 20
1092.4805000000001
 30
0.0
 70
0
  0
VERTEX
  5
9AD
  8
CUT
 10
1903.9441000000002
 20
1097.6671000000001
 30
0.0
 70
0
  0
VERTEX
  5
9AE
  8
CUT
 10
1900.2132000000001
 20
1102.2132000000001
 30
0.0
 70
0
  0
VERTEX
  5
9AF
  8
CUT
 10
1895.6671000000001
 20
1105.9441000000002
 30
0.0
 70
0
  0
VERTEX
  5
9B0
  8
CUT
 10
1890.4805000000001
 20
1108.7164
 30
0.0
 70
0
  0
VERTEX
  5
9B1
  8
CUT
 10
1884.8527000000001
 20
1110.4236
 30
0.0
 70
0
  0
VERTEX
  5
9B2
  8
CUT
 10
1679.0
 20
1111.0
 30
0.0
 70
0
  0
VERTEX
  5
9B3
  8
CUT
 10
1673.1473
 20
1110.4236
 30
0.0
 70
0
  0
VERTEX
  5
9B4
  8
CUT
 10
1667.5194999999999
 20
1108.7164
 30
0.0
 70
0
  0
VERTEX
  5
9B5
  8
CUT
 10
1662.3328999999999
 20
1105.9441000000002
 30
0.0
 70
0
  0
VERTEX
  5
9B6
  8
CUT
 10
1657.7867999999999
 20
1102.2132000000001
 30
0.0
 70
0
  0
VERTEX
  5
9B7
  8
CUT
 10
1654.0558999999998
 20
1097.6671000000001
 30
0.0
 70
0
  0
VERTEX
  5
9B8
  8
CUT
 10
1651.2836
 20
1092.4805000000001
 30
0.0
 70
0
  0
VERTEX
  5
9B9
  8
CUT
 10
1649.5764
 20
1086.8527
 30
0.0
 70
0
  0
VERTEX
  5
9BA
  8
CUT
 10
1649.0
 20
1051.0
 30
0.0
 70
0
  0
VERTEX
  5
9BB
  8
CUT
 10
1649.5764
 20
1045.1473
 30
0.0
 70
0
  0
VERTEX
  5
9BC
  8
CUT
 10
1651.2836
 20
1039.5194999999999
 30
0.0
 70
0
  0
VERTEX
  5
9BD
  8
CUT
 10
1654.0558999999998
 20
1034.3328999999999
 30
0.0
 70
0
  0
VERTEX
  5
9BE
  8
CUT
 10
1657.7867999999999
 20
1029.7867999999999
 30
0.0
 70
0
  0
VERTEX
  5
9BF
  8
CUT
 10
1662.3328999999999
 20
1026.0558999999998
 30
0.0
 70
0
  0
VERTEX
  5
9C0
  8
CUT
 10
1667.5194999999999
 20
1023.2836
 30
0.0
 70
0
  0
VERTEX
  5
9C1
  8
CUT
 10
1673.1473
 20
1021.5764
 30
0.0
 70
0
  0
VERTEX
  5
9C2
  8
CUT
 10
1879.0
 20
1021.0
 30
0.0
 70
0
  0
VERTEX
  5
9C3
  8
CUT
 10
1884.8527000000001
 20
1021.5764
 30
0.0
 70
0
  0
VERTEX
  5
9C4
  8
CUT
 10
1890.4805000000001
 20
1023.2836
 30
0.0
 70
0
  0
VERTEX
  5
9C5
  8
CUT
 10
1895.6671000000001
 20
1026.0558999999998
 30
0.0
 70
0
  0
VERTEX
  5
9C6
  8
CUT
 10
1900.2132000000001
 20
1029.7867999999999
 30
0.0
 70
0
  0
VERTEX
  5
9C7
  8
CUT
 10
1903.9441000000002
 20
1034.3328999999999
 30
0.0
 70
0
  0
VERTEX
  5
9C8
  8
CUT
 10
1906.7164
 20
1039.5194999999999
 30
0.0
 70
0
  0
VERTEX
  5
9C9
  8
CUT
 10
1908.4236
 20
1045.1473
 30
0.0
 70
0
  0
SEQEND
  5
9A9
  8
CUT
  0
POLYLINE
  5
9CA
  8
CUT
 66
1
 10
0.0
 20
0.0
 30
0.0
 70
1
  0
VERTEX
  5
9CC
  8
CUT
 10
407.0
 20
933.0
 30
0.0
 70
0
  0
VERTEX
  5
9CD
  8
CUT
 10
447.0
 20
933.0
 30
0.0
 70
0
  0
VERTEX
  5
9CE
  8
CUT
 10
447.0
 20
948.3
 30
0.0
 70
0
  0
VERTEX
  5
9CF
  8
CUT
 10
446.31979107343045
 20
948.3731300288923
 30
0.0
 70
0
  0
VERTEX
  5
9D0
  8
CUT
 10
445.67067195839394
 20
948.5891776148655
 30
0.0
 70
0
  0
VERTEX
  5
9D1
  8
CUT
 10
445.08231146716366
 20
948.938268029042
 30
0.0
 70
0
  0
VERTEX
  5
9D2
  8
CUT
 10
444.58160136206635
 20
949.4044456513751
 30
0.0
 70
0
  0
VERTEX
  5
9D3
  8
CUT
 10
444.1914272333848
 20
949.9664032424959
 30
0.0
 70
0
  0
VERTEX
  5
9D4
  8
CUT
 10
443.9296224844336
 20
950.5984558181074
 30
0.0
 70
0
  0
VERTEX
  5
9D5
  8
CUT
 10
443.8081532332472
 20
951.2717146137625
 30
0.0
 70
0
  0
VERTEX
  5
9D6
  8
CUT
 10
443.832571385981
 20
951.9554074824745
 30
0.0
 70
0
  0
VERTEX
  5
9D7
  8
CUT
 10
444.00176088000075
 20
952.6182853747172
 30
0.0
 70
0
  0
VERTEX
  5
9D8
  8
CUT
 10
444.3079886949402
 20
953.230050615858
 30
0.0
 70
0
  0
VERTEX
  5
9D9
  8
CUT
 10
444.73725830020305
 20
953.762741699797
 30
0.0
 70
0
  0
VERTEX
  5
9DA
  8
CUT
 10
445.2699493841421
 20
954.1920113050599
 30
0.0
 70
0
  0
VERTEX
  5
9DB
  8
CUT
 10
445.8817146252829
 20
954.4982391199992
 30
0.0
 70
0
  0
VERTEX
  5
9DC
  8
CUT
 10
446.5445925175255
 20
954.667428614019
 30
0.0
 70
0
  0
VERTEX
  5
9DD
  8
CUT
 10
447.22828538623753
 20
954.6918467667529
 30
0.0
 70
0
  0
VERTEX
  5
9DE
  8
CUT
 10
447.9015441818926
 20
954.5703775155664
 30
0.0
 70
0
  0
VERTEX
  5
9DF
  8
CUT
 10
448.5335967575042
 20
954.3085727666153
 30
0.0
 70
0
  0
VERTEX
  5
9E0
  8
CUT
 10
449.09555434862494
 20
953.9183986379336
 30
0.0
 70
0
  0
VERTEX
  5
9E1
  8
CUT
 10
449.56173197095796
 20
953.4176885328363
 30
0.0
 70
0
  0
VERTEX
  5
9E2
  8
CUT
 10
449.91082238513445
 20
952.829328041606
 30
0.0
 70
0
  0
VERTEX
  5
9E3
  8
CUT
 10
450.12686997110774
 20
952.1802089265695
 30
0.0
 70
0
  0
VERTEX
  5
9E4
  8
CUT
 10
450.2
 20
951.5
 30
0.0
 70
0
  0
VERTEX
  5
9E5
  8
CUT
 10
527.0
 20
951.5
 30
0.0
 70
0
  0
VERTEX
  5
9E6
  8
CUT
 10
527.0
 20
1134.5
 30
0.0
 70
0
  0
VERTEX
  5
9E7
  8
CUT
 10
450.2
 20
1134.5
 30
0.0
 70
0
  0
VERTEX
  5
9E8
  8
CUT
 10
450.12686997110774
 20
1133.8197910734305
 30
0.0
 70
0
  0
VERTEX
  5
9E9
  8
CUT
 10
449.91082238513445
 20
1133.170671958394
 30
0.0
 70
0
  0
VERTEX
  5
9EA
  8
CUT
 10
449.56173197095796
 20
1132.5823114671637
 30
0.0
 70
0
  0
VERTEX
  5
9EB
  8
CUT
 10
449.09555434862494
 20
1132.0816013620663
 30
0.0
 70
0
  0
VERTEX
  5
9EC
  8
CUT
 10
448.5335967575042
 20
1131.6914272333847
 30
0.0
 70
0
  0
VERTEX
  5
9ED
  8
CUT
 10
447.9015441818926
 20
1131.4296224844336
 30
0.0
 70
0
  0
VERTEX
  5
9EE
  8
CUT
 10
447.22828538623753
 20
1131.3081532332471
 30
0.0
 70
0
  0
VERTEX
  5
9EF
  8
CUT
 10
446.5445925175255
 20
1131.332571385981
 30
0.0
 70
0
  0
VERTEX
  5
9F0
  8
CUT
 10
445.8817146252829
 20
1131.5017608800008
 30
0.0
 70
0
  0
VERTEX
  5
9F1
  8
CUT
 10
445.2699493841421
 20
1131.8079886949401
 30
0.0
 70
0
  0
VERTEX
  5
9F2
  8
CUT
 10
444.73725830020305
 20
1132.237258300203
 30
0.0
 70
0
  0
VERTEX
  5
9F3
  8
CUT
 10
444.3079886949402
 20
1132.7699493841421
 30
0.0
 70
0
  0
VERTEX
  5
9F4
  8
CUT
 10
444.00176088000075
 20
1133.381714625283
 30
0.0
 70
0
  0
VERTEX
  5
9F5
  8
CUT
 10
443.832571385981
 20
1134.0445925175254
 30
0.0
 70
0
  0
VERTEX
  5
9F6
  8
CUT
 10
443.8081532332472
 20
1134.7282853862375
 30
0.0
 70
0
  0
VERTEX
  5
9F7
  8
CUT
 10
443.9296224844336
 20
1135.4015441818926
 30
0.0
 70
0
  0
VERTEX
  5
9F8
  8
CUT
 10
444.1914272333848
 20
1136.0335967575043
 30
0.0
 70
0
  0
VERTEX
  5
9F9
  8
CUT
 10
444.58160136206635
 20
1136.595554348625
 30
0.0
 70
0
  0
VERTEX
  5
9FA
  8
CUT
 10
445.08231146716366
 20
1137.061731970958
 30
0.0
 70
0
  0
VERTEX
  5
9FB
  8
CUT
 10
445.67067195839394
 20
1137.4108223851345
 30
0.0
 70
0
  0
VERTEX
  5
9FC
  8
CUT
 10
446.31979107343045
 20
1137.6268699711077
 30
0.0
 70
0
  0
VERTEX
  5
9FD
  8
CUT
 10
447.0
 20
1137.7
 30
0.0
 70
0
  0
VERTEX
  5
9FE
  8
CUT
 10
447.0
 20
1153.0
 30
0.0
 70
0
  0
VERTEX
  5
9FF
  8
CUT
 10
407.0
 20
1153.0
 30
0.0
 70
0
  0
VERTEX
  5
A00
  8
CUT
 10
407.0
 20
1137.7
 30
0.0
 70
0
  0
VERTEX
  5
A01
  8
CUT
 10
407.68020892656955
 20
1137.6268699711077
 30
0.0
 70
0
  0
VERTEX
  5
A02
  8
CUT
 10
408.32932804160606
 20
1137.4108223851345
 30
0.0
 70
0
  0
VERTEX
  5
A03
  8
CUT
 10
408.91768853283634
 20
1137.061731970958
 30
0.0
 70
0
  0
VERTEX
  5
A04
  8
CUT
 10
409.41839863793365
 20
1136.595554348625
 30
0.0
 70
0
  0
VERTEX
  5
A05
  8
CUT
 10
409.8085727666152
 20
1136.0335967575043
 30
0.0
 70
0
  0
VERTEX
  5
A06
  8
CUT
 10
410.0703775155664
 20
1135.4015441818926
 30
0.0
 70
0
  0
VERTEX
  5
A07
  8
CUT
 10
410.1918467667528
 20
1134.7282853862375
 30
0.0
 70
0
  0
VERTEX
  5
A08
  8
CUT
 10
410.167428614019
 20
1134.0445925175254
 30
0.0
 70
0
  0
VERTEX
  5
A09
  8
CUT
 10
409.99823911999925
 20
1133.381714625283
 30
0.0
 70
0
  0
VERTEX
  5
A0A
  8
CUT
 10
409.6920113050598
 20
1132.7699493841421
 30
0.0
 70
0
  0
VERTEX
  5
A0B
  8
CUT
 10
409.26274169979695
 20
1132.237258300203
 30
0.0
 70
0
  0
VERTEX
  5
A0C
  8
CUT
 10
408.7300506158579
 20
1131.8079886949401
 30
0.0
 70
0
  0
VERTEX
  5
A0D
  8
CUT
 10
408.1182853747171
 20
1131.5017608800008
 30
0.0
 70
0
  0
VERTEX
  5
A0E
  8
CUT
 10
407.4554074824745
 20
1131.332571385981
 30
0.0
 70
0
  0
VERTEX
  5
A0F
  8
CUT
 10
406.77171461376247
 20
1131.3081532332471
 30
0.0
 70
0
  0
VERTEX
  5
A10
  8
CUT
 10
406.0984558181074
 20
1131.4296224844336
 30
0.0
 70
0
  0
VERTEX
  5
A11
  8
CUT
 10
405.4664032424958
 20
1131.6914272333847
 30
0.0
 70
0
  0
VERTEX
  5
A12
  8
CUT
 10
404.90444565137506
 20
1132.0816013620663
 30
0.0
 70
0
  0
VERTEX
  5
A13
  8
CUT
 10
404.43826802904204
 20
1132.5823114671637
 30
0.0
 70
0
  0
VERTEX
  5
A14
  8
CUT
 10
404.08917761486555
 20
1133.170671958394
 30
0.0
 70
0
  0
VERTEX
  5
A15
  8
CUT
 10
403.87313002889226
 20
1133.8197910734305
 30
0.0
 70
0
  0
VERTEX
  5
A16
  8
CUT
 10
403.8
 20
1134.5
 30
0.0
 70
0
  0
VERTEX
  5
A17
  8
CUT
 10
250.2
 20
1134.5
 30
0.0
 70
0
  0
VERTEX
  5
A18
  8
CUT
 10
250.1268699711077
 20
1133.8197910734305
 30
0.0
 70
0
  0
VERTEX
  5
A19
  8
CUT
 10
249.91082238513445
 20
1133.170671958394
 30
0.0
 70
0
  0
VERTEX
  5
A1A
  8
CUT
 10
249.56173197095794
 20
1132.5823114671637
 30
0.0
 70
0
  0
VERTEX
  5
A1B
  8
CUT
 10
249.0955543486249
 20
1132.0816013620663
 30
0.0
 70
0
  0
VERTEX
  5
A1C
  8
CUT
 10
248.53359675750417
 20
1131.6914272333847
 30
0.0
 70
0
  0
VERTEX
  5
A1D
  8
CUT
 10
247.90154418189255
 20
1131.4296224844336
 30
0.0
 70
0
  0
VERTEX
  5
A1E
  8
CUT
 10
247.22828538623753
 20
1131.3081532332471
 30
0.0
 70
0
  0
VERTEX
  5
A1F
  8
CUT
 10
246.54459251752544
 20
1131.332571385981
 30
0.0
 70
0
  0
VERTEX
  5
A20
  8
CUT
 10
245.88171462528285
 20
1131.5017608800008
 30
0.0
 70
0
  0
VERTEX
  5
A21
  8
CUT
 10
245.26994938414205
 20
1131.8079886949401
 30
0.0
 70
0
  0
VERTEX
  5
A22
  8
CUT
 10
244.737258300203
 20
1132.237258300203
 30
0.0
 70
0
  0
VERTEX
  5
A23
  8
CUT
 10
244.30798869494018
 20
1132.7699493841421
 30
0.0
 70
0
  0
VERTEX
  5
A24
  8
CUT
 10
244.00176088000072
 20
1133.381714625283
 30
0.0
 70
0
  0
VERTEX
  5
A25
  8
CUT
 10
243.83257138598097
 20
1134.0445925175254
 30
0.0
 70
0
  0
VERTEX
  5
A26
  8
CUT
 10
243.80815323324714
 20
1134.7282853862375
 30
0.0
 70
0
  0
VERTEX
  5
A27
  8
CUT
 10
243.92962248443357
 20
1135.4015441818926
 30
0.0
 70
0
  0
VERTEX
  5
A28
  8
CUT
 10
244.19142723338473
 20
1136.0335967575043
 30
0.0
 70
0
  0
VERTEX
  5
A29
  8
CUT
 10
244.58160136206632
 20
1136.595554348625
 30
0.0
 70
0
  0
VERTEX
  5
A2A
  8
CUT
 10
245.08231146716366
 20
1137.061731970958
 30
0.0
 70
0
  0
VERTEX
  5
A2B
  8
CUT
 10
245.67067195839394
 20
1137.4108223851345
 30
0.0
 70
0
  0
VERTEX
  5
A2C
  8
CUT
 10
246.31979107343045
 20
1137.6268699711077
 30
0.0
 70
0
  0
VERTEX
  5
A2D
  8
CUT
 10
247.0
 20
1137.7
 30
0.0
 70
0
  0
VERTEX
  5
A2E
  8
CUT
 10
247.0
 20
1153.0
 30
0.0
 70
0
  0
VERTEX
  5
A2F
  8
CUT
 10
207.0
 20
1153.0
 30
0.0
 70
0
  0
VERTEX
  5
A30
  8
CUT
 10
207.0
 20
1137.7
 30
0.0
 70
0
  0
VERTEX
  5
A31
  8
CUT
 10
207.68020892656952
 20
1137.6268699711077
 30
0.0
 70
0
  0
VERTEX
  5
A32
  8
CUT
 10
208.32932804160603
 20
1137.4108223851345
 30
0.0
 70
0
  0
VERTEX
  5
A33
  8
CUT
 10
208.91768853283634
 20
1137.061731970958
 30
0.0
 70
0
  0
VERTEX
  5
A34
  8
CUT
 10
209.41839863793365
 20
1136.595554348625
 30
0.0
 70
0
  0
VERTEX
  5
A35
  8
CUT
 10
209.80857276661524
 20
1136.0335967575043
 30
0.0
 70
0
  0
VERTEX
  5
A36
  8
CUT
 10
210.07037751556643
 20
1135.4015441818926
 30
0.0
 70
0
  0
VERTEX
  5
A37
  8
CUT
 10
210.19184676675286
 20
1134.7282853862375
 30
0.0
 70
0
  0
VERTEX
  5
A38
  8
CUT
 10
210.16742861401903
 20
1134.0445925175254
 30
0.0
 70
0
  0
VERTEX
  5
A39
  8
CUT
 10
209.99823911999928
 20
1133.381714625283
 30
0.0
 70
0
  0
VERTEX
  5
A3A
  8
CUT
 10
209.69201130505985
 20
1132.7699493841421
 30
0.0
 70
0
  0
VERTEX
  5
A3B
  8
CUT
 10
209.262741699797
 20
1132.2372583002032
 30
0.0
 70
0
  0
VERTEX
  5
A3C
  8
CUT
 10
208.73005061585798
 20
1131.8079886949401
 30
0.0
 70
0
  0
VERTEX
  5
A3D
  8
CUT
 10
208.11828537471717
 20
1131.5017608800008
 30
0.0
 70
0
  0
VERTEX
  5
A3E
  8
CUT
 10
207.45540748247458
 20
1131.332571385981
 30
0.0
 70
0
  0
VERTEX
  5
A3F
  8
CUT
 10
206.77171461376253
 20
1131.3081532332471
 30
0.0
 70
0
  0
VERTEX
  5
A40
  8
CUT
 10
206.09845581810748
 20
1131.4296224844336
 30
0.0
 70
0
  0
VERTEX
  5
A41
  8
CUT
 10
205.46640324249586
 20
1131.6914272333847
 30
0.0
 70
0
  0
VERTEX
  5
A42
  8
CUT
 10
204.9044456513751
 20
1132.0816013620663
 30
0.0
 70
0
  0
VERTEX
  5
A43
  8
CUT
 10
204.4382680290421
 20
1132.5823114671637
 30
0.0
 70
0
  0
VERTEX
  5
A44
  8
CUT
 10
204.08917761486558
 20
1133.170671958394
 30
0.0
 70
0
  0
VERTEX
  5
A45
  8
CUT
 10
203.87313002889232
 20
1133.8197910734305
 30
0.0
 70
0
  0
VERTEX
  5
A46
  8
CUT
 10
203.8
 20
1134.5
 30
0.0
 70
0
  0
VERTEX
  5
A47
  8
CUT
 10
130.2
 20
1134.5
 30
0.0
 70
0
  0
VERTEX
  5
A48
  8
CUT
 10
130.1268699711077
 20
1133.8197910734305
 30
0.0
 70
0
  0
VERTEX
  5
A49
  8
CUT
 10
129.91082238513445
 20
1133.170671958394
 30
0.0
 70
0
  0
VERTEX
  5
A4A
  8
CUT
 10
129.56173197095794
 20
1132.5823114671637
 30
0.0
 70
0
  0
VERTEX
  5
A4B
  8
CUT
 10
129.0955543486249
 20
1132.0816013620663
 30
0.0
 70
0
  0
VERTEX
  5
A4C
  8
CUT
 10
128.53359675750417
 20
1131.6914272333847
 30
0.0
 70
0
  0
VERTEX
  5
A4D
  8
CUT
 10
127.90154418189255
 20
1131.4296224844336
 30
0.0
 70
0
  0
VERTEX
  5
A4E
  8
CUT
 10
127.22828538623752
 20
1131.3081532332471
 30
0.0
 70
0
  0
VERTEX
  5
A4F
  8
CUT
 10
126.54459251752546
 20
1131.332571385981
 30
0.0
 70
0
  0
VERTEX
  5
A50
  8
CUT
 10
125.88171462528285
 20
1131.5017608800008
 30
0.0
 70
0
  0
VERTEX
  5
A51
  8
CUT
 10
125.26994938414205
 20
1131.8079886949401
 30
0.0
 70
0
  0
VERTEX
  5
A52
  8
CUT
 10
124.73725830020301
 20
1132.237258300203
 30
0.0
 70
0
  0
VERTEX
  5
A53
  8
CUT
 10
124.30798869494018
 20
1132.7699493841421
 30
0.0
 70
0
  0
VERTEX
  5
A54
  8
CUT
 10
124.00176088000072
 20
1133.381714625283
 30
0.0
 70
0
  0
VERTEX
  5
A55
  8
CUT
 10
123.83257138598097
 20
1134.0445925175254
 30
0.0
 70
0
  0
VERTEX
  5
A56
  8
CUT
 10
123.80815323324714
 20
1134.7282853862375
 30
0.0
 70
0
  0
VERTEX
  5
A57
  8
CUT
 10
123.92962248443357
 20
1135.4015441818926
 30
0.0
 70
0
  0
VERTEX
  5
A58
  8
CUT
 10
124.19142723338474
 20
1136.0335967575043
 30
0.0
 70
0
  0
VERTEX
  5
A59
  8
CUT
 10
124.58160136206634
 20
1136.595554348625
 30
0.0
 70
0
  0
VERTEX
  5
A5A
  8
CUT
 10
125.08231146716365
 20
1137.061731970958
 30
0.0
 70
0
  0
VERTEX
  5
A5B
  8
CUT
 10
125.67067195839392
 20
1137.4108223851345
 30
0.0
 70
0
  0
VERTEX
  5
A5C
  8
CUT
 10
126.31979107343044
 20
1137.6268699711077
 30
0.0
 70
0
  0
VERTEX
  5
A5D
  8
CUT
 10
127.0
 20
1137.7
 30
0.0
 70
0
  0
VERTEX
  5
A5E
  8
CUT
 10
127.0
 20
1153.0
 30
0.0
 70
0
  0
VERTEX
  5
A5F
  8
CUT
 10
117.41289999999998
 20
1152.5814
 30
0.0
 70
0
  0
VERTEX
  5
A60
  8
CUT
 10
107.89870000000002
 20
1151.3289
 30
0.0
 70
0
  0
VERTEX
  5
A61
  8
CUT
 10
98.5299
 20
1149.2518
 30
0.0
 70
0
  0
VERTEX
  5
A62
  8
CUT
 10
89.37779999999998
 20
1146.3662
 30
0.0
 70
0
  0
VERTEX
  5
A63
  8
CUT
 10
80.512
 20
1142.6939
 30
0.0
 70
0
  0
VERTEX
  5
A64
  8
CUT
 10
72.0
 20
1138.2628
 30
0.0
 70
0
  0
VERTEX
  5
A65
  8
CUT
 10
63.906600000000026
 20
1133.1067
 30
0.0
 70
0
  0
VERTEX
  5
A66
  8
CUT
 10
56.29340000000002
 20
1127.2649000000001
 30
0.0
 70
0
  0
VERTEX
  5
A67
  8
CUT
 10
49.2183
 20
1120.7817
 30
0.0
 70
0
  0
VERTEX
  5
A68
  8
CUT
 10
42.73509999999999
 20
1113.7066
 30
0.0
 70
0
  0
VERTEX
  5
A69
  8
CUT
 10
36.893299999999954
 20
1106.0934
 30
0.0
 70
0
  0
VERTEX
  5
A6A
  8
CUT
 10
31.73720000000003
 20
1098.0
 30
0.0
 70
0
  0
VERTEX
  5
A6B
  8
CUT
 10
27.306100000000015
 20
1089.488
 30
0.0
 70
0
  0
VERTEX
  5
A6C
  8
CUT
 10
23.63379999999995
 20
1080.6222
 30
0.0
 70
0
  0
VERTEX
  5
A6D
  8
CUT
 10
20.748199999999997
 20
1071.4701
 30
0.0
 70
0
  0
VERTEX
  5
A6E
  8
CUT
 10
18.671100000000024
 20
1062.1013
 30
0.0
 70
0
  0
VERTEX
  5
A6F
  8
CUT
 10
17.41859999999997
 20
1052.5871
 30
0.0
 70
0
  0
VERTEX
  5
A70
  8
CUT
 10
17.0
 20
1043.0
 30
0.0
 70
0
  0
VERTEX
  5
A71
  8
CUT
 10
17.41859999999997
 20
1033.4129
 30
0.0
 70
0
  0
VERTEX
  5
A72
  8
CUT
 10
18.671100000000024
 20
1023.8987
 30
0.0
 70
0
  0
VERTEX
  5
A73
  8
CUT
 10
20.748199999999997
 20
1014.5299
 30
0.0
 70
0
  0
VERTEX
  5
A74
  8
CUT
 10
23.63379999999995
 20
1005.3778
 30
0.0
 70
0
  0
VERTEX
  5
A75
  8
CUT
 10
27.306100000000015
 20
996.5120000000001
 30
0.0
 70
0
  0
VERTEX
  5
A76
  8
CUT
 10
31.73720000000003
 20
988.0
 30
0.0
 70
0
  0
VERTEX
  5
A77
  8
CUT
 10
36.893299999999954
 20
979.9066
 30
0.0
 70
0
  0
VERTEX
  5
A78
  8
CUT
 10
42.73509999999999
 20
972.2934
 30
0.0
 70
0
  0
VERTEX
  5
A79
  8
CUT
 10
49.2183
 20
965.2183
 30
0.0
 70
0
  0
VERTEX
  5
A7A
  8
CUT
 10
56.29340000000002
 20
958.7351
 30
0.0
 70
0
  0
VERTEX
  5
A7B
  8
CUT
 10
63.906600000000026
 20
952.8933000000001
 30
0.0
 70
0
  0
VERTEX
  5
A7C
  8
CUT
 10
72.0
 20
947.7372
 30
0.0
 70
0
  0
VERTEX
  5
A7D
  8
CUT
 10
80.512
 20
943.3061
 30
0.0
 70
0
  0
VERTEX
  5
A7E
  8
CUT
 10
89.37779999999998
 20
939.6338000000001
 30
0.0
 70
0
  0
VERTEX
  5
A7F
  8
CUT
 10
98.5299
 20
936.7482
 30
0.0
 70
0
  0
VERTEX
  5
A80
  8
CUT
 10
107.89870000000002
 20
934.6711
 30
0.0
 70
0
  0
VERTEX
  5
A81
  8
CUT
 10
117.41289999999998
 20
933.4186
 30
0.0
 70
0
  0
VERTEX
  5
A82
  8
CUT
 10
127.0
 20
933.0
 30
0.0
 70
0
  0
VERTEX
  5
A83
  8
CUT
 10
127.0
 20
948.3000000000001
 30
0.0
 70
0
  0
VERTEX
  5
A84
  8
CUT
 10
126.31979107343048
 20
948.3731300288924
 30
0.0
 70
0
  0
VERTEX
  5
A85
  8
CUT
 10
125.67067195839398
 20
948.5891776148657
 30
0.0
 70
0
  0
VERTEX
  5
A86
  8
CUT
 10
125.08231146716372
 20
948.9382680290422
 30
0.0
 70
0
  0
VERTEX
  5
A87
  8
CUT
 10
124.58160136206641
 20
949.4044456513752
 30
0.0
 70
0
  0
VERTEX
  5
A88
  8
CUT
 10
124.19142723338483
 20
949.966403242496
 30
0.0
 70
0
  0
VERTEX
  5
A89
  8
CUT
 10
123.92962248443366
 20
950.5984558181076
 30
0.0
 70
0
  0
VERTEX
  5
A8A
  8
CUT
 10
123.80815323324725
 20
951.2717146137626
 30
0.0
 70
0
  0
VERTEX
  5
A8B
  8
CUT
 10
123.83257138598108
 20
951.9554074824747
 30
0.0
 70
0
  0
VERTEX
  5
A8C
  8
CUT
 10
124.00176088000084
 20
952.6182853747173
 30
0.0
 70
0
  0
VERTEX
  5
A8D
  8
CUT
 10
124.30798869494029
 20
953.230050615858
 30
0.0
 70
0
  0
VERTEX
  5
A8E
  8
CUT
 10
124.73725830020312
 20
953.7627416997971
 30
0.0
 70
0
  0
VERTEX
  5
A8F
  8
CUT
 10
125.26994938414217
 20
954.1920113050599
 30
0.0
 70
0
  0
VERTEX
  5
A90
  8
CUT
 10
125.88171462528295
 20
954.4982391199993
 30
0.0
 70
0
  0
VERTEX
  5
A91
  8
CUT
 10
126.54459251752554
 20
954.6674286140191
 30
0.0
 70
0
  0
VERTEX
  5
A92
  8
CUT
 10
127.2282853862376
 20
954.6918467667529
 30
0.0
 70
0
  0
VERTEX
  5
A93
  8
CUT
 10
127.90154418189262
 20
954.5703775155664
 30
0.0
 70
0
  0
VERTEX
  5
A94
  8
CUT
 10
128.53359675750423
 20
954.3085727666153
 30
0.0
 70
0
  0
VERTEX
  5
A95
  8
CUT
 10
129.09555434862494
 20
953.9183986379337
 30
0.0
 70
0
  0
VERTEX
  5
A96
  8
CUT
 10
129.56173197095796
 20
953.4176885328363
 30
0.0
 70
0
  0
VERTEX
  5
A97
  8
CUT
 10
129.91082238513445
 20
952.8293280416061
 30
0.0
 70
0
  0
VERTEX
  5
A98
  8
CUT
 10
130.1268699711077
 20
952.1802089265695
 30
0.0
 70
0
  0
VERTEX
  5
A99
  8
CUT
 10
130.2
 20
951.5
 30
0.0
 70
0
  0
VERTEX
  5
A9A
  8
CUT
 10
203.8
 20
951.5
 30
0.0
 70
0
  0
VERTEX
  5
A9B
  8
CUT
 10
203.87313002889226
 20
952.1802089265695
 30
0.0
 70
0
  0
VERTEX
  5
A9C
  8
CUT
 10
204.0891776148655
 20
952.829328041606
 30
0.0
 70
0
  0
VERTEX
  5
A9D
  8
CUT
 10
204.43826802904198
 20
953.4176885328363
 30
0.0
 70
0
  0
VERTEX
  5
A9E
  8
CUT
 10
204.904445651375
 20
953.9183986379336
 30
0.0
 70
0
  0
VERTEX
  5
A9F
  8
CUT
 10
205.46640324249572
 20
954.3085727666153
 30
0.0
 70
0
  0
VERTEX
  5
AA0
  8
CUT
 10
206.0984558181073
 20
954.5703775155664
 30
0.0
 70
0
  0
VERTEX
  5
AA1
  8
CUT
 10
206.77171461376233
 20
954.6918467667529
 30
0.0
 70
0
  0
VERTEX
  5
AA2
  8
CUT
 10
207.45540748247436
 20
954.6674286140191
 30
0.0
 70
0
  0
VERTEX
  5
AA3
  8
CUT
 10
208.11828537471698
 20
954.4982391199993
 30
0.0
 70
0
  0
VERTEX
  5
AA4
  8
CUT
 10
208.73005061585778
 20
954.19201130506
 30
0.0
 70
0
  0
VERTEX
  5
AA5
  8
CUT
 10
209.2627416997968
 20
953.7627416997972
 30
0.0
 70
0
  0
VERTEX
  5
AA6
  8
CUT
 10
209.69201130505965
 20
953.2300506158581
 30
0.0
 70
0
  0
VERTEX
  5
AA7
  8
CUT
 10
209.99823911999914
 20
952.6182853747173
 30
0.0
 70
0
  0
VERTEX
  5
AA8
  8
CUT
 10
210.1674286140189
 20
951.9554074824747
 30
0.0
 70
0
  0
VERTEX
  5
AA9
  8
CUT
 10
210.19184676675275
 20
951.2717146137627
 30
0.0
 70
0
  0
VERTEX
  5
AAA
  8
CUT
 10
210.07037751556635
 20
950.5984558181077
 30
0.0
 70
0
  0
VERTEX
  5
AAB
  8
CUT
 10
209.8085727666152
 20
949.9664032424961
 30
0.0
 70
0
  0
VERTEX
  5
AAC
  8
CUT
 10
209.41839863793365
 20
949.4044456513753
 30
0.0
 70
0
  0
VERTEX
  5
AAD
  8
CUT
 10
208.91768853283634
 20
948.9382680290422
 30
0.0
 70
0
  0
VERTEX
  5
AAE
  8
CUT
 10
208.3293280416061
 20
948.5891776148658
 30
0.0
 70
0
  0
VERTEX
  5
AAF
  8
CUT
 10
207.6802089265696
 20
948.3731300288924
 30
0.0
 70
0
  0
VERTEX
  5
AB0
  8
CUT
 10
207.0
 20
948.3000000000001
 30
0.0
 70
0
  0
VERTEX
  5
AB1
  8
CUT
 10
207.0
 20
933.0
 30
0.0
 70
0
  0
VERTEX
  5
AB2
  8
CUT
 10
247.0
 20
933.0
 30
0.0
 70
0
  0
VERTEX
  5
AB3
  8
CUT
 10
247.0
 20
948.3000000000001
 30
0.0
 70
0
  0
VERTEX
  5
AB4
  8
CUT
 10
246.31979107343048
 20
948.3731300288924
 30
0.0
 70
0
  0
VERTEX
  5
AB5
  8
CUT
 10
245.670671958394
 20
948.5891776148657
 30
0.0
 70
0
  0
VERTEX
  5
AB6
  8
CUT
 10
245.08231146716372
 20
948.9382680290422
 30
0.0
 70
0
  0
VERTEX
  5
AB7
  8
CUT
 10
244.5816013620664
 20
949.4044456513752
 30
0.0
 70
0
  0
VERTEX
  5
AB8
  8
CUT
 10
244.19142723338484
 20
949.966403242496
 30
0.0
 70
0
  0
VERTEX
  5
AB9
  8
CUT
 10
243.92962248443368
 20
950.5984558181076
 30
0.0
 70
0
  0
VERTEX
  5
ABA
  8
CUT
 10
243.80815323324725
 20
951.2717146137626
 30
0.0
 70
0
  0
VERTEX
  5
ABB
  8
CUT
 10
243.83257138598108
 20
951.9554074824747
 30
0.0
 70
0
  0
VERTEX
  5
ABC
  8
CUT
 10
244.00176088000083
 20
952.6182853747173
 30
0.0
 70
0
  0
VERTEX
  5
ABD
  8
CUT
 10
244.3079886949403
 20
953.230050615858
 30
0.0
 70
0
  0
VERTEX
  5
ABE
  8
CUT
 10
244.73725830020314
 20
953.7627416997971
 30
0.0
 70
0
  0
VERTEX
  5
ABF
  8
CUT
 10
245.26994938414217
 20
954.1920113050599
 30
0.0
 70
0
  0
VERTEX
  5
AC0
  8
CUT
 10
245.88171462528294
 20
954.4982391199993
 30
0.0
 70
0
  0
VERTEX
  5
AC1
  8
CUT
 10
246.54459251752556
 20
954.6674286140191
 30
0.0
 70
0
  0
VERTEX
  5
AC2
  8
CUT
 10
247.2282853862376
 20
954.6918467667529
 30
0.0
 70
0
  0
VERTEX
  5
AC3
  8
CUT
 10
247.90154418189263
 20
954.5703775155664
 30
0.0
 70
0
  0
VERTEX
  5
AC4
  8
CUT
 10
248.53359675750423
 20
954.3085727666153
 30
0.0
 70
0
  0
VERTEX
  5
AC5
  8
CUT
 10
249.09555434862494
 20
953.9183986379337
 30
0.0
 70
0
  0
VERTEX
  5
AC6
  8
CUT
 10
249.56173197095796
 20
953.4176885328363
 30
0.0
 70
0
  0
VERTEX
  5
AC7
  8
CUT
 10
249.91082238513445
 20
952.8293280416061
 30
0.0
 70
0
  0
VERTEX
  5
AC8
  8
CUT
 10
250.1268699711077
 20
952.1802089265695
 30
0.0
 70
0
  0
VERTEX
  5
AC9
  8
CUT
 10
250.2
 20
951.5
 30
0.0
 70
0
  0
VERTEX
  5
ACA
  8
CUT
 10
403.8
 20
951.5
 30
0.0
 70
0
  0
VERTEX
  5
ACB
  8
CUT
 10
403.87313002889226
 20
952.1802089265695
 30
0.0
 70
0
  0
VERTEX
  5
ACC
  8
CUT
 10
404.08917761486555
 20
952.829328041606
 30
0.0
 70
0
  0
VERTEX
  5
ACD
  8
CUT
 10
404.43826802904204
 20
953.4176885328363
 30
0.0
 70
0
  0
VERTEX
  5
ACE
  8
CUT
 10
404.90444565137506
 20
953.9183986379336
 30
0.0
 70
0
  0
VERTEX
  5
ACF
  8
CUT
 10
405.4664032424958
 20
954.3085727666153
 30
0.0
 70
0
  0
VERTEX
  5
AD0
  8
CUT
 10
406.0984558181074
 20
954.5703775155664
 30
0.0
 70
0
  0
VERTEX
  5
AD1
  8
CUT
 10
406.77171461376247
 20
954.6918467667529
 30
0.0
 70
0
  0
VERTEX
  5
AD2
  8
CUT
 10
407.4554074824745
 20
954.667428614019
 30
0.0
 70
0
  0
VERTEX
  5
AD3
  8
CUT
 10
408.1182853747171
 20
954.4982391199992
 30
0.0
 70
0
  0
VERTEX
  5
AD4
  8
CUT
 10
408.7300506158579
 20
954.1920113050599
 30
0.0
 70
0
  0
VERTEX
  5
AD5
  8
CUT
 10
409.26274169979695
 20
953.762741699797
 30
0.0
 70
0
  0
VERTEX
  5
AD6
  8
CUT
 10
409.6920113050598
 20
953.230050615858
 30
0.0
 70
0
  0
VERTEX
  5
AD7
  8
CUT
 10
409.99823911999925
 20
952.6182853747172
 30
0.0
 70
0
  0
VERTEX
  5
AD8
  8
CUT
 10
410.167428614019
 20
951.9554074824745
 30
0.0
 70
0
  0
VERTEX
  5
AD9
  8
CUT
 10
410.1918467667528
 20
951.2717146137625
 30
0.0
 70
0
  0
VERTEX
  5
ADA
  8
CUT
 10
410.0703775155664
 20
950.5984558181074
 30
0.0
 70
0
  0
VERTEX
  5
ADB
  8
CUT
 10
409.8085727666152
 20
949.9664032424959
 30
0.0
 70
0
  0
VERTEX
  5
ADC
  8
CUT
 10
409.41839863793365
 20
949.4044456513751
 30
0.0
 70
0
  0
VERTEX
  5
ADD
  8
CUT
 10
408.91768853283634
 20
948.938268029042
 30
0.0
 70
0
  0
VERTEX
  5
ADE
  8
CUT
 10
408.32932804160606
 20
948.5891776148655
 30
0.0
 70
0
  0
VERTEX
  5
ADF
  8
CUT
 10
407.68020892656955
 20
948.3731300288923
 30
0.0
 70
0
  0
VERTEX
  5
AE0
  8
CUT
 10
407.0
 20
948.3
 30
0.0
 70
0
  0
SEQEND
  5
9CB
  8
CUT
  0
POLYLINE
  5
AE1
  8
CUT
 66
1
 10
0.0
 20
0.0
 30
0.0
 70
1
  0
VERTEX
  5
AE3
  8
CUT
 10
931.0
 20
933.0
 30
0.0
 70
0
  0
VERTEX
  5
AE4
  8
CUT
 10
971.0
 20
933.0
 30
0.0
 70
0
  0
VERTEX
  5
AE5
  8
CUT
 10
971.0
 20
948.3
 30
0.0
 70
0
  0
VERTEX
  5
AE6
  8
CUT
 10
970.3197910734305
 20
948.3731300288922
 30
0.0
 70
0
  0
VERTEX
  5
AE7
  8
CUT
 10
969.670671958394
 20
948.5891776148655
 30
0.0
 70
0
  0
VERTEX
  5
AE8
  8
CUT
 10
969.0823114671637
 20
948.938268029042
 30
0.0
 70
0
  0
VERTEX
  5
AE9
  8
CUT
 10
968.5816013620663
 20
949.4044456513751
 30
0.0
 70
0
  0
VERTEX
  5
AEA
  8
CUT
 10
968.1914272333847
 20
949.9664032424957
 30
0.0
 70
0
  0
VERTEX
  5
AEB
  8
CUT
 10
967.9296224844336
 20
950.5984558181074
 30
0.0
 70
0
  0
VERTEX
  5
AEC
  8
CUT
 10
967.8081532332471
 20
951.2717146137625
 30
0.0
 70
0
  0
VERTEX
  5
AED
  8
CUT
 10
967.8325713859809
 20
951.9554074824745
 30
0.0
 70
0
  0
VERTEX
  5
AEE
  8
CUT
 10
968.0017608800007
 20
952.6182853747172
 30
0.0
 70
0
  0
VERTEX
  5
AEF
  8
CUT
 10
968.3079886949401
 20
953.230050615858
 30
0.0
 70
0
  0
VERTEX
  5
AF0
  8
CUT
 10
968.737258300203
 20
953.762741699797
 30
0.0
 70
0
  0
VERTEX
  5
AF1
  8
CUT
 10
969.269949384142
 20
954.1920113050599
 30
0.0
 70
0
  0
VERTEX
  5
AF2
  8
CUT
 10
969.8817146252828
 20
954.4982391199993
 30
0.0
 70
0
  0
VERTEX
  5
AF3
  8
CUT
 10
970.5445925175255
 20
954.6674286140191
 30
0.0
 70
0
  0
VERTEX
  5
AF4
  8
CUT
 10
971.2282853862375
 20
954.6918467667529
 30
0.0
 70
0
  0
VERTEX
  5
AF5
  8
CUT
 10
971.9015441818926
 20
954.5703775155664
 30
0.0
 70
0
  0
VERTEX
  5
AF6
  8
CUT
 10
972.5335967575043
 20
954.3085727666153
 30
0.0
 70
0
  0
VERTEX
  5
AF7
  8
CUT
 10
973.0955543486249
 20
953.9183986379337
 30
0.0
 70
0
  0
VERTEX
  5
AF8
  8
CUT
 10
973.561731970958
 20
953.4176885328363
 30
0.0
 70
0
  0
VERTEX
  5
AF9
  8
CUT
 10
973.9108223851345
 20
952.829328041606
 30
0.0
 70
0
  0
VERTEX
  5
AFA
  8
CUT
 10
974.1268699711078
 20
952.1802089265695
 30
0.0
 70
0
  0
VERTEX
  5
AFB
  8
CUT
 10
974.2
 20
951.5
 30
0.0
 70
0
  0
VERTEX
  5
AFC
  8
CUT
 10
1051.0
 20
951.5
 30
0.0
 70
0
  0
VERTEX
  5
AFD
  8
CUT
 10
1051.0
 20
1134.5
 30
0.0
 70
0
  0
VERTEX
  5
AFE
  8
CUT
 10
974.2
 20
1134.5
 30
0.0
 70
0
  0
VERTEX
  5
AFF
  8
CUT
 10
974.1268699711078
 20
1133.8197910734305
 30
0.0
 70
0
  0
VERTEX
  5
B00
  8
CUT
 10
973.9108223851345
 20
1133.170671958394
 30
0.0
 70
0
  0
VERTEX
  5
B01
  8
CUT
 10
973.561731970958
 20
1132.5823114671637
 30
0.0
 70
0
  0
VERTEX
  5
B02
  8
CUT
 10
973.0955543486249
 20
1132.0816013620663
 30
0.0
 70
0
  0
VERTEX
  5
B03
  8
CUT
 10
972.5335967575043
 20
1131.6914272333847
 30
0.0
 70
0
  0
VERTEX
  5
B04
  8
CUT
 10
971.9015441818926
 20
1131.4296224844336
 30
0.0
 70
0
  0
VERTEX
  5
B05
  8
CUT
 10
971.2282853862375
 20
1131.3081532332471
 30
0.0
 70
0
  0
VERTEX
  5
B06
  8
CUT
 10
970.5445925175255
 20
1131.332571385981
 30
0.0
 70
0
  0
VERTEX
  5
B07
  8
CUT
 10
969.8817146252828
 20
1131.5017608800008
 30
0.0
 70
0
  0
VERTEX
  5
B08
  8
CUT
 10
969.269949384142
 20
1131.8079886949401
 30
0.0
 70
0
  0
VERTEX
  5
B09
  8
CUT
 10
968.737258300203
 20
1132.237258300203
 30
0.0
 70
0
  0
VERTEX
  5
B0A
  8
CUT
 10
968.3079886949401
 20
1132.7699493841421
 30
0.0
 70
0
  0
VERTEX
  5
B0B
  8
CUT
 10
968.0017608800007
 20
1133.381714625283
 30
0.0
 70
0
  0
VERTEX
  5
B0C
  8
CUT
 10
967.8325713859809
 20
1134.0445925175254
 30
0.0
 70
0
  0
VERTEX
  5
B0D
  8
CUT
 10
967.8081532332471
 20
1134.7282853862375
 30
0.0
 70
0
  0
VERTEX
  5
B0E
  8
CUT
 10
967.9296224844336
 20
1135.4015441818926
 30
0.0
 70
0
  0
VERTEX
  5
B0F
  8
CUT
 10
968.1914272333847
 20
1136.0335967575043
 30
0.0
 70
0
  0
VERTEX
  5
B10
  8
CUT
 10
968.5816013620663
 20
1136.595554348625
 30
0.0
 70
0
  0
VERTEX
  5
B11
  8
CUT
 10
969.0823114671637
 20
1137.061731970958
 30
0.0
 70
0
  0
VERTEX
  5
B12
  8
CUT
 10
969.670671958394
 20
1137.4108223851345
 30
0.0
 70
0
  0
VERTEX
  5
B13
  8
CUT
 10
970.3197910734305
 20
1137.6268699711077
 30
0.0
 70
0
  0
VERTEX
  5
B14
  8
CUT
 10
971.0
 20
1137.7
 30
0.0
 70
0
  0
VERTEX
  5
B15
  8
CUT
 10
971.0
 20
1153.0
 30
0.0
 70
0
  0
VERTEX
  5
B16
  8
CUT
 10
931.0
 20
1153.0
 30
0.0
 70
0
  0
VERTEX
  5
B17
  8
CUT
 10
931.0
 20
1137.7
 30
0.0
 70
0
  0
VERTEX
  5
B18
  8
CUT
 10
931.6802089265695
 20
1137.6268699711077
 30
0.0
 70
0
  0
VERTEX
  5
B19
  8
CUT
 10
932.329328041606
 20
1137.4108223851345
 30
0.0
 70
0
  0
VERTEX
  5
B1A
  8
CUT
 10
932.9176885328363
 20
1137.061731970958
 30
0.0
 70
0
  0
VERTEX
  5
B1B
  8
CUT
 10
933.4183986379337
 20
1136.595554348625
 30
0.0
 70
0
  0
VERTEX
  5
B1C
  8
CUT
 10
933.8085727666153
 20
1136.0335967575043
 30
0.0
 70
0
  0
VERTEX
  5
B1D
  8
CUT
 10
934.0703775155664
 20
1135.4015441818926
 30
0.0
 70
0
  0
VERTEX
  5
B1E
  8
CUT
 10
934.1918467667529
 20
1134.7282853862375
 30
0.0
 70
0
  0
VERTEX
  5
B1F
  8
CUT
 10
934.1674286140191
 20
1134.0445925175254
 30
0.0
 70
0
  0
VERTEX
  5
B20
  8
CUT
 10
933.9982391199993
 20
1133.381714625283
 30
0.0
 70
0
  0
VERTEX
  5
B21
  8
CUT
 10
933.6920113050599
 20
1132.7699493841421
 30
0.0
 70
0
  0
VERTEX
  5
B22
  8
CUT
 10
933.262741699797
 20
1132.237258300203
 30
0.0
 70
0
  0
VERTEX
  5
B23
  8
CUT
 10
932.730050615858
 20
1131.8079886949401
 30
0.0
 70
0
  0
VERTEX
  5
B24
  8
CUT
 10
932.1182853747172
 20
1131.5017608800008
 30
0.0
 70
0
  0
VERTEX
  5
B25
  8
CUT
 10
931.4554074824745
 20
1131.332571385981
 30
0.0
 70
0
  0
VERTEX
  5
B26
  8
CUT
 10
930.7717146137625
 20
1131.3081532332471
 30
0.0
 70
0
  0
VERTEX
  5
B27
  8
CUT
 10
930.0984558181074
 20
1131.4296224844336
 30
0.0
 70
0
  0
VERTEX
  5
B28
  8
CUT
 10
929.4664032424957
 20
1131.6914272333847
 30
0.0
 70
0
  0
VERTEX
  5
B29
  8
CUT
 10
928.9044456513751
 20
1132.0816013620663
 30
0.0
 70
0
  0
VERTEX
  5
B2A
  8
CUT
 10
928.438268029042
 20
1132.5823114671637
 30
0.0
 70
0
  0
VERTEX
  5
B2B
  8
CUT
 10
928.0891776148655
 20
1133.170671958394
 30
0.0
 70
0
  0
VERTEX
  5
B2C
  8
CUT
 10
927.8731300288922
 20
1133.8197910734305
 30
0.0
 70
0
  0
VERTEX
  5
B2D
  8
CUT
 10
927.8
 20
1134.5
 30
0.0
 70
0
  0
VERTEX
  5
B2E
  8
CUT
 10
774.2
 20
1134.5
 30
0.0
 70
0
  0
VERTEX
  5
B2F
  8
CUT
 10
774.1268699711078
 20
1133.8197910734305
 30
0.0
 70
0
  0
VERTEX
  5
B30
  8
CUT
 10
773.9108223851345
 20
1133.170671958394
 30
0.0
 70
0
  0
VERTEX
  5
B31
  8
CUT
 10
773.561731970958
 20
1132.5823114671637
 30
0.0
 70
0
  0
VERTEX
  5
B32
  8
CUT
 10
773.0955543486249
 20
1132.0816013620663
 30
0.0
 70
0
  0
VERTEX
  5
B33
  8
CUT
 10
772.5335967575043
 20
1131.6914272333847
 30
0.0
 70
0
  0
VERTEX
  5
B34
  8
CUT
 10
771.9015441818926
 20
1131.4296224844336
 30
0.0
 70
0
  0
VERTEX
  5
B35
  8
CUT
 10
771.2282853862375
 20
1131.3081532332471
 30
0.0
 70
0
  0
VERTEX
  5
B36
  8
CUT
 10
770.5445925175255
 20
1131.332571385981
 30
0.0
 70
0
  0
VERTEX
  5
B37
  8
CUT
 10
769.8817146252828
 20
1131.5017608800008
 30
0.0
 70
0
  0
VERTEX
  5
B38
  8
CUT
 10
769.269949384142
 20
1131.8079886949401
 30
0.0
 70
0
  0
VERTEX
  5
B39
  8
CUT
 10
768.737258300203
 20
1132.237258300203
 30
0.0
 70
0
  0
VERTEX
  5
B3A
  8
CUT
 10
768.3079886949401
 20
1132.7699493841421
 30
0.0
 70
0
  0
VERTEX
  5
B3B
  8
CUT
 10
768.0017608800007
 20
1133.381714625283
 30
0.0
 70
0
  0
VERTEX
  5
B3C
  8
CUT
 10
767.8325713859809
 20
1134.0445925175254
 30
0.0
 70
0
  0
VERTEX
  5
B3D
  8
CUT
 10
767.8081532332471
 20
1134.7282853862375
 30
0.0
 70
0
  0
VERTEX
  5
B3E
  8
CUT
 10
767.9296224844336
 20
1135.4015441818926
 30
0.0
 70
0
  0
VERTEX
  5
B3F
  8
CUT
 10
768.1914272333847
 20
1136.0335967575043
 30
0.0
 70
0
  0
VERTEX
  5
B40
  8
CUT
 10
768.5816013620663
 20
1136.595554348625
 30
0.0
 70
0
  0
VERTEX
  5
B41
  8
CUT
 10
769.0823114671637
 20
1137.061731970958
 30
0.0
 70
0
  0
VERTEX
  5
B42
  8
CUT
 10
769.670671958394
 20
1137.4108223851345
 30
0.0
 70
0
  0
VERTEX
  5
B43
  8
CUT
 10
770.3197910734305
 20
1137.6268699711077
 30
0.0
 70
0
  0
VERTEX
  5
B44
  8
CUT
 10
771.0
 20
1137.7
 30
0.0
 70
0
  0
VERTEX
  5
B45
  8
CUT
 10
771.0
 20
1153.0
 30
0.0
 70
0
  0
VERTEX
  5
B46
  8
CUT
 10
731.0
 20
1153.0
 30
0.0
 70
0
  0
VERTEX
  5
B47
  8
CUT
 10
731.0
 20
1137.7
 30
0.0
 70
0
  0
VERTEX
  5
B48
  8
CUT
 10
731.6802089265695
 20
1137.6268699711077
 30
0.0
 70
0
  0
VERTEX
  5
B49
  8
CUT
 10
732.329328041606
 20
1137.4108223851345
 30
0.0
 70
0
  0
VERTEX
  5
B4A
  8
CUT
 10
732.9176885328363
 20
1137.061731970958
 30
0.0
 70
0
  0
VERTEX
  5
B4B
  8
CUT
 10
733.4183986379337
 20
1136.595554348625
 30
0.0
 70
0
  0
VERTEX
  5
B4C
  8
CUT
 10
733.8085727666153
 20
1136.0335967575043
 30
0.0
 70
0
  0
VERTEX
  5
B4D
  8
CUT
 10
734.0703775155664
 20
1135.4015441818926
 30
0.0
 70
0
  0
VERTEX
  5
B4E
  8
CUT
 10
734.1918467667529
 20
1134.7282853862375
 30
0.0
 70
0
  0
VERTEX
  5
B4F
  8
CUT
 10
734.1674286140191
 20
1134.0445925175254
 30
0.0
 70
0
  0
VERTEX
  5
B50
  8
CUT
 10
733.9982391199993
 20
1133.381714625283
 30
0.0
 70
0
  0
VERTEX
  5
B51
  8
CUT
 10
733.6920113050599
 20
1132.7699493841421
 30
0.0
 70
0
  0
VERTEX
  5
B52
  8
CUT
 10
733.262741699797
 20
1132.237258300203
 30
0.0
 70
0
  0
VERTEX
  5
B53
  8
CUT
 10
732.730050615858
 20
1131.8079886949401
 30
0.0
 70
0
  0
VERTEX
  5
B54
  8
CUT
 10
732.1182853747172
 20
1131.5017608800008
 30
0.0
 70
0
  0
VERTEX
  5
B55
  8
CUT
 10
731.4554074824745
 20
1131.332571385981
 30
0.0
 70
0
  0
VERTEX
  5
B56
  8
CUT
 10
730.7717146137625
 20
1131.3081532332471
 30
0.0
 70
0
  0
VERTEX
  5
B57
  8
CUT
 10
730.0984558181074
 20
1131.4296224844336
 30
0.0
 70
0
  0
VERTEX
  5
B58
  8
CUT
 10
729.4664032424957
 20
1131.6914272333847
 30
0.0
 70
0
  0
VERTEX
  5
B59
  8
CUT
 10
728.9044456513751
 20
1132.0816013620663
 30
0.0
 70
0
  0
VERTEX
  5
B5A
  8
CUT
 10
728.438268029042
 20
1132.5823114671637
 30
0.0
 70
0
  0
VERTEX
  5
B5B
  8
CUT
 10
728.0891776148655
 20
1133.170671958394
 30
0.0
 70
0
  0
VERTEX
  5
B5C
  8
CUT
 10
727.8731300288922
 20
1133.8197910734305
 30
0.0
 70
0
  0
VERTEX
  5
B5D
  8
CUT
 10
727.8
 20
1134.5
 30
0.0
 70
0
  0
VERTEX
  5
B5E
  8
CUT
 10
654.2
 20
1134.5
 30
0.0
 70
0
  0
VERTEX
  5
B5F
  8
CUT
 10
654.1268699711078
 20
1133.8197910734305
 30
0.0
 70
0
  0
VERTEX
  5
B60
  8
CUT
 10
653.9108223851345
 20
1133.170671958394
 30
0.0
 70
0
  0
VERTEX
  5
B61
  8
CUT
 10
653.561731970958
 20
1132.5823114671637
 30
0.0
 70
0
  0
VERTEX
  5
B62
  8
CUT
 10
653.0955543486249
 20
1132.0816013620663
 30
0.0
 70
0
  0
VERTEX
  5
B63
  8
CUT
 10
652.5335967575043
 20
1131.6914272333847
 30
0.0
 70
0
  0
VERTEX
  5
B64
  8
CUT
 10
651.9015441818926
 20
1131.4296224844336
 30
0.0
 70
0
  0
VERTEX
  5
B65
  8
CUT
 10
651.2282853862375
 20
1131.3081532332471
 30
0.0
 70
0
  0
VERTEX
  5
B66
  8
CUT
 10
650.5445925175255
 20
1131.332571385981
 30
0.0
 70
0
  0
VERTEX
  5
B67
  8
CUT
 10
649.8817146252828
 20
1131.5017608800008
 30
0.0
 70
0
  0
VERTEX
  5
B68
  8
CUT
 10
649.269949384142
 20
1131.8079886949401
 30
0.0
 70
0
  0
VERTEX
  5
B69
  8
CUT
 10
648.737258300203
 20
1132.237258300203
 30
0.0
 70
0
  0
VERTEX
  5
B6A
  8
CUT
 10
648.3079886949401
 20
1132.7699493841421
 30
0.0
 70
0
  0
VERTEX
  5
B6B
  8
CUT
 10
648.0017608800007
 20
1133.381714625283
 30
0.0
 70
0
  0
VERTEX
  5
B6C
  8
CUT
 10
647.8325713859809
 20
1134.0445925175254
 30
0.0
 70
0
  0
VERTEX
  5
B6D
  8
CUT
 10
647.8081532332471
 20
1134.7282853862375
 30
0.0
 70
0
  0
VERTEX
  5
B6E
  8
CUT
 10
647.9296224844336
 20
1135.4015441818926
 30
0.0
 70
0
  0
VERTEX
  5
B6F
  8
CUT
 10
648.1914272333847
 20
1136.0335967575043
 30
0.0
 70
0
  0
VERTEX
  5
B70
  8
CUT
 10
648.5816013620663
 20
1136.595554348625
 30
0.0
 70
0
  0
VERTEX
  5
B71
  8
CUT
 10
649.0823114671637
 20
1137.061731970958
 30
0.0
 70
0
  0
VERTEX
  5
B72
  8
CUT
 10
649.670671958394
 20
1137.4108223851345
 30
0.0
 70
0
  0
VERTEX
  5
B73
  8
CUT
 10
650.3197910734305
 20
1137.6268699711077
 30
0.0
 70
0
  0
VERTEX
  5
B74
  8
CUT
 10
651.0
 20
1137.7
 30
0.0
 70
0
  0
VERTEX
  5
B75
  8
CUT
 10
651.0
 20
1153.0
 30
0.0
 70
0
  0
VERTEX
  5
B76
  8
CUT
 10
641.4129
 20
1152.5814
 30
0.0
 70
0
  0
VERTEX
  5
B77
  8
CUT
 10
631.8987
 20
1151.3289
 30
0.0
 70
0
  0
VERTEX
  5
B78
  8
CUT
 10
622.5299
 20
1149.2518
 30
0.0
 70
0
  0
VERTEX
  5
B79
  8
CUT
 10
613.3778
 20
1146.3662
 30
0.0
 70
0
  0
VERTEX
  5
B7A
  8
CUT
 10
604.512
 20
1142.6939
 30
0.0
 70
0
  0
VERTEX
  5
B7B
  8
CUT
 10
596.0
 20
1138.2628
 30
0.0
 70
0
  0
VERTEX
  5
B7C
  8
CUT
 10
587.9066
 20
1133.1067
 30
0.0
 70
0
  0
VERTEX
  5
B7D
  8
CUT
 10
580.2934
 20
1127.2649000000001
 30
0.0
 70
0
  0
VERTEX
  5
B7E
  8
CUT
 10
573.2183
 20
1120.7817
 30
0.0
 70
0
  0
VERTEX
  5
B7F
  8
CUT
 10
566.7351
 20
1113.7066
 30
0.0
 70
0
  0
VERTEX
  5
B80
  8
CUT
 10
560.8933
 20
1106.0934
 30
0.0
 70
0
  0
VERTEX
  5
B81
  8
CUT
 10
555.7372
 20
1098.0
 30
0.0
 70
0
  0
VERTEX
  5
B82
  8
CUT
 10
551.3061
 20
1089.488
 30
0.0
 70
0
  0
VERTEX
  5
B83
  8
CUT
 10
547.6338
 20
1080.6222
 30
0.0
 70
0
  0
VERTEX
  5
B84
  8
CUT
 10
544.7482
 20
1071.4701
 30
0.0
 70
0
  0
VERTEX
  5
B85
  8
CUT
 10
542.6711
 20
1062.1013
 30
0.0
 70
0
  0
VERTEX
  5
B86
  8
CUT
 10
541.4186
 20
1052.5871
 30
0.0
 70
0
  0
VERTEX
  5
B87
  8
CUT
 10
541.0
 20
1043.0
 30
0.0
 70
0
  0
VERTEX
  5
B88
  8
CUT
 10
541.4186
 20
1033.4129
 30
0.0
 70
0
  0
VERTEX
  5
B89
  8
CUT
 10
542.6711
 20
1023.8987
 30
0.0
 70
0
  0
VERTEX
  5
B8A
  8
CUT
 10
544.7482
 20
1014.5299
 30
0.0
 70
0
  0
VERTEX
  5
B8B
  8
CUT
 10
547.6338
 20
1005.3778
 30
0.0
 70
0
  0
VERTEX
  5
B8C
  8
CUT
 10
551.3061
 20
996.5120000000001
 30
0.0
 70
0
  0
VERTEX
  5
B8D
  8
CUT
 10
555.7372
 20
988.0
 30
0.0
 70
0
  0
VERTEX
  5
B8E
  8
CUT
 10
560.8933
 20
979.9066
 30
0.0
 70
0
  0
VERTEX
  5
B8F
  8
CUT
 10
566.7351
 20
972.2934
 30
0.0
 70
0
  0
VERTEX
  5
B90
  8
CUT
 10
573.2183
 20
965.2183
 30
0.0
 70
0
  0
VERTEX
  5
B91
  8
CUT
 10
580.2934
 20
958.7351
 30
0.0
 70
0
  0
VERTEX
  5
B92
  8
CUT
 10
587.9066
 20
952.8933000000001
 30
0.0
 70
0
  0
VERTEX
  5
B93
  8
CUT
 10
596.0
 20
947.7372
 30
0.0
 70
0
  0
VERTEX
  5
B94
  8
CUT
 10
604.512
 20
943.3061
 30
0.0
 70
0
  0
VERTEX
  5
B95
  8
CUT
 10
613.3778
 20
939.6338000000001
 30
0.0
 70
0
  0
VERTEX
  5
B96
  8
CUT
 10
622.5299
 20
936.7482
 30
0.0
 70
0
  0
VERTEX
  5
B97
  8
CUT
 10
631.8987
 20
934.6711
 30
0.0
 70
0
  0
VERTEX
  5
B98
  8
CUT
 10
641.4129
 20
933.4186
 30
0.0
 70
0
  0
VERTEX
  5
B99
  8
CUT
 10
651.0
 20
933.0
 30
0.0
 70
0
  0
VERTEX
  5
B9A
  8
CUT
 10
651.0
 20
948.3000000000001
 30
0.0
 70
0
  0
VERTEX
  5
B9B
  8
CUT
 10
650.3197910734305
 20
948.3731300288924
 30
0.0
 70
0
  0
VERTEX
  5
B9C
  8
CUT
 10
649.670671958394
 20
948.5891776148657
 30
0.0
 70
0
  0
VERTEX
  5
B9D
  8
CUT
 10
649.0823114671637
 20
948.9382680290422
 30
0.0
 70
0
  0
VERTEX
  5
B9E
  8
CUT
 10
648.5816013620664
 20
949.4044456513752
 30
0.0
 70
0
  0
VERTEX
  5
B9F
  8
CUT
 10
648.1914272333848
 20
949.966403242496
 30
0.0
 70
0
  0
VERTEX
  5
BA0
  8
CUT
 10
647.9296224844336
 20
950.5984558181076
 30
0.0
 70
0
  0
VERTEX
  5
BA1
  8
CUT
 10
647.8081532332473
 20
951.2717146137626
 30
0.0
 70
0
  0
VERTEX
  5
BA2
  8
CUT
 10
647.832571385981
 20
951.9554074824746
 30
0.0
 70
0
  0
VERTEX
  5
BA3
  8
CUT
 10
648.0017608800008
 20
952.6182853747172
 30
0.0
 70
0
  0
VERTEX
  5
BA4
  8
CUT
 10
648.3079886949403
 20
953.230050615858
 30
0.0
 70
0
  0
VERTEX
  5
BA5
  8
CUT
 10
648.737258300203
 20
953.7627416997971
 30
0.0
 70
0
  0
VERTEX
  5
BA6
  8
CUT
 10
649.2699493841421
 20
954.1920113050599
 30
0.0
 70
0
  0
VERTEX
  5
BA7
  8
CUT
 10
649.8817146252829
 20
954.4982391199993
 30
0.0
 70
0
  0
VERTEX
  5
BA8
  8
CUT
 10
650.5445925175255
 20
954.6674286140191
 30
0.0
 70
0
  0
VERTEX
  5
BA9
  8
CUT
 10
651.2282853862375
 20
954.6918467667529
 30
0.0
 70
0
  0
VERTEX
  5
BAA
  8
CUT
 10
651.9015441818925
 20
954.5703775155665
 30
0.0
 70
0
  0
VERTEX
  5
BAB
  8
CUT
 10
652.5335967575041
 20
954.3085727666153
 30
0.0
 70
0
  0
VERTEX
  5
BAC
  8
CUT
 10
653.0955543486249
 20
953.9183986379337
 30
0.0
 70
0
  0
VERTEX
  5
BAD
  8
CUT
 10
653.5617319709579
 20
953.4176885328365
 30
0.0
 70
0
  0
VERTEX
  5
BAE
  8
CUT
 10
653.9108223851345
 20
952.8293280416061
 30
0.0
 70
0
  0
VERTEX
  5
BAF
  8
CUT
 10
654.1268699711077
 20
952.1802089265697
 30
0.0
 70
0
  0
VERTEX
  5
BB0
  8
CUT
 10
654.2
 20
951.5
 30
0.0
 70
0
  0
VERTEX
  5
BB1
  8
CUT
 10
727.8
 20
951.5
 30
0.0
 70
0
  0
VERTEX
  5
BB2
  8
CUT
 10
727.8731300288923
 20
952.1802089265695
 30
0.0
 70
0
  0
VERTEX
  5
BB3
  8
CUT
 10
728.0891776148655
 20
952.829328041606
 30
0.0
 70
0
  0
VERTEX
  5
BB4
  8
CUT
 10
728.438268029042
 20
953.4176885328363
 30
0.0
 70
0
  0
VERTEX
  5
BB5
  8
CUT
 10
728.904445651375
 20
953.9183986379337
 30
0.0
 70
0
  0
VERTEX
  5
BB6
  8
CUT
 10
729.4664032424957
 20
954.3085727666153
 30
0.0
 70
0
  0
VERTEX
  5
BB7
  8
CUT
 10
730.0984558181074
 20
954.5703775155664
 30
0.0
 70
0
  0
VERTEX
  5
BB8
  8
CUT
 10
730.7717146137624
 20
954.6918467667529
 30
0.0
 70
0
  0
VERTEX
  5
BB9
  8
CUT
 10
731.4554074824744
 20
954.6674286140191
 30
0.0
 70
0
  0
VERTEX
  5
BBA
  8
CUT
 10
732.1182853747171
 20
954.4982391199994
 30
0.0
 70
0
  0
VERTEX
  5
BBB
  8
CUT
 10
732.7300506158579
 20
954.19201130506
 30
0.0
 70
0
  0
VERTEX
  5
BBC
  8
CUT
 10
733.2627416997968
 20
953.7627416997972
 30
0.0
 70
0
  0
VERTEX
  5
BBD
  8
CUT
 10
733.6920113050597
 20
953.2300506158581
 30
0.0
 70
0
  0
VERTEX
  5
BBE
  8
CUT
 10
733.9982391199992
 20
952.6182853747173
 30
0.0
 70
0
  0
VERTEX
  5
BBF
  8
CUT
 10
734.167428614019
 20
951.9554074824747
 30
0.0
 70
0
  0
VERTEX
  5
BC0
  8
CUT
 10
734.1918467667529
 20
951.2717146137627
 30
0.0
 70
0
  0
VERTEX
  5
BC1
  8
CUT
 10
734.0703775155664
 20
950.5984558181076
 30
0.0
 70
0
  0
VERTEX
  5
BC2
  8
CUT
 10
733.8085727666153
 20
949.9664032424961
 30
0.0
 70
0
  0
VERTEX
  5
BC3
  8
CUT
 10
733.4183986379337
 20
949.4044456513753
 30
0.0
 70
0
  0
VERTEX
  5
BC4
  8
CUT
 10
732.9176885328365
 20
948.9382680290422
 30
0.0
 70
0
  0
VERTEX
  5
BC5
  8
CUT
 10
732.3293280416061
 20
948.5891776148657
 30
0.0
 70
0
  0
VERTEX
  5
BC6
  8
CUT
 10
731.6802089265697
 20
948.3731300288924
 30
0.0
 70
0
  0
VERTEX
  5
BC7
  8
CUT
 10
731.0
 20
948.3000000000001
 30
0.0
 70
0
  0
VERTEX
  5
BC8
  8
CUT
 10
731.0
 20
933.0
 30
0.0
 70
0
  0
VERTEX
  5
BC9
  8
CUT
 10
771.0
 20
933.0
 30
0.0
 70
0
  0
VERTEX
  5
BCA
  8
CUT
 10
771.0
 20
948.3000000000001
 30
0.0
 70
0
  0
VERTEX
  5
BCB
  8
CUT
 10
770.3197910734305
 20
948.3731300288924
 30
0.0
 70
0
  0
VERTEX
  5
BCC
  8
CUT
 10
769.670671958394
 20
948.5891776148657
 30
0.0
 70
0
  0
VERTEX
  5
BCD
  8
CUT
 10
769.0823114671637
 20
948.9382680290422
 30
0.0
 70
0
  0
VERTEX
  5
BCE
  8
CUT
 10
768.5816013620664
 20
949.4044456513752
 30
0.0
 70
0
  0
VERTEX
  5
BCF
  8
CUT
 10
768.1914272333848
 20
949.966403242496
 30
0.0
 70
0
  0
VERTEX
  5
BD0
  8
CUT
 10
767.9296224844336
 20
950.5984558181076
 30
0.0
 70
0
  0
VERTEX
  5
BD1
  8
CUT
 10
767.8081532332473
 20
951.2717146137626
 30
0.0
 70
0
  0
VERTEX
  5
BD2
  8
CUT
 10
767.832571385981
 20
951.9554074824746
 30
0.0
 70
0
  0
VERTEX
  5
BD3
  8
CUT
 10
768.0017608800008
 20
952.6182853747172
 30
0.0
 70
0
  0
VERTEX
  5
BD4
  8
CUT
 10
768.3079886949403
 20
953.230050615858
 30
0.0
 70
0
  0
VERTEX
  5
BD5
  8
CUT
 10
768.737258300203
 20
953.7627416997971
 30
0.0
 70
0
  0
VERTEX
  5
BD6
  8
CUT
 10
769.2699493841421
 20
954.1920113050599
 30
0.0
 70
0
  0
VERTEX
  5
BD7
  8
CUT
 10
769.8817146252829
 20
954.4982391199993
 30
0.0
 70
0
  0
VERTEX
  5
BD8
  8
CUT
 10
770.5445925175255
 20
954.6674286140191
 30
0.0
 70
0
  0
VERTEX
  5
BD9
  8
CUT
 10
771.2282853862375
 20
954.6918467667529
 30
0.0
 70
0
  0
VERTEX
  5
BDA
  8
CUT
 10
771.9015441818925
 20
954.5703775155665
 30
0.0
 70
0
  0
VERTEX
  5
BDB
  8
CUT
 10
772.5335967575041
 20
954.3085727666153
 30
0.0
 70
0
  0
VERTEX
  5
BDC
  8
CUT
 10
773.0955543486249
 20
953.9183986379337
 30
0.0
 70
0
  0
VERTEX
  5
BDD
  8
CUT
 10
773.5617319709579
 20
953.4176885328365
 30
0.0
 70
0
  0
VERTEX
  5
BDE
  8
CUT
 10
773.9108223851345
 20
952.8293280416061
 30
0.0
 70
0
  0
VERTEX
  5
BDF
  8
CUT
 10
774.1268699711077
 20
952.1802089265697
 30
0.0
 70
0
  0
VERTEX
  5
BE0
  8
CUT
 10
774.2
 20
951.5
 30
0.0
 70
0
  0
VERTEX
  5
BE1
  8
CUT
 10
927.8
 20
951.5
 30
0.0
 70
0
  0
VERTEX
  5
BE2
  8
CUT
 10
927.8731300288922
 20
952.1802089265695
 30
0.0
 70
0
  0
VERTEX
  5
BE3
  8
CUT
 10
928.0891776148655
 20
952.829328041606
 30
0.0
 70
0
  0
VERTEX
  5
BE4
  8
CUT
 10
928.438268029042
 20
953.4176885328363
 30
0.0
 70
0
  0
VERTEX
  5
BE5
  8
CUT
 10
928.9044456513751
 20
953.9183986379337
 30
0.0
 70
0
  0
VERTEX
  5
BE6
  8
CUT
 10
929.4664032424957
 20
954.3085727666153
 30
0.0
 70
0
  0
VERTEX
  5
BE7
  8
CUT
 10
930.0984558181074
 20
954.5703775155664
 30
0.0
 70
0
  0
VERTEX
  5
BE8
  8
CUT
 10
930.7717146137625
 20
954.6918467667529
 30
0.0
 70
0
  0
VERTEX
  5
BE9
  8
CUT
 10
931.4554074824745
 20
954.6674286140191
 30
0.0
 70
0
  0
VERTEX
  5
BEA
  8
CUT
 10
932.1182853747172
 20
954.4982391199993
 30
0.0
 70
0
  0
VERTEX
  5
BEB
  8
CUT
 10
932.730050615858
 20
954.1920113050599
 30
0.0
 70
0
  0
VERTEX
  5
BEC
  8
CUT
 10
933.262741699797
 20
953.762741699797
 30
0.0
 70
0
  0
VERTEX
  5
BED
  8
CUT
 10
933.6920113050599
 20
953.230050615858
 30
0.0
 70
0
  0
VERTEX
  5
BEE
  8
CUT
 10
933.9982391199993
 20
952.6182853747172
 30
0.0
 70
0
  0
VERTEX
  5
BEF
  8
CUT
 10
934.1674286140191
 20
951.9554074824745
 30
0.0
 70
0
  0
VERTEX
  5
BF0
  8
CUT
 10
934.1918467667529
 20
951.2717146137625
 30
0.0
 70
0
  0
VERTEX
  5
BF1
  8
CUT
 10
934.0703775155664
 20
950.5984558181074
 30
0.0
 70
0
  0
VERTEX
  5
BF2
  8
CUT
 10
933.8085727666153
 20
949.9664032424957
 30
0.0
 70
0
  0
VERTEX
  5
BF3
  8
CUT
 10
933.4183986379337
 20
949.4044456513751
 30
0.0
 70
0
  0
VERTEX
  5
BF4
  8
CUT
 10
932.9176885328363
 20
948.938268029042
 30
0.0
 70
0
  0
VERTEX
  5
BF5
  8
CUT
 10
932.329328041606
 20
948.5891776148655
 30
0.0
 70
0
  0
VERTEX
  5
BF6
  8
CUT
 10
931.6802089265695
 20
948.3731300288922
 30
0.0
 70
0
  0
VERTEX
  5
BF7
  8
CUT
 10
931.0
 20
948.3
 30
0.0
 70
0
  0
SEQEND
  5
AE2
  8
CUT
  0
POLYLINE
  5
BF8
  8
CUT
 66
1
 10
0.0
 20
0.0
 30
0.0
 70
1
  0
VERTEX
  5
BFA
  8
CUT
 10
2199.0
 20
17.000000000000004
 30
0.0
 70
0
  0
VERTEX
  5
BFB
  8
CUT
 10
2239.0
 20
17.0
 30
0.0
 70
0
  0
VERTEX
  5
BFC
  8
CUT
 10
2239.0
 20
32.3
 30
0.0
 70
0
  0
VERTEX
  5
BFD
  8
CUT
 10
2238.3197910734307
 20
32.373130028892284
 30
0.0
 70
0
  0
VERTEX
  5
BFE
  8
CUT
 10
2237.670671958394
 20
32.589177614865534
 30
0.0
 70
0
  0
VERTEX
  5
BFF
  8
CUT
 10
2237.082311467164
 20
32.93826802904203
 30
0.0
 70
0
  0
VERTEX
  5
C00
  8
CUT
 10
2236.5816013620665
 20
33.404445651375056
 30
0.0
 70
0
  0
VERTEX
  5
C01
  8
CUT
 10
2236.1914272333847
 20
33.966403242495765
 30
0.0
 70
0
  0
VERTEX
  5
C02
  8
CUT
 10
2235.929622484434
 20
34.59845581810736
 30
0.0
 70
0
  0
VERTEX
  5
C03
  8
CUT
 10
2235.808153233247
 20
35.27171461376237
 30
0.0
 70
0
  0
VERTEX
  5
C04
  8
CUT
 10
2235.8325713859813
 20
35.955407482474406
 30
0.0
 70
0
  0
VERTEX
  5
C05
  8
CUT
 10
2236.001760880001
 20
36.61828537471699
 30
0.0
 70
0
  0
VERTEX
  5
C06
  8
CUT
 10
2236.3079886949404
 20
37.23005061585777
 30
0.0
 70
0
  0
VERTEX
  5
C07
  8
CUT
 10
2236.737258300203
 20
37.7627416997968
 30
0.0
 70
0
  0
VERTEX
  5
C08
  8
CUT
 10
2237.269949384142
 20
38.19201130505961
 30
0.0
 70
0
  0
VERTEX
  5
C09
  8
CUT
 10
2237.8817146252827
 20
38.49823911999906
 30
0.0
 70
0
  0
VERTEX
  5
C0A
  8
CUT
 10
2238.5445925175254
 20
38.6674286140188
 30
0.0
 70
0
  0
VERTEX
  5
C0B
  8
CUT
 10
2239.2282853862375
 20
38.69184676675263
 30
0.0
 70
0
  0
VERTEX
  5
C0C
  8
CUT
 10
2239.9015441818924
 20
38.570377515566214
 30
0.0
 70
0
  0
VERTEX
  5
C0D
  8
CUT
 10
2240.5335967575043
 20
38.30857276661505
 30
0.0
 70
0
  0
VERTEX
  5
C0E
  8
CUT
 10
2241.095554348625
 20
37.918398637933464
 30
0.0
 70
0
  0
VERTEX
  5
C0F
  8
CUT
 10
2241.5617319709577
 20
37.417688532836166
 30
0.0
 70
0
  0
VERTEX
  5
C10
  8
CUT
 10
2241.9108223851345
 20
36.82932804160591
 30
0.0
 70
0
  0
VERTEX
  5
C11
  8
CUT
 10
2242.1268699711077
 20
36.180208926569414
 30
0.0
 70
0
  0
VERTEX
  5
C12
  8
CUT
 10
2242.2
 20
35.5
 30
0.0
 70
0
  0
VERTEX
  5
C13
  8
CUT
 10
2319.0
 20
35.5
 30
0.0
 70
0
  0
VERTEX
  5
C14
  8
CUT
 10
2319.0
 20
218.5
 30
0.0
 70
0
  0
VERTEX
  5
C15
  8
CUT
 10
2242.2
 20
218.5
 30
0.0
 70
0
  0
VERTEX
  5
C16
  8
CUT
 10
2242.1268699711077
 20
217.8197910734305
 30
0.0
 70
0
  0
VERTEX
  5
C17
  8
CUT
 10
2241.9108223851345
 20
217.17067195839402
 30
0.0
 70
0
  0
VERTEX
  5
C18
  8
CUT
 10
2241.5617319709577
 20
216.58231146716378
 30
0.0
 70
0
  0
VERTEX
  5
C19
  8
CUT
 10
2241.095554348625
 20
216.08160136206646
 30
0.0
 70
0
  0
VERTEX
  5
C1A
  8
CUT
 10
2240.5335967575043
 20
215.6914272333849
 30
0.0
 70
0
  0
VERTEX
  5
C1B
  8
CUT
 10
2239.9015441818924
 20
215.42962248443376
 30
0.0
 70
0
  0
VERTEX
  5
C1C
  8
CUT
 10
2239.2282853862375
 20
215.30815323324737
 30
0.0
 70
0
  0
VERTEX
  5
C1D
  8
CUT
 10
2238.5445925175254
 20
215.3325713859812
 30
0.0
 70
0
  0
VERTEX
  5
C1E
  8
CUT
 10
2237.8817146252827
 20
215.50176088000097
 30
0.0
 70
0
  0
VERTEX
  5
C1F
  8
CUT
 10
2237.269949384142
 20
215.80798869494043
 30
0.0
 70
0
  0
VERTEX
  5
C20
  8
CUT
 10
2236.737258300203
 20
216.23725830020325
 30
0.0
 70
0
  0
VERTEX
  5
C21
  8
CUT
 10
2236.3079886949404
 20
216.7699493841423
 30
0.0
 70
0
  0
VERTEX
  5
C22
  8
CUT
 10
2236.001760880001
 20
217.38171462528308
 30
0.0
 70
0
  0
VERTEX
  5
C23
  8
CUT
 10
2235.8325713859813
 20
218.04459251752567
 30
0.0
 70
0
  0
VERTEX
  5
C24
  8
CUT
 10
2235.808153233247
 20
218.7282853862377
 30
0.0
 70
0
  0
VERTEX
  5
C25
  8
CUT
 10
2235.929622484434
 20
219.40154418189272
 30
0.0
 70
0
  0
VERTEX
  5
C26
  8
CUT
 10
2236.1914272333847
 20
220.03359675750428
 30
0.0
 70
0
  0
VERTEX
  5
C27
  8
CUT
 10
2236.5816013620665
 20
220.595554348625
 30
0.0
 70
0
  0
VERTEX
  5
C28
  8
CUT
 10
2237.082311467164
 20
221.06173197095802
 30
0.0
 70
0
  0
VERTEX
  5
C29
  8
CUT
 10
2237.670671958394
 20
221.41082238513448
 30
0.0
 70
0
  0
VERTEX
  5
C2A
  8
CUT
 10
2238.3197910734307
 20
221.6268699711077
 30
0.0
 70
0
  0
VERTEX
  5
C2B
  8
CUT
 10
2239.0
 20
221.7
 30
0.0
 70
0
  0
VERTEX
  5
C2C
  8
CUT
 10
2239.0
 20
237.0
 30
0.0
 70
0
  0
VERTEX
  5
C2D
  8
CUT
 10
2199.0
 20
237.0
 30
0.0
 70
0
  0
VERTEX
  5
C2E
  8
CUT
 10
2199.0
 20
221.7
 30
0.0
 70
0
  0
VERTEX
  5
C2F
  8
CUT
 10
2199.6802089265693
 20
221.6268699711077
 30
0.0
 70
0
  0
VERTEX
  5
C30
  8
CUT
 10
2200.329328041606
 20
221.41082238513445
 30
0.0
 70
0
  0
VERTEX
  5
C31
  8
CUT
 10
2200.917688532836
 20
221.06173197095796
 30
0.0
 70
0
  0
VERTEX
  5
C32
  8
CUT
 10
2201.4183986379335
 20
220.59555434862494
 30
0.0
 70
0
  0
VERTEX
  5
C33
  8
CUT
 10
2201.8085727666153
 20
220.03359675750423
 30
0.0
 70
0
  0
VERTEX
  5
C34
  8
CUT
 10
2202.070377515566
 20
219.40154418189263
 30
0.0
 70
0
  0
VERTEX
  5
C35
  8
CUT
 10
2202.191846766753
 20
218.72828538623762
 30
0.0
 70
0
  0
VERTEX
  5
C36
  8
CUT
 10
2202.1674286140187
 20
218.0445925175256
 30
0.0
 70
0
  0
VERTEX
  5
C37
  8
CUT
 10
2201.998239119999
 20
217.381714625283
 30
0.0
 70
0
  0
VERTEX
  5
C38
  8
CUT
 10
2201.6920113050596
 20
216.76994938414222
 30
0.0
 70
0
  0
VERTEX
  5
C39
  8
CUT
 10
2201.262741699797
 20
216.2372583002032
 30
0.0
 70
0
  0
VERTEX
  5
C3A
  8
CUT
 10
2200.7300506158576
 20
215.80798869494038
 30
0.0
 70
0
  0
VERTEX
  5
C3B
  8
CUT
 10
2200.1182853747173
 20
215.50176088000094
 30
0.0
 70
0
  0
VERTEX
  5
C3C
  8
CUT
 10
2199.4554074824746
 20
215.3325713859812
 30
0.0
 70
0
  0
VERTEX
  5
C3D
  8
CUT
 10
2198.7717146137625
 20
215.30815323324737
 30
0.0
 70
0
  0
VERTEX
  5
C3E
  8
CUT
 10
2198.0984558181076
 20
215.4296224844338
 30
0.0
 70
0
  0
VERTEX
  5
C3F
  8
CUT
 10
2197.4664032424957
 20
215.69142723338496
 30
0.0
 70
0
  0
VERTEX
  5
C40
  8
CUT
 10
2196.904445651375
 20
216.08160136206652
 30
0.0
 70
0
  0
VERTEX
  5
C41
  8
CUT
 10
2196.4382680290423
 20
216.58231146716383
 30
0.0
 70
0
  0
VERTEX
  5
C42
  8
CUT
 10
2196.0891776148655
 20
217.17067195839408
 30
0.0
 70
0
  0
VERTEX
  5
C43
  8
CUT
 10
2195.8731300288923
 20
217.8197910734306
 30
0.0
 70
0
  0
VERTEX
  5
C44
  8
CUT
 10
2195.8
 20
218.5
 30
0.0
 70
0
  0
VERTEX
  5
C45
  8
CUT
 10
2042.2
 20
218.50000000000003
 30
0.0
 70
0
  0
VERTEX
  5
C46
  8
CUT
 10
2042.1268699711077
 20
217.8197910734305
 30
0.0
 70
0
  0
VERTEX
  5
C47
  8
CUT
 10
2041.9108223851345
 20
217.170671958394
 30
0.0
 70
0
  0
VERTEX
  5
C48
  8
CUT
 10
2041.561731970958
 20
216.5823114671637
 30
0.0
 70
0
  0
VERTEX
  5
C49
  8
CUT
 10
2041.095554348625
 20
216.08160136206638
 30
0.0
 70
0
  0
VERTEX
  5
C4A
  8
CUT
 10
2040.5335967575043
 20
215.6914272333848
 30
0.0
 70
0
  0
VERTEX
  5
C4B
  8
CUT
 10
2039.9015441818926
 20
215.4296224844336
 30
0.0
 70
0
  0
VERTEX
  5
C4C
  8
CUT
 10
2039.2282853862375
 20
215.30815323324717
 30
0.0
 70
0
  0
VERTEX
  5
C4D
  8
CUT
 10
2038.5445925175254
 20
215.332571385981
 30
0.0
 70
0
  0
VERTEX
  5
C4E
  8
CUT
 10
2037.881714625283
 20
215.50176088000075
 30
0.0
 70
0
  0
VERTEX
  5
C4F
  8
CUT
 10
2037.2699493841421
 20
215.80798869494018
 30
0.0
 70
0
  0
VERTEX
  5
C50
  8
CUT
 10
2036.7372583002032
 20
216.23725830020302
 30
0.0
 70
0
  0
VERTEX
  5
C51
  8
CUT
 10
2036.3079886949401
 20
216.76994938414205
 30
0.0
 70
0
  0
VERTEX
  5
C52
  8
CUT
 10
2036.0017608800008
 20
217.38171462528285
 30
0.0
 70
0
  0
VERTEX
  5
C53
  8
CUT
 10
2035.832571385981
 20
218.04459251752544
 30
0.0
 70
0
  0
VERTEX
  5
C54
  8
CUT
 10
2035.8081532332471
 20
218.7282853862375
 30
0.0
 70
0
  0
VERTEX
  5
C55
  8
CUT
 10
2035.9296224844336
 20
219.40154418189255
 30
0.0
 70
0
  0
VERTEX
  5
C56
  8
CUT
 10
2036.1914272333847
 20
220.03359675750417
 30
0.0
 70
0
  0
VERTEX
  5
C57
  8
CUT
 10
2036.5816013620663
 20
220.5955543486249
 30
0.0
 70
0
  0
VERTEX
  5
C58
  8
CUT
 10
2037.0823114671637
 20
221.06173197095794
 30
0.0
 70
0
  0
VERTEX
  5
C59
  8
CUT
 10
2037.670671958394
 20
221.41082238513445
 30
0.0
 70
0
  0
VERTEX
  5
C5A
  8
CUT
 10
2038.3197910734305
 20
221.6268699711077
 30
0.0
 70
0
  0
VERTEX
  5
C5B
  8
CUT
 10
2039.0
 20
221.70000000000002
 30
0.0
 70
0
  0
VERTEX
  5
C5C
  8
CUT
 10
2039.0
 20
237.00000000000003
 30
0.0
 70
0
  0
VERTEX
  5
C5D
  8
CUT
 10
1999.0
 20
237.00000000000003
 30
0.0
 70
0
  0
VERTEX
  5
C5E
  8
CUT
 10
1999.0
 20
221.70000000000002
 30
0.0
 70
0
  0
VERTEX
  5
C5F
  8
CUT
 10
1999.6802089265695
 20
221.62686997110774
 30
0.0
 70
0
  0
VERTEX
  5
C60
  8
CUT
 10
2000.329328041606
 20
221.41082238513448
 30
0.0
 70
0
  0
VERTEX
  5
C61
  8
CUT
 10
2000.9176885328363
 20
221.06173197095796
 30
0.0
 70
0
  0
VERTEX
  5
C62
  8
CUT
 10
2001.4183986379337
 20
220.59555434862492
 30
0.0
 70
0
  0
VERTEX
  5
C63
  8
CUT
 10
2001.8085727666153
 20
220.0335967575042
 30
0.0
 70
0
  0
VERTEX
  5
C64
  8
CUT
 10
2002.0703775155664
 20
219.40154418189258
 30
0.0
 70
0
  0
VERTEX
  5
C65
  8
CUT
 10
2002.1918467667529
 20
218.72828538623753
 30
0.0
 70
0
  0
VERTEX
  5
C66
  8
CUT
 10
2002.167428614019
 20
218.04459251752547
 30
0.0
 70
0
  0
VERTEX
  5
C67
  8
CUT
 10
2001.9982391199992
 20
217.38171462528288
 30
0.0
 70
0
  0
VERTEX
  5
C68
  8
CUT
 10
2001.6920113050599
 20
216.76994938414208
 30
0.0
 70
0
  0
VERTEX
  5
C69
  8
CUT
 10
2001.262741699797
 20
216.23725830020302
 30
0.0
 70
0
  0
VERTEX
  5
C6A
  8
CUT
 10
2000.7300506158579
 20
215.8079886949402
 30
0.0
 70
0
  0
VERTEX
  5
C6B
  8
CUT
 10
2000.118285374717
 20
215.50176088000075
 30
0.0
 70
0
  0
VERTEX
  5
C6C
  8
CUT
 10
1999.4554074824746
 20
215.332571385981
 30
0.0
 70
0
  0
VERTEX
  5
C6D
  8
CUT
 10
1998.7717146137625
 20
215.30815323324717
 30
0.0
 70
0
  0
VERTEX
  5
C6E
  8
CUT
 10
1998.0984558181074
 20
215.4296224844336
 30
0.0
 70
0
  0
VERTEX
  5
C6F
  8
CUT
 10
1997.4664032424957
 20
215.69142723338476
 30
0.0
 70
0
  0
VERTEX
  5
C70
  8
CUT
 10
1996.904445651375
 20
216.08160136206635
 30
0.0
 70
0
  0
VERTEX
  5
C71
  8
CUT
 10
1996.438268029042
 20
216.5823114671637
 30
0.0
 70
0
  0
VERTEX
  5
C72
  8
CUT
 10
1996.0891776148655
 20
217.17067195839397
 30
0.0
 70
0
  0
VERTEX
  5
C73
  8
CUT
 10
1995.8731300288923
 20
217.81979107343048
 30
0.0
 70
0
  0
VERTEX
  5
C74
  8
CUT
 10
1995.8
 20
218.50000000000003
 30
0.0
 70
0
  0
VERTEX
  5
C75
  8
CUT
 10
1922.2
 20
218.50000000000003
 30
0.0
 70
0
  0
VERTEX
  5
C76
  8
CUT
 10
1922.1268699711077
 20
217.8197910734305
 30
0.0
 70
0
  0
VERTEX
  5
C77
  8
CUT
 10
1921.9108223851345
 20
217.170671958394
 30
0.0
 70
0
  0
VERTEX
  5
C78
  8
CUT
 10
1921.561731970958
 20
216.5823114671637
 30
0.0
 70
0
  0
VERTEX
  5
C79
  8
CUT
 10
1921.095554348625
 20
216.08160136206638
 30
0.0
 70
0
  0
VERTEX
  5
C7A
  8
CUT
 10
1920.5335967575043
 20
215.6914272333848
 30
0.0
 70
0
  0
VERTEX
  5
C7B
  8
CUT
 10
1919.9015441818926
 20
215.4296224844336
 30
0.0
 70
0
  0
VERTEX
  5
C7C
  8
CUT
 10
1919.2282853862375
 20
215.30815323324717
 30
0.0
 70
0
  0
VERTEX
  5
C7D
  8
CUT
 10
1918.5445925175254
 20
215.332571385981
 30
0.0
 70
0
  0
VERTEX
  5
C7E
  8
CUT
 10
1917.881714625283
 20
215.50176088000075
 30
0.0
 70
0
  0
VERTEX
  5
C7F
  8
CUT
 10
1917.2699493841421
 20
215.80798869494018
 30
0.0
 70
0
  0
VERTEX
  5
C80
  8
CUT
 10
1916.7372583002032
 20
216.23725830020302
 30
0.0
 70
0
  0
VERTEX
  5
C81
  8
CUT
 10
1916.3079886949401
 20
216.76994938414205
 30
0.0
 70
0
  0
VERTEX
  5
C82
  8
CUT
 10
1916.0017608800008
 20
217.38171462528285
 30
0.0
 70
0
  0
VERTEX
  5
C83
  8
CUT
 10
1915.832571385981
 20
218.04459251752544
 30
0.0
 70
0
  0
VERTEX
  5
C84
  8
CUT
 10
1915.8081532332471
 20
218.7282853862375
 30
0.0
 70
0
  0
VERTEX
  5
C85
  8
CUT
 10
1915.9296224844336
 20
219.40154418189255
 30
0.0
 70
0
  0
VERTEX
  5
C86
  8
CUT
 10
1916.1914272333847
 20
220.03359675750417
 30
0.0
 70
0
  0
VERTEX
  5
C87
  8
CUT
 10
1916.5816013620663
 20
220.5955543486249
 30
0.0
 70
0
  0
VERTEX
  5
C88
  8
CUT
 10
1917.0823114671637
 20
221.06173197095794
 30
0.0
 70
0
  0
VERTEX
  5
C89
  8
CUT
 10
1917.670671958394
 20
221.41082238513445
 30
0.0
 70
0
  0
VERTEX
  5
C8A
  8
CUT
 10
1918.3197910734305
 20
221.6268699711077
 30
0.0
 70
0
  0
VERTEX
  5
C8B
  8
CUT
 10
1919.0
 20
221.70000000000002
 30
0.0
 70
0
  0
VERTEX
  5
C8C
  8
CUT
 10
1919.0
 20
237.00000000000003
 30
0.0
 70
0
  0
VERTEX
  5
C8D
  8
CUT
 10
1909.4129
 20
236.58140000000003
 30
0.0
 70
0
  0
VERTEX
  5
C8E
  8
CUT
 10
1899.8987
 20
235.32890000000003
 30
0.0
 70
0
  0
VERTEX
  5
C8F
  8
CUT
 10
1890.5299
 20
233.25180000000003
 30
0.0
 70
0
  0
VERTEX
  5
C90
  8
CUT
 10
1881.3778
 20
230.36620000000002
 30
0.0
 70
0
  0
VERTEX
  5
C91
  8
CUT
 10
1872.512
 20
226.69390000000004
 30
0.0
 70
0
  0
VERTEX
  5
C92
  8
CUT
 10
1864.0
 20
222.26280000000003
 30
0.0
 70
0
  0
VERTEX
  5
C93
  8
CUT
 10
1855.9066
 20
217.10670000000002
 30
0.0
 70
0
  0
VERTEX
  5
C94
  8
CUT
 10
1848.2934
 20
211.26490000000004
 30
0.0
 70
0
  0
VERTEX
  5
C95
  8
CUT
 10
1841.2183
 20
204.78170000000003
 30
0.0
 70
0
  0
VERTEX
  5
C96
  8
CUT
 10
1834.7350999999999
 20
197.70660000000004
 30
0.0
 70
0
  0
VERTEX
  5
C97
  8
CUT
 10
1828.8933
 20
190.09340000000003
 30
0.0
 70
0
  0
VERTEX
  5
C98
  8
CUT
 10
1823.7372
 20
182.00000000000003
 30
0.0
 70
0
  0
VERTEX
  5
C99
  8
CUT
 10
1819.3061
 20
173.48800000000003
 30
0.0
 70
0
  0
VERTEX
  5
C9A
  8
CUT
 10
1815.6338
 20
164.62220000000002
 30
0.0
 70
0
  0
VERTEX
  5
C9B
  8
CUT
 10
1812.7482
 20
155.47010000000003
 30
0.0
 70
0
  0
VERTEX
  5
C9C
  8
CUT
 10
1810.6711
 20
146.10130000000004
 30
0.0
 70
0
  0
VERTEX
  5
C9D
  8
CUT
 10
1809.4186
 20
136.58710000000002
 30
0.0
 70
0
  0
VERTEX
  5
C9E
  8
CUT
 10
1809.0
 20
127.00000000000001
 30
0.0
 70
0
  0
VERTEX
  5
C9F
  8
CUT
 10
1809.4186
 20
117.41290000000001
 30
0.0
 70
0
  0
VERTEX
  5
CA0
  8
CUT
 10
1810.6711
 20
107.89870000000002
 30
0.0
 70
0
  0
VERTEX
  5
CA1
  8
CUT
 10
1812.7482
 20
98.52990000000001
 30
0.0
 70
0
  0
VERTEX
  5
CA2
  8
CUT
 10
1815.6338
 20
89.37780000000001
 30
0.0
 70
0
  0
VERTEX
  5
CA3
  8
CUT
 10
1819.3061
 20
80.51200000000003
 30
0.0
 70
0
  0
VERTEX
  5
CA4
  8
CUT
 10
1823.7372
 20
72.00000000000003
 30
0.0
 70
0
  0
VERTEX
  5
CA5
  8
CUT
 10
1828.8933
 20
63.906600000000026
 30
0.0
 70
0
  0
VERTEX
  5
CA6
  8
CUT
 10
1834.7350999999999
 20
56.29340000000003
 30
0.0
 70
0
  0
VERTEX
  5
CA7
  8
CUT
 10
1841.2183
 20
49.21830000000003
 30
0.0
 70
0
  0
VERTEX
  5
CA8
  8
CUT
 10
1848.2934
 20
42.735100000000024
 30
0.0
 70
0
  0
VERTEX
  5
CA9
  8
CUT
 10
1855.9066
 20
36.893300000000025
 30
0.0
 70
0
  0
VERTEX
  5
CAA
  8
CUT
 10
1864.0
 20
31.737200000000023
 30
0.0
 70
0
  0
VERTEX
  5
CAB
  8
CUT
 10
1872.512
 20
27.306100000000022
 30
0.0
 70
0
  0
VERTEX
  5
CAC
  8
CUT
 10
1881.3778
 20
23.633800000000022
 30
0.0
 70
0
  0
VERTEX
  5
CAD
  8
CUT
 10
1890.5299
 20
20.748200000000022
 30
0.0
 70
0
  0
VERTEX
  5
CAE
  8
CUT
 10
1899.8987
 20
18.67110000000002
 30
0.0
 70
0
  0
VERTEX
  5
CAF
  8
CUT
 10
1909.4129
 20
17.41860000000002
 30
0.0
 70
0
  0
VERTEX
  5
CB0
  8
CUT
 10
1919.0
 20
17.00000000000002
 30
0.0
 70
0
  0
VERTEX
  5
CB1
  8
CUT
 10
1919.0
 20
32.30000000000002
 30
0.0
 70
0
  0
VERTEX
  5
CB2
  8
CUT
 10
1918.3197910734305
 20
32.373130028892305
 30
0.0
 70
0
  0
VERTEX
  5
CB3
  8
CUT
 10
1917.670671958394
 20
32.58917761486556
 30
0.0
 70
0
  0
VERTEX
  5
CB4
  8
CUT
 10
1917.0823114671637
 20
32.93826802904207
 30
0.0
 70
0
  0
VERTEX
  5
CB5
  8
CUT
 10
1916.5816013620663
 20
33.40444565137511
 30
0.0
 70
0
  0
VERTEX
  5
CB6
  8
CUT
 10
1916.1914272333847
 20
33.96640324249585
 30
0.0
 70
0
  0
VERTEX
  5
CB7
  8
CUT
 10
1915.9296224844336
 20
34.59845581810746
 30
0.0
 70
0
  0
VERTEX
  5
CB8
  8
CUT
 10
1915.8081532332471
 20
35.2717146137625
 30
0.0
 70
0
  0
VERTEX
  5
CB9
  8
CUT
 10
1915.832571385981
 20
35.955407482474556
 30
0.0
 70
0
  0
VERTEX
  5
CBA
  8
CUT
 10
1916.0017608800008
 20
36.61828537471717
 30
0.0
 70
0
  0
VERTEX
  5
CBB
  8
CUT
 10
1916.3079886949401
 20
37.23005061585797
 30
0.0
 70
0
  0
VERTEX
  5
CBC
  8
CUT
 10
1916.737258300203
 20
37.76274169979701
 30
0.0
 70
0
  0
VERTEX
  5
CBD
  8
CUT
 10
1917.2699493841421
 20
38.19201130505984
 30
0.0
 70
0
  0
VERTEX
  5
CBE
  8
CUT
 10
1917.881714625283
 20
38.498239119999305
 30
0.0
 70
0
  0
VERTEX
  5
CBF
  8
CUT
 10
1918.5445925175254
 20
38.66742861401905
 30
0.0
 70
0
  0
VERTEX
  5
CC0
  8
CUT
 10
1919.2282853862375
 20
38.691846766752874
 30
0.0
 70
0
  0
VERTEX
  5
CC1
  8
CUT
 10
1919.9015441818926
 20
38.570377515566456
 30
0.0
 70
0
  0
VERTEX
  5
CC2
  8
CUT
 10
1920.5335967575043
 20
38.308572766615285
 30
0.0
 70
0
  0
VERTEX
  5
CC3
  8
CUT
 10
1921.095554348625
 20
37.918398637933684
 30
0.0
 70
0
  0
VERTEX
  5
CC4
  8
CUT
 10
1921.561731970958
 20
37.417688532836365
 30
0.0
 70
0
  0
VERTEX
  5
CC5
  8
CUT
 10
1921.9108223851345
 20
36.82932804160609
 30
0.0
 70
0
  0
VERTEX
  5
CC6
  8
CUT
 10
1922.1268699711077
 20
36.18020892656957
 30
0.0
 70
0
  0
VERTEX
  5
CC7
  8
CUT
 10
1922.2
 20
35.50000000000002
 30
0.0
 70
0
  0
VERTEX
  5
CC8
  8
CUT
 10
1995.8
 20
35.500000000000014
 30
0.0
 70
0
  0
VERTEX
  5
CC9
  8
CUT
 10
1995.8731300288923
 20
36.18020892656954
 30
0.0
 70
0
  0
VERTEX
  5
CCA
  8
CUT
 10
1996.0891776148655
 20
36.82932804160606
 30
0.0
 70
0
  0
VERTEX
  5
CCB
  8
CUT
 10
1996.438268029042
 20
37.417688532836344
 30
0.0
 70
0
  0
VERTEX
  5
CCC
  8
CUT
 10
1996.904445651375
 20
37.91839863793366
 30
0.0
 70
0
  0
VERTEX
  5
CCD
  8
CUT
 10
1997.4664032424957
 20
38.308572766615264
 30
0.0
 70
0
  0
VERTEX
  5
CCE
  8
CUT
 10
1998.0984558181074
 20
38.57037751556644
 30
0.0
 70
0
  0
VERTEX
  5
CCF
  8
CUT
 10
1998.7717146137625
 20
38.69184676675287
 30
0.0
 70
0
  0
VERTEX
  5
CD0
  8
CUT
 10
1999.4554074824746
 20
38.667428614019045
 30
0.0
 70
0
  0
VERTEX
  5
CD1
  8
CUT
 10
2000.118285374717
 20
38.498239119999305
 30
0.0
 70
0
  0
VERTEX
  5
CD2
  8
CUT
 10
2000.7300506158579
 20
38.19201130505985
 30
0.0
 70
0
  0
VERTEX
  5
CD3
  8
CUT
 10
2001.262741699797
 20
37.76274169979702
 30
0.0
 70
0
  0
VERTEX
  5
CD4
  8
CUT
 10
2001.6920113050599
 20
37.23005061585798
 30
0.0
 70
0
  0
VERTEX
  5
CD5
  8
CUT
 10
2001.9982391199992
 20
36.61828537471718
 30
0.0
 70
0
  0
VERTEX
  5
CD6
  8
CUT
 10
2002.167428614019
 20
35.95540748247457
 30
0.0
 70
0
  0
VERTEX
  5
CD7
  8
CUT
 10
2002.1918467667529
 20
35.27171461376251
 30
0.0
 70
0
  0
VERTEX
  5
CD8
  8
CUT
 10
2002.0703775155664
 20
34.598455818107475
 30
0.0
 70
0
  0
VERTEX
  5
CD9
  8
CUT
 10
2001.8085727666153
 20
33.966403242495865
 30
0.0
 70
0
  0
VERTEX
  5
CDA
  8
CUT
 10
2001.4183986379337
 20
33.40444565137513
 30
0.0
 70
0
  0
VERTEX
  5
CDB
  8
CUT
 10
2000.9176885328363
 20
32.93826802904208
 30
0.0
 70
0
  0
VERTEX
  5
CDC
  8
CUT
 10
2000.329328041606
 20
32.58917761486556
 30
0.0
 70
0
  0
VERTEX
  5
CDD
  8
CUT
 10
1999.6802089265695
 20
32.373130028892305
 30
0.0
 70
0
  0
VERTEX
  5
CDE
  8
CUT
 10
1999.0
 20
32.30000000000001
 30
0.0
 70
0
  0
VERTEX
  5
CDF
  8
CUT
 10
1999.0
 20
17.000000000000014
 30
0.0
 70
0
  0
VERTEX
  5
CE0
  8
CUT
 10
2039.0
 20
17.00000000000001
 30
0.0
 70
0
  0
VERTEX
  5
CE1
  8
CUT
 10
2039.0
 20
32.30000000000001
 30
0.0
 70
0
  0
VERTEX
  5
CE2
  8
CUT
 10
2038.3197910734305
 20
32.373130028892305
 30
0.0
 70
0
  0
VERTEX
  5
CE3
  8
CUT
 10
2037.670671958394
 20
32.589177614865555
 30
0.0
 70
0
  0
VERTEX
  5
CE4
  8
CUT
 10
2037.0823114671637
 20
32.938268029042064
 30
0.0
 70
0
  0
VERTEX
  5
CE5
  8
CUT
 10
2036.5816013620663
 20
33.404445651375106
 30
0.0
 70
0
  0
VERTEX
  5
CE6
  8
CUT
 10
2036.1914272333847
 20
33.96640324249584
 30
0.0
 70
0
  0
VERTEX
  5
CE7
  8
CUT
 10
2035.9296224844336
 20
34.59845581810745
 30
0.0
 70
0
  0
VERTEX
  5
CE8
  8
CUT
 10
2035.8081532332471
 20
35.27171461376249
 30
0.0
 70
0
  0
VERTEX
  5
CE9
  8
CUT
 10
2035.832571385981
 20
35.95540748247455
 30
0.0
 70
0
  0
VERTEX
  5
CEA
  8
CUT
 10
2036.0017608800008
 20
36.61828537471716
 30
0.0
 70
0
  0
VERTEX
  5
CEB
  8
CUT
 10
2036.3079886949401
 20
37.23005061585796
 30
0.0
 70
0
  0
VERTEX
  5
CEC
  8
CUT
 10
2036.737258300203
 20
37.762741699797004
 30
0.0
 70
0
  0
VERTEX
  5
CED
  8
CUT
 10
2037.2699493841421
 20
38.192011305059836
 30
0.0
 70
0
  0
VERTEX
  5
CEE
  8
CUT
 10
2037.881714625283
 20
38.4982391199993
 30
0.0
 70
0
  0
VERTEX
  5
CEF
  8
CUT
 10
2038.5445925175254
 20
38.667428614019045
 30
0.0
 70
0
  0
VERTEX
  5
CF0
  8
CUT
 10
2039.2282853862375
 20
38.691846766752874
 30
0.0
 70
0
  0
VERTEX
  5
CF1
  8
CUT
 10
2039.9015441818926
 20
38.57037751556645
 30
0.0
 70
0
  0
VERTEX
  5
CF2
  8
CUT
 10
2040.5335967575043
 20
38.30857276661528
 30
0.0
 70
0
  0
VERTEX
  5
CF3
  8
CUT
 10
2041.095554348625
 20
37.91839863793368
 30
0.0
 70
0
  0
VERTEX
  5
CF4
  8
CUT
 10
2041.561731970958
 20
37.41768853283636
 30
0.0
 70
0
  0
VERTEX
  5
CF5
  8
CUT
 10
2041.9108223851345
 20
36.82932804160608
 30
0.0
 70
0
  0
VERTEX
  5
CF6
  8
CUT
 10
2042.1268699711077
 20
36.18020892656956
 30
0.0
 70
0
  0
VERTEX
  5
CF7
  8
CUT
 10
2042.2
 20
35.500000000000014
 30
0.0
 70
0
  0
VERTEX
  5
CF8
  8
CUT
 10
2195.8
 20
35.5
 30
0.0
 70
0
  0
VERTEX
  5
CF9
  8
CUT
 10
2195.8731300288923
 20
36.180208926569506
 30
0.0
 70
0
  0
VERTEX
  5
CFA
  8
CUT
 10
2196.0891776148655
 20
36.82932804160599
 30
0.0
 70
0
  0
VERTEX
  5
CFB
  8
CUT
 10
2196.4382680290423
 20
37.41768853283624
 30
0.0
 70
0
  0
VERTEX
  5
CFC
  8
CUT
 10
2196.904445651375
 20
37.91839863793353
 30
0.0
 70
0
  0
VERTEX
  5
CFD
  8
CUT
 10
2197.4664032424957
 20
38.30857276661509
 30
0.0
 70
0
  0
VERTEX
  5
CFE
  8
CUT
 10
2198.0984558181076
 20
38.57037751556624
 30
0.0
 70
0
  0
VERTEX
  5
CFF
  8
CUT
 10
2198.7717146137625
 20
38.69184676675264
 30
0.0
 70
0
  0
VERTEX
  5
D00
  8
CUT
 10
2199.4554074824746
 20
38.667428614018796
 30
0.0
 70
0
  0
VERTEX
  5
D01
  8
CUT
 10
2200.1182853747173
 20
38.498239119999035
 30
0.0
 70
0
  0
VERTEX
  5
D02
  8
CUT
 10
2200.730050615858
 20
38.19201130505957
 30
0.0
 70
0
  0
VERTEX
  5
D03
  8
CUT
 10
2201.262741699797
 20
37.76274169979674
 30
0.0
 70
0
  0
VERTEX
  5
D04
  8
CUT
 10
2201.6920113050596
 20
37.23005061585771
 30
0.0
 70
0
  0
VERTEX
  5
D05
  8
CUT
 10
2201.998239119999
 20
36.61828537471692
 30
0.0
 70
0
  0
VERTEX
  5
D06
  8
CUT
 10
2202.1674286140187
 20
35.95540748247433
 30
0.0
 70
0
  0
VERTEX
  5
D07
  8
CUT
 10
2202.191846766753
 20
35.27171461376229
 30
0.0
 70
0
  0
VERTEX
  5
D08
  8
CUT
 10
2202.070377515566
 20
34.59845581810728
 30
0.0
 70
0
  0
VERTEX
  5
D09
  8
CUT
 10
2201.8085727666153
 20
33.9664032424957
 30
0.0
 70
0
  0
VERTEX
  5
D0A
  8
CUT
 10
2201.4183986379335
 20
33.404445651375
 30
0.0
 70
0
  0
VERTEX
  5
D0B
  8
CUT
 10
2200.917688532836
 20
32.938268029041986
 30
0.0
 70
0
  0
VERTEX
  5
D0C
  8
CUT
 10
2200.329328041606
 20
32.589177614865505
 30
0.0
 70
0
  0
VERTEX
  5
D0D
  8
CUT
 10
2199.6802089265693
 20
32.37313002889228
 30
0.0
 70
0
  0
VERTEX
  5
D0E
  8
CUT
 10
2199.0
 20
32.300000000000004
 30
0.0
 70
0
  0
SEQEND
  5
BF9
  8
CUT
  0
POLYLINE
  5
D0F
  8
REFERENCE-SHEET
 66
1
 10
0.0
 20
0.0
 30
0.0
 70
1
  0
VERTEX
  5
D11
  8
REFERENCE-SHEET
 10
0.0
 20
-1470.0
 30
0.0
 70
0
  0
VERTEX
  5
D12
  8
REFERENCE-SHEET
 10
2440.0
 20
-1470.0
 30
0.0
 70
0
  0
VERTEX
  5
D13
  8
REFERENCE-SHEET
 10
2440.0
 20
-250.0
 30
0.0
 70
0
  0
VERTEX
  5
D14
  8
REFERENCE-SHEET
 10
0.0
 20
-250.0
 30
0.0
 70
0
  0
SEQEND
  5
D10
  8
REFERENCE-SHEET
  0
POLYLINE
  5
D15
  8
CUT
 66
1
 10
0.0
 20
0.0
 30
0.0
 70
1
  0
VERTEX
  5
D17
  8
CUT
 10
17.0
 20
-1453.0
 30
0.0
 70
0
  0
VERTEX
  5
D18
  8
CUT
 10
137.0
 20
-1453.0
 30
0.0
 70
0
  0
VERTEX
  5
D19
  8
CUT
 10
137.0
 20
-1416.2
 30
0.0
 70
0
  0
VERTEX
  5
D1A
  8
CUT
 10
136.31979107343048
 20
-1416.1268699711077
 30
0.0
 70
0
  0
VERTEX
  5
D1B
  8
CUT
 10
135.67067195839397
 20
-1415.9108223851345
 30
0.0
 70
0
  0
VERTEX
  5
D1C
  8
CUT
 10
135.08231146716366
 20
-1415.561731970958
 30
0.0
 70
0
  0
VERTEX
  5
D1D
  8
CUT
 10
134.58160136206635
 20
-1415.095554348625
 30
0.0
 70
0
  0
VERTEX
  5
D1E
  8
CUT
 10
134.19142723338476
 20
-1414.5335967575043
 30
0.0
 70
0
  0
VERTEX
  5
D1F
  8
CUT
 10
133.92962248443357
 20
-1413.9015441818926
 30
0.0
 70
0
  0
VERTEX
  5
D20
  8
CUT
 10
133.80815323324714
 20
-1413.2282853862375
 30
0.0
 70
0
  0
VERTEX
  5
D21
  8
CUT
 10
133.83257138598097
 20
-1412.5445925175254
 30
0.0
 70
0
  0
VERTEX
  5
D22
  8
CUT
 10
134.00176088000072
 20
-1411.881714625283
 30
0.0
 70
0
  0
VERTEX
  5
D23
  8
CUT
 10
134.30798869494015
 20
-1411.2699493841421
 30
0.0
 70
0
  0
VERTEX
  5
D24
  8
CUT
 10
134.737258300203
 20
-1410.7372583002032
 30
0.0
 70
0
  0
VERTEX
  5
D25
  8
CUT
 10
135.26994938414202
 20
-1410.3079886949401
 30
0.0
 70
0
  0
VERTEX
  5
D26
  8
CUT
 10
135.88171462528283
 20
-1410.0017608800008
 30
0.0
 70
0
  0
VERTEX
  5
D27
  8
CUT
 10
136.54459251752542
 20
-1409.832571385981
 30
0.0
 70
0
  0
VERTEX
  5
D28
  8
CUT
 10
137.2282853862375
 20
-1409.8081532332471
 30
0.0
 70
0
  0
VERTEX
  5
D29
  8
CUT
 10
137.90154418189252
 20
-1409.9296224844336
 30
0.0
 70
0
  0
VERTEX
  5
D2A
  8
CUT
 10
138.53359675750414
 20
-1410.1914272333847
 30
0.0
 70
0
  0
VERTEX
  5
D2B
  8
CUT
 10
139.0955543486249
 20
-1410.5816013620663
 30
0.0
 70
0
  0
VERTEX
  5
D2C
  8
CUT
 10
139.5617319709579
 20
-1411.0823114671637
 30
0.0
 70
0
  0
VERTEX
  5
D2D
  8
CUT
 10
139.91082238513442
 20
-1411.670671958394
 30
0.0
 70
0
  0
VERTEX
  5
D2E
  8
CUT
 10
140.12686997110768
 20
-1412.3197910734305
 30
0.0
 70
0
  0
VERTEX
  5
D2F
  8
CUT
 10
140.2
 20
-1413.0
 30
0.0
 70
0
  0
VERTEX
  5
D30
  8
CUT
 10
753.8
 20
-1413.0
 30
0.0
 70
0
  0
VERTEX
  5
D31
  8
CUT
 10
753.8731300288922
 20
-1412.3197910734305
 30
0.0
 70
0
  0
VERTEX
  5
D32
  8
CUT
 10
754.0891776148655
 20
-1411.670671958394
 30
0.0
 70
0
  0
VERTEX
  5
D33
  8
CUT
 10
754.438268029042
 20
-1411.0823114671637
 30
0.0
 70
0
  0
VERTEX
  5
D34
  8
CUT
 10
754.9044456513751
 20
-1410.5816013620663
 30
0.0
 70
0
  0
VERTEX
  5
D35
  8
CUT
 10
755.4664032424957
 20
-1410.1914272333847
 30
0.0
 70
0
  0
VERTEX
  5
D36
  8
CUT
 10
756.0984558181074
 20
-1409.9296224844336
 30
0.0
 70
0
  0
VERTEX
  5
D37
  8
CUT
 10
756.7717146137625
 20
-1409.8081532332471
 30
0.0
 70
0
  0
VERTEX
  5
D38
  8
CUT
 10
757.4554074824745
 20
-1409.832571385981
 30
0.0
 70
0
  0
VERTEX
  5
D39
  8
CUT
 10
758.1182853747172
 20
-1410.0017608800008
 30
0.0
 70
0
  0
VERTEX
  5
D3A
  8
CUT
 10
758.730050615858
 20
-1410.3079886949401
 30
0.0
 70
0
  0
VERTEX
  5
D3B
  8
CUT
 10
759.262741699797
 20
-1410.737258300203
 30
0.0
 70
0
  0
VERTEX
  5
D3C
  8
CUT
 10
759.6920113050599
 20
-1411.2699493841421
 30
0.0
 70
0
  0
VERTEX
  5
D3D
  8
CUT
 10
759.9982391199993
 20
-1411.881714625283
 30
0.0
 70
0
  0
VERTEX
  5
D3E
  8
CUT
 10
760.1674286140191
 20
-1412.5445925175254
 30
0.0
 70
0
  0
VERTEX
  5
D3F
  8
CUT
 10
760.1918467667529
 20
-1413.2282853862375
 30
0.0
 70
0
  0
VERTEX
  5
D40
  8
CUT
 10
760.0703775155664
 20
-1413.9015441818926
 30
0.0
 70
0
  0
VERTEX
  5
D41
  8
CUT
 10
759.8085727666153
 20
-1414.5335967575043
 30
0.0
 70
0
  0
VERTEX
  5
D42
  8
CUT
 10
759.4183986379337
 20
-1415.095554348625
 30
0.0
 70
0
  0
VERTEX
  5
D43
  8
CUT
 10
758.9176885328363
 20
-1415.561731970958
 30
0.0
 70
0
  0
VERTEX
  5
D44
  8
CUT
 10
758.329328041606
 20
-1415.9108223851345
 30
0.0
 70
0
  0
VERTEX
  5
D45
  8
CUT
 10
757.6802089265695
 20
-1416.1268699711077
 30
0.0
 70
0
  0
VERTEX
  5
D46
  8
CUT
 10
757.0
 20
-1416.2
 30
0.0
 70
0
  0
VERTEX
  5
D47
  8
CUT
 10
757.0
 20
-1453.0
 30
0.0
 70
0
  0
VERTEX
  5
D48
  8
CUT
 10
877.0
 20
-1453.0
 30
0.0
 70
0
  0
VERTEX
  5
D49
  8
CUT
 10
877.0
 20
-813.0
 30
0.0
 70
0
  0
VERTEX
  5
D4A
  8
CUT
 10
876.8287
 20
-807.7677
 30
0.0
 70
0
  0
VERTEX
  5
D4B
  8
CUT
 10
876.3156
 20
-802.5579
 30
0.0
 70
0
  0
VERTEX
  5
D4C
  8
CUT
 10
875.4628
 20
-797.3928
 30
0.0
 70
0
  0
VERTEX
  5
D4D
  8
CUT
 10
874.2741
 20
-792.2945
 30
0.0
 70
0
  0
VERTEX
  5
D4E
  8
CUT
 10
872.7544
 20
-787.2848
 30
0.0
 70
0
  0
VERTEX
  5
D4F
  8
CUT
 10
870.9104
 20
-782.3853
 30
0.0
 70
0
  0
VERTEX
  5
D50
  8
CUT
 10
868.7498
 20
-777.6169
 30
0.0
 70
0
  0
VERTEX
  5
D51
  8
CUT
 10
866.282
 20
-773.0
 30
0.0
 70
0
  0
VERTEX
  5
D52
  8
CUT
 10
863.5176
 20
-768.5544
 30
0.0
 70
0
  0
VERTEX
  5
D53
  8
CUT
 10
860.4683
 20
-764.2991
 30
0.0
 70
0
  0
VERTEX
  5
D54
  8
CUT
 10
857.1472
 20
-760.2523
 30
0.0
 70
0
  0
VERTEX
  5
D55
  8
CUT
 10
853.5685
 20
-756.4315
 30
0.0
 70
0
  0
VERTEX
  5
D56
  8
CUT
 10
849.7477
 20
-752.8528
 30
0.0
 70
0
  0
VERTEX
  5
D57
  8
CUT
 10
845.7009
 20
-749.5317
 30
0.0
 70
0
  0
VERTEX
  5
D58
  8
CUT
 10
841.4456
 20
-746.4824
 30
0.0
 70
0
  0
VERTEX
  5
D59
  8
CUT
 10
837.0
 20
-743.718
 30
0.0
 70
0
  0
VERTEX
  5
D5A
  8
CUT
 10
832.3831
 20
-741.2502
 30
0.0
 70
0
  0
VERTEX
  5
D5B
  8
CUT
 10
827.6147
 20
-739.0896
 30
0.0
 70
0
  0
VERTEX
  5
D5C
  8
CUT
 10
822.7152
 20
-737.2456
 30
0.0
 70
0
  0
VERTEX
  5
D5D
  8
CUT
 10
817.7055
 20
-735.7259
 30
0.0
 70
0
  0
VERTEX
  5
D5E
  8
CUT
 10
812.6072
 20
-734.5372
 30
0.0
 70
0
  0
VERTEX
  5
D5F
  8
CUT
 10
807.4421
 20
-733.6844
 30
0.0
 70
0
  0
VERTEX
  5
D60
  8
CUT
 10
802.2323
 20
-733.1713
 30
0.0
 70
0
  0
VERTEX
  5
D61
  8
CUT
 10
797.0
 20
-733.0
 30
0.0
 70
0
  0
VERTEX
  5
D62
  8
CUT
 10
647.0
 20
-733.0
 30
0.0
 70
0
  0
VERTEX
  5
D63
  8
CUT
 10
647.0
 20
-989.8
 30
0.0
 70
0
  0
VERTEX
  5
D64
  8
CUT
 10
647.6802089265695
 20
-989.8731300288922
 30
0.0
 70
0
  0
VERTEX
  5
D65
  8
CUT
 10
648.329328041606
 20
-990.0891776148655
 30
0.0
 70
0
  0
VERTEX
  5
D66
  8
CUT
 10
648.9176885328363
 20
-990.438268029042
 30
0.0
 70
0
  0
VERTEX
  5
D67
  8
CUT
 10
649.4183986379337
 20
-990.9044456513751
 30
0.0
 70
0
  0
VERTEX
  5
D68
  8
CUT
 10
649.8085727666153
 20
-991.4664032424957
 30
0.0
 70
0
  0
VERTEX
  5
D69
  8
CUT
 10
650.0703775155664
 20
-992.0984558181074
 30
0.0
 70
0
  0
VERTEX
  5
D6A
  8
CUT
 10
650.1918467667529
 20
-992.7717146137625
 30
0.0
 70
0
  0
VERTEX
  5
D6B
  8
CUT
 10
650.1674286140191
 20
-993.4554074824745
 30
0.0
 70
0
  0
VERTEX
  5
D6C
  8
CUT
 10
649.9982391199993
 20
-994.1182853747172
 30
0.0
 70
0
  0
VERTEX
  5
D6D
  8
CUT
 10
649.6920113050599
 20
-994.730050615858
 30
0.0
 70
0
  0
VERTEX
  5
D6E
  8
CUT
 10
649.262741699797
 20
-995.262741699797
 30
0.0
 70
0
  0
VERTEX
  5
D6F
  8
CUT
 10
648.730050615858
 20
-995.6920113050599
 30
0.0
 70
0
  0
VERTEX
  5
D70
  8
CUT
 10
648.1182853747172
 20
-995.9982391199993
 30
0.0
 70
0
  0
VERTEX
  5
D71
  8
CUT
 10
647.4554074824745
 20
-996.1674286140191
 30
0.0
 70
0
  0
VERTEX
  5
D72
  8
CUT
 10
646.7717146137625
 20
-996.1918467667529
 30
0.0
 70
0
  0
VERTEX
  5
D73
  8
CUT
 10
646.0984558181074
 20
-996.0703775155664
 30
0.0
 70
0
  0
VERTEX
  5
D74
  8
CUT
 10
645.4664032424957
 20
-995.8085727666153
 30
0.0
 70
0
  0
VERTEX
  5
D75
  8
CUT
 10
644.9044456513751
 20
-995.4183986379337
 30
0.0
 70
0
  0
VERTEX
  5
D76
  8
CUT
 10
644.438268029042
 20
-994.9176885328363
 30
0.0
 70
0
  0
VERTEX
  5
D77
  8
CUT
 10
644.0891776148655
 20
-994.329328041606
 30
0.0
 70
0
  0
VERTEX
  5
D78
  8
CUT
 10
643.8731300288922
 20
-993.6802089265695
 30
0.0
 70
0
  0
VERTEX
  5
D79
  8
CUT
 10
643.8
 20
-993.0
 30
0.0
 70
0
  0
VERTEX
  5
D7A
  8
CUT
 10
117.0
 20
-993.0
 30
0.0
 70
0
  0
VERTEX
  5
D7B
  8
CUT
 10
110.4597
 20
-993.2140999999999
 30
0.0
 70
0
  0
VERTEX
  5
D7C
  8
CUT
 10
103.9474
 20
-993.8555
 30
0.0
 70
0
  0
VERTEX
  5
D7D
  8
CUT
 10
97.491
 20
-994.9214999999999
 30
0.0
 70
0
  0
VERTEX
  5
D7E
  8
CUT
 10
91.1181
 20
-996.4074
 30
0.0
 70
0
  0
VERTEX
  5
D7F
  8
CUT
 10
84.8561
 20
-998.307
 30
0.0
 70
0
  0
VERTEX
  5
D80
  8
CUT
 10
78.73169999999999
 20
-1000.6120000000001
 30
0.0
 70
0
  0
VERTEX
  5
D81
  8
CUT
 10
72.77109999999999
 20
-1003.3127
 30
0.0
 70
0
  0
VERTEX
  5
D82
  8
CUT
 10
67.0
 20
-1006.3975
 30
0.0
 70
0
  0
VERTEX
  5
D83
  8
CUT
 10
61.443
 20
-1009.8530000000001
 30
0.0
 70
0
  0
VERTEX
  5
D84
  8
CUT
 10
56.1239
 20
-1013.6647
 30
0.0
 70
0
  0
VERTEX
  5
D85
  8
CUT
 10
51.0654
 20
-1017.816
 30
0.0
 70
0
  0
VERTEX
  5
D86
  8
CUT
 10
46.2893
 20
-1022.2893
 30
0.0
 70
0
  0
VERTEX
  5
D87
  8
CUT
 10
41.816
 20
-1027.0654
 30
0.0
 70
0
  0
VERTEX
  5
D88
  8
CUT
 10
37.664699999999996
 20
-1032.1239
 30
0.0
 70
0
  0
VERTEX
  5
D89
  8
CUT
 10
33.853
 20
-1037.443
 30
0.0
 70
0
  0
VERTEX
  5
D8A
  8
CUT
 10
30.3975
 20
-1043.0
 30
0.0
 70
0
  0
VERTEX
  5
D8B
  8
CUT
 10
27.3127
 20
-1048.7711
 30
0.0
 70
0
  0
VERTEX
  5
D8C
  8
CUT
 10
24.612000000000002
 20
-1054.7317
 30
0.0
 70
0
  0
VERTEX
  5
D8D
  8
CUT
 10
22.307000000000002
 20
-1060.8561
 30
0.0
 70
0
  0
VERTEX
  5
D8E
  8
CUT
 10
20.4074
 20
-1067.1181000000001
 30
0.0
 70
0
  0
VERTEX
  5
D8F
  8
CUT
 10
18.9215
 20
-1073.491
 30
0.0
 70
0
  0
VERTEX
  5
D90
  8
CUT
 10
17.8555
 20
-1079.9474
 30
0.0
 70
0
  0
VERTEX
  5
D91
  8
CUT
 10
17.2141
 20
-1086.4596999999999
 30
0.0
 70
0
  0
VERTEX
  5
D92
  8
CUT
 10
17.0
 20
-1093.0
 30
0.0
 70
0
  0
SEQEND
  5
D16
  8
CUT
  0
POLYLINE
  5
D93
  8
CUT
 66
1
 10
0.0
 20
0.0
 30
0.0
 70
1
  0
VERTEX
  5
D95
  8
CUT
 10
106.5
 20
-1310.3
 30
0.0
 70
0
  0
VERTEX
  5
D96
  8
CUT
 10
105.81979107343047
 20
-1310.3731300288923
 30
0.0
 70
0
  0
VERTEX
  5
D97
  8
CUT
 10
105.17067195839395
 20
-1310.5891776148655
 30
0.0
 70
0
  0
VERTEX
  5
D98
  8
CUT
 10
104.58231146716366
 20
-1310.938268029042
 30
0.0
 70
0
  0
VERTEX
  5
D99
  8
CUT
 10
104.08160136206635
 20
-1311.404445651375
 30
0.0
 70
0
  0
VERTEX
  5
D9A
  8
CUT
 10
103.69142723338474
 20
-1311.9664032424957
 30
0.0
 70
0
  0
VERTEX
  5
D9B
  8
CUT
 10
103.42962248443357
 20
-1312.5984558181074
 30
0.0
 70
0
  0
VERTEX
  5
D9C
  8
CUT
 10
103.30815323324714
 20
-1313.2717146137625
 30
0.0
 70
0
  0
VERTEX
  5
D9D
  8
CUT
 10
103.33257138598096
 20
-1313.9554074824746
 30
0.0
 70
0
  0
VERTEX
  5
D9E
  8
CUT
 10
103.5017608800007
 20
-1314.618285374717
 30
0.0
 70
0
  0
VERTEX
  5
D9F
  8
CUT
 10
103.80798869494015
 20
-1315.2300506158579
 30
0.0
 70
0
  0
VERTEX
  5
DA0
  8
CUT
 10
104.23725830020298
 20
-1315.762741699797
 30
0.0
 70
0
  0
VERTEX
  5
DA1
  8
CUT
 10
104.76994938414202
 20
-1316.1920113050599
 30
0.0
 70
0
  0
VERTEX
  5
DA2
  8
CUT
 10
105.38171462528283
 20
-1316.4982391199992
 30
0.0
 70
0
  0
VERTEX
  5
DA3
  8
CUT
 10
106.04459251752543
 20
-1316.667428614019
 30
0.0
 70
0
  0
VERTEX
  5
DA4
  8
CUT
 10
106.72828538623749
 20
-1316.6918467667529
 30
0.0
 70
0
  0
VERTEX
  5
DA5
  8
CUT
 10
107.40154418189252
 20
-1316.5703775155664
 30
0.0
 70
0
  0
VERTEX
  5
DA6
  8
CUT
 10
108.03359675750414
 20
-1316.3085727666153
 30
0.0
 70
0
  0
VERTEX
  5
DA7
  8
CUT
 10
108.59555434862487
 20
-1315.9183986379337
 30
0.0
 70
0
  0
VERTEX
  5
DA8
  8
CUT
 10
109.06173197095792
 20
-1315.4176885328363
 30
0.0
 70
0
  0
VERTEX
  5
DA9
  8
CUT
 10
109.41082238513444
 20
-1314.829328041606
 30
0.0
 70
0
  0
VERTEX
  5
DAA
  8
CUT
 10
109.6268699711077
 20
-1314.1802089265695
 30
0.0
 70
0
  0
VERTEX
  5
DAB
  8
CUT
 10
109.7
 20
-1313.5
 30
0.0
 70
0
  0
VERTEX
  5
DAC
  8
CUT
 10
122.3
 20
-1313.5
 30
0.0
 70
0
  0
VERTEX
  5
DAD
  8
CUT
 10
122.37313002889229
 20
-1314.1802089265695
 30
0.0
 70
0
  0
VERTEX
  5
DAE
  8
CUT
 10
122.58917761486555
 20
-1314.829328041606
 30
0.0
 70
0
  0
VERTEX
  5
DAF
  8
CUT
 10
122.93826802904205
 20
-1315.4176885328363
 30
0.0
 70
0
  0
VERTEX
  5
DB0
  8
CUT
 10
123.4044456513751
 20
-1315.9183986379337
 30
0.0
 70
0
  0
VERTEX
  5
DB1
  8
CUT
 10
123.96640324249583
 20
-1316.3085727666153
 30
0.0
 70
0
  0
VERTEX
  5
DB2
  8
CUT
 10
124.59845581810745
 20
-1316.5703775155664
 30
0.0
 70
0
  0
VERTEX
  5
DB3
  8
CUT
 10
125.27171461376248
 20
-1316.6918467667529
 30
0.0
 70
0
  0
VERTEX
  5
DB4
  8
CUT
 10
125.95540748247454
 20
-1316.667428614019
 30
0.0
 70
0
  0
VERTEX
  5
DB5
  8
CUT
 10
126.61828537471715
 20
-1316.4982391199992
 30
0.0
 70
0
  0
VERTEX
  5
DB6
  8
CUT
 10
127.23005061585795
 20
-1316.1920113050599
 30
0.0
 70
0
  0
VERTEX
  5
DB7
  8
CUT
 10
127.76274169979699
 20
-1315.762741699797
 30
0.0
 70
0
  0
VERTEX
  5
DB8
  8
CUT
 10
128.19201130505982
 20
-1315.2300506158579
 30
0.0
 70
0
  0
VERTEX
  5
DB9
  8
CUT
 10
128.49823911999928
 20
-1314.618285374717
 30
0.0
 70
0
  0
VERTEX
  5
DBA
  8
CUT
 10
128.66742861401903
 20
-1313.9554074824746
 30
0.0
 70
0
  0
VERTEX
  5
DBB
  8
CUT
 10
128.69184676675286
 20
-1313.2717146137625
 30
0.0
 70
0
  0
VERTEX
  5
DBC
  8
CUT
 10
128.57037751556643
 20
-1312.5984558181074
 30
0.0
 70
0
  0
VERTEX
  5
DBD
  8
CUT
 10
128.30857276661527
 20
-1311.9664032424957
 30
0.0
 70
0
  0
VERTEX
  5
DBE
  8
CUT
 10
127.91839863793368
 20
-1311.404445651375
 30
0.0
 70
0
  0
VERTEX
  5
DBF
  8
CUT
 10
127.41768853283635
 20
-1310.938268029042
 30
0.0
 70
0
  0
VERTEX
  5
DC0
  8
CUT
 10
126.82932804160608
 20
-1310.5891776148655
 30
0.0
 70
0
  0
VERTEX
  5
DC1
  8
CUT
 10
126.18020892656956
 20
-1310.3731300288923
 30
0.0
 70
0
  0
VERTEX
  5
DC2
  8
CUT
 10
125.5
 20
-1310.3
 30
0.0
 70
0
  0
VERTEX
  5
DC3
  8
CUT
 10
125.5
 20
-1275.7
 30
0.0
 70
0
  0
VERTEX
  5
DC4
  8
CUT
 10
126.18020892656953
 20
-1275.6268699711077
 30
0.0
 70
0
  0
VERTEX
  5
DC5
  8
CUT
 10
126.82932804160605
 20
-1275.4108223851345
 30
0.0
 70
0
  0
VERTEX
  5
DC6
  8
CUT
 10
127.41768853283634
 20
-1275.061731970958
 30
0.0
 70
0
  0
VERTEX
  5
DC7
  8
CUT
 10
127.91839863793365
 20
-1274.595554348625
 30
0.0
 70
0
  0
VERTEX
  5
DC8
  8
CUT
 10
128.30857276661524
 20
-1274.0335967575043
 30
0.0
 70
0
  0
VERTEX
  5
DC9
  8
CUT
 10
128.57037751556643
 20
-1273.4015441818926
 30
0.0
 70
0
  0
VERTEX
  5
DCA
  8
CUT
 10
128.69184676675286
 20
-1272.7282853862375
 30
0.0
 70
0
  0
VERTEX
  5
DCB
  8
CUT
 10
128.66742861401903
 20
-1272.0445925175254
 30
0.0
 70
0
  0
VERTEX
  5
DCC
  8
CUT
 10
128.4982391199993
 20
-1271.381714625283
 30
0.0
 70
0
  0
VERTEX
  5
DCD
  8
CUT
 10
128.19201130505985
 20
-1270.7699493841421
 30
0.0
 70
0
  0
VERTEX
  5
DCE
  8
CUT
 10
127.76274169979702
 20
-1270.237258300203
 30
0.0
 70
0
  0
VERTEX
  5
DCF
  8
CUT
 10
127.23005061585798
 20
-1269.8079886949401
 30
0.0
 70
0
  0
VERTEX
  5
DD0
  8
CUT
 10
126.61828537471717
 20
-1269.5017608800008
 30
0.0
 70
0
  0
VERTEX
  5
DD1
  8
CUT
 10
125.95540748247457
 20
-1269.332571385981
 30
0.0
 70
0
  0
VERTEX
  5
DD2
  8
CUT
 10
125.27171461376251
 20
-1269.3081532332471
 30
0.0
 70
0
  0
VERTEX
  5
DD3
  8
CUT
 10
124.59845581810747
 20
-1269.4296224844336
 30
0.0
 70
0
  0
VERTEX
  5
DD4
  8
CUT
 10
123.96640324249586
 20
-1269.6914272333847
 30
0.0
 70
0
  0
VERTEX
  5
DD5
  8
CUT
 10
123.40444565137513
 20
-1270.0816013620663
 30
0.0
 70
0
  0
VERTEX
  5
DD6
  8
CUT
 10
122.93826802904208
 20
-1270.5823114671637
 30
0.0
 70
0
  0
VERTEX
  5
DD7
  8
CUT
 10
122.58917761486556
 20
-1271.170671958394
 30
0.0
 70
0
  0
VERTEX
  5
DD8
  8
CUT
 10
122.3731300288923
 20
-1271.8197910734305
 30
0.0
 70
0
  0
VERTEX
  5
DD9
  8
CUT
 10
122.3
 20
-1272.5
 30
0.0
 70
0
  0
VERTEX
  5
DDA
  8
CUT
 10
109.7
 20
-1272.5
 30
0.0
 70
0
  0
VERTEX
  5
DDB
  8
CUT
 10
109.62686997110771
 20
-1271.8197910734305
 30
0.0
 70
0
  0
VERTEX
  5
DDC
  8
CUT
 10
109.41082238513445
 20
-1271.170671958394
 30
0.0
 70
0
  0
VERTEX
  5
DDD
  8
CUT
 10
109.06173197095795
 20
-1270.5823114671637
 30
0.0
 70
0
  0
VERTEX
  5
DDE
  8
CUT
 10
108.5955543486249
 20
-1270.0816013620663
 30
0.0
 70
0
  0
VERTEX
  5
DDF
  8
CUT
 10
108.03359675750417
 20
-1269.6914272333847
 30
0.0
 70
0
  0
VERTEX
  5
DE0
  8
CUT
 10
107.40154418189255
 20
-1269.4296224844336
 30
0.0
 70
0
  0
VERTEX
  5
DE1
  8
CUT
 10
106.72828538623752
 20
-1269.3081532332471
 30
0.0
 70
0
  0
VERTEX
  5
DE2
  8
CUT
 10
106.04459251752546
 20
-1269.332571385981
 30
0.0
 70
0
  0
VERTEX
  5
DE3
  8
CUT
 10
105.38171462528285
 20
-1269.5017608800008
 30
0.0
 70
0
  0
VERTEX
  5
DE4
  8
CUT
 10
104.76994938414205
 20
-1269.8079886949401
 30
0.0
 70
0
  0
VERTEX
  5
DE5
  8
CUT
 10
104.237258300203
 20
-1270.237258300203
 30
0.0
 70
0
  0
VERTEX
  5
DE6
  8
CUT
 10
103.80798869494018
 20
-1270.7699493841421
 30
0.0
 70
0
  0
VERTEX
  5
DE7
  8
CUT
 10
103.50176088000072
 20
-1271.381714625283
 30
0.0
 70
0
  0
VERTEX
  5
DE8
  8
CUT
 10
103.33257138598097
 20
-1272.0445925175254
 30
0.0
 70
0
  0
VERTEX
  5
DE9
  8
CUT
 10
103.30815323324714
 20
-1272.7282853862375
 30
0.0
 70
0
  0
VERTEX
  5
DEA
  8
CUT
 10
103.42962248443355
 20
-1273.4015441818926
 30
0.0
 70
0
  0
VERTEX
  5
DEB
  8
CUT
 10
103.69142723338473
 20
-1274.0335967575043
 30
0.0
 70
0
  0
VERTEX
  5
DEC
  8
CUT
 10
104.08160136206632
 20
-1274.595554348625
 30
0.0
 70
0
  0
VERTEX
  5
DED
  8
CUT
 10
104.58231146716365
 20
-1275.061731970958
 30
0.0
 70
0
  0
VERTEX
  5
DEE
  8
CUT
 10
105.17067195839392
 20
-1275.4108223851345
 30
0.0
 70
0
  0
VERTEX
  5
DEF
  8
CUT
 10
105.81979107343044
 20
-1275.6268699711077
 30
0.0
 70
0
  0
VERTEX
  5
DF0
  8
CUT
 10
106.5
 20
-1275.7
 30
0.0
 70
0
  0
SEQEND
  5
D94
  8
CUT
  0
POLYLINE
  5
DF1
  8
CUT
 66
1
 10
0.0
 20
0.0
 30
0.0
 70
1
  0
VERTEX
  5
DF3
  8
CUT
 10
106.5
 20
-1110.3
 30
0.0
 70
0
  0
VERTEX
  5
DF4
  8
CUT
 10
105.81979107343047
 20
-1110.3731300288923
 30
0.0
 70
0
  0
VERTEX
  5
DF5
  8
CUT
 10
105.17067195839395
 20
-1110.5891776148655
 30
0.0
 70
0
  0
VERTEX
  5
DF6
  8
CUT
 10
104.58231146716366
 20
-1110.938268029042
 30
0.0
 70
0
  0
VERTEX
  5
DF7
  8
CUT
 10
104.08160136206635
 20
-1111.404445651375
 30
0.0
 70
0
  0
VERTEX
  5
DF8
  8
CUT
 10
103.69142723338474
 20
-1111.9664032424957
 30
0.0
 70
0
  0
VERTEX
  5
DF9
  8
CUT
 10
103.42962248443357
 20
-1112.5984558181074
 30
0.0
 70
0
  0
VERTEX
  5
DFA
  8
CUT
 10
103.30815323324714
 20
-1113.2717146137625
 30
0.0
 70
0
  0
VERTEX
  5
DFB
  8
CUT
 10
103.33257138598096
 20
-1113.9554074824746
 30
0.0
 70
0
  0
VERTEX
  5
DFC
  8
CUT
 10
103.5017608800007
 20
-1114.618285374717
 30
0.0
 70
0
  0
VERTEX
  5
DFD
  8
CUT
 10
103.80798869494015
 20
-1115.2300506158579
 30
0.0
 70
0
  0
VERTEX
  5
DFE
  8
CUT
 10
104.23725830020298
 20
-1115.762741699797
 30
0.0
 70
0
  0
VERTEX
  5
DFF
  8
CUT
 10
104.76994938414202
 20
-1116.1920113050599
 30
0.0
 70
0
  0
VERTEX
  5
E00
  8
CUT
 10
105.38171462528283
 20
-1116.4982391199992
 30
0.0
 70
0
  0
VERTEX
  5
E01
  8
CUT
 10
106.04459251752543
 20
-1116.667428614019
 30
0.0
 70
0
  0
VERTEX
  5
E02
  8
CUT
 10
106.72828538623749
 20
-1116.6918467667529
 30
0.0
 70
0
  0
VERTEX
  5
E03
  8
CUT
 10
107.40154418189252
 20
-1116.5703775155664
 30
0.0
 70
0
  0
VERTEX
  5
E04
  8
CUT
 10
108.03359675750414
 20
-1116.3085727666153
 30
0.0
 70
0
  0
VERTEX
  5
E05
  8
CUT
 10
108.59555434862487
 20
-1115.9183986379337
 30
0.0
 70
0
  0
VERTEX
  5
E06
  8
CUT
 10
109.06173197095792
 20
-1115.4176885328363
 30
0.0
 70
0
  0
VERTEX
  5
E07
  8
CUT
 10
109.41082238513444
 20
-1114.829328041606
 30
0.0
 70
0
  0
VERTEX
  5
E08
  8
CUT
 10
109.6268699711077
 20
-1114.1802089265695
 30
0.0
 70
0
  0
VERTEX
  5
E09
  8
CUT
 10
109.7
 20
-1113.5
 30
0.0
 70
0
  0
VERTEX
  5
E0A
  8
CUT
 10
122.3
 20
-1113.5
 30
0.0
 70
0
  0
VERTEX
  5
E0B
  8
CUT
 10
122.37313002889229
 20
-1114.1802089265695
 30
0.0
 70
0
  0
VERTEX
  5
E0C
  8
CUT
 10
122.58917761486555
 20
-1114.829328041606
 30
0.0
 70
0
  0
VERTEX
  5
E0D
  8
CUT
 10
122.93826802904205
 20
-1115.4176885328363
 30
0.0
 70
0
  0
VERTEX
  5
E0E
  8
CUT
 10
123.4044456513751
 20
-1115.9183986379337
 30
0.0
 70
0
  0
VERTEX
  5
E0F
  8
CUT
 10
123.96640324249583
 20
-1116.3085727666153
 30
0.0
 70
0
  0
VERTEX
  5
E10
  8
CUT
 10
124.59845581810745
 20
-1116.5703775155664
 30
0.0
 70
0
  0
VERTEX
  5
E11
  8
CUT
 10
125.27171461376248
 20
-1116.6918467667529
 30
0.0
 70
0
  0
VERTEX
  5
E12
  8
CUT
 10
125.95540748247454
 20
-1116.667428614019
 30
0.0
 70
0
  0
VERTEX
  5
E13
  8
CUT
 10
126.61828537471715
 20
-1116.4982391199992
 30
0.0
 70
0
  0
VERTEX
  5
E14
  8
CUT
 10
127.23005061585795
 20
-1116.1920113050599
 30
0.0
 70
0
  0
VERTEX
  5
E15
  8
CUT
 10
127.76274169979699
 20
-1115.762741699797
 30
0.0
 70
0
  0
VERTEX
  5
E16
  8
CUT
 10
128.19201130505982
 20
-1115.2300506158579
 30
0.0
 70
0
  0
VERTEX
  5
E17
  8
CUT
 10
128.49823911999928
 20
-1114.618285374717
 30
0.0
 70
0
  0
VERTEX
  5
E18
  8
CUT
 10
128.66742861401903
 20
-1113.9554074824746
 30
0.0
 70
0
  0
VERTEX
  5
E19
  8
CUT
 10
128.69184676675286
 20
-1113.2717146137625
 30
0.0
 70
0
  0
VERTEX
  5
E1A
  8
CUT
 10
128.57037751556643
 20
-1112.5984558181074
 30
0.0
 70
0
  0
VERTEX
  5
E1B
  8
CUT
 10
128.30857276661527
 20
-1111.9664032424957
 30
0.0
 70
0
  0
VERTEX
  5
E1C
  8
CUT
 10
127.91839863793368
 20
-1111.404445651375
 30
0.0
 70
0
  0
VERTEX
  5
E1D
  8
CUT
 10
127.41768853283635
 20
-1110.938268029042
 30
0.0
 70
0
  0
VERTEX
  5
E1E
  8
CUT
 10
126.82932804160608
 20
-1110.5891776148655
 30
0.0
 70
0
  0
VERTEX
  5
E1F
  8
CUT
 10
126.18020892656956
 20
-1110.3731300288923
 30
0.0
 70
0
  0
VERTEX
  5
E20
  8
CUT
 10
125.5
 20
-1110.3
 30
0.0
 70
0
  0
VERTEX
  5
E21
  8
CUT
 10
125.5
 20
-1075.7
 30
0.0
 70
0
  0
VERTEX
  5
E22
  8
CUT
 10
126.18020892656953
 20
-1075.6268699711077
 30
0.0
 70
0
  0
VERTEX
  5
E23
  8
CUT
 10
126.82932804160605
 20
-1075.4108223851345
 30
0.0
 70
0
  0
VERTEX
  5
E24
  8
CUT
 10
127.41768853283634
 20
-1075.061731970958
 30
0.0
 70
0
  0
VERTEX
  5
E25
  8
CUT
 10
127.91839863793365
 20
-1074.595554348625
 30
0.0
 70
0
  0
VERTEX
  5
E26
  8
CUT
 10
128.30857276661524
 20
-1074.0335967575043
 30
0.0
 70
0
  0
VERTEX
  5
E27
  8
CUT
 10
128.57037751556643
 20
-1073.4015441818926
 30
0.0
 70
0
  0
VERTEX
  5
E28
  8
CUT
 10
128.69184676675286
 20
-1072.7282853862375
 30
0.0
 70
0
  0
VERTEX
  5
E29
  8
CUT
 10
128.66742861401903
 20
-1072.0445925175254
 30
0.0
 70
0
  0
VERTEX
  5
E2A
  8
CUT
 10
128.4982391199993
 20
-1071.381714625283
 30
0.0
 70
0
  0
VERTEX
  5
E2B
  8
CUT
 10
128.19201130505985
 20
-1070.7699493841421
 30
0.0
 70
0
  0
VERTEX
  5
E2C
  8
CUT
 10
127.76274169979702
 20
-1070.237258300203
 30
0.0
 70
0
  0
VERTEX
  5
E2D
  8
CUT
 10
127.23005061585798
 20
-1069.8079886949401
 30
0.0
 70
0
  0
VERTEX
  5
E2E
  8
CUT
 10
126.61828537471717
 20
-1069.5017608800008
 30
0.0
 70
0
  0
VERTEX
  5
E2F
  8
CUT
 10
125.95540748247457
 20
-1069.332571385981
 30
0.0
 70
0
  0
VERTEX
  5
E30
  8
CUT
 10
125.27171461376251
 20
-1069.3081532332471
 30
0.0
 70
0
  0
VERTEX
  5
E31
  8
CUT
 10
124.59845581810747
 20
-1069.4296224844336
 30
0.0
 70
0
  0
VERTEX
  5
E32
  8
CUT
 10
123.96640324249586
 20
-1069.6914272333847
 30
0.0
 70
0
  0
VERTEX
  5
E33
  8
CUT
 10
123.40444565137513
 20
-1070.0816013620663
 30
0.0
 70
0
  0
VERTEX
  5
E34
  8
CUT
 10
122.93826802904208
 20
-1070.5823114671637
 30
0.0
 70
0
  0
VERTEX
  5
E35
  8
CUT
 10
122.58917761486556
 20
-1071.170671958394
 30
0.0
 70
0
  0
VERTEX
  5
E36
  8
CUT
 10
122.3731300288923
 20
-1071.8197910734305
 30
0.0
 70
0
  0
VERTEX
  5
E37
  8
CUT
 10
122.3
 20
-1072.5
 30
0.0
 70
0
  0
VERTEX
  5
E38
  8
CUT
 10
109.7
 20
-1072.5
 30
0.0
 70
0
  0
VERTEX
  5
E39
  8
CUT
 10
109.62686997110771
 20
-1071.8197910734305
 30
0.0
 70
0
  0
VERTEX
  5
E3A
  8
CUT
 10
109.41082238513445
 20
-1071.170671958394
 30
0.0
 70
0
  0
VERTEX
  5
E3B
  8
CUT
 10
109.06173197095795
 20
-1070.5823114671637
 30
0.0
 70
0
  0
VERTEX
  5
E3C
  8
CUT
 10
108.5955543486249
 20
-1070.0816013620663
 30
0.0
 70
0
  0
VERTEX
  5
E3D
  8
CUT
 10
108.03359675750417
 20
-1069.6914272333847
 30
0.0
 70
0
  0
VERTEX
  5
E3E
  8
CUT
 10
107.40154418189255
 20
-1069.4296224844336
 30
0.0
 70
0
  0
VERTEX
  5
E3F
  8
CUT
 10
106.72828538623752
 20
-1069.3081532332471
 30
0.0
 70
0
  0
VERTEX
  5
E40
  8
CUT
 10
106.04459251752546
 20
-1069.332571385981
 30
0.0
 70
0
  0
VERTEX
  5
E41
  8
CUT
 10
105.38171462528285
 20
-1069.5017608800008
 30
0.0
 70
0
  0
VERTEX
  5
E42
  8
CUT
 10
104.76994938414205
 20
-1069.8079886949401
 30
0.0
 70
0
  0
VERTEX
  5
E43
  8
CUT
 10
104.237258300203
 20
-1070.237258300203
 30
0.0
 70
0
  0
VERTEX
  5
E44
  8
CUT
 10
103.80798869494018
 20
-1070.7699493841421
 30
0.0
 70
0
  0
VERTEX
  5
E45
  8
CUT
 10
103.50176088000072
 20
-1071.381714625283
 30
0.0
 70
0
  0
VERTEX
  5
E46
  8
CUT
 10
103.33257138598097
 20
-1072.0445925175254
 30
0.0
 70
0
  0
VERTEX
  5
E47
  8
CUT
 10
103.30815323324714
 20
-1072.7282853862375
 30
0.0
 70
0
  0
VERTEX
  5
E48
  8
CUT
 10
103.42962248443355
 20
-1073.4015441818926
 30
0.0
 70
0
  0
VERTEX
  5
E49
  8
CUT
 10
103.69142723338473
 20
-1074.0335967575043
 30
0.0
 70
0
  0
VERTEX
  5
E4A
  8
CUT
 10
104.08160136206632
 20
-1074.595554348625
 30
0.0
 70
0
  0
VERTEX
  5
E4B
  8
CUT
 10
104.58231146716365
 20
-1075.061731970958
 30
0.0
 70
0
  0
VERTEX
  5
E4C
  8
CUT
 10
105.17067195839392
 20
-1075.4108223851345
 30
0.0
 70
0
  0
VERTEX
  5
E4D
  8
CUT
 10
105.81979107343044
 20
-1075.6268699711077
 30
0.0
 70
0
  0
VERTEX
  5
E4E
  8
CUT
 10
106.5
 20
-1075.7
 30
0.0
 70
0
  0
SEQEND
  5
DF2
  8
CUT
  0
POLYLINE
  5
E4F
  8
CUT
 66
1
 10
0.0
 20
0.0
 30
0.0
 70
1
  0
VERTEX
  5
E51
  8
CUT
 10
316.5
 20
-1310.3
 30
0.0
 70
0
  0
VERTEX
  5
E52
  8
CUT
 10
315.81979107343045
 20
-1310.3731300288923
 30
0.0
 70
0
  0
VERTEX
  5
E53
  8
CUT
 10
315.17067195839394
 20
-1310.5891776148655
 30
0.0
 70
0
  0
VERTEX
  5
E54
  8
CUT
 10
314.58231146716366
 20
-1310.938268029042
 30
0.0
 70
0
  0
VERTEX
  5
E55
  8
CUT
 10
314.08160136206635
 20
-1311.404445651375
 30
0.0
 70
0
  0
VERTEX
  5
E56
  8
CUT
 10
313.6914272333848
 20
-1311.9664032424957
 30
0.0
 70
0
  0
VERTEX
  5
E57
  8
CUT
 10
313.4296224844336
 20
-1312.5984558181074
 30
0.0
 70
0
  0
VERTEX
  5
E58
  8
CUT
 10
313.3081532332472
 20
-1313.2717146137625
 30
0.0
 70
0
  0
VERTEX
  5
E59
  8
CUT
 10
313.332571385981
 20
-1313.9554074824746
 30
0.0
 70
0
  0
VERTEX
  5
E5A
  8
CUT
 10
313.50176088000075
 20
-1314.618285374717
 30
0.0
 70
0
  0
VERTEX
  5
E5B
  8
CUT
 10
313.8079886949402
 20
-1315.2300506158579
 30
0.0
 70
0
  0
VERTEX
  5
E5C
  8
CUT
 10
314.23725830020305
 20
-1315.762741699797
 30
0.0
 70
0
  0
VERTEX
  5
E5D
  8
CUT
 10
314.7699493841421
 20
-1316.1920113050599
 30
0.0
 70
0
  0
VERTEX
  5
E5E
  8
CUT
 10
315.3817146252829
 20
-1316.4982391199992
 30
0.0
 70
0
  0
VERTEX
  5
E5F
  8
CUT
 10
316.0445925175255
 20
-1316.667428614019
 30
0.0
 70
0
  0
VERTEX
  5
E60
  8
CUT
 10
316.72828538623753
 20
-1316.6918467667529
 30
0.0
 70
0
  0
VERTEX
  5
E61
  8
CUT
 10
317.4015441818926
 20
-1316.5703775155664
 30
0.0
 70
0
  0
VERTEX
  5
E62
  8
CUT
 10
318.0335967575042
 20
-1316.3085727666153
 30
0.0
 70
0
  0
VERTEX
  5
E63
  8
CUT
 10
318.59555434862494
 20
-1315.9183986379337
 30
0.0
 70
0
  0
VERTEX
  5
E64
  8
CUT
 10
319.06173197095796
 20
-1315.4176885328363
 30
0.0
 70
0
  0
VERTEX
  5
E65
  8
CUT
 10
319.41082238513445
 20
-1314.829328041606
 30
0.0
 70
0
  0
VERTEX
  5
E66
  8
CUT
 10
319.62686997110774
 20
-1314.1802089265695
 30
0.0
 70
0
  0
VERTEX
  5
E67
  8
CUT
 10
319.7
 20
-1313.5
 30
0.0
 70
0
  0
VERTEX
  5
E68
  8
CUT
 10
332.3
 20
-1313.5
 30
0.0
 70
0
  0
VERTEX
  5
E69
  8
CUT
 10
332.37313002889226
 20
-1314.1802089265695
 30
0.0
 70
0
  0
VERTEX
  5
E6A
  8
CUT
 10
332.58917761486555
 20
-1314.829328041606
 30
0.0
 70
0
  0
VERTEX
  5
E6B
  8
CUT
 10
332.93826802904204
 20
-1315.4176885328363
 30
0.0
 70
0
  0
VERTEX
  5
E6C
  8
CUT
 10
333.40444565137506
 20
-1315.9183986379337
 30
0.0
 70
0
  0
VERTEX
  5
E6D
  8
CUT
 10
333.9664032424958
 20
-1316.3085727666153
 30
0.0
 70
0
  0
VERTEX
  5
E6E
  8
CUT
 10
334.5984558181074
 20
-1316.5703775155664
 30
0.0
 70
0
  0
VERTEX
  5
E6F
  8
CUT
 10
335.27171461376247
 20
-1316.6918467667529
 30
0.0
 70
0
  0
VERTEX
  5
E70
  8
CUT
 10
335.9554074824745
 20
-1316.667428614019
 30
0.0
 70
0
  0
VERTEX
  5
E71
  8
CUT
 10
336.6182853747171
 20
-1316.4982391199992
 30
0.0
 70
0
  0
VERTEX
  5
E72
  8
CUT
 10
337.2300506158579
 20
-1316.1920113050599
 30
0.0
 70
0
  0
VERTEX
  5
E73
  8
CUT
 10
337.76274169979695
 20
-1315.762741699797
 30
0.0
 70
0
  0
VERTEX
  5
E74
  8
CUT
 10
338.1920113050598
 20
-1315.2300506158579
 30
0.0
 70
0
  0
VERTEX
  5
E75
  8
CUT
 10
338.49823911999925
 20
-1314.618285374717
 30
0.0
 70
0
  0
VERTEX
  5
E76
  8
CUT
 10
338.667428614019
 20
-1313.9554074824746
 30
0.0
 70
0
  0
VERTEX
  5
E77
  8
CUT
 10
338.6918467667528
 20
-1313.2717146137625
 30
0.0
 70
0
  0
VERTEX
  5
E78
  8
CUT
 10
338.5703775155664
 20
-1312.5984558181074
 30
0.0
 70
0
  0
VERTEX
  5
E79
  8
CUT
 10
338.3085727666152
 20
-1311.9664032424957
 30
0.0
 70
0
  0
VERTEX
  5
E7A
  8
CUT
 10
337.91839863793365
 20
-1311.404445651375
 30
0.0
 70
0
  0
VERTEX
  5
E7B
  8
CUT
 10
337.41768853283634
 20
-1310.938268029042
 30
0.0
 70
0
  0
VERTEX
  5
E7C
  8
CUT
 10
336.82932804160606
 20
-1310.5891776148655
 30
0.0
 70
0
  0
VERTEX
  5
E7D
  8
CUT
 10
336.18020892656955
 20
-1310.3731300288923
 30
0.0
 70
0
  0
VERTEX
  5
E7E
  8
CUT
 10
335.5
 20
-1310.3
 30
0.0
 70
0
  0
VERTEX
  5
E7F
  8
CUT
 10
335.5
 20
-1275.7
 30
0.0
 70
0
  0
VERTEX
  5
E80
  8
CUT
 10
336.18020892656955
 20
-1275.6268699711077
 30
0.0
 70
0
  0
VERTEX
  5
E81
  8
CUT
 10
336.82932804160606
 20
-1275.4108223851345
 30
0.0
 70
0
  0
VERTEX
  5
E82
  8
CUT
 10
337.41768853283634
 20
-1275.061731970958
 30
0.0
 70
0
  0
VERTEX
  5
E83
  8
CUT
 10
337.91839863793365
 20
-1274.595554348625
 30
0.0
 70
0
  0
VERTEX
  5
E84
  8
CUT
 10
338.3085727666152
 20
-1274.0335967575043
 30
0.0
 70
0
  0
VERTEX
  5
E85
  8
CUT
 10
338.5703775155664
 20
-1273.4015441818926
 30
0.0
 70
0
  0
VERTEX
  5
E86
  8
CUT
 10
338.6918467667528
 20
-1272.7282853862375
 30
0.0
 70
0
  0
VERTEX
  5
E87
  8
CUT
 10
338.667428614019
 20
-1272.0445925175254
 30
0.0
 70
0
  0
VERTEX
  5
E88
  8
CUT
 10
338.49823911999925
 20
-1271.381714625283
 30
0.0
 70
0
  0
VERTEX
  5
E89
  8
CUT
 10
338.1920113050598
 20
-1270.7699493841421
 30
0.0
 70
0
  0
VERTEX
  5
E8A
  8
CUT
 10
337.76274169979695
 20
-1270.237258300203
 30
0.0
 70
0
  0
VERTEX
  5
E8B
  8
CUT
 10
337.2300506158579
 20
-1269.8079886949401
 30
0.0
 70
0
  0
VERTEX
  5
E8C
  8
CUT
 10
336.6182853747171
 20
-1269.5017608800008
 30
0.0
 70
0
  0
VERTEX
  5
E8D
  8
CUT
 10
335.9554074824745
 20
-1269.332571385981
 30
0.0
 70
0
  0
VERTEX
  5
E8E
  8
CUT
 10
335.27171461376247
 20
-1269.3081532332471
 30
0.0
 70
0
  0
VERTEX
  5
E8F
  8
CUT
 10
334.5984558181074
 20
-1269.4296224844336
 30
0.0
 70
0
  0
VERTEX
  5
E90
  8
CUT
 10
333.9664032424958
 20
-1269.6914272333847
 30
0.0
 70
0
  0
VERTEX
  5
E91
  8
CUT
 10
333.40444565137506
 20
-1270.0816013620663
 30
0.0
 70
0
  0
VERTEX
  5
E92
  8
CUT
 10
332.93826802904204
 20
-1270.5823114671637
 30
0.0
 70
0
  0
VERTEX
  5
E93
  8
CUT
 10
332.58917761486555
 20
-1271.170671958394
 30
0.0
 70
0
  0
VERTEX
  5
E94
  8
CUT
 10
332.37313002889226
 20
-1271.8197910734305
 30
0.0
 70
0
  0
VERTEX
  5
E95
  8
CUT
 10
332.3
 20
-1272.5
 30
0.0
 70
0
  0
VERTEX
  5
E96
  8
CUT
 10
319.7
 20
-1272.5
 30
0.0
 70
0
  0
VERTEX
  5
E97
  8
CUT
 10
319.62686997110774
 20
-1271.8197910734305
 30
0.0
 70
0
  0
VERTEX
  5
E98
  8
CUT
 10
319.41082238513445
 20
-1271.170671958394
 30
0.0
 70
0
  0
VERTEX
  5
E99
  8
CUT
 10
319.06173197095796
 20
-1270.5823114671637
 30
0.0
 70
0
  0
VERTEX
  5
E9A
  8
CUT
 10
318.59555434862494
 20
-1270.0816013620663
 30
0.0
 70
0
  0
VERTEX
  5
E9B
  8
CUT
 10
318.0335967575042
 20
-1269.6914272333847
 30
0.0
 70
0
  0
VERTEX
  5
E9C
  8
CUT
 10
317.4015441818926
 20
-1269.4296224844336
 30
0.0
 70
0
  0
VERTEX
  5
E9D
  8
CUT
 10
316.72828538623753
 20
-1269.3081532332471
 30
0.0
 70
0
  0
VERTEX
  5
E9E
  8
CUT
 10
316.0445925175255
 20
-1269.332571385981
 30
0.0
 70
0
  0
VERTEX
  5
E9F
  8
CUT
 10
315.3817146252829
 20
-1269.5017608800008
 30
0.0
 70
0
  0
VERTEX
  5
EA0
  8
CUT
 10
314.7699493841421
 20
-1269.8079886949401
 30
0.0
 70
0
  0
VERTEX
  5
EA1
  8
CUT
 10
314.23725830020305
 20
-1270.237258300203
 30
0.0
 70
0
  0
VERTEX
  5
EA2
  8
CUT
 10
313.8079886949402
 20
-1270.7699493841421
 30
0.0
 70
0
  0
VERTEX
  5
EA3
  8
CUT
 10
313.50176088000075
 20
-1271.381714625283
 30
0.0
 70
0
  0
VERTEX
  5
EA4
  8
CUT
 10
313.332571385981
 20
-1272.0445925175254
 30
0.0
 70
0
  0
VERTEX
  5
EA5
  8
CUT
 10
313.3081532332472
 20
-1272.7282853862375
 30
0.0
 70
0
  0
VERTEX
  5
EA6
  8
CUT
 10
313.4296224844336
 20
-1273.4015441818926
 30
0.0
 70
0
  0
VERTEX
  5
EA7
  8
CUT
 10
313.6914272333848
 20
-1274.0335967575043
 30
0.0
 70
0
  0
VERTEX
  5
EA8
  8
CUT
 10
314.08160136206635
 20
-1274.595554348625
 30
0.0
 70
0
  0
VERTEX
  5
EA9
  8
CUT
 10
314.58231146716366
 20
-1275.061731970958
 30
0.0
 70
0
  0
VERTEX
  5
EAA
  8
CUT
 10
315.17067195839394
 20
-1275.4108223851345
 30
0.0
 70
0
  0
VERTEX
  5
EAB
  8
CUT
 10
315.81979107343045
 20
-1275.6268699711077
 30
0.0
 70
0
  0
VERTEX
  5
EAC
  8
CUT
 10
316.5
 20
-1275.7
 30
0.0
 70
0
  0
SEQEND
  5
E50
  8
CUT
  0
POLYLINE
  5
EAD
  8
CUT
 66
1
 10
0.0
 20
0.0
 30
0.0
 70
1
  0
VERTEX
  5
EAF
  8
CUT
 10
316.5
 20
-1110.3
 30
0.0
 70
0
  0
VERTEX
  5
EB0
  8
CUT
 10
315.81979107343045
 20
-1110.3731300288923
 30
0.0
 70
0
  0
VERTEX
  5
EB1
  8
CUT
 10
315.17067195839394
 20
-1110.5891776148655
 30
0.0
 70
0
  0
VERTEX
  5
EB2
  8
CUT
 10
314.58231146716366
 20
-1110.938268029042
 30
0.0
 70
0
  0
VERTEX
  5
EB3
  8
CUT
 10
314.08160136206635
 20
-1111.404445651375
 30
0.0
 70
0
  0
VERTEX
  5
EB4
  8
CUT
 10
313.6914272333848
 20
-1111.9664032424957
 30
0.0
 70
0
  0
VERTEX
  5
EB5
  8
CUT
 10
313.4296224844336
 20
-1112.5984558181074
 30
0.0
 70
0
  0
VERTEX
  5
EB6
  8
CUT
 10
313.3081532332472
 20
-1113.2717146137625
 30
0.0
 70
0
  0
VERTEX
  5
EB7
  8
CUT
 10
313.332571385981
 20
-1113.9554074824746
 30
0.0
 70
0
  0
VERTEX
  5
EB8
  8
CUT
 10
313.50176088000075
 20
-1114.618285374717
 30
0.0
 70
0
  0
VERTEX
  5
EB9
  8
CUT
 10
313.8079886949402
 20
-1115.2300506158579
 30
0.0
 70
0
  0
VERTEX
  5
EBA
  8
CUT
 10
314.23725830020305
 20
-1115.762741699797
 30
0.0
 70
0
  0
VERTEX
  5
EBB
  8
CUT
 10
314.7699493841421
 20
-1116.1920113050599
 30
0.0
 70
0
  0
VERTEX
  5
EBC
  8
CUT
 10
315.3817146252829
 20
-1116.4982391199992
 30
0.0
 70
0
  0
VERTEX
  5
EBD
  8
CUT
 10
316.0445925175255
 20
-1116.667428614019
 30
0.0
 70
0
  0
VERTEX
  5
EBE
  8
CUT
 10
316.72828538623753
 20
-1116.6918467667529
 30
0.0
 70
0
  0
VERTEX
  5
EBF
  8
CUT
 10
317.4015441818926
 20
-1116.5703775155664
 30
0.0
 70
0
  0
VERTEX
  5
EC0
  8
CUT
 10
318.0335967575042
 20
-1116.3085727666153
 30
0.0
 70
0
  0
VERTEX
  5
EC1
  8
CUT
 10
318.59555434862494
 20
-1115.9183986379337
 30
0.0
 70
0
  0
VERTEX
  5
EC2
  8
CUT
 10
319.06173197095796
 20
-1115.4176885328363
 30
0.0
 70
0
  0
VERTEX
  5
EC3
  8
CUT
 10
319.41082238513445
 20
-1114.829328041606
 30
0.0
 70
0
  0
VERTEX
  5
EC4
  8
CUT
 10
319.62686997110774
 20
-1114.1802089265695
 30
0.0
 70
0
  0
VERTEX
  5
EC5
  8
CUT
 10
319.7
 20
-1113.5
 30
0.0
 70
0
  0
VERTEX
  5
EC6
  8
CUT
 10
332.3
 20
-1113.5
 30
0.0
 70
0
  0
VERTEX
  5
EC7
  8
CUT
 10
332.37313002889226
 20
-1114.1802089265695
 30
0.0
 70
0
  0
VERTEX
  5
EC8
  8
CUT
 10
332.58917761486555
 20
-1114.829328041606
 30
0.0
 70
0
  0
VERTEX
  5
EC9
  8
CUT
 10
332.93826802904204
 20
-1115.4176885328363
 30
0.0
 70
0
  0
VERTEX
  5
ECA
  8
CUT
 10
333.40444565137506
 20
-1115.9183986379337
 30
0.0
 70
0
  0
VERTEX
  5
ECB
  8
CUT
 10
333.9664032424958
 20
-1116.3085727666153
 30
0.0
 70
0
  0
VERTEX
  5
ECC
  8
CUT
 10
334.5984558181074
 20
-1116.5703775155664
 30
0.0
 70
0
  0
VERTEX
  5
ECD
  8
CUT
 10
335.27171461376247
 20
-1116.6918467667529
 30
0.0
 70
0
  0
VERTEX
  5
ECE
  8
CUT
 10
335.9554074824745
 20
-1116.667428614019
 30
0.0
 70
0
  0
VERTEX
  5
ECF
  8
CUT
 10
336.6182853747171
 20
-1116.4982391199992
 30
0.0
 70
0
  0
VERTEX
  5
ED0
  8
CUT
 10
337.2300506158579
 20
-1116.1920113050599
 30
0.0
 70
0
  0
VERTEX
  5
ED1
  8
CUT
 10
337.76274169979695
 20
-1115.762741699797
 30
0.0
 70
0
  0
VERTEX
  5
ED2
  8
CUT
 10
338.1920113050598
 20
-1115.2300506158579
 30
0.0
 70
0
  0
VERTEX
  5
ED3
  8
CUT
 10
338.49823911999925
 20
-1114.618285374717
 30
0.0
 70
0
  0
VERTEX
  5
ED4
  8
CUT
 10
338.667428614019
 20
-1113.9554074824746
 30
0.0
 70
0
  0
VERTEX
  5
ED5
  8
CUT
 10
338.6918467667528
 20
-1113.2717146137625
 30
0.0
 70
0
  0
VERTEX
  5
ED6
  8
CUT
 10
338.5703775155664
 20
-1112.5984558181074
 30
0.0
 70
0
  0
VERTEX
  5
ED7
  8
CUT
 10
338.3085727666152
 20
-1111.9664032424957
 30
0.0
 70
0
  0
VERTEX
  5
ED8
  8
CUT
 10
337.91839863793365
 20
-1111.404445651375
 30
0.0
 70
0
  0
VERTEX
  5
ED9
  8
CUT
 10
337.41768853283634
 20
-1110.938268029042
 30
0.0
 70
0
  0
VERTEX
  5
EDA
  8
CUT
 10
336.82932804160606
 20
-1110.5891776148655
 30
0.0
 70
0
  0
VERTEX
  5
EDB
  8
CUT
 10
336.18020892656955
 20
-1110.3731300288923
 30
0.0
 70
0
  0
VERTEX
  5
EDC
  8
CUT
 10
335.5
 20
-1110.3
 30
0.0
 70
0
  0
VERTEX
  5
EDD
  8
CUT
 10
335.5
 20
-1075.7
 30
0.0
 70
0
  0
VERTEX
  5
EDE
  8
CUT
 10
336.18020892656955
 20
-1075.6268699711077
 30
0.0
 70
0
  0
VERTEX
  5
EDF
  8
CUT
 10
336.82932804160606
 20
-1075.4108223851345
 30
0.0
 70
0
  0
VERTEX
  5
EE0
  8
CUT
 10
337.41768853283634
 20
-1075.061731970958
 30
0.0
 70
0
  0
VERTEX
  5
EE1
  8
CUT
 10
337.91839863793365
 20
-1074.595554348625
 30
0.0
 70
0
  0
VERTEX
  5
EE2
  8
CUT
 10
338.3085727666152
 20
-1074.0335967575043
 30
0.0
 70
0
  0
VERTEX
  5
EE3
  8
CUT
 10
338.5703775155664
 20
-1073.4015441818926
 30
0.0
 70
0
  0
VERTEX
  5
EE4
  8
CUT
 10
338.6918467667528
 20
-1072.7282853862375
 30
0.0
 70
0
  0
VERTEX
  5
EE5
  8
CUT
 10
338.667428614019
 20
-1072.0445925175254
 30
0.0
 70
0
  0
VERTEX
  5
EE6
  8
CUT
 10
338.49823911999925
 20
-1071.381714625283
 30
0.0
 70
0
  0
VERTEX
  5
EE7
  8
CUT
 10
338.1920113050598
 20
-1070.7699493841421
 30
0.0
 70
0
  0
VERTEX
  5
EE8
  8
CUT
 10
337.76274169979695
 20
-1070.237258300203
 30
0.0
 70
0
  0
VERTEX
  5
EE9
  8
CUT
 10
337.2300506158579
 20
-1069.8079886949401
 30
0.0
 70
0
  0
VERTEX
  5
EEA
  8
CUT
 10
336.6182853747171
 20
-1069.5017608800008
 30
0.0
 70
0
  0
VERTEX
  5
EEB
  8
CUT
 10
335.9554074824745
 20
-1069.332571385981
 30
0.0
 70
0
  0
VERTEX
  5
EEC
  8
CUT
 10
335.27171461376247
 20
-1069.3081532332471
 30
0.0
 70
0
  0
VERTEX
  5
EED
  8
CUT
 10
334.5984558181074
 20
-1069.4296224844336
 30
0.0
 70
0
  0
VERTEX
  5
EEE
  8
CUT
 10
333.9664032424958
 20
-1069.6914272333847
 30
0.0
 70
0
  0
VERTEX
  5
EEF
  8
CUT
 10
333.40444565137506
 20
-1070.0816013620663
 30
0.0
 70
0
  0
VERTEX
  5
EF0
  8
CUT
 10
332.93826802904204
 20
-1070.5823114671637
 30
0.0
 70
0
  0
VERTEX
  5
EF1
  8
CUT
 10
332.58917761486555
 20
-1071.170671958394
 30
0.0
 70
0
  0
VERTEX
  5
EF2
  8
CUT
 10
332.37313002889226
 20
-1071.8197910734305
 30
0.0
 70
0
  0
VERTEX
  5
EF3
  8
CUT
 10
332.3
 20
-1072.5
 30
0.0
 70
0
  0
VERTEX
  5
EF4
  8
CUT
 10
319.7
 20
-1072.5
 30
0.0
 70
0
  0
VERTEX
  5
EF5
  8
CUT
 10
319.62686997110774
 20
-1071.8197910734305
 30
0.0
 70
0
  0
VERTEX
  5
EF6
  8
CUT
 10
319.41082238513445
 20
-1071.170671958394
 30
0.0
 70
0
  0
VERTEX
  5
EF7
  8
CUT
 10
319.06173197095796
 20
-1070.5823114671637
 30
0.0
 70
0
  0
VERTEX
  5
EF8
  8
CUT
 10
318.59555434862494
 20
-1070.0816013620663
 30
0.0
 70
0
  0
VERTEX
  5
EF9
  8
CUT
 10
318.0335967575042
 20
-1069.6914272333847
 30
0.0
 70
0
  0
VERTEX
  5
EFA
  8
CUT
 10
317.4015441818926
 20
-1069.4296224844336
 30
0.0
 70
0
  0
VERTEX
  5
EFB
  8
CUT
 10
316.72828538623753
 20
-1069.3081532332471
 30
0.0
 70
0
  0
VERTEX
  5
EFC
  8
CUT
 10
316.0445925175255
 20
-1069.332571385981
 30
0.0
 70
0
  0
VERTEX
  5
EFD
  8
CUT
 10
315.3817146252829
 20
-1069.5017608800008
 30
0.0
 70
0
  0
VERTEX
  5
EFE
  8
CUT
 10
314.7699493841421
 20
-1069.8079886949401
 30
0.0
 70
0
  0
VERTEX
  5
EFF
  8
CUT
 10
314.23725830020305
 20
-1070.237258300203
 30
0.0
 70
0
  0
VERTEX
  5
F00
  8
CUT
 10
313.8079886949402
 20
-1070.7699493841421
 30
0.0
 70
0
  0
VERTEX
  5
F01
  8
CUT
 10
313.50176088000075
 20
-1071.381714625283
 30
0.0
 70
0
  0
VERTEX
  5
F02
  8
CUT
 10
313.332571385981
 20
-1072.0445925175254
 30
0.0
 70
0
  0
VERTEX
  5
F03
  8
CUT
 10
313.3081532332472
 20
-1072.7282853862375
 30
0.0
 70
0
  0
VERTEX
  5
F04
  8
CUT
 10
313.4296224844336
 20
-1073.4015441818926
 30
0.0
 70
0
  0
VERTEX
  5
F05
  8
CUT
 10
313.6914272333848
 20
-1074.0335967575043
 30
0.0
 70
0
  0
VERTEX
  5
F06
  8
CUT
 10
314.08160136206635
 20
-1074.595554348625
 30
0.0
 70
0
  0
VERTEX
  5
F07
  8
CUT
 10
314.58231146716366
 20
-1075.061731970958
 30
0.0
 70
0
  0
VERTEX
  5
F08
  8
CUT
 10
315.17067195839394
 20
-1075.4108223851345
 30
0.0
 70
0
  0
VERTEX
  5
F09
  8
CUT
 10
315.81979107343045
 20
-1075.6268699711077
 30
0.0
 70
0
  0
VERTEX
  5
F0A
  8
CUT
 10
316.5
 20
-1075.7
 30
0.0
 70
0
  0
SEQEND
  5
EAE
  8
CUT
  0
POLYLINE
  5
F0B
  8
CUT
 66
1
 10
0.0
 20
0.0
 30
0.0
 70
1
  0
VERTEX
  5
F0D
  8
CUT
 10
526.5
 20
-1310.3
 30
0.0
 70
0
  0
VERTEX
  5
F0E
  8
CUT
 10
525.8197910734305
 20
-1310.3731300288923
 30
0.0
 70
0
  0
VERTEX
  5
F0F
  8
CUT
 10
525.170671958394
 20
-1310.5891776148655
 30
0.0
 70
0
  0
VERTEX
  5
F10
  8
CUT
 10
524.5823114671637
 20
-1310.938268029042
 30
0.0
 70
0
  0
VERTEX
  5
F11
  8
CUT
 10
524.0816013620663
 20
-1311.404445651375
 30
0.0
 70
0
  0
VERTEX
  5
F12
  8
CUT
 10
523.6914272333847
 20
-1311.9664032424957
 30
0.0
 70
0
  0
VERTEX
  5
F13
  8
CUT
 10
523.4296224844336
 20
-1312.5984558181074
 30
0.0
 70
0
  0
VERTEX
  5
F14
  8
CUT
 10
523.3081532332471
 20
-1313.2717146137625
 30
0.0
 70
0
  0
VERTEX
  5
F15
  8
CUT
 10
523.3325713859809
 20
-1313.9554074824746
 30
0.0
 70
0
  0
VERTEX
  5
F16
  8
CUT
 10
523.5017608800007
 20
-1314.618285374717
 30
0.0
 70
0
  0
VERTEX
  5
F17
  8
CUT
 10
523.8079886949401
 20
-1315.2300506158579
 30
0.0
 70
0
  0
VERTEX
  5
F18
  8
CUT
 10
524.237258300203
 20
-1315.762741699797
 30
0.0
 70
0
  0
VERTEX
  5
F19
  8
CUT
 10
524.769949384142
 20
-1316.1920113050599
 30
0.0
 70
0
  0
VERTEX
  5
F1A
  8
CUT
 10
525.3817146252828
 20
-1316.4982391199992
 30
0.0
 70
0
  0
VERTEX
  5
F1B
  8
CUT
 10
526.0445925175255
 20
-1316.667428614019
 30
0.0
 70
0
  0
VERTEX
  5
F1C
  8
CUT
 10
526.7282853862375
 20
-1316.6918467667529
 30
0.0
 70
0
  0
VERTEX
  5
F1D
  8
CUT
 10
527.4015441818926
 20
-1316.5703775155664
 30
0.0
 70
0
  0
VERTEX
  5
F1E
  8
CUT
 10
528.0335967575043
 20
-1316.3085727666153
 30
0.0
 70
0
  0
VERTEX
  5
F1F
  8
CUT
 10
528.5955543486249
 20
-1315.9183986379337
 30
0.0
 70
0
  0
VERTEX
  5
F20
  8
CUT
 10
529.061731970958
 20
-1315.4176885328363
 30
0.0
 70
0
  0
VERTEX
  5
F21
  8
CUT
 10
529.4108223851345
 20
-1314.829328041606
 30
0.0
 70
0
  0
VERTEX
  5
F22
  8
CUT
 10
529.6268699711078
 20
-1314.1802089265695
 30
0.0
 70
0
  0
VERTEX
  5
F23
  8
CUT
 10
529.7
 20
-1313.5
 30
0.0
 70
0
  0
VERTEX
  5
F24
  8
CUT
 10
542.3
 20
-1313.5
 30
0.0
 70
0
  0
VERTEX
  5
F25
  8
CUT
 10
542.3731300288922
 20
-1314.1802089265695
 30
0.0
 70
0
  0
VERTEX
  5
F26
  8
CUT
 10
542.5891776148655
 20
-1314.829328041606
 30
0.0
 70
0
  0
VERTEX
  5
F27
  8
CUT
 10
542.938268029042
 20
-1315.4176885328363
 30
0.0
 70
0
  0
VERTEX
  5
F28
  8
CUT
 10
543.4044456513751
 20
-1315.9183986379337
 30
0.0
 70
0
  0
VERTEX
  5
F29
  8
CUT
 10
543.9664032424957
 20
-1316.3085727666153
 30
0.0
 70
0
  0
VERTEX
  5
F2A
  8
CUT
 10
544.5984558181074
 20
-1316.5703775155664
 30
0.0
 70
0
  0
VERTEX
  5
F2B
  8
CUT
 10
545.2717146137625
 20
-1316.6918467667529
 30
0.0
 70
0
  0
VERTEX
  5
F2C
  8
CUT
 10
545.9554074824745
 20
-1316.667428614019
 30
0.0
 70
0
  0
VERTEX
  5
F2D
  8
CUT
 10
546.6182853747172
 20
-1316.4982391199992
 30
0.0
 70
0
  0
VERTEX
  5
F2E
  8
CUT
 10
547.230050615858
 20
-1316.1920113050599
 30
0.0
 70
0
  0
VERTEX
  5
F2F
  8
CUT
 10
547.762741699797
 20
-1315.762741699797
 30
0.0
 70
0
  0
VERTEX
  5
F30
  8
CUT
 10
548.1920113050599
 20
-1315.2300506158579
 30
0.0
 70
0
  0
VERTEX
  5
F31
  8
CUT
 10
548.4982391199993
 20
-1314.618285374717
 30
0.0
 70
0
  0
VERTEX
  5
F32
  8
CUT
 10
548.6674286140191
 20
-1313.9554074824746
 30
0.0
 70
0
  0
VERTEX
  5
F33
  8
CUT
 10
548.6918467667529
 20
-1313.2717146137625
 30
0.0
 70
0
  0
VERTEX
  5
F34
  8
CUT
 10
548.5703775155664
 20
-1312.5984558181074
 30
0.0
 70
0
  0
VERTEX
  5
F35
  8
CUT
 10
548.3085727666153
 20
-1311.9664032424957
 30
0.0
 70
0
  0
VERTEX
  5
F36
  8
CUT
 10
547.9183986379337
 20
-1311.404445651375
 30
0.0
 70
0
  0
VERTEX
  5
F37
  8
CUT
 10
547.4176885328363
 20
-1310.938268029042
 30
0.0
 70
0
  0
VERTEX
  5
F38
  8
CUT
 10
546.829328041606
 20
-1310.5891776148655
 30
0.0
 70
0
  0
VERTEX
  5
F39
  8
CUT
 10
546.1802089265695
 20
-1310.3731300288923
 30
0.0
 70
0
  0
VERTEX
  5
F3A
  8
CUT
 10
545.5
 20
-1310.3
 30
0.0
 70
0
  0
VERTEX
  5
F3B
  8
CUT
 10
545.5
 20
-1275.7
 30
0.0
 70
0
  0
VERTEX
  5
F3C
  8
CUT
 10
546.1802089265695
 20
-1275.6268699711077
 30
0.0
 70
0
  0
VERTEX
  5
F3D
  8
CUT
 10
546.829328041606
 20
-1275.4108223851345
 30
0.0
 70
0
  0
VERTEX
  5
F3E
  8
CUT
 10
547.4176885328363
 20
-1275.061731970958
 30
0.0
 70
0
  0
VERTEX
  5
F3F
  8
CUT
 10
547.9183986379337
 20
-1274.595554348625
 30
0.0
 70
0
  0
VERTEX
  5
F40
  8
CUT
 10
548.3085727666153
 20
-1274.0335967575043
 30
0.0
 70
0
  0
VERTEX
  5
F41
  8
CUT
 10
548.5703775155664
 20
-1273.4015441818926
 30
0.0
 70
0
  0
VERTEX
  5
F42
  8
CUT
 10
548.6918467667529
 20
-1272.7282853862375
 30
0.0
 70
0
  0
VERTEX
  5
F43
  8
CUT
 10
548.6674286140191
 20
-1272.0445925175254
 30
0.0
 70
0
  0
VERTEX
  5
F44
  8
CUT
 10
548.4982391199993
 20
-1271.381714625283
 30
0.0
 70
0
  0
VERTEX
  5
F45
  8
CUT
 10
548.1920113050599
 20
-1270.7699493841421
 30
0.0
 70
0
  0
VERTEX
  5
F46
  8
CUT
 10
547.762741699797
 20
-1270.237258300203
 30
0.0
 70
0
  0
VERTEX
  5
F47
  8
CUT
 10
547.230050615858
 20
-1269.8079886949401
 30
0.0
 70
0
  0
VERTEX
  5
F48
  8
CUT
 10
546.6182853747172
 20
-1269.5017608800008
 30
0.0
 70
0
  0
VERTEX
  5
F49
  8
CUT
 10
545.9554074824745
 20
-1269.332571385981
 30
0.0
 70
0
  0
VERTEX
  5
F4A
  8
CUT
 10
545.2717146137625
 20
-1269.3081532332471
 30
0.0
 70
0
  0
VERTEX
  5
F4B
  8
CUT
 10
544.5984558181074
 20
-1269.4296224844336
 30
0.0
 70
0
  0
VERTEX
  5
F4C
  8
CUT
 10
543.9664032424957
 20
-1269.6914272333847
 30
0.0
 70
0
  0
VERTEX
  5
F4D
  8
CUT
 10
543.4044456513751
 20
-1270.0816013620663
 30
0.0
 70
0
  0
VERTEX
  5
F4E
  8
CUT
 10
542.938268029042
 20
-1270.5823114671637
 30
0.0
 70
0
  0
VERTEX
  5
F4F
  8
CUT
 10
542.5891776148655
 20
-1271.170671958394
 30
0.0
 70
0
  0
VERTEX
  5
F50
  8
CUT
 10
542.3731300288922
 20
-1271.8197910734305
 30
0.0
 70
0
  0
VERTEX
  5
F51
  8
CUT
 10
542.3
 20
-1272.5
 30
0.0
 70
0
  0
VERTEX
  5
F52
  8
CUT
 10
529.7
 20
-1272.5
 30
0.0
 70
0
  0
VERTEX
  5
F53
  8
CUT
 10
529.6268699711078
 20
-1271.8197910734305
 30
0.0
 70
0
  0
VERTEX
  5
F54
  8
CUT
 10
529.4108223851345
 20
-1271.170671958394
 30
0.0
 70
0
  0
VERTEX
  5
F55
  8
CUT
 10
529.061731970958
 20
-1270.5823114671637
 30
0.0
 70
0
  0
VERTEX
  5
F56
  8
CUT
 10
528.5955543486249
 20
-1270.0816013620663
 30
0.0
 70
0
  0
VERTEX
  5
F57
  8
CUT
 10
528.0335967575043
 20
-1269.6914272333847
 30
0.0
 70
0
  0
VERTEX
  5
F58
  8
CUT
 10
527.4015441818926
 20
-1269.4296224844336
 30
0.0
 70
0
  0
VERTEX
  5
F59
  8
CUT
 10
526.7282853862375
 20
-1269.3081532332471
 30
0.0
 70
0
  0
VERTEX
  5
F5A
  8
CUT
 10
526.0445925175255
 20
-1269.332571385981
 30
0.0
 70
0
  0
VERTEX
  5
F5B
  8
CUT
 10
525.3817146252828
 20
-1269.5017608800008
 30
0.0
 70
0
  0
VERTEX
  5
F5C
  8
CUT
 10
524.769949384142
 20
-1269.8079886949401
 30
0.0
 70
0
  0
VERTEX
  5
F5D
  8
CUT
 10
524.237258300203
 20
-1270.237258300203
 30
0.0
 70
0
  0
VERTEX
  5
F5E
  8
CUT
 10
523.8079886949401
 20
-1270.7699493841421
 30
0.0
 70
0
  0
VERTEX
  5
F5F
  8
CUT
 10
523.5017608800007
 20
-1271.381714625283
 30
0.0
 70
0
  0
VERTEX
  5
F60
  8
CUT
 10
523.3325713859809
 20
-1272.0445925175254
 30
0.0
 70
0
  0
VERTEX
  5
F61
  8
CUT
 10
523.3081532332471
 20
-1272.7282853862375
 30
0.0
 70
0
  0
VERTEX
  5
F62
  8
CUT
 10
523.4296224844336
 20
-1273.4015441818926
 30
0.0
 70
0
  0
VERTEX
  5
F63
  8
CUT
 10
523.6914272333847
 20
-1274.0335967575043
 30
0.0
 70
0
  0
VERTEX
  5
F64
  8
CUT
 10
524.0816013620663
 20
-1274.595554348625
 30
0.0
 70
0
  0
VERTEX
  5
F65
  8
CUT
 10
524.5823114671637
 20
-1275.061731970958
 30
0.0
 70
0
  0
VERTEX
  5
F66
  8
CUT
 10
525.170671958394
 20
-1275.4108223851345
 30
0.0
 70
0
  0
VERTEX
  5
F67
  8
CUT
 10
525.8197910734305
 20
-1275.6268699711077
 30
0.0
 70
0
  0
VERTEX
  5
F68
  8
CUT
 10
526.5
 20
-1275.7
 30
0.0
 70
0
  0
SEQEND
  5
F0C
  8
CUT
  0
POLYLINE
  5
F69
  8
CUT
 66
1
 10
0.0
 20
0.0
 30
0.0
 70
1
  0
VERTEX
  5
F6B
  8
CUT
 10
526.5
 20
-1110.3
 30
0.0
 70
0
  0
VERTEX
  5
F6C
  8
CUT
 10
525.8197910734305
 20
-1110.3731300288923
 30
0.0
 70
0
  0
VERTEX
  5
F6D
  8
CUT
 10
525.170671958394
 20
-1110.5891776148655
 30
0.0
 70
0
  0
VERTEX
  5
F6E
  8
CUT
 10
524.5823114671637
 20
-1110.938268029042
 30
0.0
 70
0
  0
VERTEX
  5
F6F
  8
CUT
 10
524.0816013620663
 20
-1111.404445651375
 30
0.0
 70
0
  0
VERTEX
  5
F70
  8
CUT
 10
523.6914272333847
 20
-1111.9664032424957
 30
0.0
 70
0
  0
VERTEX
  5
F71
  8
CUT
 10
523.4296224844336
 20
-1112.5984558181074
 30
0.0
 70
0
  0
VERTEX
  5
F72
  8
CUT
 10
523.3081532332471
 20
-1113.2717146137625
 30
0.0
 70
0
  0
VERTEX
  5
F73
  8
CUT
 10
523.3325713859809
 20
-1113.9554074824746
 30
0.0
 70
0
  0
VERTEX
  5
F74
  8
CUT
 10
523.5017608800007
 20
-1114.618285374717
 30
0.0
 70
0
  0
VERTEX
  5
F75
  8
CUT
 10
523.8079886949401
 20
-1115.2300506158579
 30
0.0
 70
0
  0
VERTEX
  5
F76
  8
CUT
 10
524.237258300203
 20
-1115.762741699797
 30
0.0
 70
0
  0
VERTEX
  5
F77
  8
CUT
 10
524.769949384142
 20
-1116.1920113050599
 30
0.0
 70
0
  0
VERTEX
  5
F78
  8
CUT
 10
525.3817146252828
 20
-1116.4982391199992
 30
0.0
 70
0
  0
VERTEX
  5
F79
  8
CUT
 10
526.0445925175255
 20
-1116.667428614019
 30
0.0
 70
0
  0
VERTEX
  5
F7A
  8
CUT
 10
526.7282853862375
 20
-1116.6918467667529
 30
0.0
 70
0
  0
VERTEX
  5
F7B
  8
CUT
 10
527.4015441818926
 20
-1116.5703775155664
 30
0.0
 70
0
  0
VERTEX
  5
F7C
  8
CUT
 10
528.0335967575043
 20
-1116.3085727666153
 30
0.0
 70
0
  0
VERTEX
  5
F7D
  8
CUT
 10
528.5955543486249
 20
-1115.9183986379337
 30
0.0
 70
0
  0
VERTEX
  5
F7E
  8
CUT
 10
529.061731970958
 20
-1115.4176885328363
 30
0.0
 70
0
  0
VERTEX
  5
F7F
  8
CUT
 10
529.4108223851345
 20
-1114.829328041606
 30
0.0
 70
0
  0
VERTEX
  5
F80
  8
CUT
 10
529.6268699711078
 20
-1114.1802089265695
 30
0.0
 70
0
  0
VERTEX
  5
F81
  8
CUT
 10
529.7
 20
-1113.5
 30
0.0
 70
0
  0
VERTEX
  5
F82
  8
CUT
 10
542.3
 20
-1113.5
 30
0.0
 70
0
  0
VERTEX
  5
F83
  8
CUT
 10
542.3731300288922
 20
-1114.1802089265695
 30
0.0
 70
0
  0
VERTEX
  5
F84
  8
CUT
 10
542.5891776148655
 20
-1114.829328041606
 30
0.0
 70
0
  0
VERTEX
  5
F85
  8
CUT
 10
542.938268029042
 20
-1115.4176885328363
 30
0.0
 70
0
  0
VERTEX
  5
F86
  8
CUT
 10
543.4044456513751
 20
-1115.9183986379337
 30
0.0
 70
0
  0
VERTEX
  5
F87
  8
CUT
 10
543.9664032424957
 20
-1116.3085727666153
 30
0.0
 70
0
  0
VERTEX
  5
F88
  8
CUT
 10
544.5984558181074
 20
-1116.5703775155664
 30
0.0
 70
0
  0
VERTEX
  5
F89
  8
CUT
 10
545.2717146137625
 20
-1116.6918467667529
 30
0.0
 70
0
  0
VERTEX
  5
F8A
  8
CUT
 10
545.9554074824745
 20
-1116.667428614019
 30
0.0
 70
0
  0
VERTEX
  5
F8B
  8
CUT
 10
546.6182853747172
 20
-1116.4982391199992
 30
0.0
 70
0
  0
VERTEX
  5
F8C
  8
CUT
 10
547.230050615858
 20
-1116.1920113050599
 30
0.0
 70
0
  0
VERTEX
  5
F8D
  8
CUT
 10
547.762741699797
 20
-1115.762741699797
 30
0.0
 70
0
  0
VERTEX
  5
F8E
  8
CUT
 10
548.1920113050599
 20
-1115.2300506158579
 30
0.0
 70
0
  0
VERTEX
  5
F8F
  8
CUT
 10
548.4982391199993
 20
-1114.618285374717
 30
0.0
 70
0
  0
VERTEX
  5
F90
  8
CUT
 10
548.6674286140191
 20
-1113.9554074824746
 30
0.0
 70
0
  0
VERTEX
  5
F91
  8
CUT
 10
548.6918467667529
 20
-1113.2717146137625
 30
0.0
 70
0
  0
VERTEX
  5
F92
  8
CUT
 10
548.5703775155664
 20
-1112.5984558181074
 30
0.0
 70
0
  0
VERTEX
  5
F93
  8
CUT
 10
548.3085727666153
 20
-1111.9664032424957
 30
0.0
 70
0
  0
VERTEX
  5
F94
  8
CUT
 10
547.9183986379337
 20
-1111.404445651375
 30
0.0
 70
0
  0
VERTEX
  5
F95
  8
CUT
 10
547.4176885328363
 20
-1110.938268029042
 30
0.0
 70
0
  0
VERTEX
  5
F96
  8
CUT
 10
546.829328041606
 20
-1110.5891776148655
 30
0.0
 70
0
  0
VERTEX
  5
F97
  8
CUT
 10
546.1802089265695
 20
-1110.3731300288923
 30
0.0
 70
0
  0
VERTEX
  5
F98
  8
CUT
 10
545.5
 20
-1110.3
 30
0.0
 70
0
  0
VERTEX
  5
F99
  8
CUT
 10
545.5
 20
-1075.7
 30
0.0
 70
0
  0
VERTEX
  5
F9A
  8
CUT
 10
546.1802089265695
 20
-1075.6268699711077
 30
0.0
 70
0
  0
VERTEX
  5
F9B
  8
CUT
 10
546.829328041606
 20
-1075.4108223851345
 30
0.0
 70
0
  0
VERTEX
  5
F9C
  8
CUT
 10
547.4176885328363
 20
-1075.061731970958
 30
0.0
 70
0
  0
VERTEX
  5
F9D
  8
CUT
 10
547.9183986379337
 20
-1074.595554348625
 30
0.0
 70
0
  0
VERTEX
  5
F9E
  8
CUT
 10
548.3085727666153
 20
-1074.0335967575043
 30
0.0
 70
0
  0
VERTEX
  5
F9F
  8
CUT
 10
548.5703775155664
 20
-1073.4015441818926
 30
0.0
 70
0
  0
VERTEX
  5
FA0
  8
CUT
 10
548.6918467667529
 20
-1072.7282853862375
 30
0.0
 70
0
  0
VERTEX
  5
FA1
  8
CUT
 10
548.6674286140191
 20
-1072.0445925175254
 30
0.0
 70
0
  0
VERTEX
  5
FA2
  8
CUT
 10
548.4982391199993
 20
-1071.381714625283
 30
0.0
 70
0
  0
VERTEX
  5
FA3
  8
CUT
 10
548.1920113050599
 20
-1070.7699493841421
 30
0.0
 70
0
  0
VERTEX
  5
FA4
  8
CUT
 10
547.762741699797
 20
-1070.237258300203
 30
0.0
 70
0
  0
VERTEX
  5
FA5
  8
CUT
 10
547.230050615858
 20
-1069.8079886949401
 30
0.0
 70
0
  0
VERTEX
  5
FA6
  8
CUT
 10
546.6182853747172
 20
-1069.5017608800008
 30
0.0
 70
0
  0
VERTEX
  5
FA7
  8
CUT
 10
545.9554074824745
 20
-1069.332571385981
 30
0.0
 70
0
  0
VERTEX
  5
FA8
  8
CUT
 10
545.2717146137625
 20
-1069.3081532332471
 30
0.0
 70
0
  0
VERTEX
  5
FA9
  8
CUT
 10
544.5984558181074
 20
-1069.4296224844336
 30
0.0
 70
0
  0
VERTEX
  5
FAA
  8
CUT
 10
543.9664032424957
 20
-1069.6914272333847
 30
0.0
 70
0
  0
VERTEX
  5
FAB
  8
CUT
 10
543.4044456513751
 20
-1070.0816013620663
 30
0.0
 70
0
  0
VERTEX
  5
FAC
  8
CUT
 10
542.938268029042
 20
-1070.5823114671637
 30
0.0
 70
0
  0
VERTEX
  5
FAD
  8
CUT
 10
542.5891776148655
 20
-1071.170671958394
 30
0.0
 70
0
  0
VERTEX
  5
FAE
  8
CUT
 10
542.3731300288922
 20
-1071.8197910734305
 30
0.0
 70
0
  0
VERTEX
  5
FAF
  8
CUT
 10
542.3
 20
-1072.5
 30
0.0
 70
0
  0
VERTEX
  5
FB0
  8
CUT
 10
529.7
 20
-1072.5
 30
0.0
 70
0
  0
VERTEX
  5
FB1
  8
CUT
 10
529.6268699711078
 20
-1071.8197910734305
 30
0.0
 70
0
  0
VERTEX
  5
FB2
  8
CUT
 10
529.4108223851345
 20
-1071.170671958394
 30
0.0
 70
0
  0
VERTEX
  5
FB3
  8
CUT
 10
529.061731970958
 20
-1070.5823114671637
 30
0.0
 70
0
  0
VERTEX
  5
FB4
  8
CUT
 10
528.5955543486249
 20
-1070.0816013620663
 30
0.0
 70
0
  0
VERTEX
  5
FB5
  8
CUT
 10
528.0335967575043
 20
-1069.6914272333847
 30
0.0
 70
0
  0
VERTEX
  5
FB6
  8
CUT
 10
527.4015441818926
 20
-1069.4296224844336
 30
0.0
 70
0
  0
VERTEX
  5
FB7
  8
CUT
 10
526.7282853862375
 20
-1069.3081532332471
 30
0.0
 70
0
  0
VERTEX
  5
FB8
  8
CUT
 10
526.0445925175255
 20
-1069.332571385981
 30
0.0
 70
0
  0
VERTEX
  5
FB9
  8
CUT
 10
525.3817146252828
 20
-1069.5017608800008
 30
0.0
 70
0
  0
VERTEX
  5
FBA
  8
CUT
 10
524.769949384142
 20
-1069.8079886949401
 30
0.0
 70
0
  0
VERTEX
  5
FBB
  8
CUT
 10
524.237258300203
 20
-1070.237258300203
 30
0.0
 70
0
  0
VERTEX
  5
FBC
  8
CUT
 10
523.8079886949401
 20
-1070.7699493841421
 30
0.0
 70
0
  0
VERTEX
  5
FBD
  8
CUT
 10
523.5017608800007
 20
-1071.381714625283
 30
0.0
 70
0
  0
VERTEX
  5
FBE
  8
CUT
 10
523.3325713859809
 20
-1072.0445925175254
 30
0.0
 70
0
  0
VERTEX
  5
FBF
  8
CUT
 10
523.3081532332471
 20
-1072.7282853862375
 30
0.0
 70
0
  0
VERTEX
  5
FC0
  8
CUT
 10
523.4296224844336
 20
-1073.4015441818926
 30
0.0
 70
0
  0
VERTEX
  5
FC1
  8
CUT
 10
523.6914272333847
 20
-1074.0335967575043
 30
0.0
 70
0
  0
VERTEX
  5
FC2
  8
CUT
 10
524.0816013620663
 20
-1074.595554348625
 30
0.0
 70
0
  0
VERTEX
  5
FC3
  8
CUT
 10
524.5823114671637
 20
-1075.061731970958
 30
0.0
 70
0
  0
VERTEX
  5
FC4
  8
CUT
 10
525.170671958394
 20
-1075.4108223851345
 30
0.0
 70
0
  0
VERTEX
  5
FC5
  8
CUT
 10
525.8197910734305
 20
-1075.6268699711077
 30
0.0
 70
0
  0
VERTEX
  5
FC6
  8
CUT
 10
526.5
 20
-1075.7
 30
0.0
 70
0
  0
SEQEND
  5
F6A
  8
CUT
  0
POLYLINE
  5
FC7
  8
CUT
 66
1
 10
0.0
 20
0.0
 30
0.0
 70
1
  0
VERTEX
  5
FC9
  8
CUT
 10
267.0
 20
-1378.0
 30
0.0
 70
0
  0
VERTEX
  5
FCA
  8
CUT
 10
272.8527
 20
-1377.4236
 30
0.0
 70
0
  0
VERTEX
  5
FCB
  8
CUT
 10
278.4805
 20
-1375.7164
 30
0.0
 70
0
  0
VERTEX
  5
FCC
  8
CUT
 10
283.6671
 20
-1372.9441
 30
0.0
 70
0
  0
VERTEX
  5
FCD
  8
CUT
 10
288.2132
 20
-1369.2132
 30
0.0
 70
0
  0
VERTEX
  5
FCE
  8
CUT
 10
291.9441
 20
-1364.6671000000001
 30
0.0
 70
0
  0
VERTEX
  5
FCF
  8
CUT
 10
294.7164
 20
-1359.4805000000001
 30
0.0
 70
0
  0
VERTEX
  5
FD0
  8
CUT
 10
296.4236
 20
-1353.8527
 30
0.0
 70
0
  0
VERTEX
  5
FD1
  8
CUT
 10
297.0
 20
-1163.0
 30
0.0
 70
0
  0
VERTEX
  5
FD2
  8
CUT
 10
296.4236
 20
-1157.1473
 30
0.0
 70
0
  0
VERTEX
  5
FD3
  8
CUT
 10
294.7164
 20
-1151.5194999999999
 30
0.0
 70
0
  0
VERTEX
  5
FD4
  8
CUT
 10
291.9441
 20
-1146.3328999999999
 30
0.0
 70
0
  0
VERTEX
  5
FD5
  8
CUT
 10
288.2132
 20
-1141.7868
 30
0.0
 70
0
  0
VERTEX
  5
FD6
  8
CUT
 10
283.6671
 20
-1138.0559
 30
0.0
 70
0
  0
VERTEX
  5
FD7
  8
CUT
 10
278.4805
 20
-1135.2836
 30
0.0
 70
0
  0
VERTEX
  5
FD8
  8
CUT
 10
272.8527
 20
-1133.5764
 30
0.0
 70
0
  0
VERTEX
  5
FD9
  8
CUT
 10
177.0
 20
-1133.0
 30
0.0
 70
0
  0
VERTEX
  5
FDA
  8
CUT
 10
171.1473
 20
-1133.5764
 30
0.0
 70
0
  0
VERTEX
  5
FDB
  8
CUT
 10
165.5195
 20
-1135.2836
 30
0.0
 70
0
  0
VERTEX
  5
FDC
  8
CUT
 10
160.3329
 20
-1138.0559
 30
0.0
 70
0
  0
VERTEX
  5
FDD
  8
CUT
 10
155.7868
 20
-1141.7868
 30
0.0
 70
0
  0
VERTEX
  5
FDE
  8
CUT
 10
152.0559
 20
-1146.3328999999999
 30
0.0
 70
0
  0
VERTEX
  5
FDF
  8
CUT
 10
149.2836
 20
-1151.5194999999999
 30
0.0
 70
0
  0
VERTEX
  5
FE0
  8
CUT
 10
147.5764
 20
-1157.1473
 30
0.0
 70
0
  0
VERTEX
  5
FE1
  8
CUT
 10
147.0
 20
-1348.0
 30
0.0
 70
0
  0
VERTEX
  5
FE2
  8
CUT
 10
147.5764
 20
-1353.8527
 30
0.0
 70
0
  0
VERTEX
  5
FE3
  8
CUT
 10
149.2836
 20
-1359.4805000000001
 30
0.0
 70
0
  0
VERTEX
  5
FE4
  8
CUT
 10
152.0559
 20
-1364.6671000000001
 30
0.0
 70
0
  0
VERTEX
  5
FE5
  8
CUT
 10
155.7868
 20
-1369.2132
 30
0.0
 70
0
  0
VERTEX
  5
FE6
  8
CUT
 10
160.3329
 20
-1372.9441
 30
0.0
 70
0
  0
VERTEX
  5
FE7
  8
CUT
 10
165.5195
 20
-1375.7164
 30
0.0
 70
0
  0
VERTEX
  5
FE8
  8
CUT
 10
171.1473
 20
-1377.4236
 30
0.0
 70
0
  0
SEQEND
  5
FC8
  8
CUT
  0
POLYLINE
  5
FE9
  8
CUT
 66
1
 10
0.0
 20
0.0
 30
0.0
 70
1
  0
VERTEX
  5
FEB
  8
CUT
 10
477.0
 20
-1378.0
 30
0.0
 70
0
  0
VERTEX
  5
FEC
  8
CUT
 10
482.8527
 20
-1377.4236
 30
0.0
 70
0
  0
VERTEX
  5
FED
  8
CUT
 10
488.4805
 20
-1375.7164
 30
0.0
 70
0
  0
VERTEX
  5
FEE
  8
CUT
 10
493.6671
 20
-1372.9441
 30
0.0
 70
0
  0
VERTEX
  5
FEF
  8
CUT
 10
498.2132
 20
-1369.2132
 30
0.0
 70
0
  0
VERTEX
  5
FF0
  8
CUT
 10
501.9441
 20
-1364.6671000000001
 30
0.0
 70
0
  0
VERTEX
  5
FF1
  8
CUT
 10
504.7164
 20
-1359.4805000000001
 30
0.0
 70
0
  0
VERTEX
  5
FF2
  8
CUT
 10
506.4236
 20
-1353.8527
 30
0.0
 70
0
  0
VERTEX
  5
FF3
  8
CUT
 10
507.0
 20
-1163.0
 30
0.0
 70
0
  0
VERTEX
  5
FF4
  8
CUT
 10
506.4236
 20
-1157.1473
 30
0.0
 70
0
  0
VERTEX
  5
FF5
  8
CUT
 10
504.7164
 20
-1151.5194999999999
 30
0.0
 70
0
  0
VERTEX
  5
FF6
  8
CUT
 10
501.9441
 20
-1146.3328999999999
 30
0.0
 70
0
  0
VERTEX
  5
FF7
  8
CUT
 10
498.2132
 20
-1141.7868
 30
0.0
 70
0
  0
VERTEX
  5
FF8
  8
CUT
 10
493.6671
 20
-1138.0559
 30
0.0
 70
0
  0
VERTEX
  5
FF9
  8
CUT
 10
488.4805
 20
-1135.2836
 30
0.0
 70
0
  0
VERTEX
  5
FFA
  8
CUT
 10
482.8527
 20
-1133.5764
 30
0.0
 70
0
  0
VERTEX
  5
FFB
  8
CUT
 10
422.0
 20
-1133.0
 30
0.0
 70
0
  0
VERTEX
  5
FFC
  8
CUT
 10
416.1473
 20
-1133.5764
 30
0.0
 70
0
  0
VERTEX
  5
FFD
  8
CUT
 10
410.5195
 20
-1135.2836
 30
0.0
 70
0
  0
VERTEX
  5
FFE
  8
CUT
 10
405.3329
 20
-1138.0559
 30
0.0
 70
0
  0
VERTEX
  5
FFF
  8
CUT
 10
400.7868
 20
-1141.7868
 30
0.0
 70
0
  0
VERTEX
  5
1000
  8
CUT
 10
397.0559
 20
-1146.3328999999999
 30
0.0
 70
0
  0
VERTEX
  5
1001
  8
CUT
 10
394.2836
 20
-1151.5194999999999
 30
0.0
 70
0
  0
VERTEX
  5
1002
  8
CUT
 10
392.5764
 20
-1157.1473
 30
0.0
 70
0
  0
VERTEX
  5
1003
  8
CUT
 10
392.0
 20
-1348.0
 30
0.0
 70
0
  0
VERTEX
  5
1004
  8
CUT
 10
392.5764
 20
-1353.8527
 30
0.0
 70
0
  0
VERTEX
  5
1005
  8
CUT
 10
394.2836
 20
-1359.4805000000001
 30
0.0
 70
0
  0
VERTEX
  5
1006
  8
CUT
 10
397.0559
 20
-1364.6671000000001
 30
0.0
 70
0
  0
VERTEX
  5
1007
  8
CUT
 10
400.7868
 20
-1369.2132
 30
0.0
 70
0
  0
VERTEX
  5
1008
  8
CUT
 10
405.3329
 20
-1372.9441
 30
0.0
 70
0
  0
VERTEX
  5
1009
  8
CUT
 10
410.5195
 20
-1375.7164
 30
0.0
 70
0
  0
VERTEX
  5
100A
  8
CUT
 10
416.1473
 20
-1377.4236
 30
0.0
 70
0
  0
SEQEND
  5
FEA
  8
CUT
  0
POLYLINE
  5
100B
  8
CUT
 66
1
 10
0.0
 20
0.0
 30
0.0
 70
1
  0
VERTEX
  5
100D
  8
CUT
 10
797.0
 20
-1073.0
 30
0.0
 70
0
  0
VERTEX
  5
100E
  8
CUT
 10
802.8527
 20
-1072.4236
 30
0.0
 70
0
  0
VERTEX
  5
100F
  8
CUT
 10
808.4805
 20
-1070.7164
 30
0.0
 70
0
  0
VERTEX
  5
1010
  8
CUT
 10
813.6671
 20
-1067.9441
 30
0.0
 70
0
  0
VERTEX
  5
1011
  8
CUT
 10
818.2132
 20
-1064.2132
 30
0.0
 70
0
  0
VERTEX
  5
1012
  8
CUT
 10
821.9441
 20
-1059.6671000000001
 30
0.0
 70
0
  0
VERTEX
  5
1013
  8
CUT
 10
824.7164
 20
-1054.4805000000001
 30
0.0
 70
0
  0
VERTEX
  5
1014
  8
CUT
 10
826.4236
 20
-1048.8527
 30
0.0
 70
0
  0
VERTEX
  5
1015
  8
CUT
 10
827.0
 20
-843.0
 30
0.0
 70
0
  0
VERTEX
  5
1016
  8
CUT
 10
826.4236
 20
-837.1473
 30
0.0
 70
0
  0
VERTEX
  5
1017
  8
CUT
 10
824.7164
 20
-831.5195
 30
0.0
 70
0
  0
VERTEX
  5
1018
  8
CUT
 10
821.9441
 20
-826.3329
 30
0.0
 70
0
  0
VERTEX
  5
1019
  8
CUT
 10
818.2132
 20
-821.7868
 30
0.0
 70
0
  0
VERTEX
  5
101A
  8
CUT
 10
813.6671
 20
-818.0559
 30
0.0
 70
0
  0
VERTEX
  5
101B
  8
CUT
 10
808.4805
 20
-815.2836
 30
0.0
 70
0
  0
VERTEX
  5
101C
  8
CUT
 10
802.8527
 20
-813.5764
 30
0.0
 70
0
  0
VERTEX
  5
101D
  8
CUT
 10
767.0
 20
-813.0
 30
0.0
 70
0
  0
VERTEX
  5
101E
  8
CUT
 10
761.1473
 20
-813.5764
 30
0.0
 70
0
  0
VERTEX
  5
101F
  8
CUT
 10
755.5195
 20
-815.2836
 30
0.0
 70
0
  0
VERTEX
  5
1020
  8
CUT
 10
750.3329
 20
-818.0559
 30
0.0
 70
0
  0
VERTEX
  5
1021
  8
CUT
 10
745.7868
 20
-821.7868
 30
0.0
 70
0
  0
VERTEX
  5
1022
  8
CUT
 10
742.0559
 20
-826.3329
 30
0.0
 70
0
  0
VERTEX
  5
1023
  8
CUT
 10
739.2836
 20
-831.5195
 30
0.0
 70
0
  0
VERTEX
  5
1024
  8
CUT
 10
737.5764
 20
-837.1473
 30
0.0
 70
0
  0
VERTEX
  5
1025
  8
CUT
 10
737.0
 20
-1043.0
 30
0.0
 70
0
  0
VERTEX
  5
1026
  8
CUT
 10
737.5764
 20
-1048.8527
 30
0.0
 70
0
  0
VERTEX
  5
1027
  8
CUT
 10
739.2836
 20
-1054.4805000000001
 30
0.0
 70
0
  0
VERTEX
  5
1028
  8
CUT
 10
742.0559
 20
-1059.6671000000001
 30
0.0
 70
0
  0
VERTEX
  5
1029
  8
CUT
 10
745.7868
 20
-1064.2132
 30
0.0
 70
0
  0
VERTEX
  5
102A
  8
CUT
 10
750.3329
 20
-1067.9441
 30
0.0
 70
0
  0
VERTEX
  5
102B
  8
CUT
 10
755.5195
 20
-1070.7164
 30
0.0
 70
0
  0
VERTEX
  5
102C
  8
CUT
 10
761.1473
 20
-1072.4236
 30
0.0
 70
0
  0
SEQEND
  5
100C
  8
CUT
  0
POLYLINE
  5
102D
  8
CUT
 66
1
 10
0.0
 20
0.0
 30
0.0
 70
1
  0
VERTEX
  5
102F
  8
CUT
 10
1353.0
 20
-1349.0
 30
0.0
 70
0
  0
VERTEX
  5
1030
  8
CUT
 10
1353.0
 20
-1229.0
 30
0.0
 70
0
  0
VERTEX
  5
1031
  8
CUT
 10
1316.2
 20
-1229.0
 30
0.0
 70
0
  0
VERTEX
  5
1032
  8
CUT
 10
1316.1268699711077
 20
-1229.6802089265695
 30
0.0
 70
0
  0
VERTEX
  5
1033
  8
CUT
 10
1315.9108223851345
 20
-1230.329328041606
 30
0.0
 70
0
  0
VERTEX
  5
1034
  8
CUT
 10
1315.561731970958
 20
-1230.9176885328363
 30
0.0
 70
0
  0
VERTEX
  5
1035
  8
CUT
 10
1315.095554348625
 20
-1231.4183986379337
 30
0.0
 70
0
  0
VERTEX
  5
1036
  8
CUT
 10
1314.5335967575043
 20
-1231.8085727666153
 30
0.0
 70
0
  0
VERTEX
  5
1037
  8
CUT
 10
1313.9015441818926
 20
-1232.0703775155664
 30
0.0
 70
0
  0
VERTEX
  5
1038
  8
CUT
 10
1313.2282853862375
 20
-1232.1918467667529
 30
0.0
 70
0
  0
VERTEX
  5
1039
  8
CUT
 10
1312.5445925175254
 20
-1232.167428614019
 30
0.0
 70
0
  0
VERTEX
  5
103A
  8
CUT
 10
1311.881714625283
 20
-1231.9982391199992
 30
0.0
 70
0
  0
VERTEX
  5
103B
  8
CUT
 10
1311.2699493841421
 20
-1231.6920113050599
 30
0.0
 70
0
  0
VERTEX
  5
103C
  8
CUT
 10
1310.737258300203
 20
-1231.262741699797
 30
0.0
 70
0
  0
VERTEX
  5
103D
  8
CUT
 10
1310.3079886949401
 20
-1230.7300506158579
 30
0.0
 70
0
  0
VERTEX
  5
103E
  8
CUT
 10
1310.0017608800008
 20
-1230.118285374717
 30
0.0
 70
0
  0
VERTEX
  5
103F
  8
CUT
 10
1309.832571385981
 20
-1229.4554074824746
 30
0.0
 70
0
  0
VERTEX
  5
1040
  8
CUT
 10
1309.8081532332471
 20
-1228.7717146137625
 30
0.0
 70
0
  0
VERTEX
  5
1041
  8
CUT
 10
1309.9296224844336
 20
-1228.0984558181074
 30
0.0
 70
0
  0
VERTEX
  5
1042
  8
CUT
 10
1310.1914272333847
 20
-1227.4664032424957
 30
0.0
 70
0
  0
VERTEX
  5
1043
  8
CUT
 10
1310.5816013620663
 20
-1226.904445651375
 30
0.0
 70
0
  0
VERTEX
  5
1044
  8
CUT
 10
1311.0823114671637
 20
-1226.438268029042
 30
0.0
 70
0
  0
VERTEX
  5
1045
  8
CUT
 10
1311.670671958394
 20
-1226.0891776148655
 30
0.0
 70
0
  0
VERTEX
  5
1046
  8
CUT
 10
1312.3197910734305
 20
-1225.8731300288923
 30
0.0
 70
0
  0
VERTEX
  5
1047
  8
CUT
 10
1313.0
 20
-1225.8
 30
0.0
 70
0
  0
VERTEX
  5
1048
  8
CUT
 10
1313.0
 20
-612.2
 30
0.0
 70
0
  0
VERTEX
  5
1049
  8
CUT
 10
1312.3197910734305
 20
-612.1268699711078
 30
0.0
 70
0
  0
VERTEX
  5
104A
  8
CUT
 10
1311.670671958394
 20
-611.9108223851345
 30
0.0
 70
0
  0
VERTEX
  5
104B
  8
CUT
 10
1311.0823114671637
 20
-611.561731970958
 30
0.0
 70
0
  0
VERTEX
  5
104C
  8
CUT
 10
1310.5816013620663
 20
-611.0955543486249
 30
0.0
 70
0
  0
VERTEX
  5
104D
  8
CUT
 10
1310.1914272333847
 20
-610.5335967575043
 30
0.0
 70
0
  0
VERTEX
  5
104E
  8
CUT
 10
1309.9296224844336
 20
-609.9015441818926
 30
0.0
 70
0
  0
VERTEX
  5
104F
  8
CUT
 10
1309.8081532332471
 20
-609.2282853862375
 30
0.0
 70
0
  0
VERTEX
  5
1050
  8
CUT
 10
1309.832571385981
 20
-608.5445925175255
 30
0.0
 70
0
  0
VERTEX
  5
1051
  8
CUT
 10
1310.0017608800008
 20
-607.8817146252828
 30
0.0
 70
0
  0
VERTEX
  5
1052
  8
CUT
 10
1310.3079886949401
 20
-607.269949384142
 30
0.0
 70
0
  0
VERTEX
  5
1053
  8
CUT
 10
1310.737258300203
 20
-606.737258300203
 30
0.0
 70
0
  0
VERTEX
  5
1054
  8
CUT
 10
1311.2699493841421
 20
-606.3079886949401
 30
0.0
 70
0
  0
VERTEX
  5
1055
  8
CUT
 10
1311.881714625283
 20
-606.0017608800007
 30
0.0
 70
0
  0
VERTEX
  5
1056
  8
CUT
 10
1312.5445925175254
 20
-605.8325713859809
 30
0.0
 70
0
  0
VERTEX
  5
1057
  8
CUT
 10
1313.2282853862375
 20
-605.8081532332471
 30
0.0
 70
0
  0
VERTEX
  5
1058
  8
CUT
 10
1313.9015441818926
 20
-605.9296224844336
 30
0.0
 70
0
  0
VERTEX
  5
1059
  8
CUT
 10
1314.5335967575043
 20
-606.1914272333847
 30
0.0
 70
0
  0
VERTEX
  5
105A
  8
CUT
 10
1315.095554348625
 20
-606.5816013620663
 30
0.0
 70
0
  0
VERTEX
  5
105B
  8
CUT
 10
1315.561731970958
 20
-607.0823114671637
 30
0.0
 70
0
  0
VERTEX
  5
105C
  8
CUT
 10
1315.9108223851345
 20
-607.670671958394
 30
0.0
 70
0
  0
VERTEX
  5
105D
  8
CUT
 10
1316.1268699711077
 20
-608.3197910734305
 30
0.0
 70
0
  0
VERTEX
  5
105E
  8
CUT
 10
1316.2
 20
-609.0
 30
0.0
 70
0
  0
VERTEX
  5
105F
  8
CUT
 10
1353.0
 20
-609.0
 30
0.0
 70
0
  0
VERTEX
  5
1060
  8
CUT
 10
1353.0
 20
-489.0
 30
0.0
 70
0
  0
VERTEX
  5
1061
  8
CUT
 10
713.0
 20
-489.0
 30
0.0
 70
0
  0
VERTEX
  5
1062
  8
CUT
 10
707.7677
 20
-489.1713
 30
0.0
 70
0
  0
VERTEX
  5
1063
  8
CUT
 10
702.5579
 20
-489.6844
 30
0.0
 70
0
  0
VERTEX
  5
1064
  8
CUT
 10
697.3928
 20
-490.5372
 30
0.0
 70
0
  0
VERTEX
  5
1065
  8
CUT
 10
692.2945
 20
-491.7259
 30
0.0
 70
0
  0
VERTEX
  5
1066
  8
CUT
 10
687.2848
 20
-493.24559999999997
 30
0.0
 70
0
  0
VERTEX
  5
1067
  8
CUT
 10
682.3853
 20
-495.0896
 30
0.0
 70
0
  0
VERTEX
  5
1068
  8
CUT
 10
677.6169
 20
-497.25019999999995
 30
0.0
 70
0
  0
VERTEX
  5
1069
  8
CUT
 10
673.0
 20
-499.71799999999996
 30
0.0
 70
0
  0
VERTEX
  5
106A
  8
CUT
 10
668.5544
 20
-502.4824
 30
0.0
 70
0
  0
VERTEX
  5
106B
  8
CUT
 10
664.2991
 20
-505.5317
 30
0.0
 70
0
  0
VERTEX
  5
106C
  8
CUT
 10
660.2523
 20
-508.8528
 30
0.0
 70
0
  0
VERTEX
  5
106D
  8
CUT
 10
656.4315
 20
-512.4315
 30
0.0
 70
0
  0
VERTEX
  5
106E
  8
CUT
 10
652.8528
 20
-516.2523
 30
0.0
 70
0
  0
VERTEX
  5
106F
  8
CUT
 10
649.5317
 20
-520.2991
 30
0.0
 70
0
  0
VERTEX
  5
1070
  8
CUT
 10
646.4824
 20
-524.5544
 30
0.0
 70
0
  0
VERTEX
  5
1071
  8
CUT
 10
643.718
 20
-529.0
 30
0.0
 70
0
  0
VERTEX
  5
1072
  8
CUT
 10
641.2502
 20
-533.6169
 30
0.0
 70
0
  0
VERTEX
  5
1073
  8
CUT
 10
639.0896
 20
-538.3853
 30
0.0
 70
0
  0
VERTEX
  5
1074
  8
CUT
 10
637.2456
 20
-543.2848
 30
0.0
 70
0
  0
VERTEX
  5
1075
  8
CUT
 10
635.7259
 20
-548.2945
 30
0.0
 70
0
  0
VERTEX
  5
1076
  8
CUT
 10
634.5372
 20
-553.3928
 30
0.0
 70
0
  0
VERTEX
  5
1077
  8
CUT
 10
633.6844
 20
-558.5579
 30
0.0
 70
0
  0
VERTEX
  5
1078
  8
CUT
 10
633.1713
 20
-563.7677
 30
0.0
 70
0
  0
VERTEX
  5
1079
  8
CUT
 10
633.0
 20
-569.0
 30
0.0
 70
0
  0
VERTEX
  5
107A
  8
CUT
 10
633.0
 20
-719.0
 30
0.0
 70
0
  0
VERTEX
  5
107B
  8
CUT
 10
889.8000000000001
 20
-719.0
 30
0.0
 70
0
  0
VERTEX
  5
107C
  8
CUT
 10
889.8731300288924
 20
-718.3197910734305
 30
0.0
 70
0
  0
VERTEX
  5
107D
  8
CUT
 10
890.0891776148657
 20
-717.670671958394
 30
0.0
 70
0
  0
VERTEX
  5
107E
  8
CUT
 10
890.4382680290422
 20
-717.0823114671637
 30
0.0
 70
0
  0
VERTEX
  5
107F
  8
CUT
 10
890.9044456513752
 20
-716.5816013620664
 30
0.0
 70
0
  0
VERTEX
  5
1080
  8
CUT
 10
891.466403242496
 20
-716.1914272333848
 30
0.0
 70
0
  0
VERTEX
  5
1081
  8
CUT
 10
892.0984558181076
 20
-715.9296224844336
 30
0.0
 70
0
  0
VERTEX
  5
1082
  8
CUT
 10
892.7717146137626
 20
-715.8081532332473
 30
0.0
 70
0
  0
VERTEX
  5
1083
  8
CUT
 10
893.4554074824746
 20
-715.832571385981
 30
0.0
 70
0
  0
VERTEX
  5
1084
  8
CUT
 10
894.1182853747172
 20
-716.0017608800008
 30
0.0
 70
0
  0
VERTEX
  5
1085
  8
CUT
 10
894.730050615858
 20
-716.3079886949403
 30
0.0
 70
0
  0
VERTEX
  5
1086
  8
CUT
 10
895.2627416997971
 20
-716.737258300203
 30
0.0
 70
0
  0
VERTEX
  5
1087
  8
CUT
 10
895.6920113050599
 20
-717.2699493841421
 30
0.0
 70
0
  0
VERTEX
  5
1088
  8
CUT
 10
895.9982391199993
 20
-717.8817146252829
 30
0.0
 70
0
  0
VERTEX
  5
1089
  8
CUT
 10
896.1674286140191
 20
-718.5445925175255
 30
0.0
 70
0
  0
VERTEX
  5
108A
  8
CUT
 10
896.1918467667529
 20
-719.2282853862375
 30
0.0
 70
0
  0
VERTEX
  5
108B
  8
CUT
 10
896.0703775155665
 20
-719.9015441818925
 30
0.0
 70
0
  0
VERTEX
  5
108C
  8
CUT
 10
895.8085727666153
 20
-720.5335967575041
 30
0.0
 70
0
  0
VERTEX
  5
108D
  8
CUT
 10
895.4183986379337
 20
-721.0955543486249
 30
0.0
 70
0
  0
VERTEX
  5
108E
  8
CUT
 10
894.9176885328365
 20
-721.5617319709579
 30
0.0
 70
0
  0
VERTEX
  5
108F
  8
CUT
 10
894.3293280416061
 20
-721.9108223851345
 30
0.0
 70
0
  0
VERTEX
  5
1090
  8
CUT
 10
893.6802089265697
 20
-722.1268699711077
 30
0.0
 70
0
  0
VERTEX
  5
1091
  8
CUT
 10
893.0
 20
-722.2
 30
0.0
 70
0
  0
VERTEX
  5
1092
  8
CUT
 10
893.0
 20
-1249.0
 30
0.0
 70
0
  0
VERTEX
  5
1093
  8
CUT
 10
893.2140999999999
 20
-1255.5403
 30
0.0
 70
0
  0
VERTEX
  5
1094
  8
CUT
 10
893.8555
 20
-1262.0526
 30
0.0
 70
0
  0
VERTEX
  5
1095
  8
CUT
 10
894.9214999999999
 20
-1268.509
 30
0.0
 70
0
  0
VERTEX
  5
1096
  8
CUT
 10
896.4074
 20
-1274.8818999999999
 30
0.0
 70
0
  0
VERTEX
  5
1097
  8
CUT
 10
898.307
 20
-1281.1439
 30
0.0
 70
0
  0
VERTEX
  5
1098
  8
CUT
 10
900.6120000000001
 20
-1287.2683
 30
0.0
 70
0
  0
VERTEX
  5
1099
  8
CUT
 10
903.3127
 20
-1293.2289
 30
0.0
 70
0
  0
VERTEX
  5
109A
  8
CUT
 10
906.3975
 20
-1299.0
 30
0.0
 70
0
  0
VERTEX
  5
109B
  8
CUT
 10
909.8530000000001
 20
-1304.557
 30
0.0
 70
0
  0
VERTEX
  5
109C
  8
CUT
 10
913.6647
 20
-1309.8761
 30
0.0
 70
0
  0
VERTEX
  5
109D
  8
CUT
 10
917.816
 20
-1314.9346
 30
0.0
 70
0
  0
VERTEX
  5
109E
  8
CUT
 10
922.2893
 20
-1319.7107
 30
0.0
 70
0
  0
VERTEX
  5
109F
  8
CUT
 10
927.0654
 20
-1324.184
 30
0.0
 70
0
  0
VERTEX
  5
10A0
  8
CUT
 10
932.1239
 20
-1328.3353
 30
0.0
 70
0
  0
VERTEX
  5
10A1
  8
CUT
 10
937.443
 20
-1332.147
 30
0.0
 70
0
  0
VERTEX
  5
10A2
  8
CUT
 10
943.0
 20
-1335.6025
 30
0.0
 70
0
  0
VERTEX
  5
10A3
  8
CUT
 10
948.7710999999999
 20
-1338.6873
 30
0.0
 70
0
  0
VERTEX
  5
10A4
  8
CUT
 10
954.7317
 20
-1341.388
 30
0.0
 70
0
  0
VERTEX
  5
10A5
  8
CUT
 10
960.8561
 20
-1343.693
 30
0.0
 70
0
  0
VERTEX
  5
10A6
  8
CUT
 10
967.1181
 20
-1345.5926
 30
0.0
 70
0
  0
VERTEX
  5
10A7
  8
CUT
 10
973.491
 20
-1347.0785
 30
0.0
 70
0
  0
VERTEX
  5
10A8
  8
CUT
 10
979.9474
 20
-1348.1444999999999
 30
0.0
 70
0
  0
VERTEX
  5
10A9
  8
CUT
 10
986.4597
 20
-1348.7859
 30
0.0
 70
0
  0
VERTEX
  5
10AA
  8
CUT
 10
993.0
 20
-1349.0
 30
0.0
 70
0
  0
SEQEND
  5
102E
  8
CUT
  0
POLYLINE
  5
10AB
  8
CUT
 66
1
 10
0.0
 20
0.0
 30
0.0
 70
1
  0
VERTEX
  5
10AD
  8
CUT
 10
1210.3
 20
-1259.5
 30
0.0
 70
0
  0
VERTEX
  5
10AE
  8
CUT
 10
1210.3731300288923
 20
-1260.1802089265695
 30
0.0
 70
0
  0
VERTEX
  5
10AF
  8
CUT
 10
1210.5891776148655
 20
-1260.829328041606
 30
0.0
 70
0
  0
VERTEX
  5
10B0
  8
CUT
 10
1210.938268029042
 20
-1261.4176885328363
 30
0.0
 70
0
  0
VERTEX
  5
10B1
  8
CUT
 10
1211.404445651375
 20
-1261.9183986379337
 30
0.0
 70
0
  0
VERTEX
  5
10B2
  8
CUT
 10
1211.9664032424957
 20
-1262.3085727666153
 30
0.0
 70
0
  0
VERTEX
  5
10B3
  8
CUT
 10
1212.5984558181074
 20
-1262.5703775155664
 30
0.0
 70
0
  0
VERTEX
  5
10B4
  8
CUT
 10
1213.2717146137625
 20
-1262.6918467667529
 30
0.0
 70
0
  0
VERTEX
  5
10B5
  8
CUT
 10
1213.9554074824746
 20
-1262.667428614019
 30
0.0
 70
0
  0
VERTEX
  5
10B6
  8
CUT
 10
1214.618285374717
 20
-1262.4982391199992
 30
0.0
 70
0
  0
VERTEX
  5
10B7
  8
CUT
 10
1215.2300506158579
 20
-1262.1920113050599
 30
0.0
 70
0
  0
VERTEX
  5
10B8
  8
CUT
 10
1215.762741699797
 20
-1261.762741699797
 30
0.0
 70
0
  0
VERTEX
  5
10B9
  8
CUT
 10
1216.1920113050599
 20
-1261.2300506158579
 30
0.0
 70
0
  0
VERTEX
  5
10BA
  8
CUT
 10
1216.4982391199992
 20
-1260.618285374717
 30
0.0
 70
0
  0
VERTEX
  5
10BB
  8
CUT
 10
1216.667428614019
 20
-1259.9554074824746
 30
0.0
 70
0
  0
VERTEX
  5
10BC
  8
CUT
 10
1216.6918467667529
 20
-1259.2717146137625
 30
0.0
 70
0
  0
VERTEX
  5
10BD
  8
CUT
 10
1216.5703775155664
 20
-1258.5984558181074
 30
0.0
 70
0
  0
VERTEX
  5
10BE
  8
CUT
 10
1216.3085727666153
 20
-1257.9664032424957
 30
0.0
 70
0
  0
VERTEX
  5
10BF
  8
CUT
 10
1215.9183986379337
 20
-1257.404445651375
 30
0.0
 70
0
  0
VERTEX
  5
10C0
  8
CUT
 10
1215.4176885328363
 20
-1256.938268029042
 30
0.0
 70
0
  0
VERTEX
  5
10C1
  8
CUT
 10
1214.829328041606
 20
-1256.5891776148655
 30
0.0
 70
0
  0
VERTEX
  5
10C2
  8
CUT
 10
1214.1802089265695
 20
-1256.3731300288923
 30
0.0
 70
0
  0
VERTEX
  5
10C3
  8
CUT
 10
1213.5
 20
-1256.3
 30
0.0
 70
0
  0
VERTEX
  5
10C4
  8
CUT
 10
1213.5
 20
-1243.7
 30
0.0
 70
0
  0
VERTEX
  5
10C5
  8
CUT
 10
1214.1802089265695
 20
-1243.6268699711077
 30
0.0
 70
0
  0
VERTEX
  5
10C6
  8
CUT
 10
1214.829328041606
 20
-1243.4108223851345
 30
0.0
 70
0
  0
VERTEX
  5
10C7
  8
CUT
 10
1215.4176885328363
 20
-1243.061731970958
 30
0.0
 70
0
  0
VERTEX
  5
10C8
  8
CUT
 10
1215.9183986379337
 20
-1242.595554348625
 30
0.0
 70
0
  0
VERTEX
  5
10C9
  8
CUT
 10
1216.3085727666153
 20
-1242.0335967575043
 30
0.0
 70
0
  0
VERTEX
  5
10CA
  8
CUT
 10
1216.5703775155664
 20
-1241.4015441818926
 30
0.0
 70
0
  0
VERTEX
  5
10CB
  8
CUT
 10
1216.6918467667529
 20
-1240.7282853862375
 30
0.0
 70
0
  0
VERTEX
  5
10CC
  8
CUT
 10
1216.667428614019
 20
-1240.0445925175254
 30
0.0
 70
0
  0
VERTEX
  5
10CD
  8
CUT
 10
1216.4982391199992
 20
-1239.381714625283
 30
0.0
 70
0
  0
VERTEX
  5
10CE
  8
CUT
 10
1216.1920113050599
 20
-1238.7699493841421
 30
0.0
 70
0
  0
VERTEX
  5
10CF
  8
CUT
 10
1215.762741699797
 20
-1238.237258300203
 30
0.0
 70
0
  0
VERTEX
  5
10D0
  8
CUT
 10
1215.2300506158579
 20
-1237.8079886949401
 30
0.0
 70
0
  0
VERTEX
  5
10D1
  8
CUT
 10
1214.618285374717
 20
-1237.5017608800008
 30
0.0
 70
0
  0
VERTEX
  5
10D2
  8
CUT
 10
1213.9554074824746
 20
-1237.332571385981
 30
0.0
 70
0
  0
VERTEX
  5
10D3
  8
CUT
 10
1213.2717146137625
 20
-1237.3081532332471
 30
0.0
 70
0
  0
VERTEX
  5
10D4
  8
CUT
 10
1212.5984558181074
 20
-1237.4296224844336
 30
0.0
 70
0
  0
VERTEX
  5
10D5
  8
CUT
 10
1211.9664032424957
 20
-1237.6914272333847
 30
0.0
 70
0
  0
VERTEX
  5
10D6
  8
CUT
 10
1211.404445651375
 20
-1238.0816013620663
 30
0.0
 70
0
  0
VERTEX
  5
10D7
  8
CUT
 10
1210.938268029042
 20
-1238.5823114671637
 30
0.0
 70
0
  0
VERTEX
  5
10D8
  8
CUT
 10
1210.5891776148655
 20
-1239.170671958394
 30
0.0
 70
0
  0
VERTEX
  5
10D9
  8
CUT
 10
1210.3731300288923
 20
-1239.8197910734305
 30
0.0
 70
0
  0
VERTEX
  5
10DA
  8
CUT
 10
1210.3
 20
-1240.5
 30
0.0
 70
0
  0
VERTEX
  5
10DB
  8
CUT
 10
1175.7
 20
-1240.5
 30
0.0
 70
0
  0
VERTEX
  5
10DC
  8
CUT
 10
1175.6268699711077
 20
-1239.8197910734305
 30
0.0
 70
0
  0
VERTEX
  5
10DD
  8
CUT
 10
1175.4108223851345
 20
-1239.170671958394
 30
0.0
 70
0
  0
VERTEX
  5
10DE
  8
CUT
 10
1175.061731970958
 20
-1238.5823114671637
 30
0.0
 70
0
  0
VERTEX
  5
10DF
  8
CUT
 10
1174.595554348625
 20
-1238.0816013620663
 30
0.0
 70
0
  0
VERTEX
  5
10E0
  8
CUT
 10
1174.0335967575043
 20
-1237.6914272333847
 30
0.0
 70
0
  0
VERTEX
  5
10E1
  8
CUT
 10
1173.4015441818926
 20
-1237.4296224844336
 30
0.0
 70
0
  0
VERTEX
  5
10E2
  8
CUT
 10
1172.7282853862375
 20
-1237.3081532332471
 30
0.0
 70
0
  0
VERTEX
  5
10E3
  8
CUT
 10
1172.0445925175254
 20
-1237.332571385981
 30
0.0
 70
0
  0
VERTEX
  5
10E4
  8
CUT
 10
1171.381714625283
 20
-1237.5017608800008
 30
0.0
 70
0
  0
VERTEX
  5
10E5
  8
CUT
 10
1170.7699493841421
 20
-1237.8079886949401
 30
0.0
 70
0
  0
VERTEX
  5
10E6
  8
CUT
 10
1170.237258300203
 20
-1238.237258300203
 30
0.0
 70
0
  0
VERTEX
  5
10E7
  8
CUT
 10
1169.8079886949401
 20
-1238.7699493841421
 30
0.0
 70
0
  0
VERTEX
  5
10E8
  8
CUT
 10
1169.5017608800008
 20
-1239.381714625283
 30
0.0
 70
0
  0
VERTEX
  5
10E9
  8
CUT
 10
1169.332571385981
 20
-1240.0445925175254
 30
0.0
 70
0
  0
VERTEX
  5
10EA
  8
CUT
 10
1169.3081532332471
 20
-1240.7282853862375
 30
0.0
 70
0
  0
VERTEX
  5
10EB
  8
CUT
 10
1169.4296224844336
 20
-1241.4015441818926
 30
0.0
 70
0
  0
VERTEX
  5
10EC
  8
CUT
 10
1169.6914272333847
 20
-1242.0335967575043
 30
0.0
 70
0
  0
VERTEX
  5
10ED
  8
CUT
 10
1170.0816013620663
 20
-1242.595554348625
 30
0.0
 70
0
  0
VERTEX
  5
10EE
  8
CUT
 10
1170.5823114671637
 20
-1243.061731970958
 30
0.0
 70
0
  0
VERTEX
  5
10EF
  8
CUT
 10
1171.170671958394
 20
-1243.4108223851345
 30
0.0
 70
0
  0
VERTEX
  5
10F0
  8
CUT
 10
1171.8197910734305
 20
-1243.6268699711077
 30
0.0
 70
0
  0
VERTEX
  5
10F1
  8
CUT
 10
1172.5
 20
-1243.7
 30
0.0
 70
0
  0
VERTEX
  5
10F2
  8
CUT
 10
1172.5
 20
-1256.3
 30
0.0
 70
0
  0
VERTEX
  5
10F3
  8
CUT
 10
1171.8197910734305
 20
-1256.3731300288923
 30
0.0
 70
0
  0
VERTEX
  5
10F4
  8
CUT
 10
1171.170671958394
 20
-1256.5891776148655
 30
0.0
 70
0
  0
VERTEX
  5
10F5
  8
CUT
 10
1170.5823114671637
 20
-1256.938268029042
 30
0.0
 70
0
  0
VERTEX
  5
10F6
  8
CUT
 10
1170.0816013620663
 20
-1257.404445651375
 30
0.0
 70
0
  0
VERTEX
  5
10F7
  8
CUT
 10
1169.6914272333847
 20
-1257.9664032424957
 30
0.0
 70
0
  0
VERTEX
  5
10F8
  8
CUT
 10
1169.4296224844336
 20
-1258.5984558181074
 30
0.0
 70
0
  0
VERTEX
  5
10F9
  8
CUT
 10
1169.3081532332471
 20
-1259.2717146137625
 30
0.0
 70
0
  0
VERTEX
  5
10FA
  8
CUT
 10
1169.332571385981
 20
-1259.9554074824746
 30
0.0
 70
0
  0
VERTEX
  5
10FB
  8
CUT
 10
1169.5017608800008
 20
-1260.618285374717
 30
0.0
 70
0
  0
VERTEX
  5
10FC
  8
CUT
 10
1169.8079886949401
 20
-1261.2300506158579
 30
0.0
 70
0
  0
VERTEX
  5
10FD
  8
CUT
 10
1170.237258300203
 20
-1261.762741699797
 30
0.0
 70
0
  0
VERTEX
  5
10FE
  8
CUT
 10
1170.7699493841421
 20
-1262.1920113050599
 30
0.0
 70
0
  0
VERTEX
  5
10FF
  8
CUT
 10
1171.381714625283
 20
-1262.4982391199992
 30
0.0
 70
0
  0
VERTEX
  5
1100
  8
CUT
 10
1172.0445925175254
 20
-1262.667428614019
 30
0.0
 70
0
  0
VERTEX
  5
1101
  8
CUT
 10
1172.7282853862375
 20
-1262.6918467667529
 30
0.0
 70
0
  0
VERTEX
  5
1102
  8
CUT
 10
1173.4015441818926
 20
-1262.5703775155664
 30
0.0
 70
0
  0
VERTEX
  5
1103
  8
CUT
 10
1174.0335967575043
 20
-1262.3085727666153
 30
0.0
 70
0
  0
VERTEX
  5
1104
  8
CUT
 10
1174.595554348625
 20
-1261.9183986379337
 30
0.0
 70
0
  0
VERTEX
  5
1105
  8
CUT
 10
1175.061731970958
 20
-1261.4176885328363
 30
0.0
 70
0
  0
VERTEX
  5
1106
  8
CUT
 10
1175.4108223851345
 20
-1260.829328041606
 30
0.0
 70
0
  0
VERTEX
  5
1107
  8
CUT
 10
1175.6268699711077
 20
-1260.1802089265695
 30
0.0
 70
0
  0
VERTEX
  5
1108
  8
CUT
 10
1175.7
 20
-1259.5
 30
0.0
 70
0
  0
SEQEND
  5
10AC
  8
CUT
  0
POLYLINE
  5
1109
  8
CUT
 66
1
 10
0.0
 20
0.0
 30
0.0
 70
1
  0
VERTEX
  5
110B
  8
CUT
 10
1010.3
 20
-1259.5
 30
0.0
 70
0
  0
VERTEX
  5
110C
  8
CUT
 10
1010.3731300288922
 20
-1260.1802089265695
 30
0.0
 70
0
  0
VERTEX
  5
110D
  8
CUT
 10
1010.5891776148655
 20
-1260.829328041606
 30
0.0
 70
0
  0
VERTEX
  5
110E
  8
CUT
 10
1010.938268029042
 20
-1261.4176885328363
 30
0.0
 70
0
  0
VERTEX
  5
110F
  8
CUT
 10
1011.4044456513751
 20
-1261.9183986379337
 30
0.0
 70
0
  0
VERTEX
  5
1110
  8
CUT
 10
1011.9664032424957
 20
-1262.3085727666153
 30
0.0
 70
0
  0
VERTEX
  5
1111
  8
CUT
 10
1012.5984558181074
 20
-1262.5703775155664
 30
0.0
 70
0
  0
VERTEX
  5
1112
  8
CUT
 10
1013.2717146137625
 20
-1262.6918467667529
 30
0.0
 70
0
  0
VERTEX
  5
1113
  8
CUT
 10
1013.9554074824745
 20
-1262.667428614019
 30
0.0
 70
0
  0
VERTEX
  5
1114
  8
CUT
 10
1014.6182853747172
 20
-1262.4982391199992
 30
0.0
 70
0
  0
VERTEX
  5
1115
  8
CUT
 10
1015.230050615858
 20
-1262.1920113050599
 30
0.0
 70
0
  0
VERTEX
  5
1116
  8
CUT
 10
1015.762741699797
 20
-1261.762741699797
 30
0.0
 70
0
  0
VERTEX
  5
1117
  8
CUT
 10
1016.1920113050599
 20
-1261.2300506158579
 30
0.0
 70
0
  0
VERTEX
  5
1118
  8
CUT
 10
1016.4982391199993
 20
-1260.618285374717
 30
0.0
 70
0
  0
VERTEX
  5
1119
  8
CUT
 10
1016.6674286140191
 20
-1259.9554074824746
 30
0.0
 70
0
  0
VERTEX
  5
111A
  8
CUT
 10
1016.6918467667529
 20
-1259.2717146137625
 30
0.0
 70
0
  0
VERTEX
  5
111B
  8
CUT
 10
1016.5703775155664
 20
-1258.5984558181074
 30
0.0
 70
0
  0
VERTEX
  5
111C
  8
CUT
 10
1016.3085727666153
 20
-1257.9664032424957
 30
0.0
 70
0
  0
VERTEX
  5
111D
  8
CUT
 10
1015.9183986379337
 20
-1257.404445651375
 30
0.0
 70
0
  0
VERTEX
  5
111E
  8
CUT
 10
1015.4176885328363
 20
-1256.938268029042
 30
0.0
 70
0
  0
VERTEX
  5
111F
  8
CUT
 10
1014.829328041606
 20
-1256.5891776148655
 30
0.0
 70
0
  0
VERTEX
  5
1120
  8
CUT
 10
1014.1802089265695
 20
-1256.3731300288923
 30
0.0
 70
0
  0
VERTEX
  5
1121
  8
CUT
 10
1013.5
 20
-1256.3
 30
0.0
 70
0
  0
VERTEX
  5
1122
  8
CUT
 10
1013.5
 20
-1243.7
 30
0.0
 70
0
  0
VERTEX
  5
1123
  8
CUT
 10
1014.1802089265695
 20
-1243.6268699711077
 30
0.0
 70
0
  0
VERTEX
  5
1124
  8
CUT
 10
1014.829328041606
 20
-1243.4108223851345
 30
0.0
 70
0
  0
VERTEX
  5
1125
  8
CUT
 10
1015.4176885328363
 20
-1243.061731970958
 30
0.0
 70
0
  0
VERTEX
  5
1126
  8
CUT
 10
1015.9183986379337
 20
-1242.595554348625
 30
0.0
 70
0
  0
VERTEX
  5
1127
  8
CUT
 10
1016.3085727666153
 20
-1242.0335967575043
 30
0.0
 70
0
  0
VERTEX
  5
1128
  8
CUT
 10
1016.5703775155664
 20
-1241.4015441818926
 30
0.0
 70
0
  0
VERTEX
  5
1129
  8
CUT
 10
1016.6918467667529
 20
-1240.7282853862375
 30
0.0
 70
0
  0
VERTEX
  5
112A
  8
CUT
 10
1016.6674286140191
 20
-1240.0445925175254
 30
0.0
 70
0
  0
VERTEX
  5
112B
  8
CUT
 10
1016.4982391199993
 20
-1239.381714625283
 30
0.0
 70
0
  0
VERTEX
  5
112C
  8
CUT
 10
1016.1920113050599
 20
-1238.7699493841421
 30
0.0
 70
0
  0
VERTEX
  5
112D
  8
CUT
 10
1015.762741699797
 20
-1238.237258300203
 30
0.0
 70
0
  0
VERTEX
  5
112E
  8
CUT
 10
1015.230050615858
 20
-1237.8079886949401
 30
0.0
 70
0
  0
VERTEX
  5
112F
  8
CUT
 10
1014.6182853747172
 20
-1237.5017608800008
 30
0.0
 70
0
  0
VERTEX
  5
1130
  8
CUT
 10
1013.9554074824745
 20
-1237.332571385981
 30
0.0
 70
0
  0
VERTEX
  5
1131
  8
CUT
 10
1013.2717146137625
 20
-1237.3081532332471
 30
0.0
 70
0
  0
VERTEX
  5
1132
  8
CUT
 10
1012.5984558181074
 20
-1237.4296224844336
 30
0.0
 70
0
  0
VERTEX
  5
1133
  8
CUT
 10
1011.9664032424957
 20
-1237.6914272333847
 30
0.0
 70
0
  0
VERTEX
  5
1134
  8
CUT
 10
1011.4044456513751
 20
-1238.0816013620663
 30
0.0
 70
0
  0
VERTEX
  5
1135
  8
CUT
 10
1010.938268029042
 20
-1238.5823114671637
 30
0.0
 70
0
  0
VERTEX
  5
1136
  8
CUT
 10
1010.5891776148655
 20
-1239.170671958394
 30
0.0
 70
0
  0
VERTEX
  5
1137
  8
CUT
 10
1010.3731300288922
 20
-1239.8197910734305
 30
0.0
 70
0
  0
VERTEX
  5
1138
  8
CUT
 10
1010.3
 20
-1240.5
 30
0.0
 70
0
  0
VERTEX
  5
1139
  8
CUT
 10
975.7
 20
-1240.5
 30
0.0
 70
0
  0
VERTEX
  5
113A
  8
CUT
 10
975.6268699711078
 20
-1239.8197910734305
 30
0.0
 70
0
  0
VERTEX
  5
113B
  8
CUT
 10
975.4108223851345
 20
-1239.170671958394
 30
0.0
 70
0
  0
VERTEX
  5
113C
  8
CUT
 10
975.061731970958
 20
-1238.5823114671637
 30
0.0
 70
0
  0
VERTEX
  5
113D
  8
CUT
 10
974.5955543486249
 20
-1238.0816013620663
 30
0.0
 70
0
  0
VERTEX
  5
113E
  8
CUT
 10
974.0335967575043
 20
-1237.6914272333847
 30
0.0
 70
0
  0
VERTEX
  5
113F
  8
CUT
 10
973.4015441818926
 20
-1237.4296224844336
 30
0.0
 70
0
  0
VERTEX
  5
1140
  8
CUT
 10
972.7282853862375
 20
-1237.3081532332471
 30
0.0
 70
0
  0
VERTEX
  5
1141
  8
CUT
 10
972.0445925175255
 20
-1237.332571385981
 30
0.0
 70
0
  0
VERTEX
  5
1142
  8
CUT
 10
971.3817146252828
 20
-1237.5017608800008
 30
0.0
 70
0
  0
VERTEX
  5
1143
  8
CUT
 10
970.769949384142
 20
-1237.8079886949401
 30
0.0
 70
0
  0
VERTEX
  5
1144
  8
CUT
 10
970.237258300203
 20
-1238.237258300203
 30
0.0
 70
0
  0
VERTEX
  5
1145
  8
CUT
 10
969.8079886949401
 20
-1238.7699493841421
 30
0.0
 70
0
  0
VERTEX
  5
1146
  8
CUT
 10
969.5017608800007
 20
-1239.381714625283
 30
0.0
 70
0
  0
VERTEX
  5
1147
  8
CUT
 10
969.3325713859809
 20
-1240.0445925175254
 30
0.0
 70
0
  0
VERTEX
  5
1148
  8
CUT
 10
969.3081532332471
 20
-1240.7282853862375
 30
0.0
 70
0
  0
VERTEX
  5
1149
  8
CUT
 10
969.4296224844336
 20
-1241.4015441818926
 30
0.0
 70
0
  0
VERTEX
  5
114A
  8
CUT
 10
969.6914272333847
 20
-1242.0335967575043
 30
0.0
 70
0
  0
VERTEX
  5
114B
  8
CUT
 10
970.0816013620663
 20
-1242.595554348625
 30
0.0
 70
0
  0
VERTEX
  5
114C
  8
CUT
 10
970.5823114671637
 20
-1243.061731970958
 30
0.0
 70
0
  0
VERTEX
  5
114D
  8
CUT
 10
971.170671958394
 20
-1243.4108223851345
 30
0.0
 70
0
  0
VERTEX
  5
114E
  8
CUT
 10
971.8197910734305
 20
-1243.6268699711077
 30
0.0
 70
0
  0
VERTEX
  5
114F
  8
CUT
 10
972.5
 20
-1243.7
 30
0.0
 70
0
  0
VERTEX
  5
1150
  8
CUT
 10
972.5
 20
-1256.3
 30
0.0
 70
0
  0
VERTEX
  5
1151
  8
CUT
 10
971.8197910734305
 20
-1256.3731300288923
 30
0.0
 70
0
  0
VERTEX
  5
1152
  8
CUT
 10
971.170671958394
 20
-1256.5891776148655
 30
0.0
 70
0
  0
VERTEX
  5
1153
  8
CUT
 10
970.5823114671637
 20
-1256.938268029042
 30
0.0
 70
0
  0
VERTEX
  5
1154
  8
CUT
 10
970.0816013620663
 20
-1257.404445651375
 30
0.0
 70
0
  0
VERTEX
  5
1155
  8
CUT
 10
969.6914272333847
 20
-1257.9664032424957
 30
0.0
 70
0
  0
VERTEX
  5
1156
  8
CUT
 10
969.4296224844336
 20
-1258.5984558181074
 30
0.0
 70
0
  0
VERTEX
  5
1157
  8
CUT
 10
969.3081532332471
 20
-1259.2717146137625
 30
0.0
 70
0
  0
VERTEX
  5
1158
  8
CUT
 10
969.3325713859809
 20
-1259.9554074824746
 30
0.0
 70
0
  0
VERTEX
  5
1159
  8
CUT
 10
969.5017608800007
 20
-1260.618285374717
 30
0.0
 70
0
  0
VERTEX
  5
115A
  8
CUT
 10
969.8079886949401
 20
-1261.2300506158579
 30
0.0
 70
0
  0
VERTEX
  5
115B
  8
CUT
 10
970.237258300203
 20
-1261.762741699797
 30
0.0
 70
0
  0
VERTEX
  5
115C
  8
CUT
 10
970.769949384142
 20
-1262.1920113050599
 30
0.0
 70
0
  0
VERTEX
  5
115D
  8
CUT
 10
971.3817146252828
 20
-1262.4982391199992
 30
0.0
 70
0
  0
VERTEX
  5
115E
  8
CUT
 10
972.0445925175255
 20
-1262.667428614019
 30
0.0
 70
0
  0
VERTEX
  5
115F
  8
CUT
 10
972.7282853862375
 20
-1262.6918467667529
 30
0.0
 70
0
  0
VERTEX
  5
1160
  8
CUT
 10
973.4015441818926
 20
-1262.5703775155664
 30
0.0
 70
0
  0
VERTEX
  5
1161
  8
CUT
 10
974.0335967575043
 20
-1262.3085727666153
 30
0.0
 70
0
  0
VERTEX
  5
1162
  8
CUT
 10
974.5955543486249
 20
-1261.9183986379337
 30
0.0
 70
0
  0
VERTEX
  5
1163
  8
CUT
 10
975.061731970958
 20
-1261.4176885328363
 30
0.0
 70
0
  0
VERTEX
  5
1164
  8
CUT
 10
975.4108223851345
 20
-1260.829328041606
 30
0.0
 70
0
  0
VERTEX
  5
1165
  8
CUT
 10
975.6268699711078
 20
-1260.1802089265695
 30
0.0
 70
0
  0
VERTEX
  5
1166
  8
CUT
 10
975.7
 20
-1259.5
 30
0.0
 70
0
  0
SEQEND
  5
110A
  8
CUT
  0
POLYLINE
  5
1167
  8
CUT
 66
1
 10
0.0
 20
0.0
 30
0.0
 70
1
  0
VERTEX
  5
1169
  8
CUT
 10
1210.3000000000002
 20
-1049.5
 30
0.0
 70
0
  0
VERTEX
  5
116A
  8
CUT
 10
1210.3731300288923
 20
-1050.1802089265695
 30
0.0
 70
0
  0
VERTEX
  5
116B
  8
CUT
 10
1210.5891776148655
 20
-1050.829328041606
 30
0.0
 70
0
  0
VERTEX
  5
116C
  8
CUT
 10
1210.938268029042
 20
-1051.4176885328363
 30
0.0
 70
0
  0
VERTEX
  5
116D
  8
CUT
 10
1211.4044456513752
 20
-1051.9183986379335
 30
0.0
 70
0
  0
VERTEX
  5
116E
  8
CUT
 10
1211.9664032424957
 20
-1052.3085727666153
 30
0.0
 70
0
  0
VERTEX
  5
116F
  8
CUT
 10
1212.5984558181074
 20
-1052.5703775155664
 30
0.0
 70
0
  0
VERTEX
  5
1170
  8
CUT
 10
1213.2717146137625
 20
-1052.6918467667526
 30
0.0
 70
0
  0
VERTEX
  5
1171
  8
CUT
 10
1213.9554074824746
 20
-1052.667428614019
 30
0.0
 70
0
  0
VERTEX
  5
1172
  8
CUT
 10
1214.618285374717
 20
-1052.4982391199992
 30
0.0
 70
0
  0
VERTEX
  5
1173
  8
CUT
 10
1215.2300506158579
 20
-1052.1920113050596
 30
0.0
 70
0
  0
VERTEX
  5
1174
  8
CUT
 10
1215.7627416997968
 20
-1051.7627416997968
 30
0.0
 70
0
  0
VERTEX
  5
1175
  8
CUT
 10
1216.1920113050596
 20
-1051.2300506158579
 30
0.0
 70
0
  0
VERTEX
  5
1176
  8
CUT
 10
1216.4982391199992
 20
-1050.618285374717
 30
0.0
 70
0
  0
VERTEX
  5
1177
  8
CUT
 10
1216.667428614019
 20
-1049.9554074824746
 30
0.0
 70
0
  0
VERTEX
  5
1178
  8
CUT
 10
1216.6918467667526
 20
-1049.2717146137625
 30
0.0
 70
0
  0
VERTEX
  5
1179
  8
CUT
 10
1216.5703775155664
 20
-1048.5984558181074
 30
0.0
 70
0
  0
VERTEX
  5
117A
  8
CUT
 10
1216.3085727666153
 20
-1047.9664032424957
 30
0.0
 70
0
  0
VERTEX
  5
117B
  8
CUT
 10
1215.9183986379335
 20
-1047.4044456513752
 30
0.0
 70
0
  0
VERTEX
  5
117C
  8
CUT
 10
1215.4176885328363
 20
-1046.938268029042
 30
0.0
 70
0
  0
VERTEX
  5
117D
  8
CUT
 10
1214.829328041606
 20
-1046.5891776148655
 30
0.0
 70
0
  0
VERTEX
  5
117E
  8
CUT
 10
1214.1802089265695
 20
-1046.3731300288923
 30
0.0
 70
0
  0
VERTEX
  5
117F
  8
CUT
 10
1213.5
 20
-1046.3
 30
0.0
 70
0
  0
VERTEX
  5
1180
  8
CUT
 10
1213.5
 20
-1033.7
 30
0.0
 70
0
  0
VERTEX
  5
1181
  8
CUT
 10
1214.1802089265695
 20
-1033.6268699711077
 30
0.0
 70
0
  0
VERTEX
  5
1182
  8
CUT
 10
1214.829328041606
 20
-1033.4108223851345
 30
0.0
 70
0
  0
VERTEX
  5
1183
  8
CUT
 10
1215.4176885328363
 20
-1033.061731970958
 30
0.0
 70
0
  0
VERTEX
  5
1184
  8
CUT
 10
1215.9183986379335
 20
-1032.5955543486248
 30
0.0
 70
0
  0
VERTEX
  5
1185
  8
CUT
 10
1216.3085727666153
 20
-1032.0335967575043
 30
0.0
 70
0
  0
VERTEX
  5
1186
  8
CUT
 10
1216.5703775155664
 20
-1031.4015441818926
 30
0.0
 70
0
  0
VERTEX
  5
1187
  8
CUT
 10
1216.6918467667526
 20
-1030.7282853862375
 30
0.0
 70
0
  0
VERTEX
  5
1188
  8
CUT
 10
1216.667428614019
 20
-1030.0445925175254
 30
0.0
 70
0
  0
VERTEX
  5
1189
  8
CUT
 10
1216.4982391199992
 20
-1029.381714625283
 30
0.0
 70
0
  0
VERTEX
  5
118A
  8
CUT
 10
1216.1920113050596
 20
-1028.7699493841421
 30
0.0
 70
0
  0
VERTEX
  5
118B
  8
CUT
 10
1215.7627416997968
 20
-1028.2372583002032
 30
0.0
 70
0
  0
VERTEX
  5
118C
  8
CUT
 10
1215.2300506158579
 20
-1027.8079886949404
 30
0.0
 70
0
  0
VERTEX
  5
118D
  8
CUT
 10
1214.618285374717
 20
-1027.5017608800008
 30
0.0
 70
0
  0
VERTEX
  5
118E
  8
CUT
 10
1213.9554074824746
 20
-1027.332571385981
 30
0.0
 70
0
  0
VERTEX
  5
118F
  8
CUT
 10
1213.2717146137625
 20
-1027.3081532332474
 30
0.0
 70
0
  0
VERTEX
  5
1190
  8
CUT
 10
1212.5984558181074
 20
-1027.4296224844336
 30
0.0
 70
0
  0
VERTEX
  5
1191
  8
CUT
 10
1211.9664032424957
 20
-1027.6914272333847
 30
0.0
 70
0
  0
VERTEX
  5
1192
  8
CUT
 10
1211.4044456513752
 20
-1028.0816013620665
 30
0.0
 70
0
  0
VERTEX
  5
1193
  8
CUT
 10
1210.938268029042
 20
-1028.5823114671637
 30
0.0
 70
0
  0
VERTEX
  5
1194
  8
CUT
 10
1210.5891776148655
 20
-1029.170671958394
 30
0.0
 70
0
  0
VERTEX
  5
1195
  8
CUT
 10
1210.3731300288923
 20
-1029.8197910734305
 30
0.0
 70
0
  0
VERTEX
  5
1196
  8
CUT
 10
1210.3000000000002
 20
-1030.5
 30
0.0
 70
0
  0
VERTEX
  5
1197
  8
CUT
 10
1175.7
 20
-1030.5
 30
0.0
 70
0
  0
VERTEX
  5
1198
  8
CUT
 10
1175.6268699711077
 20
-1029.8197910734305
 30
0.0
 70
0
  0
VERTEX
  5
1199
  8
CUT
 10
1175.4108223851345
 20
-1029.170671958394
 30
0.0
 70
0
  0
VERTEX
  5
119A
  8
CUT
 10
1175.061731970958
 20
-1028.5823114671637
 30
0.0
 70
0
  0
VERTEX
  5
119B
  8
CUT
 10
1174.595554348625
 20
-1028.0816013620663
 30
0.0
 70
0
  0
VERTEX
  5
119C
  8
CUT
 10
1174.0335967575043
 20
-1027.6914272333847
 30
0.0
 70
0
  0
VERTEX
  5
119D
  8
CUT
 10
1173.4015441818926
 20
-1027.4296224844336
 30
0.0
 70
0
  0
VERTEX
  5
119E
  8
CUT
 10
1172.7282853862375
 20
-1027.3081532332471
 30
0.0
 70
0
  0
VERTEX
  5
119F
  8
CUT
 10
1172.0445925175254
 20
-1027.332571385981
 30
0.0
 70
0
  0
VERTEX
  5
11A0
  8
CUT
 10
1171.381714625283
 20
-1027.5017608800008
 30
0.0
 70
0
  0
VERTEX
  5
11A1
  8
CUT
 10
1170.7699493841421
 20
-1027.8079886949401
 30
0.0
 70
0
  0
VERTEX
  5
11A2
  8
CUT
 10
1170.237258300203
 20
-1028.237258300203
 30
0.0
 70
0
  0
VERTEX
  5
11A3
  8
CUT
 10
1169.8079886949401
 20
-1028.7699493841421
 30
0.0
 70
0
  0
VERTEX
  5
11A4
  8
CUT
 10
1169.5017608800008
 20
-1029.381714625283
 30
0.0
 70
0
  0
VERTEX
  5
11A5
  8
CUT
 10
1169.332571385981
 20
-1030.0445925175254
 30
0.0
 70
0
  0
VERTEX
  5
11A6
  8
CUT
 10
1169.3081532332471
 20
-1030.7282853862375
 30
0.0
 70
0
  0
VERTEX
  5
11A7
  8
CUT
 10
1169.4296224844336
 20
-1031.4015441818926
 30
0.0
 70
0
  0
VERTEX
  5
11A8
  8
CUT
 10
1169.6914272333847
 20
-1032.0335967575043
 30
0.0
 70
0
  0
VERTEX
  5
11A9
  8
CUT
 10
1170.0816013620663
 20
-1032.595554348625
 30
0.0
 70
0
  0
VERTEX
  5
11AA
  8
CUT
 10
1170.5823114671637
 20
-1033.061731970958
 30
0.0
 70
0
  0
VERTEX
  5
11AB
  8
CUT
 10
1171.170671958394
 20
-1033.4108223851345
 30
0.0
 70
0
  0
VERTEX
  5
11AC
  8
CUT
 10
1171.8197910734305
 20
-1033.6268699711077
 30
0.0
 70
0
  0
VERTEX
  5
11AD
  8
CUT
 10
1172.5
 20
-1033.7
 30
0.0
 70
0
  0
VERTEX
  5
11AE
  8
CUT
 10
1172.5
 20
-1046.3
 30
0.0
 70
0
  0
VERTEX
  5
11AF
  8
CUT
 10
1171.8197910734305
 20
-1046.3731300288923
 30
0.0
 70
0
  0
VERTEX
  5
11B0
  8
CUT
 10
1171.170671958394
 20
-1046.5891776148655
 30
0.0
 70
0
  0
VERTEX
  5
11B1
  8
CUT
 10
1170.5823114671637
 20
-1046.938268029042
 30
0.0
 70
0
  0
VERTEX
  5
11B2
  8
CUT
 10
1170.0816013620663
 20
-1047.404445651375
 30
0.0
 70
0
  0
VERTEX
  5
11B3
  8
CUT
 10
1169.6914272333847
 20
-1047.9664032424957
 30
0.0
 70
0
  0
VERTEX
  5
11B4
  8
CUT
 10
1169.4296224844336
 20
-1048.5984558181074
 30
0.0
 70
0
  0
VERTEX
  5
11B5
  8
CUT
 10
1169.3081532332471
 20
-1049.2717146137625
 30
0.0
 70
0
  0
VERTEX
  5
11B6
  8
CUT
 10
1169.332571385981
 20
-1049.9554074824746
 30
0.0
 70
0
  0
VERTEX
  5
11B7
  8
CUT
 10
1169.5017608800008
 20
-1050.618285374717
 30
0.0
 70
0
  0
VERTEX
  5
11B8
  8
CUT
 10
1169.8079886949401
 20
-1051.2300506158579
 30
0.0
 70
0
  0
VERTEX
  5
11B9
  8
CUT
 10
1170.237258300203
 20
-1051.762741699797
 30
0.0
 70
0
  0
VERTEX
  5
11BA
  8
CUT
 10
1170.7699493841421
 20
-1052.1920113050599
 30
0.0
 70
0
  0
VERTEX
  5
11BB
  8
CUT
 10
1171.381714625283
 20
-1052.4982391199992
 30
0.0
 70
0
  0
VERTEX
  5
11BC
  8
CUT
 10
1172.0445925175254
 20
-1052.667428614019
 30
0.0
 70
0
  0
VERTEX
  5
11BD
  8
CUT
 10
1172.7282853862375
 20
-1052.6918467667529
 30
0.0
 70
0
  0
VERTEX
  5
11BE
  8
CUT
 10
1173.4015441818926
 20
-1052.5703775155664
 30
0.0
 70
0
  0
VERTEX
  5
11BF
  8
CUT
 10
1174.0335967575043
 20
-1052.3085727666153
 30
0.0
 70
0
  0
VERTEX
  5
11C0
  8
CUT
 10
1174.595554348625
 20
-1051.9183986379337
 30
0.0
 70
0
  0
VERTEX
  5
11C1
  8
CUT
 10
1175.061731970958
 20
-1051.4176885328363
 30
0.0
 70
0
  0
VERTEX
  5
11C2
  8
CUT
 10
1175.4108223851345
 20
-1050.829328041606
 30
0.0
 70
0
  0
VERTEX
  5
11C3
  8
CUT
 10
1175.6268699711077
 20
-1050.1802089265695
 30
0.0
 70
0
  0
VERTEX
  5
11C4
  8
CUT
 10
1175.7
 20
-1049.5
 30
0.0
 70
0
  0
SEQEND
  5
1168
  8
CUT
  0
POLYLINE
  5
11C5
  8
CUT
 66
1
 10
0.0
 20
0.0
 30
0.0
 70
1
  0
VERTEX
  5
11C7
  8
CUT
 10
1010.3
 20
-1049.5
 30
0.0
 70
0
  0
VERTEX
  5
11C8
  8
CUT
 10
1010.3731300288922
 20
-1050.1802089265695
 30
0.0
 70
0
  0
VERTEX
  5
11C9
  8
CUT
 10
1010.5891776148655
 20
-1050.829328041606
 30
0.0
 70
0
  0
VERTEX
  5
11CA
  8
CUT
 10
1010.938268029042
 20
-1051.4176885328363
 30
0.0
 70
0
  0
VERTEX
  5
11CB
  8
CUT
 10
1011.4044456513751
 20
-1051.9183986379337
 30
0.0
 70
0
  0
VERTEX
  5
11CC
  8
CUT
 10
1011.9664032424957
 20
-1052.3085727666153
 30
0.0
 70
0
  0
VERTEX
  5
11CD
  8
CUT
 10
1012.5984558181074
 20
-1052.5703775155664
 30
0.0
 70
0
  0
VERTEX
  5
11CE
  8
CUT
 10
1013.2717146137625
 20
-1052.6918467667529
 30
0.0
 70
0
  0
VERTEX
  5
11CF
  8
CUT
 10
1013.9554074824745
 20
-1052.667428614019
 30
0.0
 70
0
  0
VERTEX
  5
11D0
  8
CUT
 10
1014.6182853747172
 20
-1052.4982391199992
 30
0.0
 70
0
  0
VERTEX
  5
11D1
  8
CUT
 10
1015.230050615858
 20
-1052.1920113050599
 30
0.0
 70
0
  0
VERTEX
  5
11D2
  8
CUT
 10
1015.762741699797
 20
-1051.762741699797
 30
0.0
 70
0
  0
VERTEX
  5
11D3
  8
CUT
 10
1016.1920113050599
 20
-1051.2300506158579
 30
0.0
 70
0
  0
VERTEX
  5
11D4
  8
CUT
 10
1016.4982391199993
 20
-1050.618285374717
 30
0.0
 70
0
  0
VERTEX
  5
11D5
  8
CUT
 10
1016.6674286140191
 20
-1049.9554074824746
 30
0.0
 70
0
  0
VERTEX
  5
11D6
  8
CUT
 10
1016.6918467667529
 20
-1049.2717146137625
 30
0.0
 70
0
  0
VERTEX
  5
11D7
  8
CUT
 10
1016.5703775155664
 20
-1048.5984558181074
 30
0.0
 70
0
  0
VERTEX
  5
11D8
  8
CUT
 10
1016.3085727666153
 20
-1047.9664032424957
 30
0.0
 70
0
  0
VERTEX
  5
11D9
  8
CUT
 10
1015.9183986379337
 20
-1047.404445651375
 30
0.0
 70
0
  0
VERTEX
  5
11DA
  8
CUT
 10
1015.4176885328363
 20
-1046.938268029042
 30
0.0
 70
0
  0
VERTEX
  5
11DB
  8
CUT
 10
1014.829328041606
 20
-1046.5891776148655
 30
0.0
 70
0
  0
VERTEX
  5
11DC
  8
CUT
 10
1014.1802089265695
 20
-1046.3731300288923
 30
0.0
 70
0
  0
VERTEX
  5
11DD
  8
CUT
 10
1013.5
 20
-1046.3
 30
0.0
 70
0
  0
VERTEX
  5
11DE
  8
CUT
 10
1013.5
 20
-1033.7
 30
0.0
 70
0
  0
VERTEX
  5
11DF
  8
CUT
 10
1014.1802089265695
 20
-1033.6268699711077
 30
0.0
 70
0
  0
VERTEX
  5
11E0
  8
CUT
 10
1014.829328041606
 20
-1033.4108223851345
 30
0.0
 70
0
  0
VERTEX
  5
11E1
  8
CUT
 10
1015.4176885328363
 20
-1033.061731970958
 30
0.0
 70
0
  0
VERTEX
  5
11E2
  8
CUT
 10
1015.9183986379337
 20
-1032.595554348625
 30
0.0
 70
0
  0
VERTEX
  5
11E3
  8
CUT
 10
1016.3085727666153
 20
-1032.0335967575043
 30
0.0
 70
0
  0
VERTEX
  5
11E4
  8
CUT
 10
1016.5703775155664
 20
-1031.4015441818926
 30
0.0
 70
0
  0
VERTEX
  5
11E5
  8
CUT
 10
1016.6918467667529
 20
-1030.7282853862375
 30
0.0
 70
0
  0
VERTEX
  5
11E6
  8
CUT
 10
1016.6674286140191
 20
-1030.0445925175254
 30
0.0
 70
0
  0
VERTEX
  5
11E7
  8
CUT
 10
1016.4982391199993
 20
-1029.381714625283
 30
0.0
 70
0
  0
VERTEX
  5
11E8
  8
CUT
 10
1016.1920113050599
 20
-1028.7699493841421
 30
0.0
 70
0
  0
VERTEX
  5
11E9
  8
CUT
 10
1015.762741699797
 20
-1028.237258300203
 30
0.0
 70
0
  0
VERTEX
  5
11EA
  8
CUT
 10
1015.230050615858
 20
-1027.8079886949401
 30
0.0
 70
0
  0
VERTEX
  5
11EB
  8
CUT
 10
1014.6182853747172
 20
-1027.5017608800008
 30
0.0
 70
0
  0
VERTEX
  5
11EC
  8
CUT
 10
1013.9554074824745
 20
-1027.332571385981
 30
0.0
 70
0
  0
VERTEX
  5
11ED
  8
CUT
 10
1013.2717146137625
 20
-1027.3081532332471
 30
0.0
 70
0
  0
VERTEX
  5
11EE
  8
CUT
 10
1012.5984558181074
 20
-1027.4296224844336
 30
0.0
 70
0
  0
VERTEX
  5
11EF
  8
CUT
 10
1011.9664032424957
 20
-1027.6914272333847
 30
0.0
 70
0
  0
VERTEX
  5
11F0
  8
CUT
 10
1011.4044456513751
 20
-1028.0816013620663
 30
0.0
 70
0
  0
VERTEX
  5
11F1
  8
CUT
 10
1010.938268029042
 20
-1028.5823114671637
 30
0.0
 70
0
  0
VERTEX
  5
11F2
  8
CUT
 10
1010.5891776148655
 20
-1029.170671958394
 30
0.0
 70
0
  0
VERTEX
  5
11F3
  8
CUT
 10
1010.3731300288922
 20
-1029.8197910734305
 30
0.0
 70
0
  0
VERTEX
  5
11F4
  8
CUT
 10
1010.3
 20
-1030.5
 30
0.0
 70
0
  0
VERTEX
  5
11F5
  8
CUT
 10
975.7
 20
-1030.5
 30
0.0
 70
0
  0
VERTEX
  5
11F6
  8
CUT
 10
975.6268699711078
 20
-1029.8197910734305
 30
0.0
 70
0
  0
VERTEX
  5
11F7
  8
CUT
 10
975.4108223851345
 20
-1029.170671958394
 30
0.0
 70
0
  0
VERTEX
  5
11F8
  8
CUT
 10
975.061731970958
 20
-1028.5823114671637
 30
0.0
 70
0
  0
VERTEX
  5
11F9
  8
CUT
 10
974.5955543486249
 20
-1028.0816013620663
 30
0.0
 70
0
  0
VERTEX
  5
11FA
  8
CUT
 10
974.0335967575043
 20
-1027.6914272333847
 30
0.0
 70
0
  0
VERTEX
  5
11FB
  8
CUT
 10
973.4015441818926
 20
-1027.4296224844336
 30
0.0
 70
0
  0
VERTEX
  5
11FC
  8
CUT
 10
972.7282853862375
 20
-1027.3081532332471
 30
0.0
 70
0
  0
VERTEX
  5
11FD
  8
CUT
 10
972.0445925175255
 20
-1027.332571385981
 30
0.0
 70
0
  0
VERTEX
  5
11FE
  8
CUT
 10
971.3817146252828
 20
-1027.5017608800008
 30
0.0
 70
0
  0
VERTEX
  5
11FF
  8
CUT
 10
970.769949384142
 20
-1027.8079886949401
 30
0.0
 70
0
  0
VERTEX
  5
1200
  8
CUT
 10
970.237258300203
 20
-1028.237258300203
 30
0.0
 70
0
  0
VERTEX
  5
1201
  8
CUT
 10
969.8079886949401
 20
-1028.7699493841421
 30
0.0
 70
0
  0
VERTEX
  5
1202
  8
CUT
 10
969.5017608800007
 20
-1029.381714625283
 30
0.0
 70
0
  0
VERTEX
  5
1203
  8
CUT
 10
969.3325713859809
 20
-1030.0445925175254
 30
0.0
 70
0
  0
VERTEX
  5
1204
  8
CUT
 10
969.3081532332471
 20
-1030.7282853862375
 30
0.0
 70
0
  0
VERTEX
  5
1205
  8
CUT
 10
969.4296224844336
 20
-1031.4015441818926
 30
0.0
 70
0
  0
VERTEX
  5
1206
  8
CUT
 10
969.6914272333847
 20
-1032.0335967575043
 30
0.0
 70
0
  0
VERTEX
  5
1207
  8
CUT
 10
970.0816013620663
 20
-1032.595554348625
 30
0.0
 70
0
  0
VERTEX
  5
1208
  8
CUT
 10
970.5823114671637
 20
-1033.061731970958
 30
0.0
 70
0
  0
VERTEX
  5
1209
  8
CUT
 10
971.170671958394
 20
-1033.4108223851345
 30
0.0
 70
0
  0
VERTEX
  5
120A
  8
CUT
 10
971.8197910734305
 20
-1033.6268699711077
 30
0.0
 70
0
  0
VERTEX
  5
120B
  8
CUT
 10
972.5
 20
-1033.7
 30
0.0
 70
0
  0
VERTEX
  5
120C
  8
CUT
 10
972.5
 20
-1046.3
 30
0.0
 70
0
  0
VERTEX
  5
120D
  8
CUT
 10
971.8197910734305
 20
-1046.3731300288923
 30
0.0
 70
0
  0
VERTEX
  5
120E
  8
CUT
 10
971.170671958394
 20
-1046.5891776148655
 30
0.0
 70
0
  0
VERTEX
  5
120F
  8
CUT
 10
970.5823114671637
 20
-1046.938268029042
 30
0.0
 70
0
  0
VERTEX
  5
1210
  8
CUT
 10
970.0816013620663
 20
-1047.404445651375
 30
0.0
 70
0
  0
VERTEX
  5
1211
  8
CUT
 10
969.6914272333847
 20
-1047.9664032424957
 30
0.0
 70
0
  0
VERTEX
  5
1212
  8
CUT
 10
969.4296224844336
 20
-1048.5984558181074
 30
0.0
 70
0
  0
VERTEX
  5
1213
  8
CUT
 10
969.3081532332471
 20
-1049.2717146137625
 30
0.0
 70
0
  0
VERTEX
  5
1214
  8
CUT
 10
969.3325713859809
 20
-1049.9554074824746
 30
0.0
 70
0
  0
VERTEX
  5
1215
  8
CUT
 10
969.5017608800007
 20
-1050.618285374717
 30
0.0
 70
0
  0
VERTEX
  5
1216
  8
CUT
 10
969.8079886949401
 20
-1051.2300506158579
 30
0.0
 70
0
  0
VERTEX
  5
1217
  8
CUT
 10
970.237258300203
 20
-1051.762741699797
 30
0.0
 70
0
  0
VERTEX
  5
1218
  8
CUT
 10
970.769949384142
 20
-1052.1920113050599
 30
0.0
 70
0
  0
VERTEX
  5
1219
  8
CUT
 10
971.3817146252828
 20
-1052.4982391199992
 30
0.0
 70
0
  0
VERTEX
  5
121A
  8
CUT
 10
972.0445925175255
 20
-1052.667428614019
 30
0.0
 70
0
  0
VERTEX
  5
121B
  8
CUT
 10
972.7282853862375
 20
-1052.6918467667529
 30
0.0
 70
0
  0
VERTEX
  5
121C
  8
CUT
 10
973.4015441818926
 20
-1052.5703775155664
 30
0.0
 70
0
  0
VERTEX
  5
121D
  8
CUT
 10
974.0335967575043
 20
-1052.3085727666153
 30
0.0
 70
0
  0
VERTEX
  5
121E
  8
CUT
 10
974.5955543486249
 20
-1051.9183986379337
 30
0.0
 70
0
  0
VERTEX
  5
121F
  8
CUT
 10
975.061731970958
 20
-1051.4176885328363
 30
0.0
 70
0
  0
VERTEX
  5
1220
  8
CUT
 10
975.4108223851345
 20
-1050.829328041606
 30
0.0
 70
0
  0
VERTEX
  5
1221
  8
CUT
 10
975.6268699711078
 20
-1050.1802089265695
 30
0.0
 70
0
  0
VERTEX
  5
1222
  8
CUT
 10
975.7
 20
-1049.5
 30
0.0
 70
0
  0
SEQEND
  5
11C6
  8
CUT
  0
POLYLINE
  5
1223
  8
CUT
 66
1
 10
0.0
 20
0.0
 30
0.0
 70
1
  0
VERTEX
  5
1225
  8
CUT
 10
1210.3000000000002
 20
-839.5
 30
0.0
 70
0
  0
VERTEX
  5
1226
  8
CUT
 10
1210.3731300288923
 20
-840.1802089265695
 30
0.0
 70
0
  0
VERTEX
  5
1227
  8
CUT
 10
1210.5891776148655
 20
-840.829328041606
 30
0.0
 70
0
  0
VERTEX
  5
1228
  8
CUT
 10
1210.938268029042
 20
-841.4176885328362
 30
0.0
 70
0
  0
VERTEX
  5
1229
  8
CUT
 10
1211.4044456513752
 20
-841.9183986379336
 30
0.0
 70
0
  0
VERTEX
  5
122A
  8
CUT
 10
1211.966403242496
 20
-842.308572766615
 30
0.0
 70
0
  0
VERTEX
  5
122B
  8
CUT
 10
1212.5984558181076
 20
-842.5703775155663
 30
0.0
 70
0
  0
VERTEX
  5
122C
  8
CUT
 10
1213.2717146137625
 20
-842.6918467667526
 30
0.0
 70
0
  0
VERTEX
  5
122D
  8
CUT
 10
1213.9554074824746
 20
-842.6674286140188
 30
0.0
 70
0
  0
VERTEX
  5
122E
  8
CUT
 10
1214.6182853747173
 20
-842.498239119999
 30
0.0
 70
0
  0
VERTEX
  5
122F
  8
CUT
 10
1215.2300506158579
 20
-842.1920113050595
 30
0.0
 70
0
  0
VERTEX
  5
1230
  8
CUT
 10
1215.762741699797
 20
-841.7627416997967
 30
0.0
 70
0
  0
VERTEX
  5
1231
  8
CUT
 10
1216.1920113050599
 20
-841.2300506158576
 30
0.0
 70
0
  0
VERTEX
  5
1232
  8
CUT
 10
1216.4982391199992
 20
-840.6182853747168
 30
0.0
 70
0
  0
VERTEX
  5
1233
  8
CUT
 10
1216.667428614019
 20
-839.9554074824742
 30
0.0
 70
0
  0
VERTEX
  5
1234
  8
CUT
 10
1216.6918467667526
 20
-839.2717146137622
 30
0.0
 70
0
  0
VERTEX
  5
1235
  8
CUT
 10
1216.5703775155664
 20
-838.5984558181073
 30
0.0
 70
0
  0
VERTEX
  5
1236
  8
CUT
 10
1216.308572766615
 20
-837.9664032424956
 30
0.0
 70
0
  0
VERTEX
  5
1237
  8
CUT
 10
1215.9183986379335
 20
-837.4044456513749
 30
0.0
 70
0
  0
VERTEX
  5
1238
  8
CUT
 10
1215.417688532836
 20
-836.9382680290419
 30
0.0
 70
0
  0
VERTEX
  5
1239
  8
CUT
 10
1214.829328041606
 20
-836.5891776148654
 30
0.0
 70
0
  0
VERTEX
  5
123A
  8
CUT
 10
1214.1802089265693
 20
-836.3731300288922
 30
0.0
 70
0
  0
VERTEX
  5
123B
  8
CUT
 10
1213.5
 20
-836.3
 30
0.0
 70
0
  0
VERTEX
  5
123C
  8
CUT
 10
1213.5
 20
-823.7
 30
0.0
 70
0
  0
VERTEX
  5
123D
  8
CUT
 10
1214.1802089265695
 20
-823.6268699711078
 30
0.0
 70
0
  0
VERTEX
  5
123E
  8
CUT
 10
1214.829328041606
 20
-823.4108223851346
 30
0.0
 70
0
  0
VERTEX
  5
123F
  8
CUT
 10
1215.4176885328363
 20
-823.061731970958
 30
0.0
 70
0
  0
VERTEX
  5
1240
  8
CUT
 10
1215.9183986379335
 20
-822.595554348625
 30
0.0
 70
0
  0
VERTEX
  5
1241
  8
CUT
 10
1216.3085727666153
 20
-822.0335967575043
 30
0.0
 70
0
  0
VERTEX
  5
1242
  8
CUT
 10
1216.5703775155664
 20
-821.4015441818926
 30
0.0
 70
0
  0
VERTEX
  5
1243
  8
CUT
 10
1216.6918467667526
 20
-820.7282853862376
 30
0.0
 70
0
  0
VERTEX
  5
1244
  8
CUT
 10
1216.667428614019
 20
-820.0445925175256
 30
0.0
 70
0
  0
VERTEX
  5
1245
  8
CUT
 10
1216.4982391199992
 20
-819.381714625283
 30
0.0
 70
0
  0
VERTEX
  5
1246
  8
CUT
 10
1216.1920113050596
 20
-818.7699493841423
 30
0.0
 70
0
  0
VERTEX
  5
1247
  8
CUT
 10
1215.7627416997968
 20
-818.2372583002032
 30
0.0
 70
0
  0
VERTEX
  5
1248
  8
CUT
 10
1215.2300506158579
 20
-817.8079886949404
 30
0.0
 70
0
  0
VERTEX
  5
1249
  8
CUT
 10
1214.618285374717
 20
-817.5017608800009
 30
0.0
 70
0
  0
VERTEX
  5
124A
  8
CUT
 10
1213.9554074824746
 20
-817.3325713859812
 30
0.0
 70
0
  0
VERTEX
  5
124B
  8
CUT
 10
1213.2717146137625
 20
-817.3081532332474
 30
0.0
 70
0
  0
VERTEX
  5
124C
  8
CUT
 10
1212.5984558181074
 20
-817.4296224844338
 30
0.0
 70
0
  0
VERTEX
  5
124D
  8
CUT
 10
1211.9664032424957
 20
-817.691427233385
 30
0.0
 70
0
  0
VERTEX
  5
124E
  8
CUT
 10
1211.4044456513752
 20
-818.0816013620665
 30
0.0
 70
0
  0
VERTEX
  5
124F
  8
CUT
 10
1210.938268029042
 20
-818.5823114671639
 30
0.0
 70
0
  0
VERTEX
  5
1250
  8
CUT
 10
1210.5891776148655
 20
-819.1706719583941
 30
0.0
 70
0
  0
VERTEX
  5
1251
  8
CUT
 10
1210.3731300288923
 20
-819.8197910734306
 30
0.0
 70
0
  0
VERTEX
  5
1252
  8
CUT
 10
1210.3000000000002
 20
-820.5
 30
0.0
 70
0
  0
VERTEX
  5
1253
  8
CUT
 10
1175.7
 20
-820.5
 30
0.0
 70
0
  0
VERTEX
  5
1254
  8
CUT
 10
1175.6268699711077
 20
-819.8197910734305
 30
0.0
 70
0
  0
VERTEX
  5
1255
  8
CUT
 10
1175.4108223851345
 20
-819.170671958394
 30
0.0
 70
0
  0
VERTEX
  5
1256
  8
CUT
 10
1175.061731970958
 20
-818.5823114671637
 30
0.0
 70
0
  0
VERTEX
  5
1257
  8
CUT
 10
1174.595554348625
 20
-818.0816013620663
 30
0.0
 70
0
  0
VERTEX
  5
1258
  8
CUT
 10
1174.0335967575043
 20
-817.6914272333847
 30
0.0
 70
0
  0
VERTEX
  5
1259
  8
CUT
 10
1173.4015441818926
 20
-817.4296224844336
 30
0.0
 70
0
  0
VERTEX
  5
125A
  8
CUT
 10
1172.7282853862375
 20
-817.3081532332471
 30
0.0
 70
0
  0
VERTEX
  5
125B
  8
CUT
 10
1172.0445925175254
 20
-817.3325713859809
 30
0.0
 70
0
  0
VERTEX
  5
125C
  8
CUT
 10
1171.381714625283
 20
-817.5017608800007
 30
0.0
 70
0
  0
VERTEX
  5
125D
  8
CUT
 10
1170.7699493841421
 20
-817.8079886949401
 30
0.0
 70
0
  0
VERTEX
  5
125E
  8
CUT
 10
1170.237258300203
 20
-818.237258300203
 30
0.0
 70
0
  0
VERTEX
  5
125F
  8
CUT
 10
1169.8079886949401
 20
-818.769949384142
 30
0.0
 70
0
  0
VERTEX
  5
1260
  8
CUT
 10
1169.5017608800008
 20
-819.3817146252828
 30
0.0
 70
0
  0
VERTEX
  5
1261
  8
CUT
 10
1169.332571385981
 20
-820.0445925175255
 30
0.0
 70
0
  0
VERTEX
  5
1262
  8
CUT
 10
1169.3081532332471
 20
-820.7282853862375
 30
0.0
 70
0
  0
VERTEX
  5
1263
  8
CUT
 10
1169.4296224844336
 20
-821.4015441818926
 30
0.0
 70
0
  0
VERTEX
  5
1264
  8
CUT
 10
1169.6914272333847
 20
-822.0335967575043
 30
0.0
 70
0
  0
VERTEX
  5
1265
  8
CUT
 10
1170.0816013620663
 20
-822.5955543486249
 30
0.0
 70
0
  0
VERTEX
  5
1266
  8
CUT
 10
1170.5823114671637
 20
-823.061731970958
 30
0.0
 70
0
  0
VERTEX
  5
1267
  8
CUT
 10
1171.170671958394
 20
-823.4108223851345
 30
0.0
 70
0
  0
VERTEX
  5
1268
  8
CUT
 10
1171.8197910734305
 20
-823.6268699711078
 30
0.0
 70
0
  0
VERTEX
  5
1269
  8
CUT
 10
1172.5
 20
-823.7
 30
0.0
 70
0
  0
VERTEX
  5
126A
  8
CUT
 10
1172.5
 20
-836.3
 30
0.0
 70
0
  0
VERTEX
  5
126B
  8
CUT
 10
1171.8197910734305
 20
-836.3731300288922
 30
0.0
 70
0
  0
VERTEX
  5
126C
  8
CUT
 10
1171.170671958394
 20
-836.5891776148655
 30
0.0
 70
0
  0
VERTEX
  5
126D
  8
CUT
 10
1170.5823114671637
 20
-836.938268029042
 30
0.0
 70
0
  0
VERTEX
  5
126E
  8
CUT
 10
1170.0816013620663
 20
-837.4044456513751
 30
0.0
 70
0
  0
VERTEX
  5
126F
  8
CUT
 10
1169.6914272333847
 20
-837.9664032424957
 30
0.0
 70
0
  0
VERTEX
  5
1270
  8
CUT
 10
1169.4296224844336
 20
-838.5984558181074
 30
0.0
 70
0
  0
VERTEX
  5
1271
  8
CUT
 10
1169.3081532332471
 20
-839.2717146137625
 30
0.0
 70
0
  0
VERTEX
  5
1272
  8
CUT
 10
1169.332571385981
 20
-839.9554074824745
 30
0.0
 70
0
  0
VERTEX
  5
1273
  8
CUT
 10
1169.5017608800008
 20
-840.6182853747172
 30
0.0
 70
0
  0
VERTEX
  5
1274
  8
CUT
 10
1169.8079886949401
 20
-841.230050615858
 30
0.0
 70
0
  0
VERTEX
  5
1275
  8
CUT
 10
1170.237258300203
 20
-841.762741699797
 30
0.0
 70
0
  0
VERTEX
  5
1276
  8
CUT
 10
1170.7699493841421
 20
-842.1920113050599
 30
0.0
 70
0
  0
VERTEX
  5
1277
  8
CUT
 10
1171.381714625283
 20
-842.4982391199993
 30
0.0
 70
0
  0
VERTEX
  5
1278
  8
CUT
 10
1172.0445925175254
 20
-842.6674286140191
 30
0.0
 70
0
  0
VERTEX
  5
1279
  8
CUT
 10
1172.7282853862375
 20
-842.6918467667529
 30
0.0
 70
0
  0
VERTEX
  5
127A
  8
CUT
 10
1173.4015441818926
 20
-842.5703775155664
 30
0.0
 70
0
  0
VERTEX
  5
127B
  8
CUT
 10
1174.0335967575043
 20
-842.3085727666153
 30
0.0
 70
0
  0
VERTEX
  5
127C
  8
CUT
 10
1174.595554348625
 20
-841.9183986379337
 30
0.0
 70
0
  0
VERTEX
  5
127D
  8
CUT
 10
1175.061731970958
 20
-841.4176885328363
 30
0.0
 70
0
  0
VERTEX
  5
127E
  8
CUT
 10
1175.4108223851345
 20
-840.829328041606
 30
0.0
 70
0
  0
VERTEX
  5
127F
  8
CUT
 10
1175.6268699711077
 20
-840.1802089265695
 30
0.0
 70
0
  0
VERTEX
  5
1280
  8
CUT
 10
1175.7
 20
-839.5
 30
0.0
 70
0
  0
SEQEND
  5
1224
  8
CUT
  0
POLYLINE
  5
1281
  8
CUT
 66
1
 10
0.0
 20
0.0
 30
0.0
 70
1
  0
VERTEX
  5
1283
  8
CUT
 10
1010.3000000000001
 20
-839.5
 30
0.0
 70
0
  0
VERTEX
  5
1284
  8
CUT
 10
1010.3731300288924
 20
-840.1802089265695
 30
0.0
 70
0
  0
VERTEX
  5
1285
  8
CUT
 10
1010.5891776148657
 20
-840.829328041606
 30
0.0
 70
0
  0
VERTEX
  5
1286
  8
CUT
 10
1010.9382680290422
 20
-841.4176885328363
 30
0.0
 70
0
  0
VERTEX
  5
1287
  8
CUT
 10
1011.4044456513752
 20
-841.9183986379336
 30
0.0
 70
0
  0
VERTEX
  5
1288
  8
CUT
 10
1011.966403242496
 20
-842.3085727666152
 30
0.0
 70
0
  0
VERTEX
  5
1289
  8
CUT
 10
1012.5984558181076
 20
-842.5703775155664
 30
0.0
 70
0
  0
VERTEX
  5
128A
  8
CUT
 10
1013.2717146137626
 20
-842.6918467667527
 30
0.0
 70
0
  0
VERTEX
  5
128B
  8
CUT
 10
1013.9554074824746
 20
-842.667428614019
 30
0.0
 70
0
  0
VERTEX
  5
128C
  8
CUT
 10
1014.6182853747172
 20
-842.4982391199992
 30
0.0
 70
0
  0
VERTEX
  5
128D
  8
CUT
 10
1015.230050615858
 20
-842.1920113050597
 30
0.0
 70
0
  0
VERTEX
  5
128E
  8
CUT
 10
1015.7627416997971
 20
-841.762741699797
 30
0.0
 70
0
  0
VERTEX
  5
128F
  8
CUT
 10
1016.1920113050599
 20
-841.2300506158579
 30
0.0
 70
0
  0
VERTEX
  5
1290
  8
CUT
 10
1016.4982391199993
 20
-840.6182853747171
 30
0.0
 70
0
  0
VERTEX
  5
1291
  8
CUT
 10
1016.6674286140191
 20
-839.9554074824745
 30
0.0
 70
0
  0
VERTEX
  5
1292
  8
CUT
 10
1016.6918467667529
 20
-839.2717146137625
 30
0.0
 70
0
  0
VERTEX
  5
1293
  8
CUT
 10
1016.5703775155665
 20
-838.5984558181075
 30
0.0
 70
0
  0
VERTEX
  5
1294
  8
CUT
 10
1016.3085727666153
 20
-837.9664032424959
 30
0.0
 70
0
  0
VERTEX
  5
1295
  8
CUT
 10
1015.9183986379337
 20
-837.4044456513751
 30
0.0
 70
0
  0
VERTEX
  5
1296
  8
CUT
 10
1015.4176885328365
 20
-836.9382680290421
 30
0.0
 70
0
  0
VERTEX
  5
1297
  8
CUT
 10
1014.8293280416061
 20
-836.5891776148655
 30
0.0
 70
0
  0
VERTEX
  5
1298
  8
CUT
 10
1014.1802089265697
 20
-836.3731300288923
 30
0.0
 70
0
  0
VERTEX
  5
1299
  8
CUT
 10
1013.5
 20
-836.3
 30
0.0
 70
0
  0
VERTEX
  5
129A
  8
CUT
 10
1013.5
 20
-823.7
 30
0.0
 70
0
  0
VERTEX
  5
129B
  8
CUT
 10
1014.1802089265695
 20
-823.6268699711077
 30
0.0
 70
0
  0
VERTEX
  5
129C
  8
CUT
 10
1014.829328041606
 20
-823.4108223851345
 30
0.0
 70
0
  0
VERTEX
  5
129D
  8
CUT
 10
1015.4176885328363
 20
-823.061731970958
 30
0.0
 70
0
  0
VERTEX
  5
129E
  8
CUT
 10
1015.9183986379337
 20
-822.595554348625
 30
0.0
 70
0
  0
VERTEX
  5
129F
  8
CUT
 10
1016.3085727666153
 20
-822.0335967575043
 30
0.0
 70
0
  0
VERTEX
  5
12A0
  8
CUT
 10
1016.5703775155664
 20
-821.4015441818926
 30
0.0
 70
0
  0
VERTEX
  5
12A1
  8
CUT
 10
1016.6918467667529
 20
-820.7282853862376
 30
0.0
 70
0
  0
VERTEX
  5
12A2
  8
CUT
 10
1016.6674286140191
 20
-820.0445925175256
 30
0.0
 70
0
  0
VERTEX
  5
12A3
  8
CUT
 10
1016.4982391199994
 20
-819.3817146252829
 30
0.0
 70
0
  0
VERTEX
  5
12A4
  8
CUT
 10
1016.19201130506
 20
-818.7699493841421
 30
0.0
 70
0
  0
VERTEX
  5
12A5
  8
CUT
 10
1015.7627416997972
 20
-818.2372583002032
 30
0.0
 70
0
  0
VERTEX
  5
12A6
  8
CUT
 10
1015.2300506158581
 20
-817.8079886949403
 30
0.0
 70
0
  0
VERTEX
  5
12A7
  8
CUT
 10
1014.6182853747173
 20
-817.5017608800008
 30
0.0
 70
0
  0
VERTEX
  5
12A8
  8
CUT
 10
1013.9554074824747
 20
-817.332571385981
 30
0.0
 70
0
  0
VERTEX
  5
12A9
  8
CUT
 10
1013.2717146137627
 20
-817.3081532332471
 30
0.0
 70
0
  0
VERTEX
  5
12AA
  8
CUT
 10
1012.5984558181076
 20
-817.4296224844336
 30
0.0
 70
0
  0
VERTEX
  5
12AB
  8
CUT
 10
1011.9664032424961
 20
-817.6914272333847
 30
0.0
 70
0
  0
VERTEX
  5
12AC
  8
CUT
 10
1011.4044456513753
 20
-818.0816013620663
 30
0.0
 70
0
  0
VERTEX
  5
12AD
  8
CUT
 10
1010.9382680290422
 20
-818.5823114671635
 30
0.0
 70
0
  0
VERTEX
  5
12AE
  8
CUT
 10
1010.5891776148657
 20
-819.1706719583939
 30
0.0
 70
0
  0
VERTEX
  5
12AF
  8
CUT
 10
1010.3731300288924
 20
-819.8197910734303
 30
0.0
 70
0
  0
VERTEX
  5
12B0
  8
CUT
 10
1010.3000000000001
 20
-820.5
 30
0.0
 70
0
  0
VERTEX
  5
12B1
  8
CUT
 10
975.7
 20
-820.5
 30
0.0
 70
0
  0
VERTEX
  5
12B2
  8
CUT
 10
975.6268699711078
 20
-819.8197910734305
 30
0.0
 70
0
  0
VERTEX
  5
12B3
  8
CUT
 10
975.4108223851345
 20
-819.170671958394
 30
0.0
 70
0
  0
VERTEX
  5
12B4
  8
CUT
 10
975.061731970958
 20
-818.5823114671637
 30
0.0
 70
0
  0
VERTEX
  5
12B5
  8
CUT
 10
974.5955543486249
 20
-818.0816013620663
 30
0.0
 70
0
  0
VERTEX
  5
12B6
  8
CUT
 10
974.0335967575043
 20
-817.6914272333847
 30
0.0
 70
0
  0
VERTEX
  5
12B7
  8
CUT
 10
973.4015441818926
 20
-817.4296224844336
 30
0.0
 70
0
  0
VERTEX
  5
12B8
  8
CUT
 10
972.7282853862375
 20
-817.3081532332471
 30
0.0
 70
0
  0
VERTEX
  5
12B9
  8
CUT
 10
972.0445925175255
 20
-817.3325713859809
 30
0.0
 70
0
  0
VERTEX
  5
12BA
  8
CUT
 10
971.3817146252828
 20
-817.5017608800007
 30
0.0
 70
0
  0
VERTEX
  5
12BB
  8
CUT
 10
970.769949384142
 20
-817.8079886949401
 30
0.0
 70
0
  0
VERTEX
  5
12BC
  8
CUT
 10
970.237258300203
 20
-818.237258300203
 30
0.0
 70
0
  0
VERTEX
  5
12BD
  8
CUT
 10
969.8079886949401
 20
-818.769949384142
 30
0.0
 70
0
  0
VERTEX
  5
12BE
  8
CUT
 10
969.5017608800007
 20
-819.3817146252828
 30
0.0
 70
0
  0
VERTEX
  5
12BF
  8
CUT
 10
969.3325713859809
 20
-820.0445925175255
 30
0.0
 70
0
  0
VERTEX
  5
12C0
  8
CUT
 10
969.3081532332471
 20
-820.7282853862375
 30
0.0
 70
0
  0
VERTEX
  5
12C1
  8
CUT
 10
969.4296224844336
 20
-821.4015441818926
 30
0.0
 70
0
  0
VERTEX
  5
12C2
  8
CUT
 10
969.6914272333847
 20
-822.0335967575043
 30
0.0
 70
0
  0
VERTEX
  5
12C3
  8
CUT
 10
970.0816013620663
 20
-822.5955543486249
 30
0.0
 70
0
  0
VERTEX
  5
12C4
  8
CUT
 10
970.5823114671637
 20
-823.061731970958
 30
0.0
 70
0
  0
VERTEX
  5
12C5
  8
CUT
 10
971.170671958394
 20
-823.4108223851345
 30
0.0
 70
0
  0
VERTEX
  5
12C6
  8
CUT
 10
971.8197910734305
 20
-823.6268699711078
 30
0.0
 70
0
  0
VERTEX
  5
12C7
  8
CUT
 10
972.5
 20
-823.7
 30
0.0
 70
0
  0
VERTEX
  5
12C8
  8
CUT
 10
972.5
 20
-836.3
 30
0.0
 70
0
  0
VERTEX
  5
12C9
  8
CUT
 10
971.8197910734305
 20
-836.3731300288922
 30
0.0
 70
0
  0
VERTEX
  5
12CA
  8
CUT
 10
971.170671958394
 20
-836.5891776148655
 30
0.0
 70
0
  0
VERTEX
  5
12CB
  8
CUT
 10
970.5823114671637
 20
-836.938268029042
 30
0.0
 70
0
  0
VERTEX
  5
12CC
  8
CUT
 10
970.0816013620663
 20
-837.4044456513751
 30
0.0
 70
0
  0
VERTEX
  5
12CD
  8
CUT
 10
969.6914272333847
 20
-837.9664032424957
 30
0.0
 70
0
  0
VERTEX
  5
12CE
  8
CUT
 10
969.4296224844336
 20
-838.5984558181074
 30
0.0
 70
0
  0
VERTEX
  5
12CF
  8
CUT
 10
969.3081532332471
 20
-839.2717146137625
 30
0.0
 70
0
  0
VERTEX
  5
12D0
  8
CUT
 10
969.3325713859809
 20
-839.9554074824745
 30
0.0
 70
0
  0
VERTEX
  5
12D1
  8
CUT
 10
969.5017608800007
 20
-840.6182853747172
 30
0.0
 70
0
  0
VERTEX
  5
12D2
  8
CUT
 10
969.8079886949401
 20
-841.230050615858
 30
0.0
 70
0
  0
VERTEX
  5
12D3
  8
CUT
 10
970.237258300203
 20
-841.762741699797
 30
0.0
 70
0
  0
VERTEX
  5
12D4
  8
CUT
 10
970.769949384142
 20
-842.1920113050599
 30
0.0
 70
0
  0
VERTEX
  5
12D5
  8
CUT
 10
971.3817146252828
 20
-842.4982391199993
 30
0.0
 70
0
  0
VERTEX
  5
12D6
  8
CUT
 10
972.0445925175255
 20
-842.6674286140191
 30
0.0
 70
0
  0
VERTEX
  5
12D7
  8
CUT
 10
972.7282853862375
 20
-842.6918467667529
 30
0.0
 70
0
  0
VERTEX
  5
12D8
  8
CUT
 10
973.4015441818926
 20
-842.5703775155664
 30
0.0
 70
0
  0
VERTEX
  5
12D9
  8
CUT
 10
974.0335967575043
 20
-842.3085727666153
 30
0.0
 70
0
  0
VERTEX
  5
12DA
  8
CUT
 10
974.5955543486249
 20
-841.9183986379337
 30
0.0
 70
0
  0
VERTEX
  5
12DB
  8
CUT
 10
975.061731970958
 20
-841.4176885328363
 30
0.0
 70
0
  0
VERTEX
  5
12DC
  8
CUT
 10
975.4108223851345
 20
-840.829328041606
 30
0.0
 70
0
  0
VERTEX
  5
12DD
  8
CUT
 10
975.6268699711078
 20
-840.1802089265695
 30
0.0
 70
0
  0
VERTEX
  5
12DE
  8
CUT
 10
975.7
 20
-839.5
 30
0.0
 70
0
  0
SEQEND
  5
1282
  8
CUT
  0
POLYLINE
  5
12DF
  8
CUT
 66
1
 10
0.0
 20
0.0
 30
0.0
 70
1
  0
VERTEX
  5
12E1
  8
CUT
 10
1278.0
 20
-1099.0
 30
0.0
 70
0
  0
VERTEX
  5
12E2
  8
CUT
 10
1277.4236
 20
-1093.1473
 30
0.0
 70
0
  0
VERTEX
  5
12E3
  8
CUT
 10
1275.7164
 20
-1087.5194999999999
 30
0.0
 70
0
  0
VERTEX
  5
12E4
  8
CUT
 10
1272.9441000000002
 20
-1082.3328999999999
 30
0.0
 70
0
  0
VERTEX
  5
12E5
  8
CUT
 10
1269.2132000000001
 20
-1077.7868
 30
0.0
 70
0
  0
VERTEX
  5
12E6
  8
CUT
 10
1264.6671000000001
 20
-1074.0559
 30
0.0
 70
0
  0
VERTEX
  5
12E7
  8
CUT
 10
1259.4805000000001
 20
-1071.2836
 30
0.0
 70
0
  0
VERTEX
  5
12E8
  8
CUT
 10
1253.8527
 20
-1069.5764
 30
0.0
 70
0
  0
VERTEX
  5
12E9
  8
CUT
 10
1063.0
 20
-1069.0
 30
0.0
 70
0
  0
VERTEX
  5
12EA
  8
CUT
 10
1057.1473
 20
-1069.5764
 30
0.0
 70
0
  0
VERTEX
  5
12EB
  8
CUT
 10
1051.5194999999999
 20
-1071.2836
 30
0.0
 70
0
  0
VERTEX
  5
12EC
  8
CUT
 10
1046.3328999999999
 20
-1074.0559
 30
0.0
 70
0
  0
VERTEX
  5
12ED
  8
CUT
 10
1041.7868
 20
-1077.7868
 30
0.0
 70
0
  0
VERTEX
  5
12EE
  8
CUT
 10
1038.0559
 20
-1082.3328999999999
 30
0.0
 70
0
  0
VERTEX
  5
12EF
  8
CUT
 10
1035.2836
 20
-1087.5194999999999
 30
0.0
 70
0
  0
VERTEX
  5
12F0
  8
CUT
 10
1033.5764
 20
-1093.1473
 30
0.0
 70
0
  0
VERTEX
  5
12F1
  8
CUT
 10
1033.0
 20
-1189.0
 30
0.0
 70
0
  0
VERTEX
  5
12F2
  8
CUT
 10
1033.5764
 20
-1194.8527
 30
0.0
 70
0
  0
VERTEX
  5
12F3
  8
CUT
 10
1035.2836
 20
-1200.4805000000001
 30
0.0
 70
0
  0
VERTEX
  5
12F4
  8
CUT
 10
1038.0559
 20
-1205.6671000000001
 30
0.0
 70
0
  0
VERTEX
  5
12F5
  8
CUT
 10
1041.7868
 20
-1210.2132
 30
0.0
 70
0
  0
VERTEX
  5
12F6
  8
CUT
 10
1046.3328999999999
 20
-1213.9441
 30
0.0
 70
0
  0
VERTEX
  5
12F7
  8
CUT
 10
1051.5194999999999
 20
-1216.7164
 30
0.0
 70
0
  0
VERTEX
  5
12F8
  8
CUT
 10
1057.1473
 20
-1218.4236
 30
0.0
 70
0
  0
VERTEX
  5
12F9
  8
CUT
 10
1248.0
 20
-1219.0
 30
0.0
 70
0
  0
VERTEX
  5
12FA
  8
CUT
 10
1253.8527
 20
-1218.4236
 30
0.0
 70
0
  0
VERTEX
  5
12FB
  8
CUT
 10
1259.4805000000001
 20
-1216.7164
 30
0.0
 70
0
  0
VERTEX
  5
12FC
  8
CUT
 10
1264.6671000000001
 20
-1213.9441
 30
0.0
 70
0
  0
VERTEX
  5
12FD
  8
CUT
 10
1269.2132000000001
 20
-1210.2132000000001
 30
0.0
 70
0
  0
VERTEX
  5
12FE
  8
CUT
 10
1272.9441000000002
 20
-1205.6671000000001
 30
0.0
 70
0
  0
VERTEX
  5
12FF
  8
CUT
 10
1275.7164
 20
-1200.4805000000001
 30
0.0
 70
0
  0
VERTEX
  5
1300
  8
CUT
 10
1277.4236
 20
-1194.8527
 30
0.0
 70
0
  0
SEQEND
  5
12E0
  8
CUT
  0
POLYLINE
  5
1301
  8
CUT
 66
1
 10
0.0
 20
0.0
 30
0.0
 70
1
  0
VERTEX
  5
1303
  8
CUT
 10
1278.0
 20
-889.0
 30
0.0
 70
0
  0
VERTEX
  5
1304
  8
CUT
 10
1277.4236
 20
-883.1473
 30
0.0
 70
0
  0
VERTEX
  5
1305
  8
CUT
 10
1275.7164
 20
-877.5195
 30
0.0
 70
0
  0
VERTEX
  5
1306
  8
CUT
 10
1272.9441000000002
 20
-872.3329
 30
0.0
 70
0
  0
VERTEX
  5
1307
  8
CUT
 10
1269.2132000000001
 20
-867.7868000000001
 30
0.0
 70
0
  0
VERTEX
  5
1308
  8
CUT
 10
1264.6671000000001
 20
-864.0559000000001
 30
0.0
 70
0
  0
VERTEX
  5
1309
  8
CUT
 10
1259.4805000000001
 20
-861.2836
 30
0.0
 70
0
  0
VERTEX
  5
130A
  8
CUT
 10
1253.8527
 20
-859.5763999999999
 30
0.0
 70
0
  0
VERTEX
  5
130B
  8
CUT
 10
1063.0
 20
-859.0
 30
0.0
 70
0
  0
VERTEX
  5
130C
  8
CUT
 10
1057.1473
 20
-859.5763999999999
 30
0.0
 70
0
  0
VERTEX
  5
130D
  8
CUT
 10
1051.5195
 20
-861.2836
 30
0.0
 70
0
  0
VERTEX
  5
130E
  8
CUT
 10
1046.3329
 20
-864.0559000000001
 30
0.0
 70
0
  0
VERTEX
  5
130F
  8
CUT
 10
1041.7868
 20
-867.7868000000001
 30
0.0
 70
0
  0
VERTEX
  5
1310
  8
CUT
 10
1038.0559
 20
-872.3329
 30
0.0
 70
0
  0
VERTEX
  5
1311
  8
CUT
 10
1035.2836
 20
-877.5195
 30
0.0
 70
0
  0
VERTEX
  5
1312
  8
CUT
 10
1033.5764
 20
-883.1473
 30
0.0
 70
0
  0
VERTEX
  5
1313
  8
CUT
 10
1033.0
 20
-944.0
 30
0.0
 70
0
  0
VERTEX
  5
1314
  8
CUT
 10
1033.5764
 20
-949.8527
 30
0.0
 70
0
  0
VERTEX
  5
1315
  8
CUT
 10
1035.2836
 20
-955.4805
 30
0.0
 70
0
  0
VERTEX
  5
1316
  8
CUT
 10
1038.0559
 20
-960.6671
 30
0.0
 70
0
  0
VERTEX
  5
1317
  8
CUT
 10
1041.7868
 20
-965.2131999999999
 30
0.0
 70
0
  0
VERTEX
  5
1318
  8
CUT
 10
1046.3328999999999
 20
-968.9440999999999
 30
0.0
 70
0
  0
VERTEX
  5
1319
  8
CUT
 10
1051.5194999999999
 20
-971.7164
 30
0.0
 70
0
  0
VERTEX
  5
131A
  8
CUT
 10
1057.1473
 20
-973.4236000000001
 30
0.0
 70
0
  0
VERTEX
  5
131B
  8
CUT
 10
1248.0
 20
-974.0
 30
0.0
 70
0
  0
VERTEX
  5
131C
  8
CUT
 10
1253.8527
 20
-973.4236000000001
 30
0.0
 70
0
  0
VERTEX
  5
131D
  8
CUT
 10
1259.4805000000001
 20
-971.7164
 30
0.0
 70
0
  0
VERTEX
  5
131E
  8
CUT
 10
1264.6671000000001
 20
-968.9440999999999
 30
0.0
 70
0
  0
VERTEX
  5
131F
  8
CUT
 10
1269.2132000000001
 20
-965.2131999999999
 30
0.0
 70
0
  0
VERTEX
  5
1320
  8
CUT
 10
1272.9441000000002
 20
-960.6671
 30
0.0
 70
0
  0
VERTEX
  5
1321
  8
CUT
 10
1275.7164
 20
-955.4805
 30
0.0
 70
0
  0
VERTEX
  5
1322
  8
CUT
 10
1277.4236
 20
-949.8527
 30
0.0
 70
0
  0
SEQEND
  5
1302
  8
CUT
  0
POLYLINE
  5
1323
  8
CUT
 66
1
 10
0.0
 20
0.0
 30
0.0
 70
1
  0
VERTEX
  5
1325
  8
CUT
 10
973.0
 20
-569.0
 30
0.0
 70
0
  0
VERTEX
  5
1326
  8
CUT
 10
972.4236000000001
 20
-563.1473
 30
0.0
 70
0
  0
VERTEX
  5
1327
  8
CUT
 10
970.7164
 20
-557.5195
 30
0.0
 70
0
  0
VERTEX
  5
1328
  8
CUT
 10
967.9441
 20
-552.3329
 30
0.0
 70
0
  0
VERTEX
  5
1329
  8
CUT
 10
964.2132
 20
-547.7868
 30
0.0
 70
0
  0
VERTEX
  5
132A
  8
CUT
 10
959.6671000000001
 20
-544.0559
 30
0.0
 70
0
  0
VERTEX
  5
132B
  8
CUT
 10
954.4805000000001
 20
-541.2836
 30
0.0
 70
0
  0
VERTEX
  5
132C
  8
CUT
 10
948.8527000000001
 20
-539.5764
 30
0.0
 70
0
  0
VERTEX
  5
132D
  8
CUT
 10
743.0
 20
-539.0
 30
0.0
 70
0
  0
VERTEX
  5
132E
  8
CUT
 10
737.1473
 20
-539.5764
 30
0.0
 70
0
  0
VERTEX
  5
132F
  8
CUT
 10
731.5195
 20
-541.2836
 30
0.0
 70
0
  0
VERTEX
  5
1330
  8
CUT
 10
726.3329
 20
-544.0559
 30
0.0
 70
0
  0
VERTEX
  5
1331
  8
CUT
 10
721.7868
 20
-547.7868
 30
0.0
 70
0
  0
VERTEX
  5
1332
  8
CUT
 10
718.0559
 20
-552.3329
 30
0.0
 70
0
  0
VERTEX
  5
1333
  8
CUT
 10
715.2836
 20
-557.5195
 30
0.0
 70
0
  0
VERTEX
  5
1334
  8
CUT
 10
713.5764
 20
-563.1473
 30
0.0
 70
0
  0
VERTEX
  5
1335
  8
CUT
 10
713.0
 20
-599.0
 30
0.0
 70
0
  0
VERTEX
  5
1336
  8
CUT
 10
713.5764
 20
-604.8527
 30
0.0
 70
0
  0
VERTEX
  5
1337
  8
CUT
 10
715.2836
 20
-610.4805
 30
0.0
 70
0
  0
VERTEX
  5
1338
  8
CUT
 10
718.0559
 20
-615.6671
 30
0.0
 70
0
  0
VERTEX
  5
1339
  8
CUT
 10
721.7868
 20
-620.2132
 30
0.0
 70
0
  0
VERTEX
  5
133A
  8
CUT
 10
726.3329
 20
-623.9441
 30
0.0
 70
0
  0
VERTEX
  5
133B
  8
CUT
 10
731.5195
 20
-626.7164
 30
0.0
 70
0
  0
VERTEX
  5
133C
  8
CUT
 10
737.1473
 20
-628.4236
 30
0.0
 70
0
  0
VERTEX
  5
133D
  8
CUT
 10
943.0
 20
-629.0
 30
0.0
 70
0
  0
VERTEX
  5
133E
  8
CUT
 10
948.8527000000001
 20
-628.4236
 30
0.0
 70
0
  0
VERTEX
  5
133F
  8
CUT
 10
954.4805000000001
 20
-626.7164
 30
0.0
 70
0
  0
VERTEX
  5
1340
  8
CUT
 10
959.6671000000001
 20
-623.9441
 30
0.0
 70
0
  0
VERTEX
  5
1341
  8
CUT
 10
964.2132
 20
-620.2132
 30
0.0
 70
0
  0
VERTEX
  5
1342
  8
CUT
 10
967.9441
 20
-615.6671
 30
0.0
 70
0
  0
VERTEX
  5
1343
  8
CUT
 10
970.7164
 20
-610.4805
 30
0.0
 70
0
  0
VERTEX
  5
1344
  8
CUT
 10
972.4236000000001
 20
-604.8527
 30
0.0
 70
0
  0
SEQEND
  5
1324
  8
CUT
  0
POLYLINE
  5
1345
  8
CUT
 66
1
 10
0.0
 20
0.0
 30
0.0
 70
1
  0
VERTEX
  5
1347
  8
CUT
 10
1329.0
 20
-1213.0
 30
0.0
 70
0
  0
VERTEX
  5
1348
  8
CUT
 10
1449.0
 20
-1213.0
 30
0.0
 70
0
  0
VERTEX
  5
1349
  8
CUT
 10
1449.0
 20
-1176.2
 30
0.0
 70
0
  0
VERTEX
  5
134A
  8
CUT
 10
1448.3197910734305
 20
-1176.1268699711077
 30
0.0
 70
0
  0
VERTEX
  5
134B
  8
CUT
 10
1447.670671958394
 20
-1175.9108223851345
 30
0.0
 70
0
  0
VERTEX
  5
134C
  8
CUT
 10
1447.0823114671637
 20
-1175.561731970958
 30
0.0
 70
0
  0
VERTEX
  5
134D
  8
CUT
 10
1446.5816013620663
 20
-1175.095554348625
 30
0.0
 70
0
  0
VERTEX
  5
134E
  8
CUT
 10
1446.1914272333847
 20
-1174.5335967575043
 30
0.0
 70
0
  0
VERTEX
  5
134F
  8
CUT
 10
1445.9296224844336
 20
-1173.9015441818926
 30
0.0
 70
0
  0
VERTEX
  5
1350
  8
CUT
 10
1445.8081532332471
 20
-1173.2282853862375
 30
0.0
 70
0
  0
VERTEX
  5
1351
  8
CUT
 10
1445.832571385981
 20
-1172.5445925175254
 30
0.0
 70
0
  0
VERTEX
  5
1352
  8
CUT
 10
1446.0017608800008
 20
-1171.881714625283
 30
0.0
 70
0
  0
VERTEX
  5
1353
  8
CUT
 10
1446.3079886949401
 20
-1171.2699493841421
 30
0.0
 70
0
  0
VERTEX
  5
1354
  8
CUT
 10
1446.737258300203
 20
-1170.737258300203
 30
0.0
 70
0
  0
VERTEX
  5
1355
  8
CUT
 10
1447.2699493841421
 20
-1170.3079886949401
 30
0.0
 70
0
  0
VERTEX
  5
1356
  8
CUT
 10
1447.881714625283
 20
-1170.0017608800008
 30
0.0
 70
0
  0
VERTEX
  5
1357
  8
CUT
 10
1448.5445925175254
 20
-1169.832571385981
 30
0.0
 70
0
  0
VERTEX
  5
1358
  8
CUT
 10
1449.2282853862375
 20
-1169.8081532332471
 30
0.0
 70
0
  0
VERTEX
  5
1359
  8
CUT
 10
1449.9015441818926
 20
-1169.9296224844336
 30
0.0
 70
0
  0
VERTEX
  5
135A
  8
CUT
 10
1450.5335967575043
 20
-1170.1914272333847
 30
0.0
 70
0
  0
VERTEX
  5
135B
  8
CUT
 10
1451.095554348625
 20
-1170.5816013620663
 30
0.0
 70
0
  0
VERTEX
  5
135C
  8
CUT
 10
1451.561731970958
 20
-1171.0823114671637
 30
0.0
 70
0
  0
VERTEX
  5
135D
  8
CUT
 10
1451.9108223851345
 20
-1171.670671958394
 30
0.0
 70
0
  0
VERTEX
  5
135E
  8
CUT
 10
1452.1268699711077
 20
-1172.3197910734305
 30
0.0
 70
0
  0
VERTEX
  5
135F
  8
CUT
 10
1452.2
 20
-1173.0
 30
0.0
 70
0
  0
VERTEX
  5
1360
  8
CUT
 10
2065.8
 20
-1173.0
 30
0.0
 70
0
  0
VERTEX
  5
1361
  8
CUT
 10
2065.8731300288923
 20
-1172.3197910734305
 30
0.0
 70
0
  0
VERTEX
  5
1362
  8
CUT
 10
2066.0891776148655
 20
-1171.670671958394
 30
0.0
 70
0
  0
VERTEX
  5
1363
  8
CUT
 10
2066.4382680290423
 20
-1171.0823114671637
 30
0.0
 70
0
  0
VERTEX
  5
1364
  8
CUT
 10
2066.904445651375
 20
-1170.5816013620665
 30
0.0
 70
0
  0
VERTEX
  5
1365
  8
CUT
 10
2067.4664032424957
 20
-1170.1914272333847
 30
0.0
 70
0
  0
VERTEX
  5
1366
  8
CUT
 10
2068.0984558181076
 20
-1169.9296224844336
 30
0.0
 70
0
  0
VERTEX
  5
1367
  8
CUT
 10
2068.7717146137625
 20
-1169.8081532332474
 30
0.0
 70
0
  0
VERTEX
  5
1368
  8
CUT
 10
2069.4554074824746
 20
-1169.832571385981
 30
0.0
 70
0
  0
VERTEX
  5
1369
  8
CUT
 10
2070.1182853747173
 20
-1170.0017608800008
 30
0.0
 70
0
  0
VERTEX
  5
136A
  8
CUT
 10
2070.730050615858
 20
-1170.3079886949404
 30
0.0
 70
0
  0
VERTEX
  5
136B
  8
CUT
 10
2071.262741699797
 20
-1170.7372583002032
 30
0.0
 70
0
  0
VERTEX
  5
136C
  8
CUT
 10
2071.6920113050596
 20
-1171.2699493841421
 30
0.0
 70
0
  0
VERTEX
  5
136D
  8
CUT
 10
2071.998239119999
 20
-1171.881714625283
 30
0.0
 70
0
  0
VERTEX
  5
136E
  8
CUT
 10
2072.1674286140187
 20
-1172.5445925175254
 30
0.0
 70
0
  0
VERTEX
  5
136F
  8
CUT
 10
2072.191846766753
 20
-1173.2282853862375
 30
0.0
 70
0
  0
VERTEX
  5
1370
  8
CUT
 10
2072.070377515566
 20
-1173.9015441818926
 30
0.0
 70
0
  0
VERTEX
  5
1371
  8
CUT
 10
2071.8085727666153
 20
-1174.5335967575043
 30
0.0
 70
0
  0
VERTEX
  5
1372
  8
CUT
 10
2071.4183986379335
 20
-1175.0955543486248
 30
0.0
 70
0
  0
VERTEX
  5
1373
  8
CUT
 10
2070.917688532836
 20
-1175.561731970958
 30
0.0
 70
0
  0
VERTEX
  5
1374
  8
CUT
 10
2070.329328041606
 20
-1175.9108223851345
 30
0.0
 70
0
  0
VERTEX
  5
1375
  8
CUT
 10
2069.6802089265693
 20
-1176.1268699711077
 30
0.0
 70
0
  0
VERTEX
  5
1376
  8
CUT
 10
2069.0
 20
-1176.2
 30
0.0
 70
0
  0
VERTEX
  5
1377
  8
CUT
 10
2069.0
 20
-1213.0
 30
0.0
 70
0
  0
VERTEX
  5
1378
  8
CUT
 10
2189.0
 20
-1213.0
 30
0.0
 70
0
  0
VERTEX
  5
1379
  8
CUT
 10
2189.0
 20
-573.0
 30
0.0
 70
0
  0
VERTEX
  5
137A
  8
CUT
 10
2188.8287
 20
-567.7677
 30
0.0
 70
0
  0
VERTEX
  5
137B
  8
CUT
 10
2188.3156
 20
-562.5579
 30
0.0
 70
0
  0
VERTEX
  5
137C
  8
CUT
 10
2187.4628000000002
 20
-557.3928
 30
0.0
 70
0
  0
VERTEX
  5
137D
  8
CUT
 10
2186.2741
 20
-552.2945
 30
0.0
 70
0
  0
VERTEX
  5
137E
  8
CUT
 10
2184.7544
 20
-547.2848
 30
0.0
 70
0
  0
VERTEX
  5
137F
  8
CUT
 10
2182.9103999999998
 20
-542.3853
 30
0.0
 70
0
  0
VERTEX
  5
1380
  8
CUT
 10
2180.7498
 20
-537.6169
 30
0.0
 70
0
  0
VERTEX
  5
1381
  8
CUT
 10
2178.282
 20
-533.0
 30
0.0
 70
0
  0
VERTEX
  5
1382
  8
CUT
 10
2175.5176
 20
-528.5544
 30
0.0
 70
0
  0
VERTEX
  5
1383
  8
CUT
 10
2172.4683
 20
-524.2991
 30
0.0
 70
0
  0
VERTEX
  5
1384
  8
CUT
 10
2169.1472
 20
-520.2523
 30
0.0
 70
0
  0
VERTEX
  5
1385
  8
CUT
 10
2165.5685
 20
-516.4315
 30
0.0
 70
0
  0
VERTEX
  5
1386
  8
CUT
 10
2161.7477
 20
-512.8528
 30
0.0
 70
0
  0
VERTEX
  5
1387
  8
CUT
 10
2157.7009
 20
-509.5317
 30
0.0
 70
0
  0
VERTEX
  5
1388
  8
CUT
 10
2153.4456
 20
-506.4824
 30
0.0
 70
0
  0
VERTEX
  5
1389
  8
CUT
 10
2149.0
 20
-503.71799999999996
 30
0.0
 70
0
  0
VERTEX
  5
138A
  8
CUT
 10
2144.3831
 20
-501.25019999999995
 30
0.0
 70
0
  0
VERTEX
  5
138B
  8
CUT
 10
2139.6147
 20
-499.0896
 30
0.0
 70
0
  0
VERTEX
  5
138C
  8
CUT
 10
2134.7152
 20
-497.24559999999997
 30
0.0
 70
0
  0
VERTEX
  5
138D
  8
CUT
 10
2129.7055
 20
-495.7259
 30
0.0
 70
0
  0
VERTEX
  5
138E
  8
CUT
 10
2124.6072
 20
-494.5372
 30
0.0
 70
0
  0
VERTEX
  5
138F
  8
CUT
 10
2119.4421
 20
-493.6844
 30
0.0
 70
0
  0
VERTEX
  5
1390
  8
CUT
 10
2114.2323
 20
-493.1713
 30
0.0
 70
0
  0
VERTEX
  5
1391
  8
CUT
 10
2109.0
 20
-493.0
 30
0.0
 70
0
  0
VERTEX
  5
1392
  8
CUT
 10
1959.0
 20
-493.0
 30
0.0
 70
0
  0
VERTEX
  5
1393
  8
CUT
 10
1959.0
 20
-749.8
 30
0.0
 70
0
  0
VERTEX
  5
1394
  8
CUT
 10
1959.6802089265695
 20
-749.8731300288922
 30
0.0
 70
0
  0
VERTEX
  5
1395
  8
CUT
 10
1960.329328041606
 20
-750.0891776148655
 30
0.0
 70
0
  0
VERTEX
  5
1396
  8
CUT
 10
1960.9176885328363
 20
-750.438268029042
 30
0.0
 70
0
  0
VERTEX
  5
1397
  8
CUT
 10
1961.4183986379337
 20
-750.9044456513751
 30
0.0
 70
0
  0
VERTEX
  5
1398
  8
CUT
 10
1961.8085727666153
 20
-751.4664032424957
 30
0.0
 70
0
  0
VERTEX
  5
1399
  8
CUT
 10
1962.0703775155664
 20
-752.0984558181074
 30
0.0
 70
0
  0
VERTEX
  5
139A
  8
CUT
 10
1962.1918467667529
 20
-752.7717146137625
 30
0.0
 70
0
  0
VERTEX
  5
139B
  8
CUT
 10
1962.167428614019
 20
-753.4554074824745
 30
0.0
 70
0
  0
VERTEX
  5
139C
  8
CUT
 10
1961.9982391199992
 20
-754.1182853747172
 30
0.0
 70
0
  0
VERTEX
  5
139D
  8
CUT
 10
1961.6920113050599
 20
-754.730050615858
 30
0.0
 70
0
  0
VERTEX
  5
139E
  8
CUT
 10
1961.262741699797
 20
-755.262741699797
 30
0.0
 70
0
  0
VERTEX
  5
139F
  8
CUT
 10
1960.7300506158579
 20
-755.6920113050599
 30
0.0
 70
0
  0
VERTEX
  5
13A0
  8
CUT
 10
1960.118285374717
 20
-755.9982391199993
 30
0.0
 70
0
  0
VERTEX
  5
13A1
  8
CUT
 10
1959.4554074824746
 20
-756.1674286140191
 30
0.0
 70
0
  0
VERTEX
  5
13A2
  8
CUT
 10
1958.7717146137625
 20
-756.1918467667529
 30
0.0
 70
0
  0
VERTEX
  5
13A3
  8
CUT
 10
1958.0984558181074
 20
-756.0703775155664
 30
0.0
 70
0
  0
VERTEX
  5
13A4
  8
CUT
 10
1957.4664032424957
 20
-755.8085727666153
 30
0.0
 70
0
  0
VERTEX
  5
13A5
  8
CUT
 10
1956.904445651375
 20
-755.4183986379337
 30
0.0
 70
0
  0
VERTEX
  5
13A6
  8
CUT
 10
1956.438268029042
 20
-754.9176885328363
 30
0.0
 70
0
  0
VERTEX
  5
13A7
  8
CUT
 10
1956.0891776148655
 20
-754.329328041606
 30
0.0
 70
0
  0
VERTEX
  5
13A8
  8
CUT
 10
1955.8731300288923
 20
-753.6802089265695
 30
0.0
 70
0
  0
VERTEX
  5
13A9
  8
CUT
 10
1955.8
 20
-753.0
 30
0.0
 70
0
  0
VERTEX
  5
13AA
  8
CUT
 10
1429.0
 20
-753.0
 30
0.0
 70
0
  0
VERTEX
  5
13AB
  8
CUT
 10
1422.4596999999999
 20
-753.2140999999999
 30
0.0
 70
0
  0
VERTEX
  5
13AC
  8
CUT
 10
1415.9474
 20
-753.8555
 30
0.0
 70
0
  0
VERTEX
  5
13AD
  8
CUT
 10
1409.491
 20
-754.9214999999999
 30
0.0
 70
0
  0
VERTEX
  5
13AE
  8
CUT
 10
1403.1181
 20
-756.4074
 30
0.0
 70
0
  0
VERTEX
  5
13AF
  8
CUT
 10
1396.8561
 20
-758.307
 30
0.0
 70
0
  0
VERTEX
  5
13B0
  8
CUT
 10
1390.7317
 20
-760.6120000000001
 30
0.0
 70
0
  0
VERTEX
  5
13B1
  8
CUT
 10
1384.7711
 20
-763.3127
 30
0.0
 70
0
  0
VERTEX
  5
13B2
  8
CUT
 10
1379.0
 20
-766.3975
 30
0.0
 70
0
  0
VERTEX
  5
13B3
  8
CUT
 10
1373.443
 20
-769.8530000000001
 30
0.0
 70
0
  0
VERTEX
  5
13B4
  8
CUT
 10
1368.1239
 20
-773.6647
 30
0.0
 70
0
  0
VERTEX
  5
13B5
  8
CUT
 10
1363.0654
 20
-777.816
 30
0.0
 70
0
  0
VERTEX
  5
13B6
  8
CUT
 10
1358.2893
 20
-782.2893
 30
0.0
 70
0
  0
VERTEX
  5
13B7
  8
CUT
 10
1353.816
 20
-787.0654
 30
0.0
 70
0
  0
VERTEX
  5
13B8
  8
CUT
 10
1349.6647
 20
-792.1239
 30
0.0
 70
0
  0
VERTEX
  5
13B9
  8
CUT
 10
1345.853
 20
-797.443
 30
0.0
 70
0
  0
VERTEX
  5
13BA
  8
CUT
 10
1342.3975
 20
-803.0
 30
0.0
 70
0
  0
VERTEX
  5
13BB
  8
CUT
 10
1339.3127
 20
-808.7710999999999
 30
0.0
 70
0
  0
VERTEX
  5
13BC
  8
CUT
 10
1336.612
 20
-814.7317
 30
0.0
 70
0
  0
VERTEX
  5
13BD
  8
CUT
 10
1334.307
 20
-820.8561
 30
0.0
 70
0
  0
VERTEX
  5
13BE
  8
CUT
 10
1332.4074
 20
-827.1181
 30
0.0
 70
0
  0
VERTEX
  5
13BF
  8
CUT
 10
1330.9215
 20
-833.491
 30
0.0
 70
0
  0
VERTEX
  5
13C0
  8
CUT
 10
1329.8555
 20
-839.9474
 30
0.0
 70
0
  0
VERTEX
  5
13C1
  8
CUT
 10
1329.2141
 20
-846.4597
 30
0.0
 70
0
  0
VERTEX
  5
13C2
  8
CUT
 10
1329.0
 20
-853.0
 30
0.0
 70
0
  0
SEQEND
  5
1346
  8
CUT
  0
POLYLINE
  5
13C3
  8
CUT
 66
1
 10
0.0
 20
0.0
 30
0.0
 70
1
  0
VERTEX
  5
13C5
  8
CUT
 10
1418.5
 20
-1070.3
 30
0.0
 70
0
  0
VERTEX
  5
13C6
  8
CUT
 10
1417.8197910734305
 20
-1070.3731300288923
 30
0.0
 70
0
  0
VERTEX
  5
13C7
  8
CUT
 10
1417.170671958394
 20
-1070.5891776148655
 30
0.0
 70
0
  0
VERTEX
  5
13C8
  8
CUT
 10
1416.5823114671637
 20
-1070.938268029042
 30
0.0
 70
0
  0
VERTEX
  5
13C9
  8
CUT
 10
1416.0816013620663
 20
-1071.404445651375
 30
0.0
 70
0
  0
VERTEX
  5
13CA
  8
CUT
 10
1415.6914272333847
 20
-1071.9664032424957
 30
0.0
 70
0
  0
VERTEX
  5
13CB
  8
CUT
 10
1415.4296224844336
 20
-1072.5984558181074
 30
0.0
 70
0
  0
VERTEX
  5
13CC
  8
CUT
 10
1415.3081532332471
 20
-1073.2717146137625
 30
0.0
 70
0
  0
VERTEX
  5
13CD
  8
CUT
 10
1415.332571385981
 20
-1073.9554074824746
 30
0.0
 70
0
  0
VERTEX
  5
13CE
  8
CUT
 10
1415.5017608800008
 20
-1074.618285374717
 30
0.0
 70
0
  0
VERTEX
  5
13CF
  8
CUT
 10
1415.8079886949401
 20
-1075.2300506158579
 30
0.0
 70
0
  0
VERTEX
  5
13D0
  8
CUT
 10
1416.237258300203
 20
-1075.762741699797
 30
0.0
 70
0
  0
VERTEX
  5
13D1
  8
CUT
 10
1416.7699493841421
 20
-1076.1920113050599
 30
0.0
 70
0
  0
VERTEX
  5
13D2
  8
CUT
 10
1417.381714625283
 20
-1076.4982391199992
 30
0.0
 70
0
  0
VERTEX
  5
13D3
  8
CUT
 10
1418.0445925175254
 20
-1076.667428614019
 30
0.0
 70
0
  0
VERTEX
  5
13D4
  8
CUT
 10
1418.7282853862375
 20
-1076.6918467667529
 30
0.0
 70
0
  0
VERTEX
  5
13D5
  8
CUT
 10
1419.4015441818926
 20
-1076.5703775155664
 30
0.0
 70
0
  0
VERTEX
  5
13D6
  8
CUT
 10
1420.0335967575043
 20
-1076.3085727666153
 30
0.0
 70
0
  0
VERTEX
  5
13D7
  8
CUT
 10
1420.595554348625
 20
-1075.9183986379337
 30
0.0
 70
0
  0
VERTEX
  5
13D8
  8
CUT
 10
1421.061731970958
 20
-1075.4176885328363
 30
0.0
 70
0
  0
VERTEX
  5
13D9
  8
CUT
 10
1421.4108223851345
 20
-1074.829328041606
 30
0.0
 70
0
  0
VERTEX
  5
13DA
  8
CUT
 10
1421.6268699711077
 20
-1074.1802089265695
 30
0.0
 70
0
  0
VERTEX
  5
13DB
  8
CUT
 10
1421.7
 20
-1073.5
 30
0.0
 70
0
  0
VERTEX
  5
13DC
  8
CUT
 10
1434.3
 20
-1073.5
 30
0.0
 70
0
  0
VERTEX
  5
13DD
  8
CUT
 10
1434.3731300288923
 20
-1074.1802089265695
 30
0.0
 70
0
  0
VERTEX
  5
13DE
  8
CUT
 10
1434.5891776148655
 20
-1074.829328041606
 30
0.0
 70
0
  0
VERTEX
  5
13DF
  8
CUT
 10
1434.938268029042
 20
-1075.4176885328363
 30
0.0
 70
0
  0
VERTEX
  5
13E0
  8
CUT
 10
1435.404445651375
 20
-1075.9183986379337
 30
0.0
 70
0
  0
VERTEX
  5
13E1
  8
CUT
 10
1435.9664032424957
 20
-1076.3085727666153
 30
0.0
 70
0
  0
VERTEX
  5
13E2
  8
CUT
 10
1436.5984558181074
 20
-1076.5703775155664
 30
0.0
 70
0
  0
VERTEX
  5
13E3
  8
CUT
 10
1437.2717146137625
 20
-1076.6918467667529
 30
0.0
 70
0
  0
VERTEX
  5
13E4
  8
CUT
 10
1437.9554074824746
 20
-1076.667428614019
 30
0.0
 70
0
  0
VERTEX
  5
13E5
  8
CUT
 10
1438.618285374717
 20
-1076.4982391199992
 30
0.0
 70
0
  0
VERTEX
  5
13E6
  8
CUT
 10
1439.2300506158579
 20
-1076.1920113050599
 30
0.0
 70
0
  0
VERTEX
  5
13E7
  8
CUT
 10
1439.762741699797
 20
-1075.762741699797
 30
0.0
 70
0
  0
VERTEX
  5
13E8
  8
CUT
 10
1440.1920113050599
 20
-1075.2300506158579
 30
0.0
 70
0
  0
VERTEX
  5
13E9
  8
CUT
 10
1440.4982391199992
 20
-1074.618285374717
 30
0.0
 70
0
  0
VERTEX
  5
13EA
  8
CUT
 10
1440.667428614019
 20
-1073.9554074824746
 30
0.0
 70
0
  0
VERTEX
  5
13EB
  8
CUT
 10
1440.6918467667529
 20
-1073.2717146137625
 30
0.0
 70
0
  0
VERTEX
  5
13EC
  8
CUT
 10
1440.5703775155664
 20
-1072.5984558181074
 30
0.0
 70
0
  0
VERTEX
  5
13ED
  8
CUT
 10
1440.3085727666153
 20
-1071.9664032424957
 30
0.0
 70
0
  0
VERTEX
  5
13EE
  8
CUT
 10
1439.9183986379337
 20
-1071.404445651375
 30
0.0
 70
0
  0
VERTEX
  5
13EF
  8
CUT
 10
1439.4176885328363
 20
-1070.938268029042
 30
0.0
 70
0
  0
VERTEX
  5
13F0
  8
CUT
 10
1438.829328041606
 20
-1070.5891776148655
 30
0.0
 70
0
  0
VERTEX
  5
13F1
  8
CUT
 10
1438.1802089265695
 20
-1070.3731300288923
 30
0.0
 70
0
  0
VERTEX
  5
13F2
  8
CUT
 10
1437.5
 20
-1070.3
 30
0.0
 70
0
  0
VERTEX
  5
13F3
  8
CUT
 10
1437.5
 20
-1035.7
 30
0.0
 70
0
  0
VERTEX
  5
13F4
  8
CUT
 10
1438.1802089265695
 20
-1035.6268699711077
 30
0.0
 70
0
  0
VERTEX
  5
13F5
  8
CUT
 10
1438.829328041606
 20
-1035.4108223851345
 30
0.0
 70
0
  0
VERTEX
  5
13F6
  8
CUT
 10
1439.4176885328363
 20
-1035.061731970958
 30
0.0
 70
0
  0
VERTEX
  5
13F7
  8
CUT
 10
1439.9183986379337
 20
-1034.595554348625
 30
0.0
 70
0
  0
VERTEX
  5
13F8
  8
CUT
 10
1440.3085727666153
 20
-1034.0335967575043
 30
0.0
 70
0
  0
VERTEX
  5
13F9
  8
CUT
 10
1440.5703775155664
 20
-1033.4015441818926
 30
0.0
 70
0
  0
VERTEX
  5
13FA
  8
CUT
 10
1440.6918467667529
 20
-1032.7282853862375
 30
0.0
 70
0
  0
VERTEX
  5
13FB
  8
CUT
 10
1440.667428614019
 20
-1032.0445925175254
 30
0.0
 70
0
  0
VERTEX
  5
13FC
  8
CUT
 10
1440.4982391199992
 20
-1031.381714625283
 30
0.0
 70
0
  0
VERTEX
  5
13FD
  8
CUT
 10
1440.1920113050599
 20
-1030.7699493841421
 30
0.0
 70
0
  0
VERTEX
  5
13FE
  8
CUT
 10
1439.762741699797
 20
-1030.237258300203
 30
0.0
 70
0
  0
VERTEX
  5
13FF
  8
CUT
 10
1439.2300506158579
 20
-1029.8079886949401
 30
0.0
 70
0
  0
VERTEX
  5
1400
  8
CUT
 10
1438.618285374717
 20
-1029.5017608800008
 30
0.0
 70
0
  0
VERTEX
  5
1401
  8
CUT
 10
1437.9554074824746
 20
-1029.332571385981
 30
0.0
 70
0
  0
VERTEX
  5
1402
  8
CUT
 10
1437.2717146137625
 20
-1029.3081532332471
 30
0.0
 70
0
  0
VERTEX
  5
1403
  8
CUT
 10
1436.5984558181074
 20
-1029.4296224844336
 30
0.0
 70
0
  0
VERTEX
  5
1404
  8
CUT
 10
1435.9664032424957
 20
-1029.6914272333847
 30
0.0
 70
0
  0
VERTEX
  5
1405
  8
CUT
 10
1435.404445651375
 20
-1030.0816013620663
 30
0.0
 70
0
  0
VERTEX
  5
1406
  8
CUT
 10
1434.938268029042
 20
-1030.5823114671637
 30
0.0
 70
0
  0
VERTEX
  5
1407
  8
CUT
 10
1434.5891776148655
 20
-1031.170671958394
 30
0.0
 70
0
  0
VERTEX
  5
1408
  8
CUT
 10
1434.3731300288923
 20
-1031.8197910734305
 30
0.0
 70
0
  0
VERTEX
  5
1409
  8
CUT
 10
1434.3
 20
-1032.5
 30
0.0
 70
0
  0
VERTEX
  5
140A
  8
CUT
 10
1421.7
 20
-1032.5
 30
0.0
 70
0
  0
VERTEX
  5
140B
  8
CUT
 10
1421.6268699711077
 20
-1031.8197910734305
 30
0.0
 70
0
  0
VERTEX
  5
140C
  8
CUT
 10
1421.4108223851345
 20
-1031.170671958394
 30
0.0
 70
0
  0
VERTEX
  5
140D
  8
CUT
 10
1421.061731970958
 20
-1030.5823114671637
 30
0.0
 70
0
  0
VERTEX
  5
140E
  8
CUT
 10
1420.595554348625
 20
-1030.0816013620663
 30
0.0
 70
0
  0
VERTEX
  5
140F
  8
CUT
 10
1420.0335967575043
 20
-1029.6914272333847
 30
0.0
 70
0
  0
VERTEX
  5
1410
  8
CUT
 10
1419.4015441818926
 20
-1029.4296224844336
 30
0.0
 70
0
  0
VERTEX
  5
1411
  8
CUT
 10
1418.7282853862375
 20
-1029.3081532332471
 30
0.0
 70
0
  0
VERTEX
  5
1412
  8
CUT
 10
1418.0445925175254
 20
-1029.332571385981
 30
0.0
 70
0
  0
VERTEX
  5
1413
  8
CUT
 10
1417.381714625283
 20
-1029.5017608800008
 30
0.0
 70
0
  0
VERTEX
  5
1414
  8
CUT
 10
1416.7699493841421
 20
-1029.8079886949401
 30
0.0
 70
0
  0
VERTEX
  5
1415
  8
CUT
 10
1416.237258300203
 20
-1030.237258300203
 30
0.0
 70
0
  0
VERTEX
  5
1416
  8
CUT
 10
1415.8079886949401
 20
-1030.7699493841421
 30
0.0
 70
0
  0
VERTEX
  5
1417
  8
CUT
 10
1415.5017608800008
 20
-1031.381714625283
 30
0.0
 70
0
  0
VERTEX
  5
1418
  8
CUT
 10
1415.332571385981
 20
-1032.0445925175254
 30
0.0
 70
0
  0
VERTEX
  5
1419
  8
CUT
 10
1415.3081532332471
 20
-1032.7282853862375
 30
0.0
 70
0
  0
VERTEX
  5
141A
  8
CUT
 10
1415.4296224844336
 20
-1033.4015441818926
 30
0.0
 70
0
  0
VERTEX
  5
141B
  8
CUT
 10
1415.6914272333847
 20
-1034.0335967575043
 30
0.0
 70
0
  0
VERTEX
  5
141C
  8
CUT
 10
1416.0816013620663
 20
-1034.595554348625
 30
0.0
 70
0
  0
VERTEX
  5
141D
  8
CUT
 10
1416.5823114671637
 20
-1035.061731970958
 30
0.0
 70
0
  0
VERTEX
  5
141E
  8
CUT
 10
1417.170671958394
 20
-1035.4108223851345
 30
0.0
 70
0
  0
VERTEX
  5
141F
  8
CUT
 10
1417.8197910734305
 20
-1035.6268699711077
 30
0.0
 70
0
  0
VERTEX
  5
1420
  8
CUT
 10
1418.5
 20
-1035.7
 30
0.0
 70
0
  0
SEQEND
  5
13C4
  8
CUT
  0
POLYLINE
  5
1421
  8
CUT
 66
1
 10
0.0
 20
0.0
 30
0.0
 70
1
  0
VERTEX
  5
1423
  8
CUT
 10
1418.5
 20
-870.3
 30
0.0
 70
0
  0
VERTEX
  5
1424
  8
CUT
 10
1417.8197910734305
 20
-870.3731300288922
 30
0.0
 70
0
  0
VERTEX
  5
1425
  8
CUT
 10
1417.170671958394
 20
-870.5891776148655
 30
0.0
 70
0
  0
VERTEX
  5
1426
  8
CUT
 10
1416.5823114671637
 20
-870.938268029042
 30
0.0
 70
0
  0
VERTEX
  5
1427
  8
CUT
 10
1416.0816013620663
 20
-871.4044456513751
 30
0.0
 70
0
  0
VERTEX
  5
1428
  8
CUT
 10
1415.6914272333847
 20
-871.9664032424957
 30
0.0
 70
0
  0
VERTEX
  5
1429
  8
CUT
 10
1415.4296224844336
 20
-872.5984558181074
 30
0.0
 70
0
  0
VERTEX
  5
142A
  8
CUT
 10
1415.3081532332471
 20
-873.2717146137625
 30
0.0
 70
0
  0
VERTEX
  5
142B
  8
CUT
 10
1415.332571385981
 20
-873.9554074824745
 30
0.0
 70
0
  0
VERTEX
  5
142C
  8
CUT
 10
1415.5017608800008
 20
-874.6182853747172
 30
0.0
 70
0
  0
VERTEX
  5
142D
  8
CUT
 10
1415.8079886949401
 20
-875.230050615858
 30
0.0
 70
0
  0
VERTEX
  5
142E
  8
CUT
 10
1416.237258300203
 20
-875.762741699797
 30
0.0
 70
0
  0
VERTEX
  5
142F
  8
CUT
 10
1416.7699493841421
 20
-876.1920113050599
 30
0.0
 70
0
  0
VERTEX
  5
1430
  8
CUT
 10
1417.381714625283
 20
-876.4982391199993
 30
0.0
 70
0
  0
VERTEX
  5
1431
  8
CUT
 10
1418.0445925175254
 20
-876.6674286140191
 30
0.0
 70
0
  0
VERTEX
  5
1432
  8
CUT
 10
1418.7282853862375
 20
-876.6918467667529
 30
0.0
 70
0
  0
VERTEX
  5
1433
  8
CUT
 10
1419.4015441818926
 20
-876.5703775155664
 30
0.0
 70
0
  0
VERTEX
  5
1434
  8
CUT
 10
1420.0335967575043
 20
-876.3085727666153
 30
0.0
 70
0
  0
VERTEX
  5
1435
  8
CUT
 10
1420.595554348625
 20
-875.9183986379337
 30
0.0
 70
0
  0
VERTEX
  5
1436
  8
CUT
 10
1421.061731970958
 20
-875.4176885328363
 30
0.0
 70
0
  0
VERTEX
  5
1437
  8
CUT
 10
1421.4108223851345
 20
-874.829328041606
 30
0.0
 70
0
  0
VERTEX
  5
1438
  8
CUT
 10
1421.6268699711077
 20
-874.1802089265695
 30
0.0
 70
0
  0
VERTEX
  5
1439
  8
CUT
 10
1421.7
 20
-873.5
 30
0.0
 70
0
  0
VERTEX
  5
143A
  8
CUT
 10
1434.3
 20
-873.5
 30
0.0
 70
0
  0
VERTEX
  5
143B
  8
CUT
 10
1434.3731300288923
 20
-874.1802089265695
 30
0.0
 70
0
  0
VERTEX
  5
143C
  8
CUT
 10
1434.5891776148655
 20
-874.829328041606
 30
0.0
 70
0
  0
VERTEX
  5
143D
  8
CUT
 10
1434.938268029042
 20
-875.4176885328363
 30
0.0
 70
0
  0
VERTEX
  5
143E
  8
CUT
 10
1435.404445651375
 20
-875.9183986379337
 30
0.0
 70
0
  0
VERTEX
  5
143F
  8
CUT
 10
1435.9664032424957
 20
-876.3085727666153
 30
0.0
 70
0
  0
VERTEX
  5
1440
  8
CUT
 10
1436.5984558181074
 20
-876.5703775155664
 30
0.0
 70
0
  0
VERTEX
  5
1441
  8
CUT
 10
1437.2717146137625
 20
-876.6918467667529
 30
0.0
 70
0
  0
VERTEX
  5
1442
  8
CUT
 10
1437.9554074824746
 20
-876.6674286140191
 30
0.0
 70
0
  0
VERTEX
  5
1443
  8
CUT
 10
1438.618285374717
 20
-876.4982391199993
 30
0.0
 70
0
  0
VERTEX
  5
1444
  8
CUT
 10
1439.2300506158579
 20
-876.1920113050599
 30
0.0
 70
0
  0
VERTEX
  5
1445
  8
CUT
 10
1439.762741699797
 20
-875.762741699797
 30
0.0
 70
0
  0
VERTEX
  5
1446
  8
CUT
 10
1440.1920113050599
 20
-875.230050615858
 30
0.0
 70
0
  0
VERTEX
  5
1447
  8
CUT
 10
1440.4982391199992
 20
-874.6182853747172
 30
0.0
 70
0
  0
VERTEX
  5
1448
  8
CUT
 10
1440.667428614019
 20
-873.9554074824745
 30
0.0
 70
0
  0
VERTEX
  5
1449
  8
CUT
 10
1440.6918467667529
 20
-873.2717146137625
 30
0.0
 70
0
  0
VERTEX
  5
144A
  8
CUT
 10
1440.5703775155664
 20
-872.5984558181074
 30
0.0
 70
0
  0
VERTEX
  5
144B
  8
CUT
 10
1440.3085727666153
 20
-871.9664032424957
 30
0.0
 70
0
  0
VERTEX
  5
144C
  8
CUT
 10
1439.9183986379337
 20
-871.4044456513751
 30
0.0
 70
0
  0
VERTEX
  5
144D
  8
CUT
 10
1439.4176885328363
 20
-870.938268029042
 30
0.0
 70
0
  0
VERTEX
  5
144E
  8
CUT
 10
1438.829328041606
 20
-870.5891776148655
 30
0.0
 70
0
  0
VERTEX
  5
144F
  8
CUT
 10
1438.1802089265695
 20
-870.3731300288922
 30
0.0
 70
0
  0
VERTEX
  5
1450
  8
CUT
 10
1437.5
 20
-870.3
 30
0.0
 70
0
  0
VERTEX
  5
1451
  8
CUT
 10
1437.5
 20
-835.7
 30
0.0
 70
0
  0
VERTEX
  5
1452
  8
CUT
 10
1438.1802089265695
 20
-835.6268699711078
 30
0.0
 70
0
  0
VERTEX
  5
1453
  8
CUT
 10
1438.829328041606
 20
-835.4108223851345
 30
0.0
 70
0
  0
VERTEX
  5
1454
  8
CUT
 10
1439.4176885328363
 20
-835.061731970958
 30
0.0
 70
0
  0
VERTEX
  5
1455
  8
CUT
 10
1439.9183986379337
 20
-834.5955543486249
 30
0.0
 70
0
  0
VERTEX
  5
1456
  8
CUT
 10
1440.3085727666153
 20
-834.0335967575043
 30
0.0
 70
0
  0
VERTEX
  5
1457
  8
CUT
 10
1440.5703775155664
 20
-833.4015441818926
 30
0.0
 70
0
  0
VERTEX
  5
1458
  8
CUT
 10
1440.6918467667529
 20
-832.7282853862375
 30
0.0
 70
0
  0
VERTEX
  5
1459
  8
CUT
 10
1440.667428614019
 20
-832.0445925175255
 30
0.0
 70
0
  0
VERTEX
  5
145A
  8
CUT
 10
1440.4982391199992
 20
-831.3817146252828
 30
0.0
 70
0
  0
VERTEX
  5
145B
  8
CUT
 10
1440.1920113050599
 20
-830.769949384142
 30
0.0
 70
0
  0
VERTEX
  5
145C
  8
CUT
 10
1439.762741699797
 20
-830.237258300203
 30
0.0
 70
0
  0
VERTEX
  5
145D
  8
CUT
 10
1439.2300506158579
 20
-829.8079886949401
 30
0.0
 70
0
  0
VERTEX
  5
145E
  8
CUT
 10
1438.618285374717
 20
-829.5017608800007
 30
0.0
 70
0
  0
VERTEX
  5
145F
  8
CUT
 10
1437.9554074824746
 20
-829.3325713859809
 30
0.0
 70
0
  0
VERTEX
  5
1460
  8
CUT
 10
1437.2717146137625
 20
-829.3081532332471
 30
0.0
 70
0
  0
VERTEX
  5
1461
  8
CUT
 10
1436.5984558181074
 20
-829.4296224844336
 30
0.0
 70
0
  0
VERTEX
  5
1462
  8
CUT
 10
1435.9664032424957
 20
-829.6914272333847
 30
0.0
 70
0
  0
VERTEX
  5
1463
  8
CUT
 10
1435.404445651375
 20
-830.0816013620663
 30
0.0
 70
0
  0
VERTEX
  5
1464
  8
CUT
 10
1434.938268029042
 20
-830.5823114671637
 30
0.0
 70
0
  0
VERTEX
  5
1465
  8
CUT
 10
1434.5891776148655
 20
-831.170671958394
 30
0.0
 70
0
  0
VERTEX
  5
1466
  8
CUT
 10
1434.3731300288923
 20
-831.8197910734305
 30
0.0
 70
0
  0
VERTEX
  5
1467
  8
CUT
 10
1434.3
 20
-832.5
 30
0.0
 70
0
  0
VERTEX
  5
1468
  8
CUT
 10
1421.7
 20
-832.5
 30
0.0
 70
0
  0
VERTEX
  5
1469
  8
CUT
 10
1421.6268699711077
 20
-831.8197910734305
 30
0.0
 70
0
  0
VERTEX
  5
146A
  8
CUT
 10
1421.4108223851345
 20
-831.170671958394
 30
0.0
 70
0
  0
VERTEX
  5
146B
  8
CUT
 10
1421.061731970958
 20
-830.5823114671637
 30
0.0
 70
0
  0
VERTEX
  5
146C
  8
CUT
 10
1420.595554348625
 20
-830.0816013620663
 30
0.0
 70
0
  0
VERTEX
  5
146D
  8
CUT
 10
1420.0335967575043
 20
-829.6914272333847
 30
0.0
 70
0
  0
VERTEX
  5
146E
  8
CUT
 10
1419.4015441818926
 20
-829.4296224844336
 30
0.0
 70
0
  0
VERTEX
  5
146F
  8
CUT
 10
1418.7282853862375
 20
-829.3081532332471
 30
0.0
 70
0
  0
VERTEX
  5
1470
  8
CUT
 10
1418.0445925175254
 20
-829.3325713859809
 30
0.0
 70
0
  0
VERTEX
  5
1471
  8
CUT
 10
1417.381714625283
 20
-829.5017608800007
 30
0.0
 70
0
  0
VERTEX
  5
1472
  8
CUT
 10
1416.7699493841421
 20
-829.8079886949401
 30
0.0
 70
0
  0
VERTEX
  5
1473
  8
CUT
 10
1416.237258300203
 20
-830.237258300203
 30
0.0
 70
0
  0
VERTEX
  5
1474
  8
CUT
 10
1415.8079886949401
 20
-830.769949384142
 30
0.0
 70
0
  0
VERTEX
  5
1475
  8
CUT
 10
1415.5017608800008
 20
-831.3817146252828
 30
0.0
 70
0
  0
VERTEX
  5
1476
  8
CUT
 10
1415.332571385981
 20
-832.0445925175255
 30
0.0
 70
0
  0
VERTEX
  5
1477
  8
CUT
 10
1415.3081532332471
 20
-832.7282853862375
 30
0.0
 70
0
  0
VERTEX
  5
1478
  8
CUT
 10
1415.4296224844336
 20
-833.4015441818926
 30
0.0
 70
0
  0
VERTEX
  5
1479
  8
CUT
 10
1415.6914272333847
 20
-834.0335967575043
 30
0.0
 70
0
  0
VERTEX
  5
147A
  8
CUT
 10
1416.0816013620663
 20
-834.5955543486249
 30
0.0
 70
0
  0
VERTEX
  5
147B
  8
CUT
 10
1416.5823114671637
 20
-835.061731970958
 30
0.0
 70
0
  0
VERTEX
  5
147C
  8
CUT
 10
1417.170671958394
 20
-835.4108223851345
 30
0.0
 70
0
  0
VERTEX
  5
147D
  8
CUT
 10
1417.8197910734305
 20
-835.6268699711078
 30
0.0
 70
0
  0
VERTEX
  5
147E
  8
CUT
 10
1418.5
 20
-835.7
 30
0.0
 70
0
  0
SEQEND
  5
1422
  8
CUT
  0
POLYLINE
  5
147F
  8
CUT
 66
1
 10
0.0
 20
0.0
 30
0.0
 70
1
  0
VERTEX
  5
1481
  8
CUT
 10
1628.5
 20
-1070.3
 30
0.0
 70
0
  0
VERTEX
  5
1482
  8
CUT
 10
1627.8197910734305
 20
-1070.3731300288923
 30
0.0
 70
0
  0
VERTEX
  5
1483
  8
CUT
 10
1627.170671958394
 20
-1070.5891776148655
 30
0.0
 70
0
  0
VERTEX
  5
1484
  8
CUT
 10
1626.5823114671637
 20
-1070.938268029042
 30
0.0
 70
0
  0
VERTEX
  5
1485
  8
CUT
 10
1626.0816013620663
 20
-1071.404445651375
 30
0.0
 70
0
  0
VERTEX
  5
1486
  8
CUT
 10
1625.6914272333847
 20
-1071.9664032424957
 30
0.0
 70
0
  0
VERTEX
  5
1487
  8
CUT
 10
1625.4296224844336
 20
-1072.5984558181074
 30
0.0
 70
0
  0
VERTEX
  5
1488
  8
CUT
 10
1625.3081532332471
 20
-1073.2717146137625
 30
0.0
 70
0
  0
VERTEX
  5
1489
  8
CUT
 10
1625.332571385981
 20
-1073.9554074824746
 30
0.0
 70
0
  0
VERTEX
  5
148A
  8
CUT
 10
1625.5017608800008
 20
-1074.618285374717
 30
0.0
 70
0
  0
VERTEX
  5
148B
  8
CUT
 10
1625.8079886949401
 20
-1075.2300506158579
 30
0.0
 70
0
  0
VERTEX
  5
148C
  8
CUT
 10
1626.237258300203
 20
-1075.762741699797
 30
0.0
 70
0
  0
VERTEX
  5
148D
  8
CUT
 10
1626.7699493841421
 20
-1076.1920113050599
 30
0.0
 70
0
  0
VERTEX
  5
148E
  8
CUT
 10
1627.381714625283
 20
-1076.4982391199992
 30
0.0
 70
0
  0
VERTEX
  5
148F
  8
CUT
 10
1628.0445925175254
 20
-1076.667428614019
 30
0.0
 70
0
  0
VERTEX
  5
1490
  8
CUT
 10
1628.7282853862375
 20
-1076.6918467667529
 30
0.0
 70
0
  0
VERTEX
  5
1491
  8
CUT
 10
1629.4015441818926
 20
-1076.5703775155664
 30
0.0
 70
0
  0
VERTEX
  5
1492
  8
CUT
 10
1630.0335967575043
 20
-1076.3085727666153
 30
0.0
 70
0
  0
VERTEX
  5
1493
  8
CUT
 10
1630.595554348625
 20
-1075.9183986379337
 30
0.0
 70
0
  0
VERTEX
  5
1494
  8
CUT
 10
1631.061731970958
 20
-1075.4176885328363
 30
0.0
 70
0
  0
VERTEX
  5
1495
  8
CUT
 10
1631.4108223851345
 20
-1074.829328041606
 30
0.0
 70
0
  0
VERTEX
  5
1496
  8
CUT
 10
1631.6268699711077
 20
-1074.1802089265695
 30
0.0
 70
0
  0
VERTEX
  5
1497
  8
CUT
 10
1631.7
 20
-1073.5
 30
0.0
 70
0
  0
VERTEX
  5
1498
  8
CUT
 10
1644.3
 20
-1073.5
 30
0.0
 70
0
  0
VERTEX
  5
1499
  8
CUT
 10
1644.3731300288923
 20
-1074.1802089265695
 30
0.0
 70
0
  0
VERTEX
  5
149A
  8
CUT
 10
1644.5891776148655
 20
-1074.829328041606
 30
0.0
 70
0
  0
VERTEX
  5
149B
  8
CUT
 10
1644.938268029042
 20
-1075.4176885328363
 30
0.0
 70
0
  0
VERTEX
  5
149C
  8
CUT
 10
1645.404445651375
 20
-1075.9183986379337
 30
0.0
 70
0
  0
VERTEX
  5
149D
  8
CUT
 10
1645.9664032424957
 20
-1076.3085727666153
 30
0.0
 70
0
  0
VERTEX
  5
149E
  8
CUT
 10
1646.5984558181074
 20
-1076.5703775155664
 30
0.0
 70
0
  0
VERTEX
  5
149F
  8
CUT
 10
1647.2717146137625
 20
-1076.6918467667529
 30
0.0
 70
0
  0
VERTEX
  5
14A0
  8
CUT
 10
1647.9554074824746
 20
-1076.667428614019
 30
0.0
 70
0
  0
VERTEX
  5
14A1
  8
CUT
 10
1648.618285374717
 20
-1076.4982391199992
 30
0.0
 70
0
  0
VERTEX
  5
14A2
  8
CUT
 10
1649.2300506158579
 20
-1076.1920113050599
 30
0.0
 70
0
  0
VERTEX
  5
14A3
  8
CUT
 10
1649.762741699797
 20
-1075.762741699797
 30
0.0
 70
0
  0
VERTEX
  5
14A4
  8
CUT
 10
1650.1920113050599
 20
-1075.2300506158579
 30
0.0
 70
0
  0
VERTEX
  5
14A5
  8
CUT
 10
1650.4982391199992
 20
-1074.618285374717
 30
0.0
 70
0
  0
VERTEX
  5
14A6
  8
CUT
 10
1650.667428614019
 20
-1073.9554074824746
 30
0.0
 70
0
  0
VERTEX
  5
14A7
  8
CUT
 10
1650.6918467667529
 20
-1073.2717146137625
 30
0.0
 70
0
  0
VERTEX
  5
14A8
  8
CUT
 10
1650.5703775155664
 20
-1072.5984558181074
 30
0.0
 70
0
  0
VERTEX
  5
14A9
  8
CUT
 10
1650.3085727666153
 20
-1071.9664032424957
 30
0.0
 70
0
  0
VERTEX
  5
14AA
  8
CUT
 10
1649.9183986379337
 20
-1071.404445651375
 30
0.0
 70
0
  0
VERTEX
  5
14AB
  8
CUT
 10
1649.4176885328363
 20
-1070.938268029042
 30
0.0
 70
0
  0
VERTEX
  5
14AC
  8
CUT
 10
1648.829328041606
 20
-1070.5891776148655
 30
0.0
 70
0
  0
VERTEX
  5
14AD
  8
CUT
 10
1648.1802089265695
 20
-1070.3731300288923
 30
0.0
 70
0
  0
VERTEX
  5
14AE
  8
CUT
 10
1647.5
 20
-1070.3
 30
0.0
 70
0
  0
VERTEX
  5
14AF
  8
CUT
 10
1647.5
 20
-1035.7
 30
0.0
 70
0
  0
VERTEX
  5
14B0
  8
CUT
 10
1648.1802089265695
 20
-1035.6268699711077
 30
0.0
 70
0
  0
VERTEX
  5
14B1
  8
CUT
 10
1648.829328041606
 20
-1035.4108223851345
 30
0.0
 70
0
  0
VERTEX
  5
14B2
  8
CUT
 10
1649.4176885328363
 20
-1035.061731970958
 30
0.0
 70
0
  0
VERTEX
  5
14B3
  8
CUT
 10
1649.9183986379337
 20
-1034.595554348625
 30
0.0
 70
0
  0
VERTEX
  5
14B4
  8
CUT
 10
1650.3085727666153
 20
-1034.0335967575043
 30
0.0
 70
0
  0
VERTEX
  5
14B5
  8
CUT
 10
1650.5703775155664
 20
-1033.4015441818926
 30
0.0
 70
0
  0
VERTEX
  5
14B6
  8
CUT
 10
1650.6918467667529
 20
-1032.7282853862375
 30
0.0
 70
0
  0
VERTEX
  5
14B7
  8
CUT
 10
1650.667428614019
 20
-1032.0445925175254
 30
0.0
 70
0
  0
VERTEX
  5
14B8
  8
CUT
 10
1650.4982391199992
 20
-1031.381714625283
 30
0.0
 70
0
  0
VERTEX
  5
14B9
  8
CUT
 10
1650.1920113050599
 20
-1030.7699493841421
 30
0.0
 70
0
  0
VERTEX
  5
14BA
  8
CUT
 10
1649.762741699797
 20
-1030.237258300203
 30
0.0
 70
0
  0
VERTEX
  5
14BB
  8
CUT
 10
1649.2300506158579
 20
-1029.8079886949401
 30
0.0
 70
0
  0
VERTEX
  5
14BC
  8
CUT
 10
1648.618285374717
 20
-1029.5017608800008
 30
0.0
 70
0
  0
VERTEX
  5
14BD
  8
CUT
 10
1647.9554074824746
 20
-1029.332571385981
 30
0.0
 70
0
  0
VERTEX
  5
14BE
  8
CUT
 10
1647.2717146137625
 20
-1029.3081532332471
 30
0.0
 70
0
  0
VERTEX
  5
14BF
  8
CUT
 10
1646.5984558181074
 20
-1029.4296224844336
 30
0.0
 70
0
  0
VERTEX
  5
14C0
  8
CUT
 10
1645.9664032424957
 20
-1029.6914272333847
 30
0.0
 70
0
  0
VERTEX
  5
14C1
  8
CUT
 10
1645.404445651375
 20
-1030.0816013620663
 30
0.0
 70
0
  0
VERTEX
  5
14C2
  8
CUT
 10
1644.938268029042
 20
-1030.5823114671637
 30
0.0
 70
0
  0
VERTEX
  5
14C3
  8
CUT
 10
1644.5891776148655
 20
-1031.170671958394
 30
0.0
 70
0
  0
VERTEX
  5
14C4
  8
CUT
 10
1644.3731300288923
 20
-1031.8197910734305
 30
0.0
 70
0
  0
VERTEX
  5
14C5
  8
CUT
 10
1644.3
 20
-1032.5
 30
0.0
 70
0
  0
VERTEX
  5
14C6
  8
CUT
 10
1631.7
 20
-1032.5
 30
0.0
 70
0
  0
VERTEX
  5
14C7
  8
CUT
 10
1631.6268699711077
 20
-1031.8197910734305
 30
0.0
 70
0
  0
VERTEX
  5
14C8
  8
CUT
 10
1631.4108223851345
 20
-1031.170671958394
 30
0.0
 70
0
  0
VERTEX
  5
14C9
  8
CUT
 10
1631.061731970958
 20
-1030.5823114671637
 30
0.0
 70
0
  0
VERTEX
  5
14CA
  8
CUT
 10
1630.595554348625
 20
-1030.0816013620663
 30
0.0
 70
0
  0
VERTEX
  5
14CB
  8
CUT
 10
1630.0335967575043
 20
-1029.6914272333847
 30
0.0
 70
0
  0
VERTEX
  5
14CC
  8
CUT
 10
1629.4015441818926
 20
-1029.4296224844336
 30
0.0
 70
0
  0
VERTEX
  5
14CD
  8
CUT
 10
1628.7282853862375
 20
-1029.3081532332471
 30
0.0
 70
0
  0
VERTEX
  5
14CE
  8
CUT
 10
1628.0445925175254
 20
-1029.332571385981
 30
0.0
 70
0
  0
VERTEX
  5
14CF
  8
CUT
 10
1627.381714625283
 20
-1029.5017608800008
 30
0.0
 70
0
  0
VERTEX
  5
14D0
  8
CUT
 10
1626.7699493841421
 20
-1029.8079886949401
 30
0.0
 70
0
  0
VERTEX
  5
14D1
  8
CUT
 10
1626.237258300203
 20
-1030.237258300203
 30
0.0
 70
0
  0
VERTEX
  5
14D2
  8
CUT
 10
1625.8079886949401
 20
-1030.7699493841421
 30
0.0
 70
0
  0
VERTEX
  5
14D3
  8
CUT
 10
1625.5017608800008
 20
-1031.381714625283
 30
0.0
 70
0
  0
VERTEX
  5
14D4
  8
CUT
 10
1625.332571385981
 20
-1032.0445925175254
 30
0.0
 70
0
  0
VERTEX
  5
14D5
  8
CUT
 10
1625.3081532332471
 20
-1032.7282853862375
 30
0.0
 70
0
  0
VERTEX
  5
14D6
  8
CUT
 10
1625.4296224844336
 20
-1033.4015441818926
 30
0.0
 70
0
  0
VERTEX
  5
14D7
  8
CUT
 10
1625.6914272333847
 20
-1034.0335967575043
 30
0.0
 70
0
  0
VERTEX
  5
14D8
  8
CUT
 10
1626.0816013620663
 20
-1034.595554348625
 30
0.0
 70
0
  0
VERTEX
  5
14D9
  8
CUT
 10
1626.5823114671637
 20
-1035.061731970958
 30
0.0
 70
0
  0
VERTEX
  5
14DA
  8
CUT
 10
1627.170671958394
 20
-1035.4108223851345
 30
0.0
 70
0
  0
VERTEX
  5
14DB
  8
CUT
 10
1627.8197910734305
 20
-1035.6268699711077
 30
0.0
 70
0
  0
VERTEX
  5
14DC
  8
CUT
 10
1628.5
 20
-1035.7
 30
0.0
 70
0
  0
SEQEND
  5
1480
  8
CUT
  0
POLYLINE
  5
14DD
  8
CUT
 66
1
 10
0.0
 20
0.0
 30
0.0
 70
1
  0
VERTEX
  5
14DF
  8
CUT
 10
1628.5
 20
-870.3
 30
0.0
 70
0
  0
VERTEX
  5
14E0
  8
CUT
 10
1627.8197910734305
 20
-870.3731300288922
 30
0.0
 70
0
  0
VERTEX
  5
14E1
  8
CUT
 10
1627.170671958394
 20
-870.5891776148655
 30
0.0
 70
0
  0
VERTEX
  5
14E2
  8
CUT
 10
1626.5823114671637
 20
-870.938268029042
 30
0.0
 70
0
  0
VERTEX
  5
14E3
  8
CUT
 10
1626.0816013620663
 20
-871.4044456513751
 30
0.0
 70
0
  0
VERTEX
  5
14E4
  8
CUT
 10
1625.6914272333847
 20
-871.9664032424957
 30
0.0
 70
0
  0
VERTEX
  5
14E5
  8
CUT
 10
1625.4296224844336
 20
-872.5984558181074
 30
0.0
 70
0
  0
VERTEX
  5
14E6
  8
CUT
 10
1625.3081532332471
 20
-873.2717146137625
 30
0.0
 70
0
  0
VERTEX
  5
14E7
  8
CUT
 10
1625.332571385981
 20
-873.9554074824745
 30
0.0
 70
0
  0
VERTEX
  5
14E8
  8
CUT
 10
1625.5017608800008
 20
-874.6182853747172
 30
0.0
 70
0
  0
VERTEX
  5
14E9
  8
CUT
 10
1625.8079886949401
 20
-875.230050615858
 30
0.0
 70
0
  0
VERTEX
  5
14EA
  8
CUT
 10
1626.237258300203
 20
-875.762741699797
 30
0.0
 70
0
  0
VERTEX
  5
14EB
  8
CUT
 10
1626.7699493841421
 20
-876.1920113050599
 30
0.0
 70
0
  0
VERTEX
  5
14EC
  8
CUT
 10
1627.381714625283
 20
-876.4982391199993
 30
0.0
 70
0
  0
VERTEX
  5
14ED
  8
CUT
 10
1628.0445925175254
 20
-876.6674286140191
 30
0.0
 70
0
  0
VERTEX
  5
14EE
  8
CUT
 10
1628.7282853862375
 20
-876.6918467667529
 30
0.0
 70
0
  0
VERTEX
  5
14EF
  8
CUT
 10
1629.4015441818926
 20
-876.5703775155664
 30
0.0
 70
0
  0
VERTEX
  5
14F0
  8
CUT
 10
1630.0335967575043
 20
-876.3085727666153
 30
0.0
 70
0
  0
VERTEX
  5
14F1
  8
CUT
 10
1630.595554348625
 20
-875.9183986379337
 30
0.0
 70
0
  0
VERTEX
  5
14F2
  8
CUT
 10
1631.061731970958
 20
-875.4176885328363
 30
0.0
 70
0
  0
VERTEX
  5
14F3
  8
CUT
 10
1631.4108223851345
 20
-874.829328041606
 30
0.0
 70
0
  0
VERTEX
  5
14F4
  8
CUT
 10
1631.6268699711077
 20
-874.1802089265695
 30
0.0
 70
0
  0
VERTEX
  5
14F5
  8
CUT
 10
1631.7
 20
-873.5
 30
0.0
 70
0
  0
VERTEX
  5
14F6
  8
CUT
 10
1644.3
 20
-873.5
 30
0.0
 70
0
  0
VERTEX
  5
14F7
  8
CUT
 10
1644.3731300288923
 20
-874.1802089265695
 30
0.0
 70
0
  0
VERTEX
  5
14F8
  8
CUT
 10
1644.5891776148655
 20
-874.829328041606
 30
0.0
 70
0
  0
VERTEX
  5
14F9
  8
CUT
 10
1644.938268029042
 20
-875.4176885328363
 30
0.0
 70
0
  0
VERTEX
  5
14FA
  8
CUT
 10
1645.404445651375
 20
-875.9183986379337
 30
0.0
 70
0
  0
VERTEX
  5
14FB
  8
CUT
 10
1645.9664032424957
 20
-876.3085727666153
 30
0.0
 70
0
  0
VERTEX
  5
14FC
  8
CUT
 10
1646.5984558181074
 20
-876.5703775155664
 30
0.0
 70
0
  0
VERTEX
  5
14FD
  8
CUT
 10
1647.2717146137625
 20
-876.6918467667529
 30
0.0
 70
0
  0
VERTEX
  5
14FE
  8
CUT
 10
1647.9554074824746
 20
-876.6674286140191
 30
0.0
 70
0
  0
VERTEX
  5
14FF
  8
CUT
 10
1648.618285374717
 20
-876.4982391199993
 30
0.0
 70
0
  0
VERTEX
  5
1500
  8
CUT
 10
1649.2300506158579
 20
-876.1920113050599
 30
0.0
 70
0
  0
VERTEX
  5
1501
  8
CUT
 10
1649.762741699797
 20
-875.762741699797
 30
0.0
 70
0
  0
VERTEX
  5
1502
  8
CUT
 10
1650.1920113050599
 20
-875.230050615858
 30
0.0
 70
0
  0
VERTEX
  5
1503
  8
CUT
 10
1650.4982391199992
 20
-874.6182853747172
 30
0.0
 70
0
  0
VERTEX
  5
1504
  8
CUT
 10
1650.667428614019
 20
-873.9554074824745
 30
0.0
 70
0
  0
VERTEX
  5
1505
  8
CUT
 10
1650.6918467667529
 20
-873.2717146137625
 30
0.0
 70
0
  0
VERTEX
  5
1506
  8
CUT
 10
1650.5703775155664
 20
-872.5984558181074
 30
0.0
 70
0
  0
VERTEX
  5
1507
  8
CUT
 10
1650.3085727666153
 20
-871.9664032424957
 30
0.0
 70
0
  0
VERTEX
  5
1508
  8
CUT
 10
1649.9183986379337
 20
-871.4044456513751
 30
0.0
 70
0
  0
VERTEX
  5
1509
  8
CUT
 10
1649.4176885328363
 20
-870.938268029042
 30
0.0
 70
0
  0
VERTEX
  5
150A
  8
CUT
 10
1648.829328041606
 20
-870.5891776148655
 30
0.0
 70
0
  0
VERTEX
  5
150B
  8
CUT
 10
1648.1802089265695
 20
-870.3731300288922
 30
0.0
 70
0
  0
VERTEX
  5
150C
  8
CUT
 10
1647.5
 20
-870.3
 30
0.0
 70
0
  0
VERTEX
  5
150D
  8
CUT
 10
1647.5
 20
-835.7
 30
0.0
 70
0
  0
VERTEX
  5
150E
  8
CUT
 10
1648.1802089265695
 20
-835.6268699711078
 30
0.0
 70
0
  0
VERTEX
  5
150F
  8
CUT
 10
1648.829328041606
 20
-835.4108223851345
 30
0.0
 70
0
  0
VERTEX
  5
1510
  8
CUT
 10
1649.4176885328363
 20
-835.061731970958
 30
0.0
 70
0
  0
VERTEX
  5
1511
  8
CUT
 10
1649.9183986379337
 20
-834.5955543486249
 30
0.0
 70
0
  0
VERTEX
  5
1512
  8
CUT
 10
1650.3085727666153
 20
-834.0335967575043
 30
0.0
 70
0
  0
VERTEX
  5
1513
  8
CUT
 10
1650.5703775155664
 20
-833.4015441818926
 30
0.0
 70
0
  0
VERTEX
  5
1514
  8
CUT
 10
1650.6918467667529
 20
-832.7282853862375
 30
0.0
 70
0
  0
VERTEX
  5
1515
  8
CUT
 10
1650.667428614019
 20
-832.0445925175255
 30
0.0
 70
0
  0
VERTEX
  5
1516
  8
CUT
 10
1650.4982391199992
 20
-831.3817146252828
 30
0.0
 70
0
  0
VERTEX
  5
1517
  8
CUT
 10
1650.1920113050599
 20
-830.769949384142
 30
0.0
 70
0
  0
VERTEX
  5
1518
  8
CUT
 10
1649.762741699797
 20
-830.237258300203
 30
0.0
 70
0
  0
VERTEX
  5
1519
  8
CUT
 10
1649.2300506158579
 20
-829.8079886949401
 30
0.0
 70
0
  0
VERTEX
  5
151A
  8
CUT
 10
1648.618285374717
 20
-829.5017608800007
 30
0.0
 70
0
  0
VERTEX
  5
151B
  8
CUT
 10
1647.9554074824746
 20
-829.3325713859809
 30
0.0
 70
0
  0
VERTEX
  5
151C
  8
CUT
 10
1647.2717146137625
 20
-829.3081532332471
 30
0.0
 70
0
  0
VERTEX
  5
151D
  8
CUT
 10
1646.5984558181074
 20
-829.4296224844336
 30
0.0
 70
0
  0
VERTEX
  5
151E
  8
CUT
 10
1645.9664032424957
 20
-829.6914272333847
 30
0.0
 70
0
  0
VERTEX
  5
151F
  8
CUT
 10
1645.404445651375
 20
-830.0816013620663
 30
0.0
 70
0
  0
VERTEX
  5
1520
  8
CUT
 10
1644.938268029042
 20
-830.5823114671637
 30
0.0
 70
0
  0
VERTEX
  5
1521
  8
CUT
 10
1644.5891776148655
 20
-831.170671958394
 30
0.0
 70
0
  0
VERTEX
  5
1522
  8
CUT
 10
1644.3731300288923
 20
-831.8197910734305
 30
0.0
 70
0
  0
VERTEX
  5
1523
  8
CUT
 10
1644.3
 20
-832.5
 30
0.0
 70
0
  0
VERTEX
  5
1524
  8
CUT
 10
1631.7
 20
-832.5
 30
0.0
 70
0
  0
VERTEX
  5
1525
  8
CUT
 10
1631.6268699711077
 20
-831.8197910734305
 30
0.0
 70
0
  0
VERTEX
  5
1526
  8
CUT
 10
1631.4108223851345
 20
-831.170671958394
 30
0.0
 70
0
  0
VERTEX
  5
1527
  8
CUT
 10
1631.061731970958
 20
-830.5823114671637
 30
0.0
 70
0
  0
VERTEX
  5
1528
  8
CUT
 10
1630.595554348625
 20
-830.0816013620663
 30
0.0
 70
0
  0
VERTEX
  5
1529
  8
CUT
 10
1630.0335967575043
 20
-829.6914272333847
 30
0.0
 70
0
  0
VERTEX
  5
152A
  8
CUT
 10
1629.4015441818926
 20
-829.4296224844336
 30
0.0
 70
0
  0
VERTEX
  5
152B
  8
CUT
 10
1628.7282853862375
 20
-829.3081532332471
 30
0.0
 70
0
  0
VERTEX
  5
152C
  8
CUT
 10
1628.0445925175254
 20
-829.3325713859809
 30
0.0
 70
0
  0
VERTEX
  5
152D
  8
CUT
 10
1627.381714625283
 20
-829.5017608800007
 30
0.0
 70
0
  0
VERTEX
  5
152E
  8
CUT
 10
1626.7699493841421
 20
-829.8079886949401
 30
0.0
 70
0
  0
VERTEX
  5
152F
  8
CUT
 10
1626.237258300203
 20
-830.237258300203
 30
0.0
 70
0
  0
VERTEX
  5
1530
  8
CUT
 10
1625.8079886949401
 20
-830.769949384142
 30
0.0
 70
0
  0
VERTEX
  5
1531
  8
CUT
 10
1625.5017608800008
 20
-831.3817146252828
 30
0.0
 70
0
  0
VERTEX
  5
1532
  8
CUT
 10
1625.332571385981
 20
-832.0445925175255
 30
0.0
 70
0
  0
VERTEX
  5
1533
  8
CUT
 10
1625.3081532332471
 20
-832.7282853862375
 30
0.0
 70
0
  0
VERTEX
  5
1534
  8
CUT
 10
1625.4296224844336
 20
-833.4015441818926
 30
0.0
 70
0
  0
VERTEX
  5
1535
  8
CUT
 10
1625.6914272333847
 20
-834.0335967575043
 30
0.0
 70
0
  0
VERTEX
  5
1536
  8
CUT
 10
1626.0816013620663
 20
-834.5955543486249
 30
0.0
 70
0
  0
VERTEX
  5
1537
  8
CUT
 10
1626.5823114671637
 20
-835.061731970958
 30
0.0
 70
0
  0
VERTEX
  5
1538
  8
CUT
 10
1627.170671958394
 20
-835.4108223851345
 30
0.0
 70
0
  0
VERTEX
  5
1539
  8
CUT
 10
1627.8197910734305
 20
-835.6268699711078
 30
0.0
 70
0
  0
VERTEX
  5
153A
  8
CUT
 10
1628.5
 20
-835.7
 30
0.0
 70
0
  0
SEQEND
  5
14DE
  8
CUT
  0
POLYLINE
  5
153B
  8
CUT
 66
1
 10
0.0
 20
0.0
 30
0.0
 70
1
  0
VERTEX
  5
153D
  8
CUT
 10
1838.5
 20
-1070.3
 30
0.0
 70
0
  0
VERTEX
  5
153E
  8
CUT
 10
1837.8197910734305
 20
-1070.3731300288923
 30
0.0
 70
0
  0
VERTEX
  5
153F
  8
CUT
 10
1837.170671958394
 20
-1070.5891776148655
 30
0.0
 70
0
  0
VERTEX
  5
1540
  8
CUT
 10
1836.5823114671637
 20
-1070.938268029042
 30
0.0
 70
0
  0
VERTEX
  5
1541
  8
CUT
 10
1836.0816013620663
 20
-1071.404445651375
 30
0.0
 70
0
  0
VERTEX
  5
1542
  8
CUT
 10
1835.6914272333847
 20
-1071.9664032424957
 30
0.0
 70
0
  0
VERTEX
  5
1543
  8
CUT
 10
1835.4296224844336
 20
-1072.5984558181074
 30
0.0
 70
0
  0
VERTEX
  5
1544
  8
CUT
 10
1835.3081532332471
 20
-1073.2717146137625
 30
0.0
 70
0
  0
VERTEX
  5
1545
  8
CUT
 10
1835.332571385981
 20
-1073.9554074824746
 30
0.0
 70
0
  0
VERTEX
  5
1546
  8
CUT
 10
1835.5017608800008
 20
-1074.618285374717
 30
0.0
 70
0
  0
VERTEX
  5
1547
  8
CUT
 10
1835.8079886949401
 20
-1075.2300506158579
 30
0.0
 70
0
  0
VERTEX
  5
1548
  8
CUT
 10
1836.237258300203
 20
-1075.762741699797
 30
0.0
 70
0
  0
VERTEX
  5
1549
  8
CUT
 10
1836.7699493841421
 20
-1076.1920113050599
 30
0.0
 70
0
  0
VERTEX
  5
154A
  8
CUT
 10
1837.381714625283
 20
-1076.4982391199992
 30
0.0
 70
0
  0
VERTEX
  5
154B
  8
CUT
 10
1838.0445925175254
 20
-1076.667428614019
 30
0.0
 70
0
  0
VERTEX
  5
154C
  8
CUT
 10
1838.7282853862375
 20
-1076.6918467667529
 30
0.0
 70
0
  0
VERTEX
  5
154D
  8
CUT
 10
1839.4015441818926
 20
-1076.5703775155664
 30
0.0
 70
0
  0
VERTEX
  5
154E
  8
CUT
 10
1840.0335967575043
 20
-1076.3085727666153
 30
0.0
 70
0
  0
VERTEX
  5
154F
  8
CUT
 10
1840.595554348625
 20
-1075.9183986379337
 30
0.0
 70
0
  0
VERTEX
  5
1550
  8
CUT
 10
1841.061731970958
 20
-1075.4176885328363
 30
0.0
 70
0
  0
VERTEX
  5
1551
  8
CUT
 10
1841.4108223851345
 20
-1074.829328041606
 30
0.0
 70
0
  0
VERTEX
  5
1552
  8
CUT
 10
1841.6268699711077
 20
-1074.1802089265695
 30
0.0
 70
0
  0
VERTEX
  5
1553
  8
CUT
 10
1841.7
 20
-1073.5
 30
0.0
 70
0
  0
VERTEX
  5
1554
  8
CUT
 10
1854.3
 20
-1073.5
 30
0.0
 70
0
  0
VERTEX
  5
1555
  8
CUT
 10
1854.3731300288923
 20
-1074.1802089265695
 30
0.0
 70
0
  0
VERTEX
  5
1556
  8
CUT
 10
1854.5891776148655
 20
-1074.829328041606
 30
0.0
 70
0
  0
VERTEX
  5
1557
  8
CUT
 10
1854.938268029042
 20
-1075.4176885328363
 30
0.0
 70
0
  0
VERTEX
  5
1558
  8
CUT
 10
1855.404445651375
 20
-1075.9183986379337
 30
0.0
 70
0
  0
VERTEX
  5
1559
  8
CUT
 10
1855.9664032424957
 20
-1076.3085727666153
 30
0.0
 70
0
  0
VERTEX
  5
155A
  8
CUT
 10
1856.5984558181074
 20
-1076.5703775155664
 30
0.0
 70
0
  0
VERTEX
  5
155B
  8
CUT
 10
1857.2717146137625
 20
-1076.6918467667529
 30
0.0
 70
0
  0
VERTEX
  5
155C
  8
CUT
 10
1857.9554074824746
 20
-1076.667428614019
 30
0.0
 70
0
  0
VERTEX
  5
155D
  8
CUT
 10
1858.618285374717
 20
-1076.4982391199992
 30
0.0
 70
0
  0
VERTEX
  5
155E
  8
CUT
 10
1859.2300506158579
 20
-1076.1920113050599
 30
0.0
 70
0
  0
VERTEX
  5
155F
  8
CUT
 10
1859.762741699797
 20
-1075.762741699797
 30
0.0
 70
0
  0
VERTEX
  5
1560
  8
CUT
 10
1860.1920113050599
 20
-1075.2300506158579
 30
0.0
 70
0
  0
VERTEX
  5
1561
  8
CUT
 10
1860.4982391199992
 20
-1074.618285374717
 30
0.0
 70
0
  0
VERTEX
  5
1562
  8
CUT
 10
1860.667428614019
 20
-1073.9554074824746
 30
0.0
 70
0
  0
VERTEX
  5
1563
  8
CUT
 10
1860.6918467667529
 20
-1073.2717146137625
 30
0.0
 70
0
  0
VERTEX
  5
1564
  8
CUT
 10
1860.5703775155664
 20
-1072.5984558181074
 30
0.0
 70
0
  0
VERTEX
  5
1565
  8
CUT
 10
1860.3085727666153
 20
-1071.9664032424957
 30
0.0
 70
0
  0
VERTEX
  5
1566
  8
CUT
 10
1859.9183986379337
 20
-1071.404445651375
 30
0.0
 70
0
  0
VERTEX
  5
1567
  8
CUT
 10
1859.4176885328363
 20
-1070.938268029042
 30
0.0
 70
0
  0
VERTEX
  5
1568
  8
CUT
 10
1858.829328041606
 20
-1070.5891776148655
 30
0.0
 70
0
  0
VERTEX
  5
1569
  8
CUT
 10
1858.1802089265695
 20
-1070.3731300288923
 30
0.0
 70
0
  0
VERTEX
  5
156A
  8
CUT
 10
1857.5
 20
-1070.3
 30
0.0
 70
0
  0
VERTEX
  5
156B
  8
CUT
 10
1857.5
 20
-1035.7
 30
0.0
 70
0
  0
VERTEX
  5
156C
  8
CUT
 10
1858.1802089265695
 20
-1035.6268699711077
 30
0.0
 70
0
  0
VERTEX
  5
156D
  8
CUT
 10
1858.829328041606
 20
-1035.4108223851345
 30
0.0
 70
0
  0
VERTEX
  5
156E
  8
CUT
 10
1859.4176885328363
 20
-1035.061731970958
 30
0.0
 70
0
  0
VERTEX
  5
156F
  8
CUT
 10
1859.9183986379337
 20
-1034.595554348625
 30
0.0
 70
0
  0
VERTEX
  5
1570
  8
CUT
 10
1860.3085727666153
 20
-1034.0335967575043
 30
0.0
 70
0
  0
VERTEX
  5
1571
  8
CUT
 10
1860.5703775155664
 20
-1033.4015441818926
 30
0.0
 70
0
  0
VERTEX
  5
1572
  8
CUT
 10
1860.6918467667529
 20
-1032.7282853862375
 30
0.0
 70
0
  0
VERTEX
  5
1573
  8
CUT
 10
1860.667428614019
 20
-1032.0445925175254
 30
0.0
 70
0
  0
VERTEX
  5
1574
  8
CUT
 10
1860.4982391199992
 20
-1031.381714625283
 30
0.0
 70
0
  0
VERTEX
  5
1575
  8
CUT
 10
1860.1920113050599
 20
-1030.7699493841421
 30
0.0
 70
0
  0
VERTEX
  5
1576
  8
CUT
 10
1859.762741699797
 20
-1030.237258300203
 30
0.0
 70
0
  0
VERTEX
  5
1577
  8
CUT
 10
1859.2300506158579
 20
-1029.8079886949401
 30
0.0
 70
0
  0
VERTEX
  5
1578
  8
CUT
 10
1858.618285374717
 20
-1029.5017608800008
 30
0.0
 70
0
  0
VERTEX
  5
1579
  8
CUT
 10
1857.9554074824746
 20
-1029.332571385981
 30
0.0
 70
0
  0
VERTEX
  5
157A
  8
CUT
 10
1857.2717146137625
 20
-1029.3081532332471
 30
0.0
 70
0
  0
VERTEX
  5
157B
  8
CUT
 10
1856.5984558181074
 20
-1029.4296224844336
 30
0.0
 70
0
  0
VERTEX
  5
157C
  8
CUT
 10
1855.9664032424957
 20
-1029.6914272333847
 30
0.0
 70
0
  0
VERTEX
  5
157D
  8
CUT
 10
1855.404445651375
 20
-1030.0816013620663
 30
0.0
 70
0
  0
VERTEX
  5
157E
  8
CUT
 10
1854.938268029042
 20
-1030.5823114671637
 30
0.0
 70
0
  0
VERTEX
  5
157F
  8
CUT
 10
1854.5891776148655
 20
-1031.170671958394
 30
0.0
 70
0
  0
VERTEX
  5
1580
  8
CUT
 10
1854.3731300288923
 20
-1031.8197910734305
 30
0.0
 70
0
  0
VERTEX
  5
1581
  8
CUT
 10
1854.3
 20
-1032.5
 30
0.0
 70
0
  0
VERTEX
  5
1582
  8
CUT
 10
1841.7
 20
-1032.5
 30
0.0
 70
0
  0
VERTEX
  5
1583
  8
CUT
 10
1841.6268699711077
 20
-1031.8197910734305
 30
0.0
 70
0
  0
VERTEX
  5
1584
  8
CUT
 10
1841.4108223851345
 20
-1031.170671958394
 30
0.0
 70
0
  0
VERTEX
  5
1585
  8
CUT
 10
1841.061731970958
 20
-1030.5823114671637
 30
0.0
 70
0
  0
VERTEX
  5
1586
  8
CUT
 10
1840.595554348625
 20
-1030.0816013620663
 30
0.0
 70
0
  0
VERTEX
  5
1587
  8
CUT
 10
1840.0335967575043
 20
-1029.6914272333847
 30
0.0
 70
0
  0
VERTEX
  5
1588
  8
CUT
 10
1839.4015441818926
 20
-1029.4296224844336
 30
0.0
 70
0
  0
VERTEX
  5
1589
  8
CUT
 10
1838.7282853862375
 20
-1029.3081532332471
 30
0.0
 70
0
  0
VERTEX
  5
158A
  8
CUT
 10
1838.0445925175254
 20
-1029.332571385981
 30
0.0
 70
0
  0
VERTEX
  5
158B
  8
CUT
 10
1837.381714625283
 20
-1029.5017608800008
 30
0.0
 70
0
  0
VERTEX
  5
158C
  8
CUT
 10
1836.7699493841421
 20
-1029.8079886949401
 30
0.0
 70
0
  0
VERTEX
  5
158D
  8
CUT
 10
1836.237258300203
 20
-1030.237258300203
 30
0.0
 70
0
  0
VERTEX
  5
158E
  8
CUT
 10
1835.8079886949401
 20
-1030.7699493841421
 30
0.0
 70
0
  0
VERTEX
  5
158F
  8
CUT
 10
1835.5017608800008
 20
-1031.381714625283
 30
0.0
 70
0
  0
VERTEX
  5
1590
  8
CUT
 10
1835.332571385981
 20
-1032.0445925175254
 30
0.0
 70
0
  0
VERTEX
  5
1591
  8
CUT
 10
1835.3081532332471
 20
-1032.7282853862375
 30
0.0
 70
0
  0
VERTEX
  5
1592
  8
CUT
 10
1835.4296224844336
 20
-1033.4015441818926
 30
0.0
 70
0
  0
VERTEX
  5
1593
  8
CUT
 10
1835.6914272333847
 20
-1034.0335967575043
 30
0.0
 70
0
  0
VERTEX
  5
1594
  8
CUT
 10
1836.0816013620663
 20
-1034.595554348625
 30
0.0
 70
0
  0
VERTEX
  5
1595
  8
CUT
 10
1836.5823114671637
 20
-1035.061731970958
 30
0.0
 70
0
  0
VERTEX
  5
1596
  8
CUT
 10
1837.170671958394
 20
-1035.4108223851345
 30
0.0
 70
0
  0
VERTEX
  5
1597
  8
CUT
 10
1837.8197910734305
 20
-1035.6268699711077
 30
0.0
 70
0
  0
VERTEX
  5
1598
  8
CUT
 10
1838.5
 20
-1035.7
 30
0.0
 70
0
  0
SEQEND
  5
153C
  8
CUT
  0
POLYLINE
  5
1599
  8
CUT
 66
1
 10
0.0
 20
0.0
 30
0.0
 70
1
  0
VERTEX
  5
159B
  8
CUT
 10
1838.5
 20
-870.3
 30
0.0
 70
0
  0
VERTEX
  5
159C
  8
CUT
 10
1837.8197910734305
 20
-870.3731300288922
 30
0.0
 70
0
  0
VERTEX
  5
159D
  8
CUT
 10
1837.170671958394
 20
-870.5891776148655
 30
0.0
 70
0
  0
VERTEX
  5
159E
  8
CUT
 10
1836.5823114671637
 20
-870.938268029042
 30
0.0
 70
0
  0
VERTEX
  5
159F
  8
CUT
 10
1836.0816013620663
 20
-871.4044456513751
 30
0.0
 70
0
  0
VERTEX
  5
15A0
  8
CUT
 10
1835.6914272333847
 20
-871.9664032424957
 30
0.0
 70
0
  0
VERTEX
  5
15A1
  8
CUT
 10
1835.4296224844336
 20
-872.5984558181074
 30
0.0
 70
0
  0
VERTEX
  5
15A2
  8
CUT
 10
1835.3081532332471
 20
-873.2717146137625
 30
0.0
 70
0
  0
VERTEX
  5
15A3
  8
CUT
 10
1835.332571385981
 20
-873.9554074824745
 30
0.0
 70
0
  0
VERTEX
  5
15A4
  8
CUT
 10
1835.5017608800008
 20
-874.6182853747172
 30
0.0
 70
0
  0
VERTEX
  5
15A5
  8
CUT
 10
1835.8079886949401
 20
-875.230050615858
 30
0.0
 70
0
  0
VERTEX
  5
15A6
  8
CUT
 10
1836.237258300203
 20
-875.762741699797
 30
0.0
 70
0
  0
VERTEX
  5
15A7
  8
CUT
 10
1836.7699493841421
 20
-876.1920113050599
 30
0.0
 70
0
  0
VERTEX
  5
15A8
  8
CUT
 10
1837.381714625283
 20
-876.4982391199993
 30
0.0
 70
0
  0
VERTEX
  5
15A9
  8
CUT
 10
1838.0445925175254
 20
-876.6674286140191
 30
0.0
 70
0
  0
VERTEX
  5
15AA
  8
CUT
 10
1838.7282853862375
 20
-876.6918467667529
 30
0.0
 70
0
  0
VERTEX
  5
15AB
  8
CUT
 10
1839.4015441818926
 20
-876.5703775155664
 30
0.0
 70
0
  0
VERTEX
  5
15AC
  8
CUT
 10
1840.0335967575043
 20
-876.3085727666153
 30
0.0
 70
0
  0
VERTEX
  5
15AD
  8
CUT
 10
1840.595554348625
 20
-875.9183986379337
 30
0.0
 70
0
  0
VERTEX
  5
15AE
  8
CUT
 10
1841.061731970958
 20
-875.4176885328363
 30
0.0
 70
0
  0
VERTEX
  5
15AF
  8
CUT
 10
1841.4108223851345
 20
-874.829328041606
 30
0.0
 70
0
  0
VERTEX
  5
15B0
  8
CUT
 10
1841.6268699711077
 20
-874.1802089265695
 30
0.0
 70
0
  0
VERTEX
  5
15B1
  8
CUT
 10
1841.7
 20
-873.5
 30
0.0
 70
0
  0
VERTEX
  5
15B2
  8
CUT
 10
1854.3
 20
-873.5
 30
0.0
 70
0
  0
VERTEX
  5
15B3
  8
CUT
 10
1854.3731300288923
 20
-874.1802089265695
 30
0.0
 70
0
  0
VERTEX
  5
15B4
  8
CUT
 10
1854.5891776148655
 20
-874.829328041606
 30
0.0
 70
0
  0
VERTEX
  5
15B5
  8
CUT
 10
1854.938268029042
 20
-875.4176885328363
 30
0.0
 70
0
  0
VERTEX
  5
15B6
  8
CUT
 10
1855.404445651375
 20
-875.9183986379337
 30
0.0
 70
0
  0
VERTEX
  5
15B7
  8
CUT
 10
1855.9664032424957
 20
-876.3085727666153
 30
0.0
 70
0
  0
VERTEX
  5
15B8
  8
CUT
 10
1856.5984558181074
 20
-876.5703775155664
 30
0.0
 70
0
  0
VERTEX
  5
15B9
  8
CUT
 10
1857.2717146137625
 20
-876.6918467667529
 30
0.0
 70
0
  0
VERTEX
  5
15BA
  8
CUT
 10
1857.9554074824746
 20
-876.6674286140191
 30
0.0
 70
0
  0
VERTEX
  5
15BB
  8
CUT
 10
1858.618285374717
 20
-876.4982391199993
 30
0.0
 70
0
  0
VERTEX
  5
15BC
  8
CUT
 10
1859.2300506158579
 20
-876.1920113050599
 30
0.0
 70
0
  0
VERTEX
  5
15BD
  8
CUT
 10
1859.762741699797
 20
-875.762741699797
 30
0.0
 70
0
  0
VERTEX
  5
15BE
  8
CUT
 10
1860.1920113050599
 20
-875.230050615858
 30
0.0
 70
0
  0
VERTEX
  5
15BF
  8
CUT
 10
1860.4982391199992
 20
-874.6182853747172
 30
0.0
 70
0
  0
VERTEX
  5
15C0
  8
CUT
 10
1860.667428614019
 20
-873.9554074824745
 30
0.0
 70
0
  0
VERTEX
  5
15C1
  8
CUT
 10
1860.6918467667529
 20
-873.2717146137625
 30
0.0
 70
0
  0
VERTEX
  5
15C2
  8
CUT
 10
1860.5703775155664
 20
-872.5984558181074
 30
0.0
 70
0
  0
VERTEX
  5
15C3
  8
CUT
 10
1860.3085727666153
 20
-871.9664032424957
 30
0.0
 70
0
  0
VERTEX
  5
15C4
  8
CUT
 10
1859.9183986379337
 20
-871.4044456513751
 30
0.0
 70
0
  0
VERTEX
  5
15C5
  8
CUT
 10
1859.4176885328363
 20
-870.938268029042
 30
0.0
 70
0
  0
VERTEX
  5
15C6
  8
CUT
 10
1858.829328041606
 20
-870.5891776148655
 30
0.0
 70
0
  0
VERTEX
  5
15C7
  8
CUT
 10
1858.1802089265695
 20
-870.3731300288922
 30
0.0
 70
0
  0
VERTEX
  5
15C8
  8
CUT
 10
1857.5
 20
-870.3
 30
0.0
 70
0
  0
VERTEX
  5
15C9
  8
CUT
 10
1857.5
 20
-835.7
 30
0.0
 70
0
  0
VERTEX
  5
15CA
  8
CUT
 10
1858.1802089265695
 20
-835.6268699711078
 30
0.0
 70
0
  0
VERTEX
  5
15CB
  8
CUT
 10
1858.829328041606
 20
-835.4108223851345
 30
0.0
 70
0
  0
VERTEX
  5
15CC
  8
CUT
 10
1859.4176885328363
 20
-835.061731970958
 30
0.0
 70
0
  0
VERTEX
  5
15CD
  8
CUT
 10
1859.9183986379337
 20
-834.5955543486249
 30
0.0
 70
0
  0
VERTEX
  5
15CE
  8
CUT
 10
1860.3085727666153
 20
-834.0335967575043
 30
0.0
 70
0
  0
VERTEX
  5
15CF
  8
CUT
 10
1860.5703775155664
 20
-833.4015441818926
 30
0.0
 70
0
  0
VERTEX
  5
15D0
  8
CUT
 10
1860.6918467667529
 20
-832.7282853862375
 30
0.0
 70
0
  0
VERTEX
  5
15D1
  8
CUT
 10
1860.667428614019
 20
-832.0445925175255
 30
0.0
 70
0
  0
VERTEX
  5
15D2
  8
CUT
 10
1860.4982391199992
 20
-831.3817146252828
 30
0.0
 70
0
  0
VERTEX
  5
15D3
  8
CUT
 10
1860.1920113050599
 20
-830.769949384142
 30
0.0
 70
0
  0
VERTEX
  5
15D4
  8
CUT
 10
1859.762741699797
 20
-830.237258300203
 30
0.0
 70
0
  0
VERTEX
  5
15D5
  8
CUT
 10
1859.2300506158579
 20
-829.8079886949401
 30
0.0
 70
0
  0
VERTEX
  5
15D6
  8
CUT
 10
1858.618285374717
 20
-829.5017608800007
 30
0.0
 70
0
  0
VERTEX
  5
15D7
  8
CUT
 10
1857.9554074824746
 20
-829.3325713859809
 30
0.0
 70
0
  0
VERTEX
  5
15D8
  8
CUT
 10
1857.2717146137625
 20
-829.3081532332471
 30
0.0
 70
0
  0
VERTEX
  5
15D9
  8
CUT
 10
1856.5984558181074
 20
-829.4296224844336
 30
0.0
 70
0
  0
VERTEX
  5
15DA
  8
CUT
 10
1855.9664032424957
 20
-829.6914272333847
 30
0.0
 70
0
  0
VERTEX
  5
15DB
  8
CUT
 10
1855.404445651375
 20
-830.0816013620663
 30
0.0
 70
0
  0
VERTEX
  5
15DC
  8
CUT
 10
1854.938268029042
 20
-830.5823114671637
 30
0.0
 70
0
  0
VERTEX
  5
15DD
  8
CUT
 10
1854.5891776148655
 20
-831.170671958394
 30
0.0
 70
0
  0
VERTEX
  5
15DE
  8
CUT
 10
1854.3731300288923
 20
-831.8197910734305
 30
0.0
 70
0
  0
VERTEX
  5
15DF
  8
CUT
 10
1854.3
 20
-832.5
 30
0.0
 70
0
  0
VERTEX
  5
15E0
  8
CUT
 10
1841.7
 20
-832.5
 30
0.0
 70
0
  0
VERTEX
  5
15E1
  8
CUT
 10
1841.6268699711077
 20
-831.8197910734305
 30
0.0
 70
0
  0
VERTEX
  5
15E2
  8
CUT
 10
1841.4108223851345
 20
-831.170671958394
 30
0.0
 70
0
  0
VERTEX
  5
15E3
  8
CUT
 10
1841.061731970958
 20
-830.5823114671637
 30
0.0
 70
0
  0
VERTEX
  5
15E4
  8
CUT
 10
1840.595554348625
 20
-830.0816013620663
 30
0.0
 70
0
  0
VERTEX
  5
15E5
  8
CUT
 10
1840.0335967575043
 20
-829.6914272333847
 30
0.0
 70
0
  0
VERTEX
  5
15E6
  8
CUT
 10
1839.4015441818926
 20
-829.4296224844336
 30
0.0
 70
0
  0
VERTEX
  5
15E7
  8
CUT
 10
1838.7282853862375
 20
-829.3081532332471
 30
0.0
 70
0
  0
VERTEX
  5
15E8
  8
CUT
 10
1838.0445925175254
 20
-829.3325713859809
 30
0.0
 70
0
  0
VERTEX
  5
15E9
  8
CUT
 10
1837.381714625283
 20
-829.5017608800007
 30
0.0
 70
0
  0
VERTEX
  5
15EA
  8
CUT
 10
1836.7699493841421
 20
-829.8079886949401
 30
0.0
 70
0
  0
VERTEX
  5
15EB
  8
CUT
 10
1836.237258300203
 20
-830.237258300203
 30
0.0
 70
0
  0
VERTEX
  5
15EC
  8
CUT
 10
1835.8079886949401
 20
-830.769949384142
 30
0.0
 70
0
  0
VERTEX
  5
15ED
  8
CUT
 10
1835.5017608800008
 20
-831.3817146252828
 30
0.0
 70
0
  0
VERTEX
  5
15EE
  8
CUT
 10
1835.332571385981
 20
-832.0445925175255
 30
0.0
 70
0
  0
VERTEX
  5
15EF
  8
CUT
 10
1835.3081532332471
 20
-832.7282853862375
 30
0.0
 70
0
  0
VERTEX
  5
15F0
  8
CUT
 10
1835.4296224844336
 20
-833.4015441818926
 30
0.0
 70
0
  0
VERTEX
  5
15F1
  8
CUT
 10
1835.6914272333847
 20
-834.0335967575043
 30
0.0
 70
0
  0
VERTEX
  5
15F2
  8
CUT
 10
1836.0816013620663
 20
-834.5955543486249
 30
0.0
 70
0
  0
VERTEX
  5
15F3
  8
CUT
 10
1836.5823114671637
 20
-835.061731970958
 30
0.0
 70
0
  0
VERTEX
  5
15F4
  8
CUT
 10
1837.170671958394
 20
-835.4108223851345
 30
0.0
 70
0
  0
VERTEX
  5
15F5
  8
CUT
 10
1837.8197910734305
 20
-835.6268699711078
 30
0.0
 70
0
  0
VERTEX
  5
15F6
  8
CUT
 10
1838.5
 20
-835.7
 30
0.0
 70
0
  0
SEQEND
  5
159A
  8
CUT
  0
POLYLINE
  5
15F7
  8
CUT
 66
1
 10
0.0
 20
0.0
 30
0.0
 70
1
  0
VERTEX
  5
15F9
  8
CUT
 10
1358.5
 20
-1110.3
 30
0.0
 70
0
  0
VERTEX
  5
15FA
  8
CUT
 10
1357.8197910734305
 20
-1110.3731300288923
 30
0.0
 70
0
  0
VERTEX
  5
15FB
  8
CUT
 10
1357.170671958394
 20
-1110.5891776148655
 30
0.0
 70
0
  0
VERTEX
  5
15FC
  8
CUT
 10
1356.5823114671637
 20
-1110.938268029042
 30
0.0
 70
0
  0
VERTEX
  5
15FD
  8
CUT
 10
1356.0816013620663
 20
-1111.404445651375
 30
0.0
 70
0
  0
VERTEX
  5
15FE
  8
CUT
 10
1355.6914272333847
 20
-1111.9664032424957
 30
0.0
 70
0
  0
VERTEX
  5
15FF
  8
CUT
 10
1355.4296224844336
 20
-1112.5984558181074
 30
0.0
 70
0
  0
VERTEX
  5
1600
  8
CUT
 10
1355.3081532332471
 20
-1113.2717146137625
 30
0.0
 70
0
  0
VERTEX
  5
1601
  8
CUT
 10
1355.332571385981
 20
-1113.9554074824746
 30
0.0
 70
0
  0
VERTEX
  5
1602
  8
CUT
 10
1355.5017608800008
 20
-1114.618285374717
 30
0.0
 70
0
  0
VERTEX
  5
1603
  8
CUT
 10
1355.8079886949401
 20
-1115.2300506158579
 30
0.0
 70
0
  0
VERTEX
  5
1604
  8
CUT
 10
1356.237258300203
 20
-1115.762741699797
 30
0.0
 70
0
  0
VERTEX
  5
1605
  8
CUT
 10
1356.7699493841421
 20
-1116.1920113050599
 30
0.0
 70
0
  0
VERTEX
  5
1606
  8
CUT
 10
1357.381714625283
 20
-1116.4982391199992
 30
0.0
 70
0
  0
VERTEX
  5
1607
  8
CUT
 10
1358.0445925175254
 20
-1116.667428614019
 30
0.0
 70
0
  0
VERTEX
  5
1608
  8
CUT
 10
1358.7282853862375
 20
-1116.6918467667529
 30
0.0
 70
0
  0
VERTEX
  5
1609
  8
CUT
 10
1359.4015441818926
 20
-1116.5703775155664
 30
0.0
 70
0
  0
VERTEX
  5
160A
  8
CUT
 10
1360.0335967575043
 20
-1116.3085727666153
 30
0.0
 70
0
  0
VERTEX
  5
160B
  8
CUT
 10
1360.595554348625
 20
-1115.9183986379337
 30
0.0
 70
0
  0
VERTEX
  5
160C
  8
CUT
 10
1361.061731970958
 20
-1115.4176885328363
 30
0.0
 70
0
  0
VERTEX
  5
160D
  8
CUT
 10
1361.4108223851345
 20
-1114.829328041606
 30
0.0
 70
0
  0
VERTEX
  5
160E
  8
CUT
 10
1361.6268699711077
 20
-1114.1802089265695
 30
0.0
 70
0
  0
VERTEX
  5
160F
  8
CUT
 10
1361.7
 20
-1113.5
 30
0.0
 70
0
  0
VERTEX
  5
1610
  8
CUT
 10
1374.3
 20
-1113.5
 30
0.0
 70
0
  0
VERTEX
  5
1611
  8
CUT
 10
1374.3731300288923
 20
-1114.1802089265695
 30
0.0
 70
0
  0
VERTEX
  5
1612
  8
CUT
 10
1374.5891776148655
 20
-1114.829328041606
 30
0.0
 70
0
  0
VERTEX
  5
1613
  8
CUT
 10
1374.938268029042
 20
-1115.4176885328363
 30
0.0
 70
0
  0
VERTEX
  5
1614
  8
CUT
 10
1375.404445651375
 20
-1115.9183986379337
 30
0.0
 70
0
  0
VERTEX
  5
1615
  8
CUT
 10
1375.9664032424957
 20
-1116.3085727666153
 30
0.0
 70
0
  0
VERTEX
  5
1616
  8
CUT
 10
1376.5984558181074
 20
-1116.5703775155664
 30
0.0
 70
0
  0
VERTEX
  5
1617
  8
CUT
 10
1377.2717146137625
 20
-1116.6918467667529
 30
0.0
 70
0
  0
VERTEX
  5
1618
  8
CUT
 10
1377.9554074824746
 20
-1116.667428614019
 30
0.0
 70
0
  0
VERTEX
  5
1619
  8
CUT
 10
1378.618285374717
 20
-1116.4982391199992
 30
0.0
 70
0
  0
VERTEX
  5
161A
  8
CUT
 10
1379.2300506158579
 20
-1116.1920113050599
 30
0.0
 70
0
  0
VERTEX
  5
161B
  8
CUT
 10
1379.762741699797
 20
-1115.762741699797
 30
0.0
 70
0
  0
VERTEX
  5
161C
  8
CUT
 10
1380.1920113050599
 20
-1115.2300506158579
 30
0.0
 70
0
  0
VERTEX
  5
161D
  8
CUT
 10
1380.4982391199992
 20
-1114.618285374717
 30
0.0
 70
0
  0
VERTEX
  5
161E
  8
CUT
 10
1380.667428614019
 20
-1113.9554074824746
 30
0.0
 70
0
  0
VERTEX
  5
161F
  8
CUT
 10
1380.6918467667529
 20
-1113.2717146137625
 30
0.0
 70
0
  0
VERTEX
  5
1620
  8
CUT
 10
1380.5703775155664
 20
-1112.5984558181074
 30
0.0
 70
0
  0
VERTEX
  5
1621
  8
CUT
 10
1380.3085727666153
 20
-1111.9664032424957
 30
0.0
 70
0
  0
VERTEX
  5
1622
  8
CUT
 10
1379.9183986379337
 20
-1111.404445651375
 30
0.0
 70
0
  0
VERTEX
  5
1623
  8
CUT
 10
1379.4176885328363
 20
-1110.938268029042
 30
0.0
 70
0
  0
VERTEX
  5
1624
  8
CUT
 10
1378.829328041606
 20
-1110.5891776148655
 30
0.0
 70
0
  0
VERTEX
  5
1625
  8
CUT
 10
1378.1802089265695
 20
-1110.3731300288923
 30
0.0
 70
0
  0
VERTEX
  5
1626
  8
CUT
 10
1377.5
 20
-1110.3
 30
0.0
 70
0
  0
VERTEX
  5
1627
  8
CUT
 10
1377.5
 20
-1075.7
 30
0.0
 70
0
  0
VERTEX
  5
1628
  8
CUT
 10
1378.1802089265695
 20
-1075.6268699711077
 30
0.0
 70
0
  0
VERTEX
  5
1629
  8
CUT
 10
1378.829328041606
 20
-1075.4108223851345
 30
0.0
 70
0
  0
VERTEX
  5
162A
  8
CUT
 10
1379.4176885328363
 20
-1075.061731970958
 30
0.0
 70
0
  0
VERTEX
  5
162B
  8
CUT
 10
1379.9183986379337
 20
-1074.595554348625
 30
0.0
 70
0
  0
VERTEX
  5
162C
  8
CUT
 10
1380.3085727666153
 20
-1074.0335967575043
 30
0.0
 70
0
  0
VERTEX
  5
162D
  8
CUT
 10
1380.5703775155664
 20
-1073.4015441818926
 30
0.0
 70
0
  0
VERTEX
  5
162E
  8
CUT
 10
1380.6918467667529
 20
-1072.7282853862375
 30
0.0
 70
0
  0
VERTEX
  5
162F
  8
CUT
 10
1380.667428614019
 20
-1072.0445925175254
 30
0.0
 70
0
  0
VERTEX
  5
1630
  8
CUT
 10
1380.4982391199992
 20
-1071.381714625283
 30
0.0
 70
0
  0
VERTEX
  5
1631
  8
CUT
 10
1380.1920113050599
 20
-1070.7699493841421
 30
0.0
 70
0
  0
VERTEX
  5
1632
  8
CUT
 10
1379.762741699797
 20
-1070.237258300203
 30
0.0
 70
0
  0
VERTEX
  5
1633
  8
CUT
 10
1379.2300506158579
 20
-1069.8079886949401
 30
0.0
 70
0
  0
VERTEX
  5
1634
  8
CUT
 10
1378.618285374717
 20
-1069.5017608800008
 30
0.0
 70
0
  0
VERTEX
  5
1635
  8
CUT
 10
1377.9554074824746
 20
-1069.332571385981
 30
0.0
 70
0
  0
VERTEX
  5
1636
  8
CUT
 10
1377.2717146137625
 20
-1069.3081532332471
 30
0.0
 70
0
  0
VERTEX
  5
1637
  8
CUT
 10
1376.5984558181074
 20
-1069.4296224844336
 30
0.0
 70
0
  0
VERTEX
  5
1638
  8
CUT
 10
1375.9664032424957
 20
-1069.6914272333847
 30
0.0
 70
0
  0
VERTEX
  5
1639
  8
CUT
 10
1375.404445651375
 20
-1070.0816013620663
 30
0.0
 70
0
  0
VERTEX
  5
163A
  8
CUT
 10
1374.938268029042
 20
-1070.5823114671637
 30
0.0
 70
0
  0
VERTEX
  5
163B
  8
CUT
 10
1374.5891776148655
 20
-1071.170671958394
 30
0.0
 70
0
  0
VERTEX
  5
163C
  8
CUT
 10
1374.3731300288923
 20
-1071.8197910734305
 30
0.0
 70
0
  0
VERTEX
  5
163D
  8
CUT
 10
1374.3
 20
-1072.5
 30
0.0
 70
0
  0
VERTEX
  5
163E
  8
CUT
 10
1361.7
 20
-1072.5
 30
0.0
 70
0
  0
VERTEX
  5
163F
  8
CUT
 10
1361.6268699711077
 20
-1071.8197910734305
 30
0.0
 70
0
  0
VERTEX
  5
1640
  8
CUT
 10
1361.4108223851345
 20
-1071.170671958394
 30
0.0
 70
0
  0
VERTEX
  5
1641
  8
CUT
 10
1361.061731970958
 20
-1070.5823114671637
 30
0.0
 70
0
  0
VERTEX
  5
1642
  8
CUT
 10
1360.595554348625
 20
-1070.0816013620663
 30
0.0
 70
0
  0
VERTEX
  5
1643
  8
CUT
 10
1360.0335967575043
 20
-1069.6914272333847
 30
0.0
 70
0
  0
VERTEX
  5
1644
  8
CUT
 10
1359.4015441818926
 20
-1069.4296224844336
 30
0.0
 70
0
  0
VERTEX
  5
1645
  8
CUT
 10
1358.7282853862375
 20
-1069.3081532332471
 30
0.0
 70
0
  0
VERTEX
  5
1646
  8
CUT
 10
1358.0445925175254
 20
-1069.332571385981
 30
0.0
 70
0
  0
VERTEX
  5
1647
  8
CUT
 10
1357.381714625283
 20
-1069.5017608800008
 30
0.0
 70
0
  0
VERTEX
  5
1648
  8
CUT
 10
1356.7699493841421
 20
-1069.8079886949401
 30
0.0
 70
0
  0
VERTEX
  5
1649
  8
CUT
 10
1356.237258300203
 20
-1070.237258300203
 30
0.0
 70
0
  0
VERTEX
  5
164A
  8
CUT
 10
1355.8079886949401
 20
-1070.7699493841421
 30
0.0
 70
0
  0
VERTEX
  5
164B
  8
CUT
 10
1355.5017608800008
 20
-1071.381714625283
 30
0.0
 70
0
  0
VERTEX
  5
164C
  8
CUT
 10
1355.332571385981
 20
-1072.0445925175254
 30
0.0
 70
0
  0
VERTEX
  5
164D
  8
CUT
 10
1355.3081532332471
 20
-1072.7282853862375
 30
0.0
 70
0
  0
VERTEX
  5
164E
  8
CUT
 10
1355.4296224844336
 20
-1073.4015441818926
 30
0.0
 70
0
  0
VERTEX
  5
164F
  8
CUT
 10
1355.6914272333847
 20
-1074.0335967575043
 30
0.0
 70
0
  0
VERTEX
  5
1650
  8
CUT
 10
1356.0816013620663
 20
-1074.595554348625
 30
0.0
 70
0
  0
VERTEX
  5
1651
  8
CUT
 10
1356.5823114671637
 20
-1075.061731970958
 30
0.0
 70
0
  0
VERTEX
  5
1652
  8
CUT
 10
1357.170671958394
 20
-1075.4108223851345
 30
0.0
 70
0
  0
VERTEX
  5
1653
  8
CUT
 10
1357.8197910734305
 20
-1075.6268699711077
 30
0.0
 70
0
  0
VERTEX
  5
1654
  8
CUT
 10
1358.5
 20
-1075.7
 30
0.0
 70
0
  0
SEQEND
  5
15F8
  8
CUT
  0
POLYLINE
  5
1655
  8
CUT
 66
1
 10
0.0
 20
0.0
 30
0.0
 70
1
  0
VERTEX
  5
1657
  8
CUT
 10
1358.5
 20
-980.3
 30
0.0
 70
0
  0
VERTEX
  5
1658
  8
CUT
 10
1357.8197910734305
 20
-980.3731300288922
 30
0.0
 70
0
  0
VERTEX
  5
1659
  8
CUT
 10
1357.170671958394
 20
-980.5891776148655
 30
0.0
 70
0
  0
VERTEX
  5
165A
  8
CUT
 10
1356.5823114671637
 20
-980.938268029042
 30
0.0
 70
0
  0
VERTEX
  5
165B
  8
CUT
 10
1356.0816013620663
 20
-981.4044456513751
 30
0.0
 70
0
  0
VERTEX
  5
165C
  8
CUT
 10
1355.6914272333847
 20
-981.9664032424957
 30
0.0
 70
0
  0
VERTEX
  5
165D
  8
CUT
 10
1355.4296224844336
 20
-982.5984558181074
 30
0.0
 70
0
  0
VERTEX
  5
165E
  8
CUT
 10
1355.3081532332471
 20
-983.2717146137625
 30
0.0
 70
0
  0
VERTEX
  5
165F
  8
CUT
 10
1355.332571385981
 20
-983.9554074824745
 30
0.0
 70
0
  0
VERTEX
  5
1660
  8
CUT
 10
1355.5017608800008
 20
-984.6182853747172
 30
0.0
 70
0
  0
VERTEX
  5
1661
  8
CUT
 10
1355.8079886949401
 20
-985.230050615858
 30
0.0
 70
0
  0
VERTEX
  5
1662
  8
CUT
 10
1356.237258300203
 20
-985.762741699797
 30
0.0
 70
0
  0
VERTEX
  5
1663
  8
CUT
 10
1356.7699493841421
 20
-986.1920113050599
 30
0.0
 70
0
  0
VERTEX
  5
1664
  8
CUT
 10
1357.381714625283
 20
-986.4982391199993
 30
0.0
 70
0
  0
VERTEX
  5
1665
  8
CUT
 10
1358.0445925175254
 20
-986.6674286140191
 30
0.0
 70
0
  0
VERTEX
  5
1666
  8
CUT
 10
1358.7282853862375
 20
-986.6918467667529
 30
0.0
 70
0
  0
VERTEX
  5
1667
  8
CUT
 10
1359.4015441818926
 20
-986.5703775155664
 30
0.0
 70
0
  0
VERTEX
  5
1668
  8
CUT
 10
1360.0335967575043
 20
-986.3085727666153
 30
0.0
 70
0
  0
VERTEX
  5
1669
  8
CUT
 10
1360.595554348625
 20
-985.9183986379337
 30
0.0
 70
0
  0
VERTEX
  5
166A
  8
CUT
 10
1361.061731970958
 20
-985.4176885328363
 30
0.0
 70
0
  0
VERTEX
  5
166B
  8
CUT
 10
1361.4108223851345
 20
-984.829328041606
 30
0.0
 70
0
  0
VERTEX
  5
166C
  8
CUT
 10
1361.6268699711077
 20
-984.1802089265695
 30
0.0
 70
0
  0
VERTEX
  5
166D
  8
CUT
 10
1361.7
 20
-983.5
 30
0.0
 70
0
  0
VERTEX
  5
166E
  8
CUT
 10
1374.3
 20
-983.5
 30
0.0
 70
0
  0
VERTEX
  5
166F
  8
CUT
 10
1374.3731300288923
 20
-984.1802089265695
 30
0.0
 70
0
  0
VERTEX
  5
1670
  8
CUT
 10
1374.5891776148655
 20
-984.829328041606
 30
0.0
 70
0
  0
VERTEX
  5
1671
  8
CUT
 10
1374.938268029042
 20
-985.4176885328363
 30
0.0
 70
0
  0
VERTEX
  5
1672
  8
CUT
 10
1375.404445651375
 20
-985.9183986379337
 30
0.0
 70
0
  0
VERTEX
  5
1673
  8
CUT
 10
1375.9664032424957
 20
-986.3085727666153
 30
0.0
 70
0
  0
VERTEX
  5
1674
  8
CUT
 10
1376.5984558181074
 20
-986.5703775155664
 30
0.0
 70
0
  0
VERTEX
  5
1675
  8
CUT
 10
1377.2717146137625
 20
-986.6918467667529
 30
0.0
 70
0
  0
VERTEX
  5
1676
  8
CUT
 10
1377.9554074824746
 20
-986.6674286140191
 30
0.0
 70
0
  0
VERTEX
  5
1677
  8
CUT
 10
1378.618285374717
 20
-986.4982391199993
 30
0.0
 70
0
  0
VERTEX
  5
1678
  8
CUT
 10
1379.2300506158579
 20
-986.1920113050599
 30
0.0
 70
0
  0
VERTEX
  5
1679
  8
CUT
 10
1379.762741699797
 20
-985.762741699797
 30
0.0
 70
0
  0
VERTEX
  5
167A
  8
CUT
 10
1380.1920113050599
 20
-985.230050615858
 30
0.0
 70
0
  0
VERTEX
  5
167B
  8
CUT
 10
1380.4982391199992
 20
-984.6182853747172
 30
0.0
 70
0
  0
VERTEX
  5
167C
  8
CUT
 10
1380.667428614019
 20
-983.9554074824745
 30
0.0
 70
0
  0
VERTEX
  5
167D
  8
CUT
 10
1380.6918467667529
 20
-983.2717146137625
 30
0.0
 70
0
  0
VERTEX
  5
167E
  8
CUT
 10
1380.5703775155664
 20
-982.5984558181074
 30
0.0
 70
0
  0
VERTEX
  5
167F
  8
CUT
 10
1380.3085727666153
 20
-981.9664032424957
 30
0.0
 70
0
  0
VERTEX
  5
1680
  8
CUT
 10
1379.9183986379337
 20
-981.4044456513751
 30
0.0
 70
0
  0
VERTEX
  5
1681
  8
CUT
 10
1379.4176885328363
 20
-980.938268029042
 30
0.0
 70
0
  0
VERTEX
  5
1682
  8
CUT
 10
1378.829328041606
 20
-980.5891776148655
 30
0.0
 70
0
  0
VERTEX
  5
1683
  8
CUT
 10
1378.1802089265695
 20
-980.3731300288922
 30
0.0
 70
0
  0
VERTEX
  5
1684
  8
CUT
 10
1377.5
 20
-980.3
 30
0.0
 70
0
  0
VERTEX
  5
1685
  8
CUT
 10
1377.5
 20
-945.7
 30
0.0
 70
0
  0
VERTEX
  5
1686
  8
CUT
 10
1378.1802089265695
 20
-945.6268699711078
 30
0.0
 70
0
  0
VERTEX
  5
1687
  8
CUT
 10
1378.829328041606
 20
-945.4108223851345
 30
0.0
 70
0
  0
VERTEX
  5
1688
  8
CUT
 10
1379.4176885328363
 20
-945.061731970958
 30
0.0
 70
0
  0
VERTEX
  5
1689
  8
CUT
 10
1379.9183986379337
 20
-944.5955543486249
 30
0.0
 70
0
  0
VERTEX
  5
168A
  8
CUT
 10
1380.3085727666153
 20
-944.0335967575043
 30
0.0
 70
0
  0
VERTEX
  5
168B
  8
CUT
 10
1380.5703775155664
 20
-943.4015441818926
 30
0.0
 70
0
  0
VERTEX
  5
168C
  8
CUT
 10
1380.6918467667529
 20
-942.7282853862375
 30
0.0
 70
0
  0
VERTEX
  5
168D
  8
CUT
 10
1380.667428614019
 20
-942.0445925175255
 30
0.0
 70
0
  0
VERTEX
  5
168E
  8
CUT
 10
1380.4982391199992
 20
-941.3817146252828
 30
0.0
 70
0
  0
VERTEX
  5
168F
  8
CUT
 10
1380.1920113050599
 20
-940.769949384142
 30
0.0
 70
0
  0
VERTEX
  5
1690
  8
CUT
 10
1379.762741699797
 20
-940.237258300203
 30
0.0
 70
0
  0
VERTEX
  5
1691
  8
CUT
 10
1379.2300506158579
 20
-939.8079886949401
 30
0.0
 70
0
  0
VERTEX
  5
1692
  8
CUT
 10
1378.618285374717
 20
-939.5017608800007
 30
0.0
 70
0
  0
VERTEX
  5
1693
  8
CUT
 10
1377.9554074824746
 20
-939.3325713859809
 30
0.0
 70
0
  0
VERTEX
  5
1694
  8
CUT
 10
1377.2717146137625
 20
-939.3081532332471
 30
0.0
 70
0
  0
VERTEX
  5
1695
  8
CUT
 10
1376.5984558181074
 20
-939.4296224844336
 30
0.0
 70
0
  0
VERTEX
  5
1696
  8
CUT
 10
1375.9664032424957
 20
-939.6914272333847
 30
0.0
 70
0
  0
VERTEX
  5
1697
  8
CUT
 10
1375.404445651375
 20
-940.0816013620663
 30
0.0
 70
0
  0
VERTEX
  5
1698
  8
CUT
 10
1374.938268029042
 20
-940.5823114671637
 30
0.0
 70
0
  0
VERTEX
  5
1699
  8
CUT
 10
1374.5891776148655
 20
-941.170671958394
 30
0.0
 70
0
  0
VERTEX
  5
169A
  8
CUT
 10
1374.3731300288923
 20
-941.8197910734305
 30
0.0
 70
0
  0
VERTEX
  5
169B
  8
CUT
 10
1374.3
 20
-942.5
 30
0.0
 70
0
  0
VERTEX
  5
169C
  8
CUT
 10
1361.7
 20
-942.5
 30
0.0
 70
0
  0
VERTEX
  5
169D
  8
CUT
 10
1361.6268699711077
 20
-941.8197910734305
 30
0.0
 70
0
  0
VERTEX
  5
169E
  8
CUT
 10
1361.4108223851345
 20
-941.170671958394
 30
0.0
 70
0
  0
VERTEX
  5
169F
  8
CUT
 10
1361.061731970958
 20
-940.5823114671637
 30
0.0
 70
0
  0
VERTEX
  5
16A0
  8
CUT
 10
1360.595554348625
 20
-940.0816013620663
 30
0.0
 70
0
  0
VERTEX
  5
16A1
  8
CUT
 10
1360.0335967575043
 20
-939.6914272333847
 30
0.0
 70
0
  0
VERTEX
  5
16A2
  8
CUT
 10
1359.4015441818926
 20
-939.4296224844336
 30
0.0
 70
0
  0
VERTEX
  5
16A3
  8
CUT
 10
1358.7282853862375
 20
-939.3081532332471
 30
0.0
 70
0
  0
VERTEX
  5
16A4
  8
CUT
 10
1358.0445925175254
 20
-939.3325713859809
 30
0.0
 70
0
  0
VERTEX
  5
16A5
  8
CUT
 10
1357.381714625283
 20
-939.5017608800007
 30
0.0
 70
0
  0
VERTEX
  5
16A6
  8
CUT
 10
1356.7699493841421
 20
-939.8079886949401
 30
0.0
 70
0
  0
VERTEX
  5
16A7
  8
CUT
 10
1356.237258300203
 20
-940.237258300203
 30
0.0
 70
0
  0
VERTEX
  5
16A8
  8
CUT
 10
1355.8079886949401
 20
-940.769949384142
 30
0.0
 70
0
  0
VERTEX
  5
16A9
  8
CUT
 10
1355.5017608800008
 20
-941.3817146252828
 30
0.0
 70
0
  0
VERTEX
  5
16AA
  8
CUT
 10
1355.332571385981
 20
-942.0445925175255
 30
0.0
 70
0
  0
VERTEX
  5
16AB
  8
CUT
 10
1355.3081532332471
 20
-942.7282853862375
 30
0.0
 70
0
  0
VERTEX
  5
16AC
  8
CUT
 10
1355.4296224844336
 20
-943.4015441818926
 30
0.0
 70
0
  0
VERTEX
  5
16AD
  8
CUT
 10
1355.6914272333847
 20
-944.0335967575043
 30
0.0
 70
0
  0
VERTEX
  5
16AE
  8
CUT
 10
1356.0816013620663
 20
-944.5955543486249
 30
0.0
 70
0
  0
VERTEX
  5
16AF
  8
CUT
 10
1356.5823114671637
 20
-945.061731970958
 30
0.0
 70
0
  0
VERTEX
  5
16B0
  8
CUT
 10
1357.170671958394
 20
-945.4108223851345
 30
0.0
 70
0
  0
VERTEX
  5
16B1
  8
CUT
 10
1357.8197910734305
 20
-945.6268699711078
 30
0.0
 70
0
  0
VERTEX
  5
16B2
  8
CUT
 10
1358.5
 20
-945.7
 30
0.0
 70
0
  0
SEQEND
  5
1656
  8
CUT
  0
POLYLINE
  5
16B3
  8
CUT
 66
1
 10
0.0
 20
0.0
 30
0.0
 70
1
  0
VERTEX
  5
16B5
  8
CUT
 10
1668.5
 20
-999.3
 30
0.0
 70
0
  0
VERTEX
  5
16B6
  8
CUT
 10
1667.8197910734305
 20
-999.3731300288922
 30
0.0
 70
0
  0
VERTEX
  5
16B7
  8
CUT
 10
1667.170671958394
 20
-999.5891776148655
 30
0.0
 70
0
  0
VERTEX
  5
16B8
  8
CUT
 10
1666.5823114671637
 20
-999.938268029042
 30
0.0
 70
0
  0
VERTEX
  5
16B9
  8
CUT
 10
1666.0816013620663
 20
-1000.4044456513751
 30
0.0
 70
0
  0
VERTEX
  5
16BA
  8
CUT
 10
1665.6914272333847
 20
-1000.9664032424957
 30
0.0
 70
0
  0
VERTEX
  5
16BB
  8
CUT
 10
1665.4296224844336
 20
-1001.5984558181074
 30
0.0
 70
0
  0
VERTEX
  5
16BC
  8
CUT
 10
1665.3081532332471
 20
-1002.2717146137625
 30
0.0
 70
0
  0
VERTEX
  5
16BD
  8
CUT
 10
1665.332571385981
 20
-1002.9554074824745
 30
0.0
 70
0
  0
VERTEX
  5
16BE
  8
CUT
 10
1665.5017608800008
 20
-1003.6182853747172
 30
0.0
 70
0
  0
VERTEX
  5
16BF
  8
CUT
 10
1665.8079886949401
 20
-1004.230050615858
 30
0.0
 70
0
  0
VERTEX
  5
16C0
  8
CUT
 10
1666.237258300203
 20
-1004.762741699797
 30
0.0
 70
0
  0
VERTEX
  5
16C1
  8
CUT
 10
1666.7699493841421
 20
-1005.1920113050599
 30
0.0
 70
0
  0
VERTEX
  5
16C2
  8
CUT
 10
1667.381714625283
 20
-1005.4982391199993
 30
0.0
 70
0
  0
VERTEX
  5
16C3
  8
CUT
 10
1668.0445925175254
 20
-1005.6674286140191
 30
0.0
 70
0
  0
VERTEX
  5
16C4
  8
CUT
 10
1668.7282853862375
 20
-1005.6918467667529
 30
0.0
 70
0
  0
VERTEX
  5
16C5
  8
CUT
 10
1669.4015441818926
 20
-1005.5703775155664
 30
0.0
 70
0
  0
VERTEX
  5
16C6
  8
CUT
 10
1670.0335967575043
 20
-1005.3085727666153
 30
0.0
 70
0
  0
VERTEX
  5
16C7
  8
CUT
 10
1670.595554348625
 20
-1004.9183986379337
 30
0.0
 70
0
  0
VERTEX
  5
16C8
  8
CUT
 10
1671.061731970958
 20
-1004.4176885328363
 30
0.0
 70
0
  0
VERTEX
  5
16C9
  8
CUT
 10
1671.4108223851345
 20
-1003.829328041606
 30
0.0
 70
0
  0
VERTEX
  5
16CA
  8
CUT
 10
1671.6268699711077
 20
-1003.1802089265695
 30
0.0
 70
0
  0
VERTEX
  5
16CB
  8
CUT
 10
1671.7
 20
-1002.5
 30
0.0
 70
0
  0
VERTEX
  5
16CC
  8
CUT
 10
1684.3
 20
-1002.5
 30
0.0
 70
0
  0
VERTEX
  5
16CD
  8
CUT
 10
1684.3731300288923
 20
-1003.1802089265695
 30
0.0
 70
0
  0
VERTEX
  5
16CE
  8
CUT
 10
1684.5891776148655
 20
-1003.829328041606
 30
0.0
 70
0
  0
VERTEX
  5
16CF
  8
CUT
 10
1684.938268029042
 20
-1004.4176885328363
 30
0.0
 70
0
  0
VERTEX
  5
16D0
  8
CUT
 10
1685.404445651375
 20
-1004.9183986379337
 30
0.0
 70
0
  0
VERTEX
  5
16D1
  8
CUT
 10
1685.9664032424957
 20
-1005.3085727666153
 30
0.0
 70
0
  0
VERTEX
  5
16D2
  8
CUT
 10
1686.5984558181074
 20
-1005.5703775155664
 30
0.0
 70
0
  0
VERTEX
  5
16D3
  8
CUT
 10
1687.2717146137625
 20
-1005.6918467667529
 30
0.0
 70
0
  0
VERTEX
  5
16D4
  8
CUT
 10
1687.9554074824746
 20
-1005.6674286140191
 30
0.0
 70
0
  0
VERTEX
  5
16D5
  8
CUT
 10
1688.618285374717
 20
-1005.4982391199993
 30
0.0
 70
0
  0
VERTEX
  5
16D6
  8
CUT
 10
1689.2300506158579
 20
-1005.1920113050599
 30
0.0
 70
0
  0
VERTEX
  5
16D7
  8
CUT
 10
1689.762741699797
 20
-1004.762741699797
 30
0.0
 70
0
  0
VERTEX
  5
16D8
  8
CUT
 10
1690.1920113050599
 20
-1004.230050615858
 30
0.0
 70
0
  0
VERTEX
  5
16D9
  8
CUT
 10
1690.4982391199992
 20
-1003.6182853747172
 30
0.0
 70
0
  0
VERTEX
  5
16DA
  8
CUT
 10
1690.667428614019
 20
-1002.9554074824745
 30
0.0
 70
0
  0
VERTEX
  5
16DB
  8
CUT
 10
1690.6918467667529
 20
-1002.2717146137625
 30
0.0
 70
0
  0
VERTEX
  5
16DC
  8
CUT
 10
1690.5703775155664
 20
-1001.5984558181074
 30
0.0
 70
0
  0
VERTEX
  5
16DD
  8
CUT
 10
1690.3085727666153
 20
-1000.9664032424957
 30
0.0
 70
0
  0
VERTEX
  5
16DE
  8
CUT
 10
1689.9183986379337
 20
-1000.4044456513751
 30
0.0
 70
0
  0
VERTEX
  5
16DF
  8
CUT
 10
1689.4176885328363
 20
-999.938268029042
 30
0.0
 70
0
  0
VERTEX
  5
16E0
  8
CUT
 10
1688.829328041606
 20
-999.5891776148655
 30
0.0
 70
0
  0
VERTEX
  5
16E1
  8
CUT
 10
1688.1802089265695
 20
-999.3731300288922
 30
0.0
 70
0
  0
VERTEX
  5
16E2
  8
CUT
 10
1687.5
 20
-999.3
 30
0.0
 70
0
  0
VERTEX
  5
16E3
  8
CUT
 10
1687.5
 20
-964.7
 30
0.0
 70
0
  0
VERTEX
  5
16E4
  8
CUT
 10
1688.1802089265695
 20
-964.6268699711078
 30
0.0
 70
0
  0
VERTEX
  5
16E5
  8
CUT
 10
1688.829328041606
 20
-964.4108223851345
 30
0.0
 70
0
  0
VERTEX
  5
16E6
  8
CUT
 10
1689.4176885328363
 20
-964.061731970958
 30
0.0
 70
0
  0
VERTEX
  5
16E7
  8
CUT
 10
1689.9183986379337
 20
-963.5955543486249
 30
0.0
 70
0
  0
VERTEX
  5
16E8
  8
CUT
 10
1690.3085727666153
 20
-963.0335967575043
 30
0.0
 70
0
  0
VERTEX
  5
16E9
  8
CUT
 10
1690.5703775155664
 20
-962.4015441818926
 30
0.0
 70
0
  0
VERTEX
  5
16EA
  8
CUT
 10
1690.6918467667529
 20
-961.7282853862375
 30
0.0
 70
0
  0
VERTEX
  5
16EB
  8
CUT
 10
1690.667428614019
 20
-961.0445925175255
 30
0.0
 70
0
  0
VERTEX
  5
16EC
  8
CUT
 10
1690.4982391199992
 20
-960.3817146252828
 30
0.0
 70
0
  0
VERTEX
  5
16ED
  8
CUT
 10
1690.1920113050599
 20
-959.769949384142
 30
0.0
 70
0
  0
VERTEX
  5
16EE
  8
CUT
 10
1689.762741699797
 20
-959.237258300203
 30
0.0
 70
0
  0
VERTEX
  5
16EF
  8
CUT
 10
1689.2300506158579
 20
-958.8079886949401
 30
0.0
 70
0
  0
VERTEX
  5
16F0
  8
CUT
 10
1688.618285374717
 20
-958.5017608800007
 30
0.0
 70
0
  0
VERTEX
  5
16F1
  8
CUT
 10
1687.9554074824746
 20
-958.3325713859809
 30
0.0
 70
0
  0
VERTEX
  5
16F2
  8
CUT
 10
1687.2717146137625
 20
-958.3081532332471
 30
0.0
 70
0
  0
VERTEX
  5
16F3
  8
CUT
 10
1686.5984558181074
 20
-958.4296224844336
 30
0.0
 70
0
  0
VERTEX
  5
16F4
  8
CUT
 10
1685.9664032424957
 20
-958.6914272333847
 30
0.0
 70
0
  0
VERTEX
  5
16F5
  8
CUT
 10
1685.404445651375
 20
-959.0816013620663
 30
0.0
 70
0
  0
VERTEX
  5
16F6
  8
CUT
 10
1684.938268029042
 20
-959.5823114671637
 30
0.0
 70
0
  0
VERTEX
  5
16F7
  8
CUT
 10
1684.5891776148655
 20
-960.170671958394
 30
0.0
 70
0
  0
VERTEX
  5
16F8
  8
CUT
 10
1684.3731300288923
 20
-960.8197910734305
 30
0.0
 70
0
  0
VERTEX
  5
16F9
  8
CUT
 10
1684.3
 20
-961.5
 30
0.0
 70
0
  0
VERTEX
  5
16FA
  8
CUT
 10
1671.7
 20
-961.5
 30
0.0
 70
0
  0
VERTEX
  5
16FB
  8
CUT
 10
1671.6268699711077
 20
-960.8197910734305
 30
0.0
 70
0
  0
VERTEX
  5
16FC
  8
CUT
 10
1671.4108223851345
 20
-960.170671958394
 30
0.0
 70
0
  0
VERTEX
  5
16FD
  8
CUT
 10
1671.061731970958
 20
-959.5823114671637
 30
0.0
 70
0
  0
VERTEX
  5
16FE
  8
CUT
 10
1670.595554348625
 20
-959.0816013620663
 30
0.0
 70
0
  0
VERTEX
  5
16FF
  8
CUT
 10
1670.0335967575043
 20
-958.6914272333847
 30
0.0
 70
0
  0
VERTEX
  5
1700
  8
CUT
 10
1669.4015441818926
 20
-958.4296224844336
 30
0.0
 70
0
  0
VERTEX
  5
1701
  8
CUT
 10
1668.7282853862375
 20
-958.3081532332471
 30
0.0
 70
0
  0
VERTEX
  5
1702
  8
CUT
 10
1668.0445925175254
 20
-958.3325713859809
 30
0.0
 70
0
  0
VERTEX
  5
1703
  8
CUT
 10
1667.381714625283
 20
-958.5017608800007
 30
0.0
 70
0
  0
VERTEX
  5
1704
  8
CUT
 10
1666.7699493841421
 20
-958.8079886949401
 30
0.0
 70
0
  0
VERTEX
  5
1705
  8
CUT
 10
1666.237258300203
 20
-959.237258300203
 30
0.0
 70
0
  0
VERTEX
  5
1706
  8
CUT
 10
1665.8079886949401
 20
-959.769949384142
 30
0.0
 70
0
  0
VERTEX
  5
1707
  8
CUT
 10
1665.5017608800008
 20
-960.3817146252828
 30
0.0
 70
0
  0
VERTEX
  5
1708
  8
CUT
 10
1665.332571385981
 20
-961.0445925175255
 30
0.0
 70
0
  0
VERTEX
  5
1709
  8
CUT
 10
1665.3081532332471
 20
-961.7282853862375
 30
0.0
 70
0
  0
VERTEX
  5
170A
  8
CUT
 10
1665.4296224844336
 20
-962.4015441818926
 30
0.0
 70
0
  0
VERTEX
  5
170B
  8
CUT
 10
1665.6914272333847
 20
-963.0335967575043
 30
0.0
 70
0
  0
VERTEX
  5
170C
  8
CUT
 10
1666.0816013620663
 20
-963.5955543486249
 30
0.0
 70
0
  0
VERTEX
  5
170D
  8
CUT
 10
1666.5823114671637
 20
-964.061731970958
 30
0.0
 70
0
  0
VERTEX
  5
170E
  8
CUT
 10
1667.170671958394
 20
-964.4108223851345
 30
0.0
 70
0
  0
VERTEX
  5
170F
  8
CUT
 10
1667.8197910734305
 20
-964.6268699711078
 30
0.0
 70
0
  0
VERTEX
  5
1710
  8
CUT
 10
1668.5
 20
-964.7
 30
0.0
 70
0
  0
SEQEND
  5
16B4
  8
CUT
  0
POLYLINE
  5
1711
  8
CUT
 66
1
 10
0.0
 20
0.0
 30
0.0
 70
1
  0
VERTEX
  5
1713
  8
CUT
 10
1928.5
 20
-1070.3
 30
0.0
 70
0
  0
VERTEX
  5
1714
  8
CUT
 10
1927.8197910734305
 20
-1070.3731300288923
 30
0.0
 70
0
  0
VERTEX
  5
1715
  8
CUT
 10
1927.170671958394
 20
-1070.5891776148655
 30
0.0
 70
0
  0
VERTEX
  5
1716
  8
CUT
 10
1926.5823114671637
 20
-1070.938268029042
 30
0.0
 70
0
  0
VERTEX
  5
1717
  8
CUT
 10
1926.0816013620663
 20
-1071.404445651375
 30
0.0
 70
0
  0
VERTEX
  5
1718
  8
CUT
 10
1925.6914272333847
 20
-1071.9664032424957
 30
0.0
 70
0
  0
VERTEX
  5
1719
  8
CUT
 10
1925.4296224844336
 20
-1072.5984558181074
 30
0.0
 70
0
  0
VERTEX
  5
171A
  8
CUT
 10
1925.3081532332471
 20
-1073.2717146137625
 30
0.0
 70
0
  0
VERTEX
  5
171B
  8
CUT
 10
1925.332571385981
 20
-1073.9554074824746
 30
0.0
 70
0
  0
VERTEX
  5
171C
  8
CUT
 10
1925.5017608800008
 20
-1074.618285374717
 30
0.0
 70
0
  0
VERTEX
  5
171D
  8
CUT
 10
1925.8079886949401
 20
-1075.2300506158579
 30
0.0
 70
0
  0
VERTEX
  5
171E
  8
CUT
 10
1926.237258300203
 20
-1075.762741699797
 30
0.0
 70
0
  0
VERTEX
  5
171F
  8
CUT
 10
1926.7699493841421
 20
-1076.1920113050599
 30
0.0
 70
0
  0
VERTEX
  5
1720
  8
CUT
 10
1927.381714625283
 20
-1076.4982391199992
 30
0.0
 70
0
  0
VERTEX
  5
1721
  8
CUT
 10
1928.0445925175254
 20
-1076.667428614019
 30
0.0
 70
0
  0
VERTEX
  5
1722
  8
CUT
 10
1928.7282853862375
 20
-1076.6918467667529
 30
0.0
 70
0
  0
VERTEX
  5
1723
  8
CUT
 10
1929.4015441818926
 20
-1076.5703775155664
 30
0.0
 70
0
  0
VERTEX
  5
1724
  8
CUT
 10
1930.0335967575043
 20
-1076.3085727666153
 30
0.0
 70
0
  0
VERTEX
  5
1725
  8
CUT
 10
1930.595554348625
 20
-1075.9183986379337
 30
0.0
 70
0
  0
VERTEX
  5
1726
  8
CUT
 10
1931.061731970958
 20
-1075.4176885328363
 30
0.0
 70
0
  0
VERTEX
  5
1727
  8
CUT
 10
1931.4108223851345
 20
-1074.829328041606
 30
0.0
 70
0
  0
VERTEX
  5
1728
  8
CUT
 10
1931.6268699711077
 20
-1074.1802089265695
 30
0.0
 70
0
  0
VERTEX
  5
1729
  8
CUT
 10
1931.7
 20
-1073.5
 30
0.0
 70
0
  0
VERTEX
  5
172A
  8
CUT
 10
1944.3
 20
-1073.5
 30
0.0
 70
0
  0
VERTEX
  5
172B
  8
CUT
 10
1944.3731300288923
 20
-1074.1802089265695
 30
0.0
 70
0
  0
VERTEX
  5
172C
  8
CUT
 10
1944.5891776148655
 20
-1074.829328041606
 30
0.0
 70
0
  0
VERTEX
  5
172D
  8
CUT
 10
1944.938268029042
 20
-1075.4176885328363
 30
0.0
 70
0
  0
VERTEX
  5
172E
  8
CUT
 10
1945.404445651375
 20
-1075.9183986379337
 30
0.0
 70
0
  0
VERTEX
  5
172F
  8
CUT
 10
1945.9664032424957
 20
-1076.3085727666153
 30
0.0
 70
0
  0
VERTEX
  5
1730
  8
CUT
 10
1946.5984558181074
 20
-1076.5703775155664
 30
0.0
 70
0
  0
VERTEX
  5
1731
  8
CUT
 10
1947.2717146137625
 20
-1076.6918467667529
 30
0.0
 70
0
  0
VERTEX
  5
1732
  8
CUT
 10
1947.9554074824746
 20
-1076.667428614019
 30
0.0
 70
0
  0
VERTEX
  5
1733
  8
CUT
 10
1948.618285374717
 20
-1076.4982391199992
 30
0.0
 70
0
  0
VERTEX
  5
1734
  8
CUT
 10
1949.2300506158579
 20
-1076.1920113050599
 30
0.0
 70
0
  0
VERTEX
  5
1735
  8
CUT
 10
1949.762741699797
 20
-1075.762741699797
 30
0.0
 70
0
  0
VERTEX
  5
1736
  8
CUT
 10
1950.1920113050599
 20
-1075.2300506158579
 30
0.0
 70
0
  0
VERTEX
  5
1737
  8
CUT
 10
1950.4982391199992
 20
-1074.618285374717
 30
0.0
 70
0
  0
VERTEX
  5
1738
  8
CUT
 10
1950.667428614019
 20
-1073.9554074824746
 30
0.0
 70
0
  0
VERTEX
  5
1739
  8
CUT
 10
1950.6918467667529
 20
-1073.2717146137625
 30
0.0
 70
0
  0
VERTEX
  5
173A
  8
CUT
 10
1950.5703775155664
 20
-1072.5984558181074
 30
0.0
 70
0
  0
VERTEX
  5
173B
  8
CUT
 10
1950.3085727666153
 20
-1071.9664032424957
 30
0.0
 70
0
  0
VERTEX
  5
173C
  8
CUT
 10
1949.9183986379337
 20
-1071.404445651375
 30
0.0
 70
0
  0
VERTEX
  5
173D
  8
CUT
 10
1949.4176885328363
 20
-1070.938268029042
 30
0.0
 70
0
  0
VERTEX
  5
173E
  8
CUT
 10
1948.829328041606
 20
-1070.5891776148655
 30
0.0
 70
0
  0
VERTEX
  5
173F
  8
CUT
 10
1948.1802089265695
 20
-1070.3731300288923
 30
0.0
 70
0
  0
VERTEX
  5
1740
  8
CUT
 10
1947.5
 20
-1070.3
 30
0.0
 70
0
  0
VERTEX
  5
1741
  8
CUT
 10
1947.5
 20
-1035.7
 30
0.0
 70
0
  0
VERTEX
  5
1742
  8
CUT
 10
1948.1802089265695
 20
-1035.6268699711077
 30
0.0
 70
0
  0
VERTEX
  5
1743
  8
CUT
 10
1948.829328041606
 20
-1035.4108223851345
 30
0.0
 70
0
  0
VERTEX
  5
1744
  8
CUT
 10
1949.4176885328363
 20
-1035.061731970958
 30
0.0
 70
0
  0
VERTEX
  5
1745
  8
CUT
 10
1949.9183986379337
 20
-1034.595554348625
 30
0.0
 70
0
  0
VERTEX
  5
1746
  8
CUT
 10
1950.3085727666153
 20
-1034.0335967575043
 30
0.0
 70
0
  0
VERTEX
  5
1747
  8
CUT
 10
1950.5703775155664
 20
-1033.4015441818926
 30
0.0
 70
0
  0
VERTEX
  5
1748
  8
CUT
 10
1950.6918467667529
 20
-1032.7282853862375
 30
0.0
 70
0
  0
VERTEX
  5
1749
  8
CUT
 10
1950.667428614019
 20
-1032.0445925175254
 30
0.0
 70
0
  0
VERTEX
  5
174A
  8
CUT
 10
1950.4982391199992
 20
-1031.381714625283
 30
0.0
 70
0
  0
VERTEX
  5
174B
  8
CUT
 10
1950.1920113050599
 20
-1030.7699493841421
 30
0.0
 70
0
  0
VERTEX
  5
174C
  8
CUT
 10
1949.762741699797
 20
-1030.237258300203
 30
0.0
 70
0
  0
VERTEX
  5
174D
  8
CUT
 10
1949.2300506158579
 20
-1029.8079886949401
 30
0.0
 70
0
  0
VERTEX
  5
174E
  8
CUT
 10
1948.618285374717
 20
-1029.5017608800008
 30
0.0
 70
0
  0
VERTEX
  5
174F
  8
CUT
 10
1947.9554074824746
 20
-1029.332571385981
 30
0.0
 70
0
  0
VERTEX
  5
1750
  8
CUT
 10
1947.2717146137625
 20
-1029.3081532332471
 30
0.0
 70
0
  0
VERTEX
  5
1751
  8
CUT
 10
1946.5984558181074
 20
-1029.4296224844336
 30
0.0
 70
0
  0
VERTEX
  5
1752
  8
CUT
 10
1945.9664032424957
 20
-1029.6914272333847
 30
0.0
 70
0
  0
VERTEX
  5
1753
  8
CUT
 10
1945.404445651375
 20
-1030.0816013620663
 30
0.0
 70
0
  0
VERTEX
  5
1754
  8
CUT
 10
1944.938268029042
 20
-1030.5823114671637
 30
0.0
 70
0
  0
VERTEX
  5
1755
  8
CUT
 10
1944.5891776148655
 20
-1031.170671958394
 30
0.0
 70
0
  0
VERTEX
  5
1756
  8
CUT
 10
1944.3731300288923
 20
-1031.8197910734305
 30
0.0
 70
0
  0
VERTEX
  5
1757
  8
CUT
 10
1944.3
 20
-1032.5
 30
0.0
 70
0
  0
VERTEX
  5
1758
  8
CUT
 10
1931.7
 20
-1032.5
 30
0.0
 70
0
  0
VERTEX
  5
1759
  8
CUT
 10
1931.6268699711077
 20
-1031.8197910734305
 30
0.0
 70
0
  0
VERTEX
  5
175A
  8
CUT
 10
1931.4108223851345
 20
-1031.170671958394
 30
0.0
 70
0
  0
VERTEX
  5
175B
  8
CUT
 10
1931.061731970958
 20
-1030.5823114671637
 30
0.0
 70
0
  0
VERTEX
  5
175C
  8
CUT
 10
1930.595554348625
 20
-1030.0816013620663
 30
0.0
 70
0
  0
VERTEX
  5
175D
  8
CUT
 10
1930.0335967575043
 20
-1029.6914272333847
 30
0.0
 70
0
  0
VERTEX
  5
175E
  8
CUT
 10
1929.4015441818926
 20
-1029.4296224844336
 30
0.0
 70
0
  0
VERTEX
  5
175F
  8
CUT
 10
1928.7282853862375
 20
-1029.3081532332471
 30
0.0
 70
0
  0
VERTEX
  5
1760
  8
CUT
 10
1928.0445925175254
 20
-1029.332571385981
 30
0.0
 70
0
  0
VERTEX
  5
1761
  8
CUT
 10
1927.381714625283
 20
-1029.5017608800008
 30
0.0
 70
0
  0
VERTEX
  5
1762
  8
CUT
 10
1926.7699493841421
 20
-1029.8079886949401
 30
0.0
 70
0
  0
VERTEX
  5
1763
  8
CUT
 10
1926.237258300203
 20
-1030.237258300203
 30
0.0
 70
0
  0
VERTEX
  5
1764
  8
CUT
 10
1925.8079886949401
 20
-1030.7699493841421
 30
0.0
 70
0
  0
VERTEX
  5
1765
  8
CUT
 10
1925.5017608800008
 20
-1031.381714625283
 30
0.0
 70
0
  0
VERTEX
  5
1766
  8
CUT
 10
1925.332571385981
 20
-1032.0445925175254
 30
0.0
 70
0
  0
VERTEX
  5
1767
  8
CUT
 10
1925.3081532332471
 20
-1032.7282853862375
 30
0.0
 70
0
  0
VERTEX
  5
1768
  8
CUT
 10
1925.4296224844336
 20
-1033.4015441818926
 30
0.0
 70
0
  0
VERTEX
  5
1769
  8
CUT
 10
1925.6914272333847
 20
-1034.0335967575043
 30
0.0
 70
0
  0
VERTEX
  5
176A
  8
CUT
 10
1926.0816013620663
 20
-1034.595554348625
 30
0.0
 70
0
  0
VERTEX
  5
176B
  8
CUT
 10
1926.5823114671637
 20
-1035.061731970958
 30
0.0
 70
0
  0
VERTEX
  5
176C
  8
CUT
 10
1927.170671958394
 20
-1035.4108223851345
 30
0.0
 70
0
  0
VERTEX
  5
176D
  8
CUT
 10
1927.8197910734305
 20
-1035.6268699711077
 30
0.0
 70
0
  0
VERTEX
  5
176E
  8
CUT
 10
1928.5
 20
-1035.7
 30
0.0
 70
0
  0
SEQEND
  5
1712
  8
CUT
  0
POLYLINE
  5
176F
  8
CUT
 66
1
 10
0.0
 20
0.0
 30
0.0
 70
1
  0
VERTEX
  5
1771
  8
CUT
 10
1928.5
 20
-970.3
 30
0.0
 70
0
  0
VERTEX
  5
1772
  8
CUT
 10
1927.8197910734305
 20
-970.3731300288922
 30
0.0
 70
0
  0
VERTEX
  5
1773
  8
CUT
 10
1927.170671958394
 20
-970.5891776148655
 30
0.0
 70
0
  0
VERTEX
  5
1774
  8
CUT
 10
1926.5823114671637
 20
-970.938268029042
 30
0.0
 70
0
  0
VERTEX
  5
1775
  8
CUT
 10
1926.0816013620663
 20
-971.4044456513751
 30
0.0
 70
0
  0
VERTEX
  5
1776
  8
CUT
 10
1925.6914272333847
 20
-971.9664032424957
 30
0.0
 70
0
  0
VERTEX
  5
1777
  8
CUT
 10
1925.4296224844336
 20
-972.5984558181074
 30
0.0
 70
0
  0
VERTEX
  5
1778
  8
CUT
 10
1925.3081532332471
 20
-973.2717146137625
 30
0.0
 70
0
  0
VERTEX
  5
1779
  8
CUT
 10
1925.332571385981
 20
-973.9554074824745
 30
0.0
 70
0
  0
VERTEX
  5
177A
  8
CUT
 10
1925.5017608800008
 20
-974.6182853747172
 30
0.0
 70
0
  0
VERTEX
  5
177B
  8
CUT
 10
1925.8079886949401
 20
-975.230050615858
 30
0.0
 70
0
  0
VERTEX
  5
177C
  8
CUT
 10
1926.237258300203
 20
-975.762741699797
 30
0.0
 70
0
  0
VERTEX
  5
177D
  8
CUT
 10
1926.7699493841421
 20
-976.1920113050599
 30
0.0
 70
0
  0
VERTEX
  5
177E
  8
CUT
 10
1927.381714625283
 20
-976.4982391199993
 30
0.0
 70
0
  0
VERTEX
  5
177F
  8
CUT
 10
1928.0445925175254
 20
-976.6674286140191
 30
0.0
 70
0
  0
VERTEX
  5
1780
  8
CUT
 10
1928.7282853862375
 20
-976.6918467667529
 30
0.0
 70
0
  0
VERTEX
  5
1781
  8
CUT
 10
1929.4015441818926
 20
-976.5703775155664
 30
0.0
 70
0
  0
VERTEX
  5
1782
  8
CUT
 10
1930.0335967575043
 20
-976.3085727666153
 30
0.0
 70
0
  0
VERTEX
  5
1783
  8
CUT
 10
1930.595554348625
 20
-975.9183986379337
 30
0.0
 70
0
  0
VERTEX
  5
1784
  8
CUT
 10
1931.061731970958
 20
-975.4176885328363
 30
0.0
 70
0
  0
VERTEX
  5
1785
  8
CUT
 10
1931.4108223851345
 20
-974.829328041606
 30
0.0
 70
0
  0
VERTEX
  5
1786
  8
CUT
 10
1931.6268699711077
 20
-974.1802089265695
 30
0.0
 70
0
  0
VERTEX
  5
1787
  8
CUT
 10
1931.7
 20
-973.5
 30
0.0
 70
0
  0
VERTEX
  5
1788
  8
CUT
 10
1944.3
 20
-973.5
 30
0.0
 70
0
  0
VERTEX
  5
1789
  8
CUT
 10
1944.3731300288923
 20
-974.1802089265695
 30
0.0
 70
0
  0
VERTEX
  5
178A
  8
CUT
 10
1944.5891776148655
 20
-974.829328041606
 30
0.0
 70
0
  0
VERTEX
  5
178B
  8
CUT
 10
1944.938268029042
 20
-975.4176885328363
 30
0.0
 70
0
  0
VERTEX
  5
178C
  8
CUT
 10
1945.404445651375
 20
-975.9183986379337
 30
0.0
 70
0
  0
VERTEX
  5
178D
  8
CUT
 10
1945.9664032424957
 20
-976.3085727666153
 30
0.0
 70
0
  0
VERTEX
  5
178E
  8
CUT
 10
1946.5984558181074
 20
-976.5703775155664
 30
0.0
 70
0
  0
VERTEX
  5
178F
  8
CUT
 10
1947.2717146137625
 20
-976.6918467667529
 30
0.0
 70
0
  0
VERTEX
  5
1790
  8
CUT
 10
1947.9554074824746
 20
-976.6674286140191
 30
0.0
 70
0
  0
VERTEX
  5
1791
  8
CUT
 10
1948.618285374717
 20
-976.4982391199993
 30
0.0
 70
0
  0
VERTEX
  5
1792
  8
CUT
 10
1949.2300506158579
 20
-976.1920113050599
 30
0.0
 70
0
  0
VERTEX
  5
1793
  8
CUT
 10
1949.762741699797
 20
-975.762741699797
 30
0.0
 70
0
  0
VERTEX
  5
1794
  8
CUT
 10
1950.1920113050599
 20
-975.230050615858
 30
0.0
 70
0
  0
VERTEX
  5
1795
  8
CUT
 10
1950.4982391199992
 20
-974.6182853747172
 30
0.0
 70
0
  0
VERTEX
  5
1796
  8
CUT
 10
1950.667428614019
 20
-973.9554074824745
 30
0.0
 70
0
  0
VERTEX
  5
1797
  8
CUT
 10
1950.6918467667529
 20
-973.2717146137625
 30
0.0
 70
0
  0
VERTEX
  5
1798
  8
CUT
 10
1950.5703775155664
 20
-972.5984558181074
 30
0.0
 70
0
  0
VERTEX
  5
1799
  8
CUT
 10
1950.3085727666153
 20
-971.9664032424957
 30
0.0
 70
0
  0
VERTEX
  5
179A
  8
CUT
 10
1949.9183986379337
 20
-971.4044456513751
 30
0.0
 70
0
  0
VERTEX
  5
179B
  8
CUT
 10
1949.4176885328363
 20
-970.938268029042
 30
0.0
 70
0
  0
VERTEX
  5
179C
  8
CUT
 10
1948.829328041606
 20
-970.5891776148655
 30
0.0
 70
0
  0
VERTEX
  5
179D
  8
CUT
 10
1948.1802089265695
 20
-970.3731300288922
 30
0.0
 70
0
  0
VERTEX
  5
179E
  8
CUT
 10
1947.5
 20
-970.3
 30
0.0
 70
0
  0
VERTEX
  5
179F
  8
CUT
 10
1947.5
 20
-935.7
 30
0.0
 70
0
  0
VERTEX
  5
17A0
  8
CUT
 10
1948.1802089265695
 20
-935.6268699711078
 30
0.0
 70
0
  0
VERTEX
  5
17A1
  8
CUT
 10
1948.829328041606
 20
-935.4108223851345
 30
0.0
 70
0
  0
VERTEX
  5
17A2
  8
CUT
 10
1949.4176885328363
 20
-935.061731970958
 30
0.0
 70
0
  0
VERTEX
  5
17A3
  8
CUT
 10
1949.9183986379337
 20
-934.5955543486249
 30
0.0
 70
0
  0
VERTEX
  5
17A4
  8
CUT
 10
1950.3085727666153
 20
-934.0335967575043
 30
0.0
 70
0
  0
VERTEX
  5
17A5
  8
CUT
 10
1950.5703775155664
 20
-933.4015441818926
 30
0.0
 70
0
  0
VERTEX
  5
17A6
  8
CUT
 10
1950.6918467667529
 20
-932.7282853862375
 30
0.0
 70
0
  0
VERTEX
  5
17A7
  8
CUT
 10
1950.667428614019
 20
-932.0445925175255
 30
0.0
 70
0
  0
VERTEX
  5
17A8
  8
CUT
 10
1950.4982391199992
 20
-931.3817146252828
 30
0.0
 70
0
  0
VERTEX
  5
17A9
  8
CUT
 10
1950.1920113050599
 20
-930.769949384142
 30
0.0
 70
0
  0
VERTEX
  5
17AA
  8
CUT
 10
1949.762741699797
 20
-930.237258300203
 30
0.0
 70
0
  0
VERTEX
  5
17AB
  8
CUT
 10
1949.2300506158579
 20
-929.8079886949401
 30
0.0
 70
0
  0
VERTEX
  5
17AC
  8
CUT
 10
1948.618285374717
 20
-929.5017608800007
 30
0.0
 70
0
  0
VERTEX
  5
17AD
  8
CUT
 10
1947.9554074824746
 20
-929.3325713859809
 30
0.0
 70
0
  0
VERTEX
  5
17AE
  8
CUT
 10
1947.2717146137625
 20
-929.3081532332471
 30
0.0
 70
0
  0
VERTEX
  5
17AF
  8
CUT
 10
1946.5984558181074
 20
-929.4296224844336
 30
0.0
 70
0
  0
VERTEX
  5
17B0
  8
CUT
 10
1945.9664032424957
 20
-929.6914272333847
 30
0.0
 70
0
  0
VERTEX
  5
17B1
  8
CUT
 10
1945.404445651375
 20
-930.0816013620663
 30
0.0
 70
0
  0
VERTEX
  5
17B2
  8
CUT
 10
1944.938268029042
 20
-930.5823114671637
 30
0.0
 70
0
  0
VERTEX
  5
17B3
  8
CUT
 10
1944.5891776148655
 20
-931.170671958394
 30
0.0
 70
0
  0
VERTEX
  5
17B4
  8
CUT
 10
1944.3731300288923
 20
-931.8197910734305
 30
0.0
 70
0
  0
VERTEX
  5
17B5
  8
CUT
 10
1944.3
 20
-932.5
 30
0.0
 70
0
  0
VERTEX
  5
17B6
  8
CUT
 10
1931.7
 20
-932.5
 30
0.0
 70
0
  0
VERTEX
  5
17B7
  8
CUT
 10
1931.6268699711077
 20
-931.8197910734305
 30
0.0
 70
0
  0
VERTEX
  5
17B8
  8
CUT
 10
1931.4108223851345
 20
-931.170671958394
 30
0.0
 70
0
  0
VERTEX
  5
17B9
  8
CUT
 10
1931.061731970958
 20
-930.5823114671637
 30
0.0
 70
0
  0
VERTEX
  5
17BA
  8
CUT
 10
1930.595554348625
 20
-930.0816013620663
 30
0.0
 70
0
  0
VERTEX
  5
17BB
  8
CUT
 10
1930.0335967575043
 20
-929.6914272333847
 30
0.0
 70
0
  0
VERTEX
  5
17BC
  8
CUT
 10
1929.4015441818926
 20
-929.4296224844336
 30
0.0
 70
0
  0
VERTEX
  5
17BD
  8
CUT
 10
1928.7282853862375
 20
-929.3081532332471
 30
0.0
 70
0
  0
VERTEX
  5
17BE
  8
CUT
 10
1928.0445925175254
 20
-929.3325713859809
 30
0.0
 70
0
  0
VERTEX
  5
17BF
  8
CUT
 10
1927.381714625283
 20
-929.5017608800007
 30
0.0
 70
0
  0
VERTEX
  5
17C0
  8
CUT
 10
1926.7699493841421
 20
-929.8079886949401
 30
0.0
 70
0
  0
VERTEX
  5
17C1
  8
CUT
 10
1926.237258300203
 20
-930.237258300203
 30
0.0
 70
0
  0
VERTEX
  5
17C2
  8
CUT
 10
1925.8079886949401
 20
-930.769949384142
 30
0.0
 70
0
  0
VERTEX
  5
17C3
  8
CUT
 10
1925.5017608800008
 20
-931.3817146252828
 30
0.0
 70
0
  0
VERTEX
  5
17C4
  8
CUT
 10
1925.332571385981
 20
-932.0445925175255
 30
0.0
 70
0
  0
VERTEX
  5
17C5
  8
CUT
 10
1925.3081532332471
 20
-932.7282853862375
 30
0.0
 70
0
  0
VERTEX
  5
17C6
  8
CUT
 10
1925.4296224844336
 20
-933.4015441818926
 30
0.0
 70
0
  0
VERTEX
  5
17C7
  8
CUT
 10
1925.6914272333847
 20
-934.0335967575043
 30
0.0
 70
0
  0
VERTEX
  5
17C8
  8
CUT
 10
1926.0816013620663
 20
-934.5955543486249
 30
0.0
 70
0
  0
VERTEX
  5
17C9
  8
CUT
 10
1926.5823114671637
 20
-935.061731970958
 30
0.0
 70
0
  0
VERTEX
  5
17CA
  8
CUT
 10
1927.170671958394
 20
-935.4108223851345
 30
0.0
 70
0
  0
VERTEX
  5
17CB
  8
CUT
 10
1927.8197910734305
 20
-935.6268699711078
 30
0.0
 70
0
  0
VERTEX
  5
17CC
  8
CUT
 10
1928.5
 20
-935.7
 30
0.0
 70
0
  0
SEQEND
  5
1770
  8
CUT
  0
POLYLINE
  5
17CD
  8
CUT
 66
1
 10
0.0
 20
0.0
 30
0.0
 70
1
  0
VERTEX
  5
17CF
  8
CUT
 10
1988.5
 20
-800.3
 30
0.0
 70
0
  0
VERTEX
  5
17D0
  8
CUT
 10
1987.8197910734305
 20
-800.3731300288922
 30
0.0
 70
0
  0
VERTEX
  5
17D1
  8
CUT
 10
1987.170671958394
 20
-800.5891776148655
 30
0.0
 70
0
  0
VERTEX
  5
17D2
  8
CUT
 10
1986.5823114671637
 20
-800.938268029042
 30
0.0
 70
0
  0
VERTEX
  5
17D3
  8
CUT
 10
1986.0816013620663
 20
-801.4044456513751
 30
0.0
 70
0
  0
VERTEX
  5
17D4
  8
CUT
 10
1985.6914272333847
 20
-801.9664032424957
 30
0.0
 70
0
  0
VERTEX
  5
17D5
  8
CUT
 10
1985.4296224844336
 20
-802.5984558181074
 30
0.0
 70
0
  0
VERTEX
  5
17D6
  8
CUT
 10
1985.3081532332471
 20
-803.2717146137625
 30
0.0
 70
0
  0
VERTEX
  5
17D7
  8
CUT
 10
1985.332571385981
 20
-803.9554074824745
 30
0.0
 70
0
  0
VERTEX
  5
17D8
  8
CUT
 10
1985.5017608800008
 20
-804.6182853747172
 30
0.0
 70
0
  0
VERTEX
  5
17D9
  8
CUT
 10
1985.8079886949401
 20
-805.230050615858
 30
0.0
 70
0
  0
VERTEX
  5
17DA
  8
CUT
 10
1986.237258300203
 20
-805.762741699797
 30
0.0
 70
0
  0
VERTEX
  5
17DB
  8
CUT
 10
1986.7699493841421
 20
-806.1920113050599
 30
0.0
 70
0
  0
VERTEX
  5
17DC
  8
CUT
 10
1987.381714625283
 20
-806.4982391199993
 30
0.0
 70
0
  0
VERTEX
  5
17DD
  8
CUT
 10
1988.0445925175254
 20
-806.6674286140191
 30
0.0
 70
0
  0
VERTEX
  5
17DE
  8
CUT
 10
1988.7282853862375
 20
-806.6918467667529
 30
0.0
 70
0
  0
VERTEX
  5
17DF
  8
CUT
 10
1989.4015441818926
 20
-806.5703775155664
 30
0.0
 70
0
  0
VERTEX
  5
17E0
  8
CUT
 10
1990.0335967575043
 20
-806.3085727666153
 30
0.0
 70
0
  0
VERTEX
  5
17E1
  8
CUT
 10
1990.595554348625
 20
-805.9183986379337
 30
0.0
 70
0
  0
VERTEX
  5
17E2
  8
CUT
 10
1991.061731970958
 20
-805.4176885328363
 30
0.0
 70
0
  0
VERTEX
  5
17E3
  8
CUT
 10
1991.4108223851345
 20
-804.829328041606
 30
0.0
 70
0
  0
VERTEX
  5
17E4
  8
CUT
 10
1991.6268699711077
 20
-804.1802089265695
 30
0.0
 70
0
  0
VERTEX
  5
17E5
  8
CUT
 10
1991.7
 20
-803.5
 30
0.0
 70
0
  0
VERTEX
  5
17E6
  8
CUT
 10
2004.3
 20
-803.5
 30
0.0
 70
0
  0
VERTEX
  5
17E7
  8
CUT
 10
2004.3731300288923
 20
-804.1802089265695
 30
0.0
 70
0
  0
VERTEX
  5
17E8
  8
CUT
 10
2004.5891776148655
 20
-804.829328041606
 30
0.0
 70
0
  0
VERTEX
  5
17E9
  8
CUT
 10
2004.938268029042
 20
-805.4176885328363
 30
0.0
 70
0
  0
VERTEX
  5
17EA
  8
CUT
 10
2005.404445651375
 20
-805.9183986379337
 30
0.0
 70
0
  0
VERTEX
  5
17EB
  8
CUT
 10
2005.9664032424957
 20
-806.3085727666153
 30
0.0
 70
0
  0
VERTEX
  5
17EC
  8
CUT
 10
2006.5984558181074
 20
-806.5703775155664
 30
0.0
 70
0
  0
VERTEX
  5
17ED
  8
CUT
 10
2007.2717146137625
 20
-806.6918467667529
 30
0.0
 70
0
  0
VERTEX
  5
17EE
  8
CUT
 10
2007.9554074824746
 20
-806.6674286140191
 30
0.0
 70
0
  0
VERTEX
  5
17EF
  8
CUT
 10
2008.618285374717
 20
-806.4982391199993
 30
0.0
 70
0
  0
VERTEX
  5
17F0
  8
CUT
 10
2009.2300506158579
 20
-806.1920113050599
 30
0.0
 70
0
  0
VERTEX
  5
17F1
  8
CUT
 10
2009.762741699797
 20
-805.762741699797
 30
0.0
 70
0
  0
VERTEX
  5
17F2
  8
CUT
 10
2010.1920113050599
 20
-805.230050615858
 30
0.0
 70
0
  0
VERTEX
  5
17F3
  8
CUT
 10
2010.4982391199992
 20
-804.6182853747172
 30
0.0
 70
0
  0
VERTEX
  5
17F4
  8
CUT
 10
2010.667428614019
 20
-803.9554074824745
 30
0.0
 70
0
  0
VERTEX
  5
17F5
  8
CUT
 10
2010.6918467667529
 20
-803.2717146137625
 30
0.0
 70
0
  0
VERTEX
  5
17F6
  8
CUT
 10
2010.5703775155664
 20
-802.5984558181074
 30
0.0
 70
0
  0
VERTEX
  5
17F7
  8
CUT
 10
2010.3085727666153
 20
-801.9664032424957
 30
0.0
 70
0
  0
VERTEX
  5
17F8
  8
CUT
 10
2009.9183986379337
 20
-801.4044456513751
 30
0.0
 70
0
  0
VERTEX
  5
17F9
  8
CUT
 10
2009.4176885328363
 20
-800.938268029042
 30
0.0
 70
0
  0
VERTEX
  5
17FA
  8
CUT
 10
2008.829328041606
 20
-800.5891776148655
 30
0.0
 70
0
  0
VERTEX
  5
17FB
  8
CUT
 10
2008.1802089265695
 20
-800.3731300288922
 30
0.0
 70
0
  0
VERTEX
  5
17FC
  8
CUT
 10
2007.5
 20
-800.3
 30
0.0
 70
0
  0
VERTEX
  5
17FD
  8
CUT
 10
2007.5
 20
-765.7
 30
0.0
 70
0
  0
VERTEX
  5
17FE
  8
CUT
 10
2008.1802089265695
 20
-765.6268699711078
 30
0.0
 70
0
  0
VERTEX
  5
17FF
  8
CUT
 10
2008.829328041606
 20
-765.4108223851345
 30
0.0
 70
0
  0
VERTEX
  5
1800
  8
CUT
 10
2009.4176885328363
 20
-765.061731970958
 30
0.0
 70
0
  0
VERTEX
  5
1801
  8
CUT
 10
2009.9183986379337
 20
-764.5955543486249
 30
0.0
 70
0
  0
VERTEX
  5
1802
  8
CUT
 10
2010.3085727666153
 20
-764.0335967575043
 30
0.0
 70
0
  0
VERTEX
  5
1803
  8
CUT
 10
2010.5703775155664
 20
-763.4015441818926
 30
0.0
 70
0
  0
VERTEX
  5
1804
  8
CUT
 10
2010.6918467667529
 20
-762.7282853862375
 30
0.0
 70
0
  0
VERTEX
  5
1805
  8
CUT
 10
2010.667428614019
 20
-762.0445925175255
 30
0.0
 70
0
  0
VERTEX
  5
1806
  8
CUT
 10
2010.4982391199992
 20
-761.3817146252828
 30
0.0
 70
0
  0
VERTEX
  5
1807
  8
CUT
 10
2010.1920113050599
 20
-760.769949384142
 30
0.0
 70
0
  0
VERTEX
  5
1808
  8
CUT
 10
2009.762741699797
 20
-760.237258300203
 30
0.0
 70
0
  0
VERTEX
  5
1809
  8
CUT
 10
2009.2300506158579
 20
-759.8079886949401
 30
0.0
 70
0
  0
VERTEX
  5
180A
  8
CUT
 10
2008.618285374717
 20
-759.5017608800007
 30
0.0
 70
0
  0
VERTEX
  5
180B
  8
CUT
 10
2007.9554074824746
 20
-759.3325713859809
 30
0.0
 70
0
  0
VERTEX
  5
180C
  8
CUT
 10
2007.2717146137625
 20
-759.3081532332471
 30
0.0
 70
0
  0
VERTEX
  5
180D
  8
CUT
 10
2006.5984558181074
 20
-759.4296224844336
 30
0.0
 70
0
  0
VERTEX
  5
180E
  8
CUT
 10
2005.9664032424957
 20
-759.6914272333847
 30
0.0
 70
0
  0
VERTEX
  5
180F
  8
CUT
 10
2005.404445651375
 20
-760.0816013620663
 30
0.0
 70
0
  0
VERTEX
  5
1810
  8
CUT
 10
2004.938268029042
 20
-760.5823114671637
 30
0.0
 70
0
  0
VERTEX
  5
1811
  8
CUT
 10
2004.5891776148655
 20
-761.170671958394
 30
0.0
 70
0
  0
VERTEX
  5
1812
  8
CUT
 10
2004.3731300288923
 20
-761.8197910734305
 30
0.0
 70
0
  0
VERTEX
  5
1813
  8
CUT
 10
2004.3
 20
-762.5
 30
0.0
 70
0
  0
VERTEX
  5
1814
  8
CUT
 10
1991.7
 20
-762.5
 30
0.0
 70
0
  0
VERTEX
  5
1815
  8
CUT
 10
1991.6268699711077
 20
-761.8197910734305
 30
0.0
 70
0
  0
VERTEX
  5
1816
  8
CUT
 10
1991.4108223851345
 20
-761.170671958394
 30
0.0
 70
0
  0
VERTEX
  5
1817
  8
CUT
 10
1991.061731970958
 20
-760.5823114671637
 30
0.0
 70
0
  0
VERTEX
  5
1818
  8
CUT
 10
1990.595554348625
 20
-760.0816013620663
 30
0.0
 70
0
  0
VERTEX
  5
1819
  8
CUT
 10
1990.0335967575043
 20
-759.6914272333847
 30
0.0
 70
0
  0
VERTEX
  5
181A
  8
CUT
 10
1989.4015441818926
 20
-759.4296224844336
 30
0.0
 70
0
  0
VERTEX
  5
181B
  8
CUT
 10
1988.7282853862375
 20
-759.3081532332471
 30
0.0
 70
0
  0
VERTEX
  5
181C
  8
CUT
 10
1988.0445925175254
 20
-759.3325713859809
 30
0.0
 70
0
  0
VERTEX
  5
181D
  8
CUT
 10
1987.381714625283
 20
-759.5017608800007
 30
0.0
 70
0
  0
VERTEX
  5
181E
  8
CUT
 10
1986.7699493841421
 20
-759.8079886949401
 30
0.0
 70
0
  0
VERTEX
  5
181F
  8
CUT
 10
1986.237258300203
 20
-760.237258300203
 30
0.0
 70
0
  0
VERTEX
  5
1820
  8
CUT
 10
1985.8079886949401
 20
-760.769949384142
 30
0.0
 70
0
  0
VERTEX
  5
1821
  8
CUT
 10
1985.5017608800008
 20
-761.3817146252828
 30
0.0
 70
0
  0
VERTEX
  5
1822
  8
CUT
 10
1985.332571385981
 20
-762.0445925175255
 30
0.0
 70
0
  0
VERTEX
  5
1823
  8
CUT
 10
1985.3081532332471
 20
-762.7282853862375
 30
0.0
 70
0
  0
VERTEX
  5
1824
  8
CUT
 10
1985.4296224844336
 20
-763.4015441818926
 30
0.0
 70
0
  0
VERTEX
  5
1825
  8
CUT
 10
1985.6914272333847
 20
-764.0335967575043
 30
0.0
 70
0
  0
VERTEX
  5
1826
  8
CUT
 10
1986.0816013620663
 20
-764.5955543486249
 30
0.0
 70
0
  0
VERTEX
  5
1827
  8
CUT
 10
1986.5823114671637
 20
-765.061731970958
 30
0.0
 70
0
  0
VERTEX
  5
1828
  8
CUT
 10
1987.170671958394
 20
-765.4108223851345
 30
0.0
 70
0
  0
VERTEX
  5
1829
  8
CUT
 10
1987.8197910734305
 20
-765.6268699711078
 30
0.0
 70
0
  0
VERTEX
  5
182A
  8
CUT
 10
1988.5
 20
-765.7
 30
0.0
 70
0
  0
SEQEND
  5
17CE
  8
CUT
  0
POLYLINE
  5
182B
  8
CUT
 66
1
 10
0.0
 20
0.0
 30
0.0
 70
1
  0
VERTEX
  5
182D
  8
CUT
 10
1988.5
 20
-670.3
 30
0.0
 70
0
  0
VERTEX
  5
182E
  8
CUT
 10
1987.8197910734305
 20
-670.3731300288922
 30
0.0
 70
0
  0
VERTEX
  5
182F
  8
CUT
 10
1987.170671958394
 20
-670.5891776148655
 30
0.0
 70
0
  0
VERTEX
  5
1830
  8
CUT
 10
1986.5823114671637
 20
-670.938268029042
 30
0.0
 70
0
  0
VERTEX
  5
1831
  8
CUT
 10
1986.0816013620663
 20
-671.4044456513751
 30
0.0
 70
0
  0
VERTEX
  5
1832
  8
CUT
 10
1985.6914272333847
 20
-671.9664032424957
 30
0.0
 70
0
  0
VERTEX
  5
1833
  8
CUT
 10
1985.4296224844336
 20
-672.5984558181074
 30
0.0
 70
0
  0
VERTEX
  5
1834
  8
CUT
 10
1985.3081532332471
 20
-673.2717146137625
 30
0.0
 70
0
  0
VERTEX
  5
1835
  8
CUT
 10
1985.332571385981
 20
-673.9554074824745
 30
0.0
 70
0
  0
VERTEX
  5
1836
  8
CUT
 10
1985.5017608800008
 20
-674.6182853747172
 30
0.0
 70
0
  0
VERTEX
  5
1837
  8
CUT
 10
1985.8079886949401
 20
-675.230050615858
 30
0.0
 70
0
  0
VERTEX
  5
1838
  8
CUT
 10
1986.237258300203
 20
-675.762741699797
 30
0.0
 70
0
  0
VERTEX
  5
1839
  8
CUT
 10
1986.7699493841421
 20
-676.1920113050599
 30
0.0
 70
0
  0
VERTEX
  5
183A
  8
CUT
 10
1987.381714625283
 20
-676.4982391199993
 30
0.0
 70
0
  0
VERTEX
  5
183B
  8
CUT
 10
1988.0445925175254
 20
-676.6674286140191
 30
0.0
 70
0
  0
VERTEX
  5
183C
  8
CUT
 10
1988.7282853862375
 20
-676.6918467667529
 30
0.0
 70
0
  0
VERTEX
  5
183D
  8
CUT
 10
1989.4015441818926
 20
-676.5703775155664
 30
0.0
 70
0
  0
VERTEX
  5
183E
  8
CUT
 10
1990.0335967575043
 20
-676.3085727666153
 30
0.0
 70
0
  0
VERTEX
  5
183F
  8
CUT
 10
1990.595554348625
 20
-675.9183986379337
 30
0.0
 70
0
  0
VERTEX
  5
1840
  8
CUT
 10
1991.061731970958
 20
-675.4176885328363
 30
0.0
 70
0
  0
VERTEX
  5
1841
  8
CUT
 10
1991.4108223851345
 20
-674.829328041606
 30
0.0
 70
0
  0
VERTEX
  5
1842
  8
CUT
 10
1991.6268699711077
 20
-674.1802089265695
 30
0.0
 70
0
  0
VERTEX
  5
1843
  8
CUT
 10
1991.7
 20
-673.5
 30
0.0
 70
0
  0
VERTEX
  5
1844
  8
CUT
 10
2004.3
 20
-673.5
 30
0.0
 70
0
  0
VERTEX
  5
1845
  8
CUT
 10
2004.3731300288923
 20
-674.1802089265695
 30
0.0
 70
0
  0
VERTEX
  5
1846
  8
CUT
 10
2004.5891776148655
 20
-674.829328041606
 30
0.0
 70
0
  0
VERTEX
  5
1847
  8
CUT
 10
2004.938268029042
 20
-675.4176885328363
 30
0.0
 70
0
  0
VERTEX
  5
1848
  8
CUT
 10
2005.404445651375
 20
-675.9183986379337
 30
0.0
 70
0
  0
VERTEX
  5
1849
  8
CUT
 10
2005.9664032424957
 20
-676.3085727666153
 30
0.0
 70
0
  0
VERTEX
  5
184A
  8
CUT
 10
2006.5984558181074
 20
-676.5703775155664
 30
0.0
 70
0
  0
VERTEX
  5
184B
  8
CUT
 10
2007.2717146137625
 20
-676.6918467667529
 30
0.0
 70
0
  0
VERTEX
  5
184C
  8
CUT
 10
2007.9554074824746
 20
-676.6674286140191
 30
0.0
 70
0
  0
VERTEX
  5
184D
  8
CUT
 10
2008.618285374717
 20
-676.4982391199993
 30
0.0
 70
0
  0
VERTEX
  5
184E
  8
CUT
 10
2009.2300506158579
 20
-676.1920113050599
 30
0.0
 70
0
  0
VERTEX
  5
184F
  8
CUT
 10
2009.762741699797
 20
-675.762741699797
 30
0.0
 70
0
  0
VERTEX
  5
1850
  8
CUT
 10
2010.1920113050599
 20
-675.230050615858
 30
0.0
 70
0
  0
VERTEX
  5
1851
  8
CUT
 10
2010.4982391199992
 20
-674.6182853747172
 30
0.0
 70
0
  0
VERTEX
  5
1852
  8
CUT
 10
2010.667428614019
 20
-673.9554074824745
 30
0.0
 70
0
  0
VERTEX
  5
1853
  8
CUT
 10
2010.6918467667529
 20
-673.2717146137625
 30
0.0
 70
0
  0
VERTEX
  5
1854
  8
CUT
 10
2010.5703775155664
 20
-672.5984558181074
 30
0.0
 70
0
  0
VERTEX
  5
1855
  8
CUT
 10
2010.3085727666153
 20
-671.9664032424957
 30
0.0
 70
0
  0
VERTEX
  5
1856
  8
CUT
 10
2009.9183986379337
 20
-671.4044456513751
 30
0.0
 70
0
  0
VERTEX
  5
1857
  8
CUT
 10
2009.4176885328363
 20
-670.938268029042
 30
0.0
 70
0
  0
VERTEX
  5
1858
  8
CUT
 10
2008.829328041606
 20
-670.5891776148655
 30
0.0
 70
0
  0
VERTEX
  5
1859
  8
CUT
 10
2008.1802089265695
 20
-670.3731300288922
 30
0.0
 70
0
  0
VERTEX
  5
185A
  8
CUT
 10
2007.5
 20
-670.3
 30
0.0
 70
0
  0
VERTEX
  5
185B
  8
CUT
 10
2007.5
 20
-635.7
 30
0.0
 70
0
  0
VERTEX
  5
185C
  8
CUT
 10
2008.1802089265695
 20
-635.6268699711078
 30
0.0
 70
0
  0
VERTEX
  5
185D
  8
CUT
 10
2008.829328041606
 20
-635.4108223851345
 30
0.0
 70
0
  0
VERTEX
  5
185E
  8
CUT
 10
2009.4176885328363
 20
-635.061731970958
 30
0.0
 70
0
  0
VERTEX
  5
185F
  8
CUT
 10
2009.9183986379337
 20
-634.5955543486249
 30
0.0
 70
0
  0
VERTEX
  5
1860
  8
CUT
 10
2010.3085727666153
 20
-634.0335967575043
 30
0.0
 70
0
  0
VERTEX
  5
1861
  8
CUT
 10
2010.5703775155664
 20
-633.4015441818926
 30
0.0
 70
0
  0
VERTEX
  5
1862
  8
CUT
 10
2010.6918467667529
 20
-632.7282853862375
 30
0.0
 70
0
  0
VERTEX
  5
1863
  8
CUT
 10
2010.667428614019
 20
-632.0445925175255
 30
0.0
 70
0
  0
VERTEX
  5
1864
  8
CUT
 10
2010.4982391199992
 20
-631.3817146252828
 30
0.0
 70
0
  0
VERTEX
  5
1865
  8
CUT
 10
2010.1920113050599
 20
-630.769949384142
 30
0.0
 70
0
  0
VERTEX
  5
1866
  8
CUT
 10
2009.762741699797
 20
-630.237258300203
 30
0.0
 70
0
  0
VERTEX
  5
1867
  8
CUT
 10
2009.2300506158579
 20
-629.8079886949401
 30
0.0
 70
0
  0
VERTEX
  5
1868
  8
CUT
 10
2008.618285374717
 20
-629.5017608800007
 30
0.0
 70
0
  0
VERTEX
  5
1869
  8
CUT
 10
2007.9554074824746
 20
-629.3325713859809
 30
0.0
 70
0
  0
VERTEX
  5
186A
  8
CUT
 10
2007.2717146137625
 20
-629.3081532332471
 30
0.0
 70
0
  0
VERTEX
  5
186B
  8
CUT
 10
2006.5984558181074
 20
-629.4296224844336
 30
0.0
 70
0
  0
VERTEX
  5
186C
  8
CUT
 10
2005.9664032424957
 20
-629.6914272333847
 30
0.0
 70
0
  0
VERTEX
  5
186D
  8
CUT
 10
2005.404445651375
 20
-630.0816013620663
 30
0.0
 70
0
  0
VERTEX
  5
186E
  8
CUT
 10
2004.938268029042
 20
-630.5823114671637
 30
0.0
 70
0
  0
VERTEX
  5
186F
  8
CUT
 10
2004.5891776148655
 20
-631.170671958394
 30
0.0
 70
0
  0
VERTEX
  5
1870
  8
CUT
 10
2004.3731300288923
 20
-631.8197910734305
 30
0.0
 70
0
  0
VERTEX
  5
1871
  8
CUT
 10
2004.3
 20
-632.5
 30
0.0
 70
0
  0
VERTEX
  5
1872
  8
CUT
 10
1991.7
 20
-632.5
 30
0.0
 70
0
  0
VERTEX
  5
1873
  8
CUT
 10
1991.6268699711077
 20
-631.8197910734305
 30
0.0
 70
0
  0
VERTEX
  5
1874
  8
CUT
 10
1991.4108223851345
 20
-631.170671958394
 30
0.0
 70
0
  0
VERTEX
  5
1875
  8
CUT
 10
1991.061731970958
 20
-630.5823114671637
 30
0.0
 70
0
  0
VERTEX
  5
1876
  8
CUT
 10
1990.595554348625
 20
-630.0816013620663
 30
0.0
 70
0
  0
VERTEX
  5
1877
  8
CUT
 10
1990.0335967575043
 20
-629.6914272333847
 30
0.0
 70
0
  0
VERTEX
  5
1878
  8
CUT
 10
1989.4015441818926
 20
-629.4296224844336
 30
0.0
 70
0
  0
VERTEX
  5
1879
  8
CUT
 10
1988.7282853862375
 20
-629.3081532332471
 30
0.0
 70
0
  0
VERTEX
  5
187A
  8
CUT
 10
1988.0445925175254
 20
-629.3325713859809
 30
0.0
 70
0
  0
VERTEX
  5
187B
  8
CUT
 10
1987.381714625283
 20
-629.5017608800007
 30
0.0
 70
0
  0
VERTEX
  5
187C
  8
CUT
 10
1986.7699493841421
 20
-629.8079886949401
 30
0.0
 70
0
  0
VERTEX
  5
187D
  8
CUT
 10
1986.237258300203
 20
-630.237258300203
 30
0.0
 70
0
  0
VERTEX
  5
187E
  8
CUT
 10
1985.8079886949401
 20
-630.769949384142
 30
0.0
 70
0
  0
VERTEX
  5
187F
  8
CUT
 10
1985.5017608800008
 20
-631.3817146252828
 30
0.0
 70
0
  0
VERTEX
  5
1880
  8
CUT
 10
1985.332571385981
 20
-632.0445925175255
 30
0.0
 70
0
  0
VERTEX
  5
1881
  8
CUT
 10
1985.3081532332471
 20
-632.7282853862375
 30
0.0
 70
0
  0
VERTEX
  5
1882
  8
CUT
 10
1985.4296224844336
 20
-633.4015441818926
 30
0.0
 70
0
  0
VERTEX
  5
1883
  8
CUT
 10
1985.6914272333847
 20
-634.0335967575043
 30
0.0
 70
0
  0
VERTEX
  5
1884
  8
CUT
 10
1986.0816013620663
 20
-634.5955543486249
 30
0.0
 70
0
  0
VERTEX
  5
1885
  8
CUT
 10
1986.5823114671637
 20
-635.061731970958
 30
0.0
 70
0
  0
VERTEX
  5
1886
  8
CUT
 10
1987.170671958394
 20
-635.4108223851345
 30
0.0
 70
0
  0
VERTEX
  5
1887
  8
CUT
 10
1987.8197910734305
 20
-635.6268699711078
 30
0.0
 70
0
  0
VERTEX
  5
1888
  8
CUT
 10
1988.5
 20
-635.7
 30
0.0
 70
0
  0
SEQEND
  5
182C
  8
CUT
  0
POLYLINE
  5
1889
  8
CUT
 66
1
 10
0.0
 20
0.0
 30
0.0
 70
1
  0
VERTEX
  5
188B
  8
CUT
 10
1579.0
 20
-1138.0
 30
0.0
 70
0
  0
VERTEX
  5
188C
  8
CUT
 10
1584.8527
 20
-1137.4236
 30
0.0
 70
0
  0
VERTEX
  5
188D
  8
CUT
 10
1590.4805000000001
 20
-1135.7164
 30
0.0
 70
0
  0
VERTEX
  5
188E
  8
CUT
 10
1595.6671000000001
 20
-1132.9441
 30
0.0
 70
0
  0
VERTEX
  5
188F
  8
CUT
 10
1600.2132
 20
-1129.2132000000001
 30
0.0
 70
0
  0
VERTEX
  5
1890
  8
CUT
 10
1603.9441
 20
-1124.6671000000001
 30
0.0
 70
0
  0
VERTEX
  5
1891
  8
CUT
 10
1606.7164
 20
-1119.4805000000001
 30
0.0
 70
0
  0
VERTEX
  5
1892
  8
CUT
 10
1608.4236
 20
-1113.8527
 30
0.0
 70
0
  0
VERTEX
  5
1893
  8
CUT
 10
1609.0
 20
-923.0
 30
0.0
 70
0
  0
VERTEX
  5
1894
  8
CUT
 10
1608.4236
 20
-917.1473
 30
0.0
 70
0
  0
VERTEX
  5
1895
  8
CUT
 10
1606.7164
 20
-911.5195
 30
0.0
 70
0
  0
VERTEX
  5
1896
  8
CUT
 10
1603.9441
 20
-906.3329
 30
0.0
 70
0
  0
VERTEX
  5
1897
  8
CUT
 10
1600.2132
 20
-901.7868000000001
 30
0.0
 70
0
  0
VERTEX
  5
1898
  8
CUT
 10
1595.6671000000001
 20
-898.0559000000001
 30
0.0
 70
0
  0
VERTEX
  5
1899
  8
CUT
 10
1590.4805000000001
 20
-895.2836
 30
0.0
 70
0
  0
VERTEX
  5
189A
  8
CUT
 10
1584.8527
 20
-893.5763999999999
 30
0.0
 70
0
  0
VERTEX
  5
189B
  8
CUT
 10
1489.0
 20
-893.0
 30
0.0
 70
0
  0
VERTEX
  5
189C
  8
CUT
 10
1483.1473
 20
-893.5763999999999
 30
0.0
 70
0
  0
VERTEX
  5
189D
  8
CUT
 10
1477.5194999999999
 20
-895.2836
 30
0.0
 70
0
  0
VERTEX
  5
189E
  8
CUT
 10
1472.3328999999999
 20
-898.0559000000001
 30
0.0
 70
0
  0
VERTEX
  5
189F
  8
CUT
 10
1467.7868
 20
-901.7868000000001
 30
0.0
 70
0
  0
VERTEX
  5
18A0
  8
CUT
 10
1464.0559
 20
-906.3329
 30
0.0
 70
0
  0
VERTEX
  5
18A1
  8
CUT
 10
1461.2836
 20
-911.5195
 30
0.0
 70
0
  0
VERTEX
  5
18A2
  8
CUT
 10
1459.5764
 20
-917.1473
 30
0.0
 70
0
  0
VERTEX
  5
18A3
  8
CUT
 10
1459.0
 20
-1108.0
 30
0.0
 70
0
  0
VERTEX
  5
18A4
  8
CUT
 10
1459.5764
 20
-1113.8527
 30
0.0
 70
0
  0
VERTEX
  5
18A5
  8
CUT
 10
1461.2836
 20
-1119.4805000000001
 30
0.0
 70
0
  0
VERTEX
  5
18A6
  8
CUT
 10
1464.0559
 20
-1124.6671000000001
 30
0.0
 70
0
  0
VERTEX
  5
18A7
  8
CUT
 10
1467.7868
 20
-1129.2132000000001
 30
0.0
 70
0
  0
VERTEX
  5
18A8
  8
CUT
 10
1472.3328999999999
 20
-1132.9441
 30
0.0
 70
0
  0
VERTEX
  5
18A9
  8
CUT
 10
1477.5194999999999
 20
-1135.7164
 30
0.0
 70
0
  0
VERTEX
  5
18AA
  8
CUT
 10
1483.1473
 20
-1137.4236
 30
0.0
 70
0
  0
SEQEND
  5
188A
  8
CUT
  0
POLYLINE
  5
18AB
  8
CUT
 66
1
 10
0.0
 20
0.0
 30
0.0
 70
1
  0
VERTEX
  5
18AD
  8
CUT
 10
1789.0
 20
-1138.0
 30
0.0
 70
0
  0
VERTEX
  5
18AE
  8
CUT
 10
1794.8527
 20
-1137.4236
 30
0.0
 70
0
  0
VERTEX
  5
18AF
  8
CUT
 10
1800.4805000000001
 20
-1135.7164
 30
0.0
 70
0
  0
VERTEX
  5
18B0
  8
CUT
 10
1805.6671000000001
 20
-1132.9441
 30
0.0
 70
0
  0
VERTEX
  5
18B1
  8
CUT
 10
1810.2132
 20
-1129.2132000000001
 30
0.0
 70
0
  0
VERTEX
  5
18B2
  8
CUT
 10
1813.9441
 20
-1124.6671000000001
 30
0.0
 70
0
  0
VERTEX
  5
18B3
  8
CUT
 10
1816.7164
 20
-1119.4805000000001
 30
0.0
 70
0
  0
VERTEX
  5
18B4
  8
CUT
 10
1818.4236
 20
-1113.8527
 30
0.0
 70
0
  0
VERTEX
  5
18B5
  8
CUT
 10
1819.0
 20
-923.0
 30
0.0
 70
0
  0
VERTEX
  5
18B6
  8
CUT
 10
1818.4236
 20
-917.1473
 30
0.0
 70
0
  0
VERTEX
  5
18B7
  8
CUT
 10
1816.7164
 20
-911.5195
 30
0.0
 70
0
  0
VERTEX
  5
18B8
  8
CUT
 10
1813.9441
 20
-906.3329
 30
0.0
 70
0
  0
VERTEX
  5
18B9
  8
CUT
 10
1810.2132
 20
-901.7868000000001
 30
0.0
 70
0
  0
VERTEX
  5
18BA
  8
CUT
 10
1805.6671000000001
 20
-898.0559000000001
 30
0.0
 70
0
  0
VERTEX
  5
18BB
  8
CUT
 10
1800.4805000000001
 20
-895.2836
 30
0.0
 70
0
  0
VERTEX
  5
18BC
  8
CUT
 10
1794.8527
 20
-893.5763999999999
 30
0.0
 70
0
  0
VERTEX
  5
18BD
  8
CUT
 10
1734.0
 20
-893.0
 30
0.0
 70
0
  0
VERTEX
  5
18BE
  8
CUT
 10
1728.1473
 20
-893.5763999999999
 30
0.0
 70
0
  0
VERTEX
  5
18BF
  8
CUT
 10
1722.5194999999999
 20
-895.2836
 30
0.0
 70
0
  0
VERTEX
  5
18C0
  8
CUT
 10
1717.3328999999999
 20
-898.0559000000001
 30
0.0
 70
0
  0
VERTEX
  5
18C1
  8
CUT
 10
1712.7868
 20
-901.7868000000001
 30
0.0
 70
0
  0
VERTEX
  5
18C2
  8
CUT
 10
1709.0559
 20
-906.3329
 30
0.0
 70
0
  0
VERTEX
  5
18C3
  8
CUT
 10
1706.2836
 20
-911.5195
 30
0.0
 70
0
  0
VERTEX
  5
18C4
  8
CUT
 10
1704.5764
 20
-917.1473
 30
0.0
 70
0
  0
VERTEX
  5
18C5
  8
CUT
 10
1704.0
 20
-1108.0
 30
0.0
 70
0
  0
VERTEX
  5
18C6
  8
CUT
 10
1704.5764
 20
-1113.8527
 30
0.0
 70
0
  0
VERTEX
  5
18C7
  8
CUT
 10
1706.2836
 20
-1119.4805000000001
 30
0.0
 70
0
  0
VERTEX
  5
18C8
  8
CUT
 10
1709.0559
 20
-1124.6671000000001
 30
0.0
 70
0
  0
VERTEX
  5
18C9
  8
CUT
 10
1712.7868
 20
-1129.2132000000001
 30
0.0
 70
0
  0
VERTEX
  5
18CA
  8
CUT
 10
1717.3328999999999
 20
-1132.9441
 30
0.0
 70
0
  0
VERTEX
  5
18CB
  8
CUT
 10
1722.5194999999999
 20
-1135.7164
 30
0.0
 70
0
  0
VERTEX
  5
18CC
  8
CUT
 10
1728.1473
 20
-1137.4236
 30
0.0
 70
0
  0
SEQEND
  5
18AC
  8
CUT
  0
POLYLINE
  5
18CD
  8
CUT
 66
1
 10
0.0
 20
0.0
 30
0.0
 70
1
  0
VERTEX
  5
18CF
  8
CUT
 10
2109.0
 20
-833.0
 30
0.0
 70
0
  0
VERTEX
  5
18D0
  8
CUT
 10
2114.8527
 20
-832.4236000000001
 30
0.0
 70
0
  0
VERTEX
  5
18D1
  8
CUT
 10
2120.4805
 20
-830.7164
 30
0.0
 70
0
  0
VERTEX
  5
18D2
  8
CUT
 10
2125.6671
 20
-827.9440999999999
 30
0.0
 70
0
  0
VERTEX
  5
18D3
  8
CUT
 10
2130.2132
 20
-824.2131999999999
 30
0.0
 70
0
  0
VERTEX
  5
18D4
  8
CUT
 10
2133.9441
 20
-819.6671
 30
0.0
 70
0
  0
VERTEX
  5
18D5
  8
CUT
 10
2136.7164000000002
 20
-814.4805
 30
0.0
 70
0
  0
VERTEX
  5
18D6
  8
CUT
 10
2138.4236
 20
-808.8527
 30
0.0
 70
0
  0
VERTEX
  5
18D7
  8
CUT
 10
2139.0
 20
-603.0
 30
0.0
 70
0
  0
VERTEX
  5
18D8
  8
CUT
 10
2138.4236
 20
-597.1473
 30
0.0
 70
0
  0
VERTEX
  5
18D9
  8
CUT
 10
2136.7164000000002
 20
-591.5195
 30
0.0
 70
0
  0
VERTEX
  5
18DA
  8
CUT
 10
2133.9441
 20
-586.3329
 30
0.0
 70
0
  0
VERTEX
  5
18DB
  8
CUT
 10
2130.2132
 20
-581.7868
 30
0.0
 70
0
  0
VERTEX
  5
18DC
  8
CUT
 10
2125.6671
 20
-578.0559
 30
0.0
 70
0
  0
VERTEX
  5
18DD
  8
CUT
 10
2120.4805
 20
-575.2836
 30
0.0
 70
0
  0
VERTEX
  5
18DE
  8
CUT
 10
2114.8527
 20
-573.5764
 30
0.0
 70
0
  0
VERTEX
  5
18DF
  8
CUT
 10
2079.0
 20
-573.0
 30
0.0
 70
0
  0
VERTEX
  5
18E0
  8
CUT
 10
2073.1473
 20
-573.5764
 30
0.0
 70
0
  0
VERTEX
  5
18E1
  8
CUT
 10
2067.5195
 20
-575.2836
 30
0.0
 70
0
  0
VERTEX
  5
18E2
  8
CUT
 10
2062.3329
 20
-578.0559
 30
0.0
 70
0
  0
VERTEX
  5
18E3
  8
CUT
 10
2057.7868
 20
-581.7868
 30
0.0
 70
0
  0
VERTEX
  5
18E4
  8
CUT
 10
2054.0559
 20
-586.3329
 30
0.0
 70
0
  0
VERTEX
  5
18E5
  8
CUT
 10
2051.2835999999998
 20
-591.5195
 30
0.0
 70
0
  0
VERTEX
  5
18E6
  8
CUT
 10
2049.5764
 20
-597.1473
 30
0.0
 70
0
  0
VERTEX
  5
18E7
  8
CUT
 10
2049.0
 20
-803.0
 30
0.0
 70
0
  0
VERTEX
  5
18E8
  8
CUT
 10
2049.5764
 20
-808.8527
 30
0.0
 70
0
  0
VERTEX
  5
18E9
  8
CUT
 10
2051.2835999999998
 20
-814.4805
 30
0.0
 70
0
  0
VERTEX
  5
18EA
  8
CUT
 10
2054.0559
 20
-819.6671
 30
0.0
 70
0
  0
VERTEX
  5
18EB
  8
CUT
 10
2057.7868
 20
-824.2131999999999
 30
0.0
 70
0
  0
VERTEX
  5
18EC
  8
CUT
 10
2062.3329
 20
-827.9440999999999
 30
0.0
 70
0
  0
VERTEX
  5
18ED
  8
CUT
 10
2067.5195
 20
-830.7164
 30
0.0
 70
0
  0
VERTEX
  5
18EE
  8
CUT
 10
2073.1473
 20
-832.4236000000001
 30
0.0
 70
0
  0
SEQEND
  5
18CE
  8
CUT
  0
POLYLINE
  5
18EF
  8
CUT
 66
1
 10
0.0
 20
0.0
 30
0.0
 70
1
  0
VERTEX
  5
18F1
  8
CUT
 10
35.0
 20
-311.0
 30
0.0
 70
0
  0
VERTEX
  5
18F2
  8
CUT
 10
35.0
 20
-368.79999999999995
 30
0.0
 70
0
  0
VERTEX
  5
18F3
  8
CUT
 10
35.68020892656953
 20
-368.8731300288922
 30
0.0
 70
0
  0
VERTEX
  5
18F4
  8
CUT
 10
36.32932804160605
 20
-369.08917761486543
 30
0.0
 70
0
  0
VERTEX
  5
18F5
  8
CUT
 10
36.91768853283632
 20
-369.438268029042
 30
0.0
 70
0
  0
VERTEX
  5
18F6
  8
CUT
 10
37.41839863793365
 20
-369.904445651375
 30
0.0
 70
0
  0
VERTEX
  5
18F7
  8
CUT
 10
37.80857276661525
 20
-370.46640324249574
 30
0.0
 70
0
  0
VERTEX
  5
18F8
  8
CUT
 10
38.07037751556643
 20
-371.0984558181073
 30
0.0
 70
0
  0
VERTEX
  5
18F9
  8
CUT
 10
38.19184676675285
 20
-371.77171461376236
 30
0.0
 70
0
  0
VERTEX
  5
18FA
  8
CUT
 10
38.16742861401903
 20
-372.4554074824744
 30
0.0
 70
0
  0
VERTEX
  5
18FB
  8
CUT
 10
37.99823911999929
 20
-373.11828537471706
 30
0.0
 70
0
  0
VERTEX
  5
18FC
  8
CUT
 10
37.692011305059836
 20
-373.73005061585786
 30
0.0
 70
0
  0
VERTEX
  5
18FD
  8
CUT
 10
37.26274169979701
 20
-374.2627416997969
 30
0.0
 70
0
  0
VERTEX
  5
18FE
  8
CUT
 10
36.73005061585798
 20
-374.69201130505974
 30
0.0
 70
0
  0
VERTEX
  5
18FF
  8
CUT
 10
36.118285374717175
 20
-374.9982391199992
 30
0.0
 70
0
  0
VERTEX
  5
1900
  8
CUT
 10
35.45540748247457
 20
-375.16742861401895
 30
0.0
 70
0
  0
VERTEX
  5
1901
  8
CUT
 10
34.77171461376251
 20
-375.19184676675275
 30
0.0
 70
0
  0
VERTEX
  5
1902
  8
CUT
 10
34.098455818107475
 20
-375.07037751556635
 30
0.0
 70
0
  0
VERTEX
  5
1903
  8
CUT
 10
33.466403242495865
 20
-374.8085727666152
 30
0.0
 70
0
  0
VERTEX
  5
1904
  8
CUT
 10
32.90444565137513
 20
-374.4183986379336
 30
0.0
 70
0
  0
VERTEX
  5
1905
  8
CUT
 10
32.43826802904208
 20
-373.9176885328363
 30
0.0
 70
0
  0
VERTEX
  5
1906
  8
CUT
 10
32.08917761486557
 20
-373.329328041606
 30
0.0
 70
0
  0
VERTEX
  5
1907
  8
CUT
 10
31.87313002889231
 20
-372.6802089265695
 30
0.0
 70
0
  0
VERTEX
  5
1908
  8
CUT
 10
31.80000000000001
 20
-372.0
 30
0.0
 70
0
  0
VERTEX
  5
1909
  8
CUT
 10
17.0
 20
-372.0
 30
0.0
 70
0
  0
VERTEX
  5
190A
  8
CUT
 10
17.0
 20
-412.0
 30
0.0
 70
0
  0
VERTEX
  5
190B
  8
CUT
 10
31.80000000000001
 20
-412.0
 30
0.0
 70
0
  0
VERTEX
  5
190C
  8
CUT
 10
31.873130028892312
 20
-411.31979107343045
 30
0.0
 70
0
  0
VERTEX
  5
190D
  8
CUT
 10
32.08917761486558
 20
-410.67067195839394
 30
0.0
 70
0
  0
VERTEX
  5
190E
  8
CUT
 10
32.4382680290421
 20
-410.08231146716366
 30
0.0
 70
0
  0
VERTEX
  5
190F
  8
CUT
 10
32.90444565137515
 20
-409.5816013620664
 30
0.0
 70
0
  0
VERTEX
  5
1910
  8
CUT
 10
33.466403242495886
 20
-409.1914272333848
 30
0.0
 70
0
  0
VERTEX
  5
1911
  8
CUT
 10
34.0984558181075
 20
-408.92962248443365
 30
0.0
 70
0
  0
VERTEX
  5
1912
  8
CUT
 10
34.77171461376254
 20
-408.8081532332472
 30
0.0
 70
0
  0
VERTEX
  5
1913
  8
CUT
 10
35.4554074824746
 20
-408.83257138598105
 30
0.0
 70
0
  0
VERTEX
  5
1914
  8
CUT
 10
36.1182853747172
 20
-409.0017608800008
 30
0.0
 70
0
  0
VERTEX
  5
1915
  8
CUT
 10
36.730050615858
 20
-409.3079886949403
 30
0.0
 70
0
  0
VERTEX
  5
1916
  8
CUT
 10
37.26274169979703
 20
-409.7372583002031
 30
0.0
 70
0
  0
VERTEX
  5
1917
  8
CUT
 10
37.69201130505985
 20
-410.2699493841422
 30
0.0
 70
0
  0
VERTEX
  5
1918
  8
CUT
 10
37.998239119999305
 20
-410.881714625283
 30
0.0
 70
0
  0
VERTEX
  5
1919
  8
CUT
 10
38.16742861401904
 20
-411.5445925175256
 30
0.0
 70
0
  0
VERTEX
  5
191A
  8
CUT
 10
38.19184676675285
 20
-412.22828538623764
 30
0.0
 70
0
  0
VERTEX
  5
191B
  8
CUT
 10
38.07037751556642
 20
-412.9015441818927
 30
0.0
 70
0
  0
VERTEX
  5
191C
  8
CUT
 10
37.808572766615235
 20
-413.5335967575043
 30
0.0
 70
0
  0
VERTEX
  5
191D
  8
CUT
 10
37.41839863793363
 20
-414.095554348625
 30
0.0
 70
0
  0
VERTEX
  5
191E
  8
CUT
 10
36.9176885328363
 20
-414.5617319709581
 30
0.0
 70
0
  0
VERTEX
  5
191F
  8
CUT
 10
36.329328041606026
 20
-414.91082238513457
 30
0.0
 70
0
  0
VERTEX
  5
1920
  8
CUT
 10
35.6802089265695
 20
-415.1268699711078
 30
0.0
 70
0
  0
VERTEX
  5
1921
  8
CUT
 10
35.0
 20
-415.20000000000005
 30
0.0
 70
0
  0
VERTEX
  5
1922
  8
CUT
 10
35.0
 20
-473.0
 30
0.0
 70
0
  0
VERTEX
  5
1923
  8
CUT
 10
461.0
 20
-473.0
 30
0.0
 70
0
  0
VERTEX
  5
1924
  8
CUT
 10
461.0
 20
-395.20000000000005
 30
0.0
 70
0
  0
VERTEX
  5
1925
  8
CUT
 10
460.31979107343045
 20
-395.12686997110774
 30
0.0
 70
0
  0
VERTEX
  5
1926
  8
CUT
 10
459.67067195839394
 20
-394.9108223851345
 30
0.0
 70
0
  0
VERTEX
  5
1927
  8
CUT
 10
459.08231146716366
 20
-394.56173197095796
 30
0.0
 70
0
  0
VERTEX
  5
1928
  8
CUT
 10
458.58160136206635
 20
-394.09555434862494
 30
0.0
 70
0
  0
VERTEX
  5
1929
  8
CUT
 10
458.19142723338473
 20
-393.5335967575042
 30
0.0
 70
0
  0
VERTEX
  5
192A
  8
CUT
 10
457.9296224844336
 20
-392.9015441818926
 30
0.0
 70
0
  0
VERTEX
  5
192B
  8
CUT
 10
457.80815323324714
 20
-392.22828538623753
 30
0.0
 70
0
  0
VERTEX
  5
192C
  8
CUT
 10
457.832571385981
 20
-391.5445925175255
 30
0.0
 70
0
  0
VERTEX
  5
192D
  8
CUT
 10
458.00176088000075
 20
-390.8817146252829
 30
0.0
 70
0
  0
VERTEX
  5
192E
  8
CUT
 10
458.3079886949402
 20
-390.2699493841421
 30
0.0
 70
0
  0
VERTEX
  5
192F
  8
CUT
 10
458.737258300203
 20
-389.737258300203
 30
0.0
 70
0
  0
VERTEX
  5
1930
  8
CUT
 10
459.2699493841421
 20
-389.3079886949402
 30
0.0
 70
0
  0
VERTEX
  5
1931
  8
CUT
 10
459.8817146252829
 20
-389.00176088000075
 30
0.0
 70
0
  0
VERTEX
  5
1932
  8
CUT
 10
460.5445925175255
 20
-388.832571385981
 30
0.0
 70
0
  0
VERTEX
  5
1933
  8
CUT
 10
461.22828538623753
 20
-388.80815323324714
 30
0.0
 70
0
  0
VERTEX
  5
1934
  8
CUT
 10
461.9015441818926
 20
-388.92962248443354
 30
0.0
 70
0
  0
VERTEX
  5
1935
  8
CUT
 10
462.5335967575042
 20
-389.19142723338473
 30
0.0
 70
0
  0
VERTEX
  5
1936
  8
CUT
 10
463.09555434862494
 20
-389.58160136206635
 30
0.0
 70
0
  0
VERTEX
  5
1937
  8
CUT
 10
463.56173197095796
 20
-390.08231146716366
 30
0.0
 70
0
  0
VERTEX
  5
1938
  8
CUT
 10
463.9108223851345
 20
-390.67067195839394
 30
0.0
 70
0
  0
VERTEX
  5
1939
  8
CUT
 10
464.12686997110774
 20
-391.31979107343045
 30
0.0
 70
0
  0
VERTEX
  5
193A
  8
CUT
 10
464.20000000000005
 20
-392.0
 30
0.0
 70
0
  0
VERTEX
  5
193B
  8
CUT
 10
476.79999999999995
 20
-392.0
 30
0.0
 70
0
  0
VERTEX
  5
193C
  8
CUT
 10
476.87313002889226
 20
-391.31979107343045
 30
0.0
 70
0
  0
VERTEX
  5
193D
  8
CUT
 10
477.0891776148655
 20
-390.67067195839394
 30
0.0
 70
0
  0
VERTEX
  5
193E
  8
CUT
 10
477.43826802904204
 20
-390.08231146716366
 30
0.0
 70
0
  0
VERTEX
  5
193F
  8
CUT
 10
477.90444565137506
 20
-389.58160136206635
 30
0.0
 70
0
  0
VERTEX
  5
1940
  8
CUT
 10
478.4664032424958
 20
-389.19142723338473
 30
0.0
 70
0
  0
VERTEX
  5
1941
  8
CUT
 10
479.0984558181074
 20
-388.9296224844336
 30
0.0
 70
0
  0
VERTEX
  5
1942
  8
CUT
 10
479.77171461376247
 20
-388.80815323324714
 30
0.0
 70
0
  0
VERTEX
  5
1943
  8
CUT
 10
480.4554074824745
 20
-388.832571385981
 30
0.0
 70
0
  0
VERTEX
  5
1944
  8
CUT
 10
481.1182853747171
 20
-389.00176088000075
 30
0.0
 70
0
  0
VERTEX
  5
1945
  8
CUT
 10
481.7300506158579
 20
-389.3079886949402
 30
0.0
 70
0
  0
VERTEX
  5
1946
  8
CUT
 10
482.262741699797
 20
-389.737258300203
 30
0.0
 70
0
  0
VERTEX
  5
1947
  8
CUT
 10
482.6920113050598
 20
-390.2699493841421
 30
0.0
 70
0
  0
VERTEX
  5
1948
  8
CUT
 10
482.99823911999925
 20
-390.8817146252829
 30
0.0
 70
0
  0
VERTEX
  5
1949
  8
CUT
 10
483.167428614019
 20
-391.5445925175255
 30
0.0
 70
0
  0
VERTEX
  5
194A
  8
CUT
 10
483.19184676675286
 20
-392.22828538623753
 30
0.0
 70
0
  0
VERTEX
  5
194B
  8
CUT
 10
483.07037751556646
 20
-392.9015441818926
 30
0.0
 70
0
  0
VERTEX
  5
194C
  8
CUT
 10
482.80857276661527
 20
-393.5335967575042
 30
0.0
 70
0
  0
VERTEX
  5
194D
  8
CUT
 10
482.41839863793365
 20
-394.09555434862494
 30
0.0
 70
0
  0
VERTEX
  5
194E
  8
CUT
 10
481.91768853283634
 20
-394.56173197095796
 30
0.0
 70
0
  0
VERTEX
  5
194F
  8
CUT
 10
481.32932804160606
 20
-394.9108223851345
 30
0.0
 70
0
  0
VERTEX
  5
1950
  8
CUT
 10
480.68020892656955
 20
-395.12686997110774
 30
0.0
 70
0
  0
VERTEX
  5
1951
  8
CUT
 10
480.0
 20
-395.20000000000005
 30
0.0
 70
0
  0
VERTEX
  5
1952
  8
CUT
 10
480.0
 20
-473.0
 30
0.0
 70
0
  0
VERTEX
  5
1953
  8
CUT
 10
905.5
 20
-473.0
 30
0.0
 70
0
  0
VERTEX
  5
1954
  8
CUT
 10
905.5
 20
-395.20000000000005
 30
0.0
 70
0
  0
VERTEX
  5
1955
  8
CUT
 10
904.8197910734305
 20
-395.12686997110774
 30
0.0
 70
0
  0
VERTEX
  5
1956
  8
CUT
 10
904.170671958394
 20
-394.9108223851345
 30
0.0
 70
0
  0
VERTEX
  5
1957
  8
CUT
 10
903.5823114671637
 20
-394.56173197095796
 30
0.0
 70
0
  0
VERTEX
  5
1958
  8
CUT
 10
903.0816013620663
 20
-394.09555434862494
 30
0.0
 70
0
  0
VERTEX
  5
1959
  8
CUT
 10
902.6914272333847
 20
-393.5335967575042
 30
0.0
 70
0
  0
VERTEX
  5
195A
  8
CUT
 10
902.4296224844336
 20
-392.9015441818926
 30
0.0
 70
0
  0
VERTEX
  5
195B
  8
CUT
 10
902.3081532332471
 20
-392.22828538623753
 30
0.0
 70
0
  0
VERTEX
  5
195C
  8
CUT
 10
902.3325713859809
 20
-391.5445925175255
 30
0.0
 70
0
  0
VERTEX
  5
195D
  8
CUT
 10
902.5017608800007
 20
-390.8817146252829
 30
0.0
 70
0
  0
VERTEX
  5
195E
  8
CUT
 10
902.8079886949401
 20
-390.2699493841421
 30
0.0
 70
0
  0
VERTEX
  5
195F
  8
CUT
 10
903.237258300203
 20
-389.737258300203
 30
0.0
 70
0
  0
VERTEX
  5
1960
  8
CUT
 10
903.769949384142
 20
-389.3079886949402
 30
0.0
 70
0
  0
VERTEX
  5
1961
  8
CUT
 10
904.3817146252828
 20
-389.00176088000075
 30
0.0
 70
0
  0
VERTEX
  5
1962
  8
CUT
 10
905.0445925175255
 20
-388.832571385981
 30
0.0
 70
0
  0
VERTEX
  5
1963
  8
CUT
 10
905.7282853862375
 20
-388.80815323324714
 30
0.0
 70
0
  0
VERTEX
  5
1964
  8
CUT
 10
906.4015441818926
 20
-388.92962248443354
 30
0.0
 70
0
  0
VERTEX
  5
1965
  8
CUT
 10
907.0335967575043
 20
-389.19142723338473
 30
0.0
 70
0
  0
VERTEX
  5
1966
  8
CUT
 10
907.5955543486249
 20
-389.58160136206635
 30
0.0
 70
0
  0
VERTEX
  5
1967
  8
CUT
 10
908.061731970958
 20
-390.08231146716366
 30
0.0
 70
0
  0
VERTEX
  5
1968
  8
CUT
 10
908.4108223851345
 20
-390.67067195839394
 30
0.0
 70
0
  0
VERTEX
  5
1969
  8
CUT
 10
908.6268699711078
 20
-391.31979107343045
 30
0.0
 70
0
  0
VERTEX
  5
196A
  8
CUT
 10
908.7
 20
-392.0
 30
0.0
 70
0
  0
VERTEX
  5
196B
  8
CUT
 10
921.3
 20
-392.0
 30
0.0
 70
0
  0
VERTEX
  5
196C
  8
CUT
 10
921.3731300288922
 20
-391.31979107343045
 30
0.0
 70
0
  0
VERTEX
  5
196D
  8
CUT
 10
921.5891776148655
 20
-390.67067195839394
 30
0.0
 70
0
  0
VERTEX
  5
196E
  8
CUT
 10
921.938268029042
 20
-390.08231146716366
 30
0.0
 70
0
  0
VERTEX
  5
196F
  8
CUT
 10
922.4044456513751
 20
-389.58160136206635
 30
0.0
 70
0
  0
VERTEX
  5
1970
  8
CUT
 10
922.9664032424957
 20
-389.19142723338473
 30
0.0
 70
0
  0
VERTEX
  5
1971
  8
CUT
 10
923.5984558181074
 20
-388.9296224844336
 30
0.0
 70
0
  0
VERTEX
  5
1972
  8
CUT
 10
924.2717146137625
 20
-388.80815323324714
 30
0.0
 70
0
  0
VERTEX
  5
1973
  8
CUT
 10
924.9554074824745
 20
-388.832571385981
 30
0.0
 70
0
  0
VERTEX
  5
1974
  8
CUT
 10
925.6182853747172
 20
-389.00176088000075
 30
0.0
 70
0
  0
VERTEX
  5
1975
  8
CUT
 10
926.230050615858
 20
-389.3079886949402
 30
0.0
 70
0
  0
VERTEX
  5
1976
  8
CUT
 10
926.762741699797
 20
-389.737258300203
 30
0.0
 70
0
  0
VERTEX
  5
1977
  8
CUT
 10
927.1920113050599
 20
-390.2699493841421
 30
0.0
 70
0
  0
VERTEX
  5
1978
  8
CUT
 10
927.4982391199993
 20
-390.8817146252829
 30
0.0
 70
0
  0
VERTEX
  5
1979
  8
CUT
 10
927.6674286140191
 20
-391.5445925175255
 30
0.0
 70
0
  0
VERTEX
  5
197A
  8
CUT
 10
927.6918467667529
 20
-392.22828538623753
 30
0.0
 70
0
  0
VERTEX
  5
197B
  8
CUT
 10
927.5703775155664
 20
-392.9015441818926
 30
0.0
 70
0
  0
VERTEX
  5
197C
  8
CUT
 10
927.3085727666153
 20
-393.5335967575042
 30
0.0
 70
0
  0
VERTEX
  5
197D
  8
CUT
 10
926.9183986379337
 20
-394.09555434862494
 30
0.0
 70
0
  0
VERTEX
  5
197E
  8
CUT
 10
926.4176885328363
 20
-394.56173197095796
 30
0.0
 70
0
  0
VERTEX
  5
197F
  8
CUT
 10
925.829328041606
 20
-394.9108223851345
 30
0.0
 70
0
  0
VERTEX
  5
1980
  8
CUT
 10
925.1802089265695
 20
-395.12686997110774
 30
0.0
 70
0
  0
VERTEX
  5
1981
  8
CUT
 10
924.5
 20
-395.20000000000005
 30
0.0
 70
0
  0
VERTEX
  5
1982
  8
CUT
 10
924.5
 20
-473.0
 30
0.0
 70
0
  0
VERTEX
  5
1983
  8
CUT
 10
1350.0
 20
-473.0
 30
0.0
 70
0
  0
VERTEX
  5
1984
  8
CUT
 10
1350.0
 20
-395.20000000000005
 30
0.0
 70
0
  0
VERTEX
  5
1985
  8
CUT
 10
1349.3197910734305
 20
-395.12686997110774
 30
0.0
 70
0
  0
VERTEX
  5
1986
  8
CUT
 10
1348.670671958394
 20
-394.9108223851345
 30
0.0
 70
0
  0
VERTEX
  5
1987
  8
CUT
 10
1348.0823114671637
 20
-394.56173197095796
 30
0.0
 70
0
  0
VERTEX
  5
1988
  8
CUT
 10
1347.5816013620663
 20
-394.09555434862494
 30
0.0
 70
0
  0
VERTEX
  5
1989
  8
CUT
 10
1347.1914272333847
 20
-393.5335967575042
 30
0.0
 70
0
  0
VERTEX
  5
198A
  8
CUT
 10
1346.9296224844336
 20
-392.9015441818926
 30
0.0
 70
0
  0
VERTEX
  5
198B
  8
CUT
 10
1346.8081532332471
 20
-392.22828538623753
 30
0.0
 70
0
  0
VERTEX
  5
198C
  8
CUT
 10
1346.832571385981
 20
-391.5445925175255
 30
0.0
 70
0
  0
VERTEX
  5
198D
  8
CUT
 10
1347.0017608800008
 20
-390.8817146252829
 30
0.0
 70
0
  0
VERTEX
  5
198E
  8
CUT
 10
1347.3079886949401
 20
-390.2699493841421
 30
0.0
 70
0
  0
VERTEX
  5
198F
  8
CUT
 10
1347.737258300203
 20
-389.737258300203
 30
0.0
 70
0
  0
VERTEX
  5
1990
  8
CUT
 10
1348.2699493841421
 20
-389.3079886949402
 30
0.0
 70
0
  0
VERTEX
  5
1991
  8
CUT
 10
1348.881714625283
 20
-389.00176088000075
 30
0.0
 70
0
  0
VERTEX
  5
1992
  8
CUT
 10
1349.5445925175254
 20
-388.832571385981
 30
0.0
 70
0
  0
VERTEX
  5
1993
  8
CUT
 10
1350.2282853862375
 20
-388.80815323324714
 30
0.0
 70
0
  0
VERTEX
  5
1994
  8
CUT
 10
1350.9015441818926
 20
-388.92962248443354
 30
0.0
 70
0
  0
VERTEX
  5
1995
  8
CUT
 10
1351.5335967575043
 20
-389.19142723338473
 30
0.0
 70
0
  0
VERTEX
  5
1996
  8
CUT
 10
1352.095554348625
 20
-389.58160136206635
 30
0.0
 70
0
  0
VERTEX
  5
1997
  8
CUT
 10
1352.561731970958
 20
-390.08231146716366
 30
0.0
 70
0
  0
VERTEX
  5
1998
  8
CUT
 10
1352.9108223851345
 20
-390.67067195839394
 30
0.0
 70
0
  0
VERTEX
  5
1999
  8
CUT
 10
1353.1268699711077
 20
-391.31979107343045
 30
0.0
 70
0
  0
VERTEX
  5
199A
  8
CUT
 10
1353.2
 20
-392.0
 30
0.0
 70
0
  0
VERTEX
  5
199B
  8
CUT
 10
1365.8
 20
-392.0
 30
0.0
 70
0
  0
VERTEX
  5
199C
  8
CUT
 10
1365.8731300288923
 20
-391.31979107343045
 30
0.0
 70
0
  0
VERTEX
  5
199D
  8
CUT
 10
1366.0891776148655
 20
-390.67067195839394
 30
0.0
 70
0
  0
VERTEX
  5
199E
  8
CUT
 10
1366.438268029042
 20
-390.08231146716366
 30
0.0
 70
0
  0
VERTEX
  5
199F
  8
CUT
 10
1366.904445651375
 20
-389.58160136206635
 30
0.0
 70
0
  0
VERTEX
  5
19A0
  8
CUT
 10
1367.4664032424957
 20
-389.19142723338473
 30
0.0
 70
0
  0
VERTEX
  5
19A1
  8
CUT
 10
1368.0984558181074
 20
-388.9296224844336
 30
0.0
 70
0
  0
VERTEX
  5
19A2
  8
CUT
 10
1368.7717146137625
 20
-388.80815323324714
 30
0.0
 70
0
  0
VERTEX
  5
19A3
  8
CUT
 10
1369.4554074824746
 20
-388.832571385981
 30
0.0
 70
0
  0
VERTEX
  5
19A4
  8
CUT
 10
1370.118285374717
 20
-389.00176088000075
 30
0.0
 70
0
  0
VERTEX
  5
19A5
  8
CUT
 10
1370.7300506158579
 20
-389.3079886949402
 30
0.0
 70
0
  0
VERTEX
  5
19A6
  8
CUT
 10
1371.262741699797
 20
-389.737258300203
 30
0.0
 70
0
  0
VERTEX
  5
19A7
  8
CUT
 10
1371.6920113050599
 20
-390.2699493841421
 30
0.0
 70
0
  0
VERTEX
  5
19A8
  8
CUT
 10
1371.9982391199992
 20
-390.8817146252829
 30
0.0
 70
0
  0
VERTEX
  5
19A9
  8
CUT
 10
1372.167428614019
 20
-391.5445925175255
 30
0.0
 70
0
  0
VERTEX
  5
19AA
  8
CUT
 10
1372.1918467667529
 20
-392.22828538623753
 30
0.0
 70
0
  0
VERTEX
  5
19AB
  8
CUT
 10
1372.0703775155664
 20
-392.9015441818926
 30
0.0
 70
0
  0
VERTEX
  5
19AC
  8
CUT
 10
1371.8085727666153
 20
-393.5335967575042
 30
0.0
 70
0
  0
VERTEX
  5
19AD
  8
CUT
 10
1371.4183986379337
 20
-394.09555434862494
 30
0.0
 70
0
  0
VERTEX
  5
19AE
  8
CUT
 10
1370.9176885328363
 20
-394.56173197095796
 30
0.0
 70
0
  0
VERTEX
  5
19AF
  8
CUT
 10
1370.329328041606
 20
-394.9108223851345
 30
0.0
 70
0
  0
VERTEX
  5
19B0
  8
CUT
 10
1369.6802089265695
 20
-395.12686997110774
 30
0.0
 70
0
  0
VERTEX
  5
19B1
  8
CUT
 10
1369.0
 20
-395.20000000000005
 30
0.0
 70
0
  0
VERTEX
  5
19B2
  8
CUT
 10
1369.0
 20
-473.0
 30
0.0
 70
0
  0
VERTEX
  5
19B3
  8
CUT
 10
1795.0
 20
-473.0
 30
0.0
 70
0
  0
VERTEX
  5
19B4
  8
CUT
 10
1795.0
 20
-415.20000000000005
 30
0.0
 70
0
  0
VERTEX
  5
19B5
  8
CUT
 10
1794.3197910734305
 20
-415.12686997110774
 30
0.0
 70
0
  0
VERTEX
  5
19B6
  8
CUT
 10
1793.670671958394
 20
-414.9108223851345
 30
0.0
 70
0
  0
VERTEX
  5
19B7
  8
CUT
 10
1793.0823114671637
 20
-414.56173197095796
 30
0.0
 70
0
  0
VERTEX
  5
19B8
  8
CUT
 10
1792.5816013620663
 20
-414.09555434862494
 30
0.0
 70
0
  0
VERTEX
  5
19B9
  8
CUT
 10
1792.1914272333847
 20
-413.5335967575042
 30
0.0
 70
0
  0
VERTEX
  5
19BA
  8
CUT
 10
1791.9296224844336
 20
-412.9015441818926
 30
0.0
 70
0
  0
VERTEX
  5
19BB
  8
CUT
 10
1791.8081532332471
 20
-412.22828538623753
 30
0.0
 70
0
  0
VERTEX
  5
19BC
  8
CUT
 10
1791.832571385981
 20
-411.5445925175255
 30
0.0
 70
0
  0
VERTEX
  5
19BD
  8
CUT
 10
1792.0017608800008
 20
-410.8817146252829
 30
0.0
 70
0
  0
VERTEX
  5
19BE
  8
CUT
 10
1792.3079886949401
 20
-410.2699493841421
 30
0.0
 70
0
  0
VERTEX
  5
19BF
  8
CUT
 10
1792.737258300203
 20
-409.737258300203
 30
0.0
 70
0
  0
VERTEX
  5
19C0
  8
CUT
 10
1793.2699493841421
 20
-409.3079886949402
 30
0.0
 70
0
  0
VERTEX
  5
19C1
  8
CUT
 10
1793.881714625283
 20
-409.00176088000075
 30
0.0
 70
0
  0
VERTEX
  5
19C2
  8
CUT
 10
1794.5445925175254
 20
-408.832571385981
 30
0.0
 70
0
  0
VERTEX
  5
19C3
  8
CUT
 10
1795.2282853862375
 20
-408.80815323324714
 30
0.0
 70
0
  0
VERTEX
  5
19C4
  8
CUT
 10
1795.9015441818926
 20
-408.92962248443354
 30
0.0
 70
0
  0
VERTEX
  5
19C5
  8
CUT
 10
1796.5335967575043
 20
-409.19142723338473
 30
0.0
 70
0
  0
VERTEX
  5
19C6
  8
CUT
 10
1797.095554348625
 20
-409.58160136206635
 30
0.0
 70
0
  0
VERTEX
  5
19C7
  8
CUT
 10
1797.561731970958
 20
-410.08231146716366
 30
0.0
 70
0
  0
VERTEX
  5
19C8
  8
CUT
 10
1797.9108223851345
 20
-410.67067195839394
 30
0.0
 70
0
  0
VERTEX
  5
19C9
  8
CUT
 10
1798.1268699711077
 20
-411.31979107343045
 30
0.0
 70
0
  0
VERTEX
  5
19CA
  8
CUT
 10
1798.2
 20
-412.0
 30
0.0
 70
0
  0
VERTEX
  5
19CB
  8
CUT
 10
1813.0
 20
-412.0
 30
0.0
 70
0
  0
VERTEX
  5
19CC
  8
CUT
 10
1813.0
 20
-372.0
 30
0.0
 70
0
  0
VERTEX
  5
19CD
  8
CUT
 10
1798.2
 20
-372.0
 30
0.0
 70
0
  0
VERTEX
  5
19CE
  8
CUT
 10
1798.1268699711077
 20
-372.68020892656955
 30
0.0
 70
0
  0
VERTEX
  5
19CF
  8
CUT
 10
1797.9108223851345
 20
-373.32932804160606
 30
0.0
 70
0
  0
VERTEX
  5
19D0
  8
CUT
 10
1797.561731970958
 20
-373.91768853283634
 30
0.0
 70
0
  0
VERTEX
  5
19D1
  8
CUT
 10
1797.095554348625
 20
-374.41839863793365
 30
0.0
 70
0
  0
VERTEX
  5
19D2
  8
CUT
 10
1796.5335967575043
 20
-374.80857276661527
 30
0.0
 70
0
  0
VERTEX
  5
19D3
  8
CUT
 10
1795.9015441818926
 20
-375.0703775155664
 30
0.0
 70
0
  0
VERTEX
  5
19D4
  8
CUT
 10
1795.2282853862375
 20
-375.19184676675286
 30
0.0
 70
0
  0
VERTEX
  5
19D5
  8
CUT
 10
1794.5445925175254
 20
-375.167428614019
 30
0.0
 70
0
  0
VERTEX
  5
19D6
  8
CUT
 10
1793.881714625283
 20
-374.99823911999925
 30
0.0
 70
0
  0
VERTEX
  5
19D7
  8
CUT
 10
1793.2699493841421
 20
-374.6920113050598
 30
0.0
 70
0
  0
VERTEX
  5
19D8
  8
CUT
 10
1792.737258300203
 20
-374.262741699797
 30
0.0
 70
0
  0
VERTEX
  5
19D9
  8
CUT
 10
1792.3079886949401
 20
-373.7300506158579
 30
0.0
 70
0
  0
VERTEX
  5
19DA
  8
CUT
 10
1792.0017608800008
 20
-373.1182853747171
 30
0.0
 70
0
  0
VERTEX
  5
19DB
  8
CUT
 10
1791.832571385981
 20
-372.4554074824745
 30
0.0
 70
0
  0
VERTEX
  5
19DC
  8
CUT
 10
1791.8081532332471
 20
-371.77171461376247
 30
0.0
 70
0
  0
VERTEX
  5
19DD
  8
CUT
 10
1791.9296224844336
 20
-371.0984558181074
 30
0.0
 70
0
  0
VERTEX
  5
19DE
  8
CUT
 10
1792.1914272333847
 20
-370.4664032424958
 30
0.0
 70
0
  0
VERTEX
  5
19DF
  8
CUT
 10
1792.5816013620663
 20
-369.90444565137506
 30
0.0
 70
0
  0
VERTEX
  5
19E0
  8
CUT
 10
1793.0823114671637
 20
-369.43826802904204
 30
0.0
 70
0
  0
VERTEX
  5
19E1
  8
CUT
 10
1793.670671958394
 20
-369.0891776148655
 30
0.0
 70
0
  0
VERTEX
  5
19E2
  8
CUT
 10
1794.3197910734305
 20
-368.87313002889226
 30
0.0
 70
0
  0
VERTEX
  5
19E3
  8
CUT
 10
1795.0
 20
-368.79999999999995
 30
0.0
 70
0
  0
VERTEX
  5
19E4
  8
CUT
 10
1795.0
 20
-311.0
 30
0.0
 70
0
  0
SEQEND
  5
18F0
  8
CUT
  0
POLYLINE
  5
19E5
  8
CUT
 66
1
 10
0.0
 20
0.0
 30
0.0
 70
1
  0
VERTEX
  5
19E7
  8
CUT
 10
17.0
 20
-927.0
 30
0.0
 70
0
  0
VERTEX
  5
19E8
  8
CUT
 10
17.0
 20
-967.0
 30
0.0
 70
0
  0
VERTEX
  5
19E9
  8
CUT
 10
32.30000000000001
 20
-967.0
 30
0.0
 70
0
  0
VERTEX
  5
19EA
  8
CUT
 10
32.373130028892305
 20
-966.3197910734305
 30
0.0
 70
0
  0
VERTEX
  5
19EB
  8
CUT
 10
32.589177614865555
 20
-965.670671958394
 30
0.0
 70
0
  0
VERTEX
  5
19EC
  8
CUT
 10
32.938268029042064
 20
-965.0823114671637
 30
0.0
 70
0
  0
VERTEX
  5
19ED
  8
CUT
 10
33.404445651375106
 20
-964.5816013620664
 30
0.0
 70
0
  0
VERTEX
  5
19EE
  8
CUT
 10
33.966403242495836
 20
-964.1914272333847
 30
0.0
 70
0
  0
VERTEX
  5
19EF
  8
CUT
 10
34.598455818107446
 20
-963.9296224844336
 30
0.0
 70
0
  0
VERTEX
  5
19F0
  8
CUT
 10
35.271714613762484
 20
-963.8081532332471
 30
0.0
 70
0
  0
VERTEX
  5
19F1
  8
CUT
 10
35.95540748247454
 20
-963.832571385981
 30
0.0
 70
0
  0
VERTEX
  5
19F2
  8
CUT
 10
36.618285374717146
 20
-964.0017608800008
 30
0.0
 70
0
  0
VERTEX
  5
19F3
  8
CUT
 10
37.23005061585795
 20
-964.3079886949401
 30
0.0
 70
0
  0
VERTEX
  5
19F4
  8
CUT
 10
37.76274169979699
 20
-964.737258300203
 30
0.0
 70
0
  0
VERTEX
  5
19F5
  8
CUT
 10
38.19201130505982
 20
-965.269949384142
 30
0.0
 70
0
  0
VERTEX
  5
19F6
  8
CUT
 10
38.49823911999928
 20
-965.8817146252828
 30
0.0
 70
0
  0
VERTEX
  5
19F7
  8
CUT
 10
38.66742861401903
 20
-966.5445925175255
 30
0.0
 70
0
  0
VERTEX
  5
19F8
  8
CUT
 10
38.69184676675285
 20
-967.2282853862375
 30
0.0
 70
0
  0
VERTEX
  5
19F9
  8
CUT
 10
38.570377515566435
 20
-967.9015441818926
 30
0.0
 70
0
  0
VERTEX
  5
19FA
  8
CUT
 10
38.308572766615264
 20
-968.5335967575041
 30
0.0
 70
0
  0
VERTEX
  5
19FB
  8
CUT
 10
37.91839863793367
 20
-969.0955543486249
 30
0.0
 70
0
  0
VERTEX
  5
19FC
  8
CUT
 10
37.41768853283635
 20
-969.561731970958
 30
0.0
 70
0
  0
VERTEX
  5
19FD
  8
CUT
 10
36.829328041606075
 20
-969.9108223851345
 30
0.0
 70
0
  0
VERTEX
  5
19FE
  8
CUT
 10
36.180208926569556
 20
-970.1268699711077
 30
0.0
 70
0
  0
VERTEX
  5
19FF
  8
CUT
 10
35.5
 20
-970.2
 30
0.0
 70
0
  0
VERTEX
  5
1A00
  8
CUT
 10
35.5
 20
-977.0
 30
0.0
 70
0
  0
VERTEX
  5
1A01
  8
CUT
 10
461.0
 20
-977.0
 30
0.0
 70
0
  0
VERTEX
  5
1A02
  8
CUT
 10
461.0
 20
-900.2
 30
0.0
 70
0
  0
VERTEX
  5
1A03
  8
CUT
 10
460.31979107343045
 20
-900.1268699711078
 30
0.0
 70
0
  0
VERTEX
  5
1A04
  8
CUT
 10
459.67067195839394
 20
-899.9108223851345
 30
0.0
 70
0
  0
VERTEX
  5
1A05
  8
CUT
 10
459.08231146716366
 20
-899.561731970958
 30
0.0
 70
0
  0
VERTEX
  5
1A06
  8
CUT
 10
458.58160136206635
 20
-899.0955543486249
 30
0.0
 70
0
  0
VERTEX
  5
1A07
  8
CUT
 10
458.19142723338473
 20
-898.5335967575043
 30
0.0
 70
0
  0
VERTEX
  5
1A08
  8
CUT
 10
457.9296224844336
 20
-897.9015441818926
 30
0.0
 70
0
  0
VERTEX
  5
1A09
  8
CUT
 10
457.80815323324714
 20
-897.2282853862375
 30
0.0
 70
0
  0
VERTEX
  5
1A0A
  8
CUT
 10
457.832571385981
 20
-896.5445925175255
 30
0.0
 70
0
  0
VERTEX
  5
1A0B
  8
CUT
 10
458.00176088000075
 20
-895.8817146252828
 30
0.0
 70
0
  0
VERTEX
  5
1A0C
  8
CUT
 10
458.3079886949402
 20
-895.269949384142
 30
0.0
 70
0
  0
VERTEX
  5
1A0D
  8
CUT
 10
458.737258300203
 20
-894.737258300203
 30
0.0
 70
0
  0
VERTEX
  5
1A0E
  8
CUT
 10
459.2699493841421
 20
-894.3079886949401
 30
0.0
 70
0
  0
VERTEX
  5
1A0F
  8
CUT
 10
459.8817146252829
 20
-894.0017608800007
 30
0.0
 70
0
  0
VERTEX
  5
1A10
  8
CUT
 10
460.5445925175255
 20
-893.8325713859809
 30
0.0
 70
0
  0
VERTEX
  5
1A11
  8
CUT
 10
461.22828538623753
 20
-893.8081532332471
 30
0.0
 70
0
  0
VERTEX
  5
1A12
  8
CUT
 10
461.9015441818926
 20
-893.9296224844336
 30
0.0
 70
0
  0
VERTEX
  5
1A13
  8
CUT
 10
462.5335967575042
 20
-894.1914272333847
 30
0.0
 70
0
  0
VERTEX
  5
1A14
  8
CUT
 10
463.09555434862494
 20
-894.5816013620663
 30
0.0
 70
0
  0
VERTEX
  5
1A15
  8
CUT
 10
463.56173197095796
 20
-895.0823114671637
 30
0.0
 70
0
  0
VERTEX
  5
1A16
  8
CUT
 10
463.9108223851345
 20
-895.670671958394
 30
0.0
 70
0
  0
VERTEX
  5
1A17
  8
CUT
 10
464.12686997110774
 20
-896.3197910734305
 30
0.0
 70
0
  0
VERTEX
  5
1A18
  8
CUT
 10
464.20000000000005
 20
-897.0
 30
0.0
 70
0
  0
VERTEX
  5
1A19
  8
CUT
 10
479.5
 20
-897.0
 30
0.0
 70
0
  0
VERTEX
  5
1A1A
  8
CUT
 10
479.5
 20
-857.0
 30
0.0
 70
0
  0
VERTEX
  5
1A1B
  8
CUT
 10
464.20000000000005
 20
-857.0
 30
0.0
 70
0
  0
VERTEX
  5
1A1C
  8
CUT
 10
464.12686997110774
 20
-857.6802089265695
 30
0.0
 70
0
  0
VERTEX
  5
1A1D
  8
CUT
 10
463.9108223851345
 20
-858.329328041606
 30
0.0
 70
0
  0
VERTEX
  5
1A1E
  8
CUT
 10
463.56173197095796
 20
-858.9176885328363
 30
0.0
 70
0
  0
VERTEX
  5
1A1F
  8
CUT
 10
463.09555434862494
 20
-859.4183986379337
 30
0.0
 70
0
  0
VERTEX
  5
1A20
  8
CUT
 10
462.5335967575042
 20
-859.8085727666153
 30
0.0
 70
0
  0
VERTEX
  5
1A21
  8
CUT
 10
461.9015441818926
 20
-860.0703775155664
 30
0.0
 70
0
  0
VERTEX
  5
1A22
  8
CUT
 10
461.22828538623753
 20
-860.1918467667529
 30
0.0
 70
0
  0
VERTEX
  5
1A23
  8
CUT
 10
460.5445925175255
 20
-860.1674286140191
 30
0.0
 70
0
  0
VERTEX
  5
1A24
  8
CUT
 10
459.8817146252829
 20
-859.9982391199993
 30
0.0
 70
0
  0
VERTEX
  5
1A25
  8
CUT
 10
459.2699493841421
 20
-859.6920113050599
 30
0.0
 70
0
  0
VERTEX
  5
1A26
  8
CUT
 10
458.737258300203
 20
-859.262741699797
 30
0.0
 70
0
  0
VERTEX
  5
1A27
  8
CUT
 10
458.3079886949402
 20
-858.730050615858
 30
0.0
 70
0
  0
VERTEX
  5
1A28
  8
CUT
 10
458.00176088000075
 20
-858.1182853747172
 30
0.0
 70
0
  0
VERTEX
  5
1A29
  8
CUT
 10
457.832571385981
 20
-857.4554074824745
 30
0.0
 70
0
  0
VERTEX
  5
1A2A
  8
CUT
 10
457.80815323324714
 20
-856.7717146137625
 30
0.0
 70
0
  0
VERTEX
  5
1A2B
  8
CUT
 10
457.92962248443354
 20
-856.0984558181074
 30
0.0
 70
0
  0
VERTEX
  5
1A2C
  8
CUT
 10
458.19142723338473
 20
-855.4664032424957
 30
0.0
 70
0
  0
VERTEX
  5
1A2D
  8
CUT
 10
458.58160136206635
 20
-854.9044456513751
 30
0.0
 70
0
  0
VERTEX
  5
1A2E
  8
CUT
 10
459.08231146716366
 20
-854.438268029042
 30
0.0
 70
0
  0
VERTEX
  5
1A2F
  8
CUT
 10
459.67067195839394
 20
-854.0891776148655
 30
0.0
 70
0
  0
VERTEX
  5
1A30
  8
CUT
 10
460.31979107343045
 20
-853.8731300288922
 30
0.0
 70
0
  0
VERTEX
  5
1A31
  8
CUT
 10
461.0
 20
-853.8
 30
0.0
 70
0
  0
VERTEX
  5
1A32
  8
CUT
 10
461.0
 20
-770.2
 30
0.0
 70
0
  0
VERTEX
  5
1A33
  8
CUT
 10
460.31979107343045
 20
-770.1268699711078
 30
0.0
 70
0
  0
VERTEX
  5
1A34
  8
CUT
 10
459.67067195839394
 20
-769.9108223851345
 30
0.0
 70
0
  0
VERTEX
  5
1A35
  8
CUT
 10
459.08231146716366
 20
-769.561731970958
 30
0.0
 70
0
  0
VERTEX
  5
1A36
  8
CUT
 10
458.58160136206635
 20
-769.0955543486249
 30
0.0
 70
0
  0
VERTEX
  5
1A37
  8
CUT
 10
458.19142723338473
 20
-768.5335967575043
 30
0.0
 70
0
  0
VERTEX
  5
1A38
  8
CUT
 10
457.9296224844336
 20
-767.9015441818926
 30
0.0
 70
0
  0
VERTEX
  5
1A39
  8
CUT
 10
457.80815323324714
 20
-767.2282853862375
 30
0.0
 70
0
  0
VERTEX
  5
1A3A
  8
CUT
 10
457.832571385981
 20
-766.5445925175255
 30
0.0
 70
0
  0
VERTEX
  5
1A3B
  8
CUT
 10
458.00176088000075
 20
-765.8817146252828
 30
0.0
 70
0
  0
VERTEX
  5
1A3C
  8
CUT
 10
458.3079886949402
 20
-765.269949384142
 30
0.0
 70
0
  0
VERTEX
  5
1A3D
  8
CUT
 10
458.737258300203
 20
-764.737258300203
 30
0.0
 70
0
  0
VERTEX
  5
1A3E
  8
CUT
 10
459.2699493841421
 20
-764.3079886949401
 30
0.0
 70
0
  0
VERTEX
  5
1A3F
  8
CUT
 10
459.8817146252829
 20
-764.0017608800007
 30
0.0
 70
0
  0
VERTEX
  5
1A40
  8
CUT
 10
460.5445925175255
 20
-763.8325713859809
 30
0.0
 70
0
  0
VERTEX
  5
1A41
  8
CUT
 10
461.22828538623753
 20
-763.8081532332471
 30
0.0
 70
0
  0
VERTEX
  5
1A42
  8
CUT
 10
461.9015441818926
 20
-763.9296224844336
 30
0.0
 70
0
  0
VERTEX
  5
1A43
  8
CUT
 10
462.5335967575042
 20
-764.1914272333847
 30
0.0
 70
0
  0
VERTEX
  5
1A44
  8
CUT
 10
463.09555434862494
 20
-764.5816013620663
 30
0.0
 70
0
  0
VERTEX
  5
1A45
  8
CUT
 10
463.56173197095796
 20
-765.0823114671637
 30
0.0
 70
0
  0
VERTEX
  5
1A46
  8
CUT
 10
463.9108223851345
 20
-765.670671958394
 30
0.0
 70
0
  0
VERTEX
  5
1A47
  8
CUT
 10
464.12686997110774
 20
-766.3197910734305
 30
0.0
 70
0
  0
VERTEX
  5
1A48
  8
CUT
 10
464.20000000000005
 20
-767.0
 30
0.0
 70
0
  0
VERTEX
  5
1A49
  8
CUT
 10
479.5
 20
-767.0
 30
0.0
 70
0
  0
VERTEX
  5
1A4A
  8
CUT
 10
479.5
 20
-727.0
 30
0.0
 70
0
  0
VERTEX
  5
1A4B
  8
CUT
 10
464.20000000000005
 20
-727.0
 30
0.0
 70
0
  0
VERTEX
  5
1A4C
  8
CUT
 10
464.12686997110774
 20
-727.6802089265695
 30
0.0
 70
0
  0
VERTEX
  5
1A4D
  8
CUT
 10
463.9108223851345
 20
-728.329328041606
 30
0.0
 70
0
  0
VERTEX
  5
1A4E
  8
CUT
 10
463.56173197095796
 20
-728.9176885328363
 30
0.0
 70
0
  0
VERTEX
  5
1A4F
  8
CUT
 10
463.09555434862494
 20
-729.4183986379337
 30
0.0
 70
0
  0
VERTEX
  5
1A50
  8
CUT
 10
462.5335967575042
 20
-729.8085727666153
 30
0.0
 70
0
  0
VERTEX
  5
1A51
  8
CUT
 10
461.9015441818926
 20
-730.0703775155664
 30
0.0
 70
0
  0
VERTEX
  5
1A52
  8
CUT
 10
461.22828538623753
 20
-730.1918467667529
 30
0.0
 70
0
  0
VERTEX
  5
1A53
  8
CUT
 10
460.5445925175255
 20
-730.1674286140191
 30
0.0
 70
0
  0
VERTEX
  5
1A54
  8
CUT
 10
459.8817146252829
 20
-729.9982391199993
 30
0.0
 70
0
  0
VERTEX
  5
1A55
  8
CUT
 10
459.2699493841421
 20
-729.6920113050599
 30
0.0
 70
0
  0
VERTEX
  5
1A56
  8
CUT
 10
458.737258300203
 20
-729.262741699797
 30
0.0
 70
0
  0
VERTEX
  5
1A57
  8
CUT
 10
458.3079886949402
 20
-728.730050615858
 30
0.0
 70
0
  0
VERTEX
  5
1A58
  8
CUT
 10
458.00176088000075
 20
-728.1182853747172
 30
0.0
 70
0
  0
VERTEX
  5
1A59
  8
CUT
 10
457.832571385981
 20
-727.4554074824745
 30
0.0
 70
0
  0
VERTEX
  5
1A5A
  8
CUT
 10
457.80815323324714
 20
-726.7717146137625
 30
0.0
 70
0
  0
VERTEX
  5
1A5B
  8
CUT
 10
457.92962248443354
 20
-726.0984558181074
 30
0.0
 70
0
  0
VERTEX
  5
1A5C
  8
CUT
 10
458.19142723338473
 20
-725.4664032424957
 30
0.0
 70
0
  0
VERTEX
  5
1A5D
  8
CUT
 10
458.58160136206635
 20
-724.9044456513751
 30
0.0
 70
0
  0
VERTEX
  5
1A5E
  8
CUT
 10
459.08231146716366
 20
-724.438268029042
 30
0.0
 70
0
  0
VERTEX
  5
1A5F
  8
CUT
 10
459.67067195839394
 20
-724.0891776148655
 30
0.0
 70
0
  0
VERTEX
  5
1A60
  8
CUT
 10
460.31979107343045
 20
-723.8731300288922
 30
0.0
 70
0
  0
VERTEX
  5
1A61
  8
CUT
 10
461.0
 20
-723.8
 30
0.0
 70
0
  0
VERTEX
  5
1A62
  8
CUT
 10
461.0
 20
-719.75
 30
0.0
 70
0
  0
VERTEX
  5
1A63
  8
CUT
 10
459.1799
 20
-691.9806
 30
0.0
 70
0
  0
VERTEX
  5
1A64
  8
CUT
 10
453.75070000000005
 20
-664.6862
 30
0.0
 70
0
  0
VERTEX
  5
1A65
  8
CUT
 10
444.80539999999996
 20
-638.3341
 30
0.0
 70
0
  0
VERTEX
  5
1A66
  8
CUT
 10
432.4969
 20
-613.375
 30
0.0
 70
0
  0
VERTEX
  5
1A67
  8
CUT
 10
417.03589999999997
 20
-590.236
 30
0.0
 70
0
  0
VERTEX
  5
1A68
  8
CUT
 10
398.687
 20
-569.313
 30
0.0
 70
0
  0
VERTEX
  5
1A69
  8
CUT
 10
377.764
 20
-550.9641
 30
0.0
 70
0
  0
VERTEX
  5
1A6A
  8
CUT
 10
354.625
 20
-535.5031
 30
0.0
 70
0
  0
VERTEX
  5
1A6B
  8
CUT
 10
329.66589999999997
 20
-523.1946
 30
0.0
 70
0
  0
VERTEX
  5
1A6C
  8
CUT
 10
303.3138
 20
-514.2493
 30
0.0
 70
0
  0
VERTEX
  5
1A6D
  8
CUT
 10
276.0194
 20
-508.8201
 30
0.0
 70
0
  0
VERTEX
  5
1A6E
  8
CUT
 10
248.25
 20
-507.0
 30
0.0
 70
0
  0
VERTEX
  5
1A6F
  8
CUT
 10
220.48059999999998
 20
-508.8201
 30
0.0
 70
0
  0
VERTEX
  5
1A70
  8
CUT
 10
193.18619999999999
 20
-514.2493
 30
0.0
 70
0
  0
VERTEX
  5
1A71
  8
CUT
 10
166.83409999999998
 20
-523.1946
 30
0.0
 70
0
  0
VERTEX
  5
1A72
  8
CUT
 10
141.875
 20
-535.5031
 30
0.0
 70
0
  0
VERTEX
  5
1A73
  8
CUT
 10
118.73599999999999
 20
-550.9641
 30
0.0
 70
0
  0
VERTEX
  5
1A74
  8
CUT
 10
97.81299999999999
 20
-569.313
 30
0.0
 70
0
  0
VERTEX
  5
1A75
  8
CUT
 10
79.46409999999997
 20
-590.236
 30
0.0
 70
0
  0
VERTEX
  5
1A76
  8
CUT
 10
64.00309999999999
 20
-613.375
 30
0.0
 70
0
  0
VERTEX
  5
1A77
  8
CUT
 10
51.69460000000001
 20
-638.3341
 30
0.0
 70
0
  0
VERTEX
  5
1A78
  8
CUT
 10
42.749300000000005
 20
-664.6862
 30
0.0
 70
0
  0
VERTEX
  5
1A79
  8
CUT
 10
37.3201
 20
-691.9806
 30
0.0
 70
0
  0
VERTEX
  5
1A7A
  8
CUT
 10
35.5
 20
-719.75
 30
0.0
 70
0
  0
VERTEX
  5
1A7B
  8
CUT
 10
35.5
 20
-783.8
 30
0.0
 70
0
  0
VERTEX
  5
1A7C
  8
CUT
 10
36.18020892656953
 20
-783.8731300288923
 30
0.0
 70
0
  0
VERTEX
  5
1A7D
  8
CUT
 10
36.82932804160605
 20
-784.0891776148655
 30
0.0
 70
0
  0
VERTEX
  5
1A7E
  8
CUT
 10
37.41768853283632
 20
-784.438268029042
 30
0.0
 70
0
  0
VERTEX
  5
1A7F
  8
CUT
 10
37.91839863793365
 20
-784.904445651375
 30
0.0
 70
0
  0
VERTEX
  5
1A80
  8
CUT
 10
38.30857276661525
 20
-785.4664032424957
 30
0.0
 70
0
  0
VERTEX
  5
1A81
  8
CUT
 10
38.57037751556643
 20
-786.0984558181074
 30
0.0
 70
0
  0
VERTEX
  5
1A82
  8
CUT
 10
38.69184676675285
 20
-786.7717146137625
 30
0.0
 70
0
  0
VERTEX
  5
1A83
  8
CUT
 10
38.66742861401903
 20
-787.4554074824745
 30
0.0
 70
0
  0
VERTEX
  5
1A84
  8
CUT
 10
38.49823911999929
 20
-788.1182853747171
 30
0.0
 70
0
  0
VERTEX
  5
1A85
  8
CUT
 10
38.192011305059836
 20
-788.7300506158579
 30
0.0
 70
0
  0
VERTEX
  5
1A86
  8
CUT
 10
37.76274169979701
 20
-789.262741699797
 30
0.0
 70
0
  0
VERTEX
  5
1A87
  8
CUT
 10
37.23005061585798
 20
-789.6920113050597
 30
0.0
 70
0
  0
VERTEX
  5
1A88
  8
CUT
 10
36.618285374717175
 20
-789.9982391199992
 30
0.0
 70
0
  0
VERTEX
  5
1A89
  8
CUT
 10
35.95540748247457
 20
-790.167428614019
 30
0.0
 70
0
  0
VERTEX
  5
1A8A
  8
CUT
 10
35.27171461376251
 20
-790.1918467667529
 30
0.0
 70
0
  0
VERTEX
  5
1A8B
  8
CUT
 10
34.598455818107475
 20
-790.0703775155664
 30
0.0
 70
0
  0
VERTEX
  5
1A8C
  8
CUT
 10
33.966403242495865
 20
-789.8085727666153
 30
0.0
 70
0
  0
VERTEX
  5
1A8D
  8
CUT
 10
33.40444565137513
 20
-789.4183986379337
 30
0.0
 70
0
  0
VERTEX
  5
1A8E
  8
CUT
 10
32.93826802904208
 20
-788.9176885328363
 30
0.0
 70
0
  0
VERTEX
  5
1A8F
  8
CUT
 10
32.58917761486557
 20
-788.3293280416061
 30
0.0
 70
0
  0
VERTEX
  5
1A90
  8
CUT
 10
32.373130028892305
 20
-787.6802089265695
 30
0.0
 70
0
  0
VERTEX
  5
1A91
  8
CUT
 10
32.30000000000001
 20
-787.0
 30
0.0
 70
0
  0
VERTEX
  5
1A92
  8
CUT
 10
17.0
 20
-787.0
 30
0.0
 70
0
  0
VERTEX
  5
1A93
  8
CUT
 10
17.0
 20
-827.0
 30
0.0
 70
0
  0
VERTEX
  5
1A94
  8
CUT
 10
32.30000000000001
 20
-827.0
 30
0.0
 70
0
  0
VERTEX
  5
1A95
  8
CUT
 10
32.373130028892305
 20
-826.3197910734305
 30
0.0
 70
0
  0
VERTEX
  5
1A96
  8
CUT
 10
32.589177614865555
 20
-825.670671958394
 30
0.0
 70
0
  0
VERTEX
  5
1A97
  8
CUT
 10
32.938268029042064
 20
-825.0823114671637
 30
0.0
 70
0
  0
VERTEX
  5
1A98
  8
CUT
 10
33.404445651375106
 20
-824.5816013620664
 30
0.0
 70
0
  0
VERTEX
  5
1A99
  8
CUT
 10
33.966403242495836
 20
-824.1914272333847
 30
0.0
 70
0
  0
VERTEX
  5
1A9A
  8
CUT
 10
34.598455818107446
 20
-823.9296224844336
 30
0.0
 70
0
  0
VERTEX
  5
1A9B
  8
CUT
 10
35.271714613762484
 20
-823.8081532332471
 30
0.0
 70
0
  0
VERTEX
  5
1A9C
  8
CUT
 10
35.95540748247454
 20
-823.832571385981
 30
0.0
 70
0
  0
VERTEX
  5
1A9D
  8
CUT
 10
36.618285374717146
 20
-824.0017608800008
 30
0.0
 70
0
  0
VERTEX
  5
1A9E
  8
CUT
 10
37.23005061585795
 20
-824.3079886949401
 30
0.0
 70
0
  0
VERTEX
  5
1A9F
  8
CUT
 10
37.76274169979699
 20
-824.737258300203
 30
0.0
 70
0
  0
VERTEX
  5
1AA0
  8
CUT
 10
38.19201130505982
 20
-825.269949384142
 30
0.0
 70
0
  0
VERTEX
  5
1AA1
  8
CUT
 10
38.49823911999928
 20
-825.8817146252828
 30
0.0
 70
0
  0
VERTEX
  5
1AA2
  8
CUT
 10
38.66742861401903
 20
-826.5445925175255
 30
0.0
 70
0
  0
VERTEX
  5
1AA3
  8
CUT
 10
38.69184676675285
 20
-827.2282853862375
 30
0.0
 70
0
  0
VERTEX
  5
1AA4
  8
CUT
 10
38.570377515566435
 20
-827.9015441818926
 30
0.0
 70
0
  0
VERTEX
  5
1AA5
  8
CUT
 10
38.308572766615264
 20
-828.5335967575041
 30
0.0
 70
0
  0
VERTEX
  5
1AA6
  8
CUT
 10
37.91839863793367
 20
-829.0955543486249
 30
0.0
 70
0
  0
VERTEX
  5
1AA7
  8
CUT
 10
37.41768853283635
 20
-829.561731970958
 30
0.0
 70
0
  0
VERTEX
  5
1AA8
  8
CUT
 10
36.829328041606075
 20
-829.9108223851345
 30
0.0
 70
0
  0
VERTEX
  5
1AA9
  8
CUT
 10
36.180208926569556
 20
-830.1268699711077
 30
0.0
 70
0
  0
VERTEX
  5
1AAA
  8
CUT
 10
35.5
 20
-830.2
 30
0.0
 70
0
  0
VERTEX
  5
1AAB
  8
CUT
 10
35.5
 20
-923.8
 30
0.0
 70
0
  0
VERTEX
  5
1AAC
  8
CUT
 10
36.18020892656953
 20
-923.8731300288923
 30
0.0
 70
0
  0
VERTEX
  5
1AAD
  8
CUT
 10
36.82932804160605
 20
-924.0891776148655
 30
0.0
 70
0
  0
VERTEX
  5
1AAE
  8
CUT
 10
37.41768853283632
 20
-924.438268029042
 30
0.0
 70
0
  0
VERTEX
  5
1AAF
  8
CUT
 10
37.91839863793365
 20
-924.904445651375
 30
0.0
 70
0
  0
VERTEX
  5
1AB0
  8
CUT
 10
38.30857276661525
 20
-925.4664032424957
 30
0.0
 70
0
  0
VERTEX
  5
1AB1
  8
CUT
 10
38.57037751556643
 20
-926.0984558181074
 30
0.0
 70
0
  0
VERTEX
  5
1AB2
  8
CUT
 10
38.69184676675285
 20
-926.7717146137625
 30
0.0
 70
0
  0
VERTEX
  5
1AB3
  8
CUT
 10
38.66742861401903
 20
-927.4554074824745
 30
0.0
 70
0
  0
VERTEX
  5
1AB4
  8
CUT
 10
38.49823911999929
 20
-928.1182853747171
 30
0.0
 70
0
  0
VERTEX
  5
1AB5
  8
CUT
 10
38.192011305059836
 20
-928.7300506158579
 30
0.0
 70
0
  0
VERTEX
  5
1AB6
  8
CUT
 10
37.76274169979701
 20
-929.262741699797
 30
0.0
 70
0
  0
VERTEX
  5
1AB7
  8
CUT
 10
37.23005061585798
 20
-929.6920113050597
 30
0.0
 70
0
  0
VERTEX
  5
1AB8
  8
CUT
 10
36.618285374717175
 20
-929.9982391199992
 30
0.0
 70
0
  0
VERTEX
  5
1AB9
  8
CUT
 10
35.95540748247457
 20
-930.167428614019
 30
0.0
 70
0
  0
VERTEX
  5
1ABA
  8
CUT
 10
35.27171461376251
 20
-930.1918467667529
 30
0.0
 70
0
  0
VERTEX
  5
1ABB
  8
CUT
 10
34.598455818107475
 20
-930.0703775155664
 30
0.0
 70
0
  0
VERTEX
  5
1ABC
  8
CUT
 10
33.966403242495865
 20
-929.8085727666153
 30
0.0
 70
0
  0
VERTEX
  5
1ABD
  8
CUT
 10
33.40444565137513
 20
-929.4183986379337
 30
0.0
 70
0
  0
VERTEX
  5
1ABE
  8
CUT
 10
32.93826802904208
 20
-928.9176885328363
 30
0.0
 70
0
  0
VERTEX
  5
1ABF
  8
CUT
 10
32.58917761486557
 20
-928.3293280416061
 30
0.0
 70
0
  0
VERTEX
  5
1AC0
  8
CUT
 10
32.373130028892305
 20
-927.6802089265695
 30
0.0
 70
0
  0
VERTEX
  5
1AC1
  8
CUT
 10
32.30000000000001
 20
-927.0
 30
0.0
 70
0
  0
SEQEND
  5
19E6
  8
CUT
  0
POLYLINE
  5
1AC2
  8
CUT
 66
1
 10
0.0
 20
0.0
 30
0.0
 70
1
  0
VERTEX
  5
1AC4
  8
CUT
 10
1759.0
 20
-1453.0
 30
0.0
 70
0
  0
VERTEX
  5
1AC5
  8
CUT
 10
1799.0
 20
-1453.0
 30
0.0
 70
0
  0
VERTEX
  5
1AC6
  8
CUT
 10
1799.0
 20
-1437.7
 30
0.0
 70
0
  0
VERTEX
  5
1AC7
  8
CUT
 10
1798.3197910734305
 20
-1437.6268699711077
 30
0.0
 70
0
  0
VERTEX
  5
1AC8
  8
CUT
 10
1797.670671958394
 20
-1437.4108223851345
 30
0.0
 70
0
  0
VERTEX
  5
1AC9
  8
CUT
 10
1797.0823114671637
 20
-1437.061731970958
 30
0.0
 70
0
  0
VERTEX
  5
1ACA
  8
CUT
 10
1796.5816013620663
 20
-1436.595554348625
 30
0.0
 70
0
  0
VERTEX
  5
1ACB
  8
CUT
 10
1796.1914272333847
 20
-1436.0335967575043
 30
0.0
 70
0
  0
VERTEX
  5
1ACC
  8
CUT
 10
1795.9296224844336
 20
-1435.4015441818926
 30
0.0
 70
0
  0
VERTEX
  5
1ACD
  8
CUT
 10
1795.8081532332471
 20
-1434.7282853862375
 30
0.0
 70
0
  0
VERTEX
  5
1ACE
  8
CUT
 10
1795.832571385981
 20
-1434.0445925175254
 30
0.0
 70
0
  0
VERTEX
  5
1ACF
  8
CUT
 10
1796.0017608800008
 20
-1433.381714625283
 30
0.0
 70
0
  0
VERTEX
  5
1AD0
  8
CUT
 10
1796.3079886949401
 20
-1432.7699493841421
 30
0.0
 70
0
  0
VERTEX
  5
1AD1
  8
CUT
 10
1796.737258300203
 20
-1432.237258300203
 30
0.0
 70
0
  0
VERTEX
  5
1AD2
  8
CUT
 10
1797.2699493841421
 20
-1431.8079886949401
 30
0.0
 70
0
  0
VERTEX
  5
1AD3
  8
CUT
 10
1797.881714625283
 20
-1431.5017608800008
 30
0.0
 70
0
  0
VERTEX
  5
1AD4
  8
CUT
 10
1798.5445925175254
 20
-1431.332571385981
 30
0.0
 70
0
  0
VERTEX
  5
1AD5
  8
CUT
 10
1799.2282853862375
 20
-1431.3081532332471
 30
0.0
 70
0
  0
VERTEX
  5
1AD6
  8
CUT
 10
1799.9015441818926
 20
-1431.4296224844336
 30
0.0
 70
0
  0
VERTEX
  5
1AD7
  8
CUT
 10
1800.5335967575043
 20
-1431.6914272333847
 30
0.0
 70
0
  0
VERTEX
  5
1AD8
  8
CUT
 10
1801.095554348625
 20
-1432.0816013620663
 30
0.0
 70
0
  0
VERTEX
  5
1AD9
  8
CUT
 10
1801.561731970958
 20
-1432.5823114671637
 30
0.0
 70
0
  0
VERTEX
  5
1ADA
  8
CUT
 10
1801.9108223851345
 20
-1433.170671958394
 30
0.0
 70
0
  0
VERTEX
  5
1ADB
  8
CUT
 10
1802.1268699711077
 20
-1433.8197910734305
 30
0.0
 70
0
  0
VERTEX
  5
1ADC
  8
CUT
 10
1802.2
 20
-1434.5
 30
0.0
 70
0
  0
VERTEX
  5
1ADD
  8
CUT
 10
1879.0
 20
-1434.5
 30
0.0
 70
0
  0
VERTEX
  5
1ADE
  8
CUT
 10
1879.0
 20
-1251.5
 30
0.0
 70
0
  0
VERTEX
  5
1ADF
  8
CUT
 10
1802.2
 20
-1251.5
 30
0.0
 70
0
  0
VERTEX
  5
1AE0
  8
CUT
 10
1802.1268699711077
 20
-1252.1802089265695
 30
0.0
 70
0
  0
VERTEX
  5
1AE1
  8
CUT
 10
1801.9108223851345
 20
-1252.829328041606
 30
0.0
 70
0
  0
VERTEX
  5
1AE2
  8
CUT
 10
1801.561731970958
 20
-1253.4176885328363
 30
0.0
 70
0
  0
VERTEX
  5
1AE3
  8
CUT
 10
1801.095554348625
 20
-1253.9183986379337
 30
0.0
 70
0
  0
VERTEX
  5
1AE4
  8
CUT
 10
1800.5335967575043
 20
-1254.3085727666153
 30
0.0
 70
0
  0
VERTEX
  5
1AE5
  8
CUT
 10
1799.9015441818926
 20
-1254.5703775155664
 30
0.0
 70
0
  0
VERTEX
  5
1AE6
  8
CUT
 10
1799.2282853862375
 20
-1254.6918467667529
 30
0.0
 70
0
  0
VERTEX
  5
1AE7
  8
CUT
 10
1798.5445925175254
 20
-1254.667428614019
 30
0.0
 70
0
  0
VERTEX
  5
1AE8
  8
CUT
 10
1797.881714625283
 20
-1254.4982391199992
 30
0.0
 70
0
  0
VERTEX
  5
1AE9
  8
CUT
 10
1797.2699493841421
 20
-1254.1920113050599
 30
0.0
 70
0
  0
VERTEX
  5
1AEA
  8
CUT
 10
1796.737258300203
 20
-1253.762741699797
 30
0.0
 70
0
  0
VERTEX
  5
1AEB
  8
CUT
 10
1796.3079886949401
 20
-1253.2300506158579
 30
0.0
 70
0
  0
VERTEX
  5
1AEC
  8
CUT
 10
1796.0017608800008
 20
-1252.618285374717
 30
0.0
 70
0
  0
VERTEX
  5
1AED
  8
CUT
 10
1795.832571385981
 20
-1251.9554074824746
 30
0.0
 70
0
  0
VERTEX
  5
1AEE
  8
CUT
 10
1795.8081532332471
 20
-1251.2717146137625
 30
0.0
 70
0
  0
VERTEX
  5
1AEF
  8
CUT
 10
1795.9296224844336
 20
-1250.5984558181074
 30
0.0
 70
0
  0
VERTEX
  5
1AF0
  8
CUT
 10
1796.1914272333847
 20
-1249.9664032424957
 30
0.0
 70
0
  0
VERTEX
  5
1AF1
  8
CUT
 10
1796.5816013620663
 20
-1249.404445651375
 30
0.0
 70
0
  0
VERTEX
  5
1AF2
  8
CUT
 10
1797.0823114671637
 20
-1248.938268029042
 30
0.0
 70
0
  0
VERTEX
  5
1AF3
  8
CUT
 10
1797.670671958394
 20
-1248.5891776148655
 30
0.0
 70
0
  0
VERTEX
  5
1AF4
  8
CUT
 10
1798.3197910734305
 20
-1248.3731300288923
 30
0.0
 70
0
  0
VERTEX
  5
1AF5
  8
CUT
 10
1799.0
 20
-1248.3
 30
0.0
 70
0
  0
VERTEX
  5
1AF6
  8
CUT
 10
1799.0
 20
-1233.0
 30
0.0
 70
0
  0
VERTEX
  5
1AF7
  8
CUT
 10
1759.0
 20
-1233.0
 30
0.0
 70
0
  0
VERTEX
  5
1AF8
  8
CUT
 10
1759.0
 20
-1248.3
 30
0.0
 70
0
  0
VERTEX
  5
1AF9
  8
CUT
 10
1759.6802089265695
 20
-1248.3731300288923
 30
0.0
 70
0
  0
VERTEX
  5
1AFA
  8
CUT
 10
1760.329328041606
 20
-1248.5891776148655
 30
0.0
 70
0
  0
VERTEX
  5
1AFB
  8
CUT
 10
1760.9176885328363
 20
-1248.938268029042
 30
0.0
 70
0
  0
VERTEX
  5
1AFC
  8
CUT
 10
1761.4183986379337
 20
-1249.404445651375
 30
0.0
 70
0
  0
VERTEX
  5
1AFD
  8
CUT
 10
1761.8085727666153
 20
-1249.9664032424957
 30
0.0
 70
0
  0
VERTEX
  5
1AFE
  8
CUT
 10
1762.0703775155664
 20
-1250.5984558181074
 30
0.0
 70
0
  0
VERTEX
  5
1AFF
  8
CUT
 10
1762.1918467667529
 20
-1251.2717146137625
 30
0.0
 70
0
  0
VERTEX
  5
1B00
  8
CUT
 10
1762.167428614019
 20
-1251.9554074824746
 30
0.0
 70
0
  0
VERTEX
  5
1B01
  8
CUT
 10
1761.9982391199992
 20
-1252.618285374717
 30
0.0
 70
0
  0
VERTEX
  5
1B02
  8
CUT
 10
1761.6920113050599
 20
-1253.2300506158579
 30
0.0
 70
0
  0
VERTEX
  5
1B03
  8
CUT
 10
1761.262741699797
 20
-1253.762741699797
 30
0.0
 70
0
  0
VERTEX
  5
1B04
  8
CUT
 10
1760.7300506158579
 20
-1254.1920113050599
 30
0.0
 70
0
  0
VERTEX
  5
1B05
  8
CUT
 10
1760.118285374717
 20
-1254.4982391199992
 30
0.0
 70
0
  0
VERTEX
  5
1B06
  8
CUT
 10
1759.4554074824746
 20
-1254.667428614019
 30
0.0
 70
0
  0
VERTEX
  5
1B07
  8
CUT
 10
1758.7717146137625
 20
-1254.6918467667529
 30
0.0
 70
0
  0
VERTEX
  5
1B08
  8
CUT
 10
1758.0984558181074
 20
-1254.5703775155664
 30
0.0
 70
0
  0
VERTEX
  5
1B09
  8
CUT
 10
1757.4664032424957
 20
-1254.3085727666153
 30
0.0
 70
0
  0
VERTEX
  5
1B0A
  8
CUT
 10
1756.904445651375
 20
-1253.9183986379337
 30
0.0
 70
0
  0
VERTEX
  5
1B0B
  8
CUT
 10
1756.438268029042
 20
-1253.4176885328363
 30
0.0
 70
0
  0
VERTEX
  5
1B0C
  8
CUT
 10
1756.0891776148655
 20
-1252.829328041606
 30
0.0
 70
0
  0
VERTEX
  5
1B0D
  8
CUT
 10
1755.8731300288923
 20
-1252.1802089265695
 30
0.0
 70
0
  0
VERTEX
  5
1B0E
  8
CUT
 10
1755.8
 20
-1251.5
 30
0.0
 70
0
  0
VERTEX
  5
1B0F
  8
CUT
 10
1602.2
 20
-1251.5
 30
0.0
 70
0
  0
VERTEX
  5
1B10
  8
CUT
 10
1602.1268699711077
 20
-1252.1802089265695
 30
0.0
 70
0
  0
VERTEX
  5
1B11
  8
CUT
 10
1601.9108223851345
 20
-1252.829328041606
 30
0.0
 70
0
  0
VERTEX
  5
1B12
  8
CUT
 10
1601.561731970958
 20
-1253.4176885328363
 30
0.0
 70
0
  0
VERTEX
  5
1B13
  8
CUT
 10
1601.095554348625
 20
-1253.9183986379337
 30
0.0
 70
0
  0
VERTEX
  5
1B14
  8
CUT
 10
1600.5335967575043
 20
-1254.3085727666153
 30
0.0
 70
0
  0
VERTEX
  5
1B15
  8
CUT
 10
1599.9015441818926
 20
-1254.5703775155664
 30
0.0
 70
0
  0
VERTEX
  5
1B16
  8
CUT
 10
1599.2282853862375
 20
-1254.6918467667529
 30
0.0
 70
0
  0
VERTEX
  5
1B17
  8
CUT
 10
1598.5445925175254
 20
-1254.667428614019
 30
0.0
 70
0
  0
VERTEX
  5
1B18
  8
CUT
 10
1597.881714625283
 20
-1254.4982391199992
 30
0.0
 70
0
  0
VERTEX
  5
1B19
  8
CUT
 10
1597.2699493841421
 20
-1254.1920113050599
 30
0.0
 70
0
  0
VERTEX
  5
1B1A
  8
CUT
 10
1596.737258300203
 20
-1253.762741699797
 30
0.0
 70
0
  0
VERTEX
  5
1B1B
  8
CUT
 10
1596.3079886949401
 20
-1253.2300506158579
 30
0.0
 70
0
  0
VERTEX
  5
1B1C
  8
CUT
 10
1596.0017608800008
 20
-1252.618285374717
 30
0.0
 70
0
  0
VERTEX
  5
1B1D
  8
CUT
 10
1595.832571385981
 20
-1251.9554074824746
 30
0.0
 70
0
  0
VERTEX
  5
1B1E
  8
CUT
 10
1595.8081532332471
 20
-1251.2717146137625
 30
0.0
 70
0
  0
VERTEX
  5
1B1F
  8
CUT
 10
1595.9296224844336
 20
-1250.5984558181074
 30
0.0
 70
0
  0
VERTEX
  5
1B20
  8
CUT
 10
1596.1914272333847
 20
-1249.9664032424957
 30
0.0
 70
0
  0
VERTEX
  5
1B21
  8
CUT
 10
1596.5816013620663
 20
-1249.404445651375
 30
0.0
 70
0
  0
VERTEX
  5
1B22
  8
CUT
 10
1597.0823114671637
 20
-1248.938268029042
 30
0.0
 70
0
  0
VERTEX
  5
1B23
  8
CUT
 10
1597.670671958394
 20
-1248.5891776148655
 30
0.0
 70
0
  0
VERTEX
  5
1B24
  8
CUT
 10
1598.3197910734305
 20
-1248.3731300288923
 30
0.0
 70
0
  0
VERTEX
  5
1B25
  8
CUT
 10
1599.0
 20
-1248.3
 30
0.0
 70
0
  0
VERTEX
  5
1B26
  8
CUT
 10
1599.0
 20
-1233.0
 30
0.0
 70
0
  0
VERTEX
  5
1B27
  8
CUT
 10
1559.0
 20
-1233.0
 30
0.0
 70
0
  0
VERTEX
  5
1B28
  8
CUT
 10
1559.0
 20
-1248.3
 30
0.0
 70
0
  0
VERTEX
  5
1B29
  8
CUT
 10
1559.6802089265695
 20
-1248.3731300288923
 30
0.0
 70
0
  0
VERTEX
  5
1B2A
  8
CUT
 10
1560.329328041606
 20
-1248.5891776148655
 30
0.0
 70
0
  0
VERTEX
  5
1B2B
  8
CUT
 10
1560.9176885328363
 20
-1248.938268029042
 30
0.0
 70
0
  0
VERTEX
  5
1B2C
  8
CUT
 10
1561.4183986379337
 20
-1249.404445651375
 30
0.0
 70
0
  0
VERTEX
  5
1B2D
  8
CUT
 10
1561.8085727666153
 20
-1249.9664032424957
 30
0.0
 70
0
  0
VERTEX
  5
1B2E
  8
CUT
 10
1562.0703775155664
 20
-1250.5984558181074
 30
0.0
 70
0
  0
VERTEX
  5
1B2F
  8
CUT
 10
1562.1918467667529
 20
-1251.2717146137625
 30
0.0
 70
0
  0
VERTEX
  5
1B30
  8
CUT
 10
1562.167428614019
 20
-1251.9554074824746
 30
0.0
 70
0
  0
VERTEX
  5
1B31
  8
CUT
 10
1561.9982391199992
 20
-1252.618285374717
 30
0.0
 70
0
  0
VERTEX
  5
1B32
  8
CUT
 10
1561.6920113050599
 20
-1253.2300506158579
 30
0.0
 70
0
  0
VERTEX
  5
1B33
  8
CUT
 10
1561.262741699797
 20
-1253.762741699797
 30
0.0
 70
0
  0
VERTEX
  5
1B34
  8
CUT
 10
1560.7300506158579
 20
-1254.1920113050599
 30
0.0
 70
0
  0
VERTEX
  5
1B35
  8
CUT
 10
1560.118285374717
 20
-1254.4982391199992
 30
0.0
 70
0
  0
VERTEX
  5
1B36
  8
CUT
 10
1559.4554074824746
 20
-1254.667428614019
 30
0.0
 70
0
  0
VERTEX
  5
1B37
  8
CUT
 10
1558.7717146137625
 20
-1254.6918467667529
 30
0.0
 70
0
  0
VERTEX
  5
1B38
  8
CUT
 10
1558.0984558181074
 20
-1254.5703775155664
 30
0.0
 70
0
  0
VERTEX
  5
1B39
  8
CUT
 10
1557.4664032424957
 20
-1254.3085727666153
 30
0.0
 70
0
  0
VERTEX
  5
1B3A
  8
CUT
 10
1556.904445651375
 20
-1253.9183986379337
 30
0.0
 70
0
  0
VERTEX
  5
1B3B
  8
CUT
 10
1556.438268029042
 20
-1253.4176885328363
 30
0.0
 70
0
  0
VERTEX
  5
1B3C
  8
CUT
 10
1556.0891776148655
 20
-1252.829328041606
 30
0.0
 70
0
  0
VERTEX
  5
1B3D
  8
CUT
 10
1555.8731300288923
 20
-1252.1802089265695
 30
0.0
 70
0
  0
VERTEX
  5
1B3E
  8
CUT
 10
1555.8
 20
-1251.5
 30
0.0
 70
0
  0
VERTEX
  5
1B3F
  8
CUT
 10
1482.2
 20
-1251.5
 30
0.0
 70
0
  0
VERTEX
  5
1B40
  8
CUT
 10
1482.1268699711077
 20
-1252.1802089265695
 30
0.0
 70
0
  0
VERTEX
  5
1B41
  8
CUT
 10
1481.9108223851345
 20
-1252.829328041606
 30
0.0
 70
0
  0
VERTEX
  5
1B42
  8
CUT
 10
1481.561731970958
 20
-1253.4176885328363
 30
0.0
 70
0
  0
VERTEX
  5
1B43
  8
CUT
 10
1481.095554348625
 20
-1253.9183986379337
 30
0.0
 70
0
  0
VERTEX
  5
1B44
  8
CUT
 10
1480.5335967575043
 20
-1254.3085727666153
 30
0.0
 70
0
  0
VERTEX
  5
1B45
  8
CUT
 10
1479.9015441818926
 20
-1254.5703775155664
 30
0.0
 70
0
  0
VERTEX
  5
1B46
  8
CUT
 10
1479.2282853862375
 20
-1254.6918467667529
 30
0.0
 70
0
  0
VERTEX
  5
1B47
  8
CUT
 10
1478.5445925175254
 20
-1254.667428614019
 30
0.0
 70
0
  0
VERTEX
  5
1B48
  8
CUT
 10
1477.881714625283
 20
-1254.4982391199992
 30
0.0
 70
0
  0
VERTEX
  5
1B49
  8
CUT
 10
1477.2699493841421
 20
-1254.1920113050599
 30
0.0
 70
0
  0
VERTEX
  5
1B4A
  8
CUT
 10
1476.737258300203
 20
-1253.762741699797
 30
0.0
 70
0
  0
VERTEX
  5
1B4B
  8
CUT
 10
1476.3079886949401
 20
-1253.2300506158579
 30
0.0
 70
0
  0
VERTEX
  5
1B4C
  8
CUT
 10
1476.0017608800008
 20
-1252.618285374717
 30
0.0
 70
0
  0
VERTEX
  5
1B4D
  8
CUT
 10
1475.832571385981
 20
-1251.9554074824746
 30
0.0
 70
0
  0
VERTEX
  5
1B4E
  8
CUT
 10
1475.8081532332471
 20
-1251.2717146137625
 30
0.0
 70
0
  0
VERTEX
  5
1B4F
  8
CUT
 10
1475.9296224844336
 20
-1250.5984558181074
 30
0.0
 70
0
  0
VERTEX
  5
1B50
  8
CUT
 10
1476.1914272333847
 20
-1249.9664032424957
 30
0.0
 70
0
  0
VERTEX
  5
1B51
  8
CUT
 10
1476.5816013620663
 20
-1249.404445651375
 30
0.0
 70
0
  0
VERTEX
  5
1B52
  8
CUT
 10
1477.0823114671637
 20
-1248.938268029042
 30
0.0
 70
0
  0
VERTEX
  5
1B53
  8
CUT
 10
1477.670671958394
 20
-1248.5891776148655
 30
0.0
 70
0
  0
VERTEX
  5
1B54
  8
CUT
 10
1478.3197910734305
 20
-1248.3731300288923
 30
0.0
 70
0
  0
VERTEX
  5
1B55
  8
CUT
 10
1479.0
 20
-1248.3
 30
0.0
 70
0
  0
VERTEX
  5
1B56
  8
CUT
 10
1479.0
 20
-1233.0
 30
0.0
 70
0
  0
VERTEX
  5
1B57
  8
CUT
 10
1469.4129
 20
-1233.4186
 30
0.0
 70
0
  0
VERTEX
  5
1B58
  8
CUT
 10
1459.8987
 20
-1234.6711
 30
0.0
 70
0
  0
VERTEX
  5
1B59
  8
CUT
 10
1450.5299
 20
-1236.7482
 30
0.0
 70
0
  0
VERTEX
  5
1B5A
  8
CUT
 10
1441.3778
 20
-1239.6338
 30
0.0
 70
0
  0
VERTEX
  5
1B5B
  8
CUT
 10
1432.512
 20
-1243.3061
 30
0.0
 70
0
  0
VERTEX
  5
1B5C
  8
CUT
 10
1424.0
 20
-1247.7372
 30
0.0
 70
0
  0
VERTEX
  5
1B5D
  8
CUT
 10
1415.9066
 20
-1252.8933
 30
0.0
 70
0
  0
VERTEX
  5
1B5E
  8
CUT
 10
1408.2934
 20
-1258.7350999999999
 30
0.0
 70
0
  0
VERTEX
  5
1B5F
  8
CUT
 10
1401.2183
 20
-1265.2183
 30
0.0
 70
0
  0
VERTEX
  5
1B60
  8
CUT
 10
1394.7350999999999
 20
-1272.2934
 30
0.0
 70
0
  0
VERTEX
  5
1B61
  8
CUT
 10
1388.8933
 20
-1279.9066
 30
0.0
 70
0
  0
VERTEX
  5
1B62
  8
CUT
 10
1383.7372
 20
-1288.0
 30
0.0
 70
0
  0
VERTEX
  5
1B63
  8
CUT
 10
1379.3061
 20
-1296.512
 30
0.0
 70
0
  0
VERTEX
  5
1B64
  8
CUT
 10
1375.6338
 20
-1305.3778
 30
0.0
 70
0
  0
VERTEX
  5
1B65
  8
CUT
 10
1372.7482
 20
-1314.5299
 30
0.0
 70
0
  0
VERTEX
  5
1B66
  8
CUT
 10
1370.6711
 20
-1323.8987
 30
0.0
 70
0
  0
VERTEX
  5
1B67
  8
CUT
 10
1369.4186
 20
-1333.4129
 30
0.0
 70
0
  0
VERTEX
  5
1B68
  8
CUT
 10
1369.0
 20
-1343.0
 30
0.0
 70
0
  0
VERTEX
  5
1B69
  8
CUT
 10
1369.4186
 20
-1352.5871
 30
0.0
 70
0
  0
VERTEX
  5
1B6A
  8
CUT
 10
1370.6711
 20
-1362.1013
 30
0.0
 70
0
  0
VERTEX
  5
1B6B
  8
CUT
 10
1372.7482
 20
-1371.4701
 30
0.0
 70
0
  0
VERTEX
  5
1B6C
  8
CUT
 10
1375.6338
 20
-1380.6222
 30
0.0
 70
0
  0
VERTEX
  5
1B6D
  8
CUT
 10
1379.3061
 20
-1389.488
 30
0.0
 70
0
  0
VERTEX
  5
1B6E
  8
CUT
 10
1383.7372
 20
-1398.0
 30
0.0
 70
0
  0
VERTEX
  5
1B6F
  8
CUT
 10
1388.8933
 20
-1406.0934
 30
0.0
 70
0
  0
VERTEX
  5
1B70
  8
CUT
 10
1394.7350999999999
 20
-1413.7066
 30
0.0
 70
0
  0
VERTEX
  5
1B71
  8
CUT
 10
1401.2183
 20
-1420.7817
 30
0.0
 70
0
  0
VERTEX
  5
1B72
  8
CUT
 10
1408.2934
 20
-1427.2649
 30
0.0
 70
0
  0
VERTEX
  5
1B73
  8
CUT
 10
1415.9066
 20
-1433.1067
 30
0.0
 70
0
  0
VERTEX
  5
1B74
  8
CUT
 10
1424.0
 20
-1438.2628
 30
0.0
 70
0
  0
VERTEX
  5
1B75
  8
CUT
 10
1432.512
 20
-1442.6939
 30
0.0
 70
0
  0
VERTEX
  5
1B76
  8
CUT
 10
1441.3778
 20
-1446.3662
 30
0.0
 70
0
  0
VERTEX
  5
1B77
  8
CUT
 10
1450.5299
 20
-1449.2518
 30
0.0
 70
0
  0
VERTEX
  5
1B78
  8
CUT
 10
1459.8987
 20
-1451.3289
 30
0.0
 70
0
  0
VERTEX
  5
1B79
  8
CUT
 10
1469.4129
 20
-1452.5814
 30
0.0
 70
0
  0
VERTEX
  5
1B7A
  8
CUT
 10
1479.0
 20
-1453.0
 30
0.0
 70
0
  0
VERTEX
  5
1B7B
  8
CUT
 10
1479.0
 20
-1437.7
 30
0.0
 70
0
  0
VERTEX
  5
1B7C
  8
CUT
 10
1478.3197910734305
 20
-1437.6268699711077
 30
0.0
 70
0
  0
VERTEX
  5
1B7D
  8
CUT
 10
1477.670671958394
 20
-1437.4108223851345
 30
0.0
 70
0
  0
VERTEX
  5
1B7E
  8
CUT
 10
1477.0823114671637
 20
-1437.061731970958
 30
0.0
 70
0
  0
VERTEX
  5
1B7F
  8
CUT
 10
1476.5816013620663
 20
-1436.595554348625
 30
0.0
 70
0
  0
VERTEX
  5
1B80
  8
CUT
 10
1476.1914272333847
 20
-1436.0335967575043
 30
0.0
 70
0
  0
VERTEX
  5
1B81
  8
CUT
 10
1475.9296224844336
 20
-1435.4015441818926
 30
0.0
 70
0
  0
VERTEX
  5
1B82
  8
CUT
 10
1475.8081532332471
 20
-1434.7282853862375
 30
0.0
 70
0
  0
VERTEX
  5
1B83
  8
CUT
 10
1475.832571385981
 20
-1434.0445925175254
 30
0.0
 70
0
  0
VERTEX
  5
1B84
  8
CUT
 10
1476.0017608800008
 20
-1433.381714625283
 30
0.0
 70
0
  0
VERTEX
  5
1B85
  8
CUT
 10
1476.3079886949401
 20
-1432.7699493841421
 30
0.0
 70
0
  0
VERTEX
  5
1B86
  8
CUT
 10
1476.737258300203
 20
-1432.237258300203
 30
0.0
 70
0
  0
VERTEX
  5
1B87
  8
CUT
 10
1477.2699493841421
 20
-1431.8079886949401
 30
0.0
 70
0
  0
VERTEX
  5
1B88
  8
CUT
 10
1477.881714625283
 20
-1431.5017608800008
 30
0.0
 70
0
  0
VERTEX
  5
1B89
  8
CUT
 10
1478.5445925175254
 20
-1431.332571385981
 30
0.0
 70
0
  0
VERTEX
  5
1B8A
  8
CUT
 10
1479.2282853862375
 20
-1431.3081532332471
 30
0.0
 70
0
  0
VERTEX
  5
1B8B
  8
CUT
 10
1479.9015441818926
 20
-1431.4296224844336
 30
0.0
 70
0
  0
VERTEX
  5
1B8C
  8
CUT
 10
1480.5335967575043
 20
-1431.6914272333847
 30
0.0
 70
0
  0
VERTEX
  5
1B8D
  8
CUT
 10
1481.095554348625
 20
-1432.0816013620663
 30
0.0
 70
0
  0
VERTEX
  5
1B8E
  8
CUT
 10
1481.561731970958
 20
-1432.5823114671637
 30
0.0
 70
0
  0
VERTEX
  5
1B8F
  8
CUT
 10
1481.9108223851345
 20
-1433.170671958394
 30
0.0
 70
0
  0
VERTEX
  5
1B90
  8
CUT
 10
1482.1268699711077
 20
-1433.8197910734305
 30
0.0
 70
0
  0
VERTEX
  5
1B91
  8
CUT
 10
1482.2
 20
-1434.5
 30
0.0
 70
0
  0
VERTEX
  5
1B92
  8
CUT
 10
1555.8
 20
-1434.5
 30
0.0
 70
0
  0
VERTEX
  5
1B93
  8
CUT
 10
1555.8731300288923
 20
-1433.8197910734305
 30
0.0
 70
0
  0
VERTEX
  5
1B94
  8
CUT
 10
1556.0891776148655
 20
-1433.170671958394
 30
0.0
 70
0
  0
VERTEX
  5
1B95
  8
CUT
 10
1556.438268029042
 20
-1432.5823114671637
 30
0.0
 70
0
  0
VERTEX
  5
1B96
  8
CUT
 10
1556.904445651375
 20
-1432.0816013620663
 30
0.0
 70
0
  0
VERTEX
  5
1B97
  8
CUT
 10
1557.4664032424957
 20
-1431.6914272333847
 30
0.0
 70
0
  0
VERTEX
  5
1B98
  8
CUT
 10
1558.0984558181074
 20
-1431.4296224844336
 30
0.0
 70
0
  0
VERTEX
  5
1B99
  8
CUT
 10
1558.7717146137625
 20
-1431.3081532332471
 30
0.0
 70
0
  0
VERTEX
  5
1B9A
  8
CUT
 10
1559.4554074824746
 20
-1431.332571385981
 30
0.0
 70
0
  0
VERTEX
  5
1B9B
  8
CUT
 10
1560.118285374717
 20
-1431.5017608800008
 30
0.0
 70
0
  0
VERTEX
  5
1B9C
  8
CUT
 10
1560.7300506158579
 20
-1431.8079886949401
 30
0.0
 70
0
  0
VERTEX
  5
1B9D
  8
CUT
 10
1561.262741699797
 20
-1432.237258300203
 30
0.0
 70
0
  0
VERTEX
  5
1B9E
  8
CUT
 10
1561.6920113050599
 20
-1432.7699493841421
 30
0.0
 70
0
  0
VERTEX
  5
1B9F
  8
CUT
 10
1561.9982391199992
 20
-1433.381714625283
 30
0.0
 70
0
  0
VERTEX
  5
1BA0
  8
CUT
 10
1562.167428614019
 20
-1434.0445925175254
 30
0.0
 70
0
  0
VERTEX
  5
1BA1
  8
CUT
 10
1562.1918467667529
 20
-1434.7282853862375
 30
0.0
 70
0
  0
VERTEX
  5
1BA2
  8
CUT
 10
1562.0703775155664
 20
-1435.4015441818926
 30
0.0
 70
0
  0
VERTEX
  5
1BA3
  8
CUT
 10
1561.8085727666153
 20
-1436.0335967575043
 30
0.0
 70
0
  0
VERTEX
  5
1BA4
  8
CUT
 10
1561.4183986379337
 20
-1436.595554348625
 30
0.0
 70
0
  0
VERTEX
  5
1BA5
  8
CUT
 10
1560.9176885328363
 20
-1437.061731970958
 30
0.0
 70
0
  0
VERTEX
  5
1BA6
  8
CUT
 10
1560.329328041606
 20
-1437.4108223851345
 30
0.0
 70
0
  0
VERTEX
  5
1BA7
  8
CUT
 10
1559.6802089265695
 20
-1437.6268699711077
 30
0.0
 70
0
  0
VERTEX
  5
1BA8
  8
CUT
 10
1559.0
 20
-1437.7
 30
0.0
 70
0
  0
VERTEX
  5
1BA9
  8
CUT
 10
1559.0
 20
-1453.0
 30
0.0
 70
0
  0
VERTEX
  5
1BAA
  8
CUT
 10
1599.0
 20
-1453.0
 30
0.0
 70
0
  0
VERTEX
  5
1BAB
  8
CUT
 10
1599.0
 20
-1437.7
 30
0.0
 70
0
  0
VERTEX
  5
1BAC
  8
CUT
 10
1598.3197910734305
 20
-1437.6268699711077
 30
0.0
 70
0
  0
VERTEX
  5
1BAD
  8
CUT
 10
1597.670671958394
 20
-1437.4108223851345
 30
0.0
 70
0
  0
VERTEX
  5
1BAE
  8
CUT
 10
1597.0823114671637
 20
-1437.061731970958
 30
0.0
 70
0
  0
VERTEX
  5
1BAF
  8
CUT
 10
1596.5816013620663
 20
-1436.595554348625
 30
0.0
 70
0
  0
VERTEX
  5
1BB0
  8
CUT
 10
1596.1914272333847
 20
-1436.0335967575043
 30
0.0
 70
0
  0
VERTEX
  5
1BB1
  8
CUT
 10
1595.9296224844336
 20
-1435.4015441818926
 30
0.0
 70
0
  0
VERTEX
  5
1BB2
  8
CUT
 10
1595.8081532332471
 20
-1434.7282853862375
 30
0.0
 70
0
  0
VERTEX
  5
1BB3
  8
CUT
 10
1595.832571385981
 20
-1434.0445925175254
 30
0.0
 70
0
  0
VERTEX
  5
1BB4
  8
CUT
 10
1596.0017608800008
 20
-1433.381714625283
 30
0.0
 70
0
  0
VERTEX
  5
1BB5
  8
CUT
 10
1596.3079886949401
 20
-1432.7699493841421
 30
0.0
 70
0
  0
VERTEX
  5
1BB6
  8
CUT
 10
1596.737258300203
 20
-1432.237258300203
 30
0.0
 70
0
  0
VERTEX
  5
1BB7
  8
CUT
 10
1597.2699493841421
 20
-1431.8079886949401
 30
0.0
 70
0
  0
VERTEX
  5
1BB8
  8
CUT
 10
1597.881714625283
 20
-1431.5017608800008
 30
0.0
 70
0
  0
VERTEX
  5
1BB9
  8
CUT
 10
1598.5445925175254
 20
-1431.332571385981
 30
0.0
 70
0
  0
VERTEX
  5
1BBA
  8
CUT
 10
1599.2282853862375
 20
-1431.3081532332471
 30
0.0
 70
0
  0
VERTEX
  5
1BBB
  8
CUT
 10
1599.9015441818926
 20
-1431.4296224844336
 30
0.0
 70
0
  0
VERTEX
  5
1BBC
  8
CUT
 10
1600.5335967575043
 20
-1431.6914272333847
 30
0.0
 70
0
  0
VERTEX
  5
1BBD
  8
CUT
 10
1601.095554348625
 20
-1432.0816013620663
 30
0.0
 70
0
  0
VERTEX
  5
1BBE
  8
CUT
 10
1601.561731970958
 20
-1432.5823114671637
 30
0.0
 70
0
  0
VERTEX
  5
1BBF
  8
CUT
 10
1601.9108223851345
 20
-1433.170671958394
 30
0.0
 70
0
  0
VERTEX
  5
1BC0
  8
CUT
 10
1602.1268699711077
 20
-1433.8197910734305
 30
0.0
 70
0
  0
VERTEX
  5
1BC1
  8
CUT
 10
1602.2
 20
-1434.5
 30
0.0
 70
0
  0
VERTEX
  5
1BC2
  8
CUT
 10
1755.8
 20
-1434.5
 30
0.0
 70
0
  0
VERTEX
  5
1BC3
  8
CUT
 10
1755.8731300288923
 20
-1433.8197910734305
 30
0.0
 70
0
  0
VERTEX
  5
1BC4
  8
CUT
 10
1756.0891776148655
 20
-1433.170671958394
 30
0.0
 70
0
  0
VERTEX
  5
1BC5
  8
CUT
 10
1756.438268029042
 20
-1432.5823114671637
 30
0.0
 70
0
  0
VERTEX
  5
1BC6
  8
CUT
 10
1756.904445651375
 20
-1432.0816013620663
 30
0.0
 70
0
  0
VERTEX
  5
1BC7
  8
CUT
 10
1757.4664032424957
 20
-1431.6914272333847
 30
0.0
 70
0
  0
VERTEX
  5
1BC8
  8
CUT
 10
1758.0984558181074
 20
-1431.4296224844336
 30
0.0
 70
0
  0
VERTEX
  5
1BC9
  8
CUT
 10
1758.7717146137625
 20
-1431.3081532332471
 30
0.0
 70
0
  0
VERTEX
  5
1BCA
  8
CUT
 10
1759.4554074824746
 20
-1431.332571385981
 30
0.0
 70
0
  0
VERTEX
  5
1BCB
  8
CUT
 10
1760.118285374717
 20
-1431.5017608800008
 30
0.0
 70
0
  0
VERTEX
  5
1BCC
  8
CUT
 10
1760.7300506158579
 20
-1431.8079886949401
 30
0.0
 70
0
  0
VERTEX
  5
1BCD
  8
CUT
 10
1761.262741699797
 20
-1432.237258300203
 30
0.0
 70
0
  0
VERTEX
  5
1BCE
  8
CUT
 10
1761.6920113050599
 20
-1432.7699493841421
 30
0.0
 70
0
  0
VERTEX
  5
1BCF
  8
CUT
 10
1761.9982391199992
 20
-1433.381714625283
 30
0.0
 70
0
  0
VERTEX
  5
1BD0
  8
CUT
 10
1762.167428614019
 20
-1434.0445925175254
 30
0.0
 70
0
  0
VERTEX
  5
1BD1
  8
CUT
 10
1762.1918467667529
 20
-1434.7282853862375
 30
0.0
 70
0
  0
VERTEX
  5
1BD2
  8
CUT
 10
1762.0703775155664
 20
-1435.4015441818926
 30
0.0
 70
0
  0
VERTEX
  5
1BD3
  8
CUT
 10
1761.8085727666153
 20
-1436.0335967575043
 30
0.0
 70
0
  0
VERTEX
  5
1BD4
  8
CUT
 10
1761.4183986379337
 20
-1436.595554348625
 30
0.0
 70
0
  0
VERTEX
  5
1BD5
  8
CUT
 10
1760.9176885328363
 20
-1437.061731970958
 30
0.0
 70
0
  0
VERTEX
  5
1BD6
  8
CUT
 10
1760.329328041606
 20
-1437.4108223851345
 30
0.0
 70
0
  0
VERTEX
  5
1BD7
  8
CUT
 10
1759.6802089265695
 20
-1437.6268699711077
 30
0.0
 70
0
  0
VERTEX
  5
1BD8
  8
CUT
 10
1759.0
 20
-1437.7
 30
0.0
 70
0
  0
SEQEND
  5
1AC3
  8
CUT
  0
POLYLINE
  5
1BD9
  8
CUT
 66
1
 10
0.0
 20
0.0
 30
0.0
 70
1
  0
VERTEX
  5
1BDB
  8
CUT
 10
1759.0
 20
-737.0
 30
0.0
 70
0
  0
VERTEX
  5
1BDC
  8
CUT
 10
1799.0
 20
-737.0
 30
0.0
 70
0
  0
VERTEX
  5
1BDD
  8
CUT
 10
1799.0
 20
-721.7
 30
0.0
 70
0
  0
VERTEX
  5
1BDE
  8
CUT
 10
1798.3197910734305
 20
-721.6268699711078
 30
0.0
 70
0
  0
VERTEX
  5
1BDF
  8
CUT
 10
1797.670671958394
 20
-721.4108223851345
 30
0.0
 70
0
  0
VERTEX
  5
1BE0
  8
CUT
 10
1797.0823114671637
 20
-721.061731970958
 30
0.0
 70
0
  0
VERTEX
  5
1BE1
  8
CUT
 10
1796.5816013620663
 20
-720.5955543486249
 30
0.0
 70
0
  0
VERTEX
  5
1BE2
  8
CUT
 10
1796.1914272333847
 20
-720.0335967575043
 30
0.0
 70
0
  0
VERTEX
  5
1BE3
  8
CUT
 10
1795.9296224844336
 20
-719.4015441818926
 30
0.0
 70
0
  0
VERTEX
  5
1BE4
  8
CUT
 10
1795.8081532332471
 20
-718.7282853862375
 30
0.0
 70
0
  0
VERTEX
  5
1BE5
  8
CUT
 10
1795.832571385981
 20
-718.0445925175255
 30
0.0
 70
0
  0
VERTEX
  5
1BE6
  8
CUT
 10
1796.0017608800008
 20
-717.3817146252828
 30
0.0
 70
0
  0
VERTEX
  5
1BE7
  8
CUT
 10
1796.3079886949401
 20
-716.769949384142
 30
0.0
 70
0
  0
VERTEX
  5
1BE8
  8
CUT
 10
1796.737258300203
 20
-716.237258300203
 30
0.0
 70
0
  0
VERTEX
  5
1BE9
  8
CUT
 10
1797.2699493841421
 20
-715.8079886949401
 30
0.0
 70
0
  0
VERTEX
  5
1BEA
  8
CUT
 10
1797.881714625283
 20
-715.5017608800007
 30
0.0
 70
0
  0
VERTEX
  5
1BEB
  8
CUT
 10
1798.5445925175254
 20
-715.3325713859809
 30
0.0
 70
0
  0
VERTEX
  5
1BEC
  8
CUT
 10
1799.2282853862375
 20
-715.3081532332471
 30
0.0
 70
0
  0
VERTEX
  5
1BED
  8
CUT
 10
1799.9015441818926
 20
-715.4296224844336
 30
0.0
 70
0
  0
VERTEX
  5
1BEE
  8
CUT
 10
1800.5335967575043
 20
-715.6914272333847
 30
0.0
 70
0
  0
VERTEX
  5
1BEF
  8
CUT
 10
1801.095554348625
 20
-716.0816013620663
 30
0.0
 70
0
  0
VERTEX
  5
1BF0
  8
CUT
 10
1801.561731970958
 20
-716.5823114671637
 30
0.0
 70
0
  0
VERTEX
  5
1BF1
  8
CUT
 10
1801.9108223851345
 20
-717.170671958394
 30
0.0
 70
0
  0
VERTEX
  5
1BF2
  8
CUT
 10
1802.1268699711077
 20
-717.8197910734305
 30
0.0
 70
0
  0
VERTEX
  5
1BF3
  8
CUT
 10
1802.2
 20
-718.5
 30
0.0
 70
0
  0
VERTEX
  5
1BF4
  8
CUT
 10
1879.0
 20
-718.5
 30
0.0
 70
0
  0
VERTEX
  5
1BF5
  8
CUT
 10
1879.0
 20
-535.5
 30
0.0
 70
0
  0
VERTEX
  5
1BF6
  8
CUT
 10
1802.2
 20
-535.5
 30
0.0
 70
0
  0
VERTEX
  5
1BF7
  8
CUT
 10
1802.1268699711077
 20
-536.1802089265695
 30
0.0
 70
0
  0
VERTEX
  5
1BF8
  8
CUT
 10
1801.9108223851345
 20
-536.829328041606
 30
0.0
 70
0
  0
VERTEX
  5
1BF9
  8
CUT
 10
1801.561731970958
 20
-537.4176885328363
 30
0.0
 70
0
  0
VERTEX
  5
1BFA
  8
CUT
 10
1801.095554348625
 20
-537.9183986379337
 30
0.0
 70
0
  0
VERTEX
  5
1BFB
  8
CUT
 10
1800.5335967575043
 20
-538.3085727666153
 30
0.0
 70
0
  0
VERTEX
  5
1BFC
  8
CUT
 10
1799.9015441818926
 20
-538.5703775155664
 30
0.0
 70
0
  0
VERTEX
  5
1BFD
  8
CUT
 10
1799.2282853862375
 20
-538.6918467667529
 30
0.0
 70
0
  0
VERTEX
  5
1BFE
  8
CUT
 10
1798.5445925175254
 20
-538.6674286140191
 30
0.0
 70
0
  0
VERTEX
  5
1BFF
  8
CUT
 10
1797.881714625283
 20
-538.4982391199993
 30
0.0
 70
0
  0
VERTEX
  5
1C00
  8
CUT
 10
1797.2699493841421
 20
-538.1920113050599
 30
0.0
 70
0
  0
VERTEX
  5
1C01
  8
CUT
 10
1796.737258300203
 20
-537.762741699797
 30
0.0
 70
0
  0
VERTEX
  5
1C02
  8
CUT
 10
1796.3079886949401
 20
-537.230050615858
 30
0.0
 70
0
  0
VERTEX
  5
1C03
  8
CUT
 10
1796.0017608800008
 20
-536.6182853747172
 30
0.0
 70
0
  0
VERTEX
  5
1C04
  8
CUT
 10
1795.832571385981
 20
-535.9554074824745
 30
0.0
 70
0
  0
VERTEX
  5
1C05
  8
CUT
 10
1795.8081532332471
 20
-535.2717146137625
 30
0.0
 70
0
  0
VERTEX
  5
1C06
  8
CUT
 10
1795.9296224844336
 20
-534.5984558181074
 30
0.0
 70
0
  0
VERTEX
  5
1C07
  8
CUT
 10
1796.1914272333847
 20
-533.9664032424957
 30
0.0
 70
0
  0
VERTEX
  5
1C08
  8
CUT
 10
1796.5816013620663
 20
-533.4044456513751
 30
0.0
 70
0
  0
VERTEX
  5
1C09
  8
CUT
 10
1797.0823114671637
 20
-532.938268029042
 30
0.0
 70
0
  0
VERTEX
  5
1C0A
  8
CUT
 10
1797.670671958394
 20
-532.5891776148655
 30
0.0
 70
0
  0
VERTEX
  5
1C0B
  8
CUT
 10
1798.3197910734305
 20
-532.3731300288922
 30
0.0
 70
0
  0
VERTEX
  5
1C0C
  8
CUT
 10
1799.0
 20
-532.3
 30
0.0
 70
0
  0
VERTEX
  5
1C0D
  8
CUT
 10
1799.0
 20
-517.0
 30
0.0
 70
0
  0
VERTEX
  5
1C0E
  8
CUT
 10
1759.0
 20
-517.0
 30
0.0
 70
0
  0
VERTEX
  5
1C0F
  8
CUT
 10
1759.0
 20
-532.3
 30
0.0
 70
0
  0
VERTEX
  5
1C10
  8
CUT
 10
1759.6802089265695
 20
-532.3731300288922
 30
0.0
 70
0
  0
VERTEX
  5
1C11
  8
CUT
 10
1760.329328041606
 20
-532.5891776148655
 30
0.0
 70
0
  0
VERTEX
  5
1C12
  8
CUT
 10
1760.9176885328363
 20
-532.938268029042
 30
0.0
 70
0
  0
VERTEX
  5
1C13
  8
CUT
 10
1761.4183986379337
 20
-533.4044456513751
 30
0.0
 70
0
  0
VERTEX
  5
1C14
  8
CUT
 10
1761.8085727666153
 20
-533.9664032424957
 30
0.0
 70
0
  0
VERTEX
  5
1C15
  8
CUT
 10
1762.0703775155664
 20
-534.5984558181074
 30
0.0
 70
0
  0
VERTEX
  5
1C16
  8
CUT
 10
1762.1918467667529
 20
-535.2717146137625
 30
0.0
 70
0
  0
VERTEX
  5
1C17
  8
CUT
 10
1762.167428614019
 20
-535.9554074824745
 30
0.0
 70
0
  0
VERTEX
  5
1C18
  8
CUT
 10
1761.9982391199992
 20
-536.6182853747172
 30
0.0
 70
0
  0
VERTEX
  5
1C19
  8
CUT
 10
1761.6920113050599
 20
-537.230050615858
 30
0.0
 70
0
  0
VERTEX
  5
1C1A
  8
CUT
 10
1761.262741699797
 20
-537.762741699797
 30
0.0
 70
0
  0
VERTEX
  5
1C1B
  8
CUT
 10
1760.7300506158579
 20
-538.1920113050599
 30
0.0
 70
0
  0
VERTEX
  5
1C1C
  8
CUT
 10
1760.118285374717
 20
-538.4982391199993
 30
0.0
 70
0
  0
VERTEX
  5
1C1D
  8
CUT
 10
1759.4554074824746
 20
-538.6674286140191
 30
0.0
 70
0
  0
VERTEX
  5
1C1E
  8
CUT
 10
1758.7717146137625
 20
-538.6918467667529
 30
0.0
 70
0
  0
VERTEX
  5
1C1F
  8
CUT
 10
1758.0984558181074
 20
-538.5703775155664
 30
0.0
 70
0
  0
VERTEX
  5
1C20
  8
CUT
 10
1757.4664032424957
 20
-538.3085727666153
 30
0.0
 70
0
  0
VERTEX
  5
1C21
  8
CUT
 10
1756.904445651375
 20
-537.9183986379337
 30
0.0
 70
0
  0
VERTEX
  5
1C22
  8
CUT
 10
1756.438268029042
 20
-537.4176885328363
 30
0.0
 70
0
  0
VERTEX
  5
1C23
  8
CUT
 10
1756.0891776148655
 20
-536.829328041606
 30
0.0
 70
0
  0
VERTEX
  5
1C24
  8
CUT
 10
1755.8731300288923
 20
-536.1802089265695
 30
0.0
 70
0
  0
VERTEX
  5
1C25
  8
CUT
 10
1755.8
 20
-535.5
 30
0.0
 70
0
  0
VERTEX
  5
1C26
  8
CUT
 10
1602.2
 20
-535.5
 30
0.0
 70
0
  0
VERTEX
  5
1C27
  8
CUT
 10
1602.1268699711077
 20
-536.1802089265695
 30
0.0
 70
0
  0
VERTEX
  5
1C28
  8
CUT
 10
1601.9108223851345
 20
-536.829328041606
 30
0.0
 70
0
  0
VERTEX
  5
1C29
  8
CUT
 10
1601.561731970958
 20
-537.4176885328363
 30
0.0
 70
0
  0
VERTEX
  5
1C2A
  8
CUT
 10
1601.095554348625
 20
-537.9183986379337
 30
0.0
 70
0
  0
VERTEX
  5
1C2B
  8
CUT
 10
1600.5335967575043
 20
-538.3085727666153
 30
0.0
 70
0
  0
VERTEX
  5
1C2C
  8
CUT
 10
1599.9015441818926
 20
-538.5703775155664
 30
0.0
 70
0
  0
VERTEX
  5
1C2D
  8
CUT
 10
1599.2282853862375
 20
-538.6918467667529
 30
0.0
 70
0
  0
VERTEX
  5
1C2E
  8
CUT
 10
1598.5445925175254
 20
-538.6674286140191
 30
0.0
 70
0
  0
VERTEX
  5
1C2F
  8
CUT
 10
1597.881714625283
 20
-538.4982391199993
 30
0.0
 70
0
  0
VERTEX
  5
1C30
  8
CUT
 10
1597.2699493841421
 20
-538.1920113050599
 30
0.0
 70
0
  0
VERTEX
  5
1C31
  8
CUT
 10
1596.737258300203
 20
-537.762741699797
 30
0.0
 70
0
  0
VERTEX
  5
1C32
  8
CUT
 10
1596.3079886949401
 20
-537.230050615858
 30
0.0
 70
0
  0
VERTEX
  5
1C33
  8
CUT
 10
1596.0017608800008
 20
-536.6182853747172
 30
0.0
 70
0
  0
VERTEX
  5
1C34
  8
CUT
 10
1595.832571385981
 20
-535.9554074824745
 30
0.0
 70
0
  0
VERTEX
  5
1C35
  8
CUT
 10
1595.8081532332471
 20
-535.2717146137625
 30
0.0
 70
0
  0
VERTEX
  5
1C36
  8
CUT
 10
1595.9296224844336
 20
-534.5984558181074
 30
0.0
 70
0
  0
VERTEX
  5
1C37
  8
CUT
 10
1596.1914272333847
 20
-533.9664032424957
 30
0.0
 70
0
  0
VERTEX
  5
1C38
  8
CUT
 10
1596.5816013620663
 20
-533.4044456513751
 30
0.0
 70
0
  0
VERTEX
  5
1C39
  8
CUT
 10
1597.0823114671637
 20
-532.938268029042
 30
0.0
 70
0
  0
VERTEX
  5
1C3A
  8
CUT
 10
1597.670671958394
 20
-532.5891776148655
 30
0.0
 70
0
  0
VERTEX
  5
1C3B
  8
CUT
 10
1598.3197910734305
 20
-532.3731300288922
 30
0.0
 70
0
  0
VERTEX
  5
1C3C
  8
CUT
 10
1599.0
 20
-532.3
 30
0.0
 70
0
  0
VERTEX
  5
1C3D
  8
CUT
 10
1599.0
 20
-517.0
 30
0.0
 70
0
  0
VERTEX
  5
1C3E
  8
CUT
 10
1559.0
 20
-517.0
 30
0.0
 70
0
  0
VERTEX
  5
1C3F
  8
CUT
 10
1559.0
 20
-532.3
 30
0.0
 70
0
  0
VERTEX
  5
1C40
  8
CUT
 10
1559.6802089265695
 20
-532.3731300288922
 30
0.0
 70
0
  0
VERTEX
  5
1C41
  8
CUT
 10
1560.329328041606
 20
-532.5891776148655
 30
0.0
 70
0
  0
VERTEX
  5
1C42
  8
CUT
 10
1560.9176885328363
 20
-532.938268029042
 30
0.0
 70
0
  0
VERTEX
  5
1C43
  8
CUT
 10
1561.4183986379337
 20
-533.4044456513751
 30
0.0
 70
0
  0
VERTEX
  5
1C44
  8
CUT
 10
1561.8085727666153
 20
-533.9664032424957
 30
0.0
 70
0
  0
VERTEX
  5
1C45
  8
CUT
 10
1562.0703775155664
 20
-534.5984558181074
 30
0.0
 70
0
  0
VERTEX
  5
1C46
  8
CUT
 10
1562.1918467667529
 20
-535.2717146137625
 30
0.0
 70
0
  0
VERTEX
  5
1C47
  8
CUT
 10
1562.167428614019
 20
-535.9554074824745
 30
0.0
 70
0
  0
VERTEX
  5
1C48
  8
CUT
 10
1561.9982391199992
 20
-536.6182853747172
 30
0.0
 70
0
  0
VERTEX
  5
1C49
  8
CUT
 10
1561.6920113050599
 20
-537.230050615858
 30
0.0
 70
0
  0
VERTEX
  5
1C4A
  8
CUT
 10
1561.262741699797
 20
-537.762741699797
 30
0.0
 70
0
  0
VERTEX
  5
1C4B
  8
CUT
 10
1560.7300506158579
 20
-538.1920113050599
 30
0.0
 70
0
  0
VERTEX
  5
1C4C
  8
CUT
 10
1560.118285374717
 20
-538.4982391199993
 30
0.0
 70
0
  0
VERTEX
  5
1C4D
  8
CUT
 10
1559.4554074824746
 20
-538.6674286140191
 30
0.0
 70
0
  0
VERTEX
  5
1C4E
  8
CUT
 10
1558.7717146137625
 20
-538.6918467667529
 30
0.0
 70
0
  0
VERTEX
  5
1C4F
  8
CUT
 10
1558.0984558181074
 20
-538.5703775155664
 30
0.0
 70
0
  0
VERTEX
  5
1C50
  8
CUT
 10
1557.4664032424957
 20
-538.3085727666153
 30
0.0
 70
0
  0
VERTEX
  5
1C51
  8
CUT
 10
1556.904445651375
 20
-537.9183986379337
 30
0.0
 70
0
  0
VERTEX
  5
1C52
  8
CUT
 10
1556.438268029042
 20
-537.4176885328363
 30
0.0
 70
0
  0
VERTEX
  5
1C53
  8
CUT
 10
1556.0891776148655
 20
-536.829328041606
 30
0.0
 70
0
  0
VERTEX
  5
1C54
  8
CUT
 10
1555.8731300288923
 20
-536.1802089265695
 30
0.0
 70
0
  0
VERTEX
  5
1C55
  8
CUT
 10
1555.8
 20
-535.5
 30
0.0
 70
0
  0
VERTEX
  5
1C56
  8
CUT
 10
1482.2
 20
-535.5
 30
0.0
 70
0
  0
VERTEX
  5
1C57
  8
CUT
 10
1482.1268699711077
 20
-536.1802089265695
 30
0.0
 70
0
  0
VERTEX
  5
1C58
  8
CUT
 10
1481.9108223851345
 20
-536.829328041606
 30
0.0
 70
0
  0
VERTEX
  5
1C59
  8
CUT
 10
1481.561731970958
 20
-537.4176885328363
 30
0.0
 70
0
  0
VERTEX
  5
1C5A
  8
CUT
 10
1481.095554348625
 20
-537.9183986379337
 30
0.0
 70
0
  0
VERTEX
  5
1C5B
  8
CUT
 10
1480.5335967575043
 20
-538.3085727666153
 30
0.0
 70
0
  0
VERTEX
  5
1C5C
  8
CUT
 10
1479.9015441818926
 20
-538.5703775155664
 30
0.0
 70
0
  0
VERTEX
  5
1C5D
  8
CUT
 10
1479.2282853862375
 20
-538.6918467667529
 30
0.0
 70
0
  0
VERTEX
  5
1C5E
  8
CUT
 10
1478.5445925175254
 20
-538.6674286140191
 30
0.0
 70
0
  0
VERTEX
  5
1C5F
  8
CUT
 10
1477.881714625283
 20
-538.4982391199993
 30
0.0
 70
0
  0
VERTEX
  5
1C60
  8
CUT
 10
1477.2699493841421
 20
-538.1920113050599
 30
0.0
 70
0
  0
VERTEX
  5
1C61
  8
CUT
 10
1476.737258300203
 20
-537.762741699797
 30
0.0
 70
0
  0
VERTEX
  5
1C62
  8
CUT
 10
1476.3079886949401
 20
-537.230050615858
 30
0.0
 70
0
  0
VERTEX
  5
1C63
  8
CUT
 10
1476.0017608800008
 20
-536.6182853747172
 30
0.0
 70
0
  0
VERTEX
  5
1C64
  8
CUT
 10
1475.832571385981
 20
-535.9554074824745
 30
0.0
 70
0
  0
VERTEX
  5
1C65
  8
CUT
 10
1475.8081532332471
 20
-535.2717146137625
 30
0.0
 70
0
  0
VERTEX
  5
1C66
  8
CUT
 10
1475.9296224844336
 20
-534.5984558181074
 30
0.0
 70
0
  0
VERTEX
  5
1C67
  8
CUT
 10
1476.1914272333847
 20
-533.9664032424957
 30
0.0
 70
0
  0
VERTEX
  5
1C68
  8
CUT
 10
1476.5816013620663
 20
-533.4044456513751
 30
0.0
 70
0
  0
VERTEX
  5
1C69
  8
CUT
 10
1477.0823114671637
 20
-532.938268029042
 30
0.0
 70
0
  0
VERTEX
  5
1C6A
  8
CUT
 10
1477.670671958394
 20
-532.5891776148655
 30
0.0
 70
0
  0
VERTEX
  5
1C6B
  8
CUT
 10
1478.3197910734305
 20
-532.3731300288922
 30
0.0
 70
0
  0
VERTEX
  5
1C6C
  8
CUT
 10
1479.0
 20
-532.3
 30
0.0
 70
0
  0
VERTEX
  5
1C6D
  8
CUT
 10
1479.0
 20
-517.0
 30
0.0
 70
0
  0
VERTEX
  5
1C6E
  8
CUT
 10
1469.4129
 20
-517.4186
 30
0.0
 70
0
  0
VERTEX
  5
1C6F
  8
CUT
 10
1459.8987
 20
-518.6711
 30
0.0
 70
0
  0
VERTEX
  5
1C70
  8
CUT
 10
1450.5299
 20
-520.7482
 30
0.0
 70
0
  0
VERTEX
  5
1C71
  8
CUT
 10
1441.3778
 20
-523.6338
 30
0.0
 70
0
  0
VERTEX
  5
1C72
  8
CUT
 10
1432.512
 20
-527.3061
 30
0.0
 70
0
  0
VERTEX
  5
1C73
  8
CUT
 10
1424.0
 20
-531.7372
 30
0.0
 70
0
  0
VERTEX
  5
1C74
  8
CUT
 10
1415.9066
 20
-536.8933
 30
0.0
 70
0
  0
VERTEX
  5
1C75
  8
CUT
 10
1408.2934
 20
-542.7351
 30
0.0
 70
0
  0
VERTEX
  5
1C76
  8
CUT
 10
1401.2183
 20
-549.2183
 30
0.0
 70
0
  0
VERTEX
  5
1C77
  8
CUT
 10
1394.7350999999999
 20
-556.2934
 30
0.0
 70
0
  0
VERTEX
  5
1C78
  8
CUT
 10
1388.8933
 20
-563.9066
 30
0.0
 70
0
  0
VERTEX
  5
1C79
  8
CUT
 10
1383.7372
 20
-572.0
 30
0.0
 70
0
  0
VERTEX
  5
1C7A
  8
CUT
 10
1379.3061
 20
-580.512
 30
0.0
 70
0
  0
VERTEX
  5
1C7B
  8
CUT
 10
1375.6338
 20
-589.3778
 30
0.0
 70
0
  0
VERTEX
  5
1C7C
  8
CUT
 10
1372.7482
 20
-598.5299
 30
0.0
 70
0
  0
VERTEX
  5
1C7D
  8
CUT
 10
1370.6711
 20
-607.8987
 30
0.0
 70
0
  0
VERTEX
  5
1C7E
  8
CUT
 10
1369.4186
 20
-617.4129
 30
0.0
 70
0
  0
VERTEX
  5
1C7F
  8
CUT
 10
1369.0
 20
-627.0
 30
0.0
 70
0
  0
VERTEX
  5
1C80
  8
CUT
 10
1369.4186
 20
-636.5871
 30
0.0
 70
0
  0
VERTEX
  5
1C81
  8
CUT
 10
1370.6711
 20
-646.1013
 30
0.0
 70
0
  0
VERTEX
  5
1C82
  8
CUT
 10
1372.7482
 20
-655.4701
 30
0.0
 70
0
  0
VERTEX
  5
1C83
  8
CUT
 10
1375.6338
 20
-664.6222
 30
0.0
 70
0
  0
VERTEX
  5
1C84
  8
CUT
 10
1379.3061
 20
-673.4879999999999
 30
0.0
 70
0
  0
VERTEX
  5
1C85
  8
CUT
 10
1383.7372
 20
-682.0
 30
0.0
 70
0
  0
VERTEX
  5
1C86
  8
CUT
 10
1388.8933
 20
-690.0934
 30
0.0
 70
0
  0
VERTEX
  5
1C87
  8
CUT
 10
1394.7350999999999
 20
-697.7066
 30
0.0
 70
0
  0
VERTEX
  5
1C88
  8
CUT
 10
1401.2183
 20
-704.7817
 30
0.0
 70
0
  0
VERTEX
  5
1C89
  8
CUT
 10
1408.2934
 20
-711.2649
 30
0.0
 70
0
  0
VERTEX
  5
1C8A
  8
CUT
 10
1415.9066
 20
-717.1066999999999
 30
0.0
 70
0
  0
VERTEX
  5
1C8B
  8
CUT
 10
1424.0
 20
-722.2628
 30
0.0
 70
0
  0
VERTEX
  5
1C8C
  8
CUT
 10
1432.512
 20
-726.6939
 30
0.0
 70
0
  0
VERTEX
  5
1C8D
  8
CUT
 10
1441.3778
 20
-730.3661999999999
 30
0.0
 70
0
  0
VERTEX
  5
1C8E
  8
CUT
 10
1450.5299
 20
-733.2518
 30
0.0
 70
0
  0
VERTEX
  5
1C8F
  8
CUT
 10
1459.8987
 20
-735.3289
 30
0.0
 70
0
  0
VERTEX
  5
1C90
  8
CUT
 10
1469.4129
 20
-736.5814
 30
0.0
 70
0
  0
VERTEX
  5
1C91
  8
CUT
 10
1479.0
 20
-737.0
 30
0.0
 70
0
  0
VERTEX
  5
1C92
  8
CUT
 10
1479.0
 20
-721.6999999999999
 30
0.0
 70
0
  0
VERTEX
  5
1C93
  8
CUT
 10
1478.3197910734305
 20
-721.6268699711076
 30
0.0
 70
0
  0
VERTEX
  5
1C94
  8
CUT
 10
1477.670671958394
 20
-721.4108223851343
 30
0.0
 70
0
  0
VERTEX
  5
1C95
  8
CUT
 10
1477.0823114671637
 20
-721.0617319709578
 30
0.0
 70
0
  0
VERTEX
  5
1C96
  8
CUT
 10
1476.5816013620663
 20
-720.5955543486248
 30
0.0
 70
0
  0
VERTEX
  5
1C97
  8
CUT
 10
1476.1914272333847
 20
-720.033596757504
 30
0.0
 70
0
  0
VERTEX
  5
1C98
  8
CUT
 10
1475.9296224844336
 20
-719.4015441818924
 30
0.0
 70
0
  0
VERTEX
  5
1C99
  8
CUT
 10
1475.8081532332471
 20
-718.7282853862374
 30
0.0
 70
0
  0
VERTEX
  5
1C9A
  8
CUT
 10
1475.832571385981
 20
-718.0445925175254
 30
0.0
 70
0
  0
VERTEX
  5
1C9B
  8
CUT
 10
1476.0017608800008
 20
-717.3817146252828
 30
0.0
 70
0
  0
VERTEX
  5
1C9C
  8
CUT
 10
1476.3079886949401
 20
-716.769949384142
 30
0.0
 70
0
  0
VERTEX
  5
1C9D
  8
CUT
 10
1476.7372583002032
 20
-716.2372583002029
 30
0.0
 70
0
  0
VERTEX
  5
1C9E
  8
CUT
 10
1477.2699493841421
 20
-715.8079886949401
 30
0.0
 70
0
  0
VERTEX
  5
1C9F
  8
CUT
 10
1477.881714625283
 20
-715.5017608800007
 30
0.0
 70
0
  0
VERTEX
  5
1CA0
  8
CUT
 10
1478.5445925175254
 20
-715.3325713859809
 30
0.0
 70
0
  0
VERTEX
  5
1CA1
  8
CUT
 10
1479.2282853862375
 20
-715.3081532332471
 30
0.0
 70
0
  0
VERTEX
  5
1CA2
  8
CUT
 10
1479.9015441818926
 20
-715.4296224844335
 30
0.0
 70
0
  0
VERTEX
  5
1CA3
  8
CUT
 10
1480.5335967575043
 20
-715.6914272333847
 30
0.0
 70
0
  0
VERTEX
  5
1CA4
  8
CUT
 10
1481.095554348625
 20
-716.0816013620663
 30
0.0
 70
0
  0
VERTEX
  5
1CA5
  8
CUT
 10
1481.561731970958
 20
-716.5823114671635
 30
0.0
 70
0
  0
VERTEX
  5
1CA6
  8
CUT
 10
1481.9108223851345
 20
-717.1706719583939
 30
0.0
 70
0
  0
VERTEX
  5
1CA7
  8
CUT
 10
1482.1268699711077
 20
-717.8197910734303
 30
0.0
 70
0
  0
VERTEX
  5
1CA8
  8
CUT
 10
1482.2
 20
-718.5
 30
0.0
 70
0
  0
VERTEX
  5
1CA9
  8
CUT
 10
1555.8
 20
-718.5
 30
0.0
 70
0
  0
VERTEX
  5
1CAA
  8
CUT
 10
1555.8731300288923
 20
-717.8197910734305
 30
0.0
 70
0
  0
VERTEX
  5
1CAB
  8
CUT
 10
1556.0891776148655
 20
-717.170671958394
 30
0.0
 70
0
  0
VERTEX
  5
1CAC
  8
CUT
 10
1556.438268029042
 20
-716.5823114671637
 30
0.0
 70
0
  0
VERTEX
  5
1CAD
  8
CUT
 10
1556.904445651375
 20
-716.0816013620663
 30
0.0
 70
0
  0
VERTEX
  5
1CAE
  8
CUT
 10
1557.4664032424957
 20
-715.6914272333847
 30
0.0
 70
0
  0
VERTEX
  5
1CAF
  8
CUT
 10
1558.0984558181074
 20
-715.4296224844336
 30
0.0
 70
0
  0
VERTEX
  5
1CB0
  8
CUT
 10
1558.7717146137622
 20
-715.3081532332471
 30
0.0
 70
0
  0
VERTEX
  5
1CB1
  8
CUT
 10
1559.4554074824744
 20
-715.3325713859809
 30
0.0
 70
0
  0
VERTEX
  5
1CB2
  8
CUT
 10
1560.118285374717
 20
-715.5017608800006
 30
0.0
 70
0
  0
VERTEX
  5
1CB3
  8
CUT
 10
1560.7300506158579
 20
-715.80798869494
 30
0.0
 70
0
  0
VERTEX
  5
1CB4
  8
CUT
 10
1561.2627416997968
 20
-716.2372583002028
 30
0.0
 70
0
  0
VERTEX
  5
1CB5
  8
CUT
 10
1561.6920113050596
 20
-716.7699493841419
 30
0.0
 70
0
  0
VERTEX
  5
1CB6
  8
CUT
 10
1561.9982391199992
 20
-717.3817146252827
 30
0.0
 70
0
  0
VERTEX
  5
1CB7
  8
CUT
 10
1562.167428614019
 20
-718.0445925175253
 30
0.0
 70
0
  0
VERTEX
  5
1CB8
  8
CUT
 10
1562.1918467667529
 20
-718.7282853862373
 30
0.0
 70
0
  0
VERTEX
  5
1CB9
  8
CUT
 10
1562.0703775155664
 20
-719.4015441818924
 30
0.0
 70
0
  0
VERTEX
  5
1CBA
  8
CUT
 10
1561.8085727666153
 20
-720.0335967575039
 30
0.0
 70
0
  0
VERTEX
  5
1CBB
  8
CUT
 10
1561.4183986379337
 20
-720.5955543486247
 30
0.0
 70
0
  0
VERTEX
  5
1CBC
  8
CUT
 10
1560.9176885328363
 20
-721.0617319709578
 30
0.0
 70
0
  0
VERTEX
  5
1CBD
  8
CUT
 10
1560.3293280416062
 20
-721.4108223851343
 30
0.0
 70
0
  0
VERTEX
  5
1CBE
  8
CUT
 10
1559.6802089265695
 20
-721.6268699711076
 30
0.0
 70
0
  0
VERTEX
  5
1CBF
  8
CUT
 10
1559.0
 20
-721.6999999999999
 30
0.0
 70
0
  0
VERTEX
  5
1CC0
  8
CUT
 10
1559.0
 20
-737.0
 30
0.0
 70
0
  0
VERTEX
  5
1CC1
  8
CUT
 10
1599.0
 20
-737.0
 30
0.0
 70
0
  0
VERTEX
  5
1CC2
  8
CUT
 10
1599.0
 20
-721.6999999999999
 30
0.0
 70
0
  0
VERTEX
  5
1CC3
  8
CUT
 10
1598.3197910734305
 20
-721.6268699711076
 30
0.0
 70
0
  0
VERTEX
  5
1CC4
  8
CUT
 10
1597.670671958394
 20
-721.4108223851343
 30
0.0
 70
0
  0
VERTEX
  5
1CC5
  8
CUT
 10
1597.0823114671637
 20
-721.0617319709578
 30
0.0
 70
0
  0
VERTEX
  5
1CC6
  8
CUT
 10
1596.5816013620663
 20
-720.5955543486248
 30
0.0
 70
0
  0
VERTEX
  5
1CC7
  8
CUT
 10
1596.1914272333847
 20
-720.033596757504
 30
0.0
 70
0
  0
VERTEX
  5
1CC8
  8
CUT
 10
1595.9296224844336
 20
-719.4015441818924
 30
0.0
 70
0
  0
VERTEX
  5
1CC9
  8
CUT
 10
1595.8081532332471
 20
-718.7282853862374
 30
0.0
 70
0
  0
VERTEX
  5
1CCA
  8
CUT
 10
1595.832571385981
 20
-718.0445925175254
 30
0.0
 70
0
  0
VERTEX
  5
1CCB
  8
CUT
 10
1596.0017608800008
 20
-717.3817146252828
 30
0.0
 70
0
  0
VERTEX
  5
1CCC
  8
CUT
 10
1596.3079886949401
 20
-716.769949384142
 30
0.0
 70
0
  0
VERTEX
  5
1CCD
  8
CUT
 10
1596.7372583002032
 20
-716.2372583002029
 30
0.0
 70
0
  0
VERTEX
  5
1CCE
  8
CUT
 10
1597.2699493841421
 20
-715.8079886949401
 30
0.0
 70
0
  0
VERTEX
  5
1CCF
  8
CUT
 10
1597.881714625283
 20
-715.5017608800007
 30
0.0
 70
0
  0
VERTEX
  5
1CD0
  8
CUT
 10
1598.5445925175254
 20
-715.3325713859809
 30
0.0
 70
0
  0
VERTEX
  5
1CD1
  8
CUT
 10
1599.2282853862375
 20
-715.3081532332471
 30
0.0
 70
0
  0
VERTEX
  5
1CD2
  8
CUT
 10
1599.9015441818926
 20
-715.4296224844335
 30
0.0
 70
0
  0
VERTEX
  5
1CD3
  8
CUT
 10
1600.5335967575043
 20
-715.6914272333847
 30
0.0
 70
0
  0
VERTEX
  5
1CD4
  8
CUT
 10
1601.095554348625
 20
-716.0816013620663
 30
0.0
 70
0
  0
VERTEX
  5
1CD5
  8
CUT
 10
1601.561731970958
 20
-716.5823114671635
 30
0.0
 70
0
  0
VERTEX
  5
1CD6
  8
CUT
 10
1601.9108223851345
 20
-717.1706719583939
 30
0.0
 70
0
  0
VERTEX
  5
1CD7
  8
CUT
 10
1602.1268699711077
 20
-717.8197910734303
 30
0.0
 70
0
  0
VERTEX
  5
1CD8
  8
CUT
 10
1602.2
 20
-718.5
 30
0.0
 70
0
  0
VERTEX
  5
1CD9
  8
CUT
 10
1755.8
 20
-718.5
 30
0.0
 70
0
  0
VERTEX
  5
1CDA
  8
CUT
 10
1755.8731300288923
 20
-717.8197910734305
 30
0.0
 70
0
  0
VERTEX
  5
1CDB
  8
CUT
 10
1756.0891776148655
 20
-717.170671958394
 30
0.0
 70
0
  0
VERTEX
  5
1CDC
  8
CUT
 10
1756.438268029042
 20
-716.5823114671637
 30
0.0
 70
0
  0
VERTEX
  5
1CDD
  8
CUT
 10
1756.904445651375
 20
-716.0816013620663
 30
0.0
 70
0
  0
VERTEX
  5
1CDE
  8
CUT
 10
1757.4664032424957
 20
-715.6914272333847
 30
0.0
 70
0
  0
VERTEX
  5
1CDF
  8
CUT
 10
1758.0984558181074
 20
-715.4296224844336
 30
0.0
 70
0
  0
VERTEX
  5
1CE0
  8
CUT
 10
1758.7717146137625
 20
-715.3081532332471
 30
0.0
 70
0
  0
VERTEX
  5
1CE1
  8
CUT
 10
1759.4554074824746
 20
-715.3325713859809
 30
0.0
 70
0
  0
VERTEX
  5
1CE2
  8
CUT
 10
1760.118285374717
 20
-715.5017608800007
 30
0.0
 70
0
  0
VERTEX
  5
1CE3
  8
CUT
 10
1760.7300506158579
 20
-715.8079886949401
 30
0.0
 70
0
  0
VERTEX
  5
1CE4
  8
CUT
 10
1761.262741699797
 20
-716.237258300203
 30
0.0
 70
0
  0
VERTEX
  5
1CE5
  8
CUT
 10
1761.6920113050599
 20
-716.769949384142
 30
0.0
 70
0
  0
VERTEX
  5
1CE6
  8
CUT
 10
1761.9982391199992
 20
-717.3817146252828
 30
0.0
 70
0
  0
VERTEX
  5
1CE7
  8
CUT
 10
1762.167428614019
 20
-718.0445925175255
 30
0.0
 70
0
  0
VERTEX
  5
1CE8
  8
CUT
 10
1762.1918467667529
 20
-718.7282853862375
 30
0.0
 70
0
  0
VERTEX
  5
1CE9
  8
CUT
 10
1762.0703775155664
 20
-719.4015441818926
 30
0.0
 70
0
  0
VERTEX
  5
1CEA
  8
CUT
 10
1761.8085727666153
 20
-720.0335967575043
 30
0.0
 70
0
  0
VERTEX
  5
1CEB
  8
CUT
 10
1761.4183986379337
 20
-720.5955543486249
 30
0.0
 70
0
  0
VERTEX
  5
1CEC
  8
CUT
 10
1760.9176885328363
 20
-721.061731970958
 30
0.0
 70
0
  0
VERTEX
  5
1CED
  8
CUT
 10
1760.329328041606
 20
-721.4108223851345
 30
0.0
 70
0
  0
VERTEX
  5
1CEE
  8
CUT
 10
1759.6802089265695
 20
-721.6268699711078
 30
0.0
 70
0
  0
VERTEX
  5
1CEF
  8
CUT
 10
1759.0
 20
-721.7
 30
0.0
 70
0
  0
SEQEND
  5
1BDA
  8
CUT
  0
POLYLINE
  5
1CF0
  8
CUT
 66
1
 10
0.0
 20
0.0
 30
0.0
 70
1
  0
VERTEX
  5
1CF2
  8
CUT
 10
2283.0
 20
-1453.0
 30
0.0
 70
0
  0
VERTEX
  5
1CF3
  8
CUT
 10
2323.0
 20
-1453.0
 30
0.0
 70
0
  0
VERTEX
  5
1CF4
  8
CUT
 10
2323.0
 20
-1437.7
 30
0.0
 70
0
  0
VERTEX
  5
1CF5
  8
CUT
 10
2322.3197910734307
 20
-1437.6268699711077
 30
0.0
 70
0
  0
VERTEX
  5
1CF6
  8
CUT
 10
2321.670671958394
 20
-1437.4108223851345
 30
0.0
 70
0
  0
VERTEX
  5
1CF7
  8
CUT
 10
2321.082311467164
 20
-1437.061731970958
 30
0.0
 70
0
  0
VERTEX
  5
1CF8
  8
CUT
 10
2320.5816013620665
 20
-1436.5955543486248
 30
0.0
 70
0
  0
VERTEX
  5
1CF9
  8
CUT
 10
2320.1914272333847
 20
-1436.0335967575043
 30
0.0
 70
0
  0
VERTEX
  5
1CFA
  8
CUT
 10
2319.929622484434
 20
-1435.4015441818926
 30
0.0
 70
0
  0
VERTEX
  5
1CFB
  8
CUT
 10
2319.808153233247
 20
-1434.7282853862375
 30
0.0
 70
0
  0
VERTEX
  5
1CFC
  8
CUT
 10
2319.8325713859813
 20
-1434.0445925175254
 30
0.0
 70
0
  0
VERTEX
  5
1CFD
  8
CUT
 10
2320.001760880001
 20
-1433.381714625283
 30
0.0
 70
0
  0
VERTEX
  5
1CFE
  8
CUT
 10
2320.3079886949404
 20
-1432.7699493841421
 30
0.0
 70
0
  0
VERTEX
  5
1CFF
  8
CUT
 10
2320.737258300203
 20
-1432.2372583002032
 30
0.0
 70
0
  0
VERTEX
  5
1D00
  8
CUT
 10
2321.269949384142
 20
-1431.8079886949404
 30
0.0
 70
0
  0
VERTEX
  5
1D01
  8
CUT
 10
2321.8817146252827
 20
-1431.5017608800008
 30
0.0
 70
0
  0
VERTEX
  5
1D02
  8
CUT
 10
2322.5445925175254
 20
-1431.332571385981
 30
0.0
 70
0
  0
VERTEX
  5
1D03
  8
CUT
 10
2323.2282853862375
 20
-1431.3081532332474
 30
0.0
 70
0
  0
VERTEX
  5
1D04
  8
CUT
 10
2323.9015441818924
 20
-1431.4296224844336
 30
0.0
 70
0
  0
VERTEX
  5
1D05
  8
CUT
 10
2324.5335967575043
 20
-1431.6914272333847
 30
0.0
 70
0
  0
VERTEX
  5
1D06
  8
CUT
 10
2325.095554348625
 20
-1432.0816013620665
 30
0.0
 70
0
  0
VERTEX
  5
1D07
  8
CUT
 10
2325.5617319709577
 20
-1432.5823114671637
 30
0.0
 70
0
  0
VERTEX
  5
1D08
  8
CUT
 10
2325.9108223851345
 20
-1433.170671958394
 30
0.0
 70
0
  0
VERTEX
  5
1D09
  8
CUT
 10
2326.1268699711077
 20
-1433.8197910734305
 30
0.0
 70
0
  0
VERTEX
  5
1D0A
  8
CUT
 10
2326.2
 20
-1434.5
 30
0.0
 70
0
  0
VERTEX
  5
1D0B
  8
CUT
 10
2403.0
 20
-1434.5
 30
0.0
 70
0
  0
VERTEX
  5
1D0C
  8
CUT
 10
2403.0
 20
-1251.5
 30
0.0
 70
0
  0
VERTEX
  5
1D0D
  8
CUT
 10
2326.2
 20
-1251.5
 30
0.0
 70
0
  0
VERTEX
  5
1D0E
  8
CUT
 10
2326.1268699711077
 20
-1252.1802089265695
 30
0.0
 70
0
  0
VERTEX
  5
1D0F
  8
CUT
 10
2325.9108223851345
 20
-1252.829328041606
 30
0.0
 70
0
  0
VERTEX
  5
1D10
  8
CUT
 10
2325.5617319709577
 20
-1253.4176885328363
 30
0.0
 70
0
  0
VERTEX
  5
1D11
  8
CUT
 10
2325.095554348625
 20
-1253.9183986379335
 30
0.0
 70
0
  0
VERTEX
  5
1D12
  8
CUT
 10
2324.5335967575043
 20
-1254.3085727666153
 30
0.0
 70
0
  0
VERTEX
  5
1D13
  8
CUT
 10
2323.9015441818924
 20
-1254.5703775155664
 30
0.0
 70
0
  0
VERTEX
  5
1D14
  8
CUT
 10
2323.2282853862375
 20
-1254.6918467667526
 30
0.0
 70
0
  0
VERTEX
  5
1D15
  8
CUT
 10
2322.5445925175254
 20
-1254.667428614019
 30
0.0
 70
0
  0
VERTEX
  5
1D16
  8
CUT
 10
2321.8817146252827
 20
-1254.4982391199992
 30
0.0
 70
0
  0
VERTEX
  5
1D17
  8
CUT
 10
2321.269949384142
 20
-1254.1920113050596
 30
0.0
 70
0
  0
VERTEX
  5
1D18
  8
CUT
 10
2320.737258300203
 20
-1253.7627416997968
 30
0.0
 70
0
  0
VERTEX
  5
1D19
  8
CUT
 10
2320.3079886949404
 20
-1253.2300506158579
 30
0.0
 70
0
  0
VERTEX
  5
1D1A
  8
CUT
 10
2320.001760880001
 20
-1252.618285374717
 30
0.0
 70
0
  0
VERTEX
  5
1D1B
  8
CUT
 10
2319.8325713859813
 20
-1251.9554074824746
 30
0.0
 70
0
  0
VERTEX
  5
1D1C
  8
CUT
 10
2319.808153233247
 20
-1251.2717146137625
 30
0.0
 70
0
  0
VERTEX
  5
1D1D
  8
CUT
 10
2319.929622484434
 20
-1250.5984558181074
 30
0.0
 70
0
  0
VERTEX
  5
1D1E
  8
CUT
 10
2320.1914272333847
 20
-1249.9664032424957
 30
0.0
 70
0
  0
VERTEX
  5
1D1F
  8
CUT
 10
2320.5816013620665
 20
-1249.4044456513752
 30
0.0
 70
0
  0
VERTEX
  5
1D20
  8
CUT
 10
2321.082311467164
 20
-1248.938268029042
 30
0.0
 70
0
  0
VERTEX
  5
1D21
  8
CUT
 10
2321.670671958394
 20
-1248.5891776148655
 30
0.0
 70
0
  0
VERTEX
  5
1D22
  8
CUT
 10
2322.3197910734307
 20
-1248.3731300288923
 30
0.0
 70
0
  0
VERTEX
  5
1D23
  8
CUT
 10
2323.0
 20
-1248.3
 30
0.0
 70
0
  0
VERTEX
  5
1D24
  8
CUT
 10
2323.0
 20
-1233.0
 30
0.0
 70
0
  0
VERTEX
  5
1D25
  8
CUT
 10
2283.0
 20
-1233.0
 30
0.0
 70
0
  0
VERTEX
  5
1D26
  8
CUT
 10
2283.0
 20
-1248.3
 30
0.0
 70
0
  0
VERTEX
  5
1D27
  8
CUT
 10
2283.6802089265693
 20
-1248.3731300288923
 30
0.0
 70
0
  0
VERTEX
  5
1D28
  8
CUT
 10
2284.329328041606
 20
-1248.5891776148655
 30
0.0
 70
0
  0
VERTEX
  5
1D29
  8
CUT
 10
2284.917688532836
 20
-1248.938268029042
 30
0.0
 70
0
  0
VERTEX
  5
1D2A
  8
CUT
 10
2285.4183986379335
 20
-1249.4044456513752
 30
0.0
 70
0
  0
VERTEX
  5
1D2B
  8
CUT
 10
2285.8085727666153
 20
-1249.9664032424957
 30
0.0
 70
0
  0
VERTEX
  5
1D2C
  8
CUT
 10
2286.070377515566
 20
-1250.5984558181074
 30
0.0
 70
0
  0
VERTEX
  5
1D2D
  8
CUT
 10
2286.191846766753
 20
-1251.2717146137625
 30
0.0
 70
0
  0
VERTEX
  5
1D2E
  8
CUT
 10
2286.1674286140187
 20
-1251.9554074824746
 30
0.0
 70
0
  0
VERTEX
  5
1D2F
  8
CUT
 10
2285.998239119999
 20
-1252.618285374717
 30
0.0
 70
0
  0
VERTEX
  5
1D30
  8
CUT
 10
2285.6920113050596
 20
-1253.2300506158579
 30
0.0
 70
0
  0
VERTEX
  5
1D31
  8
CUT
 10
2285.262741699797
 20
-1253.7627416997968
 30
0.0
 70
0
  0
VERTEX
  5
1D32
  8
CUT
 10
2284.730050615858
 20
-1254.1920113050596
 30
0.0
 70
0
  0
VERTEX
  5
1D33
  8
CUT
 10
2284.1182853747173
 20
-1254.4982391199992
 30
0.0
 70
0
  0
VERTEX
  5
1D34
  8
CUT
 10
2283.4554074824746
 20
-1254.667428614019
 30
0.0
 70
0
  0
VERTEX
  5
1D35
  8
CUT
 10
2282.7717146137625
 20
-1254.6918467667526
 30
0.0
 70
0
  0
VERTEX
  5
1D36
  8
CUT
 10
2282.0984558181076
 20
-1254.5703775155664
 30
0.0
 70
0
  0
VERTEX
  5
1D37
  8
CUT
 10
2281.4664032424957
 20
-1254.3085727666153
 30
0.0
 70
0
  0
VERTEX
  5
1D38
  8
CUT
 10
2280.904445651375
 20
-1253.9183986379335
 30
0.0
 70
0
  0
VERTEX
  5
1D39
  8
CUT
 10
2280.4382680290423
 20
-1253.4176885328363
 30
0.0
 70
0
  0
VERTEX
  5
1D3A
  8
CUT
 10
2280.0891776148655
 20
-1252.829328041606
 30
0.0
 70
0
  0
VERTEX
  5
1D3B
  8
CUT
 10
2279.8731300288923
 20
-1252.1802089265695
 30
0.0
 70
0
  0
VERTEX
  5
1D3C
  8
CUT
 10
2279.8
 20
-1251.5
 30
0.0
 70
0
  0
VERTEX
  5
1D3D
  8
CUT
 10
2126.2
 20
-1251.5
 30
0.0
 70
0
  0
VERTEX
  5
1D3E
  8
CUT
 10
2126.1268699711077
 20
-1252.1802089265695
 30
0.0
 70
0
  0
VERTEX
  5
1D3F
  8
CUT
 10
2125.9108223851345
 20
-1252.829328041606
 30
0.0
 70
0
  0
VERTEX
  5
1D40
  8
CUT
 10
2125.5617319709577
 20
-1253.4176885328363
 30
0.0
 70
0
  0
VERTEX
  5
1D41
  8
CUT
 10
2125.095554348625
 20
-1253.9183986379335
 30
0.0
 70
0
  0
VERTEX
  5
1D42
  8
CUT
 10
2124.5335967575043
 20
-1254.3085727666153
 30
0.0
 70
0
  0
VERTEX
  5
1D43
  8
CUT
 10
2123.9015441818924
 20
-1254.5703775155664
 30
0.0
 70
0
  0
VERTEX
  5
1D44
  8
CUT
 10
2123.2282853862375
 20
-1254.6918467667526
 30
0.0
 70
0
  0
VERTEX
  5
1D45
  8
CUT
 10
2122.5445925175254
 20
-1254.667428614019
 30
0.0
 70
0
  0
VERTEX
  5
1D46
  8
CUT
 10
2121.8817146252827
 20
-1254.4982391199992
 30
0.0
 70
0
  0
VERTEX
  5
1D47
  8
CUT
 10
2121.269949384142
 20
-1254.1920113050596
 30
0.0
 70
0
  0
VERTEX
  5
1D48
  8
CUT
 10
2120.737258300203
 20
-1253.7627416997968
 30
0.0
 70
0
  0
VERTEX
  5
1D49
  8
CUT
 10
2120.3079886949404
 20
-1253.2300506158579
 30
0.0
 70
0
  0
VERTEX
  5
1D4A
  8
CUT
 10
2120.001760880001
 20
-1252.618285374717
 30
0.0
 70
0
  0
VERTEX
  5
1D4B
  8
CUT
 10
2119.8325713859813
 20
-1251.9554074824746
 30
0.0
 70
0
  0
VERTEX
  5
1D4C
  8
CUT
 10
2119.808153233247
 20
-1251.2717146137625
 30
0.0
 70
0
  0
VERTEX
  5
1D4D
  8
CUT
 10
2119.929622484434
 20
-1250.5984558181074
 30
0.0
 70
0
  0
VERTEX
  5
1D4E
  8
CUT
 10
2120.1914272333847
 20
-1249.9664032424957
 30
0.0
 70
0
  0
VERTEX
  5
1D4F
  8
CUT
 10
2120.5816013620665
 20
-1249.4044456513752
 30
0.0
 70
0
  0
VERTEX
  5
1D50
  8
CUT
 10
2121.082311467164
 20
-1248.938268029042
 30
0.0
 70
0
  0
VERTEX
  5
1D51
  8
CUT
 10
2121.670671958394
 20
-1248.5891776148655
 30
0.0
 70
0
  0
VERTEX
  5
1D52
  8
CUT
 10
2122.3197910734307
 20
-1248.3731300288923
 30
0.0
 70
0
  0
VERTEX
  5
1D53
  8
CUT
 10
2123.0
 20
-1248.3
 30
0.0
 70
0
  0
VERTEX
  5
1D54
  8
CUT
 10
2123.0
 20
-1233.0
 30
0.0
 70
0
  0
VERTEX
  5
1D55
  8
CUT
 10
2083.0
 20
-1233.0
 30
0.0
 70
0
  0
VERTEX
  5
1D56
  8
CUT
 10
2083.0
 20
-1248.3
 30
0.0
 70
0
  0
VERTEX
  5
1D57
  8
CUT
 10
2083.6802089265693
 20
-1248.3731300288923
 30
0.0
 70
0
  0
VERTEX
  5
1D58
  8
CUT
 10
2084.329328041606
 20
-1248.5891776148655
 30
0.0
 70
0
  0
VERTEX
  5
1D59
  8
CUT
 10
2084.917688532836
 20
-1248.938268029042
 30
0.0
 70
0
  0
VERTEX
  5
1D5A
  8
CUT
 10
2085.4183986379335
 20
-1249.4044456513752
 30
0.0
 70
0
  0
VERTEX
  5
1D5B
  8
CUT
 10
2085.8085727666153
 20
-1249.9664032424957
 30
0.0
 70
0
  0
VERTEX
  5
1D5C
  8
CUT
 10
2086.070377515566
 20
-1250.5984558181074
 30
0.0
 70
0
  0
VERTEX
  5
1D5D
  8
CUT
 10
2086.191846766753
 20
-1251.2717146137625
 30
0.0
 70
0
  0
VERTEX
  5
1D5E
  8
CUT
 10
2086.1674286140187
 20
-1251.9554074824746
 30
0.0
 70
0
  0
VERTEX
  5
1D5F
  8
CUT
 10
2085.998239119999
 20
-1252.618285374717
 30
0.0
 70
0
  0
VERTEX
  5
1D60
  8
CUT
 10
2085.6920113050596
 20
-1253.2300506158579
 30
0.0
 70
0
  0
VERTEX
  5
1D61
  8
CUT
 10
2085.262741699797
 20
-1253.7627416997968
 30
0.0
 70
0
  0
VERTEX
  5
1D62
  8
CUT
 10
2084.730050615858
 20
-1254.1920113050596
 30
0.0
 70
0
  0
VERTEX
  5
1D63
  8
CUT
 10
2084.1182853747173
 20
-1254.4982391199992
 30
0.0
 70
0
  0
VERTEX
  5
1D64
  8
CUT
 10
2083.4554074824746
 20
-1254.667428614019
 30
0.0
 70
0
  0
VERTEX
  5
1D65
  8
CUT
 10
2082.7717146137625
 20
-1254.6918467667526
 30
0.0
 70
0
  0
VERTEX
  5
1D66
  8
CUT
 10
2082.0984558181076
 20
-1254.5703775155664
 30
0.0
 70
0
  0
VERTEX
  5
1D67
  8
CUT
 10
2081.4664032424957
 20
-1254.3085727666153
 30
0.0
 70
0
  0
VERTEX
  5
1D68
  8
CUT
 10
2080.904445651375
 20
-1253.9183986379335
 30
0.0
 70
0
  0
VERTEX
  5
1D69
  8
CUT
 10
2080.4382680290423
 20
-1253.4176885328363
 30
0.0
 70
0
  0
VERTEX
  5
1D6A
  8
CUT
 10
2080.0891776148655
 20
-1252.829328041606
 30
0.0
 70
0
  0
VERTEX
  5
1D6B
  8
CUT
 10
2079.8731300288923
 20
-1252.1802089265695
 30
0.0
 70
0
  0
VERTEX
  5
1D6C
  8
CUT
 10
2079.8
 20
-1251.5
 30
0.0
 70
0
  0
VERTEX
  5
1D6D
  8
CUT
 10
2006.2
 20
-1251.5
 30
0.0
 70
0
  0
VERTEX
  5
1D6E
  8
CUT
 10
2006.1268699711077
 20
-1252.1802089265695
 30
0.0
 70
0
  0
VERTEX
  5
1D6F
  8
CUT
 10
2005.9108223851345
 20
-1252.829328041606
 30
0.0
 70
0
  0
VERTEX
  5
1D70
  8
CUT
 10
2005.561731970958
 20
-1253.4176885328363
 30
0.0
 70
0
  0
VERTEX
  5
1D71
  8
CUT
 10
2005.095554348625
 20
-1253.9183986379337
 30
0.0
 70
0
  0
VERTEX
  5
1D72
  8
CUT
 10
2004.5335967575043
 20
-1254.3085727666153
 30
0.0
 70
0
  0
VERTEX
  5
1D73
  8
CUT
 10
2003.9015441818926
 20
-1254.5703775155664
 30
0.0
 70
0
  0
VERTEX
  5
1D74
  8
CUT
 10
2003.2282853862375
 20
-1254.6918467667529
 30
0.0
 70
0
  0
VERTEX
  5
1D75
  8
CUT
 10
2002.5445925175254
 20
-1254.667428614019
 30
0.0
 70
0
  0
VERTEX
  5
1D76
  8
CUT
 10
2001.881714625283
 20
-1254.4982391199992
 30
0.0
 70
0
  0
VERTEX
  5
1D77
  8
CUT
 10
2001.2699493841421
 20
-1254.1920113050599
 30
0.0
 70
0
  0
VERTEX
  5
1D78
  8
CUT
 10
2000.737258300203
 20
-1253.762741699797
 30
0.0
 70
0
  0
VERTEX
  5
1D79
  8
CUT
 10
2000.3079886949401
 20
-1253.2300506158579
 30
0.0
 70
0
  0
VERTEX
  5
1D7A
  8
CUT
 10
2000.0017608800008
 20
-1252.618285374717
 30
0.0
 70
0
  0
VERTEX
  5
1D7B
  8
CUT
 10
1999.832571385981
 20
-1251.9554074824746
 30
0.0
 70
0
  0
VERTEX
  5
1D7C
  8
CUT
 10
1999.8081532332471
 20
-1251.2717146137625
 30
0.0
 70
0
  0
VERTEX
  5
1D7D
  8
CUT
 10
1999.9296224844336
 20
-1250.5984558181074
 30
0.0
 70
0
  0
VERTEX
  5
1D7E
  8
CUT
 10
2000.1914272333847
 20
-1249.9664032424957
 30
0.0
 70
0
  0
VERTEX
  5
1D7F
  8
CUT
 10
2000.5816013620663
 20
-1249.404445651375
 30
0.0
 70
0
  0
VERTEX
  5
1D80
  8
CUT
 10
2001.0823114671637
 20
-1248.938268029042
 30
0.0
 70
0
  0
VERTEX
  5
1D81
  8
CUT
 10
2001.670671958394
 20
-1248.5891776148655
 30
0.0
 70
0
  0
VERTEX
  5
1D82
  8
CUT
 10
2002.3197910734305
 20
-1248.3731300288923
 30
0.0
 70
0
  0
VERTEX
  5
1D83
  8
CUT
 10
2003.0
 20
-1248.3
 30
0.0
 70
0
  0
VERTEX
  5
1D84
  8
CUT
 10
2003.0
 20
-1233.0
 30
0.0
 70
0
  0
VERTEX
  5
1D85
  8
CUT
 10
1993.4129
 20
-1233.4186
 30
0.0
 70
0
  0
VERTEX
  5
1D86
  8
CUT
 10
1983.8987
 20
-1234.6711
 30
0.0
 70
0
  0
VERTEX
  5
1D87
  8
CUT
 10
1974.5299
 20
-1236.7482
 30
0.0
 70
0
  0
VERTEX
  5
1D88
  8
CUT
 10
1965.3778
 20
-1239.6338
 30
0.0
 70
0
  0
VERTEX
  5
1D89
  8
CUT
 10
1956.512
 20
-1243.3061
 30
0.0
 70
0
  0
VERTEX
  5
1D8A
  8
CUT
 10
1948.0
 20
-1247.7372
 30
0.0
 70
0
  0
VERTEX
  5
1D8B
  8
CUT
 10
1939.9066
 20
-1252.8933
 30
0.0
 70
0
  0
VERTEX
  5
1D8C
  8
CUT
 10
1932.2934
 20
-1258.7350999999999
 30
0.0
 70
0
  0
VERTEX
  5
1D8D
  8
CUT
 10
1925.2183
 20
-1265.2183
 30
0.0
 70
0
  0
VERTEX
  5
1D8E
  8
CUT
 10
1918.7350999999999
 20
-1272.2934
 30
0.0
 70
0
  0
VERTEX
  5
1D8F
  8
CUT
 10
1912.8933
 20
-1279.9066
 30
0.0
 70
0
  0
VERTEX
  5
1D90
  8
CUT
 10
1907.7372
 20
-1288.0
 30
0.0
 70
0
  0
VERTEX
  5
1D91
  8
CUT
 10
1903.3061
 20
-1296.512
 30
0.0
 70
0
  0
VERTEX
  5
1D92
  8
CUT
 10
1899.6338
 20
-1305.3778
 30
0.0
 70
0
  0
VERTEX
  5
1D93
  8
CUT
 10
1896.7482
 20
-1314.5299
 30
0.0
 70
0
  0
VERTEX
  5
1D94
  8
CUT
 10
1894.6711
 20
-1323.8987
 30
0.0
 70
0
  0
VERTEX
  5
1D95
  8
CUT
 10
1893.4186
 20
-1333.4129
 30
0.0
 70
0
  0
VERTEX
  5
1D96
  8
CUT
 10
1893.0
 20
-1343.0
 30
0.0
 70
0
  0
VERTEX
  5
1D97
  8
CUT
 10
1893.4186
 20
-1352.5871
 30
0.0
 70
0
  0
VERTEX
  5
1D98
  8
CUT
 10
1894.6711
 20
-1362.1013
 30
0.0
 70
0
  0
VERTEX
  5
1D99
  8
CUT
 10
1896.7482
 20
-1371.4701
 30
0.0
 70
0
  0
VERTEX
  5
1D9A
  8
CUT
 10
1899.6338
 20
-1380.6222
 30
0.0
 70
0
  0
VERTEX
  5
1D9B
  8
CUT
 10
1903.3061
 20
-1389.488
 30
0.0
 70
0
  0
VERTEX
  5
1D9C
  8
CUT
 10
1907.7372
 20
-1398.0
 30
0.0
 70
0
  0
VERTEX
  5
1D9D
  8
CUT
 10
1912.8933
 20
-1406.0934
 30
0.0
 70
0
  0
VERTEX
  5
1D9E
  8
CUT
 10
1918.7350999999999
 20
-1413.7066
 30
0.0
 70
0
  0
VERTEX
  5
1D9F
  8
CUT
 10
1925.2183
 20
-1420.7817
 30
0.0
 70
0
  0
VERTEX
  5
1DA0
  8
CUT
 10
1932.2934
 20
-1427.2649
 30
0.0
 70
0
  0
VERTEX
  5
1DA1
  8
CUT
 10
1939.9066
 20
-1433.1067
 30
0.0
 70
0
  0
VERTEX
  5
1DA2
  8
CUT
 10
1948.0
 20
-1438.2628
 30
0.0
 70
0
  0
VERTEX
  5
1DA3
  8
CUT
 10
1956.512
 20
-1442.6939
 30
0.0
 70
0
  0
VERTEX
  5
1DA4
  8
CUT
 10
1965.3778
 20
-1446.3662
 30
0.0
 70
0
  0
VERTEX
  5
1DA5
  8
CUT
 10
1974.5299
 20
-1449.2518
 30
0.0
 70
0
  0
VERTEX
  5
1DA6
  8
CUT
 10
1983.8987
 20
-1451.3289
 30
0.0
 70
0
  0
VERTEX
  5
1DA7
  8
CUT
 10
1993.4129
 20
-1452.5814
 30
0.0
 70
0
  0
VERTEX
  5
1DA8
  8
CUT
 10
2003.0
 20
-1453.0
 30
0.0
 70
0
  0
VERTEX
  5
1DA9
  8
CUT
 10
2003.0
 20
-1437.7
 30
0.0
 70
0
  0
VERTEX
  5
1DAA
  8
CUT
 10
2002.3197910734305
 20
-1437.6268699711077
 30
0.0
 70
0
  0
VERTEX
  5
1DAB
  8
CUT
 10
2001.670671958394
 20
-1437.4108223851345
 30
0.0
 70
0
  0
VERTEX
  5
1DAC
  8
CUT
 10
2001.0823114671637
 20
-1437.061731970958
 30
0.0
 70
0
  0
VERTEX
  5
1DAD
  8
CUT
 10
2000.5816013620663
 20
-1436.595554348625
 30
0.0
 70
0
  0
VERTEX
  5
1DAE
  8
CUT
 10
2000.1914272333847
 20
-1436.0335967575043
 30
0.0
 70
0
  0
VERTEX
  5
1DAF
  8
CUT
 10
1999.9296224844336
 20
-1435.4015441818926
 30
0.0
 70
0
  0
VERTEX
  5
1DB0
  8
CUT
 10
1999.8081532332471
 20
-1434.7282853862375
 30
0.0
 70
0
  0
VERTEX
  5
1DB1
  8
CUT
 10
1999.832571385981
 20
-1434.0445925175254
 30
0.0
 70
0
  0
VERTEX
  5
1DB2
  8
CUT
 10
2000.0017608800008
 20
-1433.381714625283
 30
0.0
 70
0
  0
VERTEX
  5
1DB3
  8
CUT
 10
2000.3079886949401
 20
-1432.7699493841421
 30
0.0
 70
0
  0
VERTEX
  5
1DB4
  8
CUT
 10
2000.737258300203
 20
-1432.237258300203
 30
0.0
 70
0
  0
VERTEX
  5
1DB5
  8
CUT
 10
2001.2699493841421
 20
-1431.8079886949401
 30
0.0
 70
0
  0
VERTEX
  5
1DB6
  8
CUT
 10
2001.881714625283
 20
-1431.5017608800008
 30
0.0
 70
0
  0
VERTEX
  5
1DB7
  8
CUT
 10
2002.5445925175254
 20
-1431.332571385981
 30
0.0
 70
0
  0
VERTEX
  5
1DB8
  8
CUT
 10
2003.2282853862375
 20
-1431.3081532332471
 30
0.0
 70
0
  0
VERTEX
  5
1DB9
  8
CUT
 10
2003.9015441818926
 20
-1431.4296224844336
 30
0.0
 70
0
  0
VERTEX
  5
1DBA
  8
CUT
 10
2004.5335967575043
 20
-1431.6914272333847
 30
0.0
 70
0
  0
VERTEX
  5
1DBB
  8
CUT
 10
2005.095554348625
 20
-1432.0816013620663
 30
0.0
 70
0
  0
VERTEX
  5
1DBC
  8
CUT
 10
2005.561731970958
 20
-1432.5823114671637
 30
0.0
 70
0
  0
VERTEX
  5
1DBD
  8
CUT
 10
2005.9108223851345
 20
-1433.170671958394
 30
0.0
 70
0
  0
VERTEX
  5
1DBE
  8
CUT
 10
2006.1268699711077
 20
-1433.8197910734305
 30
0.0
 70
0
  0
VERTEX
  5
1DBF
  8
CUT
 10
2006.2
 20
-1434.5
 30
0.0
 70
0
  0
VERTEX
  5
1DC0
  8
CUT
 10
2079.8
 20
-1434.5
 30
0.0
 70
0
  0
VERTEX
  5
1DC1
  8
CUT
 10
2079.8731300288923
 20
-1433.8197910734305
 30
0.0
 70
0
  0
VERTEX
  5
1DC2
  8
CUT
 10
2080.0891776148655
 20
-1433.170671958394
 30
0.0
 70
0
  0
VERTEX
  5
1DC3
  8
CUT
 10
2080.4382680290423
 20
-1432.5823114671637
 30
0.0
 70
0
  0
VERTEX
  5
1DC4
  8
CUT
 10
2080.904445651375
 20
-1432.0816013620665
 30
0.0
 70
0
  0
VERTEX
  5
1DC5
  8
CUT
 10
2081.4664032424957
 20
-1431.6914272333847
 30
0.0
 70
0
  0
VERTEX
  5
1DC6
  8
CUT
 10
2082.0984558181076
 20
-1431.4296224844336
 30
0.0
 70
0
  0
VERTEX
  5
1DC7
  8
CUT
 10
2082.7717146137625
 20
-1431.3081532332474
 30
0.0
 70
0
  0
VERTEX
  5
1DC8
  8
CUT
 10
2083.4554074824746
 20
-1431.332571385981
 30
0.0
 70
0
  0
VERTEX
  5
1DC9
  8
CUT
 10
2084.1182853747173
 20
-1431.5017608800008
 30
0.0
 70
0
  0
VERTEX
  5
1DCA
  8
CUT
 10
2084.730050615858
 20
-1431.8079886949404
 30
0.0
 70
0
  0
VERTEX
  5
1DCB
  8
CUT
 10
2085.262741699797
 20
-1432.2372583002032
 30
0.0
 70
0
  0
VERTEX
  5
1DCC
  8
CUT
 10
2085.6920113050596
 20
-1432.7699493841421
 30
0.0
 70
0
  0
VERTEX
  5
1DCD
  8
CUT
 10
2085.998239119999
 20
-1433.381714625283
 30
0.0
 70
0
  0
VERTEX
  5
1DCE
  8
CUT
 10
2086.1674286140187
 20
-1434.0445925175254
 30
0.0
 70
0
  0
VERTEX
  5
1DCF
  8
CUT
 10
2086.191846766753
 20
-1434.7282853862375
 30
0.0
 70
0
  0
VERTEX
  5
1DD0
  8
CUT
 10
2086.070377515566
 20
-1435.4015441818926
 30
0.0
 70
0
  0
VERTEX
  5
1DD1
  8
CUT
 10
2085.8085727666153
 20
-1436.0335967575043
 30
0.0
 70
0
  0
VERTEX
  5
1DD2
  8
CUT
 10
2085.4183986379335
 20
-1436.5955543486248
 30
0.0
 70
0
  0
VERTEX
  5
1DD3
  8
CUT
 10
2084.917688532836
 20
-1437.061731970958
 30
0.0
 70
0
  0
VERTEX
  5
1DD4
  8
CUT
 10
2084.329328041606
 20
-1437.4108223851345
 30
0.0
 70
0
  0
VERTEX
  5
1DD5
  8
CUT
 10
2083.6802089265693
 20
-1437.6268699711077
 30
0.0
 70
0
  0
VERTEX
  5
1DD6
  8
CUT
 10
2083.0
 20
-1437.7
 30
0.0
 70
0
  0
VERTEX
  5
1DD7
  8
CUT
 10
2083.0
 20
-1453.0
 30
0.0
 70
0
  0
VERTEX
  5
1DD8
  8
CUT
 10
2123.0
 20
-1453.0
 30
0.0
 70
0
  0
VERTEX
  5
1DD9
  8
CUT
 10
2123.0
 20
-1437.7
 30
0.0
 70
0
  0
VERTEX
  5
1DDA
  8
CUT
 10
2122.3197910734307
 20
-1437.6268699711077
 30
0.0
 70
0
  0
VERTEX
  5
1DDB
  8
CUT
 10
2121.670671958394
 20
-1437.4108223851345
 30
0.0
 70
0
  0
VERTEX
  5
1DDC
  8
CUT
 10
2121.082311467164
 20
-1437.061731970958
 30
0.0
 70
0
  0
VERTEX
  5
1DDD
  8
CUT
 10
2120.5816013620665
 20
-1436.5955543486248
 30
0.0
 70
0
  0
VERTEX
  5
1DDE
  8
CUT
 10
2120.1914272333847
 20
-1436.0335967575043
 30
0.0
 70
0
  0
VERTEX
  5
1DDF
  8
CUT
 10
2119.929622484434
 20
-1435.4015441818926
 30
0.0
 70
0
  0
VERTEX
  5
1DE0
  8
CUT
 10
2119.808153233247
 20
-1434.7282853862375
 30
0.0
 70
0
  0
VERTEX
  5
1DE1
  8
CUT
 10
2119.8325713859813
 20
-1434.0445925175254
 30
0.0
 70
0
  0
VERTEX
  5
1DE2
  8
CUT
 10
2120.001760880001
 20
-1433.381714625283
 30
0.0
 70
0
  0
VERTEX
  5
1DE3
  8
CUT
 10
2120.3079886949404
 20
-1432.7699493841421
 30
0.0
 70
0
  0
VERTEX
  5
1DE4
  8
CUT
 10
2120.737258300203
 20
-1432.2372583002032
 30
0.0
 70
0
  0
VERTEX
  5
1DE5
  8
CUT
 10
2121.269949384142
 20
-1431.8079886949404
 30
0.0
 70
0
  0
VERTEX
  5
1DE6
  8
CUT
 10
2121.8817146252827
 20
-1431.5017608800008
 30
0.0
 70
0
  0
VERTEX
  5
1DE7
  8
CUT
 10
2122.5445925175254
 20
-1431.332571385981
 30
0.0
 70
0
  0
VERTEX
  5
1DE8
  8
CUT
 10
2123.2282853862375
 20
-1431.3081532332474
 30
0.0
 70
0
  0
VERTEX
  5
1DE9
  8
CUT
 10
2123.9015441818924
 20
-1431.4296224844336
 30
0.0
 70
0
  0
VERTEX
  5
1DEA
  8
CUT
 10
2124.5335967575043
 20
-1431.6914272333847
 30
0.0
 70
0
  0
VERTEX
  5
1DEB
  8
CUT
 10
2125.095554348625
 20
-1432.0816013620665
 30
0.0
 70
0
  0
VERTEX
  5
1DEC
  8
CUT
 10
2125.5617319709577
 20
-1432.5823114671637
 30
0.0
 70
0
  0
VERTEX
  5
1DED
  8
CUT
 10
2125.9108223851345
 20
-1433.170671958394
 30
0.0
 70
0
  0
VERTEX
  5
1DEE
  8
CUT
 10
2126.1268699711077
 20
-1433.8197910734305
 30
0.0
 70
0
  0
VERTEX
  5
1DEF
  8
CUT
 10
2126.2
 20
-1434.5
 30
0.0
 70
0
  0
VERTEX
  5
1DF0
  8
CUT
 10
2279.8
 20
-1434.5
 30
0.0
 70
0
  0
VERTEX
  5
1DF1
  8
CUT
 10
2279.8731300288923
 20
-1433.8197910734305
 30
0.0
 70
0
  0
VERTEX
  5
1DF2
  8
CUT
 10
2280.0891776148655
 20
-1433.170671958394
 30
0.0
 70
0
  0
VERTEX
  5
1DF3
  8
CUT
 10
2280.4382680290423
 20
-1432.5823114671637
 30
0.0
 70
0
  0
VERTEX
  5
1DF4
  8
CUT
 10
2280.904445651375
 20
-1432.0816013620665
 30
0.0
 70
0
  0
VERTEX
  5
1DF5
  8
CUT
 10
2281.4664032424957
 20
-1431.6914272333847
 30
0.0
 70
0
  0
VERTEX
  5
1DF6
  8
CUT
 10
2282.0984558181076
 20
-1431.4296224844336
 30
0.0
 70
0
  0
VERTEX
  5
1DF7
  8
CUT
 10
2282.7717146137625
 20
-1431.3081532332474
 30
0.0
 70
0
  0
VERTEX
  5
1DF8
  8
CUT
 10
2283.4554074824746
 20
-1431.332571385981
 30
0.0
 70
0
  0
VERTEX
  5
1DF9
  8
CUT
 10
2284.1182853747173
 20
-1431.5017608800008
 30
0.0
 70
0
  0
VERTEX
  5
1DFA
  8
CUT
 10
2284.730050615858
 20
-1431.8079886949404
 30
0.0
 70
0
  0
VERTEX
  5
1DFB
  8
CUT
 10
2285.262741699797
 20
-1432.2372583002032
 30
0.0
 70
0
  0
VERTEX
  5
1DFC
  8
CUT
 10
2285.6920113050596
 20
-1432.7699493841421
 30
0.0
 70
0
  0
VERTEX
  5
1DFD
  8
CUT
 10
2285.998239119999
 20
-1433.381714625283
 30
0.0
 70
0
  0
VERTEX
  5
1DFE
  8
CUT
 10
2286.1674286140187
 20
-1434.0445925175254
 30
0.0
 70
0
  0
VERTEX
  5
1DFF
  8
CUT
 10
2286.191846766753
 20
-1434.7282853862375
 30
0.0
 70
0
  0
VERTEX
  5
1E00
  8
CUT
 10
2286.070377515566
 20
-1435.4015441818926
 30
0.0
 70
0
  0
VERTEX
  5
1E01
  8
CUT
 10
2285.8085727666153
 20
-1436.0335967575043
 30
0.0
 70
0
  0
VERTEX
  5
1E02
  8
CUT
 10
2285.4183986379335
 20
-1436.5955543486248
 30
0.0
 70
0
  0
VERTEX
  5
1E03
  8
CUT
 10
2284.917688532836
 20
-1437.061731970958
 30
0.0
 70
0
  0
VERTEX
  5
1E04
  8
CUT
 10
2284.329328041606
 20
-1437.4108223851345
 30
0.0
 70
0
  0
VERTEX
  5
1E05
  8
CUT
 10
2283.6802089265693
 20
-1437.6268699711077
 30
0.0
 70
0
  0
VERTEX
  5
1E06
  8
CUT
 10
2283.0
 20
-1437.7
 30
0.0
 70
0
  0
SEQEND
  5
1CF1
  8
CUT
  0
POLYLINE
  5
1E07
  8
REFERENCE-SHEET
 66
1
 10
0.0
 20
0.0
 30
0.0
 70
1
  0
VERTEX
  5
1E09
  8
REFERENCE-SHEET
 10
0.0
 20
-2940.0
 30
0.0
 70
0
  0
VERTEX
  5
1E0A
  8
REFERENCE-SHEET
 10
2440.0
 20
-2940.0
 30
0.0
 70
0
  0
VERTEX
  5
1E0B
  8
REFERENCE-SHEET
 10
2440.0
 20
-1720.0
 30
0.0
 70
0
  0
VERTEX
  5
1E0C
  8
REFERENCE-SHEET
 10
0.0
 20
-1720.0
 30
0.0
 70
0
  0
SEQEND
  5
1E08
  8
REFERENCE-SHEET
  0
POLYLINE
  5
1E0D
  8
CUT
 66
1
 10
0.0
 20
0.0
 30
0.0
 70
1
  0
VERTEX
  5
1E0F
  8
CUT
 10
17.0
 20
-2783.0
 30
0.0
 70
0
  0
VERTEX
  5
1E10
  8
CUT
 10
31.80000000000001
 20
-2783.0
 30
0.0
 70
0
  0
VERTEX
  5
1E11
  8
CUT
 10
31.873130028892298
 20
-2782.3197910734307
 30
0.0
 70
0
  0
VERTEX
  5
1E12
  8
CUT
 10
32.08917761486554
 20
-2781.670671958394
 30
0.0
 70
0
  0
VERTEX
  5
1E13
  8
CUT
 10
32.43826802904204
 20
-2781.082311467164
 30
0.0
 70
0
  0
VERTEX
  5
1E14
  8
CUT
 10
32.90444565137506
 20
-2780.5816013620665
 30
0.0
 70
0
  0
VERTEX
  5
1E15
  8
CUT
 10
33.46640324249578
 20
-2780.1914272333847
 30
0.0
 70
0
  0
VERTEX
  5
1E16
  8
CUT
 10
34.09845581810737
 20
-2779.929622484434
 30
0.0
 70
0
  0
VERTEX
  5
1E17
  8
CUT
 10
34.77171461376238
 20
-2779.808153233247
 30
0.0
 70
0
  0
VERTEX
  5
1E18
  8
CUT
 10
35.45540748247441
 20
-2779.8325713859813
 30
0.0
 70
0
  0
VERTEX
  5
1E19
  8
CUT
 10
36.118285374717
 20
-2780.001760880001
 30
0.0
 70
0
  0
VERTEX
  5
1E1A
  8
CUT
 10
36.73005061585777
 20
-2780.3079886949404
 30
0.0
 70
0
  0
VERTEX
  5
1E1B
  8
CUT
 10
37.2627416997968
 20
-2780.737258300203
 30
0.0
 70
0
  0
VERTEX
  5
1E1C
  8
CUT
 10
37.692011305059616
 20
-2781.2699493841424
 30
0.0
 70
0
  0
VERTEX
  5
1E1D
  8
CUT
 10
37.99823911999906
 20
-2781.8817146252827
 30
0.0
 70
0
  0
VERTEX
  5
1E1E
  8
CUT
 10
38.1674286140188
 20
-2782.5445925175254
 30
0.0
 70
0
  0
VERTEX
  5
1E1F
  8
CUT
 10
38.19184676675263
 20
-2783.2282853862375
 30
0.0
 70
0
  0
VERTEX
  5
1E20
  8
CUT
 10
38.070377515566214
 20
-2783.9015441818924
 30
0.0
 70
0
  0
VERTEX
  5
1E21
  8
CUT
 10
37.80857276661505
 20
-2784.5335967575043
 30
0.0
 70
0
  0
VERTEX
  5
1E22
  8
CUT
 10
37.418398637933464
 20
-2785.095554348625
 30
0.0
 70
0
  0
VERTEX
  5
1E23
  8
CUT
 10
36.917688532836166
 20
-2785.5617319709577
 30
0.0
 70
0
  0
VERTEX
  5
1E24
  8
CUT
 10
36.32932804160591
 20
-2785.9108223851345
 30
0.0
 70
0
  0
VERTEX
  5
1E25
  8
CUT
 10
35.68020892656942
 20
-2786.1268699711077
 30
0.0
 70
0
  0
VERTEX
  5
1E26
  8
CUT
 10
35.0
 20
-2786.2
 30
0.0
 70
0
  0
VERTEX
  5
1E27
  8
CUT
 10
35.0
 20
-2839.8
 30
0.0
 70
0
  0
VERTEX
  5
1E28
  8
CUT
 10
35.680208926569506
 20
-2839.8731300288923
 30
0.0
 70
0
  0
VERTEX
  5
1E29
  8
CUT
 10
36.32932804160599
 20
-2840.0891776148655
 30
0.0
 70
0
  0
VERTEX
  5
1E2A
  8
CUT
 10
36.91768853283624
 20
-2840.4382680290423
 30
0.0
 70
0
  0
VERTEX
  5
1E2B
  8
CUT
 10
37.41839863793352
 20
-2840.904445651375
 30
0.0
 70
0
  0
VERTEX
  5
1E2C
  8
CUT
 10
37.808572766615086
 20
-2841.4664032424957
 30
0.0
 70
0
  0
VERTEX
  5
1E2D
  8
CUT
 10
38.070377515566236
 20
-2842.0984558181076
 30
0.0
 70
0
  0
VERTEX
  5
1E2E
  8
CUT
 10
38.19184676675263
 20
-2842.7717146137625
 30
0.0
 70
0
  0
VERTEX
  5
1E2F
  8
CUT
 10
38.16742861401879
 20
-2843.4554074824746
 30
0.0
 70
0
  0
VERTEX
  5
1E30
  8
CUT
 10
37.998239119999035
 20
-2844.1182853747173
 30
0.0
 70
0
  0
VERTEX
  5
1E31
  8
CUT
 10
37.692011305059566
 20
-2844.730050615858
 30
0.0
 70
0
  0
VERTEX
  5
1E32
  8
CUT
 10
37.262741699796734
 20
-2845.262741699797
 30
0.0
 70
0
  0
VERTEX
  5
1E33
  8
CUT
 10
36.73005061585771
 20
-2845.6920113050596
 30
0.0
 70
0
  0
VERTEX
  5
1E34
  8
CUT
 10
36.11828537471692
 20
-2845.998239119999
 30
0.0
 70
0
  0
VERTEX
  5
1E35
  8
CUT
 10
35.45540748247433
 20
-2846.1674286140187
 30
0.0
 70
0
  0
VERTEX
  5
1E36
  8
CUT
 10
34.77171461376229
 20
-2846.191846766753
 30
0.0
 70
0
  0
VERTEX
  5
1E37
  8
CUT
 10
34.09845581810728
 20
-2846.070377515566
 30
0.0
 70
0
  0
VERTEX
  5
1E38
  8
CUT
 10
33.46640324249571
 20
-2845.8085727666153
 30
0.0
 70
0
  0
VERTEX
  5
1E39
  8
CUT
 10
32.904445651375
 20
-2845.4183986379335
 30
0.0
 70
0
  0
VERTEX
  5
1E3A
  8
CUT
 10
32.438268029041986
 20
-2844.917688532836
 30
0.0
 70
0
  0
VERTEX
  5
1E3B
  8
CUT
 10
32.08917761486551
 20
-2844.329328041606
 30
0.0
 70
0
  0
VERTEX
  5
1E3C
  8
CUT
 10
31.87313002889228
 20
-2843.6802089265693
 30
0.0
 70
0
  0
VERTEX
  5
1E3D
  8
CUT
 10
31.80000000000001
 20
-2843.0
 30
0.0
 70
0
  0
VERTEX
  5
1E3E
  8
CUT
 10
17.0
 20
-2843.0
 30
0.0
 70
0
  0
VERTEX
  5
1E3F
  8
CUT
 10
17.0
 20
-2883.0
 30
0.0
 70
0
  0
VERTEX
  5
1E40
  8
CUT
 10
31.80000000000001
 20
-2883.0
 30
0.0
 70
0
  0
VERTEX
  5
1E41
  8
CUT
 10
31.873130028892298
 20
-2882.3197910734307
 30
0.0
 70
0
  0
VERTEX
  5
1E42
  8
CUT
 10
32.08917761486554
 20
-2881.670671958394
 30
0.0
 70
0
  0
VERTEX
  5
1E43
  8
CUT
 10
32.43826802904204
 20
-2881.082311467164
 30
0.0
 70
0
  0
VERTEX
  5
1E44
  8
CUT
 10
32.90444565137506
 20
-2880.5816013620665
 30
0.0
 70
0
  0
VERTEX
  5
1E45
  8
CUT
 10
33.46640324249578
 20
-2880.1914272333847
 30
0.0
 70
0
  0
VERTEX
  5
1E46
  8
CUT
 10
34.09845581810737
 20
-2879.929622484434
 30
0.0
 70
0
  0
VERTEX
  5
1E47
  8
CUT
 10
34.77171461376238
 20
-2879.808153233247
 30
0.0
 70
0
  0
VERTEX
  5
1E48
  8
CUT
 10
35.45540748247441
 20
-2879.8325713859813
 30
0.0
 70
0
  0
VERTEX
  5
1E49
  8
CUT
 10
36.118285374717
 20
-2880.001760880001
 30
0.0
 70
0
  0
VERTEX
  5
1E4A
  8
CUT
 10
36.73005061585777
 20
-2880.3079886949404
 30
0.0
 70
0
  0
VERTEX
  5
1E4B
  8
CUT
 10
37.2627416997968
 20
-2880.737258300203
 30
0.0
 70
0
  0
VERTEX
  5
1E4C
  8
CUT
 10
37.692011305059616
 20
-2881.2699493841424
 30
0.0
 70
0
  0
VERTEX
  5
1E4D
  8
CUT
 10
37.99823911999906
 20
-2881.8817146252827
 30
0.0
 70
0
  0
VERTEX
  5
1E4E
  8
CUT
 10
38.1674286140188
 20
-2882.5445925175254
 30
0.0
 70
0
  0
VERTEX
  5
1E4F
  8
CUT
 10
38.19184676675263
 20
-2883.2282853862375
 30
0.0
 70
0
  0
VERTEX
  5
1E50
  8
CUT
 10
38.070377515566214
 20
-2883.9015441818924
 30
0.0
 70
0
  0
VERTEX
  5
1E51
  8
CUT
 10
37.80857276661505
 20
-2884.5335967575043
 30
0.0
 70
0
  0
VERTEX
  5
1E52
  8
CUT
 10
37.418398637933464
 20
-2885.095554348625
 30
0.0
 70
0
  0
VERTEX
  5
1E53
  8
CUT
 10
36.917688532836166
 20
-2885.5617319709577
 30
0.0
 70
0
  0
VERTEX
  5
1E54
  8
CUT
 10
36.32932804160591
 20
-2885.9108223851345
 30
0.0
 70
0
  0
VERTEX
  5
1E55
  8
CUT
 10
35.68020892656942
 20
-2886.1268699711077
 30
0.0
 70
0
  0
VERTEX
  5
1E56
  8
CUT
 10
35.0
 20
-2886.2
 30
0.0
 70
0
  0
VERTEX
  5
1E57
  8
CUT
 10
35.0
 20
-2923.0
 30
0.0
 70
0
  0
VERTEX
  5
1E58
  8
CUT
 10
461.0
 20
-2923.0
 30
0.0
 70
0
  0
VERTEX
  5
1E59
  8
CUT
 10
461.0
 20
-2820.2
 30
0.0
 70
0
  0
VERTEX
  5
1E5A
  8
CUT
 10
460.3197910734305
 20
-2820.1268699711077
 30
0.0
 70
0
  0
VERTEX
  5
1E5B
  8
CUT
 10
459.670671958394
 20
-2819.9108223851345
 30
0.0
 70
0
  0
VERTEX
  5
1E5C
  8
CUT
 10
459.0823114671638
 20
-2819.5617319709577
 30
0.0
 70
0
  0
VERTEX
  5
1E5D
  8
CUT
 10
458.58160136206646
 20
-2819.095554348625
 30
0.0
 70
0
  0
VERTEX
  5
1E5E
  8
CUT
 10
458.1914272333849
 20
-2818.5335967575043
 30
0.0
 70
0
  0
VERTEX
  5
1E5F
  8
CUT
 10
457.92962248443376
 20
-2817.9015441818924
 30
0.0
 70
0
  0
VERTEX
  5
1E60
  8
CUT
 10
457.80815323324737
 20
-2817.2282853862375
 30
0.0
 70
0
  0
VERTEX
  5
1E61
  8
CUT
 10
457.8325713859812
 20
-2816.5445925175254
 30
0.0
 70
0
  0
VERTEX
  5
1E62
  8
CUT
 10
458.001760880001
 20
-2815.8817146252827
 30
0.0
 70
0
  0
VERTEX
  5
1E63
  8
CUT
 10
458.30798869494043
 20
-2815.269949384142
 30
0.0
 70
0
  0
VERTEX
  5
1E64
  8
CUT
 10
458.7372583002033
 20
-2814.737258300203
 30
0.0
 70
0
  0
VERTEX
  5
1E65
  8
CUT
 10
459.2699493841423
 20
-2814.3079886949404
 30
0.0
 70
0
  0
VERTEX
  5
1E66
  8
CUT
 10
459.8817146252831
 20
-2814.001760880001
 30
0.0
 70
0
  0
VERTEX
  5
1E67
  8
CUT
 10
460.5445925175257
 20
-2813.8325713859813
 30
0.0
 70
0
  0
VERTEX
  5
1E68
  8
CUT
 10
461.22828538623776
 20
-2813.808153233247
 30
0.0
 70
0
  0
VERTEX
  5
1E69
  8
CUT
 10
461.9015441818928
 20
-2813.929622484434
 30
0.0
 70
0
  0
VERTEX
  5
1E6A
  8
CUT
 10
462.53359675750437
 20
-2814.1914272333847
 30
0.0
 70
0
  0
VERTEX
  5
1E6B
  8
CUT
 10
463.09555434862506
 20
-2814.5816013620665
 30
0.0
 70
0
  0
VERTEX
  5
1E6C
  8
CUT
 10
463.5617319709581
 20
-2815.082311467164
 30
0.0
 70
0
  0
VERTEX
  5
1E6D
  8
CUT
 10
463.91082238513457
 20
-2815.670671958394
 30
0.0
 70
0
  0
VERTEX
  5
1E6E
  8
CUT
 10
464.1268699711078
 20
-2816.3197910734307
 30
0.0
 70
0
  0
VERTEX
  5
1E6F
  8
CUT
 10
464.20000000000005
 20
-2817.0
 30
0.0
 70
0
  0
VERTEX
  5
1E70
  8
CUT
 10
476.79999999999995
 20
-2817.0
 30
0.0
 70
0
  0
VERTEX
  5
1E71
  8
CUT
 10
476.87313002889226
 20
-2816.3197910734307
 30
0.0
 70
0
  0
VERTEX
  5
1E72
  8
CUT
 10
477.0891776148655
 20
-2815.670671958394
 30
0.0
 70
0
  0
VERTEX
  5
1E73
  8
CUT
 10
477.438268029042
 20
-2815.082311467164
 30
0.0
 70
0
  0
VERTEX
  5
1E74
  8
CUT
 10
477.904445651375
 20
-2814.5816013620665
 30
0.0
 70
0
  0
VERTEX
  5
1E75
  8
CUT
 10
478.46640324249574
 20
-2814.1914272333847
 30
0.0
 70
0
  0
VERTEX
  5
1E76
  8
CUT
 10
479.0984558181073
 20
-2813.929622484434
 30
0.0
 70
0
  0
VERTEX
  5
1E77
  8
CUT
 10
479.77171461376236
 20
-2813.808153233247
 30
0.0
 70
0
  0
VERTEX
  5
1E78
  8
CUT
 10
480.4554074824744
 20
-2813.8325713859813
 30
0.0
 70
0
  0
VERTEX
  5
1E79
  8
CUT
 10
481.118285374717
 20
-2814.001760880001
 30
0.0
 70
0
  0
VERTEX
  5
1E7A
  8
CUT
 10
481.73005061585775
 20
-2814.3079886949404
 30
0.0
 70
0
  0
VERTEX
  5
1E7B
  8
CUT
 10
482.2627416997968
 20
-2814.737258300203
 30
0.0
 70
0
  0
VERTEX
  5
1E7C
  8
CUT
 10
482.6920113050596
 20
-2815.269949384142
 30
0.0
 70
0
  0
VERTEX
  5
1E7D
  8
CUT
 10
482.9982391199991
 20
-2815.8817146252827
 30
0.0
 70
0
  0
VERTEX
  5
1E7E
  8
CUT
 10
483.16742861401883
 20
-2816.5445925175254
 30
0.0
 70
0
  0
VERTEX
  5
1E7F
  8
CUT
 10
483.19184676675263
 20
-2817.2282853862375
 30
0.0
 70
0
  0
VERTEX
  5
1E80
  8
CUT
 10
483.07037751556624
 20
-2817.9015441818924
 30
0.0
 70
0
  0
VERTEX
  5
1E81
  8
CUT
 10
482.80857276661504
 20
-2818.5335967575043
 30
0.0
 70
0
  0
VERTEX
  5
1E82
  8
CUT
 10
482.4183986379335
 20
-2819.095554348625
 30
0.0
 70
0
  0
VERTEX
  5
1E83
  8
CUT
 10
481.91768853283617
 20
-2819.5617319709577
 30
0.0
 70
0
  0
VERTEX
  5
1E84
  8
CUT
 10
481.3293280416059
 20
-2819.9108223851345
 30
0.0
 70
0
  0
VERTEX
  5
1E85
  8
CUT
 10
480.6802089265694
 20
-2820.1268699711077
 30
0.0
 70
0
  0
VERTEX
  5
1E86
  8
CUT
 10
480.0
 20
-2820.2
 30
0.0
 70
0
  0
VERTEX
  5
1E87
  8
CUT
 10
480.0
 20
-2923.0
 30
0.0
 70
0
  0
VERTEX
  5
1E88
  8
CUT
 10
905.5
 20
-2923.0
 30
0.0
 70
0
  0
VERTEX
  5
1E89
  8
CUT
 10
905.5
 20
-2820.2
 30
0.0
 70
0
  0
VERTEX
  5
1E8A
  8
CUT
 10
904.8197910734305
 20
-2820.1268699711077
 30
0.0
 70
0
  0
VERTEX
  5
1E8B
  8
CUT
 10
904.170671958394
 20
-2819.9108223851345
 30
0.0
 70
0
  0
VERTEX
  5
1E8C
  8
CUT
 10
903.5823114671638
 20
-2819.5617319709577
 30
0.0
 70
0
  0
VERTEX
  5
1E8D
  8
CUT
 10
903.0816013620665
 20
-2819.095554348625
 30
0.0
 70
0
  0
VERTEX
  5
1E8E
  8
CUT
 10
902.691427233385
 20
-2818.5335967575043
 30
0.0
 70
0
  0
VERTEX
  5
1E8F
  8
CUT
 10
902.4296224844337
 20
-2817.9015441818924
 30
0.0
 70
0
  0
VERTEX
  5
1E90
  8
CUT
 10
902.3081532332474
 20
-2817.2282853862375
 30
0.0
 70
0
  0
VERTEX
  5
1E91
  8
CUT
 10
902.3325713859812
 20
-2816.5445925175254
 30
0.0
 70
0
  0
VERTEX
  5
1E92
  8
CUT
 10
902.501760880001
 20
-2815.8817146252827
 30
0.0
 70
0
  0
VERTEX
  5
1E93
  8
CUT
 10
902.8079886949405
 20
-2815.269949384142
 30
0.0
 70
0
  0
VERTEX
  5
1E94
  8
CUT
 10
903.2372583002033
 20
-2814.737258300203
 30
0.0
 70
0
  0
VERTEX
  5
1E95
  8
CUT
 10
903.7699493841424
 20
-2814.3079886949404
 30
0.0
 70
0
  0
VERTEX
  5
1E96
  8
CUT
 10
904.3817146252832
 20
-2814.001760880001
 30
0.0
 70
0
  0
VERTEX
  5
1E97
  8
CUT
 10
905.0445925175258
 20
-2813.8325713859813
 30
0.0
 70
0
  0
VERTEX
  5
1E98
  8
CUT
 10
905.7282853862378
 20
-2813.808153233247
 30
0.0
 70
0
  0
VERTEX
  5
1E99
  8
CUT
 10
906.4015441818927
 20
-2813.929622484434
 30
0.0
 70
0
  0
VERTEX
  5
1E9A
  8
CUT
 10
907.0335967575044
 20
-2814.1914272333847
 30
0.0
 70
0
  0
VERTEX
  5
1E9B
  8
CUT
 10
907.5955543486251
 20
-2814.5816013620665
 30
0.0
 70
0
  0
VERTEX
  5
1E9C
  8
CUT
 10
908.0617319709581
 20
-2815.082311467164
 30
0.0
 70
0
  0
VERTEX
  5
1E9D
  8
CUT
 10
908.4108223851346
 20
-2815.670671958394
 30
0.0
 70
0
  0
VERTEX
  5
1E9E
  8
CUT
 10
908.6268699711078
 20
-2816.3197910734307
 30
0.0
 70
0
  0
VERTEX
  5
1E9F
  8
CUT
 10
908.7
 20
-2817.0
 30
0.0
 70
0
  0
VERTEX
  5
1EA0
  8
CUT
 10
921.3
 20
-2817.0
 30
0.0
 70
0
  0
VERTEX
  5
1EA1
  8
CUT
 10
921.3731300288922
 20
-2816.3197910734307
 30
0.0
 70
0
  0
VERTEX
  5
1EA2
  8
CUT
 10
921.5891776148654
 20
-2815.670671958394
 30
0.0
 70
0
  0
VERTEX
  5
1EA3
  8
CUT
 10
921.938268029042
 20
-2815.082311467164
 30
0.0
 70
0
  0
VERTEX
  5
1EA4
  8
CUT
 10
922.404445651375
 20
-2814.5816013620665
 30
0.0
 70
0
  0
VERTEX
  5
1EA5
  8
CUT
 10
922.9664032424957
 20
-2814.1914272333847
 30
0.0
 70
0
  0
VERTEX
  5
1EA6
  8
CUT
 10
923.5984558181074
 20
-2813.929622484434
 30
0.0
 70
0
  0
VERTEX
  5
1EA7
  8
CUT
 10
924.2717146137624
 20
-2813.808153233247
 30
0.0
 70
0
  0
VERTEX
  5
1EA8
  8
CUT
 10
924.9554074824744
 20
-2813.8325713859813
 30
0.0
 70
0
  0
VERTEX
  5
1EA9
  8
CUT
 10
925.618285374717
 20
-2814.001760880001
 30
0.0
 70
0
  0
VERTEX
  5
1EAA
  8
CUT
 10
926.2300506158577
 20
-2814.3079886949404
 30
0.0
 70
0
  0
VERTEX
  5
1EAB
  8
CUT
 10
926.7627416997968
 20
-2814.737258300203
 30
0.0
 70
0
  0
VERTEX
  5
1EAC
  8
CUT
 10
927.1920113050596
 20
-2815.269949384142
 30
0.0
 70
0
  0
VERTEX
  5
1EAD
  8
CUT
 10
927.4982391199991
 20
-2815.8817146252827
 30
0.0
 70
0
  0
VERTEX
  5
1EAE
  8
CUT
 10
927.6674286140188
 20
-2816.5445925175254
 30
0.0
 70
0
  0
VERTEX
  5
1EAF
  8
CUT
 10
927.6918467667526
 20
-2817.2282853862375
 30
0.0
 70
0
  0
VERTEX
  5
1EB0
  8
CUT
 10
927.5703775155662
 20
-2817.9015441818924
 30
0.0
 70
0
  0
VERTEX
  5
1EB1
  8
CUT
 10
927.308572766615
 20
-2818.5335967575043
 30
0.0
 70
0
  0
VERTEX
  5
1EB2
  8
CUT
 10
926.9183986379335
 20
-2819.095554348625
 30
0.0
 70
0
  0
VERTEX
  5
1EB3
  8
CUT
 10
926.4176885328361
 20
-2819.5617319709577
 30
0.0
 70
0
  0
VERTEX
  5
1EB4
  8
CUT
 10
925.8293280416059
 20
-2819.9108223851345
 30
0.0
 70
0
  0
VERTEX
  5
1EB5
  8
CUT
 10
925.1802089265694
 20
-2820.1268699711077
 30
0.0
 70
0
  0
VERTEX
  5
1EB6
  8
CUT
 10
924.5
 20
-2820.2
 30
0.0
 70
0
  0
VERTEX
  5
1EB7
  8
CUT
 10
924.5
 20
-2923.0
 30
0.0
 70
0
  0
VERTEX
  5
1EB8
  8
CUT
 10
1350.0
 20
-2923.0
 30
0.0
 70
0
  0
VERTEX
  5
1EB9
  8
CUT
 10
1350.0
 20
-2820.2
 30
0.0
 70
0
  0
VERTEX
  5
1EBA
  8
CUT
 10
1349.3197910734305
 20
-2820.1268699711077
 30
0.0
 70
0
  0
VERTEX
  5
1EBB
  8
CUT
 10
1348.670671958394
 20
-2819.9108223851345
 30
0.0
 70
0
  0
VERTEX
  5
1EBC
  8
CUT
 10
1348.0823114671637
 20
-2819.5617319709577
 30
0.0
 70
0
  0
VERTEX
  5
1EBD
  8
CUT
 10
1347.5816013620665
 20
-2819.095554348625
 30
0.0
 70
0
  0
VERTEX
  5
1EBE
  8
CUT
 10
1347.1914272333847
 20
-2818.5335967575043
 30
0.0
 70
0
  0
VERTEX
  5
1EBF
  8
CUT
 10
1346.9296224844336
 20
-2817.9015441818924
 30
0.0
 70
0
  0
VERTEX
  5
1EC0
  8
CUT
 10
1346.8081532332474
 20
-2817.2282853862375
 30
0.0
 70
0
  0
VERTEX
  5
1EC1
  8
CUT
 10
1346.832571385981
 20
-2816.5445925175254
 30
0.0
 70
0
  0
VERTEX
  5
1EC2
  8
CUT
 10
1347.0017608800008
 20
-2815.8817146252827
 30
0.0
 70
0
  0
VERTEX
  5
1EC3
  8
CUT
 10
1347.3079886949404
 20
-2815.269949384142
 30
0.0
 70
0
  0
VERTEX
  5
1EC4
  8
CUT
 10
1347.7372583002032
 20
-2814.737258300203
 30
0.0
 70
0
  0
VERTEX
  5
1EC5
  8
CUT
 10
1348.2699493841421
 20
-2814.3079886949404
 30
0.0
 70
0
  0
VERTEX
  5
1EC6
  8
CUT
 10
1348.881714625283
 20
-2814.001760880001
 30
0.0
 70
0
  0
VERTEX
  5
1EC7
  8
CUT
 10
1349.5445925175254
 20
-2813.8325713859813
 30
0.0
 70
0
  0
VERTEX
  5
1EC8
  8
CUT
 10
1350.2282853862375
 20
-2813.808153233247
 30
0.0
 70
0
  0
VERTEX
  5
1EC9
  8
CUT
 10
1350.9015441818926
 20
-2813.929622484434
 30
0.0
 70
0
  0
VERTEX
  5
1ECA
  8
CUT
 10
1351.5335967575043
 20
-2814.1914272333847
 30
0.0
 70
0
  0
VERTEX
  5
1ECB
  8
CUT
 10
1352.0955543486248
 20
-2814.5816013620665
 30
0.0
 70
0
  0
VERTEX
  5
1ECC
  8
CUT
 10
1352.561731970958
 20
-2815.082311467164
 30
0.0
 70
0
  0
VERTEX
  5
1ECD
  8
CUT
 10
1352.9108223851345
 20
-2815.670671958394
 30
0.0
 70
0
  0
VERTEX
  5
1ECE
  8
CUT
 10
1353.1268699711077
 20
-2816.3197910734307
 30
0.0
 70
0
  0
VERTEX
  5
1ECF
  8
CUT
 10
1353.2
 20
-2817.0
 30
0.0
 70
0
  0
VERTEX
  5
1ED0
  8
CUT
 10
1365.8
 20
-2817.0
 30
0.0
 70
0
  0
VERTEX
  5
1ED1
  8
CUT
 10
1365.8731300288923
 20
-2816.3197910734307
 30
0.0
 70
0
  0
VERTEX
  5
1ED2
  8
CUT
 10
1366.0891776148655
 20
-2815.670671958394
 30
0.0
 70
0
  0
VERTEX
  5
1ED3
  8
CUT
 10
1366.438268029042
 20
-2815.082311467164
 30
0.0
 70
0
  0
VERTEX
  5
1ED4
  8
CUT
 10
1366.9044456513752
 20
-2814.5816013620665
 30
0.0
 70
0
  0
VERTEX
  5
1ED5
  8
CUT
 10
1367.4664032424957
 20
-2814.1914272333847
 30
0.0
 70
0
  0
VERTEX
  5
1ED6
  8
CUT
 10
1368.0984558181074
 20
-2813.929622484434
 30
0.0
 70
0
  0
VERTEX
  5
1ED7
  8
CUT
 10
1368.7717146137625
 20
-2813.808153233247
 30
0.0
 70
0
  0
VERTEX
  5
1ED8
  8
CUT
 10
1369.4554074824746
 20
-2813.8325713859813
 30
0.0
 70
0
  0
VERTEX
  5
1ED9
  8
CUT
 10
1370.118285374717
 20
-2814.001760880001
 30
0.0
 70
0
  0
VERTEX
  5
1EDA
  8
CUT
 10
1370.7300506158579
 20
-2814.3079886949404
 30
0.0
 70
0
  0
VERTEX
  5
1EDB
  8
CUT
 10
1371.2627416997968
 20
-2814.737258300203
 30
0.0
 70
0
  0
VERTEX
  5
1EDC
  8
CUT
 10
1371.6920113050596
 20
-2815.269949384142
 30
0.0
 70
0
  0
VERTEX
  5
1EDD
  8
CUT
 10
1371.9982391199992
 20
-2815.8817146252827
 30
0.0
 70
0
  0
VERTEX
  5
1EDE
  8
CUT
 10
1372.167428614019
 20
-2816.5445925175254
 30
0.0
 70
0
  0
VERTEX
  5
1EDF
  8
CUT
 10
1372.1918467667526
 20
-2817.2282853862375
 30
0.0
 70
0
  0
VERTEX
  5
1EE0
  8
CUT
 10
1372.0703775155664
 20
-2817.9015441818924
 30
0.0
 70
0
  0
VERTEX
  5
1EE1
  8
CUT
 10
1371.8085727666153
 20
-2818.5335967575043
 30
0.0
 70
0
  0
VERTEX
  5
1EE2
  8
CUT
 10
1371.4183986379335
 20
-2819.095554348625
 30
0.0
 70
0
  0
VERTEX
  5
1EE3
  8
CUT
 10
1370.9176885328363
 20
-2819.5617319709577
 30
0.0
 70
0
  0
VERTEX
  5
1EE4
  8
CUT
 10
1370.329328041606
 20
-2819.9108223851345
 30
0.0
 70
0
  0
VERTEX
  5
1EE5
  8
CUT
 10
1369.6802089265695
 20
-2820.1268699711077
 30
0.0
 70
0
  0
VERTEX
  5
1EE6
  8
CUT
 10
1369.0
 20
-2820.2
 30
0.0
 70
0
  0
VERTEX
  5
1EE7
  8
CUT
 10
1369.0
 20
-2923.0
 30
0.0
 70
0
  0
VERTEX
  5
1EE8
  8
CUT
 10
1795.0
 20
-2923.0
 30
0.0
 70
0
  0
VERTEX
  5
1EE9
  8
CUT
 10
1795.0
 20
-2886.2
 30
0.0
 70
0
  0
VERTEX
  5
1EEA
  8
CUT
 10
1794.3197910734305
 20
-2886.1268699711077
 30
0.0
 70
0
  0
VERTEX
  5
1EEB
  8
CUT
 10
1793.670671958394
 20
-2885.9108223851345
 30
0.0
 70
0
  0
VERTEX
  5
1EEC
  8
CUT
 10
1793.0823114671637
 20
-2885.5617319709577
 30
0.0
 70
0
  0
VERTEX
  5
1EED
  8
CUT
 10
1792.5816013620665
 20
-2885.095554348625
 30
0.0
 70
0
  0
VERTEX
  5
1EEE
  8
CUT
 10
1792.1914272333847
 20
-2884.5335967575043
 30
0.0
 70
0
  0
VERTEX
  5
1EEF
  8
CUT
 10
1791.9296224844336
 20
-2883.9015441818924
 30
0.0
 70
0
  0
VERTEX
  5
1EF0
  8
CUT
 10
1791.8081532332474
 20
-2883.2282853862375
 30
0.0
 70
0
  0
VERTEX
  5
1EF1
  8
CUT
 10
1791.832571385981
 20
-2882.5445925175254
 30
0.0
 70
0
  0
VERTEX
  5
1EF2
  8
CUT
 10
1792.0017608800008
 20
-2881.8817146252827
 30
0.0
 70
0
  0
VERTEX
  5
1EF3
  8
CUT
 10
1792.3079886949404
 20
-2881.269949384142
 30
0.0
 70
0
  0
VERTEX
  5
1EF4
  8
CUT
 10
1792.7372583002032
 20
-2880.737258300203
 30
0.0
 70
0
  0
VERTEX
  5
1EF5
  8
CUT
 10
1793.2699493841421
 20
-2880.3079886949404
 30
0.0
 70
0
  0
VERTEX
  5
1EF6
  8
CUT
 10
1793.881714625283
 20
-2880.001760880001
 30
0.0
 70
0
  0
VERTEX
  5
1EF7
  8
CUT
 10
1794.5445925175254
 20
-2879.8325713859813
 30
0.0
 70
0
  0
VERTEX
  5
1EF8
  8
CUT
 10
1795.2282853862375
 20
-2879.808153233247
 30
0.0
 70
0
  0
VERTEX
  5
1EF9
  8
CUT
 10
1795.9015441818926
 20
-2879.929622484434
 30
0.0
 70
0
  0
VERTEX
  5
1EFA
  8
CUT
 10
1796.5335967575043
 20
-2880.1914272333847
 30
0.0
 70
0
  0
VERTEX
  5
1EFB
  8
CUT
 10
1797.0955543486248
 20
-2880.5816013620665
 30
0.0
 70
0
  0
VERTEX
  5
1EFC
  8
CUT
 10
1797.561731970958
 20
-2881.082311467164
 30
0.0
 70
0
  0
VERTEX
  5
1EFD
  8
CUT
 10
1797.9108223851345
 20
-2881.670671958394
 30
0.0
 70
0
  0
VERTEX
  5
1EFE
  8
CUT
 10
1798.1268699711077
 20
-2882.3197910734307
 30
0.0
 70
0
  0
VERTEX
  5
1EFF
  8
CUT
 10
1798.2
 20
-2883.0
 30
0.0
 70
0
  0
VERTEX
  5
1F00
  8
CUT
 10
1813.0
 20
-2883.0
 30
0.0
 70
0
  0
VERTEX
  5
1F01
  8
CUT
 10
1813.0
 20
-2843.0
 30
0.0
 70
0
  0
VERTEX
  5
1F02
  8
CUT
 10
1798.2
 20
-2843.0
 30
0.0
 70
0
  0
VERTEX
  5
1F03
  8
CUT
 10
1798.1268699711077
 20
-2843.6802089265693
 30
0.0
 70
0
  0
VERTEX
  5
1F04
  8
CUT
 10
1797.9108223851345
 20
-2844.329328041606
 30
0.0
 70
0
  0
VERTEX
  5
1F05
  8
CUT
 10
1797.561731970958
 20
-2844.917688532836
 30
0.0
 70
0
  0
VERTEX
  5
1F06
  8
CUT
 10
1797.0955543486248
 20
-2845.4183986379335
 30
0.0
 70
0
  0
VERTEX
  5
1F07
  8
CUT
 10
1796.5335967575043
 20
-2845.8085727666153
 30
0.0
 70
0
  0
VERTEX
  5
1F08
  8
CUT
 10
1795.9015441818926
 20
-2846.070377515566
 30
0.0
 70
0
  0
VERTEX
  5
1F09
  8
CUT
 10
1795.2282853862375
 20
-2846.191846766753
 30
0.0
 70
0
  0
VERTEX
  5
1F0A
  8
CUT
 10
1794.5445925175254
 20
-2846.1674286140187
 30
0.0
 70
0
  0
VERTEX
  5
1F0B
  8
CUT
 10
1793.881714625283
 20
-2845.998239119999
 30
0.0
 70
0
  0
VERTEX
  5
1F0C
  8
CUT
 10
1793.2699493841421
 20
-2845.6920113050596
 30
0.0
 70
0
  0
VERTEX
  5
1F0D
  8
CUT
 10
1792.7372583002032
 20
-2845.262741699797
 30
0.0
 70
0
  0
VERTEX
  5
1F0E
  8
CUT
 10
1792.3079886949404
 20
-2844.730050615858
 30
0.0
 70
0
  0
VERTEX
  5
1F0F
  8
CUT
 10
1792.0017608800008
 20
-2844.1182853747173
 30
0.0
 70
0
  0
VERTEX
  5
1F10
  8
CUT
 10
1791.832571385981
 20
-2843.4554074824746
 30
0.0
 70
0
  0
VERTEX
  5
1F11
  8
CUT
 10
1791.8081532332474
 20
-2842.7717146137625
 30
0.0
 70
0
  0
VERTEX
  5
1F12
  8
CUT
 10
1791.9296224844336
 20
-2842.0984558181076
 30
0.0
 70
0
  0
VERTEX
  5
1F13
  8
CUT
 10
1792.1914272333847
 20
-2841.4664032424957
 30
0.0
 70
0
  0
VERTEX
  5
1F14
  8
CUT
 10
1792.5816013620665
 20
-2840.904445651375
 30
0.0
 70
0
  0
VERTEX
  5
1F15
  8
CUT
 10
1793.0823114671637
 20
-2840.4382680290423
 30
0.0
 70
0
  0
VERTEX
  5
1F16
  8
CUT
 10
1793.670671958394
 20
-2840.0891776148655
 30
0.0
 70
0
  0
VERTEX
  5
1F17
  8
CUT
 10
1794.3197910734305
 20
-2839.8731300288923
 30
0.0
 70
0
  0
VERTEX
  5
1F18
  8
CUT
 10
1795.0
 20
-2839.8
 30
0.0
 70
0
  0
VERTEX
  5
1F19
  8
CUT
 10
1795.0
 20
-2786.2
 30
0.0
 70
0
  0
VERTEX
  5
1F1A
  8
CUT
 10
1794.3197910734305
 20
-2786.1268699711077
 30
0.0
 70
0
  0
VERTEX
  5
1F1B
  8
CUT
 10
1793.670671958394
 20
-2785.9108223851345
 30
0.0
 70
0
  0
VERTEX
  5
1F1C
  8
CUT
 10
1793.0823114671637
 20
-2785.5617319709577
 30
0.0
 70
0
  0
VERTEX
  5
1F1D
  8
CUT
 10
1792.5816013620665
 20
-2785.095554348625
 30
0.0
 70
0
  0
VERTEX
  5
1F1E
  8
CUT
 10
1792.1914272333847
 20
-2784.5335967575043
 30
0.0
 70
0
  0
VERTEX
  5
1F1F
  8
CUT
 10
1791.9296224844336
 20
-2783.9015441818924
 30
0.0
 70
0
  0
VERTEX
  5
1F20
  8
CUT
 10
1791.8081532332474
 20
-2783.2282853862375
 30
0.0
 70
0
  0
VERTEX
  5
1F21
  8
CUT
 10
1791.832571385981
 20
-2782.5445925175254
 30
0.0
 70
0
  0
VERTEX
  5
1F22
  8
CUT
 10
1792.0017608800008
 20
-2781.8817146252827
 30
0.0
 70
0
  0
VERTEX
  5
1F23
  8
CUT
 10
1792.3079886949404
 20
-2781.269949384142
 30
0.0
 70
0
  0
VERTEX
  5
1F24
  8
CUT
 10
1792.7372583002032
 20
-2780.737258300203
 30
0.0
 70
0
  0
VERTEX
  5
1F25
  8
CUT
 10
1793.2699493841421
 20
-2780.3079886949404
 30
0.0
 70
0
  0
VERTEX
  5
1F26
  8
CUT
 10
1793.881714625283
 20
-2780.001760880001
 30
0.0
 70
0
  0
VERTEX
  5
1F27
  8
CUT
 10
1794.5445925175254
 20
-2779.8325713859813
 30
0.0
 70
0
  0
VERTEX
  5
1F28
  8
CUT
 10
1795.2282853862375
 20
-2779.808153233247
 30
0.0
 70
0
  0
VERTEX
  5
1F29
  8
CUT
 10
1795.9015441818926
 20
-2779.929622484434
 30
0.0
 70
0
  0
VERTEX
  5
1F2A
  8
CUT
 10
1796.5335967575043
 20
-2780.1914272333847
 30
0.0
 70
0
  0
VERTEX
  5
1F2B
  8
CUT
 10
1797.0955543486248
 20
-2780.5816013620665
 30
0.0
 70
0
  0
VERTEX
  5
1F2C
  8
CUT
 10
1797.561731970958
 20
-2781.082311467164
 30
0.0
 70
0
  0
VERTEX
  5
1F2D
  8
CUT
 10
1797.9108223851345
 20
-2781.670671958394
 30
0.0
 70
0
  0
VERTEX
  5
1F2E
  8
CUT
 10
1798.1268699711077
 20
-2782.3197910734307
 30
0.0
 70
0
  0
VERTEX
  5
1F2F
  8
CUT
 10
1798.2
 20
-2783.0
 30
0.0
 70
0
  0
VERTEX
  5
1F30
  8
CUT
 10
1813.0
 20
-2783.0
 30
0.0
 70
0
  0
VERTEX
  5
1F31
  8
CUT
 10
1813.0
 20
-2743.0
 30
0.0
 70
0
  0
VERTEX
  5
1F32
  8
CUT
 10
1798.2
 20
-2743.0
 30
0.0
 70
0
  0
VERTEX
  5
1F33
  8
CUT
 10
1798.1268699711077
 20
-2743.6802089265693
 30
0.0
 70
0
  0
VERTEX
  5
1F34
  8
CUT
 10
1797.9108223851345
 20
-2744.329328041606
 30
0.0
 70
0
  0
VERTEX
  5
1F35
  8
CUT
 10
1797.561731970958
 20
-2744.917688532836
 30
0.0
 70
0
  0
VERTEX
  5
1F36
  8
CUT
 10
1797.0955543486248
 20
-2745.4183986379335
 30
0.0
 70
0
  0
VERTEX
  5
1F37
  8
CUT
 10
1796.5335967575043
 20
-2745.8085727666153
 30
0.0
 70
0
  0
VERTEX
  5
1F38
  8
CUT
 10
1795.9015441818926
 20
-2746.070377515566
 30
0.0
 70
0
  0
VERTEX
  5
1F39
  8
CUT
 10
1795.2282853862375
 20
-2746.191846766753
 30
0.0
 70
0
  0
VERTEX
  5
1F3A
  8
CUT
 10
1794.5445925175254
 20
-2746.1674286140187
 30
0.0
 70
0
  0
VERTEX
  5
1F3B
  8
CUT
 10
1793.881714625283
 20
-2745.998239119999
 30
0.0
 70
0
  0
VERTEX
  5
1F3C
  8
CUT
 10
1793.2699493841421
 20
-2745.6920113050596
 30
0.0
 70
0
  0
VERTEX
  5
1F3D
  8
CUT
 10
1792.7372583002032
 20
-2745.262741699797
 30
0.0
 70
0
  0
VERTEX
  5
1F3E
  8
CUT
 10
1792.3079886949404
 20
-2744.730050615858
 30
0.0
 70
0
  0
VERTEX
  5
1F3F
  8
CUT
 10
1792.0017608800008
 20
-2744.1182853747173
 30
0.0
 70
0
  0
VERTEX
  5
1F40
  8
CUT
 10
1791.832571385981
 20
-2743.4554074824746
 30
0.0
 70
0
  0
VERTEX
  5
1F41
  8
CUT
 10
1791.8081532332474
 20
-2742.7717146137625
 30
0.0
 70
0
  0
VERTEX
  5
1F42
  8
CUT
 10
1791.9296224844336
 20
-2742.0984558181076
 30
0.0
 70
0
  0
VERTEX
  5
1F43
  8
CUT
 10
1792.1914272333847
 20
-2741.4664032424957
 30
0.0
 70
0
  0
VERTEX
  5
1F44
  8
CUT
 10
1792.5816013620665
 20
-2740.904445651375
 30
0.0
 70
0
  0
VERTEX
  5
1F45
  8
CUT
 10
1793.0823114671637
 20
-2740.4382680290423
 30
0.0
 70
0
  0
VERTEX
  5
1F46
  8
CUT
 10
1793.670671958394
 20
-2740.0891776148655
 30
0.0
 70
0
  0
VERTEX
  5
1F47
  8
CUT
 10
1794.3197910734305
 20
-2739.8731300288923
 30
0.0
 70
0
  0
VERTEX
  5
1F48
  8
CUT
 10
1795.0
 20
-2739.8
 30
0.0
 70
0
  0
VERTEX
  5
1F49
  8
CUT
 10
1795.0
 20
-2711.0
 30
0.0
 70
0
  0
VERTEX
  5
1F4A
  8
CUT
 10
35.0
 20
-2711.0
 30
0.0
 70
0
  0
VERTEX
  5
1F4B
  8
CUT
 10
35.0
 20
-2739.8
 30
0.0
 70
0
  0
VERTEX
  5
1F4C
  8
CUT
 10
35.680208926569506
 20
-2739.8731300288923
 30
0.0
 70
0
  0
VERTEX
  5
1F4D
  8
CUT
 10
36.32932804160599
 20
-2740.0891776148655
 30
0.0
 70
0
  0
VERTEX
  5
1F4E
  8
CUT
 10
36.91768853283624
 20
-2740.4382680290423
 30
0.0
 70
0
  0
VERTEX
  5
1F4F
  8
CUT
 10
37.41839863793352
 20
-2740.904445651375
 30
0.0
 70
0
  0
VERTEX
  5
1F50
  8
CUT
 10
37.808572766615086
 20
-2741.4664032424957
 30
0.0
 70
0
  0
VERTEX
  5
1F51
  8
CUT
 10
38.070377515566236
 20
-2742.0984558181076
 30
0.0
 70
0
  0
VERTEX
  5
1F52
  8
CUT
 10
38.19184676675263
 20
-2742.7717146137625
 30
0.0
 70
0
  0
VERTEX
  5
1F53
  8
CUT
 10
38.16742861401879
 20
-2743.4554074824746
 30
0.0
 70
0
  0
VERTEX
  5
1F54
  8
CUT
 10
37.998239119999035
 20
-2744.1182853747173
 30
0.0
 70
0
  0
VERTEX
  5
1F55
  8
CUT
 10
37.692011305059566
 20
-2744.730050615858
 30
0.0
 70
0
  0
VERTEX
  5
1F56
  8
CUT
 10
37.262741699796734
 20
-2745.262741699797
 30
0.0
 70
0
  0
VERTEX
  5
1F57
  8
CUT
 10
36.73005061585771
 20
-2745.6920113050596
 30
0.0
 70
0
  0
VERTEX
  5
1F58
  8
CUT
 10
36.11828537471692
 20
-2745.998239119999
 30
0.0
 70
0
  0
VERTEX
  5
1F59
  8
CUT
 10
35.45540748247433
 20
-2746.1674286140187
 30
0.0
 70
0
  0
VERTEX
  5
1F5A
  8
CUT
 10
34.77171461376229
 20
-2746.191846766753
 30
0.0
 70
0
  0
VERTEX
  5
1F5B
  8
CUT
 10
34.09845581810728
 20
-2746.070377515566
 30
0.0
 70
0
  0
VERTEX
  5
1F5C
  8
CUT
 10
33.46640324249571
 20
-2745.8085727666153
 30
0.0
 70
0
  0
VERTEX
  5
1F5D
  8
CUT
 10
32.904445651375
 20
-2745.4183986379335
 30
0.0
 70
0
  0
VERTEX
  5
1F5E
  8
CUT
 10
32.438268029041986
 20
-2744.917688532836
 30
0.0
 70
0
  0
VERTEX
  5
1F5F
  8
CUT
 10
32.08917761486551
 20
-2744.329328041606
 30
0.0
 70
0
  0
VERTEX
  5
1F60
  8
CUT
 10
31.87313002889228
 20
-2743.6802089265693
 30
0.0
 70
0
  0
VERTEX
  5
1F61
  8
CUT
 10
31.80000000000001
 20
-2743.0
 30
0.0
 70
0
  0
VERTEX
  5
1F62
  8
CUT
 10
17.0
 20
-2743.0
 30
0.0
 70
0
  0
SEQEND
  5
1E0E
  8
CUT
  0
POLYLINE
  5
1F63
  8
CUT
 66
1
 10
0.0
 20
0.0
 30
0.0
 70
1
  0
VERTEX
  5
1F65
  8
CUT
 10
356.5
 20
-2383.0
 30
0.0
 70
0
  0
VERTEX
  5
1F66
  8
CUT
 10
210.2
 20
-2383.0
 30
0.0
 70
0
  0
VERTEX
  5
1F67
  8
CUT
 10
210.1268699711077
 20
-2383.6802089265693
 30
0.0
 70
0
  0
VERTEX
  5
1F68
  8
CUT
 10
209.91082238513445
 20
-2384.329328041606
 30
0.0
 70
0
  0
VERTEX
  5
1F69
  8
CUT
 10
209.56173197095796
 20
-2384.917688532836
 30
0.0
 70
0
  0
VERTEX
  5
1F6A
  8
CUT
 10
209.09555434862494
 20
-2385.4183986379335
 30
0.0
 70
0
  0
VERTEX
  5
1F6B
  8
CUT
 10
208.53359675750423
 20
-2385.8085727666153
 30
0.0
 70
0
  0
VERTEX
  5
1F6C
  8
CUT
 10
207.90154418189263
 20
-2386.070377515566
 30
0.0
 70
0
  0
VERTEX
  5
1F6D
  8
CUT
 10
207.22828538623762
 20
-2386.191846766753
 30
0.0
 70
0
  0
VERTEX
  5
1F6E
  8
CUT
 10
206.5445925175256
 20
-2386.1674286140187
 30
0.0
 70
0
  0
VERTEX
  5
1F6F
  8
CUT
 10
205.881714625283
 20
-2385.998239119999
 30
0.0
 70
0
  0
VERTEX
  5
1F70
  8
CUT
 10
205.26994938414222
 20
-2385.6920113050596
 30
0.0
 70
0
  0
VERTEX
  5
1F71
  8
CUT
 10
204.7372583002032
 20
-2385.262741699797
 30
0.0
 70
0
  0
VERTEX
  5
1F72
  8
CUT
 10
204.30798869494038
 20
-2384.7300506158576
 30
0.0
 70
0
  0
VERTEX
  5
1F73
  8
CUT
 10
204.00176088000094
 20
-2384.1182853747173
 30
0.0
 70
0
  0
VERTEX
  5
1F74
  8
CUT
 10
203.8325713859812
 20
-2383.4554074824746
 30
0.0
 70
0
  0
VERTEX
  5
1F75
  8
CUT
 10
203.80815323324737
 20
-2382.7717146137625
 30
0.0
 70
0
  0
VERTEX
  5
1F76
  8
CUT
 10
203.9296224844338
 20
-2382.0984558181076
 30
0.0
 70
0
  0
VERTEX
  5
1F77
  8
CUT
 10
204.19142723338496
 20
-2381.4664032424957
 30
0.0
 70
0
  0
VERTEX
  5
1F78
  8
CUT
 10
204.58160136206652
 20
-2380.904445651375
 30
0.0
 70
0
  0
VERTEX
  5
1F79
  8
CUT
 10
205.08231146716383
 20
-2380.4382680290423
 30
0.0
 70
0
  0
VERTEX
  5
1F7A
  8
CUT
 10
205.67067195839408
 20
-2380.0891776148655
 30
0.0
 70
0
  0
VERTEX
  5
1F7B
  8
CUT
 10
206.3197910734306
 20
-2379.8731300288923
 30
0.0
 70
0
  0
VERTEX
  5
1F7C
  8
CUT
 10
207.0
 20
-2379.8
 30
0.0
 70
0
  0
VERTEX
  5
1F7D
  8
CUT
 10
207.0
 20
-2365.0
 30
0.0
 70
0
  0
VERTEX
  5
1F7E
  8
CUT
 10
167.0
 20
-2365.0
 30
0.0
 70
0
  0
VERTEX
  5
1F7F
  8
CUT
 10
167.0
 20
-2379.8
 30
0.0
 70
0
  0
VERTEX
  5
1F80
  8
CUT
 10
167.6802089265695
 20
-2379.8731300288923
 30
0.0
 70
0
  0
VERTEX
  5
1F81
  8
CUT
 10
168.32932804160598
 20
-2380.0891776148655
 30
0.0
 70
0
  0
VERTEX
  5
1F82
  8
CUT
 10
168.91768853283622
 20
-2380.4382680290423
 30
0.0
 70
0
  0
VERTEX
  5
1F83
  8
CUT
 10
169.41839863793354
 20
-2380.904445651375
 30
0.0
 70
0
  0
VERTEX
  5
1F84
  8
CUT
 10
169.8085727666151
 20
-2381.4664032424957
 30
0.0
 70
0
  0
VERTEX
  5
1F85
  8
CUT
 10
170.07037751556624
 20
-2382.0984558181076
 30
0.0
 70
0
  0
VERTEX
  5
1F86
  8
CUT
 10
170.19184676675263
 20
-2382.7717146137625
 30
0.0
 70
0
  0
VERTEX
  5
1F87
  8
CUT
 10
170.1674286140188
 20
-2383.4554074824746
 30
0.0
 70
0
  0
VERTEX
  5
1F88
  8
CUT
 10
169.99823911999903
 20
-2384.1182853747173
 30
0.0
 70
0
  0
VERTEX
  5
1F89
  8
CUT
 10
169.69201130505957
 20
-2384.730050615858
 30
0.0
 70
0
  0
VERTEX
  5
1F8A
  8
CUT
 10
169.26274169979675
 20
-2385.262741699797
 30
0.0
 70
0
  0
VERTEX
  5
1F8B
  8
CUT
 10
168.7300506158577
 20
-2385.6920113050596
 30
0.0
 70
0
  0
VERTEX
  5
1F8C
  8
CUT
 10
168.11828537471692
 20
-2385.998239119999
 30
0.0
 70
0
  0
VERTEX
  5
1F8D
  8
CUT
 10
167.45540748247433
 20
-2386.1674286140187
 30
0.0
 70
0
  0
VERTEX
  5
1F8E
  8
CUT
 10
166.7717146137623
 20
-2386.191846766753
 30
0.0
 70
0
  0
VERTEX
  5
1F8F
  8
CUT
 10
166.09845581810728
 20
-2386.070377515566
 30
0.0
 70
0
  0
VERTEX
  5
1F90
  8
CUT
 10
165.46640324249572
 20
-2385.8085727666153
 30
0.0
 70
0
  0
VERTEX
  5
1F91
  8
CUT
 10
164.904445651375
 20
-2385.4183986379335
 30
0.0
 70
0
  0
VERTEX
  5
1F92
  8
CUT
 10
164.43826802904198
 20
-2384.917688532836
 30
0.0
 70
0
  0
VERTEX
  5
1F93
  8
CUT
 10
164.08917761486552
 20
-2384.329328041606
 30
0.0
 70
0
  0
VERTEX
  5
1F94
  8
CUT
 10
163.8731300288923
 20
-2383.6802089265693
 30
0.0
 70
0
  0
VERTEX
  5
1F95
  8
CUT
 10
163.8
 20
-2383.0
 30
0.0
 70
0
  0
VERTEX
  5
1F96
  8
CUT
 10
65.5
 20
-2383.0
 30
0.0
 70
0
  0
VERTEX
  5
1F97
  8
CUT
 10
65.5
 20
-2510.8
 30
0.0
 70
0
  0
VERTEX
  5
1F98
  8
CUT
 10
66.1802089265695
 20
-2510.8731300288923
 30
0.0
 70
0
  0
VERTEX
  5
1F99
  8
CUT
 10
66.82932804160599
 20
-2511.0891776148655
 30
0.0
 70
0
  0
VERTEX
  5
1F9A
  8
CUT
 10
67.41768853283624
 20
-2511.4382680290423
 30
0.0
 70
0
  0
VERTEX
  5
1F9B
  8
CUT
 10
67.91839863793354
 20
-2511.904445651375
 30
0.0
 70
0
  0
VERTEX
  5
1F9C
  8
CUT
 10
68.3085727666151
 20
-2512.4664032424957
 30
0.0
 70
0
  0
VERTEX
  5
1F9D
  8
CUT
 10
68.57037751556625
 20
-2513.0984558181076
 30
0.0
 70
0
  0
VERTEX
  5
1F9E
  8
CUT
 10
68.69184676675265
 20
-2513.7717146137625
 30
0.0
 70
0
  0
VERTEX
  5
1F9F
  8
CUT
 10
68.6674286140188
 20
-2514.4554074824746
 30
0.0
 70
0
  0
VERTEX
  5
1FA0
  8
CUT
 10
68.49823911999904
 20
-2515.1182853747173
 30
0.0
 70
0
  0
VERTEX
  5
1FA1
  8
CUT
 10
68.19201130505958
 20
-2515.730050615858
 30
0.0
 70
0
  0
VERTEX
  5
1FA2
  8
CUT
 10
67.76274169979675
 20
-2516.262741699797
 30
0.0
 70
0
  0
VERTEX
  5
1FA3
  8
CUT
 10
67.2300506158577
 20
-2516.6920113050596
 30
0.0
 70
0
  0
VERTEX
  5
1FA4
  8
CUT
 10
66.61828537471692
 20
-2516.998239119999
 30
0.0
 70
0
  0
VERTEX
  5
1FA5
  8
CUT
 10
65.95540748247433
 20
-2517.1674286140187
 30
0.0
 70
0
  0
VERTEX
  5
1FA6
  8
CUT
 10
65.2717146137623
 20
-2517.191846766753
 30
0.0
 70
0
  0
VERTEX
  5
1FA7
  8
CUT
 10
64.59845581810728
 20
-2517.070377515566
 30
0.0
 70
0
  0
VERTEX
  5
1FA8
  8
CUT
 10
63.9664032424957
 20
-2516.8085727666153
 30
0.0
 70
0
  0
VERTEX
  5
1FA9
  8
CUT
 10
63.404445651375
 20
-2516.4183986379335
 30
0.0
 70
0
  0
VERTEX
  5
1FAA
  8
CUT
 10
62.938268029041986
 20
-2515.917688532836
 30
0.0
 70
0
  0
VERTEX
  5
1FAB
  8
CUT
 10
62.589177614865505
 20
-2515.329328041606
 30
0.0
 70
0
  0
VERTEX
  5
1FAC
  8
CUT
 10
62.37313002889228
 20
-2514.6802089265693
 30
0.0
 70
0
  0
VERTEX
  5
1FAD
  8
CUT
 10
62.3
 20
-2514.0
 30
0.0
 70
0
  0
VERTEX
  5
1FAE
  8
CUT
 10
49.7
 20
-2514.0
 30
0.0
 70
0
  0
VERTEX
  5
1FAF
  8
CUT
 10
49.626869971107716
 20
-2514.6802089265693
 30
0.0
 70
0
  0
VERTEX
  5
1FB0
  8
CUT
 10
49.410822385134466
 20
-2515.329328041606
 30
0.0
 70
0
  0
VERTEX
  5
1FB1
  8
CUT
 10
49.06173197095797
 20
-2515.917688532836
 30
0.0
 70
0
  0
VERTEX
  5
1FB2
  8
CUT
 10
48.595554348624944
 20
-2516.4183986379335
 30
0.0
 70
0
  0
VERTEX
  5
1FB3
  8
CUT
 10
48.033596757504235
 20
-2516.8085727666153
 30
0.0
 70
0
  0
VERTEX
  5
1FB4
  8
CUT
 10
47.40154418189264
 20
-2517.070377515566
 30
0.0
 70
0
  0
VERTEX
  5
1FB5
  8
CUT
 10
46.72828538623763
 20
-2517.191846766753
 30
0.0
 70
0
  0
VERTEX
  5
1FB6
  8
CUT
 10
46.044592517525594
 20
-2517.1674286140187
 30
0.0
 70
0
  0
VERTEX
  5
1FB7
  8
CUT
 10
45.38171462528301
 20
-2516.998239119999
 30
0.0
 70
0
  0
VERTEX
  5
1FB8
  8
CUT
 10
44.76994938414223
 20
-2516.6920113050596
 30
0.0
 70
0
  0
VERTEX
  5
1FB9
  8
CUT
 10
44.2372583002032
 20
-2516.262741699797
 30
0.0
 70
0
  0
VERTEX
  5
1FBA
  8
CUT
 10
43.80798869494039
 20
-2515.730050615858
 30
0.0
 70
0
  0
VERTEX
  5
1FBB
  8
CUT
 10
43.50176088000094
 20
-2515.1182853747173
 30
0.0
 70
0
  0
VERTEX
  5
1FBC
  8
CUT
 10
43.3325713859812
 20
-2514.4554074824746
 30
0.0
 70
0
  0
VERTEX
  5
1FBD
  8
CUT
 10
43.30815323324737
 20
-2513.7717146137625
 30
0.0
 70
0
  0
VERTEX
  5
1FBE
  8
CUT
 10
43.429622484433786
 20
-2513.0984558181076
 30
0.0
 70
0
  0
VERTEX
  5
1FBF
  8
CUT
 10
43.69142723338495
 20
-2512.4664032424957
 30
0.0
 70
0
  0
VERTEX
  5
1FC0
  8
CUT
 10
44.081601362066536
 20
-2511.904445651375
 30
0.0
 70
0
  0
VERTEX
  5
1FC1
  8
CUT
 10
44.582311467163834
 20
-2511.4382680290423
 30
0.0
 70
0
  0
VERTEX
  5
1FC2
  8
CUT
 10
45.17067195839409
 20
-2511.0891776148655
 30
0.0
 70
0
  0
VERTEX
  5
1FC3
  8
CUT
 10
45.819791073430586
 20
-2510.8731300288923
 30
0.0
 70
0
  0
VERTEX
  5
1FC4
  8
CUT
 10
46.5
 20
-2510.8
 30
0.0
 70
0
  0
VERTEX
  5
1FC5
  8
CUT
 10
46.5
 20
-2383.0
 30
0.0
 70
0
  0
VERTEX
  5
1FC6
  8
CUT
 10
17.0
 20
-2383.0
 30
0.0
 70
0
  0
VERTEX
  5
1FC7
  8
CUT
 10
17.0
 20
-2695.0
 30
0.0
 70
0
  0
VERTEX
  5
1FC8
  8
CUT
 10
137.0
 20
-2695.0
 30
0.0
 70
0
  0
VERTEX
  5
1FC9
  8
CUT
 10
137.0
 20
-2658.2
 30
0.0
 70
0
  0
VERTEX
  5
1FCA
  8
CUT
 10
136.3197910734305
 20
-2658.1268699711077
 30
0.0
 70
0
  0
VERTEX
  5
1FCB
  8
CUT
 10
135.67067195839402
 20
-2657.9108223851345
 30
0.0
 70
0
  0
VERTEX
  5
1FCC
  8
CUT
 10
135.08231146716378
 20
-2657.5617319709577
 30
0.0
 70
0
  0
VERTEX
  5
1FCD
  8
CUT
 10
134.58160136206646
 20
-2657.095554348625
 30
0.0
 70
0
  0
VERTEX
  5
1FCE
  8
CUT
 10
134.1914272333849
 20
-2656.5335967575043
 30
0.0
 70
0
  0
VERTEX
  5
1FCF
  8
CUT
 10
133.92962248443376
 20
-2655.9015441818924
 30
0.0
 70
0
  0
VERTEX
  5
1FD0
  8
CUT
 10
133.80815323324737
 20
-2655.2282853862375
 30
0.0
 70
0
  0
VERTEX
  5
1FD1
  8
CUT
 10
133.8325713859812
 20
-2654.5445925175254
 30
0.0
 70
0
  0
VERTEX
  5
1FD2
  8
CUT
 10
134.00176088000097
 20
-2653.8817146252827
 30
0.0
 70
0
  0
VERTEX
  5
1FD3
  8
CUT
 10
134.30798869494043
 20
-2653.269949384142
 30
0.0
 70
0
  0
VERTEX
  5
1FD4
  8
CUT
 10
134.73725830020325
 20
-2652.737258300203
 30
0.0
 70
0
  0
VERTEX
  5
1FD5
  8
CUT
 10
135.2699493841423
 20
-2652.3079886949404
 30
0.0
 70
0
  0
VERTEX
  5
1FD6
  8
CUT
 10
135.88171462528308
 20
-2652.001760880001
 30
0.0
 70
0
  0
VERTEX
  5
1FD7
  8
CUT
 10
136.54459251752567
 20
-2651.8325713859813
 30
0.0
 70
0
  0
VERTEX
  5
1FD8
  8
CUT
 10
137.2282853862377
 20
-2651.808153233247
 30
0.0
 70
0
  0
VERTEX
  5
1FD9
  8
CUT
 10
137.90154418189272
 20
-2651.929622484434
 30
0.0
 70
0
  0
VERTEX
  5
1FDA
  8
CUT
 10
138.53359675750428
 20
-2652.1914272333847
 30
0.0
 70
0
  0
VERTEX
  5
1FDB
  8
CUT
 10
139.095554348625
 20
-2652.5816013620665
 30
0.0
 70
0
  0
VERTEX
  5
1FDC
  8
CUT
 10
139.56173197095802
 20
-2653.082311467164
 30
0.0
 70
0
  0
VERTEX
  5
1FDD
  8
CUT
 10
139.91082238513448
 20
-2653.670671958394
 30
0.0
 70
0
  0
VERTEX
  5
1FDE
  8
CUT
 10
140.1268699711077
 20
-2654.3197910734307
 30
0.0
 70
0
  0
VERTEX
  5
1FDF
  8
CUT
 10
140.2
 20
-2655.0
 30
0.0
 70
0
  0
VERTEX
  5
1FE0
  8
CUT
 10
753.8
 20
-2655.0
 30
0.0
 70
0
  0
VERTEX
  5
1FE1
  8
CUT
 10
753.8731300288922
 20
-2654.3197910734307
 30
0.0
 70
0
  0
VERTEX
  5
1FE2
  8
CUT
 10
754.0891776148654
 20
-2653.670671958394
 30
0.0
 70
0
  0
VERTEX
  5
1FE3
  8
CUT
 10
754.438268029042
 20
-2653.082311467164
 30
0.0
 70
0
  0
VERTEX
  5
1FE4
  8
CUT
 10
754.904445651375
 20
-2652.5816013620665
 30
0.0
 70
0
  0
VERTEX
  5
1FE5
  8
CUT
 10
755.4664032424957
 20
-2652.1914272333847
 30
0.0
 70
0
  0
VERTEX
  5
1FE6
  8
CUT
 10
756.0984558181074
 20
-2651.929622484434
 30
0.0
 70
0
  0
VERTEX
  5
1FE7
  8
CUT
 10
756.7717146137624
 20
-2651.808153233247
 30
0.0
 70
0
  0
VERTEX
  5
1FE8
  8
CUT
 10
757.4554074824744
 20
-2651.8325713859813
 30
0.0
 70
0
  0
VERTEX
  5
1FE9
  8
CUT
 10
758.118285374717
 20
-2652.001760880001
 30
0.0
 70
0
  0
VERTEX
  5
1FEA
  8
CUT
 10
758.7300506158577
 20
-2652.3079886949404
 30
0.0
 70
0
  0
VERTEX
  5
1FEB
  8
CUT
 10
759.2627416997968
 20
-2652.737258300203
 30
0.0
 70
0
  0
VERTEX
  5
1FEC
  8
CUT
 10
759.6920113050596
 20
-2653.269949384142
 30
0.0
 70
0
  0
VERTEX
  5
1FED
  8
CUT
 10
759.9982391199991
 20
-2653.8817146252827
 30
0.0
 70
0
  0
VERTEX
  5
1FEE
  8
CUT
 10
760.1674286140188
 20
-2654.5445925175254
 30
0.0
 70
0
  0
VERTEX
  5
1FEF
  8
CUT
 10
760.1918467667526
 20
-2655.2282853862375
 30
0.0
 70
0
  0
VERTEX
  5
1FF0
  8
CUT
 10
760.0703775155662
 20
-2655.9015441818924
 30
0.0
 70
0
  0
VERTEX
  5
1FF1
  8
CUT
 10
759.808572766615
 20
-2656.5335967575043
 30
0.0
 70
0
  0
VERTEX
  5
1FF2
  8
CUT
 10
759.4183986379335
 20
-2657.095554348625
 30
0.0
 70
0
  0
VERTEX
  5
1FF3
  8
CUT
 10
758.9176885328361
 20
-2657.5617319709577
 30
0.0
 70
0
  0
VERTEX
  5
1FF4
  8
CUT
 10
758.3293280416059
 20
-2657.9108223851345
 30
0.0
 70
0
  0
VERTEX
  5
1FF5
  8
CUT
 10
757.6802089265694
 20
-2658.1268699711077
 30
0.0
 70
0
  0
VERTEX
  5
1FF6
  8
CUT
 10
757.0
 20
-2658.2
 30
0.0
 70
0
  0
VERTEX
  5
1FF7
  8
CUT
 10
757.0
 20
-2695.0
 30
0.0
 70
0
  0
VERTEX
  5
1FF8
  8
CUT
 10
877.0
 20
-2695.0
 30
0.0
 70
0
  0
VERTEX
  5
1FF9
  8
CUT
 10
877.0
 20
-2055.0
 30
0.0
 70
0
  0
VERTEX
  5
1FFA
  8
CUT
 10
876.8287
 20
-2049.7677
 30
0.0
 70
0
  0
VERTEX
  5
1FFB
  8
CUT
 10
876.3156
 20
-2044.5579
 30
0.0
 70
0
  0
VERTEX
  5
1FFC
  8
CUT
 10
875.4628
 20
-2039.3928
 30
0.0
 70
0
  0
VERTEX
  5
1FFD
  8
CUT
 10
874.2741
 20
-2034.2945
 30
0.0
 70
0
  0
VERTEX
  5
1FFE
  8
CUT
 10
872.7544
 20
-2029.2848
 30
0.0
 70
0
  0
VERTEX
  5
1FFF
  8
CUT
 10
870.9104
 20
-2024.3853
 30
0.0
 70
0
  0
VERTEX
  5
2000
  8
CUT
 10
868.7498
 20
-2019.6169
 30
0.0
 70
0
  0
VERTEX
  5
2001
  8
CUT
 10
866.282
 20
-2015.0
 30
0.0
 70
0
  0
VERTEX
  5
2002
  8
CUT
 10
863.5176
 20
-2010.5544
 30
0.0
 70
0
  0
VERTEX
  5
2003
  8
CUT
 10
860.4683
 20
-2006.2991
 30
0.0
 70
0
  0
VERTEX
  5
2004
  8
CUT
 10
857.1472
 20
-2002.2523
 30
0.0
 70
0
  0
VERTEX
  5
2005
  8
CUT
 10
853.5685
 20
-1998.4315000000001
 30
0.0
 70
0
  0
VERTEX
  5
2006
  8
CUT
 10
849.7477
 20
-1994.8528000000001
 30
0.0
 70
0
  0
VERTEX
  5
2007
  8
CUT
 10
845.7009
 20
-1991.5317
 30
0.0
 70
0
  0
VERTEX
  5
2008
  8
CUT
 10
841.4456
 20
-1988.4823999999999
 30
0.0
 70
0
  0
VERTEX
  5
2009
  8
CUT
 10
837.0
 20
-1985.7179999999998
 30
0.0
 70
0
  0
VERTEX
  5
200A
  8
CUT
 10
832.3831
 20
-1983.2502
 30
0.0
 70
0
  0
VERTEX
  5
200B
  8
CUT
 10
827.6147
 20
-1981.0896
 30
0.0
 70
0
  0
VERTEX
  5
200C
  8
CUT
 10
822.7152
 20
-1979.2456
 30
0.0
 70
0
  0
VERTEX
  5
200D
  8
CUT
 10
817.7055
 20
-1977.7259
 30
0.0
 70
0
  0
VERTEX
  5
200E
  8
CUT
 10
812.6072
 20
-1976.5372
 30
0.0
 70
0
  0
VERTEX
  5
200F
  8
CUT
 10
807.4421
 20
-1975.6844
 30
0.0
 70
0
  0
VERTEX
  5
2010
  8
CUT
 10
802.2323
 20
-1975.1713
 30
0.0
 70
0
  0
VERTEX
  5
2011
  8
CUT
 10
797.0
 20
-1975.0
 30
0.0
 70
0
  0
VERTEX
  5
2012
  8
CUT
 10
647.0
 20
-1975.0
 30
0.0
 70
0
  0
VERTEX
  5
2013
  8
CUT
 10
647.0
 20
-2379.8
 30
0.0
 70
0
  0
VERTEX
  5
2014
  8
CUT
 10
647.6802089265695
 20
-2379.8731300288923
 30
0.0
 70
0
  0
VERTEX
  5
2015
  8
CUT
 10
648.329328041606
 20
-2380.0891776148655
 30
0.0
 70
0
  0
VERTEX
  5
2016
  8
CUT
 10
648.9176885328362
 20
-2380.4382680290423
 30
0.0
 70
0
  0
VERTEX
  5
2017
  8
CUT
 10
649.4183986379336
 20
-2380.904445651375
 30
0.0
 70
0
  0
VERTEX
  5
2018
  8
CUT
 10
649.808572766615
 20
-2381.4664032424957
 30
0.0
 70
0
  0
VERTEX
  5
2019
  8
CUT
 10
650.0703775155663
 20
-2382.0984558181076
 30
0.0
 70
0
  0
VERTEX
  5
201A
  8
CUT
 10
650.1918467667526
 20
-2382.7717146137625
 30
0.0
 70
0
  0
VERTEX
  5
201B
  8
CUT
 10
650.1674286140188
 20
-2383.4554074824746
 30
0.0
 70
0
  0
VERTEX
  5
201C
  8
CUT
 10
649.998239119999
 20
-2384.1182853747173
 30
0.0
 70
0
  0
VERTEX
  5
201D
  8
CUT
 10
649.6920113050595
 20
-2384.730050615858
 30
0.0
 70
0
  0
VERTEX
  5
201E
  8
CUT
 10
649.2627416997967
 20
-2385.262741699797
 30
0.0
 70
0
  0
VERTEX
  5
201F
  8
CUT
 10
648.7300506158576
 20
-2385.6920113050596
 30
0.0
 70
0
  0
VERTEX
  5
2020
  8
CUT
 10
648.1182853747168
 20
-2385.998239119999
 30
0.0
 70
0
  0
VERTEX
  5
2021
  8
CUT
 10
647.4554074824742
 20
-2386.1674286140187
 30
0.0
 70
0
  0
VERTEX
  5
2022
  8
CUT
 10
646.7717146137622
 20
-2386.191846766753
 30
0.0
 70
0
  0
VERTEX
  5
2023
  8
CUT
 10
646.0984558181073
 20
-2386.070377515566
 30
0.0
 70
0
  0
VERTEX
  5
2024
  8
CUT
 10
645.4664032424956
 20
-2385.8085727666153
 30
0.0
 70
0
  0
VERTEX
  5
2025
  8
CUT
 10
644.9044456513749
 20
-2385.4183986379335
 30
0.0
 70
0
  0
VERTEX
  5
2026
  8
CUT
 10
644.4382680290419
 20
-2384.917688532836
 30
0.0
 70
0
  0
VERTEX
  5
2027
  8
CUT
 10
644.0891776148654
 20
-2384.329328041606
 30
0.0
 70
0
  0
VERTEX
  5
2028
  8
CUT
 10
643.8731300288922
 20
-2383.6802089265693
 30
0.0
 70
0
  0
VERTEX
  5
2029
  8
CUT
 10
643.8
 20
-2383.0
 30
0.0
 70
0
  0
VERTEX
  5
202A
  8
CUT
 10
635.5
 20
-2383.0
 30
0.0
 70
0
  0
VERTEX
  5
202B
  8
CUT
 10
635.5
 20
-2485.8
 30
0.0
 70
0
  0
VERTEX
  5
202C
  8
CUT
 10
636.1802089265695
 20
-2485.8731300288923
 30
0.0
 70
0
  0
VERTEX
  5
202D
  8
CUT
 10
636.829328041606
 20
-2486.0891776148655
 30
0.0
 70
0
  0
VERTEX
  5
202E
  8
CUT
 10
637.4176885328362
 20
-2486.4382680290423
 30
0.0
 70
0
  0
VERTEX
  5
202F
  8
CUT
 10
637.9183986379336
 20
-2486.904445651375
 30
0.0
 70
0
  0
VERTEX
  5
2030
  8
CUT
 10
638.308572766615
 20
-2487.4664032424957
 30
0.0
 70
0
  0
VERTEX
  5
2031
  8
CUT
 10
638.5703775155663
 20
-2488.0984558181076
 30
0.0
 70
0
  0
VERTEX
  5
2032
  8
CUT
 10
638.6918467667526
 20
-2488.7717146137625
 30
0.0
 70
0
  0
VERTEX
  5
2033
  8
CUT
 10
638.6674286140188
 20
-2489.4554074824746
 30
0.0
 70
0
  0
VERTEX
  5
2034
  8
CUT
 10
638.498239119999
 20
-2490.1182853747173
 30
0.0
 70
0
  0
VERTEX
  5
2035
  8
CUT
 10
638.1920113050595
 20
-2490.730050615858
 30
0.0
 70
0
  0
VERTEX
  5
2036
  8
CUT
 10
637.7627416997967
 20
-2491.262741699797
 30
0.0
 70
0
  0
VERTEX
  5
2037
  8
CUT
 10
637.2300506158576
 20
-2491.6920113050596
 30
0.0
 70
0
  0
VERTEX
  5
2038
  8
CUT
 10
636.6182853747168
 20
-2491.998239119999
 30
0.0
 70
0
  0
VERTEX
  5
2039
  8
CUT
 10
635.9554074824742
 20
-2492.1674286140187
 30
0.0
 70
0
  0
VERTEX
  5
203A
  8
CUT
 10
635.2717146137622
 20
-2492.191846766753
 30
0.0
 70
0
  0
VERTEX
  5
203B
  8
CUT
 10
634.5984558181073
 20
-2492.070377515566
 30
0.0
 70
0
  0
VERTEX
  5
203C
  8
CUT
 10
633.9664032424956
 20
-2491.8085727666153
 30
0.0
 70
0
  0
VERTEX
  5
203D
  8
CUT
 10
633.4044456513749
 20
-2491.4183986379335
 30
0.0
 70
0
  0
VERTEX
  5
203E
  8
CUT
 10
632.9382680290419
 20
-2490.917688532836
 30
0.0
 70
0
  0
VERTEX
  5
203F
  8
CUT
 10
632.5891776148654
 20
-2490.329328041606
 30
0.0
 70
0
  0
VERTEX
  5
2040
  8
CUT
 10
632.3731300288922
 20
-2489.6802089265693
 30
0.0
 70
0
  0
VERTEX
  5
2041
  8
CUT
 10
632.3
 20
-2489.0
 30
0.0
 70
0
  0
VERTEX
  5
2042
  8
CUT
 10
619.7
 20
-2489.0
 30
0.0
 70
0
  0
VERTEX
  5
2043
  8
CUT
 10
619.6268699711078
 20
-2489.6802089265693
 30
0.0
 70
0
  0
VERTEX
  5
2044
  8
CUT
 10
619.4108223851346
 20
-2490.329328041606
 30
0.0
 70
0
  0
VERTEX
  5
2045
  8
CUT
 10
619.061731970958
 20
-2490.917688532836
 30
0.0
 70
0
  0
VERTEX
  5
2046
  8
CUT
 10
618.595554348625
 20
-2491.4183986379335
 30
0.0
 70
0
  0
VERTEX
  5
2047
  8
CUT
 10
618.0335967575043
 20
-2491.8085727666153
 30
0.0
 70
0
  0
VERTEX
  5
2048
  8
CUT
 10
617.4015441818926
 20
-2492.070377515566
 30
0.0
 70
0
  0
VERTEX
  5
2049
  8
CUT
 10
616.7282853862376
 20
-2492.191846766753
 30
0.0
 70
0
  0
VERTEX
  5
204A
  8
CUT
 10
616.0445925175256
 20
-2492.1674286140187
 30
0.0
 70
0
  0
VERTEX
  5
204B
  8
CUT
 10
615.381714625283
 20
-2491.998239119999
 30
0.0
 70
0
  0
VERTEX
  5
204C
  8
CUT
 10
614.7699493841423
 20
-2491.6920113050596
 30
0.0
 70
0
  0
VERTEX
  5
204D
  8
CUT
 10
614.2372583002032
 20
-2491.262741699797
 30
0.0
 70
0
  0
VERTEX
  5
204E
  8
CUT
 10
613.8079886949404
 20
-2490.730050615858
 30
0.0
 70
0
  0
VERTEX
  5
204F
  8
CUT
 10
613.5017608800009
 20
-2490.1182853747173
 30
0.0
 70
0
  0
VERTEX
  5
2050
  8
CUT
 10
613.3325713859812
 20
-2489.4554074824746
 30
0.0
 70
0
  0
VERTEX
  5
2051
  8
CUT
 10
613.3081532332474
 20
-2488.7717146137625
 30
0.0
 70
0
  0
VERTEX
  5
2052
  8
CUT
 10
613.4296224844338
 20
-2488.0984558181076
 30
0.0
 70
0
  0
VERTEX
  5
2053
  8
CUT
 10
613.691427233385
 20
-2487.4664032424957
 30
0.0
 70
0
  0
VERTEX
  5
2054
  8
CUT
 10
614.0816013620665
 20
-2486.904445651375
 30
0.0
 70
0
  0
VERTEX
  5
2055
  8
CUT
 10
614.5823114671639
 20
-2486.4382680290423
 30
0.0
 70
0
  0
VERTEX
  5
2056
  8
CUT
 10
615.1706719583941
 20
-2486.0891776148655
 30
0.0
 70
0
  0
VERTEX
  5
2057
  8
CUT
 10
615.8197910734306
 20
-2485.8731300288923
 30
0.0
 70
0
  0
VERTEX
  5
2058
  8
CUT
 10
616.5
 20
-2485.8
 30
0.0
 70
0
  0
VERTEX
  5
2059
  8
CUT
 10
616.5
 20
-2383.0
 30
0.0
 70
0
  0
VERTEX
  5
205A
  8
CUT
 10
510.2
 20
-2383.0
 30
0.0
 70
0
  0
VERTEX
  5
205B
  8
CUT
 10
510.12686997110774
 20
-2383.6802089265693
 30
0.0
 70
0
  0
VERTEX
  5
205C
  8
CUT
 10
509.9108223851345
 20
-2384.329328041606
 30
0.0
 70
0
  0
VERTEX
  5
205D
  8
CUT
 10
509.56173197095796
 20
-2384.917688532836
 30
0.0
 70
0
  0
VERTEX
  5
205E
  8
CUT
 10
509.09555434862494
 20
-2385.4183986379335
 30
0.0
 70
0
  0
VERTEX
  5
205F
  8
CUT
 10
508.53359675750426
 20
-2385.8085727666153
 30
0.0
 70
0
  0
VERTEX
  5
2060
  8
CUT
 10
507.9015441818927
 20
-2386.070377515566
 30
0.0
 70
0
  0
VERTEX
  5
2061
  8
CUT
 10
507.22828538623764
 20
-2386.191846766753
 30
0.0
 70
0
  0
VERTEX
  5
2062
  8
CUT
 10
506.54459251752564
 20
-2386.1674286140187
 30
0.0
 70
0
  0
VERTEX
  5
2063
  8
CUT
 10
505.88171462528305
 20
-2385.998239119999
 30
0.0
 70
0
  0
VERTEX
  5
2064
  8
CUT
 10
505.26994938414225
 20
-2385.6920113050596
 30
0.0
 70
0
  0
VERTEX
  5
2065
  8
CUT
 10
504.7372583002032
 20
-2385.262741699797
 30
0.0
 70
0
  0
VERTEX
  5
2066
  8
CUT
 10
504.30798869494043
 20
-2384.7300506158576
 30
0.0
 70
0
  0
VERTEX
  5
2067
  8
CUT
 10
504.001760880001
 20
-2384.1182853747173
 30
0.0
 70
0
  0
VERTEX
  5
2068
  8
CUT
 10
503.8325713859812
 20
-2383.4554074824746
 30
0.0
 70
0
  0
VERTEX
  5
2069
  8
CUT
 10
503.8081532332474
 20
-2382.7717146137625
 30
0.0
 70
0
  0
VERTEX
  5
206A
  8
CUT
 10
503.9296224844338
 20
-2382.0984558181076
 30
0.0
 70
0
  0
VERTEX
  5
206B
  8
CUT
 10
504.19142723338496
 20
-2381.4664032424957
 30
0.0
 70
0
  0
VERTEX
  5
206C
  8
CUT
 10
504.5816013620666
 20
-2380.904445651375
 30
0.0
 70
0
  0
VERTEX
  5
206D
  8
CUT
 10
505.08231146716383
 20
-2380.4382680290423
 30
0.0
 70
0
  0
VERTEX
  5
206E
  8
CUT
 10
505.6706719583941
 20
-2380.0891776148655
 30
0.0
 70
0
  0
VERTEX
  5
206F
  8
CUT
 10
506.3197910734306
 20
-2379.8731300288923
 30
0.0
 70
0
  0
VERTEX
  5
2070
  8
CUT
 10
507.0
 20
-2379.8
 30
0.0
 70
0
  0
VERTEX
  5
2071
  8
CUT
 10
507.0
 20
-2365.0
 30
0.0
 70
0
  0
VERTEX
  5
2072
  8
CUT
 10
467.0
 20
-2365.0
 30
0.0
 70
0
  0
VERTEX
  5
2073
  8
CUT
 10
467.0
 20
-2379.8
 30
0.0
 70
0
  0
VERTEX
  5
2074
  8
CUT
 10
467.6802089265695
 20
-2379.8731300288923
 30
0.0
 70
0
  0
VERTEX
  5
2075
  8
CUT
 10
468.329328041606
 20
-2380.0891776148655
 30
0.0
 70
0
  0
VERTEX
  5
2076
  8
CUT
 10
468.9176885328362
 20
-2380.4382680290423
 30
0.0
 70
0
  0
VERTEX
  5
2077
  8
CUT
 10
469.41839863793354
 20
-2380.904445651375
 30
0.0
 70
0
  0
VERTEX
  5
2078
  8
CUT
 10
469.8085727666151
 20
-2381.4664032424957
 30
0.0
 70
0
  0
VERTEX
  5
2079
  8
CUT
 10
470.07037751556624
 20
-2382.0984558181076
 30
0.0
 70
0
  0
VERTEX
  5
207A
  8
CUT
 10
470.19184676675263
 20
-2382.7717146137625
 30
0.0
 70
0
  0
VERTEX
  5
207B
  8
CUT
 10
470.1674286140188
 20
-2383.4554074824746
 30
0.0
 70
0
  0
VERTEX
  5
207C
  8
CUT
 10
469.99823911999897
 20
-2384.1182853747173
 30
0.0
 70
0
  0
VERTEX
  5
207D
  8
CUT
 10
469.6920113050595
 20
-2384.730050615858
 30
0.0
 70
0
  0
VERTEX
  5
207E
  8
CUT
 10
469.26274169979666
 20
-2385.262741699797
 30
0.0
 70
0
  0
VERTEX
  5
207F
  8
CUT
 10
468.73005061585764
 20
-2385.6920113050596
 30
0.0
 70
0
  0
VERTEX
  5
2080
  8
CUT
 10
468.11828537471683
 20
-2385.998239119999
 30
0.0
 70
0
  0
VERTEX
  5
2081
  8
CUT
 10
467.4554074824743
 20
-2386.1674286140187
 30
0.0
 70
0
  0
VERTEX
  5
2082
  8
CUT
 10
466.77171461376224
 20
-2386.191846766753
 30
0.0
 70
0
  0
VERTEX
  5
2083
  8
CUT
 10
466.09845581810725
 20
-2386.070377515566
 30
0.0
 70
0
  0
VERTEX
  5
2084
  8
CUT
 10
465.46640324249563
 20
-2385.8085727666153
 30
0.0
 70
0
  0
VERTEX
  5
2085
  8
CUT
 10
464.90444565137494
 20
-2385.4183986379335
 30
0.0
 70
0
  0
VERTEX
  5
2086
  8
CUT
 10
464.4382680290419
 20
-2384.917688532836
 30
0.0
 70
0
  0
VERTEX
  5
2087
  8
CUT
 10
464.0891776148655
 20
-2384.329328041606
 30
0.0
 70
0
  0
VERTEX
  5
2088
  8
CUT
 10
463.87313002889226
 20
-2383.6802089265693
 30
0.0
 70
0
  0
VERTEX
  5
2089
  8
CUT
 10
463.8
 20
-2383.0
 30
0.0
 70
0
  0
VERTEX
  5
208A
  8
CUT
 10
375.5
 20
-2383.0
 30
0.0
 70
0
  0
VERTEX
  5
208B
  8
CUT
 10
375.5
 20
-2460.8
 30
0.0
 70
0
  0
VERTEX
  5
208C
  8
CUT
 10
376.1802089265695
 20
-2460.8731300288923
 30
0.0
 70
0
  0
VERTEX
  5
208D
  8
CUT
 10
376.829328041606
 20
-2461.0891776148655
 30
0.0
 70
0
  0
VERTEX
  5
208E
  8
CUT
 10
377.4176885328362
 20
-2461.4382680290423
 30
0.0
 70
0
  0
VERTEX
  5
208F
  8
CUT
 10
377.91839863793354
 20
-2461.904445651375
 30
0.0
 70
0
  0
VERTEX
  5
2090
  8
CUT
 10
378.3085727666151
 20
-2462.4664032424957
 30
0.0
 70
0
  0
VERTEX
  5
2091
  8
CUT
 10
378.57037751556624
 20
-2463.0984558181076
 30
0.0
 70
0
  0
VERTEX
  5
2092
  8
CUT
 10
378.69184676675263
 20
-2463.7717146137625
 30
0.0
 70
0
  0
VERTEX
  5
2093
  8
CUT
 10
378.6674286140188
 20
-2464.4554074824746
 30
0.0
 70
0
  0
VERTEX
  5
2094
  8
CUT
 10
378.49823911999897
 20
-2465.1182853747173
 30
0.0
 70
0
  0
VERTEX
  5
2095
  8
CUT
 10
378.1920113050595
 20
-2465.730050615858
 30
0.0
 70
0
  0
VERTEX
  5
2096
  8
CUT
 10
377.76274169979666
 20
-2466.262741699797
 30
0.0
 70
0
  0
VERTEX
  5
2097
  8
CUT
 10
377.23005061585764
 20
-2466.6920113050596
 30
0.0
 70
0
  0
VERTEX
  5
2098
  8
CUT
 10
376.61828537471683
 20
-2466.998239119999
 30
0.0
 70
0
  0
VERTEX
  5
2099
  8
CUT
 10
375.9554074824743
 20
-2467.1674286140187
 30
0.0
 70
0
  0
VERTEX
  5
209A
  8
CUT
 10
375.27171461376224
 20
-2467.191846766753
 30
0.0
 70
0
  0
VERTEX
  5
209B
  8
CUT
 10
374.59845581810725
 20
-2467.070377515566
 30
0.0
 70
0
  0
VERTEX
  5
209C
  8
CUT
 10
373.96640324249563
 20
-2466.8085727666153
 30
0.0
 70
0
  0
VERTEX
  5
209D
  8
CUT
 10
373.40444565137494
 20
-2466.4183986379335
 30
0.0
 70
0
  0
VERTEX
  5
209E
  8
CUT
 10
372.9382680290419
 20
-2465.917688532836
 30
0.0
 70
0
  0
VERTEX
  5
209F
  8
CUT
 10
372.5891776148655
 20
-2465.329328041606
 30
0.0
 70
0
  0
VERTEX
  5
20A0
  8
CUT
 10
372.37313002889226
 20
-2464.6802089265693
 30
0.0
 70
0
  0
VERTEX
  5
20A1
  8
CUT
 10
372.3
 20
-2464.0
 30
0.0
 70
0
  0
VERTEX
  5
20A2
  8
CUT
 10
359.7
 20
-2464.0
 30
0.0
 70
0
  0
VERTEX
  5
20A3
  8
CUT
 10
359.62686997110774
 20
-2464.6802089265693
 30
0.0
 70
0
  0
VERTEX
  5
20A4
  8
CUT
 10
359.4108223851345
 20
-2465.329328041606
 30
0.0
 70
0
  0
VERTEX
  5
20A5
  8
CUT
 10
359.06173197095796
 20
-2465.917688532836
 30
0.0
 70
0
  0
VERTEX
  5
20A6
  8
CUT
 10
358.59555434862494
 20
-2466.4183986379335
 30
0.0
 70
0
  0
VERTEX
  5
20A7
  8
CUT
 10
358.03359675750426
 20
-2466.8085727666153
 30
0.0
 70
0
  0
VERTEX
  5
20A8
  8
CUT
 10
357.4015441818927
 20
-2467.070377515566
 30
0.0
 70
0
  0
VERTEX
  5
20A9
  8
CUT
 10
356.72828538623764
 20
-2467.191846766753
 30
0.0
 70
0
  0
VERTEX
  5
20AA
  8
CUT
 10
356.04459251752564
 20
-2467.1674286140187
 30
0.0
 70
0
  0
VERTEX
  5
20AB
  8
CUT
 10
355.38171462528305
 20
-2466.998239119999
 30
0.0
 70
0
  0
VERTEX
  5
20AC
  8
CUT
 10
354.76994938414225
 20
-2466.6920113050596
 30
0.0
 70
0
  0
VERTEX
  5
20AD
  8
CUT
 10
354.2372583002032
 20
-2466.262741699797
 30
0.0
 70
0
  0
VERTEX
  5
20AE
  8
CUT
 10
353.80798869494043
 20
-2465.7300506158576
 30
0.0
 70
0
  0
VERTEX
  5
20AF
  8
CUT
 10
353.501760880001
 20
-2465.1182853747173
 30
0.0
 70
0
  0
VERTEX
  5
20B0
  8
CUT
 10
353.3325713859812
 20
-2464.4554074824746
 30
0.0
 70
0
  0
VERTEX
  5
20B1
  8
CUT
 10
353.3081532332474
 20
-2463.7717146137625
 30
0.0
 70
0
  0
VERTEX
  5
20B2
  8
CUT
 10
353.4296224844338
 20
-2463.0984558181076
 30
0.0
 70
0
  0
VERTEX
  5
20B3
  8
CUT
 10
353.69142723338496
 20
-2462.4664032424957
 30
0.0
 70
0
  0
VERTEX
  5
20B4
  8
CUT
 10
354.0816013620666
 20
-2461.904445651375
 30
0.0
 70
0
  0
VERTEX
  5
20B5
  8
CUT
 10
354.58231146716383
 20
-2461.4382680290423
 30
0.0
 70
0
  0
VERTEX
  5
20B6
  8
CUT
 10
355.1706719583941
 20
-2461.0891776148655
 30
0.0
 70
0
  0
VERTEX
  5
20B7
  8
CUT
 10
355.8197910734306
 20
-2460.8731300288923
 30
0.0
 70
0
  0
VERTEX
  5
20B8
  8
CUT
 10
356.5
 20
-2460.8
 30
0.0
 70
0
  0
SEQEND
  5
1F64
  8
CUT
  0
POLYLINE
  5
20B9
  8
CUT
 66
1
 10
0.0
 20
0.0
 30
0.0
 70
1
  0
VERTEX
  5
20BB
  8
CUT
 10
676.5
 20
-2352.3
 30
0.0
 70
0
  0
VERTEX
  5
20BC
  8
CUT
 10
675.8197910734305
 20
-2352.3731300288923
 30
0.0
 70
0
  0
VERTEX
  5
20BD
  8
CUT
 10
675.170671958394
 20
-2352.5891776148655
 30
0.0
 70
0
  0
VERTEX
  5
20BE
  8
CUT
 10
674.5823114671638
 20
-2352.9382680290423
 30
0.0
 70
0
  0
VERTEX
  5
20BF
  8
CUT
 10
674.0816013620665
 20
-2353.404445651375
 30
0.0
 70
0
  0
VERTEX
  5
20C0
  8
CUT
 10
673.691427233385
 20
-2353.9664032424957
 30
0.0
 70
0
  0
VERTEX
  5
20C1
  8
CUT
 10
673.4296224844337
 20
-2354.5984558181076
 30
0.0
 70
0
  0
VERTEX
  5
20C2
  8
CUT
 10
673.3081532332474
 20
-2355.2717146137625
 30
0.0
 70
0
  0
VERTEX
  5
20C3
  8
CUT
 10
673.3325713859812
 20
-2355.9554074824746
 30
0.0
 70
0
  0
VERTEX
  5
20C4
  8
CUT
 10
673.501760880001
 20
-2356.6182853747173
 30
0.0
 70
0
  0
VERTEX
  5
20C5
  8
CUT
 10
673.8079886949405
 20
-2357.230050615858
 30
0.0
 70
0
  0
VERTEX
  5
20C6
  8
CUT
 10
674.2372583002033
 20
-2357.762741699797
 30
0.0
 70
0
  0
VERTEX
  5
20C7
  8
CUT
 10
674.7699493841424
 20
-2358.1920113050596
 30
0.0
 70
0
  0
VERTEX
  5
20C8
  8
CUT
 10
675.3817146252832
 20
-2358.498239119999
 30
0.0
 70
0
  0
VERTEX
  5
20C9
  8
CUT
 10
676.0445925175258
 20
-2358.6674286140187
 30
0.0
 70
0
  0
VERTEX
  5
20CA
  8
CUT
 10
676.7282853862378
 20
-2358.691846766753
 30
0.0
 70
0
  0
VERTEX
  5
20CB
  8
CUT
 10
677.4015441818927
 20
-2358.570377515566
 30
0.0
 70
0
  0
VERTEX
  5
20CC
  8
CUT
 10
678.0335967575044
 20
-2358.3085727666153
 30
0.0
 70
0
  0
VERTEX
  5
20CD
  8
CUT
 10
678.5955543486251
 20
-2357.9183986379335
 30
0.0
 70
0
  0
VERTEX
  5
20CE
  8
CUT
 10
679.0617319709581
 20
-2357.417688532836
 30
0.0
 70
0
  0
VERTEX
  5
20CF
  8
CUT
 10
679.4108223851346
 20
-2356.829328041606
 30
0.0
 70
0
  0
VERTEX
  5
20D0
  8
CUT
 10
679.6268699711078
 20
-2356.1802089265693
 30
0.0
 70
0
  0
VERTEX
  5
20D1
  8
CUT
 10
679.7
 20
-2355.5
 30
0.0
 70
0
  0
VERTEX
  5
20D2
  8
CUT
 10
692.3
 20
-2355.5
 30
0.0
 70
0
  0
VERTEX
  5
20D3
  8
CUT
 10
692.3731300288922
 20
-2356.1802089265693
 30
0.0
 70
0
  0
VERTEX
  5
20D4
  8
CUT
 10
692.5891776148654
 20
-2356.829328041606
 30
0.0
 70
0
  0
VERTEX
  5
20D5
  8
CUT
 10
692.938268029042
 20
-2357.417688532836
 30
0.0
 70
0
  0
VERTEX
  5
20D6
  8
CUT
 10
693.404445651375
 20
-2357.9183986379335
 30
0.0
 70
0
  0
VERTEX
  5
20D7
  8
CUT
 10
693.9664032424957
 20
-2358.3085727666153
 30
0.0
 70
0
  0
VERTEX
  5
20D8
  8
CUT
 10
694.5984558181074
 20
-2358.570377515566
 30
0.0
 70
0
  0
VERTEX
  5
20D9
  8
CUT
 10
695.2717146137624
 20
-2358.691846766753
 30
0.0
 70
0
  0
VERTEX
  5
20DA
  8
CUT
 10
695.9554074824744
 20
-2358.6674286140187
 30
0.0
 70
0
  0
VERTEX
  5
20DB
  8
CUT
 10
696.618285374717
 20
-2358.498239119999
 30
0.0
 70
0
  0
VERTEX
  5
20DC
  8
CUT
 10
697.2300506158577
 20
-2358.1920113050596
 30
0.0
 70
0
  0
VERTEX
  5
20DD
  8
CUT
 10
697.7627416997968
 20
-2357.762741699797
 30
0.0
 70
0
  0
VERTEX
  5
20DE
  8
CUT
 10
698.1920113050596
 20
-2357.230050615858
 30
0.0
 70
0
  0
VERTEX
  5
20DF
  8
CUT
 10
698.4982391199991
 20
-2356.6182853747173
 30
0.0
 70
0
  0
VERTEX
  5
20E0
  8
CUT
 10
698.6674286140188
 20
-2355.9554074824746
 30
0.0
 70
0
  0
VERTEX
  5
20E1
  8
CUT
 10
698.6918467667526
 20
-2355.2717146137625
 30
0.0
 70
0
  0
VERTEX
  5
20E2
  8
CUT
 10
698.5703775155662
 20
-2354.5984558181076
 30
0.0
 70
0
  0
VERTEX
  5
20E3
  8
CUT
 10
698.308572766615
 20
-2353.9664032424957
 30
0.0
 70
0
  0
VERTEX
  5
20E4
  8
CUT
 10
697.9183986379335
 20
-2353.404445651375
 30
0.0
 70
0
  0
VERTEX
  5
20E5
  8
CUT
 10
697.4176885328361
 20
-2352.9382680290423
 30
0.0
 70
0
  0
VERTEX
  5
20E6
  8
CUT
 10
696.8293280416059
 20
-2352.5891776148655
 30
0.0
 70
0
  0
VERTEX
  5
20E7
  8
CUT
 10
696.1802089265694
 20
-2352.3731300288923
 30
0.0
 70
0
  0
VERTEX
  5
20E8
  8
CUT
 10
695.5
 20
-2352.3
 30
0.0
 70
0
  0
VERTEX
  5
20E9
  8
CUT
 10
695.5
 20
-2317.7
 30
0.0
 70
0
  0
VERTEX
  5
20EA
  8
CUT
 10
696.1802089265695
 20
-2317.6268699711077
 30
0.0
 70
0
  0
VERTEX
  5
20EB
  8
CUT
 10
696.829328041606
 20
-2317.4108223851345
 30
0.0
 70
0
  0
VERTEX
  5
20EC
  8
CUT
 10
697.4176885328362
 20
-2317.0617319709577
 30
0.0
 70
0
  0
VERTEX
  5
20ED
  8
CUT
 10
697.9183986379336
 20
-2316.595554348625
 30
0.0
 70
0
  0
VERTEX
  5
20EE
  8
CUT
 10
698.308572766615
 20
-2316.0335967575043
 30
0.0
 70
0
  0
VERTEX
  5
20EF
  8
CUT
 10
698.5703775155663
 20
-2315.4015441818924
 30
0.0
 70
0
  0
VERTEX
  5
20F0
  8
CUT
 10
698.6918467667526
 20
-2314.7282853862375
 30
0.0
 70
0
  0
VERTEX
  5
20F1
  8
CUT
 10
698.6674286140188
 20
-2314.0445925175254
 30
0.0
 70
0
  0
VERTEX
  5
20F2
  8
CUT
 10
698.498239119999
 20
-2313.3817146252827
 30
0.0
 70
0
  0
VERTEX
  5
20F3
  8
CUT
 10
698.1920113050595
 20
-2312.769949384142
 30
0.0
 70
0
  0
VERTEX
  5
20F4
  8
CUT
 10
697.7627416997967
 20
-2312.237258300203
 30
0.0
 70
0
  0
VERTEX
  5
20F5
  8
CUT
 10
697.2300506158576
 20
-2311.8079886949404
 30
0.0
 70
0
  0
VERTEX
  5
20F6
  8
CUT
 10
696.6182853747168
 20
-2311.501760880001
 30
0.0
 70
0
  0
VERTEX
  5
20F7
  8
CUT
 10
695.9554074824742
 20
-2311.3325713859813
 30
0.0
 70
0
  0
VERTEX
  5
20F8
  8
CUT
 10
695.2717146137622
 20
-2311.308153233247
 30
0.0
 70
0
  0
VERTEX
  5
20F9
  8
CUT
 10
694.5984558181073
 20
-2311.429622484434
 30
0.0
 70
0
  0
VERTEX
  5
20FA
  8
CUT
 10
693.9664032424956
 20
-2311.6914272333847
 30
0.0
 70
0
  0
VERTEX
  5
20FB
  8
CUT
 10
693.4044456513749
 20
-2312.0816013620665
 30
0.0
 70
0
  0
VERTEX
  5
20FC
  8
CUT
 10
692.9382680290419
 20
-2312.582311467164
 30
0.0
 70
0
  0
VERTEX
  5
20FD
  8
CUT
 10
692.5891776148654
 20
-2313.170671958394
 30
0.0
 70
0
  0
VERTEX
  5
20FE
  8
CUT
 10
692.3731300288922
 20
-2313.8197910734307
 30
0.0
 70
0
  0
VERTEX
  5
20FF
  8
CUT
 10
692.3
 20
-2314.5
 30
0.0
 70
0
  0
VERTEX
  5
2100
  8
CUT
 10
679.7
 20
-2314.5
 30
0.0
 70
0
  0
VERTEX
  5
2101
  8
CUT
 10
679.6268699711078
 20
-2313.8197910734307
 30
0.0
 70
0
  0
VERTEX
  5
2102
  8
CUT
 10
679.4108223851346
 20
-2313.170671958394
 30
0.0
 70
0
  0
VERTEX
  5
2103
  8
CUT
 10
679.061731970958
 20
-2312.582311467164
 30
0.0
 70
0
  0
VERTEX
  5
2104
  8
CUT
 10
678.595554348625
 20
-2312.0816013620665
 30
0.0
 70
0
  0
VERTEX
  5
2105
  8
CUT
 10
678.0335967575043
 20
-2311.6914272333847
 30
0.0
 70
0
  0
VERTEX
  5
2106
  8
CUT
 10
677.4015441818926
 20
-2311.429622484434
 30
0.0
 70
0
  0
VERTEX
  5
2107
  8
CUT
 10
676.7282853862376
 20
-2311.308153233247
 30
0.0
 70
0
  0
VERTEX
  5
2108
  8
CUT
 10
676.0445925175256
 20
-2311.3325713859813
 30
0.0
 70
0
  0
VERTEX
  5
2109
  8
CUT
 10
675.381714625283
 20
-2311.501760880001
 30
0.0
 70
0
  0
VERTEX
  5
210A
  8
CUT
 10
674.7699493841423
 20
-2311.8079886949404
 30
0.0
 70
0
  0
VERTEX
  5
210B
  8
CUT
 10
674.2372583002032
 20
-2312.237258300203
 30
0.0
 70
0
  0
VERTEX
  5
210C
  8
CUT
 10
673.8079886949404
 20
-2312.769949384142
 30
0.0
 70
0
  0
VERTEX
  5
210D
  8
CUT
 10
673.5017608800009
 20
-2313.3817146252827
 30
0.0
 70
0
  0
VERTEX
  5
210E
  8
CUT
 10
673.3325713859812
 20
-2314.0445925175254
 30
0.0
 70
0
  0
VERTEX
  5
210F
  8
CUT
 10
673.3081532332474
 20
-2314.7282853862375
 30
0.0
 70
0
  0
VERTEX
  5
2110
  8
CUT
 10
673.4296224844338
 20
-2315.4015441818924
 30
0.0
 70
0
  0
VERTEX
  5
2111
  8
CUT
 10
673.691427233385
 20
-2316.0335967575043
 30
0.0
 70
0
  0
VERTEX
  5
2112
  8
CUT
 10
674.0816013620665
 20
-2316.595554348625
 30
0.0
 70
0
  0
VERTEX
  5
2113
  8
CUT
 10
674.5823114671639
 20
-2317.0617319709577
 30
0.0
 70
0
  0
VERTEX
  5
2114
  8
CUT
 10
675.1706719583941
 20
-2317.4108223851345
 30
0.0
 70
0
  0
VERTEX
  5
2115
  8
CUT
 10
675.8197910734306
 20
-2317.6268699711077
 30
0.0
 70
0
  0
VERTEX
  5
2116
  8
CUT
 10
676.5
 20
-2317.7
 30
0.0
 70
0
  0
SEQEND
  5
20BA
  8
CUT
  0
POLYLINE
  5
2117
  8
CUT
 66
1
 10
0.0
 20
0.0
 30
0.0
 70
1
  0
VERTEX
  5
2119
  8
CUT
 10
676.5
 20
-2212.3
 30
0.0
 70
0
  0
VERTEX
  5
211A
  8
CUT
 10
675.8197910734305
 20
-2212.3731300288923
 30
0.0
 70
0
  0
VERTEX
  5
211B
  8
CUT
 10
675.170671958394
 20
-2212.5891776148655
 30
0.0
 70
0
  0
VERTEX
  5
211C
  8
CUT
 10
674.5823114671638
 20
-2212.9382680290423
 30
0.0
 70
0
  0
VERTEX
  5
211D
  8
CUT
 10
674.0816013620665
 20
-2213.404445651375
 30
0.0
 70
0
  0
VERTEX
  5
211E
  8
CUT
 10
673.691427233385
 20
-2213.9664032424957
 30
0.0
 70
0
  0
VERTEX
  5
211F
  8
CUT
 10
673.4296224844337
 20
-2214.5984558181076
 30
0.0
 70
0
  0
VERTEX
  5
2120
  8
CUT
 10
673.3081532332474
 20
-2215.2717146137625
 30
0.0
 70
0
  0
VERTEX
  5
2121
  8
CUT
 10
673.3325713859812
 20
-2215.9554074824746
 30
0.0
 70
0
  0
VERTEX
  5
2122
  8
CUT
 10
673.501760880001
 20
-2216.6182853747173
 30
0.0
 70
0
  0
VERTEX
  5
2123
  8
CUT
 10
673.8079886949405
 20
-2217.230050615858
 30
0.0
 70
0
  0
VERTEX
  5
2124
  8
CUT
 10
674.2372583002033
 20
-2217.762741699797
 30
0.0
 70
0
  0
VERTEX
  5
2125
  8
CUT
 10
674.7699493841424
 20
-2218.1920113050596
 30
0.0
 70
0
  0
VERTEX
  5
2126
  8
CUT
 10
675.3817146252832
 20
-2218.498239119999
 30
0.0
 70
0
  0
VERTEX
  5
2127
  8
CUT
 10
676.0445925175258
 20
-2218.6674286140187
 30
0.0
 70
0
  0
VERTEX
  5
2128
  8
CUT
 10
676.7282853862378
 20
-2218.691846766753
 30
0.0
 70
0
  0
VERTEX
  5
2129
  8
CUT
 10
677.4015441818927
 20
-2218.570377515566
 30
0.0
 70
0
  0
VERTEX
  5
212A
  8
CUT
 10
678.0335967575044
 20
-2218.3085727666153
 30
0.0
 70
0
  0
VERTEX
  5
212B
  8
CUT
 10
678.5955543486251
 20
-2217.9183986379335
 30
0.0
 70
0
  0
VERTEX
  5
212C
  8
CUT
 10
679.0617319709581
 20
-2217.417688532836
 30
0.0
 70
0
  0
VERTEX
  5
212D
  8
CUT
 10
679.4108223851346
 20
-2216.829328041606
 30
0.0
 70
0
  0
VERTEX
  5
212E
  8
CUT
 10
679.6268699711078
 20
-2216.1802089265693
 30
0.0
 70
0
  0
VERTEX
  5
212F
  8
CUT
 10
679.7
 20
-2215.5
 30
0.0
 70
0
  0
VERTEX
  5
2130
  8
CUT
 10
692.3
 20
-2215.5
 30
0.0
 70
0
  0
VERTEX
  5
2131
  8
CUT
 10
692.3731300288922
 20
-2216.1802089265693
 30
0.0
 70
0
  0
VERTEX
  5
2132
  8
CUT
 10
692.5891776148654
 20
-2216.829328041606
 30
0.0
 70
0
  0
VERTEX
  5
2133
  8
CUT
 10
692.938268029042
 20
-2217.417688532836
 30
0.0
 70
0
  0
VERTEX
  5
2134
  8
CUT
 10
693.404445651375
 20
-2217.9183986379335
 30
0.0
 70
0
  0
VERTEX
  5
2135
  8
CUT
 10
693.9664032424957
 20
-2218.3085727666153
 30
0.0
 70
0
  0
VERTEX
  5
2136
  8
CUT
 10
694.5984558181074
 20
-2218.570377515566
 30
0.0
 70
0
  0
VERTEX
  5
2137
  8
CUT
 10
695.2717146137624
 20
-2218.691846766753
 30
0.0
 70
0
  0
VERTEX
  5
2138
  8
CUT
 10
695.9554074824744
 20
-2218.6674286140187
 30
0.0
 70
0
  0
VERTEX
  5
2139
  8
CUT
 10
696.618285374717
 20
-2218.498239119999
 30
0.0
 70
0
  0
VERTEX
  5
213A
  8
CUT
 10
697.2300506158577
 20
-2218.1920113050596
 30
0.0
 70
0
  0
VERTEX
  5
213B
  8
CUT
 10
697.7627416997968
 20
-2217.762741699797
 30
0.0
 70
0
  0
VERTEX
  5
213C
  8
CUT
 10
698.1920113050596
 20
-2217.230050615858
 30
0.0
 70
0
  0
VERTEX
  5
213D
  8
CUT
 10
698.4982391199991
 20
-2216.6182853747173
 30
0.0
 70
0
  0
VERTEX
  5
213E
  8
CUT
 10
698.6674286140188
 20
-2215.9554074824746
 30
0.0
 70
0
  0
VERTEX
  5
213F
  8
CUT
 10
698.6918467667526
 20
-2215.2717146137625
 30
0.0
 70
0
  0
VERTEX
  5
2140
  8
CUT
 10
698.5703775155662
 20
-2214.5984558181076
 30
0.0
 70
0
  0
VERTEX
  5
2141
  8
CUT
 10
698.308572766615
 20
-2213.9664032424957
 30
0.0
 70
0
  0
VERTEX
  5
2142
  8
CUT
 10
697.9183986379335
 20
-2213.404445651375
 30
0.0
 70
0
  0
VERTEX
  5
2143
  8
CUT
 10
697.4176885328361
 20
-2212.9382680290423
 30
0.0
 70
0
  0
VERTEX
  5
2144
  8
CUT
 10
696.8293280416059
 20
-2212.5891776148655
 30
0.0
 70
0
  0
VERTEX
  5
2145
  8
CUT
 10
696.1802089265694
 20
-2212.3731300288923
 30
0.0
 70
0
  0
VERTEX
  5
2146
  8
CUT
 10
695.5
 20
-2212.3
 30
0.0
 70
0
  0
VERTEX
  5
2147
  8
CUT
 10
695.5
 20
-2177.7
 30
0.0
 70
0
  0
VERTEX
  5
2148
  8
CUT
 10
696.1802089265695
 20
-2177.6268699711077
 30
0.0
 70
0
  0
VERTEX
  5
2149
  8
CUT
 10
696.829328041606
 20
-2177.4108223851345
 30
0.0
 70
0
  0
VERTEX
  5
214A
  8
CUT
 10
697.4176885328362
 20
-2177.0617319709577
 30
0.0
 70
0
  0
VERTEX
  5
214B
  8
CUT
 10
697.9183986379336
 20
-2176.595554348625
 30
0.0
 70
0
  0
VERTEX
  5
214C
  8
CUT
 10
698.308572766615
 20
-2176.0335967575043
 30
0.0
 70
0
  0
VERTEX
  5
214D
  8
CUT
 10
698.5703775155663
 20
-2175.4015441818924
 30
0.0
 70
0
  0
VERTEX
  5
214E
  8
CUT
 10
698.6918467667526
 20
-2174.7282853862375
 30
0.0
 70
0
  0
VERTEX
  5
214F
  8
CUT
 10
698.6674286140188
 20
-2174.0445925175254
 30
0.0
 70
0
  0
VERTEX
  5
2150
  8
CUT
 10
698.498239119999
 20
-2173.3817146252827
 30
0.0
 70
0
  0
VERTEX
  5
2151
  8
CUT
 10
698.1920113050595
 20
-2172.769949384142
 30
0.0
 70
0
  0
VERTEX
  5
2152
  8
CUT
 10
697.7627416997967
 20
-2172.237258300203
 30
0.0
 70
0
  0
VERTEX
  5
2153
  8
CUT
 10
697.2300506158576
 20
-2171.8079886949404
 30
0.0
 70
0
  0
VERTEX
  5
2154
  8
CUT
 10
696.6182853747168
 20
-2171.501760880001
 30
0.0
 70
0
  0
VERTEX
  5
2155
  8
CUT
 10
695.9554074824742
 20
-2171.3325713859813
 30
0.0
 70
0
  0
VERTEX
  5
2156
  8
CUT
 10
695.2717146137622
 20
-2171.308153233247
 30
0.0
 70
0
  0
VERTEX
  5
2157
  8
CUT
 10
694.5984558181073
 20
-2171.429622484434
 30
0.0
 70
0
  0
VERTEX
  5
2158
  8
CUT
 10
693.9664032424956
 20
-2171.6914272333847
 30
0.0
 70
0
  0
VERTEX
  5
2159
  8
CUT
 10
693.4044456513749
 20
-2172.0816013620665
 30
0.0
 70
0
  0
VERTEX
  5
215A
  8
CUT
 10
692.9382680290419
 20
-2172.582311467164
 30
0.0
 70
0
  0
VERTEX
  5
215B
  8
CUT
 10
692.5891776148654
 20
-2173.170671958394
 30
0.0
 70
0
  0
VERTEX
  5
215C
  8
CUT
 10
692.3731300288922
 20
-2173.8197910734307
 30
0.0
 70
0
  0
VERTEX
  5
215D
  8
CUT
 10
692.3
 20
-2174.5
 30
0.0
 70
0
  0
VERTEX
  5
215E
  8
CUT
 10
679.7
 20
-2174.5
 30
0.0
 70
0
  0
VERTEX
  5
215F
  8
CUT
 10
679.6268699711078
 20
-2173.8197910734307
 30
0.0
 70
0
  0
VERTEX
  5
2160
  8
CUT
 10
679.4108223851346
 20
-2173.170671958394
 30
0.0
 70
0
  0
VERTEX
  5
2161
  8
CUT
 10
679.061731970958
 20
-2172.582311467164
 30
0.0
 70
0
  0
VERTEX
  5
2162
  8
CUT
 10
678.595554348625
 20
-2172.0816013620665
 30
0.0
 70
0
  0
VERTEX
  5
2163
  8
CUT
 10
678.0335967575043
 20
-2171.6914272333847
 30
0.0
 70
0
  0
VERTEX
  5
2164
  8
CUT
 10
677.4015441818926
 20
-2171.429622484434
 30
0.0
 70
0
  0
VERTEX
  5
2165
  8
CUT
 10
676.7282853862376
 20
-2171.308153233247
 30
0.0
 70
0
  0
VERTEX
  5
2166
  8
CUT
 10
676.0445925175256
 20
-2171.3325713859813
 30
0.0
 70
0
  0
VERTEX
  5
2167
  8
CUT
 10
675.381714625283
 20
-2171.501760880001
 30
0.0
 70
0
  0
VERTEX
  5
2168
  8
CUT
 10
674.7699493841423
 20
-2171.8079886949404
 30
0.0
 70
0
  0
VERTEX
  5
2169
  8
CUT
 10
674.2372583002032
 20
-2172.237258300203
 30
0.0
 70
0
  0
VERTEX
  5
216A
  8
CUT
 10
673.8079886949404
 20
-2172.769949384142
 30
0.0
 70
0
  0
VERTEX
  5
216B
  8
CUT
 10
673.5017608800009
 20
-2173.3817146252827
 30
0.0
 70
0
  0
VERTEX
  5
216C
  8
CUT
 10
673.3325713859812
 20
-2174.0445925175254
 30
0.0
 70
0
  0
VERTEX
  5
216D
  8
CUT
 10
673.3081532332474
 20
-2174.7282853862375
 30
0.0
 70
0
  0
VERTEX
  5
216E
  8
CUT
 10
673.4296224844338
 20
-2175.4015441818924
 30
0.0
 70
0
  0
VERTEX
  5
216F
  8
CUT
 10
673.691427233385
 20
-2176.0335967575043
 30
0.0
 70
0
  0
VERTEX
  5
2170
  8
CUT
 10
674.0816013620665
 20
-2176.595554348625
 30
0.0
 70
0
  0
VERTEX
  5
2171
  8
CUT
 10
674.5823114671639
 20
-2177.0617319709577
 30
0.0
 70
0
  0
VERTEX
  5
2172
  8
CUT
 10
675.1706719583941
 20
-2177.4108223851345
 30
0.0
 70
0
  0
VERTEX
  5
2173
  8
CUT
 10
675.8197910734306
 20
-2177.6268699711077
 30
0.0
 70
0
  0
VERTEX
  5
2174
  8
CUT
 10
676.5
 20
-2177.7
 30
0.0
 70
0
  0
SEQEND
  5
2118
  8
CUT
  0
POLYLINE
  5
2175
  8
CUT
 66
1
 10
0.0
 20
0.0
 30
0.0
 70
1
  0
VERTEX
  5
2177
  8
CUT
 10
676.5
 20
-2282.3
 30
0.0
 70
0
  0
VERTEX
  5
2178
  8
CUT
 10
675.8197910734305
 20
-2282.3731300288923
 30
0.0
 70
0
  0
VERTEX
  5
2179
  8
CUT
 10
675.170671958394
 20
-2282.5891776148655
 30
0.0
 70
0
  0
VERTEX
  5
217A
  8
CUT
 10
674.5823114671638
 20
-2282.9382680290423
 30
0.0
 70
0
  0
VERTEX
  5
217B
  8
CUT
 10
674.0816013620665
 20
-2283.404445651375
 30
0.0
 70
0
  0
VERTEX
  5
217C
  8
CUT
 10
673.691427233385
 20
-2283.9664032424957
 30
0.0
 70
0
  0
VERTEX
  5
217D
  8
CUT
 10
673.4296224844337
 20
-2284.5984558181076
 30
0.0
 70
0
  0
VERTEX
  5
217E
  8
CUT
 10
673.3081532332474
 20
-2285.2717146137625
 30
0.0
 70
0
  0
VERTEX
  5
217F
  8
CUT
 10
673.3325713859812
 20
-2285.9554074824746
 30
0.0
 70
0
  0
VERTEX
  5
2180
  8
CUT
 10
673.501760880001
 20
-2286.6182853747173
 30
0.0
 70
0
  0
VERTEX
  5
2181
  8
CUT
 10
673.8079886949405
 20
-2287.230050615858
 30
0.0
 70
0
  0
VERTEX
  5
2182
  8
CUT
 10
674.2372583002033
 20
-2287.762741699797
 30
0.0
 70
0
  0
VERTEX
  5
2183
  8
CUT
 10
674.7699493841424
 20
-2288.1920113050596
 30
0.0
 70
0
  0
VERTEX
  5
2184
  8
CUT
 10
675.3817146252832
 20
-2288.498239119999
 30
0.0
 70
0
  0
VERTEX
  5
2185
  8
CUT
 10
676.0445925175258
 20
-2288.6674286140187
 30
0.0
 70
0
  0
VERTEX
  5
2186
  8
CUT
 10
676.7282853862378
 20
-2288.691846766753
 30
0.0
 70
0
  0
VERTEX
  5
2187
  8
CUT
 10
677.4015441818927
 20
-2288.570377515566
 30
0.0
 70
0
  0
VERTEX
  5
2188
  8
CUT
 10
678.0335967575044
 20
-2288.3085727666153
 30
0.0
 70
0
  0
VERTEX
  5
2189
  8
CUT
 10
678.5955543486251
 20
-2287.9183986379335
 30
0.0
 70
0
  0
VERTEX
  5
218A
  8
CUT
 10
679.0617319709581
 20
-2287.417688532836
 30
0.0
 70
0
  0
VERTEX
  5
218B
  8
CUT
 10
679.4108223851346
 20
-2286.829328041606
 30
0.0
 70
0
  0
VERTEX
  5
218C
  8
CUT
 10
679.6268699711078
 20
-2286.1802089265693
 30
0.0
 70
0
  0
VERTEX
  5
218D
  8
CUT
 10
679.7
 20
-2285.5
 30
0.0
 70
0
  0
VERTEX
  5
218E
  8
CUT
 10
692.3
 20
-2285.5
 30
0.0
 70
0
  0
VERTEX
  5
218F
  8
CUT
 10
692.3731300288922
 20
-2286.1802089265693
 30
0.0
 70
0
  0
VERTEX
  5
2190
  8
CUT
 10
692.5891776148654
 20
-2286.829328041606
 30
0.0
 70
0
  0
VERTEX
  5
2191
  8
CUT
 10
692.938268029042
 20
-2287.417688532836
 30
0.0
 70
0
  0
VERTEX
  5
2192
  8
CUT
 10
693.404445651375
 20
-2287.9183986379335
 30
0.0
 70
0
  0
VERTEX
  5
2193
  8
CUT
 10
693.9664032424957
 20
-2288.3085727666153
 30
0.0
 70
0
  0
VERTEX
  5
2194
  8
CUT
 10
694.5984558181074
 20
-2288.570377515566
 30
0.0
 70
0
  0
VERTEX
  5
2195
  8
CUT
 10
695.2717146137624
 20
-2288.691846766753
 30
0.0
 70
0
  0
VERTEX
  5
2196
  8
CUT
 10
695.9554074824744
 20
-2288.6674286140187
 30
0.0
 70
0
  0
VERTEX
  5
2197
  8
CUT
 10
696.618285374717
 20
-2288.498239119999
 30
0.0
 70
0
  0
VERTEX
  5
2198
  8
CUT
 10
697.2300506158577
 20
-2288.1920113050596
 30
0.0
 70
0
  0
VERTEX
  5
2199
  8
CUT
 10
697.7627416997968
 20
-2287.762741699797
 30
0.0
 70
0
  0
VERTEX
  5
219A
  8
CUT
 10
698.1920113050596
 20
-2287.230050615858
 30
0.0
 70
0
  0
VERTEX
  5
219B
  8
CUT
 10
698.4982391199991
 20
-2286.6182853747173
 30
0.0
 70
0
  0
VERTEX
  5
219C
  8
CUT
 10
698.6674286140188
 20
-2285.9554074824746
 30
0.0
 70
0
  0
VERTEX
  5
219D
  8
CUT
 10
698.6918467667526
 20
-2285.2717146137625
 30
0.0
 70
0
  0
VERTEX
  5
219E
  8
CUT
 10
698.5703775155662
 20
-2284.5984558181076
 30
0.0
 70
0
  0
VERTEX
  5
219F
  8
CUT
 10
698.308572766615
 20
-2283.9664032424957
 30
0.0
 70
0
  0
VERTEX
  5
21A0
  8
CUT
 10
697.9183986379335
 20
-2283.404445651375
 30
0.0
 70
0
  0
VERTEX
  5
21A1
  8
CUT
 10
697.4176885328361
 20
-2282.9382680290423
 30
0.0
 70
0
  0
VERTEX
  5
21A2
  8
CUT
 10
696.8293280416059
 20
-2282.5891776148655
 30
0.0
 70
0
  0
VERTEX
  5
21A3
  8
CUT
 10
696.1802089265694
 20
-2282.3731300288923
 30
0.0
 70
0
  0
VERTEX
  5
21A4
  8
CUT
 10
695.5
 20
-2282.3
 30
0.0
 70
0
  0
VERTEX
  5
21A5
  8
CUT
 10
695.5
 20
-2247.7
 30
0.0
 70
0
  0
VERTEX
  5
21A6
  8
CUT
 10
696.1802089265695
 20
-2247.6268699711077
 30
0.0
 70
0
  0
VERTEX
  5
21A7
  8
CUT
 10
696.829328041606
 20
-2247.4108223851345
 30
0.0
 70
0
  0
VERTEX
  5
21A8
  8
CUT
 10
697.4176885328362
 20
-2247.0617319709577
 30
0.0
 70
0
  0
VERTEX
  5
21A9
  8
CUT
 10
697.9183986379336
 20
-2246.595554348625
 30
0.0
 70
0
  0
VERTEX
  5
21AA
  8
CUT
 10
698.308572766615
 20
-2246.0335967575043
 30
0.0
 70
0
  0
VERTEX
  5
21AB
  8
CUT
 10
698.5703775155663
 20
-2245.4015441818924
 30
0.0
 70
0
  0
VERTEX
  5
21AC
  8
CUT
 10
698.6918467667526
 20
-2244.7282853862375
 30
0.0
 70
0
  0
VERTEX
  5
21AD
  8
CUT
 10
698.6674286140188
 20
-2244.0445925175254
 30
0.0
 70
0
  0
VERTEX
  5
21AE
  8
CUT
 10
698.498239119999
 20
-2243.3817146252827
 30
0.0
 70
0
  0
VERTEX
  5
21AF
  8
CUT
 10
698.1920113050595
 20
-2242.769949384142
 30
0.0
 70
0
  0
VERTEX
  5
21B0
  8
CUT
 10
697.7627416997967
 20
-2242.237258300203
 30
0.0
 70
0
  0
VERTEX
  5
21B1
  8
CUT
 10
697.2300506158576
 20
-2241.8079886949404
 30
0.0
 70
0
  0
VERTEX
  5
21B2
  8
CUT
 10
696.6182853747168
 20
-2241.501760880001
 30
0.0
 70
0
  0
VERTEX
  5
21B3
  8
CUT
 10
695.9554074824742
 20
-2241.3325713859813
 30
0.0
 70
0
  0
VERTEX
  5
21B4
  8
CUT
 10
695.2717146137622
 20
-2241.308153233247
 30
0.0
 70
0
  0
VERTEX
  5
21B5
  8
CUT
 10
694.5984558181073
 20
-2241.429622484434
 30
0.0
 70
0
  0
VERTEX
  5
21B6
  8
CUT
 10
693.9664032424956
 20
-2241.6914272333847
 30
0.0
 70
0
  0
VERTEX
  5
21B7
  8
CUT
 10
693.4044456513749
 20
-2242.0816013620665
 30
0.0
 70
0
  0
VERTEX
  5
21B8
  8
CUT
 10
692.9382680290419
 20
-2242.582311467164
 30
0.0
 70
0
  0
VERTEX
  5
21B9
  8
CUT
 10
692.5891776148654
 20
-2243.170671958394
 30
0.0
 70
0
  0
VERTEX
  5
21BA
  8
CUT
 10
692.3731300288922
 20
-2243.8197910734307
 30
0.0
 70
0
  0
VERTEX
  5
21BB
  8
CUT
 10
692.3
 20
-2244.5
 30
0.0
 70
0
  0
VERTEX
  5
21BC
  8
CUT
 10
679.7
 20
-2244.5
 30
0.0
 70
0
  0
VERTEX
  5
21BD
  8
CUT
 10
679.6268699711078
 20
-2243.8197910734307
 30
0.0
 70
0
  0
VERTEX
  5
21BE
  8
CUT
 10
679.4108223851346
 20
-2243.170671958394
 30
0.0
 70
0
  0
VERTEX
  5
21BF
  8
CUT
 10
679.061731970958
 20
-2242.582311467164
 30
0.0
 70
0
  0
VERTEX
  5
21C0
  8
CUT
 10
678.595554348625
 20
-2242.0816013620665
 30
0.0
 70
0
  0
VERTEX
  5
21C1
  8
CUT
 10
678.0335967575043
 20
-2241.6914272333847
 30
0.0
 70
0
  0
VERTEX
  5
21C2
  8
CUT
 10
677.4015441818926
 20
-2241.429622484434
 30
0.0
 70
0
  0
VERTEX
  5
21C3
  8
CUT
 10
676.7282853862376
 20
-2241.308153233247
 30
0.0
 70
0
  0
VERTEX
  5
21C4
  8
CUT
 10
676.0445925175256
 20
-2241.3325713859813
 30
0.0
 70
0
  0
VERTEX
  5
21C5
  8
CUT
 10
675.381714625283
 20
-2241.501760880001
 30
0.0
 70
0
  0
VERTEX
  5
21C6
  8
CUT
 10
674.7699493841423
 20
-2241.8079886949404
 30
0.0
 70
0
  0
VERTEX
  5
21C7
  8
CUT
 10
674.2372583002032
 20
-2242.237258300203
 30
0.0
 70
0
  0
VERTEX
  5
21C8
  8
CUT
 10
673.8079886949404
 20
-2242.769949384142
 30
0.0
 70
0
  0
VERTEX
  5
21C9
  8
CUT
 10
673.5017608800009
 20
-2243.3817146252827
 30
0.0
 70
0
  0
VERTEX
  5
21CA
  8
CUT
 10
673.3325713859812
 20
-2244.0445925175254
 30
0.0
 70
0
  0
VERTEX
  5
21CB
  8
CUT
 10
673.3081532332474
 20
-2244.7282853862375
 30
0.0
 70
0
  0
VERTEX
  5
21CC
  8
CUT
 10
673.4296224844338
 20
-2245.4015441818924
 30
0.0
 70
0
  0
VERTEX
  5
21CD
  8
CUT
 10
673.691427233385
 20
-2246.0335967575043
 30
0.0
 70
0
  0
VERTEX
  5
21CE
  8
CUT
 10
674.0816013620665
 20
-2246.595554348625
 30
0.0
 70
0
  0
VERTEX
  5
21CF
  8
CUT
 10
674.5823114671639
 20
-2247.0617319709577
 30
0.0
 70
0
  0
VERTEX
  5
21D0
  8
CUT
 10
675.1706719583941
 20
-2247.4108223851345
 30
0.0
 70
0
  0
VERTEX
  5
21D1
  8
CUT
 10
675.8197910734306
 20
-2247.6268699711077
 30
0.0
 70
0
  0
VERTEX
  5
21D2
  8
CUT
 10
676.5
 20
-2247.7
 30
0.0
 70
0
  0
SEQEND
  5
2176
  8
CUT
  0
POLYLINE
  5
21D3
  8
CUT
 66
1
 10
0.0
 20
0.0
 30
0.0
 70
1
  0
VERTEX
  5
21D5
  8
CUT
 10
676.5
 20
-2152.3
 30
0.0
 70
0
  0
VERTEX
  5
21D6
  8
CUT
 10
675.8197910734305
 20
-2152.3731300288923
 30
0.0
 70
0
  0
VERTEX
  5
21D7
  8
CUT
 10
675.170671958394
 20
-2152.5891776148655
 30
0.0
 70
0
  0
VERTEX
  5
21D8
  8
CUT
 10
674.5823114671638
 20
-2152.9382680290423
 30
0.0
 70
0
  0
VERTEX
  5
21D9
  8
CUT
 10
674.0816013620665
 20
-2153.404445651375
 30
0.0
 70
0
  0
VERTEX
  5
21DA
  8
CUT
 10
673.691427233385
 20
-2153.9664032424957
 30
0.0
 70
0
  0
VERTEX
  5
21DB
  8
CUT
 10
673.4296224844337
 20
-2154.5984558181076
 30
0.0
 70
0
  0
VERTEX
  5
21DC
  8
CUT
 10
673.3081532332474
 20
-2155.2717146137625
 30
0.0
 70
0
  0
VERTEX
  5
21DD
  8
CUT
 10
673.3325713859812
 20
-2155.9554074824746
 30
0.0
 70
0
  0
VERTEX
  5
21DE
  8
CUT
 10
673.501760880001
 20
-2156.6182853747173
 30
0.0
 70
0
  0
VERTEX
  5
21DF
  8
CUT
 10
673.8079886949405
 20
-2157.230050615858
 30
0.0
 70
0
  0
VERTEX
  5
21E0
  8
CUT
 10
674.2372583002033
 20
-2157.762741699797
 30
0.0
 70
0
  0
VERTEX
  5
21E1
  8
CUT
 10
674.7699493841424
 20
-2158.1920113050596
 30
0.0
 70
0
  0
VERTEX
  5
21E2
  8
CUT
 10
675.3817146252832
 20
-2158.498239119999
 30
0.0
 70
0
  0
VERTEX
  5
21E3
  8
CUT
 10
676.0445925175258
 20
-2158.6674286140187
 30
0.0
 70
0
  0
VERTEX
  5
21E4
  8
CUT
 10
676.7282853862378
 20
-2158.691846766753
 30
0.0
 70
0
  0
VERTEX
  5
21E5
  8
CUT
 10
677.4015441818927
 20
-2158.570377515566
 30
0.0
 70
0
  0
VERTEX
  5
21E6
  8
CUT
 10
678.0335967575044
 20
-2158.3085727666153
 30
0.0
 70
0
  0
VERTEX
  5
21E7
  8
CUT
 10
678.5955543486251
 20
-2157.9183986379335
 30
0.0
 70
0
  0
VERTEX
  5
21E8
  8
CUT
 10
679.0617319709581
 20
-2157.417688532836
 30
0.0
 70
0
  0
VERTEX
  5
21E9
  8
CUT
 10
679.4108223851346
 20
-2156.829328041606
 30
0.0
 70
0
  0
VERTEX
  5
21EA
  8
CUT
 10
679.6268699711078
 20
-2156.1802089265693
 30
0.0
 70
0
  0
VERTEX
  5
21EB
  8
CUT
 10
679.7
 20
-2155.5
 30
0.0
 70
0
  0
VERTEX
  5
21EC
  8
CUT
 10
692.3
 20
-2155.5
 30
0.0
 70
0
  0
VERTEX
  5
21ED
  8
CUT
 10
692.3731300288922
 20
-2156.1802089265693
 30
0.0
 70
0
  0
VERTEX
  5
21EE
  8
CUT
 10
692.5891776148654
 20
-2156.829328041606
 30
0.0
 70
0
  0
VERTEX
  5
21EF
  8
CUT
 10
692.938268029042
 20
-2157.417688532836
 30
0.0
 70
0
  0
VERTEX
  5
21F0
  8
CUT
 10
693.404445651375
 20
-2157.9183986379335
 30
0.0
 70
0
  0
VERTEX
  5
21F1
  8
CUT
 10
693.9664032424957
 20
-2158.3085727666153
 30
0.0
 70
0
  0
VERTEX
  5
21F2
  8
CUT
 10
694.5984558181074
 20
-2158.570377515566
 30
0.0
 70
0
  0
VERTEX
  5
21F3
  8
CUT
 10
695.2717146137624
 20
-2158.691846766753
 30
0.0
 70
0
  0
VERTEX
  5
21F4
  8
CUT
 10
695.9554074824744
 20
-2158.6674286140187
 30
0.0
 70
0
  0
VERTEX
  5
21F5
  8
CUT
 10
696.618285374717
 20
-2158.498239119999
 30
0.0
 70
0
  0
VERTEX
  5
21F6
  8
CUT
 10
697.2300506158577
 20
-2158.1920113050596
 30
0.0
 70
0
  0
VERTEX
  5
21F7
  8
CUT
 10
697.7627416997968
 20
-2157.762741699797
 30
0.0
 70
0
  0
VERTEX
  5
21F8
  8
CUT
 10
698.1920113050596
 20
-2157.230050615858
 30
0.0
 70
0
  0
VERTEX
  5
21F9
  8
CUT
 10
698.4982391199991
 20
-2156.6182853747173
 30
0.0
 70
0
  0
VERTEX
  5
21FA
  8
CUT
 10
698.6674286140188
 20
-2155.9554074824746
 30
0.0
 70
0
  0
VERTEX
  5
21FB
  8
CUT
 10
698.6918467667526
 20
-2155.2717146137625
 30
0.0
 70
0
  0
VERTEX
  5
21FC
  8
CUT
 10
698.5703775155662
 20
-2154.5984558181076
 30
0.0
 70
0
  0
VERTEX
  5
21FD
  8
CUT
 10
698.308572766615
 20
-2153.9664032424957
 30
0.0
 70
0
  0
VERTEX
  5
21FE
  8
CUT
 10
697.9183986379335
 20
-2153.404445651375
 30
0.0
 70
0
  0
VERTEX
  5
21FF
  8
CUT
 10
697.4176885328361
 20
-2152.9382680290423
 30
0.0
 70
0
  0
VERTEX
  5
2200
  8
CUT
 10
696.8293280416059
 20
-2152.5891776148655
 30
0.0
 70
0
  0
VERTEX
  5
2201
  8
CUT
 10
696.1802089265694
 20
-2152.3731300288923
 30
0.0
 70
0
  0
VERTEX
  5
2202
  8
CUT
 10
695.5
 20
-2152.3
 30
0.0
 70
0
  0
VERTEX
  5
2203
  8
CUT
 10
695.5
 20
-2117.7
 30
0.0
 70
0
  0
VERTEX
  5
2204
  8
CUT
 10
696.1802089265695
 20
-2117.6268699711077
 30
0.0
 70
0
  0
VERTEX
  5
2205
  8
CUT
 10
696.829328041606
 20
-2117.4108223851345
 30
0.0
 70
0
  0
VERTEX
  5
2206
  8
CUT
 10
697.4176885328362
 20
-2117.0617319709577
 30
0.0
 70
0
  0
VERTEX
  5
2207
  8
CUT
 10
697.9183986379336
 20
-2116.595554348625
 30
0.0
 70
0
  0
VERTEX
  5
2208
  8
CUT
 10
698.308572766615
 20
-2116.0335967575043
 30
0.0
 70
0
  0
VERTEX
  5
2209
  8
CUT
 10
698.5703775155663
 20
-2115.4015441818924
 30
0.0
 70
0
  0
VERTEX
  5
220A
  8
CUT
 10
698.6918467667526
 20
-2114.7282853862375
 30
0.0
 70
0
  0
VERTEX
  5
220B
  8
CUT
 10
698.6674286140188
 20
-2114.0445925175254
 30
0.0
 70
0
  0
VERTEX
  5
220C
  8
CUT
 10
698.498239119999
 20
-2113.3817146252827
 30
0.0
 70
0
  0
VERTEX
  5
220D
  8
CUT
 10
698.1920113050595
 20
-2112.769949384142
 30
0.0
 70
0
  0
VERTEX
  5
220E
  8
CUT
 10
697.7627416997967
 20
-2112.237258300203
 30
0.0
 70
0
  0
VERTEX
  5
220F
  8
CUT
 10
697.2300506158576
 20
-2111.8079886949404
 30
0.0
 70
0
  0
VERTEX
  5
2210
  8
CUT
 10
696.6182853747168
 20
-2111.501760880001
 30
0.0
 70
0
  0
VERTEX
  5
2211
  8
CUT
 10
695.9554074824742
 20
-2111.3325713859813
 30
0.0
 70
0
  0
VERTEX
  5
2212
  8
CUT
 10
695.2717146137622
 20
-2111.308153233247
 30
0.0
 70
0
  0
VERTEX
  5
2213
  8
CUT
 10
694.5984558181073
 20
-2111.429622484434
 30
0.0
 70
0
  0
VERTEX
  5
2214
  8
CUT
 10
693.9664032424956
 20
-2111.6914272333847
 30
0.0
 70
0
  0
VERTEX
  5
2215
  8
CUT
 10
693.4044456513749
 20
-2112.0816013620665
 30
0.0
 70
0
  0
VERTEX
  5
2216
  8
CUT
 10
692.9382680290419
 20
-2112.582311467164
 30
0.0
 70
0
  0
VERTEX
  5
2217
  8
CUT
 10
692.5891776148654
 20
-2113.170671958394
 30
0.0
 70
0
  0
VERTEX
  5
2218
  8
CUT
 10
692.3731300288922
 20
-2113.8197910734307
 30
0.0
 70
0
  0
VERTEX
  5
2219
  8
CUT
 10
692.3
 20
-2114.5
 30
0.0
 70
0
  0
VERTEX
  5
221A
  8
CUT
 10
679.7
 20
-2114.5
 30
0.0
 70
0
  0
VERTEX
  5
221B
  8
CUT
 10
679.6268699711078
 20
-2113.8197910734307
 30
0.0
 70
0
  0
VERTEX
  5
221C
  8
CUT
 10
679.4108223851346
 20
-2113.170671958394
 30
0.0
 70
0
  0
VERTEX
  5
221D
  8
CUT
 10
679.061731970958
 20
-2112.582311467164
 30
0.0
 70
0
  0
VERTEX
  5
221E
  8
CUT
 10
678.595554348625
 20
-2112.0816013620665
 30
0.0
 70
0
  0
VERTEX
  5
221F
  8
CUT
 10
678.0335967575043
 20
-2111.6914272333847
 30
0.0
 70
0
  0
VERTEX
  5
2220
  8
CUT
 10
677.4015441818926
 20
-2111.429622484434
 30
0.0
 70
0
  0
VERTEX
  5
2221
  8
CUT
 10
676.7282853862376
 20
-2111.308153233247
 30
0.0
 70
0
  0
VERTEX
  5
2222
  8
CUT
 10
676.0445925175256
 20
-2111.3325713859813
 30
0.0
 70
0
  0
VERTEX
  5
2223
  8
CUT
 10
675.381714625283
 20
-2111.501760880001
 30
0.0
 70
0
  0
VERTEX
  5
2224
  8
CUT
 10
674.7699493841423
 20
-2111.8079886949404
 30
0.0
 70
0
  0
VERTEX
  5
2225
  8
CUT
 10
674.2372583002032
 20
-2112.237258300203
 30
0.0
 70
0
  0
VERTEX
  5
2226
  8
CUT
 10
673.8079886949404
 20
-2112.769949384142
 30
0.0
 70
0
  0
VERTEX
  5
2227
  8
CUT
 10
673.5017608800009
 20
-2113.3817146252827
 30
0.0
 70
0
  0
VERTEX
  5
2228
  8
CUT
 10
673.3325713859812
 20
-2114.0445925175254
 30
0.0
 70
0
  0
VERTEX
  5
2229
  8
CUT
 10
673.3081532332474
 20
-2114.7282853862375
 30
0.0
 70
0
  0
VERTEX
  5
222A
  8
CUT
 10
673.4296224844338
 20
-2115.4015441818924
 30
0.0
 70
0
  0
VERTEX
  5
222B
  8
CUT
 10
673.691427233385
 20
-2116.0335967575043
 30
0.0
 70
0
  0
VERTEX
  5
222C
  8
CUT
 10
674.0816013620665
 20
-2116.595554348625
 30
0.0
 70
0
  0
VERTEX
  5
222D
  8
CUT
 10
674.5823114671639
 20
-2117.0617319709577
 30
0.0
 70
0
  0
VERTEX
  5
222E
  8
CUT
 10
675.1706719583941
 20
-2117.4108223851345
 30
0.0
 70
0
  0
VERTEX
  5
222F
  8
CUT
 10
675.8197910734306
 20
-2117.6268699711077
 30
0.0
 70
0
  0
VERTEX
  5
2230
  8
CUT
 10
676.5
 20
-2117.7
 30
0.0
 70
0
  0
SEQEND
  5
21D4
  8
CUT
  0
POLYLINE
  5
2231
  8
CUT
 66
1
 10
0.0
 20
0.0
 30
0.0
 70
1
  0
VERTEX
  5
2233
  8
CUT
 10
297.0
 20
-2620.0
 30
0.0
 70
0
  0
VERTEX
  5
2234
  8
CUT
 10
302.8527
 20
-2619.4236
 30
0.0
 70
0
  0
VERTEX
  5
2235
  8
CUT
 10
308.4805
 20
-2617.7164000000002
 30
0.0
 70
0
  0
VERTEX
  5
2236
  8
CUT
 10
313.6671
 20
-2614.9441
 30
0.0
 70
0
  0
VERTEX
  5
2237
  8
CUT
 10
318.2132
 20
-2611.2132
 30
0.0
 70
0
  0
VERTEX
  5
2238
  8
CUT
 10
321.9441
 20
-2606.6671
 30
0.0
 70
0
  0
VERTEX
  5
2239
  8
CUT
 10
324.7164
 20
-2601.4805
 30
0.0
 70
0
  0
VERTEX
  5
223A
  8
CUT
 10
326.4236
 20
-2595.8527
 30
0.0
 70
0
  0
VERTEX
  5
223B
  8
CUT
 10
327.0
 20
-2575.0
 30
0.0
 70
0
  0
VERTEX
  5
223C
  8
CUT
 10
326.4236
 20
-2569.1473
 30
0.0
 70
0
  0
VERTEX
  5
223D
  8
CUT
 10
324.7164
 20
-2563.5195
 30
0.0
 70
0
  0
VERTEX
  5
223E
  8
CUT
 10
321.9441
 20
-2558.3329
 30
0.0
 70
0
  0
VERTEX
  5
223F
  8
CUT
 10
318.2132
 20
-2553.7868
 30
0.0
 70
0
  0
VERTEX
  5
2240
  8
CUT
 10
313.6671
 20
-2550.0559
 30
0.0
 70
0
  0
VERTEX
  5
2241
  8
CUT
 10
308.4805
 20
-2547.2835999999998
 30
0.0
 70
0
  0
VERTEX
  5
2242
  8
CUT
 10
302.8527
 20
-2545.5764
 30
0.0
 70
0
  0
VERTEX
  5
2243
  8
CUT
 10
127.0
 20
-2545.0
 30
0.0
 70
0
  0
VERTEX
  5
2244
  8
CUT
 10
121.1473
 20
-2545.5764
 30
0.0
 70
0
  0
VERTEX
  5
2245
  8
CUT
 10
115.5195
 20
-2547.2835999999998
 30
0.0
 70
0
  0
VERTEX
  5
2246
  8
CUT
 10
110.3329
 20
-2550.0559
 30
0.0
 70
0
  0
VERTEX
  5
2247
  8
CUT
 10
105.7868
 20
-2553.7868
 30
0.0
 70
0
  0
VERTEX
  5
2248
  8
CUT
 10
102.0559
 20
-2558.3329
 30
0.0
 70
0
  0
VERTEX
  5
2249
  8
CUT
 10
99.2836
 20
-2563.5195
 30
0.0
 70
0
  0
VERTEX
  5
224A
  8
CUT
 10
97.5764
 20
-2569.1473
 30
0.0
 70
0
  0
VERTEX
  5
224B
  8
CUT
 10
97.0
 20
-2590.0
 30
0.0
 70
0
  0
VERTEX
  5
224C
  8
CUT
 10
97.5764
 20
-2595.8527
 30
0.0
 70
0
  0
VERTEX
  5
224D
  8
CUT
 10
99.2836
 20
-2601.4805
 30
0.0
 70
0
  0
VERTEX
  5
224E
  8
CUT
 10
102.0559
 20
-2606.6671
 30
0.0
 70
0
  0
VERTEX
  5
224F
  8
CUT
 10
105.7868
 20
-2611.2132
 30
0.0
 70
0
  0
VERTEX
  5
2250
  8
CUT
 10
110.3329
 20
-2614.9441
 30
0.0
 70
0
  0
VERTEX
  5
2251
  8
CUT
 10
115.5195
 20
-2617.7164000000002
 30
0.0
 70
0
  0
VERTEX
  5
2252
  8
CUT
 10
121.1473
 20
-2619.4236
 30
0.0
 70
0
  0
SEQEND
  5
2232
  8
CUT
  0
POLYLINE
  5
2253
  8
CUT
 66
1
 10
0.0
 20
0.0
 30
0.0
 70
1
  0
VERTEX
  5
2255
  8
CUT
 10
557.0
 20
-2620.0
 30
0.0
 70
0
  0
VERTEX
  5
2256
  8
CUT
 10
562.8527
 20
-2619.4236
 30
0.0
 70
0
  0
VERTEX
  5
2257
  8
CUT
 10
568.4805
 20
-2617.7164000000002
 30
0.0
 70
0
  0
VERTEX
  5
2258
  8
CUT
 10
573.6671
 20
-2614.9441
 30
0.0
 70
0
  0
VERTEX
  5
2259
  8
CUT
 10
578.2132
 20
-2611.2132
 30
0.0
 70
0
  0
VERTEX
  5
225A
  8
CUT
 10
581.9441
 20
-2606.6671
 30
0.0
 70
0
  0
VERTEX
  5
225B
  8
CUT
 10
584.7164
 20
-2601.4805
 30
0.0
 70
0
  0
VERTEX
  5
225C
  8
CUT
 10
586.4236
 20
-2595.8527
 30
0.0
 70
0
  0
VERTEX
  5
225D
  8
CUT
 10
587.0
 20
-2555.0
 30
0.0
 70
0
  0
VERTEX
  5
225E
  8
CUT
 10
586.4236
 20
-2549.1473
 30
0.0
 70
0
  0
VERTEX
  5
225F
  8
CUT
 10
584.7164
 20
-2543.5195
 30
0.0
 70
0
  0
VERTEX
  5
2260
  8
CUT
 10
581.9441
 20
-2538.3329
 30
0.0
 70
0
  0
VERTEX
  5
2261
  8
CUT
 10
578.2132
 20
-2533.7868
 30
0.0
 70
0
  0
VERTEX
  5
2262
  8
CUT
 10
573.6671
 20
-2530.0559
 30
0.0
 70
0
  0
VERTEX
  5
2263
  8
CUT
 10
568.4805
 20
-2527.2835999999998
 30
0.0
 70
0
  0
VERTEX
  5
2264
  8
CUT
 10
562.8527
 20
-2525.5764
 30
0.0
 70
0
  0
VERTEX
  5
2265
  8
CUT
 10
437.0
 20
-2525.0
 30
0.0
 70
0
  0
VERTEX
  5
2266
  8
CUT
 10
431.1473
 20
-2525.5764
 30
0.0
 70
0
  0
VERTEX
  5
2267
  8
CUT
 10
425.5195
 20
-2527.2835999999998
 30
0.0
 70
0
  0
VERTEX
  5
2268
  8
CUT
 10
420.3329
 20
-2530.0559
 30
0.0
 70
0
  0
VERTEX
  5
2269
  8
CUT
 10
415.7868
 20
-2533.7868
 30
0.0
 70
0
  0
VERTEX
  5
226A
  8
CUT
 10
412.0559
 20
-2538.3329
 30
0.0
 70
0
  0
VERTEX
  5
226B
  8
CUT
 10
409.2836
 20
-2543.5195
 30
0.0
 70
0
  0
VERTEX
  5
226C
  8
CUT
 10
407.5764
 20
-2549.1473
 30
0.0
 70
0
  0
VERTEX
  5
226D
  8
CUT
 10
407.0
 20
-2590.0
 30
0.0
 70
0
  0
VERTEX
  5
226E
  8
CUT
 10
407.5764
 20
-2595.8527
 30
0.0
 70
0
  0
VERTEX
  5
226F
  8
CUT
 10
409.2836
 20
-2601.4805
 30
0.0
 70
0
  0
VERTEX
  5
2270
  8
CUT
 10
412.0559
 20
-2606.6671
 30
0.0
 70
0
  0
VERTEX
  5
2271
  8
CUT
 10
415.7868
 20
-2611.2132
 30
0.0
 70
0
  0
VERTEX
  5
2272
  8
CUT
 10
420.3329
 20
-2614.9441
 30
0.0
 70
0
  0
VERTEX
  5
2273
  8
CUT
 10
425.5195
 20
-2617.7164000000002
 30
0.0
 70
0
  0
VERTEX
  5
2274
  8
CUT
 10
431.1473
 20
-2619.4236
 30
0.0
 70
0
  0
SEQEND
  5
2254
  8
CUT
  0
POLYLINE
  5
2275
  8
CUT
 66
1
 10
0.0
 20
0.0
 30
0.0
 70
1
  0
VERTEX
  5
2277
  8
CUT
 10
797.0
 20
-2315.0
 30
0.0
 70
0
  0
VERTEX
  5
2278
  8
CUT
 10
802.8527
 20
-2314.4236
 30
0.0
 70
0
  0
VERTEX
  5
2279
  8
CUT
 10
808.4805
 20
-2312.7164000000002
 30
0.0
 70
0
  0
VERTEX
  5
227A
  8
CUT
 10
813.6671
 20
-2309.9440999999997
 30
0.0
 70
0
  0
VERTEX
  5
227B
  8
CUT
 10
818.2132
 20
-2306.2132
 30
0.0
 70
0
  0
VERTEX
  5
227C
  8
CUT
 10
821.9441
 20
-2301.6671
 30
0.0
 70
0
  0
VERTEX
  5
227D
  8
CUT
 10
824.7164
 20
-2296.4805
 30
0.0
 70
0
  0
VERTEX
  5
227E
  8
CUT
 10
826.4236
 20
-2290.8527
 30
0.0
 70
0
  0
VERTEX
  5
227F
  8
CUT
 10
827.0
 20
-2085.0
 30
0.0
 70
0
  0
VERTEX
  5
2280
  8
CUT
 10
826.4236
 20
-2079.1473
 30
0.0
 70
0
  0
VERTEX
  5
2281
  8
CUT
 10
824.7164
 20
-2073.5195
 30
0.0
 70
0
  0
VERTEX
  5
2282
  8
CUT
 10
821.9441
 20
-2068.3329
 30
0.0
 70
0
  0
VERTEX
  5
2283
  8
CUT
 10
818.2132
 20
-2063.7868
 30
0.0
 70
0
  0
VERTEX
  5
2284
  8
CUT
 10
813.6671
 20
-2060.0559
 30
0.0
 70
0
  0
VERTEX
  5
2285
  8
CUT
 10
808.4805
 20
-2057.2835999999998
 30
0.0
 70
0
  0
VERTEX
  5
2286
  8
CUT
 10
802.8527
 20
-2055.5764
 30
0.0
 70
0
  0
VERTEX
  5
2287
  8
CUT
 10
767.0
 20
-2055.0
 30
0.0
 70
0
  0
VERTEX
  5
2288
  8
CUT
 10
761.1473
 20
-2055.5764
 30
0.0
 70
0
  0
VERTEX
  5
2289
  8
CUT
 10
755.5195
 20
-2057.2835999999998
 30
0.0
 70
0
  0
VERTEX
  5
228A
  8
CUT
 10
750.3329
 20
-2060.0559
 30
0.0
 70
0
  0
VERTEX
  5
228B
  8
CUT
 10
745.7868
 20
-2063.7868
 30
0.0
 70
0
  0
VERTEX
  5
228C
  8
CUT
 10
742.0559
 20
-2068.3329
 30
0.0
 70
0
  0
VERTEX
  5
228D
  8
CUT
 10
739.2836
 20
-2073.5195
 30
0.0
 70
0
  0
VERTEX
  5
228E
  8
CUT
 10
737.5764
 20
-2079.1473
 30
0.0
 70
0
  0
VERTEX
  5
228F
  8
CUT
 10
737.0
 20
-2285.0
 30
0.0
 70
0
  0
VERTEX
  5
2290
  8
CUT
 10
737.5764
 20
-2290.8527
 30
0.0
 70
0
  0
VERTEX
  5
2291
  8
CUT
 10
739.2836
 20
-2296.4805
 30
0.0
 70
0
  0
VERTEX
  5
2292
  8
CUT
 10
742.0559
 20
-2301.6671
 30
0.0
 70
0
  0
VERTEX
  5
2293
  8
CUT
 10
745.7868
 20
-2306.2132
 30
0.0
 70
0
  0
VERTEX
  5
2294
  8
CUT
 10
750.3329
 20
-2309.9440999999997
 30
0.0
 70
0
  0
VERTEX
  5
2295
  8
CUT
 10
755.5195
 20
-2312.7164000000002
 30
0.0
 70
0
  0
VERTEX
  5
2296
  8
CUT
 10
761.1473
 20
-2314.4236
 30
0.0
 70
0
  0
SEQEND
  5
2276
  8
CUT
  0
POLYLINE
  5
2297
  8
CUT
 66
1
 10
0.0
 20
0.0
 30
0.0
 70
1
  0
VERTEX
  5
2299
  8
CUT
 10
1245.0
 20
-2259.5
 30
0.0
 70
0
  0
VERTEX
  5
229A
  8
CUT
 10
1245.0
 20
-2405.8
 30
0.0
 70
0
  0
VERTEX
  5
229B
  8
CUT
 10
1245.6802089265695
 20
-2405.8731300288923
 30
0.0
 70
0
  0
VERTEX
  5
229C
  8
CUT
 10
1246.329328041606
 20
-2406.0891776148655
 30
0.0
 70
0
  0
VERTEX
  5
229D
  8
CUT
 10
1246.9176885328363
 20
-2406.4382680290423
 30
0.0
 70
0
  0
VERTEX
  5
229E
  8
CUT
 10
1247.4183986379335
 20
-2406.904445651375
 30
0.0
 70
0
  0
VERTEX
  5
229F
  8
CUT
 10
1247.8085727666153
 20
-2407.4664032424957
 30
0.0
 70
0
  0
VERTEX
  5
22A0
  8
CUT
 10
1248.0703775155664
 20
-2408.0984558181076
 30
0.0
 70
0
  0
VERTEX
  5
22A1
  8
CUT
 10
1248.1918467667526
 20
-2408.7717146137625
 30
0.0
 70
0
  0
VERTEX
  5
22A2
  8
CUT
 10
1248.167428614019
 20
-2409.4554074824746
 30
0.0
 70
0
  0
VERTEX
  5
22A3
  8
CUT
 10
1247.9982391199992
 20
-2410.1182853747173
 30
0.0
 70
0
  0
VERTEX
  5
22A4
  8
CUT
 10
1247.6920113050596
 20
-2410.730050615858
 30
0.0
 70
0
  0
VERTEX
  5
22A5
  8
CUT
 10
1247.2627416997968
 20
-2411.262741699797
 30
0.0
 70
0
  0
VERTEX
  5
22A6
  8
CUT
 10
1246.7300506158579
 20
-2411.6920113050596
 30
0.0
 70
0
  0
VERTEX
  5
22A7
  8
CUT
 10
1246.118285374717
 20
-2411.998239119999
 30
0.0
 70
0
  0
VERTEX
  5
22A8
  8
CUT
 10
1245.4554074824746
 20
-2412.1674286140187
 30
0.0
 70
0
  0
VERTEX
  5
22A9
  8
CUT
 10
1244.7717146137625
 20
-2412.191846766753
 30
0.0
 70
0
  0
VERTEX
  5
22AA
  8
CUT
 10
1244.0984558181074
 20
-2412.070377515566
 30
0.0
 70
0
  0
VERTEX
  5
22AB
  8
CUT
 10
1243.4664032424957
 20
-2411.8085727666153
 30
0.0
 70
0
  0
VERTEX
  5
22AC
  8
CUT
 10
1242.9044456513752
 20
-2411.4183986379335
 30
0.0
 70
0
  0
VERTEX
  5
22AD
  8
CUT
 10
1242.438268029042
 20
-2410.917688532836
 30
0.0
 70
0
  0
VERTEX
  5
22AE
  8
CUT
 10
1242.0891776148655
 20
-2410.329328041606
 30
0.0
 70
0
  0
VERTEX
  5
22AF
  8
CUT
 10
1241.8731300288923
 20
-2409.6802089265693
 30
0.0
 70
0
  0
VERTEX
  5
22B0
  8
CUT
 10
1241.8
 20
-2409.0
 30
0.0
 70
0
  0
VERTEX
  5
22B1
  8
CUT
 10
1227.0
 20
-2409.0
 30
0.0
 70
0
  0
VERTEX
  5
22B2
  8
CUT
 10
1227.0
 20
-2449.0
 30
0.0
 70
0
  0
VERTEX
  5
22B3
  8
CUT
 10
1241.8
 20
-2449.0
 30
0.0
 70
0
  0
VERTEX
  5
22B4
  8
CUT
 10
1241.8731300288923
 20
-2448.3197910734307
 30
0.0
 70
0
  0
VERTEX
  5
22B5
  8
CUT
 10
1242.0891776148655
 20
-2447.670671958394
 30
0.0
 70
0
  0
VERTEX
  5
22B6
  8
CUT
 10
1242.438268029042
 20
-2447.082311467164
 30
0.0
 70
0
  0
VERTEX
  5
22B7
  8
CUT
 10
1242.9044456513752
 20
-2446.5816013620665
 30
0.0
 70
0
  0
VERTEX
  5
22B8
  8
CUT
 10
1243.4664032424957
 20
-2446.1914272333847
 30
0.0
 70
0
  0
VERTEX
  5
22B9
  8
CUT
 10
1244.0984558181074
 20
-2445.929622484434
 30
0.0
 70
0
  0
VERTEX
  5
22BA
  8
CUT
 10
1244.7717146137625
 20
-2445.808153233247
 30
0.0
 70
0
  0
VERTEX
  5
22BB
  8
CUT
 10
1245.4554074824746
 20
-2445.8325713859813
 30
0.0
 70
0
  0
VERTEX
  5
22BC
  8
CUT
 10
1246.118285374717
 20
-2446.001760880001
 30
0.0
 70
0
  0
VERTEX
  5
22BD
  8
CUT
 10
1246.7300506158579
 20
-2446.3079886949404
 30
0.0
 70
0
  0
VERTEX
  5
22BE
  8
CUT
 10
1247.2627416997968
 20
-2446.737258300203
 30
0.0
 70
0
  0
VERTEX
  5
22BF
  8
CUT
 10
1247.6920113050596
 20
-2447.269949384142
 30
0.0
 70
0
  0
VERTEX
  5
22C0
  8
CUT
 10
1247.9982391199992
 20
-2447.8817146252827
 30
0.0
 70
0
  0
VERTEX
  5
22C1
  8
CUT
 10
1248.167428614019
 20
-2448.5445925175254
 30
0.0
 70
0
  0
VERTEX
  5
22C2
  8
CUT
 10
1248.1918467667526
 20
-2449.2282853862375
 30
0.0
 70
0
  0
VERTEX
  5
22C3
  8
CUT
 10
1248.0703775155664
 20
-2449.9015441818924
 30
0.0
 70
0
  0
VERTEX
  5
22C4
  8
CUT
 10
1247.8085727666153
 20
-2450.5335967575043
 30
0.0
 70
0
  0
VERTEX
  5
22C5
  8
CUT
 10
1247.4183986379335
 20
-2451.095554348625
 30
0.0
 70
0
  0
VERTEX
  5
22C6
  8
CUT
 10
1246.9176885328363
 20
-2451.5617319709577
 30
0.0
 70
0
  0
VERTEX
  5
22C7
  8
CUT
 10
1246.329328041606
 20
-2451.9108223851345
 30
0.0
 70
0
  0
VERTEX
  5
22C8
  8
CUT
 10
1245.6802089265695
 20
-2452.1268699711077
 30
0.0
 70
0
  0
VERTEX
  5
22C9
  8
CUT
 10
1245.0
 20
-2452.2
 30
0.0
 70
0
  0
VERTEX
  5
22CA
  8
CUT
 10
1245.0
 20
-2550.5
 30
0.0
 70
0
  0
VERTEX
  5
22CB
  8
CUT
 10
1372.8
 20
-2550.5
 30
0.0
 70
0
  0
VERTEX
  5
22CC
  8
CUT
 10
1372.8731300288923
 20
-2549.8197910734307
 30
0.0
 70
0
  0
VERTEX
  5
22CD
  8
CUT
 10
1373.0891776148655
 20
-2549.170671958394
 30
0.0
 70
0
  0
VERTEX
  5
22CE
  8
CUT
 10
1373.438268029042
 20
-2548.582311467164
 30
0.0
 70
0
  0
VERTEX
  5
22CF
  8
CUT
 10
1373.9044456513752
 20
-2548.0816013620665
 30
0.0
 70
0
  0
VERTEX
  5
22D0
  8
CUT
 10
1374.4664032424957
 20
-2547.6914272333847
 30
0.0
 70
0
  0
VERTEX
  5
22D1
  8
CUT
 10
1375.0984558181074
 20
-2547.429622484434
 30
0.0
 70
0
  0
VERTEX
  5
22D2
  8
CUT
 10
1375.7717146137625
 20
-2547.308153233247
 30
0.0
 70
0
  0
VERTEX
  5
22D3
  8
CUT
 10
1376.4554074824746
 20
-2547.3325713859813
 30
0.0
 70
0
  0
VERTEX
  5
22D4
  8
CUT
 10
1377.118285374717
 20
-2547.501760880001
 30
0.0
 70
0
  0
VERTEX
  5
22D5
  8
CUT
 10
1377.7300506158579
 20
-2547.8079886949404
 30
0.0
 70
0
  0
VERTEX
  5
22D6
  8
CUT
 10
1378.2627416997968
 20
-2548.237258300203
 30
0.0
 70
0
  0
VERTEX
  5
22D7
  8
CUT
 10
1378.6920113050596
 20
-2548.769949384142
 30
0.0
 70
0
  0
VERTEX
  5
22D8
  8
CUT
 10
1378.9982391199992
 20
-2549.3817146252827
 30
0.0
 70
0
  0
VERTEX
  5
22D9
  8
CUT
 10
1379.167428614019
 20
-2550.0445925175254
 30
0.0
 70
0
  0
VERTEX
  5
22DA
  8
CUT
 10
1379.1918467667526
 20
-2550.7282853862375
 30
0.0
 70
0
  0
VERTEX
  5
22DB
  8
CUT
 10
1379.0703775155664
 20
-2551.4015441818924
 30
0.0
 70
0
  0
VERTEX
  5
22DC
  8
CUT
 10
1378.8085727666153
 20
-2552.0335967575043
 30
0.0
 70
0
  0
VERTEX
  5
22DD
  8
CUT
 10
1378.4183986379335
 20
-2552.595554348625
 30
0.0
 70
0
  0
VERTEX
  5
22DE
  8
CUT
 10
1377.9176885328363
 20
-2553.0617319709577
 30
0.0
 70
0
  0
VERTEX
  5
22DF
  8
CUT
 10
1377.329328041606
 20
-2553.4108223851345
 30
0.0
 70
0
  0
VERTEX
  5
22E0
  8
CUT
 10
1376.6802089265695
 20
-2553.6268699711077
 30
0.0
 70
0
  0
VERTEX
  5
22E1
  8
CUT
 10
1376.0
 20
-2553.7
 30
0.0
 70
0
  0
VERTEX
  5
22E2
  8
CUT
 10
1376.0
 20
-2566.3
 30
0.0
 70
0
  0
VERTEX
  5
22E3
  8
CUT
 10
1376.6802089265695
 20
-2566.3731300288923
 30
0.0
 70
0
  0
VERTEX
  5
22E4
  8
CUT
 10
1377.329328041606
 20
-2566.5891776148655
 30
0.0
 70
0
  0
VERTEX
  5
22E5
  8
CUT
 10
1377.9176885328363
 20
-2566.9382680290423
 30
0.0
 70
0
  0
VERTEX
  5
22E6
  8
CUT
 10
1378.4183986379335
 20
-2567.404445651375
 30
0.0
 70
0
  0
VERTEX
  5
22E7
  8
CUT
 10
1378.8085727666153
 20
-2567.9664032424957
 30
0.0
 70
0
  0
VERTEX
  5
22E8
  8
CUT
 10
1379.0703775155664
 20
-2568.5984558181076
 30
0.0
 70
0
  0
VERTEX
  5
22E9
  8
CUT
 10
1379.1918467667526
 20
-2569.2717146137625
 30
0.0
 70
0
  0
VERTEX
  5
22EA
  8
CUT
 10
1379.167428614019
 20
-2569.9554074824746
 30
0.0
 70
0
  0
VERTEX
  5
22EB
  8
CUT
 10
1378.9982391199992
 20
-2570.6182853747173
 30
0.0
 70
0
  0
VERTEX
  5
22EC
  8
CUT
 10
1378.6920113050596
 20
-2571.230050615858
 30
0.0
 70
0
  0
VERTEX
  5
22ED
  8
CUT
 10
1378.2627416997968
 20
-2571.762741699797
 30
0.0
 70
0
  0
VERTEX
  5
22EE
  8
CUT
 10
1377.7300506158579
 20
-2572.1920113050596
 30
0.0
 70
0
  0
VERTEX
  5
22EF
  8
CUT
 10
1377.118285374717
 20
-2572.498239119999
 30
0.0
 70
0
  0
VERTEX
  5
22F0
  8
CUT
 10
1376.4554074824746
 20
-2572.6674286140187
 30
0.0
 70
0
  0
VERTEX
  5
22F1
  8
CUT
 10
1375.7717146137625
 20
-2572.691846766753
 30
0.0
 70
0
  0
VERTEX
  5
22F2
  8
CUT
 10
1375.0984558181074
 20
-2572.570377515566
 30
0.0
 70
0
  0
VERTEX
  5
22F3
  8
CUT
 10
1374.4664032424957
 20
-2572.3085727666153
 30
0.0
 70
0
  0
VERTEX
  5
22F4
  8
CUT
 10
1373.9044456513752
 20
-2571.9183986379335
 30
0.0
 70
0
  0
VERTEX
  5
22F5
  8
CUT
 10
1373.438268029042
 20
-2571.417688532836
 30
0.0
 70
0
  0
VERTEX
  5
22F6
  8
CUT
 10
1373.0891776148655
 20
-2570.829328041606
 30
0.0
 70
0
  0
VERTEX
  5
22F7
  8
CUT
 10
1372.8731300288923
 20
-2570.1802089265693
 30
0.0
 70
0
  0
VERTEX
  5
22F8
  8
CUT
 10
1372.8
 20
-2569.5
 30
0.0
 70
0
  0
VERTEX
  5
22F9
  8
CUT
 10
1245.0
 20
-2569.5
 30
0.0
 70
0
  0
VERTEX
  5
22FA
  8
CUT
 10
1245.0
 20
-2599.0
 30
0.0
 70
0
  0
VERTEX
  5
22FB
  8
CUT
 10
1557.0
 20
-2599.0
 30
0.0
 70
0
  0
VERTEX
  5
22FC
  8
CUT
 10
1557.0
 20
-2479.0
 30
0.0
 70
0
  0
VERTEX
  5
22FD
  8
CUT
 10
1520.2
 20
-2479.0
 30
0.0
 70
0
  0
VERTEX
  5
22FE
  8
CUT
 10
1520.1268699711077
 20
-2479.6802089265693
 30
0.0
 70
0
  0
VERTEX
  5
22FF
  8
CUT
 10
1519.9108223851345
 20
-2480.329328041606
 30
0.0
 70
0
  0
VERTEX
  5
2300
  8
CUT
 10
1519.561731970958
 20
-2480.917688532836
 30
0.0
 70
0
  0
VERTEX
  5
2301
  8
CUT
 10
1519.0955543486248
 20
-2481.4183986379335
 30
0.0
 70
0
  0
VERTEX
  5
2302
  8
CUT
 10
1518.5335967575043
 20
-2481.8085727666153
 30
0.0
 70
0
  0
VERTEX
  5
2303
  8
CUT
 10
1517.9015441818926
 20
-2482.070377515566
 30
0.0
 70
0
  0
VERTEX
  5
2304
  8
CUT
 10
1517.2282853862375
 20
-2482.191846766753
 30
0.0
 70
0
  0
VERTEX
  5
2305
  8
CUT
 10
1516.5445925175254
 20
-2482.1674286140187
 30
0.0
 70
0
  0
VERTEX
  5
2306
  8
CUT
 10
1515.881714625283
 20
-2481.998239119999
 30
0.0
 70
0
  0
VERTEX
  5
2307
  8
CUT
 10
1515.2699493841421
 20
-2481.6920113050596
 30
0.0
 70
0
  0
VERTEX
  5
2308
  8
CUT
 10
1514.7372583002032
 20
-2481.262741699797
 30
0.0
 70
0
  0
VERTEX
  5
2309
  8
CUT
 10
1514.3079886949404
 20
-2480.730050615858
 30
0.0
 70
0
  0
VERTEX
  5
230A
  8
CUT
 10
1514.0017608800008
 20
-2480.1182853747173
 30
0.0
 70
0
  0
VERTEX
  5
230B
  8
CUT
 10
1513.832571385981
 20
-2479.4554074824746
 30
0.0
 70
0
  0
VERTEX
  5
230C
  8
CUT
 10
1513.8081532332474
 20
-2478.7717146137625
 30
0.0
 70
0
  0
VERTEX
  5
230D
  8
CUT
 10
1513.9296224844336
 20
-2478.0984558181076
 30
0.0
 70
0
  0
VERTEX
  5
230E
  8
CUT
 10
1514.1914272333847
 20
-2477.4664032424957
 30
0.0
 70
0
  0
VERTEX
  5
230F
  8
CUT
 10
1514.5816013620665
 20
-2476.904445651375
 30
0.0
 70
0
  0
VERTEX
  5
2310
  8
CUT
 10
1515.0823114671637
 20
-2476.4382680290423
 30
0.0
 70
0
  0
VERTEX
  5
2311
  8
CUT
 10
1515.670671958394
 20
-2476.0891776148655
 30
0.0
 70
0
  0
VERTEX
  5
2312
  8
CUT
 10
1516.3197910734305
 20
-2475.8731300288923
 30
0.0
 70
0
  0
VERTEX
  5
2313
  8
CUT
 10
1517.0
 20
-2475.8
 30
0.0
 70
0
  0
VERTEX
  5
2314
  8
CUT
 10
1517.0
 20
-1862.2
 30
0.0
 70
0
  0
VERTEX
  5
2315
  8
CUT
 10
1516.3197910734305
 20
-1862.1268699711077
 30
0.0
 70
0
  0
VERTEX
  5
2316
  8
CUT
 10
1515.670671958394
 20
-1861.9108223851345
 30
0.0
 70
0
  0
VERTEX
  5
2317
  8
CUT
 10
1515.0823114671637
 20
-1861.561731970958
 30
0.0
 70
0
  0
VERTEX
  5
2318
  8
CUT
 10
1514.5816013620663
 20
-1861.095554348625
 30
0.0
 70
0
  0
VERTEX
  5
2319
  8
CUT
 10
1514.1914272333847
 20
-1860.5335967575043
 30
0.0
 70
0
  0
VERTEX
  5
231A
  8
CUT
 10
1513.9296224844336
 20
-1859.9015441818926
 30
0.0
 70
0
  0
VERTEX
  5
231B
  8
CUT
 10
1513.8081532332471
 20
-1859.2282853862375
 30
0.0
 70
0
  0
VERTEX
  5
231C
  8
CUT
 10
1513.832571385981
 20
-1858.5445925175254
 30
0.0
 70
0
  0
VERTEX
  5
231D
  8
CUT
 10
1514.0017608800008
 20
-1857.881714625283
 30
0.0
 70
0
  0
VERTEX
  5
231E
  8
CUT
 10
1514.3079886949401
 20
-1857.2699493841421
 30
0.0
 70
0
  0
VERTEX
  5
231F
  8
CUT
 10
1514.737258300203
 20
-1856.737258300203
 30
0.0
 70
0
  0
VERTEX
  5
2320
  8
CUT
 10
1515.2699493841421
 20
-1856.3079886949401
 30
0.0
 70
0
  0
VERTEX
  5
2321
  8
CUT
 10
1515.881714625283
 20
-1856.0017608800008
 30
0.0
 70
0
  0
VERTEX
  5
2322
  8
CUT
 10
1516.5445925175254
 20
-1855.832571385981
 30
0.0
 70
0
  0
VERTEX
  5
2323
  8
CUT
 10
1517.2282853862375
 20
-1855.8081532332471
 30
0.0
 70
0
  0
VERTEX
  5
2324
  8
CUT
 10
1517.9015441818926
 20
-1855.9296224844336
 30
0.0
 70
0
  0
VERTEX
  5
2325
  8
CUT
 10
1518.5335967575043
 20
-1856.1914272333847
 30
0.0
 70
0
  0
VERTEX
  5
2326
  8
CUT
 10
1519.095554348625
 20
-1856.5816013620663
 30
0.0
 70
0
  0
VERTEX
  5
2327
  8
CUT
 10
1519.561731970958
 20
-1857.0823114671637
 30
0.0
 70
0
  0
VERTEX
  5
2328
  8
CUT
 10
1519.9108223851345
 20
-1857.670671958394
 30
0.0
 70
0
  0
VERTEX
  5
2329
  8
CUT
 10
1520.1268699711077
 20
-1858.3197910734305
 30
0.0
 70
0
  0
VERTEX
  5
232A
  8
CUT
 10
1520.2
 20
-1859.0
 30
0.0
 70
0
  0
VERTEX
  5
232B
  8
CUT
 10
1557.0
 20
-1859.0
 30
0.0
 70
0
  0
VERTEX
  5
232C
  8
CUT
 10
1557.0
 20
-1739.0
 30
0.0
 70
0
  0
VERTEX
  5
232D
  8
CUT
 10
917.0
 20
-1739.0
 30
0.0
 70
0
  0
VERTEX
  5
232E
  8
CUT
 10
911.7677
 20
-1739.1713
 30
0.0
 70
0
  0
VERTEX
  5
232F
  8
CUT
 10
906.5579
 20
-1739.6844
 30
0.0
 70
0
  0
VERTEX
  5
2330
  8
CUT
 10
901.3928
 20
-1740.5372
 30
0.0
 70
0
  0
VERTEX
  5
2331
  8
CUT
 10
896.2945
 20
-1741.7259
 30
0.0
 70
0
  0
VERTEX
  5
2332
  8
CUT
 10
891.2848
 20
-1743.2456
 30
0.0
 70
0
  0
VERTEX
  5
2333
  8
CUT
 10
886.3853
 20
-1745.0896
 30
0.0
 70
0
  0
VERTEX
  5
2334
  8
CUT
 10
881.6169
 20
-1747.2502
 30
0.0
 70
0
  0
VERTEX
  5
2335
  8
CUT
 10
877.0
 20
-1749.7179999999998
 30
0.0
 70
0
  0
VERTEX
  5
2336
  8
CUT
 10
872.5544
 20
-1752.4823999999999
 30
0.0
 70
0
  0
VERTEX
  5
2337
  8
CUT
 10
868.2991
 20
-1755.5317
 30
0.0
 70
0
  0
VERTEX
  5
2338
  8
CUT
 10
864.2523
 20
-1758.8528000000001
 30
0.0
 70
0
  0
VERTEX
  5
2339
  8
CUT
 10
860.4315
 20
-1762.4315000000001
 30
0.0
 70
0
  0
VERTEX
  5
233A
  8
CUT
 10
856.8528
 20
-1766.2523
 30
0.0
 70
0
  0
VERTEX
  5
233B
  8
CUT
 10
853.5317
 20
-1770.2991
 30
0.0
 70
0
  0
VERTEX
  5
233C
  8
CUT
 10
850.4824
 20
-1774.5544
 30
0.0
 70
0
  0
VERTEX
  5
233D
  8
CUT
 10
847.718
 20
-1779.0
 30
0.0
 70
0
  0
VERTEX
  5
233E
  8
CUT
 10
845.2502
 20
-1783.6169
 30
0.0
 70
0
  0
VERTEX
  5
233F
  8
CUT
 10
843.0896
 20
-1788.3853
 30
0.0
 70
0
  0
VERTEX
  5
2340
  8
CUT
 10
841.2456
 20
-1793.2848
 30
0.0
 70
0
  0
VERTEX
  5
2341
  8
CUT
 10
839.7259
 20
-1798.2945
 30
0.0
 70
0
  0
VERTEX
  5
2342
  8
CUT
 10
838.5372
 20
-1803.3928
 30
0.0
 70
0
  0
VERTEX
  5
2343
  8
CUT
 10
837.6844
 20
-1808.5579
 30
0.0
 70
0
  0
VERTEX
  5
2344
  8
CUT
 10
837.1713
 20
-1813.7676999999999
 30
0.0
 70
0
  0
VERTEX
  5
2345
  8
CUT
 10
837.0
 20
-1819.0
 30
0.0
 70
0
  0
VERTEX
  5
2346
  8
CUT
 10
837.0
 20
-1969.0
 30
0.0
 70
0
  0
VERTEX
  5
2347
  8
CUT
 10
1241.8000000000002
 20
-1969.0
 30
0.0
 70
0
  0
VERTEX
  5
2348
  8
CUT
 10
1241.8731300288923
 20
-1968.3197910734305
 30
0.0
 70
0
  0
VERTEX
  5
2349
  8
CUT
 10
1242.0891776148655
 20
-1967.670671958394
 30
0.0
 70
0
  0
VERTEX
  5
234A
  8
CUT
 10
1242.438268029042
 20
-1967.0823114671637
 30
0.0
 70
0
  0
VERTEX
  5
234B
  8
CUT
 10
1242.9044456513752
 20
-1966.5816013620665
 30
0.0
 70
0
  0
VERTEX
  5
234C
  8
CUT
 10
1243.4664032424957
 20
-1966.1914272333847
 30
0.0
 70
0
  0
VERTEX
  5
234D
  8
CUT
 10
1244.0984558181074
 20
-1965.9296224844336
 30
0.0
 70
0
  0
VERTEX
  5
234E
  8
CUT
 10
1244.7717146137625
 20
-1965.8081532332474
 30
0.0
 70
0
  0
VERTEX
  5
234F
  8
CUT
 10
1245.4554074824746
 20
-1965.832571385981
 30
0.0
 70
0
  0
VERTEX
  5
2350
  8
CUT
 10
1246.118285374717
 20
-1966.0017608800008
 30
0.0
 70
0
  0
VERTEX
  5
2351
  8
CUT
 10
1246.7300506158579
 20
-1966.3079886949404
 30
0.0
 70
0
  0
VERTEX
  5
2352
  8
CUT
 10
1247.2627416997968
 20
-1966.7372583002032
 30
0.0
 70
0
  0
VERTEX
  5
2353
  8
CUT
 10
1247.6920113050596
 20
-1967.2699493841421
 30
0.0
 70
0
  0
VERTEX
  5
2354
  8
CUT
 10
1247.9982391199992
 20
-1967.881714625283
 30
0.0
 70
0
  0
VERTEX
  5
2355
  8
CUT
 10
1248.167428614019
 20
-1968.5445925175254
 30
0.0
 70
0
  0
VERTEX
  5
2356
  8
CUT
 10
1248.1918467667526
 20
-1969.2282853862375
 30
0.0
 70
0
  0
VERTEX
  5
2357
  8
CUT
 10
1248.0703775155664
 20
-1969.9015441818926
 30
0.0
 70
0
  0
VERTEX
  5
2358
  8
CUT
 10
1247.8085727666153
 20
-1970.5335967575043
 30
0.0
 70
0
  0
VERTEX
  5
2359
  8
CUT
 10
1247.4183986379335
 20
-1971.0955543486248
 30
0.0
 70
0
  0
VERTEX
  5
235A
  8
CUT
 10
1246.9176885328363
 20
-1971.561731970958
 30
0.0
 70
0
  0
VERTEX
  5
235B
  8
CUT
 10
1246.329328041606
 20
-1971.9108223851345
 30
0.0
 70
0
  0
VERTEX
  5
235C
  8
CUT
 10
1245.6802089265695
 20
-1972.1268699711077
 30
0.0
 70
0
  0
VERTEX
  5
235D
  8
CUT
 10
1245.0
 20
-1972.2
 30
0.0
 70
0
  0
VERTEX
  5
235E
  8
CUT
 10
1245.0
 20
-1980.5
 30
0.0
 70
0
  0
VERTEX
  5
235F
  8
CUT
 10
1347.8000000000002
 20
-1980.5
 30
0.0
 70
0
  0
VERTEX
  5
2360
  8
CUT
 10
1347.8731300288923
 20
-1979.8197910734305
 30
0.0
 70
0
  0
VERTEX
  5
2361
  8
CUT
 10
1348.0891776148655
 20
-1979.170671958394
 30
0.0
 70
0
  0
VERTEX
  5
2362
  8
CUT
 10
1348.438268029042
 20
-1978.5823114671637
 30
0.0
 70
0
  0
VERTEX
  5
2363
  8
CUT
 10
1348.9044456513752
 20
-1978.0816013620665
 30
0.0
 70
0
  0
VERTEX
  5
2364
  8
CUT
 10
1349.4664032424957
 20
-1977.6914272333847
 30
0.0
 70
0
  0
VERTEX
  5
2365
  8
CUT
 10
1350.0984558181074
 20
-1977.4296224844336
 30
0.0
 70
0
  0
VERTEX
  5
2366
  8
CUT
 10
1350.7717146137625
 20
-1977.3081532332474
 30
0.0
 70
0
  0
VERTEX
  5
2367
  8
CUT
 10
1351.4554074824746
 20
-1977.332571385981
 30
0.0
 70
0
  0
VERTEX
  5
2368
  8
CUT
 10
1352.118285374717
 20
-1977.5017608800008
 30
0.0
 70
0
  0
VERTEX
  5
2369
  8
CUT
 10
1352.7300506158579
 20
-1977.8079886949404
 30
0.0
 70
0
  0
VERTEX
  5
236A
  8
CUT
 10
1353.2627416997968
 20
-1978.2372583002032
 30
0.0
 70
0
  0
VERTEX
  5
236B
  8
CUT
 10
1353.6920113050596
 20
-1978.7699493841421
 30
0.0
 70
0
  0
VERTEX
  5
236C
  8
CUT
 10
1353.9982391199992
 20
-1979.381714625283
 30
0.0
 70
0
  0
VERTEX
  5
236D
  8
CUT
 10
1354.167428614019
 20
-1980.0445925175254
 30
0.0
 70
0
  0
VERTEX
  5
236E
  8
CUT
 10
1354.1918467667526
 20
-1980.7282853862375
 30
0.0
 70
0
  0
VERTEX
  5
236F
  8
CUT
 10
1354.0703775155664
 20
-1981.4015441818926
 30
0.0
 70
0
  0
VERTEX
  5
2370
  8
CUT
 10
1353.8085727666153
 20
-1982.0335967575043
 30
0.0
 70
0
  0
VERTEX
  5
2371
  8
CUT
 10
1353.4183986379335
 20
-1982.5955543486248
 30
0.0
 70
0
  0
VERTEX
  5
2372
  8
CUT
 10
1352.9176885328363
 20
-1983.061731970958
 30
0.0
 70
0
  0
VERTEX
  5
2373
  8
CUT
 10
1352.329328041606
 20
-1983.4108223851345
 30
0.0
 70
0
  0
VERTEX
  5
2374
  8
CUT
 10
1351.6802089265695
 20
-1983.6268699711077
 30
0.0
 70
0
  0
VERTEX
  5
2375
  8
CUT
 10
1351.0
 20
-1983.7
 30
0.0
 70
0
  0
VERTEX
  5
2376
  8
CUT
 10
1351.0
 20
-1996.3
 30
0.0
 70
0
  0
VERTEX
  5
2377
  8
CUT
 10
1351.6802089265695
 20
-1996.3731300288923
 30
0.0
 70
0
  0
VERTEX
  5
2378
  8
CUT
 10
1352.329328041606
 20
-1996.5891776148655
 30
0.0
 70
0
  0
VERTEX
  5
2379
  8
CUT
 10
1352.9176885328363
 20
-1996.938268029042
 30
0.0
 70
0
  0
VERTEX
  5
237A
  8
CUT
 10
1353.4183986379335
 20
-1997.4044456513752
 30
0.0
 70
0
  0
VERTEX
  5
237B
  8
CUT
 10
1353.8085727666153
 20
-1997.9664032424957
 30
0.0
 70
0
  0
VERTEX
  5
237C
  8
CUT
 10
1354.0703775155664
 20
-1998.5984558181074
 30
0.0
 70
0
  0
VERTEX
  5
237D
  8
CUT
 10
1354.1918467667526
 20
-1999.2717146137625
 30
0.0
 70
0
  0
VERTEX
  5
237E
  8
CUT
 10
1354.167428614019
 20
-1999.9554074824746
 30
0.0
 70
0
  0
VERTEX
  5
237F
  8
CUT
 10
1353.9982391199992
 20
-2000.618285374717
 30
0.0
 70
0
  0
VERTEX
  5
2380
  8
CUT
 10
1353.6920113050596
 20
-2001.2300506158579
 30
0.0
 70
0
  0
VERTEX
  5
2381
  8
CUT
 10
1353.2627416997968
 20
-2001.7627416997968
 30
0.0
 70
0
  0
VERTEX
  5
2382
  8
CUT
 10
1352.7300506158579
 20
-2002.1920113050596
 30
0.0
 70
0
  0
VERTEX
  5
2383
  8
CUT
 10
1352.118285374717
 20
-2002.4982391199992
 30
0.0
 70
0
  0
VERTEX
  5
2384
  8
CUT
 10
1351.4554074824746
 20
-2002.667428614019
 30
0.0
 70
0
  0
VERTEX
  5
2385
  8
CUT
 10
1350.7717146137625
 20
-2002.6918467667526
 30
0.0
 70
0
  0
VERTEX
  5
2386
  8
CUT
 10
1350.0984558181074
 20
-2002.5703775155664
 30
0.0
 70
0
  0
VERTEX
  5
2387
  8
CUT
 10
1349.4664032424957
 20
-2002.3085727666153
 30
0.0
 70
0
  0
VERTEX
  5
2388
  8
CUT
 10
1348.9044456513752
 20
-2001.9183986379335
 30
0.0
 70
0
  0
VERTEX
  5
2389
  8
CUT
 10
1348.438268029042
 20
-2001.4176885328363
 30
0.0
 70
0
  0
VERTEX
  5
238A
  8
CUT
 10
1348.0891776148655
 20
-2000.829328041606
 30
0.0
 70
0
  0
VERTEX
  5
238B
  8
CUT
 10
1347.8731300288923
 20
-2000.1802089265695
 30
0.0
 70
0
  0
VERTEX
  5
238C
  8
CUT
 10
1347.8000000000002
 20
-1999.5
 30
0.0
 70
0
  0
VERTEX
  5
238D
  8
CUT
 10
1245.0
 20
-1999.5
 30
0.0
 70
0
  0
VERTEX
  5
238E
  8
CUT
 10
1245.0
 20
-2105.8
 30
0.0
 70
0
  0
VERTEX
  5
238F
  8
CUT
 10
1245.6802089265695
 20
-2105.8731300288923
 30
0.0
 70
0
  0
VERTEX
  5
2390
  8
CUT
 10
1246.329328041606
 20
-2106.0891776148655
 30
0.0
 70
0
  0
VERTEX
  5
2391
  8
CUT
 10
1246.917688532836
 20
-2106.4382680290423
 30
0.0
 70
0
  0
VERTEX
  5
2392
  8
CUT
 10
1247.4183986379335
 20
-2106.904445651375
 30
0.0
 70
0
  0
VERTEX
  5
2393
  8
CUT
 10
1247.808572766615
 20
-2107.4664032424957
 30
0.0
 70
0
  0
VERTEX
  5
2394
  8
CUT
 10
1248.0703775155662
 20
-2108.0984558181076
 30
0.0
 70
0
  0
VERTEX
  5
2395
  8
CUT
 10
1248.1918467667526
 20
-2108.7717146137625
 30
0.0
 70
0
  0
VERTEX
  5
2396
  8
CUT
 10
1248.1674286140187
 20
-2109.4554074824746
 30
0.0
 70
0
  0
VERTEX
  5
2397
  8
CUT
 10
1247.998239119999
 20
-2110.118285374717
 30
0.0
 70
0
  0
VERTEX
  5
2398
  8
CUT
 10
1247.6920113050596
 20
-2110.7300506158576
 30
0.0
 70
0
  0
VERTEX
  5
2399
  8
CUT
 10
1247.2627416997968
 20
-2111.2627416997966
 30
0.0
 70
0
  0
VERTEX
  5
239A
  8
CUT
 10
1246.7300506158579
 20
-2111.6920113050596
 30
0.0
 70
0
  0
VERTEX
  5
239B
  8
CUT
 10
1246.118285374717
 20
-2111.998239119999
 30
0.0
 70
0
  0
VERTEX
  5
239C
  8
CUT
 10
1245.4554074824746
 20
-2112.1674286140187
 30
0.0
 70
0
  0
VERTEX
  5
239D
  8
CUT
 10
1244.7717146137625
 20
-2112.1918467667524
 30
0.0
 70
0
  0
VERTEX
  5
239E
  8
CUT
 10
1244.0984558181074
 20
-2112.070377515566
 30
0.0
 70
0
  0
VERTEX
  5
239F
  8
CUT
 10
1243.466403242496
 20
-2111.8085727666153
 30
0.0
 70
0
  0
VERTEX
  5
23A0
  8
CUT
 10
1242.9044456513752
 20
-2111.4183986379335
 30
0.0
 70
0
  0
VERTEX
  5
23A1
  8
CUT
 10
1242.438268029042
 20
-2110.917688532836
 30
0.0
 70
0
  0
VERTEX
  5
23A2
  8
CUT
 10
1242.0891776148658
 20
-2110.329328041606
 30
0.0
 70
0
  0
VERTEX
  5
23A3
  8
CUT
 10
1241.8731300288925
 20
-2109.6802089265693
 30
0.0
 70
0
  0
VERTEX
  5
23A4
  8
CUT
 10
1241.8000000000002
 20
-2109.0
 30
0.0
 70
0
  0
VERTEX
  5
23A5
  8
CUT
 10
1227.0
 20
-2109.0
 30
0.0
 70
0
  0
VERTEX
  5
23A6
  8
CUT
 10
1227.0
 20
-2149.0
 30
0.0
 70
0
  0
VERTEX
  5
23A7
  8
CUT
 10
1241.8
 20
-2149.0
 30
0.0
 70
0
  0
VERTEX
  5
23A8
  8
CUT
 10
1241.8731300288923
 20
-2148.3197910734307
 30
0.0
 70
0
  0
VERTEX
  5
23A9
  8
CUT
 10
1242.0891776148655
 20
-2147.670671958394
 30
0.0
 70
0
  0
VERTEX
  5
23AA
  8
CUT
 10
1242.438268029042
 20
-2147.082311467164
 30
0.0
 70
0
  0
VERTEX
  5
23AB
  8
CUT
 10
1242.9044456513752
 20
-2146.5816013620665
 30
0.0
 70
0
  0
VERTEX
  5
23AC
  8
CUT
 10
1243.4664032424957
 20
-2146.1914272333847
 30
0.0
 70
0
  0
VERTEX
  5
23AD
  8
CUT
 10
1244.0984558181074
 20
-2145.929622484434
 30
0.0
 70
0
  0
VERTEX
  5
23AE
  8
CUT
 10
1244.7717146137625
 20
-2145.808153233247
 30
0.0
 70
0
  0
VERTEX
  5
23AF
  8
CUT
 10
1245.4554074824746
 20
-2145.8325713859813
 30
0.0
 70
0
  0
VERTEX
  5
23B0
  8
CUT
 10
1246.118285374717
 20
-2146.001760880001
 30
0.0
 70
0
  0
VERTEX
  5
23B1
  8
CUT
 10
1246.7300506158579
 20
-2146.3079886949404
 30
0.0
 70
0
  0
VERTEX
  5
23B2
  8
CUT
 10
1247.2627416997968
 20
-2146.737258300203
 30
0.0
 70
0
  0
VERTEX
  5
23B3
  8
CUT
 10
1247.6920113050596
 20
-2147.269949384142
 30
0.0
 70
0
  0
VERTEX
  5
23B4
  8
CUT
 10
1247.9982391199992
 20
-2147.8817146252827
 30
0.0
 70
0
  0
VERTEX
  5
23B5
  8
CUT
 10
1248.167428614019
 20
-2148.5445925175254
 30
0.0
 70
0
  0
VERTEX
  5
23B6
  8
CUT
 10
1248.1918467667526
 20
-2149.2282853862375
 30
0.0
 70
0
  0
VERTEX
  5
23B7
  8
CUT
 10
1248.0703775155664
 20
-2149.9015441818924
 30
0.0
 70
0
  0
VERTEX
  5
23B8
  8
CUT
 10
1247.8085727666153
 20
-2150.5335967575043
 30
0.0
 70
0
  0
VERTEX
  5
23B9
  8
CUT
 10
1247.4183986379335
 20
-2151.095554348625
 30
0.0
 70
0
  0
VERTEX
  5
23BA
  8
CUT
 10
1246.9176885328363
 20
-2151.5617319709577
 30
0.0
 70
0
  0
VERTEX
  5
23BB
  8
CUT
 10
1246.329328041606
 20
-2151.9108223851345
 30
0.0
 70
0
  0
VERTEX
  5
23BC
  8
CUT
 10
1245.6802089265695
 20
-2152.1268699711077
 30
0.0
 70
0
  0
VERTEX
  5
23BD
  8
CUT
 10
1245.0
 20
-2152.2
 30
0.0
 70
0
  0
VERTEX
  5
23BE
  8
CUT
 10
1245.0
 20
-2240.5
 30
0.0
 70
0
  0
VERTEX
  5
23BF
  8
CUT
 10
1322.8000000000002
 20
-2240.5
 30
0.0
 70
0
  0
VERTEX
  5
23C0
  8
CUT
 10
1322.8731300288925
 20
-2239.8197910734307
 30
0.0
 70
0
  0
VERTEX
  5
23C1
  8
CUT
 10
1323.0891776148658
 20
-2239.170671958394
 30
0.0
 70
0
  0
VERTEX
  5
23C2
  8
CUT
 10
1323.438268029042
 20
-2238.582311467164
 30
0.0
 70
0
  0
VERTEX
  5
23C3
  8
CUT
 10
1323.9044456513752
 20
-2238.0816013620665
 30
0.0
 70
0
  0
VERTEX
  5
23C4
  8
CUT
 10
1324.466403242496
 20
-2237.6914272333847
 30
0.0
 70
0
  0
VERTEX
  5
23C5
  8
CUT
 10
1325.0984558181074
 20
-2237.429622484434
 30
0.0
 70
0
  0
VERTEX
  5
23C6
  8
CUT
 10
1325.7717146137625
 20
-2237.3081532332476
 30
0.0
 70
0
  0
VERTEX
  5
23C7
  8
CUT
 10
1326.4554074824746
 20
-2237.3325713859813
 30
0.0
 70
0
  0
VERTEX
  5
23C8
  8
CUT
 10
1327.118285374717
 20
-2237.501760880001
 30
0.0
 70
0
  0
VERTEX
  5
23C9
  8
CUT
 10
1327.7300506158579
 20
-2237.8079886949404
 30
0.0
 70
0
  0
VERTEX
  5
23CA
  8
CUT
 10
1328.2627416997968
 20
-2238.2372583002034
 30
0.0
 70
0
  0
VERTEX
  5
23CB
  8
CUT
 10
1328.6920113050596
 20
-2238.7699493841424
 30
0.0
 70
0
  0
VERTEX
  5
23CC
  8
CUT
 10
1328.998239119999
 20
-2239.381714625283
 30
0.0
 70
0
  0
VERTEX
  5
23CD
  8
CUT
 10
1329.1674286140187
 20
-2240.0445925175254
 30
0.0
 70
0
  0
VERTEX
  5
23CE
  8
CUT
 10
1329.1918467667526
 20
-2240.7282853862375
 30
0.0
 70
0
  0
VERTEX
  5
23CF
  8
CUT
 10
1329.0703775155662
 20
-2241.4015441818924
 30
0.0
 70
0
  0
VERTEX
  5
23D0
  8
CUT
 10
1328.808572766615
 20
-2242.0335967575043
 30
0.0
 70
0
  0
VERTEX
  5
23D1
  8
CUT
 10
1328.4183986379335
 20
-2242.595554348625
 30
0.0
 70
0
  0
VERTEX
  5
23D2
  8
CUT
 10
1327.917688532836
 20
-2243.0617319709577
 30
0.0
 70
0
  0
VERTEX
  5
23D3
  8
CUT
 10
1327.329328041606
 20
-2243.4108223851345
 30
0.0
 70
0
  0
VERTEX
  5
23D4
  8
CUT
 10
1326.6802089265695
 20
-2243.6268699711077
 30
0.0
 70
0
  0
VERTEX
  5
23D5
  8
CUT
 10
1326.0
 20
-2243.7
 30
0.0
 70
0
  0
VERTEX
  5
23D6
  8
CUT
 10
1326.0
 20
-2256.3
 30
0.0
 70
0
  0
VERTEX
  5
23D7
  8
CUT
 10
1326.6802089265695
 20
-2256.3731300288923
 30
0.0
 70
0
  0
VERTEX
  5
23D8
  8
CUT
 10
1327.329328041606
 20
-2256.5891776148655
 30
0.0
 70
0
  0
VERTEX
  5
23D9
  8
CUT
 10
1327.917688532836
 20
-2256.9382680290423
 30
0.0
 70
0
  0
VERTEX
  5
23DA
  8
CUT
 10
1328.4183986379335
 20
-2257.404445651375
 30
0.0
 70
0
  0
VERTEX
  5
23DB
  8
CUT
 10
1328.808572766615
 20
-2257.9664032424957
 30
0.0
 70
0
  0
VERTEX
  5
23DC
  8
CUT
 10
1329.0703775155662
 20
-2258.5984558181076
 30
0.0
 70
0
  0
VERTEX
  5
23DD
  8
CUT
 10
1329.1918467667526
 20
-2259.2717146137625
 30
0.0
 70
0
  0
VERTEX
  5
23DE
  8
CUT
 10
1329.1674286140187
 20
-2259.9554074824746
 30
0.0
 70
0
  0
VERTEX
  5
23DF
  8
CUT
 10
1328.998239119999
 20
-2260.618285374717
 30
0.0
 70
0
  0
VERTEX
  5
23E0
  8
CUT
 10
1328.6920113050596
 20
-2261.2300506158576
 30
0.0
 70
0
  0
VERTEX
  5
23E1
  8
CUT
 10
1328.2627416997968
 20
-2261.7627416997966
 30
0.0
 70
0
  0
VERTEX
  5
23E2
  8
CUT
 10
1327.7300506158579
 20
-2262.1920113050596
 30
0.0
 70
0
  0
VERTEX
  5
23E3
  8
CUT
 10
1327.118285374717
 20
-2262.498239119999
 30
0.0
 70
0
  0
VERTEX
  5
23E4
  8
CUT
 10
1326.4554074824746
 20
-2262.6674286140187
 30
0.0
 70
0
  0
VERTEX
  5
23E5
  8
CUT
 10
1325.7717146137625
 20
-2262.6918467667524
 30
0.0
 70
0
  0
VERTEX
  5
23E6
  8
CUT
 10
1325.0984558181074
 20
-2262.570377515566
 30
0.0
 70
0
  0
VERTEX
  5
23E7
  8
CUT
 10
1324.466403242496
 20
-2262.3085727666153
 30
0.0
 70
0
  0
VERTEX
  5
23E8
  8
CUT
 10
1323.9044456513752
 20
-2261.9183986379335
 30
0.0
 70
0
  0
VERTEX
  5
23E9
  8
CUT
 10
1323.438268029042
 20
-2261.417688532836
 30
0.0
 70
0
  0
VERTEX
  5
23EA
  8
CUT
 10
1323.0891776148658
 20
-2260.829328041606
 30
0.0
 70
0
  0
VERTEX
  5
23EB
  8
CUT
 10
1322.8731300288925
 20
-2260.1802089265693
 30
0.0
 70
0
  0
VERTEX
  5
23EC
  8
CUT
 10
1322.8000000000002
 20
-2259.5
 30
0.0
 70
0
  0
SEQEND
  5
2298
  8
CUT
  0
POLYLINE
  5
23ED
  8
CUT
 66
1
 10
0.0
 20
0.0
 30
0.0
 70
1
  0
VERTEX
  5
23EF
  8
CUT
 10
1214.3000000000002
 20
-1939.5
 30
0.0
 70
0
  0
VERTEX
  5
23F0
  8
CUT
 10
1214.3731300288923
 20
-1940.1802089265695
 30
0.0
 70
0
  0
VERTEX
  5
23F1
  8
CUT
 10
1214.5891776148655
 20
-1940.829328041606
 30
0.0
 70
0
  0
VERTEX
  5
23F2
  8
CUT
 10
1214.938268029042
 20
-1941.4176885328363
 30
0.0
 70
0
  0
VERTEX
  5
23F3
  8
CUT
 10
1215.4044456513752
 20
-1941.9183986379335
 30
0.0
 70
0
  0
VERTEX
  5
23F4
  8
CUT
 10
1215.9664032424957
 20
-1942.3085727666153
 30
0.0
 70
0
  0
VERTEX
  5
23F5
  8
CUT
 10
1216.5984558181074
 20
-1942.5703775155664
 30
0.0
 70
0
  0
VERTEX
  5
23F6
  8
CUT
 10
1217.2717146137625
 20
-1942.6918467667526
 30
0.0
 70
0
  0
VERTEX
  5
23F7
  8
CUT
 10
1217.9554074824746
 20
-1942.667428614019
 30
0.0
 70
0
  0
VERTEX
  5
23F8
  8
CUT
 10
1218.618285374717
 20
-1942.4982391199992
 30
0.0
 70
0
  0
VERTEX
  5
23F9
  8
CUT
 10
1219.2300506158579
 20
-1942.1920113050596
 30
0.0
 70
0
  0
VERTEX
  5
23FA
  8
CUT
 10
1219.7627416997968
 20
-1941.7627416997968
 30
0.0
 70
0
  0
VERTEX
  5
23FB
  8
CUT
 10
1220.1920113050596
 20
-1941.2300506158579
 30
0.0
 70
0
  0
VERTEX
  5
23FC
  8
CUT
 10
1220.4982391199992
 20
-1940.618285374717
 30
0.0
 70
0
  0
VERTEX
  5
23FD
  8
CUT
 10
1220.667428614019
 20
-1939.9554074824746
 30
0.0
 70
0
  0
VERTEX
  5
23FE
  8
CUT
 10
1220.6918467667526
 20
-1939.2717146137625
 30
0.0
 70
0
  0
VERTEX
  5
23FF
  8
CUT
 10
1220.5703775155664
 20
-1938.5984558181074
 30
0.0
 70
0
  0
VERTEX
  5
2400
  8
CUT
 10
1220.3085727666153
 20
-1937.9664032424957
 30
0.0
 70
0
  0
VERTEX
  5
2401
  8
CUT
 10
1219.9183986379335
 20
-1937.4044456513752
 30
0.0
 70
0
  0
VERTEX
  5
2402
  8
CUT
 10
1219.4176885328363
 20
-1936.938268029042
 30
0.0
 70
0
  0
VERTEX
  5
2403
  8
CUT
 10
1218.829328041606
 20
-1936.5891776148655
 30
0.0
 70
0
  0
VERTEX
  5
2404
  8
CUT
 10
1218.1802089265695
 20
-1936.3731300288923
 30
0.0
 70
0
  0
VERTEX
  5
2405
  8
CUT
 10
1217.5
 20
-1936.3
 30
0.0
 70
0
  0
VERTEX
  5
2406
  8
CUT
 10
1217.5
 20
-1923.7
 30
0.0
 70
0
  0
VERTEX
  5
2407
  8
CUT
 10
1218.1802089265695
 20
-1923.6268699711077
 30
0.0
 70
0
  0
VERTEX
  5
2408
  8
CUT
 10
1218.829328041606
 20
-1923.4108223851345
 30
0.0
 70
0
  0
VERTEX
  5
2409
  8
CUT
 10
1219.4176885328363
 20
-1923.061731970958
 30
0.0
 70
0
  0
VERTEX
  5
240A
  8
CUT
 10
1219.9183986379335
 20
-1922.5955543486248
 30
0.0
 70
0
  0
VERTEX
  5
240B
  8
CUT
 10
1220.3085727666153
 20
-1922.0335967575043
 30
0.0
 70
0
  0
VERTEX
  5
240C
  8
CUT
 10
1220.5703775155664
 20
-1921.4015441818926
 30
0.0
 70
0
  0
VERTEX
  5
240D
  8
CUT
 10
1220.6918467667526
 20
-1920.7282853862375
 30
0.0
 70
0
  0
VERTEX
  5
240E
  8
CUT
 10
1220.667428614019
 20
-1920.0445925175254
 30
0.0
 70
0
  0
VERTEX
  5
240F
  8
CUT
 10
1220.4982391199992
 20
-1919.381714625283
 30
0.0
 70
0
  0
VERTEX
  5
2410
  8
CUT
 10
1220.1920113050596
 20
-1918.7699493841421
 30
0.0
 70
0
  0
VERTEX
  5
2411
  8
CUT
 10
1219.7627416997968
 20
-1918.2372583002032
 30
0.0
 70
0
  0
VERTEX
  5
2412
  8
CUT
 10
1219.2300506158579
 20
-1917.8079886949404
 30
0.0
 70
0
  0
VERTEX
  5
2413
  8
CUT
 10
1218.618285374717
 20
-1917.5017608800008
 30
0.0
 70
0
  0
VERTEX
  5
2414
  8
CUT
 10
1217.9554074824746
 20
-1917.332571385981
 30
0.0
 70
0
  0
VERTEX
  5
2415
  8
CUT
 10
1217.2717146137625
 20
-1917.3081532332474
 30
0.0
 70
0
  0
VERTEX
  5
2416
  8
CUT
 10
1216.5984558181074
 20
-1917.4296224844336
 30
0.0
 70
0
  0
VERTEX
  5
2417
  8
CUT
 10
1215.9664032424957
 20
-1917.6914272333847
 30
0.0
 70
0
  0
VERTEX
  5
2418
  8
CUT
 10
1215.4044456513752
 20
-1918.0816013620665
 30
0.0
 70
0
  0
VERTEX
  5
2419
  8
CUT
 10
1214.938268029042
 20
-1918.5823114671637
 30
0.0
 70
0
  0
VERTEX
  5
241A
  8
CUT
 10
1214.5891776148655
 20
-1919.170671958394
 30
0.0
 70
0
  0
VERTEX
  5
241B
  8
CUT
 10
1214.3731300288923
 20
-1919.8197910734305
 30
0.0
 70
0
  0
VERTEX
  5
241C
  8
CUT
 10
1214.3000000000002
 20
-1920.5
 30
0.0
 70
0
  0
VERTEX
  5
241D
  8
CUT
 10
1179.7
 20
-1920.5
 30
0.0
 70
0
  0
VERTEX
  5
241E
  8
CUT
 10
1179.6268699711077
 20
-1919.8197910734305
 30
0.0
 70
0
  0
VERTEX
  5
241F
  8
CUT
 10
1179.4108223851345
 20
-1919.170671958394
 30
0.0
 70
0
  0
VERTEX
  5
2420
  8
CUT
 10
1179.061731970958
 20
-1918.5823114671637
 30
0.0
 70
0
  0
VERTEX
  5
2421
  8
CUT
 10
1178.595554348625
 20
-1918.0816013620663
 30
0.0
 70
0
  0
VERTEX
  5
2422
  8
CUT
 10
1178.0335967575043
 20
-1917.6914272333847
 30
0.0
 70
0
  0
VERTEX
  5
2423
  8
CUT
 10
1177.4015441818926
 20
-1917.4296224844336
 30
0.0
 70
0
  0
VERTEX
  5
2424
  8
CUT
 10
1176.7282853862375
 20
-1917.3081532332471
 30
0.0
 70
0
  0
VERTEX
  5
2425
  8
CUT
 10
1176.0445925175254
 20
-1917.332571385981
 30
0.0
 70
0
  0
VERTEX
  5
2426
  8
CUT
 10
1175.381714625283
 20
-1917.5017608800008
 30
0.0
 70
0
  0
VERTEX
  5
2427
  8
CUT
 10
1174.7699493841421
 20
-1917.8079886949401
 30
0.0
 70
0
  0
VERTEX
  5
2428
  8
CUT
 10
1174.237258300203
 20
-1918.237258300203
 30
0.0
 70
0
  0
VERTEX
  5
2429
  8
CUT
 10
1173.8079886949401
 20
-1918.7699493841421
 30
0.0
 70
0
  0
VERTEX
  5
242A
  8
CUT
 10
1173.5017608800008
 20
-1919.381714625283
 30
0.0
 70
0
  0
VERTEX
  5
242B
  8
CUT
 10
1173.332571385981
 20
-1920.0445925175254
 30
0.0
 70
0
  0
VERTEX
  5
242C
  8
CUT
 10
1173.3081532332471
 20
-1920.7282853862375
 30
0.0
 70
0
  0
VERTEX
  5
242D
  8
CUT
 10
1173.4296224844336
 20
-1921.4015441818926
 30
0.0
 70
0
  0
VERTEX
  5
242E
  8
CUT
 10
1173.6914272333847
 20
-1922.0335967575043
 30
0.0
 70
0
  0
VERTEX
  5
242F
  8
CUT
 10
1174.0816013620663
 20
-1922.595554348625
 30
0.0
 70
0
  0
VERTEX
  5
2430
  8
CUT
 10
1174.5823114671637
 20
-1923.061731970958
 30
0.0
 70
0
  0
VERTEX
  5
2431
  8
CUT
 10
1175.170671958394
 20
-1923.4108223851345
 30
0.0
 70
0
  0
VERTEX
  5
2432
  8
CUT
 10
1175.8197910734305
 20
-1923.6268699711077
 30
0.0
 70
0
  0
VERTEX
  5
2433
  8
CUT
 10
1176.5
 20
-1923.7
 30
0.0
 70
0
  0
VERTEX
  5
2434
  8
CUT
 10
1176.5
 20
-1936.3
 30
0.0
 70
0
  0
VERTEX
  5
2435
  8
CUT
 10
1175.8197910734305
 20
-1936.3731300288923
 30
0.0
 70
0
  0
VERTEX
  5
2436
  8
CUT
 10
1175.170671958394
 20
-1936.5891776148655
 30
0.0
 70
0
  0
VERTEX
  5
2437
  8
CUT
 10
1174.5823114671637
 20
-1936.938268029042
 30
0.0
 70
0
  0
VERTEX
  5
2438
  8
CUT
 10
1174.0816013620663
 20
-1937.404445651375
 30
0.0
 70
0
  0
VERTEX
  5
2439
  8
CUT
 10
1173.6914272333847
 20
-1937.9664032424957
 30
0.0
 70
0
  0
VERTEX
  5
243A
  8
CUT
 10
1173.4296224844336
 20
-1938.5984558181074
 30
0.0
 70
0
  0
VERTEX
  5
243B
  8
CUT
 10
1173.3081532332471
 20
-1939.2717146137625
 30
0.0
 70
0
  0
VERTEX
  5
243C
  8
CUT
 10
1173.332571385981
 20
-1939.9554074824746
 30
0.0
 70
0
  0
VERTEX
  5
243D
  8
CUT
 10
1173.5017608800008
 20
-1940.618285374717
 30
0.0
 70
0
  0
VERTEX
  5
243E
  8
CUT
 10
1173.8079886949401
 20
-1941.2300506158579
 30
0.0
 70
0
  0
VERTEX
  5
243F
  8
CUT
 10
1174.237258300203
 20
-1941.762741699797
 30
0.0
 70
0
  0
VERTEX
  5
2440
  8
CUT
 10
1174.7699493841421
 20
-1942.1920113050599
 30
0.0
 70
0
  0
VERTEX
  5
2441
  8
CUT
 10
1175.381714625283
 20
-1942.4982391199992
 30
0.0
 70
0
  0
VERTEX
  5
2442
  8
CUT
 10
1176.0445925175254
 20
-1942.667428614019
 30
0.0
 70
0
  0
VERTEX
  5
2443
  8
CUT
 10
1176.7282853862375
 20
-1942.6918467667529
 30
0.0
 70
0
  0
VERTEX
  5
2444
  8
CUT
 10
1177.4015441818926
 20
-1942.5703775155664
 30
0.0
 70
0
  0
VERTEX
  5
2445
  8
CUT
 10
1178.0335967575043
 20
-1942.3085727666153
 30
0.0
 70
0
  0
VERTEX
  5
2446
  8
CUT
 10
1178.595554348625
 20
-1941.9183986379337
 30
0.0
 70
0
  0
VERTEX
  5
2447
  8
CUT
 10
1179.061731970958
 20
-1941.4176885328363
 30
0.0
 70
0
  0
VERTEX
  5
2448
  8
CUT
 10
1179.4108223851345
 20
-1940.829328041606
 30
0.0
 70
0
  0
VERTEX
  5
2449
  8
CUT
 10
1179.6268699711077
 20
-1940.1802089265695
 30
0.0
 70
0
  0
VERTEX
  5
244A
  8
CUT
 10
1179.7
 20
-1939.5
 30
0.0
 70
0
  0
SEQEND
  5
23EE
  8
CUT
  0
POLYLINE
  5
244B
  8
CUT
 66
1
 10
0.0
 20
0.0
 30
0.0
 70
1
  0
VERTEX
  5
244D
  8
CUT
 10
1074.3000000000002
 20
-1939.5
 30
0.0
 70
0
  0
VERTEX
  5
244E
  8
CUT
 10
1074.3731300288923
 20
-1940.1802089265695
 30
0.0
 70
0
  0
VERTEX
  5
244F
  8
CUT
 10
1074.5891776148655
 20
-1940.829328041606
 30
0.0
 70
0
  0
VERTEX
  5
2450
  8
CUT
 10
1074.938268029042
 20
-1941.4176885328363
 30
0.0
 70
0
  0
VERTEX
  5
2451
  8
CUT
 10
1075.4044456513752
 20
-1941.9183986379335
 30
0.0
 70
0
  0
VERTEX
  5
2452
  8
CUT
 10
1075.9664032424957
 20
-1942.3085727666153
 30
0.0
 70
0
  0
VERTEX
  5
2453
  8
CUT
 10
1076.5984558181074
 20
-1942.5703775155664
 30
0.0
 70
0
  0
VERTEX
  5
2454
  8
CUT
 10
1077.2717146137625
 20
-1942.6918467667526
 30
0.0
 70
0
  0
VERTEX
  5
2455
  8
CUT
 10
1077.9554074824746
 20
-1942.667428614019
 30
0.0
 70
0
  0
VERTEX
  5
2456
  8
CUT
 10
1078.618285374717
 20
-1942.4982391199992
 30
0.0
 70
0
  0
VERTEX
  5
2457
  8
CUT
 10
1079.2300506158579
 20
-1942.1920113050596
 30
0.0
 70
0
  0
VERTEX
  5
2458
  8
CUT
 10
1079.7627416997968
 20
-1941.7627416997968
 30
0.0
 70
0
  0
VERTEX
  5
2459
  8
CUT
 10
1080.1920113050596
 20
-1941.2300506158579
 30
0.0
 70
0
  0
VERTEX
  5
245A
  8
CUT
 10
1080.4982391199992
 20
-1940.618285374717
 30
0.0
 70
0
  0
VERTEX
  5
245B
  8
CUT
 10
1080.667428614019
 20
-1939.9554074824746
 30
0.0
 70
0
  0
VERTEX
  5
245C
  8
CUT
 10
1080.6918467667526
 20
-1939.2717146137625
 30
0.0
 70
0
  0
VERTEX
  5
245D
  8
CUT
 10
1080.5703775155664
 20
-1938.5984558181074
 30
0.0
 70
0
  0
VERTEX
  5
245E
  8
CUT
 10
1080.3085727666153
 20
-1937.9664032424957
 30
0.0
 70
0
  0
VERTEX
  5
245F
  8
CUT
 10
1079.9183986379335
 20
-1937.4044456513752
 30
0.0
 70
0
  0
VERTEX
  5
2460
  8
CUT
 10
1079.4176885328363
 20
-1936.938268029042
 30
0.0
 70
0
  0
VERTEX
  5
2461
  8
CUT
 10
1078.829328041606
 20
-1936.5891776148655
 30
0.0
 70
0
  0
VERTEX
  5
2462
  8
CUT
 10
1078.1802089265695
 20
-1936.3731300288923
 30
0.0
 70
0
  0
VERTEX
  5
2463
  8
CUT
 10
1077.5
 20
-1936.3
 30
0.0
 70
0
  0
VERTEX
  5
2464
  8
CUT
 10
1077.5
 20
-1923.7
 30
0.0
 70
0
  0
VERTEX
  5
2465
  8
CUT
 10
1078.1802089265695
 20
-1923.6268699711077
 30
0.0
 70
0
  0
VERTEX
  5
2466
  8
CUT
 10
1078.829328041606
 20
-1923.4108223851345
 30
0.0
 70
0
  0
VERTEX
  5
2467
  8
CUT
 10
1079.4176885328363
 20
-1923.061731970958
 30
0.0
 70
0
  0
VERTEX
  5
2468
  8
CUT
 10
1079.9183986379335
 20
-1922.5955543486248
 30
0.0
 70
0
  0
VERTEX
  5
2469
  8
CUT
 10
1080.3085727666153
 20
-1922.0335967575043
 30
0.0
 70
0
  0
VERTEX
  5
246A
  8
CUT
 10
1080.5703775155664
 20
-1921.4015441818926
 30
0.0
 70
0
  0
VERTEX
  5
246B
  8
CUT
 10
1080.6918467667526
 20
-1920.7282853862375
 30
0.0
 70
0
  0
VERTEX
  5
246C
  8
CUT
 10
1080.667428614019
 20
-1920.0445925175254
 30
0.0
 70
0
  0
VERTEX
  5
246D
  8
CUT
 10
1080.4982391199992
 20
-1919.381714625283
 30
0.0
 70
0
  0
VERTEX
  5
246E
  8
CUT
 10
1080.1920113050596
 20
-1918.7699493841421
 30
0.0
 70
0
  0
VERTEX
  5
246F
  8
CUT
 10
1079.7627416997968
 20
-1918.2372583002032
 30
0.0
 70
0
  0
VERTEX
  5
2470
  8
CUT
 10
1079.2300506158579
 20
-1917.8079886949404
 30
0.0
 70
0
  0
VERTEX
  5
2471
  8
CUT
 10
1078.618285374717
 20
-1917.5017608800008
 30
0.0
 70
0
  0
VERTEX
  5
2472
  8
CUT
 10
1077.9554074824746
 20
-1917.332571385981
 30
0.0
 70
0
  0
VERTEX
  5
2473
  8
CUT
 10
1077.2717146137625
 20
-1917.3081532332474
 30
0.0
 70
0
  0
VERTEX
  5
2474
  8
CUT
 10
1076.5984558181074
 20
-1917.4296224844336
 30
0.0
 70
0
  0
VERTEX
  5
2475
  8
CUT
 10
1075.9664032424957
 20
-1917.6914272333847
 30
0.0
 70
0
  0
VERTEX
  5
2476
  8
CUT
 10
1075.4044456513752
 20
-1918.0816013620665
 30
0.0
 70
0
  0
VERTEX
  5
2477
  8
CUT
 10
1074.938268029042
 20
-1918.5823114671637
 30
0.0
 70
0
  0
VERTEX
  5
2478
  8
CUT
 10
1074.5891776148655
 20
-1919.170671958394
 30
0.0
 70
0
  0
VERTEX
  5
2479
  8
CUT
 10
1074.3731300288923
 20
-1919.8197910734305
 30
0.0
 70
0
  0
VERTEX
  5
247A
  8
CUT
 10
1074.3000000000002
 20
-1920.5
 30
0.0
 70
0
  0
VERTEX
  5
247B
  8
CUT
 10
1039.7
 20
-1920.5
 30
0.0
 70
0
  0
VERTEX
  5
247C
  8
CUT
 10
1039.6268699711077
 20
-1919.8197910734305
 30
0.0
 70
0
  0
VERTEX
  5
247D
  8
CUT
 10
1039.4108223851345
 20
-1919.170671958394
 30
0.0
 70
0
  0
VERTEX
  5
247E
  8
CUT
 10
1039.061731970958
 20
-1918.5823114671637
 30
0.0
 70
0
  0
VERTEX
  5
247F
  8
CUT
 10
1038.595554348625
 20
-1918.0816013620663
 30
0.0
 70
0
  0
VERTEX
  5
2480
  8
CUT
 10
1038.0335967575043
 20
-1917.6914272333847
 30
0.0
 70
0
  0
VERTEX
  5
2481
  8
CUT
 10
1037.4015441818926
 20
-1917.4296224844336
 30
0.0
 70
0
  0
VERTEX
  5
2482
  8
CUT
 10
1036.7282853862375
 20
-1917.3081532332471
 30
0.0
 70
0
  0
VERTEX
  5
2483
  8
CUT
 10
1036.0445925175254
 20
-1917.332571385981
 30
0.0
 70
0
  0
VERTEX
  5
2484
  8
CUT
 10
1035.381714625283
 20
-1917.5017608800008
 30
0.0
 70
0
  0
VERTEX
  5
2485
  8
CUT
 10
1034.7699493841421
 20
-1917.8079886949401
 30
0.0
 70
0
  0
VERTEX
  5
2486
  8
CUT
 10
1034.237258300203
 20
-1918.237258300203
 30
0.0
 70
0
  0
VERTEX
  5
2487
  8
CUT
 10
1033.8079886949401
 20
-1918.7699493841421
 30
0.0
 70
0
  0
VERTEX
  5
2488
  8
CUT
 10
1033.5017608800008
 20
-1919.381714625283
 30
0.0
 70
0
  0
VERTEX
  5
2489
  8
CUT
 10
1033.332571385981
 20
-1920.0445925175254
 30
0.0
 70
0
  0
VERTEX
  5
248A
  8
CUT
 10
1033.3081532332471
 20
-1920.7282853862375
 30
0.0
 70
0
  0
VERTEX
  5
248B
  8
CUT
 10
1033.4296224844336
 20
-1921.4015441818926
 30
0.0
 70
0
  0
VERTEX
  5
248C
  8
CUT
 10
1033.6914272333847
 20
-1922.0335967575043
 30
0.0
 70
0
  0
VERTEX
  5
248D
  8
CUT
 10
1034.0816013620663
 20
-1922.595554348625
 30
0.0
 70
0
  0
VERTEX
  5
248E
  8
CUT
 10
1034.5823114671637
 20
-1923.061731970958
 30
0.0
 70
0
  0
VERTEX
  5
248F
  8
CUT
 10
1035.170671958394
 20
-1923.4108223851345
 30
0.0
 70
0
  0
VERTEX
  5
2490
  8
CUT
 10
1035.8197910734305
 20
-1923.6268699711077
 30
0.0
 70
0
  0
VERTEX
  5
2491
  8
CUT
 10
1036.5
 20
-1923.7
 30
0.0
 70
0
  0
VERTEX
  5
2492
  8
CUT
 10
1036.5
 20
-1936.3
 30
0.0
 70
0
  0
VERTEX
  5
2493
  8
CUT
 10
1035.8197910734305
 20
-1936.3731300288923
 30
0.0
 70
0
  0
VERTEX
  5
2494
  8
CUT
 10
1035.170671958394
 20
-1936.5891776148655
 30
0.0
 70
0
  0
VERTEX
  5
2495
  8
CUT
 10
1034.5823114671637
 20
-1936.938268029042
 30
0.0
 70
0
  0
VERTEX
  5
2496
  8
CUT
 10
1034.0816013620663
 20
-1937.404445651375
 30
0.0
 70
0
  0
VERTEX
  5
2497
  8
CUT
 10
1033.6914272333847
 20
-1937.9664032424957
 30
0.0
 70
0
  0
VERTEX
  5
2498
  8
CUT
 10
1033.4296224844336
 20
-1938.5984558181074
 30
0.0
 70
0
  0
VERTEX
  5
2499
  8
CUT
 10
1033.3081532332471
 20
-1939.2717146137625
 30
0.0
 70
0
  0
VERTEX
  5
249A
  8
CUT
 10
1033.332571385981
 20
-1939.9554074824746
 30
0.0
 70
0
  0
VERTEX
  5
249B
  8
CUT
 10
1033.5017608800008
 20
-1940.618285374717
 30
0.0
 70
0
  0
VERTEX
  5
249C
  8
CUT
 10
1033.8079886949401
 20
-1941.2300506158579
 30
0.0
 70
0
  0
VERTEX
  5
249D
  8
CUT
 10
1034.237258300203
 20
-1941.762741699797
 30
0.0
 70
0
  0
VERTEX
  5
249E
  8
CUT
 10
1034.7699493841421
 20
-1942.1920113050599
 30
0.0
 70
0
  0
VERTEX
  5
249F
  8
CUT
 10
1035.381714625283
 20
-1942.4982391199992
 30
0.0
 70
0
  0
VERTEX
  5
24A0
  8
CUT
 10
1036.0445925175254
 20
-1942.667428614019
 30
0.0
 70
0
  0
VERTEX
  5
24A1
  8
CUT
 10
1036.7282853862375
 20
-1942.6918467667529
 30
0.0
 70
0
  0
VERTEX
  5
24A2
  8
CUT
 10
1037.4015441818926
 20
-1942.5703775155664
 30
0.0
 70
0
  0
VERTEX
  5
24A3
  8
CUT
 10
1038.0335967575043
 20
-1942.3085727666153
 30
0.0
 70
0
  0
VERTEX
  5
24A4
  8
CUT
 10
1038.595554348625
 20
-1941.9183986379337
 30
0.0
 70
0
  0
VERTEX
  5
24A5
  8
CUT
 10
1039.061731970958
 20
-1941.4176885328363
 30
0.0
 70
0
  0
VERTEX
  5
24A6
  8
CUT
 10
1039.4108223851345
 20
-1940.829328041606
 30
0.0
 70
0
  0
VERTEX
  5
24A7
  8
CUT
 10
1039.6268699711077
 20
-1940.1802089265695
 30
0.0
 70
0
  0
VERTEX
  5
24A8
  8
CUT
 10
1039.7
 20
-1939.5
 30
0.0
 70
0
  0
SEQEND
  5
244C
  8
CUT
  0
POLYLINE
  5
24A9
  8
CUT
 66
1
 10
0.0
 20
0.0
 30
0.0
 70
1
  0
VERTEX
  5
24AB
  8
CUT
 10
1144.3000000000002
 20
-1939.5
 30
0.0
 70
0
  0
VERTEX
  5
24AC
  8
CUT
 10
1144.3731300288923
 20
-1940.1802089265695
 30
0.0
 70
0
  0
VERTEX
  5
24AD
  8
CUT
 10
1144.5891776148655
 20
-1940.829328041606
 30
0.0
 70
0
  0
VERTEX
  5
24AE
  8
CUT
 10
1144.938268029042
 20
-1941.4176885328363
 30
0.0
 70
0
  0
VERTEX
  5
24AF
  8
CUT
 10
1145.4044456513752
 20
-1941.9183986379335
 30
0.0
 70
0
  0
VERTEX
  5
24B0
  8
CUT
 10
1145.9664032424957
 20
-1942.3085727666153
 30
0.0
 70
0
  0
VERTEX
  5
24B1
  8
CUT
 10
1146.5984558181074
 20
-1942.5703775155664
 30
0.0
 70
0
  0
VERTEX
  5
24B2
  8
CUT
 10
1147.2717146137625
 20
-1942.6918467667526
 30
0.0
 70
0
  0
VERTEX
  5
24B3
  8
CUT
 10
1147.9554074824746
 20
-1942.667428614019
 30
0.0
 70
0
  0
VERTEX
  5
24B4
  8
CUT
 10
1148.618285374717
 20
-1942.4982391199992
 30
0.0
 70
0
  0
VERTEX
  5
24B5
  8
CUT
 10
1149.2300506158579
 20
-1942.1920113050596
 30
0.0
 70
0
  0
VERTEX
  5
24B6
  8
CUT
 10
1149.7627416997968
 20
-1941.7627416997968
 30
0.0
 70
0
  0
VERTEX
  5
24B7
  8
CUT
 10
1150.1920113050596
 20
-1941.2300506158579
 30
0.0
 70
0
  0
VERTEX
  5
24B8
  8
CUT
 10
1150.4982391199992
 20
-1940.618285374717
 30
0.0
 70
0
  0
VERTEX
  5
24B9
  8
CUT
 10
1150.667428614019
 20
-1939.9554074824746
 30
0.0
 70
0
  0
VERTEX
  5
24BA
  8
CUT
 10
1150.6918467667526
 20
-1939.2717146137625
 30
0.0
 70
0
  0
VERTEX
  5
24BB
  8
CUT
 10
1150.5703775155664
 20
-1938.5984558181074
 30
0.0
 70
0
  0
VERTEX
  5
24BC
  8
CUT
 10
1150.3085727666153
 20
-1937.9664032424957
 30
0.0
 70
0
  0
VERTEX
  5
24BD
  8
CUT
 10
1149.9183986379335
 20
-1937.4044456513752
 30
0.0
 70
0
  0
VERTEX
  5
24BE
  8
CUT
 10
1149.4176885328363
 20
-1936.938268029042
 30
0.0
 70
0
  0
VERTEX
  5
24BF
  8
CUT
 10
1148.829328041606
 20
-1936.5891776148655
 30
0.0
 70
0
  0
VERTEX
  5
24C0
  8
CUT
 10
1148.1802089265695
 20
-1936.3731300288923
 30
0.0
 70
0
  0
VERTEX
  5
24C1
  8
CUT
 10
1147.5
 20
-1936.3
 30
0.0
 70
0
  0
VERTEX
  5
24C2
  8
CUT
 10
1147.5
 20
-1923.7
 30
0.0
 70
0
  0
VERTEX
  5
24C3
  8
CUT
 10
1148.1802089265695
 20
-1923.6268699711077
 30
0.0
 70
0
  0
VERTEX
  5
24C4
  8
CUT
 10
1148.829328041606
 20
-1923.4108223851345
 30
0.0
 70
0
  0
VERTEX
  5
24C5
  8
CUT
 10
1149.4176885328363
 20
-1923.061731970958
 30
0.0
 70
0
  0
VERTEX
  5
24C6
  8
CUT
 10
1149.9183986379335
 20
-1922.5955543486248
 30
0.0
 70
0
  0
VERTEX
  5
24C7
  8
CUT
 10
1150.3085727666153
 20
-1922.0335967575043
 30
0.0
 70
0
  0
VERTEX
  5
24C8
  8
CUT
 10
1150.5703775155664
 20
-1921.4015441818926
 30
0.0
 70
0
  0
VERTEX
  5
24C9
  8
CUT
 10
1150.6918467667526
 20
-1920.7282853862375
 30
0.0
 70
0
  0
VERTEX
  5
24CA
  8
CUT
 10
1150.667428614019
 20
-1920.0445925175254
 30
0.0
 70
0
  0
VERTEX
  5
24CB
  8
CUT
 10
1150.4982391199992
 20
-1919.381714625283
 30
0.0
 70
0
  0
VERTEX
  5
24CC
  8
CUT
 10
1150.1920113050596
 20
-1918.7699493841421
 30
0.0
 70
0
  0
VERTEX
  5
24CD
  8
CUT
 10
1149.7627416997968
 20
-1918.2372583002032
 30
0.0
 70
0
  0
VERTEX
  5
24CE
  8
CUT
 10
1149.2300506158579
 20
-1917.8079886949404
 30
0.0
 70
0
  0
VERTEX
  5
24CF
  8
CUT
 10
1148.618285374717
 20
-1917.5017608800008
 30
0.0
 70
0
  0
VERTEX
  5
24D0
  8
CUT
 10
1147.9554074824746
 20
-1917.332571385981
 30
0.0
 70
0
  0
VERTEX
  5
24D1
  8
CUT
 10
1147.2717146137625
 20
-1917.3081532332474
 30
0.0
 70
0
  0
VERTEX
  5
24D2
  8
CUT
 10
1146.5984558181074
 20
-1917.4296224844336
 30
0.0
 70
0
  0
VERTEX
  5
24D3
  8
CUT
 10
1145.9664032424957
 20
-1917.6914272333847
 30
0.0
 70
0
  0
VERTEX
  5
24D4
  8
CUT
 10
1145.4044456513752
 20
-1918.0816013620665
 30
0.0
 70
0
  0
VERTEX
  5
24D5
  8
CUT
 10
1144.938268029042
 20
-1918.5823114671637
 30
0.0
 70
0
  0
VERTEX
  5
24D6
  8
CUT
 10
1144.5891776148655
 20
-1919.170671958394
 30
0.0
 70
0
  0
VERTEX
  5
24D7
  8
CUT
 10
1144.3731300288923
 20
-1919.8197910734305
 30
0.0
 70
0
  0
VERTEX
  5
24D8
  8
CUT
 10
1144.3000000000002
 20
-1920.5
 30
0.0
 70
0
  0
VERTEX
  5
24D9
  8
CUT
 10
1109.7
 20
-1920.5
 30
0.0
 70
0
  0
VERTEX
  5
24DA
  8
CUT
 10
1109.6268699711077
 20
-1919.8197910734305
 30
0.0
 70
0
  0
VERTEX
  5
24DB
  8
CUT
 10
1109.4108223851345
 20
-1919.170671958394
 30
0.0
 70
0
  0
VERTEX
  5
24DC
  8
CUT
 10
1109.061731970958
 20
-1918.5823114671637
 30
0.0
 70
0
  0
VERTEX
  5
24DD
  8
CUT
 10
1108.595554348625
 20
-1918.0816013620663
 30
0.0
 70
0
  0
VERTEX
  5
24DE
  8
CUT
 10
1108.0335967575043
 20
-1917.6914272333847
 30
0.0
 70
0
  0
VERTEX
  5
24DF
  8
CUT
 10
1107.4015441818926
 20
-1917.4296224844336
 30
0.0
 70
0
  0
VERTEX
  5
24E0
  8
CUT
 10
1106.7282853862375
 20
-1917.3081532332471
 30
0.0
 70
0
  0
VERTEX
  5
24E1
  8
CUT
 10
1106.0445925175254
 20
-1917.332571385981
 30
0.0
 70
0
  0
VERTEX
  5
24E2
  8
CUT
 10
1105.381714625283
 20
-1917.5017608800008
 30
0.0
 70
0
  0
VERTEX
  5
24E3
  8
CUT
 10
1104.7699493841421
 20
-1917.8079886949401
 30
0.0
 70
0
  0
VERTEX
  5
24E4
  8
CUT
 10
1104.237258300203
 20
-1918.237258300203
 30
0.0
 70
0
  0
VERTEX
  5
24E5
  8
CUT
 10
1103.8079886949401
 20
-1918.7699493841421
 30
0.0
 70
0
  0
VERTEX
  5
24E6
  8
CUT
 10
1103.5017608800008
 20
-1919.381714625283
 30
0.0
 70
0
  0
VERTEX
  5
24E7
  8
CUT
 10
1103.332571385981
 20
-1920.0445925175254
 30
0.0
 70
0
  0
VERTEX
  5
24E8
  8
CUT
 10
1103.3081532332471
 20
-1920.7282853862375
 30
0.0
 70
0
  0
VERTEX
  5
24E9
  8
CUT
 10
1103.4296224844336
 20
-1921.4015441818926
 30
0.0
 70
0
  0
VERTEX
  5
24EA
  8
CUT
 10
1103.6914272333847
 20
-1922.0335967575043
 30
0.0
 70
0
  0
VERTEX
  5
24EB
  8
CUT
 10
1104.0816013620663
 20
-1922.595554348625
 30
0.0
 70
0
  0
VERTEX
  5
24EC
  8
CUT
 10
1104.5823114671637
 20
-1923.061731970958
 30
0.0
 70
0
  0
VERTEX
  5
24ED
  8
CUT
 10
1105.170671958394
 20
-1923.4108223851345
 30
0.0
 70
0
  0
VERTEX
  5
24EE
  8
CUT
 10
1105.8197910734305
 20
-1923.6268699711077
 30
0.0
 70
0
  0
VERTEX
  5
24EF
  8
CUT
 10
1106.5
 20
-1923.7
 30
0.0
 70
0
  0
VERTEX
  5
24F0
  8
CUT
 10
1106.5
 20
-1936.3
 30
0.0
 70
0
  0
VERTEX
  5
24F1
  8
CUT
 10
1105.8197910734305
 20
-1936.3731300288923
 30
0.0
 70
0
  0
VERTEX
  5
24F2
  8
CUT
 10
1105.170671958394
 20
-1936.5891776148655
 30
0.0
 70
0
  0
VERTEX
  5
24F3
  8
CUT
 10
1104.5823114671637
 20
-1936.938268029042
 30
0.0
 70
0
  0
VERTEX
  5
24F4
  8
CUT
 10
1104.0816013620663
 20
-1937.404445651375
 30
0.0
 70
0
  0
VERTEX
  5
24F5
  8
CUT
 10
1103.6914272333847
 20
-1937.9664032424957
 30
0.0
 70
0
  0
VERTEX
  5
24F6
  8
CUT
 10
1103.4296224844336
 20
-1938.5984558181074
 30
0.0
 70
0
  0
VERTEX
  5
24F7
  8
CUT
 10
1103.3081532332471
 20
-1939.2717146137625
 30
0.0
 70
0
  0
VERTEX
  5
24F8
  8
CUT
 10
1103.332571385981
 20
-1939.9554074824746
 30
0.0
 70
0
  0
VERTEX
  5
24F9
  8
CUT
 10
1103.5017608800008
 20
-1940.618285374717
 30
0.0
 70
0
  0
VERTEX
  5
24FA
  8
CUT
 10
1103.8079886949401
 20
-1941.2300506158579
 30
0.0
 70
0
  0
VERTEX
  5
24FB
  8
CUT
 10
1104.237258300203
 20
-1941.762741699797
 30
0.0
 70
0
  0
VERTEX
  5
24FC
  8
CUT
 10
1104.7699493841421
 20
-1942.1920113050599
 30
0.0
 70
0
  0
VERTEX
  5
24FD
  8
CUT
 10
1105.381714625283
 20
-1942.4982391199992
 30
0.0
 70
0
  0
VERTEX
  5
24FE
  8
CUT
 10
1106.0445925175254
 20
-1942.667428614019
 30
0.0
 70
0
  0
VERTEX
  5
24FF
  8
CUT
 10
1106.7282853862375
 20
-1942.6918467667529
 30
0.0
 70
0
  0
VERTEX
  5
2500
  8
CUT
 10
1107.4015441818926
 20
-1942.5703775155664
 30
0.0
 70
0
  0
VERTEX
  5
2501
  8
CUT
 10
1108.0335967575043
 20
-1942.3085727666153
 30
0.0
 70
0
  0
VERTEX
  5
2502
  8
CUT
 10
1108.595554348625
 20
-1941.9183986379337
 30
0.0
 70
0
  0
VERTEX
  5
2503
  8
CUT
 10
1109.061731970958
 20
-1941.4176885328363
 30
0.0
 70
0
  0
VERTEX
  5
2504
  8
CUT
 10
1109.4108223851345
 20
-1940.829328041606
 30
0.0
 70
0
  0
VERTEX
  5
2505
  8
CUT
 10
1109.6268699711077
 20
-1940.1802089265695
 30
0.0
 70
0
  0
VERTEX
  5
2506
  8
CUT
 10
1109.7
 20
-1939.5
 30
0.0
 70
0
  0
SEQEND
  5
24AA
  8
CUT
  0
POLYLINE
  5
2507
  8
CUT
 66
1
 10
0.0
 20
0.0
 30
0.0
 70
1
  0
VERTEX
  5
2509
  8
CUT
 10
1014.3
 20
-1939.5
 30
0.0
 70
0
  0
VERTEX
  5
250A
  8
CUT
 10
1014.3731300288922
 20
-1940.1802089265695
 30
0.0
 70
0
  0
VERTEX
  5
250B
  8
CUT
 10
1014.5891776148655
 20
-1940.829328041606
 30
0.0
 70
0
  0
VERTEX
  5
250C
  8
CUT
 10
1014.938268029042
 20
-1941.4176885328363
 30
0.0
 70
0
  0
VERTEX
  5
250D
  8
CUT
 10
1015.4044456513751
 20
-1941.9183986379337
 30
0.0
 70
0
  0
VERTEX
  5
250E
  8
CUT
 10
1015.9664032424957
 20
-1942.3085727666153
 30
0.0
 70
0
  0
VERTEX
  5
250F
  8
CUT
 10
1016.5984558181074
 20
-1942.5703775155664
 30
0.0
 70
0
  0
VERTEX
  5
2510
  8
CUT
 10
1017.2717146137625
 20
-1942.6918467667529
 30
0.0
 70
0
  0
VERTEX
  5
2511
  8
CUT
 10
1017.9554074824745
 20
-1942.667428614019
 30
0.0
 70
0
  0
VERTEX
  5
2512
  8
CUT
 10
1018.6182853747172
 20
-1942.4982391199992
 30
0.0
 70
0
  0
VERTEX
  5
2513
  8
CUT
 10
1019.230050615858
 20
-1942.1920113050599
 30
0.0
 70
0
  0
VERTEX
  5
2514
  8
CUT
 10
1019.762741699797
 20
-1941.762741699797
 30
0.0
 70
0
  0
VERTEX
  5
2515
  8
CUT
 10
1020.1920113050599
 20
-1941.2300506158579
 30
0.0
 70
0
  0
VERTEX
  5
2516
  8
CUT
 10
1020.4982391199993
 20
-1940.618285374717
 30
0.0
 70
0
  0
VERTEX
  5
2517
  8
CUT
 10
1020.6674286140191
 20
-1939.9554074824746
 30
0.0
 70
0
  0
VERTEX
  5
2518
  8
CUT
 10
1020.6918467667529
 20
-1939.2717146137625
 30
0.0
 70
0
  0
VERTEX
  5
2519
  8
CUT
 10
1020.5703775155664
 20
-1938.5984558181074
 30
0.0
 70
0
  0
VERTEX
  5
251A
  8
CUT
 10
1020.3085727666153
 20
-1937.9664032424957
 30
0.0
 70
0
  0
VERTEX
  5
251B
  8
CUT
 10
1019.9183986379337
 20
-1937.404445651375
 30
0.0
 70
0
  0
VERTEX
  5
251C
  8
CUT
 10
1019.4176885328363
 20
-1936.938268029042
 30
0.0
 70
0
  0
VERTEX
  5
251D
  8
CUT
 10
1018.829328041606
 20
-1936.5891776148655
 30
0.0
 70
0
  0
VERTEX
  5
251E
  8
CUT
 10
1018.1802089265695
 20
-1936.3731300288923
 30
0.0
 70
0
  0
VERTEX
  5
251F
  8
CUT
 10
1017.5
 20
-1936.3
 30
0.0
 70
0
  0
VERTEX
  5
2520
  8
CUT
 10
1017.5
 20
-1923.7
 30
0.0
 70
0
  0
VERTEX
  5
2521
  8
CUT
 10
1018.1802089265695
 20
-1923.6268699711077
 30
0.0
 70
0
  0
VERTEX
  5
2522
  8
CUT
 10
1018.829328041606
 20
-1923.4108223851345
 30
0.0
 70
0
  0
VERTEX
  5
2523
  8
CUT
 10
1019.4176885328363
 20
-1923.061731970958
 30
0.0
 70
0
  0
VERTEX
  5
2524
  8
CUT
 10
1019.9183986379337
 20
-1922.595554348625
 30
0.0
 70
0
  0
VERTEX
  5
2525
  8
CUT
 10
1020.3085727666153
 20
-1922.0335967575043
 30
0.0
 70
0
  0
VERTEX
  5
2526
  8
CUT
 10
1020.5703775155664
 20
-1921.4015441818926
 30
0.0
 70
0
  0
VERTEX
  5
2527
  8
CUT
 10
1020.6918467667529
 20
-1920.7282853862375
 30
0.0
 70
0
  0
VERTEX
  5
2528
  8
CUT
 10
1020.6674286140191
 20
-1920.0445925175254
 30
0.0
 70
0
  0
VERTEX
  5
2529
  8
CUT
 10
1020.4982391199993
 20
-1919.381714625283
 30
0.0
 70
0
  0
VERTEX
  5
252A
  8
CUT
 10
1020.1920113050599
 20
-1918.7699493841421
 30
0.0
 70
0
  0
VERTEX
  5
252B
  8
CUT
 10
1019.762741699797
 20
-1918.237258300203
 30
0.0
 70
0
  0
VERTEX
  5
252C
  8
CUT
 10
1019.230050615858
 20
-1917.8079886949401
 30
0.0
 70
0
  0
VERTEX
  5
252D
  8
CUT
 10
1018.6182853747172
 20
-1917.5017608800008
 30
0.0
 70
0
  0
VERTEX
  5
252E
  8
CUT
 10
1017.9554074824745
 20
-1917.332571385981
 30
0.0
 70
0
  0
VERTEX
  5
252F
  8
CUT
 10
1017.2717146137625
 20
-1917.3081532332471
 30
0.0
 70
0
  0
VERTEX
  5
2530
  8
CUT
 10
1016.5984558181074
 20
-1917.4296224844336
 30
0.0
 70
0
  0
VERTEX
  5
2531
  8
CUT
 10
1015.9664032424957
 20
-1917.6914272333847
 30
0.0
 70
0
  0
VERTEX
  5
2532
  8
CUT
 10
1015.4044456513751
 20
-1918.0816013620663
 30
0.0
 70
0
  0
VERTEX
  5
2533
  8
CUT
 10
1014.938268029042
 20
-1918.5823114671637
 30
0.0
 70
0
  0
VERTEX
  5
2534
  8
CUT
 10
1014.5891776148655
 20
-1919.170671958394
 30
0.0
 70
0
  0
VERTEX
  5
2535
  8
CUT
 10
1014.3731300288922
 20
-1919.8197910734305
 30
0.0
 70
0
  0
VERTEX
  5
2536
  8
CUT
 10
1014.3
 20
-1920.5
 30
0.0
 70
0
  0
VERTEX
  5
2537
  8
CUT
 10
979.7
 20
-1920.5
 30
0.0
 70
0
  0
VERTEX
  5
2538
  8
CUT
 10
979.6268699711078
 20
-1919.8197910734305
 30
0.0
 70
0
  0
VERTEX
  5
2539
  8
CUT
 10
979.4108223851345
 20
-1919.170671958394
 30
0.0
 70
0
  0
VERTEX
  5
253A
  8
CUT
 10
979.061731970958
 20
-1918.5823114671637
 30
0.0
 70
0
  0
VERTEX
  5
253B
  8
CUT
 10
978.5955543486249
 20
-1918.0816013620663
 30
0.0
 70
0
  0
VERTEX
  5
253C
  8
CUT
 10
978.0335967575043
 20
-1917.6914272333847
 30
0.0
 70
0
  0
VERTEX
  5
253D
  8
CUT
 10
977.4015441818926
 20
-1917.4296224844336
 30
0.0
 70
0
  0
VERTEX
  5
253E
  8
CUT
 10
976.7282853862375
 20
-1917.3081532332471
 30
0.0
 70
0
  0
VERTEX
  5
253F
  8
CUT
 10
976.0445925175255
 20
-1917.332571385981
 30
0.0
 70
0
  0
VERTEX
  5
2540
  8
CUT
 10
975.3817146252828
 20
-1917.5017608800008
 30
0.0
 70
0
  0
VERTEX
  5
2541
  8
CUT
 10
974.769949384142
 20
-1917.8079886949401
 30
0.0
 70
0
  0
VERTEX
  5
2542
  8
CUT
 10
974.237258300203
 20
-1918.237258300203
 30
0.0
 70
0
  0
VERTEX
  5
2543
  8
CUT
 10
973.8079886949401
 20
-1918.7699493841421
 30
0.0
 70
0
  0
VERTEX
  5
2544
  8
CUT
 10
973.5017608800007
 20
-1919.381714625283
 30
0.0
 70
0
  0
VERTEX
  5
2545
  8
CUT
 10
973.3325713859809
 20
-1920.0445925175254
 30
0.0
 70
0
  0
VERTEX
  5
2546
  8
CUT
 10
973.3081532332471
 20
-1920.7282853862375
 30
0.0
 70
0
  0
VERTEX
  5
2547
  8
CUT
 10
973.4296224844336
 20
-1921.4015441818926
 30
0.0
 70
0
  0
VERTEX
  5
2548
  8
CUT
 10
973.6914272333847
 20
-1922.0335967575043
 30
0.0
 70
0
  0
VERTEX
  5
2549
  8
CUT
 10
974.0816013620663
 20
-1922.595554348625
 30
0.0
 70
0
  0
VERTEX
  5
254A
  8
CUT
 10
974.5823114671637
 20
-1923.061731970958
 30
0.0
 70
0
  0
VERTEX
  5
254B
  8
CUT
 10
975.170671958394
 20
-1923.4108223851345
 30
0.0
 70
0
  0
VERTEX
  5
254C
  8
CUT
 10
975.8197910734305
 20
-1923.6268699711077
 30
0.0
 70
0
  0
VERTEX
  5
254D
  8
CUT
 10
976.5
 20
-1923.7
 30
0.0
 70
0
  0
VERTEX
  5
254E
  8
CUT
 10
976.5
 20
-1936.3
 30
0.0
 70
0
  0
VERTEX
  5
254F
  8
CUT
 10
975.8197910734305
 20
-1936.3731300288923
 30
0.0
 70
0
  0
VERTEX
  5
2550
  8
CUT
 10
975.170671958394
 20
-1936.5891776148655
 30
0.0
 70
0
  0
VERTEX
  5
2551
  8
CUT
 10
974.5823114671637
 20
-1936.938268029042
 30
0.0
 70
0
  0
VERTEX
  5
2552
  8
CUT
 10
974.0816013620663
 20
-1937.404445651375
 30
0.0
 70
0
  0
VERTEX
  5
2553
  8
CUT
 10
973.6914272333847
 20
-1937.9664032424957
 30
0.0
 70
0
  0
VERTEX
  5
2554
  8
CUT
 10
973.4296224844336
 20
-1938.5984558181074
 30
0.0
 70
0
  0
VERTEX
  5
2555
  8
CUT
 10
973.3081532332471
 20
-1939.2717146137625
 30
0.0
 70
0
  0
VERTEX
  5
2556
  8
CUT
 10
973.3325713859809
 20
-1939.9554074824746
 30
0.0
 70
0
  0
VERTEX
  5
2557
  8
CUT
 10
973.5017608800007
 20
-1940.618285374717
 30
0.0
 70
0
  0
VERTEX
  5
2558
  8
CUT
 10
973.8079886949401
 20
-1941.2300506158579
 30
0.0
 70
0
  0
VERTEX
  5
2559
  8
CUT
 10
974.237258300203
 20
-1941.762741699797
 30
0.0
 70
0
  0
VERTEX
  5
255A
  8
CUT
 10
974.769949384142
 20
-1942.1920113050599
 30
0.0
 70
0
  0
VERTEX
  5
255B
  8
CUT
 10
975.3817146252828
 20
-1942.4982391199992
 30
0.0
 70
0
  0
VERTEX
  5
255C
  8
CUT
 10
976.0445925175255
 20
-1942.667428614019
 30
0.0
 70
0
  0
VERTEX
  5
255D
  8
CUT
 10
976.7282853862375
 20
-1942.6918467667529
 30
0.0
 70
0
  0
VERTEX
  5
255E
  8
CUT
 10
977.4015441818926
 20
-1942.5703775155664
 30
0.0
 70
0
  0
VERTEX
  5
255F
  8
CUT
 10
978.0335967575043
 20
-1942.3085727666153
 30
0.0
 70
0
  0
VERTEX
  5
2560
  8
CUT
 10
978.5955543486249
 20
-1941.9183986379337
 30
0.0
 70
0
  0
VERTEX
  5
2561
  8
CUT
 10
979.061731970958
 20
-1941.4176885328363
 30
0.0
 70
0
  0
VERTEX
  5
2562
  8
CUT
 10
979.4108223851345
 20
-1940.829328041606
 30
0.0
 70
0
  0
VERTEX
  5
2563
  8
CUT
 10
979.6268699711078
 20
-1940.1802089265695
 30
0.0
 70
0
  0
VERTEX
  5
2564
  8
CUT
 10
979.7
 20
-1939.5
 30
0.0
 70
0
  0
SEQEND
  5
2508
  8
CUT
  0
POLYLINE
  5
2565
  8
CUT
 66
1
 10
0.0
 20
0.0
 30
0.0
 70
1
  0
VERTEX
  5
2567
  8
CUT
 10
1482.0
 20
-2319.0
 30
0.0
 70
0
  0
VERTEX
  5
2568
  8
CUT
 10
1481.4236
 20
-2313.1473
 30
0.0
 70
0
  0
VERTEX
  5
2569
  8
CUT
 10
1479.7164
 20
-2307.5195
 30
0.0
 70
0
  0
VERTEX
  5
256A
  8
CUT
 10
1476.9441000000002
 20
-2302.3329
 30
0.0
 70
0
  0
VERTEX
  5
256B
  8
CUT
 10
1473.2132000000001
 20
-2297.7868
 30
0.0
 70
0
  0
VERTEX
  5
256C
  8
CUT
 10
1468.6671000000001
 20
-2294.0559000000003
 30
0.0
 70
0
  0
VERTEX
  5
256D
  8
CUT
 10
1463.4805000000001
 20
-2291.2835999999998
 30
0.0
 70
0
  0
VERTEX
  5
256E
  8
CUT
 10
1457.8527
 20
-2289.5764
 30
0.0
 70
0
  0
VERTEX
  5
256F
  8
CUT
 10
1437.0
 20
-2289.0
 30
0.0
 70
0
  0
VERTEX
  5
2570
  8
CUT
 10
1431.1473
 20
-2289.5764
 30
0.0
 70
0
  0
VERTEX
  5
2571
  8
CUT
 10
1425.5194999999999
 20
-2291.2835999999998
 30
0.0
 70
0
  0
VERTEX
  5
2572
  8
CUT
 10
1420.3328999999999
 20
-2294.0559000000003
 30
0.0
 70
0
  0
VERTEX
  5
2573
  8
CUT
 10
1415.7868
 20
-2297.7868
 30
0.0
 70
0
  0
VERTEX
  5
2574
  8
CUT
 10
1412.0559
 20
-2302.3329
 30
0.0
 70
0
  0
VERTEX
  5
2575
  8
CUT
 10
1409.2836
 20
-2307.5195
 30
0.0
 70
0
  0
VERTEX
  5
2576
  8
CUT
 10
1407.5764
 20
-2313.1473
 30
0.0
 70
0
  0
VERTEX
  5
2577
  8
CUT
 10
1407.0
 20
-2489.0
 30
0.0
 70
0
  0
VERTEX
  5
2578
  8
CUT
 10
1407.5764
 20
-2494.8527
 30
0.0
 70
0
  0
VERTEX
  5
2579
  8
CUT
 10
1409.2836
 20
-2500.4805
 30
0.0
 70
0
  0
VERTEX
  5
257A
  8
CUT
 10
1412.0559
 20
-2505.6671
 30
0.0
 70
0
  0
VERTEX
  5
257B
  8
CUT
 10
1415.7867999999999
 20
-2510.2132
 30
0.0
 70
0
  0
VERTEX
  5
257C
  8
CUT
 10
1420.3328999999999
 20
-2513.9441
 30
0.0
 70
0
  0
VERTEX
  5
257D
  8
CUT
 10
1425.5194999999999
 20
-2516.7164
 30
0.0
 70
0
  0
VERTEX
  5
257E
  8
CUT
 10
1431.1473
 20
-2518.4236
 30
0.0
 70
0
  0
VERTEX
  5
257F
  8
CUT
 10
1452.0
 20
-2519.0
 30
0.0
 70
0
  0
VERTEX
  5
2580
  8
CUT
 10
1457.8527
 20
-2518.4236
 30
0.0
 70
0
  0
VERTEX
  5
2581
  8
CUT
 10
1463.4805000000001
 20
-2516.7164000000002
 30
0.0
 70
0
  0
VERTEX
  5
2582
  8
CUT
 10
1468.6671000000001
 20
-2513.9441
 30
0.0
 70
0
  0
VERTEX
  5
2583
  8
CUT
 10
1473.2132000000001
 20
-2510.2132
 30
0.0
 70
0
  0
VERTEX
  5
2584
  8
CUT
 10
1476.9441000000002
 20
-2505.6671
 30
0.0
 70
0
  0
VERTEX
  5
2585
  8
CUT
 10
1479.7164
 20
-2500.4805
 30
0.0
 70
0
  0
VERTEX
  5
2586
  8
CUT
 10
1481.4236
 20
-2494.8527
 30
0.0
 70
0
  0
SEQEND
  5
2566
  8
CUT
  0
POLYLINE
  5
2587
  8
CUT
 66
1
 10
0.0
 20
0.0
 30
0.0
 70
1
  0
VERTEX
  5
2589
  8
CUT
 10
1482.0
 20
-2059.0
 30
0.0
 70
0
  0
VERTEX
  5
258A
  8
CUT
 10
1481.4236
 20
-2053.1473
 30
0.0
 70
0
  0
VERTEX
  5
258B
  8
CUT
 10
1479.7164
 20
-2047.5194999999999
 30
0.0
 70
0
  0
VERTEX
  5
258C
  8
CUT
 10
1476.9441000000002
 20
-2042.3328999999999
 30
0.0
 70
0
  0
VERTEX
  5
258D
  8
CUT
 10
1473.2132000000001
 20
-2037.7867999999999
 30
0.0
 70
0
  0
VERTEX
  5
258E
  8
CUT
 10
1468.6671000000001
 20
-2034.0558999999998
 30
0.0
 70
0
  0
VERTEX
  5
258F
  8
CUT
 10
1463.4805000000001
 20
-2031.2836
 30
0.0
 70
0
  0
VERTEX
  5
2590
  8
CUT
 10
1457.8527
 20
-2029.5764
 30
0.0
 70
0
  0
VERTEX
  5
2591
  8
CUT
 10
1417.0
 20
-2029.0
 30
0.0
 70
0
  0
VERTEX
  5
2592
  8
CUT
 10
1411.1473
 20
-2029.5764
 30
0.0
 70
0
  0
VERTEX
  5
2593
  8
CUT
 10
1405.5194999999999
 20
-2031.2836
 30
0.0
 70
0
  0
VERTEX
  5
2594
  8
CUT
 10
1400.3328999999999
 20
-2034.0558999999998
 30
0.0
 70
0
  0
VERTEX
  5
2595
  8
CUT
 10
1395.7868
 20
-2037.7867999999999
 30
0.0
 70
0
  0
VERTEX
  5
2596
  8
CUT
 10
1392.0559
 20
-2042.3328999999999
 30
0.0
 70
0
  0
VERTEX
  5
2597
  8
CUT
 10
1389.2836
 20
-2047.5194999999999
 30
0.0
 70
0
  0
VERTEX
  5
2598
  8
CUT
 10
1387.5764
 20
-2053.1473
 30
0.0
 70
0
  0
VERTEX
  5
2599
  8
CUT
 10
1387.0
 20
-2179.0
 30
0.0
 70
0
  0
VERTEX
  5
259A
  8
CUT
 10
1387.5764
 20
-2184.8527
 30
0.0
 70
0
  0
VERTEX
  5
259B
  8
CUT
 10
1389.2836
 20
-2190.4805
 30
0.0
 70
0
  0
VERTEX
  5
259C
  8
CUT
 10
1392.0559
 20
-2195.6671
 30
0.0
 70
0
  0
VERTEX
  5
259D
  8
CUT
 10
1395.7868
 20
-2200.2132
 30
0.0
 70
0
  0
VERTEX
  5
259E
  8
CUT
 10
1400.3328999999999
 20
-2203.9440999999997
 30
0.0
 70
0
  0
VERTEX
  5
259F
  8
CUT
 10
1405.5194999999999
 20
-2206.7164000000002
 30
0.0
 70
0
  0
VERTEX
  5
25A0
  8
CUT
 10
1411.1473
 20
-2208.4236
 30
0.0
 70
0
  0
VERTEX
  5
25A1
  8
CUT
 10
1452.0
 20
-2209.0
 30
0.0
 70
0
  0
VERTEX
  5
25A2
  8
CUT
 10
1457.8527
 20
-2208.4236
 30
0.0
 70
0
  0
VERTEX
  5
25A3
  8
CUT
 10
1463.4805000000001
 20
-2206.7164000000002
 30
0.0
 70
0
  0
VERTEX
  5
25A4
  8
CUT
 10
1468.6671000000001
 20
-2203.9440999999997
 30
0.0
 70
0
  0
VERTEX
  5
25A5
  8
CUT
 10
1473.2132000000001
 20
-2200.2132
 30
0.0
 70
0
  0
VERTEX
  5
25A6
  8
CUT
 10
1476.9441000000002
 20
-2195.6671
 30
0.0
 70
0
  0
VERTEX
  5
25A7
  8
CUT
 10
1479.7164
 20
-2190.4805
 30
0.0
 70
0
  0
VERTEX
  5
25A8
  8
CUT
 10
1481.4236
 20
-2184.8527
 30
0.0
 70
0
  0
SEQEND
  5
2588
  8
CUT
  0
POLYLINE
  5
25A9
  8
CUT
 66
1
 10
0.0
 20
0.0
 30
0.0
 70
1
  0
VERTEX
  5
25AB
  8
CUT
 10
1177.0
 20
-1819.0
 30
0.0
 70
0
  0
VERTEX
  5
25AC
  8
CUT
 10
1176.4236
 20
-1813.1473
 30
0.0
 70
0
  0
VERTEX
  5
25AD
  8
CUT
 10
1174.7164
 20
-1807.5194999999999
 30
0.0
 70
0
  0
VERTEX
  5
25AE
  8
CUT
 10
1171.9441000000002
 20
-1802.3328999999999
 30
0.0
 70
0
  0
VERTEX
  5
25AF
  8
CUT
 10
1168.2132000000001
 20
-1797.7867999999999
 30
0.0
 70
0
  0
VERTEX
  5
25B0
  8
CUT
 10
1163.6671000000001
 20
-1794.0558999999998
 30
0.0
 70
0
  0
VERTEX
  5
25B1
  8
CUT
 10
1158.4805000000001
 20
-1791.2836
 30
0.0
 70
0
  0
VERTEX
  5
25B2
  8
CUT
 10
1152.8527000000001
 20
-1789.5764
 30
0.0
 70
0
  0
VERTEX
  5
25B3
  8
CUT
 10
947.0
 20
-1789.0
 30
0.0
 70
0
  0
VERTEX
  5
25B4
  8
CUT
 10
941.1473
 20
-1789.5764
 30
0.0
 70
0
  0
VERTEX
  5
25B5
  8
CUT
 10
935.5195
 20
-1791.2836
 30
0.0
 70
0
  0
VERTEX
  5
25B6
  8
CUT
 10
930.3329
 20
-1794.0558999999998
 30
0.0
 70
0
  0
VERTEX
  5
25B7
  8
CUT
 10
925.7868
 20
-1797.7867999999999
 30
0.0
 70
0
  0
VERTEX
  5
25B8
  8
CUT
 10
922.0559
 20
-1802.3328999999999
 30
0.0
 70
0
  0
VERTEX
  5
25B9
  8
CUT
 10
919.2836
 20
-1807.5194999999999
 30
0.0
 70
0
  0
VERTEX
  5
25BA
  8
CUT
 10
917.5764
 20
-1813.1473
 30
0.0
 70
0
  0
VERTEX
  5
25BB
  8
CUT
 10
917.0
 20
-1849.0
 30
0.0
 70
0
  0
VERTEX
  5
25BC
  8
CUT
 10
917.5764
 20
-1854.8527
 30
0.0
 70
0
  0
VERTEX
  5
25BD
  8
CUT
 10
919.2836
 20
-1860.4805000000001
 30
0.0
 70
0
  0
VERTEX
  5
25BE
  8
CUT
 10
922.0559
 20
-1865.6671000000001
 30
0.0
 70
0
  0
VERTEX
  5
25BF
  8
CUT
 10
925.7868
 20
-1870.2132000000001
 30
0.0
 70
0
  0
VERTEX
  5
25C0
  8
CUT
 10
930.3329
 20
-1873.9441000000002
 30
0.0
 70
0
  0
VERTEX
  5
25C1
  8
CUT
 10
935.5195
 20
-1876.7164
 30
0.0
 70
0
  0
VERTEX
  5
25C2
  8
CUT
 10
941.1473
 20
-1878.4236
 30
0.0
 70
0
  0
VERTEX
  5
25C3
  8
CUT
 10
1147.0
 20
-1879.0
 30
0.0
 70
0
  0
VERTEX
  5
25C4
  8
CUT
 10
1152.8527000000001
 20
-1878.4236
 30
0.0
 70
0
  0
VERTEX
  5
25C5
  8
CUT
 10
1158.4805000000001
 20
-1876.7164
 30
0.0
 70
0
  0
VERTEX
  5
25C6
  8
CUT
 10
1163.6671000000001
 20
-1873.9441000000002
 30
0.0
 70
0
  0
VERTEX
  5
25C7
  8
CUT
 10
1168.2132000000001
 20
-1870.2132000000001
 30
0.0
 70
0
  0
VERTEX
  5
25C8
  8
CUT
 10
1171.9441000000002
 20
-1865.6671000000001
 30
0.0
 70
0
  0
VERTEX
  5
25C9
  8
CUT
 10
1174.7164
 20
-1860.4805000000001
 30
0.0
 70
0
  0
VERTEX
  5
25CA
  8
CUT
 10
1176.4236
 20
-1854.8527
 30
0.0
 70
0
  0
SEQEND
  5
25AA
  8
CUT
  0
POLYLINE
  5
25CB
  8
CUT
 66
1
 10
0.0
 20
0.0
 30
0.0
 70
1
  0
VERTEX
  5
25CD
  8
CUT
 10
1533.0
 20
-2143.0
 30
0.0
 70
0
  0
VERTEX
  5
25CE
  8
CUT
 10
1533.0
 20
-2293.0
 30
0.0
 70
0
  0
VERTEX
  5
25CF
  8
CUT
 10
1937.8000000000002
 20
-2293.0
 30
0.0
 70
0
  0
VERTEX
  5
25D0
  8
CUT
 10
1937.8731300288925
 20
-2292.3197910734307
 30
0.0
 70
0
  0
VERTEX
  5
25D1
  8
CUT
 10
1938.0891776148658
 20
-2291.670671958394
 30
0.0
 70
0
  0
VERTEX
  5
25D2
  8
CUT
 10
1938.438268029042
 20
-2291.082311467164
 30
0.0
 70
0
  0
VERTEX
  5
25D3
  8
CUT
 10
1938.9044456513752
 20
-2290.5816013620665
 30
0.0
 70
0
  0
VERTEX
  5
25D4
  8
CUT
 10
1939.466403242496
 20
-2290.1914272333847
 30
0.0
 70
0
  0
VERTEX
  5
25D5
  8
CUT
 10
1940.0984558181074
 20
-2289.929622484434
 30
0.0
 70
0
  0
VERTEX
  5
25D6
  8
CUT
 10
1940.7717146137625
 20
-2289.8081532332476
 30
0.0
 70
0
  0
VERTEX
  5
25D7
  8
CUT
 10
1941.4554074824746
 20
-2289.8325713859813
 30
0.0
 70
0
  0
VERTEX
  5
25D8
  8
CUT
 10
1942.118285374717
 20
-2290.001760880001
 30
0.0
 70
0
  0
VERTEX
  5
25D9
  8
CUT
 10
1942.7300506158579
 20
-2290.3079886949404
 30
0.0
 70
0
  0
VERTEX
  5
25DA
  8
CUT
 10
1943.2627416997968
 20
-2290.7372583002034
 30
0.0
 70
0
  0
VERTEX
  5
25DB
  8
CUT
 10
1943.6920113050596
 20
-2291.2699493841424
 30
0.0
 70
0
  0
VERTEX
  5
25DC
  8
CUT
 10
1943.998239119999
 20
-2291.881714625283
 30
0.0
 70
0
  0
VERTEX
  5
25DD
  8
CUT
 10
1944.1674286140187
 20
-2292.5445925175254
 30
0.0
 70
0
  0
VERTEX
  5
25DE
  8
CUT
 10
1944.1918467667526
 20
-2293.2282853862375
 30
0.0
 70
0
  0
VERTEX
  5
25DF
  8
CUT
 10
1944.0703775155662
 20
-2293.9015441818924
 30
0.0
 70
0
  0
VERTEX
  5
25E0
  8
CUT
 10
1943.808572766615
 20
-2294.5335967575043
 30
0.0
 70
0
  0
VERTEX
  5
25E1
  8
CUT
 10
1943.4183986379335
 20
-2295.095554348625
 30
0.0
 70
0
  0
VERTEX
  5
25E2
  8
CUT
 10
1942.917688532836
 20
-2295.5617319709577
 30
0.0
 70
0
  0
VERTEX
  5
25E3
  8
CUT
 10
1942.329328041606
 20
-2295.9108223851345
 30
0.0
 70
0
  0
VERTEX
  5
25E4
  8
CUT
 10
1941.6802089265695
 20
-2296.1268699711077
 30
0.0
 70
0
  0
VERTEX
  5
25E5
  8
CUT
 10
1941.0
 20
-2296.2
 30
0.0
 70
0
  0
VERTEX
  5
25E6
  8
CUT
 10
1941.0
 20
-2304.5
 30
0.0
 70
0
  0
VERTEX
  5
25E7
  8
CUT
 10
2043.8000000000002
 20
-2304.5
 30
0.0
 70
0
  0
VERTEX
  5
25E8
  8
CUT
 10
2043.8731300288925
 20
-2303.8197910734307
 30
0.0
 70
0
  0
VERTEX
  5
25E9
  8
CUT
 10
2044.0891776148658
 20
-2303.170671958394
 30
0.0
 70
0
  0
VERTEX
  5
25EA
  8
CUT
 10
2044.438268029042
 20
-2302.582311467164
 30
0.0
 70
0
  0
VERTEX
  5
25EB
  8
CUT
 10
2044.9044456513752
 20
-2302.0816013620665
 30
0.0
 70
0
  0
VERTEX
  5
25EC
  8
CUT
 10
2045.466403242496
 20
-2301.6914272333847
 30
0.0
 70
0
  0
VERTEX
  5
25ED
  8
CUT
 10
2046.0984558181074
 20
-2301.429622484434
 30
0.0
 70
0
  0
VERTEX
  5
25EE
  8
CUT
 10
2046.7717146137625
 20
-2301.3081532332476
 30
0.0
 70
0
  0
VERTEX
  5
25EF
  8
CUT
 10
2047.4554074824746
 20
-2301.3325713859813
 30
0.0
 70
0
  0
VERTEX
  5
25F0
  8
CUT
 10
2048.118285374717
 20
-2301.501760880001
 30
0.0
 70
0
  0
VERTEX
  5
25F1
  8
CUT
 10
2048.7300506158576
 20
-2301.8079886949404
 30
0.0
 70
0
  0
VERTEX
  5
25F2
  8
CUT
 10
2049.2627416997966
 20
-2302.2372583002034
 30
0.0
 70
0
  0
VERTEX
  5
25F3
  8
CUT
 10
2049.6920113050596
 20
-2302.7699493841424
 30
0.0
 70
0
  0
VERTEX
  5
25F4
  8
CUT
 10
2049.998239119999
 20
-2303.381714625283
 30
0.0
 70
0
  0
VERTEX
  5
25F5
  8
CUT
 10
2050.1674286140187
 20
-2304.0445925175254
 30
0.0
 70
0
  0
VERTEX
  5
25F6
  8
CUT
 10
2050.1918467667524
 20
-2304.7282853862375
 30
0.0
 70
0
  0
VERTEX
  5
25F7
  8
CUT
 10
2050.070377515566
 20
-2305.4015441818924
 30
0.0
 70
0
  0
VERTEX
  5
25F8
  8
CUT
 10
2049.8085727666153
 20
-2306.0335967575043
 30
0.0
 70
0
  0
VERTEX
  5
25F9
  8
CUT
 10
2049.4183986379335
 20
-2306.595554348625
 30
0.0
 70
0
  0
VERTEX
  5
25FA
  8
CUT
 10
2048.917688532836
 20
-2307.0617319709577
 30
0.0
 70
0
  0
VERTEX
  5
25FB
  8
CUT
 10
2048.329328041606
 20
-2307.4108223851345
 30
0.0
 70
0
  0
VERTEX
  5
25FC
  8
CUT
 10
2047.6802089265695
 20
-2307.6268699711077
 30
0.0
 70
0
  0
VERTEX
  5
25FD
  8
CUT
 10
2047.0
 20
-2307.7
 30
0.0
 70
0
  0
VERTEX
  5
25FE
  8
CUT
 10
2047.0
 20
-2320.3
 30
0.0
 70
0
  0
VERTEX
  5
25FF
  8
CUT
 10
2047.6802089265695
 20
-2320.3731300288923
 30
0.0
 70
0
  0
VERTEX
  5
2600
  8
CUT
 10
2048.329328041606
 20
-2320.5891776148655
 30
0.0
 70
0
  0
VERTEX
  5
2601
  8
CUT
 10
2048.917688532836
 20
-2320.9382680290423
 30
0.0
 70
0
  0
VERTEX
  5
2602
  8
CUT
 10
2049.4183986379335
 20
-2321.404445651375
 30
0.0
 70
0
  0
VERTEX
  5
2603
  8
CUT
 10
2049.8085727666153
 20
-2321.9664032424957
 30
0.0
 70
0
  0
VERTEX
  5
2604
  8
CUT
 10
2050.070377515566
 20
-2322.5984558181076
 30
0.0
 70
0
  0
VERTEX
  5
2605
  8
CUT
 10
2050.1918467667524
 20
-2323.2717146137625
 30
0.0
 70
0
  0
VERTEX
  5
2606
  8
CUT
 10
2050.1674286140187
 20
-2323.9554074824746
 30
0.0
 70
0
  0
VERTEX
  5
2607
  8
CUT
 10
2049.998239119999
 20
-2324.618285374717
 30
0.0
 70
0
  0
VERTEX
  5
2608
  8
CUT
 10
2049.6920113050596
 20
-2325.2300506158576
 30
0.0
 70
0
  0
VERTEX
  5
2609
  8
CUT
 10
2049.2627416997966
 20
-2325.7627416997966
 30
0.0
 70
0
  0
VERTEX
  5
260A
  8
CUT
 10
2048.7300506158576
 20
-2326.1920113050596
 30
0.0
 70
0
  0
VERTEX
  5
260B
  8
CUT
 10
2048.118285374717
 20
-2326.498239119999
 30
0.0
 70
0
  0
VERTEX
  5
260C
  8
CUT
 10
2047.4554074824746
 20
-2326.6674286140187
 30
0.0
 70
0
  0
VERTEX
  5
260D
  8
CUT
 10
2046.7717146137625
 20
-2326.6918467667524
 30
0.0
 70
0
  0
VERTEX
  5
260E
  8
CUT
 10
2046.0984558181074
 20
-2326.570377515566
 30
0.0
 70
0
  0
VERTEX
  5
260F
  8
CUT
 10
2045.466403242496
 20
-2326.3085727666153
 30
0.0
 70
0
  0
VERTEX
  5
2610
  8
CUT
 10
2044.9044456513752
 20
-2325.9183986379335
 30
0.0
 70
0
  0
VERTEX
  5
2611
  8
CUT
 10
2044.438268029042
 20
-2325.417688532836
 30
0.0
 70
0
  0
VERTEX
  5
2612
  8
CUT
 10
2044.0891776148658
 20
-2324.829328041606
 30
0.0
 70
0
  0
VERTEX
  5
2613
  8
CUT
 10
2043.8731300288925
 20
-2324.1802089265693
 30
0.0
 70
0
  0
VERTEX
  5
2614
  8
CUT
 10
2043.8000000000002
 20
-2323.5
 30
0.0
 70
0
  0
VERTEX
  5
2615
  8
CUT
 10
1941.0
 20
-2323.5
 30
0.0
 70
0
  0
VERTEX
  5
2616
  8
CUT
 10
1941.0
 20
-2564.5
 30
0.0
 70
0
  0
VERTEX
  5
2617
  8
CUT
 10
2018.8000000000002
 20
-2564.5
 30
0.0
 70
0
  0
VERTEX
  5
2618
  8
CUT
 10
2018.8731300288925
 20
-2563.8197910734307
 30
0.0
 70
0
  0
VERTEX
  5
2619
  8
CUT
 10
2019.0891776148658
 20
-2563.170671958394
 30
0.0
 70
0
  0
VERTEX
  5
261A
  8
CUT
 10
2019.438268029042
 20
-2562.582311467164
 30
0.0
 70
0
  0
VERTEX
  5
261B
  8
CUT
 10
2019.9044456513752
 20
-2562.0816013620665
 30
0.0
 70
0
  0
VERTEX
  5
261C
  8
CUT
 10
2020.466403242496
 20
-2561.6914272333847
 30
0.0
 70
0
  0
VERTEX
  5
261D
  8
CUT
 10
2021.0984558181074
 20
-2561.429622484434
 30
0.0
 70
0
  0
VERTEX
  5
261E
  8
CUT
 10
2021.7717146137625
 20
-2561.3081532332476
 30
0.0
 70
0
  0
VERTEX
  5
261F
  8
CUT
 10
2022.4554074824746
 20
-2561.3325713859813
 30
0.0
 70
0
  0
VERTEX
  5
2620
  8
CUT
 10
2023.118285374717
 20
-2561.501760880001
 30
0.0
 70
0
  0
VERTEX
  5
2621
  8
CUT
 10
2023.7300506158579
 20
-2561.8079886949404
 30
0.0
 70
0
  0
VERTEX
  5
2622
  8
CUT
 10
2024.2627416997968
 20
-2562.2372583002034
 30
0.0
 70
0
  0
VERTEX
  5
2623
  8
CUT
 10
2024.6920113050596
 20
-2562.7699493841424
 30
0.0
 70
0
  0
VERTEX
  5
2624
  8
CUT
 10
2024.998239119999
 20
-2563.381714625283
 30
0.0
 70
0
  0
VERTEX
  5
2625
  8
CUT
 10
2025.1674286140187
 20
-2564.0445925175254
 30
0.0
 70
0
  0
VERTEX
  5
2626
  8
CUT
 10
2025.1918467667526
 20
-2564.7282853862375
 30
0.0
 70
0
  0
VERTEX
  5
2627
  8
CUT
 10
2025.0703775155662
 20
-2565.4015441818924
 30
0.0
 70
0
  0
VERTEX
  5
2628
  8
CUT
 10
2024.808572766615
 20
-2566.0335967575043
 30
0.0
 70
0
  0
VERTEX
  5
2629
  8
CUT
 10
2024.4183986379335
 20
-2566.595554348625
 30
0.0
 70
0
  0
VERTEX
  5
262A
  8
CUT
 10
2023.917688532836
 20
-2567.0617319709577
 30
0.0
 70
0
  0
VERTEX
  5
262B
  8
CUT
 10
2023.329328041606
 20
-2567.4108223851345
 30
0.0
 70
0
  0
VERTEX
  5
262C
  8
CUT
 10
2022.6802089265695
 20
-2567.6268699711077
 30
0.0
 70
0
  0
VERTEX
  5
262D
  8
CUT
 10
2022.0
 20
-2567.7
 30
0.0
 70
0
  0
VERTEX
  5
262E
  8
CUT
 10
2022.0
 20
-2580.3
 30
0.0
 70
0
  0
VERTEX
  5
262F
  8
CUT
 10
2022.6802089265695
 20
-2580.3731300288923
 30
0.0
 70
0
  0
VERTEX
  5
2630
  8
CUT
 10
2023.329328041606
 20
-2580.5891776148655
 30
0.0
 70
0
  0
VERTEX
  5
2631
  8
CUT
 10
2023.917688532836
 20
-2580.9382680290423
 30
0.0
 70
0
  0
VERTEX
  5
2632
  8
CUT
 10
2024.4183986379335
 20
-2581.404445651375
 30
0.0
 70
0
  0
VERTEX
  5
2633
  8
CUT
 10
2024.808572766615
 20
-2581.9664032424957
 30
0.0
 70
0
  0
VERTEX
  5
2634
  8
CUT
 10
2025.0703775155662
 20
-2582.5984558181076
 30
0.0
 70
0
  0
VERTEX
  5
2635
  8
CUT
 10
2025.1918467667526
 20
-2583.2717146137625
 30
0.0
 70
0
  0
VERTEX
  5
2636
  8
CUT
 10
2025.1674286140187
 20
-2583.9554074824746
 30
0.0
 70
0
  0
VERTEX
  5
2637
  8
CUT
 10
2024.998239119999
 20
-2584.618285374717
 30
0.0
 70
0
  0
VERTEX
  5
2638
  8
CUT
 10
2024.6920113050596
 20
-2585.2300506158576
 30
0.0
 70
0
  0
VERTEX
  5
2639
  8
CUT
 10
2024.2627416997968
 20
-2585.7627416997966
 30
0.0
 70
0
  0
VERTEX
  5
263A
  8
CUT
 10
2023.7300506158579
 20
-2586.1920113050596
 30
0.0
 70
0
  0
VERTEX
  5
263B
  8
CUT
 10
2023.118285374717
 20
-2586.498239119999
 30
0.0
 70
0
  0
VERTEX
  5
263C
  8
CUT
 10
2022.4554074824746
 20
-2586.6674286140187
 30
0.0
 70
0
  0
VERTEX
  5
263D
  8
CUT
 10
2021.7717146137625
 20
-2586.6918467667524
 30
0.0
 70
0
  0
VERTEX
  5
263E
  8
CUT
 10
2021.0984558181074
 20
-2586.570377515566
 30
0.0
 70
0
  0
VERTEX
  5
263F
  8
CUT
 10
2020.466403242496
 20
-2586.3085727666153
 30
0.0
 70
0
  0
VERTEX
  5
2640
  8
CUT
 10
2019.9044456513752
 20
-2585.9183986379335
 30
0.0
 70
0
  0
VERTEX
  5
2641
  8
CUT
 10
2019.438268029042
 20
-2585.417688532836
 30
0.0
 70
0
  0
VERTEX
  5
2642
  8
CUT
 10
2019.0891776148658
 20
-2584.829328041606
 30
0.0
 70
0
  0
VERTEX
  5
2643
  8
CUT
 10
2018.8731300288925
 20
-2584.1802089265693
 30
0.0
 70
0
  0
VERTEX
  5
2644
  8
CUT
 10
2018.8000000000002
 20
-2583.5
 30
0.0
 70
0
  0
VERTEX
  5
2645
  8
CUT
 10
1941.0
 20
-2583.5
 30
0.0
 70
0
  0
VERTEX
  5
2646
  8
CUT
 10
1941.0
 20
-2874.5
 30
0.0
 70
0
  0
VERTEX
  5
2647
  8
CUT
 10
2068.8
 20
-2874.5
 30
0.0
 70
0
  0
VERTEX
  5
2648
  8
CUT
 10
2068.8731300288923
 20
-2873.8197910734307
 30
0.0
 70
0
  0
VERTEX
  5
2649
  8
CUT
 10
2069.0891776148655
 20
-2873.170671958394
 30
0.0
 70
0
  0
VERTEX
  5
264A
  8
CUT
 10
2069.4382680290423
 20
-2872.582311467164
 30
0.0
 70
0
  0
VERTEX
  5
264B
  8
CUT
 10
2069.904445651375
 20
-2872.0816013620665
 30
0.0
 70
0
  0
VERTEX
  5
264C
  8
CUT
 10
2070.4664032424957
 20
-2871.6914272333847
 30
0.0
 70
0
  0
VERTEX
  5
264D
  8
CUT
 10
2071.0984558181076
 20
-2871.429622484434
 30
0.0
 70
0
  0
VERTEX
  5
264E
  8
CUT
 10
2071.7717146137625
 20
-2871.3081532332476
 30
0.0
 70
0
  0
VERTEX
  5
264F
  8
CUT
 10
2072.4554074824746
 20
-2871.3325713859813
 30
0.0
 70
0
  0
VERTEX
  5
2650
  8
CUT
 10
2073.118285374717
 20
-2871.501760880001
 30
0.0
 70
0
  0
VERTEX
  5
2651
  8
CUT
 10
2073.7300506158576
 20
-2871.8079886949404
 30
0.0
 70
0
  0
VERTEX
  5
2652
  8
CUT
 10
2074.2627416997966
 20
-2872.2372583002034
 30
0.0
 70
0
  0
VERTEX
  5
2653
  8
CUT
 10
2074.6920113050596
 20
-2872.7699493841424
 30
0.0
 70
0
  0
VERTEX
  5
2654
  8
CUT
 10
2074.998239119999
 20
-2873.381714625283
 30
0.0
 70
0
  0
VERTEX
  5
2655
  8
CUT
 10
2075.1674286140187
 20
-2874.0445925175254
 30
0.0
 70
0
  0
VERTEX
  5
2656
  8
CUT
 10
2075.1918467667524
 20
-2874.7282853862375
 30
0.0
 70
0
  0
VERTEX
  5
2657
  8
CUT
 10
2075.070377515566
 20
-2875.4015441818924
 30
0.0
 70
0
  0
VERTEX
  5
2658
  8
CUT
 10
2074.8085727666153
 20
-2876.0335967575043
 30
0.0
 70
0
  0
VERTEX
  5
2659
  8
CUT
 10
2074.4183986379335
 20
-2876.595554348625
 30
0.0
 70
0
  0
VERTEX
  5
265A
  8
CUT
 10
2073.917688532836
 20
-2877.0617319709577
 30
0.0
 70
0
  0
VERTEX
  5
265B
  8
CUT
 10
2073.329328041606
 20
-2877.4108223851345
 30
0.0
 70
0
  0
VERTEX
  5
265C
  8
CUT
 10
2072.6802089265693
 20
-2877.6268699711077
 30
0.0
 70
0
  0
VERTEX
  5
265D
  8
CUT
 10
2072.0
 20
-2877.7
 30
0.0
 70
0
  0
VERTEX
  5
265E
  8
CUT
 10
2072.0
 20
-2890.3
 30
0.0
 70
0
  0
VERTEX
  5
265F
  8
CUT
 10
2072.6802089265693
 20
-2890.3731300288923
 30
0.0
 70
0
  0
VERTEX
  5
2660
  8
CUT
 10
2073.329328041606
 20
-2890.5891776148655
 30
0.0
 70
0
  0
VERTEX
  5
2661
  8
CUT
 10
2073.917688532836
 20
-2890.9382680290423
 30
0.0
 70
0
  0
VERTEX
  5
2662
  8
CUT
 10
2074.4183986379335
 20
-2891.404445651375
 30
0.0
 70
0
  0
VERTEX
  5
2663
  8
CUT
 10
2074.8085727666153
 20
-2891.9664032424957
 30
0.0
 70
0
  0
VERTEX
  5
2664
  8
CUT
 10
2075.070377515566
 20
-2892.5984558181076
 30
0.0
 70
0
  0
VERTEX
  5
2665
  8
CUT
 10
2075.1918467667524
 20
-2893.2717146137625
 30
0.0
 70
0
  0
VERTEX
  5
2666
  8
CUT
 10
2075.1674286140187
 20
-2893.9554074824746
 30
0.0
 70
0
  0
VERTEX
  5
2667
  8
CUT
 10
2074.998239119999
 20
-2894.618285374717
 30
0.0
 70
0
  0
VERTEX
  5
2668
  8
CUT
 10
2074.6920113050596
 20
-2895.2300506158576
 30
0.0
 70
0
  0
VERTEX
  5
2669
  8
CUT
 10
2074.2627416997966
 20
-2895.7627416997966
 30
0.0
 70
0
  0
VERTEX
  5
266A
  8
CUT
 10
2073.7300506158576
 20
-2896.1920113050596
 30
0.0
 70
0
  0
VERTEX
  5
266B
  8
CUT
 10
2073.118285374717
 20
-2896.498239119999
 30
0.0
 70
0
  0
VERTEX
  5
266C
  8
CUT
 10
2072.4554074824746
 20
-2896.6674286140187
 30
0.0
 70
0
  0
VERTEX
  5
266D
  8
CUT
 10
2071.7717146137625
 20
-2896.6918467667524
 30
0.0
 70
0
  0
VERTEX
  5
266E
  8
CUT
 10
2071.0984558181076
 20
-2896.570377515566
 30
0.0
 70
0
  0
VERTEX
  5
266F
  8
CUT
 10
2070.4664032424957
 20
-2896.3085727666153
 30
0.0
 70
0
  0
VERTEX
  5
2670
  8
CUT
 10
2069.904445651375
 20
-2895.9183986379335
 30
0.0
 70
0
  0
VERTEX
  5
2671
  8
CUT
 10
2069.4382680290423
 20
-2895.417688532836
 30
0.0
 70
0
  0
VERTEX
  5
2672
  8
CUT
 10
2069.0891776148655
 20
-2894.829328041606
 30
0.0
 70
0
  0
VERTEX
  5
2673
  8
CUT
 10
2068.8731300288923
 20
-2894.1802089265693
 30
0.0
 70
0
  0
VERTEX
  5
2674
  8
CUT
 10
2068.8
 20
-2893.5
 30
0.0
 70
0
  0
VERTEX
  5
2675
  8
CUT
 10
1941.0
 20
-2893.5
 30
0.0
 70
0
  0
VERTEX
  5
2676
  8
CUT
 10
1941.0
 20
-2923.0
 30
0.0
 70
0
  0
VERTEX
  5
2677
  8
CUT
 10
2253.0
 20
-2923.0
 30
0.0
 70
0
  0
VERTEX
  5
2678
  8
CUT
 10
2253.0
 20
-2803.0
 30
0.0
 70
0
  0
VERTEX
  5
2679
  8
CUT
 10
2216.2
 20
-2803.0
 30
0.0
 70
0
  0
VERTEX
  5
267A
  8
CUT
 10
2216.1268699711077
 20
-2803.6802089265693
 30
0.0
 70
0
  0
VERTEX
  5
267B
  8
CUT
 10
2215.9108223851345
 20
-2804.329328041606
 30
0.0
 70
0
  0
VERTEX
  5
267C
  8
CUT
 10
2215.5617319709577
 20
-2804.917688532836
 30
0.0
 70
0
  0
VERTEX
  5
267D
  8
CUT
 10
2215.095554348625
 20
-2805.4183986379335
 30
0.0
 70
0
  0
VERTEX
  5
267E
  8
CUT
 10
2214.5335967575043
 20
-2805.8085727666153
 30
0.0
 70
0
  0
VERTEX
  5
267F
  8
CUT
 10
2213.9015441818924
 20
-2806.070377515566
 30
0.0
 70
0
  0
VERTEX
  5
2680
  8
CUT
 10
2213.2282853862375
 20
-2806.1918467667524
 30
0.0
 70
0
  0
VERTEX
  5
2681
  8
CUT
 10
2212.5445925175254
 20
-2806.1674286140187
 30
0.0
 70
0
  0
VERTEX
  5
2682
  8
CUT
 10
2211.881714625283
 20
-2805.998239119999
 30
0.0
 70
0
  0
VERTEX
  5
2683
  8
CUT
 10
2211.2699493841424
 20
-2805.6920113050596
 30
0.0
 70
0
  0
VERTEX
  5
2684
  8
CUT
 10
2210.7372583002034
 20
-2805.2627416997966
 30
0.0
 70
0
  0
VERTEX
  5
2685
  8
CUT
 10
2210.3079886949404
 20
-2804.7300506158576
 30
0.0
 70
0
  0
VERTEX
  5
2686
  8
CUT
 10
2210.001760880001
 20
-2804.118285374717
 30
0.0
 70
0
  0
VERTEX
  5
2687
  8
CUT
 10
2209.8325713859813
 20
-2803.4554074824746
 30
0.0
 70
0
  0
VERTEX
  5
2688
  8
CUT
 10
2209.8081532332476
 20
-2802.7717146137625
 30
0.0
 70
0
  0
VERTEX
  5
2689
  8
CUT
 10
2209.929622484434
 20
-2802.0984558181076
 30
0.0
 70
0
  0
VERTEX
  5
268A
  8
CUT
 10
2210.1914272333847
 20
-2801.4664032424957
 30
0.0
 70
0
  0
VERTEX
  5
268B
  8
CUT
 10
2210.5816013620665
 20
-2800.904445651375
 30
0.0
 70
0
  0
VERTEX
  5
268C
  8
CUT
 10
2211.082311467164
 20
-2800.4382680290423
 30
0.0
 70
0
  0
VERTEX
  5
268D
  8
CUT
 10
2211.670671958394
 20
-2800.0891776148655
 30
0.0
 70
0
  0
VERTEX
  5
268E
  8
CUT
 10
2212.3197910734307
 20
-2799.8731300288923
 30
0.0
 70
0
  0
VERTEX
  5
268F
  8
CUT
 10
2213.0
 20
-2799.8
 30
0.0
 70
0
  0
VERTEX
  5
2690
  8
CUT
 10
2213.0
 20
-2186.2
 30
0.0
 70
0
  0
VERTEX
  5
2691
  8
CUT
 10
2212.3197910734307
 20
-2186.1268699711077
 30
0.0
 70
0
  0
VERTEX
  5
2692
  8
CUT
 10
2211.670671958394
 20
-2185.9108223851345
 30
0.0
 70
0
  0
VERTEX
  5
2693
  8
CUT
 10
2211.082311467164
 20
-2185.5617319709577
 30
0.0
 70
0
  0
VERTEX
  5
2694
  8
CUT
 10
2210.5816013620665
 20
-2185.095554348625
 30
0.0
 70
0
  0
VERTEX
  5
2695
  8
CUT
 10
2210.1914272333847
 20
-2184.5335967575043
 30
0.0
 70
0
  0
VERTEX
  5
2696
  8
CUT
 10
2209.929622484434
 20
-2183.9015441818924
 30
0.0
 70
0
  0
VERTEX
  5
2697
  8
CUT
 10
2209.8081532332476
 20
-2183.2282853862375
 30
0.0
 70
0
  0
VERTEX
  5
2698
  8
CUT
 10
2209.8325713859813
 20
-2182.5445925175254
 30
0.0
 70
0
  0
VERTEX
  5
2699
  8
CUT
 10
2210.001760880001
 20
-2181.881714625283
 30
0.0
 70
0
  0
VERTEX
  5
269A
  8
CUT
 10
2210.3079886949404
 20
-2181.2699493841424
 30
0.0
 70
0
  0
VERTEX
  5
269B
  8
CUT
 10
2210.7372583002034
 20
-2180.7372583002034
 30
0.0
 70
0
  0
VERTEX
  5
269C
  8
CUT
 10
2211.2699493841424
 20
-2180.3079886949404
 30
0.0
 70
0
  0
VERTEX
  5
269D
  8
CUT
 10
2211.881714625283
 20
-2180.001760880001
 30
0.0
 70
0
  0
VERTEX
  5
269E
  8
CUT
 10
2212.5445925175254
 20
-2179.8325713859813
 30
0.0
 70
0
  0
VERTEX
  5
269F
  8
CUT
 10
2213.2282853862375
 20
-2179.8081532332476
 30
0.0
 70
0
  0
VERTEX
  5
26A0
  8
CUT
 10
2213.9015441818924
 20
-2179.929622484434
 30
0.0
 70
0
  0
VERTEX
  5
26A1
  8
CUT
 10
2214.5335967575043
 20
-2180.1914272333847
 30
0.0
 70
0
  0
VERTEX
  5
26A2
  8
CUT
 10
2215.095554348625
 20
-2180.5816013620665
 30
0.0
 70
0
  0
VERTEX
  5
26A3
  8
CUT
 10
2215.5617319709577
 20
-2181.082311467164
 30
0.0
 70
0
  0
VERTEX
  5
26A4
  8
CUT
 10
2215.9108223851345
 20
-2181.670671958394
 30
0.0
 70
0
  0
VERTEX
  5
26A5
  8
CUT
 10
2216.1268699711077
 20
-2182.3197910734307
 30
0.0
 70
0
  0
VERTEX
  5
26A6
  8
CUT
 10
2216.2
 20
-2183.0
 30
0.0
 70
0
  0
VERTEX
  5
26A7
  8
CUT
 10
2253.0
 20
-2183.0
 30
0.0
 70
0
  0
VERTEX
  5
26A8
  8
CUT
 10
2253.0
 20
-2063.0
 30
0.0
 70
0
  0
VERTEX
  5
26A9
  8
CUT
 10
1613.0
 20
-2063.0
 30
0.0
 70
0
  0
VERTEX
  5
26AA
  8
CUT
 10
1607.7676999999999
 20
-2063.1713
 30
0.0
 70
0
  0
VERTEX
  5
26AB
  8
CUT
 10
1602.5579
 20
-2063.6844
 30
0.0
 70
0
  0
VERTEX
  5
26AC
  8
CUT
 10
1597.3928
 20
-2064.5371999999998
 30
0.0
 70
0
  0
VERTEX
  5
26AD
  8
CUT
 10
1592.2945
 20
-2065.7259
 30
0.0
 70
0
  0
VERTEX
  5
26AE
  8
CUT
 10
1587.2848
 20
-2067.2456
 30
0.0
 70
0
  0
VERTEX
  5
26AF
  8
CUT
 10
1582.3853
 20
-2069.0896000000002
 30
0.0
 70
0
  0
VERTEX
  5
26B0
  8
CUT
 10
1577.6169
 20
-2071.2502
 30
0.0
 70
0
  0
VERTEX
  5
26B1
  8
CUT
 10
1573.0
 20
-2073.718
 30
0.0
 70
0
  0
VERTEX
  5
26B2
  8
CUT
 10
1568.5544
 20
-2076.4824
 30
0.0
 70
0
  0
VERTEX
  5
26B3
  8
CUT
 10
1564.2991
 20
-2079.5317
 30
0.0
 70
0
  0
VERTEX
  5
26B4
  8
CUT
 10
1560.2523
 20
-2082.8528
 30
0.0
 70
0
  0
VERTEX
  5
26B5
  8
CUT
 10
1556.4315000000001
 20
-2086.4315
 30
0.0
 70
0
  0
VERTEX
  5
26B6
  8
CUT
 10
1552.8528000000001
 20
-2090.2523
 30
0.0
 70
0
  0
VERTEX
  5
26B7
  8
CUT
 10
1549.5317
 20
-2094.2991
 30
0.0
 70
0
  0
VERTEX
  5
26B8
  8
CUT
 10
1546.4823999999999
 20
-2098.5544
 30
0.0
 70
0
  0
VERTEX
  5
26B9
  8
CUT
 10
1543.7179999999998
 20
-2103.0
 30
0.0
 70
0
  0
VERTEX
  5
26BA
  8
CUT
 10
1541.2502
 20
-2107.6169
 30
0.0
 70
0
  0
VERTEX
  5
26BB
  8
CUT
 10
1539.0896
 20
-2112.3853
 30
0.0
 70
0
  0
VERTEX
  5
26BC
  8
CUT
 10
1537.2456
 20
-2117.2848
 30
0.0
 70
0
  0
VERTEX
  5
26BD
  8
CUT
 10
1535.7259
 20
-2122.2945
 30
0.0
 70
0
  0
VERTEX
  5
26BE
  8
CUT
 10
1534.5372
 20
-2127.3928
 30
0.0
 70
0
  0
VERTEX
  5
26BF
  8
CUT
 10
1533.6844
 20
-2132.5579
 30
0.0
 70
0
  0
VERTEX
  5
26C0
  8
CUT
 10
1533.1713
 20
-2137.7677
 30
0.0
 70
0
  0
SEQEND
  5
25CC
  8
CUT
  0
POLYLINE
  5
26C1
  8
CUT
 66
1
 10
0.0
 20
0.0
 30
0.0
 70
1
  0
VERTEX
  5
26C3
  8
CUT
 10
1910.3000000000002
 20
-2263.5
 30
0.0
 70
0
  0
VERTEX
  5
26C4
  8
CUT
 10
1910.3731300288925
 20
-2264.1802089265693
 30
0.0
 70
0
  0
VERTEX
  5
26C5
  8
CUT
 10
1910.5891776148658
 20
-2264.829328041606
 30
0.0
 70
0
  0
VERTEX
  5
26C6
  8
CUT
 10
1910.938268029042
 20
-2265.417688532836
 30
0.0
 70
0
  0
VERTEX
  5
26C7
  8
CUT
 10
1911.4044456513752
 20
-2265.9183986379335
 30
0.0
 70
0
  0
VERTEX
  5
26C8
  8
CUT
 10
1911.966403242496
 20
-2266.3085727666153
 30
0.0
 70
0
  0
VERTEX
  5
26C9
  8
CUT
 10
1912.5984558181074
 20
-2266.570377515566
 30
0.0
 70
0
  0
VERTEX
  5
26CA
  8
CUT
 10
1913.2717146137625
 20
-2266.6918467667524
 30
0.0
 70
0
  0
VERTEX
  5
26CB
  8
CUT
 10
1913.9554074824746
 20
-2266.6674286140187
 30
0.0
 70
0
  0
VERTEX
  5
26CC
  8
CUT
 10
1914.618285374717
 20
-2266.498239119999
 30
0.0
 70
0
  0
VERTEX
  5
26CD
  8
CUT
 10
1915.2300506158579
 20
-2266.1920113050596
 30
0.0
 70
0
  0
VERTEX
  5
26CE
  8
CUT
 10
1915.7627416997968
 20
-2265.7627416997966
 30
0.0
 70
0
  0
VERTEX
  5
26CF
  8
CUT
 10
1916.1920113050596
 20
-2265.2300506158576
 30
0.0
 70
0
  0
VERTEX
  5
26D0
  8
CUT
 10
1916.498239119999
 20
-2264.618285374717
 30
0.0
 70
0
  0
VERTEX
  5
26D1
  8
CUT
 10
1916.6674286140187
 20
-2263.9554074824746
 30
0.0
 70
0
  0
VERTEX
  5
26D2
  8
CUT
 10
1916.6918467667526
 20
-2263.2717146137625
 30
0.0
 70
0
  0
VERTEX
  5
26D3
  8
CUT
 10
1916.5703775155662
 20
-2262.5984558181076
 30
0.0
 70
0
  0
VERTEX
  5
26D4
  8
CUT
 10
1916.308572766615
 20
-2261.9664032424957
 30
0.0
 70
0
  0
VERTEX
  5
26D5
  8
CUT
 10
1915.9183986379335
 20
-2261.404445651375
 30
0.0
 70
0
  0
VERTEX
  5
26D6
  8
CUT
 10
1915.417688532836
 20
-2260.9382680290423
 30
0.0
 70
0
  0
VERTEX
  5
26D7
  8
CUT
 10
1914.829328041606
 20
-2260.5891776148655
 30
0.0
 70
0
  0
VERTEX
  5
26D8
  8
CUT
 10
1914.1802089265695
 20
-2260.3731300288923
 30
0.0
 70
0
  0
VERTEX
  5
26D9
  8
CUT
 10
1913.5
 20
-2260.3
 30
0.0
 70
0
  0
VERTEX
  5
26DA
  8
CUT
 10
1913.5
 20
-2247.7
 30
0.0
 70
0
  0
VERTEX
  5
26DB
  8
CUT
 10
1914.1802089265695
 20
-2247.6268699711077
 30
0.0
 70
0
  0
VERTEX
  5
26DC
  8
CUT
 10
1914.829328041606
 20
-2247.4108223851345
 30
0.0
 70
0
  0
VERTEX
  5
26DD
  8
CUT
 10
1915.417688532836
 20
-2247.0617319709577
 30
0.0
 70
0
  0
VERTEX
  5
26DE
  8
CUT
 10
1915.9183986379335
 20
-2246.595554348625
 30
0.0
 70
0
  0
VERTEX
  5
26DF
  8
CUT
 10
1916.308572766615
 20
-2246.0335967575043
 30
0.0
 70
0
  0
VERTEX
  5
26E0
  8
CUT
 10
1916.5703775155662
 20
-2245.4015441818924
 30
0.0
 70
0
  0
VERTEX
  5
26E1
  8
CUT
 10
1916.6918467667526
 20
-2244.7282853862375
 30
0.0
 70
0
  0
VERTEX
  5
26E2
  8
CUT
 10
1916.6674286140187
 20
-2244.0445925175254
 30
0.0
 70
0
  0
VERTEX
  5
26E3
  8
CUT
 10
1916.498239119999
 20
-2243.381714625283
 30
0.0
 70
0
  0
VERTEX
  5
26E4
  8
CUT
 10
1916.1920113050596
 20
-2242.7699493841424
 30
0.0
 70
0
  0
VERTEX
  5
26E5
  8
CUT
 10
1915.7627416997968
 20
-2242.2372583002034
 30
0.0
 70
0
  0
VERTEX
  5
26E6
  8
CUT
 10
1915.2300506158579
 20
-2241.8079886949404
 30
0.0
 70
0
  0
VERTEX
  5
26E7
  8
CUT
 10
1914.618285374717
 20
-2241.501760880001
 30
0.0
 70
0
  0
VERTEX
  5
26E8
  8
CUT
 10
1913.9554074824746
 20
-2241.3325713859813
 30
0.0
 70
0
  0
VERTEX
  5
26E9
  8
CUT
 10
1913.2717146137625
 20
-2241.3081532332476
 30
0.0
 70
0
  0
VERTEX
  5
26EA
  8
CUT
 10
1912.5984558181074
 20
-2241.429622484434
 30
0.0
 70
0
  0
VERTEX
  5
26EB
  8
CUT
 10
1911.966403242496
 20
-2241.6914272333847
 30
0.0
 70
0
  0
VERTEX
  5
26EC
  8
CUT
 10
1911.4044456513752
 20
-2242.0816013620665
 30
0.0
 70
0
  0
VERTEX
  5
26ED
  8
CUT
 10
1910.938268029042
 20
-2242.582311467164
 30
0.0
 70
0
  0
VERTEX
  5
26EE
  8
CUT
 10
1910.5891776148658
 20
-2243.170671958394
 30
0.0
 70
0
  0
VERTEX
  5
26EF
  8
CUT
 10
1910.3731300288925
 20
-2243.8197910734307
 30
0.0
 70
0
  0
VERTEX
  5
26F0
  8
CUT
 10
1910.3000000000002
 20
-2244.5
 30
0.0
 70
0
  0
VERTEX
  5
26F1
  8
CUT
 10
1875.7
 20
-2244.5
 30
0.0
 70
0
  0
VERTEX
  5
26F2
  8
CUT
 10
1875.6268699711077
 20
-2243.8197910734307
 30
0.0
 70
0
  0
VERTEX
  5
26F3
  8
CUT
 10
1875.4108223851345
 20
-2243.170671958394
 30
0.0
 70
0
  0
VERTEX
  5
26F4
  8
CUT
 10
1875.061731970958
 20
-2242.582311467164
 30
0.0
 70
0
  0
VERTEX
  5
26F5
  8
CUT
 10
1874.5955543486248
 20
-2242.0816013620665
 30
0.0
 70
0
  0
VERTEX
  5
26F6
  8
CUT
 10
1874.0335967575043
 20
-2241.6914272333847
 30
0.0
 70
0
  0
VERTEX
  5
26F7
  8
CUT
 10
1873.4015441818926
 20
-2241.429622484434
 30
0.0
 70
0
  0
VERTEX
  5
26F8
  8
CUT
 10
1872.7282853862375
 20
-2241.308153233247
 30
0.0
 70
0
  0
VERTEX
  5
26F9
  8
CUT
 10
1872.0445925175254
 20
-2241.3325713859813
 30
0.0
 70
0
  0
VERTEX
  5
26FA
  8
CUT
 10
1871.381714625283
 20
-2241.501760880001
 30
0.0
 70
0
  0
VERTEX
  5
26FB
  8
CUT
 10
1870.7699493841421
 20
-2241.8079886949404
 30
0.0
 70
0
  0
VERTEX
  5
26FC
  8
CUT
 10
1870.2372583002032
 20
-2242.237258300203
 30
0.0
 70
0
  0
VERTEX
  5
26FD
  8
CUT
 10
1869.8079886949404
 20
-2242.769949384142
 30
0.0
 70
0
  0
VERTEX
  5
26FE
  8
CUT
 10
1869.5017608800008
 20
-2243.3817146252827
 30
0.0
 70
0
  0
VERTEX
  5
26FF
  8
CUT
 10
1869.332571385981
 20
-2244.0445925175254
 30
0.0
 70
0
  0
VERTEX
  5
2700
  8
CUT
 10
1869.3081532332474
 20
-2244.7282853862375
 30
0.0
 70
0
  0
VERTEX
  5
2701
  8
CUT
 10
1869.4296224844336
 20
-2245.4015441818924
 30
0.0
 70
0
  0
VERTEX
  5
2702
  8
CUT
 10
1869.6914272333847
 20
-2246.0335967575043
 30
0.0
 70
0
  0
VERTEX
  5
2703
  8
CUT
 10
1870.0816013620665
 20
-2246.595554348625
 30
0.0
 70
0
  0
VERTEX
  5
2704
  8
CUT
 10
1870.5823114671637
 20
-2247.0617319709577
 30
0.0
 70
0
  0
VERTEX
  5
2705
  8
CUT
 10
1871.170671958394
 20
-2247.4108223851345
 30
0.0
 70
0
  0
VERTEX
  5
2706
  8
CUT
 10
1871.8197910734305
 20
-2247.6268699711077
 30
0.0
 70
0
  0
VERTEX
  5
2707
  8
CUT
 10
1872.5
 20
-2247.7
 30
0.0
 70
0
  0
VERTEX
  5
2708
  8
CUT
 10
1872.5
 20
-2260.3
 30
0.0
 70
0
  0
VERTEX
  5
2709
  8
CUT
 10
1871.8197910734305
 20
-2260.3731300288923
 30
0.0
 70
0
  0
VERTEX
  5
270A
  8
CUT
 10
1871.170671958394
 20
-2260.5891776148655
 30
0.0
 70
0
  0
VERTEX
  5
270B
  8
CUT
 10
1870.5823114671637
 20
-2260.9382680290423
 30
0.0
 70
0
  0
VERTEX
  5
270C
  8
CUT
 10
1870.0816013620665
 20
-2261.404445651375
 30
0.0
 70
0
  0
VERTEX
  5
270D
  8
CUT
 10
1869.6914272333847
 20
-2261.9664032424957
 30
0.0
 70
0
  0
VERTEX
  5
270E
  8
CUT
 10
1869.4296224844336
 20
-2262.5984558181076
 30
0.0
 70
0
  0
VERTEX
  5
270F
  8
CUT
 10
1869.3081532332474
 20
-2263.2717146137625
 30
0.0
 70
0
  0
VERTEX
  5
2710
  8
CUT
 10
1869.332571385981
 20
-2263.9554074824746
 30
0.0
 70
0
  0
VERTEX
  5
2711
  8
CUT
 10
1869.5017608800008
 20
-2264.6182853747173
 30
0.0
 70
0
  0
VERTEX
  5
2712
  8
CUT
 10
1869.8079886949404
 20
-2265.230050615858
 30
0.0
 70
0
  0
VERTEX
  5
2713
  8
CUT
 10
1870.2372583002032
 20
-2265.762741699797
 30
0.0
 70
0
  0
VERTEX
  5
2714
  8
CUT
 10
1870.7699493841421
 20
-2266.1920113050596
 30
0.0
 70
0
  0
VERTEX
  5
2715
  8
CUT
 10
1871.381714625283
 20
-2266.498239119999
 30
0.0
 70
0
  0
VERTEX
  5
2716
  8
CUT
 10
1872.0445925175254
 20
-2266.6674286140187
 30
0.0
 70
0
  0
VERTEX
  5
2717
  8
CUT
 10
1872.7282853862375
 20
-2266.691846766753
 30
0.0
 70
0
  0
VERTEX
  5
2718
  8
CUT
 10
1873.4015441818926
 20
-2266.570377515566
 30
0.0
 70
0
  0
VERTEX
  5
2719
  8
CUT
 10
1874.0335967575043
 20
-2266.3085727666153
 30
0.0
 70
0
  0
VERTEX
  5
271A
  8
CUT
 10
1874.5955543486248
 20
-2265.9183986379335
 30
0.0
 70
0
  0
VERTEX
  5
271B
  8
CUT
 10
1875.061731970958
 20
-2265.417688532836
 30
0.0
 70
0
  0
VERTEX
  5
271C
  8
CUT
 10
1875.4108223851345
 20
-2264.829328041606
 30
0.0
 70
0
  0
VERTEX
  5
271D
  8
CUT
 10
1875.6268699711077
 20
-2264.1802089265693
 30
0.0
 70
0
  0
VERTEX
  5
271E
  8
CUT
 10
1875.7
 20
-2263.5
 30
0.0
 70
0
  0
SEQEND
  5
26C2
  8
CUT
  0
POLYLINE
  5
271F
  8
CUT
 66
1
 10
0.0
 20
0.0
 30
0.0
 70
1
  0
VERTEX
  5
2721
  8
CUT
 10
1770.3000000000002
 20
-2263.5
 30
0.0
 70
0
  0
VERTEX
  5
2722
  8
CUT
 10
1770.3731300288925
 20
-2264.1802089265693
 30
0.0
 70
0
  0
VERTEX
  5
2723
  8
CUT
 10
1770.5891776148658
 20
-2264.829328041606
 30
0.0
 70
0
  0
VERTEX
  5
2724
  8
CUT
 10
1770.938268029042
 20
-2265.417688532836
 30
0.0
 70
0
  0
VERTEX
  5
2725
  8
CUT
 10
1771.4044456513752
 20
-2265.9183986379335
 30
0.0
 70
0
  0
VERTEX
  5
2726
  8
CUT
 10
1771.966403242496
 20
-2266.3085727666153
 30
0.0
 70
0
  0
VERTEX
  5
2727
  8
CUT
 10
1772.5984558181074
 20
-2266.570377515566
 30
0.0
 70
0
  0
VERTEX
  5
2728
  8
CUT
 10
1773.2717146137625
 20
-2266.6918467667524
 30
0.0
 70
0
  0
VERTEX
  5
2729
  8
CUT
 10
1773.9554074824746
 20
-2266.6674286140187
 30
0.0
 70
0
  0
VERTEX
  5
272A
  8
CUT
 10
1774.618285374717
 20
-2266.498239119999
 30
0.0
 70
0
  0
VERTEX
  5
272B
  8
CUT
 10
1775.2300506158579
 20
-2266.1920113050596
 30
0.0
 70
0
  0
VERTEX
  5
272C
  8
CUT
 10
1775.7627416997968
 20
-2265.7627416997966
 30
0.0
 70
0
  0
VERTEX
  5
272D
  8
CUT
 10
1776.1920113050596
 20
-2265.2300506158576
 30
0.0
 70
0
  0
VERTEX
  5
272E
  8
CUT
 10
1776.498239119999
 20
-2264.618285374717
 30
0.0
 70
0
  0
VERTEX
  5
272F
  8
CUT
 10
1776.6674286140187
 20
-2263.9554074824746
 30
0.0
 70
0
  0
VERTEX
  5
2730
  8
CUT
 10
1776.6918467667526
 20
-2263.2717146137625
 30
0.0
 70
0
  0
VERTEX
  5
2731
  8
CUT
 10
1776.5703775155662
 20
-2262.5984558181076
 30
0.0
 70
0
  0
VERTEX
  5
2732
  8
CUT
 10
1776.308572766615
 20
-2261.9664032424957
 30
0.0
 70
0
  0
VERTEX
  5
2733
  8
CUT
 10
1775.9183986379335
 20
-2261.404445651375
 30
0.0
 70
0
  0
VERTEX
  5
2734
  8
CUT
 10
1775.417688532836
 20
-2260.9382680290423
 30
0.0
 70
0
  0
VERTEX
  5
2735
  8
CUT
 10
1774.829328041606
 20
-2260.5891776148655
 30
0.0
 70
0
  0
VERTEX
  5
2736
  8
CUT
 10
1774.1802089265695
 20
-2260.3731300288923
 30
0.0
 70
0
  0
VERTEX
  5
2737
  8
CUT
 10
1773.5
 20
-2260.3
 30
0.0
 70
0
  0
VERTEX
  5
2738
  8
CUT
 10
1773.5
 20
-2247.7
 30
0.0
 70
0
  0
VERTEX
  5
2739
  8
CUT
 10
1774.1802089265695
 20
-2247.6268699711077
 30
0.0
 70
0
  0
VERTEX
  5
273A
  8
CUT
 10
1774.829328041606
 20
-2247.4108223851345
 30
0.0
 70
0
  0
VERTEX
  5
273B
  8
CUT
 10
1775.417688532836
 20
-2247.0617319709577
 30
0.0
 70
0
  0
VERTEX
  5
273C
  8
CUT
 10
1775.9183986379335
 20
-2246.595554348625
 30
0.0
 70
0
  0
VERTEX
  5
273D
  8
CUT
 10
1776.308572766615
 20
-2246.0335967575043
 30
0.0
 70
0
  0
VERTEX
  5
273E
  8
CUT
 10
1776.5703775155662
 20
-2245.4015441818924
 30
0.0
 70
0
  0
VERTEX
  5
273F
  8
CUT
 10
1776.6918467667526
 20
-2244.7282853862375
 30
0.0
 70
0
  0
VERTEX
  5
2740
  8
CUT
 10
1776.6674286140187
 20
-2244.0445925175254
 30
0.0
 70
0
  0
VERTEX
  5
2741
  8
CUT
 10
1776.498239119999
 20
-2243.381714625283
 30
0.0
 70
0
  0
VERTEX
  5
2742
  8
CUT
 10
1776.1920113050596
 20
-2242.7699493841424
 30
0.0
 70
0
  0
VERTEX
  5
2743
  8
CUT
 10
1775.7627416997968
 20
-2242.2372583002034
 30
0.0
 70
0
  0
VERTEX
  5
2744
  8
CUT
 10
1775.2300506158579
 20
-2241.8079886949404
 30
0.0
 70
0
  0
VERTEX
  5
2745
  8
CUT
 10
1774.618285374717
 20
-2241.501760880001
 30
0.0
 70
0
  0
VERTEX
  5
2746
  8
CUT
 10
1773.9554074824746
 20
-2241.3325713859813
 30
0.0
 70
0
  0
VERTEX
  5
2747
  8
CUT
 10
1773.2717146137625
 20
-2241.3081532332476
 30
0.0
 70
0
  0
VERTEX
  5
2748
  8
CUT
 10
1772.5984558181074
 20
-2241.429622484434
 30
0.0
 70
0
  0
VERTEX
  5
2749
  8
CUT
 10
1771.966403242496
 20
-2241.6914272333847
 30
0.0
 70
0
  0
VERTEX
  5
274A
  8
CUT
 10
1771.4044456513752
 20
-2242.0816013620665
 30
0.0
 70
0
  0
VERTEX
  5
274B
  8
CUT
 10
1770.938268029042
 20
-2242.582311467164
 30
0.0
 70
0
  0
VERTEX
  5
274C
  8
CUT
 10
1770.5891776148658
 20
-2243.170671958394
 30
0.0
 70
0
  0
VERTEX
  5
274D
  8
CUT
 10
1770.3731300288925
 20
-2243.8197910734307
 30
0.0
 70
0
  0
VERTEX
  5
274E
  8
CUT
 10
1770.3000000000002
 20
-2244.5
 30
0.0
 70
0
  0
VERTEX
  5
274F
  8
CUT
 10
1735.7
 20
-2244.5
 30
0.0
 70
0
  0
VERTEX
  5
2750
  8
CUT
 10
1735.6268699711077
 20
-2243.8197910734307
 30
0.0
 70
0
  0
VERTEX
  5
2751
  8
CUT
 10
1735.4108223851345
 20
-2243.170671958394
 30
0.0
 70
0
  0
VERTEX
  5
2752
  8
CUT
 10
1735.061731970958
 20
-2242.582311467164
 30
0.0
 70
0
  0
VERTEX
  5
2753
  8
CUT
 10
1734.5955543486248
 20
-2242.0816013620665
 30
0.0
 70
0
  0
VERTEX
  5
2754
  8
CUT
 10
1734.0335967575043
 20
-2241.6914272333847
 30
0.0
 70
0
  0
VERTEX
  5
2755
  8
CUT
 10
1733.4015441818926
 20
-2241.429622484434
 30
0.0
 70
0
  0
VERTEX
  5
2756
  8
CUT
 10
1732.7282853862375
 20
-2241.308153233247
 30
0.0
 70
0
  0
VERTEX
  5
2757
  8
CUT
 10
1732.0445925175254
 20
-2241.3325713859813
 30
0.0
 70
0
  0
VERTEX
  5
2758
  8
CUT
 10
1731.381714625283
 20
-2241.501760880001
 30
0.0
 70
0
  0
VERTEX
  5
2759
  8
CUT
 10
1730.7699493841421
 20
-2241.8079886949404
 30
0.0
 70
0
  0
VERTEX
  5
275A
  8
CUT
 10
1730.2372583002032
 20
-2242.237258300203
 30
0.0
 70
0
  0
VERTEX
  5
275B
  8
CUT
 10
1729.8079886949404
 20
-2242.769949384142
 30
0.0
 70
0
  0
VERTEX
  5
275C
  8
CUT
 10
1729.5017608800008
 20
-2243.3817146252827
 30
0.0
 70
0
  0
VERTEX
  5
275D
  8
CUT
 10
1729.332571385981
 20
-2244.0445925175254
 30
0.0
 70
0
  0
VERTEX
  5
275E
  8
CUT
 10
1729.3081532332474
 20
-2244.7282853862375
 30
0.0
 70
0
  0
VERTEX
  5
275F
  8
CUT
 10
1729.4296224844336
 20
-2245.4015441818924
 30
0.0
 70
0
  0
VERTEX
  5
2760
  8
CUT
 10
1729.6914272333847
 20
-2246.0335967575043
 30
0.0
 70
0
  0
VERTEX
  5
2761
  8
CUT
 10
1730.0816013620665
 20
-2246.595554348625
 30
0.0
 70
0
  0
VERTEX
  5
2762
  8
CUT
 10
1730.5823114671637
 20
-2247.0617319709577
 30
0.0
 70
0
  0
VERTEX
  5
2763
  8
CUT
 10
1731.170671958394
 20
-2247.4108223851345
 30
0.0
 70
0
  0
VERTEX
  5
2764
  8
CUT
 10
1731.8197910734305
 20
-2247.6268699711077
 30
0.0
 70
0
  0
VERTEX
  5
2765
  8
CUT
 10
1732.5
 20
-2247.7
 30
0.0
 70
0
  0
VERTEX
  5
2766
  8
CUT
 10
1732.5
 20
-2260.3
 30
0.0
 70
0
  0
VERTEX
  5
2767
  8
CUT
 10
1731.8197910734305
 20
-2260.3731300288923
 30
0.0
 70
0
  0
VERTEX
  5
2768
  8
CUT
 10
1731.170671958394
 20
-2260.5891776148655
 30
0.0
 70
0
  0
VERTEX
  5
2769
  8
CUT
 10
1730.5823114671637
 20
-2260.9382680290423
 30
0.0
 70
0
  0
VERTEX
  5
276A
  8
CUT
 10
1730.0816013620665
 20
-2261.404445651375
 30
0.0
 70
0
  0
VERTEX
  5
276B
  8
CUT
 10
1729.6914272333847
 20
-2261.9664032424957
 30
0.0
 70
0
  0
VERTEX
  5
276C
  8
CUT
 10
1729.4296224844336
 20
-2262.5984558181076
 30
0.0
 70
0
  0
VERTEX
  5
276D
  8
CUT
 10
1729.3081532332474
 20
-2263.2717146137625
 30
0.0
 70
0
  0
VERTEX
  5
276E
  8
CUT
 10
1729.332571385981
 20
-2263.9554074824746
 30
0.0
 70
0
  0
VERTEX
  5
276F
  8
CUT
 10
1729.5017608800008
 20
-2264.6182853747173
 30
0.0
 70
0
  0
VERTEX
  5
2770
  8
CUT
 10
1729.8079886949404
 20
-2265.230050615858
 30
0.0
 70
0
  0
VERTEX
  5
2771
  8
CUT
 10
1730.2372583002032
 20
-2265.762741699797
 30
0.0
 70
0
  0
VERTEX
  5
2772
  8
CUT
 10
1730.7699493841421
 20
-2266.1920113050596
 30
0.0
 70
0
  0
VERTEX
  5
2773
  8
CUT
 10
1731.381714625283
 20
-2266.498239119999
 30
0.0
 70
0
  0
VERTEX
  5
2774
  8
CUT
 10
1732.0445925175254
 20
-2266.6674286140187
 30
0.0
 70
0
  0
VERTEX
  5
2775
  8
CUT
 10
1732.7282853862375
 20
-2266.691846766753
 30
0.0
 70
0
  0
VERTEX
  5
2776
  8
CUT
 10
1733.4015441818926
 20
-2266.570377515566
 30
0.0
 70
0
  0
VERTEX
  5
2777
  8
CUT
 10
1734.0335967575043
 20
-2266.3085727666153
 30
0.0
 70
0
  0
VERTEX
  5
2778
  8
CUT
 10
1734.5955543486248
 20
-2265.9183986379335
 30
0.0
 70
0
  0
VERTEX
  5
2779
  8
CUT
 10
1735.061731970958
 20
-2265.417688532836
 30
0.0
 70
0
  0
VERTEX
  5
277A
  8
CUT
 10
1735.4108223851345
 20
-2264.829328041606
 30
0.0
 70
0
  0
VERTEX
  5
277B
  8
CUT
 10
1735.6268699711077
 20
-2264.1802089265693
 30
0.0
 70
0
  0
VERTEX
  5
277C
  8
CUT
 10
1735.7
 20
-2263.5
 30
0.0
 70
0
  0
SEQEND
  5
2720
  8
CUT
  0
POLYLINE
  5
277D
  8
CUT
 66
1
 10
0.0
 20
0.0
 30
0.0
 70
1
  0
VERTEX
  5
277F
  8
CUT
 10
1840.3000000000002
 20
-2263.5
 30
0.0
 70
0
  0
VERTEX
  5
2780
  8
CUT
 10
1840.3731300288925
 20
-2264.1802089265693
 30
0.0
 70
0
  0
VERTEX
  5
2781
  8
CUT
 10
1840.5891776148658
 20
-2264.829328041606
 30
0.0
 70
0
  0
VERTEX
  5
2782
  8
CUT
 10
1840.938268029042
 20
-2265.417688532836
 30
0.0
 70
0
  0
VERTEX
  5
2783
  8
CUT
 10
1841.4044456513752
 20
-2265.9183986379335
 30
0.0
 70
0
  0
VERTEX
  5
2784
  8
CUT
 10
1841.966403242496
 20
-2266.3085727666153
 30
0.0
 70
0
  0
VERTEX
  5
2785
  8
CUT
 10
1842.5984558181074
 20
-2266.570377515566
 30
0.0
 70
0
  0
VERTEX
  5
2786
  8
CUT
 10
1843.2717146137625
 20
-2266.6918467667524
 30
0.0
 70
0
  0
VERTEX
  5
2787
  8
CUT
 10
1843.9554074824746
 20
-2266.6674286140187
 30
0.0
 70
0
  0
VERTEX
  5
2788
  8
CUT
 10
1844.618285374717
 20
-2266.498239119999
 30
0.0
 70
0
  0
VERTEX
  5
2789
  8
CUT
 10
1845.2300506158579
 20
-2266.1920113050596
 30
0.0
 70
0
  0
VERTEX
  5
278A
  8
CUT
 10
1845.7627416997968
 20
-2265.7627416997966
 30
0.0
 70
0
  0
VERTEX
  5
278B
  8
CUT
 10
1846.1920113050596
 20
-2265.2300506158576
 30
0.0
 70
0
  0
VERTEX
  5
278C
  8
CUT
 10
1846.498239119999
 20
-2264.618285374717
 30
0.0
 70
0
  0
VERTEX
  5
278D
  8
CUT
 10
1846.6674286140187
 20
-2263.9554074824746
 30
0.0
 70
0
  0
VERTEX
  5
278E
  8
CUT
 10
1846.6918467667526
 20
-2263.2717146137625
 30
0.0
 70
0
  0
VERTEX
  5
278F
  8
CUT
 10
1846.5703775155662
 20
-2262.5984558181076
 30
0.0
 70
0
  0
VERTEX
  5
2790
  8
CUT
 10
1846.308572766615
 20
-2261.9664032424957
 30
0.0
 70
0
  0
VERTEX
  5
2791
  8
CUT
 10
1845.9183986379335
 20
-2261.404445651375
 30
0.0
 70
0
  0
VERTEX
  5
2792
  8
CUT
 10
1845.417688532836
 20
-2260.9382680290423
 30
0.0
 70
0
  0
VERTEX
  5
2793
  8
CUT
 10
1844.829328041606
 20
-2260.5891776148655
 30
0.0
 70
0
  0
VERTEX
  5
2794
  8
CUT
 10
1844.1802089265695
 20
-2260.3731300288923
 30
0.0
 70
0
  0
VERTEX
  5
2795
  8
CUT
 10
1843.5
 20
-2260.3
 30
0.0
 70
0
  0
VERTEX
  5
2796
  8
CUT
 10
1843.5
 20
-2247.7
 30
0.0
 70
0
  0
VERTEX
  5
2797
  8
CUT
 10
1844.1802089265695
 20
-2247.6268699711077
 30
0.0
 70
0
  0
VERTEX
  5
2798
  8
CUT
 10
1844.829328041606
 20
-2247.4108223851345
 30
0.0
 70
0
  0
VERTEX
  5
2799
  8
CUT
 10
1845.417688532836
 20
-2247.0617319709577
 30
0.0
 70
0
  0
VERTEX
  5
279A
  8
CUT
 10
1845.9183986379335
 20
-2246.595554348625
 30
0.0
 70
0
  0
VERTEX
  5
279B
  8
CUT
 10
1846.308572766615
 20
-2246.0335967575043
 30
0.0
 70
0
  0
VERTEX
  5
279C
  8
CUT
 10
1846.5703775155662
 20
-2245.4015441818924
 30
0.0
 70
0
  0
VERTEX
  5
279D
  8
CUT
 10
1846.6918467667526
 20
-2244.7282853862375
 30
0.0
 70
0
  0
VERTEX
  5
279E
  8
CUT
 10
1846.6674286140187
 20
-2244.0445925175254
 30
0.0
 70
0
  0
VERTEX
  5
279F
  8
CUT
 10
1846.498239119999
 20
-2243.381714625283
 30
0.0
 70
0
  0
VERTEX
  5
27A0
  8
CUT
 10
1846.1920113050596
 20
-2242.7699493841424
 30
0.0
 70
0
  0
VERTEX
  5
27A1
  8
CUT
 10
1845.7627416997968
 20
-2242.2372583002034
 30
0.0
 70
0
  0
VERTEX
  5
27A2
  8
CUT
 10
1845.2300506158579
 20
-2241.8079886949404
 30
0.0
 70
0
  0
VERTEX
  5
27A3
  8
CUT
 10
1844.618285374717
 20
-2241.501760880001
 30
0.0
 70
0
  0
VERTEX
  5
27A4
  8
CUT
 10
1843.9554074824746
 20
-2241.3325713859813
 30
0.0
 70
0
  0
VERTEX
  5
27A5
  8
CUT
 10
1843.2717146137625
 20
-2241.3081532332476
 30
0.0
 70
0
  0
VERTEX
  5
27A6
  8
CUT
 10
1842.5984558181074
 20
-2241.429622484434
 30
0.0
 70
0
  0
VERTEX
  5
27A7
  8
CUT
 10
1841.966403242496
 20
-2241.6914272333847
 30
0.0
 70
0
  0
VERTEX
  5
27A8
  8
CUT
 10
1841.4044456513752
 20
-2242.0816013620665
 30
0.0
 70
0
  0
VERTEX
  5
27A9
  8
CUT
 10
1840.938268029042
 20
-2242.582311467164
 30
0.0
 70
0
  0
VERTEX
  5
27AA
  8
CUT
 10
1840.5891776148658
 20
-2243.170671958394
 30
0.0
 70
0
  0
VERTEX
  5
27AB
  8
CUT
 10
1840.3731300288925
 20
-2243.8197910734307
 30
0.0
 70
0
  0
VERTEX
  5
27AC
  8
CUT
 10
1840.3000000000002
 20
-2244.5
 30
0.0
 70
0
  0
VERTEX
  5
27AD
  8
CUT
 10
1805.7
 20
-2244.5
 30
0.0
 70
0
  0
VERTEX
  5
27AE
  8
CUT
 10
1805.6268699711077
 20
-2243.8197910734307
 30
0.0
 70
0
  0
VERTEX
  5
27AF
  8
CUT
 10
1805.4108223851345
 20
-2243.170671958394
 30
0.0
 70
0
  0
VERTEX
  5
27B0
  8
CUT
 10
1805.061731970958
 20
-2242.582311467164
 30
0.0
 70
0
  0
VERTEX
  5
27B1
  8
CUT
 10
1804.5955543486248
 20
-2242.0816013620665
 30
0.0
 70
0
  0
VERTEX
  5
27B2
  8
CUT
 10
1804.0335967575043
 20
-2241.6914272333847
 30
0.0
 70
0
  0
VERTEX
  5
27B3
  8
CUT
 10
1803.4015441818926
 20
-2241.429622484434
 30
0.0
 70
0
  0
VERTEX
  5
27B4
  8
CUT
 10
1802.7282853862375
 20
-2241.308153233247
 30
0.0
 70
0
  0
VERTEX
  5
27B5
  8
CUT
 10
1802.0445925175254
 20
-2241.3325713859813
 30
0.0
 70
0
  0
VERTEX
  5
27B6
  8
CUT
 10
1801.381714625283
 20
-2241.501760880001
 30
0.0
 70
0
  0
VERTEX
  5
27B7
  8
CUT
 10
1800.7699493841421
 20
-2241.8079886949404
 30
0.0
 70
0
  0
VERTEX
  5
27B8
  8
CUT
 10
1800.2372583002032
 20
-2242.237258300203
 30
0.0
 70
0
  0
VERTEX
  5
27B9
  8
CUT
 10
1799.8079886949404
 20
-2242.769949384142
 30
0.0
 70
0
  0
VERTEX
  5
27BA
  8
CUT
 10
1799.5017608800008
 20
-2243.3817146252827
 30
0.0
 70
0
  0
VERTEX
  5
27BB
  8
CUT
 10
1799.332571385981
 20
-2244.0445925175254
 30
0.0
 70
0
  0
VERTEX
  5
27BC
  8
CUT
 10
1799.3081532332474
 20
-2244.7282853862375
 30
0.0
 70
0
  0
VERTEX
  5
27BD
  8
CUT
 10
1799.4296224844336
 20
-2245.4015441818924
 30
0.0
 70
0
  0
VERTEX
  5
27BE
  8
CUT
 10
1799.6914272333847
 20
-2246.0335967575043
 30
0.0
 70
0
  0
VERTEX
  5
27BF
  8
CUT
 10
1800.0816013620665
 20
-2246.595554348625
 30
0.0
 70
0
  0
VERTEX
  5
27C0
  8
CUT
 10
1800.5823114671637
 20
-2247.0617319709577
 30
0.0
 70
0
  0
VERTEX
  5
27C1
  8
CUT
 10
1801.170671958394
 20
-2247.4108223851345
 30
0.0
 70
0
  0
VERTEX
  5
27C2
  8
CUT
 10
1801.8197910734305
 20
-2247.6268699711077
 30
0.0
 70
0
  0
VERTEX
  5
27C3
  8
CUT
 10
1802.5
 20
-2247.7
 30
0.0
 70
0
  0
VERTEX
  5
27C4
  8
CUT
 10
1802.5
 20
-2260.3
 30
0.0
 70
0
  0
VERTEX
  5
27C5
  8
CUT
 10
1801.8197910734305
 20
-2260.3731300288923
 30
0.0
 70
0
  0
VERTEX
  5
27C6
  8
CUT
 10
1801.170671958394
 20
-2260.5891776148655
 30
0.0
 70
0
  0
VERTEX
  5
27C7
  8
CUT
 10
1800.5823114671637
 20
-2260.9382680290423
 30
0.0
 70
0
  0
VERTEX
  5
27C8
  8
CUT
 10
1800.0816013620665
 20
-2261.404445651375
 30
0.0
 70
0
  0
VERTEX
  5
27C9
  8
CUT
 10
1799.6914272333847
 20
-2261.9664032424957
 30
0.0
 70
0
  0
VERTEX
  5
27CA
  8
CUT
 10
1799.4296224844336
 20
-2262.5984558181076
 30
0.0
 70
0
  0
VERTEX
  5
27CB
  8
CUT
 10
1799.3081532332474
 20
-2263.2717146137625
 30
0.0
 70
0
  0
VERTEX
  5
27CC
  8
CUT
 10
1799.332571385981
 20
-2263.9554074824746
 30
0.0
 70
0
  0
VERTEX
  5
27CD
  8
CUT
 10
1799.5017608800008
 20
-2264.6182853747173
 30
0.0
 70
0
  0
VERTEX
  5
27CE
  8
CUT
 10
1799.8079886949404
 20
-2265.230050615858
 30
0.0
 70
0
  0
VERTEX
  5
27CF
  8
CUT
 10
1800.2372583002032
 20
-2265.762741699797
 30
0.0
 70
0
  0
VERTEX
  5
27D0
  8
CUT
 10
1800.7699493841421
 20
-2266.1920113050596
 30
0.0
 70
0
  0
VERTEX
  5
27D1
  8
CUT
 10
1801.381714625283
 20
-2266.498239119999
 30
0.0
 70
0
  0
VERTEX
  5
27D2
  8
CUT
 10
1802.0445925175254
 20
-2266.6674286140187
 30
0.0
 70
0
  0
VERTEX
  5
27D3
  8
CUT
 10
1802.7282853862375
 20
-2266.691846766753
 30
0.0
 70
0
  0
VERTEX
  5
27D4
  8
CUT
 10
1803.4015441818926
 20
-2266.570377515566
 30
0.0
 70
0
  0
VERTEX
  5
27D5
  8
CUT
 10
1804.0335967575043
 20
-2266.3085727666153
 30
0.0
 70
0
  0
VERTEX
  5
27D6
  8
CUT
 10
1804.5955543486248
 20
-2265.9183986379335
 30
0.0
 70
0
  0
VERTEX
  5
27D7
  8
CUT
 10
1805.061731970958
 20
-2265.417688532836
 30
0.0
 70
0
  0
VERTEX
  5
27D8
  8
CUT
 10
1805.4108223851345
 20
-2264.829328041606
 30
0.0
 70
0
  0
VERTEX
  5
27D9
  8
CUT
 10
1805.6268699711077
 20
-2264.1802089265693
 30
0.0
 70
0
  0
VERTEX
  5
27DA
  8
CUT
 10
1805.7
 20
-2263.5
 30
0.0
 70
0
  0
SEQEND
  5
277E
  8
CUT
  0
POLYLINE
  5
27DB
  8
CUT
 66
1
 10
0.0
 20
0.0
 30
0.0
 70
1
  0
VERTEX
  5
27DD
  8
CUT
 10
1710.3
 20
-2263.5
 30
0.0
 70
0
  0
VERTEX
  5
27DE
  8
CUT
 10
1710.3731300288923
 20
-2264.1802089265693
 30
0.0
 70
0
  0
VERTEX
  5
27DF
  8
CUT
 10
1710.5891776148655
 20
-2264.829328041606
 30
0.0
 70
0
  0
VERTEX
  5
27E0
  8
CUT
 10
1710.938268029042
 20
-2265.417688532836
 30
0.0
 70
0
  0
VERTEX
  5
27E1
  8
CUT
 10
1711.4044456513752
 20
-2265.9183986379335
 30
0.0
 70
0
  0
VERTEX
  5
27E2
  8
CUT
 10
1711.9664032424957
 20
-2266.3085727666153
 30
0.0
 70
0
  0
VERTEX
  5
27E3
  8
CUT
 10
1712.5984558181074
 20
-2266.570377515566
 30
0.0
 70
0
  0
VERTEX
  5
27E4
  8
CUT
 10
1713.2717146137625
 20
-2266.691846766753
 30
0.0
 70
0
  0
VERTEX
  5
27E5
  8
CUT
 10
1713.9554074824746
 20
-2266.6674286140187
 30
0.0
 70
0
  0
VERTEX
  5
27E6
  8
CUT
 10
1714.618285374717
 20
-2266.498239119999
 30
0.0
 70
0
  0
VERTEX
  5
27E7
  8
CUT
 10
1715.2300506158579
 20
-2266.1920113050596
 30
0.0
 70
0
  0
VERTEX
  5
27E8
  8
CUT
 10
1715.7627416997968
 20
-2265.762741699797
 30
0.0
 70
0
  0
VERTEX
  5
27E9
  8
CUT
 10
1716.1920113050596
 20
-2265.230050615858
 30
0.0
 70
0
  0
VERTEX
  5
27EA
  8
CUT
 10
1716.4982391199992
 20
-2264.6182853747173
 30
0.0
 70
0
  0
VERTEX
  5
27EB
  8
CUT
 10
1716.667428614019
 20
-2263.9554074824746
 30
0.0
 70
0
  0
VERTEX
  5
27EC
  8
CUT
 10
1716.6918467667526
 20
-2263.2717146137625
 30
0.0
 70
0
  0
VERTEX
  5
27ED
  8
CUT
 10
1716.5703775155664
 20
-2262.5984558181076
 30
0.0
 70
0
  0
VERTEX
  5
27EE
  8
CUT
 10
1716.3085727666153
 20
-2261.9664032424957
 30
0.0
 70
0
  0
VERTEX
  5
27EF
  8
CUT
 10
1715.9183986379335
 20
-2261.404445651375
 30
0.0
 70
0
  0
VERTEX
  5
27F0
  8
CUT
 10
1715.4176885328363
 20
-2260.9382680290423
 30
0.0
 70
0
  0
VERTEX
  5
27F1
  8
CUT
 10
1714.829328041606
 20
-2260.5891776148655
 30
0.0
 70
0
  0
VERTEX
  5
27F2
  8
CUT
 10
1714.1802089265695
 20
-2260.3731300288923
 30
0.0
 70
0
  0
VERTEX
  5
27F3
  8
CUT
 10
1713.5
 20
-2260.3
 30
0.0
 70
0
  0
VERTEX
  5
27F4
  8
CUT
 10
1713.5
 20
-2247.7
 30
0.0
 70
0
  0
VERTEX
  5
27F5
  8
CUT
 10
1714.1802089265695
 20
-2247.6268699711077
 30
0.0
 70
0
  0
VERTEX
  5
27F6
  8
CUT
 10
1714.829328041606
 20
-2247.4108223851345
 30
0.0
 70
0
  0
VERTEX
  5
27F7
  8
CUT
 10
1715.4176885328363
 20
-2247.0617319709577
 30
0.0
 70
0
  0
VERTEX
  5
27F8
  8
CUT
 10
1715.9183986379335
 20
-2246.595554348625
 30
0.0
 70
0
  0
VERTEX
  5
27F9
  8
CUT
 10
1716.3085727666153
 20
-2246.0335967575043
 30
0.0
 70
0
  0
VERTEX
  5
27FA
  8
CUT
 10
1716.5703775155664
 20
-2245.4015441818924
 30
0.0
 70
0
  0
VERTEX
  5
27FB
  8
CUT
 10
1716.6918467667526
 20
-2244.7282853862375
 30
0.0
 70
0
  0
VERTEX
  5
27FC
  8
CUT
 10
1716.667428614019
 20
-2244.0445925175254
 30
0.0
 70
0
  0
VERTEX
  5
27FD
  8
CUT
 10
1716.4982391199992
 20
-2243.3817146252827
 30
0.0
 70
0
  0
VERTEX
  5
27FE
  8
CUT
 10
1716.1920113050596
 20
-2242.769949384142
 30
0.0
 70
0
  0
VERTEX
  5
27FF
  8
CUT
 10
1715.7627416997968
 20
-2242.237258300203
 30
0.0
 70
0
  0
VERTEX
  5
2800
  8
CUT
 10
1715.2300506158579
 20
-2241.8079886949404
 30
0.0
 70
0
  0
VERTEX
  5
2801
  8
CUT
 10
1714.618285374717
 20
-2241.501760880001
 30
0.0
 70
0
  0
VERTEX
  5
2802
  8
CUT
 10
1713.9554074824746
 20
-2241.3325713859813
 30
0.0
 70
0
  0
VERTEX
  5
2803
  8
CUT
 10
1713.2717146137625
 20
-2241.308153233247
 30
0.0
 70
0
  0
VERTEX
  5
2804
  8
CUT
 10
1712.5984558181074
 20
-2241.429622484434
 30
0.0
 70
0
  0
VERTEX
  5
2805
  8
CUT
 10
1711.9664032424957
 20
-2241.6914272333847
 30
0.0
 70
0
  0
VERTEX
  5
2806
  8
CUT
 10
1711.4044456513752
 20
-2242.0816013620665
 30
0.0
 70
0
  0
VERTEX
  5
2807
  8
CUT
 10
1710.938268029042
 20
-2242.582311467164
 30
0.0
 70
0
  0
VERTEX
  5
2808
  8
CUT
 10
1710.5891776148655
 20
-2243.170671958394
 30
0.0
 70
0
  0
VERTEX
  5
2809
  8
CUT
 10
1710.3731300288923
 20
-2243.8197910734307
 30
0.0
 70
0
  0
VERTEX
  5
280A
  8
CUT
 10
1710.3
 20
-2244.5
 30
0.0
 70
0
  0
VERTEX
  5
280B
  8
CUT
 10
1675.7
 20
-2244.5
 30
0.0
 70
0
  0
VERTEX
  5
280C
  8
CUT
 10
1675.6268699711077
 20
-2243.8197910734307
 30
0.0
 70
0
  0
VERTEX
  5
280D
  8
CUT
 10
1675.4108223851345
 20
-2243.170671958394
 30
0.0
 70
0
  0
VERTEX
  5
280E
  8
CUT
 10
1675.061731970958
 20
-2242.582311467164
 30
0.0
 70
0
  0
VERTEX
  5
280F
  8
CUT
 10
1674.5955543486248
 20
-2242.0816013620665
 30
0.0
 70
0
  0
VERTEX
  5
2810
  8
CUT
 10
1674.0335967575043
 20
-2241.6914272333847
 30
0.0
 70
0
  0
VERTEX
  5
2811
  8
CUT
 10
1673.4015441818926
 20
-2241.429622484434
 30
0.0
 70
0
  0
VERTEX
  5
2812
  8
CUT
 10
1672.7282853862375
 20
-2241.308153233247
 30
0.0
 70
0
  0
VERTEX
  5
2813
  8
CUT
 10
1672.0445925175254
 20
-2241.3325713859813
 30
0.0
 70
0
  0
VERTEX
  5
2814
  8
CUT
 10
1671.381714625283
 20
-2241.501760880001
 30
0.0
 70
0
  0
VERTEX
  5
2815
  8
CUT
 10
1670.7699493841421
 20
-2241.8079886949404
 30
0.0
 70
0
  0
VERTEX
  5
2816
  8
CUT
 10
1670.2372583002032
 20
-2242.237258300203
 30
0.0
 70
0
  0
VERTEX
  5
2817
  8
CUT
 10
1669.8079886949404
 20
-2242.769949384142
 30
0.0
 70
0
  0
VERTEX
  5
2818
  8
CUT
 10
1669.5017608800008
 20
-2243.3817146252827
 30
0.0
 70
0
  0
VERTEX
  5
2819
  8
CUT
 10
1669.332571385981
 20
-2244.0445925175254
 30
0.0
 70
0
  0
VERTEX
  5
281A
  8
CUT
 10
1669.3081532332474
 20
-2244.7282853862375
 30
0.0
 70
0
  0
VERTEX
  5
281B
  8
CUT
 10
1669.4296224844336
 20
-2245.4015441818924
 30
0.0
 70
0
  0
VERTEX
  5
281C
  8
CUT
 10
1669.6914272333847
 20
-2246.0335967575043
 30
0.0
 70
0
  0
VERTEX
  5
281D
  8
CUT
 10
1670.0816013620665
 20
-2246.595554348625
 30
0.0
 70
0
  0
VERTEX
  5
281E
  8
CUT
 10
1670.5823114671637
 20
-2247.0617319709577
 30
0.0
 70
0
  0
VERTEX
  5
281F
  8
CUT
 10
1671.170671958394
 20
-2247.4108223851345
 30
0.0
 70
0
  0
VERTEX
  5
2820
  8
CUT
 10
1671.8197910734305
 20
-2247.6268699711077
 30
0.0
 70
0
  0
VERTEX
  5
2821
  8
CUT
 10
1672.5
 20
-2247.7
 30
0.0
 70
0
  0
VERTEX
  5
2822
  8
CUT
 10
1672.5
 20
-2260.3
 30
0.0
 70
0
  0
VERTEX
  5
2823
  8
CUT
 10
1671.8197910734305
 20
-2260.3731300288923
 30
0.0
 70
0
  0
VERTEX
  5
2824
  8
CUT
 10
1671.170671958394
 20
-2260.5891776148655
 30
0.0
 70
0
  0
VERTEX
  5
2825
  8
CUT
 10
1670.5823114671637
 20
-2260.9382680290423
 30
0.0
 70
0
  0
VERTEX
  5
2826
  8
CUT
 10
1670.0816013620665
 20
-2261.404445651375
 30
0.0
 70
0
  0
VERTEX
  5
2827
  8
CUT
 10
1669.6914272333847
 20
-2261.9664032424957
 30
0.0
 70
0
  0
VERTEX
  5
2828
  8
CUT
 10
1669.4296224844336
 20
-2262.5984558181076
 30
0.0
 70
0
  0
VERTEX
  5
2829
  8
CUT
 10
1669.3081532332474
 20
-2263.2717146137625
 30
0.0
 70
0
  0
VERTEX
  5
282A
  8
CUT
 10
1669.332571385981
 20
-2263.9554074824746
 30
0.0
 70
0
  0
VERTEX
  5
282B
  8
CUT
 10
1669.5017608800008
 20
-2264.6182853747173
 30
0.0
 70
0
  0
VERTEX
  5
282C
  8
CUT
 10
1669.8079886949404
 20
-2265.230050615858
 30
0.0
 70
0
  0
VERTEX
  5
282D
  8
CUT
 10
1670.2372583002032
 20
-2265.762741699797
 30
0.0
 70
0
  0
VERTEX
  5
282E
  8
CUT
 10
1670.7699493841421
 20
-2266.1920113050596
 30
0.0
 70
0
  0
VERTEX
  5
282F
  8
CUT
 10
1671.381714625283
 20
-2266.498239119999
 30
0.0
 70
0
  0
VERTEX
  5
2830
  8
CUT
 10
1672.0445925175254
 20
-2266.6674286140187
 30
0.0
 70
0
  0
VERTEX
  5
2831
  8
CUT
 10
1672.7282853862375
 20
-2266.691846766753
 30
0.0
 70
0
  0
VERTEX
  5
2832
  8
CUT
 10
1673.4015441818926
 20
-2266.570377515566
 30
0.0
 70
0
  0
VERTEX
  5
2833
  8
CUT
 10
1674.0335967575043
 20
-2266.3085727666153
 30
0.0
 70
0
  0
VERTEX
  5
2834
  8
CUT
 10
1674.5955543486248
 20
-2265.9183986379335
 30
0.0
 70
0
  0
VERTEX
  5
2835
  8
CUT
 10
1675.061731970958
 20
-2265.417688532836
 30
0.0
 70
0
  0
VERTEX
  5
2836
  8
CUT
 10
1675.4108223851345
 20
-2264.829328041606
 30
0.0
 70
0
  0
VERTEX
  5
2837
  8
CUT
 10
1675.6268699711077
 20
-2264.1802089265693
 30
0.0
 70
0
  0
VERTEX
  5
2838
  8
CUT
 10
1675.7
 20
-2263.5
 30
0.0
 70
0
  0
SEQEND
  5
27DC
  8
CUT
  0
POLYLINE
  5
2839
  8
CUT
 66
1
 10
0.0
 20
0.0
 30
0.0
 70
1
  0
VERTEX
  5
283B
  8
CUT
 10
2178.0
 20
-2643.0
 30
0.0
 70
0
  0
VERTEX
  5
283C
  8
CUT
 10
2177.4236
 20
-2637.1473
 30
0.0
 70
0
  0
VERTEX
  5
283D
  8
CUT
 10
2175.7164000000002
 20
-2631.5195
 30
0.0
 70
0
  0
VERTEX
  5
283E
  8
CUT
 10
2172.9441
 20
-2626.3329
 30
0.0
 70
0
  0
VERTEX
  5
283F
  8
CUT
 10
2169.2132
 20
-2621.7868
 30
0.0
 70
0
  0
VERTEX
  5
2840
  8
CUT
 10
2164.6671
 20
-2618.0559
 30
0.0
 70
0
  0
VERTEX
  5
2841
  8
CUT
 10
2159.4805
 20
-2615.2835999999998
 30
0.0
 70
0
  0
VERTEX
  5
2842
  8
CUT
 10
2153.8527
 20
-2613.5764
 30
0.0
 70
0
  0
VERTEX
  5
2843
  8
CUT
 10
2133.0
 20
-2613.0
 30
0.0
 70
0
  0
VERTEX
  5
2844
  8
CUT
 10
2127.1473
 20
-2613.5764
 30
0.0
 70
0
  0
VERTEX
  5
2845
  8
CUT
 10
2121.5195
 20
-2615.2835999999998
 30
0.0
 70
0
  0
VERTEX
  5
2846
  8
CUT
 10
2116.3329
 20
-2618.0559
 30
0.0
 70
0
  0
VERTEX
  5
2847
  8
CUT
 10
2111.7868
 20
-2621.7868
 30
0.0
 70
0
  0
VERTEX
  5
2848
  8
CUT
 10
2108.0559000000003
 20
-2626.3329
 30
0.0
 70
0
  0
VERTEX
  5
2849
  8
CUT
 10
2105.2835999999998
 20
-2631.5195
 30
0.0
 70
0
  0
VERTEX
  5
284A
  8
CUT
 10
2103.5764
 20
-2637.1473
 30
0.0
 70
0
  0
VERTEX
  5
284B
  8
CUT
 10
2103.0
 20
-2813.0
 30
0.0
 70
0
  0
VERTEX
  5
284C
  8
CUT
 10
2103.5764
 20
-2818.8527
 30
0.0
 70
0
  0
VERTEX
  5
284D
  8
CUT
 10
2105.2835999999998
 20
-2824.4805
 30
0.0
 70
0
  0
VERTEX
  5
284E
  8
CUT
 10
2108.0559000000003
 20
-2829.6671
 30
0.0
 70
0
  0
VERTEX
  5
284F
  8
CUT
 10
2111.7868
 20
-2834.2132
 30
0.0
 70
0
  0
VERTEX
  5
2850
  8
CUT
 10
2116.3329
 20
-2837.9441
 30
0.0
 70
0
  0
VERTEX
  5
2851
  8
CUT
 10
2121.5195
 20
-2840.7164
 30
0.0
 70
0
  0
VERTEX
  5
2852
  8
CUT
 10
2127.1473
 20
-2842.4236
 30
0.0
 70
0
  0
VERTEX
  5
2853
  8
CUT
 10
2148.0
 20
-2843.0
 30
0.0
 70
0
  0
VERTEX
  5
2854
  8
CUT
 10
2153.8527
 20
-2842.4236
 30
0.0
 70
0
  0
VERTEX
  5
2855
  8
CUT
 10
2159.4805
 20
-2840.7164
 30
0.0
 70
0
  0
VERTEX
  5
2856
  8
CUT
 10
2164.6671
 20
-2837.9441
 30
0.0
 70
0
  0
VERTEX
  5
2857
  8
CUT
 10
2169.2132
 20
-2834.2132
 30
0.0
 70
0
  0
VERTEX
  5
2858
  8
CUT
 10
2172.9441
 20
-2829.6671
 30
0.0
 70
0
  0
VERTEX
  5
2859
  8
CUT
 10
2175.7164000000002
 20
-2824.4805
 30
0.0
 70
0
  0
VERTEX
  5
285A
  8
CUT
 10
2177.4236
 20
-2818.8527
 30
0.0
 70
0
  0
SEQEND
  5
283A
  8
CUT
  0
POLYLINE
  5
285B
  8
CUT
 66
1
 10
0.0
 20
0.0
 30
0.0
 70
1
  0
VERTEX
  5
285D
  8
CUT
 10
2178.0
 20
-2383.0
 30
0.0
 70
0
  0
VERTEX
  5
285E
  8
CUT
 10
2177.4236
 20
-2377.1473
 30
0.0
 70
0
  0
VERTEX
  5
285F
  8
CUT
 10
2175.7164000000002
 20
-2371.5195
 30
0.0
 70
0
  0
VERTEX
  5
2860
  8
CUT
 10
2172.9441
 20
-2366.3329
 30
0.0
 70
0
  0
VERTEX
  5
2861
  8
CUT
 10
2169.2132
 20
-2361.7868
 30
0.0
 70
0
  0
VERTEX
  5
2862
  8
CUT
 10
2164.6671
 20
-2358.0559
 30
0.0
 70
0
  0
VERTEX
  5
2863
  8
CUT
 10
2159.4805
 20
-2355.2835999999998
 30
0.0
 70
0
  0
VERTEX
  5
2864
  8
CUT
 10
2153.8527
 20
-2353.5764
 30
0.0
 70
0
  0
VERTEX
  5
2865
  8
CUT
 10
2113.0
 20
-2353.0
 30
0.0
 70
0
  0
VERTEX
  5
2866
  8
CUT
 10
2107.1473
 20
-2353.5764
 30
0.0
 70
0
  0
VERTEX
  5
2867
  8
CUT
 10
2101.5195
 20
-2355.2835999999998
 30
0.0
 70
0
  0
VERTEX
  5
2868
  8
CUT
 10
2096.3329
 20
-2358.0559
 30
0.0
 70
0
  0
VERTEX
  5
2869
  8
CUT
 10
2091.7868
 20
-2361.7868
 30
0.0
 70
0
  0
VERTEX
  5
286A
  8
CUT
 10
2088.0559000000003
 20
-2366.3329
 30
0.0
 70
0
  0
VERTEX
  5
286B
  8
CUT
 10
2085.2835999999998
 20
-2371.5195
 30
0.0
 70
0
  0
VERTEX
  5
286C
  8
CUT
 10
2083.5764
 20
-2377.1473
 30
0.0
 70
0
  0
VERTEX
  5
286D
  8
CUT
 10
2083.0
 20
-2503.0
 30
0.0
 70
0
  0
VERTEX
  5
286E
  8
CUT
 10
2083.5764
 20
-2508.8527
 30
0.0
 70
0
  0
VERTEX
  5
286F
  8
CUT
 10
2085.2835999999998
 20
-2514.4805
 30
0.0
 70
0
  0
VERTEX
  5
2870
  8
CUT
 10
2088.0559000000003
 20
-2519.6671
 30
0.0
 70
0
  0
VERTEX
  5
2871
  8
CUT
 10
2091.7868
 20
-2524.2132
 30
0.0
 70
0
  0
VERTEX
  5
2872
  8
CUT
 10
2096.3329
 20
-2527.9441
 30
0.0
 70
0
  0
VERTEX
  5
2873
  8
CUT
 10
2101.5195
 20
-2530.7164000000002
 30
0.0
 70
0
  0
VERTEX
  5
2874
  8
CUT
 10
2107.1473
 20
-2532.4236
 30
0.0
 70
0
  0
VERTEX
  5
2875
  8
CUT
 10
2148.0
 20
-2533.0
 30
0.0
 70
0
  0
VERTEX
  5
2876
  8
CUT
 10
2153.8527
 20
-2532.4236
 30
0.0
 70
0
  0
VERTEX
  5
2877
  8
CUT
 10
2159.4805
 20
-2530.7164000000002
 30
0.0
 70
0
  0
VERTEX
  5
2878
  8
CUT
 10
2164.6671
 20
-2527.9441
 30
0.0
 70
0
  0
VERTEX
  5
2879
  8
CUT
 10
2169.2132
 20
-2524.2132
 30
0.0
 70
0
  0
VERTEX
  5
287A
  8
CUT
 10
2172.9441
 20
-2519.6671
 30
0.0
 70
0
  0
VERTEX
  5
287B
  8
CUT
 10
2175.7164000000002
 20
-2514.4805
 30
0.0
 70
0
  0
VERTEX
  5
287C
  8
CUT
 10
2177.4236
 20
-2508.8527
 30
0.0
 70
0
  0
SEQEND
  5
285C
  8
CUT
  0
POLYLINE
  5
287D
  8
CUT
 66
1
 10
0.0
 20
0.0
 30
0.0
 70
1
  0
VERTEX
  5
287F
  8
CUT
 10
1873.0
 20
-2143.0
 30
0.0
 70
0
  0
VERTEX
  5
2880
  8
CUT
 10
1872.4236
 20
-2137.1473
 30
0.0
 70
0
  0
VERTEX
  5
2881
  8
CUT
 10
1870.7164
 20
-2131.5195
 30
0.0
 70
0
  0
VERTEX
  5
2882
  8
CUT
 10
1867.9441000000002
 20
-2126.3329
 30
0.0
 70
0
  0
VERTEX
  5
2883
  8
CUT
 10
1864.2132000000001
 20
-2121.7868
 30
0.0
 70
0
  0
VERTEX
  5
2884
  8
CUT
 10
1859.6671000000001
 20
-2118.0559
 30
0.0
 70
0
  0
VERTEX
  5
2885
  8
CUT
 10
1854.4805000000001
 20
-2115.2835999999998
 30
0.0
 70
0
  0
VERTEX
  5
2886
  8
CUT
 10
1848.8527000000001
 20
-2113.5764
 30
0.0
 70
0
  0
VERTEX
  5
2887
  8
CUT
 10
1643.0
 20
-2113.0
 30
0.0
 70
0
  0
VERTEX
  5
2888
  8
CUT
 10
1637.1473
 20
-2113.5764
 30
0.0
 70
0
  0
VERTEX
  5
2889
  8
CUT
 10
1631.5194999999999
 20
-2115.2835999999998
 30
0.0
 70
0
  0
VERTEX
  5
288A
  8
CUT
 10
1626.3328999999999
 20
-2118.0559
 30
0.0
 70
0
  0
VERTEX
  5
288B
  8
CUT
 10
1621.7867999999999
 20
-2121.7868
 30
0.0
 70
0
  0
VERTEX
  5
288C
  8
CUT
 10
1618.0558999999998
 20
-2126.3329
 30
0.0
 70
0
  0
VERTEX
  5
288D
  8
CUT
 10
1615.2836
 20
-2131.5195
 30
0.0
 70
0
  0
VERTEX
  5
288E
  8
CUT
 10
1613.5764
 20
-2137.1473
 30
0.0
 70
0
  0
VERTEX
  5
288F
  8
CUT
 10
1613.0
 20
-2173.0
 30
0.0
 70
0
  0
VERTEX
  5
2890
  8
CUT
 10
1613.5764
 20
-2178.8527
 30
0.0
 70
0
  0
VERTEX
  5
2891
  8
CUT
 10
1615.2836
 20
-2184.4805
 30
0.0
 70
0
  0
VERTEX
  5
2892
  8
CUT
 10
1618.0558999999998
 20
-2189.6671
 30
0.0
 70
0
  0
VERTEX
  5
2893
  8
CUT
 10
1621.7867999999999
 20
-2194.2132
 30
0.0
 70
0
  0
VERTEX
  5
2894
  8
CUT
 10
1626.3328999999999
 20
-2197.9441
 30
0.0
 70
0
  0
VERTEX
  5
2895
  8
CUT
 10
1631.5194999999999
 20
-2200.7164000000002
 30
0.0
 70
0
  0
VERTEX
  5
2896
  8
CUT
 10
1637.1473
 20
-2202.4236
 30
0.0
 70
0
  0
VERTEX
  5
2897
  8
CUT
 10
1843.0
 20
-2203.0
 30
0.0
 70
0
  0
VERTEX
  5
2898
  8
CUT
 10
1848.8527000000001
 20
-2202.4236
 30
0.0
 70
0
  0
VERTEX
  5
2899
  8
CUT
 10
1854.4805000000001
 20
-2200.7164000000002
 30
0.0
 70
0
  0
VERTEX
  5
289A
  8
CUT
 10
1859.6671000000001
 20
-2197.9441
 30
0.0
 70
0
  0
VERTEX
  5
289B
  8
CUT
 10
1864.2132000000001
 20
-2194.2132
 30
0.0
 70
0
  0
VERTEX
  5
289C
  8
CUT
 10
1867.9441000000002
 20
-2189.6671
 30
0.0
 70
0
  0
VERTEX
  5
289D
  8
CUT
 10
1870.7164
 20
-2184.4805
 30
0.0
 70
0
  0
VERTEX
  5
289E
  8
CUT
 10
1872.4236
 20
-2178.8527
 30
0.0
 70
0
  0
SEQEND
  5
287E
  8
CUT
  0
POLYLINE
  5
289F
  8
CUT
 66
1
 10
0.0
 20
0.0
 30
0.0
 70
1
  0
VERTEX
  5
28A1
  8
CUT
 10
67.00000000000006
 20
-1904.5
 30
0.0
 70
0
  0
VERTEX
  5
28A2
  8
CUT
 10
27.000000000000057
 20
-1904.5
 30
0.0
 70
0
  0
VERTEX
  5
28A3
  8
CUT
 10
27.000000000000057
 20
-1919.8
 30
0.0
 70
0
  0
VERTEX
  5
28A4
  8
CUT
 10
27.680208926569588
 20
-1919.8731300288923
 30
0.0
 70
0
  0
VERTEX
  5
28A5
  8
CUT
 10
28.329328041606104
 20
-1920.0891776148655
 30
0.0
 70
0
  0
VERTEX
  5
28A6
  8
CUT
 10
28.917688532836383
 20
-1920.438268029042
 30
0.0
 70
0
  0
VERTEX
  5
28A7
  8
CUT
 10
29.418398637933706
 20
-1920.904445651375
 30
0.0
 70
0
  0
VERTEX
  5
28A8
  8
CUT
 10
29.808572766615303
 20
-1921.4664032424957
 30
0.0
 70
0
  0
VERTEX
  5
28A9
  8
CUT
 10
30.070377515566484
 20
-1922.0984558181074
 30
0.0
 70
0
  0
VERTEX
  5
28AA
  8
CUT
 10
30.19184676675291
 20
-1922.7717146137625
 30
0.0
 70
0
  0
VERTEX
  5
28AB
  8
CUT
 10
30.16742861401909
 20
-1923.4554074824746
 30
0.0
 70
0
  0
VERTEX
  5
28AC
  8
CUT
 10
29.998239119999347
 20
-1924.118285374717
 30
0.0
 70
0
  0
VERTEX
  5
28AD
  8
CUT
 10
29.692011305059896
 20
-1924.7300506158579
 30
0.0
 70
0
  0
VERTEX
  5
28AE
  8
CUT
 10
29.26274169979707
 20
-1925.2627416997968
 30
0.0
 70
0
  0
VERTEX
  5
28AF
  8
CUT
 10
28.73005061585803
 20
-1925.6920113050599
 30
0.0
 70
0
  0
VERTEX
  5
28B0
  8
CUT
 10
28.11828537471723
 20
-1925.9982391199992
 30
0.0
 70
0
  0
VERTEX
  5
28B1
  8
CUT
 10
27.455407482474627
 20
-1926.167428614019
 30
0.0
 70
0
  0
VERTEX
  5
28B2
  8
CUT
 10
26.77171461376257
 20
-1926.1918467667529
 30
0.0
 70
0
  0
VERTEX
  5
28B3
  8
CUT
 10
26.098455818107535
 20
-1926.0703775155664
 30
0.0
 70
0
  0
VERTEX
  5
28B4
  8
CUT
 10
25.46640324249592
 20
-1925.8085727666153
 30
0.0
 70
0
  0
VERTEX
  5
28B5
  8
CUT
 10
24.904445651375184
 20
-1925.4183986379337
 30
0.0
 70
0
  0
VERTEX
  5
28B6
  8
CUT
 10
24.438268029042135
 20
-1924.9176885328363
 30
0.0
 70
0
  0
VERTEX
  5
28B7
  8
CUT
 10
24.089177614865626
 20
-1924.329328041606
 30
0.0
 70
0
  0
VERTEX
  5
28B8
  8
CUT
 10
23.873130028892366
 20
-1923.6802089265695
 30
0.0
 70
0
  0
VERTEX
  5
28B9
  8
CUT
 10
23.800000000000068
 20
-1923.0
 30
0.0
 70
0
  0
VERTEX
  5
28BA
  8
CUT
 10
17.000000000000057
 20
-1923.0
 30
0.0
 70
0
  0
VERTEX
  5
28BB
  8
CUT
 10
17.0
 20
-2348.5
 30
0.0
 70
0
  0
VERTEX
  5
28BC
  8
CUT
 10
93.80000000000001
 20
-2348.5
 30
0.0
 70
0
  0
VERTEX
  5
28BD
  8
CUT
 10
93.8731300288923
 20
-2347.8197910734307
 30
0.0
 70
0
  0
VERTEX
  5
28BE
  8
CUT
 10
94.08917761486555
 20
-2347.170671958394
 30
0.0
 70
0
  0
VERTEX
  5
28BF
  8
CUT
 10
94.43826802904204
 20
-2346.582311467164
 30
0.0
 70
0
  0
VERTEX
  5
28C0
  8
CUT
 10
94.90444565137507
 20
-2346.0816013620665
 30
0.0
 70
0
  0
VERTEX
  5
28C1
  8
CUT
 10
95.46640324249577
 20
-2345.6914272333847
 30
0.0
 70
0
  0
VERTEX
  5
28C2
  8
CUT
 10
96.09845581810737
 20
-2345.429622484434
 30
0.0
 70
0
  0
VERTEX
  5
28C3
  8
CUT
 10
96.77171461376238
 20
-2345.308153233247
 30
0.0
 70
0
  0
VERTEX
  5
28C4
  8
CUT
 10
97.45540748247441
 20
-2345.3325713859813
 30
0.0
 70
0
  0
VERTEX
  5
28C5
  8
CUT
 10
98.11828537471699
 20
-2345.501760880001
 30
0.0
 70
0
  0
VERTEX
  5
28C6
  8
CUT
 10
98.73005061585778
 20
-2345.8079886949404
 30
0.0
 70
0
  0
VERTEX
  5
28C7
  8
CUT
 10
99.2627416997968
 20
-2346.237258300203
 30
0.0
 70
0
  0
VERTEX
  5
28C8
  8
CUT
 10
99.69201130505961
 20
-2346.7699493841424
 30
0.0
 70
0
  0
VERTEX
  5
28C9
  8
CUT
 10
99.99823911999906
 20
-2347.3817146252827
 30
0.0
 70
0
  0
VERTEX
  5
28CA
  8
CUT
 10
100.1674286140188
 20
-2348.0445925175254
 30
0.0
 70
0
  0
VERTEX
  5
28CB
  8
CUT
 10
100.19184676675263
 20
-2348.7282853862375
 30
0.0
 70
0
  0
VERTEX
  5
28CC
  8
CUT
 10
100.07037751556621
 20
-2349.4015441818924
 30
0.0
 70
0
  0
VERTEX
  5
28CD
  8
CUT
 10
99.80857276661504
 20
-2350.0335967575043
 30
0.0
 70
0
  0
VERTEX
  5
28CE
  8
CUT
 10
99.41839863793346
 20
-2350.595554348625
 30
0.0
 70
0
  0
VERTEX
  5
28CF
  8
CUT
 10
98.91768853283617
 20
-2351.0617319709577
 30
0.0
 70
0
  0
VERTEX
  5
28D0
  8
CUT
 10
98.32932804160592
 20
-2351.4108223851345
 30
0.0
 70
0
  0
VERTEX
  5
28D1
  8
CUT
 10
97.68020892656942
 20
-2351.6268699711077
 30
0.0
 70
0
  0
VERTEX
  5
28D2
  8
CUT
 10
97.0
 20
-2351.7
 30
0.0
 70
0
  0
VERTEX
  5
28D3
  8
CUT
 10
97.0
 20
-2367.0
 30
0.0
 70
0
  0
VERTEX
  5
28D4
  8
CUT
 10
137.0
 20
-2367.0
 30
0.0
 70
0
  0
VERTEX
  5
28D5
  8
CUT
 10
137.0
 20
-2351.7
 30
0.0
 70
0
  0
VERTEX
  5
28D6
  8
CUT
 10
136.3197910734305
 20
-2351.6268699711077
 30
0.0
 70
0
  0
VERTEX
  5
28D7
  8
CUT
 10
135.67067195839402
 20
-2351.4108223851345
 30
0.0
 70
0
  0
VERTEX
  5
28D8
  8
CUT
 10
135.08231146716378
 20
-2351.0617319709577
 30
0.0
 70
0
  0
VERTEX
  5
28D9
  8
CUT
 10
134.58160136206646
 20
-2350.595554348625
 30
0.0
 70
0
  0
VERTEX
  5
28DA
  8
CUT
 10
134.1914272333849
 20
-2350.0335967575043
 30
0.0
 70
0
  0
VERTEX
  5
28DB
  8
CUT
 10
133.92962248443376
 20
-2349.4015441818924
 30
0.0
 70
0
  0
VERTEX
  5
28DC
  8
CUT
 10
133.80815323324737
 20
-2348.7282853862375
 30
0.0
 70
0
  0
VERTEX
  5
28DD
  8
CUT
 10
133.8325713859812
 20
-2348.0445925175254
 30
0.0
 70
0
  0
VERTEX
  5
28DE
  8
CUT
 10
134.00176088000097
 20
-2347.3817146252827
 30
0.0
 70
0
  0
VERTEX
  5
28DF
  8
CUT
 10
134.30798869494043
 20
-2346.769949384142
 30
0.0
 70
0
  0
VERTEX
  5
28E0
  8
CUT
 10
134.73725830020325
 20
-2346.237258300203
 30
0.0
 70
0
  0
VERTEX
  5
28E1
  8
CUT
 10
135.2699493841423
 20
-2345.8079886949404
 30
0.0
 70
0
  0
VERTEX
  5
28E2
  8
CUT
 10
135.88171462528308
 20
-2345.501760880001
 30
0.0
 70
0
  0
VERTEX
  5
28E3
  8
CUT
 10
136.54459251752567
 20
-2345.3325713859813
 30
0.0
 70
0
  0
VERTEX
  5
28E4
  8
CUT
 10
137.2282853862377
 20
-2345.308153233247
 30
0.0
 70
0
  0
VERTEX
  5
28E5
  8
CUT
 10
137.90154418189272
 20
-2345.429622484434
 30
0.0
 70
0
  0
VERTEX
  5
28E6
  8
CUT
 10
138.53359675750428
 20
-2345.6914272333847
 30
0.0
 70
0
  0
VERTEX
  5
28E7
  8
CUT
 10
139.095554348625
 20
-2346.0816013620665
 30
0.0
 70
0
  0
VERTEX
  5
28E8
  8
CUT
 10
139.56173197095802
 20
-2346.582311467164
 30
0.0
 70
0
  0
VERTEX
  5
28E9
  8
CUT
 10
139.91082238513448
 20
-2347.170671958394
 30
0.0
 70
0
  0
VERTEX
  5
28EA
  8
CUT
 10
140.1268699711077
 20
-2347.8197910734307
 30
0.0
 70
0
  0
VERTEX
  5
28EB
  8
CUT
 10
140.2
 20
-2348.5
 30
0.0
 70
0
  0
VERTEX
  5
28EC
  8
CUT
 10
223.79999999999995
 20
-2348.5
 30
0.0
 70
0
  0
VERTEX
  5
28ED
  8
CUT
 10
223.87313002889223
 20
-2347.8197910734307
 30
0.0
 70
0
  0
VERTEX
  5
28EE
  8
CUT
 10
224.0891776148655
 20
-2347.170671958394
 30
0.0
 70
0
  0
VERTEX
  5
28EF
  8
CUT
 10
224.43826802904198
 20
-2346.582311467164
 30
0.0
 70
0
  0
VERTEX
  5
28F0
  8
CUT
 10
224.90444565137503
 20
-2346.0816013620665
 30
0.0
 70
0
  0
VERTEX
  5
28F1
  8
CUT
 10
225.46640324249574
 20
-2345.6914272333847
 30
0.0
 70
0
  0
VERTEX
  5
28F2
  8
CUT
 10
226.09845581810734
 20
-2345.429622484434
 30
0.0
 70
0
  0
VERTEX
  5
28F3
  8
CUT
 10
226.77171461376236
 20
-2345.308153233247
 30
0.0
 70
0
  0
VERTEX
  5
28F4
  8
CUT
 10
227.45540748247439
 20
-2345.3325713859813
 30
0.0
 70
0
  0
VERTEX
  5
28F5
  8
CUT
 10
228.11828537471698
 20
-2345.501760880001
 30
0.0
 70
0
  0
VERTEX
  5
28F6
  8
CUT
 10
228.73005061585775
 20
-2345.8079886949404
 30
0.0
 70
0
  0
VERTEX
  5
28F7
  8
CUT
 10
229.26274169979678
 20
-2346.237258300203
 30
0.0
 70
0
  0
VERTEX
  5
28F8
  8
CUT
 10
229.6920113050596
 20
-2346.769949384142
 30
0.0
 70
0
  0
VERTEX
  5
28F9
  8
CUT
 10
229.99823911999906
 20
-2347.3817146252827
 30
0.0
 70
0
  0
VERTEX
  5
28FA
  8
CUT
 10
230.1674286140188
 20
-2348.0445925175254
 30
0.0
 70
0
  0
VERTEX
  5
28FB
  8
CUT
 10
230.19184676675263
 20
-2348.7282853862375
 30
0.0
 70
0
  0
VERTEX
  5
28FC
  8
CUT
 10
230.0703775155662
 20
-2349.4015441818924
 30
0.0
 70
0
  0
VERTEX
  5
28FD
  8
CUT
 10
229.80857276661504
 20
-2350.0335967575043
 30
0.0
 70
0
  0
VERTEX
  5
28FE
  8
CUT
 10
229.41839863793345
 20
-2350.595554348625
 30
0.0
 70
0
  0
VERTEX
  5
28FF
  8
CUT
 10
228.91768853283617
 20
-2351.0617319709577
 30
0.0
 70
0
  0
VERTEX
  5
2900
  8
CUT
 10
228.3293280416059
 20
-2351.4108223851345
 30
0.0
 70
0
  0
VERTEX
  5
2901
  8
CUT
 10
227.6802089265694
 20
-2351.6268699711077
 30
0.0
 70
0
  0
VERTEX
  5
2902
  8
CUT
 10
227.0
 20
-2351.7
 30
0.0
 70
0
  0
VERTEX
  5
2903
  8
CUT
 10
227.0
 20
-2367.0
 30
0.0
 70
0
  0
VERTEX
  5
2904
  8
CUT
 10
267.0
 20
-2367.0
 30
0.0
 70
0
  0
VERTEX
  5
2905
  8
CUT
 10
267.0
 20
-2351.7
 30
0.0
 70
0
  0
VERTEX
  5
2906
  8
CUT
 10
266.3197910734305
 20
-2351.6268699711077
 30
0.0
 70
0
  0
VERTEX
  5
2907
  8
CUT
 10
265.670671958394
 20
-2351.4108223851345
 30
0.0
 70
0
  0
VERTEX
  5
2908
  8
CUT
 10
265.0823114671638
 20
-2351.0617319709577
 30
0.0
 70
0
  0
VERTEX
  5
2909
  8
CUT
 10
264.58160136206646
 20
-2350.595554348625
 30
0.0
 70
0
  0
VERTEX
  5
290A
  8
CUT
 10
264.1914272333849
 20
-2350.0335967575043
 30
0.0
 70
0
  0
VERTEX
  5
290B
  8
CUT
 10
263.92962248443376
 20
-2349.4015441818924
 30
0.0
 70
0
  0
VERTEX
  5
290C
  8
CUT
 10
263.80815323324737
 20
-2348.7282853862375
 30
0.0
 70
0
  0
VERTEX
  5
290D
  8
CUT
 10
263.8325713859812
 20
-2348.0445925175254
 30
0.0
 70
0
  0
VERTEX
  5
290E
  8
CUT
 10
264.001760880001
 20
-2347.3817146252827
 30
0.0
 70
0
  0
VERTEX
  5
290F
  8
CUT
 10
264.30798869494043
 20
-2346.769949384142
 30
0.0
 70
0
  0
VERTEX
  5
2910
  8
CUT
 10
264.7372583002033
 20
-2346.237258300203
 30
0.0
 70
0
  0
VERTEX
  5
2911
  8
CUT
 10
265.2699493841423
 20
-2345.8079886949404
 30
0.0
 70
0
  0
VERTEX
  5
2912
  8
CUT
 10
265.8817146252831
 20
-2345.501760880001
 30
0.0
 70
0
  0
VERTEX
  5
2913
  8
CUT
 10
266.5445925175257
 20
-2345.3325713859813
 30
0.0
 70
0
  0
VERTEX
  5
2914
  8
CUT
 10
267.22828538623776
 20
-2345.308153233247
 30
0.0
 70
0
  0
VERTEX
  5
2915
  8
CUT
 10
267.9015441818928
 20
-2345.429622484434
 30
0.0
 70
0
  0
VERTEX
  5
2916
  8
CUT
 10
268.53359675750437
 20
-2345.6914272333847
 30
0.0
 70
0
  0
VERTEX
  5
2917
  8
CUT
 10
269.09555434862506
 20
-2346.0816013620665
 30
0.0
 70
0
  0
VERTEX
  5
2918
  8
CUT
 10
269.5617319709581
 20
-2346.582311467164
 30
0.0
 70
0
  0
VERTEX
  5
2919
  8
CUT
 10
269.91082238513457
 20
-2347.170671958394
 30
0.0
 70
0
  0
VERTEX
  5
291A
  8
CUT
 10
270.1268699711078
 20
-2347.8197910734307
 30
0.0
 70
0
  0
VERTEX
  5
291B
  8
CUT
 10
270.20000000000005
 20
-2348.5
 30
0.0
 70
0
  0
VERTEX
  5
291C
  8
CUT
 10
274.25
 20
-2348.5
 30
0.0
 70
0
  0
VERTEX
  5
291D
  8
CUT
 10
302.0194
 20
-2346.6799
 30
0.0
 70
0
  0
VERTEX
  5
291E
  8
CUT
 10
329.3138
 20
-2341.2507
 30
0.0
 70
0
  0
VERTEX
  5
291F
  8
CUT
 10
355.66589999999997
 20
-2332.3054
 30
0.0
 70
0
  0
VERTEX
  5
2920
  8
CUT
 10
380.625
 20
-2319.9969
 30
0.0
 70
0
  0
VERTEX
  5
2921
  8
CUT
 10
403.764
 20
-2304.5359
 30
0.0
 70
0
  0
VERTEX
  5
2922
  8
CUT
 10
424.687
 20
-2286.187
 30
0.0
 70
0
  0
VERTEX
  5
2923
  8
CUT
 10
443.03589999999997
 20
-2265.264
 30
0.0
 70
0
  0
VERTEX
  5
2924
  8
CUT
 10
458.4969
 20
-2242.125
 30
0.0
 70
0
  0
VERTEX
  5
2925
  8
CUT
 10
470.80539999999996
 20
-2217.1659
 30
0.0
 70
0
  0
VERTEX
  5
2926
  8
CUT
 10
479.75070000000005
 20
-2190.8138
 30
0.0
 70
0
  0
VERTEX
  5
2927
  8
CUT
 10
485.1799
 20
-2163.5194
 30
0.0
 70
0
  0
VERTEX
  5
2928
  8
CUT
 10
487.0
 20
-2135.75
 30
0.0
 70
0
  0
VERTEX
  5
2929
  8
CUT
 10
485.1799
 20
-2107.9806
 30
0.0
 70
0
  0
VERTEX
  5
292A
  8
CUT
 10
479.75070000000005
 20
-2080.6862
 30
0.0
 70
0
  0
VERTEX
  5
292B
  8
CUT
 10
470.80539999999996
 20
-2054.3341
 30
0.0
 70
0
  0
VERTEX
  5
292C
  8
CUT
 10
458.4969
 20
-2029.375
 30
0.0
 70
0
  0
VERTEX
  5
292D
  8
CUT
 10
443.0359000000001
 20
-2006.2359999999999
 30
0.0
 70
0
  0
VERTEX
  5
292E
  8
CUT
 10
424.6870000000001
 20
-1985.313
 30
0.0
 70
0
  0
VERTEX
  5
292F
  8
CUT
 10
403.7640000000001
 20
-1966.9641
 30
0.0
 70
0
  0
VERTEX
  5
2930
  8
CUT
 10
380.6250000000001
 20
-1951.5031
 30
0.0
 70
0
  0
VERTEX
  5
2931
  8
CUT
 10
355.6659000000001
 20
-1939.1946
 30
0.0
 70
0
  0
VERTEX
  5
2932
  8
CUT
 10
329.3138000000001
 20
-1930.2493
 30
0.0
 70
0
  0
VERTEX
  5
2933
  8
CUT
 10
302.01940000000013
 20
-1924.8201
 30
0.0
 70
0
  0
VERTEX
  5
2934
  8
CUT
 10
274.2500000000001
 20
-1923.0
 30
0.0
 70
0
  0
VERTEX
  5
2935
  8
CUT
 10
210.20000000000016
 20
-1923.0
 30
0.0
 70
0
  0
VERTEX
  5
2936
  8
CUT
 10
210.12686997110788
 20
-1923.6802089265695
 30
0.0
 70
0
  0
VERTEX
  5
2937
  8
CUT
 10
209.91082238513462
 20
-1924.329328041606
 30
0.0
 70
0
  0
VERTEX
  5
2938
  8
CUT
 10
209.5617319709581
 20
-1924.9176885328363
 30
0.0
 70
0
  0
VERTEX
  5
2939
  8
CUT
 10
209.09555434862506
 20
-1925.4183986379337
 30
0.0
 70
0
  0
VERTEX
  5
293A
  8
CUT
 10
208.5335967575043
 20
-1925.8085727666153
 30
0.0
 70
0
  0
VERTEX
  5
293B
  8
CUT
 10
207.9015441818927
 20
-1926.0703775155664
 30
0.0
 70
0
  0
VERTEX
  5
293C
  8
CUT
 10
207.22828538623767
 20
-1926.1918467667529
 30
0.0
 70
0
  0
VERTEX
  5
293D
  8
CUT
 10
206.5445925175256
 20
-1926.167428614019
 30
0.0
 70
0
  0
VERTEX
  5
293E
  8
CUT
 10
205.881714625283
 20
-1925.9982391199992
 30
0.0
 70
0
  0
VERTEX
  5
293F
  8
CUT
 10
205.26994938414217
 20
-1925.6920113050599
 30
0.0
 70
0
  0
VERTEX
  5
2940
  8
CUT
 10
204.73725830020314
 20
-1925.262741699797
 30
0.0
 70
0
  0
VERTEX
  5
2941
  8
CUT
 10
204.3079886949403
 20
-1924.7300506158579
 30
0.0
 70
0
  0
VERTEX
  5
2942
  8
CUT
 10
204.00176088000083
 20
-1924.118285374717
 30
0.0
 70
0
  0
VERTEX
  5
2943
  8
CUT
 10
203.83257138598108
 20
-1923.4554074824746
 30
0.0
 70
0
  0
VERTEX
  5
2944
  8
CUT
 10
203.80815323324725
 20
-1922.7717146137625
 30
0.0
 70
0
  0
VERTEX
  5
2945
  8
CUT
 10
203.92962248443368
 20
-1922.0984558181074
 30
0.0
 70
0
  0
VERTEX
  5
2946
  8
CUT
 10
204.19142723338484
 20
-1921.4664032424957
 30
0.0
 70
0
  0
VERTEX
  5
2947
  8
CUT
 10
204.58160136206646
 20
-1920.904445651375
 30
0.0
 70
0
  0
VERTEX
  5
2948
  8
CUT
 10
205.08231146716378
 20
-1920.438268029042
 30
0.0
 70
0
  0
VERTEX
  5
2949
  8
CUT
 10
205.67067195839405
 20
-1920.0891776148655
 30
0.0
 70
0
  0
VERTEX
  5
294A
  8
CUT
 10
206.3197910734306
 20
-1919.8731300288923
 30
0.0
 70
0
  0
VERTEX
  5
294B
  8
CUT
 10
207.0000000000001
 20
-1919.8
 30
0.0
 70
0
  0
VERTEX
  5
294C
  8
CUT
 10
207.0000000000001
 20
-1904.5
 30
0.0
 70
0
  0
VERTEX
  5
294D
  8
CUT
 10
167.00000000000006
 20
-1904.5
 30
0.0
 70
0
  0
VERTEX
  5
294E
  8
CUT
 10
167.00000000000006
 20
-1919.8
 30
0.0
 70
0
  0
VERTEX
  5
294F
  8
CUT
 10
167.68020892656958
 20
-1919.8731300288923
 30
0.0
 70
0
  0
VERTEX
  5
2950
  8
CUT
 10
168.3293280416061
 20
-1920.0891776148655
 30
0.0
 70
0
  0
VERTEX
  5
2951
  8
CUT
 10
168.9176885328364
 20
-1920.438268029042
 30
0.0
 70
0
  0
VERTEX
  5
2952
  8
CUT
 10
169.4183986379337
 20
-1920.904445651375
 30
0.0
 70
0
  0
VERTEX
  5
2953
  8
CUT
 10
169.8085727666153
 20
-1921.4664032424957
 30
0.0
 70
0
  0
VERTEX
  5
2954
  8
CUT
 10
170.0703775155665
 20
-1922.0984558181074
 30
0.0
 70
0
  0
VERTEX
  5
2955
  8
CUT
 10
170.19184676675292
 20
-1922.7717146137625
 30
0.0
 70
0
  0
VERTEX
  5
2956
  8
CUT
 10
170.1674286140191
 20
-1923.4554074824746
 30
0.0
 70
0
  0
VERTEX
  5
2957
  8
CUT
 10
169.99823911999934
 20
-1924.118285374717
 30
0.0
 70
0
  0
VERTEX
  5
2958
  8
CUT
 10
169.6920113050599
 20
-1924.7300506158579
 30
0.0
 70
0
  0
VERTEX
  5
2959
  8
CUT
 10
169.26274169979706
 20
-1925.2627416997968
 30
0.0
 70
0
  0
VERTEX
  5
295A
  8
CUT
 10
168.73005061585803
 20
-1925.6920113050599
 30
0.0
 70
0
  0
VERTEX
  5
295B
  8
CUT
 10
168.11828537471723
 20
-1925.9982391199992
 30
0.0
 70
0
  0
VERTEX
  5
295C
  8
CUT
 10
167.45540748247464
 20
-1926.167428614019
 30
0.0
 70
0
  0
VERTEX
  5
295D
  8
CUT
 10
166.77171461376258
 20
-1926.1918467667529
 30
0.0
 70
0
  0
VERTEX
  5
295E
  8
CUT
 10
166.09845581810754
 20
-1926.0703775155664
 30
0.0
 70
0
  0
VERTEX
  5
295F
  8
CUT
 10
165.46640324249591
 20
-1925.8085727666153
 30
0.0
 70
0
  0
VERTEX
  5
2960
  8
CUT
 10
164.90444565137517
 20
-1925.4183986379337
 30
0.0
 70
0
  0
VERTEX
  5
2961
  8
CUT
 10
164.43826802904215
 20
-1924.9176885328363
 30
0.0
 70
0
  0
VERTEX
  5
2962
  8
CUT
 10
164.08917761486563
 20
-1924.329328041606
 30
0.0
 70
0
  0
VERTEX
  5
2963
  8
CUT
 10
163.87313002889238
 20
-1923.6802089265695
 30
0.0
 70
0
  0
VERTEX
  5
2964
  8
CUT
 10
163.80000000000007
 20
-1923.0
 30
0.0
 70
0
  0
VERTEX
  5
2965
  8
CUT
 10
70.20000000000005
 20
-1923.0
 30
0.0
 70
0
  0
VERTEX
  5
2966
  8
CUT
 10
70.12686997110775
 20
-1923.6802089265695
 30
0.0
 70
0
  0
VERTEX
  5
2967
  8
CUT
 10
69.91082238513451
 20
-1924.329328041606
 30
0.0
 70
0
  0
VERTEX
  5
2968
  8
CUT
 10
69.561731970958
 20
-1924.9176885328363
 30
0.0
 70
0
  0
VERTEX
  5
2969
  8
CUT
 10
69.09555434862496
 20
-1925.4183986379337
 30
0.0
 70
0
  0
VERTEX
  5
296A
  8
CUT
 10
68.53359675750421
 20
-1925.8085727666153
 30
0.0
 70
0
  0
VERTEX
  5
296B
  8
CUT
 10
67.9015441818926
 20
-1926.0703775155664
 30
0.0
 70
0
  0
VERTEX
  5
296C
  8
CUT
 10
67.22828538623757
 20
-1926.1918467667529
 30
0.0
 70
0
  0
VERTEX
  5
296D
  8
CUT
 10
66.54459251752552
 20
-1926.167428614019
 30
0.0
 70
0
  0
VERTEX
  5
296E
  8
CUT
 10
65.88171462528291
 20
-1925.9982391199992
 30
0.0
 70
0
  0
VERTEX
  5
296F
  8
CUT
 10
65.26994938414211
 20
-1925.6920113050599
 30
0.0
 70
0
  0
VERTEX
  5
2970
  8
CUT
 10
64.73725830020307
 20
-1925.262741699797
 30
0.0
 70
0
  0
VERTEX
  5
2971
  8
CUT
 10
64.30798869494024
 20
-1924.7300506158579
 30
0.0
 70
0
  0
VERTEX
  5
2972
  8
CUT
 10
64.00176088000077
 20
-1924.118285374717
 30
0.0
 70
0
  0
VERTEX
  5
2973
  8
CUT
 10
63.832571385981026
 20
-1923.4554074824746
 30
0.0
 70
0
  0
VERTEX
  5
2974
  8
CUT
 10
63.808153233247204
 20
-1922.7717146137625
 30
0.0
 70
0
  0
VERTEX
  5
2975
  8
CUT
 10
63.92962248443362
 20
-1922.0984558181074
 30
0.0
 70
0
  0
VERTEX
  5
2976
  8
CUT
 10
64.1914272333848
 20
-1921.4664032424957
 30
0.0
 70
0
  0
VERTEX
  5
2977
  8
CUT
 10
64.5816013620664
 20
-1920.904445651375
 30
0.0
 70
0
  0
VERTEX
  5
2978
  8
CUT
 10
65.0823114671637
 20
-1920.438268029042
 30
0.0
 70
0
  0
VERTEX
  5
2979
  8
CUT
 10
65.67067195839398
 20
-1920.0891776148655
 30
0.0
 70
0
  0
VERTEX
  5
297A
  8
CUT
 10
66.3197910734305
 20
-1919.8731300288923
 30
0.0
 70
0
  0
VERTEX
  5
297B
  8
CUT
 10
67.00000000000006
 20
-1919.8
 30
0.0
 70
0
  0
SEQEND
  5
28A0
  8
CUT
  0
POLYLINE
  5
297C
  8
REFERENCE-SHEET
 66
1
 10
0.0
 20
0.0
 30
0.0
 70
1
  0
VERTEX
  5
297E
  8
REFERENCE-SHEET
 10
0.0
 20
-4410.0
 30
0.0
 70
0
  0
VERTEX
  5
297F
  8
REFERENCE-SHEET
 10
2440.0
 20
-4410.0
 30
0.0
 70
0
  0
VERTEX
  5
2980
  8
REFERENCE-SHEET
 10
2440.0
 20
-3190.0
 30
0.0
 70
0
  0
VERTEX
  5
2981
  8
REFERENCE-SHEET
 10
0.0
 20
-3190.0
 30
0.0
 70
0
  0
SEQEND
  5
297D
  8
REFERENCE-SHEET
  0
POLYLINE
  5
2982
  8
CUT
 66
1
 10
0.0
 20
0.0
 30
0.0
 70
1
  0
VERTEX
  5
2984
  8
CUT
 10
17.0
 20
-4343.0
 30
0.0
 70
0
  0
VERTEX
  5
2985
  8
CUT
 10
17.0
 20
-4383.0
 30
0.0
 70
0
  0
VERTEX
  5
2986
  8
CUT
 10
32.30000000000001
 20
-4383.0
 30
0.0
 70
0
  0
VERTEX
  5
2987
  8
CUT
 10
32.3731300288923
 20
-4382.319791073431
 30
0.0
 70
0
  0
VERTEX
  5
2988
  8
CUT
 10
32.58917761486554
 20
-4381.670671958394
 30
0.0
 70
0
  0
VERTEX
  5
2989
  8
CUT
 10
32.93826802904204
 20
-4381.082311467164
 30
0.0
 70
0
  0
VERTEX
  5
298A
  8
CUT
 10
33.40444565137506
 20
-4380.581601362066
 30
0.0
 70
0
  0
VERTEX
  5
298B
  8
CUT
 10
33.96640324249578
 20
-4380.191427233385
 30
0.0
 70
0
  0
VERTEX
  5
298C
  8
CUT
 10
34.59845581810737
 20
-4379.929622484434
 30
0.0
 70
0
  0
VERTEX
  5
298D
  8
CUT
 10
35.27171461376238
 20
-4379.808153233247
 30
0.0
 70
0
  0
VERTEX
  5
298E
  8
CUT
 10
35.95540748247441
 20
-4379.832571385981
 30
0.0
 70
0
  0
VERTEX
  5
298F
  8
CUT
 10
36.618285374717
 20
-4380.001760880001
 30
0.0
 70
0
  0
VERTEX
  5
2990
  8
CUT
 10
37.23005061585777
 20
-4380.30798869494
 30
0.0
 70
0
  0
VERTEX
  5
2991
  8
CUT
 10
37.7627416997968
 20
-4380.737258300203
 30
0.0
 70
0
  0
VERTEX
  5
2992
  8
CUT
 10
38.192011305059616
 20
-4381.269949384142
 30
0.0
 70
0
  0
VERTEX
  5
2993
  8
CUT
 10
38.49823911999906
 20
-4381.881714625283
 30
0.0
 70
0
  0
VERTEX
  5
2994
  8
CUT
 10
38.6674286140188
 20
-4382.544592517525
 30
0.0
 70
0
  0
VERTEX
  5
2995
  8
CUT
 10
38.69184676675263
 20
-4383.228285386238
 30
0.0
 70
0
  0
VERTEX
  5
2996
  8
CUT
 10
38.570377515566214
 20
-4383.901544181893
 30
0.0
 70
0
  0
VERTEX
  5
2997
  8
CUT
 10
38.30857276661505
 20
-4384.533596757504
 30
0.0
 70
0
  0
VERTEX
  5
2998
  8
CUT
 10
37.918398637933464
 20
-4385.095554348625
 30
0.0
 70
0
  0
VERTEX
  5
2999
  8
CUT
 10
37.417688532836166
 20
-4385.561731970958
 30
0.0
 70
0
  0
VERTEX
  5
299A
  8
CUT
 10
36.82932804160591
 20
-4385.910822385134
 30
0.0
 70
0
  0
VERTEX
  5
299B
  8
CUT
 10
36.18020892656942
 20
-4386.126869971107
 30
0.0
 70
0
  0
VERTEX
  5
299C
  8
CUT
 10
35.5
 20
-4386.2
 30
0.0
 70
0
  0
VERTEX
  5
299D
  8
CUT
 10
35.5
 20
-4393.0
 30
0.0
 70
0
  0
VERTEX
  5
299E
  8
CUT
 10
461.0
 20
-4393.0
 30
0.0
 70
0
  0
VERTEX
  5
299F
  8
CUT
 10
461.0
 20
-4316.2
 30
0.0
 70
0
  0
VERTEX
  5
29A0
  8
CUT
 10
460.3197910734305
 20
-4316.126869971107
 30
0.0
 70
0
  0
VERTEX
  5
29A1
  8
CUT
 10
459.670671958394
 20
-4315.910822385134
 30
0.0
 70
0
  0
VERTEX
  5
29A2
  8
CUT
 10
459.0823114671638
 20
-4315.561731970958
 30
0.0
 70
0
  0
VERTEX
  5
29A3
  8
CUT
 10
458.58160136206646
 20
-4315.095554348625
 30
0.0
 70
0
  0
VERTEX
  5
29A4
  8
CUT
 10
458.1914272333849
 20
-4314.533596757504
 30
0.0
 70
0
  0
VERTEX
  5
29A5
  8
CUT
 10
457.92962248443376
 20
-4313.901544181893
 30
0.0
 70
0
  0
VERTEX
  5
29A6
  8
CUT
 10
457.80815323324737
 20
-4313.228285386237
 30
0.0
 70
0
  0
VERTEX
  5
29A7
  8
CUT
 10
457.8325713859812
 20
-4312.544592517525
 30
0.0
 70
0
  0
VERTEX
  5
29A8
  8
CUT
 10
458.001760880001
 20
-4311.881714625283
 30
0.0
 70
0
  0
VERTEX
  5
29A9
  8
CUT
 10
458.30798869494043
 20
-4311.269949384142
 30
0.0
 70
0
  0
VERTEX
  5
29AA
  8
CUT
 10
458.7372583002033
 20
-4310.737258300203
 30
0.0
 70
0
  0
VERTEX
  5
29AB
  8
CUT
 10
459.2699493841423
 20
-4310.30798869494
 30
0.0
 70
0
  0
VERTEX
  5
29AC
  8
CUT
 10
459.8817146252831
 20
-4310.001760880001
 30
0.0
 70
0
  0
VERTEX
  5
29AD
  8
CUT
 10
460.5445925175257
 20
-4309.832571385981
 30
0.0
 70
0
  0
VERTEX
  5
29AE
  8
CUT
 10
461.22828538623776
 20
-4309.808153233247
 30
0.0
 70
0
  0
VERTEX
  5
29AF
  8
CUT
 10
461.9015441818928
 20
-4309.929622484434
 30
0.0
 70
0
  0
VERTEX
  5
29B0
  8
CUT
 10
462.53359675750437
 20
-4310.191427233385
 30
0.0
 70
0
  0
VERTEX
  5
29B1
  8
CUT
 10
463.09555434862506
 20
-4310.581601362066
 30
0.0
 70
0
  0
VERTEX
  5
29B2
  8
CUT
 10
463.5617319709581
 20
-4311.082311467164
 30
0.0
 70
0
  0
VERTEX
  5
29B3
  8
CUT
 10
463.91082238513457
 20
-4311.670671958394
 30
0.0
 70
0
  0
VERTEX
  5
29B4
  8
CUT
 10
464.1268699711078
 20
-4312.319791073431
 30
0.0
 70
0
  0
VERTEX
  5
29B5
  8
CUT
 10
464.20000000000005
 20
-4313.0
 30
0.0
 70
0
  0
VERTEX
  5
29B6
  8
CUT
 10
479.5
 20
-4313.0
 30
0.0
 70
0
  0
VERTEX
  5
29B7
  8
CUT
 10
479.5
 20
-4273.0
 30
0.0
 70
0
  0
VERTEX
  5
29B8
  8
CUT
 10
464.20000000000005
 20
-4273.0
 30
0.0
 70
0
  0
VERTEX
  5
29B9
  8
CUT
 10
464.12686997110774
 20
-4273.680208926569
 30
0.0
 70
0
  0
VERTEX
  5
29BA
  8
CUT
 10
463.9108223851345
 20
-4274.3293280416065
 30
0.0
 70
0
  0
VERTEX
  5
29BB
  8
CUT
 10
463.561731970958
 20
-4274.917688532836
 30
0.0
 70
0
  0
VERTEX
  5
29BC
  8
CUT
 10
463.095554348625
 20
-4275.418398637934
 30
0.0
 70
0
  0
VERTEX
  5
29BD
  8
CUT
 10
462.53359675750426
 20
-4275.808572766615
 30
0.0
 70
0
  0
VERTEX
  5
29BE
  8
CUT
 10
461.9015441818927
 20
-4276.070377515566
 30
0.0
 70
0
  0
VERTEX
  5
29BF
  8
CUT
 10
461.22828538623764
 20
-4276.191846766753
 30
0.0
 70
0
  0
VERTEX
  5
29C0
  8
CUT
 10
460.5445925175256
 20
-4276.167428614019
 30
0.0
 70
0
  0
VERTEX
  5
29C1
  8
CUT
 10
459.881714625283
 20
-4275.998239119999
 30
0.0
 70
0
  0
VERTEX
  5
29C2
  8
CUT
 10
459.26994938414225
 20
-4275.69201130506
 30
0.0
 70
0
  0
VERTEX
  5
29C3
  8
CUT
 10
458.7372583002032
 20
-4275.262741699797
 30
0.0
 70
0
  0
VERTEX
  5
29C4
  8
CUT
 10
458.3079886949404
 20
-4274.730050615858
 30
0.0
 70
0
  0
VERTEX
  5
29C5
  8
CUT
 10
458.0017608800009
 20
-4274.118285374717
 30
0.0
 70
0
  0
VERTEX
  5
29C6
  8
CUT
 10
457.83257138598117
 20
-4273.455407482475
 30
0.0
 70
0
  0
VERTEX
  5
29C7
  8
CUT
 10
457.80815323324737
 20
-4272.771714613762
 30
0.0
 70
0
  0
VERTEX
  5
29C8
  8
CUT
 10
457.92962248443376
 20
-4272.098455818107
 30
0.0
 70
0
  0
VERTEX
  5
29C9
  8
CUT
 10
458.19142723338496
 20
-4271.466403242496
 30
0.0
 70
0
  0
VERTEX
  5
29CA
  8
CUT
 10
458.5816013620665
 20
-4270.904445651375
 30
0.0
 70
0
  0
VERTEX
  5
29CB
  8
CUT
 10
459.08231146716383
 20
-4270.438268029042
 30
0.0
 70
0
  0
VERTEX
  5
29CC
  8
CUT
 10
459.6706719583941
 20
-4270.089177614866
 30
0.0
 70
0
  0
VERTEX
  5
29CD
  8
CUT
 10
460.3197910734306
 20
-4269.873130028893
 30
0.0
 70
0
  0
VERTEX
  5
29CE
  8
CUT
 10
461.0
 20
-4269.8
 30
0.0
 70
0
  0
VERTEX
  5
29CF
  8
CUT
 10
461.0
 20
-4186.2
 30
0.0
 70
0
  0
VERTEX
  5
29D0
  8
CUT
 10
460.3197910734305
 20
-4186.126869971107
 30
0.0
 70
0
  0
VERTEX
  5
29D1
  8
CUT
 10
459.670671958394
 20
-4185.910822385134
 30
0.0
 70
0
  0
VERTEX
  5
29D2
  8
CUT
 10
459.0823114671638
 20
-4185.561731970958
 30
0.0
 70
0
  0
VERTEX
  5
29D3
  8
CUT
 10
458.58160136206646
 20
-4185.095554348625
 30
0.0
 70
0
  0
VERTEX
  5
29D4
  8
CUT
 10
458.1914272333849
 20
-4184.533596757504
 30
0.0
 70
0
  0
VERTEX
  5
29D5
  8
CUT
 10
457.92962248443376
 20
-4183.901544181893
 30
0.0
 70
0
  0
VERTEX
  5
29D6
  8
CUT
 10
457.80815323324737
 20
-4183.228285386237
 30
0.0
 70
0
  0
VERTEX
  5
29D7
  8
CUT
 10
457.8325713859812
 20
-4182.544592517525
 30
0.0
 70
0
  0
VERTEX
  5
29D8
  8
CUT
 10
458.001760880001
 20
-4181.881714625283
 30
0.0
 70
0
  0
VERTEX
  5
29D9
  8
CUT
 10
458.30798869494043
 20
-4181.269949384142
 30
0.0
 70
0
  0
VERTEX
  5
29DA
  8
CUT
 10
458.7372583002033
 20
-4180.737258300203
 30
0.0
 70
0
  0
VERTEX
  5
29DB
  8
CUT
 10
459.2699493841423
 20
-4180.30798869494
 30
0.0
 70
0
  0
VERTEX
  5
29DC
  8
CUT
 10
459.8817146252831
 20
-4180.001760880001
 30
0.0
 70
0
  0
VERTEX
  5
29DD
  8
CUT
 10
460.5445925175257
 20
-4179.832571385981
 30
0.0
 70
0
  0
VERTEX
  5
29DE
  8
CUT
 10
461.22828538623776
 20
-4179.808153233247
 30
0.0
 70
0
  0
VERTEX
  5
29DF
  8
CUT
 10
461.9015441818928
 20
-4179.929622484434
 30
0.0
 70
0
  0
VERTEX
  5
29E0
  8
CUT
 10
462.53359675750437
 20
-4180.191427233385
 30
0.0
 70
0
  0
VERTEX
  5
29E1
  8
CUT
 10
463.09555434862506
 20
-4180.581601362066
 30
0.0
 70
0
  0
VERTEX
  5
29E2
  8
CUT
 10
463.5617319709581
 20
-4181.082311467164
 30
0.0
 70
0
  0
VERTEX
  5
29E3
  8
CUT
 10
463.91082238513457
 20
-4181.670671958394
 30
0.0
 70
0
  0
VERTEX
  5
29E4
  8
CUT
 10
464.1268699711078
 20
-4182.319791073431
 30
0.0
 70
0
  0
VERTEX
  5
29E5
  8
CUT
 10
464.20000000000005
 20
-4183.0
 30
0.0
 70
0
  0
VERTEX
  5
29E6
  8
CUT
 10
479.5
 20
-4183.0
 30
0.0
 70
0
  0
VERTEX
  5
29E7
  8
CUT
 10
479.5
 20
-4143.0
 30
0.0
 70
0
  0
VERTEX
  5
29E8
  8
CUT
 10
464.20000000000005
 20
-4143.0
 30
0.0
 70
0
  0
VERTEX
  5
29E9
  8
CUT
 10
464.12686997110774
 20
-4143.680208926569
 30
0.0
 70
0
  0
VERTEX
  5
29EA
  8
CUT
 10
463.9108223851345
 20
-4144.3293280416065
 30
0.0
 70
0
  0
VERTEX
  5
29EB
  8
CUT
 10
463.561731970958
 20
-4144.917688532836
 30
0.0
 70
0
  0
VERTEX
  5
29EC
  8
CUT
 10
463.095554348625
 20
-4145.418398637934
 30
0.0
 70
0
  0
VERTEX
  5
29ED
  8
CUT
 10
462.53359675750426
 20
-4145.808572766615
 30
0.0
 70
0
  0
VERTEX
  5
29EE
  8
CUT
 10
461.9015441818927
 20
-4146.070377515566
 30
0.0
 70
0
  0
VERTEX
  5
29EF
  8
CUT
 10
461.22828538623764
 20
-4146.191846766753
 30
0.0
 70
0
  0
VERTEX
  5
29F0
  8
CUT
 10
460.5445925175256
 20
-4146.167428614019
 30
0.0
 70
0
  0
VERTEX
  5
29F1
  8
CUT
 10
459.881714625283
 20
-4145.998239119999
 30
0.0
 70
0
  0
VERTEX
  5
29F2
  8
CUT
 10
459.26994938414225
 20
-4145.69201130506
 30
0.0
 70
0
  0
VERTEX
  5
29F3
  8
CUT
 10
458.7372583002032
 20
-4145.262741699797
 30
0.0
 70
0
  0
VERTEX
  5
29F4
  8
CUT
 10
458.3079886949404
 20
-4144.730050615858
 30
0.0
 70
0
  0
VERTEX
  5
29F5
  8
CUT
 10
458.0017608800009
 20
-4144.118285374717
 30
0.0
 70
0
  0
VERTEX
  5
29F6
  8
CUT
 10
457.83257138598117
 20
-4143.455407482475
 30
0.0
 70
0
  0
VERTEX
  5
29F7
  8
CUT
 10
457.80815323324737
 20
-4142.771714613762
 30
0.0
 70
0
  0
VERTEX
  5
29F8
  8
CUT
 10
457.92962248443376
 20
-4142.098455818107
 30
0.0
 70
0
  0
VERTEX
  5
29F9
  8
CUT
 10
458.19142723338496
 20
-4141.466403242496
 30
0.0
 70
0
  0
VERTEX
  5
29FA
  8
CUT
 10
458.5816013620665
 20
-4140.904445651375
 30
0.0
 70
0
  0
VERTEX
  5
29FB
  8
CUT
 10
459.08231146716383
 20
-4140.438268029042
 30
0.0
 70
0
  0
VERTEX
  5
29FC
  8
CUT
 10
459.6706719583941
 20
-4140.089177614866
 30
0.0
 70
0
  0
VERTEX
  5
29FD
  8
CUT
 10
460.3197910734306
 20
-4139.873130028893
 30
0.0
 70
0
  0
VERTEX
  5
29FE
  8
CUT
 10
461.0
 20
-4139.8
 30
0.0
 70
0
  0
VERTEX
  5
29FF
  8
CUT
 10
461.0
 20
-4135.75
 30
0.0
 70
0
  0
VERTEX
  5
2A00
  8
CUT
 10
459.1799
 20
-4107.9806
 30
0.0
 70
0
  0
VERTEX
  5
2A01
  8
CUT
 10
453.75070000000005
 20
-4080.6862
 30
0.0
 70
0
  0
VERTEX
  5
2A02
  8
CUT
 10
444.80539999999996
 20
-4054.3341
 30
0.0
 70
0
  0
VERTEX
  5
2A03
  8
CUT
 10
432.4969
 20
-4029.375
 30
0.0
 70
0
  0
VERTEX
  5
2A04
  8
CUT
 10
417.03589999999997
 20
-4006.236
 30
0.0
 70
0
  0
VERTEX
  5
2A05
  8
CUT
 10
398.687
 20
-3985.313
 30
0.0
 70
0
  0
VERTEX
  5
2A06
  8
CUT
 10
377.764
 20
-3966.9641
 30
0.0
 70
0
  0
VERTEX
  5
2A07
  8
CUT
 10
354.625
 20
-3951.5031
 30
0.0
 70
0
  0
VERTEX
  5
2A08
  8
CUT
 10
329.66589999999997
 20
-3939.1946
 30
0.0
 70
0
  0
VERTEX
  5
2A09
  8
CUT
 10
303.3138
 20
-3930.2493
 30
0.0
 70
0
  0
VERTEX
  5
2A0A
  8
CUT
 10
276.0194
 20
-3924.8201
 30
0.0
 70
0
  0
VERTEX
  5
2A0B
  8
CUT
 10
248.25
 20
-3923.0
 30
0.0
 70
0
  0
VERTEX
  5
2A0C
  8
CUT
 10
220.48059999999998
 20
-3924.8201
 30
0.0
 70
0
  0
VERTEX
  5
2A0D
  8
CUT
 10
193.18619999999999
 20
-3930.2493
 30
0.0
 70
0
  0
VERTEX
  5
2A0E
  8
CUT
 10
166.83409999999998
 20
-3939.1946
 30
0.0
 70
0
  0
VERTEX
  5
2A0F
  8
CUT
 10
141.875
 20
-3951.5031
 30
0.0
 70
0
  0
VERTEX
  5
2A10
  8
CUT
 10
118.73599999999999
 20
-3966.9641
 30
0.0
 70
0
  0
VERTEX
  5
2A11
  8
CUT
 10
97.81299999999999
 20
-3985.313
 30
0.0
 70
0
  0
VERTEX
  5
2A12
  8
CUT
 10
79.46409999999997
 20
-4006.236
 30
0.0
 70
0
  0
VERTEX
  5
2A13
  8
CUT
 10
64.00309999999999
 20
-4029.375
 30
0.0
 70
0
  0
VERTEX
  5
2A14
  8
CUT
 10
51.69460000000001
 20
-4054.3341
 30
0.0
 70
0
  0
VERTEX
  5
2A15
  8
CUT
 10
42.749300000000005
 20
-4080.6862
 30
0.0
 70
0
  0
VERTEX
  5
2A16
  8
CUT
 10
37.3201
 20
-4107.9806
 30
0.0
 70
0
  0
VERTEX
  5
2A17
  8
CUT
 10
35.5
 20
-4135.75
 30
0.0
 70
0
  0
VERTEX
  5
2A18
  8
CUT
 10
35.5
 20
-4199.8
 30
0.0
 70
0
  0
VERTEX
  5
2A19
  8
CUT
 10
36.180208926569506
 20
-4199.873130028893
 30
0.0
 70
0
  0
VERTEX
  5
2A1A
  8
CUT
 10
36.82932804160599
 20
-4200.089177614866
 30
0.0
 70
0
  0
VERTEX
  5
2A1B
  8
CUT
 10
37.41768853283624
 20
-4200.438268029042
 30
0.0
 70
0
  0
VERTEX
  5
2A1C
  8
CUT
 10
37.91839863793352
 20
-4200.904445651375
 30
0.0
 70
0
  0
VERTEX
  5
2A1D
  8
CUT
 10
38.308572766615086
 20
-4201.466403242496
 30
0.0
 70
0
  0
VERTEX
  5
2A1E
  8
CUT
 10
38.570377515566236
 20
-4202.098455818107
 30
0.0
 70
0
  0
VERTEX
  5
2A1F
  8
CUT
 10
38.69184676675263
 20
-4202.771714613763
 30
0.0
 70
0
  0
VERTEX
  5
2A20
  8
CUT
 10
38.66742861401879
 20
-4203.455407482475
 30
0.0
 70
0
  0
VERTEX
  5
2A21
  8
CUT
 10
38.498239119999035
 20
-4204.118285374717
 30
0.0
 70
0
  0
VERTEX
  5
2A22
  8
CUT
 10
38.192011305059566
 20
-4204.730050615858
 30
0.0
 70
0
  0
VERTEX
  5
2A23
  8
CUT
 10
37.762741699796734
 20
-4205.262741699797
 30
0.0
 70
0
  0
VERTEX
  5
2A24
  8
CUT
 10
37.23005061585771
 20
-4205.69201130506
 30
0.0
 70
0
  0
VERTEX
  5
2A25
  8
CUT
 10
36.61828537471692
 20
-4205.998239119999
 30
0.0
 70
0
  0
VERTEX
  5
2A26
  8
CUT
 10
35.95540748247433
 20
-4206.167428614019
 30
0.0
 70
0
  0
VERTEX
  5
2A27
  8
CUT
 10
35.27171461376229
 20
-4206.191846766753
 30
0.0
 70
0
  0
VERTEX
  5
2A28
  8
CUT
 10
34.59845581810728
 20
-4206.070377515566
 30
0.0
 70
0
  0
VERTEX
  5
2A29
  8
CUT
 10
33.96640324249571
 20
-4205.808572766615
 30
0.0
 70
0
  0
VERTEX
  5
2A2A
  8
CUT
 10
33.404445651375
 20
-4205.418398637934
 30
0.0
 70
0
  0
VERTEX
  5
2A2B
  8
CUT
 10
32.938268029041986
 20
-4204.917688532836
 30
0.0
 70
0
  0
VERTEX
  5
2A2C
  8
CUT
 10
32.58917761486551
 20
-4204.329328041606
 30
0.0
 70
0
  0
VERTEX
  5
2A2D
  8
CUT
 10
32.373130028892284
 20
-4203.680208926569
 30
0.0
 70
0
  0
VERTEX
  5
2A2E
  8
CUT
 10
32.30000000000001
 20
-4203.0
 30
0.0
 70
0
  0
VERTEX
  5
2A2F
  8
CUT
 10
17.0
 20
-4203.0
 30
0.0
 70
0
  0
VERTEX
  5
2A30
  8
CUT
 10
17.0
 20
-4243.0
 30
0.0
 70
0
  0
VERTEX
  5
2A31
  8
CUT
 10
32.30000000000001
 20
-4243.0
 30
0.0
 70
0
  0
VERTEX
  5
2A32
  8
CUT
 10
32.3731300288923
 20
-4242.319791073431
 30
0.0
 70
0
  0
VERTEX
  5
2A33
  8
CUT
 10
32.58917761486554
 20
-4241.670671958394
 30
0.0
 70
0
  0
VERTEX
  5
2A34
  8
CUT
 10
32.93826802904204
 20
-4241.082311467164
 30
0.0
 70
0
  0
VERTEX
  5
2A35
  8
CUT
 10
33.40444565137506
 20
-4240.581601362066
 30
0.0
 70
0
  0
VERTEX
  5
2A36
  8
CUT
 10
33.96640324249578
 20
-4240.191427233385
 30
0.0
 70
0
  0
VERTEX
  5
2A37
  8
CUT
 10
34.59845581810737
 20
-4239.929622484434
 30
0.0
 70
0
  0
VERTEX
  5
2A38
  8
CUT
 10
35.27171461376238
 20
-4239.808153233247
 30
0.0
 70
0
  0
VERTEX
  5
2A39
  8
CUT
 10
35.95540748247441
 20
-4239.832571385981
 30
0.0
 70
0
  0
VERTEX
  5
2A3A
  8
CUT
 10
36.618285374717
 20
-4240.001760880001
 30
0.0
 70
0
  0
VERTEX
  5
2A3B
  8
CUT
 10
37.23005061585777
 20
-4240.30798869494
 30
0.0
 70
0
  0
VERTEX
  5
2A3C
  8
CUT
 10
37.7627416997968
 20
-4240.737258300203
 30
0.0
 70
0
  0
VERTEX
  5
2A3D
  8
CUT
 10
38.192011305059616
 20
-4241.269949384142
 30
0.0
 70
0
  0
VERTEX
  5
2A3E
  8
CUT
 10
38.49823911999906
 20
-4241.881714625283
 30
0.0
 70
0
  0
VERTEX
  5
2A3F
  8
CUT
 10
38.6674286140188
 20
-4242.544592517525
 30
0.0
 70
0
  0
VERTEX
  5
2A40
  8
CUT
 10
38.69184676675263
 20
-4243.228285386238
 30
0.0
 70
0
  0
VERTEX
  5
2A41
  8
CUT
 10
38.570377515566214
 20
-4243.901544181893
 30
0.0
 70
0
  0
VERTEX
  5
2A42
  8
CUT
 10
38.30857276661505
 20
-4244.533596757504
 30
0.0
 70
0
  0
VERTEX
  5
2A43
  8
CUT
 10
37.918398637933464
 20
-4245.095554348625
 30
0.0
 70
0
  0
VERTEX
  5
2A44
  8
CUT
 10
37.417688532836166
 20
-4245.561731970958
 30
0.0
 70
0
  0
VERTEX
  5
2A45
  8
CUT
 10
36.82932804160591
 20
-4245.910822385134
 30
0.0
 70
0
  0
VERTEX
  5
2A46
  8
CUT
 10
36.18020892656942
 20
-4246.126869971107
 30
0.0
 70
0
  0
VERTEX
  5
2A47
  8
CUT
 10
35.5
 20
-4246.2
 30
0.0
 70
0
  0
VERTEX
  5
2A48
  8
CUT
 10
35.5
 20
-4339.8
 30
0.0
 70
0
  0
VERTEX
  5
2A49
  8
CUT
 10
36.180208926569506
 20
-4339.873130028893
 30
0.0
 70
0
  0
VERTEX
  5
2A4A
  8
CUT
 10
36.82932804160599
 20
-4340.089177614866
 30
0.0
 70
0
  0
VERTEX
  5
2A4B
  8
CUT
 10
37.41768853283624
 20
-4340.438268029042
 30
0.0
 70
0
  0
VERTEX
  5
2A4C
  8
CUT
 10
37.91839863793352
 20
-4340.904445651375
 30
0.0
 70
0
  0
VERTEX
  5
2A4D
  8
CUT
 10
38.308572766615086
 20
-4341.466403242496
 30
0.0
 70
0
  0
VERTEX
  5
2A4E
  8
CUT
 10
38.570377515566236
 20
-4342.098455818107
 30
0.0
 70
0
  0
VERTEX
  5
2A4F
  8
CUT
 10
38.69184676675263
 20
-4342.771714613763
 30
0.0
 70
0
  0
VERTEX
  5
2A50
  8
CUT
 10
38.66742861401879
 20
-4343.455407482475
 30
0.0
 70
0
  0
VERTEX
  5
2A51
  8
CUT
 10
38.498239119999035
 20
-4344.118285374717
 30
0.0
 70
0
  0
VERTEX
  5
2A52
  8
CUT
 10
38.192011305059566
 20
-4344.730050615858
 30
0.0
 70
0
  0
VERTEX
  5
2A53
  8
CUT
 10
37.762741699796734
 20
-4345.262741699797
 30
0.0
 70
0
  0
VERTEX
  5
2A54
  8
CUT
 10
37.23005061585771
 20
-4345.69201130506
 30
0.0
 70
0
  0
VERTEX
  5
2A55
  8
CUT
 10
36.61828537471692
 20
-4345.998239119999
 30
0.0
 70
0
  0
VERTEX
  5
2A56
  8
CUT
 10
35.95540748247433
 20
-4346.167428614019
 30
0.0
 70
0
  0
VERTEX
  5
2A57
  8
CUT
 10
35.27171461376229
 20
-4346.191846766753
 30
0.0
 70
0
  0
VERTEX
  5
2A58
  8
CUT
 10
34.59845581810728
 20
-4346.070377515566
 30
0.0
 70
0
  0
VERTEX
  5
2A59
  8
CUT
 10
33.96640324249571
 20
-4345.808572766615
 30
0.0
 70
0
  0
VERTEX
  5
2A5A
  8
CUT
 10
33.404445651375
 20
-4345.418398637934
 30
0.0
 70
0
  0
VERTEX
  5
2A5B
  8
CUT
 10
32.938268029041986
 20
-4344.917688532836
 30
0.0
 70
0
  0
VERTEX
  5
2A5C
  8
CUT
 10
32.58917761486551
 20
-4344.329328041606
 30
0.0
 70
0
  0
VERTEX
  5
2A5D
  8
CUT
 10
32.373130028892284
 20
-4343.680208926569
 30
0.0
 70
0
  0
VERTEX
  5
2A5E
  8
CUT
 10
32.30000000000001
 20
-4343.0
 30
0.0
 70
0
  0
SEQEND
  5
2983
  8
CUT
  0
POLYLINE
  5
2A5F
  8
CUT
 66
1
 10
0.0
 20
0.0
 30
0.0
 70
1
  0
VERTEX
  5
2A61
  8
CUT
 10
437.0
 20
-3913.0
 30
0.0
 70
0
  0
VERTEX
  5
2A62
  8
CUT
 10
477.0
 20
-3913.0
 30
0.0
 70
0
  0
VERTEX
  5
2A63
  8
CUT
 10
477.0
 20
-3897.7
 30
0.0
 70
0
  0
VERTEX
  5
2A64
  8
CUT
 10
476.3197910734305
 20
-3897.6268699711077
 30
0.0
 70
0
  0
VERTEX
  5
2A65
  8
CUT
 10
475.670671958394
 20
-3897.4108223851345
 30
0.0
 70
0
  0
VERTEX
  5
2A66
  8
CUT
 10
475.0823114671638
 20
-3897.0617319709577
 30
0.0
 70
0
  0
VERTEX
  5
2A67
  8
CUT
 10
474.58160136206646
 20
-3896.595554348625
 30
0.0
 70
0
  0
VERTEX
  5
2A68
  8
CUT
 10
474.1914272333849
 20
-3896.0335967575043
 30
0.0
 70
0
  0
VERTEX
  5
2A69
  8
CUT
 10
473.92962248443376
 20
-3895.4015441818924
 30
0.0
 70
0
  0
VERTEX
  5
2A6A
  8
CUT
 10
473.80815323324737
 20
-3894.7282853862375
 30
0.0
 70
0
  0
VERTEX
  5
2A6B
  8
CUT
 10
473.8325713859812
 20
-3894.0445925175254
 30
0.0
 70
0
  0
VERTEX
  5
2A6C
  8
CUT
 10
474.00176088000103
 20
-3893.3817146252827
 30
0.0
 70
0
  0
VERTEX
  5
2A6D
  8
CUT
 10
474.3079886949405
 20
-3892.769949384142
 30
0.0
 70
0
  0
VERTEX
  5
2A6E
  8
CUT
 10
474.73725830020334
 20
-3892.237258300203
 30
0.0
 70
0
  0
VERTEX
  5
2A6F
  8
CUT
 10
475.26994938414236
 20
-3891.8079886949404
 30
0.0
 70
0
  0
VERTEX
  5
2A70
  8
CUT
 10
475.88171462528317
 20
-3891.501760880001
 30
0.0
 70
0
  0
VERTEX
  5
2A71
  8
CUT
 10
476.5445925175257
 20
-3891.3325713859813
 30
0.0
 70
0
  0
VERTEX
  5
2A72
  8
CUT
 10
477.22828538623776
 20
-3891.308153233247
 30
0.0
 70
0
  0
VERTEX
  5
2A73
  8
CUT
 10
477.90154418189275
 20
-3891.429622484434
 30
0.0
 70
0
  0
VERTEX
  5
2A74
  8
CUT
 10
478.53359675750437
 20
-3891.6914272333847
 30
0.0
 70
0
  0
VERTEX
  5
2A75
  8
CUT
 10
479.09555434862506
 20
-3892.0816013620665
 30
0.0
 70
0
  0
VERTEX
  5
2A76
  8
CUT
 10
479.5617319709581
 20
-3892.582311467164
 30
0.0
 70
0
  0
VERTEX
  5
2A77
  8
CUT
 10
479.9108223851345
 20
-3893.170671958394
 30
0.0
 70
0
  0
VERTEX
  5
2A78
  8
CUT
 10
480.12686997110774
 20
-3893.8197910734307
 30
0.0
 70
0
  0
VERTEX
  5
2A79
  8
CUT
 10
480.2
 20
-3894.5
 30
0.0
 70
0
  0
VERTEX
  5
2A7A
  8
CUT
 10
487.0
 20
-3894.5
 30
0.0
 70
0
  0
VERTEX
  5
2A7B
  8
CUT
 10
487.00000000000006
 20
-3469.0
 30
0.0
 70
0
  0
VERTEX
  5
2A7C
  8
CUT
 10
410.20000000000005
 20
-3469.0
 30
0.0
 70
0
  0
VERTEX
  5
2A7D
  8
CUT
 10
410.12686997110774
 20
-3469.6802089265693
 30
0.0
 70
0
  0
VERTEX
  5
2A7E
  8
CUT
 10
409.9108223851345
 20
-3470.329328041606
 30
0.0
 70
0
  0
VERTEX
  5
2A7F
  8
CUT
 10
409.56173197095796
 20
-3470.917688532836
 30
0.0
 70
0
  0
VERTEX
  5
2A80
  8
CUT
 10
409.09555434862494
 20
-3471.4183986379335
 30
0.0
 70
0
  0
VERTEX
  5
2A81
  8
CUT
 10
408.53359675750426
 20
-3471.8085727666153
 30
0.0
 70
0
  0
VERTEX
  5
2A82
  8
CUT
 10
407.9015441818927
 20
-3472.070377515566
 30
0.0
 70
0
  0
VERTEX
  5
2A83
  8
CUT
 10
407.22828538623764
 20
-3472.191846766753
 30
0.0
 70
0
  0
VERTEX
  5
2A84
  8
CUT
 10
406.54459251752564
 20
-3472.1674286140187
 30
0.0
 70
0
  0
VERTEX
  5
2A85
  8
CUT
 10
405.88171462528305
 20
-3471.998239119999
 30
0.0
 70
0
  0
VERTEX
  5
2A86
  8
CUT
 10
405.26994938414225
 20
-3471.6920113050596
 30
0.0
 70
0
  0
VERTEX
  5
2A87
  8
CUT
 10
404.7372583002032
 20
-3471.262741699797
 30
0.0
 70
0
  0
VERTEX
  5
2A88
  8
CUT
 10
404.30798869494043
 20
-3470.7300506158576
 30
0.0
 70
0
  0
VERTEX
  5
2A89
  8
CUT
 10
404.001760880001
 20
-3470.1182853747173
 30
0.0
 70
0
  0
VERTEX
  5
2A8A
  8
CUT
 10
403.8325713859812
 20
-3469.4554074824746
 30
0.0
 70
0
  0
VERTEX
  5
2A8B
  8
CUT
 10
403.8081532332474
 20
-3468.7717146137625
 30
0.0
 70
0
  0
VERTEX
  5
2A8C
  8
CUT
 10
403.9296224844338
 20
-3468.0984558181076
 30
0.0
 70
0
  0
VERTEX
  5
2A8D
  8
CUT
 10
404.19142723338496
 20
-3467.4664032424957
 30
0.0
 70
0
  0
VERTEX
  5
2A8E
  8
CUT
 10
404.5816013620666
 20
-3466.904445651375
 30
0.0
 70
0
  0
VERTEX
  5
2A8F
  8
CUT
 10
405.08231146716383
 20
-3466.4382680290423
 30
0.0
 70
0
  0
VERTEX
  5
2A90
  8
CUT
 10
405.6706719583941
 20
-3466.0891776148655
 30
0.0
 70
0
  0
VERTEX
  5
2A91
  8
CUT
 10
406.3197910734306
 20
-3465.8731300288923
 30
0.0
 70
0
  0
VERTEX
  5
2A92
  8
CUT
 10
407.00000000000006
 20
-3465.8
 30
0.0
 70
0
  0
VERTEX
  5
2A93
  8
CUT
 10
407.00000000000006
 20
-3450.5
 30
0.0
 70
0
  0
VERTEX
  5
2A94
  8
CUT
 10
367.00000000000006
 20
-3450.5
 30
0.0
 70
0
  0
VERTEX
  5
2A95
  8
CUT
 10
367.00000000000006
 20
-3465.8
 30
0.0
 70
0
  0
VERTEX
  5
2A96
  8
CUT
 10
367.68020892656955
 20
-3465.8731300288923
 30
0.0
 70
0
  0
VERTEX
  5
2A97
  8
CUT
 10
368.32932804160606
 20
-3466.0891776148655
 30
0.0
 70
0
  0
VERTEX
  5
2A98
  8
CUT
 10
368.9176885328363
 20
-3466.4382680290423
 30
0.0
 70
0
  0
VERTEX
  5
2A99
  8
CUT
 10
369.4183986379336
 20
-3466.904445651375
 30
0.0
 70
0
  0
VERTEX
  5
2A9A
  8
CUT
 10
369.80857276661516
 20
-3467.4664032424957
 30
0.0
 70
0
  0
VERTEX
  5
2A9B
  8
CUT
 10
370.0703775155663
 20
-3468.0984558181076
 30
0.0
 70
0
  0
VERTEX
  5
2A9C
  8
CUT
 10
370.19184676675275
 20
-3468.7717146137625
 30
0.0
 70
0
  0
VERTEX
  5
2A9D
  8
CUT
 10
370.1674286140189
 20
-3469.4554074824746
 30
0.0
 70
0
  0
VERTEX
  5
2A9E
  8
CUT
 10
369.99823911999914
 20
-3470.1182853747173
 30
0.0
 70
0
  0
VERTEX
  5
2A9F
  8
CUT
 10
369.6920113050597
 20
-3470.730050615858
 30
0.0
 70
0
  0
VERTEX
  5
2AA0
  8
CUT
 10
369.26274169979683
 20
-3471.262741699797
 30
0.0
 70
0
  0
VERTEX
  5
2AA1
  8
CUT
 10
368.7300506158578
 20
-3471.6920113050596
 30
0.0
 70
0
  0
VERTEX
  5
2AA2
  8
CUT
 10
368.118285374717
 20
-3471.998239119999
 30
0.0
 70
0
  0
VERTEX
  5
2AA3
  8
CUT
 10
367.45540748247447
 20
-3472.1674286140187
 30
0.0
 70
0
  0
VERTEX
  5
2AA4
  8
CUT
 10
366.7717146137624
 20
-3472.191846766753
 30
0.0
 70
0
  0
VERTEX
  5
2AA5
  8
CUT
 10
366.0984558181074
 20
-3472.070377515566
 30
0.0
 70
0
  0
VERTEX
  5
2AA6
  8
CUT
 10
365.4664032424958
 20
-3471.8085727666153
 30
0.0
 70
0
  0
VERTEX
  5
2AA7
  8
CUT
 10
364.9044456513751
 20
-3471.4183986379335
 30
0.0
 70
0
  0
VERTEX
  5
2AA8
  8
CUT
 10
364.4382680290421
 20
-3470.917688532836
 30
0.0
 70
0
  0
VERTEX
  5
2AA9
  8
CUT
 10
364.0891776148656
 20
-3470.329328041606
 30
0.0
 70
0
  0
VERTEX
  5
2AAA
  8
CUT
 10
363.8731300288924
 20
-3469.6802089265693
 30
0.0
 70
0
  0
VERTEX
  5
2AAB
  8
CUT
 10
363.80000000000007
 20
-3469.0
 30
0.0
 70
0
  0
VERTEX
  5
2AAC
  8
CUT
 10
280.20000000000005
 20
-3469.0
 30
0.0
 70
0
  0
VERTEX
  5
2AAD
  8
CUT
 10
280.12686997110774
 20
-3469.6802089265693
 30
0.0
 70
0
  0
VERTEX
  5
2AAE
  8
CUT
 10
279.9108223851345
 20
-3470.329328041606
 30
0.0
 70
0
  0
VERTEX
  5
2AAF
  8
CUT
 10
279.561731970958
 20
-3470.917688532836
 30
0.0
 70
0
  0
VERTEX
  5
2AB0
  8
CUT
 10
279.095554348625
 20
-3471.4183986379335
 30
0.0
 70
0
  0
VERTEX
  5
2AB1
  8
CUT
 10
278.53359675750426
 20
-3471.8085727666153
 30
0.0
 70
0
  0
VERTEX
  5
2AB2
  8
CUT
 10
277.9015441818927
 20
-3472.070377515566
 30
0.0
 70
0
  0
VERTEX
  5
2AB3
  8
CUT
 10
277.22828538623764
 20
-3472.191846766753
 30
0.0
 70
0
  0
VERTEX
  5
2AB4
  8
CUT
 10
276.5445925175256
 20
-3472.1674286140187
 30
0.0
 70
0
  0
VERTEX
  5
2AB5
  8
CUT
 10
275.881714625283
 20
-3471.998239119999
 30
0.0
 70
0
  0
VERTEX
  5
2AB6
  8
CUT
 10
275.26994938414225
 20
-3471.6920113050596
 30
0.0
 70
0
  0
VERTEX
  5
2AB7
  8
CUT
 10
274.7372583002032
 20
-3471.262741699797
 30
0.0
 70
0
  0
VERTEX
  5
2AB8
  8
CUT
 10
274.3079886949404
 20
-3470.730050615858
 30
0.0
 70
0
  0
VERTEX
  5
2AB9
  8
CUT
 10
274.0017608800009
 20
-3470.1182853747173
 30
0.0
 70
0
  0
VERTEX
  5
2ABA
  8
CUT
 10
273.83257138598117
 20
-3469.4554074824746
 30
0.0
 70
0
  0
VERTEX
  5
2ABB
  8
CUT
 10
273.80815323324737
 20
-3468.7717146137625
 30
0.0
 70
0
  0
VERTEX
  5
2ABC
  8
CUT
 10
273.92962248443376
 20
-3468.0984558181076
 30
0.0
 70
0
  0
VERTEX
  5
2ABD
  8
CUT
 10
274.19142723338496
 20
-3467.4664032424957
 30
0.0
 70
0
  0
VERTEX
  5
2ABE
  8
CUT
 10
274.5816013620665
 20
-3466.904445651375
 30
0.0
 70
0
  0
VERTEX
  5
2ABF
  8
CUT
 10
275.08231146716383
 20
-3466.4382680290423
 30
0.0
 70
0
  0
VERTEX
  5
2AC0
  8
CUT
 10
275.6706719583941
 20
-3466.0891776148655
 30
0.0
 70
0
  0
VERTEX
  5
2AC1
  8
CUT
 10
276.3197910734306
 20
-3465.8731300288923
 30
0.0
 70
0
  0
VERTEX
  5
2AC2
  8
CUT
 10
277.0
 20
-3465.8
 30
0.0
 70
0
  0
VERTEX
  5
2AC3
  8
CUT
 10
277.0
 20
-3450.5
 30
0.0
 70
0
  0
VERTEX
  5
2AC4
  8
CUT
 10
237.0
 20
-3450.5
 30
0.0
 70
0
  0
VERTEX
  5
2AC5
  8
CUT
 10
237.0
 20
-3465.8
 30
0.0
 70
0
  0
VERTEX
  5
2AC6
  8
CUT
 10
237.68020892656952
 20
-3465.8731300288923
 30
0.0
 70
0
  0
VERTEX
  5
2AC7
  8
CUT
 10
238.329328041606
 20
-3466.0891776148655
 30
0.0
 70
0
  0
VERTEX
  5
2AC8
  8
CUT
 10
238.91768853283625
 20
-3466.4382680290423
 30
0.0
 70
0
  0
VERTEX
  5
2AC9
  8
CUT
 10
239.41839863793354
 20
-3466.904445651375
 30
0.0
 70
0
  0
VERTEX
  5
2ACA
  8
CUT
 10
239.8085727666151
 20
-3467.4664032424957
 30
0.0
 70
0
  0
VERTEX
  5
2ACB
  8
CUT
 10
240.07037751556624
 20
-3468.0984558181076
 30
0.0
 70
0
  0
VERTEX
  5
2ACC
  8
CUT
 10
240.19184676675263
 20
-3468.7717146137625
 30
0.0
 70
0
  0
VERTEX
  5
2ACD
  8
CUT
 10
240.16742861401877
 20
-3469.4554074824746
 30
0.0
 70
0
  0
VERTEX
  5
2ACE
  8
CUT
 10
239.99823911999903
 20
-3470.1182853747173
 30
0.0
 70
0
  0
VERTEX
  5
2ACF
  8
CUT
 10
239.69201130505954
 20
-3470.730050615858
 30
0.0
 70
0
  0
VERTEX
  5
2AD0
  8
CUT
 10
239.26274169979672
 20
-3471.262741699797
 30
0.0
 70
0
  0
VERTEX
  5
2AD1
  8
CUT
 10
238.73005061585766
 20
-3471.6920113050596
 30
0.0
 70
0
  0
VERTEX
  5
2AD2
  8
CUT
 10
238.11828537471686
 20
-3471.998239119999
 30
0.0
 70
0
  0
VERTEX
  5
2AD3
  8
CUT
 10
237.45540748247427
 20
-3472.1674286140187
 30
0.0
 70
0
  0
VERTEX
  5
2AD4
  8
CUT
 10
236.77171461376224
 20
-3472.191846766753
 30
0.0
 70
0
  0
VERTEX
  5
2AD5
  8
CUT
 10
236.09845581810723
 20
-3472.070377515566
 30
0.0
 70
0
  0
VERTEX
  5
2AD6
  8
CUT
 10
235.46640324249563
 20
-3471.8085727666153
 30
0.0
 70
0
  0
VERTEX
  5
2AD7
  8
CUT
 10
234.90444565137494
 20
-3471.4183986379335
 30
0.0
 70
0
  0
VERTEX
  5
2AD8
  8
CUT
 10
234.43826802904192
 20
-3470.917688532836
 30
0.0
 70
0
  0
VERTEX
  5
2AD9
  8
CUT
 10
234.08917761486543
 20
-3470.329328041606
 30
0.0
 70
0
  0
VERTEX
  5
2ADA
  8
CUT
 10
233.8731300288922
 20
-3469.6802089265693
 30
0.0
 70
0
  0
VERTEX
  5
2ADB
  8
CUT
 10
233.79999999999995
 20
-3469.0
 30
0.0
 70
0
  0
VERTEX
  5
2ADC
  8
CUT
 10
229.75
 20
-3469.0
 30
0.0
 70
0
  0
VERTEX
  5
2ADD
  8
CUT
 10
201.98059999999998
 20
-3470.8201
 30
0.0
 70
0
  0
VERTEX
  5
2ADE
  8
CUT
 10
174.68619999999999
 20
-3476.2493
 30
0.0
 70
0
  0
VERTEX
  5
2ADF
  8
CUT
 10
148.33410000000003
 20
-3485.1946
 30
0.0
 70
0
  0
VERTEX
  5
2AE0
  8
CUT
 10
123.375
 20
-3497.5031
 30
0.0
 70
0
  0
VERTEX
  5
2AE1
  8
CUT
 10
100.23599999999999
 20
-3512.9641
 30
0.0
 70
0
  0
VERTEX
  5
2AE2
  8
CUT
 10
79.31299999999999
 20
-3531.313
 30
0.0
 70
0
  0
VERTEX
  5
2AE3
  8
CUT
 10
60.96410000000003
 20
-3552.236
 30
0.0
 70
0
  0
VERTEX
  5
2AE4
  8
CUT
 10
45.50310000000002
 20
-3575.375
 30
0.0
 70
0
  0
VERTEX
  5
2AE5
  8
CUT
 10
33.19460000000004
 20
-3600.3341
 30
0.0
 70
0
  0
VERTEX
  5
2AE6
  8
CUT
 10
24.24929999999995
 20
-3626.6862
 30
0.0
 70
0
  0
VERTEX
  5
2AE7
  8
CUT
 10
18.820100000000025
 20
-3653.9806
 30
0.0
 70
0
  0
VERTEX
  5
2AE8
  8
CUT
 10
17.0
 20
-3681.75
 30
0.0
 70
0
  0
VERTEX
  5
2AE9
  8
CUT
 10
18.820100000000025
 20
-3709.5194
 30
0.0
 70
0
  0
VERTEX
  5
2AEA
  8
CUT
 10
24.24929999999995
 20
-3736.8138
 30
0.0
 70
0
  0
VERTEX
  5
2AEB
  8
CUT
 10
33.19460000000004
 20
-3763.1659
 30
0.0
 70
0
  0
VERTEX
  5
2AEC
  8
CUT
 10
45.50310000000002
 20
-3788.125
 30
0.0
 70
0
  0
VERTEX
  5
2AED
  8
CUT
 10
60.96410000000003
 20
-3811.264
 30
0.0
 70
0
  0
VERTEX
  5
2AEE
  8
CUT
 10
79.31299999999999
 20
-3832.187
 30
0.0
 70
0
  0
VERTEX
  5
2AEF
  8
CUT
 10
100.23599999999999
 20
-3850.5359
 30
0.0
 70
0
  0
VERTEX
  5
2AF0
  8
CUT
 10
123.375
 20
-3865.9969
 30
0.0
 70
0
  0
VERTEX
  5
2AF1
  8
CUT
 10
148.33410000000003
 20
-3878.3054
 30
0.0
 70
0
  0
VERTEX
  5
2AF2
  8
CUT
 10
174.68619999999999
 20
-3887.2507
 30
0.0
 70
0
  0
VERTEX
  5
2AF3
  8
CUT
 10
201.98059999999998
 20
-3892.6799
 30
0.0
 70
0
  0
VERTEX
  5
2AF4
  8
CUT
 10
229.75
 20
-3894.5
 30
0.0
 70
0
  0
VERTEX
  5
2AF5
  8
CUT
 10
293.79999999999995
 20
-3894.5
 30
0.0
 70
0
  0
VERTEX
  5
2AF6
  8
CUT
 10
293.87313002889226
 20
-3893.8197910734307
 30
0.0
 70
0
  0
VERTEX
  5
2AF7
  8
CUT
 10
294.0891776148655
 20
-3893.170671958394
 30
0.0
 70
0
  0
VERTEX
  5
2AF8
  8
CUT
 10
294.438268029042
 20
-3892.582311467164
 30
0.0
 70
0
  0
VERTEX
  5
2AF9
  8
CUT
 10
294.904445651375
 20
-3892.0816013620665
 30
0.0
 70
0
  0
VERTEX
  5
2AFA
  8
CUT
 10
295.46640324249574
 20
-3891.6914272333847
 30
0.0
 70
0
  0
VERTEX
  5
2AFB
  8
CUT
 10
296.0984558181073
 20
-3891.429622484434
 30
0.0
 70
0
  0
VERTEX
  5
2AFC
  8
CUT
 10
296.77171461376236
 20
-3891.308153233247
 30
0.0
 70
0
  0
VERTEX
  5
2AFD
  8
CUT
 10
297.4554074824744
 20
-3891.3325713859813
 30
0.0
 70
0
  0
VERTEX
  5
2AFE
  8
CUT
 10
298.118285374717
 20
-3891.501760880001
 30
0.0
 70
0
  0
VERTEX
  5
2AFF
  8
CUT
 10
298.73005061585775
 20
-3891.8079886949404
 30
0.0
 70
0
  0
VERTEX
  5
2B00
  8
CUT
 10
299.2627416997968
 20
-3892.237258300203
 30
0.0
 70
0
  0
VERTEX
  5
2B01
  8
CUT
 10
299.6920113050596
 20
-3892.769949384142
 30
0.0
 70
0
  0
VERTEX
  5
2B02
  8
CUT
 10
299.9982391199991
 20
-3893.3817146252827
 30
0.0
 70
0
  0
VERTEX
  5
2B03
  8
CUT
 10
300.16742861401883
 20
-3894.0445925175254
 30
0.0
 70
0
  0
VERTEX
  5
2B04
  8
CUT
 10
300.19184676675263
 20
-3894.7282853862375
 30
0.0
 70
0
  0
VERTEX
  5
2B05
  8
CUT
 10
300.07037751556624
 20
-3895.4015441818924
 30
0.0
 70
0
  0
VERTEX
  5
2B06
  8
CUT
 10
299.80857276661504
 20
-3896.0335967575043
 30
0.0
 70
0
  0
VERTEX
  5
2B07
  8
CUT
 10
299.4183986379335
 20
-3896.595554348625
 30
0.0
 70
0
  0
VERTEX
  5
2B08
  8
CUT
 10
298.91768853283617
 20
-3897.0617319709577
 30
0.0
 70
0
  0
VERTEX
  5
2B09
  8
CUT
 10
298.3293280416059
 20
-3897.4108223851345
 30
0.0
 70
0
  0
VERTEX
  5
2B0A
  8
CUT
 10
297.6802089265694
 20
-3897.6268699711077
 30
0.0
 70
0
  0
VERTEX
  5
2B0B
  8
CUT
 10
297.0
 20
-3897.7
 30
0.0
 70
0
  0
VERTEX
  5
2B0C
  8
CUT
 10
297.0
 20
-3913.0
 30
0.0
 70
0
  0
VERTEX
  5
2B0D
  8
CUT
 10
337.0
 20
-3913.0
 30
0.0
 70
0
  0
VERTEX
  5
2B0E
  8
CUT
 10
337.0
 20
-3897.7
 30
0.0
 70
0
  0
VERTEX
  5
2B0F
  8
CUT
 10
336.3197910734305
 20
-3897.6268699711077
 30
0.0
 70
0
  0
VERTEX
  5
2B10
  8
CUT
 10
335.670671958394
 20
-3897.4108223851345
 30
0.0
 70
0
  0
VERTEX
  5
2B11
  8
CUT
 10
335.0823114671638
 20
-3897.0617319709577
 30
0.0
 70
0
  0
VERTEX
  5
2B12
  8
CUT
 10
334.58160136206646
 20
-3896.595554348625
 30
0.0
 70
0
  0
VERTEX
  5
2B13
  8
CUT
 10
334.1914272333849
 20
-3896.0335967575043
 30
0.0
 70
0
  0
VERTEX
  5
2B14
  8
CUT
 10
333.92962248443376
 20
-3895.4015441818924
 30
0.0
 70
0
  0
VERTEX
  5
2B15
  8
CUT
 10
333.80815323324737
 20
-3894.7282853862375
 30
0.0
 70
0
  0
VERTEX
  5
2B16
  8
CUT
 10
333.8325713859812
 20
-3894.0445925175254
 30
0.0
 70
0
  0
VERTEX
  5
2B17
  8
CUT
 10
334.00176088000103
 20
-3893.3817146252827
 30
0.0
 70
0
  0
VERTEX
  5
2B18
  8
CUT
 10
334.3079886949405
 20
-3892.769949384142
 30
0.0
 70
0
  0
VERTEX
  5
2B19
  8
CUT
 10
334.73725830020334
 20
-3892.237258300203
 30
0.0
 70
0
  0
VERTEX
  5
2B1A
  8
CUT
 10
335.26994938414236
 20
-3891.8079886949404
 30
0.0
 70
0
  0
VERTEX
  5
2B1B
  8
CUT
 10
335.88171462528317
 20
-3891.501760880001
 30
0.0
 70
0
  0
VERTEX
  5
2B1C
  8
CUT
 10
336.5445925175257
 20
-3891.3325713859813
 30
0.0
 70
0
  0
VERTEX
  5
2B1D
  8
CUT
 10
337.22828538623776
 20
-3891.308153233247
 30
0.0
 70
0
  0
VERTEX
  5
2B1E
  8
CUT
 10
337.90154418189275
 20
-3891.429622484434
 30
0.0
 70
0
  0
VERTEX
  5
2B1F
  8
CUT
 10
338.53359675750437
 20
-3891.6914272333847
 30
0.0
 70
0
  0
VERTEX
  5
2B20
  8
CUT
 10
339.09555434862506
 20
-3892.0816013620665
 30
0.0
 70
0
  0
VERTEX
  5
2B21
  8
CUT
 10
339.5617319709581
 20
-3892.582311467164
 30
0.0
 70
0
  0
VERTEX
  5
2B22
  8
CUT
 10
339.9108223851345
 20
-3893.170671958394
 30
0.0
 70
0
  0
VERTEX
  5
2B23
  8
CUT
 10
340.12686997110774
 20
-3893.8197910734307
 30
0.0
 70
0
  0
VERTEX
  5
2B24
  8
CUT
 10
340.2
 20
-3894.5
 30
0.0
 70
0
  0
VERTEX
  5
2B25
  8
CUT
 10
433.8
 20
-3894.5
 30
0.0
 70
0
  0
VERTEX
  5
2B26
  8
CUT
 10
433.87313002889226
 20
-3893.8197910734307
 30
0.0
 70
0
  0
VERTEX
  5
2B27
  8
CUT
 10
434.0891776148655
 20
-3893.170671958394
 30
0.0
 70
0
  0
VERTEX
  5
2B28
  8
CUT
 10
434.43826802904204
 20
-3892.582311467164
 30
0.0
 70
0
  0
VERTEX
  5
2B29
  8
CUT
 10
434.90444565137506
 20
-3892.0816013620665
 30
0.0
 70
0
  0
VERTEX
  5
2B2A
  8
CUT
 10
435.46640324249574
 20
-3891.6914272333847
 30
0.0
 70
0
  0
VERTEX
  5
2B2B
  8
CUT
 10
436.0984558181073
 20
-3891.429622484434
 30
0.0
 70
0
  0
VERTEX
  5
2B2C
  8
CUT
 10
436.77171461376236
 20
-3891.308153233247
 30
0.0
 70
0
  0
VERTEX
  5
2B2D
  8
CUT
 10
437.45540748247436
 20
-3891.3325713859813
 30
0.0
 70
0
  0
VERTEX
  5
2B2E
  8
CUT
 10
438.11828537471695
 20
-3891.501760880001
 30
0.0
 70
0
  0
VERTEX
  5
2B2F
  8
CUT
 10
438.73005061585775
 20
-3891.8079886949404
 30
0.0
 70
0
  0
VERTEX
  5
2B30
  8
CUT
 10
439.2627416997968
 20
-3892.237258300203
 30
0.0
 70
0
  0
VERTEX
  5
2B31
  8
CUT
 10
439.69201130505957
 20
-3892.7699493841424
 30
0.0
 70
0
  0
VERTEX
  5
2B32
  8
CUT
 10
439.998239119999
 20
-3893.3817146252827
 30
0.0
 70
0
  0
VERTEX
  5
2B33
  8
CUT
 10
440.1674286140188
 20
-3894.0445925175254
 30
0.0
 70
0
  0
VERTEX
  5
2B34
  8
CUT
 10
440.1918467667526
 20
-3894.7282853862375
 30
0.0
 70
0
  0
VERTEX
  5
2B35
  8
CUT
 10
440.0703775155662
 20
-3895.4015441818924
 30
0.0
 70
0
  0
VERTEX
  5
2B36
  8
CUT
 10
439.80857276661504
 20
-3896.0335967575043
 30
0.0
 70
0
  0
VERTEX
  5
2B37
  8
CUT
 10
439.4183986379334
 20
-3896.595554348625
 30
0.0
 70
0
  0
VERTEX
  5
2B38
  8
CUT
 10
438.91768853283617
 20
-3897.0617319709577
 30
0.0
 70
0
  0
VERTEX
  5
2B39
  8
CUT
 10
438.3293280416059
 20
-3897.4108223851345
 30
0.0
 70
0
  0
VERTEX
  5
2B3A
  8
CUT
 10
437.6802089265694
 20
-3897.6268699711077
 30
0.0
 70
0
  0
VERTEX
  5
2B3B
  8
CUT
 10
437.0
 20
-3897.7
 30
0.0
 70
0
  0
SEQEND
  5
2A60
  8
CUT
  0
ENDSEC
  0
EOF
