  0
SECTION
  2
HEADER
  9
$ACADVER
  1
AC1009
  9
$DWGCODEPAGE
  3
ANSI_1252
  9
$INSBASE
 10
0.0
 20
0.0
 30
0.0
  9
$EXTMIN
 10
0.0000
 20
0.0000
 30
0.0000
  9
$EXTMAX
 10
2440.0000
 20
1220.0000
 30
0.0000
  9
$LIMMIN
 10
0.0000
 20
0.0000
  9
$LIMMAX
 10
2440.0000
 20
1220.0000
  9
$ORTHOMODE
 70
0
  9
$REGENMODE
 70
1
  9
$FILLMODE
 70
1
  9
$DRAGMODE
 70
2
  9
$QTEXTMODE
 70
0
  9
$MIRRTEXT
 70
1
  9
$OSMODE
 70
20583
  9
$LTSCALE
 40
1.0
  9
$ATTMODE
 70
1
  9
$TEXTSIZE
 40
2.5
  9
$TRACEWID
 40
1.0
  9
$TEXTSTYLE
  7
Standard
  9
$CLAYER
  8
0
  9
$CELTYPE
  6
ByLayer
  9
$CECOLOR
 62
256
  9
$DIMSCALE
 40
1.0
  9
$DIMASZ
 40
2.5
  9
$DIMEXO
 40
0.625
  9
$DIMDLI
 40
3.75
  9
$DIMRND
 40
0.0
  9
$DIMDLE
 40
0.0
  9
$DIMEXE
 40
1.25
  9
$DIMTP
 40
0.0
  9
$DIMTM
 40
0.0
  9
$DIMTXT
 40
2.5
  9
$DIMCEN
 40
2.5
  9
$DIMTSZ
 40
0.0
  9
$DIMTOL
 70
0
  9
$DIMLIM
 70
0
  9
$DIMTIH
 70
0
  9
$DIMTOH
 70
0
  9
$DIMSE1
 70
0
  9
$DIMSE2
 70
0
  9
$DIMTAD
 70
1
  9
$DIMZIN
 70
8
  9
$DIMBLK
  1

  9
$DIMASO
 70
1
  9
$DIMSHO
 70
1
  9
$DIMPOST
  1

  9
$DIMAPOST
  1

  9
$DIMALT
 70
0
  9
$DIMALTD
 70
3
  9
$DIMALTF
 40
0.03937007874
  9
$DIMLFAC
 40
1.0
  9
$DIMTOFL
 70
1
  9
$DIMTVP
 40
0.0
  9
$DIMTIX
 70
0
  9
$DIMSOXD
 70
0
  9
$DIMSAH
 70
0
  9
$DIMBLK1
  1

  9
$DIMBLK2
  1

  9
$DIMSTYLE
  2
ISO-25
  9
$DIMCLRD
 70
0
  9
$DIMCLRE
 70
0
  9
$DIMCLRT
 70
0
  9
$DIMTFAC
 40
1.0
  9
$DIMGAP
 40
0.625
  9
$COORDS
 70
1
  9
$ATTDIA
 70
0
  9
$ATTREQ
 70
1
  9
$HANDLING
 70
1
  9
$LUNITS
 70
2
  9
$LUPREC
 70
4
  9
$SKETCHINC
 40
1.0
  9
$FILLETRAD
 40
10.0
  9
$AUNITS
 70
0
  9
$AUPREC
 70
2
  9
$MENU
  1
.
  9
$ELEVATION
 40
0.0
  9
$PELEVATION
 40
0.0
  9
$THICKNESS
 40
0.0
  9
$LIMCHECK
 70
0
  9
$CHAMFERA
 40
0.0
  9
$CHAMFERB
 40
0.0
  9
$SKPOLY
 70
0
  9
$TDCREATE
 40
2461315.644988426
  9
$TDUPDATE
 40
2461315.644988426
  9
$TDINDWG
 40
0.0
  9
$TDUSRTIMER
 40
0.0
  9
$USRTIMER
 70
1
  9
$ANGBASE
 50
0.0
  9
$ANGDIR
 70
0
  9
$PDMODE
 70
0
  9
$PDSIZE
 40
0.0
  9
$PLINEWID
 40
0.0
  9
$SPLFRAME
 70
0
  9
$SPLINETYPE
 70
6
  9
$SPLINESEGS
 70
8
  9
$HANDSEED
  5
1E62
  9
$SURFTAB1
 70
6
  9
$SURFTAB2
 70
6
  9
$SURFTYPE
 70
6
  9
$SURFU
 70
6
  9
$SURFV
 70
6
  9
$UCSNAME
  2

  9
$UCSORG
 10
0.0
 20
0.0
 30
0.0
  9
$UCSXDIR
 10
1.0
 20
0.0
 30
0.0
  9
$UCSYDIR
 10
0.0
 20
1.0
 30
0.0
  9
$PUCSNAME
  2

  9
$PUCSORG
 10
0.0
 20
0.0
 30
0.0
  9
$PUCSXDIR
 10
1.0
 20
0.0
 30
0.0
  9
$PUCSYDIR
 10
0.0
 20
1.0
 30
0.0
  9
$USERI1
 70
0
  9
$USERI2
 70
0
  9
$USERI3
 70
0
  9
$USERI4
 70
0
  9
$USERI5
 70
0
  9
$USERR1
 40
0.0
  9
$USERR2
 40
0.0
  9
$USERR3
 40
0.0
  9
$USERR4
 40
0.0
  9
$USERR5
 40
0.0
  9
$WORLDVIEW
 70
1
  9
$SHADEDGE
 70
3
  9
$SHADEDIF
 70
70
  9
$TILEMODE
 70
1
  9
$MAXACTVP
 70
64
  9
$PLIMCHECK
 70
0
  9
$PEXTMIN
 10
1e+20
 20
1e+20
 30
1e+20
  9
$PEXTMAX
 10
-1e+20
 20
-1e+20
 30
-1e+20
  9
$PLIMMIN
 10
0.0
 20
0.0
  9
$PLIMMAX
 10
420.0
 20
297.0
  9
$UNITMODE
 70
0
  9
$VISRETAIN
 70
1
  9
$PLINEGEN
 70
0
  9
$PSLTSCALE
 70
1
  0
ENDSEC
  0
SECTION
  2
TABLES
  0
TABLE
  2
VPORT
 70
1
  0
VPORT
  5
23
  2
*Active
 70
0
 10
0.0
 20
0.0
 11
1.0
 21
1.0
 12
0.0
 22
0.0
 13
0.0
 23
0.0
 14
0.5
 24
0.5
 15
0.5
 25
0.5
 16
0.0
 26
0.0
 36
1.0
 17
0.0
 27
0.0
 37
0.0
 40
1000.0
 41
1.34
 42
50.0
 43
0.0
 44
0.0
 50
0.0
 51
0.0
 71
0
 72
1000
 73
1
 74
3
 75
0
 76
0
 77
0
 78
0
  0
ENDTAB
  0
TABLE
  2
LTYPE
 70
3
  0
LTYPE
  5
24
  2
ByBlock
 70
0
  3

 72
65
 73
0
 40
0.0
  0
LTYPE
  5
25
  2
ByLayer
 70
0
  3

 72
65
 73
0
 40
0.0
  0
LTYPE
  5
26
  2
Continuous
 70
0
  3

 72
65
 73
0
 40
0.0
  0
ENDTAB
  0
TABLE
  2
LAYER
 70
5
  0
LAYER
  5
27
  2
0
 70
0
 62
7
  6
Continuous
  0
LAYER
  5
28
  2
Defpoints
 70
0
 62
7
  6
Continuous
  0
LAYER
  5
2D
  2
CUT
 70
0
 62
1
  6
Continuous
  0
LAYER
  5
2E
  2
POCKET-KERF-15_5
 70
0
 62
5
  6
Continuous
  0
LAYER
  5
2F
  2
BOARD-2440X1220
 70
0
 62
8
  6
Continuous
  0
ENDTAB
  0
TABLE
  2
STYLE
 70
1
  0
STYLE
  5
29
  2
Standard
 70
0
 40
0.0
 41
1.0
 50
0.0
 71
0
 42
2.5
  3
txt
  4

  0
ENDTAB
  0
TABLE
  2
VIEW
 70
0
  0
ENDTAB
  0
TABLE
  2
UCS
 70
0
  0
ENDTAB
  0
TABLE
  2
APPID
 70
3
  0
APPID
  5
2A
  2
ACAD
 70
0
  0
APPID
  5
1E60
  2
HATCHBACKGROUNDCOLOR
 70
0
  0
APPID
  5
1E61
  2
EZDXF
 70
0
  0
ENDTAB
  0
TABLE
  2
DIMSTYLE
 70
1
  0
DIMSTYLE
105
2B
  2
Standard
 70
0
  3

  4

  5

  6

  7

 40
1.0
 41
2.5
 42
0.625
 43
3.75
 44
1.25
 45
0.0
 46
0.0
 47
0.0
 48
0.0
140
2.5
141
2.5
142
0.0
143
0.03937007874
144
1.0
145
0.0
146
1.0
147
0.625
 71
0
 72
0
 73
0
 74
0
 75
0
 76
0
 77
1
 78
8
170
0
171
3
172
1
173
0
174
0
175
0
176
0
177
0
178
0
  0
ENDTAB
  0
ENDSEC
  0
SECTION
  2
BLOCKS
  0
BLOCK
  5
18
  8
0
  2
$Model_Space
 70
0
 10
0.0
 20
0.0
 30
0.0
  3
$Model_Space
  1

1001
EZDXF
1000
CREATED_BY_EZDXF
1000
1.4.4 @ 2026-10-01T15:28:47.279691+00:00
1000
WRITTEN_BY_EZDXF
1000
1.4.4 @ 2026-10-01T15:28:47.488686+00:00
  0
ENDBLK
  5
19
  8
0
  0
BLOCK
  5
1C
  8
0
  2
$Paper_Space
 70
0
 10
0.0
 20
0.0
 30
0.0
  3
$Paper_Space
  1

  0
ENDBLK
  5
1D
  8
0
  0
ENDSEC
  0
SECTION
  2
ENTITIES
  0
POLYLINE
  5
30
  8
BOARD-2440X1220
 66
1
 10
0.0
 20
0.0
 30
0.0
 70
1
  0
VERTEX
  5
32
  8
BOARD-2440X1220
 10
0.0
 20
0.0
 30
0.0
 70
0
  0
VERTEX
  5
33
  8
BOARD-2440X1220
 10
2440.0
 20
0.0
 30
0.0
 70
0
  0
VERTEX
  5
34
  8
BOARD-2440X1220
 10
2440.0
 20
1220.0
 30
0.0
 70
0
  0
VERTEX
  5
35
  8
BOARD-2440X1220
 10
0.0
 20
1220.0
 30
0.0
 70
0
  0
SEQEND
  5
31
  8
BOARD-2440X1220
  0
POLYLINE
  5
36
  8
CUT
 66
1
 10
0.0
 20
0.0
 30
0.0
 70
1
  0
VERTEX
  5
38
  8
CUT
 10
804.6808360041198
 20
18.0
 30
0.0
 70
0
  0
VERTEX
  5
39
  8
CUT
 10
1141.829765720171
 20
339.2951901154468
 30
0.0
 70
0
  0
VERTEX
  5
3A
  8
CUT
 10
1134.1004077911125
 20
347.29046859031433
 30
0.0
 70
0
  0
VERTEX
  5
3B
  8
CUT
 10
1126.2572993031486
 20
355.1741924015733
 30
0.0
 70
0
  0
VERTEX
  5
3C
  8
CUT
 10
1118.3020501106225
 20
362.9447433582939
 30
0.0
 70
0
  0
VERTEX
  5
3D
  8
CUT
 10
1110.2362930855616
 20
370.6005264990877
 30
0.0
 70
0
  0
VERTEX
  5
3E
  8
CUT
 10
1102.06168378252
 20
378.13997041948477
 30
0.0
 70
0
  0
VERTEX
  5
3F
  8
CUT
 10
1093.779900098764
 20
385.5615275944752
 30
0.0
 70
0
  0
VERTEX
  5
40
  8
CUT
 10
1085.3926419298705
 20
392.8636746961509
 30
0.0
 70
0
  0
VERTEX
  5
41
  8
CUT
 10
1076.9016308208122
 20
400.0449129063781
 30
0.0
 70
0
  0
VERTEX
  5
42
  8
CUT
 10
1068.3086096125978
 20
407.1037682244419
 30
0.0
 70
0
  0
VERTEX
  5
43
  8
CUT
 10
1059.6153420845415
 20
414.03879176959487
 30
0.0
 70
0
  0
VERTEX
  5
44
  8
CUT
 10
1050.823612592235
 20
420.8485600784498
 30
0.0
 70
0
  0
VERTEX
  5
45
  8
CUT
 10
1041.9352257012943
 20
427.5316753971569
 30
0.0
 70
0
  0
VERTEX
  5
46
  8
CUT
 10
1032.9520058169614
 20
434.0867659683017
 30
0.0
 70
0
  0
VERTEX
  5
47
  8
CUT
 10
1023.8757968096314
 20
440.5124863124685
 30
0.0
 70
0
  0
VERTEX
  5
48
  8
CUT
 10
1014.7084616363838
 20
446.80751750441044
 30
0.0
 70
0
  0
VERTEX
  5
49
  8
CUT
 10
1005.4518819585992
 20
452.97056744376704
 30
0.0
 70
0
  0
VERTEX
  5
4A
  8
CUT
 10
996.1079577557325
 20
459.000371120278
 30
0.0
 70
0
  0
VERTEX
  5
4B
  8
CUT
 10
986.6786069353307
 20
464.8956908734353
 30
0.0
 70
0
  0
VERTEX
  5
4C
  8
CUT
 10
977.1657649393667
 20
470.65531664652207
 30
0.0
 70
0
  0
VERTEX
  5
4D
  8
CUT
 10
967.5713843469773
 20
476.2780662349855
 30
0.0
 70
0
  0
VERTEX
  5
4E
  8
CUT
 10
957.8974344736819
 20
481.76278552909224
 30
0.0
 70
0
  0
VERTEX
  5
4F
  8
CUT
 10
948.1459009671655
 20
487.1083487508185
 30
0.0
 70
0
  0
VERTEX
  5
50
  8
CUT
 10
938.318785399712
 20
492.3136586849234
 30
0.0
 70
0
  0
VERTEX
  5
51
  8
CUT
 10
928.4181048573652
 20
497.37764690416094
 30
0.0
 70
0
  0
VERTEX
  5
52
  8
CUT
 10
918.4458915259088
 20
502.2992739885819
 30
0.0
 70
0
  0
VERTEX
  5
53
  8
CUT
 10
908.4041922737449
 20
507.077529738882
 30
0.0
 70
0
  0
VERTEX
  5
54
  8
CUT
 10
898.2950682317605
 20
511.71143338375344
 30
0.0
 70
0
  0
VERTEX
  5
55
  8
CUT
 10
888.120594370264
 20
516.2000337811942
 30
0.0
 70
0
  0
VERTEX
  5
56
  8
CUT
 10
877.8828590730843
 20
520.5424096137378
 30
0.0
 70
0
  0
VERTEX
  5
57
  8
CUT
 10
867.5839637089136
 20
524.7376695775597
 30
0.0
 70
0
  0
VERTEX
  5
58
  8
CUT
 10
857.2260221999877
 20
528.7849525654235
 30
0.0
 70
0
  0
VERTEX
  5
59
  8
CUT
 10
846.8111605881875
 20
532.6834278434305
 30
0.0
 70
0
  0
VERTEX
  5
5A
  8
CUT
 10
836.3415165986537
 20
536.4322952215325
 30
0.0
 70
0
  0
VERTEX
  5
5B
  8
CUT
 10
825.8192392010031
 20
540.0307852177775
 30
0.0
 70
0
  0
VERTEX
  5
5C
  8
CUT
 10
815.2464881682384
 20
543.4781592162512
 30
0.0
 70
0
  0
VERTEX
  5
5D
  8
CUT
 10
804.6254336334375
 20
546.7737096186829
 30
0.0
 70
0
  0
VERTEX
  5
5E
  8
CUT
 10
793.9582556443195
 20
549.9167599896853
 30
0.0
 70
0
  0
VERTEX
  5
5F
  8
CUT
 10
783.2471437157735
 20
552.9066651955977
 30
0.0
 70
0
  0
VERTEX
  5
60
  8
CUT
 10
772.4942963804452
 20
555.7428115369044
 30
0.0
 70
0
  0
VERTEX
  5
61
  8
CUT
 10
761.7019207374726
 20
558.4246168742006
 30
0.0
 70
0
  0
VERTEX
  5
62
  8
CUT
 10
750.8722319994624
 20
560.951530747682
 30
0.0
 70
0
  0
VERTEX
  5
63
  8
CUT
 10
740.0074530378017
 20
563.3230344901285
 30
0.0
 70
0
  0
VERTEX
  5
64
  8
CUT
 10
729.1098139263986
 20
565.5386413333658
 30
0.0
 70
0
  0
VERTEX
  5
65
  8
CUT
 10
718.1815514839427
 20
567.5978965081779
 30
0.0
 70
0
  0
VERTEX
  5
66
  8
CUT
 10
707.2249088147825
 20
569.5003773376516
 30
0.0
 70
0
  0
VERTEX
  5
67
  8
CUT
 10
696.2421348485111
 20
571.2456933239339
 30
0.0
 70
0
  0
VERTEX
  5
68
  8
CUT
 10
685.2354838783587
 20
572.8334862283843
 30
0.0
 70
0
  0
VERTEX
  5
69
  8
CUT
 10
674.2072150984816
 20
574.2634301451067
 30
0.0
 70
0
  0
VERTEX
  5
6A
  8
CUT
 10
663.1595921402471
 20
575.5352315678429
 30
0.0
 70
0
  0
VERTEX
  5
6B
  8
CUT
 10
652.0948826076065
 20
576.648629450217
 30
0.0
 70
0
  0
VERTEX
  5
6C
  8
CUT
 10
641.0153576116533
 20
577.603395259318
 30
0.0
 70
0
  0
VERTEX
  5
6D
  8
CUT
 10
629.9232913044609
 20
578.3993330226069
 30
0.0
 70
0
  0
VERTEX
  5
6E
  8
CUT
 10
618.8209604122974
 20
579.0362793681418
 30
0.0
 70
0
  0
VERTEX
  5
6F
  8
CUT
 10
607.7106437683101
 20
579.5141035581107
 30
0.0
 70
0
  0
VERTEX
  5
70
  8
CUT
 10
596.5946218447795
 20
579.8327075156674
 30
0.0
 70
0
  0
VERTEX
  5
71
  8
CUT
 10
585.4751762850359
 20
579.9920258450613
 30
0.0
 70
0
  0
VERTEX
  5
72
  8
CUT
 10
574.3545894351353
 20
579.9920258450613
 30
0.0
 70
0
  0
VERTEX
  5
73
  8
CUT
 10
563.235143875392
 20
579.8327075156674
 30
0.0
 70
0
  0
VERTEX
  5
74
  8
CUT
 10
552.1191219518614
 20
579.5141035581107
 30
0.0
 70
0
  0
VERTEX
  5
75
  8
CUT
 10
541.0088053078741
 20
579.0362793681418
 30
0.0
 70
0
  0
VERTEX
  5
76
  8
CUT
 10
529.9064744157104
 20
578.3993330226069
 30
0.0
 70
0
  0
VERTEX
  5
77
  8
CUT
 10
518.8144081085179
 20
577.603395259318
 30
0.0
 70
0
  0
VERTEX
  5
78
  8
CUT
 10
507.7348831125646
 20
576.648629450217
 30
0.0
 70
0
  0
VERTEX
  5
79
  8
CUT
 10
496.6701735799242
 20
575.5352315678429
 30
0.0
 70
0
  0
VERTEX
  5
7A
  8
CUT
 10
485.62255062168975
 20
574.2634301451067
 30
0.0
 70
0
  0
VERTEX
  5
7B
  8
CUT
 10
474.59428184181286
 20
572.8334862283843
 30
0.0
 70
0
  0
VERTEX
  5
7C
  8
CUT
 10
463.58763087166034
 20
571.2456933239339
 30
0.0
 70
0
  0
VERTEX
  5
7D
  8
CUT
 10
452.6048569053889
 20
569.5003773376516
 30
0.0
 70
0
  0
VERTEX
  5
7E
  8
CUT
 10
441.64821423622845
 20
567.5978965081779
 30
0.0
 70
0
  0
VERTEX
  5
7F
  8
CUT
 10
430.71995179377274
 20
565.5386413333658
 30
0.0
 70
0
  0
VERTEX
  5
80
  8
CUT
 10
419.8223126823698
 20
563.3230344901285
 30
0.0
 70
0
  0
VERTEX
  5
81
  8
CUT
 10
408.9575337207091
 20
560.951530747682
 30
0.0
 70
0
  0
VERTEX
  5
82
  8
CUT
 10
398.12784498269866
 20
558.4246168742009
 30
0.0
 70
0
  0
VERTEX
  5
83
  8
CUT
 10
387.33546933972593
 20
555.7428115369044
 30
0.0
 70
0
  0
VERTEX
  5
84
  8
CUT
 10
376.5826220043979
 20
552.9066651955977
 30
0.0
 70
0
  0
VERTEX
  5
85
  8
CUT
 10
365.8715100758518
 20
549.9167599896855
 30
0.0
 70
0
  0
VERTEX
  5
86
  8
CUT
 10
355.20433208673376
 20
546.7737096186831
 30
0.0
 70
0
  0
VERTEX
  5
87
  8
CUT
 10
344.58327755193284
 20
543.4781592162515
 30
0.0
 70
0
  0
VERTEX
  5
88
  8
CUT
 10
334.01052651916814
 20
540.0307852177777
 30
0.0
 70
0
  0
VERTEX
  5
89
  8
CUT
 10
323.4882491215177
 20
536.4322952215325
 30
0.0
 70
0
  0
VERTEX
  5
8A
  8
CUT
 10
313.0186051319839
 20
532.6834278434305
 30
0.0
 70
0
  0
VERTEX
  5
8B
  8
CUT
 10
302.6037435201836
 20
528.7849525654235
 30
0.0
 70
0
  0
VERTEX
  5
8C
  8
CUT
 10
292.2458020112577
 20
524.7376695775597
 30
0.0
 70
0
  0
VERTEX
  5
8D
  8
CUT
 10
281.946906647087
 20
520.5424096137378
 30
0.0
 70
0
  0
VERTEX
  5
8E
  8
CUT
 10
271.70917134990725
 20
516.2000337811944
 30
0.0
 70
0
  0
VERTEX
  5
8F
  8
CUT
 10
261.5346974884107
 20
511.71143338375344
 30
0.0
 70
0
  0
VERTEX
  5
90
  8
CUT
 10
251.42557344642643
 20
507.0775297388822
 30
0.0
 70
0
  0
VERTEX
  5
91
  8
CUT
 10
241.38387419426238
 20
502.299273988582
 30
0.0
 70
0
  0
VERTEX
  5
92
  8
CUT
 10
231.4116608628063
 20
497.3776469041613
 30
0.0
 70
0
  0
VERTEX
  5
93
  8
CUT
 10
221.5109803204594
 20
492.3136586849236
 30
0.0
 70
0
  0
VERTEX
  5
94
  8
CUT
 10
211.68386475300576
 20
487.1083487508186
 30
0.0
 70
0
  0
VERTEX
  5
95
  8
CUT
 10
201.93233124648947
 20
481.76278552909235
 30
0.0
 70
0
  0
VERTEX
  5
96
  8
CUT
 10
192.25838137319386
 20
476.2780662349856
 30
0.0
 70
0
  0
VERTEX
  5
97
  8
CUT
 10
182.66400078080454
 20
470.6553166465222
 30
0.0
 70
0
  0
VERTEX
  5
98
  8
CUT
 10
173.15115878484056
 20
464.8956908734353
 30
0.0
 70
0
  0
VERTEX
  5
99
  8
CUT
 10
163.72180796443882
 20
459.0003711202782
 30
0.0
 70
0
  0
VERTEX
  5
9A
  8
CUT
 10
154.37788376157187
 20
452.9705674437669
 30
0.0
 70
0
  0
VERTEX
  5
9B
  8
CUT
 10
145.12130408378732
 20
446.80751750441055
 30
0.0
 70
0
  0
VERTEX
  5
9C
  8
CUT
 10
135.9539689105398
 20
440.51248631246864
 30
0.0
 70
0
  0
VERTEX
  5
9D
  8
CUT
 10
126.87775990321
 20
434.0867659683019
 30
0.0
 70
0
  0
VERTEX
  5
9E
  8
CUT
 10
117.8945400188772
 20
427.53167539715713
 30
0.0
 70
0
  0
VERTEX
  5
9F
  8
CUT
 10
109.00615312793656
 20
420.84856007845
 30
0.0
 70
0
  0
VERTEX
  5
A0
  8
CUT
 10
100.21442363562977
 20
414.038791769595
 30
0.0
 70
0
  0
VERTEX
  5
A1
  8
CUT
 10
91.52115610757352
 20
407.10376822444204
 30
0.0
 70
0
  0
VERTEX
  5
A2
  8
CUT
 10
82.92813489935907
 20
400.0449129063782
 30
0.0
 70
0
  0
VERTEX
  5
A3
  8
CUT
 10
74.43712379030057
 20
392.8636746961509
 30
0.0
 70
0
  0
VERTEX
  5
A4
  8
CUT
 10
66.04986562140698
 20
385.5615275944753
 30
0.0
 70
0
  0
VERTEX
  5
A5
  8
CUT
 10
57.76808193765089
 20
378.13997041948477
 30
0.0
 70
0
  0
VERTEX
  5
A6
  8
CUT
 10
49.593472634609725
 20
370.60052649908795
 30
0.0
 70
0
  0
VERTEX
  5
A7
  8
CUT
 10
41.52771560954886
 20
362.94474335829403
 30
0.0
 70
0
  0
VERTEX
  5
A8
  8
CUT
 10
33.572466417022724
 20
355.17419240157363
 30
0.0
 70
0
  0
VERTEX
  5
A9
  8
CUT
 10
25.729357929058665
 20
347.29046859031445
 30
0.0
 70
0
  0
VERTEX
  5
AA
  8
CUT
 10
18.0
 20
339.2951901154468
 30
0.0
 70
0
  0
VERTEX
  5
AB
  8
CUT
 10
355.14892971605127
 20
18.0
 30
0.0
 70
0
  0
VERTEX
  5
AC
  8
CUT
 10
360.02162197976304
 20
22.999360341127385
 30
0.0
 70
0
  0
VERTEX
  5
AD
  8
CUT
 10
365.0054851905883
 20
27.887902170042707
 30
0.0
 70
0
  0
VERTEX
  5
AE
  8
CUT
 10
370.09799966788205
 20
32.6631539975202
 30
0.0
 70
0
  0
VERTEX
  5
AF
  8
CUT
 10
375.2965908004197
 20
37.32270161010797
 30
0.0
 70
0
  0
VERTEX
  5
B0
  8
CUT
 10
380.5986303480384
 20
41.864189290677075
 30
0.0
 70
0
  0
VERTEX
  5
B1
  8
CUT
 10
386.00143777038943
 20
46.28532100939583
 30
0.0
 70
0
  0
VERTEX
  5
B2
  8
CUT
 10
391.50228158213406
 20
50.58386158452885
 30
0.0
 70
0
  0
VERTEX
  5
B3
  8
CUT
 10
397.0983807338937
 20
54.75763781247235
 30
0.0
 70
0
  0
VERTEX
  5
B4
  8
CUT
 10
402.78690601825974
 20
58.804539566456725
 30
0.0
 70
0
  0
VERTEX
  5
B5
  8
CUT
 10
408.56498150014875
 20
62.7225208633576
 30
0.0
 70
0
  0
VERTEX
  5
B6
  8
CUT
 10
414.42968597078334
 20
66.50960089808001
 30
0.0
 70
0
  0
VERTEX
  5
B7
  8
CUT
 10
420.37805442456033
 20
70.16386504498871
 30
0.0
 70
0
  0
VERTEX
  5
B8
  8
CUT
 10
426.4070795580632
 20
73.68346582588197
 30
0.0
 70
0
  0
VERTEX
  5
B9
  8
CUT
 10
432.5137132904565
 20
77.06662384401648
 30
0.0
 70
0
  0
VERTEX
  5
BA
  8
CUT
 10
438.69486830449864
 20
80.31162868371331
 30
0.0
 70
0
  0
VERTEX
  5
BB
  8
CUT
 10
444.9474196073886
 20
83.4168397750887
 30
0.0
 70
0
  0
VERTEX
  5
BC
  8
CUT
 10
451.26820611066296
 20
86.38068722347379
 30
0.0
 70
0
  0
VERTEX
  5
BD
  8
CUT
 10
457.6540322283392
 20
89.20167260310211
 30
0.0
 70
0
  0
VERTEX
  5
BE
  8
CUT
 10
464.1016694925018
 20
91.87836971466601
 30
0.0
 70
0
  0
VERTEX
  5
BF
  8
CUT
 10
470.6078581855113
 20
94.40942530635664
 30
0.0
 70
0
  0
VERTEX
  5
C0
  8
CUT
 10
477.1693089880124
 20
96.79355975802468
 30
0.0
 70
0
  0
VERTEX
  5
C1
  8
CUT
 10
483.782704641908
 20
99.02956772811501
 30
0.0
 70
0
  0
VERTEX
  5
C2
  8
CUT
 10
490.444701627458
 20
101.11631876304841
 30
0.0
 70
0
  0
VERTEX
  5
C3
  8
CUT
 10
497.15193185365496
 20
103.05275786874279
 30
0.0
 70
0
  0
VERTEX
  5
C4
  8
CUT
 10
503.9010043610227
 20
104.83790604398382
 30
0.0
 70
0
  0
VERTEX
  5
C5
  8
CUT
 10
510.6885070359757
 20
106.47086077537676
 30
0.0
 70
0
  0
VERTEX
  5
C6
  8
CUT
 10
517.5110083358743
 20
107.95079649362776
 30
0.0
 70
0
  0
VERTEX
  5
C7
  8
CUT
 10
524.3650590239017
 20
109.27696499092548
 30
0.0
 70
0
  0
VERTEX
  5
C8
  8
CUT
 10
531.2471939128869
 20
110.44869579921055
 30
0.0
 70
0
  0
VERTEX
  5
C9
  8
CUT
 10
538.1539336171923
 20
111.46539652914288
 30
0.0
 70
0
  0
VERTEX
  5
CA
  8
CUT
 10
545.081786311778
 20
112.32655316959438
 30
0.0
 70
0
  0
VERTEX
  5
CB
  8
CUT
 10
552.027249497557
 20
113.03173034751654
 30
0.0
 70
0
  0
VERTEX
  5
CC
  8
CUT
 10
558.986811772145
 20
113.58057154805113
 30
0.0
 70
0
  0
VERTEX
  5
CD
  8
CUT
 10
565.956954605113
 20
113.97279929477219
 30
0.0
 70
0
  0
VERTEX
  5
CE
  8
CUT
 10
572.9341541168424
 20
114.20821528996987
 30
0.0
 70
0
  0
VERTEX
  5
CF
  8
CUT
 10
579.9148828600855
 20
114.28670051490263
 30
0.0
 70
0
  0
VERTEX
  5
D0
  8
CUT
 10
586.8956116033286
 20
114.20821528996987
 30
0.0
 70
0
  0
VERTEX
  5
D1
  8
CUT
 10
593.8728111150581
 20
113.97279929477219
 30
0.0
 70
0
  0
VERTEX
  5
D2
  8
CUT
 10
600.842953948026
 20
113.58057154805113
 30
0.0
 70
0
  0
VERTEX
  5
D3
  8
CUT
 10
607.802516222614
 20
113.03173034751654
 30
0.0
 70
0
  0
VERTEX
  5
D4
  8
CUT
 10
614.747979408393
 20
112.32655316959438
 30
0.0
 70
0
  0
VERTEX
  5
D5
  8
CUT
 10
621.6758321029788
 20
111.46539652914288
 30
0.0
 70
0
  0
VERTEX
  5
D6
  8
CUT
 10
628.5825718072841
 20
110.44869579921055
 30
0.0
 70
0
  0
VERTEX
  5
D7
  8
CUT
 10
635.4647066962694
 20
109.27696499092548
 30
0.0
 70
0
  0
VERTEX
  5
D8
  8
CUT
 10
642.3187573842966
 20
107.95079649362776
 30
0.0
 70
0
  0
VERTEX
  5
D9
  8
CUT
 10
649.1412586841953
 20
106.47086077537676
 30
0.0
 70
0
  0
VERTEX
  5
DA
  8
CUT
 10
655.9287613591483
 20
104.83790604398388
 30
0.0
 70
0
  0
VERTEX
  5
DB
  8
CUT
 10
662.677833866516
 20
103.05275786874279
 30
0.0
 70
0
  0
VERTEX
  5
DC
  8
CUT
 10
669.385064092713
 20
101.11631876304841
 30
0.0
 70
0
  0
VERTEX
  5
DD
  8
CUT
 10
676.047061078263
 20
99.02956772811501
 30
0.0
 70
0
  0
VERTEX
  5
DE
  8
CUT
 10
682.6604567321587
 20
96.79355975802468
 30
0.0
 70
0
  0
VERTEX
  5
DF
  8
CUT
 10
689.2219075346597
 20
94.40942530635664
 30
0.0
 70
0
  0
VERTEX
  5
E0
  8
CUT
 10
695.7280962276692
 20
91.87836971466601
 30
0.0
 70
0
  0
VERTEX
  5
E1
  8
CUT
 10
702.1757334918318
 20
89.20167260310211
 30
0.0
 70
0
  0
VERTEX
  5
E2
  8
CUT
 10
708.5615596095081
 20
86.38068722347379
 30
0.0
 70
0
  0
VERTEX
  5
E3
  8
CUT
 10
714.8823461127824
 20
83.4168397750887
 30
0.0
 70
0
  0
VERTEX
  5
E4
  8
CUT
 10
721.1348974156724
 20
80.31162868371331
 30
0.0
 70
0
  0
VERTEX
  5
E5
  8
CUT
 10
727.3160524297144
 20
77.06662384401653
 30
0.0
 70
0
  0
VERTEX
  5
E6
  8
CUT
 10
733.4226861621078
 20
73.68346582588202
 30
0.0
 70
0
  0
VERTEX
  5
E7
  8
CUT
 10
739.4517112956106
 20
70.16386504498877
 30
0.0
 70
0
  0
VERTEX
  5
E8
  8
CUT
 10
745.4000797493877
 20
66.50960089808001
 30
0.0
 70
0
  0
VERTEX
  5
E9
  8
CUT
 10
751.2647842200222
 20
62.72252086335766
 30
0.0
 70
0
  0
VERTEX
  5
EA
  8
CUT
 10
757.0428597019113
 20
58.8045395664567
 30
0.0
 70
0
  0
VERTEX
  5
EB
  8
CUT
 10
762.7313849862774
 20
54.75763781247238
 30
0.0
 70
0
  0
VERTEX
  5
EC
  8
CUT
 10
768.3274841380371
 20
50.58386158452882
 30
0.0
 70
0
  0
VERTEX
  5
ED
  8
CUT
 10
773.8283279497816
 20
46.28532100939586
 30
0.0
 70
0
  0
VERTEX
  5
EE
  8
CUT
 10
779.2311353721327
 20
41.86418929067705
 30
0.0
 70
0
  0
VERTEX
  5
EF
  8
CUT
 10
784.5331749197513
 20
37.32270161010797
 30
0.0
 70
0
  0
VERTEX
  5
F0
  8
CUT
 10
789.731766052289
 20
32.66315399752017
 30
0.0
 70
0
  0
VERTEX
  5
F1
  8
CUT
 10
794.8242805295828
 20
27.887902170042707
 30
0.0
 70
0
  0
VERTEX
  5
F2
  8
CUT
 10
799.808143740408
 20
22.999360341127357
 30
0.0
 70
0
  0
SEQEND
  5
37
  8
CUT
  0
POLYLINE
  5
F3
  8
POCKET-KERF-15_5
 66
1
 10
0.0
 20
0.0
 30
0.0
 70
1
  0
VERTEX
  5
F5
  8
POCKET-KERF-15_5
 10
792.0248898292907
 20
22.271838242901584
 30
0.0
 70
0
  0
VERTEX
  5
F6
  8
POCKET-KERF-15_5
 10
796.2883280574417
 20
18.050097550397982
 30
0.0
 70
0
  0
VERTEX
  5
F7
  8
POCKET-KERF-15_5
 10
1132.4270096061252
 20
357.508773309348
 30
0.0
 70
0
  0
VERTEX
  5
F8
  8
POCKET-KERF-15_5
 10
1128.1635713779742
 20
361.73051400185153
 30
0.0
 70
0
  0
SEQEND
  5
F4
  8
POCKET-KERF-15_5
  0
POLYLINE
  5
F9
  8
POCKET-KERF-15_5
 66
1
 10
0.0
 20
0.0
 30
0.0
 70
1
  0
VERTEX
  5
FB
  8
POCKET-KERF-15_5
 10
1012.6854145148793
 20
262.16456980075765
 30
0.0
 70
0
  0
VERTEX
  5
FC
  8
POCKET-KERF-15_5
 10
1017.0284413110769
 20
258.02474876024024
 30
0.0
 70
0
  0
VERTEX
  5
FD
  8
POCKET-KERF-15_5
 10
1121.7870926674163
 20
367.92554532153804
 30
0.0
 70
0
  0
VERTEX
  5
FE
  8
POCKET-KERF-15_5
 10
1117.4440658712188
 20
372.06536636205556
 30
0.0
 70
0
  0
SEQEND
  5
FA
  8
POCKET-KERF-15_5
  0
POLYLINE
  5
FF
  8
POCKET-KERF-15_5
 66
1
 10
0.0
 20
0.0
 30
0.0
 70
1
  0
VERTEX
  5
101
  8
POCKET-KERF-15_5
 10
783.555566738048
 20
30.18710606714594
 30
0.0
 70
0
  0
VERTEX
  5
102
  8
POCKET-KERF-15_5
 10
787.9766083378225
 20
26.13070480826351
 30
0.0
 70
0
  0
VERTEX
  5
103
  8
POCKET-KERF-15_5
 10
1110.9508197606856
 20
378.1378986794783
 30
0.0
 70
0
  0
VERTEX
  5
104
  8
POCKET-KERF-15_5
 10
1106.529778160911
 20
382.1942999383608
 30
0.0
 70
0
  0
SEQEND
  5
100
  8
POCKET-KERF-15_5
  0
POLYLINE
  5
105
  8
POCKET-KERF-15_5
 66
1
 10
0.0
 20
0.0
 30
0.0
 70
1
  0
VERTEX
  5
107
  8
POCKET-KERF-15_5
 10
994.9251023652007
 20
278.30504015811545
 30
0.0
 70
0
  0
VERTEX
  5
108
  8
POCKET-KERF-15_5
 10
999.4225567341848
 20
274.3335285820394
 30
0.0
 70
0
  0
VERTEX
  5
109
  8
POCKET-KERF-15_5
 10
1099.9221175808586
 20
388.14213277536265
 30
0.0
 70
0
  0
VERTEX
  5
10A
  8
POCKET-KERF-15_5
 10
1095.4246632118748
 20
392.11364435143884
 30
0.0
 70
0
  0
SEQEND
  5
106
  8
POCKET-KERF-15_5
  0
POLYLINE
  5
10B
  8
POCKET-KERF-15_5
 66
1
 10
0.0
 20
0.0
 30
0.0
 70
1
  0
VERTEX
  5
10D
  8
POCKET-KERF-15_5
 10
774.7911006924917
 20
37.774268467521075
 30
0.0
 70
0
  0
VERTEX
  5
10E
  8
POCKET-KERF-15_5
 10
779.3633381069417
 20
33.88908571430293
 30
0.0
 70
0
  0
VERTEX
  5
10F
  8
POCKET-KERF-15_5
 10
1088.704982552652
 20
397.93462241669283
 30
0.0
 70
0
  0
VERTEX
  5
110
  8
POCKET-KERF-15_5
 10
1084.132745138202
 20
401.81980516991086
 30
0.0
 70
0
  0
SEQEND
  5
10C
  8
POCKET-KERF-15_5
  0
POLYLINE
  5
111
  8
POCKET-KERF-15_5
 66
1
 10
0.0
 20
0.0
 30
0.0
 70
1
  0
VERTEX
  5
113
  8
POCKET-KERF-15_5
 10
976.563302634934
 20
293.7577998364496
 30
0.0
 70
0
  0
VERTEX
  5
114
  8
POCKET-KERF-15_5
 10
981.2086662722868
 20
289.96035376352637
 30
0.0
 70
0
  0
VERTEX
  5
115
  8
POCKET-KERF-15_5
 10
1077.3034793824058
 20
407.5118191399227
 30
0.0
 70
0
  0
VERTEX
  5
116
  8
POCKET-KERF-15_5
 10
1072.658115745053
 20
411.309265212846
 30
0.0
 70
0
  0
SEQEND
  5
112
  8
POCKET-KERF-15_5
  0
POLYLINE
  5
117
  8
POCKET-KERF-15_5
 66
1
 10
0.0
 20
0.0
 30
0.0
 70
1
  0
VERTEX
  5
119
  8
POCKET-KERF-15_5
 10
765.7441943134951
 20
45.02232912696971
 30
0.0
 70
0
  0
VERTEX
  5
11A
  8
POCKET-KERF-15_5
 10
770.4610008527438
 20
41.313995799004175
 30
0.0
 70
0
  0
VERTEX
  5
11B
  8
POCKET-KERF-15_5
 10
1065.7217395851742
 20
416.8702524963022
 30
0.0
 70
0
  0
VERTEX
  5
11C
  8
POCKET-KERF-15_5
 10
1061.0049330459256
 20
420.57858582426763
 30
0.0
 70
0
  0
SEQEND
  5
118
  8
POCKET-KERF-15_5
  0
POLYLINE
  5
11D
  8
POCKET-KERF-15_5
 66
1
 10
0.0
 20
0.0
 30
0.0
 70
1
  0
VERTEX
  5
11F
  8
POCKET-KERF-15_5
 10
957.6266276675251
 20
308.50045265707445
 30
0.0
 70
0
  0
VERTEX
  5
120
  8
POCKET-KERF-15_5
 10
962.4131678991972
 20
304.8825758473165
 30
0.0
 70
0
  0
VERTEX
  5
121
  8
POCKET-KERF-15_5
 10
1053.9639599876034
 20
426.0065313094474
 30
0.0
 70
0
  0
VERTEX
  5
122
  8
POCKET-KERF-15_5
 10
1049.1774197559314
 20
429.6244081192053
 30
0.0
 70
0
  0
SEQEND
  5
11E
  8
POCKET-KERF-15_5
  0
POLYLINE
  5
123
  8
POCKET-KERF-15_5
 66
1
 10
0.0
 20
0.0
 30
0.0
 70
1
  0
VERTEX
  5
125
  8
POCKET-KERF-15_5
 10
756.4279595717373
 20
51.92078319942985
 30
0.0
 70
0
  0
VERTEX
  5
126
  8
POCKET-KERF-15_5
 10
761.2824990172535
 20
48.39467390277875
 30
0.0
 70
0
  0
VERTEX
  5
127
  8
POCKET-KERF-15_5
 10
1042.034401207147
 20
434.91734490418787
 30
0.0
 70
0
  0
VERTEX
  5
128
  8
POCKET-KERF-15_5
 10
1037.1798617616312
 20
438.443454200839
 30
0.0
 70
0
  0
SEQEND
  5
124
  8
POCKET-KERF-15_5
  0
POLYLINE
  5
129
  8
POCKET-KERF-15_5
 66
1
 10
0.0
 20
0.0
 30
0.0
 70
1
  0
VERTEX
  5
12B
  8
POCKET-KERF-15_5
 10
938.142522991482
 20
322.5116316218785
 30
0.0
 70
0
  0
VERTEX
  5
12C
  8
POCKET-KERF-15_5
 10
943.0633025316716
 20
319.0785675798234
 30
0.0
 70
0
  0
VERTEX
  5
12D
  8
POCKET-KERF-15_5
 10
1029.9373861081633
 20
443.5994643062426
 30
0.0
 70
0
  0
VERTEX
  5
12E
  8
POCKET-KERF-15_5
 10
1025.0166065679737
 20
447.0325283482977
 30
0.0
 70
0
  0
SEQEND
  5
12A
  8
POCKET-KERF-15_5
  0
POLYLINE
  5
12F
  8
POCKET-KERF-15_5
 66
1
 10
0.0
 20
0.0
 30
0.0
 70
1
  0
VERTEX
  5
131
  8
POCKET-KERF-15_5
 10
746.8558987841054
 20
58.459632534844474
 30
0.0
 70
0
  0
VERTEX
  5
132
  8
POCKET-KERF-15_5
 10
751.841135296652
 20
55.12085777245457
 30
0.0
 70
0
  0
VERTEX
  5
133
  8
POCKET-KERF-15_5
 10
1017.6772982354563
 20
452.04974341228893
 30
0.0
 70
0
  0
VERTEX
  5
134
  8
POCKET-KERF-15_5
 10
1012.6920617229097
 20
455.38851817467884
 30
0.0
 70
0
  0
SEQEND
  5
130
  8
POCKET-KERF-15_5
  0
POLYLINE
  5
135
  8
POCKET-KERF-15_5
 66
1
 10
0.0
 20
0.0
 30
0.0
 70
1
  0
VERTEX
  5
137
  8
POCKET-KERF-15_5
 10
918.1392275426927
 20
335.77102988119697
 30
0.0
 70
0
  0
VERTEX
  5
138
  8
POCKET-KERF-15_5
 10
923.1871145482762
 20
332.52775425632905
 30
0.0
 70
0
  0
VERTEX
  5
139
  8
POCKET-KERF-15_5
 10
1005.2585802258302
 20
460.26512013000325
 30
0.0
 70
0
  0
VERTEX
  5
13A
  8
POCKET-KERF-15_5
 10
1000.2106932202469
 20
463.5083957548712
 30
0.0
 70
0
  0
SEQEND
  5
136
  8
POCKET-KERF-15_5
  0
POLYLINE
  5
13B
  8
POCKET-KERF-15_5
 66
1
 10
0.0
 20
0.0
 30
0.0
 70
1
  0
VERTEX
  5
13D
  8
POCKET-KERF-15_5
 10
737.0418850443538
 20
64.6294001697998
 30
0.0
 70
0
  0
VERTEX
  5
13E
  8
POCKET-KERF-15_5
 10
742.1505933612564
 20
61.48279893468754
 30
0.0
 70
0
  0
VERTEX
  5
13F
  8
POCKET-KERF-15_5
 10
992.6857321982286
 20
468.24261748765906
 30
0.0
 70
0
  0
VERTEX
  5
140
  8
POCKET-KERF-15_5
 10
987.5770238813259
 20
471.3892187227713
 30
0.0
 70
0
  0
SEQEND
  5
13C
  8
POCKET-KERF-15_5
  0
POLYLINE
  5
141
  8
POCKET-KERF-15_5
 66
1
 10
0.0
 20
0.0
 30
0.0
 70
1
  0
VERTEX
  5
143
  8
POCKET-KERF-15_5
 10
897.645732736833
 20
348.25943016517925
 30
0.0
 70
0
  0
VERTEX
  5
144
  8
POCKET-KERF-15_5
 10
902.8134111437729
 20
345.21064354056165
 30
0.0
 70
0
  0
VERTEX
  5
145
  8
POCKET-KERF-15_5
 10
979.9633101230451
 20
475.97934471287937
 30
0.0
 70
0
  0
VERTEX
  5
146
  8
POCKET-KERF-15_5
 10
974.7956317161052
 20
479.028131337497
 30
0.0
 70
0
  0
SEQEND
  5
142
  8
POCKET-KERF-15_5
  0
POLYLINE
  5
147
  8
POCKET-KERF-15_5
 66
1
 10
0.0
 20
0.0
 30
0.0
 70
1
  0
VERTEX
  5
149
  8
POCKET-KERF-15_5
 10
727.000142116387
 20
70.42114406279147
 30
0.0
 70
0
  0
VERTEX
  5
14A
  8
POCKET-KERF-15_5
 10
732.2249180233371
 20
67.47127682473585
 30
0.0
 70
0
  0
VERTEX
  5
14B
  8
POCKET-KERF-15_5
 10
967.0959241711967
 20
483.4724982801534
 30
0.0
 70
0
  0
VERTEX
  5
14C
  8
POCKET-KERF-15_5
 10
961.8711482642466
 20
486.4223655182091
 30
0.0
 70
0
  0
SEQEND
  5
148
  8
POCKET-KERF-15_5
  0
POLYLINE
  5
14D
  8
POCKET-KERF-15_5
 66
1
 10
0.0
 20
0.0
 30
0.0
 70
1
  0
VERTEX
  5
14F
  8
POCKET-KERF-15_5
 10
876.6917404511801
 20
359.9587326359919
 30
0.0
 70
0
  0
VERTEX
  5
150
  8
POCKET-KERF-15_5
 10
881.9717205779307
 20
357.108853715561
 30
0.0
 70
0
  0
VERTEX
  5
151
  8
POCKET-KERF-15_5
 10
954.0882370435539
 20
490.71936292673917
 30
0.0
 70
0
  0
VERTEX
  5
152
  8
POCKET-KERF-15_5
 10
948.8082569168032
 20
493.5692418471701
 30
0.0
 70
0
  0
SEQEND
  5
14E
  8
POCKET-KERF-15_5
  0
POLYLINE
  5
153
  8
POCKET-KERF-15_5
 66
1
 10
0.0
 20
0.0
 30
0.0
 70
1
  0
VERTEX
  5
155
  8
POCKET-KERF-15_5
 10
716.7452238193036
 20
75.82647005421124
 30
0.0
 70
0
  0
VERTEX
  5
156
  8
POCKET-KERF-15_5
 10
722.0784948815233
 20
73.07761215011878
 30
0.0
 70
0
  0
VERTEX
  5
157
  8
POCKET-KERF-15_5
 10
940.9449622813383
 20
497.71731263658165
 30
0.0
 70
0
  0
VERTEX
  5
158
  8
POCKET-KERF-15_5
 10
935.6116912191189
 20
500.466170540674
 30
0.0
 70
0
  0
SEQEND
  5
154
  8
POCKET-KERF-15_5
  0
POLYLINE
  5
159
  8
POCKET-KERF-15_5
 66
1
 10
0.0
 20
0.0
 30
0.0
 70
1
  0
VERTEX
  5
15B
  8
POCKET-KERF-15_5
 10
855.3076199767324
 20
370.8519811204929
 30
0.0
 70
0
  0
VERTEX
  5
15C
  8
POCKET-KERF-15_5
 10
860.6922493792752
 20
368.2051403248893
 30
0.0
 70
0
  0
VERTEX
  5
15D
  8
POCKET-KERF-15_5
 10
927.6708625580958
 20
504.4638115918908
 30
0.0
 70
0
  0
VERTEX
  5
15E
  8
POCKET-KERF-15_5
 10
922.286233155553
 20
507.1106523874944
 30
0.0
 70
0
  0
SEQEND
  5
15A
  8
POCKET-KERF-15_5
  0
POLYLINE
  5
15F
  8
POCKET-KERF-15_5
 66
1
 10
0.0
 20
0.0
 30
0.0
 70
1
  0
VERTEX
  5
161
  8
POCKET-KERF-15_5
 10
706.2919929340802
 20
80.83754403227093
 30
0.0
 70
0
  0
VERTEX
  5
162
  8
POCKET-KERF-15_5
 10
711.7260294712937
 20
78.2936794697936
 30
0.0
 70
0
  0
VERTEX
  5
163
  8
POCKET-KERF-15_5
 10
914.2707479538664
 20
510.9564150920361
 30
0.0
 70
0
  0
VERTEX
  5
164
  8
POCKET-KERF-15_5
 10
908.836711416653
 20
513.5002796545135
 30
0.0
 70
0
  0
SEQEND
  5
160
  8
POCKET-KERF-15_5
  0
POLYLINE
  5
165
  8
POCKET-KERF-15_5
 66
1
 10
0.0
 20
0.0
 30
0.0
 70
1
  0
VERTEX
  5
167
  8
POCKET-KERF-15_5
 10
833.5243640030257
 20
380.9233876853547
 30
0.0
 70
0
  0
VERTEX
  5
168
  8
POCKET-KERF-15_5
 10
839.0058385658003
 20
378.48342116557336
 30
0.0
 70
0
  0
VERTEX
  5
169
  8
POCKET-KERF-15_5
 10
900.7494742121766
 20
517.1927704394215
 30
0.0
 70
0
  0
VERTEX
  5
16A
  8
POCKET-KERF-15_5
 10
895.267999649402
 20
519.6327369592028
 30
0.0
 70
0
  0
SEQEND
  5
166
  8
POCKET-KERF-15_5
  0
POLYLINE
  5
16B
  8
POCKET-KERF-15_5
 66
1
 10
0.0
 20
0.0
 30
0.0
 70
1
  0
VERTEX
  5
16D
  8
POCKET-KERF-15_5
 10
695.6555996624684
 20
85.44710328723082
 30
0.0
 70
0
  0
VERTEX
  5
16E
  8
POCKET-KERF-15_5
 10
701.1825259517757
 20
83.11191897061602
 30
0.0
 70
0
  0
VERTEX
  5
16F
  8
POCKET-KERF-15_5
 10
887.1119409804824
 20
523.1706177920233
 30
0.0
 70
0
  0
VERTEX
  5
170
  8
POCKET-KERF-15_5
 10
881.585014691175
 20
525.5058021086382
 30
0.0
 70
0
  0
SEQEND
  5
16C
  8
POCKET-KERF-15_5
  0
POLYLINE
  5
171
  8
POCKET-KERF-15_5
 66
1
 10
0.0
 20
0.0
 30
0.0
 70
1
  0
VERTEX
  5
173
  8
POCKET-KERF-15_5
 10
811.3735436994364
 20
390.15835551902165
 30
0.0
 70
0
  0
VERTEX
  5
174
  8
POCKET-KERF-15_5
 10
816.9439189460954
 20
387.9287995965547
 30
0.0
 70
0
  0
VERTEX
  5
175
  8
POCKET-KERF-15_5
 10
873.3630900347055
 20
528.88779098228
 30
0.0
 70
0
  0
VERTEX
  5
176
  8
POCKET-KERF-15_5
 10
867.7927147880464
 20
531.1173469047469
 30
0.0
 70
0
  0
SEQEND
  5
172
  8
POCKET-KERF-15_5
  0
POLYLINE
  5
177
  8
POCKET-KERF-15_5
 66
1
 10
0.0
 20
0.0
 30
0.0
 70
1
  0
VERTEX
  5
179
  8
POCKET-KERF-15_5
 10
684.8514596693228
 20
89.64846703747774
 30
0.0
 70
0
  0
VERTEX
  5
17A
  8
POCKET-KERF-15_5
 10
690.4632653597358
 20
87.52534742402018
 30
0.0
 70
0
  0
VERTEX
  5
17B
  8
POCKET-KERF-15_5
 10
859.5079034885026
 20
534.3422183020361
 30
0.0
 70
0
  0
VERTEX
  5
17C
  8
POCKET-KERF-15_5
 10
853.8960977980897
 20
536.4653379154936
 30
0.0
 70
0
  0
SEQEND
  5
178
  8
POCKET-KERF-15_5
  0
POLYLINE
  5
17D
  8
POCKET-KERF-15_5
 66
1
 10
0.0
 20
0.0
 30
0.0
 70
1
  0
VERTEX
  5
17F
  8
POCKET-KERF-15_5
 10
788.8872629580765
 20
398.5435000873354
 30
0.0
 70
0
  0
VERTEX
  5
180
  8
POCKET-KERF-15_5
 10
794.5384655656688
 20
396.52758612886856
 30
0.0
 70
0
  0
VERTEX
  5
181
  8
POCKET-KERF-15_5
 10
845.5514019879181
 20
539.5319232532594
 30
0.0
 70
0
  0
VERTEX
  5
182
  8
POCKET-KERF-15_5
 10
839.9001993803256
 20
541.5478372117262
 30
0.0
 70
0
  0
SEQEND
  5
17E
  8
POCKET-KERF-15_5
  0
POLYLINE
  5
183
  8
POCKET-KERF-15_5
 66
1
 10
0.0
 20
0.0
 30
0.0
 70
1
  0
VERTEX
  5
185
  8
POCKET-KERF-15_5
 10
673.8952317401852
 20
93.4355461121946
 30
0.0
 70
0
  0
VERTEX
  5
186
  8
POCKET-KERF-15_5
 10
679.583783462286
 20
91.52756830703444
 30
0.0
 70
0
  0
VERTEX
  5
187
  8
POCKET-KERF-15_5
 10
831.4986428920715
 20
544.4550252642559
 30
0.0
 70
0
  0
VERTEX
  5
188
  8
POCKET-KERF-15_5
 10
825.8100911699707
 20
546.363003069416
 30
0.0
 70
0
  0
SEQEND
  5
184
  8
POCKET-KERF-15_5
  0
POLYLINE
  5
189
  8
POCKET-KERF-15_5
 66
1
 10
0.0
 20
0.0
 30
0.0
 70
1
  0
VERTEX
  5
18B
  8
POCKET-KERF-15_5
 10
766.0981118645968
 20
406.06666853216797
 30
0.0
 70
0
  0
VERTEX
  5
18C
  8
POCKET-KERF-15_5
 10
771.8219513644926
 20
404.26731826625763
 30
0.0
 70
0
  0
VERTEX
  5
18D
  8
POCKET-KERF-15_5
 10
817.3547184405461
 20
549.1097403711256
 30
0.0
 70
0
  0
VERTEX
  5
18E
  8
POCKET-KERF-15_5
 10
811.6308789406503
 20
550.9090906370359
 30
0.0
 70
0
  0
SEQEND
  5
18A
  8
POCKET-KERF-15_5
  0
POLYLINE
  5
18F
  8
POCKET-KERF-15_5
 66
1
 10
0.0
 20
0.0
 30
0.0
 70
1
  0
VERTEX
  5
191
  8
POCKET-KERF-15_5
 10
662.8027950865053
 20
96.8028517765913
 30
0.0
 70
0
  0
VERTEX
  5
192
  8
POCKET-KERF-15_5
 10
668.5598482403984
 20
95.11278107296687
 30
0.0
 70
0
  0
VERTEX
  5
193
  8
POCKET-KERF-15_5
 10
803.1247539081336
 20
553.4943818642079
 30
0.0
 70
0
  0
VERTEX
  5
194
  8
POCKET-KERF-15_5
 10
797.3677007542406
 20
555.1844525678324
 30
0.0
 70
0
  0
SEQEND
  5
190
  8
POCKET-KERF-15_5
  0
POLYLINE
  5
195
  8
POCKET-KERF-15_5
 66
1
 10
0.0
 20
0.0
 30
0.0
 70
1
  0
VERTEX
  5
197
  8
POCKET-KERF-15_5
 10
743.039119464333
 20
412.7169572849477
 30
0.0
 70
0
  0
VERTEX
  5
198
  8
POCKET-KERF-15_5
 10
748.8273001129323
 20
411.1367785674665
 30
0.0
 70
0
  0
VERTEX
  5
199
  8
POCKET-KERF-15_5
 10
788.8139057476105
 20
557.6073608992903
 30
0.0
 70
0
  0
VERTEX
  5
19A
  8
POCKET-KERF-15_5
 10
783.0257250990112
 20
559.1875396167715
 30
0.0
 70
0
  0
SEQEND
  5
196
  8
POCKET-KERF-15_5
  0
POLYLINE
  5
19B
  8
POCKET-KERF-15_5
 66
1
 10
0.0
 20
0.0
 30
0.0
 70
1
  0
VERTEX
  5
19D
  8
POCKET-KERF-15_5
 10
651.5902263313933
 20
99.74550368690262
 30
0.0
 70
0
  0
VERTEX
  5
19E
  8
POCKET-KERF-15_5
 10
657.4074370358677
 20
98.27578955832263
 30
0.0
 70
0
  0
VERTEX
  5
19F
  8
POCKET-KERF-15_5
 10
774.4273597212153
 20
561.4471870733489
 30
0.0
 70
0
  0
VERTEX
  5
1A0
  8
POCKET-KERF-15_5
 10
768.6101490167408
 20
562.916901201929
 30
0.0
 70
0
  0
SEQEND
  5
19C
  8
POCKET-KERF-15_5
  0
POLYLINE
  5
1A1
  8
POCKET-KERF-15_5
 66
1
 10
0.0
 20
0.0
 30
0.0
 70
1
  0
VERTEX
  5
1A3
  8
POCKET-KERF-15_5
 10
719.7437058922549
 20
418.48472786955034
 30
0.0
 70
0
  0
VERTEX
  5
1A4
  8
POCKET-KERF-15_5
 10
725.5878386942734
 20
417.12601090403786
 30
0.0
 70
0
  0
VERTEX
  5
1A5
  8
POCKET-KERF-15_5
 10
759.9703290215056
 20
565.0124689646209
 30
0.0
 70
0
  0
VERTEX
  5
1A6
  8
POCKET-KERF-15_5
 10
754.126196219487
 20
566.3711859301334
 30
0.0
 70
0
  0
SEQEND
  5
1A2
  8
POCKET-KERF-15_5
  0
POLYLINE
  5
1A7
  8
POCKET-KERF-15_5
 66
1
 10
0.0
 20
0.0
 30
0.0
 70
1
  0
VERTEX
  5
1A9
  8
POCKET-KERF-15_5
 10
640.273776209254
 20
102.25923696362726
 30
0.0
 70
0
  0
VERTEX
  5
1AA
  8
POCKET-KERF-15_5
 10
646.1427133948375
 20
101.01200951377065
 30
0.0
 70
0
  0
VERTEX
  5
1AB
  8
POCKET-KERF-15_5
 10
745.4480523822762
 20
568.301914636808
 30
0.0
 70
0
  0
VERTEX
  5
1AC
  8
POCKET-KERF-15_5
 10
739.5791151966927
 20
569.5491420866646
 30
0.0
 70
0
  0
SEQEND
  5
1A8
  8
POCKET-KERF-15_5
  0
POLYLINE
  5
1AD
  8
POCKET-KERF-15_5
 66
1
 10
0.0
 20
0.0
 30
0.0
 70
1
  0
VERTEX
  5
1AF
  8
POCKET-KERF-15_5
 10
696.2456339360955
 20
423.3616208716498
 30
0.0
 70
0
  0
VERTEX
  5
1B0
  8
POCKET-KERF-15_5
 10
702.137248803004
 20
422.22633489004755
 30
0.0
 70
0
  0
VERTEX
  5
1B1
  8
POCKET-KERF-15_5
 10
730.8657921802198
 20
571.314332107229
 30
0.0
 70
0
  0
VERTEX
  5
1B2
  8
POCKET-KERF-15_5
 10
724.9741773133113
 20
572.4496180888312
 30
0.0
 70
0
  0
SEQEND
  5
1AE
  8
POCKET-KERF-15_5
  0
POLYLINE
  5
1B3
  8
POCKET-KERF-15_5
 66
1
 10
0.0
 20
0.0
 30
0.0
 70
1
  0
VERTEX
  5
1B5
  8
POCKET-KERF-15_5
 10
628.8698460130801
 20
104.34040837275352
 30
0.0
 70
0
  0
VERTEX
  5
1B6
  8
POCKET-KERF-15_5
 10
634.7820036414572
 20
103.31747524824202
 30
0.0
 70
0
  0
VERTEX
  5
1B7
  8
POCKET-KERF-15_5
 10
716.2288325280222
 20
574.0486297787551
 30
0.0
 70
0
  0
VERTEX
  5
1B8
  8
POCKET-KERF-15_5
 10
710.3166748996451
 20
575.0715629032667
 30
0.0
 70
0
  0
SEQEND
  5
1B4
  8
POCKET-KERF-15_5
  0
POLYLINE
  5
1B9
  8
POCKET-KERF-15_5
 66
1
 10
0.0
 20
0.0
 30
0.0
 70
1
  0
VERTEX
  5
1BB
  8
POCKET-KERF-15_5
 10
672.578960102864
 20
427.3405680542855
 30
0.0
 70
0
  0
VERTEX
  5
1BC
  8
POCKET-KERF-15_5
 10
678.5095181288584
 20
426.43035846286597
 30
0.0
 70
0
  0
VERTEX
  5
1BD
  8
POCKET-KERF-15_5
 10
701.5424773595801
 20
576.5038168353669
 30
0.0
 70
0
  0
VERTEX
  5
1BE
  8
POCKET-KERF-15_5
 10
695.6119193335855
 20
577.4140264267864
 30
0.0
 70
0
  0
SEQEND
  5
1BA
  8
POCKET-KERF-15_5
  0
POLYLINE
  5
1BF
  8
POCKET-KERF-15_5
 66
1
 10
0.0
 20
0.0
 30
0.0
 70
1
  0
VERTEX
  5
1C1
  8
POCKET-KERF-15_5
 10
617.3949638235315
 20
105.98600160601534
 30
0.0
 70
0
  0
VERTEX
  5
1C2
  8
POCKET-KERF-15_5
 10
623.3417732156171
 20
105.18884537653325
 30
0.0
 70
0
  0
VERTEX
  5
1C3
  8
POCKET-KERF-15_5
 10
686.8120485080374
 20
578.6790036011913
 30
0.0
 70
0
  0
VERTEX
  5
1C4
  8
POCKET-KERF-15_5
 10
680.8652391159518
 20
579.4761598306733
 30
0.0
 70
0
  0
SEQEND
  5
1C0
  8
POCKET-KERF-15_5
  0
POLYLINE
  5
1C5
  8
POCKET-KERF-15_5
 66
1
 10
0.0
 20
0.0
 30
0.0
 70
1
  0
VERTEX
  5
1C7
  8
POCKET-KERF-15_5
 10
648.7779852596606
 20
430.4158026020835
 30
0.0
 70
0
  0
VERTEX
  5
1C8
  8
POCKET-KERF-15_5
 10
654.7388910973714
 20
429.7319885967102
 30
0.0
 70
0
  0
VERTEX
  5
1C9
  8
POCKET-KERF-15_5
 10
672.0428837773344
 20
580.5734018628906
 30
0.0
 70
0
  0
VERTEX
  5
1CA
  8
POCKET-KERF-15_5
 10
666.0819779396235
 20
581.2572158682639
 30
0.0
 70
0
  0
SEQEND
  5
1C6
  8
POCKET-KERF-15_5
  0
POLYLINE
  5
1CB
  8
POCKET-KERF-15_5
 66
1
 10
0.0
 20
0.0
 30
0.0
 70
1
  0
VERTEX
  5
1CD
  8
POCKET-KERF-15_5
 10
605.8657605542616
 20
107.19363165252368
 30
0.0
 70
0
  0
VERTEX
  5
1CE
  8
POCKET-KERF-15_5
 10
611.8386028090617
 20
106.62340766208264
 30
0.0
 70
0
  0
VERTEX
  5
1CF
  8
POCKET-KERF-15_5
 10
657.2403350079693
 20
582.1863251552845
 30
0.0
 70
0
  0
VERTEX
  5
1D0
  8
POCKET-KERF-15_5
 10
651.2674927531692
 20
582.7565491457256
 30
0.0
 70
0
  0
SEQEND
  5
1CC
  8
POCKET-KERF-15_5
  0
POLYLINE
  5
1D1
  8
POCKET-KERF-15_5
 66
1
 10
0.0
 20
0.0
 30
0.0
 70
1
  0
VERTEX
  5
1D3
  8
POCKET-KERF-15_5
 10
624.8772049203335
 20
432.58286747928645
 30
0.0
 70
0
  0
VERTEX
  5
1D4
  8
POCKET-KERF-15_5
 10
630.8598192383372
 20
432.1264401334619
 30
0.0
 70
0
  0
VERTEX
  5
1D5
  8
POCKET-KERF-15_5
 10
642.4097661376757
 20
583.5171890101001
 30
0.0
 70
0
  0
VERTEX
  5
1D6
  8
POCKET-KERF-15_5
 10
636.4271518196718
 20
583.9736163559246
 30
0.0
 70
0
  0
SEQEND
  5
1D2
  8
POCKET-KERF-15_5
  0
POLYLINE
  5
1D7
  8
POCKET-KERF-15_5
 66
1
 10
0.0
 20
0.0
 30
0.0
 70
1
  0
VERTEX
  5
1D9
  8
POCKET-KERF-15_5
 10
594.2989458482008
 20
107.96154825543965
 30
0.0
 70
0
  0
VERTEX
  5
1DA
  8
POCKET-KERF-15_5
 10
600.2891643344609
 20
107.61908294790123
 30
0.0
 70
0
  0
VERTEX
  5
1DB
  8
POCKET-KERF-15_5
 10
627.5565512577135
 20
584.565511167764
 30
0.0
 70
0
  0
VERTEX
  5
1DC
  8
POCKET-KERF-15_5
 10
621.5663327714534
 20
584.9079764753026
 30
0.0
 70
0
  0
SEQEND
  5
1D8
  8
POCKET-KERF-15_5
  0
POLYLINE
  5
1DD
  8
POCKET-KERF-15_5
 66
1
 10
0.0
 20
0.0
 30
0.0
 70
1
  0
VERTEX
  5
1DF
  8
POCKET-KERF-15_5
 10
600.9112592500276
 20
433.8386218894787
 30
0.0
 70
0
  0
VERTEX
  5
1E0
  8
POCKET-KERF-15_5
 10
606.9069112541061
 20
433.6102427179488
 30
0.0
 70
0
  0
VERTEX
  5
1E1
  8
POCKET-KERF-15_5
 10
612.686072665483
 20
585.3309117521582
 30
0.0
 70
0
  0
VERTEX
  5
1E2
  8
POCKET-KERF-15_5
 10
606.6904206614045
 20
585.5592909236881
 30
0.0
 70
0
  0
SEQEND
  5
1DE
  8
POCKET-KERF-15_5
  0
POLYLINE
  5
1E3
  8
POCKET-KERF-15_5
 66
1
 10
0.0
 20
0.0
 30
0.0
 70
1
  0
VERTEX
  5
1E5
  8
POCKET-KERF-15_5
 10
582.7112838597382
 20
108.28863844867756
 30
0.0
 70
0
  0
VERTEX
  5
1E6
  8
POCKET-KERF-15_5
 10
588.7101967622762
 20
108.17442816996181
 30
0.0
 70
0
  0
VERTEX
  5
1E7
  8
POCKET-KERF-15_5
 10
597.8037189141634
 20
585.8131134082707
 30
0.0
 70
0
  0
VERTEX
  5
1E8
  8
POCKET-KERF-15_5
 10
591.8048060116255
 20
585.9273236869865
 30
0.0
 70
0
  0
SEQEND
  5
1E4
  8
POCKET-KERF-15_5
  0
POLYLINE
  5
1E9
  8
POCKET-KERF-15_5
 66
1
 10
0.0
 20
0.0
 30
0.0
 70
1
  0
VERTEX
  5
1EB
  8
POCKET-KERF-15_5
 10
576.9148828600855
 20
434.1812458276424
 30
0.0
 70
0
  0
VERTEX
  5
1EC
  8
POCKET-KERF-15_5
 10
582.9148828600855
 20
434.1812458276424
 30
0.0
 70
0
  0
VERTEX
  5
1ED
  8
POCKET-KERF-15_5
 10
582.9148828600855
 20
586.0119414027033
 30
0.0
 70
0
  0
VERTEX
  5
1EE
  8
POCKET-KERF-15_5
 10
576.9148828600855
 20
586.0119414027033
 30
0.0
 70
0
  0
SEQEND
  5
1EA
  8
POCKET-KERF-15_5
  0
POLYLINE
  5
1EF
  8
POCKET-KERF-15_5
 66
1
 10
0.0
 20
0.0
 30
0.0
 70
1
  0
VERTEX
  5
1F1
  8
POCKET-KERF-15_5
 10
571.119568957895
 20
108.17442816996181
 30
0.0
 70
0
  0
VERTEX
  5
1F2
  8
POCKET-KERF-15_5
 10
577.1184818604329
 20
108.28863844867756
 30
0.0
 70
0
  0
VERTEX
  5
1F3
  8
POCKET-KERF-15_5
 10
568.0249597085457
 20
585.9273236869865
 30
0.0
 70
0
  0
VERTEX
  5
1F4
  8
POCKET-KERF-15_5
 10
562.0260468060077
 20
585.8131134082707
 30
0.0
 70
0
  0
SEQEND
  5
1F0
  8
POCKET-KERF-15_5
  0
POLYLINE
  5
1F5
  8
POCKET-KERF-15_5
 66
1
 10
0.0
 20
0.0
 30
0.0
 70
1
  0
VERTEX
  5
1F7
  8
POCKET-KERF-15_5
 10
552.9228544660648
 20
433.6102427179488
 30
0.0
 70
0
  0
VERTEX
  5
1F8
  8
POCKET-KERF-15_5
 10
558.9185064701434
 20
433.8386218894787
 30
0.0
 70
0
  0
VERTEX
  5
1F9
  8
POCKET-KERF-15_5
 10
553.1393450587665
 20
585.5592909236881
 30
0.0
 70
0
  0
VERTEX
  5
1FA
  8
POCKET-KERF-15_5
 10
547.1436930546879
 20
585.3309117521582
 30
0.0
 70
0
  0
SEQEND
  5
1F6
  8
POCKET-KERF-15_5
  0
POLYLINE
  5
1FB
  8
POCKET-KERF-15_5
 66
1
 10
0.0
 20
0.0
 30
0.0
 70
1
  0
VERTEX
  5
1FD
  8
POCKET-KERF-15_5
 10
559.5406013857101
 20
107.61908294790123
 30
0.0
 70
0
  0
VERTEX
  5
1FE
  8
POCKET-KERF-15_5
 10
565.5308198719703
 20
107.96154825543965
 30
0.0
 70
0
  0
VERTEX
  5
1FF
  8
POCKET-KERF-15_5
 10
538.2634329487177
 20
584.9079764753026
 30
0.0
 70
0
  0
VERTEX
  5
200
  8
POCKET-KERF-15_5
 10
532.2732144624575
 20
584.565511167764
 30
0.0
 70
0
  0
SEQEND
  5
1FC
  8
POCKET-KERF-15_5
  0
POLYLINE
  5
201
  8
POCKET-KERF-15_5
 66
1
 10
0.0
 20
0.0
 30
0.0
 70
1
  0
VERTEX
  5
203
  8
POCKET-KERF-15_5
 10
528.9699464818339
 20
432.1264401334619
 30
0.0
 70
0
  0
VERTEX
  5
204
  8
POCKET-KERF-15_5
 10
534.9525607998377
 20
432.58286747928645
 30
0.0
 70
0
  0
VERTEX
  5
205
  8
POCKET-KERF-15_5
 10
523.4026139004992
 20
583.9736163559246
 30
0.0
 70
0
  0
VERTEX
  5
206
  8
POCKET-KERF-15_5
 10
517.4199995824955
 20
583.5171890101001
 30
0.0
 70
0
  0
SEQEND
  5
202
  8
POCKET-KERF-15_5
  0
POLYLINE
  5
207
  8
POCKET-KERF-15_5
 66
1
 10
0.0
 20
0.0
 30
0.0
 70
1
  0
VERTEX
  5
209
  8
POCKET-KERF-15_5
 10
547.9911629111094
 20
106.62340766208264
 30
0.0
 70
0
  0
VERTEX
  5
20A
  8
POCKET-KERF-15_5
 10
553.9640051659095
 20
107.19363165252368
 30
0.0
 70
0
  0
VERTEX
  5
20B
  8
POCKET-KERF-15_5
 10
508.5622729670019
 20
582.7565491457256
 30
0.0
 70
0
  0
VERTEX
  5
20C
  8
POCKET-KERF-15_5
 10
502.5894307122018
 20
582.1863251552845
 30
0.0
 70
0
  0
SEQEND
  5
208
  8
POCKET-KERF-15_5
  0
POLYLINE
  5
20D
  8
POCKET-KERF-15_5
 66
1
 10
0.0
 20
0.0
 30
0.0
 70
1
  0
VERTEX
  5
20F
  8
POCKET-KERF-15_5
 10
505.0908746227997
 20
429.7319885967102
 30
0.0
 70
0
  0
VERTEX
  5
210
  8
POCKET-KERF-15_5
 10
511.0517804605106
 20
430.4158026020835
 30
0.0
 70
0
  0
VERTEX
  5
211
  8
POCKET-KERF-15_5
 10
493.74778778054775
 20
581.2572158682639
 30
0.0
 70
0
  0
VERTEX
  5
212
  8
POCKET-KERF-15_5
 10
487.7868819428368
 20
580.5734018628906
 30
0.0
 70
0
  0
SEQEND
  5
20E
  8
POCKET-KERF-15_5
  0
POLYLINE
  5
213
  8
POCKET-KERF-15_5
 66
1
 10
0.0
 20
0.0
 30
0.0
 70
1
  0
VERTEX
  5
215
  8
POCKET-KERF-15_5
 10
536.487992504554
 20
105.18884537653325
 30
0.0
 70
0
  0
VERTEX
  5
216
  8
POCKET-KERF-15_5
 10
542.4348018966397
 20
105.98600160601534
 30
0.0
 70
0
  0
VERTEX
  5
217
  8
POCKET-KERF-15_5
 10
478.9645266042194
 20
579.4761598306733
 30
0.0
 70
0
  0
VERTEX
  5
218
  8
POCKET-KERF-15_5
 10
473.0177172121338
 20
578.6790036011913
 30
0.0
 70
0
  0
SEQEND
  5
214
  8
POCKET-KERF-15_5
  0
POLYLINE
  5
219
  8
POCKET-KERF-15_5
 66
1
 10
0.0
 20
0.0
 30
0.0
 70
1
  0
VERTEX
  5
21B
  8
POCKET-KERF-15_5
 10
481.3202475913127
 20
426.43035846286597
 30
0.0
 70
0
  0
VERTEX
  5
21C
  8
POCKET-KERF-15_5
 10
487.25080561730715
 20
427.3405680542855
 30
0.0
 70
0
  0
VERTEX
  5
21D
  8
POCKET-KERF-15_5
 10
464.21784638658556
 20
577.4140264267864
 30
0.0
 70
0
  0
VERTEX
  5
21E
  8
POCKET-KERF-15_5
 10
458.2872883605911
 20
576.5038168353669
 30
0.0
 70
0
  0
SEQEND
  5
21A
  8
POCKET-KERF-15_5
  0
POLYLINE
  5
21F
  8
POCKET-KERF-15_5
 66
1
 10
0.0
 20
0.0
 30
0.0
 70
1
  0
VERTEX
  5
221
  8
POCKET-KERF-15_5
 10
525.0477620787138
 20
103.31747524824202
 30
0.0
 70
0
  0
VERTEX
  5
222
  8
POCKET-KERF-15_5
 10
530.959919707091
 20
104.34040837275352
 30
0.0
 70
0
  0
VERTEX
  5
223
  8
POCKET-KERF-15_5
 10
449.51309082052603
 20
575.0715629032667
 30
0.0
 70
0
  0
VERTEX
  5
224
  8
POCKET-KERF-15_5
 10
443.600933192149
 20
574.0486297787551
 30
0.0
 70
0
  0
SEQEND
  5
220
  8
POCKET-KERF-15_5
  0
POLYLINE
  5
225
  8
POCKET-KERF-15_5
 66
1
 10
0.0
 20
0.0
 30
0.0
 70
1
  0
VERTEX
  5
227
  8
POCKET-KERF-15_5
 10
457.69251691716715
 20
422.22633489004755
 30
0.0
 70
0
  0
VERTEX
  5
228
  8
POCKET-KERF-15_5
 10
463.5841317840756
 20
423.3616208716498
 30
0.0
 70
0
  0
VERTEX
  5
229
  8
POCKET-KERF-15_5
 10
434.8555884068599
 20
572.4496180888312
 30
0.0
 70
0
  0
VERTEX
  5
22A
  8
POCKET-KERF-15_5
 10
428.9639735399514
 20
571.314332107229
 30
0.0
 70
0
  0
SEQEND
  5
226
  8
POCKET-KERF-15_5
  0
POLYLINE
  5
22B
  8
POCKET-KERF-15_5
 66
1
 10
0.0
 20
0.0
 30
0.0
 70
1
  0
VERTEX
  5
22D
  8
POCKET-KERF-15_5
 10
513.6870523253335
 20
101.01200951377065
 30
0.0
 70
0
  0
VERTEX
  5
22E
  8
POCKET-KERF-15_5
 10
519.555989510917
 20
102.25923696362726
 30
0.0
 70
0
  0
VERTEX
  5
22F
  8
POCKET-KERF-15_5
 10
420.25065052347844
 20
569.5491420866646
 30
0.0
 70
0
  0
VERTEX
  5
230
  8
POCKET-KERF-15_5
 10
414.381713337895
 20
568.301914636808
 30
0.0
 70
0
  0
SEQEND
  5
22C
  8
POCKET-KERF-15_5
  0
POLYLINE
  5
231
  8
POCKET-KERF-15_5
 66
1
 10
0.0
 20
0.0
 30
0.0
 70
1
  0
VERTEX
  5
233
  8
POCKET-KERF-15_5
 10
434.2419270258978
 20
417.12601090403786
 30
0.0
 70
0
  0
VERTEX
  5
234
  8
POCKET-KERF-15_5
 10
440.0860598279163
 20
418.48472786955034
 30
0.0
 70
0
  0
VERTEX
  5
235
  8
POCKET-KERF-15_5
 10
405.70356950068407
 20
566.3711859301334
 30
0.0
 70
0
  0
VERTEX
  5
236
  8
POCKET-KERF-15_5
 10
399.85943669866555
 20
565.0124689646209
 30
0.0
 70
0
  0
SEQEND
  5
232
  8
POCKET-KERF-15_5
  0
POLYLINE
  5
237
  8
POCKET-KERF-15_5
 66
1
 10
0.0
 20
0.0
 30
0.0
 70
1
  0
VERTEX
  5
239
  8
POCKET-KERF-15_5
 10
502.4223286843033
 20
98.27578955832263
 30
0.0
 70
0
  0
VERTEX
  5
23A
  8
POCKET-KERF-15_5
 10
508.2395393887778
 20
99.74550368690262
 30
0.0
 70
0
  0
VERTEX
  5
23B
  8
POCKET-KERF-15_5
 10
391.2196167034304
 20
562.916901201929
 30
0.0
 70
0
  0
VERTEX
  5
23C
  8
POCKET-KERF-15_5
 10
385.4024059989559
 20
561.4471870733489
 30
0.0
 70
0
  0
SEQEND
  5
238
  8
POCKET-KERF-15_5
  0
POLYLINE
  5
23D
  8
POCKET-KERF-15_5
 66
1
 10
0.0
 20
0.0
 30
0.0
 70
1
  0
VERTEX
  5
23F
  8
POCKET-KERF-15_5
 10
411.0024656072388
 20
411.1367785674665
 30
0.0
 70
0
  0
VERTEX
  5
240
  8
POCKET-KERF-15_5
 10
416.7906462558381
 20
412.7169572849477
 30
0.0
 70
0
  0
VERTEX
  5
241
  8
POCKET-KERF-15_5
 10
376.80404062116
 20
559.1875396167715
 30
0.0
 70
0
  0
VERTEX
  5
242
  8
POCKET-KERF-15_5
 10
371.0158599725607
 20
557.6073608992903
 30
0.0
 70
0
  0
SEQEND
  5
23E
  8
POCKET-KERF-15_5
  0
POLYLINE
  5
243
  8
POCKET-KERF-15_5
 66
1
 10
0.0
 20
0.0
 30
0.0
 70
1
  0
VERTEX
  5
245
  8
POCKET-KERF-15_5
 10
491.26991747977263
 20
95.11278107296687
 30
0.0
 70
0
  0
VERTEX
  5
246
  8
POCKET-KERF-15_5
 10
497.0269706336657
 20
96.8028517765913
 30
0.0
 70
0
  0
VERTEX
  5
247
  8
POCKET-KERF-15_5
 10
362.46206496593067
 20
555.1844525678324
 30
0.0
 70
0
  0
VERTEX
  5
248
  8
POCKET-KERF-15_5
 10
356.7050118120376
 20
553.4943818642079
 30
0.0
 70
0
  0
SEQEND
  5
244
  8
POCKET-KERF-15_5
  0
POLYLINE
  5
249
  8
POCKET-KERF-15_5
 66
1
 10
0.0
 20
0.0
 30
0.0
 70
1
  0
VERTEX
  5
24B
  8
POCKET-KERF-15_5
 10
388.0078143556785
 20
404.26731826625763
 30
0.0
 70
0
  0
VERTEX
  5
24C
  8
POCKET-KERF-15_5
 10
393.7316538555744
 20
406.06666853216797
 30
0.0
 70
0
  0
VERTEX
  5
24D
  8
POCKET-KERF-15_5
 10
348.19888677952093
 20
550.9090906370359
 30
0.0
 70
0
  0
VERTEX
  5
24E
  8
POCKET-KERF-15_5
 10
342.475047279625
 20
549.1097403711256
 30
0.0
 70
0
  0
SEQEND
  5
24A
  8
POCKET-KERF-15_5
  0
POLYLINE
  5
24F
  8
POCKET-KERF-15_5
 66
1
 10
0.0
 20
0.0
 30
0.0
 70
1
  0
VERTEX
  5
251
  8
POCKET-KERF-15_5
 10
480.24598225788515
 20
91.52756830703444
 30
0.0
 70
0
  0
VERTEX
  5
252
  8
POCKET-KERF-15_5
 10
485.93453397998593
 20
93.4355461121946
 30
0.0
 70
0
  0
VERTEX
  5
253
  8
POCKET-KERF-15_5
 10
334.01967455020036
 20
546.363003069416
 30
0.0
 70
0
  0
VERTEX
  5
254
  8
POCKET-KERF-15_5
 10
328.3311228280995
 20
544.4550252642559
 30
0.0
 70
0
  0
SEQEND
  5
250
  8
POCKET-KERF-15_5
  0
POLYLINE
  5
255
  8
POCKET-KERF-15_5
 66
1
 10
0.0
 20
0.0
 30
0.0
 70
1
  0
VERTEX
  5
257
  8
POCKET-KERF-15_5
 10
365.2913001545023
 20
396.52758612886856
 30
0.0
 70
0
  0
VERTEX
  5
258
  8
POCKET-KERF-15_5
 10
370.94250276209465
 20
398.5435000873354
 30
0.0
 70
0
  0
VERTEX
  5
259
  8
POCKET-KERF-15_5
 10
319.92956633984545
 20
541.5478372117262
 30
0.0
 70
0
  0
VERTEX
  5
25A
  8
POCKET-KERF-15_5
 10
314.27836373225307
 20
539.5319232532594
 30
0.0
 70
0
  0
SEQEND
  5
256
  8
POCKET-KERF-15_5
  0
POLYLINE
  5
25B
  8
POCKET-KERF-15_5
 66
1
 10
0.0
 20
0.0
 30
0.0
 70
1
  0
VERTEX
  5
25D
  8
POCKET-KERF-15_5
 10
469.3665003604353
 20
87.52534742402018
 30
0.0
 70
0
  0
VERTEX
  5
25E
  8
POCKET-KERF-15_5
 10
474.9783060508483
 20
89.64846703747774
 30
0.0
 70
0
  0
VERTEX
  5
25F
  8
POCKET-KERF-15_5
 10
305.93366792208144
 20
536.4653379154936
 30
0.0
 70
0
  0
VERTEX
  5
260
  8
POCKET-KERF-15_5
 10
300.32186223166843
 20
534.3422183020361
 30
0.0
 70
0
  0
SEQEND
  5
25C
  8
POCKET-KERF-15_5
  0
POLYLINE
  5
261
  8
POCKET-KERF-15_5
 66
1
 10
0.0
 20
0.0
 30
0.0
 70
1
  0
VERTEX
  5
263
  8
POCKET-KERF-15_5
 10
342.88584677407573
 20
387.9287995965547
 30
0.0
 70
0
  0
VERTEX
  5
264
  8
POCKET-KERF-15_5
 10
348.4562220207348
 20
390.15835551902165
 30
0.0
 70
0
  0
VERTEX
  5
265
  8
POCKET-KERF-15_5
 10
292.0370509321247
 20
531.1173469047469
 30
0.0
 70
0
  0
VERTEX
  5
266
  8
POCKET-KERF-15_5
 10
286.46667568546565
 20
528.88779098228
 30
0.0
 70
0
  0
SEQEND
  5
262
  8
POCKET-KERF-15_5
  0
POLYLINE
  5
267
  8
POCKET-KERF-15_5
 66
1
 10
0.0
 20
0.0
 30
0.0
 70
1
  0
VERTEX
  5
269
  8
POCKET-KERF-15_5
 10
458.64723976839537
 20
83.11191897061602
 30
0.0
 70
0
  0
VERTEX
  5
26A
  8
POCKET-KERF-15_5
 10
464.1741660577027
 20
85.44710328723082
 30
0.0
 70
0
  0
VERTEX
  5
26B
  8
POCKET-KERF-15_5
 10
278.24475102899606
 20
525.5058021086382
 30
0.0
 70
0
  0
VERTEX
  5
26C
  8
POCKET-KERF-15_5
 10
272.71782473968875
 20
523.1706177920233
 30
0.0
 70
0
  0
SEQEND
  5
268
  8
POCKET-KERF-15_5
  0
POLYLINE
  5
26D
  8
POCKET-KERF-15_5
 66
1
 10
0.0
 20
0.0
 30
0.0
 70
1
  0
VERTEX
  5
26F
  8
POCKET-KERF-15_5
 10
320.8239271543708
 20
378.4834211655735
 30
0.0
 70
0
  0
VERTEX
  5
270
  8
POCKET-KERF-15_5
 10
326.3054017171455
 20
380.92338768535484
 30
0.0
 70
0
  0
VERTEX
  5
271
  8
POCKET-KERF-15_5
 10
264.5617660707692
 20
519.6327369592028
 30
0.0
 70
0
  0
VERTEX
  5
272
  8
POCKET-KERF-15_5
 10
259.0802915079945
 20
517.1927704394216
 30
0.0
 70
0
  0
SEQEND
  5
26E
  8
POCKET-KERF-15_5
  0
POLYLINE
  5
273
  8
POCKET-KERF-15_5
 66
1
 10
0.0
 20
0.0
 30
0.0
 70
1
  0
VERTEX
  5
275
  8
POCKET-KERF-15_5
 10
448.1037362488774
 20
78.2936794697936
 30
0.0
 70
0
  0
VERTEX
  5
276
  8
POCKET-KERF-15_5
 10
453.537772786091
 20
80.83754403227093
 30
0.0
 70
0
  0
VERTEX
  5
277
  8
POCKET-KERF-15_5
 10
250.99305430351814
 20
513.5002796545135
 30
0.0
 70
0
  0
VERTEX
  5
278
  8
POCKET-KERF-15_5
 10
245.55901776630463
 20
510.9564150920361
 30
0.0
 70
0
  0
SEQEND
  5
274
  8
POCKET-KERF-15_5
  0
POLYLINE
  5
279
  8
POCKET-KERF-15_5
 66
1
 10
0.0
 20
0.0
 30
0.0
 70
1
  0
VERTEX
  5
27B
  8
POCKET-KERF-15_5
 10
299.1375163408959
 20
368.20514032488944
 30
0.0
 70
0
  0
VERTEX
  5
27C
  8
POCKET-KERF-15_5
 10
304.5221457434387
 20
370.851981120493
 30
0.0
 70
0
  0
VERTEX
  5
27D
  8
POCKET-KERF-15_5
 10
237.54353256461812
 20
507.1106523874945
 30
0.0
 70
0
  0
VERTEX
  5
27E
  8
POCKET-KERF-15_5
 10
232.1589031620753
 20
504.46381159189093
 30
0.0
 70
0
  0
SEQEND
  5
27A
  8
POCKET-KERF-15_5
  0
POLYLINE
  5
27F
  8
POCKET-KERF-15_5
 66
1
 10
0.0
 20
0.0
 30
0.0
 70
1
  0
VERTEX
  5
281
  8
POCKET-KERF-15_5
 10
437.75127083864794
 20
73.07761215011884
 30
0.0
 70
0
  0
VERTEX
  5
282
  8
POCKET-KERF-15_5
 10
443.08454190086746
 20
75.8264700542113
 30
0.0
 70
0
  0
VERTEX
  5
283
  8
POCKET-KERF-15_5
 10
224.21807450105217
 20
500.466170540674
 30
0.0
 70
0
  0
VERTEX
  5
284
  8
POCKET-KERF-15_5
 10
218.88480343883265
 20
497.71731263658165
 30
0.0
 70
0
  0
SEQEND
  5
280
  8
POCKET-KERF-15_5
  0
POLYLINE
  5
285
  8
POCKET-KERF-15_5
 66
1
 10
0.0
 20
0.0
 30
0.0
 70
1
  0
VERTEX
  5
287
  8
POCKET-KERF-15_5
 10
277.8580451422403
 20
357.108853715561
 30
0.0
 70
0
  0
VERTEX
  5
288
  8
POCKET-KERF-15_5
 10
283.13802526899104
 20
359.9587326359919
 30
0.0
 70
0
  0
VERTEX
  5
289
  8
POCKET-KERF-15_5
 10
211.02150880336777
 20
493.5692418471701
 30
0.0
 70
0
  0
VERTEX
  5
28A
  8
POCKET-KERF-15_5
 10
205.74152867661704
 20
490.71936292673917
 30
0.0
 70
0
  0
SEQEND
  5
286
  8
POCKET-KERF-15_5
  0
POLYLINE
  5
28B
  8
POCKET-KERF-15_5
 66
1
 10
0.0
 20
0.0
 30
0.0
 70
1
  0
VERTEX
  5
28D
  8
POCKET-KERF-15_5
 10
427.604847696834
 20
67.47127682473585
 30
0.0
 70
0
  0
VERTEX
  5
28E
  8
POCKET-KERF-15_5
 10
432.82962360378406
 20
70.42114406279147
 30
0.0
 70
0
  0
VERTEX
  5
28F
  8
POCKET-KERF-15_5
 10
197.9586174559246
 20
486.4223655182091
 30
0.0
 70
0
  0
VERTEX
  5
290
  8
POCKET-KERF-15_5
 10
192.73384154897454
 20
483.4724982801534
 30
0.0
 70
0
  0
SEQEND
  5
28C
  8
POCKET-KERF-15_5
  0
POLYLINE
  5
291
  8
POCKET-KERF-15_5
 66
1
 10
0.0
 20
0.0
 30
0.0
 70
1
  0
VERTEX
  5
293
  8
POCKET-KERF-15_5
 10
257.01635457639827
 20
345.21064354056165
 30
0.0
 70
0
  0
VERTEX
  5
294
  8
POCKET-KERF-15_5
 10
262.18403298333817
 20
348.25943016517925
 30
0.0
 70
0
  0
VERTEX
  5
295
  8
POCKET-KERF-15_5
 10
185.03413400406592
 20
479.028131337497
 30
0.0
 70
0
  0
VERTEX
  5
296
  8
POCKET-KERF-15_5
 10
179.86645559712602
 20
475.97934471287937
 30
0.0
 70
0
  0
SEQEND
  5
292
  8
POCKET-KERF-15_5
  0
POLYLINE
  5
297
  8
POCKET-KERF-15_5
 66
1
 10
0.0
 20
0.0
 30
0.0
 70
1
  0
VERTEX
  5
299
  8
POCKET-KERF-15_5
 10
417.6791723589146
 20
61.48279893468754
 30
0.0
 70
0
  0
VERTEX
  5
29A
  8
POCKET-KERF-15_5
 10
422.7878806758173
 20
64.6294001697998
 30
0.0
 70
0
  0
VERTEX
  5
29B
  8
POCKET-KERF-15_5
 10
172.25274183884525
 20
471.38921872277143
 30
0.0
 70
0
  0
VERTEX
  5
29C
  8
POCKET-KERF-15_5
 10
167.14403352194265
 20
468.2426174876592
 30
0.0
 70
0
  0
SEQEND
  5
298
  8
POCKET-KERF-15_5
  0
POLYLINE
  5
29D
  8
POCKET-KERF-15_5
 66
1
 10
0.0
 20
0.0
 30
0.0
 70
1
  0
VERTEX
  5
29F
  8
POCKET-KERF-15_5
 10
236.642651171895
 20
332.52775425632916
 30
0.0
 70
0
  0
VERTEX
  5
2A0
  8
POCKET-KERF-15_5
 10
241.69053817747846
 20
335.7710298811971
 30
0.0
 70
0
  0
VERTEX
  5
2A1
  8
POCKET-KERF-15_5
 10
159.61907249992444
 20
463.5083957548714
 30
0.0
 70
0
  0
VERTEX
  5
2A2
  8
POCKET-KERF-15_5
 10
154.571185494341
 20
460.2651201300035
 30
0.0
 70
0
  0
SEQEND
  5
29E
  8
POCKET-KERF-15_5
  0
POLYLINE
  5
2A3
  8
POCKET-KERF-15_5
 66
1
 10
0.0
 20
0.0
 30
0.0
 70
1
  0
VERTEX
  5
2A5
  8
POCKET-KERF-15_5
 10
407.9886304235191
 20
55.12085777245463
 30
0.0
 70
0
  0
VERTEX
  5
2A6
  8
POCKET-KERF-15_5
 10
412.97386693606575
 20
58.45963253484453
 30
0.0
 70
0
  0
VERTEX
  5
2A7
  8
POCKET-KERF-15_5
 10
147.13770399726147
 20
455.38851817467895
 30
0.0
 70
0
  0
VERTEX
  5
2A8
  8
POCKET-KERF-15_5
 10
142.15246748471483
 20
452.04974341228905
 30
0.0
 70
0
  0
SEQEND
  5
2A4
  8
POCKET-KERF-15_5
  0
POLYLINE
  5
2A9
  8
POCKET-KERF-15_5
 66
1
 10
0.0
 20
0.0
 30
0.0
 70
1
  0
VERTEX
  5
2AB
  8
POCKET-KERF-15_5
 10
216.76646318849953
 20
319.0785675798234
 30
0.0
 70
0
  0
VERTEX
  5
2AC
  8
POCKET-KERF-15_5
 10
221.68724272868917
 20
322.5116316218785
 30
0.0
 70
0
  0
VERTEX
  5
2AD
  8
POCKET-KERF-15_5
 10
134.81315915219741
 20
447.0325283482978
 30
0.0
 70
0
  0
VERTEX
  5
2AE
  8
POCKET-KERF-15_5
 10
129.89237961200777
 20
443.5994643062427
 30
0.0
 70
0
  0
SEQEND
  5
2AA
  8
POCKET-KERF-15_5
  0
POLYLINE
  5
2AF
  8
POCKET-KERF-15_5
 66
1
 10
0.0
 20
0.0
 30
0.0
 70
1
  0
VERTEX
  5
2B1
  8
POCKET-KERF-15_5
 10
398.5472667029176
 20
48.39467390277875
 30
0.0
 70
0
  0
VERTEX
  5
2B2
  8
POCKET-KERF-15_5
 10
403.40180614843365
 20
51.92078319942985
 30
0.0
 70
0
  0
VERTEX
  5
2B3
  8
POCKET-KERF-15_5
 10
122.64990395854
 20
438.443454200839
 30
0.0
 70
0
  0
VERTEX
  5
2B4
  8
POCKET-KERF-15_5
 10
117.79536451302397
 20
434.91734490418787
 30
0.0
 70
0
  0
SEQEND
  5
2B0
  8
POCKET-KERF-15_5
  0
POLYLINE
  5
2B5
  8
POCKET-KERF-15_5
 66
1
 10
0.0
 20
0.0
 30
0.0
 70
1
  0
VERTEX
  5
2B7
  8
POCKET-KERF-15_5
 10
197.41659782097383
 20
304.88257584731645
 30
0.0
 70
0
  0
VERTEX
  5
2B8
  8
POCKET-KERF-15_5
 10
202.20313805264595
 20
308.5004526570744
 30
0.0
 70
0
  0
VERTEX
  5
2B9
  8
POCKET-KERF-15_5
 10
110.65234596423969
 20
429.6244081192052
 30
0.0
 70
0
  0
VERTEX
  5
2BA
  8
POCKET-KERF-15_5
 10
105.86580573256757
 20
426.00653130944727
 30
0.0
 70
0
  0
SEQEND
  5
2B6
  8
POCKET-KERF-15_5
  0
POLYLINE
  5
2BB
  8
POCKET-KERF-15_5
 66
1
 10
0.0
 20
0.0
 30
0.0
 70
1
  0
VERTEX
  5
2BD
  8
POCKET-KERF-15_5
 10
389.36876486742716
 20
41.3139957990042
 30
0.0
 70
0
  0
VERTEX
  5
2BE
  8
POCKET-KERF-15_5
 10
394.08557140667597
 20
45.02232912696974
 30
0.0
 70
0
  0
VERTEX
  5
2BF
  8
POCKET-KERF-15_5
 10
98.82483267424577
 20
420.57858582426763
 30
0.0
 70
0
  0
VERTEX
  5
2C0
  8
POCKET-KERF-15_5
 10
94.10802613499702
 20
416.8702524963022
 30
0.0
 70
0
  0
SEQEND
  5
2BC
  8
POCKET-KERF-15_5
  0
POLYLINE
  5
2C1
  8
POCKET-KERF-15_5
 66
1
 10
0.0
 20
0.0
 30
0.0
 70
1
  0
VERTEX
  5
2C3
  8
POCKET-KERF-15_5
 10
178.62109944788426
 20
289.9603537635264
 30
0.0
 70
0
  0
VERTEX
  5
2C4
  8
POCKET-KERF-15_5
 10
183.2664630852371
 20
293.75779983644964
 30
0.0
 70
0
  0
VERTEX
  5
2C5
  8
POCKET-KERF-15_5
 10
87.17164997511803
 20
411.3092652128461
 30
0.0
 70
0
  0
VERTEX
  5
2C6
  8
POCKET-KERF-15_5
 10
82.5262863377652
 20
407.5118191399228
 30
0.0
 70
0
  0
SEQEND
  5
2C2
  8
POCKET-KERF-15_5
  0
POLYLINE
  5
2C7
  8
POCKET-KERF-15_5
 66
1
 10
0.0
 20
0.0
 30
0.0
 70
1
  0
VERTEX
  5
2C9
  8
POCKET-KERF-15_5
 10
380.4664276132294
 20
33.88908571430293
 30
0.0
 70
0
  0
VERTEX
  5
2CA
  8
POCKET-KERF-15_5
 10
385.03866502767943
 20
37.774268467521075
 30
0.0
 70
0
  0
VERTEX
  5
2CB
  8
POCKET-KERF-15_5
 10
75.69702058196916
 20
401.81980516991086
 30
0.0
 70
0
  0
VERTEX
  5
2CC
  8
POCKET-KERF-15_5
 10
71.12478316751915
 20
397.93462241669283
 30
0.0
 70
0
  0
SEQEND
  5
2C8
  8
POCKET-KERF-15_5
  0
POLYLINE
  5
2CD
  8
POCKET-KERF-15_5
 66
1
 10
0.0
 20
0.0
 30
0.0
 70
1
  0
VERTEX
  5
2CF
  8
POCKET-KERF-15_5
 10
160.40720898598653
 20
274.33352858203955
 30
0.0
 70
0
  0
VERTEX
  5
2D0
  8
POCKET-KERF-15_5
 10
164.90466335497052
 20
278.3050401581156
 30
0.0
 70
0
  0
VERTEX
  5
2D1
  8
POCKET-KERF-15_5
 10
64.40510250829671
 20
392.11364435143906
 30
0.0
 70
0
  0
VERTEX
  5
2D2
  8
POCKET-KERF-15_5
 10
59.907648139312656
 20
388.1421327753629
 30
0.0
 70
0
  0
SEQEND
  5
2CE
  8
POCKET-KERF-15_5
  0
POLYLINE
  5
2D3
  8
POCKET-KERF-15_5
 66
1
 10
0.0
 20
0.0
 30
0.0
 70
1
  0
VERTEX
  5
2D5
  8
POCKET-KERF-15_5
 10
371.85315738234857
 20
26.130704808263538
 30
0.0
 70
0
  0
VERTEX
  5
2D6
  8
POCKET-KERF-15_5
 10
376.27419898212315
 20
30.18710606714597
 30
0.0
 70
0
  0
VERTEX
  5
2D7
  8
POCKET-KERF-15_5
 10
53.29998755926011
 20
382.1942999383609
 30
0.0
 70
0
  0
VERTEX
  5
2D8
  8
POCKET-KERF-15_5
 10
48.878945959485584
 20
378.13789867947844
 30
0.0
 70
0
  0
SEQEND
  5
2D4
  8
POCKET-KERF-15_5
  0
POLYLINE
  5
2D9
  8
POCKET-KERF-15_5
 66
1
 10
0.0
 20
0.0
 30
0.0
 70
1
  0
VERTEX
  5
2DB
  8
POCKET-KERF-15_5
 10
142.80132440909426
 20
258.02474876024036
 30
0.0
 70
0
  0
VERTEX
  5
2DC
  8
POCKET-KERF-15_5
 10
147.14435120529174
 20
262.16456980075776
 30
0.0
 70
0
  0
VERTEX
  5
2DD
  8
POCKET-KERF-15_5
 10
42.3856998489524
 20
372.06536636205567
 30
0.0
 70
0
  0
VERTEX
  5
2DE
  8
POCKET-KERF-15_5
 10
38.042673052755035
 20
367.92554532153815
 30
0.0
 70
0
  0
SEQEND
  5
2DA
  8
POCKET-KERF-15_5
  0
POLYLINE
  5
2DF
  8
POCKET-KERF-15_5
 66
1
 10
0.0
 20
0.0
 30
0.0
 70
1
  0
VERTEX
  5
2E1
  8
POCKET-KERF-15_5
 10
363.5414376627293
 20
18.05009755039798
 30
0.0
 70
0
  0
VERTEX
  5
2E2
  8
POCKET-KERF-15_5
 10
367.80487589088034
 20
22.27183824290158
 30
0.0
 70
0
  0
VERTEX
  5
2E3
  8
POCKET-KERF-15_5
 10
31.666194342196857
 20
361.73051400185153
 30
0.0
 70
0
  0
VERTEX
  5
2E4
  8
POCKET-KERF-15_5
 10
27.40275611404584
 20
357.508773309348
 30
0.0
 70
0
  0
SEQEND
  5
2E0
  8
POCKET-KERF-15_5
  0
POLYLINE
  5
2E5
  8
CUT
 66
1
 10
0.0
 20
0.0
 30
0.0
 70
1
  0
VERTEX
  5
2E7
  8
CUT
 10
804.6808360041198
 20
566.0
 30
0.0
 70
0
  0
VERTEX
  5
2E8
  8
CUT
 10
1141.829765720171
 20
887.2951901154468
 30
0.0
 70
0
  0
VERTEX
  5
2E9
  8
CUT
 10
1134.1004077911125
 20
895.2904685903143
 30
0.0
 70
0
  0
VERTEX
  5
2EA
  8
CUT
 10
1126.2572993031486
 20
903.1741924015732
 30
0.0
 70
0
  0
VERTEX
  5
2EB
  8
CUT
 10
1118.3020501106225
 20
910.9447433582939
 30
0.0
 70
0
  0
VERTEX
  5
2EC
  8
CUT
 10
1110.2362930855616
 20
918.6005264990877
 30
0.0
 70
0
  0
VERTEX
  5
2ED
  8
CUT
 10
1102.06168378252
 20
926.1399704194847
 30
0.0
 70
0
  0
VERTEX
  5
2EE
  8
CUT
 10
1093.779900098764
 20
933.5615275944751
 30
0.0
 70
0
  0
VERTEX
  5
2EF
  8
CUT
 10
1085.3926419298705
 20
940.8636746961508
 30
0.0
 70
0
  0
VERTEX
  5
2F0
  8
CUT
 10
1076.9016308208122
 20
948.044912906378
 30
0.0
 70
0
  0
VERTEX
  5
2F1
  8
CUT
 10
1068.3086096125978
 20
955.1037682244419
 30
0.0
 70
0
  0
VERTEX
  5
2F2
  8
CUT
 10
1059.6153420845415
 20
962.0387917695948
 30
0.0
 70
0
  0
VERTEX
  5
2F3
  8
CUT
 10
1050.823612592235
 20
968.8485600784497
 30
0.0
 70
0
  0
VERTEX
  5
2F4
  8
CUT
 10
1041.9352257012943
 20
975.5316753971568
 30
0.0
 70
0
  0
VERTEX
  5
2F5
  8
CUT
 10
1032.9520058169614
 20
982.0867659683016
 30
0.0
 70
0
  0
VERTEX
  5
2F6
  8
CUT
 10
1023.8757968096314
 20
988.5124863124685
 30
0.0
 70
0
  0
VERTEX
  5
2F7
  8
CUT
 10
1014.7084616363838
 20
994.8075175044104
 30
0.0
 70
0
  0
VERTEX
  5
2F8
  8
CUT
 10
1005.4518819585992
 20
1000.970567443767
 30
0.0
 70
0
  0
VERTEX
  5
2F9
  8
CUT
 10
996.1079577557325
 20
1007.0003711202779
 30
0.0
 70
0
  0
VERTEX
  5
2FA
  8
CUT
 10
986.6786069353307
 20
1012.8956908734352
 30
0.0
 70
0
  0
VERTEX
  5
2FB
  8
CUT
 10
977.1657649393667
 20
1018.655316646522
 30
0.0
 70
0
  0
VERTEX
  5
2FC
  8
CUT
 10
967.5713843469773
 20
1024.2780662349855
 30
0.0
 70
0
  0
VERTEX
  5
2FD
  8
CUT
 10
957.8974344736819
 20
1029.762785529092
 30
0.0
 70
0
  0
VERTEX
  5
2FE
  8
CUT
 10
948.1459009671655
 20
1035.1083487508185
 30
0.0
 70
0
  0
VERTEX
  5
2FF
  8
CUT
 10
938.318785399712
 20
1040.3136586849232
 30
0.0
 70
0
  0
VERTEX
  5
300
  8
CUT
 10
928.4181048573652
 20
1045.3776469041609
 30
0.0
 70
0
  0
VERTEX
  5
301
  8
CUT
 10
918.4458915259088
 20
1050.2992739885817
 30
0.0
 70
0
  0
VERTEX
  5
302
  8
CUT
 10
908.4041922737449
 20
1055.0775297388818
 30
0.0
 70
0
  0
VERTEX
  5
303
  8
CUT
 10
898.2950682317605
 20
1059.7114333837535
 30
0.0
 70
0
  0
VERTEX
  5
304
  8
CUT
 10
888.120594370264
 20
1064.2000337811942
 30
0.0
 70
0
  0
VERTEX
  5
305
  8
CUT
 10
877.8828590730843
 20
1068.5424096137376
 30
0.0
 70
0
  0
VERTEX
  5
306
  8
CUT
 10
867.5839637089136
 20
1072.7376695775597
 30
0.0
 70
0
  0
VERTEX
  5
307
  8
CUT
 10
857.2260221999877
 20
1076.7849525654235
 30
0.0
 70
0
  0
VERTEX
  5
308
  8
CUT
 10
846.8111605881875
 20
1080.6834278434303
 30
0.0
 70
0
  0
VERTEX
  5
309
  8
CUT
 10
836.3415165986537
 20
1084.4322952215325
 30
0.0
 70
0
  0
VERTEX
  5
30A
  8
CUT
 10
825.8192392010031
 20
1088.0307852177775
 30
0.0
 70
0
  0
VERTEX
  5
30B
  8
CUT
 10
815.2464881682384
 20
1091.4781592162512
 30
0.0
 70
0
  0
VERTEX
  5
30C
  8
CUT
 10
804.6254336334375
 20
1094.773709618683
 30
0.0
 70
0
  0
VERTEX
  5
30D
  8
CUT
 10
793.9582556443195
 20
1097.9167599896853
 30
0.0
 70
0
  0
VERTEX
  5
30E
  8
CUT
 10
783.2471437157735
 20
1100.9066651955977
 30
0.0
 70
0
  0
VERTEX
  5
30F
  8
CUT
 10
772.4942963804452
 20
1103.7428115369044
 30
0.0
 70
0
  0
VERTEX
  5
310
  8
CUT
 10
761.7019207374726
 20
1106.4246168742006
 30
0.0
 70
0
  0
VERTEX
  5
311
  8
CUT
 10
750.8722319994624
 20
1108.9515307476818
 30
0.0
 70
0
  0
VERTEX
  5
312
  8
CUT
 10
740.0074530378017
 20
1111.3230344901285
 30
0.0
 70
0
  0
VERTEX
  5
313
  8
CUT
 10
729.1098139263986
 20
1113.5386413333658
 30
0.0
 70
0
  0
VERTEX
  5
314
  8
CUT
 10
718.1815514839427
 20
1115.5978965081777
 30
0.0
 70
0
  0
VERTEX
  5
315
  8
CUT
 10
707.2249088147825
 20
1117.5003773376516
 30
0.0
 70
0
  0
VERTEX
  5
316
  8
CUT
 10
696.2421348485111
 20
1119.2456933239337
 30
0.0
 70
0
  0
VERTEX
  5
317
  8
CUT
 10
685.2354838783587
 20
1120.8334862283841
 30
0.0
 70
0
  0
VERTEX
  5
318
  8
CUT
 10
674.2072150984816
 20
1122.2634301451067
 30
0.0
 70
0
  0
VERTEX
  5
319
  8
CUT
 10
663.1595921402471
 20
1123.5352315678429
 30
0.0
 70
0
  0
VERTEX
  5
31A
  8
CUT
 10
652.0948826076065
 20
1124.648629450217
 30
0.0
 70
0
  0
VERTEX
  5
31B
  8
CUT
 10
641.0153576116533
 20
1125.603395259318
 30
0.0
 70
0
  0
VERTEX
  5
31C
  8
CUT
 10
629.9232913044609
 20
1126.3993330226067
 30
0.0
 70
0
  0
VERTEX
  5
31D
  8
CUT
 10
618.8209604122974
 20
1127.0362793681415
 30
0.0
 70
0
  0
VERTEX
  5
31E
  8
CUT
 10
607.7106437683101
 20
1127.5141035581105
 30
0.0
 70
0
  0
VERTEX
  5
31F
  8
CUT
 10
596.5946218447795
 20
1127.8327075156672
 30
0.0
 70
0
  0
VERTEX
  5
320
  8
CUT
 10
585.4751762850359
 20
1127.992025845061
 30
0.0
 70
0
  0
VERTEX
  5
321
  8
CUT
 10
574.3545894351353
 20
1127.992025845061
 30
0.0
 70
0
  0
VERTEX
  5
322
  8
CUT
 10
563.235143875392
 20
1127.8327075156672
 30
0.0
 70
0
  0
VERTEX
  5
323
  8
CUT
 10
552.1191219518614
 20
1127.5141035581105
 30
0.0
 70
0
  0
VERTEX
  5
324
  8
CUT
 10
541.0088053078741
 20
1127.0362793681415
 30
0.0
 70
0
  0
VERTEX
  5
325
  8
CUT
 10
529.9064744157104
 20
1126.3993330226067
 30
0.0
 70
0
  0
VERTEX
  5
326
  8
CUT
 10
518.8144081085179
 20
1125.603395259318
 30
0.0
 70
0
  0
VERTEX
  5
327
  8
CUT
 10
507.7348831125646
 20
1124.648629450217
 30
0.0
 70
0
  0
VERTEX
  5
328
  8
CUT
 10
496.6701735799242
 20
1123.5352315678429
 30
0.0
 70
0
  0
VERTEX
  5
329
  8
CUT
 10
485.62255062168975
 20
1122.2634301451067
 30
0.0
 70
0
  0
VERTEX
  5
32A
  8
CUT
 10
474.59428184181286
 20
1120.8334862283843
 30
0.0
 70
0
  0
VERTEX
  5
32B
  8
CUT
 10
463.58763087166034
 20
1119.245693323934
 30
0.0
 70
0
  0
VERTEX
  5
32C
  8
CUT
 10
452.6048569053889
 20
1117.5003773376516
 30
0.0
 70
0
  0
VERTEX
  5
32D
  8
CUT
 10
441.64821423622845
 20
1115.5978965081779
 30
0.0
 70
0
  0
VERTEX
  5
32E
  8
CUT
 10
430.71995179377274
 20
1113.5386413333658
 30
0.0
 70
0
  0
VERTEX
  5
32F
  8
CUT
 10
419.8223126823698
 20
1111.3230344901285
 30
0.0
 70
0
  0
VERTEX
  5
330
  8
CUT
 10
408.9575337207091
 20
1108.951530747682
 30
0.0
 70
0
  0
VERTEX
  5
331
  8
CUT
 10
398.12784498269866
 20
1106.4246168742006
 30
0.0
 70
0
  0
VERTEX
  5
332
  8
CUT
 10
387.33546933972593
 20
1103.7428115369044
 30
0.0
 70
0
  0
VERTEX
  5
333
  8
CUT
 10
376.5826220043979
 20
1100.9066651955977
 30
0.0
 70
0
  0
VERTEX
  5
334
  8
CUT
 10
365.8715100758518
 20
1097.9167599896855
 30
0.0
 70
0
  0
VERTEX
  5
335
  8
CUT
 10
355.20433208673376
 20
1094.773709618683
 30
0.0
 70
0
  0
VERTEX
  5
336
  8
CUT
 10
344.58327755193284
 20
1091.4781592162512
 30
0.0
 70
0
  0
VERTEX
  5
337
  8
CUT
 10
334.01052651916814
 20
1088.0307852177775
 30
0.0
 70
0
  0
VERTEX
  5
338
  8
CUT
 10
323.4882491215177
 20
1084.4322952215325
 30
0.0
 70
0
  0
VERTEX
  5
339
  8
CUT
 10
313.0186051319839
 20
1080.6834278434305
 30
0.0
 70
0
  0
VERTEX
  5
33A
  8
CUT
 10
302.6037435201836
 20
1076.7849525654235
 30
0.0
 70
0
  0
VERTEX
  5
33B
  8
CUT
 10
292.2458020112577
 20
1072.7376695775597
 30
0.0
 70
0
  0
VERTEX
  5
33C
  8
CUT
 10
281.946906647087
 20
1068.5424096137378
 30
0.0
 70
0
  0
VERTEX
  5
33D
  8
CUT
 10
271.70917134990725
 20
1064.2000337811942
 30
0.0
 70
0
  0
VERTEX
  5
33E
  8
CUT
 10
261.5346974884107
 20
1059.7114333837535
 30
0.0
 70
0
  0
VERTEX
  5
33F
  8
CUT
 10
251.42557344642643
 20
1055.0775297388823
 30
0.0
 70
0
  0
VERTEX
  5
340
  8
CUT
 10
241.38387419426238
 20
1050.299273988582
 30
0.0
 70
0
  0
VERTEX
  5
341
  8
CUT
 10
231.4116608628063
 20
1045.3776469041613
 30
0.0
 70
0
  0
VERTEX
  5
342
  8
CUT
 10
221.5109803204594
 20
1040.3136586849237
 30
0.0
 70
0
  0
VERTEX
  5
343
  8
CUT
 10
211.68386475300576
 20
1035.1083487508185
 30
0.0
 70
0
  0
VERTEX
  5
344
  8
CUT
 10
201.93233124648947
 20
1029.7627855290923
 30
0.0
 70
0
  0
VERTEX
  5
345
  8
CUT
 10
192.25838137319386
 20
1024.2780662349855
 30
0.0
 70
0
  0
VERTEX
  5
346
  8
CUT
 10
182.66400078080454
 20
1018.6553166465221
 30
0.0
 70
0
  0
VERTEX
  5
347
  8
CUT
 10
173.15115878484056
 20
1012.8956908734352
 30
0.0
 70
0
  0
VERTEX
  5
348
  8
CUT
 10
163.72180796443882
 20
1007.0003711202781
 30
0.0
 70
0
  0
VERTEX
  5
349
  8
CUT
 10
154.37788376157187
 20
1000.9705674437669
 30
0.0
 70
0
  0
VERTEX
  5
34A
  8
CUT
 10
145.12130408378732
 20
994.8075175044105
 30
0.0
 70
0
  0
VERTEX
  5
34B
  8
CUT
 10
135.9539689105398
 20
988.5124863124686
 30
0.0
 70
0
  0
VERTEX
  5
34C
  8
CUT
 10
126.87775990321
 20
982.0867659683018
 30
0.0
 70
0
  0
VERTEX
  5
34D
  8
CUT
 10
117.8945400188772
 20
975.5316753971571
 30
0.0
 70
0
  0
VERTEX
  5
34E
  8
CUT
 10
109.00615312793656
 20
968.84856007845
 30
0.0
 70
0
  0
VERTEX
  5
34F
  8
CUT
 10
100.21442363562977
 20
962.0387917695949
 30
0.0
 70
0
  0
VERTEX
  5
350
  8
CUT
 10
91.52115610757352
 20
955.103768224442
 30
0.0
 70
0
  0
VERTEX
  5
351
  8
CUT
 10
82.92813489935907
 20
948.0449129063782
 30
0.0
 70
0
  0
VERTEX
  5
352
  8
CUT
 10
74.43712379030057
 20
940.8636746961508
 30
0.0
 70
0
  0
VERTEX
  5
353
  8
CUT
 10
66.04986562140698
 20
933.5615275944753
 30
0.0
 70
0
  0
VERTEX
  5
354
  8
CUT
 10
57.76808193765089
 20
926.1399704194847
 30
0.0
 70
0
  0
VERTEX
  5
355
  8
CUT
 10
49.593472634609725
 20
918.6005264990879
 30
0.0
 70
0
  0
VERTEX
  5
356
  8
CUT
 10
41.52771560954886
 20
910.944743358294
 30
0.0
 70
0
  0
VERTEX
  5
357
  8
CUT
 10
33.572466417022724
 20
903.1741924015736
 30
0.0
 70
0
  0
VERTEX
  5
358
  8
CUT
 10
25.729357929058665
 20
895.2904685903144
 30
0.0
 70
0
  0
VERTEX
  5
359
  8
CUT
 10
18.0
 20
887.2951901154468
 30
0.0
 70
0
  0
VERTEX
  5
35A
  8
CUT
 10
355.14892971605127
 20
566.0
 30
0.0
 70
0
  0
VERTEX
  5
35B
  8
CUT
 10
360.02162197976304
 20
570.9993603411274
 30
0.0
 70
0
  0
VERTEX
  5
35C
  8
CUT
 10
365.0054851905883
 20
575.8879021700427
 30
0.0
 70
0
  0
VERTEX
  5
35D
  8
CUT
 10
370.09799966788205
 20
580.6631539975202
 30
0.0
 70
0
  0
VERTEX
  5
35E
  8
CUT
 10
375.2965908004197
 20
585.322701610108
 30
0.0
 70
0
  0
VERTEX
  5
35F
  8
CUT
 10
380.5986303480384
 20
589.8641892906771
 30
0.0
 70
0
  0
VERTEX
  5
360
  8
CUT
 10
386.00143777038943
 20
594.2853210093958
 30
0.0
 70
0
  0
VERTEX
  5
361
  8
CUT
 10
391.50228158213406
 20
598.5838615845289
 30
0.0
 70
0
  0
VERTEX
  5
362
  8
CUT
 10
397.0983807338937
 20
602.7576378124724
 30
0.0
 70
0
  0
VERTEX
  5
363
  8
CUT
 10
402.78690601825974
 20
606.8045395664567
 30
0.0
 70
0
  0
VERTEX
  5
364
  8
CUT
 10
408.56498150014875
 20
610.7225208633577
 30
0.0
 70
0
  0
VERTEX
  5
365
  8
CUT
 10
414.42968597078334
 20
614.50960089808
 30
0.0
 70
0
  0
VERTEX
  5
366
  8
CUT
 10
420.37805442456033
 20
618.1638650449887
 30
0.0
 70
0
  0
VERTEX
  5
367
  8
CUT
 10
426.4070795580632
 20
621.683465825882
 30
0.0
 70
0
  0
VERTEX
  5
368
  8
CUT
 10
432.5137132904565
 20
625.0666238440165
 30
0.0
 70
0
  0
VERTEX
  5
369
  8
CUT
 10
438.69486830449864
 20
628.3116286837133
 30
0.0
 70
0
  0
VERTEX
  5
36A
  8
CUT
 10
444.9474196073886
 20
631.4168397750886
 30
0.0
 70
0
  0
VERTEX
  5
36B
  8
CUT
 10
451.26820611066296
 20
634.3806872234738
 30
0.0
 70
0
  0
VERTEX
  5
36C
  8
CUT
 10
457.6540322283392
 20
637.2016726031021
 30
0.0
 70
0
  0
VERTEX
  5
36D
  8
CUT
 10
464.1016694925018
 20
639.878369714666
 30
0.0
 70
0
  0
VERTEX
  5
36E
  8
CUT
 10
470.6078581855113
 20
642.4094253063566
 30
0.0
 70
0
  0
VERTEX
  5
36F
  8
CUT
 10
477.1693089880124
 20
644.7935597580247
 30
0.0
 70
0
  0
VERTEX
  5
370
  8
CUT
 10
483.782704641908
 20
647.029567728115
 30
0.0
 70
0
  0
VERTEX
  5
371
  8
CUT
 10
490.444701627458
 20
649.1163187630484
 30
0.0
 70
0
  0
VERTEX
  5
372
  8
CUT
 10
497.15193185365496
 20
651.0527578687428
 30
0.0
 70
0
  0
VERTEX
  5
373
  8
CUT
 10
503.9010043610227
 20
652.8379060439838
 30
0.0
 70
0
  0
VERTEX
  5
374
  8
CUT
 10
510.6885070359757
 20
654.4708607753768
 30
0.0
 70
0
  0
VERTEX
  5
375
  8
CUT
 10
517.5110083358743
 20
655.9507964936278
 30
0.0
 70
0
  0
VERTEX
  5
376
  8
CUT
 10
524.3650590239017
 20
657.2769649909255
 30
0.0
 70
0
  0
VERTEX
  5
377
  8
CUT
 10
531.2471939128869
 20
658.4486957992106
 30
0.0
 70
0
  0
VERTEX
  5
378
  8
CUT
 10
538.1539336171923
 20
659.4653965291429
 30
0.0
 70
0
  0
VERTEX
  5
379
  8
CUT
 10
545.081786311778
 20
660.3265531695944
 30
0.0
 70
0
  0
VERTEX
  5
37A
  8
CUT
 10
552.027249497557
 20
661.0317303475165
 30
0.0
 70
0
  0
VERTEX
  5
37B
  8
CUT
 10
558.986811772145
 20
661.5805715480511
 30
0.0
 70
0
  0
VERTEX
  5
37C
  8
CUT
 10
565.956954605113
 20
661.9727992947721
 30
0.0
 70
0
  0
VERTEX
  5
37D
  8
CUT
 10
572.9341541168424
 20
662.2082152899699
 30
0.0
 70
0
  0
VERTEX
  5
37E
  8
CUT
 10
579.9148828600855
 20
662.2867005149026
 30
0.0
 70
0
  0
VERTEX
  5
37F
  8
CUT
 10
586.8956116033286
 20
662.2082152899699
 30
0.0
 70
0
  0
VERTEX
  5
380
  8
CUT
 10
593.8728111150581
 20
661.9727992947721
 30
0.0
 70
0
  0
VERTEX
  5
381
  8
CUT
 10
600.842953948026
 20
661.5805715480511
 30
0.0
 70
0
  0
VERTEX
  5
382
  8
CUT
 10
607.802516222614
 20
661.0317303475165
 30
0.0
 70
0
  0
VERTEX
  5
383
  8
CUT
 10
614.747979408393
 20
660.3265531695944
 30
0.0
 70
0
  0
VERTEX
  5
384
  8
CUT
 10
621.6758321029788
 20
659.4653965291429
 30
0.0
 70
0
  0
VERTEX
  5
385
  8
CUT
 10
628.5825718072841
 20
658.4486957992106
 30
0.0
 70
0
  0
VERTEX
  5
386
  8
CUT
 10
635.4647066962694
 20
657.2769649909255
 30
0.0
 70
0
  0
VERTEX
  5
387
  8
CUT
 10
642.3187573842966
 20
655.9507964936278
 30
0.0
 70
0
  0
VERTEX
  5
388
  8
CUT
 10
649.1412586841953
 20
654.4708607753768
 30
0.0
 70
0
  0
VERTEX
  5
389
  8
CUT
 10
655.9287613591483
 20
652.8379060439838
 30
0.0
 70
0
  0
VERTEX
  5
38A
  8
CUT
 10
662.677833866516
 20
651.0527578687428
 30
0.0
 70
0
  0
VERTEX
  5
38B
  8
CUT
 10
669.385064092713
 20
649.1163187630484
 30
0.0
 70
0
  0
VERTEX
  5
38C
  8
CUT
 10
676.047061078263
 20
647.029567728115
 30
0.0
 70
0
  0
VERTEX
  5
38D
  8
CUT
 10
682.6604567321587
 20
644.7935597580247
 30
0.0
 70
0
  0
VERTEX
  5
38E
  8
CUT
 10
689.2219075346597
 20
642.4094253063566
 30
0.0
 70
0
  0
VERTEX
  5
38F
  8
CUT
 10
695.7280962276692
 20
639.878369714666
 30
0.0
 70
0
  0
VERTEX
  5
390
  8
CUT
 10
702.1757334918318
 20
637.2016726031021
 30
0.0
 70
0
  0
VERTEX
  5
391
  8
CUT
 10
708.5615596095081
 20
634.3806872234738
 30
0.0
 70
0
  0
VERTEX
  5
392
  8
CUT
 10
714.8823461127824
 20
631.4168397750886
 30
0.0
 70
0
  0
VERTEX
  5
393
  8
CUT
 10
721.1348974156724
 20
628.3116286837133
 30
0.0
 70
0
  0
VERTEX
  5
394
  8
CUT
 10
727.3160524297144
 20
625.0666238440165
 30
0.0
 70
0
  0
VERTEX
  5
395
  8
CUT
 10
733.4226861621078
 20
621.683465825882
 30
0.0
 70
0
  0
VERTEX
  5
396
  8
CUT
 10
739.4517112956106
 20
618.1638650449888
 30
0.0
 70
0
  0
VERTEX
  5
397
  8
CUT
 10
745.4000797493877
 20
614.50960089808
 30
0.0
 70
0
  0
VERTEX
  5
398
  8
CUT
 10
751.2647842200222
 20
610.7225208633577
 30
0.0
 70
0
  0
VERTEX
  5
399
  8
CUT
 10
757.0428597019113
 20
606.8045395664567
 30
0.0
 70
0
  0
VERTEX
  5
39A
  8
CUT
 10
762.7313849862774
 20
602.7576378124724
 30
0.0
 70
0
  0
VERTEX
  5
39B
  8
CUT
 10
768.3274841380371
 20
598.5838615845288
 30
0.0
 70
0
  0
VERTEX
  5
39C
  8
CUT
 10
773.8283279497816
 20
594.2853210093958
 30
0.0
 70
0
  0
VERTEX
  5
39D
  8
CUT
 10
779.2311353721327
 20
589.864189290677
 30
0.0
 70
0
  0
VERTEX
  5
39E
  8
CUT
 10
784.5331749197513
 20
585.322701610108
 30
0.0
 70
0
  0
VERTEX
  5
39F
  8
CUT
 10
789.731766052289
 20
580.6631539975201
 30
0.0
 70
0
  0
VERTEX
  5
3A0
  8
CUT
 10
794.8242805295828
 20
575.8879021700427
 30
0.0
 70
0
  0
VERTEX
  5
3A1
  8
CUT
 10
799.808143740408
 20
570.9993603411274
 30
0.0
 70
0
  0
SEQEND
  5
2E6
  8
CUT
  0
POLYLINE
  5
3A2
  8
POCKET-KERF-15_5
 66
1
 10
0.0
 20
0.0
 30
0.0
 70
1
  0
VERTEX
  5
3A4
  8
POCKET-KERF-15_5
 10
792.0248898292907
 20
570.2718382429016
 30
0.0
 70
0
  0
VERTEX
  5
3A5
  8
POCKET-KERF-15_5
 10
796.2883280574417
 20
566.0500975503979
 30
0.0
 70
0
  0
VERTEX
  5
3A6
  8
POCKET-KERF-15_5
 10
1132.4270096061252
 20
905.5087733093479
 30
0.0
 70
0
  0
VERTEX
  5
3A7
  8
POCKET-KERF-15_5
 10
1128.1635713779742
 20
909.7305140018515
 30
0.0
 70
0
  0
SEQEND
  5
3A3
  8
POCKET-KERF-15_5
  0
POLYLINE
  5
3A8
  8
POCKET-KERF-15_5
 66
1
 10
0.0
 20
0.0
 30
0.0
 70
1
  0
VERTEX
  5
3AA
  8
POCKET-KERF-15_5
 10
1012.6854145148793
 20
810.1645698007576
 30
0.0
 70
0
  0
VERTEX
  5
3AB
  8
POCKET-KERF-15_5
 10
1017.0284413110769
 20
806.0247487602403
 30
0.0
 70
0
  0
VERTEX
  5
3AC
  8
POCKET-KERF-15_5
 10
1121.7870926674163
 20
915.9255453215382
 30
0.0
 70
0
  0
VERTEX
  5
3AD
  8
POCKET-KERF-15_5
 10
1117.4440658712188
 20
920.0653663620557
 30
0.0
 70
0
  0
SEQEND
  5
3A9
  8
POCKET-KERF-15_5
  0
POLYLINE
  5
3AE
  8
POCKET-KERF-15_5
 66
1
 10
0.0
 20
0.0
 30
0.0
 70
1
  0
VERTEX
  5
3B0
  8
POCKET-KERF-15_5
 10
783.555566738048
 20
578.1871060671459
 30
0.0
 70
0
  0
VERTEX
  5
3B1
  8
POCKET-KERF-15_5
 10
787.9766083378225
 20
574.1307048082635
 30
0.0
 70
0
  0
VERTEX
  5
3B2
  8
POCKET-KERF-15_5
 10
1110.9508197606856
 20
926.1378986794783
 30
0.0
 70
0
  0
VERTEX
  5
3B3
  8
POCKET-KERF-15_5
 10
1106.529778160911
 20
930.1942999383608
 30
0.0
 70
0
  0
SEQEND
  5
3AF
  8
POCKET-KERF-15_5
  0
POLYLINE
  5
3B4
  8
POCKET-KERF-15_5
 66
1
 10
0.0
 20
0.0
 30
0.0
 70
1
  0
VERTEX
  5
3B6
  8
POCKET-KERF-15_5
 10
994.9251023652007
 20
826.3050401581154
 30
0.0
 70
0
  0
VERTEX
  5
3B7
  8
POCKET-KERF-15_5
 10
999.4225567341848
 20
822.3335285820394
 30
0.0
 70
0
  0
VERTEX
  5
3B8
  8
POCKET-KERF-15_5
 10
1099.9221175808586
 20
936.1421327753627
 30
0.0
 70
0
  0
VERTEX
  5
3B9
  8
POCKET-KERF-15_5
 10
1095.4246632118748
 20
940.1136443514389
 30
0.0
 70
0
  0
SEQEND
  5
3B5
  8
POCKET-KERF-15_5
  0
POLYLINE
  5
3BA
  8
POCKET-KERF-15_5
 66
1
 10
0.0
 20
0.0
 30
0.0
 70
1
  0
VERTEX
  5
3BC
  8
POCKET-KERF-15_5
 10
774.7911006924917
 20
585.7742684675211
 30
0.0
 70
0
  0
VERTEX
  5
3BD
  8
POCKET-KERF-15_5
 10
779.3633381069417
 20
581.889085714303
 30
0.0
 70
0
  0
VERTEX
  5
3BE
  8
POCKET-KERF-15_5
 10
1088.704982552652
 20
945.9346224166928
 30
0.0
 70
0
  0
VERTEX
  5
3BF
  8
POCKET-KERF-15_5
 10
1084.132745138202
 20
949.8198051699109
 30
0.0
 70
0
  0
SEQEND
  5
3BB
  8
POCKET-KERF-15_5
  0
POLYLINE
  5
3C0
  8
POCKET-KERF-15_5
 66
1
 10
0.0
 20
0.0
 30
0.0
 70
1
  0
VERTEX
  5
3C2
  8
POCKET-KERF-15_5
 10
976.563302634934
 20
841.7577998364495
 30
0.0
 70
0
  0
VERTEX
  5
3C3
  8
POCKET-KERF-15_5
 10
981.2086662722868
 20
837.9603537635264
 30
0.0
 70
0
  0
VERTEX
  5
3C4
  8
POCKET-KERF-15_5
 10
1077.3034793824058
 20
955.5118191399227
 30
0.0
 70
0
  0
VERTEX
  5
3C5
  8
POCKET-KERF-15_5
 10
1072.658115745053
 20
959.3092652128461
 30
0.0
 70
0
  0
SEQEND
  5
3C1
  8
POCKET-KERF-15_5
  0
POLYLINE
  5
3C6
  8
POCKET-KERF-15_5
 66
1
 10
0.0
 20
0.0
 30
0.0
 70
1
  0
VERTEX
  5
3C8
  8
POCKET-KERF-15_5
 10
765.7441943134951
 20
593.0223291269697
 30
0.0
 70
0
  0
VERTEX
  5
3C9
  8
POCKET-KERF-15_5
 10
770.4610008527438
 20
589.3139957990041
 30
0.0
 70
0
  0
VERTEX
  5
3CA
  8
POCKET-KERF-15_5
 10
1065.7217395851742
 20
964.8702524963022
 30
0.0
 70
0
  0
VERTEX
  5
3CB
  8
POCKET-KERF-15_5
 10
1061.0049330459256
 20
968.5785858242676
 30
0.0
 70
0
  0
SEQEND
  5
3C7
  8
POCKET-KERF-15_5
  0
POLYLINE
  5
3CC
  8
POCKET-KERF-15_5
 66
1
 10
0.0
 20
0.0
 30
0.0
 70
1
  0
VERTEX
  5
3CE
  8
POCKET-KERF-15_5
 10
957.6266276675251
 20
856.5004526570744
 30
0.0
 70
0
  0
VERTEX
  5
3CF
  8
POCKET-KERF-15_5
 10
962.4131678991972
 20
852.8825758473165
 30
0.0
 70
0
  0
VERTEX
  5
3D0
  8
POCKET-KERF-15_5
 10
1053.9639599876034
 20
974.0065313094473
 30
0.0
 70
0
  0
VERTEX
  5
3D1
  8
POCKET-KERF-15_5
 10
1049.1774197559314
 20
977.6244081192052
 30
0.0
 70
0
  0
SEQEND
  5
3CD
  8
POCKET-KERF-15_5
  0
POLYLINE
  5
3D2
  8
POCKET-KERF-15_5
 66
1
 10
0.0
 20
0.0
 30
0.0
 70
1
  0
VERTEX
  5
3D4
  8
POCKET-KERF-15_5
 10
756.4279595717373
 20
599.9207831994298
 30
0.0
 70
0
  0
VERTEX
  5
3D5
  8
POCKET-KERF-15_5
 10
761.2824990172535
 20
596.3946739027787
 30
0.0
 70
0
  0
VERTEX
  5
3D6
  8
POCKET-KERF-15_5
 10
1042.034401207147
 20
982.9173449041879
 30
0.0
 70
0
  0
VERTEX
  5
3D7
  8
POCKET-KERF-15_5
 10
1037.1798617616312
 20
986.443454200839
 30
0.0
 70
0
  0
SEQEND
  5
3D3
  8
POCKET-KERF-15_5
  0
POLYLINE
  5
3D8
  8
POCKET-KERF-15_5
 66
1
 10
0.0
 20
0.0
 30
0.0
 70
1
  0
VERTEX
  5
3DA
  8
POCKET-KERF-15_5
 10
938.142522991482
 20
870.5116316218785
 30
0.0
 70
0
  0
VERTEX
  5
3DB
  8
POCKET-KERF-15_5
 10
943.0633025316716
 20
867.0785675798234
 30
0.0
 70
0
  0
VERTEX
  5
3DC
  8
POCKET-KERF-15_5
 10
1029.9373861081633
 20
991.5994643062426
 30
0.0
 70
0
  0
VERTEX
  5
3DD
  8
POCKET-KERF-15_5
 10
1025.0166065679737
 20
995.0325283482977
 30
0.0
 70
0
  0
SEQEND
  5
3D9
  8
POCKET-KERF-15_5
  0
POLYLINE
  5
3DE
  8
POCKET-KERF-15_5
 66
1
 10
0.0
 20
0.0
 30
0.0
 70
1
  0
VERTEX
  5
3E0
  8
POCKET-KERF-15_5
 10
746.8558987841054
 20
606.4596325348444
 30
0.0
 70
0
  0
VERTEX
  5
3E1
  8
POCKET-KERF-15_5
 10
751.841135296652
 20
603.1208577724545
 30
0.0
 70
0
  0
VERTEX
  5
3E2
  8
POCKET-KERF-15_5
 10
1017.6772982354563
 20
1000.049743412289
 30
0.0
 70
0
  0
VERTEX
  5
3E3
  8
POCKET-KERF-15_5
 10
1012.6920617229097
 20
1003.3885181746789
 30
0.0
 70
0
  0
SEQEND
  5
3DF
  8
POCKET-KERF-15_5
  0
POLYLINE
  5
3E4
  8
POCKET-KERF-15_5
 66
1
 10
0.0
 20
0.0
 30
0.0
 70
1
  0
VERTEX
  5
3E6
  8
POCKET-KERF-15_5
 10
918.1392275426927
 20
883.7710298811969
 30
0.0
 70
0
  0
VERTEX
  5
3E7
  8
POCKET-KERF-15_5
 10
923.1871145482762
 20
880.527754256329
 30
0.0
 70
0
  0
VERTEX
  5
3E8
  8
POCKET-KERF-15_5
 10
1005.2585802258302
 20
1008.2651201300032
 30
0.0
 70
0
  0
VERTEX
  5
3E9
  8
POCKET-KERF-15_5
 10
1000.2106932202469
 20
1011.5083957548711
 30
0.0
 70
0
  0
SEQEND
  5
3E5
  8
POCKET-KERF-15_5
  0
POLYLINE
  5
3EA
  8
POCKET-KERF-15_5
 66
1
 10
0.0
 20
0.0
 30
0.0
 70
1
  0
VERTEX
  5
3EC
  8
POCKET-KERF-15_5
 10
737.0418850443538
 20
612.6294001697999
 30
0.0
 70
0
  0
VERTEX
  5
3ED
  8
POCKET-KERF-15_5
 10
742.1505933612564
 20
609.4827989346876
 30
0.0
 70
0
  0
VERTEX
  5
3EE
  8
POCKET-KERF-15_5
 10
992.6857321982286
 20
1016.242617487659
 30
0.0
 70
0
  0
VERTEX
  5
3EF
  8
POCKET-KERF-15_5
 10
987.5770238813259
 20
1019.3892187227713
 30
0.0
 70
0
  0
SEQEND
  5
3EB
  8
POCKET-KERF-15_5
  0
POLYLINE
  5
3F0
  8
POCKET-KERF-15_5
 66
1
 10
0.0
 20
0.0
 30
0.0
 70
1
  0
VERTEX
  5
3F2
  8
POCKET-KERF-15_5
 10
897.645732736833
 20
896.2594301651793
 30
0.0
 70
0
  0
VERTEX
  5
3F3
  8
POCKET-KERF-15_5
 10
902.8134111437729
 20
893.2106435405617
 30
0.0
 70
0
  0
VERTEX
  5
3F4
  8
POCKET-KERF-15_5
 10
979.9633101230451
 20
1023.9793447128794
 30
0.0
 70
0
  0
VERTEX
  5
3F5
  8
POCKET-KERF-15_5
 10
974.7956317161052
 20
1027.0281313374971
 30
0.0
 70
0
  0
SEQEND
  5
3F1
  8
POCKET-KERF-15_5
  0
POLYLINE
  5
3F6
  8
POCKET-KERF-15_5
 66
1
 10
0.0
 20
0.0
 30
0.0
 70
1
  0
VERTEX
  5
3F8
  8
POCKET-KERF-15_5
 10
727.000142116387
 20
618.4211440627915
 30
0.0
 70
0
  0
VERTEX
  5
3F9
  8
POCKET-KERF-15_5
 10
732.2249180233371
 20
615.4712768247358
 30
0.0
 70
0
  0
VERTEX
  5
3FA
  8
POCKET-KERF-15_5
 10
967.0959241711967
 20
1031.4724982801536
 30
0.0
 70
0
  0
VERTEX
  5
3FB
  8
POCKET-KERF-15_5
 10
961.8711482642466
 20
1034.4223655182093
 30
0.0
 70
0
  0
SEQEND
  5
3F7
  8
POCKET-KERF-15_5
  0
POLYLINE
  5
3FC
  8
POCKET-KERF-15_5
 66
1
 10
0.0
 20
0.0
 30
0.0
 70
1
  0
VERTEX
  5
3FE
  8
POCKET-KERF-15_5
 10
876.6917404511801
 20
907.958732635992
 30
0.0
 70
0
  0
VERTEX
  5
3FF
  8
POCKET-KERF-15_5
 10
881.9717205779307
 20
905.108853715561
 30
0.0
 70
0
  0
VERTEX
  5
400
  8
POCKET-KERF-15_5
 10
954.0882370435539
 20
1038.7193629267392
 30
0.0
 70
0
  0
VERTEX
  5
401
  8
POCKET-KERF-15_5
 10
948.8082569168032
 20
1041.5692418471701
 30
0.0
 70
0
  0
SEQEND
  5
3FD
  8
POCKET-KERF-15_5
  0
POLYLINE
  5
402
  8
POCKET-KERF-15_5
 66
1
 10
0.0
 20
0.0
 30
0.0
 70
1
  0
VERTEX
  5
404
  8
POCKET-KERF-15_5
 10
716.7452238193036
 20
623.8264700542112
 30
0.0
 70
0
  0
VERTEX
  5
405
  8
POCKET-KERF-15_5
 10
722.0784948815233
 20
621.0776121501189
 30
0.0
 70
0
  0
VERTEX
  5
406
  8
POCKET-KERF-15_5
 10
940.9449622813383
 20
1045.7173126365817
 30
0.0
 70
0
  0
VERTEX
  5
407
  8
POCKET-KERF-15_5
 10
935.6116912191189
 20
1048.466170540674
 30
0.0
 70
0
  0
SEQEND
  5
403
  8
POCKET-KERF-15_5
  0
POLYLINE
  5
408
  8
POCKET-KERF-15_5
 66
1
 10
0.0
 20
0.0
 30
0.0
 70
1
  0
VERTEX
  5
40A
  8
POCKET-KERF-15_5
 10
855.3076199767324
 20
918.8519811204928
 30
0.0
 70
0
  0
VERTEX
  5
40B
  8
POCKET-KERF-15_5
 10
860.6922493792752
 20
916.2051403248893
 30
0.0
 70
0
  0
VERTEX
  5
40C
  8
POCKET-KERF-15_5
 10
927.6708625580958
 20
1052.4638115918908
 30
0.0
 70
0
  0
VERTEX
  5
40D
  8
POCKET-KERF-15_5
 10
922.286233155553
 20
1055.1106523874944
 30
0.0
 70
0
  0
SEQEND
  5
409
  8
POCKET-KERF-15_5
  0
POLYLINE
  5
40E
  8
POCKET-KERF-15_5
 66
1
 10
0.0
 20
0.0
 30
0.0
 70
1
  0
VERTEX
  5
410
  8
POCKET-KERF-15_5
 10
706.2919929340802
 20
628.8375440322709
 30
0.0
 70
0
  0
VERTEX
  5
411
  8
POCKET-KERF-15_5
 10
711.7260294712937
 20
626.2936794697936
 30
0.0
 70
0
  0
VERTEX
  5
412
  8
POCKET-KERF-15_5
 10
914.2707479538664
 20
1058.956415092036
 30
0.0
 70
0
  0
VERTEX
  5
413
  8
POCKET-KERF-15_5
 10
908.836711416653
 20
1061.5002796545134
 30
0.0
 70
0
  0
SEQEND
  5
40F
  8
POCKET-KERF-15_5
  0
POLYLINE
  5
414
  8
POCKET-KERF-15_5
 66
1
 10
0.0
 20
0.0
 30
0.0
 70
1
  0
VERTEX
  5
416
  8
POCKET-KERF-15_5
 10
833.5243640030257
 20
928.9233876853548
 30
0.0
 70
0
  0
VERTEX
  5
417
  8
POCKET-KERF-15_5
 10
839.0058385658003
 20
926.4834211655734
 30
0.0
 70
0
  0
VERTEX
  5
418
  8
POCKET-KERF-15_5
 10
900.7494742121766
 20
1065.1927704394216
 30
0.0
 70
0
  0
VERTEX
  5
419
  8
POCKET-KERF-15_5
 10
895.267999649402
 20
1067.632736959203
 30
0.0
 70
0
  0
SEQEND
  5
415
  8
POCKET-KERF-15_5
  0
POLYLINE
  5
41A
  8
POCKET-KERF-15_5
 66
1
 10
0.0
 20
0.0
 30
0.0
 70
1
  0
VERTEX
  5
41C
  8
POCKET-KERF-15_5
 10
695.6555996624684
 20
633.4471032872308
 30
0.0
 70
0
  0
VERTEX
  5
41D
  8
POCKET-KERF-15_5
 10
701.1825259517757
 20
631.1119189706161
 30
0.0
 70
0
  0
VERTEX
  5
41E
  8
POCKET-KERF-15_5
 10
887.1119409804824
 20
1071.1706177920234
 30
0.0
 70
0
  0
VERTEX
  5
41F
  8
POCKET-KERF-15_5
 10
881.585014691175
 20
1073.5058021086384
 30
0.0
 70
0
  0
SEQEND
  5
41B
  8
POCKET-KERF-15_5
  0
POLYLINE
  5
420
  8
POCKET-KERF-15_5
 66
1
 10
0.0
 20
0.0
 30
0.0
 70
1
  0
VERTEX
  5
422
  8
POCKET-KERF-15_5
 10
811.3735436994364
 20
938.1583555190216
 30
0.0
 70
0
  0
VERTEX
  5
423
  8
POCKET-KERF-15_5
 10
816.9439189460954
 20
935.9287995965547
 30
0.0
 70
0
  0
VERTEX
  5
424
  8
POCKET-KERF-15_5
 10
873.3630900347055
 20
1076.88779098228
 30
0.0
 70
0
  0
VERTEX
  5
425
  8
POCKET-KERF-15_5
 10
867.7927147880464
 20
1079.117346904747
 30
0.0
 70
0
  0
SEQEND
  5
421
  8
POCKET-KERF-15_5
  0
POLYLINE
  5
426
  8
POCKET-KERF-15_5
 66
1
 10
0.0
 20
0.0
 30
0.0
 70
1
  0
VERTEX
  5
428
  8
POCKET-KERF-15_5
 10
684.8514596693228
 20
637.6484670374778
 30
0.0
 70
0
  0
VERTEX
  5
429
  8
POCKET-KERF-15_5
 10
690.4632653597358
 20
635.5253474240201
 30
0.0
 70
0
  0
VERTEX
  5
42A
  8
POCKET-KERF-15_5
 10
859.5079034885026
 20
1082.3422183020361
 30
0.0
 70
0
  0
VERTEX
  5
42B
  8
POCKET-KERF-15_5
 10
853.8960977980897
 20
1084.4653379154936
 30
0.0
 70
0
  0
SEQEND
  5
427
  8
POCKET-KERF-15_5
  0
POLYLINE
  5
42C
  8
POCKET-KERF-15_5
 66
1
 10
0.0
 20
0.0
 30
0.0
 70
1
  0
VERTEX
  5
42E
  8
POCKET-KERF-15_5
 10
788.8872629580765
 20
946.5435000873354
 30
0.0
 70
0
  0
VERTEX
  5
42F
  8
POCKET-KERF-15_5
 10
794.5384655656688
 20
944.5275861288685
 30
0.0
 70
0
  0
VERTEX
  5
430
  8
POCKET-KERF-15_5
 10
845.5514019879181
 20
1087.5319232532593
 30
0.0
 70
0
  0
VERTEX
  5
431
  8
POCKET-KERF-15_5
 10
839.9001993803256
 20
1089.5478372117261
 30
0.0
 70
0
  0
SEQEND
  5
42D
  8
POCKET-KERF-15_5
  0
POLYLINE
  5
432
  8
POCKET-KERF-15_5
 66
1
 10
0.0
 20
0.0
 30
0.0
 70
1
  0
VERTEX
  5
434
  8
POCKET-KERF-15_5
 10
673.8952317401852
 20
641.4355461121945
 30
0.0
 70
0
  0
VERTEX
  5
435
  8
POCKET-KERF-15_5
 10
679.583783462286
 20
639.5275683070345
 30
0.0
 70
0
  0
VERTEX
  5
436
  8
POCKET-KERF-15_5
 10
831.4986428920715
 20
1092.455025264256
 30
0.0
 70
0
  0
VERTEX
  5
437
  8
POCKET-KERF-15_5
 10
825.8100911699707
 20
1094.363003069416
 30
0.0
 70
0
  0
SEQEND
  5
433
  8
POCKET-KERF-15_5
  0
POLYLINE
  5
438
  8
POCKET-KERF-15_5
 66
1
 10
0.0
 20
0.0
 30
0.0
 70
1
  0
VERTEX
  5
43A
  8
POCKET-KERF-15_5
 10
766.0981118645968
 20
954.066668532168
 30
0.0
 70
0
  0
VERTEX
  5
43B
  8
POCKET-KERF-15_5
 10
771.8219513644926
 20
952.2673182662577
 30
0.0
 70
0
  0
VERTEX
  5
43C
  8
POCKET-KERF-15_5
 10
817.3547184405461
 20
1097.1097403711256
 30
0.0
 70
0
  0
VERTEX
  5
43D
  8
POCKET-KERF-15_5
 10
811.6308789406503
 20
1098.909090637036
 30
0.0
 70
0
  0
SEQEND
  5
439
  8
POCKET-KERF-15_5
  0
POLYLINE
  5
43E
  8
POCKET-KERF-15_5
 66
1
 10
0.0
 20
0.0
 30
0.0
 70
1
  0
VERTEX
  5
440
  8
POCKET-KERF-15_5
 10
662.8027950865053
 20
644.8028517765914
 30
0.0
 70
0
  0
VERTEX
  5
441
  8
POCKET-KERF-15_5
 10
668.5598482403984
 20
643.1127810729669
 30
0.0
 70
0
  0
VERTEX
  5
442
  8
POCKET-KERF-15_5
 10
803.1247539081336
 20
1101.494381864208
 30
0.0
 70
0
  0
VERTEX
  5
443
  8
POCKET-KERF-15_5
 10
797.3677007542406
 20
1103.1844525678325
 30
0.0
 70
0
  0
SEQEND
  5
43F
  8
POCKET-KERF-15_5
  0
POLYLINE
  5
444
  8
POCKET-KERF-15_5
 66
1
 10
0.0
 20
0.0
 30
0.0
 70
1
  0
VERTEX
  5
446
  8
POCKET-KERF-15_5
 10
743.039119464333
 20
960.7169572849477
 30
0.0
 70
0
  0
VERTEX
  5
447
  8
POCKET-KERF-15_5
 10
748.8273001129323
 20
959.1367785674665
 30
0.0
 70
0
  0
VERTEX
  5
448
  8
POCKET-KERF-15_5
 10
788.8139057476105
 20
1105.6073608992904
 30
0.0
 70
0
  0
VERTEX
  5
449
  8
POCKET-KERF-15_5
 10
783.0257250990112
 20
1107.1875396167716
 30
0.0
 70
0
  0
SEQEND
  5
445
  8
POCKET-KERF-15_5
  0
POLYLINE
  5
44A
  8
POCKET-KERF-15_5
 66
1
 10
0.0
 20
0.0
 30
0.0
 70
1
  0
VERTEX
  5
44C
  8
POCKET-KERF-15_5
 10
651.5902263313933
 20
647.7455036869026
 30
0.0
 70
0
  0
VERTEX
  5
44D
  8
POCKET-KERF-15_5
 10
657.4074370358677
 20
646.2757895583227
 30
0.0
 70
0
  0
VERTEX
  5
44E
  8
POCKET-KERF-15_5
 10
774.4273597212153
 20
1109.447187073349
 30
0.0
 70
0
  0
VERTEX
  5
44F
  8
POCKET-KERF-15_5
 10
768.6101490167408
 20
1110.916901201929
 30
0.0
 70
0
  0
SEQEND
  5
44B
  8
POCKET-KERF-15_5
  0
POLYLINE
  5
450
  8
POCKET-KERF-15_5
 66
1
 10
0.0
 20
0.0
 30
0.0
 70
1
  0
VERTEX
  5
452
  8
POCKET-KERF-15_5
 10
719.7437058922549
 20
966.4847278695504
 30
0.0
 70
0
  0
VERTEX
  5
453
  8
POCKET-KERF-15_5
 10
725.5878386942734
 20
965.1260109040379
 30
0.0
 70
0
  0
VERTEX
  5
454
  8
POCKET-KERF-15_5
 10
759.9703290215056
 20
1113.012468964621
 30
0.0
 70
0
  0
VERTEX
  5
455
  8
POCKET-KERF-15_5
 10
754.126196219487
 20
1114.3711859301334
 30
0.0
 70
0
  0
SEQEND
  5
451
  8
POCKET-KERF-15_5
  0
POLYLINE
  5
456
  8
POCKET-KERF-15_5
 66
1
 10
0.0
 20
0.0
 30
0.0
 70
1
  0
VERTEX
  5
458
  8
POCKET-KERF-15_5
 10
640.273776209254
 20
650.2592369636272
 30
0.0
 70
0
  0
VERTEX
  5
459
  8
POCKET-KERF-15_5
 10
646.1427133948375
 20
649.0120095137706
 30
0.0
 70
0
  0
VERTEX
  5
45A
  8
POCKET-KERF-15_5
 10
745.4480523822762
 20
1116.3019146368079
 30
0.0
 70
0
  0
VERTEX
  5
45B
  8
POCKET-KERF-15_5
 10
739.5791151966927
 20
1117.5491420866645
 30
0.0
 70
0
  0
SEQEND
  5
457
  8
POCKET-KERF-15_5
  0
POLYLINE
  5
45C
  8
POCKET-KERF-15_5
 66
1
 10
0.0
 20
0.0
 30
0.0
 70
1
  0
VERTEX
  5
45E
  8
POCKET-KERF-15_5
 10
696.2456339360955
 20
971.3616208716498
 30
0.0
 70
0
  0
VERTEX
  5
45F
  8
POCKET-KERF-15_5
 10
702.137248803004
 20
970.2263348900476
 30
0.0
 70
0
  0
VERTEX
  5
460
  8
POCKET-KERF-15_5
 10
730.8657921802198
 20
1119.3143321072291
 30
0.0
 70
0
  0
VERTEX
  5
461
  8
POCKET-KERF-15_5
 10
724.9741773133113
 20
1120.4496180888314
 30
0.0
 70
0
  0
SEQEND
  5
45D
  8
POCKET-KERF-15_5
  0
POLYLINE
  5
462
  8
POCKET-KERF-15_5
 66
1
 10
0.0
 20
0.0
 30
0.0
 70
1
  0
VERTEX
  5
464
  8
POCKET-KERF-15_5
 10
628.8698460130801
 20
652.3404083727535
 30
0.0
 70
0
  0
VERTEX
  5
465
  8
POCKET-KERF-15_5
 10
634.7820036414572
 20
651.317475248242
 30
0.0
 70
0
  0
VERTEX
  5
466
  8
POCKET-KERF-15_5
 10
716.2288325280222
 20
1122.048629778755
 30
0.0
 70
0
  0
VERTEX
  5
467
  8
POCKET-KERF-15_5
 10
710.3166748996451
 20
1123.0715629032666
 30
0.0
 70
0
  0
SEQEND
  5
463
  8
POCKET-KERF-15_5
  0
POLYLINE
  5
468
  8
POCKET-KERF-15_5
 66
1
 10
0.0
 20
0.0
 30
0.0
 70
1
  0
VERTEX
  5
46A
  8
POCKET-KERF-15_5
 10
672.578960102864
 20
975.3405680542855
 30
0.0
 70
0
  0
VERTEX
  5
46B
  8
POCKET-KERF-15_5
 10
678.5095181288584
 20
974.430358462866
 30
0.0
 70
0
  0
VERTEX
  5
46C
  8
POCKET-KERF-15_5
 10
701.5424773595801
 20
1124.503816835367
 30
0.0
 70
0
  0
VERTEX
  5
46D
  8
POCKET-KERF-15_5
 10
695.6119193335855
 20
1125.4140264267864
 30
0.0
 70
0
  0
SEQEND
  5
469
  8
POCKET-KERF-15_5
  0
POLYLINE
  5
46E
  8
POCKET-KERF-15_5
 66
1
 10
0.0
 20
0.0
 30
0.0
 70
1
  0
VERTEX
  5
470
  8
POCKET-KERF-15_5
 10
617.3949638235315
 20
653.9860016060153
 30
0.0
 70
0
  0
VERTEX
  5
471
  8
POCKET-KERF-15_5
 10
623.3417732156171
 20
653.1888453765332
 30
0.0
 70
0
  0
VERTEX
  5
472
  8
POCKET-KERF-15_5
 10
686.8120485080374
 20
1126.6790036011912
 30
0.0
 70
0
  0
VERTEX
  5
473
  8
POCKET-KERF-15_5
 10
680.8652391159518
 20
1127.4761598306732
 30
0.0
 70
0
  0
SEQEND
  5
46F
  8
POCKET-KERF-15_5
  0
POLYLINE
  5
474
  8
POCKET-KERF-15_5
 66
1
 10
0.0
 20
0.0
 30
0.0
 70
1
  0
VERTEX
  5
476
  8
POCKET-KERF-15_5
 10
648.7779852596606
 20
978.4158026020834
 30
0.0
 70
0
  0
VERTEX
  5
477
  8
POCKET-KERF-15_5
 10
654.7388910973714
 20
977.7319885967102
 30
0.0
 70
0
  0
VERTEX
  5
478
  8
POCKET-KERF-15_5
 10
672.0428837773344
 20
1128.5734018628907
 30
0.0
 70
0
  0
VERTEX
  5
479
  8
POCKET-KERF-15_5
 10
666.0819779396235
 20
1129.257215868264
 30
0.0
 70
0
  0
SEQEND
  5
475
  8
POCKET-KERF-15_5
  0
POLYLINE
  5
47A
  8
POCKET-KERF-15_5
 66
1
 10
0.0
 20
0.0
 30
0.0
 70
1
  0
VERTEX
  5
47C
  8
POCKET-KERF-15_5
 10
605.8657605542616
 20
655.1936316525237
 30
0.0
 70
0
  0
VERTEX
  5
47D
  8
POCKET-KERF-15_5
 10
611.8386028090617
 20
654.6234076620826
 30
0.0
 70
0
  0
VERTEX
  5
47E
  8
POCKET-KERF-15_5
 10
657.2403350079693
 20
1130.1863251552845
 30
0.0
 70
0
  0
VERTEX
  5
47F
  8
POCKET-KERF-15_5
 10
651.2674927531692
 20
1130.7565491457256
 30
0.0
 70
0
  0
SEQEND
  5
47B
  8
POCKET-KERF-15_5
  0
POLYLINE
  5
480
  8
POCKET-KERF-15_5
 66
1
 10
0.0
 20
0.0
 30
0.0
 70
1
  0
VERTEX
  5
482
  8
POCKET-KERF-15_5
 10
624.8772049203335
 20
980.5828674792865
 30
0.0
 70
0
  0
VERTEX
  5
483
  8
POCKET-KERF-15_5
 10
630.8598192383372
 20
980.126440133462
 30
0.0
 70
0
  0
VERTEX
  5
484
  8
POCKET-KERF-15_5
 10
642.4097661376757
 20
1131.5171890101
 30
0.0
 70
0
  0
VERTEX
  5
485
  8
POCKET-KERF-15_5
 10
636.4271518196718
 20
1131.9736163559246
 30
0.0
 70
0
  0
SEQEND
  5
481
  8
POCKET-KERF-15_5
  0
POLYLINE
  5
486
  8
POCKET-KERF-15_5
 66
1
 10
0.0
 20
0.0
 30
0.0
 70
1
  0
VERTEX
  5
488
  8
POCKET-KERF-15_5
 10
594.2989458482008
 20
655.9615482554397
 30
0.0
 70
0
  0
VERTEX
  5
489
  8
POCKET-KERF-15_5
 10
600.2891643344609
 20
655.6190829479012
 30
0.0
 70
0
  0
VERTEX
  5
48A
  8
POCKET-KERF-15_5
 10
627.5565512577135
 20
1132.565511167764
 30
0.0
 70
0
  0
VERTEX
  5
48B
  8
POCKET-KERF-15_5
 10
621.5663327714534
 20
1132.9079764753026
 30
0.0
 70
0
  0
SEQEND
  5
487
  8
POCKET-KERF-15_5
  0
POLYLINE
  5
48C
  8
POCKET-KERF-15_5
 66
1
 10
0.0
 20
0.0
 30
0.0
 70
1
  0
VERTEX
  5
48E
  8
POCKET-KERF-15_5
 10
600.9112592500276
 20
981.8386218894786
 30
0.0
 70
0
  0
VERTEX
  5
48F
  8
POCKET-KERF-15_5
 10
606.9069112541061
 20
981.6102427179487
 30
0.0
 70
0
  0
VERTEX
  5
490
  8
POCKET-KERF-15_5
 10
612.686072665483
 20
1133.3309117521583
 30
0.0
 70
0
  0
VERTEX
  5
491
  8
POCKET-KERF-15_5
 10
606.6904206614045
 20
1133.5592909236882
 30
0.0
 70
0
  0
SEQEND
  5
48D
  8
POCKET-KERF-15_5
  0
POLYLINE
  5
492
  8
POCKET-KERF-15_5
 66
1
 10
0.0
 20
0.0
 30
0.0
 70
1
  0
VERTEX
  5
494
  8
POCKET-KERF-15_5
 10
582.7112838597382
 20
656.2886384486776
 30
0.0
 70
0
  0
VERTEX
  5
495
  8
POCKET-KERF-15_5
 10
588.7101967622762
 20
656.1744281699619
 30
0.0
 70
0
  0
VERTEX
  5
496
  8
POCKET-KERF-15_5
 10
597.8037189141634
 20
1133.8131134082707
 30
0.0
 70
0
  0
VERTEX
  5
497
  8
POCKET-KERF-15_5
 10
591.8048060116255
 20
1133.9273236869865
 30
0.0
 70
0
  0
SEQEND
  5
493
  8
POCKET-KERF-15_5
  0
POLYLINE
  5
498
  8
POCKET-KERF-15_5
 66
1
 10
0.0
 20
0.0
 30
0.0
 70
1
  0
VERTEX
  5
49A
  8
POCKET-KERF-15_5
 10
576.9148828600855
 20
982.1812458276424
 30
0.0
 70
0
  0
VERTEX
  5
49B
  8
POCKET-KERF-15_5
 10
582.9148828600855
 20
982.1812458276424
 30
0.0
 70
0
  0
VERTEX
  5
49C
  8
POCKET-KERF-15_5
 10
582.9148828600855
 20
1134.0119414027033
 30
0.0
 70
0
  0
VERTEX
  5
49D
  8
POCKET-KERF-15_5
 10
576.9148828600855
 20
1134.0119414027033
 30
0.0
 70
0
  0
SEQEND
  5
499
  8
POCKET-KERF-15_5
  0
POLYLINE
  5
49E
  8
POCKET-KERF-15_5
 66
1
 10
0.0
 20
0.0
 30
0.0
 70
1
  0
VERTEX
  5
4A0
  8
POCKET-KERF-15_5
 10
571.119568957895
 20
656.1744281699619
 30
0.0
 70
0
  0
VERTEX
  5
4A1
  8
POCKET-KERF-15_5
 10
577.1184818604329
 20
656.2886384486776
 30
0.0
 70
0
  0
VERTEX
  5
4A2
  8
POCKET-KERF-15_5
 10
568.0249597085457
 20
1133.9273236869865
 30
0.0
 70
0
  0
VERTEX
  5
4A3
  8
POCKET-KERF-15_5
 10
562.0260468060077
 20
1133.8131134082707
 30
0.0
 70
0
  0
SEQEND
  5
49F
  8
POCKET-KERF-15_5
  0
POLYLINE
  5
4A4
  8
POCKET-KERF-15_5
 66
1
 10
0.0
 20
0.0
 30
0.0
 70
1
  0
VERTEX
  5
4A6
  8
POCKET-KERF-15_5
 10
552.9228544660648
 20
981.6102427179487
 30
0.0
 70
0
  0
VERTEX
  5
4A7
  8
POCKET-KERF-15_5
 10
558.9185064701434
 20
981.8386218894786
 30
0.0
 70
0
  0
VERTEX
  5
4A8
  8
POCKET-KERF-15_5
 10
553.1393450587665
 20
1133.5592909236882
 30
0.0
 70
0
  0
VERTEX
  5
4A9
  8
POCKET-KERF-15_5
 10
547.1436930546879
 20
1133.3309117521583
 30
0.0
 70
0
  0
SEQEND
  5
4A5
  8
POCKET-KERF-15_5
  0
POLYLINE
  5
4AA
  8
POCKET-KERF-15_5
 66
1
 10
0.0
 20
0.0
 30
0.0
 70
1
  0
VERTEX
  5
4AC
  8
POCKET-KERF-15_5
 10
559.5406013857101
 20
655.6190829479012
 30
0.0
 70
0
  0
VERTEX
  5
4AD
  8
POCKET-KERF-15_5
 10
565.5308198719703
 20
655.9615482554397
 30
0.0
 70
0
  0
VERTEX
  5
4AE
  8
POCKET-KERF-15_5
 10
538.2634329487177
 20
1132.9079764753026
 30
0.0
 70
0
  0
VERTEX
  5
4AF
  8
POCKET-KERF-15_5
 10
532.2732144624575
 20
1132.565511167764
 30
0.0
 70
0
  0
SEQEND
  5
4AB
  8
POCKET-KERF-15_5
  0
POLYLINE
  5
4B0
  8
POCKET-KERF-15_5
 66
1
 10
0.0
 20
0.0
 30
0.0
 70
1
  0
VERTEX
  5
4B2
  8
POCKET-KERF-15_5
 10
528.9699464818339
 20
980.126440133462
 30
0.0
 70
0
  0
VERTEX
  5
4B3
  8
POCKET-KERF-15_5
 10
534.9525607998377
 20
980.5828674792865
 30
0.0
 70
0
  0
VERTEX
  5
4B4
  8
POCKET-KERF-15_5
 10
523.4026139004992
 20
1131.9736163559246
 30
0.0
 70
0
  0
VERTEX
  5
4B5
  8
POCKET-KERF-15_5
 10
517.4199995824955
 20
1131.5171890101
 30
0.0
 70
0
  0
SEQEND
  5
4B1
  8
POCKET-KERF-15_5
  0
POLYLINE
  5
4B6
  8
POCKET-KERF-15_5
 66
1
 10
0.0
 20
0.0
 30
0.0
 70
1
  0
VERTEX
  5
4B8
  8
POCKET-KERF-15_5
 10
547.9911629111094
 20
654.6234076620826
 30
0.0
 70
0
  0
VERTEX
  5
4B9
  8
POCKET-KERF-15_5
 10
553.9640051659095
 20
655.1936316525237
 30
0.0
 70
0
  0
VERTEX
  5
4BA
  8
POCKET-KERF-15_5
 10
508.5622729670019
 20
1130.7565491457256
 30
0.0
 70
0
  0
VERTEX
  5
4BB
  8
POCKET-KERF-15_5
 10
502.5894307122018
 20
1130.1863251552845
 30
0.0
 70
0
  0
SEQEND
  5
4B7
  8
POCKET-KERF-15_5
  0
POLYLINE
  5
4BC
  8
POCKET-KERF-15_5
 66
1
 10
0.0
 20
0.0
 30
0.0
 70
1
  0
VERTEX
  5
4BE
  8
POCKET-KERF-15_5
 10
505.0908746227997
 20
977.7319885967102
 30
0.0
 70
0
  0
VERTEX
  5
4BF
  8
POCKET-KERF-15_5
 10
511.0517804605106
 20
978.4158026020834
 30
0.0
 70
0
  0
VERTEX
  5
4C0
  8
POCKET-KERF-15_5
 10
493.74778778054775
 20
1129.257215868264
 30
0.0
 70
0
  0
VERTEX
  5
4C1
  8
POCKET-KERF-15_5
 10
487.7868819428368
 20
1128.5734018628907
 30
0.0
 70
0
  0
SEQEND
  5
4BD
  8
POCKET-KERF-15_5
  0
POLYLINE
  5
4C2
  8
POCKET-KERF-15_5
 66
1
 10
0.0
 20
0.0
 30
0.0
 70
1
  0
VERTEX
  5
4C4
  8
POCKET-KERF-15_5
 10
536.487992504554
 20
653.1888453765332
 30
0.0
 70
0
  0
VERTEX
  5
4C5
  8
POCKET-KERF-15_5
 10
542.4348018966397
 20
653.9860016060153
 30
0.0
 70
0
  0
VERTEX
  5
4C6
  8
POCKET-KERF-15_5
 10
478.9645266042194
 20
1127.4761598306732
 30
0.0
 70
0
  0
VERTEX
  5
4C7
  8
POCKET-KERF-15_5
 10
473.0177172121338
 20
1126.6790036011912
 30
0.0
 70
0
  0
SEQEND
  5
4C3
  8
POCKET-KERF-15_5
  0
POLYLINE
  5
4C8
  8
POCKET-KERF-15_5
 66
1
 10
0.0
 20
0.0
 30
0.0
 70
1
  0
VERTEX
  5
4CA
  8
POCKET-KERF-15_5
 10
481.3202475913127
 20
974.430358462866
 30
0.0
 70
0
  0
VERTEX
  5
4CB
  8
POCKET-KERF-15_5
 10
487.25080561730715
 20
975.3405680542855
 30
0.0
 70
0
  0
VERTEX
  5
4CC
  8
POCKET-KERF-15_5
 10
464.21784638658556
 20
1125.4140264267864
 30
0.0
 70
0
  0
VERTEX
  5
4CD
  8
POCKET-KERF-15_5
 10
458.2872883605911
 20
1124.503816835367
 30
0.0
 70
0
  0
SEQEND
  5
4C9
  8
POCKET-KERF-15_5
  0
POLYLINE
  5
4CE
  8
POCKET-KERF-15_5
 66
1
 10
0.0
 20
0.0
 30
0.0
 70
1
  0
VERTEX
  5
4D0
  8
POCKET-KERF-15_5
 10
525.0477620787138
 20
651.317475248242
 30
0.0
 70
0
  0
VERTEX
  5
4D1
  8
POCKET-KERF-15_5
 10
530.959919707091
 20
652.3404083727535
 30
0.0
 70
0
  0
VERTEX
  5
4D2
  8
POCKET-KERF-15_5
 10
449.51309082052603
 20
1123.0715629032666
 30
0.0
 70
0
  0
VERTEX
  5
4D3
  8
POCKET-KERF-15_5
 10
443.600933192149
 20
1122.048629778755
 30
0.0
 70
0
  0
SEQEND
  5
4CF
  8
POCKET-KERF-15_5
  0
POLYLINE
  5
4D4
  8
POCKET-KERF-15_5
 66
1
 10
0.0
 20
0.0
 30
0.0
 70
1
  0
VERTEX
  5
4D6
  8
POCKET-KERF-15_5
 10
457.69251691716715
 20
970.2263348900476
 30
0.0
 70
0
  0
VERTEX
  5
4D7
  8
POCKET-KERF-15_5
 10
463.5841317840756
 20
971.3616208716498
 30
0.0
 70
0
  0
VERTEX
  5
4D8
  8
POCKET-KERF-15_5
 10
434.8555884068599
 20
1120.4496180888314
 30
0.0
 70
0
  0
VERTEX
  5
4D9
  8
POCKET-KERF-15_5
 10
428.9639735399514
 20
1119.3143321072291
 30
0.0
 70
0
  0
SEQEND
  5
4D5
  8
POCKET-KERF-15_5
  0
POLYLINE
  5
4DA
  8
POCKET-KERF-15_5
 66
1
 10
0.0
 20
0.0
 30
0.0
 70
1
  0
VERTEX
  5
4DC
  8
POCKET-KERF-15_5
 10
513.6870523253335
 20
649.0120095137706
 30
0.0
 70
0
  0
VERTEX
  5
4DD
  8
POCKET-KERF-15_5
 10
519.555989510917
 20
650.2592369636272
 30
0.0
 70
0
  0
VERTEX
  5
4DE
  8
POCKET-KERF-15_5
 10
420.25065052347844
 20
1117.5491420866645
 30
0.0
 70
0
  0
VERTEX
  5
4DF
  8
POCKET-KERF-15_5
 10
414.381713337895
 20
1116.3019146368079
 30
0.0
 70
0
  0
SEQEND
  5
4DB
  8
POCKET-KERF-15_5
  0
POLYLINE
  5
4E0
  8
POCKET-KERF-15_5
 66
1
 10
0.0
 20
0.0
 30
0.0
 70
1
  0
VERTEX
  5
4E2
  8
POCKET-KERF-15_5
 10
434.2419270258978
 20
965.1260109040379
 30
0.0
 70
0
  0
VERTEX
  5
4E3
  8
POCKET-KERF-15_5
 10
440.0860598279163
 20
966.4847278695504
 30
0.0
 70
0
  0
VERTEX
  5
4E4
  8
POCKET-KERF-15_5
 10
405.70356950068407
 20
1114.3711859301334
 30
0.0
 70
0
  0
VERTEX
  5
4E5
  8
POCKET-KERF-15_5
 10
399.85943669866555
 20
1113.012468964621
 30
0.0
 70
0
  0
SEQEND
  5
4E1
  8
POCKET-KERF-15_5
  0
POLYLINE
  5
4E6
  8
POCKET-KERF-15_5
 66
1
 10
0.0
 20
0.0
 30
0.0
 70
1
  0
VERTEX
  5
4E8
  8
POCKET-KERF-15_5
 10
502.4223286843033
 20
646.2757895583227
 30
0.0
 70
0
  0
VERTEX
  5
4E9
  8
POCKET-KERF-15_5
 10
508.2395393887778
 20
647.7455036869026
 30
0.0
 70
0
  0
VERTEX
  5
4EA
  8
POCKET-KERF-15_5
 10
391.2196167034304
 20
1110.916901201929
 30
0.0
 70
0
  0
VERTEX
  5
4EB
  8
POCKET-KERF-15_5
 10
385.4024059989559
 20
1109.447187073349
 30
0.0
 70
0
  0
SEQEND
  5
4E7
  8
POCKET-KERF-15_5
  0
POLYLINE
  5
4EC
  8
POCKET-KERF-15_5
 66
1
 10
0.0
 20
0.0
 30
0.0
 70
1
  0
VERTEX
  5
4EE
  8
POCKET-KERF-15_5
 10
411.0024656072388
 20
959.1367785674665
 30
0.0
 70
0
  0
VERTEX
  5
4EF
  8
POCKET-KERF-15_5
 10
416.7906462558381
 20
960.7169572849477
 30
0.0
 70
0
  0
VERTEX
  5
4F0
  8
POCKET-KERF-15_5
 10
376.80404062116
 20
1107.1875396167716
 30
0.0
 70
0
  0
VERTEX
  5
4F1
  8
POCKET-KERF-15_5
 10
371.0158599725607
 20
1105.6073608992904
 30
0.0
 70
0
  0
SEQEND
  5
4ED
  8
POCKET-KERF-15_5
  0
POLYLINE
  5
4F2
  8
POCKET-KERF-15_5
 66
1
 10
0.0
 20
0.0
 30
0.0
 70
1
  0
VERTEX
  5
4F4
  8
POCKET-KERF-15_5
 10
491.26991747977263
 20
643.1127810729669
 30
0.0
 70
0
  0
VERTEX
  5
4F5
  8
POCKET-KERF-15_5
 10
497.0269706336657
 20
644.8028517765914
 30
0.0
 70
0
  0
VERTEX
  5
4F6
  8
POCKET-KERF-15_5
 10
362.46206496593067
 20
1103.1844525678325
 30
0.0
 70
0
  0
VERTEX
  5
4F7
  8
POCKET-KERF-15_5
 10
356.7050118120376
 20
1101.494381864208
 30
0.0
 70
0
  0
SEQEND
  5
4F3
  8
POCKET-KERF-15_5
  0
POLYLINE
  5
4F8
  8
POCKET-KERF-15_5
 66
1
 10
0.0
 20
0.0
 30
0.0
 70
1
  0
VERTEX
  5
4FA
  8
POCKET-KERF-15_5
 10
388.0078143556785
 20
952.2673182662577
 30
0.0
 70
0
  0
VERTEX
  5
4FB
  8
POCKET-KERF-15_5
 10
393.7316538555744
 20
954.066668532168
 30
0.0
 70
0
  0
VERTEX
  5
4FC
  8
POCKET-KERF-15_5
 10
348.19888677952093
 20
1098.909090637036
 30
0.0
 70
0
  0
VERTEX
  5
4FD
  8
POCKET-KERF-15_5
 10
342.475047279625
 20
1097.1097403711256
 30
0.0
 70
0
  0
SEQEND
  5
4F9
  8
POCKET-KERF-15_5
  0
POLYLINE
  5
4FE
  8
POCKET-KERF-15_5
 66
1
 10
0.0
 20
0.0
 30
0.0
 70
1
  0
VERTEX
  5
500
  8
POCKET-KERF-15_5
 10
480.24598225788515
 20
639.5275683070345
 30
0.0
 70
0
  0
VERTEX
  5
501
  8
POCKET-KERF-15_5
 10
485.93453397998593
 20
641.4355461121945
 30
0.0
 70
0
  0
VERTEX
  5
502
  8
POCKET-KERF-15_5
 10
334.01967455020036
 20
1094.363003069416
 30
0.0
 70
0
  0
VERTEX
  5
503
  8
POCKET-KERF-15_5
 10
328.3311228280995
 20
1092.455025264256
 30
0.0
 70
0
  0
SEQEND
  5
4FF
  8
POCKET-KERF-15_5
  0
POLYLINE
  5
504
  8
POCKET-KERF-15_5
 66
1
 10
0.0
 20
0.0
 30
0.0
 70
1
  0
VERTEX
  5
506
  8
POCKET-KERF-15_5
 10
365.2913001545023
 20
944.5275861288685
 30
0.0
 70
0
  0
VERTEX
  5
507
  8
POCKET-KERF-15_5
 10
370.94250276209465
 20
946.5435000873354
 30
0.0
 70
0
  0
VERTEX
  5
508
  8
POCKET-KERF-15_5
 10
319.92956633984545
 20
1089.5478372117261
 30
0.0
 70
0
  0
VERTEX
  5
509
  8
POCKET-KERF-15_5
 10
314.27836373225307
 20
1087.5319232532593
 30
0.0
 70
0
  0
SEQEND
  5
505
  8
POCKET-KERF-15_5
  0
POLYLINE
  5
50A
  8
POCKET-KERF-15_5
 66
1
 10
0.0
 20
0.0
 30
0.0
 70
1
  0
VERTEX
  5
50C
  8
POCKET-KERF-15_5
 10
469.3665003604353
 20
635.5253474240201
 30
0.0
 70
0
  0
VERTEX
  5
50D
  8
POCKET-KERF-15_5
 10
474.9783060508483
 20
637.6484670374778
 30
0.0
 70
0
  0
VERTEX
  5
50E
  8
POCKET-KERF-15_5
 10
305.93366792208144
 20
1084.4653379154936
 30
0.0
 70
0
  0
VERTEX
  5
50F
  8
POCKET-KERF-15_5
 10
300.32186223166843
 20
1082.3422183020361
 30
0.0
 70
0
  0
SEQEND
  5
50B
  8
POCKET-KERF-15_5
  0
POLYLINE
  5
510
  8
POCKET-KERF-15_5
 66
1
 10
0.0
 20
0.0
 30
0.0
 70
1
  0
VERTEX
  5
512
  8
POCKET-KERF-15_5
 10
342.88584677407573
 20
935.9287995965547
 30
0.0
 70
0
  0
VERTEX
  5
513
  8
POCKET-KERF-15_5
 10
348.4562220207348
 20
938.1583555190216
 30
0.0
 70
0
  0
VERTEX
  5
514
  8
POCKET-KERF-15_5
 10
292.0370509321247
 20
1079.117346904747
 30
0.0
 70
0
  0
VERTEX
  5
515
  8
POCKET-KERF-15_5
 10
286.46667568546565
 20
1076.88779098228
 30
0.0
 70
0
  0
SEQEND
  5
511
  8
POCKET-KERF-15_5
  0
POLYLINE
  5
516
  8
POCKET-KERF-15_5
 66
1
 10
0.0
 20
0.0
 30
0.0
 70
1
  0
VERTEX
  5
518
  8
POCKET-KERF-15_5
 10
458.64723976839537
 20
631.1119189706161
 30
0.0
 70
0
  0
VERTEX
  5
519
  8
POCKET-KERF-15_5
 10
464.1741660577027
 20
633.4471032872308
 30
0.0
 70
0
  0
VERTEX
  5
51A
  8
POCKET-KERF-15_5
 10
278.24475102899606
 20
1073.5058021086384
 30
0.0
 70
0
  0
VERTEX
  5
51B
  8
POCKET-KERF-15_5
 10
272.71782473968875
 20
1071.1706177920234
 30
0.0
 70
0
  0
SEQEND
  5
517
  8
POCKET-KERF-15_5
  0
POLYLINE
  5
51C
  8
POCKET-KERF-15_5
 66
1
 10
0.0
 20
0.0
 30
0.0
 70
1
  0
VERTEX
  5
51E
  8
POCKET-KERF-15_5
 10
320.8239271543708
 20
926.4834211655734
 30
0.0
 70
0
  0
VERTEX
  5
51F
  8
POCKET-KERF-15_5
 10
326.3054017171455
 20
928.9233876853548
 30
0.0
 70
0
  0
VERTEX
  5
520
  8
POCKET-KERF-15_5
 10
264.5617660707692
 20
1067.632736959203
 30
0.0
 70
0
  0
VERTEX
  5
521
  8
POCKET-KERF-15_5
 10
259.0802915079945
 20
1065.1927704394216
 30
0.0
 70
0
  0
SEQEND
  5
51D
  8
POCKET-KERF-15_5
  0
POLYLINE
  5
522
  8
POCKET-KERF-15_5
 66
1
 10
0.0
 20
0.0
 30
0.0
 70
1
  0
VERTEX
  5
524
  8
POCKET-KERF-15_5
 10
448.1037362488774
 20
626.2936794697936
 30
0.0
 70
0
  0
VERTEX
  5
525
  8
POCKET-KERF-15_5
 10
453.537772786091
 20
628.8375440322709
 30
0.0
 70
0
  0
VERTEX
  5
526
  8
POCKET-KERF-15_5
 10
250.99305430351814
 20
1061.5002796545134
 30
0.0
 70
0
  0
VERTEX
  5
527
  8
POCKET-KERF-15_5
 10
245.55901776630463
 20
1058.956415092036
 30
0.0
 70
0
  0
SEQEND
  5
523
  8
POCKET-KERF-15_5
  0
POLYLINE
  5
528
  8
POCKET-KERF-15_5
 66
1
 10
0.0
 20
0.0
 30
0.0
 70
1
  0
VERTEX
  5
52A
  8
POCKET-KERF-15_5
 10
299.1375163408959
 20
916.2051403248895
 30
0.0
 70
0
  0
VERTEX
  5
52B
  8
POCKET-KERF-15_5
 10
304.5221457434387
 20
918.8519811204931
 30
0.0
 70
0
  0
VERTEX
  5
52C
  8
POCKET-KERF-15_5
 10
237.54353256461812
 20
1055.1106523874944
 30
0.0
 70
0
  0
VERTEX
  5
52D
  8
POCKET-KERF-15_5
 10
232.1589031620753
 20
1052.4638115918908
 30
0.0
 70
0
  0
SEQEND
  5
529
  8
POCKET-KERF-15_5
  0
POLYLINE
  5
52E
  8
POCKET-KERF-15_5
 66
1
 10
0.0
 20
0.0
 30
0.0
 70
1
  0
VERTEX
  5
530
  8
POCKET-KERF-15_5
 10
437.75127083864794
 20
621.0776121501189
 30
0.0
 70
0
  0
VERTEX
  5
531
  8
POCKET-KERF-15_5
 10
443.08454190086746
 20
623.8264700542113
 30
0.0
 70
0
  0
VERTEX
  5
532
  8
POCKET-KERF-15_5
 10
224.21807450105217
 20
1048.466170540674
 30
0.0
 70
0
  0
VERTEX
  5
533
  8
POCKET-KERF-15_5
 10
218.88480343883265
 20
1045.7173126365817
 30
0.0
 70
0
  0
SEQEND
  5
52F
  8
POCKET-KERF-15_5
  0
POLYLINE
  5
534
  8
POCKET-KERF-15_5
 66
1
 10
0.0
 20
0.0
 30
0.0
 70
1
  0
VERTEX
  5
536
  8
POCKET-KERF-15_5
 10
277.8580451422403
 20
905.108853715561
 30
0.0
 70
0
  0
VERTEX
  5
537
  8
POCKET-KERF-15_5
 10
283.13802526899104
 20
907.958732635992
 30
0.0
 70
0
  0
VERTEX
  5
538
  8
POCKET-KERF-15_5
 10
211.02150880336777
 20
1041.5692418471701
 30
0.0
 70
0
  0
VERTEX
  5
539
  8
POCKET-KERF-15_5
 10
205.74152867661704
 20
1038.7193629267392
 30
0.0
 70
0
  0
SEQEND
  5
535
  8
POCKET-KERF-15_5
  0
POLYLINE
  5
53A
  8
POCKET-KERF-15_5
 66
1
 10
0.0
 20
0.0
 30
0.0
 70
1
  0
VERTEX
  5
53C
  8
POCKET-KERF-15_5
 10
427.604847696834
 20
615.4712768247358
 30
0.0
 70
0
  0
VERTEX
  5
53D
  8
POCKET-KERF-15_5
 10
432.82962360378406
 20
618.4211440627915
 30
0.0
 70
0
  0
VERTEX
  5
53E
  8
POCKET-KERF-15_5
 10
197.9586174559246
 20
1034.4223655182093
 30
0.0
 70
0
  0
VERTEX
  5
53F
  8
POCKET-KERF-15_5
 10
192.73384154897454
 20
1031.4724982801536
 30
0.0
 70
0
  0
SEQEND
  5
53B
  8
POCKET-KERF-15_5
  0
POLYLINE
  5
540
  8
POCKET-KERF-15_5
 66
1
 10
0.0
 20
0.0
 30
0.0
 70
1
  0
VERTEX
  5
542
  8
POCKET-KERF-15_5
 10
257.01635457639827
 20
893.2106435405617
 30
0.0
 70
0
  0
VERTEX
  5
543
  8
POCKET-KERF-15_5
 10
262.18403298333817
 20
896.2594301651793
 30
0.0
 70
0
  0
VERTEX
  5
544
  8
POCKET-KERF-15_5
 10
185.03413400406592
 20
1027.0281313374971
 30
0.0
 70
0
  0
VERTEX
  5
545
  8
POCKET-KERF-15_5
 10
179.86645559712602
 20
1023.9793447128794
 30
0.0
 70
0
  0
SEQEND
  5
541
  8
POCKET-KERF-15_5
  0
POLYLINE
  5
546
  8
POCKET-KERF-15_5
 66
1
 10
0.0
 20
0.0
 30
0.0
 70
1
  0
VERTEX
  5
548
  8
POCKET-KERF-15_5
 10
417.6791723589146
 20
609.4827989346876
 30
0.0
 70
0
  0
VERTEX
  5
549
  8
POCKET-KERF-15_5
 10
422.7878806758173
 20
612.6294001697999
 30
0.0
 70
0
  0
VERTEX
  5
54A
  8
POCKET-KERF-15_5
 10
172.25274183884525
 20
1019.3892187227715
 30
0.0
 70
0
  0
VERTEX
  5
54B
  8
POCKET-KERF-15_5
 10
167.14403352194265
 20
1016.2426174876592
 30
0.0
 70
0
  0
SEQEND
  5
547
  8
POCKET-KERF-15_5
  0
POLYLINE
  5
54C
  8
POCKET-KERF-15_5
 66
1
 10
0.0
 20
0.0
 30
0.0
 70
1
  0
VERTEX
  5
54E
  8
POCKET-KERF-15_5
 10
236.642651171895
 20
880.5277542563292
 30
0.0
 70
0
  0
VERTEX
  5
54F
  8
POCKET-KERF-15_5
 10
241.69053817747846
 20
883.7710298811971
 30
0.0
 70
0
  0
VERTEX
  5
550
  8
POCKET-KERF-15_5
 10
159.61907249992444
 20
1011.5083957548713
 30
0.0
 70
0
  0
VERTEX
  5
551
  8
POCKET-KERF-15_5
 10
154.571185494341
 20
1008.2651201300034
 30
0.0
 70
0
  0
SEQEND
  5
54D
  8
POCKET-KERF-15_5
  0
POLYLINE
  5
552
  8
POCKET-KERF-15_5
 66
1
 10
0.0
 20
0.0
 30
0.0
 70
1
  0
VERTEX
  5
554
  8
POCKET-KERF-15_5
 10
407.9886304235191
 20
603.1208577724547
 30
0.0
 70
0
  0
VERTEX
  5
555
  8
POCKET-KERF-15_5
 10
412.97386693606575
 20
606.4596325348446
 30
0.0
 70
0
  0
VERTEX
  5
556
  8
POCKET-KERF-15_5
 10
147.13770399726147
 20
1003.3885181746789
 30
0.0
 70
0
  0
VERTEX
  5
557
  8
POCKET-KERF-15_5
 10
142.15246748471483
 20
1000.049743412289
 30
0.0
 70
0
  0
SEQEND
  5
553
  8
POCKET-KERF-15_5
  0
POLYLINE
  5
558
  8
POCKET-KERF-15_5
 66
1
 10
0.0
 20
0.0
 30
0.0
 70
1
  0
VERTEX
  5
55A
  8
POCKET-KERF-15_5
 10
216.76646318849953
 20
867.0785675798234
 30
0.0
 70
0
  0
VERTEX
  5
55B
  8
POCKET-KERF-15_5
 10
221.68724272868917
 20
870.5116316218785
 30
0.0
 70
0
  0
VERTEX
  5
55C
  8
POCKET-KERF-15_5
 10
134.81315915219741
 20
995.0325283482979
 30
0.0
 70
0
  0
VERTEX
  5
55D
  8
POCKET-KERF-15_5
 10
129.89237961200777
 20
991.5994643062428
 30
0.0
 70
0
  0
SEQEND
  5
559
  8
POCKET-KERF-15_5
  0
POLYLINE
  5
55E
  8
POCKET-KERF-15_5
 66
1
 10
0.0
 20
0.0
 30
0.0
 70
1
  0
VERTEX
  5
560
  8
POCKET-KERF-15_5
 10
398.5472667029176
 20
596.3946739027787
 30
0.0
 70
0
  0
VERTEX
  5
561
  8
POCKET-KERF-15_5
 10
403.40180614843365
 20
599.9207831994298
 30
0.0
 70
0
  0
VERTEX
  5
562
  8
POCKET-KERF-15_5
 10
122.64990395854
 20
986.443454200839
 30
0.0
 70
0
  0
VERTEX
  5
563
  8
POCKET-KERF-15_5
 10
117.79536451302397
 20
982.9173449041879
 30
0.0
 70
0
  0
SEQEND
  5
55F
  8
POCKET-KERF-15_5
  0
POLYLINE
  5
564
  8
POCKET-KERF-15_5
 66
1
 10
0.0
 20
0.0
 30
0.0
 70
1
  0
VERTEX
  5
566
  8
POCKET-KERF-15_5
 10
197.41659782097383
 20
852.8825758473165
 30
0.0
 70
0
  0
VERTEX
  5
567
  8
POCKET-KERF-15_5
 10
202.20313805264595
 20
856.5004526570744
 30
0.0
 70
0
  0
VERTEX
  5
568
  8
POCKET-KERF-15_5
 10
110.65234596423969
 20
977.6244081192052
 30
0.0
 70
0
  0
VERTEX
  5
569
  8
POCKET-KERF-15_5
 10
105.86580573256757
 20
974.0065313094473
 30
0.0
 70
0
  0
SEQEND
  5
565
  8
POCKET-KERF-15_5
  0
POLYLINE
  5
56A
  8
POCKET-KERF-15_5
 66
1
 10
0.0
 20
0.0
 30
0.0
 70
1
  0
VERTEX
  5
56C
  8
POCKET-KERF-15_5
 10
389.36876486742716
 20
589.3139957990041
 30
0.0
 70
0
  0
VERTEX
  5
56D
  8
POCKET-KERF-15_5
 10
394.08557140667597
 20
593.0223291269697
 30
0.0
 70
0
  0
VERTEX
  5
56E
  8
POCKET-KERF-15_5
 10
98.82483267424577
 20
968.5785858242676
 30
0.0
 70
0
  0
VERTEX
  5
56F
  8
POCKET-KERF-15_5
 10
94.10802613499702
 20
964.8702524963022
 30
0.0
 70
0
  0
SEQEND
  5
56B
  8
POCKET-KERF-15_5
  0
POLYLINE
  5
570
  8
POCKET-KERF-15_5
 66
1
 10
0.0
 20
0.0
 30
0.0
 70
1
  0
VERTEX
  5
572
  8
POCKET-KERF-15_5
 10
178.62109944788426
 20
837.9603537635264
 30
0.0
 70
0
  0
VERTEX
  5
573
  8
POCKET-KERF-15_5
 10
183.2664630852371
 20
841.7577998364496
 30
0.0
 70
0
  0
VERTEX
  5
574
  8
POCKET-KERF-15_5
 10
87.17164997511803
 20
959.3092652128461
 30
0.0
 70
0
  0
VERTEX
  5
575
  8
POCKET-KERF-15_5
 10
82.5262863377652
 20
955.5118191399227
 30
0.0
 70
0
  0
SEQEND
  5
571
  8
POCKET-KERF-15_5
  0
POLYLINE
  5
576
  8
POCKET-KERF-15_5
 66
1
 10
0.0
 20
0.0
 30
0.0
 70
1
  0
VERTEX
  5
578
  8
POCKET-KERF-15_5
 10
380.4664276132294
 20
581.889085714303
 30
0.0
 70
0
  0
VERTEX
  5
579
  8
POCKET-KERF-15_5
 10
385.03866502767943
 20
585.7742684675211
 30
0.0
 70
0
  0
VERTEX
  5
57A
  8
POCKET-KERF-15_5
 10
75.69702058196916
 20
949.8198051699109
 30
0.0
 70
0
  0
VERTEX
  5
57B
  8
POCKET-KERF-15_5
 10
71.12478316751915
 20
945.9346224166928
 30
0.0
 70
0
  0
SEQEND
  5
577
  8
POCKET-KERF-15_5
  0
POLYLINE
  5
57C
  8
POCKET-KERF-15_5
 66
1
 10
0.0
 20
0.0
 30
0.0
 70
1
  0
VERTEX
  5
57E
  8
POCKET-KERF-15_5
 10
160.40720898598653
 20
822.3335285820395
 30
0.0
 70
0
  0
VERTEX
  5
57F
  8
POCKET-KERF-15_5
 10
164.90466335497052
 20
826.3050401581156
 30
0.0
 70
0
  0
VERTEX
  5
580
  8
POCKET-KERF-15_5
 10
64.40510250829671
 20
940.1136443514391
 30
0.0
 70
0
  0
VERTEX
  5
581
  8
POCKET-KERF-15_5
 10
59.907648139312656
 20
936.1421327753629
 30
0.0
 70
0
  0
SEQEND
  5
57D
  8
POCKET-KERF-15_5
  0
POLYLINE
  5
582
  8
POCKET-KERF-15_5
 66
1
 10
0.0
 20
0.0
 30
0.0
 70
1
  0
VERTEX
  5
584
  8
POCKET-KERF-15_5
 10
371.85315738234857
 20
574.1307048082635
 30
0.0
 70
0
  0
VERTEX
  5
585
  8
POCKET-KERF-15_5
 10
376.27419898212315
 20
578.187106067146
 30
0.0
 70
0
  0
VERTEX
  5
586
  8
POCKET-KERF-15_5
 10
53.29998755926011
 20
930.1942999383608
 30
0.0
 70
0
  0
VERTEX
  5
587
  8
POCKET-KERF-15_5
 10
48.878945959485584
 20
926.1378986794783
 30
0.0
 70
0
  0
SEQEND
  5
583
  8
POCKET-KERF-15_5
  0
POLYLINE
  5
588
  8
POCKET-KERF-15_5
 66
1
 10
0.0
 20
0.0
 30
0.0
 70
1
  0
VERTEX
  5
58A
  8
POCKET-KERF-15_5
 10
142.80132440909426
 20
806.0247487602403
 30
0.0
 70
0
  0
VERTEX
  5
58B
  8
POCKET-KERF-15_5
 10
147.14435120529174
 20
810.1645698007578
 30
0.0
 70
0
  0
VERTEX
  5
58C
  8
POCKET-KERF-15_5
 10
42.3856998489524
 20
920.0653663620557
 30
0.0
 70
0
  0
VERTEX
  5
58D
  8
POCKET-KERF-15_5
 10
38.042673052755035
 20
915.9255453215382
 30
0.0
 70
0
  0
SEQEND
  5
589
  8
POCKET-KERF-15_5
  0
POLYLINE
  5
58E
  8
POCKET-KERF-15_5
 66
1
 10
0.0
 20
0.0
 30
0.0
 70
1
  0
VERTEX
  5
590
  8
POCKET-KERF-15_5
 10
363.5414376627293
 20
566.0500975503979
 30
0.0
 70
0
  0
VERTEX
  5
591
  8
POCKET-KERF-15_5
 10
367.80487589088034
 20
570.2718382429016
 30
0.0
 70
0
  0
VERTEX
  5
592
  8
POCKET-KERF-15_5
 10
31.666194342196857
 20
909.7305140018515
 30
0.0
 70
0
  0
VERTEX
  5
593
  8
POCKET-KERF-15_5
 10
27.40275611404584
 20
905.5087733093479
 30
0.0
 70
0
  0
SEQEND
  5
58F
  8
POCKET-KERF-15_5
  0
POLYLINE
  5
594
  8
CUT
 66
1
 10
0.0
 20
0.0
 30
0.0
 70
1
  0
VERTEX
  5
596
  8
CUT
 10
1302.1419807289758
 20
606.0709903644879
 30
0.0
 70
0
  0
VERTEX
  5
597
  8
CUT
 10
1302.063177037877
 20
611.3382361201492
 30
0.0
 70
0
  0
VERTEX
  5
598
  8
CUT
 10
1301.826836504557
 20
616.6007669775004
 30
0.0
 70
0
  0
VERTEX
  5
599
  8
CUT
 10
1301.4331706858013
 20
621.8538722587037
 30
0.0
 70
0
  0
VERTEX
  5
59A
  8
CUT
 10
1300.882531965833
 20
627.0928497230888
 30
0.0
 70
0
  0
VERTEX
  5
59B
  8
CUT
 10
1300.1754132408812
 20
632.3130097762945
 30
0.0
 70
0
  0
VERTEX
  5
59C
  8
CUT
 10
1299.3124474779718
 20
637.5096796680915
 30
0.0
 70
0
  0
VERTEX
  5
59D
  8
CUT
 10
1298.2944071483366
 20
642.678207675126
 30
0.0
 70
0
  0
VERTEX
  5
59E
  8
CUT
 10
1297.1222035359474
 20
647.8139672648424
 30
0.0
 70
0
  0
VERTEX
  5
59F
  8
CUT
 10
1295.7968859217917
 20
652.9123612368567
 30
0.0
 70
0
  0
VERTEX
  5
5A0
  8
CUT
 10
1294.3196406446261
 20
657.9688258380731
 30
0.0
 70
0
  0
VERTEX
  5
5A1
  8
CUT
 10
1292.6917900390415
 20
662.9788348478615
 30
0.0
 70
0
  0
VERTEX
  5
5A2
  8
CUT
 10
1290.9147912517947
 20
667.9379036296376
 30
0.0
 70
0
  0
VERTEX
  5
5A3
  8
CUT
 10
1288.9902349374643
 20
672.8415931452201
 30
0.0
 70
0
  0
VERTEX
  5
5A4
  8
CUT
 10
1286.9198438346
 20
677.6855139283713
 30
0.0
 70
0
  0
VERTEX
  5
5A5
  8
CUT
 10
1284.7054712236384
 20
682.4653300139635
 30
0.0
 70
0
  0
VERTEX
  5
5A6
  8
CUT
 10
1282.3490992679651
 20
687.1767628192553
 30
0.0
 70
0
  0
VERTEX
  5
5A7
  8
CUT
 10
1279.8528372396113
 20
691.8155949738025
 30
0.0
 70
0
  0
VERTEX
  5
5A8
  8
CUT
 10
1277.2189196311683
 20
696.377674094576
 30
0.0
 70
0
  0
VERTEX
  5
5A9
  8
CUT
 10
1274.449704155615
 20
700.8589165029066
 30
0.0
 70
0
  0
VERTEX
  5
5AA
  8
CUT
 10
1271.5476696358458
 20
705.2553108799307
 30
0.0
 70
0
  0
VERTEX
  5
5AB
  8
CUT
 10
1268.5154137857862
 20
709.562921857264
 30
0.0
 70
0
  0
VERTEX
  5
5AC
  8
CUT
 10
1265.35565088509
 20
713.7778935396893
 30
0.0
 70
0
  0
VERTEX
  5
5AD
  8
CUT
 10
1262.0712093494894
 20
717.8964529567045
 30
0.0
 70
0
  0
VERTEX
  5
5AE
  8
CUT
 10
1258.6650291989804
 20
721.9149134398425
 30
0.0
 70
0
  0
VERTEX
  5
5AF
  8
CUT
 10
1255.140159426107
 20
725.8296779227388
 30
0.0
 70
0
  0
VERTEX
  5
5B0
  8
CUT
 10
1251.4997552666996
 20
729.637242160993
 30
0.0
 70
0
  0
VERTEX
  5
5B1
  8
CUT
 10
1247.7470753755117
 20
733.3341978689419
 30
0.0
 70
0
  0
VERTEX
  5
5B2
  8
CUT
 10
1243.8854789092825
 20
736.9172357705372
 30
0.0
 70
0
  0
VERTEX
  5
5B3
  8
CUT
 10
1239.9184225198367
 20
740.3831485615955
 30
0.0
 70
0
  0
VERTEX
  5
5B4
  8
CUT
 10
1235.8494572599134
 20
743.7288337807696
 30
0.0
 70
0
  0
VERTEX
  5
5B5
  8
CUT
 10
1231.6822254044923
 20
746.9512965866725
 30
0.0
 70
0
  0
VERTEX
  5
5B6
  8
CUT
 10
1227.420457190465
 20
750.047652438665
 30
0.0
 70
0
  0
VERTEX
  5
5B7
  8
CUT
 10
1223.0679674775665
 20
753.0151296789106
 30
0.0
 70
0
  0
VERTEX
  5
5B8
  8
CUT
 10
1218.628652333561
 20
755.8510720133854
 30
0.0
 70
0
  0
VERTEX
  5
5B9
  8
CUT
 10
1214.1064855467318
 20
758.5529408896195
 30
0.0
 70
0
  0
VERTEX
  5
5BA
  8
CUT
 10
1209.505515068804
 20
761.1183177690467
 30
0.0
 70
0
  0
VERTEX
  5
5BB
  8
CUT
 10
1204.8298593914783
 20
763.5449062919231
 30
0.0
 70
0
  0
VERTEX
  5
5BC
  8
CUT
 10
1200.0837038598243
 20
765.8305343328807
 30
0.0
 70
0
  0
VERTEX
  5
5BD
  8
CUT
 10
1195.2712969258284
 20
767.9731559452733
 30
0.0
 70
0
  0
VERTEX
  5
5BE
  8
CUT
 10
1190.3969463454555
 20
769.9708531925763
 30
0.0
 70
0
  0
VERTEX
  5
5BF
  8
CUT
 10
1185.465015322623
 20
771.8218378651991
 30
0.0
 70
0
  0
VERTEX
  5
5C0
  8
CUT
 10
1180.4799186035423
 20
773.5244530811754
 30
0.0
 70
0
  0
VERTEX
  5
5C1
  8
CUT
 10
1175.4461185249236
 20
775.0771747692964
 30
0.0
 70
0
  0
VERTEX
  5
5C2
  8
CUT
 10
1170.36812101958
 20
776.4786130333617
 30
0.0
 70
0
  0
VERTEX
  5
5C3
  8
CUT
 10
1165.250471583007
 20
777.7275133963241
 30
0.0
 70
0
  0
VERTEX
  5
5C4
  8
CUT
 10
1160.097751204549
 20
778.8227579232162
 30
0.0
 70
0
  0
VERTEX
  5
5C5
  8
CUT
 10
1154.9145722667931
 20
779.7633662218542
 30
0.0
 70
0
  0
VERTEX
  5
5C6
  8
CUT
 10
1149.705574416862
 20
780.5484963204215
 30
0.0
 70
0
  0
VERTEX
  5
5C7
  8
CUT
 10
1144.4754204133017
 20
781.1774454211474
 30
0.0
 70
0
  0
VERTEX
  5
5C8
  8
CUT
 10
1139.2287919522805
 20
781.6496505294062
 30
0.0
 70
0
  0
VERTEX
  5
5C9
  8
CUT
 10
1133.970385476838
 20
781.964688957674
 30
0.0
 70
0
  0
VERTEX
  5
5CA
  8
CUT
 10
1128.7049079729309
 20
782.1222787038906
 30
0.0
 70
0
  0
VERTEX
  5
5CB
  8
CUT
 10
1123.437072756045
 20
782.1222787038906
 30
0.0
 70
0
  0
VERTEX
  5
5CC
  8
CUT
 10
1118.171595252138
 20
781.964688957674
 30
0.0
 70
0
  0
VERTEX
  5
5CD
  8
CUT
 10
1112.9131887766953
 20
781.6496505294062
 30
0.0
 70
0
  0
VERTEX
  5
5CE
  8
CUT
 10
1107.6665603156741
 20
781.1774454211475
 30
0.0
 70
0
  0
VERTEX
  5
5CF
  8
CUT
 10
1102.4364063121138
 20
780.5484963204215
 30
0.0
 70
0
  0
VERTEX
  5
5D0
  8
CUT
 10
1097.2274084621827
 20
779.7633662218542
 30
0.0
 70
0
  0
VERTEX
  5
5D1
  8
CUT
 10
1092.0442295244268
 20
778.8227579232162
 30
0.0
 70
0
  0
VERTEX
  5
5D2
  8
CUT
 10
1086.891509145969
 20
777.7275133963241
 30
0.0
 70
0
  0
VERTEX
  5
5D3
  8
CUT
 10
1081.7738597093958
 20
776.4786130333617
 30
0.0
 70
0
  0
VERTEX
  5
5D4
  8
CUT
 10
1076.6958622040522
 20
775.0771747692964
 30
0.0
 70
0
  0
VERTEX
  5
5D5
  8
CUT
 10
1071.6620621254335
 20
773.5244530811754
 30
0.0
 70
0
  0
VERTEX
  5
5D6
  8
CUT
 10
1066.6769654063528
 20
771.8218378651991
 30
0.0
 70
0
  0
VERTEX
  5
5D7
  8
CUT
 10
1061.7450343835203
 20
769.9708531925763
 30
0.0
 70
0
  0
VERTEX
  5
5D8
  8
CUT
 10
1056.8706838031474
 20
767.9731559452734
 30
0.0
 70
0
  0
VERTEX
  5
5D9
  8
CUT
 10
1052.0582768691515
 20
765.8305343328807
 30
0.0
 70
0
  0
VERTEX
  5
5DA
  8
CUT
 10
1047.3121213374975
 20
763.5449062919231
 30
0.0
 70
0
  0
VERTEX
  5
5DB
  8
CUT
 10
1042.6364656601718
 20
761.1183177690467
 30
0.0
 70
0
  0
VERTEX
  5
5DC
  8
CUT
 10
1038.035495182244
 20
758.5529408896195
 30
0.0
 70
0
  0
VERTEX
  5
5DD
  8
CUT
 10
1033.5133283954149
 20
755.8510720133854
 30
0.0
 70
0
  0
VERTEX
  5
5DE
  8
CUT
 10
1029.0740132514093
 20
753.0151296789106
 30
0.0
 70
0
  0
VERTEX
  5
5DF
  8
CUT
 10
1024.7215235385108
 20
750.047652438665
 30
0.0
 70
0
  0
VERTEX
  5
5E0
  8
CUT
 10
1020.4597553244834
 20
746.9512965866725
 30
0.0
 70
0
  0
VERTEX
  5
5E1
  8
CUT
 10
1016.2925234690624
 20
743.7288337807697
 30
0.0
 70
0
  0
VERTEX
  5
5E2
  8
CUT
 10
1012.2235582091391
 20
740.3831485615955
 30
0.0
 70
0
  0
VERTEX
  5
5E3
  8
CUT
 10
1008.2565018196934
 20
736.9172357705372
 30
0.0
 70
0
  0
VERTEX
  5
5E4
  8
CUT
 10
1004.3949053534642
 20
733.3341978689419
 30
0.0
 70
0
  0
VERTEX
  5
5E5
  8
CUT
 10
1000.6422254622762
 20
729.637242160993
 30
0.0
 70
0
  0
VERTEX
  5
5E6
  8
CUT
 10
997.0018213028687
 20
725.8296779227388
 30
0.0
 70
0
  0
VERTEX
  5
5E7
  8
CUT
 10
993.4769515299954
 20
721.9149134398425
 30
0.0
 70
0
  0
VERTEX
  5
5E8
  8
CUT
 10
990.0707713794864
 20
717.8964529567045
 30
0.0
 70
0
  0
VERTEX
  5
5E9
  8
CUT
 10
986.7863298438858
 20
713.7778935396893
 30
0.0
 70
0
  0
VERTEX
  5
5EA
  8
CUT
 10
983.6265669431896
 20
709.5629218572641
 30
0.0
 70
0
  0
VERTEX
  5
5EB
  8
CUT
 10
980.59431109313
 20
705.2553108799307
 30
0.0
 70
0
  0
VERTEX
  5
5EC
  8
CUT
 10
977.6922765733606
 20
700.8589165029066
 30
0.0
 70
0
  0
VERTEX
  5
5ED
  8
CUT
 10
974.9230610978075
 20
696.377674094576
 30
0.0
 70
0
  0
VERTEX
  5
5EE
  8
CUT
 10
972.2891434893645
 20
691.8155949738026
 30
0.0
 70
0
  0
VERTEX
  5
5EF
  8
CUT
 10
969.7928814610107
 20
687.1767628192553
 30
0.0
 70
0
  0
VERTEX
  5
5F0
  8
CUT
 10
967.4365095053375
 20
682.4653300139635
 30
0.0
 70
0
  0
VERTEX
  5
5F1
  8
CUT
 10
965.2221368943758
 20
677.6855139283713
 30
0.0
 70
0
  0
VERTEX
  5
5F2
  8
CUT
 10
963.1517457915116
 20
672.8415931452201
 30
0.0
 70
0
  0
VERTEX
  5
5F3
  8
CUT
 10
961.2271894771811
 20
667.9379036296377
 30
0.0
 70
0
  0
VERTEX
  5
5F4
  8
CUT
 10
959.4501906899342
 20
662.9788348478615
 30
0.0
 70
0
  0
VERTEX
  5
5F5
  8
CUT
 10
957.8223400843497
 20
657.9688258380731
 30
0.0
 70
0
  0
VERTEX
  5
5F6
  8
CUT
 10
956.3450948071841
 20
652.9123612368567
 30
0.0
 70
0
  0
VERTEX
  5
5F7
  8
CUT
 10
955.0197771930284
 20
647.8139672648424
 30
0.0
 70
0
  0
VERTEX
  5
5F8
  8
CUT
 10
953.847573580639
 20
642.678207675126
 30
0.0
 70
0
  0
VERTEX
  5
5F9
  8
CUT
 10
952.829533251004
 20
637.5096796680915
 30
0.0
 70
0
  0
VERTEX
  5
5FA
  8
CUT
 10
951.9665674880947
 20
632.3130097762945
 30
0.0
 70
0
  0
VERTEX
  5
5FB
  8
CUT
 10
951.2594487631428
 20
627.0928497230888
 30
0.0
 70
0
  0
VERTEX
  5
5FC
  8
CUT
 10
950.7088100431745
 20
621.8538722587037
 30
0.0
 70
0
  0
VERTEX
  5
5FD
  8
CUT
 10
950.3151442244188
 20
616.6007669775004
 30
0.0
 70
0
  0
VERTEX
  5
5FE
  8
CUT
 10
950.0788036910988
 20
611.3382361201492
 30
0.0
 70
0
  0
VERTEX
  5
5FF
  8
CUT
 10
950.0
 20
606.0709903644879
 30
0.0
 70
0
  0
VERTEX
  5
600
  8
CUT
 10
950.0788036910988
 20
600.8037446088266
 30
0.0
 70
0
  0
VERTEX
  5
601
  8
CUT
 10
950.3151442244188
 20
595.5412137514754
 30
0.0
 70
0
  0
VERTEX
  5
602
  8
CUT
 10
950.7088100431745
 20
590.2881084702722
 30
0.0
 70
0
  0
VERTEX
  5
603
  8
CUT
 10
951.2594487631428
 20
585.049131005887
 30
0.0
 70
0
  0
VERTEX
  5
604
  8
CUT
 10
951.9665674880947
 20
579.8289709526813
 30
0.0
 70
0
  0
VERTEX
  5
605
  8
CUT
 10
952.829533251004
 20
574.6323010608843
 30
0.0
 70
0
  0
VERTEX
  5
606
  8
CUT
 10
953.847573580639
 20
569.4637730538499
 30
0.0
 70
0
  0
VERTEX
  5
607
  8
CUT
 10
955.0197771930284
 20
564.3280134641334
 30
0.0
 70
0
  0
VERTEX
  5
608
  8
CUT
 10
956.3450948071841
 20
559.2296194921191
 30
0.0
 70
0
  0
VERTEX
  5
609
  8
CUT
 10
957.8223400843497
 20
554.1731548909027
 30
0.0
 70
0
  0
VERTEX
  5
60A
  8
CUT
 10
959.4501906899343
 20
549.1631458811142
 30
0.0
 70
0
  0
VERTEX
  5
60B
  8
CUT
 10
961.2271894771811
 20
544.2040770993382
 30
0.0
 70
0
  0
VERTEX
  5
60C
  8
CUT
 10
963.1517457915115
 20
539.3003875837558
 30
0.0
 70
0
  0
VERTEX
  5
60D
  8
CUT
 10
965.2221368943758
 20
534.4564668006045
 30
0.0
 70
0
  0
VERTEX
  5
60E
  8
CUT
 10
967.4365095053374
 20
529.6766507150123
 30
0.0
 70
0
  0
VERTEX
  5
60F
  8
CUT
 10
969.7928814610107
 20
524.9652179097205
 30
0.0
 70
0
  0
VERTEX
  5
610
  8
CUT
 10
972.2891434893645
 20
520.3263857551733
 30
0.0
 70
0
  0
VERTEX
  5
611
  8
CUT
 10
974.9230610978075
 20
515.7643066343999
 30
0.0
 70
0
  0
VERTEX
  5
612
  8
CUT
 10
977.6922765733606
 20
511.2830642260693
 30
0.0
 70
0
  0
VERTEX
  5
613
  8
CUT
 10
980.59431109313
 20
506.8866698490451
 30
0.0
 70
0
  0
VERTEX
  5
614
  8
CUT
 10
983.6265669431896
 20
502.5790588717118
 30
0.0
 70
0
  0
VERTEX
  5
615
  8
CUT
 10
986.7863298438857
 20
498.3640871892865
 30
0.0
 70
0
  0
VERTEX
  5
616
  8
CUT
 10
990.0707713794864
 20
494.2455277722714
 30
0.0
 70
0
  0
VERTEX
  5
617
  8
CUT
 10
993.4769515299953
 20
490.22706728913334
 30
0.0
 70
0
  0
VERTEX
  5
618
  8
CUT
 10
997.0018213028687
 20
486.31230280623697
 30
0.0
 70
0
  0
VERTEX
  5
619
  8
CUT
 10
1000.6422254622762
 20
482.5047385679828
 30
0.0
 70
0
  0
VERTEX
  5
61A
  8
CUT
 10
1004.3949053534642
 20
478.8077828600339
 30
0.0
 70
0
  0
VERTEX
  5
61B
  8
CUT
 10
1008.2565018196934
 20
475.2247449584386
 30
0.0
 70
0
  0
VERTEX
  5
61C
  8
CUT
 10
1012.2235582091391
 20
471.75883216738043
 30
0.0
 70
0
  0
VERTEX
  5
61D
  8
CUT
 10
1016.2925234690623
 20
468.4131469482062
 30
0.0
 70
0
  0
VERTEX
  5
61E
  8
CUT
 10
1020.4597553244834
 20
465.19068414230327
 30
0.0
 70
0
  0
VERTEX
  5
61F
  8
CUT
 10
1024.7215235385108
 20
462.0943282903109
 30
0.0
 70
0
  0
VERTEX
  5
620
  8
CUT
 10
1029.0740132514093
 20
459.1268510500651
 30
0.0
 70
0
  0
VERTEX
  5
621
  8
CUT
 10
1033.5133283954149
 20
456.2909087155904
 30
0.0
 70
0
  0
VERTEX
  5
622
  8
CUT
 10
1038.035495182244
 20
453.5890398393563
 30
0.0
 70
0
  0
VERTEX
  5
623
  8
CUT
 10
1042.6364656601718
 20
451.0236629599291
 30
0.0
 70
0
  0
VERTEX
  5
624
  8
CUT
 10
1047.3121213374975
 20
448.59707443705264
 30
0.0
 70
0
  0
VERTEX
  5
625
  8
CUT
 10
1052.0582768691515
 20
446.3114463960951
 30
0.0
 70
0
  0
VERTEX
  5
626
  8
CUT
 10
1056.8706838031474
 20
444.16882478370246
 30
0.0
 70
0
  0
VERTEX
  5
627
  8
CUT
 10
1061.7450343835203
 20
442.17112753639947
 30
0.0
 70
0
  0
VERTEX
  5
628
  8
CUT
 10
1066.6769654063528
 20
440.3201428637767
 30
0.0
 70
0
  0
VERTEX
  5
629
  8
CUT
 10
1071.6620621254335
 20
438.6175276478005
 30
0.0
 70
0
  0
VERTEX
  5
62A
  8
CUT
 10
1076.6958622040522
 20
437.06480595967935
 30
0.0
 70
0
  0
VERTEX
  5
62B
  8
CUT
 10
1081.7738597093958
 20
435.66336769561406
 30
0.0
 70
0
  0
VERTEX
  5
62C
  8
CUT
 10
1086.8915091459687
 20
434.4144673326517
 30
0.0
 70
0
  0
VERTEX
  5
62D
  8
CUT
 10
1092.0442295244266
 20
433.3192228057597
 30
0.0
 70
0
  0
VERTEX
  5
62E
  8
CUT
 10
1097.2274084621827
 20
432.3786145071216
 30
0.0
 70
0
  0
VERTEX
  5
62F
  8
CUT
 10
1102.4364063121136
 20
431.59348440855433
 30
0.0
 70
0
  0
VERTEX
  5
630
  8
CUT
 10
1107.6665603156741
 20
430.96453530782844
 30
0.0
 70
0
  0
VERTEX
  5
631
  8
CUT
 10
1112.9131887766953
 20
430.49233019956955
 30
0.0
 70
0
  0
VERTEX
  5
632
  8
CUT
 10
1118.1715952521379
 20
430.17729177130184
 30
0.0
 70
0
  0
VERTEX
  5
633
  8
CUT
 10
1123.437072756045
 20
430.01970202508517
 30
0.0
 70
0
  0
VERTEX
  5
634
  8
CUT
 10
1128.7049079729306
 20
430.01970202508517
 30
0.0
 70
0
  0
VERTEX
  5
635
  8
CUT
 10
1133.9703854768377
 20
430.17729177130184
 30
0.0
 70
0
  0
VERTEX
  5
636
  8
CUT
 10
1139.2287919522805
 20
430.49233019956955
 30
0.0
 70
0
  0
VERTEX
  5
637
  8
CUT
 10
1144.4754204133017
 20
430.9645353078284
 30
0.0
 70
0
  0
VERTEX
  5
638
  8
CUT
 10
1149.705574416862
 20
431.5934844085543
 30
0.0
 70
0
  0
VERTEX
  5
639
  8
CUT
 10
1154.9145722667931
 20
432.3786145071216
 30
0.0
 70
0
  0
VERTEX
  5
63A
  8
CUT
 10
1160.097751204549
 20
433.31922280575964
 30
0.0
 70
0
  0
VERTEX
  5
63B
  8
CUT
 10
1165.2504715830069
 20
434.4144673326517
 30
0.0
 70
0
  0
VERTEX
  5
63C
  8
CUT
 10
1170.36812101958
 20
435.66336769561406
 30
0.0
 70
0
  0
VERTEX
  5
63D
  8
CUT
 10
1175.4461185249236
 20
437.06480595967935
 30
0.0
 70
0
  0
VERTEX
  5
63E
  8
CUT
 10
1180.4799186035423
 20
438.61752764780044
 30
0.0
 70
0
  0
VERTEX
  5
63F
  8
CUT
 10
1185.465015322623
 20
440.3201428637767
 30
0.0
 70
0
  0
VERTEX
  5
640
  8
CUT
 10
1190.3969463454555
 20
442.17112753639947
 30
0.0
 70
0
  0
VERTEX
  5
641
  8
CUT
 10
1195.2712969258284
 20
444.1688247837024
 30
0.0
 70
0
  0
VERTEX
  5
642
  8
CUT
 10
1200.083703859824
 20
446.311446396095
 30
0.0
 70
0
  0
VERTEX
  5
643
  8
CUT
 10
1204.8298593914785
 20
448.5970744370527
 30
0.0
 70
0
  0
VERTEX
  5
644
  8
CUT
 10
1209.505515068804
 20
451.0236629599291
 30
0.0
 70
0
  0
VERTEX
  5
645
  8
CUT
 10
1214.1064855467316
 20
453.5890398393562
 30
0.0
 70
0
  0
VERTEX
  5
646
  8
CUT
 10
1218.628652333561
 20
456.29090871559043
 30
0.0
 70
0
  0
VERTEX
  5
647
  8
CUT
 10
1223.0679674775665
 20
459.12685105006506
 30
0.0
 70
0
  0
VERTEX
  5
648
  8
CUT
 10
1227.4204571904647
 20
462.0943282903107
 30
0.0
 70
0
  0
VERTEX
  5
649
  8
CUT
 10
1231.6822254044926
 20
465.1906841423033
 30
0.0
 70
0
  0
VERTEX
  5
64A
  8
CUT
 10
1235.8494572599134
 20
468.4131469482061
 30
0.0
 70
0
  0
VERTEX
  5
64B
  8
CUT
 10
1239.9184225198367
 20
471.7588321673802
 30
0.0
 70
0
  0
VERTEX
  5
64C
  8
CUT
 10
1243.8854789092825
 20
475.2247449584386
 30
0.0
 70
0
  0
VERTEX
  5
64D
  8
CUT
 10
1247.7470753755115
 20
478.80778286003385
 30
0.0
 70
0
  0
VERTEX
  5
64E
  8
CUT
 10
1251.4997552666996
 20
482.5047385679828
 30
0.0
 70
0
  0
VERTEX
  5
64F
  8
CUT
 10
1255.1401594261072
 20
486.312302806237
 30
0.0
 70
0
  0
VERTEX
  5
650
  8
CUT
 10
1258.6650291989804
 20
490.2270672891333
 30
0.0
 70
0
  0
VERTEX
  5
651
  8
CUT
 10
1262.0712093494892
 20
494.2455277722712
 30
0.0
 70
0
  0
VERTEX
  5
652
  8
CUT
 10
1265.35565088509
 20
498.3640871892866
 30
0.0
 70
0
  0
VERTEX
  5
653
  8
CUT
 10
1268.5154137857862
 20
502.5790588717117
 30
0.0
 70
0
  0
VERTEX
  5
654
  8
CUT
 10
1271.5476696358455
 20
506.886669849045
 30
0.0
 70
0
  0
VERTEX
  5
655
  8
CUT
 10
1274.4497041556153
 20
511.2830642260693
 30
0.0
 70
0
  0
VERTEX
  5
656
  8
CUT
 10
1277.2189196311683
 20
515.7643066343998
 30
0.0
 70
0
  0
VERTEX
  5
657
  8
CUT
 10
1279.8528372396113
 20
520.3263857551731
 30
0.0
 70
0
  0
VERTEX
  5
658
  8
CUT
 10
1282.3490992679651
 20
524.9652179097205
 30
0.0
 70
0
  0
VERTEX
  5
659
  8
CUT
 10
1284.7054712236384
 20
529.6766507150123
 30
0.0
 70
0
  0
VERTEX
  5
65A
  8
CUT
 10
1286.9198438346
 20
534.4564668006044
 30
0.0
 70
0
  0
VERTEX
  5
65B
  8
CUT
 10
1288.9902349374643
 20
539.3003875837555
 30
0.0
 70
0
  0
VERTEX
  5
65C
  8
CUT
 10
1290.9147912517947
 20
544.2040770993382
 30
0.0
 70
0
  0
VERTEX
  5
65D
  8
CUT
 10
1292.6917900390415
 20
549.1631458811142
 30
0.0
 70
0
  0
VERTEX
  5
65E
  8
CUT
 10
1294.3196406446261
 20
554.1731548909027
 30
0.0
 70
0
  0
VERTEX
  5
65F
  8
CUT
 10
1295.7968859217917
 20
559.229619492119
 30
0.0
 70
0
  0
VERTEX
  5
660
  8
CUT
 10
1297.1222035359474
 20
564.3280134641333
 30
0.0
 70
0
  0
VERTEX
  5
661
  8
CUT
 10
1298.2944071483366
 20
569.4637730538498
 30
0.0
 70
0
  0
VERTEX
  5
662
  8
CUT
 10
1299.3124474779718
 20
574.6323010608842
 30
0.0
 70
0
  0
VERTEX
  5
663
  8
CUT
 10
1300.1754132408812
 20
579.8289709526813
 30
0.0
 70
0
  0
VERTEX
  5
664
  8
CUT
 10
1300.882531965833
 20
585.0491310058871
 30
0.0
 70
0
  0
VERTEX
  5
665
  8
CUT
 10
1301.4331706858013
 20
590.288108470272
 30
0.0
 70
0
  0
VERTEX
  5
666
  8
CUT
 10
1301.826836504557
 20
595.5412137514753
 30
0.0
 70
0
  0
VERTEX
  5
667
  8
CUT
 10
1302.063177037877
 20
600.8037446088266
 30
0.0
 70
0
  0
SEQEND
  5
595
  8
CUT
  0
POLYLINE
  5
668
  8
CUT
 66
1
 10
0.0
 20
0.0
 30
0.0
 70
1
  0
VERTEX
  5
66A
  8
CUT
 10
1013.1700067694936
 20
599.770990364488
 30
0.0
 70
0
  0
VERTEX
  5
66B
  8
CUT
 10
1012.4897978429241
 20
599.6978603355957
 30
0.0
 70
0
  0
VERTEX
  5
66C
  8
CUT
 10
1011.8406787278876
 20
599.4818127496223
 30
0.0
 70
0
  0
VERTEX
  5
66D
  8
CUT
 10
1011.2523182366573
 20
599.1327223354459
 30
0.0
 70
0
  0
VERTEX
  5
66E
  8
CUT
 10
1010.7516081315599
 20
598.6665447131128
 30
0.0
 70
0
  0
VERTEX
  5
66F
  8
CUT
 10
1010.3614340028784
 20
598.1045871219922
 30
0.0
 70
0
  0
VERTEX
  5
670
  8
CUT
 10
1010.0996292539272
 20
597.4725345463805
 30
0.0
 70
0
  0
VERTEX
  5
671
  8
CUT
 10
1009.9781600027408
 20
596.7992757507254
 30
0.0
 70
0
  0
VERTEX
  5
672
  8
CUT
 10
1010.0025781554746
 20
596.1155828820134
 30
0.0
 70
0
  0
VERTEX
  5
673
  8
CUT
 10
1010.1717676494943
 20
595.4527049897707
 30
0.0
 70
0
  0
VERTEX
  5
674
  8
CUT
 10
1010.4779954644338
 20
594.8409397486299
 30
0.0
 70
0
  0
VERTEX
  5
675
  8
CUT
 10
1010.9072650696967
 20
594.308248664691
 30
0.0
 70
0
  0
VERTEX
  5
676
  8
CUT
 10
1011.4399561536356
 20
593.878979059428
 30
0.0
 70
0
  0
VERTEX
  5
677
  8
CUT
 10
1012.0517213947765
 20
593.5727512444886
 30
0.0
 70
0
  0
VERTEX
  5
678
  8
CUT
 10
1012.7145992870192
 20
593.4035617504688
 30
0.0
 70
0
  0
VERTEX
  5
679
  8
CUT
 10
1013.3982921557312
 20
593.379143597735
 30
0.0
 70
0
  0
VERTEX
  5
67A
  8
CUT
 10
1014.0715509513863
 20
593.5006128489215
 30
0.0
 70
0
  0
VERTEX
  5
67B
  8
CUT
 10
1014.7036035269979
 20
593.7624175978726
 30
0.0
 70
0
  0
VERTEX
  5
67C
  8
CUT
 10
1015.2655611181185
 20
594.1525917265542
 30
0.0
 70
0
  0
VERTEX
  5
67D
  8
CUT
 10
1015.7317387404516
 20
594.6533018316516
 30
0.0
 70
0
  0
VERTEX
  5
67E
  8
CUT
 10
1016.0808291546281
 20
595.2416623228819
 30
0.0
 70
0
  0
VERTEX
  5
67F
  8
CUT
 10
1016.2968767406014
 20
595.8907814379183
 30
0.0
 70
0
  0
VERTEX
  5
680
  8
CUT
 10
1016.3700067694937
 20
596.5709903644879
 30
0.0
 70
0
  0
VERTEX
  5
681
  8
CUT
 10
1050.9700067694937
 20
596.5709903644879
 30
0.0
 70
0
  0
VERTEX
  5
682
  8
CUT
 10
1051.043136798386
 20
595.8907814379183
 30
0.0
 70
0
  0
VERTEX
  5
683
  8
CUT
 10
1051.2591843843593
 20
595.2416623228819
 30
0.0
 70
0
  0
VERTEX
  5
684
  8
CUT
 10
1051.6082747985358
 20
594.6533018316516
 30
0.0
 70
0
  0
VERTEX
  5
685
  8
CUT
 10
1052.0744524208687
 20
594.1525917265542
 30
0.0
 70
0
  0
VERTEX
  5
686
  8
CUT
 10
1052.6364100119895
 20
593.7624175978726
 30
0.0
 70
0
  0
VERTEX
  5
687
  8
CUT
 10
1053.268462587601
 20
593.5006128489215
 30
0.0
 70
0
  0
VERTEX
  5
688
  8
CUT
 10
1053.9417213832562
 20
593.379143597735
 30
0.0
 70
0
  0
VERTEX
  5
689
  8
CUT
 10
1054.6254142519683
 20
593.4035617504688
 30
0.0
 70
0
  0
VERTEX
  5
68A
  8
CUT
 10
1055.2882921442108
 20
593.5727512444886
 30
0.0
 70
0
  0
VERTEX
  5
68B
  8
CUT
 10
1055.9000573853516
 20
593.878979059428
 30
0.0
 70
0
  0
VERTEX
  5
68C
  8
CUT
 10
1056.4327484692908
 20
594.308248664691
 30
0.0
 70
0
  0
VERTEX
  5
68D
  8
CUT
 10
1056.8620180745536
 20
594.8409397486299
 30
0.0
 70
0
  0
VERTEX
  5
68E
  8
CUT
 10
1057.168245889493
 20
595.4527049897707
 30
0.0
 70
0
  0
VERTEX
  5
68F
  8
CUT
 10
1057.3374353835127
 20
596.1155828820134
 30
0.0
 70
0
  0
VERTEX
  5
690
  8
CUT
 10
1057.3618535362466
 20
596.7992757507254
 30
0.0
 70
0
  0
VERTEX
  5
691
  8
CUT
 10
1057.2403842850601
 20
597.4725345463805
 30
0.0
 70
0
  0
VERTEX
  5
692
  8
CUT
 10
1056.978579536109
 20
598.1045871219922
 30
0.0
 70
0
  0
VERTEX
  5
693
  8
CUT
 10
1056.5884054074274
 20
598.6665447131128
 30
0.0
 70
0
  0
VERTEX
  5
694
  8
CUT
 10
1056.08769530233
 20
599.1327223354459
 30
0.0
 70
0
  0
VERTEX
  5
695
  8
CUT
 10
1055.4993348110997
 20
599.4818127496223
 30
0.0
 70
0
  0
VERTEX
  5
696
  8
CUT
 10
1054.8502156960633
 20
599.6978603355957
 30
0.0
 70
0
  0
VERTEX
  5
697
  8
CUT
 10
1054.1700067694937
 20
599.770990364488
 30
0.0
 70
0
  0
VERTEX
  5
698
  8
CUT
 10
1054.1700067694937
 20
612.370990364488
 30
0.0
 70
0
  0
VERTEX
  5
699
  8
CUT
 10
1054.8502156960633
 20
612.4441203933803
 30
0.0
 70
0
  0
VERTEX
  5
69A
  8
CUT
 10
1055.4993348110997
 20
612.6601679793536
 30
0.0
 70
0
  0
VERTEX
  5
69B
  8
CUT
 10
1056.08769530233
 20
613.0092583935301
 30
0.0
 70
0
  0
VERTEX
  5
69C
  8
CUT
 10
1056.5884054074274
 20
613.4754360158631
 30
0.0
 70
0
  0
VERTEX
  5
69D
  8
CUT
 10
1056.978579536109
 20
614.0373936069839
 30
0.0
 70
0
  0
VERTEX
  5
69E
  8
CUT
 10
1057.2403842850601
 20
614.6694461825955
 30
0.0
 70
0
  0
VERTEX
  5
69F
  8
CUT
 10
1057.3618535362466
 20
615.3427049782505
 30
0.0
 70
0
  0
VERTEX
  5
6A0
  8
CUT
 10
1057.3374353835127
 20
616.0263978469625
 30
0.0
 70
0
  0
VERTEX
  5
6A1
  8
CUT
 10
1057.168245889493
 20
616.6892757392051
 30
0.0
 70
0
  0
VERTEX
  5
6A2
  8
CUT
 10
1056.8620180745536
 20
617.3010409803459
 30
0.0
 70
0
  0
VERTEX
  5
6A3
  8
CUT
 10
1056.4327484692906
 20
617.833732064285
 30
0.0
 70
0
  0
VERTEX
  5
6A4
  8
CUT
 10
1055.9000573853516
 20
618.2630016695477
 30
0.0
 70
0
  0
VERTEX
  5
6A5
  8
CUT
 10
1055.2882921442108
 20
618.5692294844872
 30
0.0
 70
0
  0
VERTEX
  5
6A6
  8
CUT
 10
1054.6254142519683
 20
618.738418978507
 30
0.0
 70
0
  0
VERTEX
  5
6A7
  8
CUT
 10
1053.9417213832562
 20
618.7628371312408
 30
0.0
 70
0
  0
VERTEX
  5
6A8
  8
CUT
 10
1053.268462587601
 20
618.6413678800544
 30
0.0
 70
0
  0
VERTEX
  5
6A9
  8
CUT
 10
1052.6364100119895
 20
618.3795631311032
 30
0.0
 70
0
  0
VERTEX
  5
6AA
  8
CUT
 10
1052.0744524208687
 20
617.9893890024216
 30
0.0
 70
0
  0
VERTEX
  5
6AB
  8
CUT
 10
1051.6082747985358
 20
617.4886788973243
 30
0.0
 70
0
  0
VERTEX
  5
6AC
  8
CUT
 10
1051.2591843843593
 20
616.900318406094
 30
0.0
 70
0
  0
VERTEX
  5
6AD
  8
CUT
 10
1051.043136798386
 20
616.2511992910576
 30
0.0
 70
0
  0
VERTEX
  5
6AE
  8
CUT
 10
1050.9700067694937
 20
615.5709903644879
 30
0.0
 70
0
  0
VERTEX
  5
6AF
  8
CUT
 10
1016.3700067694937
 20
615.5709903644879
 30
0.0
 70
0
  0
VERTEX
  5
6B0
  8
CUT
 10
1016.2968767406014
 20
616.2511992910574
 30
0.0
 70
0
  0
VERTEX
  5
6B1
  8
CUT
 10
1016.0808291546282
 20
616.9003184060939
 30
0.0
 70
0
  0
VERTEX
  5
6B2
  8
CUT
 10
1015.7317387404518
 20
617.4886788973242
 30
0.0
 70
0
  0
VERTEX
  5
6B3
  8
CUT
 10
1015.2655611181187
 20
617.9893890024216
 30
0.0
 70
0
  0
VERTEX
  5
6B4
  8
CUT
 10
1014.703603526998
 20
618.3795631311032
 30
0.0
 70
0
  0
VERTEX
  5
6B5
  8
CUT
 10
1014.0715509513864
 20
618.6413678800543
 30
0.0
 70
0
  0
VERTEX
  5
6B6
  8
CUT
 10
1013.3982921557314
 20
618.7628371312408
 30
0.0
 70
0
  0
VERTEX
  5
6B7
  8
CUT
 10
1012.7145992870194
 20
618.738418978507
 30
0.0
 70
0
  0
VERTEX
  5
6B8
  8
CUT
 10
1012.0517213947768
 20
618.5692294844873
 30
0.0
 70
0
  0
VERTEX
  5
6B9
  8
CUT
 10
1011.4399561536359
 20
618.2630016695479
 30
0.0
 70
0
  0
VERTEX
  5
6BA
  8
CUT
 10
1010.9072650696969
 20
617.8337320642851
 30
0.0
 70
0
  0
VERTEX
  5
6BB
  8
CUT
 10
1010.477995464434
 20
617.301040980346
 30
0.0
 70
0
  0
VERTEX
  5
6BC
  8
CUT
 10
1010.1717676494945
 20
616.6892757392052
 30
0.0
 70
0
  0
VERTEX
  5
6BD
  8
CUT
 10
1010.0025781554748
 20
616.0263978469626
 30
0.0
 70
0
  0
VERTEX
  5
6BE
  8
CUT
 10
1009.9781600027409
 20
615.3427049782506
 30
0.0
 70
0
  0
VERTEX
  5
6BF
  8
CUT
 10
1010.0996292539273
 20
614.6694461825955
 30
0.0
 70
0
  0
VERTEX
  5
6C0
  8
CUT
 10
1010.3614340028785
 20
614.037393606984
 30
0.0
 70
0
  0
VERTEX
  5
6C1
  8
CUT
 10
1010.75160813156
 20
613.4754360158632
 30
0.0
 70
0
  0
VERTEX
  5
6C2
  8
CUT
 10
1011.2523182366573
 20
613.0092583935301
 30
0.0
 70
0
  0
VERTEX
  5
6C3
  8
CUT
 10
1011.8406787278876
 20
612.6601679793536
 30
0.0
 70
0
  0
VERTEX
  5
6C4
  8
CUT
 10
1012.4897978429241
 20
612.4441203933803
 30
0.0
 70
0
  0
VERTEX
  5
6C5
  8
CUT
 10
1013.1700067694936
 20
612.370990364488
 30
0.0
 70
0
  0
SEQEND
  5
669
  8
CUT
  0
POLYLINE
  5
6C6
  8
CUT
 66
1
 10
0.0
 20
0.0
 30
0.0
 70
1
  0
VERTEX
  5
6C8
  8
CUT
 10
1197.9719739594823
 20
599.770990364488
 30
0.0
 70
0
  0
VERTEX
  5
6C9
  8
CUT
 10
1197.2917650329127
 20
599.6978603355956
 30
0.0
 70
0
  0
VERTEX
  5
6CA
  8
CUT
 10
1196.6426459178763
 20
599.4818127496223
 30
0.0
 70
0
  0
VERTEX
  5
6CB
  8
CUT
 10
1196.054285426646
 20
599.1327223354458
 30
0.0
 70
0
  0
VERTEX
  5
6CC
  8
CUT
 10
1195.5535753215488
 20
598.6665447131127
 30
0.0
 70
0
  0
VERTEX
  5
6CD
  8
CUT
 10
1195.1634011928672
 20
598.1045871219919
 30
0.0
 70
0
  0
VERTEX
  5
6CE
  8
CUT
 10
1194.901596443916
 20
597.4725345463803
 30
0.0
 70
0
  0
VERTEX
  5
6CF
  8
CUT
 10
1194.7801271927297
 20
596.7992757507252
 30
0.0
 70
0
  0
VERTEX
  5
6D0
  8
CUT
 10
1194.8045453454636
 20
596.1155828820132
 30
0.0
 70
0
  0
VERTEX
  5
6D1
  8
CUT
 10
1194.9737348394833
 20
595.4527049897706
 30
0.0
 70
0
  0
VERTEX
  5
6D2
  8
CUT
 10
1195.279962654423
 20
594.8409397486298
 30
0.0
 70
0
  0
VERTEX
  5
6D3
  8
CUT
 10
1195.7092322596857
 20
594.3082486646907
 30
0.0
 70
0
  0
VERTEX
  5
6D4
  8
CUT
 10
1196.2419233436249
 20
593.8789790594279
 30
0.0
 70
0
  0
VERTEX
  5
6D5
  8
CUT
 10
1196.8536885847657
 20
593.5727512444886
 30
0.0
 70
0
  0
VERTEX
  5
6D6
  8
CUT
 10
1197.5165664770082
 20
593.4035617504688
 30
0.0
 70
0
  0
VERTEX
  5
6D7
  8
CUT
 10
1198.2002593457203
 20
593.379143597735
 30
0.0
 70
0
  0
VERTEX
  5
6D8
  8
CUT
 10
1198.8735181413754
 20
593.5006128489215
 30
0.0
 70
0
  0
VERTEX
  5
6D9
  8
CUT
 10
1199.505570716987
 20
593.7624175978727
 30
0.0
 70
0
  0
VERTEX
  5
6DA
  8
CUT
 10
1200.0675283081075
 20
594.1525917265544
 30
0.0
 70
0
  0
VERTEX
  5
6DB
  8
CUT
 10
1200.5337059304406
 20
594.6533018316518
 30
0.0
 70
0
  0
VERTEX
  5
6DC
  8
CUT
 10
1200.8827963446172
 20
595.241662322882
 30
0.0
 70
0
  0
VERTEX
  5
6DD
  8
CUT
 10
1201.0988439305904
 20
595.8907814379186
 30
0.0
 70
0
  0
VERTEX
  5
6DE
  8
CUT
 10
1201.1719739594823
 20
596.5709903644879
 30
0.0
 70
0
  0
VERTEX
  5
6DF
  8
CUT
 10
1235.7719739594822
 20
596.5709903644879
 30
0.0
 70
0
  0
VERTEX
  5
6E0
  8
CUT
 10
1235.8451039883744
 20
595.8907814379183
 30
0.0
 70
0
  0
VERTEX
  5
6E1
  8
CUT
 10
1236.0611515743476
 20
595.2416623228819
 30
0.0
 70
0
  0
VERTEX
  5
6E2
  8
CUT
 10
1236.4102419885241
 20
594.6533018316516
 30
0.0
 70
0
  0
VERTEX
  5
6E3
  8
CUT
 10
1236.876419610857
 20
594.1525917265542
 30
0.0
 70
0
  0
VERTEX
  5
6E4
  8
CUT
 10
1237.4383772019778
 20
593.7624175978726
 30
0.0
 70
0
  0
VERTEX
  5
6E5
  8
CUT
 10
1238.0704297775894
 20
593.5006128489215
 30
0.0
 70
0
  0
VERTEX
  5
6E6
  8
CUT
 10
1238.7436885732445
 20
593.379143597735
 30
0.0
 70
0
  0
VERTEX
  5
6E7
  8
CUT
 10
1239.4273814419566
 20
593.4035617504688
 30
0.0
 70
0
  0
VERTEX
  5
6E8
  8
CUT
 10
1240.0902593341991
 20
593.5727512444886
 30
0.0
 70
0
  0
VERTEX
  5
6E9
  8
CUT
 10
1240.70202457534
 20
593.878979059428
 30
0.0
 70
0
  0
VERTEX
  5
6EA
  8
CUT
 10
1241.2347156592791
 20
594.308248664691
 30
0.0
 70
0
  0
VERTEX
  5
6EB
  8
CUT
 10
1241.663985264542
 20
594.8409397486299
 30
0.0
 70
0
  0
VERTEX
  5
6EC
  8
CUT
 10
1241.9702130794813
 20
595.4527049897707
 30
0.0
 70
0
  0
VERTEX
  5
6ED
  8
CUT
 10
1242.139402573501
 20
596.1155828820134
 30
0.0
 70
0
  0
VERTEX
  5
6EE
  8
CUT
 10
1242.163820726235
 20
596.7992757507254
 30
0.0
 70
0
  0
VERTEX
  5
6EF
  8
CUT
 10
1242.0423514750485
 20
597.4725345463805
 30
0.0
 70
0
  0
VERTEX
  5
6F0
  8
CUT
 10
1241.7805467260973
 20
598.1045871219922
 30
0.0
 70
0
  0
VERTEX
  5
6F1
  8
CUT
 10
1241.3903725974158
 20
598.6665447131128
 30
0.0
 70
0
  0
VERTEX
  5
6F2
  8
CUT
 10
1240.8896624923184
 20
599.1327223354459
 30
0.0
 70
0
  0
VERTEX
  5
6F3
  8
CUT
 10
1240.301302001088
 20
599.4818127496223
 30
0.0
 70
0
  0
VERTEX
  5
6F4
  8
CUT
 10
1239.6521828860516
 20
599.6978603355957
 30
0.0
 70
0
  0
VERTEX
  5
6F5
  8
CUT
 10
1238.9719739594823
 20
599.770990364488
 30
0.0
 70
0
  0
VERTEX
  5
6F6
  8
CUT
 10
1238.9719739594823
 20
612.370990364488
 30
0.0
 70
0
  0
VERTEX
  5
6F7
  8
CUT
 10
1239.6521828860518
 20
612.4441203933803
 30
0.0
 70
0
  0
VERTEX
  5
6F8
  8
CUT
 10
1240.3013020010883
 20
612.6601679793537
 30
0.0
 70
0
  0
VERTEX
  5
6F9
  8
CUT
 10
1240.8896624923186
 20
613.0092583935302
 30
0.0
 70
0
  0
VERTEX
  5
6FA
  8
CUT
 10
1241.3903725974158
 20
613.4754360158632
 30
0.0
 70
0
  0
VERTEX
  5
6FB
  8
CUT
 10
1241.7805467260973
 20
614.037393606984
 30
0.0
 70
0
  0
VERTEX
  5
6FC
  8
CUT
 10
1242.0423514750485
 20
614.6694461825956
 30
0.0
 70
0
  0
VERTEX
  5
6FD
  8
CUT
 10
1242.163820726235
 20
615.3427049782507
 30
0.0
 70
0
  0
VERTEX
  5
6FE
  8
CUT
 10
1242.139402573501
 20
616.0263978469627
 30
0.0
 70
0
  0
VERTEX
  5
6FF
  8
CUT
 10
1241.9702130794813
 20
616.6892757392053
 30
0.0
 70
0
  0
VERTEX
  5
700
  8
CUT
 10
1241.6639852645417
 20
617.3010409803461
 30
0.0
 70
0
  0
VERTEX
  5
701
  8
CUT
 10
1241.234715659279
 20
617.8337320642851
 30
0.0
 70
0
  0
VERTEX
  5
702
  8
CUT
 10
1240.7020245753397
 20
618.2630016695479
 30
0.0
 70
0
  0
VERTEX
  5
703
  8
CUT
 10
1240.090259334199
 20
618.5692294844873
 30
0.0
 70
0
  0
VERTEX
  5
704
  8
CUT
 10
1239.4273814419564
 20
618.7384189785071
 30
0.0
 70
0
  0
VERTEX
  5
705
  8
CUT
 10
1238.7436885732443
 20
618.7628371312408
 30
0.0
 70
0
  0
VERTEX
  5
706
  8
CUT
 10
1238.0704297775892
 20
618.6413678800543
 30
0.0
 70
0
  0
VERTEX
  5
707
  8
CUT
 10
1237.4383772019776
 20
618.379563131103
 30
0.0
 70
0
  0
VERTEX
  5
708
  8
CUT
 10
1236.876419610857
 20
617.9893890024215
 30
0.0
 70
0
  0
VERTEX
  5
709
  8
CUT
 10
1236.410241988524
 20
617.4886788973241
 30
0.0
 70
0
  0
VERTEX
  5
70A
  8
CUT
 10
1236.0611515743476
 20
616.9003184060938
 30
0.0
 70
0
  0
VERTEX
  5
70B
  8
CUT
 10
1235.8451039883744
 20
616.2511992910573
 30
0.0
 70
0
  0
VERTEX
  5
70C
  8
CUT
 10
1235.7719739594822
 20
615.5709903644879
 30
0.0
 70
0
  0
VERTEX
  5
70D
  8
CUT
 10
1201.1719739594823
 20
615.5709903644879
 30
0.0
 70
0
  0
VERTEX
  5
70E
  8
CUT
 10
1201.0988439305902
 20
616.2511992910574
 30
0.0
 70
0
  0
VERTEX
  5
70F
  8
CUT
 10
1200.882796344617
 20
616.9003184060939
 30
0.0
 70
0
  0
VERTEX
  5
710
  8
CUT
 10
1200.5337059304404
 20
617.4886788973242
 30
0.0
 70
0
  0
VERTEX
  5
711
  8
CUT
 10
1200.0675283081075
 20
617.9893890024216
 30
0.0
 70
0
  0
VERTEX
  5
712
  8
CUT
 10
1199.5055707169868
 20
618.3795631311032
 30
0.0
 70
0
  0
VERTEX
  5
713
  8
CUT
 10
1198.8735181413751
 20
618.6413678800543
 30
0.0
 70
0
  0
VERTEX
  5
714
  8
CUT
 10
1198.2002593457203
 20
618.7628371312408
 30
0.0
 70
0
  0
VERTEX
  5
715
  8
CUT
 10
1197.5165664770082
 20
618.738418978507
 30
0.0
 70
0
  0
VERTEX
  5
716
  8
CUT
 10
1196.8536885847655
 20
618.5692294844873
 30
0.0
 70
0
  0
VERTEX
  5
717
  8
CUT
 10
1196.2419233436246
 20
618.2630016695479
 30
0.0
 70
0
  0
VERTEX
  5
718
  8
CUT
 10
1195.7092322596857
 20
617.8337320642851
 30
0.0
 70
0
  0
VERTEX
  5
719
  8
CUT
 10
1195.279962654423
 20
617.301040980346
 30
0.0
 70
0
  0
VERTEX
  5
71A
  8
CUT
 10
1194.9737348394833
 20
616.6892757392052
 30
0.0
 70
0
  0
VERTEX
  5
71B
  8
CUT
 10
1194.8045453454636
 20
616.0263978469626
 30
0.0
 70
0
  0
VERTEX
  5
71C
  8
CUT
 10
1194.7801271927297
 20
615.3427049782506
 30
0.0
 70
0
  0
VERTEX
  5
71D
  8
CUT
 10
1194.901596443916
 20
614.6694461825955
 30
0.0
 70
0
  0
VERTEX
  5
71E
  8
CUT
 10
1195.1634011928672
 20
614.037393606984
 30
0.0
 70
0
  0
VERTEX
  5
71F
  8
CUT
 10
1195.5535753215488
 20
613.4754360158632
 30
0.0
 70
0
  0
VERTEX
  5
720
  8
CUT
 10
1196.0542854266462
 20
613.0092583935301
 30
0.0
 70
0
  0
VERTEX
  5
721
  8
CUT
 10
1196.6426459178763
 20
612.6601679793536
 30
0.0
 70
0
  0
VERTEX
  5
722
  8
CUT
 10
1197.291765032913
 20
612.4441203933803
 30
0.0
 70
0
  0
VERTEX
  5
723
  8
CUT
 10
1197.9719739594823
 20
612.370990364488
 30
0.0
 70
0
  0
SEQEND
  5
6C7
  8
CUT
  0
POLYLINE
  5
724
  8
CUT
 66
1
 10
0.0
 20
0.0
 30
0.0
 70
1
  0
VERTEX
  5
726
  8
CUT
 10
1132.3709903644879
 20
493.1700067694937
 30
0.0
 70
0
  0
VERTEX
  5
727
  8
CUT
 10
1132.4441203933802
 20
492.48979784292413
 30
0.0
 70
0
  0
VERTEX
  5
728
  8
CUT
 10
1132.6601679793534
 20
491.8406787278876
 30
0.0
 70
0
  0
VERTEX
  5
729
  8
CUT
 10
1133.00925839353
 20
491.25231823665735
 30
0.0
 70
0
  0
VERTEX
  5
72A
  8
CUT
 10
1133.475436015863
 20
490.75160813156003
 30
0.0
 70
0
  0
VERTEX
  5
72B
  8
CUT
 10
1134.0373936069836
 20
490.3614340028784
 30
0.0
 70
0
  0
VERTEX
  5
72C
  8
CUT
 10
1134.6694461825953
 20
490.0996292539272
 30
0.0
 70
0
  0
VERTEX
  5
72D
  8
CUT
 10
1135.3427049782504
 20
489.9781600027408
 30
0.0
 70
0
  0
VERTEX
  5
72E
  8
CUT
 10
1136.0263978469623
 20
490.0025781554746
 30
0.0
 70
0
  0
VERTEX
  5
72F
  8
CUT
 10
1136.689275739205
 20
490.17176764949437
 30
0.0
 70
0
  0
VERTEX
  5
730
  8
CUT
 10
1137.3010409803458
 20
490.4779954644338
 30
0.0
 70
0
  0
VERTEX
  5
731
  8
CUT
 10
1137.8337320642847
 20
490.9072650696966
 30
0.0
 70
0
  0
VERTEX
  5
732
  8
CUT
 10
1138.2630016695477
 20
491.43995615363565
 30
0.0
 70
0
  0
VERTEX
  5
733
  8
CUT
 10
1138.569229484487
 20
492.05172139477645
 30
0.0
 70
0
  0
VERTEX
  5
734
  8
CUT
 10
1138.7384189785068
 20
492.71459928701904
 30
0.0
 70
0
  0
VERTEX
  5
735
  8
CUT
 10
1138.7628371312408
 20
493.3982921557311
 30
0.0
 70
0
  0
VERTEX
  5
736
  8
CUT
 10
1138.6413678800543
 20
494.07155095138614
 30
0.0
 70
0
  0
VERTEX
  5
737
  8
CUT
 10
1138.3795631311032
 20
494.70360352699777
 30
0.0
 70
0
  0
VERTEX
  5
738
  8
CUT
 10
1137.9893890024216
 20
495.2655611181185
 30
0.0
 70
0
  0
VERTEX
  5
739
  8
CUT
 10
1137.4886788973242
 20
495.73173874045153
 30
0.0
 70
0
  0
VERTEX
  5
73A
  8
CUT
 10
1136.900318406094
 20
496.0808291546281
 30
0.0
 70
0
  0
VERTEX
  5
73B
  8
CUT
 10
1136.2511992910574
 20
496.29687674060136
 30
0.0
 70
0
  0
VERTEX
  5
73C
  8
CUT
 10
1135.570990364488
 20
496.37000676949367
 30
0.0
 70
0
  0
VERTEX
  5
73D
  8
CUT
 10
1135.570990364488
 20
530.9700067694937
 30
0.0
 70
0
  0
VERTEX
  5
73E
  8
CUT
 10
1136.2511992910574
 20
531.043136798386
 30
0.0
 70
0
  0
VERTEX
  5
73F
  8
CUT
 10
1136.900318406094
 20
531.2591843843592
 30
0.0
 70
0
  0
VERTEX
  5
740
  8
CUT
 10
1137.4886788973242
 20
531.6082747985357
 30
0.0
 70
0
  0
VERTEX
  5
741
  8
CUT
 10
1137.9893890024216
 20
532.0744524208687
 30
0.0
 70
0
  0
VERTEX
  5
742
  8
CUT
 10
1138.3795631311032
 20
532.6364100119895
 30
0.0
 70
0
  0
VERTEX
  5
743
  8
CUT
 10
1138.6413678800543
 20
533.2684625876011
 30
0.0
 70
0
  0
VERTEX
  5
744
  8
CUT
 10
1138.7628371312408
 20
533.9417213832561
 30
0.0
 70
0
  0
VERTEX
  5
745
  8
CUT
 10
1138.7384189785068
 20
534.6254142519681
 30
0.0
 70
0
  0
VERTEX
  5
746
  8
CUT
 10
1138.569229484487
 20
535.2882921442107
 30
0.0
 70
0
  0
VERTEX
  5
747
  8
CUT
 10
1138.2630016695477
 20
535.9000573853515
 30
0.0
 70
0
  0
VERTEX
  5
748
  8
CUT
 10
1137.8337320642847
 20
536.4327484692906
 30
0.0
 70
0
  0
VERTEX
  5
749
  8
CUT
 10
1137.3010409803458
 20
536.8620180745534
 30
0.0
 70
0
  0
VERTEX
  5
74A
  8
CUT
 10
1136.689275739205
 20
537.1682458894928
 30
0.0
 70
0
  0
VERTEX
  5
74B
  8
CUT
 10
1136.0263978469625
 20
537.3374353835126
 30
0.0
 70
0
  0
VERTEX
  5
74C
  8
CUT
 10
1135.3427049782504
 20
537.3618535362464
 30
0.0
 70
0
  0
VERTEX
  5
74D
  8
CUT
 10
1134.6694461825953
 20
537.24038428506
 30
0.0
 70
0
  0
VERTEX
  5
74E
  8
CUT
 10
1134.0373936069836
 20
536.9785795361088
 30
0.0
 70
0
  0
VERTEX
  5
74F
  8
CUT
 10
1133.475436015863
 20
536.5884054074272
 30
0.0
 70
0
  0
VERTEX
  5
750
  8
CUT
 10
1133.00925839353
 20
536.08769530233
 30
0.0
 70
0
  0
VERTEX
  5
751
  8
CUT
 10
1132.6601679793534
 20
535.4993348110996
 30
0.0
 70
0
  0
VERTEX
  5
752
  8
CUT
 10
1132.4441203933802
 20
534.8502156960632
 30
0.0
 70
0
  0
VERTEX
  5
753
  8
CUT
 10
1132.3709903644879
 20
534.1700067694936
 30
0.0
 70
0
  0
VERTEX
  5
754
  8
CUT
 10
1119.770990364488
 20
534.1700067694936
 30
0.0
 70
0
  0
VERTEX
  5
755
  8
CUT
 10
1119.6978603355956
 20
534.8502156960632
 30
0.0
 70
0
  0
VERTEX
  5
756
  8
CUT
 10
1119.4818127496223
 20
535.4993348110996
 30
0.0
 70
0
  0
VERTEX
  5
757
  8
CUT
 10
1119.1327223354458
 20
536.08769530233
 30
0.0
 70
0
  0
VERTEX
  5
758
  8
CUT
 10
1118.666544713113
 20
536.5884054074272
 30
0.0
 70
0
  0
VERTEX
  5
759
  8
CUT
 10
1118.1045871219922
 20
536.9785795361088
 30
0.0
 70
0
  0
VERTEX
  5
75A
  8
CUT
 10
1117.4725345463805
 20
537.24038428506
 30
0.0
 70
0
  0
VERTEX
  5
75B
  8
CUT
 10
1116.7992757507254
 20
537.3618535362464
 30
0.0
 70
0
  0
VERTEX
  5
75C
  8
CUT
 10
1116.1155828820133
 20
537.3374353835126
 30
0.0
 70
0
  0
VERTEX
  5
75D
  8
CUT
 10
1115.4527049897708
 20
537.1682458894928
 30
0.0
 70
0
  0
VERTEX
  5
75E
  8
CUT
 10
1114.84093974863
 20
536.8620180745534
 30
0.0
 70
0
  0
VERTEX
  5
75F
  8
CUT
 10
1114.308248664691
 20
536.4327484692906
 30
0.0
 70
0
  0
VERTEX
  5
760
  8
CUT
 10
1113.878979059428
 20
535.9000573853515
 30
0.0
 70
0
  0
VERTEX
  5
761
  8
CUT
 10
1113.5727512444887
 20
535.2882921442107
 30
0.0
 70
0
  0
VERTEX
  5
762
  8
CUT
 10
1113.403561750469
 20
534.6254142519681
 30
0.0
 70
0
  0
VERTEX
  5
763
  8
CUT
 10
1113.379143597735
 20
533.9417213832561
 30
0.0
 70
0
  0
VERTEX
  5
764
  8
CUT
 10
1113.5006128489215
 20
533.2684625876011
 30
0.0
 70
0
  0
VERTEX
  5
765
  8
CUT
 10
1113.7624175978726
 20
532.6364100119895
 30
0.0
 70
0
  0
VERTEX
  5
766
  8
CUT
 10
1114.1525917265542
 20
532.0744524208687
 30
0.0
 70
0
  0
VERTEX
  5
767
  8
CUT
 10
1114.6533018316516
 20
531.6082747985357
 30
0.0
 70
0
  0
VERTEX
  5
768
  8
CUT
 10
1115.241662322882
 20
531.2591843843592
 30
0.0
 70
0
  0
VERTEX
  5
769
  8
CUT
 10
1115.8907814379183
 20
531.043136798386
 30
0.0
 70
0
  0
VERTEX
  5
76A
  8
CUT
 10
1116.570990364488
 20
530.9700067694937
 30
0.0
 70
0
  0
VERTEX
  5
76B
  8
CUT
 10
1116.570990364488
 20
496.37000676949367
 30
0.0
 70
0
  0
VERTEX
  5
76C
  8
CUT
 10
1115.8907814379183
 20
496.29687674060136
 30
0.0
 70
0
  0
VERTEX
  5
76D
  8
CUT
 10
1115.241662322882
 20
496.0808291546281
 30
0.0
 70
0
  0
VERTEX
  5
76E
  8
CUT
 10
1114.6533018316516
 20
495.7317387404516
 30
0.0
 70
0
  0
VERTEX
  5
76F
  8
CUT
 10
1114.1525917265542
 20
495.26556111811857
 30
0.0
 70
0
  0
VERTEX
  5
770
  8
CUT
 10
1113.7624175978726
 20
494.7036035269978
 30
0.0
 70
0
  0
VERTEX
  5
771
  8
CUT
 10
1113.5006128489215
 20
494.0715509513862
 30
0.0
 70
0
  0
VERTEX
  5
772
  8
CUT
 10
1113.379143597735
 20
493.39829215573116
 30
0.0
 70
0
  0
VERTEX
  5
773
  8
CUT
 10
1113.403561750469
 20
492.7145992870191
 30
0.0
 70
0
  0
VERTEX
  5
774
  8
CUT
 10
1113.5727512444887
 20
492.0517213947765
 30
0.0
 70
0
  0
VERTEX
  5
775
  8
CUT
 10
1113.878979059428
 20
491.4399561536357
 30
0.0
 70
0
  0
VERTEX
  5
776
  8
CUT
 10
1114.3082486646908
 20
490.9072650696967
 30
0.0
 70
0
  0
VERTEX
  5
777
  8
CUT
 10
1114.84093974863
 20
490.47799546443383
 30
0.0
 70
0
  0
VERTEX
  5
778
  8
CUT
 10
1115.4527049897708
 20
490.17176764949437
 30
0.0
 70
0
  0
VERTEX
  5
779
  8
CUT
 10
1116.1155828820133
 20
490.0025781554746
 30
0.0
 70
0
  0
VERTEX
  5
77A
  8
CUT
 10
1116.7992757507254
 20
489.9781600027408
 30
0.0
 70
0
  0
VERTEX
  5
77B
  8
CUT
 10
1117.4725345463805
 20
490.0996292539272
 30
0.0
 70
0
  0
VERTEX
  5
77C
  8
CUT
 10
1118.1045871219922
 20
490.3614340028784
 30
0.0
 70
0
  0
VERTEX
  5
77D
  8
CUT
 10
1118.666544713113
 20
490.75160813156
 30
0.0
 70
0
  0
VERTEX
  5
77E
  8
CUT
 10
1119.1327223354458
 20
491.2523182366573
 30
0.0
 70
0
  0
VERTEX
  5
77F
  8
CUT
 10
1119.4818127496223
 20
491.84067872788756
 30
0.0
 70
0
  0
VERTEX
  5
780
  8
CUT
 10
1119.6978603355956
 20
492.4897978429241
 30
0.0
 70
0
  0
VERTEX
  5
781
  8
CUT
 10
1119.770990364488
 20
493.1700067694937
 30
0.0
 70
0
  0
SEQEND
  5
725
  8
CUT
  0
POLYLINE
  5
782
  8
CUT
 66
1
 10
0.0
 20
0.0
 30
0.0
 70
1
  0
VERTEX
  5
784
  8
CUT
 10
1132.370990364488
 20
677.9719739594823
 30
0.0
 70
0
  0
VERTEX
  5
785
  8
CUT
 10
1132.4441203933802
 20
677.2917650329127
 30
0.0
 70
0
  0
VERTEX
  5
786
  8
CUT
 10
1132.6601679793534
 20
676.6426459178763
 30
0.0
 70
0
  0
VERTEX
  5
787
  8
CUT
 10
1133.00925839353
 20
676.0542854266461
 30
0.0
 70
0
  0
VERTEX
  5
788
  8
CUT
 10
1133.4754360158631
 20
675.5535753215488
 30
0.0
 70
0
  0
VERTEX
  5
789
  8
CUT
 10
1134.0373936069839
 20
675.1634011928671
 30
0.0
 70
0
  0
VERTEX
  5
78A
  8
CUT
 10
1134.6694461825953
 20
674.901596443916
 30
0.0
 70
0
  0
VERTEX
  5
78B
  8
CUT
 10
1135.3427049782504
 20
674.7801271927297
 30
0.0
 70
0
  0
VERTEX
  5
78C
  8
CUT
 10
1136.0263978469625
 20
674.8045453454635
 30
0.0
 70
0
  0
VERTEX
  5
78D
  8
CUT
 10
1136.689275739205
 20
674.9737348394832
 30
0.0
 70
0
  0
VERTEX
  5
78E
  8
CUT
 10
1137.3010409803458
 20
675.2799626544227
 30
0.0
 70
0
  0
VERTEX
  5
78F
  8
CUT
 10
1137.8337320642847
 20
675.7092322596855
 30
0.0
 70
0
  0
VERTEX
  5
790
  8
CUT
 10
1138.2630016695475
 20
676.2419233436244
 30
0.0
 70
0
  0
VERTEX
  5
791
  8
CUT
 10
1138.569229484487
 20
676.8536885847652
 30
0.0
 70
0
  0
VERTEX
  5
792
  8
CUT
 10
1138.7384189785068
 20
677.5165664770078
 30
0.0
 70
0
  0
VERTEX
  5
793
  8
CUT
 10
1138.7628371312405
 20
678.2002593457198
 30
0.0
 70
0
  0
VERTEX
  5
794
  8
CUT
 10
1138.641367880054
 20
678.8735181413748
 30
0.0
 70
0
  0
VERTEX
  5
795
  8
CUT
 10
1138.379563131103
 20
679.5055707169864
 30
0.0
 70
0
  0
VERTEX
  5
796
  8
CUT
 10
1137.9893890024214
 20
680.0675283081072
 30
0.0
 70
0
  0
VERTEX
  5
797
  8
CUT
 10
1137.4886788973242
 20
680.5337059304402
 30
0.0
 70
0
  0
VERTEX
  5
798
  8
CUT
 10
1136.900318406094
 20
680.8827963446166
 30
0.0
 70
0
  0
VERTEX
  5
799
  8
CUT
 10
1136.2511992910574
 20
681.0988439305899
 30
0.0
 70
0
  0
VERTEX
  5
79A
  8
CUT
 10
1135.570990364488
 20
681.1719739594822
 30
0.0
 70
0
  0
VERTEX
  5
79B
  8
CUT
 10
1135.570990364488
 20
715.7719739594822
 30
0.0
 70
0
  0
VERTEX
  5
79C
  8
CUT
 10
1136.2511992910574
 20
715.8451039883745
 30
0.0
 70
0
  0
VERTEX
  5
79D
  8
CUT
 10
1136.900318406094
 20
716.0611515743477
 30
0.0
 70
0
  0
VERTEX
  5
79E
  8
CUT
 10
1137.4886788973242
 20
716.4102419885243
 30
0.0
 70
0
  0
VERTEX
  5
79F
  8
CUT
 10
1137.9893890024214
 20
716.8764196108573
 30
0.0
 70
0
  0
VERTEX
  5
7A0
  8
CUT
 10
1138.3795631311032
 20
717.438377201978
 30
0.0
 70
0
  0
VERTEX
  5
7A1
  8
CUT
 10
1138.6413678800543
 20
718.0704297775897
 30
0.0
 70
0
  0
VERTEX
  5
7A2
  8
CUT
 10
1138.7628371312405
 20
718.7436885732446
 30
0.0
 70
0
  0
VERTEX
  5
7A3
  8
CUT
 10
1138.7384189785068
 20
719.4273814419566
 30
0.0
 70
0
  0
VERTEX
  5
7A4
  8
CUT
 10
1138.569229484487
 20
720.0902593341992
 30
0.0
 70
0
  0
VERTEX
  5
7A5
  8
CUT
 10
1138.2630016695475
 20
720.70202457534
 30
0.0
 70
0
  0
VERTEX
  5
7A6
  8
CUT
 10
1137.8337320642847
 20
721.2347156592791
 30
0.0
 70
0
  0
VERTEX
  5
7A7
  8
CUT
 10
1137.3010409803458
 20
721.6639852645419
 30
0.0
 70
0
  0
VERTEX
  5
7A8
  8
CUT
 10
1136.689275739205
 20
721.9702130794814
 30
0.0
 70
0
  0
VERTEX
  5
7A9
  8
CUT
 10
1136.0263978469625
 20
722.1394025735011
 30
0.0
 70
0
  0
VERTEX
  5
7AA
  8
CUT
 10
1135.3427049782504
 20
722.1638207262349
 30
0.0
 70
0
  0
VERTEX
  5
7AB
  8
CUT
 10
1134.6694461825953
 20
722.0423514750485
 30
0.0
 70
0
  0
VERTEX
  5
7AC
  8
CUT
 10
1134.0373936069836
 20
721.7805467260973
 30
0.0
 70
0
  0
VERTEX
  5
7AD
  8
CUT
 10
1133.4754360158631
 20
721.3903725974158
 30
0.0
 70
0
  0
VERTEX
  5
7AE
  8
CUT
 10
1133.00925839353
 20
720.8896624923184
 30
0.0
 70
0
  0
VERTEX
  5
7AF
  8
CUT
 10
1132.6601679793534
 20
720.3013020010882
 30
0.0
 70
0
  0
VERTEX
  5
7B0
  8
CUT
 10
1132.4441203933802
 20
719.6521828860517
 30
0.0
 70
0
  0
VERTEX
  5
7B1
  8
CUT
 10
1132.370990364488
 20
718.9719739594823
 30
0.0
 70
0
  0
VERTEX
  5
7B2
  8
CUT
 10
1119.770990364488
 20
718.9719739594823
 30
0.0
 70
0
  0
VERTEX
  5
7B3
  8
CUT
 10
1119.6978603355956
 20
719.6521828860518
 30
0.0
 70
0
  0
VERTEX
  5
7B4
  8
CUT
 10
1119.4818127496223
 20
720.3013020010883
 30
0.0
 70
0
  0
VERTEX
  5
7B5
  8
CUT
 10
1119.1327223354458
 20
720.8896624923186
 30
0.0
 70
0
  0
VERTEX
  5
7B6
  8
CUT
 10
1118.666544713113
 20
721.390372597416
 30
0.0
 70
0
  0
VERTEX
  5
7B7
  8
CUT
 10
1118.1045871219922
 20
721.7805467260976
 30
0.0
 70
0
  0
VERTEX
  5
7B8
  8
CUT
 10
1117.4725345463805
 20
722.0423514750487
 30
0.0
 70
0
  0
VERTEX
  5
7B9
  8
CUT
 10
1116.7992757507254
 20
722.1638207262351
 30
0.0
 70
0
  0
VERTEX
  5
7BA
  8
CUT
 10
1116.1155828820133
 20
722.1394025735013
 30
0.0
 70
0
  0
VERTEX
  5
7BB
  8
CUT
 10
1115.4527049897708
 20
721.9702130794816
 30
0.0
 70
0
  0
VERTEX
  5
7BC
  8
CUT
 10
1114.84093974863
 20
721.6639852645421
 30
0.0
 70
0
  0
VERTEX
  5
7BD
  8
CUT
 10
1114.3082486646908
 20
721.2347156592792
 30
0.0
 70
0
  0
VERTEX
  5
7BE
  8
CUT
 10
1113.878979059428
 20
720.7020245753403
 30
0.0
 70
0
  0
VERTEX
  5
7BF
  8
CUT
 10
1113.5727512444887
 20
720.0902593341995
 30
0.0
 70
0
  0
VERTEX
  5
7C0
  8
CUT
 10
1113.403561750469
 20
719.4273814419568
 30
0.0
 70
0
  0
VERTEX
  5
7C1
  8
CUT
 10
1113.379143597735
 20
718.7436885732448
 30
0.0
 70
0
  0
VERTEX
  5
7C2
  8
CUT
 10
1113.5006128489215
 20
718.0704297775897
 30
0.0
 70
0
  0
VERTEX
  5
7C3
  8
CUT
 10
1113.7624175978726
 20
717.438377201978
 30
0.0
 70
0
  0
VERTEX
  5
7C4
  8
CUT
 10
1114.1525917265542
 20
716.8764196108574
 30
0.0
 70
0
  0
VERTEX
  5
7C5
  8
CUT
 10
1114.6533018316516
 20
716.4102419885243
 30
0.0
 70
0
  0
VERTEX
  5
7C6
  8
CUT
 10
1115.241662322882
 20
716.0611515743478
 30
0.0
 70
0
  0
VERTEX
  5
7C7
  8
CUT
 10
1115.8907814379183
 20
715.8451039883745
 30
0.0
 70
0
  0
VERTEX
  5
7C8
  8
CUT
 10
1116.570990364488
 20
715.7719739594822
 30
0.0
 70
0
  0
VERTEX
  5
7C9
  8
CUT
 10
1116.570990364488
 20
681.1719739594822
 30
0.0
 70
0
  0
VERTEX
  5
7CA
  8
CUT
 10
1115.8907814379183
 20
681.0988439305899
 30
0.0
 70
0
  0
VERTEX
  5
7CB
  8
CUT
 10
1115.241662322882
 20
680.8827963446166
 30
0.0
 70
0
  0
VERTEX
  5
7CC
  8
CUT
 10
1114.6533018316516
 20
680.5337059304401
 30
0.0
 70
0
  0
VERTEX
  5
7CD
  8
CUT
 10
1114.1525917265542
 20
680.0675283081071
 30
0.0
 70
0
  0
VERTEX
  5
7CE
  8
CUT
 10
1113.7624175978726
 20
679.5055707169863
 30
0.0
 70
0
  0
VERTEX
  5
7CF
  8
CUT
 10
1113.5006128489215
 20
678.8735181413747
 30
0.0
 70
0
  0
VERTEX
  5
7D0
  8
CUT
 10
1113.379143597735
 20
678.2002593457197
 30
0.0
 70
0
  0
VERTEX
  5
7D1
  8
CUT
 10
1113.403561750469
 20
677.5165664770077
 30
0.0
 70
0
  0
VERTEX
  5
7D2
  8
CUT
 10
1113.5727512444887
 20
676.8536885847651
 30
0.0
 70
0
  0
VERTEX
  5
7D3
  8
CUT
 10
1113.878979059428
 20
676.2419233436243
 30
0.0
 70
0
  0
VERTEX
  5
7D4
  8
CUT
 10
1114.308248664691
 20
675.7092322596852
 30
0.0
 70
0
  0
VERTEX
  5
7D5
  8
CUT
 10
1114.84093974863
 20
675.2799626544224
 30
0.0
 70
0
  0
VERTEX
  5
7D6
  8
CUT
 10
1115.4527049897708
 20
674.973734839483
 30
0.0
 70
0
  0
VERTEX
  5
7D7
  8
CUT
 10
1116.1155828820133
 20
674.8045453454632
 30
0.0
 70
0
  0
VERTEX
  5
7D8
  8
CUT
 10
1116.7992757507254
 20
674.7801271927294
 30
0.0
 70
0
  0
VERTEX
  5
7D9
  8
CUT
 10
1117.4725345463805
 20
674.9015964439158
 30
0.0
 70
0
  0
VERTEX
  5
7DA
  8
CUT
 10
1118.1045871219922
 20
675.163401192867
 30
0.0
 70
0
  0
VERTEX
  5
7DB
  8
CUT
 10
1118.666544713113
 20
675.5535753215486
 30
0.0
 70
0
  0
VERTEX
  5
7DC
  8
CUT
 10
1119.1327223354458
 20
676.0542854266458
 30
0.0
 70
0
  0
VERTEX
  5
7DD
  8
CUT
 10
1119.4818127496223
 20
676.6426459178762
 30
0.0
 70
0
  0
VERTEX
  5
7DE
  8
CUT
 10
1119.6978603355956
 20
677.2917650329126
 30
0.0
 70
0
  0
VERTEX
  5
7DF
  8
CUT
 10
1119.770990364488
 20
677.9719739594823
 30
0.0
 70
0
  0
SEQEND
  5
783
  8
CUT
  0
POLYLINE
  5
7E0
  8
CUT
 66
1
 10
0.0
 20
0.0
 30
0.0
 70
1
  0
VERTEX
  5
7E2
  8
CUT
 10
1446.1419807289758
 20
194.07099036448795
 30
0.0
 70
0
  0
VERTEX
  5
7E3
  8
CUT
 10
1446.063177037877
 20
199.33823612014928
 30
0.0
 70
0
  0
VERTEX
  5
7E4
  8
CUT
 10
1445.826836504557
 20
204.60076697750043
 30
0.0
 70
0
  0
VERTEX
  5
7E5
  8
CUT
 10
1445.4331706858013
 20
209.85387225870375
 30
0.0
 70
0
  0
VERTEX
  5
7E6
  8
CUT
 10
1444.882531965833
 20
215.09284972308882
 30
0.0
 70
0
  0
VERTEX
  5
7E7
  8
CUT
 10
1444.1754132408812
 20
220.31300977629462
 30
0.0
 70
0
  0
VERTEX
  5
7E8
  8
CUT
 10
1443.3124474779718
 20
225.5096796680916
 30
0.0
 70
0
  0
VERTEX
  5
7E9
  8
CUT
 10
1442.2944071483366
 20
230.67820767512603
 30
0.0
 70
0
  0
VERTEX
  5
7EA
  8
CUT
 10
1441.1222035359474
 20
235.81396726484246
 30
0.0
 70
0
  0
VERTEX
  5
7EB
  8
CUT
 10
1439.7968859217917
 20
240.91236123685675
 30
0.0
 70
0
  0
VERTEX
  5
7EC
  8
CUT
 10
1438.3196406446261
 20
245.96882583807323
 30
0.0
 70
0
  0
VERTEX
  5
7ED
  8
CUT
 10
1436.6917900390415
 20
250.9788348478616
 30
0.0
 70
0
  0
VERTEX
  5
7EE
  8
CUT
 10
1434.9147912517947
 20
255.93790362963767
 30
0.0
 70
0
  0
VERTEX
  5
7EF
  8
CUT
 10
1432.9902349374643
 20
260.84159314522014
 30
0.0
 70
0
  0
VERTEX
  5
7F0
  8
CUT
 10
1430.9198438346
 20
265.68551392837134
 30
0.0
 70
0
  0
VERTEX
  5
7F1
  8
CUT
 10
1428.7054712236384
 20
270.46533001396347
 30
0.0
 70
0
  0
VERTEX
  5
7F2
  8
CUT
 10
1426.3490992679651
 20
275.1767628192553
 30
0.0
 70
0
  0
VERTEX
  5
7F3
  8
CUT
 10
1423.8528372396113
 20
279.8155949738026
 30
0.0
 70
0
  0
VERTEX
  5
7F4
  8
CUT
 10
1421.2189196311683
 20
284.37767409457604
 30
0.0
 70
0
  0
VERTEX
  5
7F5
  8
CUT
 10
1418.449704155615
 20
288.8589165029066
 30
0.0
 70
0
  0
VERTEX
  5
7F6
  8
CUT
 10
1415.5476696358458
 20
293.25531087993073
 30
0.0
 70
0
  0
VERTEX
  5
7F7
  8
CUT
 10
1412.5154137857862
 20
297.5629218572641
 30
0.0
 70
0
  0
VERTEX
  5
7F8
  8
CUT
 10
1409.35565088509
 20
301.77789353968933
 30
0.0
 70
0
  0
VERTEX
  5
7F9
  8
CUT
 10
1406.0712093494894
 20
305.8964529567045
 30
0.0
 70
0
  0
VERTEX
  5
7FA
  8
CUT
 10
1402.6650291989804
 20
309.9149134398425
 30
0.0
 70
0
  0
VERTEX
  5
7FB
  8
CUT
 10
1399.140159426107
 20
313.8296779227389
 30
0.0
 70
0
  0
VERTEX
  5
7FC
  8
CUT
 10
1395.4997552666996
 20
317.637242160993
 30
0.0
 70
0
  0
VERTEX
  5
7FD
  8
CUT
 10
1391.7470753755117
 20
321.33419786894194
 30
0.0
 70
0
  0
VERTEX
  5
7FE
  8
CUT
 10
1387.8854789092825
 20
324.9172357705372
 30
0.0
 70
0
  0
VERTEX
  5
7FF
  8
CUT
 10
1383.9184225198367
 20
328.3831485615955
 30
0.0
 70
0
  0
VERTEX
  5
800
  8
CUT
 10
1379.8494572599134
 20
331.7288337807697
 30
0.0
 70
0
  0
VERTEX
  5
801
  8
CUT
 10
1375.6822254044923
 20
334.9512965866726
 30
0.0
 70
0
  0
VERTEX
  5
802
  8
CUT
 10
1371.420457190465
 20
338.047652438665
 30
0.0
 70
0
  0
VERTEX
  5
803
  8
CUT
 10
1367.0679674775665
 20
341.01512967891074
 30
0.0
 70
0
  0
VERTEX
  5
804
  8
CUT
 10
1362.628652333561
 20
343.8510720133854
 30
0.0
 70
0
  0
VERTEX
  5
805
  8
CUT
 10
1358.1064855467318
 20
346.55294088961955
 30
0.0
 70
0
  0
VERTEX
  5
806
  8
CUT
 10
1353.505515068804
 20
349.11831776904677
 30
0.0
 70
0
  0
VERTEX
  5
807
  8
CUT
 10
1348.8298593914783
 20
351.5449062919232
 30
0.0
 70
0
  0
VERTEX
  5
808
  8
CUT
 10
1344.0837038598243
 20
353.8305343328808
 30
0.0
 70
0
  0
VERTEX
  5
809
  8
CUT
 10
1339.2712969258284
 20
355.97315594527345
 30
0.0
 70
0
  0
VERTEX
  5
80A
  8
CUT
 10
1334.3969463454555
 20
357.9708531925763
 30
0.0
 70
0
  0
VERTEX
  5
80B
  8
CUT
 10
1329.465015322623
 20
359.82183786519914
 30
0.0
 70
0
  0
VERTEX
  5
80C
  8
CUT
 10
1324.4799186035423
 20
361.52445308117535
 30
0.0
 70
0
  0
VERTEX
  5
80D
  8
CUT
 10
1319.4461185249236
 20
363.07717476929645
 30
0.0
 70
0
  0
VERTEX
  5
80E
  8
CUT
 10
1314.36812101958
 20
364.4786130333618
 30
0.0
 70
0
  0
VERTEX
  5
80F
  8
CUT
 10
1309.250471583007
 20
365.7275133963241
 30
0.0
 70
0
  0
VERTEX
  5
810
  8
CUT
 10
1304.097751204549
 20
366.82275792321616
 30
0.0
 70
0
  0
VERTEX
  5
811
  8
CUT
 10
1298.9145722667931
 20
367.76336622185426
 30
0.0
 70
0
  0
VERTEX
  5
812
  8
CUT
 10
1293.705574416862
 20
368.5484963204216
 30
0.0
 70
0
  0
VERTEX
  5
813
  8
CUT
 10
1288.4754204133017
 20
369.17744542114747
 30
0.0
 70
0
  0
VERTEX
  5
814
  8
CUT
 10
1283.2287919522805
 20
369.64965052940624
 30
0.0
 70
0
  0
VERTEX
  5
815
  8
CUT
 10
1277.970385476838
 20
369.96468895767396
 30
0.0
 70
0
  0
VERTEX
  5
816
  8
CUT
 10
1272.7049079729309
 20
370.12227870389074
 30
0.0
 70
0
  0
VERTEX
  5
817
  8
CUT
 10
1267.437072756045
 20
370.12227870389074
 30
0.0
 70
0
  0
VERTEX
  5
818
  8
CUT
 10
1262.171595252138
 20
369.96468895767396
 30
0.0
 70
0
  0
VERTEX
  5
819
  8
CUT
 10
1256.9131887766953
 20
369.64965052940624
 30
0.0
 70
0
  0
VERTEX
  5
81A
  8
CUT
 10
1251.6665603156741
 20
369.17744542114747
 30
0.0
 70
0
  0
VERTEX
  5
81B
  8
CUT
 10
1246.4364063121138
 20
368.5484963204216
 30
0.0
 70
0
  0
VERTEX
  5
81C
  8
CUT
 10
1241.2274084621827
 20
367.76336622185426
 30
0.0
 70
0
  0
VERTEX
  5
81D
  8
CUT
 10
1236.0442295244268
 20
366.8227579232162
 30
0.0
 70
0
  0
VERTEX
  5
81E
  8
CUT
 10
1230.891509145969
 20
365.7275133963241
 30
0.0
 70
0
  0
VERTEX
  5
81F
  8
CUT
 10
1225.7738597093958
 20
364.47861303336185
 30
0.0
 70
0
  0
VERTEX
  5
820
  8
CUT
 10
1220.6958622040522
 20
363.07717476929645
 30
0.0
 70
0
  0
VERTEX
  5
821
  8
CUT
 10
1215.6620621254335
 20
361.52445308117535
 30
0.0
 70
0
  0
VERTEX
  5
822
  8
CUT
 10
1210.6769654063528
 20
359.82183786519914
 30
0.0
 70
0
  0
VERTEX
  5
823
  8
CUT
 10
1205.7450343835203
 20
357.9708531925764
 30
0.0
 70
0
  0
VERTEX
  5
824
  8
CUT
 10
1200.8706838031474
 20
355.97315594527345
 30
0.0
 70
0
  0
VERTEX
  5
825
  8
CUT
 10
1196.0582768691515
 20
353.8305343328808
 30
0.0
 70
0
  0
VERTEX
  5
826
  8
CUT
 10
1191.3121213374975
 20
351.5449062919232
 30
0.0
 70
0
  0
VERTEX
  5
827
  8
CUT
 10
1186.6364656601718
 20
349.11831776904677
 30
0.0
 70
0
  0
VERTEX
  5
828
  8
CUT
 10
1182.035495182244
 20
346.5529408896196
 30
0.0
 70
0
  0
VERTEX
  5
829
  8
CUT
 10
1177.5133283954149
 20
343.8510720133854
 30
0.0
 70
0
  0
VERTEX
  5
82A
  8
CUT
 10
1173.0740132514093
 20
341.01512967891074
 30
0.0
 70
0
  0
VERTEX
  5
82B
  8
CUT
 10
1168.7215235385108
 20
338.04765243866507
 30
0.0
 70
0
  0
VERTEX
  5
82C
  8
CUT
 10
1164.4597553244835
 20
334.9512965866726
 30
0.0
 70
0
  0
VERTEX
  5
82D
  8
CUT
 10
1160.2925234690624
 20
331.7288337807697
 30
0.0
 70
0
  0
VERTEX
  5
82E
  8
CUT
 10
1156.2235582091391
 20
328.38314856159553
 30
0.0
 70
0
  0
VERTEX
  5
82F
  8
CUT
 10
1152.2565018196933
 20
324.9172357705373
 30
0.0
 70
0
  0
VERTEX
  5
830
  8
CUT
 10
1148.394905353464
 20
321.33419786894194
 30
0.0
 70
0
  0
VERTEX
  5
831
  8
CUT
 10
1144.6422254622762
 20
317.63724216099297
 30
0.0
 70
0
  0
VERTEX
  5
832
  8
CUT
 10
1141.0018213028688
 20
313.8296779227388
 30
0.0
 70
0
  0
VERTEX
  5
833
  8
CUT
 10
1137.4769515299954
 20
309.91491343984256
 30
0.0
 70
0
  0
VERTEX
  5
834
  8
CUT
 10
1134.0707713794864
 20
305.8964529567046
 30
0.0
 70
0
  0
VERTEX
  5
835
  8
CUT
 10
1130.7863298438858
 20
301.77789353968933
 30
0.0
 70
0
  0
VERTEX
  5
836
  8
CUT
 10
1127.6265669431896
 20
297.5629218572641
 30
0.0
 70
0
  0
VERTEX
  5
837
  8
CUT
 10
1124.59431109313
 20
293.2553108799308
 30
0.0
 70
0
  0
VERTEX
  5
838
  8
CUT
 10
1121.6922765733607
 20
288.8589165029066
 30
0.0
 70
0
  0
VERTEX
  5
839
  8
CUT
 10
1118.9230610978075
 20
284.3776740945761
 30
0.0
 70
0
  0
VERTEX
  5
83A
  8
CUT
 10
1116.2891434893645
 20
279.8155949738026
 30
0.0
 70
0
  0
VERTEX
  5
83B
  8
CUT
 10
1113.7928814610107
 20
275.1767628192553
 30
0.0
 70
0
  0
VERTEX
  5
83C
  8
CUT
 10
1111.4365095053374
 20
270.4653300139635
 30
0.0
 70
0
  0
VERTEX
  5
83D
  8
CUT
 10
1109.2221368943758
 20
265.6855139283714
 30
0.0
 70
0
  0
VERTEX
  5
83E
  8
CUT
 10
1107.1517457915115
 20
260.84159314522026
 30
0.0
 70
0
  0
VERTEX
  5
83F
  8
CUT
 10
1105.2271894771811
 20
255.9379036296378
 30
0.0
 70
0
  0
VERTEX
  5
840
  8
CUT
 10
1103.4501906899343
 20
250.97883484786158
 30
0.0
 70
0
  0
VERTEX
  5
841
  8
CUT
 10
1101.8223400843497
 20
245.96882583807323
 30
0.0
 70
0
  0
VERTEX
  5
842
  8
CUT
 10
1100.345094807184
 20
240.91236123685678
 30
0.0
 70
0
  0
VERTEX
  5
843
  8
CUT
 10
1099.0197771930284
 20
235.81396726484252
 30
0.0
 70
0
  0
VERTEX
  5
844
  8
CUT
 10
1097.8475735806392
 20
230.67820767512612
 30
0.0
 70
0
  0
VERTEX
  5
845
  8
CUT
 10
1096.829533251004
 20
225.50967966809154
 30
0.0
 70
0
  0
VERTEX
  5
846
  8
CUT
 10
1095.9665674880946
 20
220.31300977629456
 30
0.0
 70
0
  0
VERTEX
  5
847
  8
CUT
 10
1095.2594487631427
 20
215.09284972308882
 30
0.0
 70
0
  0
VERTEX
  5
848
  8
CUT
 10
1094.7088100431745
 20
209.85387225870377
 30
0.0
 70
0
  0
VERTEX
  5
849
  8
CUT
 10
1094.3151442244189
 20
204.60076697750046
 30
0.0
 70
0
  0
VERTEX
  5
84A
  8
CUT
 10
1094.0788036910988
 20
199.33823612014928
 30
0.0
 70
0
  0
VERTEX
  5
84B
  8
CUT
 10
1094.0
 20
194.07099036448795
 30
0.0
 70
0
  0
VERTEX
  5
84C
  8
CUT
 10
1094.0788036910988
 20
188.8037446088267
 30
0.0
 70
0
  0
VERTEX
  5
84D
  8
CUT
 10
1094.3151442244189
 20
183.54121375147548
 30
0.0
 70
0
  0
VERTEX
  5
84E
  8
CUT
 10
1094.7088100431745
 20
178.2881084702722
 30
0.0
 70
0
  0
VERTEX
  5
84F
  8
CUT
 10
1095.2594487631427
 20
173.04913100588715
 30
0.0
 70
0
  0
VERTEX
  5
850
  8
CUT
 10
1095.9665674880946
 20
167.8289709526813
 30
0.0
 70
0
  0
VERTEX
  5
851
  8
CUT
 10
1096.829533251004
 20
162.63230106088434
 30
0.0
 70
0
  0
VERTEX
  5
852
  8
CUT
 10
1097.8475735806392
 20
157.4637730538499
 30
0.0
 70
0
  0
VERTEX
  5
853
  8
CUT
 10
1099.0197771930284
 20
152.32801346413345
 30
0.0
 70
0
  0
VERTEX
  5
854
  8
CUT
 10
1100.345094807184
 20
147.22961949211916
 30
0.0
 70
0
  0
VERTEX
  5
855
  8
CUT
 10
1101.8223400843497
 20
142.17315489090274
 30
0.0
 70
0
  0
VERTEX
  5
856
  8
CUT
 10
1103.4501906899343
 20
137.1631458811143
 30
0.0
 70
0
  0
VERTEX
  5
857
  8
CUT
 10
1105.2271894771811
 20
132.20407709933826
 30
0.0
 70
0
  0
VERTEX
  5
858
  8
CUT
 10
1107.1517457915115
 20
127.30038758375578
 30
0.0
 70
0
  0
VERTEX
  5
859
  8
CUT
 10
1109.2221368943758
 20
122.45646680060459
 30
0.0
 70
0
  0
VERTEX
  5
85A
  8
CUT
 10
1111.4365095053374
 20
117.67665071501241
 30
0.0
 70
0
  0
VERTEX
  5
85B
  8
CUT
 10
1113.7928814610107
 20
112.96521790972062
 30
0.0
 70
0
  0
VERTEX
  5
85C
  8
CUT
 10
1116.2891434893645
 20
108.32638575517332
 30
0.0
 70
0
  0
VERTEX
  5
85D
  8
CUT
 10
1118.9230610978075
 20
103.76430663439987
 30
0.0
 70
0
  0
VERTEX
  5
85E
  8
CUT
 10
1121.6922765733605
 20
99.28306422606934
 30
0.0
 70
0
  0
VERTEX
  5
85F
  8
CUT
 10
1124.59431109313
 20
94.88666984904519
 30
0.0
 70
0
  0
VERTEX
  5
860
  8
CUT
 10
1127.6265669431896
 20
90.57905887171185
 30
0.0
 70
0
  0
VERTEX
  5
861
  8
CUT
 10
1130.7863298438858
 20
86.3640871892866
 30
0.0
 70
0
  0
VERTEX
  5
862
  8
CUT
 10
1134.0707713794864
 20
82.24552777227144
 30
0.0
 70
0
  0
VERTEX
  5
863
  8
CUT
 10
1137.4769515299954
 20
78.2270672891334
 30
0.0
 70
0
  0
VERTEX
  5
864
  8
CUT
 10
1141.0018213028688
 20
74.31230280623704
 30
0.0
 70
0
  0
VERTEX
  5
865
  8
CUT
 10
1144.6422254622762
 20
70.5047385679829
 30
0.0
 70
0
  0
VERTEX
  5
866
  8
CUT
 10
1148.394905353464
 20
66.80778286003397
 30
0.0
 70
0
  0
VERTEX
  5
867
  8
CUT
 10
1152.2565018196933
 20
63.22474495843866
 30
0.0
 70
0
  0
VERTEX
  5
868
  8
CUT
 10
1156.2235582091391
 20
59.75883216738046
 30
0.0
 70
0
  0
VERTEX
  5
869
  8
CUT
 10
1160.2925234690624
 20
56.41314694820622
 30
0.0
 70
0
  0
VERTEX
  5
86A
  8
CUT
 10
1164.4597553244835
 20
53.190684142303326
 30
0.0
 70
0
  0
VERTEX
  5
86B
  8
CUT
 10
1168.7215235385108
 20
50.094328290310955
 30
0.0
 70
0
  0
VERTEX
  5
86C
  8
CUT
 10
1173.0740132514093
 20
47.12685105006517
 30
0.0
 70
0
  0
VERTEX
  5
86D
  8
CUT
 10
1177.5133283954149
 20
44.29090871559046
 30
0.0
 70
0
  0
VERTEX
  5
86E
  8
CUT
 10
1182.035495182244
 20
41.58903983935636
 30
0.0
 70
0
  0
VERTEX
  5
86F
  8
CUT
 10
1186.6364656601718
 20
39.02366295992917
 30
0.0
 70
0
  0
VERTEX
  5
870
  8
CUT
 10
1191.3121213374975
 20
36.5970744370527
 30
0.0
 70
0
  0
VERTEX
  5
871
  8
CUT
 10
1196.0582768691515
 20
34.311446396095135
 30
0.0
 70
0
  0
VERTEX
  5
872
  8
CUT
 10
1200.8706838031474
 20
32.16882478370249
 30
0.0
 70
0
  0
VERTEX
  5
873
  8
CUT
 10
1205.7450343835203
 20
30.171127536399524
 30
0.0
 70
0
  0
VERTEX
  5
874
  8
CUT
 10
1210.6769654063528
 20
28.320142863776795
 30
0.0
 70
0
  0
VERTEX
  5
875
  8
CUT
 10
1215.6620621254335
 20
26.617527647800557
 30
0.0
 70
0
  0
VERTEX
  5
876
  8
CUT
 10
1220.6958622040522
 20
25.064805959679433
 30
0.0
 70
0
  0
VERTEX
  5
877
  8
CUT
 10
1225.7738597093958
 20
23.663367695614113
 30
0.0
 70
0
  0
VERTEX
  5
878
  8
CUT
 10
1230.8915091459687
 20
22.414467332651782
 30
0.0
 70
0
  0
VERTEX
  5
879
  8
CUT
 10
1236.0442295244266
 20
21.31922280575975
 30
0.0
 70
0
  0
VERTEX
  5
87A
  8
CUT
 10
1241.2274084621827
 20
20.378614507121654
 30
0.0
 70
0
  0
VERTEX
  5
87B
  8
CUT
 10
1246.4364063121136
 20
19.59348440855436
 30
0.0
 70
0
  0
VERTEX
  5
87C
  8
CUT
 10
1251.6665603156741
 20
18.96453530782847
 30
0.0
 70
0
  0
VERTEX
  5
87D
  8
CUT
 10
1256.9131887766953
 20
18.492330199569636
 30
0.0
 70
0
  0
VERTEX
  5
87E
  8
CUT
 10
1262.1715952521379
 20
18.177291771301924
 30
0.0
 70
0
  0
VERTEX
  5
87F
  8
CUT
 10
1267.437072756045
 20
18.019702025085195
 30
0.0
 70
0
  0
VERTEX
  5
880
  8
CUT
 10
1272.7049079729306
 20
18.019702025085195
 30
0.0
 70
0
  0
VERTEX
  5
881
  8
CUT
 10
1277.9703854768377
 20
18.177291771301924
 30
0.0
 70
0
  0
VERTEX
  5
882
  8
CUT
 10
1283.2287919522805
 20
18.492330199569636
 30
0.0
 70
0
  0
VERTEX
  5
883
  8
CUT
 10
1288.4754204133017
 20
18.96453530782844
 30
0.0
 70
0
  0
VERTEX
  5
884
  8
CUT
 10
1293.705574416862
 20
19.593484408554332
 30
0.0
 70
0
  0
VERTEX
  5
885
  8
CUT
 10
1298.9145722667931
 20
20.378614507121654
 30
0.0
 70
0
  0
VERTEX
  5
886
  8
CUT
 10
1304.097751204549
 20
21.319222805759694
 30
0.0
 70
0
  0
VERTEX
  5
887
  8
CUT
 10
1309.2504715830069
 20
22.414467332651782
 30
0.0
 70
0
  0
VERTEX
  5
888
  8
CUT
 10
1314.36812101958
 20
23.663367695614113
 30
0.0
 70
0
  0
VERTEX
  5
889
  8
CUT
 10
1319.4461185249236
 20
25.064805959679433
 30
0.0
 70
0
  0
VERTEX
  5
88A
  8
CUT
 10
1324.4799186035423
 20
26.61752764780053
 30
0.0
 70
0
  0
VERTEX
  5
88B
  8
CUT
 10
1329.465015322623
 20
28.320142863776766
 30
0.0
 70
0
  0
VERTEX
  5
88C
  8
CUT
 10
1334.3969463454555
 20
30.171127536399496
 30
0.0
 70
0
  0
VERTEX
  5
88D
  8
CUT
 10
1339.2712969258284
 20
32.16882478370246
 30
0.0
 70
0
  0
VERTEX
  5
88E
  8
CUT
 10
1344.083703859824
 20
34.31144639609505
 30
0.0
 70
0
  0
VERTEX
  5
88F
  8
CUT
 10
1348.8298593914785
 20
36.597074437052726
 30
0.0
 70
0
  0
VERTEX
  5
890
  8
CUT
 10
1353.505515068804
 20
39.02366295992911
 30
0.0
 70
0
  0
VERTEX
  5
891
  8
CUT
 10
1358.1064855467316
 20
41.589039839356246
 30
0.0
 70
0
  0
VERTEX
  5
892
  8
CUT
 10
1362.628652333561
 20
44.29090871559049
 30
0.0
 70
0
  0
VERTEX
  5
893
  8
CUT
 10
1367.0679674775665
 20
47.12685105006514
 30
0.0
 70
0
  0
VERTEX
  5
894
  8
CUT
 10
1371.4204571904647
 20
50.09432829031081
 30
0.0
 70
0
  0
VERTEX
  5
895
  8
CUT
 10
1375.6822254044926
 20
53.19068414230338
 30
0.0
 70
0
  0
VERTEX
  5
896
  8
CUT
 10
1379.8494572599134
 20
56.41314694820616
 30
0.0
 70
0
  0
VERTEX
  5
897
  8
CUT
 10
1383.9184225198367
 20
59.75883216738029
 30
0.0
 70
0
  0
VERTEX
  5
898
  8
CUT
 10
1387.8854789092825
 20
63.22474495843866
 30
0.0
 70
0
  0
VERTEX
  5
899
  8
CUT
 10
1391.7470753755115
 20
66.80778286003394
 30
0.0
 70
0
  0
VERTEX
  5
89A
  8
CUT
 10
1395.4997552666996
 20
70.5047385679829
 30
0.0
 70
0
  0
VERTEX
  5
89B
  8
CUT
 10
1399.1401594261072
 20
74.3123028062371
 30
0.0
 70
0
  0
VERTEX
  5
89C
  8
CUT
 10
1402.6650291989804
 20
78.22706728913333
 30
0.0
 70
0
  0
VERTEX
  5
89D
  8
CUT
 10
1406.0712093494892
 20
82.24552777227129
 30
0.0
 70
0
  0
VERTEX
  5
89E
  8
CUT
 10
1409.35565088509
 20
86.36408718928662
 30
0.0
 70
0
  0
VERTEX
  5
89F
  8
CUT
 10
1412.5154137857862
 20
90.5790588717118
 30
0.0
 70
0
  0
VERTEX
  5
8A0
  8
CUT
 10
1415.5476696358455
 20
94.88666984904508
 30
0.0
 70
0
  0
VERTEX
  5
8A1
  8
CUT
 10
1418.4497041556153
 20
99.28306422606936
 30
0.0
 70
0
  0
VERTEX
  5
8A2
  8
CUT
 10
1421.2189196311683
 20
103.76430663439982
 30
0.0
 70
0
  0
VERTEX
  5
8A3
  8
CUT
 10
1423.8528372396113
 20
108.32638575517319
 30
0.0
 70
0
  0
VERTEX
  5
8A4
  8
CUT
 10
1426.3490992679651
 20
112.96521790972064
 30
0.0
 70
0
  0
VERTEX
  5
8A5
  8
CUT
 10
1428.7054712236384
 20
117.67665071501236
 30
0.0
 70
0
  0
VERTEX
  5
8A6
  8
CUT
 10
1430.9198438346
 20
122.45646680060446
 30
0.0
 70
0
  0
VERTEX
  5
8A7
  8
CUT
 10
1432.9902349374643
 20
127.30038758375565
 30
0.0
 70
0
  0
VERTEX
  5
8A8
  8
CUT
 10
1434.9147912517947
 20
132.2040770993382
 30
0.0
 70
0
  0
VERTEX
  5
8A9
  8
CUT
 10
1436.6917900390415
 20
137.1631458811143
 30
0.0
 70
0
  0
VERTEX
  5
8AA
  8
CUT
 10
1438.3196406446261
 20
142.17315489090277
 30
0.0
 70
0
  0
VERTEX
  5
8AB
  8
CUT
 10
1439.7968859217917
 20
147.2296194921191
 30
0.0
 70
0
  0
VERTEX
  5
8AC
  8
CUT
 10
1441.1222035359474
 20
152.3280134641333
 30
0.0
 70
0
  0
VERTEX
  5
8AD
  8
CUT
 10
1442.2944071483366
 20
157.46377305384976
 30
0.0
 70
0
  0
VERTEX
  5
8AE
  8
CUT
 10
1443.3124474779718
 20
162.6323010608843
 30
0.0
 70
0
  0
VERTEX
  5
8AF
  8
CUT
 10
1444.1754132408812
 20
167.82897095268132
 30
0.0
 70
0
  0
VERTEX
  5
8B0
  8
CUT
 10
1444.882531965833
 20
173.04913100588715
 30
0.0
 70
0
  0
VERTEX
  5
8B1
  8
CUT
 10
1445.4331706858013
 20
178.2881084702721
 30
0.0
 70
0
  0
VERTEX
  5
8B2
  8
CUT
 10
1445.826836504557
 20
183.54121375147534
 30
0.0
 70
0
  0
VERTEX
  5
8B3
  8
CUT
 10
1446.063177037877
 20
188.8037446088267
 30
0.0
 70
0
  0
SEQEND
  5
7E1
  8
CUT
  0
POLYLINE
  5
8B4
  8
CUT
 66
1
 10
0.0
 20
0.0
 30
0.0
 70
1
  0
VERTEX
  5
8B6
  8
CUT
 10
1157.1700067694937
 20
187.77099036448794
 30
0.0
 70
0
  0
VERTEX
  5
8B7
  8
CUT
 10
1156.4897978429242
 20
187.69786033559566
 30
0.0
 70
0
  0
VERTEX
  5
8B8
  8
CUT
 10
1155.8406787278877
 20
187.4818127496224
 30
0.0
 70
0
  0
VERTEX
  5
8B9
  8
CUT
 10
1155.2523182366574
 20
187.13272233544592
 30
0.0
 70
0
  0
VERTEX
  5
8BA
  8
CUT
 10
1154.7516081315603
 20
186.6665447131129
 30
0.0
 70
0
  0
VERTEX
  5
8BB
  8
CUT
 10
1154.3614340028787
 20
186.10458712199218
 30
0.0
 70
0
  0
VERTEX
  5
8BC
  8
CUT
 10
1154.0996292539273
 20
185.4725345463806
 30
0.0
 70
0
  0
VERTEX
  5
8BD
  8
CUT
 10
1153.978160002741
 20
184.79927575072557
 30
0.0
 70
0
  0
VERTEX
  5
8BE
  8
CUT
 10
1154.0025781554748
 20
184.11558288201354
 30
0.0
 70
0
  0
VERTEX
  5
8BF
  8
CUT
 10
1154.1717676494945
 20
183.45270498977095
 30
0.0
 70
0
  0
VERTEX
  5
8C0
  8
CUT
 10
1154.4779954644341
 20
182.84093974863018
 30
0.0
 70
0
  0
VERTEX
  5
8C1
  8
CUT
 10
1154.907265069697
 20
182.30824866469115
 30
0.0
 70
0
  0
VERTEX
  5
8C2
  8
CUT
 10
1155.4399561536359
 20
181.87897905942833
 30
0.0
 70
0
  0
VERTEX
  5
8C3
  8
CUT
 10
1156.0517213947767
 20
181.5727512444889
 30
0.0
 70
0
  0
VERTEX
  5
8C4
  8
CUT
 10
1156.7145992870192
 20
181.40356175046915
 30
0.0
 70
0
  0
VERTEX
  5
8C5
  8
CUT
 10
1157.3982921557313
 20
181.37914359773532
 30
0.0
 70
0
  0
VERTEX
  5
8C6
  8
CUT
 10
1158.0715509513864
 20
181.50061284892175
 30
0.0
 70
0
  0
VERTEX
  5
8C7
  8
CUT
 10
1158.7036035269978
 20
181.7624175978729
 30
0.0
 70
0
  0
VERTEX
  5
8C8
  8
CUT
 10
1159.2655611181185
 20
182.15259172655448
 30
0.0
 70
0
  0
VERTEX
  5
8C9
  8
CUT
 10
1159.7317387404516
 20
182.6533018316518
 30
0.0
 70
0
  0
VERTEX
  5
8CA
  8
CUT
 10
1160.0808291546282
 20
183.24166232288204
 30
0.0
 70
0
  0
VERTEX
  5
8CB
  8
CUT
 10
1160.2968767406014
 20
183.89078143791855
 30
0.0
 70
0
  0
VERTEX
  5
8CC
  8
CUT
 10
1160.3700067694936
 20
184.57099036448795
 30
0.0
 70
0
  0
VERTEX
  5
8CD
  8
CUT
 10
1194.9700067694937
 20
184.57099036448795
 30
0.0
 70
0
  0
VERTEX
  5
8CE
  8
CUT
 10
1195.043136798386
 20
183.89078143791843
 30
0.0
 70
0
  0
VERTEX
  5
8CF
  8
CUT
 10
1195.2591843843593
 20
183.24166232288192
 30
0.0
 70
0
  0
VERTEX
  5
8D0
  8
CUT
 10
1195.6082747985358
 20
182.65330183165162
 30
0.0
 70
0
  0
VERTEX
  5
8D1
  8
CUT
 10
1196.0744524208687
 20
182.1525917265543
 30
0.0
 70
0
  0
VERTEX
  5
8D2
  8
CUT
 10
1196.6364100119895
 20
181.7624175978727
 30
0.0
 70
0
  0
VERTEX
  5
8D3
  8
CUT
 10
1197.268462587601
 20
181.50061284892152
 30
0.0
 70
0
  0
VERTEX
  5
8D4
  8
CUT
 10
1197.9417213832562
 20
181.3791435977351
 30
0.0
 70
0
  0
VERTEX
  5
8D5
  8
CUT
 10
1198.6254142519683
 20
181.40356175046892
 30
0.0
 70
0
  0
VERTEX
  5
8D6
  8
CUT
 10
1199.2882921442108
 20
181.57275124448867
 30
0.0
 70
0
  0
VERTEX
  5
8D7
  8
CUT
 10
1199.9000573853516
 20
181.8789790594281
 30
0.0
 70
0
  0
VERTEX
  5
8D8
  8
CUT
 10
1200.4327484692906
 20
182.30824866469095
 30
0.0
 70
0
  0
VERTEX
  5
8D9
  8
CUT
 10
1200.8620180745536
 20
182.84093974862998
 30
0.0
 70
0
  0
VERTEX
  5
8DA
  8
CUT
 10
1201.168245889493
 20
183.45270498977078
 30
0.0
 70
0
  0
VERTEX
  5
8DB
  8
CUT
 10
1201.3374353835127
 20
184.11558288201337
 30
0.0
 70
0
  0
VERTEX
  5
8DC
  8
CUT
 10
1201.3618535362466
 20
184.79927575072546
 30
0.0
 70
0
  0
VERTEX
  5
8DD
  8
CUT
 10
1201.2403842850601
 20
185.47253454638047
 30
0.0
 70
0
  0
VERTEX
  5
8DE
  8
CUT
 10
1200.978579536109
 20
186.1045871219921
 30
0.0
 70
0
  0
VERTEX
  5
8DF
  8
CUT
 10
1200.5884054074274
 20
186.66654471311284
 30
0.0
 70
0
  0
VERTEX
  5
8E0
  8
CUT
 10
1200.08769530233
 20
187.13272233544586
 30
0.0
 70
0
  0
VERTEX
  5
8E1
  8
CUT
 10
1199.4993348110997
 20
187.48181274962238
 30
0.0
 70
0
  0
VERTEX
  5
8E2
  8
CUT
 10
1198.8502156960633
 20
187.69786033559564
 30
0.0
 70
0
  0
VERTEX
  5
8E3
  8
CUT
 10
1198.1700067694937
 20
187.77099036448794
 30
0.0
 70
0
  0
VERTEX
  5
8E4
  8
CUT
 10
1198.1700067694937
 20
200.37099036448797
 30
0.0
 70
0
  0
VERTEX
  5
8E5
  8
CUT
 10
1198.8502156960633
 20
200.44412039338025
 30
0.0
 70
0
  0
VERTEX
  5
8E6
  8
CUT
 10
1199.4993348110997
 20
200.6601679793535
 30
0.0
 70
0
  0
VERTEX
  5
8E7
  8
CUT
 10
1200.08769530233
 20
201.00925839353002
 30
0.0
 70
0
  0
VERTEX
  5
8E8
  8
CUT
 10
1200.5884054074274
 20
201.47543601586307
 30
0.0
 70
0
  0
VERTEX
  5
8E9
  8
CUT
 10
1200.978579536109
 20
202.03739360698378
 30
0.0
 70
0
  0
VERTEX
  5
8EA
  8
CUT
 10
1201.2403842850601
 20
202.6694461825954
 30
0.0
 70
0
  0
VERTEX
  5
8EB
  8
CUT
 10
1201.3618535362466
 20
203.34270497825045
 30
0.0
 70
0
  0
VERTEX
  5
8EC
  8
CUT
 10
1201.3374353835127
 20
204.0263978469625
 30
0.0
 70
0
  0
VERTEX
  5
8ED
  8
CUT
 10
1201.168245889493
 20
204.6892757392051
 30
0.0
 70
0
  0
VERTEX
  5
8EE
  8
CUT
 10
1200.8620180745536
 20
205.3010409803459
 30
0.0
 70
0
  0
VERTEX
  5
8EF
  8
CUT
 10
1200.4327484692908
 20
205.83373206428496
 30
0.0
 70
0
  0
VERTEX
  5
8F0
  8
CUT
 10
1199.9000573853516
 20
206.26300166954778
 30
0.0
 70
0
  0
VERTEX
  5
8F1
  8
CUT
 10
1199.2882921442108
 20
206.56922948448724
 30
0.0
 70
0
  0
VERTEX
  5
8F2
  8
CUT
 10
1198.6254142519683
 20
206.73841897850699
 30
0.0
 70
0
  0
VERTEX
  5
8F3
  8
CUT
 10
1197.9417213832562
 20
206.76283713124081
 30
0.0
 70
0
  0
VERTEX
  5
8F4
  8
CUT
 10
1197.268462587601
 20
206.6413678800544
 30
0.0
 70
0
  0
VERTEX
  5
8F5
  8
CUT
 10
1196.6364100119895
 20
206.37956313110323
 30
0.0
 70
0
  0
VERTEX
  5
8F6
  8
CUT
 10
1196.0744524208687
 20
205.98938900242163
 30
0.0
 70
0
  0
VERTEX
  5
8F7
  8
CUT
 10
1195.6082747985358
 20
205.4886788973243
 30
0.0
 70
0
  0
VERTEX
  5
8F8
  8
CUT
 10
1195.2591843843593
 20
204.90031840609402
 30
0.0
 70
0
  0
VERTEX
  5
8F9
  8
CUT
 10
1195.043136798386
 20
204.2511992910575
 30
0.0
 70
0
  0
VERTEX
  5
8FA
  8
CUT
 10
1194.9700067694937
 20
203.57099036448795
 30
0.0
 70
0
  0
VERTEX
  5
8FB
  8
CUT
 10
1160.3700067694936
 20
203.57099036448795
 30
0.0
 70
0
  0
VERTEX
  5
8FC
  8
CUT
 10
1160.2968767406014
 20
204.25119929105745
 30
0.0
 70
0
  0
VERTEX
  5
8FD
  8
CUT
 10
1160.080829154628
 20
204.90031840609393
 30
0.0
 70
0
  0
VERTEX
  5
8FE
  8
CUT
 10
1159.7317387404516
 20
205.48867889732418
 30
0.0
 70
0
  0
VERTEX
  5
8FF
  8
CUT
 10
1159.2655611181185
 20
205.9893890024215
 30
0.0
 70
0
  0
VERTEX
  5
900
  8
CUT
 10
1158.7036035269978
 20
206.37956313110305
 30
0.0
 70
0
  0
VERTEX
  5
901
  8
CUT
 10
1158.0715509513861
 20
206.6413678800542
 30
0.0
 70
0
  0
VERTEX
  5
902
  8
CUT
 10
1157.3982921557313
 20
206.7628371312406
 30
0.0
 70
0
  0
VERTEX
  5
903
  8
CUT
 10
1156.7145992870192
 20
206.73841897850676
 30
0.0
 70
0
  0
VERTEX
  5
904
  8
CUT
 10
1156.0517213947767
 20
206.56922948448698
 30
0.0
 70
0
  0
VERTEX
  5
905
  8
CUT
 10
1155.4399561536359
 20
206.26300166954752
 30
0.0
 70
0
  0
VERTEX
  5
906
  8
CUT
 10
1154.907265069697
 20
205.8337320642847
 30
0.0
 70
0
  0
VERTEX
  5
907
  8
CUT
 10
1154.477995464434
 20
205.30104098034565
 30
0.0
 70
0
  0
VERTEX
  5
908
  8
CUT
 10
1154.1717676494945
 20
204.68927573920487
 30
0.0
 70
0
  0
VERTEX
  5
909
  8
CUT
 10
1154.0025781554748
 20
204.02639784696228
 30
0.0
 70
0
  0
VERTEX
  5
90A
  8
CUT
 10
1153.978160002741
 20
203.34270497825025
 30
0.0
 70
0
  0
VERTEX
  5
90B
  8
CUT
 10
1154.0996292539276
 20
202.66944618259524
 30
0.0
 70
0
  0
VERTEX
  5
90C
  8
CUT
 10
1154.3614340028787
 20
202.03739360698367
 30
0.0
 70
0
  0
VERTEX
  5
90D
  8
CUT
 10
1154.7516081315603
 20
201.47543601586295
 30
0.0
 70
0
  0
VERTEX
  5
90E
  8
CUT
 10
1155.2523182366576
 20
201.00925839352993
 30
0.0
 70
0
  0
VERTEX
  5
90F
  8
CUT
 10
1155.8406787278877
 20
200.66016797935347
 30
0.0
 70
0
  0
VERTEX
  5
910
  8
CUT
 10
1156.4897978429244
 20
200.44412039338025
 30
0.0
 70
0
  0
VERTEX
  5
911
  8
CUT
 10
1157.1700067694937
 20
200.37099036448797
 30
0.0
 70
0
  0
SEQEND
  5
8B5
  8
CUT
  0
POLYLINE
  5
912
  8
CUT
 66
1
 10
0.0
 20
0.0
 30
0.0
 70
1
  0
VERTEX
  5
914
  8
CUT
 10
1341.9719739594823
 20
187.77099036448794
 30
0.0
 70
0
  0
VERTEX
  5
915
  8
CUT
 10
1341.2917650329127
 20
187.6978603355956
 30
0.0
 70
0
  0
VERTEX
  5
916
  8
CUT
 10
1340.6426459178763
 20
187.4818127496223
 30
0.0
 70
0
  0
VERTEX
  5
917
  8
CUT
 10
1340.054285426646
 20
187.13272233544575
 30
0.0
 70
0
  0
VERTEX
  5
918
  8
CUT
 10
1339.5535753215488
 20
186.66654471311267
 30
0.0
 70
0
  0
VERTEX
  5
919
  8
CUT
 10
1339.1634011928672
 20
186.10458712199193
 30
0.0
 70
0
  0
VERTEX
  5
91A
  8
CUT
 10
1338.901596443916
 20
185.47253454638027
 30
0.0
 70
0
  0
VERTEX
  5
91B
  8
CUT
 10
1338.7801271927297
 20
184.79927575072526
 30
0.0
 70
0
  0
VERTEX
  5
91C
  8
CUT
 10
1338.8045453454636
 20
184.1155828820132
 30
0.0
 70
0
  0
VERTEX
  5
91D
  8
CUT
 10
1338.9737348394833
 20
183.45270498977058
 30
0.0
 70
0
  0
VERTEX
  5
91E
  8
CUT
 10
1339.279962654423
 20
182.8409397486298
 30
0.0
 70
0
  0
VERTEX
  5
91F
  8
CUT
 10
1339.7092322596857
 20
182.3082486646908
 30
0.0
 70
0
  0
VERTEX
  5
920
  8
CUT
 10
1340.2419233436249
 20
181.87897905942802
 30
0.0
 70
0
  0
VERTEX
  5
921
  8
CUT
 10
1340.8536885847657
 20
181.5727512444886
 30
0.0
 70
0
  0
VERTEX
  5
922
  8
CUT
 10
1341.5165664770082
 20
181.4035617504689
 30
0.0
 70
0
  0
VERTEX
  5
923
  8
CUT
 10
1342.2002593457203
 20
181.37914359773512
 30
0.0
 70
0
  0
VERTEX
  5
924
  8
CUT
 10
1342.8735181413754
 20
181.50061284892158
 30
0.0
 70
0
  0
VERTEX
  5
925
  8
CUT
 10
1343.505570716987
 20
181.7624175978728
 30
0.0
 70
0
  0
VERTEX
  5
926
  8
CUT
 10
1344.0675283081075
 20
182.15259172655445
 30
0.0
 70
0
  0
VERTEX
  5
927
  8
CUT
 10
1344.5337059304406
 20
182.6533018316518
 30
0.0
 70
0
  0
VERTEX
  5
928
  8
CUT
 10
1344.8827963446172
 20
183.2416623228821
 30
0.0
 70
0
  0
VERTEX
  5
929
  8
CUT
 10
1345.0988439305902
 20
183.89078143791863
 30
0.0
 70
0
  0
VERTEX
  5
92A
  8
CUT
 10
1345.1719739594823
 20
184.57099036448795
 30
0.0
 70
0
  0
VERTEX
  5
92B
  8
CUT
 10
1379.7719739594822
 20
184.57099036448795
 30
0.0
 70
0
  0
VERTEX
  5
92C
  8
CUT
 10
1379.8451039883744
 20
183.89078143791843
 30
0.0
 70
0
  0
VERTEX
  5
92D
  8
CUT
 10
1380.0611515743476
 20
183.24166232288192
 30
0.0
 70
0
  0
VERTEX
  5
92E
  8
CUT
 10
1380.4102419885241
 20
182.65330183165162
 30
0.0
 70
0
  0
VERTEX
  5
92F
  8
CUT
 10
1380.876419610857
 20
182.1525917265543
 30
0.0
 70
0
  0
VERTEX
  5
930
  8
CUT
 10
1381.4383772019778
 20
181.7624175978727
 30
0.0
 70
0
  0
VERTEX
  5
931
  8
CUT
 10
1382.0704297775894
 20
181.50061284892152
 30
0.0
 70
0
  0
VERTEX
  5
932
  8
CUT
 10
1382.7436885732445
 20
181.3791435977351
 30
0.0
 70
0
  0
VERTEX
  5
933
  8
CUT
 10
1383.4273814419566
 20
181.40356175046892
 30
0.0
 70
0
  0
VERTEX
  5
934
  8
CUT
 10
1384.0902593341991
 20
181.57275124448867
 30
0.0
 70
0
  0
VERTEX
  5
935
  8
CUT
 10
1384.70202457534
 20
181.8789790594281
 30
0.0
 70
0
  0
VERTEX
  5
936
  8
CUT
 10
1385.234715659279
 20
182.30824866469095
 30
0.0
 70
0
  0
VERTEX
  5
937
  8
CUT
 10
1385.663985264542
 20
182.84093974862998
 30
0.0
 70
0
  0
VERTEX
  5
938
  8
CUT
 10
1385.9702130794813
 20
183.45270498977078
 30
0.0
 70
0
  0
VERTEX
  5
939
  8
CUT
 10
1386.139402573501
 20
184.11558288201337
 30
0.0
 70
0
  0
VERTEX
  5
93A
  8
CUT
 10
1386.163820726235
 20
184.79927575072546
 30
0.0
 70
0
  0
VERTEX
  5
93B
  8
CUT
 10
1386.0423514750485
 20
185.47253454638047
 30
0.0
 70
0
  0
VERTEX
  5
93C
  8
CUT
 10
1385.7805467260973
 20
186.1045871219921
 30
0.0
 70
0
  0
VERTEX
  5
93D
  8
CUT
 10
1385.3903725974158
 20
186.66654471311284
 30
0.0
 70
0
  0
VERTEX
  5
93E
  8
CUT
 10
1384.8896624923184
 20
187.13272233544586
 30
0.0
 70
0
  0
VERTEX
  5
93F
  8
CUT
 10
1384.301302001088
 20
187.48181274962238
 30
0.0
 70
0
  0
VERTEX
  5
940
  8
CUT
 10
1383.6521828860516
 20
187.69786033559564
 30
0.0
 70
0
  0
VERTEX
  5
941
  8
CUT
 10
1382.9719739594823
 20
187.77099036448794
 30
0.0
 70
0
  0
VERTEX
  5
942
  8
CUT
 10
1382.9719739594823
 20
200.37099036448797
 30
0.0
 70
0
  0
VERTEX
  5
943
  8
CUT
 10
1383.6521828860518
 20
200.4441203933803
 30
0.0
 70
0
  0
VERTEX
  5
944
  8
CUT
 10
1384.3013020010883
 20
200.66016797935362
 30
0.0
 70
0
  0
VERTEX
  5
945
  8
CUT
 10
1384.8896624923186
 20
201.00925839353016
 30
0.0
 70
0
  0
VERTEX
  5
946
  8
CUT
 10
1385.3903725974158
 20
201.47543601586324
 30
0.0
 70
0
  0
VERTEX
  5
947
  8
CUT
 10
1385.7805467260973
 20
202.03739360698398
 30
0.0
 70
0
  0
VERTEX
  5
948
  8
CUT
 10
1386.0423514750485
 20
202.66944618259564
 30
0.0
 70
0
  0
VERTEX
  5
949
  8
CUT
 10
1386.163820726235
 20
203.34270497825065
 30
0.0
 70
0
  0
VERTEX
  5
94A
  8
CUT
 10
1386.139402573501
 20
204.0263978469627
 30
0.0
 70
0
  0
VERTEX
  5
94B
  8
CUT
 10
1385.9702130794813
 20
204.68927573920533
 30
0.0
 70
0
  0
VERTEX
  5
94C
  8
CUT
 10
1385.6639852645417
 20
205.3010409803461
 30
0.0
 70
0
  0
VERTEX
  5
94D
  8
CUT
 10
1385.234715659279
 20
205.8337320642851
 30
0.0
 70
0
  0
VERTEX
  5
94E
  8
CUT
 10
1384.7020245753397
 20
206.2630016695479
 30
0.0
 70
0
  0
VERTEX
  5
94F
  8
CUT
 10
1384.090259334199
 20
206.56922948448732
 30
0.0
 70
0
  0
VERTEX
  5
950
  8
CUT
 10
1383.4273814419564
 20
206.738418978507
 30
0.0
 70
0
  0
VERTEX
  5
951
  8
CUT
 10
1382.7436885732443
 20
206.7628371312408
 30
0.0
 70
0
  0
VERTEX
  5
952
  8
CUT
 10
1382.0704297775892
 20
206.64136788005433
 30
0.0
 70
0
  0
VERTEX
  5
953
  8
CUT
 10
1381.4383772019776
 20
206.3795631311031
 30
0.0
 70
0
  0
VERTEX
  5
954
  8
CUT
 10
1380.876419610857
 20
205.98938900242146
 30
0.0
 70
0
  0
VERTEX
  5
955
  8
CUT
 10
1380.410241988524
 20
205.48867889732412
 30
0.0
 70
0
  0
VERTEX
  5
956
  8
CUT
 10
1380.0611515743474
 20
204.90031840609382
 30
0.0
 70
0
  0
VERTEX
  5
957
  8
CUT
 10
1379.8451039883744
 20
204.25119929105728
 30
0.0
 70
0
  0
VERTEX
  5
958
  8
CUT
 10
1379.7719739594822
 20
203.57099036448795
 30
0.0
 70
0
  0
VERTEX
  5
959
  8
CUT
 10
1345.1719739594823
 20
203.57099036448795
 30
0.0
 70
0
  0
VERTEX
  5
95A
  8
CUT
 10
1345.0988439305902
 20
204.25119929105747
 30
0.0
 70
0
  0
VERTEX
  5
95B
  8
CUT
 10
1344.882796344617
 20
204.900318406094
 30
0.0
 70
0
  0
VERTEX
  5
95C
  8
CUT
 10
1344.5337059304404
 20
205.4886788973243
 30
0.0
 70
0
  0
VERTEX
  5
95D
  8
CUT
 10
1344.0675283081075
 20
205.9893890024216
 30
0.0
 70
0
  0
VERTEX
  5
95E
  8
CUT
 10
1343.5055707169868
 20
206.3795631311032
 30
0.0
 70
0
  0
VERTEX
  5
95F
  8
CUT
 10
1342.8735181413751
 20
206.6413678800544
 30
0.0
 70
0
  0
VERTEX
  5
960
  8
CUT
 10
1342.20025934572
 20
206.76283713124081
 30
0.0
 70
0
  0
VERTEX
  5
961
  8
CUT
 10
1341.516566477008
 20
206.73841897850699
 30
0.0
 70
0
  0
VERTEX
  5
962
  8
CUT
 10
1340.8536885847655
 20
206.56922948448724
 30
0.0
 70
0
  0
VERTEX
  5
963
  8
CUT
 10
1340.2419233436246
 20
206.2630016695478
 30
0.0
 70
0
  0
VERTEX
  5
964
  8
CUT
 10
1339.7092322596857
 20
205.83373206428496
 30
0.0
 70
0
  0
VERTEX
  5
965
  8
CUT
 10
1339.2799626544227
 20
205.30104098034593
 30
0.0
 70
0
  0
VERTEX
  5
966
  8
CUT
 10
1338.9737348394833
 20
204.68927573920513
 30
0.0
 70
0
  0
VERTEX
  5
967
  8
CUT
 10
1338.8045453454636
 20
204.02639784696254
 30
0.0
 70
0
  0
VERTEX
  5
968
  8
CUT
 10
1338.7801271927297
 20
203.34270497825048
 30
0.0
 70
0
  0
VERTEX
  5
969
  8
CUT
 10
1338.901596443916
 20
202.66944618259544
 30
0.0
 70
0
  0
VERTEX
  5
96A
  8
CUT
 10
1339.1634011928672
 20
202.0373936069838
 30
0.0
 70
0
  0
VERTEX
  5
96B
  8
CUT
 10
1339.5535753215488
 20
201.47543601586307
 30
0.0
 70
0
  0
VERTEX
  5
96C
  8
CUT
 10
1340.0542854266462
 20
201.00925839353005
 30
0.0
 70
0
  0
VERTEX
  5
96D
  8
CUT
 10
1340.6426459178765
 20
200.66016797935353
 30
0.0
 70
0
  0
VERTEX
  5
96E
  8
CUT
 10
1341.291765032913
 20
200.44412039338027
 30
0.0
 70
0
  0
VERTEX
  5
96F
  8
CUT
 10
1341.9719739594823
 20
200.37099036448797
 30
0.0
 70
0
  0
SEQEND
  5
913
  8
CUT
  0
POLYLINE
  5
970
  8
CUT
 66
1
 10
0.0
 20
0.0
 30
0.0
 70
1
  0
VERTEX
  5
972
  8
CUT
 10
1276.3709903644879
 20
81.17000676949367
 30
0.0
 70
0
  0
VERTEX
  5
973
  8
CUT
 10
1276.4441203933802
 20
80.48979784292413
 30
0.0
 70
0
  0
VERTEX
  5
974
  8
CUT
 10
1276.6601679793534
 20
79.84067872788762
 30
0.0
 70
0
  0
VERTEX
  5
975
  8
CUT
 10
1277.00925839353
 20
79.25231823665735
 30
0.0
 70
0
  0
VERTEX
  5
976
  8
CUT
 10
1277.475436015863
 20
78.75160813156002
 30
0.0
 70
0
  0
VERTEX
  5
977
  8
CUT
 10
1278.0373936069836
 20
78.36143400287843
 30
0.0
 70
0
  0
VERTEX
  5
978
  8
CUT
 10
1278.6694461825953
 20
78.09962925392725
 30
0.0
 70
0
  0
VERTEX
  5
979
  8
CUT
 10
1279.3427049782504
 20
77.97816000274082
 30
0.0
 70
0
  0
VERTEX
  5
97A
  8
CUT
 10
1280.0263978469625
 20
78.00257815547464
 30
0.0
 70
0
  0
VERTEX
  5
97B
  8
CUT
 10
1280.689275739205
 20
78.17176764949438
 30
0.0
 70
0
  0
VERTEX
  5
97C
  8
CUT
 10
1281.3010409803458
 20
78.47799546443385
 30
0.0
 70
0
  0
VERTEX
  5
97D
  8
CUT
 10
1281.833732064285
 20
78.90726506969668
 30
0.0
 70
0
  0
VERTEX
  5
97E
  8
CUT
 10
1282.2630016695477
 20
79.43995615363572
 30
0.0
 70
0
  0
VERTEX
  5
97F
  8
CUT
 10
1282.569229484487
 20
80.05172139477652
 30
0.0
 70
0
  0
VERTEX
  5
980
  8
CUT
 10
1282.7384189785068
 20
80.71459928701913
 30
0.0
 70
0
  0
VERTEX
  5
981
  8
CUT
 10
1282.7628371312408
 20
81.39829215573118
 30
0.0
 70
0
  0
VERTEX
  5
982
  8
CUT
 10
1282.6413678800543
 20
82.07155095138621
 30
0.0
 70
0
  0
VERTEX
  5
983
  8
CUT
 10
1282.3795631311032
 20
82.70360352699784
 30
0.0
 70
0
  0
VERTEX
  5
984
  8
CUT
 10
1281.9893890024216
 20
83.26556111811857
 30
0.0
 70
0
  0
VERTEX
  5
985
  8
CUT
 10
1281.4886788973242
 20
83.73173874045162
 30
0.0
 70
0
  0
VERTEX
  5
986
  8
CUT
 10
1280.900318406094
 20
84.08082915462813
 30
0.0
 70
0
  0
VERTEX
  5
987
  8
CUT
 10
1280.2511992910574
 20
84.29687674060139
 30
0.0
 70
0
  0
VERTEX
  5
988
  8
CUT
 10
1279.570990364488
 20
84.37000676949367
 30
0.0
 70
0
  0
VERTEX
  5
989
  8
CUT
 10
1279.570990364488
 20
118.97000676949366
 30
0.0
 70
0
  0
VERTEX
  5
98A
  8
CUT
 10
1280.2511992910574
 20
119.04313679838594
 30
0.0
 70
0
  0
VERTEX
  5
98B
  8
CUT
 10
1280.900318406094
 20
119.2591843843592
 30
0.0
 70
0
  0
VERTEX
  5
98C
  8
CUT
 10
1281.4886788973242
 20
119.6082747985357
 30
0.0
 70
0
  0
VERTEX
  5
98D
  8
CUT
 10
1281.9893890024216
 20
120.07445242086875
 30
0.0
 70
0
  0
VERTEX
  5
98E
  8
CUT
 10
1282.3795631311032
 20
120.63641001198948
 30
0.0
 70
0
  0
VERTEX
  5
98F
  8
CUT
 10
1282.6413678800543
 20
121.2684625876011
 30
0.0
 70
0
  0
VERTEX
  5
990
  8
CUT
 10
1282.7628371312408
 20
121.94172138325614
 30
0.0
 70
0
  0
VERTEX
  5
991
  8
CUT
 10
1282.7384189785068
 20
122.6254142519682
 30
0.0
 70
0
  0
VERTEX
  5
992
  8
CUT
 10
1282.569229484487
 20
123.2882921442108
 30
0.0
 70
0
  0
VERTEX
  5
993
  8
CUT
 10
1282.2630016695477
 20
123.9000573853516
 30
0.0
 70
0
  0
VERTEX
  5
994
  8
CUT
 10
1281.833732064285
 20
124.43274846929066
 30
0.0
 70
0
  0
VERTEX
  5
995
  8
CUT
 10
1281.3010409803458
 20
124.86201807455348
 30
0.0
 70
0
  0
VERTEX
  5
996
  8
CUT
 10
1280.689275739205
 20
125.16824588949294
 30
0.0
 70
0
  0
VERTEX
  5
997
  8
CUT
 10
1280.0263978469625
 20
125.33743538351268
 30
0.0
 70
0
  0
VERTEX
  5
998
  8
CUT
 10
1279.3427049782504
 20
125.36185353624651
 30
0.0
 70
0
  0
VERTEX
  5
999
  8
CUT
 10
1278.6694461825953
 20
125.2403842850601
 30
0.0
 70
0
  0
VERTEX
  5
99A
  8
CUT
 10
1278.0373936069836
 20
124.97857953610892
 30
0.0
 70
0
  0
VERTEX
  5
99B
  8
CUT
 10
1277.475436015863
 20
124.58840540742733
 30
0.0
 70
0
  0
VERTEX
  5
99C
  8
CUT
 10
1277.00925839353
 20
124.08769530233
 30
0.0
 70
0
  0
VERTEX
  5
99D
  8
CUT
 10
1276.6601679793534
 20
123.49933481109973
 30
0.0
 70
0
  0
VERTEX
  5
99E
  8
CUT
 10
1276.4441203933802
 20
122.85021569606322
 30
0.0
 70
0
  0
VERTEX
  5
99F
  8
CUT
 10
1276.3709903644879
 20
122.17000676949367
 30
0.0
 70
0
  0
VERTEX
  5
9A0
  8
CUT
 10
1263.770990364488
 20
122.17000676949367
 30
0.0
 70
0
  0
VERTEX
  5
9A1
  8
CUT
 10
1263.6978603355956
 20
122.8502156960632
 30
0.0
 70
0
  0
VERTEX
  5
9A2
  8
CUT
 10
1263.4818127496223
 20
123.49933481109971
 30
0.0
 70
0
  0
VERTEX
  5
9A3
  8
CUT
 10
1263.1327223354458
 20
124.08769530232999
 30
0.0
 70
0
  0
VERTEX
  5
9A4
  8
CUT
 10
1262.666544713113
 20
124.58840540742732
 30
0.0
 70
0
  0
VERTEX
  5
9A5
  8
CUT
 10
1262.1045871219922
 20
124.97857953610891
 30
0.0
 70
0
  0
VERTEX
  5
9A6
  8
CUT
 10
1261.4725345463805
 20
125.24038428506009
 30
0.0
 70
0
  0
VERTEX
  5
9A7
  8
CUT
 10
1260.7992757507254
 20
125.36185353624651
 30
0.0
 70
0
  0
VERTEX
  5
9A8
  8
CUT
 10
1260.1155828820133
 20
125.3374353835127
 30
0.0
 70
0
  0
VERTEX
  5
9A9
  8
CUT
 10
1259.4527049897708
 20
125.16824588949295
 30
0.0
 70
0
  0
VERTEX
  5
9AA
  8
CUT
 10
1258.84093974863
 20
124.86201807455349
 30
0.0
 70
0
  0
VERTEX
  5
9AB
  8
CUT
 10
1258.3082486646908
 20
124.43274846929066
 30
0.0
 70
0
  0
VERTEX
  5
9AC
  8
CUT
 10
1257.878979059428
 20
123.90005738535162
 30
0.0
 70
0
  0
VERTEX
  5
9AD
  8
CUT
 10
1257.5727512444887
 20
123.28829214421081
 30
0.0
 70
0
  0
VERTEX
  5
9AE
  8
CUT
 10
1257.403561750469
 20
122.62541425196821
 30
0.0
 70
0
  0
VERTEX
  5
9AF
  8
CUT
 10
1257.379143597735
 20
121.94172138325615
 30
0.0
 70
0
  0
VERTEX
  5
9B0
  8
CUT
 10
1257.5006128489215
 20
121.26846258760112
 30
0.0
 70
0
  0
VERTEX
  5
9B1
  8
CUT
 10
1257.7624175978726
 20
120.6364100119895
 30
0.0
 70
0
  0
VERTEX
  5
9B2
  8
CUT
 10
1258.1525917265542
 20
120.07445242086877
 30
0.0
 70
0
  0
VERTEX
  5
9B3
  8
CUT
 10
1258.6533018316516
 20
119.60827479853572
 30
0.0
 70
0
  0
VERTEX
  5
9B4
  8
CUT
 10
1259.241662322882
 20
119.2591843843592
 30
0.0
 70
0
  0
VERTEX
  5
9B5
  8
CUT
 10
1259.8907814379183
 20
119.04313679838594
 30
0.0
 70
0
  0
VERTEX
  5
9B6
  8
CUT
 10
1260.570990364488
 20
118.97000676949366
 30
0.0
 70
0
  0
VERTEX
  5
9B7
  8
CUT
 10
1260.570990364488
 20
84.37000676949367
 30
0.0
 70
0
  0
VERTEX
  5
9B8
  8
CUT
 10
1259.8907814379183
 20
84.29687674060139
 30
0.0
 70
0
  0
VERTEX
  5
9B9
  8
CUT
 10
1259.241662322882
 20
84.08082915462813
 30
0.0
 70
0
  0
VERTEX
  5
9BA
  8
CUT
 10
1258.6533018316516
 20
83.73173874045163
 30
0.0
 70
0
  0
VERTEX
  5
9BB
  8
CUT
 10
1258.1525917265542
 20
83.26556111811858
 30
0.0
 70
0
  0
VERTEX
  5
9BC
  8
CUT
 10
1257.7624175978726
 20
82.70360352699785
 30
0.0
 70
0
  0
VERTEX
  5
9BD
  8
CUT
 10
1257.5006128489215
 20
82.07155095138623
 30
0.0
 70
0
  0
VERTEX
  5
9BE
  8
CUT
 10
1257.379143597735
 20
81.3982921557312
 30
0.0
 70
0
  0
VERTEX
  5
9BF
  8
CUT
 10
1257.403561750469
 20
80.71459928701914
 30
0.0
 70
0
  0
VERTEX
  5
9C0
  8
CUT
 10
1257.5727512444887
 20
80.05172139477654
 30
0.0
 70
0
  0
VERTEX
  5
9C1
  8
CUT
 10
1257.878979059428
 20
79.43995615363573
 30
0.0
 70
0
  0
VERTEX
  5
9C2
  8
CUT
 10
1258.3082486646908
 20
78.90726506969668
 30
0.0
 70
0
  0
VERTEX
  5
9C3
  8
CUT
 10
1258.84093974863
 20
78.47799546443386
 30
0.0
 70
0
  0
VERTEX
  5
9C4
  8
CUT
 10
1259.4527049897708
 20
78.1717676494944
 30
0.0
 70
0
  0
VERTEX
  5
9C5
  8
CUT
 10
1260.1155828820133
 20
78.00257815547465
 30
0.0
 70
0
  0
VERTEX
  5
9C6
  8
CUT
 10
1260.7992757507254
 20
77.97816000274082
 30
0.0
 70
0
  0
VERTEX
  5
9C7
  8
CUT
 10
1261.4725345463805
 20
78.09962925392723
 30
0.0
 70
0
  0
VERTEX
  5
9C8
  8
CUT
 10
1262.1045871219922
 20
78.36143400287841
 30
0.0
 70
0
  0
VERTEX
  5
9C9
  8
CUT
 10
1262.666544713113
 20
78.75160813156
 30
0.0
 70
0
  0
VERTEX
  5
9CA
  8
CUT
 10
1263.1327223354458
 20
79.25231823665733
 30
0.0
 70
0
  0
VERTEX
  5
9CB
  8
CUT
 10
1263.4818127496223
 20
79.8406787278876
 30
0.0
 70
0
  0
VERTEX
  5
9CC
  8
CUT
 10
1263.6978603355956
 20
80.48979784292412
 30
0.0
 70
0
  0
VERTEX
  5
9CD
  8
CUT
 10
1263.770990364488
 20
81.17000676949367
 30
0.0
 70
0
  0
SEQEND
  5
971
  8
CUT
  0
POLYLINE
  5
9CE
  8
CUT
 66
1
 10
0.0
 20
0.0
 30
0.0
 70
1
  0
VERTEX
  5
9D0
  8
CUT
 10
1276.370990364488
 20
265.9719739594822
 30
0.0
 70
0
  0
VERTEX
  5
9D1
  8
CUT
 10
1276.4441203933802
 20
265.29176503291274
 30
0.0
 70
0
  0
VERTEX
  5
9D2
  8
CUT
 10
1276.6601679793534
 20
264.6426459178762
 30
0.0
 70
0
  0
VERTEX
  5
9D3
  8
CUT
 10
1277.00925839353
 20
264.054285426646
 30
0.0
 70
0
  0
VERTEX
  5
9D4
  8
CUT
 10
1277.4754360158631
 20
263.5535753215487
 30
0.0
 70
0
  0
VERTEX
  5
9D5
  8
CUT
 10
1278.0373936069839
 20
263.1634011928671
 30
0.0
 70
0
  0
VERTEX
  5
9D6
  8
CUT
 10
1278.6694461825955
 20
262.901596443916
 30
0.0
 70
0
  0
VERTEX
  5
9D7
  8
CUT
 10
1279.3427049782504
 20
262.78012719272954
 30
0.0
 70
0
  0
VERTEX
  5
9D8
  8
CUT
 10
1280.0263978469625
 20
262.8045453454634
 30
0.0
 70
0
  0
VERTEX
  5
9D9
  8
CUT
 10
1280.689275739205
 20
262.97373483948314
 30
0.0
 70
0
  0
VERTEX
  5
9DA
  8
CUT
 10
1281.3010409803458
 20
263.2799626544226
 30
0.0
 70
0
  0
VERTEX
  5
9DB
  8
CUT
 10
1281.8337320642847
 20
263.70923225968545
 30
0.0
 70
0
  0
VERTEX
  5
9DC
  8
CUT
 10
1282.2630016695475
 20
264.2419233436245
 30
0.0
 70
0
  0
VERTEX
  5
9DD
  8
CUT
 10
1282.569229484487
 20
264.8536885847653
 30
0.0
 70
0
  0
VERTEX
  5
9DE
  8
CUT
 10
1282.7384189785068
 20
265.5165664770078
 30
0.0
 70
0
  0
VERTEX
  5
9DF
  8
CUT
 10
1282.7628371312405
 20
266.20025934571987
 30
0.0
 70
0
  0
VERTEX
  5
9E0
  8
CUT
 10
1282.641367880054
 20
266.87351814137486
 30
0.0
 70
0
  0
VERTEX
  5
9E1
  8
CUT
 10
1282.379563131103
 20
267.5055707169865
 30
0.0
 70
0
  0
VERTEX
  5
9E2
  8
CUT
 10
1281.9893890024214
 20
268.06752830810717
 30
0.0
 70
0
  0
VERTEX
  5
9E3
  8
CUT
 10
1281.488678897324
 20
268.5337059304402
 30
0.0
 70
0
  0
VERTEX
  5
9E4
  8
CUT
 10
1280.900318406094
 20
268.8827963446167
 30
0.0
 70
0
  0
VERTEX
  5
9E5
  8
CUT
 10
1280.2511992910574
 20
269.0988439305899
 30
0.0
 70
0
  0
VERTEX
  5
9E6
  8
CUT
 10
1279.570990364488
 20
269.1719739594822
 30
0.0
 70
0
  0
VERTEX
  5
9E7
  8
CUT
 10
1279.570990364488
 20
303.77197395948224
 30
0.0
 70
0
  0
VERTEX
  5
9E8
  8
CUT
 10
1280.2511992910574
 20
303.84510398837455
 30
0.0
 70
0
  0
VERTEX
  5
9E9
  8
CUT
 10
1280.900318406094
 20
304.0611515743478
 30
0.0
 70
0
  0
VERTEX
  5
9EA
  8
CUT
 10
1281.4886788973242
 20
304.4102419885243
 30
0.0
 70
0
  0
VERTEX
  5
9EB
  8
CUT
 10
1281.9893890024214
 20
304.87641961085734
 30
0.0
 70
0
  0
VERTEX
  5
9EC
  8
CUT
 10
1282.379563131103
 20
305.438377201978
 30
0.0
 70
0
  0
VERTEX
  5
9ED
  8
CUT
 10
1282.6413678800543
 20
306.0704297775896
 30
0.0
 70
0
  0
VERTEX
  5
9EE
  8
CUT
 10
1282.7628371312405
 20
306.74368857324464
 30
0.0
 70
0
  0
VERTEX
  5
9EF
  8
CUT
 10
1282.7384189785068
 20
307.42738144195664
 30
0.0
 70
0
  0
VERTEX
  5
9F0
  8
CUT
 10
1282.569229484487
 20
308.09025933419923
 30
0.0
 70
0
  0
VERTEX
  5
9F1
  8
CUT
 10
1282.2630016695475
 20
308.70202457534003
 30
0.0
 70
0
  0
VERTEX
  5
9F2
  8
CUT
 10
1281.8337320642847
 20
309.23471565927906
 30
0.0
 70
0
  0
VERTEX
  5
9F3
  8
CUT
 10
1281.3010409803458
 20
309.66398526454185
 30
0.0
 70
0
  0
VERTEX
  5
9F4
  8
CUT
 10
1280.689275739205
 20
309.9702130794813
 30
0.0
 70
0
  0
VERTEX
  5
9F5
  8
CUT
 10
1280.0263978469625
 20
310.13940257350106
 30
0.0
 70
0
  0
VERTEX
  5
9F6
  8
CUT
 10
1279.3427049782504
 20
310.16382072623486
 30
0.0
 70
0
  0
VERTEX
  5
9F7
  8
CUT
 10
1278.6694461825953
 20
310.04235147504846
 30
0.0
 70
0
  0
VERTEX
  5
9F8
  8
CUT
 10
1278.0373936069839
 20
309.7805467260973
 30
0.0
 70
0
  0
VERTEX
  5
9F9
  8
CUT
 10
1277.4754360158631
 20
309.3903725974157
 30
0.0
 70
0
  0
VERTEX
  5
9FA
  8
CUT
 10
1277.00925839353
 20
308.88966249231845
 30
0.0
 70
0
  0
VERTEX
  5
9FB
  8
CUT
 10
1276.6601679793534
 20
308.3013020010882
 30
0.0
 70
0
  0
VERTEX
  5
9FC
  8
CUT
 10
1276.4441203933802
 20
307.65218288605166
 30
0.0
 70
0
  0
VERTEX
  5
9FD
  8
CUT
 10
1276.370990364488
 20
306.9719739594822
 30
0.0
 70
0
  0
VERTEX
  5
9FE
  8
CUT
 10
1263.770990364488
 20
306.9719739594822
 30
0.0
 70
0
  0
VERTEX
  5
9FF
  8
CUT
 10
1263.6978603355956
 20
307.6521828860518
 30
0.0
 70
0
  0
VERTEX
  5
A00
  8
CUT
 10
1263.4818127496223
 20
308.3013020010883
 30
0.0
 70
0
  0
VERTEX
  5
A01
  8
CUT
 10
1263.1327223354458
 20
308.88966249231856
 30
0.0
 70
0
  0
VERTEX
  5
A02
  8
CUT
 10
1262.666544713113
 20
309.3903725974159
 30
0.0
 70
0
  0
VERTEX
  5
A03
  8
CUT
 10
1262.1045871219922
 20
309.7805467260975
 30
0.0
 70
0
  0
VERTEX
  5
A04
  8
CUT
 10
1261.4725345463805
 20
310.0423514750487
 30
0.0
 70
0
  0
VERTEX
  5
A05
  8
CUT
 10
1260.7992757507254
 20
310.1638207262351
 30
0.0
 70
0
  0
VERTEX
  5
A06
  8
CUT
 10
1260.1155828820135
 20
310.1394025735013
 30
0.0
 70
0
  0
VERTEX
  5
A07
  8
CUT
 10
1259.4527049897708
 20
309.97021307948154
 30
0.0
 70
0
  0
VERTEX
  5
A08
  8
CUT
 10
1258.84093974863
 20
309.66398526454213
 30
0.0
 70
0
  0
VERTEX
  5
A09
  8
CUT
 10
1258.308248664691
 20
309.2347156592793
 30
0.0
 70
0
  0
VERTEX
  5
A0A
  8
CUT
 10
1257.878979059428
 20
308.70202457534026
 30
0.0
 70
0
  0
VERTEX
  5
A0B
  8
CUT
 10
1257.5727512444887
 20
308.09025933419946
 30
0.0
 70
0
  0
VERTEX
  5
A0C
  8
CUT
 10
1257.403561750469
 20
307.42738144195687
 30
0.0
 70
0
  0
VERTEX
  5
A0D
  8
CUT
 10
1257.379143597735
 20
306.7436885732448
 30
0.0
 70
0
  0
VERTEX
  5
A0E
  8
CUT
 10
1257.5006128489215
 20
306.07042977758977
 30
0.0
 70
0
  0
VERTEX
  5
A0F
  8
CUT
 10
1257.7624175978726
 20
305.43837720197814
 30
0.0
 70
0
  0
VERTEX
  5
A10
  8
CUT
 10
1258.1525917265542
 20
304.8764196108574
 30
0.0
 70
0
  0
VERTEX
  5
A11
  8
CUT
 10
1258.6533018316516
 20
304.4102419885244
 30
0.0
 70
0
  0
VERTEX
  5
A12
  8
CUT
 10
1259.241662322882
 20
304.06115157434783
 30
0.0
 70
0
  0
VERTEX
  5
A13
  8
CUT
 10
1259.8907814379183
 20
303.84510398837455
 30
0.0
 70
0
  0
VERTEX
  5
A14
  8
CUT
 10
1260.570990364488
 20
303.77197395948224
 30
0.0
 70
0
  0
VERTEX
  5
A15
  8
CUT
 10
1260.570990364488
 20
269.1719739594822
 30
0.0
 70
0
  0
VERTEX
  5
A16
  8
CUT
 10
1259.8907814379183
 20
269.0988439305899
 30
0.0
 70
0
  0
VERTEX
  5
A17
  8
CUT
 10
1259.241662322882
 20
268.8827963446166
 30
0.0
 70
0
  0
VERTEX
  5
A18
  8
CUT
 10
1258.6533018316516
 20
268.53370593044014
 30
0.0
 70
0
  0
VERTEX
  5
A19
  8
CUT
 10
1258.1525917265542
 20
268.0675283081071
 30
0.0
 70
0
  0
VERTEX
  5
A1A
  8
CUT
 10
1257.7624175978726
 20
267.50557071698637
 30
0.0
 70
0
  0
VERTEX
  5
A1B
  8
CUT
 10
1257.5006128489215
 20
266.87351814137475
 30
0.0
 70
0
  0
VERTEX
  5
A1C
  8
CUT
 10
1257.379143597735
 20
266.2002593457197
 30
0.0
 70
0
  0
VERTEX
  5
A1D
  8
CUT
 10
1257.403561750469
 20
265.51656647700764
 30
0.0
 70
0
  0
VERTEX
  5
A1E
  8
CUT
 10
1257.5727512444887
 20
264.85368858476505
 30
0.0
 70
0
  0
VERTEX
  5
A1F
  8
CUT
 10
1257.878979059428
 20
264.24192334362425
 30
0.0
 70
0
  0
VERTEX
  5
A20
  8
CUT
 10
1258.3082486646908
 20
263.7092322596852
 30
0.0
 70
0
  0
VERTEX
  5
A21
  8
CUT
 10
1258.84093974863
 20
263.2799626544224
 30
0.0
 70
0
  0
VERTEX
  5
A22
  8
CUT
 10
1259.4527049897708
 20
262.9737348394829
 30
0.0
 70
0
  0
VERTEX
  5
A23
  8
CUT
 10
1260.1155828820133
 20
262.80454534546317
 30
0.0
 70
0
  0
VERTEX
  5
A24
  8
CUT
 10
1260.7992757507254
 20
262.78012719272937
 30
0.0
 70
0
  0
VERTEX
  5
A25
  8
CUT
 10
1261.4725345463805
 20
262.90159644391576
 30
0.0
 70
0
  0
VERTEX
  5
A26
  8
CUT
 10
1262.1045871219922
 20
263.16340119286696
 30
0.0
 70
0
  0
VERTEX
  5
A27
  8
CUT
 10
1262.666544713113
 20
263.5535753215485
 30
0.0
 70
0
  0
VERTEX
  5
A28
  8
CUT
 10
1263.1327223354458
 20
264.05428542664583
 30
0.0
 70
0
  0
VERTEX
  5
A29
  8
CUT
 10
1263.4818127496223
 20
264.6426459178761
 30
0.0
 70
0
  0
VERTEX
  5
A2A
  8
CUT
 10
1263.6978603355956
 20
265.2917650329126
 30
0.0
 70
0
  0
VERTEX
  5
A2B
  8
CUT
 10
1263.770990364488
 20
265.9719739594822
 30
0.0
 70
0
  0
SEQEND
  5
9CF
  8
CUT
  0
POLYLINE
  5
A2C
  8
CUT
 66
1
 10
0.0
 20
0.0
 30
0.0
 70
1
  0
VERTEX
  5
A2E
  8
CUT
 10
1345.1419807289758
 20
1181.0
 30
0.0
 70
0
  0
VERTEX
  5
A2F
  8
CUT
 10
1285.1719739594823
 20
1181.0
 30
0.0
 70
0
  0
VERTEX
  5
A30
  8
CUT
 10
1285.0988439305902
 20
1180.3197910734305
 30
0.0
 70
0
  0
VERTEX
  5
A31
  8
CUT
 10
1284.882796344617
 20
1179.670671958394
 30
0.0
 70
0
  0
VERTEX
  5
A32
  8
CUT
 10
1284.5337059304404
 20
1179.0823114671637
 30
0.0
 70
0
  0
VERTEX
  5
A33
  8
CUT
 10
1284.0675283081075
 20
1178.5816013620663
 30
0.0
 70
0
  0
VERTEX
  5
A34
  8
CUT
 10
1283.5055707169868
 20
1178.1914272333847
 30
0.0
 70
0
  0
VERTEX
  5
A35
  8
CUT
 10
1282.8735181413751
 20
1177.9296224844336
 30
0.0
 70
0
  0
VERTEX
  5
A36
  8
CUT
 10
1282.20025934572
 20
1177.8081532332471
 30
0.0
 70
0
  0
VERTEX
  5
A37
  8
CUT
 10
1281.516566477008
 20
1177.832571385981
 30
0.0
 70
0
  0
VERTEX
  5
A38
  8
CUT
 10
1280.8536885847655
 20
1178.0017608800008
 30
0.0
 70
0
  0
VERTEX
  5
A39
  8
CUT
 10
1280.2419233436246
 20
1178.3079886949401
 30
0.0
 70
0
  0
VERTEX
  5
A3A
  8
CUT
 10
1279.7092322596855
 20
1178.737258300203
 30
0.0
 70
0
  0
VERTEX
  5
A3B
  8
CUT
 10
1279.2799626544227
 20
1179.2699493841421
 30
0.0
 70
0
  0
VERTEX
  5
A3C
  8
CUT
 10
1278.9737348394833
 20
1179.881714625283
 30
0.0
 70
0
  0
VERTEX
  5
A3D
  8
CUT
 10
1278.8045453454636
 20
1180.5445925175254
 30
0.0
 70
0
  0
VERTEX
  5
A3E
  8
CUT
 10
1278.7801271927297
 20
1181.2282853862375
 30
0.0
 70
0
  0
VERTEX
  5
A3F
  8
CUT
 10
1278.901596443916
 20
1181.9015441818926
 30
0.0
 70
0
  0
VERTEX
  5
A40
  8
CUT
 10
1279.1634011928672
 20
1182.5335967575043
 30
0.0
 70
0
  0
VERTEX
  5
A41
  8
CUT
 10
1279.5535753215488
 20
1183.095554348625
 30
0.0
 70
0
  0
VERTEX
  5
A42
  8
CUT
 10
1280.0542854266462
 20
1183.561731970958
 30
0.0
 70
0
  0
VERTEX
  5
A43
  8
CUT
 10
1280.6426459178765
 20
1183.9108223851345
 30
0.0
 70
0
  0
VERTEX
  5
A44
  8
CUT
 10
1281.291765032913
 20
1184.1268699711077
 30
0.0
 70
0
  0
VERTEX
  5
A45
  8
CUT
 10
1281.9719739594823
 20
1184.2
 30
0.0
 70
0
  0
VERTEX
  5
A46
  8
CUT
 10
1281.9719739594823
 20
1199.0
 30
0.0
 70
0
  0
VERTEX
  5
A47
  8
CUT
 10
1241.9719739594823
 20
1199.0
 30
0.0
 70
0
  0
VERTEX
  5
A48
  8
CUT
 10
1241.9719739594823
 20
1184.2
 30
0.0
 70
0
  0
VERTEX
  5
A49
  8
CUT
 10
1242.6521828860518
 20
1184.1268699711077
 30
0.0
 70
0
  0
VERTEX
  5
A4A
  8
CUT
 10
1243.3013020010883
 20
1183.9108223851345
 30
0.0
 70
0
  0
VERTEX
  5
A4B
  8
CUT
 10
1243.8896624923186
 20
1183.561731970958
 30
0.0
 70
0
  0
VERTEX
  5
A4C
  8
CUT
 10
1244.3903725974158
 20
1183.0955543486248
 30
0.0
 70
0
  0
VERTEX
  5
A4D
  8
CUT
 10
1244.7805467260973
 20
1182.533596757504
 30
0.0
 70
0
  0
VERTEX
  5
A4E
  8
CUT
 10
1245.0423514750485
 20
1181.9015441818924
 30
0.0
 70
0
  0
VERTEX
  5
A4F
  8
CUT
 10
1245.163820726235
 20
1181.2282853862373
 30
0.0
 70
0
  0
VERTEX
  5
A50
  8
CUT
 10
1245.139402573501
 20
1180.5445925175252
 30
0.0
 70
0
  0
VERTEX
  5
A51
  8
CUT
 10
1244.9702130794813
 20
1179.8817146252827
 30
0.0
 70
0
  0
VERTEX
  5
A52
  8
CUT
 10
1244.6639852645417
 20
1179.269949384142
 30
0.0
 70
0
  0
VERTEX
  5
A53
  8
CUT
 10
1244.234715659279
 20
1178.737258300203
 30
0.0
 70
0
  0
VERTEX
  5
A54
  8
CUT
 10
1243.7020245753397
 20
1178.3079886949401
 30
0.0
 70
0
  0
VERTEX
  5
A55
  8
CUT
 10
1243.090259334199
 20
1178.0017608800006
 30
0.0
 70
0
  0
VERTEX
  5
A56
  8
CUT
 10
1242.4273814419564
 20
1177.8325713859808
 30
0.0
 70
0
  0
VERTEX
  5
A57
  8
CUT
 10
1241.7436885732443
 20
1177.8081532332471
 30
0.0
 70
0
  0
VERTEX
  5
A58
  8
CUT
 10
1241.0704297775892
 20
1177.9296224844336
 30
0.0
 70
0
  0
VERTEX
  5
A59
  8
CUT
 10
1240.4383772019776
 20
1178.191427233385
 30
0.0
 70
0
  0
VERTEX
  5
A5A
  8
CUT
 10
1239.876419610857
 20
1178.5816013620665
 30
0.0
 70
0
  0
VERTEX
  5
A5B
  8
CUT
 10
1239.410241988524
 20
1179.082311467164
 30
0.0
 70
0
  0
VERTEX
  5
A5C
  8
CUT
 10
1239.0611515743474
 20
1179.6706719583942
 30
0.0
 70
0
  0
VERTEX
  5
A5D
  8
CUT
 10
1238.8451039883741
 20
1180.3197910734307
 30
0.0
 70
0
  0
VERTEX
  5
A5E
  8
CUT
 10
1238.7719739594822
 20
1181.0
 30
0.0
 70
0
  0
VERTEX
  5
A5F
  8
CUT
 10
1100.3700067694936
 20
1181.0
 30
0.0
 70
0
  0
VERTEX
  5
A60
  8
CUT
 10
1100.2968767406014
 20
1180.3197910734305
 30
0.0
 70
0
  0
VERTEX
  5
A61
  8
CUT
 10
1100.0808291546282
 20
1179.670671958394
 30
0.0
 70
0
  0
VERTEX
  5
A62
  8
CUT
 10
1099.7317387404516
 20
1179.0823114671637
 30
0.0
 70
0
  0
VERTEX
  5
A63
  8
CUT
 10
1099.2655611181185
 20
1178.5816013620665
 30
0.0
 70
0
  0
VERTEX
  5
A64
  8
CUT
 10
1098.703603526998
 20
1178.1914272333847
 30
0.0
 70
0
  0
VERTEX
  5
A65
  8
CUT
 10
1098.0715509513864
 20
1177.9296224844336
 30
0.0
 70
0
  0
VERTEX
  5
A66
  8
CUT
 10
1097.3982921557313
 20
1177.8081532332474
 30
0.0
 70
0
  0
VERTEX
  5
A67
  8
CUT
 10
1096.7145992870192
 20
1177.832571385981
 30
0.0
 70
0
  0
VERTEX
  5
A68
  8
CUT
 10
1096.0517213947767
 20
1178.0017608800008
 30
0.0
 70
0
  0
VERTEX
  5
A69
  8
CUT
 10
1095.4399561536359
 20
1178.3079886949404
 30
0.0
 70
0
  0
VERTEX
  5
A6A
  8
CUT
 10
1094.907265069697
 20
1178.7372583002032
 30
0.0
 70
0
  0
VERTEX
  5
A6B
  8
CUT
 10
1094.4779954644341
 20
1179.2699493841421
 30
0.0
 70
0
  0
VERTEX
  5
A6C
  8
CUT
 10
1094.1717676494945
 20
1179.881714625283
 30
0.0
 70
0
  0
VERTEX
  5
A6D
  8
CUT
 10
1094.0025781554748
 20
1180.5445925175254
 30
0.0
 70
0
  0
VERTEX
  5
A6E
  8
CUT
 10
1093.978160002741
 20
1181.2282853862375
 30
0.0
 70
0
  0
VERTEX
  5
A6F
  8
CUT
 10
1094.0996292539273
 20
1181.9015441818926
 30
0.0
 70
0
  0
VERTEX
  5
A70
  8
CUT
 10
1094.3614340028785
 20
1182.5335967575043
 30
0.0
 70
0
  0
VERTEX
  5
A71
  8
CUT
 10
1094.7516081315603
 20
1183.0955543486248
 30
0.0
 70
0
  0
VERTEX
  5
A72
  8
CUT
 10
1095.2523182366574
 20
1183.561731970958
 30
0.0
 70
0
  0
VERTEX
  5
A73
  8
CUT
 10
1095.8406787278877
 20
1183.9108223851345
 30
0.0
 70
0
  0
VERTEX
  5
A74
  8
CUT
 10
1096.4897978429242
 20
1184.1268699711077
 30
0.0
 70
0
  0
VERTEX
  5
A75
  8
CUT
 10
1097.1700067694937
 20
1184.2
 30
0.0
 70
0
  0
VERTEX
  5
A76
  8
CUT
 10
1097.1700067694937
 20
1199.0
 30
0.0
 70
0
  0
VERTEX
  5
A77
  8
CUT
 10
1057.1700067694937
 20
1199.0
 30
0.0
 70
0
  0
VERTEX
  5
A78
  8
CUT
 10
1057.1700067694937
 20
1184.2
 30
0.0
 70
0
  0
VERTEX
  5
A79
  8
CUT
 10
1057.8502156960633
 20
1184.1268699711077
 30
0.0
 70
0
  0
VERTEX
  5
A7A
  8
CUT
 10
1058.4993348110997
 20
1183.9108223851345
 30
0.0
 70
0
  0
VERTEX
  5
A7B
  8
CUT
 10
1059.08769530233
 20
1183.561731970958
 30
0.0
 70
0
  0
VERTEX
  5
A7C
  8
CUT
 10
1059.5884054074274
 20
1183.095554348625
 30
0.0
 70
0
  0
VERTEX
  5
A7D
  8
CUT
 10
1059.978579536109
 20
1182.5335967575043
 30
0.0
 70
0
  0
VERTEX
  5
A7E
  8
CUT
 10
1060.2403842850601
 20
1181.9015441818926
 30
0.0
 70
0
  0
VERTEX
  5
A7F
  8
CUT
 10
1060.3618535362466
 20
1181.2282853862375
 30
0.0
 70
0
  0
VERTEX
  5
A80
  8
CUT
 10
1060.3374353835127
 20
1180.5445925175254
 30
0.0
 70
0
  0
VERTEX
  5
A81
  8
CUT
 10
1060.168245889493
 20
1179.881714625283
 30
0.0
 70
0
  0
VERTEX
  5
A82
  8
CUT
 10
1059.8620180745536
 20
1179.2699493841421
 30
0.0
 70
0
  0
VERTEX
  5
A83
  8
CUT
 10
1059.4327484692908
 20
1178.737258300203
 30
0.0
 70
0
  0
VERTEX
  5
A84
  8
CUT
 10
1058.9000573853516
 20
1178.3079886949401
 30
0.0
 70
0
  0
VERTEX
  5
A85
  8
CUT
 10
1058.2882921442108
 20
1178.0017608800008
 30
0.0
 70
0
  0
VERTEX
  5
A86
  8
CUT
 10
1057.6254142519683
 20
1177.832571385981
 30
0.0
 70
0
  0
VERTEX
  5
A87
  8
CUT
 10
1056.9417213832562
 20
1177.8081532332471
 30
0.0
 70
0
  0
VERTEX
  5
A88
  8
CUT
 10
1056.268462587601
 20
1177.9296224844336
 30
0.0
 70
0
  0
VERTEX
  5
A89
  8
CUT
 10
1055.6364100119895
 20
1178.1914272333847
 30
0.0
 70
0
  0
VERTEX
  5
A8A
  8
CUT
 10
1055.0744524208687
 20
1178.5816013620663
 30
0.0
 70
0
  0
VERTEX
  5
A8B
  8
CUT
 10
1054.6082747985358
 20
1179.0823114671637
 30
0.0
 70
0
  0
VERTEX
  5
A8C
  8
CUT
 10
1054.2591843843593
 20
1179.670671958394
 30
0.0
 70
0
  0
VERTEX
  5
A8D
  8
CUT
 10
1054.043136798386
 20
1180.3197910734305
 30
0.0
 70
0
  0
VERTEX
  5
A8E
  8
CUT
 10
1053.9700067694937
 20
1181.0
 30
0.0
 70
0
  0
VERTEX
  5
A8F
  8
CUT
 10
994.0
 20
1181.0
 30
0.0
 70
0
  0
VERTEX
  5
A90
  8
CUT
 10
1044.3999999999999
 20
992.0
 30
0.0
 70
0
  0
VERTEX
  5
A91
  8
CUT
 10
1081.6361035521977
 20
992.0
 30
0.0
 70
0
  0
VERTEX
  5
A92
  8
CUT
 10
1081.7092335810898
 20
992.6802089265695
 30
0.0
 70
0
  0
VERTEX
  5
A93
  8
CUT
 10
1081.925281167063
 20
993.329328041606
 30
0.0
 70
0
  0
VERTEX
  5
A94
  8
CUT
 10
1082.2743715812396
 20
993.9176885328363
 30
0.0
 70
0
  0
VERTEX
  5
A95
  8
CUT
 10
1082.7405492035725
 20
994.4183986379337
 30
0.0
 70
0
  0
VERTEX
  5
A96
  8
CUT
 10
1083.3025067946933
 20
994.8085727666153
 30
0.0
 70
0
  0
VERTEX
  5
A97
  8
CUT
 10
1083.934559370305
 20
995.0703775155664
 30
0.0
 70
0
  0
VERTEX
  5
A98
  8
CUT
 10
1084.60781816596
 20
995.1918467667529
 30
0.0
 70
0
  0
VERTEX
  5
A99
  8
CUT
 10
1085.291511034672
 20
995.1674286140191
 30
0.0
 70
0
  0
VERTEX
  5
A9A
  8
CUT
 10
1085.9543889269146
 20
994.9982391199993
 30
0.0
 70
0
  0
VERTEX
  5
A9B
  8
CUT
 10
1086.5661541680554
 20
994.6920113050599
 30
0.0
 70
0
  0
VERTEX
  5
A9C
  8
CUT
 10
1087.0988452519946
 20
994.262741699797
 30
0.0
 70
0
  0
VERTEX
  5
A9D
  8
CUT
 10
1087.5281148572574
 20
993.730050615858
 30
0.0
 70
0
  0
VERTEX
  5
A9E
  8
CUT
 10
1087.8343426721967
 20
993.1182853747172
 30
0.0
 70
0
  0
VERTEX
  5
A9F
  8
CUT
 10
1088.0035321662165
 20
992.4554074824745
 30
0.0
 70
0
  0
VERTEX
  5
AA0
  8
CUT
 10
1088.0279503189504
 20
991.7717146137625
 30
0.0
 70
0
  0
VERTEX
  5
AA1
  8
CUT
 10
1087.906481067764
 20
991.0984558181074
 30
0.0
 70
0
  0
VERTEX
  5
AA2
  8
CUT
 10
1087.6446763188128
 20
990.4664032424957
 30
0.0
 70
0
  0
VERTEX
  5
AA3
  8
CUT
 10
1087.2545021901312
 20
989.9044456513751
 30
0.0
 70
0
  0
VERTEX
  5
AA4
  8
CUT
 10
1086.7537920850339
 20
989.438268029042
 30
0.0
 70
0
  0
VERTEX
  5
AA5
  8
CUT
 10
1086.1654315938035
 20
989.0891776148655
 30
0.0
 70
0
  0
VERTEX
  5
AA6
  8
CUT
 10
1085.516312478767
 20
988.8731300288922
 30
0.0
 70
0
  0
VERTEX
  5
AA7
  8
CUT
 10
1084.8361035521978
 20
988.8
 30
0.0
 70
0
  0
VERTEX
  5
AA8
  8
CUT
 10
1084.8361035521978
 20
974.0
 30
0.0
 70
0
  0
VERTEX
  5
AA9
  8
CUT
 10
1124.8361035521978
 20
974.0
 30
0.0
 70
0
  0
VERTEX
  5
AAA
  8
CUT
 10
1124.8361035521978
 20
988.8
 30
0.0
 70
0
  0
VERTEX
  5
AAB
  8
CUT
 10
1124.1558946256282
 20
988.8731300288923
 30
0.0
 70
0
  0
VERTEX
  5
AAC
  8
CUT
 10
1123.5067755105918
 20
989.0891776148655
 30
0.0
 70
0
  0
VERTEX
  5
AAD
  8
CUT
 10
1122.9184150193614
 20
989.4382680290421
 30
0.0
 70
0
  0
VERTEX
  5
AAE
  8
CUT
 10
1122.4177049142643
 20
989.9044456513752
 30
0.0
 70
0
  0
VERTEX
  5
AAF
  8
CUT
 10
1122.0275307855827
 20
990.466403242496
 30
0.0
 70
0
  0
VERTEX
  5
AB0
  8
CUT
 10
1121.7657260366316
 20
991.0984558181076
 30
0.0
 70
0
  0
VERTEX
  5
AB1
  8
CUT
 10
1121.6442567854451
 20
991.7717146137627
 30
0.0
 70
0
  0
VERTEX
  5
AB2
  8
CUT
 10
1121.668674938179
 20
992.4554074824747
 30
0.0
 70
0
  0
VERTEX
  5
AB3
  8
CUT
 10
1121.8378644321988
 20
993.1182853747173
 30
0.0
 70
0
  0
VERTEX
  5
AB4
  8
CUT
 10
1122.1440922471384
 20
993.7300506158581
 30
0.0
 70
0
  0
VERTEX
  5
AB5
  8
CUT
 10
1122.5733618524011
 20
994.2627416997972
 30
0.0
 70
0
  0
VERTEX
  5
AB6
  8
CUT
 10
1123.1060529363403
 20
994.69201130506
 30
0.0
 70
0
  0
VERTEX
  5
AB7
  8
CUT
 10
1123.7178181774811
 20
994.9982391199993
 30
0.0
 70
0
  0
VERTEX
  5
AB8
  8
CUT
 10
1124.3806960697236
 20
995.1674286140191
 30
0.0
 70
0
  0
VERTEX
  5
AB9
  8
CUT
 10
1125.0643889384357
 20
995.1918467667529
 30
0.0
 70
0
  0
VERTEX
  5
ABA
  8
CUT
 10
1125.7376477340908
 20
995.0703775155664
 30
0.0
 70
0
  0
VERTEX
  5
ABB
  8
CUT
 10
1126.3697003097025
 20
994.8085727666152
 30
0.0
 70
0
  0
VERTEX
  5
ABC
  8
CUT
 10
1126.931657900823
 20
994.4183986379335
 30
0.0
 70
0
  0
VERTEX
  5
ABD
  8
CUT
 10
1127.3978355231561
 20
993.9176885328361
 30
0.0
 70
0
  0
VERTEX
  5
ABE
  8
CUT
 10
1127.7469259373327
 20
993.3293280416059
 30
0.0
 70
0
  0
VERTEX
  5
ABF
  8
CUT
 10
1127.962973523306
 20
992.6802089265693
 30
0.0
 70
0
  0
VERTEX
  5
AC0
  8
CUT
 10
1128.0361035521978
 20
992.0
 30
0.0
 70
0
  0
VERTEX
  5
AC1
  8
CUT
 10
1160.070990364488
 20
992.0
 30
0.0
 70
0
  0
VERTEX
  5
AC2
  8
CUT
 10
1160.070990364488
 20
1083.3
 30
0.0
 70
0
  0
VERTEX
  5
AC3
  8
CUT
 10
1159.3907814379183
 20
1083.3731300288923
 30
0.0
 70
0
  0
VERTEX
  5
AC4
  8
CUT
 10
1158.741662322882
 20
1083.5891776148655
 30
0.0
 70
0
  0
VERTEX
  5
AC5
  8
CUT
 10
1158.1533018316516
 20
1083.938268029042
 30
0.0
 70
0
  0
VERTEX
  5
AC6
  8
CUT
 10
1157.6525917265542
 20
1084.404445651375
 30
0.0
 70
0
  0
VERTEX
  5
AC7
  8
CUT
 10
1157.2624175978726
 20
1084.9664032424957
 30
0.0
 70
0
  0
VERTEX
  5
AC8
  8
CUT
 10
1157.0006128489215
 20
1085.5984558181074
 30
0.0
 70
0
  0
VERTEX
  5
AC9
  8
CUT
 10
1156.879143597735
 20
1086.2717146137625
 30
0.0
 70
0
  0
VERTEX
  5
ACA
  8
CUT
 10
1156.903561750469
 20
1086.9554074824746
 30
0.0
 70
0
  0
VERTEX
  5
ACB
  8
CUT
 10
1157.0727512444887
 20
1087.618285374717
 30
0.0
 70
0
  0
VERTEX
  5
ACC
  8
CUT
 10
1157.378979059428
 20
1088.2300506158579
 30
0.0
 70
0
  0
VERTEX
  5
ACD
  8
CUT
 10
1157.8082486646908
 20
1088.762741699797
 30
0.0
 70
0
  0
VERTEX
  5
ACE
  8
CUT
 10
1158.34093974863
 20
1089.1920113050599
 30
0.0
 70
0
  0
VERTEX
  5
ACF
  8
CUT
 10
1158.9527049897708
 20
1089.4982391199992
 30
0.0
 70
0
  0
VERTEX
  5
AD0
  8
CUT
 10
1159.6155828820133
 20
1089.667428614019
 30
0.0
 70
0
  0
VERTEX
  5
AD1
  8
CUT
 10
1160.2992757507254
 20
1089.6918467667529
 30
0.0
 70
0
  0
VERTEX
  5
AD2
  8
CUT
 10
1160.9725345463805
 20
1089.5703775155664
 30
0.0
 70
0
  0
VERTEX
  5
AD3
  8
CUT
 10
1161.6045871219922
 20
1089.3085727666153
 30
0.0
 70
0
  0
VERTEX
  5
AD4
  8
CUT
 10
1162.166544713113
 20
1088.9183986379337
 30
0.0
 70
0
  0
VERTEX
  5
AD5
  8
CUT
 10
1162.6327223354458
 20
1088.4176885328363
 30
0.0
 70
0
  0
VERTEX
  5
AD6
  8
CUT
 10
1162.9818127496223
 20
1087.829328041606
 30
0.0
 70
0
  0
VERTEX
  5
AD7
  8
CUT
 10
1163.1978603355956
 20
1087.1802089265695
 30
0.0
 70
0
  0
VERTEX
  5
AD8
  8
CUT
 10
1163.270990364488
 20
1086.5
 30
0.0
 70
0
  0
VERTEX
  5
AD9
  8
CUT
 10
1175.8709903644879
 20
1086.5
 30
0.0
 70
0
  0
VERTEX
  5
ADA
  8
CUT
 10
1175.9441203933802
 20
1087.1802089265695
 30
0.0
 70
0
  0
VERTEX
  5
ADB
  8
CUT
 10
1176.1601679793534
 20
1087.829328041606
 30
0.0
 70
0
  0
VERTEX
  5
ADC
  8
CUT
 10
1176.50925839353
 20
1088.4176885328363
 30
0.0
 70
0
  0
VERTEX
  5
ADD
  8
CUT
 10
1176.975436015863
 20
1088.9183986379337
 30
0.0
 70
0
  0
VERTEX
  5
ADE
  8
CUT
 10
1177.5373936069836
 20
1089.3085727666153
 30
0.0
 70
0
  0
VERTEX
  5
ADF
  8
CUT
 10
1178.1694461825953
 20
1089.5703775155664
 30
0.0
 70
0
  0
VERTEX
  5
AE0
  8
CUT
 10
1178.8427049782504
 20
1089.6918467667529
 30
0.0
 70
0
  0
VERTEX
  5
AE1
  8
CUT
 10
1179.5263978469625
 20
1089.667428614019
 30
0.0
 70
0
  0
VERTEX
  5
AE2
  8
CUT
 10
1180.189275739205
 20
1089.4982391199992
 30
0.0
 70
0
  0
VERTEX
  5
AE3
  8
CUT
 10
1180.8010409803458
 20
1089.1920113050599
 30
0.0
 70
0
  0
VERTEX
  5
AE4
  8
CUT
 10
1181.333732064285
 20
1088.762741699797
 30
0.0
 70
0
  0
VERTEX
  5
AE5
  8
CUT
 10
1181.7630016695477
 20
1088.2300506158579
 30
0.0
 70
0
  0
VERTEX
  5
AE6
  8
CUT
 10
1182.069229484487
 20
1087.618285374717
 30
0.0
 70
0
  0
VERTEX
  5
AE7
  8
CUT
 10
1182.2384189785068
 20
1086.9554074824746
 30
0.0
 70
0
  0
VERTEX
  5
AE8
  8
CUT
 10
1182.2628371312408
 20
1086.2717146137625
 30
0.0
 70
0
  0
VERTEX
  5
AE9
  8
CUT
 10
1182.1413678800543
 20
1085.5984558181074
 30
0.0
 70
0
  0
VERTEX
  5
AEA
  8
CUT
 10
1181.8795631311032
 20
1084.9664032424957
 30
0.0
 70
0
  0
VERTEX
  5
AEB
  8
CUT
 10
1181.4893890024216
 20
1084.404445651375
 30
0.0
 70
0
  0
VERTEX
  5
AEC
  8
CUT
 10
1180.9886788973242
 20
1083.938268029042
 30
0.0
 70
0
  0
VERTEX
  5
AED
  8
CUT
 10
1180.400318406094
 20
1083.5891776148655
 30
0.0
 70
0
  0
VERTEX
  5
AEE
  8
CUT
 10
1179.7511992910574
 20
1083.3731300288923
 30
0.0
 70
0
  0
VERTEX
  5
AEF
  8
CUT
 10
1179.070990364488
 20
1083.3
 30
0.0
 70
0
  0
VERTEX
  5
AF0
  8
CUT
 10
1179.070990364488
 20
992.0
 30
0.0
 70
0
  0
VERTEX
  5
AF1
  8
CUT
 10
1211.1058771767782
 20
992.0
 30
0.0
 70
0
  0
VERTEX
  5
AF2
  8
CUT
 10
1211.1790072056706
 20
992.6802089265695
 30
0.0
 70
0
  0
VERTEX
  5
AF3
  8
CUT
 10
1211.3950547916438
 20
993.329328041606
 30
0.0
 70
0
  0
VERTEX
  5
AF4
  8
CUT
 10
1211.7441452058204
 20
993.9176885328363
 30
0.0
 70
0
  0
VERTEX
  5
AF5
  8
CUT
 10
1212.2103228281533
 20
994.4183986379337
 30
0.0
 70
0
  0
VERTEX
  5
AF6
  8
CUT
 10
1212.772280419274
 20
994.8085727666153
 30
0.0
 70
0
  0
VERTEX
  5
AF7
  8
CUT
 10
1213.4043329948856
 20
995.0703775155664
 30
0.0
 70
0
  0
VERTEX
  5
AF8
  8
CUT
 10
1214.0775917905407
 20
995.1918467667529
 30
0.0
 70
0
  0
VERTEX
  5
AF9
  8
CUT
 10
1214.7612846592529
 20
995.1674286140191
 30
0.0
 70
0
  0
VERTEX
  5
AFA
  8
CUT
 10
1215.4241625514953
 20
994.9982391199993
 30
0.0
 70
0
  0
VERTEX
  5
AFB
  8
CUT
 10
1216.0359277926361
 20
994.6920113050599
 30
0.0
 70
0
  0
VERTEX
  5
AFC
  8
CUT
 10
1216.5686188765753
 20
994.262741699797
 30
0.0
 70
0
  0
VERTEX
  5
AFD
  8
CUT
 10
1216.9978884818381
 20
993.730050615858
 30
0.0
 70
0
  0
VERTEX
  5
AFE
  8
CUT
 10
1217.3041162967775
 20
993.1182853747172
 30
0.0
 70
0
  0
VERTEX
  5
AFF
  8
CUT
 10
1217.4733057907972
 20
992.4554074824745
 30
0.0
 70
0
  0
VERTEX
  5
B00
  8
CUT
 10
1217.4977239435311
 20
991.7717146137625
 30
0.0
 70
0
  0
VERTEX
  5
B01
  8
CUT
 10
1217.3762546923447
 20
991.0984558181074
 30
0.0
 70
0
  0
VERTEX
  5
B02
  8
CUT
 10
1217.1144499433935
 20
990.4664032424957
 30
0.0
 70
0
  0
VERTEX
  5
B03
  8
CUT
 10
1216.724275814712
 20
989.9044456513751
 30
0.0
 70
0
  0
VERTEX
  5
B04
  8
CUT
 10
1216.2235657096146
 20
989.438268029042
 30
0.0
 70
0
  0
VERTEX
  5
B05
  8
CUT
 10
1215.6352052183843
 20
989.0891776148655
 30
0.0
 70
0
  0
VERTEX
  5
B06
  8
CUT
 10
1214.9860861033478
 20
988.8731300288922
 30
0.0
 70
0
  0
VERTEX
  5
B07
  8
CUT
 10
1214.3058771767783
 20
988.8
 30
0.0
 70
0
  0
VERTEX
  5
B08
  8
CUT
 10
1214.3058771767783
 20
974.0
 30
0.0
 70
0
  0
VERTEX
  5
B09
  8
CUT
 10
1254.3058771767783
 20
974.0
 30
0.0
 70
0
  0
VERTEX
  5
B0A
  8
CUT
 10
1254.3058771767783
 20
988.8
 30
0.0
 70
0
  0
VERTEX
  5
B0B
  8
CUT
 10
1253.6256682502087
 20
988.8731300288922
 30
0.0
 70
0
  0
VERTEX
  5
B0C
  8
CUT
 10
1252.9765491351723
 20
989.0891776148654
 30
0.0
 70
0
  0
VERTEX
  5
B0D
  8
CUT
 10
1252.388188643942
 20
989.438268029042
 30
0.0
 70
0
  0
VERTEX
  5
B0E
  8
CUT
 10
1251.8874785388448
 20
989.904445651375
 30
0.0
 70
0
  0
VERTEX
  5
B0F
  8
CUT
 10
1251.497304410163
 20
990.4664032424957
 30
0.0
 70
0
  0
VERTEX
  5
B10
  8
CUT
 10
1251.2354996612119
 20
991.0984558181074
 30
0.0
 70
0
  0
VERTEX
  5
B11
  8
CUT
 10
1251.1140304100256
 20
991.7717146137624
 30
0.0
 70
0
  0
VERTEX
  5
B12
  8
CUT
 10
1251.1384485627593
 20
992.4554074824744
 30
0.0
 70
0
  0
VERTEX
  5
B13
  8
CUT
 10
1251.307638056779
 20
993.118285374717
 30
0.0
 70
0
  0
VERTEX
  5
B14
  8
CUT
 10
1251.6138658717186
 20
993.7300506158577
 30
0.0
 70
0
  0
VERTEX
  5
B15
  8
CUT
 10
1252.0431354769814
 20
994.2627416997968
 30
0.0
 70
0
  0
VERTEX
  5
B16
  8
CUT
 10
1252.5758265609204
 20
994.6920113050596
 30
0.0
 70
0
  0
VERTEX
  5
B17
  8
CUT
 10
1253.1875918020612
 20
994.9982391199991
 30
0.0
 70
0
  0
VERTEX
  5
B18
  8
CUT
 10
1253.8504696943037
 20
995.1674286140188
 30
0.0
 70
0
  0
VERTEX
  5
B19
  8
CUT
 10
1254.5341625630158
 20
995.1918467667526
 30
0.0
 70
0
  0
VERTEX
  5
B1A
  8
CUT
 10
1255.207421358671
 20
995.0703775155662
 30
0.0
 70
0
  0
VERTEX
  5
B1B
  8
CUT
 10
1255.8394739342825
 20
994.808572766615
 30
0.0
 70
0
  0
VERTEX
  5
B1C
  8
CUT
 10
1256.401431525403
 20
994.4183986379335
 30
0.0
 70
0
  0
VERTEX
  5
B1D
  8
CUT
 10
1256.8676091477362
 20
993.9176885328361
 30
0.0
 70
0
  0
VERTEX
  5
B1E
  8
CUT
 10
1257.2166995619127
 20
993.3293280416059
 30
0.0
 70
0
  0
VERTEX
  5
B1F
  8
CUT
 10
1257.432747147886
 20
992.6802089265694
 30
0.0
 70
0
  0
VERTEX
  5
B20
  8
CUT
 10
1257.505877176778
 20
992.0
 30
0.0
 70
0
  0
VERTEX
  5
B21
  8
CUT
 10
1294.741980728976
 20
992.0
 30
0.0
 70
0
  0
SEQEND
  5
A2D
  8
CUT
  0
POLYLINE
  5
B22
  8
CUT
 66
1
 10
0.0
 20
0.0
 30
0.0
 70
1
  0
VERTEX
  5
B24
  8
CUT
 10
1549.1419807289758
 20
941.0
 30
0.0
 70
0
  0
VERTEX
  5
B25
  8
CUT
 10
1489.1719739594823
 20
941.0
 30
0.0
 70
0
  0
VERTEX
  5
B26
  8
CUT
 10
1489.0988439305902
 20
940.3197910734305
 30
0.0
 70
0
  0
VERTEX
  5
B27
  8
CUT
 10
1488.882796344617
 20
939.670671958394
 30
0.0
 70
0
  0
VERTEX
  5
B28
  8
CUT
 10
1488.5337059304404
 20
939.0823114671637
 30
0.0
 70
0
  0
VERTEX
  5
B29
  8
CUT
 10
1488.0675283081075
 20
938.5816013620663
 30
0.0
 70
0
  0
VERTEX
  5
B2A
  8
CUT
 10
1487.5055707169868
 20
938.1914272333847
 30
0.0
 70
0
  0
VERTEX
  5
B2B
  8
CUT
 10
1486.8735181413751
 20
937.9296224844336
 30
0.0
 70
0
  0
VERTEX
  5
B2C
  8
CUT
 10
1486.20025934572
 20
937.8081532332471
 30
0.0
 70
0
  0
VERTEX
  5
B2D
  8
CUT
 10
1485.516566477008
 20
937.8325713859809
 30
0.0
 70
0
  0
VERTEX
  5
B2E
  8
CUT
 10
1484.8536885847655
 20
938.0017608800007
 30
0.0
 70
0
  0
VERTEX
  5
B2F
  8
CUT
 10
1484.2419233436246
 20
938.3079886949401
 30
0.0
 70
0
  0
VERTEX
  5
B30
  8
CUT
 10
1483.7092322596855
 20
938.737258300203
 30
0.0
 70
0
  0
VERTEX
  5
B31
  8
CUT
 10
1483.2799626544227
 20
939.269949384142
 30
0.0
 70
0
  0
VERTEX
  5
B32
  8
CUT
 10
1482.9737348394833
 20
939.8817146252828
 30
0.0
 70
0
  0
VERTEX
  5
B33
  8
CUT
 10
1482.8045453454636
 20
940.5445925175255
 30
0.0
 70
0
  0
VERTEX
  5
B34
  8
CUT
 10
1482.7801271927297
 20
941.2282853862375
 30
0.0
 70
0
  0
VERTEX
  5
B35
  8
CUT
 10
1482.901596443916
 20
941.9015441818926
 30
0.0
 70
0
  0
VERTEX
  5
B36
  8
CUT
 10
1483.1634011928672
 20
942.5335967575043
 30
0.0
 70
0
  0
VERTEX
  5
B37
  8
CUT
 10
1483.5535753215488
 20
943.0955543486249
 30
0.0
 70
0
  0
VERTEX
  5
B38
  8
CUT
 10
1484.0542854266462
 20
943.561731970958
 30
0.0
 70
0
  0
VERTEX
  5
B39
  8
CUT
 10
1484.6426459178765
 20
943.9108223851345
 30
0.0
 70
0
  0
VERTEX
  5
B3A
  8
CUT
 10
1485.291765032913
 20
944.1268699711078
 30
0.0
 70
0
  0
VERTEX
  5
B3B
  8
CUT
 10
1485.9719739594823
 20
944.2
 30
0.0
 70
0
  0
VERTEX
  5
B3C
  8
CUT
 10
1485.9719739594823
 20
959.0
 30
0.0
 70
0
  0
VERTEX
  5
B3D
  8
CUT
 10
1445.9719739594823
 20
959.0
 30
0.0
 70
0
  0
VERTEX
  5
B3E
  8
CUT
 10
1445.9719739594823
 20
944.2
 30
0.0
 70
0
  0
VERTEX
  5
B3F
  8
CUT
 10
1446.6521828860518
 20
944.1268699711077
 30
0.0
 70
0
  0
VERTEX
  5
B40
  8
CUT
 10
1447.3013020010883
 20
943.9108223851345
 30
0.0
 70
0
  0
VERTEX
  5
B41
  8
CUT
 10
1447.8896624923186
 20
943.5617319709579
 30
0.0
 70
0
  0
VERTEX
  5
B42
  8
CUT
 10
1448.3903725974158
 20
943.0955543486248
 30
0.0
 70
0
  0
VERTEX
  5
B43
  8
CUT
 10
1448.7805467260973
 20
942.533596757504
 30
0.0
 70
0
  0
VERTEX
  5
B44
  8
CUT
 10
1449.0423514750485
 20
941.9015441818924
 30
0.0
 70
0
  0
VERTEX
  5
B45
  8
CUT
 10
1449.163820726235
 20
941.2282853862373
 30
0.0
 70
0
  0
VERTEX
  5
B46
  8
CUT
 10
1449.139402573501
 20
940.5445925175253
 30
0.0
 70
0
  0
VERTEX
  5
B47
  8
CUT
 10
1448.9702130794813
 20
939.8817146252827
 30
0.0
 70
0
  0
VERTEX
  5
B48
  8
CUT
 10
1448.6639852645417
 20
939.2699493841419
 30
0.0
 70
0
  0
VERTEX
  5
B49
  8
CUT
 10
1448.234715659279
 20
938.7372583002028
 30
0.0
 70
0
  0
VERTEX
  5
B4A
  8
CUT
 10
1447.7020245753397
 20
938.30798869494
 30
0.0
 70
0
  0
VERTEX
  5
B4B
  8
CUT
 10
1447.090259334199
 20
938.0017608800007
 30
0.0
 70
0
  0
VERTEX
  5
B4C
  8
CUT
 10
1446.4273814419564
 20
937.8325713859809
 30
0.0
 70
0
  0
VERTEX
  5
B4D
  8
CUT
 10
1445.7436885732443
 20
937.8081532332471
 30
0.0
 70
0
  0
VERTEX
  5
B4E
  8
CUT
 10
1445.0704297775892
 20
937.9296224844336
 30
0.0
 70
0
  0
VERTEX
  5
B4F
  8
CUT
 10
1444.4383772019776
 20
938.1914272333848
 30
0.0
 70
0
  0
VERTEX
  5
B50
  8
CUT
 10
1443.876419610857
 20
938.5816013620665
 30
0.0
 70
0
  0
VERTEX
  5
B51
  8
CUT
 10
1443.410241988524
 20
939.0823114671639
 30
0.0
 70
0
  0
VERTEX
  5
B52
  8
CUT
 10
1443.0611515743474
 20
939.6706719583941
 30
0.0
 70
0
  0
VERTEX
  5
B53
  8
CUT
 10
1442.8451039883741
 20
940.3197910734307
 30
0.0
 70
0
  0
VERTEX
  5
B54
  8
CUT
 10
1442.7719739594822
 20
941.0
 30
0.0
 70
0
  0
VERTEX
  5
B55
  8
CUT
 10
1304.3700067694936
 20
941.0
 30
0.0
 70
0
  0
VERTEX
  5
B56
  8
CUT
 10
1304.2968767406014
 20
940.3197910734305
 30
0.0
 70
0
  0
VERTEX
  5
B57
  8
CUT
 10
1304.0808291546282
 20
939.670671958394
 30
0.0
 70
0
  0
VERTEX
  5
B58
  8
CUT
 10
1303.7317387404516
 20
939.0823114671638
 30
0.0
 70
0
  0
VERTEX
  5
B59
  8
CUT
 10
1303.2655611181185
 20
938.5816013620665
 30
0.0
 70
0
  0
VERTEX
  5
B5A
  8
CUT
 10
1302.7036035269978
 20
938.191427233385
 30
0.0
 70
0
  0
VERTEX
  5
B5B
  8
CUT
 10
1302.0715509513861
 20
937.9296224844337
 30
0.0
 70
0
  0
VERTEX
  5
B5C
  8
CUT
 10
1301.3982921557313
 20
937.8081532332474
 30
0.0
 70
0
  0
VERTEX
  5
B5D
  8
CUT
 10
1300.7145992870192
 20
937.8325713859812
 30
0.0
 70
0
  0
VERTEX
  5
B5E
  8
CUT
 10
1300.0517213947765
 20
938.001760880001
 30
0.0
 70
0
  0
VERTEX
  5
B5F
  8
CUT
 10
1299.4399561536359
 20
938.3079886949405
 30
0.0
 70
0
  0
VERTEX
  5
B60
  8
CUT
 10
1298.9072650696967
 20
938.7372583002033
 30
0.0
 70
0
  0
VERTEX
  5
B61
  8
CUT
 10
1298.477995464434
 20
939.2699493841424
 30
0.0
 70
0
  0
VERTEX
  5
B62
  8
CUT
 10
1298.1717676494945
 20
939.8817146252832
 30
0.0
 70
0
  0
VERTEX
  5
B63
  8
CUT
 10
1298.0025781554748
 20
940.5445925175258
 30
0.0
 70
0
  0
VERTEX
  5
B64
  8
CUT
 10
1297.978160002741
 20
941.2282853862378
 30
0.0
 70
0
  0
VERTEX
  5
B65
  8
CUT
 10
1298.0996292539273
 20
941.9015441818927
 30
0.0
 70
0
  0
VERTEX
  5
B66
  8
CUT
 10
1298.3614340028787
 20
942.5335967575044
 30
0.0
 70
0
  0
VERTEX
  5
B67
  8
CUT
 10
1298.7516081315603
 20
943.0955543486251
 30
0.0
 70
0
  0
VERTEX
  5
B68
  8
CUT
 10
1299.2523182366576
 20
943.5617319709581
 30
0.0
 70
0
  0
VERTEX
  5
B69
  8
CUT
 10
1299.8406787278877
 20
943.9108223851346
 30
0.0
 70
0
  0
VERTEX
  5
B6A
  8
CUT
 10
1300.4897978429244
 20
944.1268699711078
 30
0.0
 70
0
  0
VERTEX
  5
B6B
  8
CUT
 10
1301.1700067694937
 20
944.2
 30
0.0
 70
0
  0
VERTEX
  5
B6C
  8
CUT
 10
1301.1700067694937
 20
959.0
 30
0.0
 70
0
  0
VERTEX
  5
B6D
  8
CUT
 10
1261.1700067694937
 20
959.0
 30
0.0
 70
0
  0
VERTEX
  5
B6E
  8
CUT
 10
1261.1700067694937
 20
944.2
 30
0.0
 70
0
  0
VERTEX
  5
B6F
  8
CUT
 10
1261.8502156960633
 20
944.1268699711078
 30
0.0
 70
0
  0
VERTEX
  5
B70
  8
CUT
 10
1262.4993348110997
 20
943.9108223851345
 30
0.0
 70
0
  0
VERTEX
  5
B71
  8
CUT
 10
1263.08769530233
 20
943.561731970958
 30
0.0
 70
0
  0
VERTEX
  5
B72
  8
CUT
 10
1263.5884054074274
 20
943.0955543486249
 30
0.0
 70
0
  0
VERTEX
  5
B73
  8
CUT
 10
1263.978579536109
 20
942.5335967575043
 30
0.0
 70
0
  0
VERTEX
  5
B74
  8
CUT
 10
1264.2403842850601
 20
941.9015441818926
 30
0.0
 70
0
  0
VERTEX
  5
B75
  8
CUT
 10
1264.3618535362466
 20
941.2282853862375
 30
0.0
 70
0
  0
VERTEX
  5
B76
  8
CUT
 10
1264.3374353835127
 20
940.5445925175255
 30
0.0
 70
0
  0
VERTEX
  5
B77
  8
CUT
 10
1264.168245889493
 20
939.8817146252828
 30
0.0
 70
0
  0
VERTEX
  5
B78
  8
CUT
 10
1263.8620180745536
 20
939.269949384142
 30
0.0
 70
0
  0
VERTEX
  5
B79
  8
CUT
 10
1263.4327484692908
 20
938.737258300203
 30
0.0
 70
0
  0
VERTEX
  5
B7A
  8
CUT
 10
1262.9000573853516
 20
938.3079886949401
 30
0.0
 70
0
  0
VERTEX
  5
B7B
  8
CUT
 10
1262.2882921442108
 20
938.0017608800007
 30
0.0
 70
0
  0
VERTEX
  5
B7C
  8
CUT
 10
1261.6254142519683
 20
937.8325713859809
 30
0.0
 70
0
  0
VERTEX
  5
B7D
  8
CUT
 10
1260.9417213832562
 20
937.8081532332471
 30
0.0
 70
0
  0
VERTEX
  5
B7E
  8
CUT
 10
1260.268462587601
 20
937.9296224844336
 30
0.0
 70
0
  0
VERTEX
  5
B7F
  8
CUT
 10
1259.6364100119895
 20
938.1914272333847
 30
0.0
 70
0
  0
VERTEX
  5
B80
  8
CUT
 10
1259.0744524208687
 20
938.5816013620663
 30
0.0
 70
0
  0
VERTEX
  5
B81
  8
CUT
 10
1258.6082747985358
 20
939.0823114671637
 30
0.0
 70
0
  0
VERTEX
  5
B82
  8
CUT
 10
1258.2591843843593
 20
939.670671958394
 30
0.0
 70
0
  0
VERTEX
  5
B83
  8
CUT
 10
1258.043136798386
 20
940.3197910734305
 30
0.0
 70
0
  0
VERTEX
  5
B84
  8
CUT
 10
1257.9700067694937
 20
941.0
 30
0.0
 70
0
  0
VERTEX
  5
B85
  8
CUT
 10
1198.0
 20
941.0
 30
0.0
 70
0
  0
VERTEX
  5
B86
  8
CUT
 10
1248.3999999999999
 20
752.0
 30
0.0
 70
0
  0
VERTEX
  5
B87
  8
CUT
 10
1285.6361035521977
 20
752.0
 30
0.0
 70
0
  0
VERTEX
  5
B88
  8
CUT
 10
1285.7092335810898
 20
752.6802089265695
 30
0.0
 70
0
  0
VERTEX
  5
B89
  8
CUT
 10
1285.925281167063
 20
753.329328041606
 30
0.0
 70
0
  0
VERTEX
  5
B8A
  8
CUT
 10
1286.2743715812396
 20
753.9176885328363
 30
0.0
 70
0
  0
VERTEX
  5
B8B
  8
CUT
 10
1286.7405492035725
 20
754.4183986379337
 30
0.0
 70
0
  0
VERTEX
  5
B8C
  8
CUT
 10
1287.3025067946933
 20
754.8085727666153
 30
0.0
 70
0
  0
VERTEX
  5
B8D
  8
CUT
 10
1287.934559370305
 20
755.0703775155664
 30
0.0
 70
0
  0
VERTEX
  5
B8E
  8
CUT
 10
1288.60781816596
 20
755.1918467667529
 30
0.0
 70
0
  0
VERTEX
  5
B8F
  8
CUT
 10
1289.291511034672
 20
755.1674286140191
 30
0.0
 70
0
  0
VERTEX
  5
B90
  8
CUT
 10
1289.9543889269146
 20
754.9982391199993
 30
0.0
 70
0
  0
VERTEX
  5
B91
  8
CUT
 10
1290.5661541680554
 20
754.6920113050599
 30
0.0
 70
0
  0
VERTEX
  5
B92
  8
CUT
 10
1291.0988452519946
 20
754.262741699797
 30
0.0
 70
0
  0
VERTEX
  5
B93
  8
CUT
 10
1291.5281148572574
 20
753.730050615858
 30
0.0
 70
0
  0
VERTEX
  5
B94
  8
CUT
 10
1291.8343426721967
 20
753.1182853747172
 30
0.0
 70
0
  0
VERTEX
  5
B95
  8
CUT
 10
1292.0035321662165
 20
752.4554074824745
 30
0.0
 70
0
  0
VERTEX
  5
B96
  8
CUT
 10
1292.0279503189504
 20
751.7717146137625
 30
0.0
 70
0
  0
VERTEX
  5
B97
  8
CUT
 10
1291.906481067764
 20
751.0984558181074
 30
0.0
 70
0
  0
VERTEX
  5
B98
  8
CUT
 10
1291.6446763188128
 20
750.4664032424957
 30
0.0
 70
0
  0
VERTEX
  5
B99
  8
CUT
 10
1291.2545021901312
 20
749.9044456513751
 30
0.0
 70
0
  0
VERTEX
  5
B9A
  8
CUT
 10
1290.7537920850339
 20
749.438268029042
 30
0.0
 70
0
  0
VERTEX
  5
B9B
  8
CUT
 10
1290.1654315938035
 20
749.0891776148655
 30
0.0
 70
0
  0
VERTEX
  5
B9C
  8
CUT
 10
1289.516312478767
 20
748.8731300288922
 30
0.0
 70
0
  0
VERTEX
  5
B9D
  8
CUT
 10
1288.8361035521978
 20
748.8
 30
0.0
 70
0
  0
VERTEX
  5
B9E
  8
CUT
 10
1288.8361035521978
 20
734.0
 30
0.0
 70
0
  0
VERTEX
  5
B9F
  8
CUT
 10
1328.8361035521978
 20
734.0
 30
0.0
 70
0
  0
VERTEX
  5
BA0
  8
CUT
 10
1328.8361035521978
 20
748.8
 30
0.0
 70
0
  0
VERTEX
  5
BA1
  8
CUT
 10
1328.1558946256282
 20
748.8731300288923
 30
0.0
 70
0
  0
VERTEX
  5
BA2
  8
CUT
 10
1327.5067755105918
 20
749.0891776148655
 30
0.0
 70
0
  0
VERTEX
  5
BA3
  8
CUT
 10
1326.9184150193614
 20
749.4382680290421
 30
0.0
 70
0
  0
VERTEX
  5
BA4
  8
CUT
 10
1326.4177049142643
 20
749.9044456513752
 30
0.0
 70
0
  0
VERTEX
  5
BA5
  8
CUT
 10
1326.0275307855827
 20
750.466403242496
 30
0.0
 70
0
  0
VERTEX
  5
BA6
  8
CUT
 10
1325.7657260366316
 20
751.0984558181076
 30
0.0
 70
0
  0
VERTEX
  5
BA7
  8
CUT
 10
1325.6442567854451
 20
751.7717146137627
 30
0.0
 70
0
  0
VERTEX
  5
BA8
  8
CUT
 10
1325.668674938179
 20
752.4554074824747
 30
0.0
 70
0
  0
VERTEX
  5
BA9
  8
CUT
 10
1325.8378644321988
 20
753.1182853747173
 30
0.0
 70
0
  0
VERTEX
  5
BAA
  8
CUT
 10
1326.1440922471384
 20
753.7300506158581
 30
0.0
 70
0
  0
VERTEX
  5
BAB
  8
CUT
 10
1326.5733618524011
 20
754.2627416997972
 30
0.0
 70
0
  0
VERTEX
  5
BAC
  8
CUT
 10
1327.1060529363403
 20
754.69201130506
 30
0.0
 70
0
  0
VERTEX
  5
BAD
  8
CUT
 10
1327.7178181774811
 20
754.9982391199993
 30
0.0
 70
0
  0
VERTEX
  5
BAE
  8
CUT
 10
1328.3806960697236
 20
755.1674286140191
 30
0.0
 70
0
  0
VERTEX
  5
BAF
  8
CUT
 10
1329.0643889384357
 20
755.1918467667529
 30
0.0
 70
0
  0
VERTEX
  5
BB0
  8
CUT
 10
1329.7376477340908
 20
755.0703775155664
 30
0.0
 70
0
  0
VERTEX
  5
BB1
  8
CUT
 10
1330.3697003097025
 20
754.8085727666152
 30
0.0
 70
0
  0
VERTEX
  5
BB2
  8
CUT
 10
1330.931657900823
 20
754.4183986379335
 30
0.0
 70
0
  0
VERTEX
  5
BB3
  8
CUT
 10
1331.3978355231561
 20
753.9176885328361
 30
0.0
 70
0
  0
VERTEX
  5
BB4
  8
CUT
 10
1331.7469259373327
 20
753.3293280416059
 30
0.0
 70
0
  0
VERTEX
  5
BB5
  8
CUT
 10
1331.962973523306
 20
752.6802089265693
 30
0.0
 70
0
  0
VERTEX
  5
BB6
  8
CUT
 10
1332.0361035521978
 20
752.0
 30
0.0
 70
0
  0
VERTEX
  5
BB7
  8
CUT
 10
1364.070990364488
 20
752.0
 30
0.0
 70
0
  0
VERTEX
  5
BB8
  8
CUT
 10
1364.070990364488
 20
843.3
 30
0.0
 70
0
  0
VERTEX
  5
BB9
  8
CUT
 10
1363.3907814379183
 20
843.3731300288922
 30
0.0
 70
0
  0
VERTEX
  5
BBA
  8
CUT
 10
1362.741662322882
 20
843.5891776148655
 30
0.0
 70
0
  0
VERTEX
  5
BBB
  8
CUT
 10
1362.1533018316516
 20
843.938268029042
 30
0.0
 70
0
  0
VERTEX
  5
BBC
  8
CUT
 10
1361.6525917265542
 20
844.4044456513751
 30
0.0
 70
0
  0
VERTEX
  5
BBD
  8
CUT
 10
1361.2624175978726
 20
844.9664032424957
 30
0.0
 70
0
  0
VERTEX
  5
BBE
  8
CUT
 10
1361.0006128489215
 20
845.5984558181074
 30
0.0
 70
0
  0
VERTEX
  5
BBF
  8
CUT
 10
1360.879143597735
 20
846.2717146137625
 30
0.0
 70
0
  0
VERTEX
  5
BC0
  8
CUT
 10
1360.903561750469
 20
846.9554074824745
 30
0.0
 70
0
  0
VERTEX
  5
BC1
  8
CUT
 10
1361.0727512444887
 20
847.6182853747172
 30
0.0
 70
0
  0
VERTEX
  5
BC2
  8
CUT
 10
1361.378979059428
 20
848.230050615858
 30
0.0
 70
0
  0
VERTEX
  5
BC3
  8
CUT
 10
1361.8082486646908
 20
848.762741699797
 30
0.0
 70
0
  0
VERTEX
  5
BC4
  8
CUT
 10
1362.34093974863
 20
849.1920113050599
 30
0.0
 70
0
  0
VERTEX
  5
BC5
  8
CUT
 10
1362.9527049897708
 20
849.4982391199993
 30
0.0
 70
0
  0
VERTEX
  5
BC6
  8
CUT
 10
1363.6155828820133
 20
849.6674286140191
 30
0.0
 70
0
  0
VERTEX
  5
BC7
  8
CUT
 10
1364.2992757507254
 20
849.6918467667529
 30
0.0
 70
0
  0
VERTEX
  5
BC8
  8
CUT
 10
1364.9725345463805
 20
849.5703775155664
 30
0.0
 70
0
  0
VERTEX
  5
BC9
  8
CUT
 10
1365.6045871219922
 20
849.3085727666153
 30
0.0
 70
0
  0
VERTEX
  5
BCA
  8
CUT
 10
1366.166544713113
 20
848.9183986379337
 30
0.0
 70
0
  0
VERTEX
  5
BCB
  8
CUT
 10
1366.6327223354458
 20
848.4176885328363
 30
0.0
 70
0
  0
VERTEX
  5
BCC
  8
CUT
 10
1366.9818127496223
 20
847.829328041606
 30
0.0
 70
0
  0
VERTEX
  5
BCD
  8
CUT
 10
1367.1978603355956
 20
847.1802089265695
 30
0.0
 70
0
  0
VERTEX
  5
BCE
  8
CUT
 10
1367.270990364488
 20
846.5
 30
0.0
 70
0
  0
VERTEX
  5
BCF
  8
CUT
 10
1379.8709903644879
 20
846.5
 30
0.0
 70
0
  0
VERTEX
  5
BD0
  8
CUT
 10
1379.9441203933802
 20
847.1802089265695
 30
0.0
 70
0
  0
VERTEX
  5
BD1
  8
CUT
 10
1380.1601679793534
 20
847.829328041606
 30
0.0
 70
0
  0
VERTEX
  5
BD2
  8
CUT
 10
1380.50925839353
 20
848.4176885328363
 30
0.0
 70
0
  0
VERTEX
  5
BD3
  8
CUT
 10
1380.975436015863
 20
848.9183986379337
 30
0.0
 70
0
  0
VERTEX
  5
BD4
  8
CUT
 10
1381.5373936069836
 20
849.3085727666153
 30
0.0
 70
0
  0
VERTEX
  5
BD5
  8
CUT
 10
1382.1694461825953
 20
849.5703775155664
 30
0.0
 70
0
  0
VERTEX
  5
BD6
  8
CUT
 10
1382.8427049782504
 20
849.6918467667529
 30
0.0
 70
0
  0
VERTEX
  5
BD7
  8
CUT
 10
1383.5263978469625
 20
849.6674286140191
 30
0.0
 70
0
  0
VERTEX
  5
BD8
  8
CUT
 10
1384.189275739205
 20
849.4982391199993
 30
0.0
 70
0
  0
VERTEX
  5
BD9
  8
CUT
 10
1384.8010409803458
 20
849.1920113050599
 30
0.0
 70
0
  0
VERTEX
  5
BDA
  8
CUT
 10
1385.333732064285
 20
848.762741699797
 30
0.0
 70
0
  0
VERTEX
  5
BDB
  8
CUT
 10
1385.7630016695477
 20
848.230050615858
 30
0.0
 70
0
  0
VERTEX
  5
BDC
  8
CUT
 10
1386.069229484487
 20
847.6182853747172
 30
0.0
 70
0
  0
VERTEX
  5
BDD
  8
CUT
 10
1386.2384189785068
 20
846.9554074824745
 30
0.0
 70
0
  0
VERTEX
  5
BDE
  8
CUT
 10
1386.2628371312408
 20
846.2717146137625
 30
0.0
 70
0
  0
VERTEX
  5
BDF
  8
CUT
 10
1386.1413678800543
 20
845.5984558181074
 30
0.0
 70
0
  0
VERTEX
  5
BE0
  8
CUT
 10
1385.8795631311032
 20
844.9664032424957
 30
0.0
 70
0
  0
VERTEX
  5
BE1
  8
CUT
 10
1385.4893890024216
 20
844.4044456513751
 30
0.0
 70
0
  0
VERTEX
  5
BE2
  8
CUT
 10
1384.9886788973242
 20
843.938268029042
 30
0.0
 70
0
  0
VERTEX
  5
BE3
  8
CUT
 10
1384.400318406094
 20
843.5891776148655
 30
0.0
 70
0
  0
VERTEX
  5
BE4
  8
CUT
 10
1383.7511992910574
 20
843.3731300288922
 30
0.0
 70
0
  0
VERTEX
  5
BE5
  8
CUT
 10
1383.070990364488
 20
843.3
 30
0.0
 70
0
  0
VERTEX
  5
BE6
  8
CUT
 10
1383.070990364488
 20
752.0
 30
0.0
 70
0
  0
VERTEX
  5
BE7
  8
CUT
 10
1415.1058771767782
 20
752.0
 30
0.0
 70
0
  0
VERTEX
  5
BE8
  8
CUT
 10
1415.1790072056706
 20
752.6802089265695
 30
0.0
 70
0
  0
VERTEX
  5
BE9
  8
CUT
 10
1415.3950547916438
 20
753.329328041606
 30
0.0
 70
0
  0
VERTEX
  5
BEA
  8
CUT
 10
1415.7441452058204
 20
753.9176885328363
 30
0.0
 70
0
  0
VERTEX
  5
BEB
  8
CUT
 10
1416.2103228281533
 20
754.4183986379337
 30
0.0
 70
0
  0
VERTEX
  5
BEC
  8
CUT
 10
1416.772280419274
 20
754.8085727666153
 30
0.0
 70
0
  0
VERTEX
  5
BED
  8
CUT
 10
1417.4043329948856
 20
755.0703775155664
 30
0.0
 70
0
  0
VERTEX
  5
BEE
  8
CUT
 10
1418.0775917905407
 20
755.1918467667529
 30
0.0
 70
0
  0
VERTEX
  5
BEF
  8
CUT
 10
1418.7612846592529
 20
755.1674286140191
 30
0.0
 70
0
  0
VERTEX
  5
BF0
  8
CUT
 10
1419.4241625514953
 20
754.9982391199993
 30
0.0
 70
0
  0
VERTEX
  5
BF1
  8
CUT
 10
1420.0359277926361
 20
754.6920113050599
 30
0.0
 70
0
  0
VERTEX
  5
BF2
  8
CUT
 10
1420.5686188765753
 20
754.262741699797
 30
0.0
 70
0
  0
VERTEX
  5
BF3
  8
CUT
 10
1420.9978884818381
 20
753.730050615858
 30
0.0
 70
0
  0
VERTEX
  5
BF4
  8
CUT
 10
1421.3041162967775
 20
753.1182853747172
 30
0.0
 70
0
  0
VERTEX
  5
BF5
  8
CUT
 10
1421.4733057907972
 20
752.4554074824745
 30
0.0
 70
0
  0
VERTEX
  5
BF6
  8
CUT
 10
1421.4977239435311
 20
751.7717146137625
 30
0.0
 70
0
  0
VERTEX
  5
BF7
  8
CUT
 10
1421.3762546923447
 20
751.0984558181074
 30
0.0
 70
0
  0
VERTEX
  5
BF8
  8
CUT
 10
1421.1144499433935
 20
750.4664032424957
 30
0.0
 70
0
  0
VERTEX
  5
BF9
  8
CUT
 10
1420.724275814712
 20
749.9044456513751
 30
0.0
 70
0
  0
VERTEX
  5
BFA
  8
CUT
 10
1420.2235657096146
 20
749.438268029042
 30
0.0
 70
0
  0
VERTEX
  5
BFB
  8
CUT
 10
1419.6352052183843
 20
749.0891776148655
 30
0.0
 70
0
  0
VERTEX
  5
BFC
  8
CUT
 10
1418.9860861033478
 20
748.8731300288922
 30
0.0
 70
0
  0
VERTEX
  5
BFD
  8
CUT
 10
1418.3058771767783
 20
748.8
 30
0.0
 70
0
  0
VERTEX
  5
BFE
  8
CUT
 10
1418.3058771767783
 20
734.0
 30
0.0
 70
0
  0
VERTEX
  5
BFF
  8
CUT
 10
1458.3058771767783
 20
734.0
 30
0.0
 70
0
  0
VERTEX
  5
C00
  8
CUT
 10
1458.3058771767783
 20
748.8
 30
0.0
 70
0
  0
VERTEX
  5
C01
  8
CUT
 10
1457.6256682502087
 20
748.8731300288922
 30
0.0
 70
0
  0
VERTEX
  5
C02
  8
CUT
 10
1456.9765491351723
 20
749.0891776148654
 30
0.0
 70
0
  0
VERTEX
  5
C03
  8
CUT
 10
1456.388188643942
 20
749.438268029042
 30
0.0
 70
0
  0
VERTEX
  5
C04
  8
CUT
 10
1455.8874785388448
 20
749.904445651375
 30
0.0
 70
0
  0
VERTEX
  5
C05
  8
CUT
 10
1455.497304410163
 20
750.4664032424957
 30
0.0
 70
0
  0
VERTEX
  5
C06
  8
CUT
 10
1455.2354996612119
 20
751.0984558181074
 30
0.0
 70
0
  0
VERTEX
  5
C07
  8
CUT
 10
1455.1140304100256
 20
751.7717146137624
 30
0.0
 70
0
  0
VERTEX
  5
C08
  8
CUT
 10
1455.1384485627593
 20
752.4554074824744
 30
0.0
 70
0
  0
VERTEX
  5
C09
  8
CUT
 10
1455.307638056779
 20
753.118285374717
 30
0.0
 70
0
  0
VERTEX
  5
C0A
  8
CUT
 10
1455.6138658717186
 20
753.7300506158577
 30
0.0
 70
0
  0
VERTEX
  5
C0B
  8
CUT
 10
1456.0431354769814
 20
754.2627416997968
 30
0.0
 70
0
  0
VERTEX
  5
C0C
  8
CUT
 10
1456.5758265609204
 20
754.6920113050596
 30
0.0
 70
0
  0
VERTEX
  5
C0D
  8
CUT
 10
1457.1875918020612
 20
754.9982391199991
 30
0.0
 70
0
  0
VERTEX
  5
C0E
  8
CUT
 10
1457.8504696943037
 20
755.1674286140188
 30
0.0
 70
0
  0
VERTEX
  5
C0F
  8
CUT
 10
1458.5341625630158
 20
755.1918467667526
 30
0.0
 70
0
  0
VERTEX
  5
C10
  8
CUT
 10
1459.207421358671
 20
755.0703775155662
 30
0.0
 70
0
  0
VERTEX
  5
C11
  8
CUT
 10
1459.8394739342825
 20
754.808572766615
 30
0.0
 70
0
  0
VERTEX
  5
C12
  8
CUT
 10
1460.401431525403
 20
754.4183986379335
 30
0.0
 70
0
  0
VERTEX
  5
C13
  8
CUT
 10
1460.8676091477362
 20
753.9176885328361
 30
0.0
 70
0
  0
VERTEX
  5
C14
  8
CUT
 10
1461.2166995619127
 20
753.3293280416059
 30
0.0
 70
0
  0
VERTEX
  5
C15
  8
CUT
 10
1461.432747147886
 20
752.6802089265694
 30
0.0
 70
0
  0
VERTEX
  5
C16
  8
CUT
 10
1461.505877176778
 20
752.0
 30
0.0
 70
0
  0
VERTEX
  5
C17
  8
CUT
 10
1498.741980728976
 20
752.0
 30
0.0
 70
0
  0
SEQEND
  5
B23
  8
CUT
  0
POLYLINE
  5
C18
  8
CUT
 66
1
 10
0.0
 20
0.0
 30
0.0
 70
1
  0
VERTEX
  5
C1A
  8
CUT
 10
1270.0
 20
392.0
 30
0.0
 70
0
  0
VERTEX
  5
C1B
  8
CUT
 10
1329.9700067694937
 20
392.0
 30
0.0
 70
0
  0
VERTEX
  5
C1C
  8
CUT
 10
1330.043136798386
 20
392.68020892656955
 30
0.0
 70
0
  0
VERTEX
  5
C1D
  8
CUT
 10
1330.2591843843593
 20
393.32932804160606
 30
0.0
 70
0
  0
VERTEX
  5
C1E
  8
CUT
 10
1330.6082747985358
 20
393.91768853283634
 30
0.0
 70
0
  0
VERTEX
  5
C1F
  8
CUT
 10
1331.0744524208687
 20
394.41839863793365
 30
0.0
 70
0
  0
VERTEX
  5
C20
  8
CUT
 10
1331.6364100119895
 20
394.8085727666152
 30
0.0
 70
0
  0
VERTEX
  5
C21
  8
CUT
 10
1332.268462587601
 20
395.0703775155664
 30
0.0
 70
0
  0
VERTEX
  5
C22
  8
CUT
 10
1332.9417213832562
 20
395.1918467667528
 30
0.0
 70
0
  0
VERTEX
  5
C23
  8
CUT
 10
1333.6254142519683
 20
395.167428614019
 30
0.0
 70
0
  0
VERTEX
  5
C24
  8
CUT
 10
1334.2882921442108
 20
394.99823911999925
 30
0.0
 70
0
  0
VERTEX
  5
C25
  8
CUT
 10
1334.9000573853516
 20
394.6920113050598
 30
0.0
 70
0
  0
VERTEX
  5
C26
  8
CUT
 10
1335.4327484692908
 20
394.26274169979695
 30
0.0
 70
0
  0
VERTEX
  5
C27
  8
CUT
 10
1335.8620180745536
 20
393.7300506158579
 30
0.0
 70
0
  0
VERTEX
  5
C28
  8
CUT
 10
1336.168245889493
 20
393.1182853747171
 30
0.0
 70
0
  0
VERTEX
  5
C29
  8
CUT
 10
1336.3374353835127
 20
392.4554074824745
 30
0.0
 70
0
  0
VERTEX
  5
C2A
  8
CUT
 10
1336.3618535362466
 20
391.77171461376247
 30
0.0
 70
0
  0
VERTEX
  5
C2B
  8
CUT
 10
1336.2403842850601
 20
391.0984558181074
 30
0.0
 70
0
  0
VERTEX
  5
C2C
  8
CUT
 10
1335.978579536109
 20
390.4664032424958
 30
0.0
 70
0
  0
VERTEX
  5
C2D
  8
CUT
 10
1335.5884054074274
 20
389.90444565137506
 30
0.0
 70
0
  0
VERTEX
  5
C2E
  8
CUT
 10
1335.08769530233
 20
389.43826802904204
 30
0.0
 70
0
  0
VERTEX
  5
C2F
  8
CUT
 10
1334.4993348110997
 20
389.08917761486555
 30
0.0
 70
0
  0
VERTEX
  5
C30
  8
CUT
 10
1333.8502156960633
 20
388.87313002889226
 30
0.0
 70
0
  0
VERTEX
  5
C31
  8
CUT
 10
1333.1700067694937
 20
388.8
 30
0.0
 70
0
  0
VERTEX
  5
C32
  8
CUT
 10
1333.1700067694937
 20
374.0
 30
0.0
 70
0
  0
VERTEX
  5
C33
  8
CUT
 10
1373.1700067694937
 20
374.0
 30
0.0
 70
0
  0
VERTEX
  5
C34
  8
CUT
 10
1373.1700067694937
 20
388.8
 30
0.0
 70
0
  0
VERTEX
  5
C35
  8
CUT
 10
1372.4897978429242
 20
388.87313002889226
 30
0.0
 70
0
  0
VERTEX
  5
C36
  8
CUT
 10
1371.8406787278877
 20
389.0891776148655
 30
0.0
 70
0
  0
VERTEX
  5
C37
  8
CUT
 10
1371.2523182366574
 20
389.43826802904204
 30
0.0
 70
0
  0
VERTEX
  5
C38
  8
CUT
 10
1370.7516081315603
 20
389.90444565137506
 30
0.0
 70
0
  0
VERTEX
  5
C39
  8
CUT
 10
1370.3614340028787
 20
390.46640324249574
 30
0.0
 70
0
  0
VERTEX
  5
C3A
  8
CUT
 10
1370.0996292539273
 20
391.0984558181073
 30
0.0
 70
0
  0
VERTEX
  5
C3B
  8
CUT
 10
1369.978160002741
 20
391.77171461376236
 30
0.0
 70
0
  0
VERTEX
  5
C3C
  8
CUT
 10
1370.0025781554748
 20
392.45540748247436
 30
0.0
 70
0
  0
VERTEX
  5
C3D
  8
CUT
 10
1370.1717676494945
 20
393.11828537471695
 30
0.0
 70
0
  0
VERTEX
  5
C3E
  8
CUT
 10
1370.4779954644341
 20
393.73005061585775
 30
0.0
 70
0
  0
VERTEX
  5
C3F
  8
CUT
 10
1370.907265069697
 20
394.2627416997968
 30
0.0
 70
0
  0
VERTEX
  5
C40
  8
CUT
 10
1371.4399561536359
 20
394.69201130505957
 30
0.0
 70
0
  0
VERTEX
  5
C41
  8
CUT
 10
1372.0517213947767
 20
394.998239119999
 30
0.0
 70
0
  0
VERTEX
  5
C42
  8
CUT
 10
1372.7145992870192
 20
395.1674286140188
 30
0.0
 70
0
  0
VERTEX
  5
C43
  8
CUT
 10
1373.3982921557313
 20
395.1918467667526
 30
0.0
 70
0
  0
VERTEX
  5
C44
  8
CUT
 10
1374.0715509513864
 20
395.0703775155662
 30
0.0
 70
0
  0
VERTEX
  5
C45
  8
CUT
 10
1374.7036035269978
 20
394.80857276661504
 30
0.0
 70
0
  0
VERTEX
  5
C46
  8
CUT
 10
1375.2655611181185
 20
394.4183986379334
 30
0.0
 70
0
  0
VERTEX
  5
C47
  8
CUT
 10
1375.7317387404516
 20
393.91768853283617
 30
0.0
 70
0
  0
VERTEX
  5
C48
  8
CUT
 10
1376.0808291546282
 20
393.3293280416059
 30
0.0
 70
0
  0
VERTEX
  5
C49
  8
CUT
 10
1376.2968767406014
 20
392.6802089265694
 30
0.0
 70
0
  0
VERTEX
  5
C4A
  8
CUT
 10
1376.3700067694936
 20
392.0
 30
0.0
 70
0
  0
VERTEX
  5
C4B
  8
CUT
 10
1436.070990364488
 20
392.0
 30
0.0
 70
0
  0
VERTEX
  5
C4C
  8
CUT
 10
1436.070990364488
 20
483.3
 30
0.0
 70
0
  0
VERTEX
  5
C4D
  8
CUT
 10
1435.3907814379183
 20
483.37313002889226
 30
0.0
 70
0
  0
VERTEX
  5
C4E
  8
CUT
 10
1434.741662322882
 20
483.58917761486555
 30
0.0
 70
0
  0
VERTEX
  5
C4F
  8
CUT
 10
1434.1533018316516
 20
483.93826802904204
 30
0.0
 70
0
  0
VERTEX
  5
C50
  8
CUT
 10
1433.6525917265542
 20
484.40444565137506
 30
0.0
 70
0
  0
VERTEX
  5
C51
  8
CUT
 10
1433.2624175978726
 20
484.9664032424958
 30
0.0
 70
0
  0
VERTEX
  5
C52
  8
CUT
 10
1433.0006128489215
 20
485.5984558181074
 30
0.0
 70
0
  0
VERTEX
  5
C53
  8
CUT
 10
1432.879143597735
 20
486.27171461376247
 30
0.0
 70
0
  0
VERTEX
  5
C54
  8
CUT
 10
1432.903561750469
 20
486.9554074824745
 30
0.0
 70
0
  0
VERTEX
  5
C55
  8
CUT
 10
1433.0727512444887
 20
487.6182853747171
 30
0.0
 70
0
  0
VERTEX
  5
C56
  8
CUT
 10
1433.378979059428
 20
488.2300506158579
 30
0.0
 70
0
  0
VERTEX
  5
C57
  8
CUT
 10
1433.8082486646908
 20
488.76274169979695
 30
0.0
 70
0
  0
VERTEX
  5
C58
  8
CUT
 10
1434.34093974863
 20
489.1920113050598
 30
0.0
 70
0
  0
VERTEX
  5
C59
  8
CUT
 10
1434.9527049897708
 20
489.49823911999925
 30
0.0
 70
0
  0
VERTEX
  5
C5A
  8
CUT
 10
1435.6155828820133
 20
489.667428614019
 30
0.0
 70
0
  0
VERTEX
  5
C5B
  8
CUT
 10
1436.2992757507254
 20
489.6918467667528
 30
0.0
 70
0
  0
VERTEX
  5
C5C
  8
CUT
 10
1436.9725345463805
 20
489.5703775155664
 30
0.0
 70
0
  0
VERTEX
  5
C5D
  8
CUT
 10
1437.6045871219922
 20
489.3085727666152
 30
0.0
 70
0
  0
VERTEX
  5
C5E
  8
CUT
 10
1438.166544713113
 20
488.91839863793365
 30
0.0
 70
0
  0
VERTEX
  5
C5F
  8
CUT
 10
1438.6327223354458
 20
488.41768853283634
 30
0.0
 70
0
  0
VERTEX
  5
C60
  8
CUT
 10
1438.9818127496223
 20
487.82932804160606
 30
0.0
 70
0
  0
VERTEX
  5
C61
  8
CUT
 10
1439.1978603355956
 20
487.18020892656955
 30
0.0
 70
0
  0
VERTEX
  5
C62
  8
CUT
 10
1439.270990364488
 20
486.5
 30
0.0
 70
0
  0
VERTEX
  5
C63
  8
CUT
 10
1451.870990364488
 20
486.5
 30
0.0
 70
0
  0
VERTEX
  5
C64
  8
CUT
 10
1451.9441203933802
 20
487.1802089265695
 30
0.0
 70
0
  0
VERTEX
  5
C65
  8
CUT
 10
1452.1601679793537
 20
487.829328041606
 30
0.0
 70
0
  0
VERTEX
  5
C66
  8
CUT
 10
1452.50925839353
 20
488.4176885328362
 30
0.0
 70
0
  0
VERTEX
  5
C67
  8
CUT
 10
1452.9754360158631
 20
488.91839863793354
 30
0.0
 70
0
  0
VERTEX
  5
C68
  8
CUT
 10
1453.5373936069839
 20
489.3085727666151
 30
0.0
 70
0
  0
VERTEX
  5
C69
  8
CUT
 10
1454.1694461825955
 20
489.57037751556624
 30
0.0
 70
0
  0
VERTEX
  5
C6A
  8
CUT
 10
1454.8427049782504
 20
489.69184676675263
 30
0.0
 70
0
  0
VERTEX
  5
C6B
  8
CUT
 10
1455.5263978469625
 20
489.6674286140188
 30
0.0
 70
0
  0
VERTEX
  5
C6C
  8
CUT
 10
1456.1892757392052
 20
489.49823911999897
 30
0.0
 70
0
  0
VERTEX
  5
C6D
  8
CUT
 10
1456.8010409803458
 20
489.1920113050595
 30
0.0
 70
0
  0
VERTEX
  5
C6E
  8
CUT
 10
1457.333732064285
 20
488.76274169979666
 30
0.0
 70
0
  0
VERTEX
  5
C6F
  8
CUT
 10
1457.7630016695477
 20
488.23005061585764
 30
0.0
 70
0
  0
VERTEX
  5
C70
  8
CUT
 10
1458.069229484487
 20
487.61828537471683
 30
0.0
 70
0
  0
VERTEX
  5
C71
  8
CUT
 10
1458.2384189785068
 20
486.9554074824743
 30
0.0
 70
0
  0
VERTEX
  5
C72
  8
CUT
 10
1458.2628371312405
 20
486.27171461376224
 30
0.0
 70
0
  0
VERTEX
  5
C73
  8
CUT
 10
1458.141367880054
 20
485.59845581810725
 30
0.0
 70
0
  0
VERTEX
  5
C74
  8
CUT
 10
1457.879563131103
 20
484.96640324249563
 30
0.0
 70
0
  0
VERTEX
  5
C75
  8
CUT
 10
1457.4893890024214
 20
484.40444565137494
 30
0.0
 70
0
  0
VERTEX
  5
C76
  8
CUT
 10
1456.988678897324
 20
483.9382680290419
 30
0.0
 70
0
  0
VERTEX
  5
C77
  8
CUT
 10
1456.400318406094
 20
483.5891776148655
 30
0.0
 70
0
  0
VERTEX
  5
C78
  8
CUT
 10
1455.7511992910572
 20
483.37313002889226
 30
0.0
 70
0
  0
VERTEX
  5
C79
  8
CUT
 10
1455.070990364488
 20
483.3
 30
0.0
 70
0
  0
VERTEX
  5
C7A
  8
CUT
 10
1455.070990364488
 20
392.0
 30
0.0
 70
0
  0
VERTEX
  5
C7B
  8
CUT
 10
1514.7719739594822
 20
392.0
 30
0.0
 70
0
  0
VERTEX
  5
C7C
  8
CUT
 10
1514.8451039883744
 20
392.68020892656955
 30
0.0
 70
0
  0
VERTEX
  5
C7D
  8
CUT
 10
1515.0611515743476
 20
393.32932804160606
 30
0.0
 70
0
  0
VERTEX
  5
C7E
  8
CUT
 10
1515.4102419885241
 20
393.91768853283634
 30
0.0
 70
0
  0
VERTEX
  5
C7F
  8
CUT
 10
1515.876419610857
 20
394.41839863793365
 30
0.0
 70
0
  0
VERTEX
  5
C80
  8
CUT
 10
1516.4383772019778
 20
394.8085727666152
 30
0.0
 70
0
  0
VERTEX
  5
C81
  8
CUT
 10
1517.0704297775894
 20
395.0703775155664
 30
0.0
 70
0
  0
VERTEX
  5
C82
  8
CUT
 10
1517.7436885732445
 20
395.1918467667528
 30
0.0
 70
0
  0
VERTEX
  5
C83
  8
CUT
 10
1518.4273814419566
 20
395.167428614019
 30
0.0
 70
0
  0
VERTEX
  5
C84
  8
CUT
 10
1519.0902593341991
 20
394.99823911999925
 30
0.0
 70
0
  0
VERTEX
  5
C85
  8
CUT
 10
1519.70202457534
 20
394.6920113050598
 30
0.0
 70
0
  0
VERTEX
  5
C86
  8
CUT
 10
1520.2347156592791
 20
394.26274169979695
 30
0.0
 70
0
  0
VERTEX
  5
C87
  8
CUT
 10
1520.663985264542
 20
393.7300506158579
 30
0.0
 70
0
  0
VERTEX
  5
C88
  8
CUT
 10
1520.9702130794813
 20
393.1182853747171
 30
0.0
 70
0
  0
VERTEX
  5
C89
  8
CUT
 10
1521.139402573501
 20
392.4554074824745
 30
0.0
 70
0
  0
VERTEX
  5
C8A
  8
CUT
 10
1521.163820726235
 20
391.77171461376247
 30
0.0
 70
0
  0
VERTEX
  5
C8B
  8
CUT
 10
1521.0423514750485
 20
391.0984558181074
 30
0.0
 70
0
  0
VERTEX
  5
C8C
  8
CUT
 10
1520.7805467260973
 20
390.4664032424958
 30
0.0
 70
0
  0
VERTEX
  5
C8D
  8
CUT
 10
1520.3903725974158
 20
389.90444565137506
 30
0.0
 70
0
  0
VERTEX
  5
C8E
  8
CUT
 10
1519.8896624923184
 20
389.43826802904204
 30
0.0
 70
0
  0
VERTEX
  5
C8F
  8
CUT
 10
1519.301302001088
 20
389.08917761486555
 30
0.0
 70
0
  0
VERTEX
  5
C90
  8
CUT
 10
1518.6521828860516
 20
388.87313002889226
 30
0.0
 70
0
  0
VERTEX
  5
C91
  8
CUT
 10
1517.9719739594823
 20
388.8
 30
0.0
 70
0
  0
VERTEX
  5
C92
  8
CUT
 10
1517.9719739594823
 20
374.0
 30
0.0
 70
0
  0
VERTEX
  5
C93
  8
CUT
 10
1557.9719739594823
 20
374.0
 30
0.0
 70
0
  0
VERTEX
  5
C94
  8
CUT
 10
1557.9719739594823
 20
388.8
 30
0.0
 70
0
  0
VERTEX
  5
C95
  8
CUT
 10
1557.2917650329127
 20
388.8731300288923
 30
0.0
 70
0
  0
VERTEX
  5
C96
  8
CUT
 10
1556.6426459178763
 20
389.0891776148656
 30
0.0
 70
0
  0
VERTEX
  5
C97
  8
CUT
 10
1556.054285426646
 20
389.43826802904215
 30
0.0
 70
0
  0
VERTEX
  5
C98
  8
CUT
 10
1555.5535753215488
 20
389.9044456513752
 30
0.0
 70
0
  0
VERTEX
  5
C99
  8
CUT
 10
1555.1634011928672
 20
390.466403242496
 30
0.0
 70
0
  0
VERTEX
  5
C9A
  8
CUT
 10
1554.901596443916
 20
391.09845581810765
 30
0.0
 70
0
  0
VERTEX
  5
C9B
  8
CUT
 10
1554.7801271927297
 20
391.7717146137627
 30
0.0
 70
0
  0
VERTEX
  5
C9C
  8
CUT
 10
1554.8045453454636
 20
392.45540748247475
 30
0.0
 70
0
  0
VERTEX
  5
C9D
  8
CUT
 10
1554.9737348394833
 20
393.11828537471735
 30
0.0
 70
0
  0
VERTEX
  5
C9E
  8
CUT
 10
1555.279962654423
 20
393.7300506158581
 30
0.0
 70
0
  0
VERTEX
  5
C9F
  8
CUT
 10
1555.7092322596857
 20
394.2627416997971
 30
0.0
 70
0
  0
VERTEX
  5
CA0
  8
CUT
 10
1556.2419233436249
 20
394.6920113050599
 30
0.0
 70
0
  0
VERTEX
  5
CA1
  8
CUT
 10
1556.8536885847657
 20
394.9982391199993
 30
0.0
 70
0
  0
VERTEX
  5
CA2
  8
CUT
 10
1557.5165664770082
 20
395.16742861401906
 30
0.0
 70
0
  0
VERTEX
  5
CA3
  8
CUT
 10
1558.2002593457203
 20
395.1918467667528
 30
0.0
 70
0
  0
VERTEX
  5
CA4
  8
CUT
 10
1558.8735181413754
 20
395.07037751556635
 30
0.0
 70
0
  0
VERTEX
  5
CA5
  8
CUT
 10
1559.505570716987
 20
394.8085727666151
 30
0.0
 70
0
  0
VERTEX
  5
CA6
  8
CUT
 10
1560.0675283081075
 20
394.4183986379335
 30
0.0
 70
0
  0
VERTEX
  5
CA7
  8
CUT
 10
1560.5337059304406
 20
393.91768853283617
 30
0.0
 70
0
  0
VERTEX
  5
CA8
  8
CUT
 10
1560.8827963446172
 20
393.32932804160583
 30
0.0
 70
0
  0
VERTEX
  5
CA9
  8
CUT
 10
1561.0988439305902
 20
392.6802089265693
 30
0.0
 70
0
  0
VERTEX
  5
CAA
  8
CUT
 10
1561.1719739594823
 20
392.0
 30
0.0
 70
0
  0
VERTEX
  5
CAB
  8
CUT
 10
1621.1419807289758
 20
392.0
 30
0.0
 70
0
  0
VERTEX
  5
CAC
  8
CUT
 10
1570.741980728976
 20
581.0
 30
0.0
 70
0
  0
VERTEX
  5
CAD
  8
CUT
 10
1533.505877176778
 20
581.0
 30
0.0
 70
0
  0
VERTEX
  5
CAE
  8
CUT
 10
1533.432747147886
 20
580.3197910734305
 30
0.0
 70
0
  0
VERTEX
  5
CAF
  8
CUT
 10
1533.2166995619127
 20
579.670671958394
 30
0.0
 70
0
  0
VERTEX
  5
CB0
  8
CUT
 10
1532.8676091477362
 20
579.0823114671638
 30
0.0
 70
0
  0
VERTEX
  5
CB1
  8
CUT
 10
1532.401431525403
 20
578.5816013620665
 30
0.0
 70
0
  0
VERTEX
  5
CB2
  8
CUT
 10
1531.8394739342823
 20
578.191427233385
 30
0.0
 70
0
  0
VERTEX
  5
CB3
  8
CUT
 10
1531.2074213586707
 20
577.9296224844337
 30
0.0
 70
0
  0
VERTEX
  5
CB4
  8
CUT
 10
1530.5341625630158
 20
577.8081532332474
 30
0.0
 70
0
  0
VERTEX
  5
CB5
  8
CUT
 10
1529.8504696943037
 20
577.8325713859812
 30
0.0
 70
0
  0
VERTEX
  5
CB6
  8
CUT
 10
1529.187591802061
 20
578.001760880001
 30
0.0
 70
0
  0
VERTEX
  5
CB7
  8
CUT
 10
1528.5758265609204
 20
578.3079886949405
 30
0.0
 70
0
  0
VERTEX
  5
CB8
  8
CUT
 10
1528.0431354769812
 20
578.7372583002033
 30
0.0
 70
0
  0
VERTEX
  5
CB9
  8
CUT
 10
1527.6138658717184
 20
579.2699493841424
 30
0.0
 70
0
  0
VERTEX
  5
CBA
  8
CUT
 10
1527.307638056779
 20
579.8817146252832
 30
0.0
 70
0
  0
VERTEX
  5
CBB
  8
CUT
 10
1527.1384485627593
 20
580.5445925175258
 30
0.0
 70
0
  0
VERTEX
  5
CBC
  8
CUT
 10
1527.1140304100256
 20
581.2282853862378
 30
0.0
 70
0
  0
VERTEX
  5
CBD
  8
CUT
 10
1527.2354996612119
 20
581.9015441818927
 30
0.0
 70
0
  0
VERTEX
  5
CBE
  8
CUT
 10
1527.4973044101632
 20
582.5335967575044
 30
0.0
 70
0
  0
VERTEX
  5
CBF
  8
CUT
 10
1527.8874785388448
 20
583.0955543486251
 30
0.0
 70
0
  0
VERTEX
  5
CC0
  8
CUT
 10
1528.3881886439422
 20
583.5617319709581
 30
0.0
 70
0
  0
VERTEX
  5
CC1
  8
CUT
 10
1528.9765491351723
 20
583.9108223851346
 30
0.0
 70
0
  0
VERTEX
  5
CC2
  8
CUT
 10
1529.625668250209
 20
584.1268699711078
 30
0.0
 70
0
  0
VERTEX
  5
CC3
  8
CUT
 10
1530.3058771767783
 20
584.2
 30
0.0
 70
0
  0
VERTEX
  5
CC4
  8
CUT
 10
1530.3058771767783
 20
599.0
 30
0.0
 70
0
  0
VERTEX
  5
CC5
  8
CUT
 10
1490.3058771767783
 20
599.0
 30
0.0
 70
0
  0
VERTEX
  5
CC6
  8
CUT
 10
1490.3058771767783
 20
584.2
 30
0.0
 70
0
  0
VERTEX
  5
CC7
  8
CUT
 10
1490.9860861033478
 20
584.1268699711078
 30
0.0
 70
0
  0
VERTEX
  5
CC8
  8
CUT
 10
1491.6352052183843
 20
583.9108223851345
 30
0.0
 70
0
  0
VERTEX
  5
CC9
  8
CUT
 10
1492.2235657096146
 20
583.561731970958
 30
0.0
 70
0
  0
VERTEX
  5
CCA
  8
CUT
 10
1492.724275814712
 20
583.0955543486249
 30
0.0
 70
0
  0
VERTEX
  5
CCB
  8
CUT
 10
1493.1144499433935
 20
582.5335967575043
 30
0.0
 70
0
  0
VERTEX
  5
CCC
  8
CUT
 10
1493.3762546923447
 20
581.9015441818926
 30
0.0
 70
0
  0
VERTEX
  5
CCD
  8
CUT
 10
1493.4977239435311
 20
581.2282853862375
 30
0.0
 70
0
  0
VERTEX
  5
CCE
  8
CUT
 10
1493.4733057907972
 20
580.5445925175255
 30
0.0
 70
0
  0
VERTEX
  5
CCF
  8
CUT
 10
1493.3041162967775
 20
579.8817146252828
 30
0.0
 70
0
  0
VERTEX
  5
CD0
  8
CUT
 10
1492.9978884818381
 20
579.269949384142
 30
0.0
 70
0
  0
VERTEX
  5
CD1
  8
CUT
 10
1492.5686188765753
 20
578.737258300203
 30
0.0
 70
0
  0
VERTEX
  5
CD2
  8
CUT
 10
1492.0359277926361
 20
578.3079886949401
 30
0.0
 70
0
  0
VERTEX
  5
CD3
  8
CUT
 10
1491.4241625514953
 20
578.0017608800007
 30
0.0
 70
0
  0
VERTEX
  5
CD4
  8
CUT
 10
1490.7612846592529
 20
577.8325713859809
 30
0.0
 70
0
  0
VERTEX
  5
CD5
  8
CUT
 10
1490.0775917905407
 20
577.8081532332471
 30
0.0
 70
0
  0
VERTEX
  5
CD6
  8
CUT
 10
1489.4043329948856
 20
577.9296224844336
 30
0.0
 70
0
  0
VERTEX
  5
CD7
  8
CUT
 10
1488.772280419274
 20
578.1914272333847
 30
0.0
 70
0
  0
VERTEX
  5
CD8
  8
CUT
 10
1488.2103228281533
 20
578.5816013620663
 30
0.0
 70
0
  0
VERTEX
  5
CD9
  8
CUT
 10
1487.7441452058204
 20
579.0823114671637
 30
0.0
 70
0
  0
VERTEX
  5
CDA
  8
CUT
 10
1487.3950547916438
 20
579.670671958394
 30
0.0
 70
0
  0
VERTEX
  5
CDB
  8
CUT
 10
1487.1790072056706
 20
580.3197910734305
 30
0.0
 70
0
  0
VERTEX
  5
CDC
  8
CUT
 10
1487.1058771767782
 20
581.0
 30
0.0
 70
0
  0
VERTEX
  5
CDD
  8
CUT
 10
1404.0361035521978
 20
581.0
 30
0.0
 70
0
  0
VERTEX
  5
CDE
  8
CUT
 10
1403.9629735233057
 20
580.3197910734305
 30
0.0
 70
0
  0
VERTEX
  5
CDF
  8
CUT
 10
1403.7469259373324
 20
579.670671958394
 30
0.0
 70
0
  0
VERTEX
  5
CE0
  8
CUT
 10
1403.397835523156
 20
579.0823114671637
 30
0.0
 70
0
  0
VERTEX
  5
CE1
  8
CUT
 10
1402.931657900823
 20
578.5816013620663
 30
0.0
 70
0
  0
VERTEX
  5
CE2
  8
CUT
 10
1402.3697003097022
 20
578.1914272333847
 30
0.0
 70
0
  0
VERTEX
  5
CE3
  8
CUT
 10
1401.7376477340906
 20
577.9296224844336
 30
0.0
 70
0
  0
VERTEX
  5
CE4
  8
CUT
 10
1401.0643889384355
 20
577.8081532332471
 30
0.0
 70
0
  0
VERTEX
  5
CE5
  8
CUT
 10
1400.3806960697234
 20
577.8325713859809
 30
0.0
 70
0
  0
VERTEX
  5
CE6
  8
CUT
 10
1399.717818177481
 20
578.0017608800007
 30
0.0
 70
0
  0
VERTEX
  5
CE7
  8
CUT
 10
1399.1060529363401
 20
578.3079886949401
 30
0.0
 70
0
  0
VERTEX
  5
CE8
  8
CUT
 10
1398.573361852401
 20
578.737258300203
 30
0.0
 70
0
  0
VERTEX
  5
CE9
  8
CUT
 10
1398.1440922471381
 20
579.269949384142
 30
0.0
 70
0
  0
VERTEX
  5
CEA
  8
CUT
 10
1397.8378644321988
 20
579.8817146252828
 30
0.0
 70
0
  0
VERTEX
  5
CEB
  8
CUT
 10
1397.668674938179
 20
580.5445925175255
 30
0.0
 70
0
  0
VERTEX
  5
CEC
  8
CUT
 10
1397.6442567854451
 20
581.2282853862375
 30
0.0
 70
0
  0
VERTEX
  5
CED
  8
CUT
 10
1397.7657260366316
 20
581.9015441818926
 30
0.0
 70
0
  0
VERTEX
  5
CEE
  8
CUT
 10
1398.0275307855827
 20
582.5335967575043
 30
0.0
 70
0
  0
VERTEX
  5
CEF
  8
CUT
 10
1398.4177049142643
 20
583.0955543486249
 30
0.0
 70
0
  0
VERTEX
  5
CF0
  8
CUT
 10
1398.9184150193616
 20
583.561731970958
 30
0.0
 70
0
  0
VERTEX
  5
CF1
  8
CUT
 10
1399.506775510592
 20
583.9108223851345
 30
0.0
 70
0
  0
VERTEX
  5
CF2
  8
CUT
 10
1400.1558946256284
 20
584.1268699711078
 30
0.0
 70
0
  0
VERTEX
  5
CF3
  8
CUT
 10
1400.8361035521978
 20
584.2
 30
0.0
 70
0
  0
VERTEX
  5
CF4
  8
CUT
 10
1400.8361035521978
 20
599.0
 30
0.0
 70
0
  0
VERTEX
  5
CF5
  8
CUT
 10
1360.8361035521978
 20
599.0
 30
0.0
 70
0
  0
VERTEX
  5
CF6
  8
CUT
 10
1360.8361035521978
 20
584.2
 30
0.0
 70
0
  0
VERTEX
  5
CF7
  8
CUT
 10
1361.5163124787673
 20
584.1268699711077
 30
0.0
 70
0
  0
VERTEX
  5
CF8
  8
CUT
 10
1362.1654315938038
 20
583.9108223851345
 30
0.0
 70
0
  0
VERTEX
  5
CF9
  8
CUT
 10
1362.753792085034
 20
583.5617319709579
 30
0.0
 70
0
  0
VERTEX
  5
CFA
  8
CUT
 10
1363.2545021901312
 20
583.0955543486248
 30
0.0
 70
0
  0
VERTEX
  5
CFB
  8
CUT
 10
1363.6446763188128
 20
582.533596757504
 30
0.0
 70
0
  0
VERTEX
  5
CFC
  8
CUT
 10
1363.906481067764
 20
581.9015441818924
 30
0.0
 70
0
  0
VERTEX
  5
CFD
  8
CUT
 10
1364.0279503189504
 20
581.2282853862373
 30
0.0
 70
0
  0
VERTEX
  5
CFE
  8
CUT
 10
1364.0035321662165
 20
580.5445925175253
 30
0.0
 70
0
  0
VERTEX
  5
CFF
  8
CUT
 10
1363.8343426721967
 20
579.8817146252827
 30
0.0
 70
0
  0
VERTEX
  5
D00
  8
CUT
 10
1363.5281148572572
 20
579.2699493841419
 30
0.0
 70
0
  0
VERTEX
  5
D01
  8
CUT
 10
1363.0988452519944
 20
578.7372583002028
 30
0.0
 70
0
  0
VERTEX
  5
D02
  8
CUT
 10
1362.5661541680552
 20
578.30798869494
 30
0.0
 70
0
  0
VERTEX
  5
D03
  8
CUT
 10
1361.9543889269144
 20
578.0017608800007
 30
0.0
 70
0
  0
VERTEX
  5
D04
  8
CUT
 10
1361.2915110346719
 20
577.8325713859809
 30
0.0
 70
0
  0
VERTEX
  5
D05
  8
CUT
 10
1360.6078181659598
 20
577.8081532332471
 30
0.0
 70
0
  0
VERTEX
  5
D06
  8
CUT
 10
1359.9345593703047
 20
577.9296224844336
 30
0.0
 70
0
  0
VERTEX
  5
D07
  8
CUT
 10
1359.302506794693
 20
578.1914272333848
 30
0.0
 70
0
  0
VERTEX
  5
D08
  8
CUT
 10
1358.7405492035725
 20
578.5816013620665
 30
0.0
 70
0
  0
VERTEX
  5
D09
  8
CUT
 10
1358.2743715812394
 20
579.0823114671639
 30
0.0
 70
0
  0
VERTEX
  5
D0A
  8
CUT
 10
1357.9252811670628
 20
579.6706719583941
 30
0.0
 70
0
  0
VERTEX
  5
D0B
  8
CUT
 10
1357.7092335810896
 20
580.3197910734307
 30
0.0
 70
0
  0
VERTEX
  5
D0C
  8
CUT
 10
1357.6361035521977
 20
581.0
 30
0.0
 70
0
  0
VERTEX
  5
D0D
  8
CUT
 10
1320.4
 20
581.0
 30
0.0
 70
0
  0
SEQEND
  5
C19
  8
CUT
  0
POLYLINE
  5
D0E
  8
CUT
 66
1
 10
0.0
 20
0.0
 30
0.0
 70
1
  0
VERTEX
  5
D10
  8
CUT
 10
1310.0
 20
976.0
 30
0.0
 70
0
  0
VERTEX
  5
D11
  8
CUT
 10
1369.9700067694937
 20
976.0
 30
0.0
 70
0
  0
VERTEX
  5
D12
  8
CUT
 10
1370.043136798386
 20
976.6802089265695
 30
0.0
 70
0
  0
VERTEX
  5
D13
  8
CUT
 10
1370.2591843843593
 20
977.329328041606
 30
0.0
 70
0
  0
VERTEX
  5
D14
  8
CUT
 10
1370.6082747985358
 20
977.9176885328363
 30
0.0
 70
0
  0
VERTEX
  5
D15
  8
CUT
 10
1371.0744524208687
 20
978.4183986379337
 30
0.0
 70
0
  0
VERTEX
  5
D16
  8
CUT
 10
1371.6364100119895
 20
978.8085727666153
 30
0.0
 70
0
  0
VERTEX
  5
D17
  8
CUT
 10
1372.268462587601
 20
979.0703775155664
 30
0.0
 70
0
  0
VERTEX
  5
D18
  8
CUT
 10
1372.9417213832562
 20
979.1918467667529
 30
0.0
 70
0
  0
VERTEX
  5
D19
  8
CUT
 10
1373.6254142519683
 20
979.1674286140191
 30
0.0
 70
0
  0
VERTEX
  5
D1A
  8
CUT
 10
1374.2882921442108
 20
978.9982391199993
 30
0.0
 70
0
  0
VERTEX
  5
D1B
  8
CUT
 10
1374.9000573853516
 20
978.6920113050599
 30
0.0
 70
0
  0
VERTEX
  5
D1C
  8
CUT
 10
1375.4327484692908
 20
978.262741699797
 30
0.0
 70
0
  0
VERTEX
  5
D1D
  8
CUT
 10
1375.8620180745536
 20
977.730050615858
 30
0.0
 70
0
  0
VERTEX
  5
D1E
  8
CUT
 10
1376.168245889493
 20
977.1182853747172
 30
0.0
 70
0
  0
VERTEX
  5
D1F
  8
CUT
 10
1376.3374353835127
 20
976.4554074824745
 30
0.0
 70
0
  0
VERTEX
  5
D20
  8
CUT
 10
1376.3618535362466
 20
975.7717146137625
 30
0.0
 70
0
  0
VERTEX
  5
D21
  8
CUT
 10
1376.2403842850601
 20
975.0984558181074
 30
0.0
 70
0
  0
VERTEX
  5
D22
  8
CUT
 10
1375.978579536109
 20
974.4664032424957
 30
0.0
 70
0
  0
VERTEX
  5
D23
  8
CUT
 10
1375.5884054074274
 20
973.9044456513751
 30
0.0
 70
0
  0
VERTEX
  5
D24
  8
CUT
 10
1375.08769530233
 20
973.438268029042
 30
0.0
 70
0
  0
VERTEX
  5
D25
  8
CUT
 10
1374.4993348110997
 20
973.0891776148655
 30
0.0
 70
0
  0
VERTEX
  5
D26
  8
CUT
 10
1373.8502156960633
 20
972.8731300288922
 30
0.0
 70
0
  0
VERTEX
  5
D27
  8
CUT
 10
1373.1700067694937
 20
972.8
 30
0.0
 70
0
  0
VERTEX
  5
D28
  8
CUT
 10
1373.1700067694937
 20
958.0
 30
0.0
 70
0
  0
VERTEX
  5
D29
  8
CUT
 10
1413.1700067694937
 20
958.0
 30
0.0
 70
0
  0
VERTEX
  5
D2A
  8
CUT
 10
1413.1700067694937
 20
972.8
 30
0.0
 70
0
  0
VERTEX
  5
D2B
  8
CUT
 10
1412.4897978429242
 20
972.8731300288922
 30
0.0
 70
0
  0
VERTEX
  5
D2C
  8
CUT
 10
1411.8406787278877
 20
973.0891776148654
 30
0.0
 70
0
  0
VERTEX
  5
D2D
  8
CUT
 10
1411.2523182366574
 20
973.438268029042
 30
0.0
 70
0
  0
VERTEX
  5
D2E
  8
CUT
 10
1410.7516081315603
 20
973.904445651375
 30
0.0
 70
0
  0
VERTEX
  5
D2F
  8
CUT
 10
1410.3614340028785
 20
974.4664032424957
 30
0.0
 70
0
  0
VERTEX
  5
D30
  8
CUT
 10
1410.0996292539273
 20
975.0984558181074
 30
0.0
 70
0
  0
VERTEX
  5
D31
  8
CUT
 10
1409.978160002741
 20
975.7717146137624
 30
0.0
 70
0
  0
VERTEX
  5
D32
  8
CUT
 10
1410.0025781554748
 20
976.4554074824744
 30
0.0
 70
0
  0
VERTEX
  5
D33
  8
CUT
 10
1410.1717676494945
 20
977.118285374717
 30
0.0
 70
0
  0
VERTEX
  5
D34
  8
CUT
 10
1410.4779954644341
 20
977.7300506158577
 30
0.0
 70
0
  0
VERTEX
  5
D35
  8
CUT
 10
1410.907265069697
 20
978.2627416997968
 30
0.0
 70
0
  0
VERTEX
  5
D36
  8
CUT
 10
1411.4399561536359
 20
978.6920113050596
 30
0.0
 70
0
  0
VERTEX
  5
D37
  8
CUT
 10
1412.0517213947767
 20
978.9982391199991
 30
0.0
 70
0
  0
VERTEX
  5
D38
  8
CUT
 10
1412.7145992870192
 20
979.1674286140188
 30
0.0
 70
0
  0
VERTEX
  5
D39
  8
CUT
 10
1413.3982921557313
 20
979.1918467667526
 30
0.0
 70
0
  0
VERTEX
  5
D3A
  8
CUT
 10
1414.0715509513864
 20
979.0703775155662
 30
0.0
 70
0
  0
VERTEX
  5
D3B
  8
CUT
 10
1414.703603526998
 20
978.808572766615
 30
0.0
 70
0
  0
VERTEX
  5
D3C
  8
CUT
 10
1415.2655611181185
 20
978.4183986379335
 30
0.0
 70
0
  0
VERTEX
  5
D3D
  8
CUT
 10
1415.7317387404516
 20
977.9176885328361
 30
0.0
 70
0
  0
VERTEX
  5
D3E
  8
CUT
 10
1416.0808291546282
 20
977.3293280416059
 30
0.0
 70
0
  0
VERTEX
  5
D3F
  8
CUT
 10
1416.2968767406014
 20
976.6802089265694
 30
0.0
 70
0
  0
VERTEX
  5
D40
  8
CUT
 10
1416.3700067694936
 20
976.0
 30
0.0
 70
0
  0
VERTEX
  5
D41
  8
CUT
 10
1476.070990364488
 20
976.0
 30
0.0
 70
0
  0
VERTEX
  5
D42
  8
CUT
 10
1476.070990364488
 20
1067.3
 30
0.0
 70
0
  0
VERTEX
  5
D43
  8
CUT
 10
1475.3907814379183
 20
1067.3731300288923
 30
0.0
 70
0
  0
VERTEX
  5
D44
  8
CUT
 10
1474.741662322882
 20
1067.5891776148655
 30
0.0
 70
0
  0
VERTEX
  5
D45
  8
CUT
 10
1474.1533018316516
 20
1067.938268029042
 30
0.0
 70
0
  0
VERTEX
  5
D46
  8
CUT
 10
1473.6525917265542
 20
1068.404445651375
 30
0.0
 70
0
  0
VERTEX
  5
D47
  8
CUT
 10
1473.2624175978726
 20
1068.9664032424957
 30
0.0
 70
0
  0
VERTEX
  5
D48
  8
CUT
 10
1473.0006128489215
 20
1069.5984558181074
 30
0.0
 70
0
  0
VERTEX
  5
D49
  8
CUT
 10
1472.879143597735
 20
1070.2717146137625
 30
0.0
 70
0
  0
VERTEX
  5
D4A
  8
CUT
 10
1472.903561750469
 20
1070.9554074824746
 30
0.0
 70
0
  0
VERTEX
  5
D4B
  8
CUT
 10
1473.0727512444887
 20
1071.618285374717
 30
0.0
 70
0
  0
VERTEX
  5
D4C
  8
CUT
 10
1473.378979059428
 20
1072.2300506158579
 30
0.0
 70
0
  0
VERTEX
  5
D4D
  8
CUT
 10
1473.8082486646908
 20
1072.762741699797
 30
0.0
 70
0
  0
VERTEX
  5
D4E
  8
CUT
 10
1474.34093974863
 20
1073.1920113050599
 30
0.0
 70
0
  0
VERTEX
  5
D4F
  8
CUT
 10
1474.9527049897708
 20
1073.4982391199992
 30
0.0
 70
0
  0
VERTEX
  5
D50
  8
CUT
 10
1475.6155828820133
 20
1073.667428614019
 30
0.0
 70
0
  0
VERTEX
  5
D51
  8
CUT
 10
1476.2992757507254
 20
1073.6918467667529
 30
0.0
 70
0
  0
VERTEX
  5
D52
  8
CUT
 10
1476.9725345463805
 20
1073.5703775155664
 30
0.0
 70
0
  0
VERTEX
  5
D53
  8
CUT
 10
1477.6045871219922
 20
1073.3085727666153
 30
0.0
 70
0
  0
VERTEX
  5
D54
  8
CUT
 10
1478.166544713113
 20
1072.9183986379337
 30
0.0
 70
0
  0
VERTEX
  5
D55
  8
CUT
 10
1478.6327223354458
 20
1072.4176885328363
 30
0.0
 70
0
  0
VERTEX
  5
D56
  8
CUT
 10
1478.9818127496223
 20
1071.829328041606
 30
0.0
 70
0
  0
VERTEX
  5
D57
  8
CUT
 10
1479.1978603355956
 20
1071.1802089265695
 30
0.0
 70
0
  0
VERTEX
  5
D58
  8
CUT
 10
1479.270990364488
 20
1070.5
 30
0.0
 70
0
  0
VERTEX
  5
D59
  8
CUT
 10
1491.870990364488
 20
1070.5
 30
0.0
 70
0
  0
VERTEX
  5
D5A
  8
CUT
 10
1491.9441203933802
 20
1071.1802089265695
 30
0.0
 70
0
  0
VERTEX
  5
D5B
  8
CUT
 10
1492.1601679793534
 20
1071.829328041606
 30
0.0
 70
0
  0
VERTEX
  5
D5C
  8
CUT
 10
1492.50925839353
 20
1072.4176885328363
 30
0.0
 70
0
  0
VERTEX
  5
D5D
  8
CUT
 10
1492.9754360158631
 20
1072.9183986379335
 30
0.0
 70
0
  0
VERTEX
  5
D5E
  8
CUT
 10
1493.5373936069836
 20
1073.3085727666153
 30
0.0
 70
0
  0
VERTEX
  5
D5F
  8
CUT
 10
1494.1694461825953
 20
1073.5703775155664
 30
0.0
 70
0
  0
VERTEX
  5
D60
  8
CUT
 10
1494.8427049782504
 20
1073.6918467667526
 30
0.0
 70
0
  0
VERTEX
  5
D61
  8
CUT
 10
1495.5263978469625
 20
1073.667428614019
 30
0.0
 70
0
  0
VERTEX
  5
D62
  8
CUT
 10
1496.189275739205
 20
1073.4982391199992
 30
0.0
 70
0
  0
VERTEX
  5
D63
  8
CUT
 10
1496.8010409803458
 20
1073.1920113050596
 30
0.0
 70
0
  0
VERTEX
  5
D64
  8
CUT
 10
1497.3337320642847
 20
1072.7627416997968
 30
0.0
 70
0
  0
VERTEX
  5
D65
  8
CUT
 10
1497.7630016695475
 20
1072.2300506158579
 30
0.0
 70
0
  0
VERTEX
  5
D66
  8
CUT
 10
1498.069229484487
 20
1071.618285374717
 30
0.0
 70
0
  0
VERTEX
  5
D67
  8
CUT
 10
1498.2384189785068
 20
1070.9554074824746
 30
0.0
 70
0
  0
VERTEX
  5
D68
  8
CUT
 10
1498.2628371312405
 20
1070.2717146137625
 30
0.0
 70
0
  0
VERTEX
  5
D69
  8
CUT
 10
1498.1413678800543
 20
1069.5984558181074
 30
0.0
 70
0
  0
VERTEX
  5
D6A
  8
CUT
 10
1497.8795631311032
 20
1068.9664032424957
 30
0.0
 70
0
  0
VERTEX
  5
D6B
  8
CUT
 10
1497.4893890024214
 20
1068.4044456513752
 30
0.0
 70
0
  0
VERTEX
  5
D6C
  8
CUT
 10
1496.9886788973242
 20
1067.938268029042
 30
0.0
 70
0
  0
VERTEX
  5
D6D
  8
CUT
 10
1496.400318406094
 20
1067.5891776148655
 30
0.0
 70
0
  0
VERTEX
  5
D6E
  8
CUT
 10
1495.7511992910574
 20
1067.3731300288923
 30
0.0
 70
0
  0
VERTEX
  5
D6F
  8
CUT
 10
1495.070990364488
 20
1067.3
 30
0.0
 70
0
  0
VERTEX
  5
D70
  8
CUT
 10
1495.070990364488
 20
976.0
 30
0.0
 70
0
  0
VERTEX
  5
D71
  8
CUT
 10
1554.7719739594822
 20
976.0
 30
0.0
 70
0
  0
VERTEX
  5
D72
  8
CUT
 10
1554.8451039883744
 20
976.6802089265695
 30
0.0
 70
0
  0
VERTEX
  5
D73
  8
CUT
 10
1555.0611515743476
 20
977.329328041606
 30
0.0
 70
0
  0
VERTEX
  5
D74
  8
CUT
 10
1555.4102419885241
 20
977.9176885328363
 30
0.0
 70
0
  0
VERTEX
  5
D75
  8
CUT
 10
1555.876419610857
 20
978.4183986379337
 30
0.0
 70
0
  0
VERTEX
  5
D76
  8
CUT
 10
1556.4383772019778
 20
978.8085727666153
 30
0.0
 70
0
  0
VERTEX
  5
D77
  8
CUT
 10
1557.0704297775894
 20
979.0703775155664
 30
0.0
 70
0
  0
VERTEX
  5
D78
  8
CUT
 10
1557.7436885732445
 20
979.1918467667529
 30
0.0
 70
0
  0
VERTEX
  5
D79
  8
CUT
 10
1558.4273814419566
 20
979.1674286140191
 30
0.0
 70
0
  0
VERTEX
  5
D7A
  8
CUT
 10
1559.0902593341991
 20
978.9982391199993
 30
0.0
 70
0
  0
VERTEX
  5
D7B
  8
CUT
 10
1559.70202457534
 20
978.6920113050599
 30
0.0
 70
0
  0
VERTEX
  5
D7C
  8
CUT
 10
1560.2347156592791
 20
978.262741699797
 30
0.0
 70
0
  0
VERTEX
  5
D7D
  8
CUT
 10
1560.663985264542
 20
977.730050615858
 30
0.0
 70
0
  0
VERTEX
  5
D7E
  8
CUT
 10
1560.9702130794813
 20
977.1182853747172
 30
0.0
 70
0
  0
VERTEX
  5
D7F
  8
CUT
 10
1561.139402573501
 20
976.4554074824745
 30
0.0
 70
0
  0
VERTEX
  5
D80
  8
CUT
 10
1561.163820726235
 20
975.7717146137625
 30
0.0
 70
0
  0
VERTEX
  5
D81
  8
CUT
 10
1561.0423514750485
 20
975.0984558181074
 30
0.0
 70
0
  0
VERTEX
  5
D82
  8
CUT
 10
1560.7805467260973
 20
974.4664032424957
 30
0.0
 70
0
  0
VERTEX
  5
D83
  8
CUT
 10
1560.3903725974158
 20
973.9044456513751
 30
0.0
 70
0
  0
VERTEX
  5
D84
  8
CUT
 10
1559.8896624923184
 20
973.438268029042
 30
0.0
 70
0
  0
VERTEX
  5
D85
  8
CUT
 10
1559.301302001088
 20
973.0891776148655
 30
0.0
 70
0
  0
VERTEX
  5
D86
  8
CUT
 10
1558.6521828860516
 20
972.8731300288922
 30
0.0
 70
0
  0
VERTEX
  5
D87
  8
CUT
 10
1557.9719739594823
 20
972.8
 30
0.0
 70
0
  0
VERTEX
  5
D88
  8
CUT
 10
1557.9719739594823
 20
958.0
 30
0.0
 70
0
  0
VERTEX
  5
D89
  8
CUT
 10
1597.9719739594823
 20
958.0
 30
0.0
 70
0
  0
VERTEX
  5
D8A
  8
CUT
 10
1597.9719739594823
 20
972.8
 30
0.0
 70
0
  0
VERTEX
  5
D8B
  8
CUT
 10
1597.2917650329127
 20
972.8731300288923
 30
0.0
 70
0
  0
VERTEX
  5
D8C
  8
CUT
 10
1596.6426459178763
 20
973.0891776148655
 30
0.0
 70
0
  0
VERTEX
  5
D8D
  8
CUT
 10
1596.054285426646
 20
973.4382680290421
 30
0.0
 70
0
  0
VERTEX
  5
D8E
  8
CUT
 10
1595.5535753215488
 20
973.9044456513752
 30
0.0
 70
0
  0
VERTEX
  5
D8F
  8
CUT
 10
1595.1634011928672
 20
974.466403242496
 30
0.0
 70
0
  0
VERTEX
  5
D90
  8
CUT
 10
1594.901596443916
 20
975.0984558181076
 30
0.0
 70
0
  0
VERTEX
  5
D91
  8
CUT
 10
1594.7801271927297
 20
975.7717146137627
 30
0.0
 70
0
  0
VERTEX
  5
D92
  8
CUT
 10
1594.8045453454636
 20
976.4554074824747
 30
0.0
 70
0
  0
VERTEX
  5
D93
  8
CUT
 10
1594.9737348394833
 20
977.1182853747173
 30
0.0
 70
0
  0
VERTEX
  5
D94
  8
CUT
 10
1595.279962654423
 20
977.7300506158581
 30
0.0
 70
0
  0
VERTEX
  5
D95
  8
CUT
 10
1595.7092322596857
 20
978.2627416997972
 30
0.0
 70
0
  0
VERTEX
  5
D96
  8
CUT
 10
1596.2419233436249
 20
978.69201130506
 30
0.0
 70
0
  0
VERTEX
  5
D97
  8
CUT
 10
1596.8536885847657
 20
978.9982391199993
 30
0.0
 70
0
  0
VERTEX
  5
D98
  8
CUT
 10
1597.5165664770082
 20
979.1674286140191
 30
0.0
 70
0
  0
VERTEX
  5
D99
  8
CUT
 10
1598.2002593457203
 20
979.1918467667529
 30
0.0
 70
0
  0
VERTEX
  5
D9A
  8
CUT
 10
1598.8735181413754
 20
979.0703775155664
 30
0.0
 70
0
  0
VERTEX
  5
D9B
  8
CUT
 10
1599.505570716987
 20
978.8085727666152
 30
0.0
 70
0
  0
VERTEX
  5
D9C
  8
CUT
 10
1600.0675283081075
 20
978.4183986379335
 30
0.0
 70
0
  0
VERTEX
  5
D9D
  8
CUT
 10
1600.5337059304406
 20
977.9176885328361
 30
0.0
 70
0
  0
VERTEX
  5
D9E
  8
CUT
 10
1600.8827963446172
 20
977.3293280416059
 30
0.0
 70
0
  0
VERTEX
  5
D9F
  8
CUT
 10
1601.0988439305904
 20
976.6802089265693
 30
0.0
 70
0
  0
VERTEX
  5
DA0
  8
CUT
 10
1601.1719739594823
 20
976.0
 30
0.0
 70
0
  0
VERTEX
  5
DA1
  8
CUT
 10
1661.1419807289758
 20
976.0
 30
0.0
 70
0
  0
VERTEX
  5
DA2
  8
CUT
 10
1610.741980728976
 20
1165.0
 30
0.0
 70
0
  0
VERTEX
  5
DA3
  8
CUT
 10
1573.505877176778
 20
1165.0
 30
0.0
 70
0
  0
VERTEX
  5
DA4
  8
CUT
 10
1573.432747147886
 20
1164.3197910734305
 30
0.0
 70
0
  0
VERTEX
  5
DA5
  8
CUT
 10
1573.2166995619127
 20
1163.670671958394
 30
0.0
 70
0
  0
VERTEX
  5
DA6
  8
CUT
 10
1572.8676091477362
 20
1163.0823114671637
 30
0.0
 70
0
  0
VERTEX
  5
DA7
  8
CUT
 10
1572.401431525403
 20
1162.5816013620665
 30
0.0
 70
0
  0
VERTEX
  5
DA8
  8
CUT
 10
1571.8394739342825
 20
1162.1914272333847
 30
0.0
 70
0
  0
VERTEX
  5
DA9
  8
CUT
 10
1571.207421358671
 20
1161.9296224844336
 30
0.0
 70
0
  0
VERTEX
  5
DAA
  8
CUT
 10
1570.5341625630158
 20
1161.8081532332474
 30
0.0
 70
0
  0
VERTEX
  5
DAB
  8
CUT
 10
1569.8504696943037
 20
1161.832571385981
 30
0.0
 70
0
  0
VERTEX
  5
DAC
  8
CUT
 10
1569.1875918020612
 20
1162.0017608800008
 30
0.0
 70
0
  0
VERTEX
  5
DAD
  8
CUT
 10
1568.5758265609204
 20
1162.3079886949404
 30
0.0
 70
0
  0
VERTEX
  5
DAE
  8
CUT
 10
1568.0431354769814
 20
1162.7372583002032
 30
0.0
 70
0
  0
VERTEX
  5
DAF
  8
CUT
 10
1567.6138658717186
 20
1163.2699493841421
 30
0.0
 70
0
  0
VERTEX
  5
DB0
  8
CUT
 10
1567.307638056779
 20
1163.881714625283
 30
0.0
 70
0
  0
VERTEX
  5
DB1
  8
CUT
 10
1567.1384485627593
 20
1164.5445925175254
 30
0.0
 70
0
  0
VERTEX
  5
DB2
  8
CUT
 10
1567.1140304100256
 20
1165.2282853862375
 30
0.0
 70
0
  0
VERTEX
  5
DB3
  8
CUT
 10
1567.2354996612119
 20
1165.9015441818926
 30
0.0
 70
0
  0
VERTEX
  5
DB4
  8
CUT
 10
1567.497304410163
 20
1166.5335967575043
 30
0.0
 70
0
  0
VERTEX
  5
DB5
  8
CUT
 10
1567.8874785388448
 20
1167.0955543486248
 30
0.0
 70
0
  0
VERTEX
  5
DB6
  8
CUT
 10
1568.388188643942
 20
1167.561731970958
 30
0.0
 70
0
  0
VERTEX
  5
DB7
  8
CUT
 10
1568.9765491351723
 20
1167.9108223851345
 30
0.0
 70
0
  0
VERTEX
  5
DB8
  8
CUT
 10
1569.6256682502087
 20
1168.1268699711077
 30
0.0
 70
0
  0
VERTEX
  5
DB9
  8
CUT
 10
1570.3058771767783
 20
1168.2
 30
0.0
 70
0
  0
VERTEX
  5
DBA
  8
CUT
 10
1570.3058771767783
 20
1183.0
 30
0.0
 70
0
  0
VERTEX
  5
DBB
  8
CUT
 10
1530.3058771767783
 20
1183.0
 30
0.0
 70
0
  0
VERTEX
  5
DBC
  8
CUT
 10
1530.3058771767783
 20
1168.2
 30
0.0
 70
0
  0
VERTEX
  5
DBD
  8
CUT
 10
1530.9860861033478
 20
1168.1268699711077
 30
0.0
 70
0
  0
VERTEX
  5
DBE
  8
CUT
 10
1531.6352052183843
 20
1167.9108223851345
 30
0.0
 70
0
  0
VERTEX
  5
DBF
  8
CUT
 10
1532.2235657096146
 20
1167.561731970958
 30
0.0
 70
0
  0
VERTEX
  5
DC0
  8
CUT
 10
1532.724275814712
 20
1167.095554348625
 30
0.0
 70
0
  0
VERTEX
  5
DC1
  8
CUT
 10
1533.1144499433935
 20
1166.5335967575043
 30
0.0
 70
0
  0
VERTEX
  5
DC2
  8
CUT
 10
1533.3762546923447
 20
1165.9015441818926
 30
0.0
 70
0
  0
VERTEX
  5
DC3
  8
CUT
 10
1533.4977239435311
 20
1165.2282853862375
 30
0.0
 70
0
  0
VERTEX
  5
DC4
  8
CUT
 10
1533.4733057907972
 20
1164.5445925175254
 30
0.0
 70
0
  0
VERTEX
  5
DC5
  8
CUT
 10
1533.3041162967775
 20
1163.881714625283
 30
0.0
 70
0
  0
VERTEX
  5
DC6
  8
CUT
 10
1532.9978884818381
 20
1163.2699493841421
 30
0.0
 70
0
  0
VERTEX
  5
DC7
  8
CUT
 10
1532.5686188765753
 20
1162.737258300203
 30
0.0
 70
0
  0
VERTEX
  5
DC8
  8
CUT
 10
1532.0359277926361
 20
1162.3079886949401
 30
0.0
 70
0
  0
VERTEX
  5
DC9
  8
CUT
 10
1531.4241625514953
 20
1162.0017608800008
 30
0.0
 70
0
  0
VERTEX
  5
DCA
  8
CUT
 10
1530.7612846592529
 20
1161.832571385981
 30
0.0
 70
0
  0
VERTEX
  5
DCB
  8
CUT
 10
1530.0775917905407
 20
1161.8081532332471
 30
0.0
 70
0
  0
VERTEX
  5
DCC
  8
CUT
 10
1529.4043329948856
 20
1161.9296224844336
 30
0.0
 70
0
  0
VERTEX
  5
DCD
  8
CUT
 10
1528.772280419274
 20
1162.1914272333847
 30
0.0
 70
0
  0
VERTEX
  5
DCE
  8
CUT
 10
1528.2103228281533
 20
1162.5816013620663
 30
0.0
 70
0
  0
VERTEX
  5
DCF
  8
CUT
 10
1527.7441452058204
 20
1163.0823114671637
 30
0.0
 70
0
  0
VERTEX
  5
DD0
  8
CUT
 10
1527.3950547916438
 20
1163.670671958394
 30
0.0
 70
0
  0
VERTEX
  5
DD1
  8
CUT
 10
1527.1790072056706
 20
1164.3197910734305
 30
0.0
 70
0
  0
VERTEX
  5
DD2
  8
CUT
 10
1527.1058771767782
 20
1165.0
 30
0.0
 70
0
  0
VERTEX
  5
DD3
  8
CUT
 10
1444.0361035521978
 20
1165.0
 30
0.0
 70
0
  0
VERTEX
  5
DD4
  8
CUT
 10
1443.9629735233057
 20
1164.3197910734305
 30
0.0
 70
0
  0
VERTEX
  5
DD5
  8
CUT
 10
1443.7469259373324
 20
1163.670671958394
 30
0.0
 70
0
  0
VERTEX
  5
DD6
  8
CUT
 10
1443.397835523156
 20
1163.0823114671637
 30
0.0
 70
0
  0
VERTEX
  5
DD7
  8
CUT
 10
1442.931657900823
 20
1162.5816013620663
 30
0.0
 70
0
  0
VERTEX
  5
DD8
  8
CUT
 10
1442.3697003097022
 20
1162.1914272333847
 30
0.0
 70
0
  0
VERTEX
  5
DD9
  8
CUT
 10
1441.7376477340906
 20
1161.9296224844336
 30
0.0
 70
0
  0
VERTEX
  5
DDA
  8
CUT
 10
1441.0643889384355
 20
1161.8081532332471
 30
0.0
 70
0
  0
VERTEX
  5
DDB
  8
CUT
 10
1440.3806960697234
 20
1161.832571385981
 30
0.0
 70
0
  0
VERTEX
  5
DDC
  8
CUT
 10
1439.717818177481
 20
1162.0017608800008
 30
0.0
 70
0
  0
VERTEX
  5
DDD
  8
CUT
 10
1439.1060529363401
 20
1162.3079886949401
 30
0.0
 70
0
  0
VERTEX
  5
DDE
  8
CUT
 10
1438.573361852401
 20
1162.737258300203
 30
0.0
 70
0
  0
VERTEX
  5
DDF
  8
CUT
 10
1438.1440922471381
 20
1163.2699493841421
 30
0.0
 70
0
  0
VERTEX
  5
DE0
  8
CUT
 10
1437.8378644321988
 20
1163.881714625283
 30
0.0
 70
0
  0
VERTEX
  5
DE1
  8
CUT
 10
1437.668674938179
 20
1164.5445925175254
 30
0.0
 70
0
  0
VERTEX
  5
DE2
  8
CUT
 10
1437.6442567854451
 20
1165.2282853862375
 30
0.0
 70
0
  0
VERTEX
  5
DE3
  8
CUT
 10
1437.7657260366316
 20
1165.9015441818926
 30
0.0
 70
0
  0
VERTEX
  5
DE4
  8
CUT
 10
1438.0275307855827
 20
1166.5335967575043
 30
0.0
 70
0
  0
VERTEX
  5
DE5
  8
CUT
 10
1438.4177049142643
 20
1167.095554348625
 30
0.0
 70
0
  0
VERTEX
  5
DE6
  8
CUT
 10
1438.9184150193616
 20
1167.561731970958
 30
0.0
 70
0
  0
VERTEX
  5
DE7
  8
CUT
 10
1439.506775510592
 20
1167.9108223851345
 30
0.0
 70
0
  0
VERTEX
  5
DE8
  8
CUT
 10
1440.1558946256284
 20
1168.1268699711077
 30
0.0
 70
0
  0
VERTEX
  5
DE9
  8
CUT
 10
1440.8361035521978
 20
1168.2
 30
0.0
 70
0
  0
VERTEX
  5
DEA
  8
CUT
 10
1440.8361035521978
 20
1183.0
 30
0.0
 70
0
  0
VERTEX
  5
DEB
  8
CUT
 10
1400.8361035521978
 20
1183.0
 30
0.0
 70
0
  0
VERTEX
  5
DEC
  8
CUT
 10
1400.8361035521978
 20
1168.2
 30
0.0
 70
0
  0
VERTEX
  5
DED
  8
CUT
 10
1401.5163124787673
 20
1168.1268699711077
 30
0.0
 70
0
  0
VERTEX
  5
DEE
  8
CUT
 10
1402.1654315938038
 20
1167.9108223851345
 30
0.0
 70
0
  0
VERTEX
  5
DEF
  8
CUT
 10
1402.753792085034
 20
1167.561731970958
 30
0.0
 70
0
  0
VERTEX
  5
DF0
  8
CUT
 10
1403.2545021901312
 20
1167.0955543486248
 30
0.0
 70
0
  0
VERTEX
  5
DF1
  8
CUT
 10
1403.6446763188128
 20
1166.533596757504
 30
0.0
 70
0
  0
VERTEX
  5
DF2
  8
CUT
 10
1403.906481067764
 20
1165.9015441818924
 30
0.0
 70
0
  0
VERTEX
  5
DF3
  8
CUT
 10
1404.0279503189504
 20
1165.2282853862373
 30
0.0
 70
0
  0
VERTEX
  5
DF4
  8
CUT
 10
1404.0035321662165
 20
1164.5445925175252
 30
0.0
 70
0
  0
VERTEX
  5
DF5
  8
CUT
 10
1403.8343426721967
 20
1163.8817146252827
 30
0.0
 70
0
  0
VERTEX
  5
DF6
  8
CUT
 10
1403.5281148572572
 20
1163.269949384142
 30
0.0
 70
0
  0
VERTEX
  5
DF7
  8
CUT
 10
1403.0988452519944
 20
1162.737258300203
 30
0.0
 70
0
  0
VERTEX
  5
DF8
  8
CUT
 10
1402.5661541680552
 20
1162.3079886949401
 30
0.0
 70
0
  0
VERTEX
  5
DF9
  8
CUT
 10
1401.9543889269144
 20
1162.0017608800006
 30
0.0
 70
0
  0
VERTEX
  5
DFA
  8
CUT
 10
1401.2915110346719
 20
1161.8325713859808
 30
0.0
 70
0
  0
VERTEX
  5
DFB
  8
CUT
 10
1400.6078181659598
 20
1161.8081532332471
 30
0.0
 70
0
  0
VERTEX
  5
DFC
  8
CUT
 10
1399.9345593703047
 20
1161.9296224844336
 30
0.0
 70
0
  0
VERTEX
  5
DFD
  8
CUT
 10
1399.302506794693
 20
1162.191427233385
 30
0.0
 70
0
  0
VERTEX
  5
DFE
  8
CUT
 10
1398.7405492035725
 20
1162.5816013620665
 30
0.0
 70
0
  0
VERTEX
  5
DFF
  8
CUT
 10
1398.2743715812394
 20
1163.082311467164
 30
0.0
 70
0
  0
VERTEX
  5
E00
  8
CUT
 10
1397.9252811670628
 20
1163.6706719583942
 30
0.0
 70
0
  0
VERTEX
  5
E01
  8
CUT
 10
1397.7092335810896
 20
1164.3197910734307
 30
0.0
 70
0
  0
VERTEX
  5
E02
  8
CUT
 10
1397.6361035521977
 20
1165.0
 30
0.0
 70
0
  0
VERTEX
  5
E03
  8
CUT
 10
1360.4
 20
1165.0
 30
0.0
 70
0
  0
SEQEND
  5
D0F
  8
CUT
  0
POLYLINE
  5
E04
  8
CUT
 66
1
 10
0.0
 20
0.0
 30
0.0
 70
1
  0
VERTEX
  5
E06
  8
CUT
 10
1699.741980728976
 20
138.87099036448797
 30
0.0
 70
0
  0
VERTEX
  5
E07
  8
CUT
 10
1699.6631843731031
 20
143.2347248061384
 30
0.0
 70
0
  0
VERTEX
  5
E08
  8
CUT
 10
1699.4268980408997
 20
147.5927697705873
 30
0.0
 70
0
  0
VERTEX
  5
E09
  8
CUT
 10
1699.0334298046644
 20
151.93944319862612
 30
0.0
 70
0
  0
VERTEX
  5
E0A
  8
CUT
 10
1698.4832926719118
 20
156.26907785736023
 30
0.0
 70
0
  0
VERTEX
  5
E0B
  8
CUT
 10
1697.777203916508
 20
160.5760287291995
 30
0.0
 70
0
  0
VERTEX
  5
E0C
  8
CUT
 10
1696.9160841434827
 20
164.8546803718844
 30
0.0
 70
0
  0
VERTEX
  5
E0D
  8
CUT
 10
1695.9010560887368
 20
169.09945423995123
 30
0.0
 70
0
  0
VERTEX
  5
E0E
  8
CUT
 10
1694.7334431552065
 20
173.30481595809127
 30
0.0
 70
0
  0
VERTEX
  5
E0F
  8
CUT
 10
1693.414767687401
 20
177.46528253692026
 30
0.0
 70
0
  0
VERTEX
  5
E10
  8
CUT
 10
1691.9467489865544
 20
181.57542952175052
 30
0.0
 70
0
  0
VERTEX
  5
E11
  8
CUT
 10
1690.3313010689847
 20
185.62989806504504
 30
0.0
 70
0
  0
VERTEX
  5
E12
  8
CUT
 10
1688.5705301705825
 20
189.6234019133322
 30
0.0
 70
0
  0
VERTEX
  5
E13
  8
CUT
 10
1686.6667320006804
 20
193.550734299472
 30
0.0
 70
0
  0
VERTEX
  5
E14
  8
CUT
 10
1684.6223887488866
 20
197.40677473128676
 30
0.0
 70
0
  0
VERTEX
  5
E15
  8
CUT
 10
1682.4401658487832
 20
201.18649566770637
 30
0.0
 70
0
  0
VERTEX
  5
E16
  8
CUT
 10
1680.1229085027085
 20
204.8849690737224
 30
0.0
 70
0
  0
VERTEX
  5
E17
  8
CUT
 10
1677.6736379721572
 20
208.49737284560584
 30
0.0
 70
0
  0
VERTEX
  5
E18
  8
CUT
 10
1675.0955476386307
 20
212.01899709801012
 30
0.0
 70
0
  0
VERTEX
  5
E19
  8
CUT
 10
1672.3919988400776
 20
215.44525030476336
 30
0.0
 70
0
  0
VERTEX
  5
E1A
  8
CUT
 10
1669.5665164883499
 20
218.77166528534235
 30
0.0
 70
0
  0
VERTEX
  5
E1B
  8
CUT
 10
1666.6227844733905
 20
221.9939050292237
 30
0.0
 70
0
  0
VERTEX
  5
E1C
  8
CUT
 10
1663.5646408601438
 20
225.10776835051814
 30
0.0
 70
0
  0
VERTEX
  5
E1D
  8
CUT
 10
1660.3960728844506
 20
228.10919536551563
 30
0.0
 70
0
  0
VERTEX
  5
E1E
  8
CUT
 10
1657.121211754454
 20
230.99427278599887
 30
0.0
 70
0
  0
VERTEX
  5
E1F
  8
CUT
 10
1653.7443272642915
 20
233.75923902142475
 30
0.0
 70
0
  0
VERTEX
  5
E20
  8
CUT
 10
1650.2698222270988
 20
236.40048908332076
 30
0.0
 70
0
  0
VERTEX
  5
E21
  8
CUT
 10
1646.7022267345799
 20
238.91457928550219
 30
0.0
 70
0
  0
VERTEX
  5
E22
  8
CUT
 10
1643.046192250634
 20
241.29823173398185
 30
0.0
 70
0
  0
VERTEX
  5
E23
  8
CUT
 10
1639.3064855467321
 20
243.54833860071864
 30
0.0
 70
0
  0
VERTEX
  5
E24
  8
CUT
 10
1635.4879824869572
 20
245.66196617563227
 30
0.0
 70
0
  0
VERTEX
  5
E25
  8
CUT
 10
1631.5956616708079
 20
247.63635869160152
 30
0.0
 70
0
  0
VERTEX
  5
E26
  8
CUT
 10
1627.634597942054
 20
249.46894191745892
 30
0.0
 70
0
  0
VERTEX
  5
E27
  8
CUT
 10
1623.6099557721082
 20
251.15732651429698
 30
0.0
 70
0
  0
VERTEX
  5
E28
  8
CUT
 10
1619.526982526542
 20
252.6993111507104
 30
0.0
 70
0
  0
VERTEX
  5
E29
  8
CUT
 10
1615.3910016235202
 20
254.09288537291206
 30
0.0
 70
0
  0
VERTEX
  5
E2A
  8
CUT
 10
1611.207405593081
 20
255.3362322259814
 30
0.0
 70
0
  0
VERTEX
  5
E2B
  8
CUT
 10
1606.981649046304
 20
256.42773062282697
 30
0.0
 70
0
  0
VERTEX
  5
E2C
  8
CUT
 10
1602.7192415635393
 20
257.36595745777464
 30
0.0
 70
0
  0
VERTEX
  5
E2D
  8
CUT
 10
1598.425740510965
 20
258.14968946202595
 30
0.0
 70
0
  0
VERTEX
  5
E2E
  8
CUT
 10
1594.1067437948423
 20
258.7779047985672
 30
0.0
 70
0
  0
VERTEX
  5
E2F
  8
CUT
 10
1589.7678825629134
 20
259.2497843944501
 30
0.0
 70
0
  0
VERTEX
  5
E30
  8
CUT
 10
1585.41481386246
 20
259.56471300870646
 30
0.0
 70
0
  0
VERTEX
  5
E31
  8
CUT
 10
1581.0532132645917
 20
259.72228003450516
 30
0.0
 70
0
  0
VERTEX
  5
E32
  8
CUT
 10
1576.6887674643847
 20
259.72228003450516
 30
0.0
 70
0
  0
VERTEX
  5
E33
  8
CUT
 10
1572.327166866516
 20
259.56471300870646
 30
0.0
 70
0
  0
VERTEX
  5
E34
  8
CUT
 10
1567.9740981660627
 20
259.2497843944501
 30
0.0
 70
0
  0
VERTEX
  5
E35
  8
CUT
 10
1563.635236934134
 20
258.7779047985672
 30
0.0
 70
0
  0
VERTEX
  5
E36
  8
CUT
 10
1559.3162402180112
 20
258.14968946202595
 30
0.0
 70
0
  0
VERTEX
  5
E37
  8
CUT
 10
1555.0227391654369
 20
257.36595745777464
 30
0.0
 70
0
  0
VERTEX
  5
E38
  8
CUT
 10
1550.7603316826721
 20
256.42773062282697
 30
0.0
 70
0
  0
VERTEX
  5
E39
  8
CUT
 10
1546.5345751358952
 20
255.3362322259814
 30
0.0
 70
0
  0
VERTEX
  5
E3A
  8
CUT
 10
1542.3509791054557
 20
254.09288537291204
 30
0.0
 70
0
  0
VERTEX
  5
E3B
  8
CUT
 10
1538.2149982024341
 20
252.6993111507104
 30
0.0
 70
0
  0
VERTEX
  5
E3C
  8
CUT
 10
1534.132024956868
 20
251.157326514297
 30
0.0
 70
0
  0
VERTEX
  5
E3D
  8
CUT
 10
1530.1073827869222
 20
249.46894191745895
 30
0.0
 70
0
  0
VERTEX
  5
E3E
  8
CUT
 10
1526.1463190581683
 20
247.63635869160152
 30
0.0
 70
0
  0
VERTEX
  5
E3F
  8
CUT
 10
1522.253998242019
 20
245.66196617563227
 30
0.0
 70
0
  0
VERTEX
  5
E40
  8
CUT
 10
1518.435495182244
 20
243.54833860071864
 30
0.0
 70
0
  0
VERTEX
  5
E41
  8
CUT
 10
1514.6957884783421
 20
241.29823173398185
 30
0.0
 70
0
  0
VERTEX
  5
E42
  8
CUT
 10
1511.0397539943963
 20
238.91457928550219
 30
0.0
 70
0
  0
VERTEX
  5
E43
  8
CUT
 10
1507.4721585018776
 20
236.4004890833208
 30
0.0
 70
0
  0
VERTEX
  5
E44
  8
CUT
 10
1503.9976534646846
 20
233.75923902142478
 30
0.0
 70
0
  0
VERTEX
  5
E45
  8
CUT
 10
1500.6207689745222
 20
230.99427278599887
 30
0.0
 70
0
  0
VERTEX
  5
E46
  8
CUT
 10
1497.3459078445255
 20
228.10919536551563
 30
0.0
 70
0
  0
VERTEX
  5
E47
  8
CUT
 10
1494.1773398688324
 20
225.10776835051817
 30
0.0
 70
0
  0
VERTEX
  5
E48
  8
CUT
 10
1491.1191962555856
 20
221.9939050292237
 30
0.0
 70
0
  0
VERTEX
  5
E49
  8
CUT
 10
1488.1754642406263
 20
218.77166528534235
 30
0.0
 70
0
  0
VERTEX
  5
E4A
  8
CUT
 10
1485.3499818888986
 20
215.44525030476336
 30
0.0
 70
0
  0
VERTEX
  5
E4B
  8
CUT
 10
1482.6464330903455
 20
212.01899709801012
 30
0.0
 70
0
  0
VERTEX
  5
E4C
  8
CUT
 10
1480.068342756819
 20
208.49737284560584
 30
0.0
 70
0
  0
VERTEX
  5
E4D
  8
CUT
 10
1477.6190722262677
 20
204.88496907372243
 30
0.0
 70
0
  0
VERTEX
  5
E4E
  8
CUT
 10
1475.301814880193
 20
201.18649566770637
 30
0.0
 70
0
  0
VERTEX
  5
E4F
  8
CUT
 10
1473.1195919800896
 20
197.40677473128676
 30
0.0
 70
0
  0
VERTEX
  5
E50
  8
CUT
 10
1471.0752487282957
 20
193.550734299472
 30
0.0
 70
0
  0
VERTEX
  5
E51
  8
CUT
 10
1469.1714505583936
 20
189.62340191333226
 30
0.0
 70
0
  0
VERTEX
  5
E52
  8
CUT
 10
1467.4106796599915
 20
185.6298980650451
 30
0.0
 70
0
  0
VERTEX
  5
E53
  8
CUT
 10
1465.7952317424217
 20
181.57542952175055
 30
0.0
 70
0
  0
VERTEX
  5
E54
  8
CUT
 10
1464.327213041575
 20
177.4652825369203
 30
0.0
 70
0
  0
VERTEX
  5
E55
  8
CUT
 10
1463.0085375737697
 20
173.30481595809127
 30
0.0
 70
0
  0
VERTEX
  5
E56
  8
CUT
 10
1461.8409246402393
 20
169.09945423995123
 30
0.0
 70
0
  0
VERTEX
  5
E57
  8
CUT
 10
1460.8258965854934
 20
164.85468037188443
 30
0.0
 70
0
  0
VERTEX
  5
E58
  8
CUT
 10
1459.9647768124682
 20
160.57602872919955
 30
0.0
 70
0
  0
VERTEX
  5
E59
  8
CUT
 10
1459.2586880570643
 20
156.26907785736023
 30
0.0
 70
0
  0
VERTEX
  5
E5A
  8
CUT
 10
1458.7085509243118
 20
151.93944319862615
 30
0.0
 70
0
  0
VERTEX
  5
E5B
  8
CUT
 10
1458.3150826880765
 20
147.59276977058735
 30
0.0
 70
0
  0
VERTEX
  5
E5C
  8
CUT
 10
1458.078796355873
 20
143.23472480613836
 30
0.0
 70
0
  0
VERTEX
  5
E5D
  8
CUT
 10
1458.0
 20
138.87099036448797
 30
0.0
 70
0
  0
VERTEX
  5
E5E
  8
CUT
 10
1458.078796355873
 20
134.5072559228376
 30
0.0
 70
0
  0
VERTEX
  5
E5F
  8
CUT
 10
1458.3150826880765
 20
130.1492109583886
 30
0.0
 70
0
  0
VERTEX
  5
E60
  8
CUT
 10
1458.7085509243118
 20
125.80253753034981
 30
0.0
 70
0
  0
VERTEX
  5
E61
  8
CUT
 10
1459.2586880570643
 20
121.47290287161573
 30
0.0
 70
0
  0
VERTEX
  5
E62
  8
CUT
 10
1459.9647768124682
 20
117.16595199977642
 30
0.0
 70
0
  0
VERTEX
  5
E63
  8
CUT
 10
1460.8258965854934
 20
112.88730035709155
 30
0.0
 70
0
  0
VERTEX
  5
E64
  8
CUT
 10
1461.8409246402393
 20
108.64252648902472
 30
0.0
 70
0
  0
VERTEX
  5
E65
  8
CUT
 10
1463.0085375737697
 20
104.43716477088469
 30
0.0
 70
0
  0
VERTEX
  5
E66
  8
CUT
 10
1464.327213041575
 20
100.27669819205568
 30
0.0
 70
0
  0
VERTEX
  5
E67
  8
CUT
 10
1465.7952317424217
 20
96.16655120722541
 30
0.0
 70
0
  0
VERTEX
  5
E68
  8
CUT
 10
1467.4106796599915
 20
92.11208266393092
 30
0.0
 70
0
  0
VERTEX
  5
E69
  8
CUT
 10
1469.1714505583936
 20
88.11857881564372
 30
0.0
 70
0
  0
VERTEX
  5
E6A
  8
CUT
 10
1471.0752487282957
 20
84.19124642950396
 30
0.0
 70
0
  0
VERTEX
  5
E6B
  8
CUT
 10
1473.1195919800896
 20
80.33520599768919
 30
0.0
 70
0
  0
VERTEX
  5
E6C
  8
CUT
 10
1475.301814880193
 20
76.55548506126961
 30
0.0
 70
0
  0
VERTEX
  5
E6D
  8
CUT
 10
1477.6190722262677
 20
72.85701165525353
 30
0.0
 70
0
  0
VERTEX
  5
E6E
  8
CUT
 10
1480.068342756819
 20
69.24460788337012
 30
0.0
 70
0
  0
VERTEX
  5
E6F
  8
CUT
 10
1482.6464330903455
 20
65.7229836309658
 30
0.0
 70
0
  0
VERTEX
  5
E70
  8
CUT
 10
1485.3499818888986
 20
62.296730424212555
 30
0.0
 70
0
  0
VERTEX
  5
E71
  8
CUT
 10
1488.1754642406263
 20
58.97031544363358
 30
0.0
 70
0
  0
VERTEX
  5
E72
  8
CUT
 10
1491.1191962555856
 20
55.74807569975228
 30
0.0
 70
0
  0
VERTEX
  5
E73
  8
CUT
 10
1494.1773398688324
 20
52.63421237845782
 30
0.0
 70
0
  0
VERTEX
  5
E74
  8
CUT
 10
1497.3459078445255
 20
49.632785363460314
 30
0.0
 70
0
  0
VERTEX
  5
E75
  8
CUT
 10
1500.6207689745222
 20
46.74770794297706
 30
0.0
 70
0
  0
VERTEX
  5
E76
  8
CUT
 10
1503.9976534646846
 20
43.98274170755117
 30
0.0
 70
0
  0
VERTEX
  5
E77
  8
CUT
 10
1507.4721585018774
 20
41.34149164565518
 30
0.0
 70
0
  0
VERTEX
  5
E78
  8
CUT
 10
1511.0397539943963
 20
38.82740144347376
 30
0.0
 70
0
  0
VERTEX
  5
E79
  8
CUT
 10
1514.6957884783421
 20
36.443748994994095
 30
0.0
 70
0
  0
VERTEX
  5
E7A
  8
CUT
 10
1518.435495182244
 20
34.19364212825727
 30
0.0
 70
0
  0
VERTEX
  5
E7B
  8
CUT
 10
1522.253998242019
 20
32.0800145533437
 30
0.0
 70
0
  0
VERTEX
  5
E7C
  8
CUT
 10
1526.1463190581683
 20
30.105622037374403
 30
0.0
 70
0
  0
VERTEX
  5
E7D
  8
CUT
 10
1530.1073827869222
 20
28.273038811516997
 30
0.0
 70
0
  0
VERTEX
  5
E7E
  8
CUT
 10
1534.132024956868
 20
26.584654214678935
 30
0.0
 70
0
  0
VERTEX
  5
E7F
  8
CUT
 10
1538.2149982024341
 20
25.042669578265546
 30
0.0
 70
0
  0
VERTEX
  5
E80
  8
CUT
 10
1542.3509791054557
 20
23.649095356063896
 30
0.0
 70
0
  0
VERTEX
  5
E81
  8
CUT
 10
1546.5345751358952
 20
22.405748502994513
 30
0.0
 70
0
  0
VERTEX
  5
E82
  8
CUT
 10
1550.7603316826721
 20
21.31425010614896
 30
0.0
 70
0
  0
VERTEX
  5
E83
  8
CUT
 10
1555.0227391654369
 20
20.376023271201277
 30
0.0
 70
0
  0
VERTEX
  5
E84
  8
CUT
 10
1559.3162402180112
 20
19.59229126695
 30
0.0
 70
0
  0
VERTEX
  5
E85
  8
CUT
 10
1563.635236934134
 20
18.96407593040874
 30
0.0
 70
0
  0
VERTEX
  5
E86
  8
CUT
 10
1567.9740981660627
 20
18.492196334525858
 30
0.0
 70
0
  0
VERTEX
  5
E87
  8
CUT
 10
1572.327166866516
 20
18.177267720269498
 30
0.0
 70
0
  0
VERTEX
  5
E88
  8
CUT
 10
1576.6887674643847
 20
18.019700694470757
 30
0.0
 70
0
  0
VERTEX
  5
E89
  8
CUT
 10
1581.0532132645915
 20
18.019700694470757
 30
0.0
 70
0
  0
VERTEX
  5
E8A
  8
CUT
 10
1585.41481386246
 20
18.177267720269498
 30
0.0
 70
0
  0
VERTEX
  5
E8B
  8
CUT
 10
1589.7678825629134
 20
18.492196334525858
 30
0.0
 70
0
  0
VERTEX
  5
E8C
  8
CUT
 10
1594.106743794842
 20
18.96407593040874
 30
0.0
 70
0
  0
VERTEX
  5
E8D
  8
CUT
 10
1598.425740510965
 20
19.592291266949985
 30
0.0
 70
0
  0
VERTEX
  5
E8E
  8
CUT
 10
1602.7192415635393
 20
20.376023271201262
 30
0.0
 70
0
  0
VERTEX
  5
E8F
  8
CUT
 10
1606.981649046304
 20
21.314250106148947
 30
0.0
 70
0
  0
VERTEX
  5
E90
  8
CUT
 10
1611.207405593081
 20
22.4057485029945
 30
0.0
 70
0
  0
VERTEX
  5
E91
  8
CUT
 10
1615.3910016235202
 20
23.64909535606388
 30
0.0
 70
0
  0
VERTEX
  5
E92
  8
CUT
 10
1619.526982526542
 20
25.04266957826553
 30
0.0
 70
0
  0
VERTEX
  5
E93
  8
CUT
 10
1623.6099557721082
 20
26.58465421467892
 30
0.0
 70
0
  0
VERTEX
  5
E94
  8
CUT
 10
1627.634597942054
 20
28.273038811516983
 30
0.0
 70
0
  0
VERTEX
  5
E95
  8
CUT
 10
1631.5956616708079
 20
30.105622037374374
 30
0.0
 70
0
  0
VERTEX
  5
E96
  8
CUT
 10
1635.4879824869572
 20
32.08001455334367
 30
0.0
 70
0
  0
VERTEX
  5
E97
  8
CUT
 10
1639.3064855467321
 20
34.193642128257295
 30
0.0
 70
0
  0
VERTEX
  5
E98
  8
CUT
 10
1643.046192250634
 20
36.44374899499408
 30
0.0
 70
0
  0
VERTEX
  5
E99
  8
CUT
 10
1646.7022267345799
 20
38.82740144347373
 30
0.0
 70
0
  0
VERTEX
  5
E9A
  8
CUT
 10
1650.2698222270985
 20
41.341491645655154
 30
0.0
 70
0
  0
VERTEX
  5
E9B
  8
CUT
 10
1653.7443272642915
 20
43.98274170755114
 30
0.0
 70
0
  0
VERTEX
  5
E9C
  8
CUT
 10
1657.121211754454
 20
46.74770794297703
 30
0.0
 70
0
  0
VERTEX
  5
E9D
  8
CUT
 10
1660.3960728844506
 20
49.632785363460314
 30
0.0
 70
0
  0
VERTEX
  5
E9E
  8
CUT
 10
1663.5646408601438
 20
52.634212378457704
 30
0.0
 70
0
  0
VERTEX
  5
E9F
  8
CUT
 10
1666.6227844733905
 20
55.74807569975225
 30
0.0
 70
0
  0
VERTEX
  5
EA0
  8
CUT
 10
1669.5665164883499
 20
58.97031544363357
 30
0.0
 70
0
  0
VERTEX
  5
EA1
  8
CUT
 10
1672.3919988400776
 20
62.29673042421251
 30
0.0
 70
0
  0
VERTEX
  5
EA2
  8
CUT
 10
1675.0955476386307
 20
65.72298363096584
 30
0.0
 70
0
  0
VERTEX
  5
EA3
  8
CUT
 10
1677.6736379721572
 20
69.24460788337005
 30
0.0
 70
0
  0
VERTEX
  5
EA4
  8
CUT
 10
1680.1229085027085
 20
72.85701165525353
 30
0.0
 70
0
  0
VERTEX
  5
EA5
  8
CUT
 10
1682.4401658487832
 20
76.55548506126956
 30
0.0
 70
0
  0
VERTEX
  5
EA6
  8
CUT
 10
1684.6223887488866
 20
80.33520599768914
 30
0.0
 70
0
  0
VERTEX
  5
EA7
  8
CUT
 10
1686.6667320006804
 20
84.1912464295039
 30
0.0
 70
0
  0
VERTEX
  5
EA8
  8
CUT
 10
1688.5705301705825
 20
88.11857881564367
 30
0.0
 70
0
  0
VERTEX
  5
EA9
  8
CUT
 10
1690.3313010689847
 20
92.11208266393083
 30
0.0
 70
0
  0
VERTEX
  5
EAA
  8
CUT
 10
1691.9467489865544
 20
96.16655120722533
 30
0.0
 70
0
  0
VERTEX
  5
EAB
  8
CUT
 10
1693.414767687401
 20
100.27669819205568
 30
0.0
 70
0
  0
VERTEX
  5
EAC
  8
CUT
 10
1694.7334431552065
 20
104.43716477088465
 30
0.0
 70
0
  0
VERTEX
  5
EAD
  8
CUT
 10
1695.9010560887368
 20
108.64252648902468
 30
0.0
 70
0
  0
VERTEX
  5
EAE
  8
CUT
 10
1696.9160841434827
 20
112.8873003570915
 30
0.0
 70
0
  0
VERTEX
  5
EAF
  8
CUT
 10
1697.777203916508
 20
117.16595199977638
 30
0.0
 70
0
  0
VERTEX
  5
EB0
  8
CUT
 10
1698.4832926719118
 20
121.47290287161574
 30
0.0
 70
0
  0
VERTEX
  5
EB1
  8
CUT
 10
1699.0334298046644
 20
125.80253753034972
 30
0.0
 70
0
  0
VERTEX
  5
EB2
  8
CUT
 10
1699.4268980408997
 20
130.14921095838864
 30
0.0
 70
0
  0
VERTEX
  5
EB3
  8
CUT
 10
1699.6631843731031
 20
134.50725592283754
 30
0.0
 70
0
  0
SEQEND
  5
E05
  8
CUT
  0
POLYLINE
  5
EB4
  8
CUT
 66
1
 10
0.0
 20
0.0
 30
0.0
 70
1
  0
VERTEX
  5
EB6
  8
CUT
 10
1493.6361035521977
 20
132.57099036448795
 30
0.0
 70
0
  0
VERTEX
  5
EB7
  8
CUT
 10
1492.9558946256282
 20
132.49786033559567
 30
0.0
 70
0
  0
VERTEX
  5
EB8
  8
CUT
 10
1492.3067755105917
 20
132.28181274962242
 30
0.0
 70
0
  0
VERTEX
  5
EB9
  8
CUT
 10
1491.7184150193614
 20
131.9327223354459
 30
0.0
 70
0
  0
VERTEX
  5
EBA
  8
CUT
 10
1491.217704914264
 20
131.46654471311285
 30
0.0
 70
0
  0
VERTEX
  5
EBB
  8
CUT
 10
1490.8275307855824
 20
130.90458712199214
 30
0.0
 70
0
  0
VERTEX
  5
EBC
  8
CUT
 10
1490.5657260366313
 20
130.2725345463805
 30
0.0
 70
0
  0
VERTEX
  5
EBD
  8
CUT
 10
1490.4442567854448
 20
129.5992757507255
 30
0.0
 70
0
  0
VERTEX
  5
EBE
  8
CUT
 10
1490.4686749381788
 20
128.9155828820134
 30
0.0
 70
0
  0
VERTEX
  5
EBF
  8
CUT
 10
1490.6378644321985
 20
128.25270498977082
 30
0.0
 70
0
  0
VERTEX
  5
EC0
  8
CUT
 10
1490.9440922471379
 20
127.64093974863002
 30
0.0
 70
0
  0
VERTEX
  5
EC1
  8
CUT
 10
1491.3733618524006
 20
127.10824866469098
 30
0.0
 70
0
  0
VERTEX
  5
EC2
  8
CUT
 10
1491.9060529363398
 20
126.67897905942814
 30
0.0
 70
0
  0
VERTEX
  5
EC3
  8
CUT
 10
1492.5178181774806
 20
126.37275124448868
 30
0.0
 70
0
  0
VERTEX
  5
EC4
  8
CUT
 10
1493.1806960697231
 20
126.20356175046894
 30
0.0
 70
0
  0
VERTEX
  5
EC5
  8
CUT
 10
1493.8643889384352
 20
126.1791435977351
 30
0.0
 70
0
  0
VERTEX
  5
EC6
  8
CUT
 10
1494.5376477340903
 20
126.30061284892153
 30
0.0
 70
0
  0
VERTEX
  5
EC7
  8
CUT
 10
1495.169700309702
 20
126.56241759787271
 30
0.0
 70
0
  0
VERTEX
  5
EC8
  8
CUT
 10
1495.7316579008227
 20
126.9525917265543
 30
0.0
 70
0
  0
VERTEX
  5
EC9
  8
CUT
 10
1496.1978355231556
 20
127.45330183165161
 30
0.0
 70
0
  0
VERTEX
  5
ECA
  8
CUT
 10
1496.5469259373322
 20
128.0416623228819
 30
0.0
 70
0
  0
VERTEX
  5
ECB
  8
CUT
 10
1496.7629735233054
 20
128.69078143791842
 30
0.0
 70
0
  0
VERTEX
  5
ECC
  8
CUT
 10
1496.8361035521978
 20
129.37099036448797
 30
0.0
 70
0
  0
VERTEX
  5
ECD
  8
CUT
 10
1531.4361035521977
 20
129.37099036448797
 30
0.0
 70
0
  0
VERTEX
  5
ECE
  8
CUT
 10
1531.50923358109
 20
128.69078143791845
 30
0.0
 70
0
  0
VERTEX
  5
ECF
  8
CUT
 10
1531.7252811670633
 20
128.04166232288193
 30
0.0
 70
0
  0
VERTEX
  5
ED0
  8
CUT
 10
1532.0743715812398
 20
127.45330183165164
 30
0.0
 70
0
  0
VERTEX
  5
ED1
  8
CUT
 10
1532.5405492035727
 20
126.95259172655432
 30
0.0
 70
0
  0
VERTEX
  5
ED2
  8
CUT
 10
1533.1025067946935
 20
126.56241759787272
 30
0.0
 70
0
  0
VERTEX
  5
ED3
  8
CUT
 10
1533.734559370305
 20
126.30061284892153
 30
0.0
 70
0
  0
VERTEX
  5
ED4
  8
CUT
 10
1534.4078181659602
 20
126.1791435977351
 30
0.0
 70
0
  0
VERTEX
  5
ED5
  8
CUT
 10
1535.0915110346723
 20
126.20356175046894
 30
0.0
 70
0
  0
VERTEX
  5
ED6
  8
CUT
 10
1535.7543889269148
 20
126.37275124448867
 30
0.0
 70
0
  0
VERTEX
  5
ED7
  8
CUT
 10
1536.3661541680556
 20
126.67897905942813
 30
0.0
 70
0
  0
VERTEX
  5
ED8
  8
CUT
 10
1536.8988452519945
 20
127.10824866469095
 30
0.0
 70
0
  0
VERTEX
  5
ED9
  8
CUT
 10
1537.3281148572576
 20
127.64093974862999
 30
0.0
 70
0
  0
VERTEX
  5
EDA
  8
CUT
 10
1537.634342672197
 20
128.2527049897708
 30
0.0
 70
0
  0
VERTEX
  5
EDB
  8
CUT
 10
1537.8035321662167
 20
128.91558288201338
 30
0.0
 70
0
  0
VERTEX
  5
EDC
  8
CUT
 10
1537.8279503189506
 20
129.59927575072547
 30
0.0
 70
0
  0
VERTEX
  5
EDD
  8
CUT
 10
1537.7064810677641
 20
130.27253454638048
 30
0.0
 70
0
  0
VERTEX
  5
EDE
  8
CUT
 10
1537.444676318813
 20
130.9045871219921
 30
0.0
 70
0
  0
VERTEX
  5
EDF
  8
CUT
 10
1537.0545021901314
 20
131.46654471311285
 30
0.0
 70
0
  0
VERTEX
  5
EE0
  8
CUT
 10
1536.553792085034
 20
131.93272233544587
 30
0.0
 70
0
  0
VERTEX
  5
EE1
  8
CUT
 10
1535.9654315938037
 20
132.2818127496224
 30
0.0
 70
0
  0
VERTEX
  5
EE2
  8
CUT
 10
1535.3163124787673
 20
132.49786033559565
 30
0.0
 70
0
  0
VERTEX
  5
EE3
  8
CUT
 10
1534.6361035521977
 20
132.57099036448795
 30
0.0
 70
0
  0
VERTEX
  5
EE4
  8
CUT
 10
1534.6361035521977
 20
145.17099036448798
 30
0.0
 70
0
  0
VERTEX
  5
EE5
  8
CUT
 10
1535.3163124787673
 20
145.24412039338026
 30
0.0
 70
0
  0
VERTEX
  5
EE6
  8
CUT
 10
1535.9654315938037
 20
145.4601679793535
 30
0.0
 70
0
  0
VERTEX
  5
EE7
  8
CUT
 10
1536.553792085034
 20
145.80925839353003
 30
0.0
 70
0
  0
VERTEX
  5
EE8
  8
CUT
 10
1537.0545021901314
 20
146.27543601586308
 30
0.0
 70
0
  0
VERTEX
  5
EE9
  8
CUT
 10
1537.444676318813
 20
146.8373936069838
 30
0.0
 70
0
  0
VERTEX
  5
EEA
  8
CUT
 10
1537.7064810677641
 20
147.46944618259542
 30
0.0
 70
0
  0
VERTEX
  5
EEB
  8
CUT
 10
1537.8279503189506
 20
148.14270497825046
 30
0.0
 70
0
  0
VERTEX
  5
EEC
  8
CUT
 10
1537.8035321662167
 20
148.82639784696252
 30
0.0
 70
0
  0
VERTEX
  5
EED
  8
CUT
 10
1537.634342672197
 20
149.4892757392051
 30
0.0
 70
0
  0
VERTEX
  5
EEE
  8
CUT
 10
1537.3281148572576
 20
150.1010409803459
 30
0.0
 70
0
  0
VERTEX
  5
EEF
  8
CUT
 10
1536.8988452519948
 20
150.63373206428497
 30
0.0
 70
0
  0
VERTEX
  5
EF0
  8
CUT
 10
1536.3661541680556
 20
151.0630016695478
 30
0.0
 70
0
  0
VERTEX
  5
EF1
  8
CUT
 10
1535.7543889269148
 20
151.36922948448725
 30
0.0
 70
0
  0
VERTEX
  5
EF2
  8
CUT
 10
1535.0915110346723
 20
151.538418978507
 30
0.0
 70
0
  0
VERTEX
  5
EF3
  8
CUT
 10
1534.4078181659602
 20
151.56283713124083
 30
0.0
 70
0
  0
VERTEX
  5
EF4
  8
CUT
 10
1533.734559370305
 20
151.4413678800544
 30
0.0
 70
0
  0
VERTEX
  5
EF5
  8
CUT
 10
1533.1025067946935
 20
151.17956313110324
 30
0.0
 70
0
  0
VERTEX
  5
EF6
  8
CUT
 10
1532.5405492035727
 20
150.78938900242164
 30
0.0
 70
0
  0
VERTEX
  5
EF7
  8
CUT
 10
1532.0743715812398
 20
150.2886788973243
 30
0.0
 70
0
  0
VERTEX
  5
EF8
  8
CUT
 10
1531.7252811670633
 20
149.70031840609403
 30
0.0
 70
0
  0
VERTEX
  5
EF9
  8
CUT
 10
1531.50923358109
 20
149.05119929105751
 30
0.0
 70
0
  0
VERTEX
  5
EFA
  8
CUT
 10
1531.4361035521977
 20
148.37099036448797
 30
0.0
 70
0
  0
VERTEX
  5
EFB
  8
CUT
 10
1496.8361035521978
 20
148.37099036448797
 30
0.0
 70
0
  0
VERTEX
  5
EFC
  8
CUT
 10
1496.7629735233054
 20
149.0511992910575
 30
0.0
 70
0
  0
VERTEX
  5
EFD
  8
CUT
 10
1496.5469259373322
 20
149.700318406094
 30
0.0
 70
0
  0
VERTEX
  5
EFE
  8
CUT
 10
1496.1978355231556
 20
150.2886788973243
 30
0.0
 70
0
  0
VERTEX
  5
EFF
  8
CUT
 10
1495.7316579008227
 20
150.78938900242161
 30
0.0
 70
0
  0
VERTEX
  5
F00
  8
CUT
 10
1495.169700309702
 20
151.1795631311032
 30
0.0
 70
0
  0
VERTEX
  5
F01
  8
CUT
 10
1494.5376477340903
 20
151.4413678800544
 30
0.0
 70
0
  0
VERTEX
  5
F02
  8
CUT
 10
1493.8643889384352
 20
151.56283713124083
 30
0.0
 70
0
  0
VERTEX
  5
F03
  8
CUT
 10
1493.1806960697231
 20
151.538418978507
 30
0.0
 70
0
  0
VERTEX
  5
F04
  8
CUT
 10
1492.5178181774806
 20
151.36922948448725
 30
0.0
 70
0
  0
VERTEX
  5
F05
  8
CUT
 10
1491.9060529363398
 20
151.06300166954782
 30
0.0
 70
0
  0
VERTEX
  5
F06
  8
CUT
 10
1491.3733618524009
 20
150.63373206428497
 30
0.0
 70
0
  0
VERTEX
  5
F07
  8
CUT
 10
1490.9440922471379
 20
150.10104098034594
 30
0.0
 70
0
  0
VERTEX
  5
F08
  8
CUT
 10
1490.6378644321985
 20
149.48927573920514
 30
0.0
 70
0
  0
VERTEX
  5
F09
  8
CUT
 10
1490.4686749381788
 20
148.82639784696255
 30
0.0
 70
0
  0
VERTEX
  5
F0A
  8
CUT
 10
1490.4442567854448
 20
148.1427049782505
 30
0.0
 70
0
  0
VERTEX
  5
F0B
  8
CUT
 10
1490.5657260366313
 20
147.46944618259545
 30
0.0
 70
0
  0
VERTEX
  5
F0C
  8
CUT
 10
1490.8275307855824
 20
146.83739360698382
 30
0.0
 70
0
  0
VERTEX
  5
F0D
  8
CUT
 10
1491.217704914264
 20
146.27543601586308
 30
0.0
 70
0
  0
VERTEX
  5
F0E
  8
CUT
 10
1491.7184150193614
 20
145.80925839353006
 30
0.0
 70
0
  0
VERTEX
  5
F0F
  8
CUT
 10
1492.3067755105917
 20
145.46016797935354
 30
0.0
 70
0
  0
VERTEX
  5
F10
  8
CUT
 10
1492.9558946256282
 20
145.24412039338029
 30
0.0
 70
0
  0
VERTEX
  5
F11
  8
CUT
 10
1493.6361035521977
 20
145.17099036448798
 30
0.0
 70
0
  0
SEQEND
  5
EB5
  8
CUT
  0
POLYLINE
  5
F12
  8
CUT
 66
1
 10
0.0
 20
0.0
 30
0.0
 70
1
  0
VERTEX
  5
F14
  8
CUT
 10
1623.1058771767782
 20
132.57099036448795
 30
0.0
 70
0
  0
VERTEX
  5
F15
  8
CUT
 10
1622.4256682502087
 20
132.49786033559562
 30
0.0
 70
0
  0
VERTEX
  5
F16
  8
CUT
 10
1621.7765491351722
 20
132.2818127496223
 30
0.0
 70
0
  0
VERTEX
  5
F17
  8
CUT
 10
1621.1881886439419
 20
131.93272233544576
 30
0.0
 70
0
  0
VERTEX
  5
F18
  8
CUT
 10
1620.6874785388447
 20
131.46654471311268
 30
0.0
 70
0
  0
VERTEX
  5
F19
  8
CUT
 10
1620.2973044101632
 20
130.90458712199194
 30
0.0
 70
0
  0
VERTEX
  5
F1A
  8
CUT
 10
1620.035499661212
 20
130.27253454638029
 30
0.0
 70
0
  0
VERTEX
  5
F1B
  8
CUT
 10
1619.9140304100256
 20
129.59927575072527
 30
0.0
 70
0
  0
VERTEX
  5
F1C
  8
CUT
 10
1619.9384485627595
 20
128.9155828820132
 30
0.0
 70
0
  0
VERTEX
  5
F1D
  8
CUT
 10
1620.1076380567793
 20
128.2527049897706
 30
0.0
 70
0
  0
VERTEX
  5
F1E
  8
CUT
 10
1620.4138658717188
 20
127.64093974862983
 30
0.0
 70
0
  0
VERTEX
  5
F1F
  8
CUT
 10
1620.8431354769816
 20
127.10824866469082
 30
0.0
 70
0
  0
VERTEX
  5
F20
  8
CUT
 10
1621.3758265609208
 20
126.67897905942802
 30
0.0
 70
0
  0
VERTEX
  5
F21
  8
CUT
 10
1621.9875918020616
 20
126.37275124448861
 30
0.0
 70
0
  0
VERTEX
  5
F22
  8
CUT
 10
1622.650469694304
 20
126.20356175046891
 30
0.0
 70
0
  0
VERTEX
  5
F23
  8
CUT
 10
1623.3341625630162
 20
126.17914359773512
 30
0.0
 70
0
  0
VERTEX
  5
F24
  8
CUT
 10
1624.0074213586713
 20
126.30061284892159
 30
0.0
 70
0
  0
VERTEX
  5
F25
  8
CUT
 10
1624.639473934283
 20
126.56241759787281
 30
0.0
 70
0
  0
VERTEX
  5
F26
  8
CUT
 10
1625.2014315254034
 20
126.95259172655445
 30
0.0
 70
0
  0
VERTEX
  5
F27
  8
CUT
 10
1625.6676091477366
 20
127.4533018316518
 30
0.0
 70
0
  0
VERTEX
  5
F28
  8
CUT
 10
1626.0166995619131
 20
128.0416623228821
 30
0.0
 70
0
  0
VERTEX
  5
F29
  8
CUT
 10
1626.2327471478861
 20
128.69078143791864
 30
0.0
 70
0
  0
VERTEX
  5
F2A
  8
CUT
 10
1626.3058771767783
 20
129.37099036448797
 30
0.0
 70
0
  0
VERTEX
  5
F2B
  8
CUT
 10
1660.9058771767782
 20
129.37099036448797
 30
0.0
 70
0
  0
VERTEX
  5
F2C
  8
CUT
 10
1660.9790072056703
 20
128.69078143791845
 30
0.0
 70
0
  0
VERTEX
  5
F2D
  8
CUT
 10
1661.1950547916435
 20
128.04166232288193
 30
0.0
 70
0
  0
VERTEX
  5
F2E
  8
CUT
 10
1661.54414520582
 20
127.45330183165164
 30
0.0
 70
0
  0
VERTEX
  5
F2F
  8
CUT
 10
1662.010322828153
 20
126.95259172655432
 30
0.0
 70
0
  0
VERTEX
  5
F30
  8
CUT
 10
1662.5722804192737
 20
126.56241759787272
 30
0.0
 70
0
  0
VERTEX
  5
F31
  8
CUT
 10
1663.2043329948854
 20
126.30061284892153
 30
0.0
 70
0
  0
VERTEX
  5
F32
  8
CUT
 10
1663.8775917905405
 20
126.1791435977351
 30
0.0
 70
0
  0
VERTEX
  5
F33
  8
CUT
 10
1664.5612846592526
 20
126.20356175046894
 30
0.0
 70
0
  0
VERTEX
  5
F34
  8
CUT
 10
1665.224162551495
 20
126.37275124448867
 30
0.0
 70
0
  0
VERTEX
  5
F35
  8
CUT
 10
1665.8359277926359
 20
126.67897905942813
 30
0.0
 70
0
  0
VERTEX
  5
F36
  8
CUT
 10
1666.3686188765748
 20
127.10824866469095
 30
0.0
 70
0
  0
VERTEX
  5
F37
  8
CUT
 10
1666.7978884818378
 20
127.64093974862999
 30
0.0
 70
0
  0
VERTEX
  5
F38
  8
CUT
 10
1667.1041162967772
 20
128.2527049897708
 30
0.0
 70
0
  0
VERTEX
  5
F39
  8
CUT
 10
1667.273305790797
 20
128.91558288201338
 30
0.0
 70
0
  0
VERTEX
  5
F3A
  8
CUT
 10
1667.2977239435309
 20
129.59927575072547
 30
0.0
 70
0
  0
VERTEX
  5
F3B
  8
CUT
 10
1667.1762546923444
 20
130.27253454638048
 30
0.0
 70
0
  0
VERTEX
  5
F3C
  8
CUT
 10
1666.9144499433933
 20
130.9045871219921
 30
0.0
 70
0
  0
VERTEX
  5
F3D
  8
CUT
 10
1666.5242758147117
 20
131.46654471311285
 30
0.0
 70
0
  0
VERTEX
  5
F3E
  8
CUT
 10
1666.0235657096143
 20
131.93272233544587
 30
0.0
 70
0
  0
VERTEX
  5
F3F
  8
CUT
 10
1665.435205218384
 20
132.2818127496224
 30
0.0
 70
0
  0
VERTEX
  5
F40
  8
CUT
 10
1664.7860861033475
 20
132.49786033559565
 30
0.0
 70
0
  0
VERTEX
  5
F41
  8
CUT
 10
1664.1058771767782
 20
132.57099036448795
 30
0.0
 70
0
  0
VERTEX
  5
F42
  8
CUT
 10
1664.1058771767782
 20
145.17099036448798
 30
0.0
 70
0
  0
VERTEX
  5
F43
  8
CUT
 10
1664.7860861033478
 20
145.2441203933803
 30
0.0
 70
0
  0
VERTEX
  5
F44
  8
CUT
 10
1665.4352052183842
 20
145.46016797935363
 30
0.0
 70
0
  0
VERTEX
  5
F45
  8
CUT
 10
1666.0235657096146
 20
145.80925839353017
 30
0.0
 70
0
  0
VERTEX
  5
F46
  8
CUT
 10
1666.5242758147117
 20
146.27543601586325
 30
0.0
 70
0
  0
VERTEX
  5
F47
  8
CUT
 10
1666.9144499433933
 20
146.837393606984
 30
0.0
 70
0
  0
VERTEX
  5
F48
  8
CUT
 10
1667.1762546923444
 20
147.46944618259565
 30
0.0
 70
0
  0
VERTEX
  5
F49
  8
CUT
 10
1667.2977239435309
 20
148.14270497825066
 30
0.0
 70
0
  0
VERTEX
  5
F4A
  8
CUT
 10
1667.273305790797
 20
148.82639784696272
 30
0.0
 70
0
  0
VERTEX
  5
F4B
  8
CUT
 10
1667.1041162967772
 20
149.48927573920534
 30
0.0
 70
0
  0
VERTEX
  5
F4C
  8
CUT
 10
1666.7978884818376
 20
150.1010409803461
 30
0.0
 70
0
  0
VERTEX
  5
F4D
  8
CUT
 10
1666.3686188765748
 20
150.6337320642851
 30
0.0
 70
0
  0
VERTEX
  5
F4E
  8
CUT
 10
1665.8359277926356
 20
151.0630016695479
 30
0.0
 70
0
  0
VERTEX
  5
F4F
  8
CUT
 10
1665.2241625514948
 20
151.36922948448733
 30
0.0
 70
0
  0
VERTEX
  5
F50
  8
CUT
 10
1664.5612846592524
 20
151.53841897850702
 30
0.0
 70
0
  0
VERTEX
  5
F51
  8
CUT
 10
1663.8775917905402
 20
151.5628371312408
 30
0.0
 70
0
  0
VERTEX
  5
F52
  8
CUT
 10
1663.2043329948851
 20
151.44136788005434
 30
0.0
 70
0
  0
VERTEX
  5
F53
  8
CUT
 10
1662.5722804192735
 20
151.17956313110312
 30
0.0
 70
0
  0
VERTEX
  5
F54
  8
CUT
 10
1662.010322828153
 20
150.78938900242147
 30
0.0
 70
0
  0
VERTEX
  5
F55
  8
CUT
 10
1661.5441452058199
 20
150.28867889732413
 30
0.0
 70
0
  0
VERTEX
  5
F56
  8
CUT
 10
1661.1950547916433
 20
149.70031840609383
 30
0.0
 70
0
  0
VERTEX
  5
F57
  8
CUT
 10
1660.9790072056703
 20
149.0511992910573
 30
0.0
 70
0
  0
VERTEX
  5
F58
  8
CUT
 10
1660.9058771767782
 20
148.37099036448797
 30
0.0
 70
0
  0
VERTEX
  5
F59
  8
CUT
 10
1626.3058771767783
 20
148.37099036448797
 30
0.0
 70
0
  0
VERTEX
  5
F5A
  8
CUT
 10
1626.2327471478861
 20
149.0511992910575
 30
0.0
 70
0
  0
VERTEX
  5
F5B
  8
CUT
 10
1626.016699561913
 20
149.700318406094
 30
0.0
 70
0
  0
VERTEX
  5
F5C
  8
CUT
 10
1625.6676091477364
 20
150.2886788973243
 30
0.0
 70
0
  0
VERTEX
  5
F5D
  8
CUT
 10
1625.2014315254034
 20
150.78938900242161
 30
0.0
 70
0
  0
VERTEX
  5
F5E
  8
CUT
 10
1624.6394739342827
 20
151.1795631311032
 30
0.0
 70
0
  0
VERTEX
  5
F5F
  8
CUT
 10
1624.007421358671
 20
151.4413678800544
 30
0.0
 70
0
  0
VERTEX
  5
F60
  8
CUT
 10
1623.334162563016
 20
151.56283713124083
 30
0.0
 70
0
  0
VERTEX
  5
F61
  8
CUT
 10
1622.6504696943039
 20
151.538418978507
 30
0.0
 70
0
  0
VERTEX
  5
F62
  8
CUT
 10
1621.9875918020614
 20
151.36922948448725
 30
0.0
 70
0
  0
VERTEX
  5
F63
  8
CUT
 10
1621.3758265609206
 20
151.06300166954782
 30
0.0
 70
0
  0
VERTEX
  5
F64
  8
CUT
 10
1620.8431354769816
 20
150.63373206428497
 30
0.0
 70
0
  0
VERTEX
  5
F65
  8
CUT
 10
1620.4138658717186
 20
150.10104098034594
 30
0.0
 70
0
  0
VERTEX
  5
F66
  8
CUT
 10
1620.1076380567793
 20
149.48927573920514
 30
0.0
 70
0
  0
VERTEX
  5
F67
  8
CUT
 10
1619.9384485627595
 20
148.82639784696255
 30
0.0
 70
0
  0
VERTEX
  5
F68
  8
CUT
 10
1619.9140304100256
 20
148.1427049782505
 30
0.0
 70
0
  0
VERTEX
  5
F69
  8
CUT
 10
1620.035499661212
 20
147.46944618259545
 30
0.0
 70
0
  0
VERTEX
  5
F6A
  8
CUT
 10
1620.2973044101632
 20
146.83739360698382
 30
0.0
 70
0
  0
VERTEX
  5
F6B
  8
CUT
 10
1620.6874785388447
 20
146.27543601586308
 30
0.0
 70
0
  0
VERTEX
  5
F6C
  8
CUT
 10
1621.188188643942
 20
145.80925839353006
 30
0.0
 70
0
  0
VERTEX
  5
F6D
  8
CUT
 10
1621.7765491351724
 20
145.46016797935354
 30
0.0
 70
0
  0
VERTEX
  5
F6E
  8
CUT
 10
1622.425668250209
 20
145.24412039338029
 30
0.0
 70
0
  0
VERTEX
  5
F6F
  8
CUT
 10
1623.1058771767782
 20
145.17099036448798
 30
0.0
 70
0
  0
SEQEND
  5
F13
  8
CUT
  0
POLYLINE
  5
F70
  8
CUT
 66
1
 10
0.0
 20
0.0
 30
0.0
 70
1
  0
VERTEX
  5
F72
  8
CUT
 10
1585.170990364488
 20
53.63610355219774
 30
0.0
 70
0
  0
VERTEX
  5
F73
  8
CUT
 10
1585.2441203933804
 20
52.95589462562821
 30
0.0
 70
0
  0
VERTEX
  5
F74
  8
CUT
 10
1585.4601679793536
 20
52.30677551059169
 30
0.0
 70
0
  0
VERTEX
  5
F75
  8
CUT
 10
1585.8092583935302
 20
51.71841501936141
 30
0.0
 70
0
  0
VERTEX
  5
F76
  8
CUT
 10
1586.275436015863
 20
51.21770491426409
 30
0.0
 70
0
  0
VERTEX
  5
F77
  8
CUT
 10
1586.8373936069838
 20
50.82753078558249
 30
0.0
 70
0
  0
VERTEX
  5
F78
  8
CUT
 10
1587.4694461825954
 20
50.56572603663131
 30
0.0
 70
0
  0
VERTEX
  5
F79
  8
CUT
 10
1588.1427049782505
 20
50.444256785444885
 30
0.0
 70
0
  0
VERTEX
  5
F7A
  8
CUT
 10
1588.8263978469627
 20
50.46867493817871
 30
0.0
 70
0
  0
VERTEX
  5
F7B
  8
CUT
 10
1589.4892757392051
 20
50.63786443219845
 30
0.0
 70
0
  0
VERTEX
  5
F7C
  8
CUT
 10
1590.101040980346
 20
50.9440922471379
 30
0.0
 70
0
  0
VERTEX
  5
F7D
  8
CUT
 10
1590.6337320642851
 20
51.373361852400734
 30
0.0
 70
0
  0
VERTEX
  5
F7E
  8
CUT
 10
1591.063001669548
 20
51.906052936339776
 30
0.0
 70
0
  0
VERTEX
  5
F7F
  8
CUT
 10
1591.3692294844873
 20
52.51781817748057
 30
0.0
 70
0
  0
VERTEX
  5
F80
  8
CUT
 10
1591.538418978507
 20
53.18069606972318
 30
0.0
 70
0
  0
VERTEX
  5
F81
  8
CUT
 10
1591.562837131241
 20
53.86438893843524
 30
0.0
 70
0
  0
VERTEX
  5
F82
  8
CUT
 10
1591.4413678800545
 20
54.53764773409028
 30
0.0
 70
0
  0
VERTEX
  5
F83
  8
CUT
 10
1591.1795631311034
 20
55.16970030970189
 30
0.0
 70
0
  0
VERTEX
  5
F84
  8
CUT
 10
1590.7893890024218
 20
55.731657900822626
 30
0.0
 70
0
  0
VERTEX
  5
F85
  8
CUT
 10
1590.2886788973244
 20
56.197835523155675
 30
0.0
 70
0
  0
VERTEX
  5
F86
  8
CUT
 10
1589.700318406094
 20
56.54692593733219
 30
0.0
 70
0
  0
VERTEX
  5
F87
  8
CUT
 10
1589.0511992910576
 20
56.76297352330545
 30
0.0
 70
0
  0
VERTEX
  5
F88
  8
CUT
 10
1588.370990364488
 20
56.83610355219774
 30
0.0
 70
0
  0
VERTEX
  5
F89
  8
CUT
 10
1588.370990364488
 20
91.43610355219774
 30
0.0
 70
0
  0
VERTEX
  5
F8A
  8
CUT
 10
1589.0511992910576
 20
91.50923358109003
 30
0.0
 70
0
  0
VERTEX
  5
F8B
  8
CUT
 10
1589.700318406094
 20
91.72528116706329
 30
0.0
 70
0
  0
VERTEX
  5
F8C
  8
CUT
 10
1590.2886788973244
 20
92.07437158123979
 30
0.0
 70
0
  0
VERTEX
  5
F8D
  8
CUT
 10
1590.7893890024218
 20
92.54054920357284
 30
0.0
 70
0
  0
VERTEX
  5
F8E
  8
CUT
 10
1591.1795631311034
 20
93.10250679469357
 30
0.0
 70
0
  0
VERTEX
  5
F8F
  8
CUT
 10
1591.4413678800545
 20
93.73455937030519
 30
0.0
 70
0
  0
VERTEX
  5
F90
  8
CUT
 10
1591.562837131241
 20
94.40781816596022
 30
0.0
 70
0
  0
VERTEX
  5
F91
  8
CUT
 10
1591.538418978507
 20
95.09151103467228
 30
0.0
 70
0
  0
VERTEX
  5
F92
  8
CUT
 10
1591.3692294844873
 20
95.75438892691488
 30
0.0
 70
0
  0
VERTEX
  5
F93
  8
CUT
 10
1591.063001669548
 20
96.36615416805569
 30
0.0
 70
0
  0
VERTEX
  5
F94
  8
CUT
 10
1590.6337320642851
 20
96.89884525199474
 30
0.0
 70
0
  0
VERTEX
  5
F95
  8
CUT
 10
1590.101040980346
 20
97.32811485725756
 30
0.0
 70
0
  0
VERTEX
  5
F96
  8
CUT
 10
1589.4892757392051
 20
97.63434267219702
 30
0.0
 70
0
  0
VERTEX
  5
F97
  8
CUT
 10
1588.8263978469627
 20
97.80353216621677
 30
0.0
 70
0
  0
VERTEX
  5
F98
  8
CUT
 10
1588.1427049782505
 20
97.8279503189506
 30
0.0
 70
0
  0
VERTEX
  5
F99
  8
CUT
 10
1587.4694461825954
 20
97.70648106776419
 30
0.0
 70
0
  0
VERTEX
  5
F9A
  8
CUT
 10
1586.8373936069838
 20
97.44467631881301
 30
0.0
 70
0
  0
VERTEX
  5
F9B
  8
CUT
 10
1586.275436015863
 20
97.05450219013142
 30
0.0
 70
0
  0
VERTEX
  5
F9C
  8
CUT
 10
1585.8092583935302
 20
96.55379208503409
 30
0.0
 70
0
  0
VERTEX
  5
F9D
  8
CUT
 10
1585.4601679793536
 20
95.96543159380381
 30
0.0
 70
0
  0
VERTEX
  5
F9E
  8
CUT
 10
1585.2441203933804
 20
95.3163124787673
 30
0.0
 70
0
  0
VERTEX
  5
F9F
  8
CUT
 10
1585.170990364488
 20
94.63610355219774
 30
0.0
 70
0
  0
VERTEX
  5
FA0
  8
CUT
 10
1572.570990364488
 20
94.63610355219774
 30
0.0
 70
0
  0
VERTEX
  5
FA1
  8
CUT
 10
1572.4978603355958
 20
95.31631247876724
 30
0.0
 70
0
  0
VERTEX
  5
FA2
  8
CUT
 10
1572.2818127496225
 20
95.96543159380373
 30
0.0
 70
0
  0
VERTEX
  5
FA3
  8
CUT
 10
1571.932722335446
 20
96.55379208503398
 30
0.0
 70
0
  0
VERTEX
  5
FA4
  8
CUT
 10
1571.4665447131129
 20
97.05450219013127
 30
0.0
 70
0
  0
VERTEX
  5
FA5
  8
CUT
 10
1570.904587121992
 20
97.44467631881284
 30
0.0
 70
0
  0
VERTEX
  5
FA6
  8
CUT
 10
1570.2725345463805
 20
97.70648106776399
 30
0.0
 70
0
  0
VERTEX
  5
FA7
  8
CUT
 10
1569.5992757507256
 20
97.82795031895039
 30
0.0
 70
0
  0
VERTEX
  5
FA8
  8
CUT
 10
1568.9155828820135
 20
97.80353216621654
 30
0.0
 70
0
  0
VERTEX
  5
FA9
  8
CUT
 10
1568.252704989771
 20
97.63434267219678
 30
0.0
 70
0
  0
VERTEX
  5
FAA
  8
CUT
 10
1567.6409397486302
 20
97.32811485725732
 30
0.0
 70
0
  0
VERTEX
  5
FAB
  8
CUT
 10
1567.108248664691
 20
96.89884525199449
 30
0.0
 70
0
  0
VERTEX
  5
FAC
  8
CUT
 10
1566.6789790594282
 20
96.36615416805544
 30
0.0
 70
0
  0
VERTEX
  5
FAD
  8
CUT
 10
1566.3727512444889
 20
95.75438892691466
 30
0.0
 70
0
  0
VERTEX
  5
FAE
  8
CUT
 10
1566.2035617504691
 20
95.09151103467207
 30
0.0
 70
0
  0
VERTEX
  5
FAF
  8
CUT
 10
1566.1791435977354
 20
94.40781816596004
 30
0.0
 70
0
  0
VERTEX
  5
FB0
  8
CUT
 10
1566.300612848922
 20
93.73455937030502
 30
0.0
 70
0
  0
VERTEX
  5
FB1
  8
CUT
 10
1566.562417597873
 20
93.10250679469344
 30
0.0
 70
0
  0
VERTEX
  5
FB2
  8
CUT
 10
1566.9525917265546
 20
92.54054920357274
 30
0.0
 70
0
  0
VERTEX
  5
FB3
  8
CUT
 10
1567.453301831652
 20
92.07437158123972
 30
0.0
 70
0
  0
VERTEX
  5
FB4
  8
CUT
 10
1568.041662322882
 20
91.72528116706324
 30
0.0
 70
0
  0
VERTEX
  5
FB5
  8
CUT
 10
1568.6907814379188
 20
91.50923358109002
 30
0.0
 70
0
  0
VERTEX
  5
FB6
  8
CUT
 10
1569.370990364488
 20
91.43610355219774
 30
0.0
 70
0
  0
VERTEX
  5
FB7
  8
CUT
 10
1569.370990364488
 20
56.83610355219774
 30
0.0
 70
0
  0
VERTEX
  5
FB8
  8
CUT
 10
1568.6907814379185
 20
56.762973523305455
 30
0.0
 70
0
  0
VERTEX
  5
FB9
  8
CUT
 10
1568.041662322882
 20
56.546925937332205
 30
0.0
 70
0
  0
VERTEX
  5
FBA
  8
CUT
 10
1567.4533018316517
 20
56.19783552315571
 30
0.0
 70
0
  0
VERTEX
  5
FBB
  8
CUT
 10
1566.9525917265546
 20
55.73165790082268
 30
0.0
 70
0
  0
VERTEX
  5
FBC
  8
CUT
 10
1566.562417597873
 20
55.16970030970197
 30
0.0
 70
0
  0
VERTEX
  5
FBD
  8
CUT
 10
1566.3006128489217
 20
54.53764773409038
 30
0.0
 70
0
  0
VERTEX
  5
FBE
  8
CUT
 10
1566.1791435977354
 20
53.86438893843537
 30
0.0
 70
0
  0
VERTEX
  5
FBF
  8
CUT
 10
1566.2035617504691
 20
53.18069606972333
 30
0.0
 70
0
  0
VERTEX
  5
FC0
  8
CUT
 10
1566.3727512444889
 20
52.51781817748075
 30
0.0
 70
0
  0
VERTEX
  5
FC1
  8
CUT
 10
1566.6789790594285
 20
51.90605293633997
 30
0.0
 70
0
  0
VERTEX
  5
FC2
  8
CUT
 10
1567.1082486646912
 20
51.37336185240094
 30
0.0
 70
0
  0
VERTEX
  5
FC3
  8
CUT
 10
1567.6409397486302
 20
50.94409224713813
 30
0.0
 70
0
  0
VERTEX
  5
FC4
  8
CUT
 10
1568.252704989771
 20
50.637864432198676
 30
0.0
 70
0
  0
VERTEX
  5
FC5
  8
CUT
 10
1568.9155828820135
 20
50.468674938178935
 30
0.0
 70
0
  0
VERTEX
  5
FC6
  8
CUT
 10
1569.5992757507256
 20
50.444256785445106
 30
0.0
 70
0
  0
VERTEX
  5
FC7
  8
CUT
 10
1570.2725345463807
 20
50.565726036631524
 30
0.0
 70
0
  0
VERTEX
  5
FC8
  8
CUT
 10
1570.904587121992
 20
50.82753078558269
 30
0.0
 70
0
  0
VERTEX
  5
FC9
  8
CUT
 10
1571.4665447131129
 20
51.217704914264274
 30
0.0
 70
0
  0
VERTEX
  5
FCA
  8
CUT
 10
1571.932722335446
 20
51.71841501936157
 30
0.0
 70
0
  0
VERTEX
  5
FCB
  8
CUT
 10
1572.2818127496225
 20
52.30677551059183
 30
0.0
 70
0
  0
VERTEX
  5
FCC
  8
CUT
 10
1572.4978603355958
 20
52.955894625628325
 30
0.0
 70
0
  0
VERTEX
  5
FCD
  8
CUT
 10
1572.570990364488
 20
53.63610355219774
 30
0.0
 70
0
  0
SEQEND
  5
F71
  8
CUT
  0
POLYLINE
  5
FCE
  8
CUT
 66
1
 10
0.0
 20
0.0
 30
0.0
 70
1
  0
VERTEX
  5
FD0
  8
CUT
 10
1585.170990364488
 20
183.1058771767782
 30
0.0
 70
0
  0
VERTEX
  5
FD1
  8
CUT
 10
1585.2441203933804
 20
182.42566825020867
 30
0.0
 70
0
  0
VERTEX
  5
FD2
  8
CUT
 10
1585.4601679793536
 20
181.77654913517213
 30
0.0
 70
0
  0
VERTEX
  5
FD3
  8
CUT
 10
1585.8092583935302
 20
181.18818864394186
 30
0.0
 70
0
  0
VERTEX
  5
FD4
  8
CUT
 10
1586.275436015863
 20
180.68747853884454
 30
0.0
 70
0
  0
VERTEX
  5
FD5
  8
CUT
 10
1586.8373936069838
 20
180.29730441016292
 30
0.0
 70
0
  0
VERTEX
  5
FD6
  8
CUT
 10
1587.4694461825954
 20
180.03549966121176
 30
0.0
 70
0
  0
VERTEX
  5
FD7
  8
CUT
 10
1588.1427049782505
 20
179.91403041002533
 30
0.0
 70
0
  0
VERTEX
  5
FD8
  8
CUT
 10
1588.8263978469627
 20
179.93844856275913
 30
0.0
 70
0
  0
VERTEX
  5
FD9
  8
CUT
 10
1589.4892757392051
 20
180.10763805677888
 30
0.0
 70
0
  0
VERTEX
  5
FDA
  8
CUT
 10
1590.101040980346
 20
180.41386587171834
 30
0.0
 70
0
  0
VERTEX
  5
FDB
  8
CUT
 10
1590.6337320642851
 20
180.84313547698116
 30
0.0
 70
0
  0
VERTEX
  5
FDC
  8
CUT
 10
1591.063001669548
 20
181.37582656092022
 30
0.0
 70
0
  0
VERTEX
  5
FDD
  8
CUT
 10
1591.3692294844873
 20
181.98759180206102
 30
0.0
 70
0
  0
VERTEX
  5
FDE
  8
CUT
 10
1591.538418978507
 20
182.6504696943036
 30
0.0
 70
0
  0
VERTEX
  5
FDF
  8
CUT
 10
1591.562837131241
 20
183.3341625630157
 30
0.0
 70
0
  0
VERTEX
  5
FE0
  8
CUT
 10
1591.4413678800545
 20
184.0074213586707
 30
0.0
 70
0
  0
VERTEX
  5
FE1
  8
CUT
 10
1591.1795631311034
 20
184.63947393428234
 30
0.0
 70
0
  0
VERTEX
  5
FE2
  8
CUT
 10
1590.7893890024218
 20
185.20143152540308
 30
0.0
 70
0
  0
VERTEX
  5
FE3
  8
CUT
 10
1590.2886788973244
 20
185.66760914773613
 30
0.0
 70
0
  0
VERTEX
  5
FE4
  8
CUT
 10
1589.700318406094
 20
186.01669956191265
 30
0.0
 70
0
  0
VERTEX
  5
FE5
  8
CUT
 10
1589.0511992910576
 20
186.2327471478859
 30
0.0
 70
0
  0
VERTEX
  5
FE6
  8
CUT
 10
1588.370990364488
 20
186.3058771767782
 30
0.0
 70
0
  0
VERTEX
  5
FE7
  8
CUT
 10
1588.370990364488
 20
220.90587717677818
 30
0.0
 70
0
  0
VERTEX
  5
FE8
  8
CUT
 10
1589.0511992910576
 20
220.97900720567048
 30
0.0
 70
0
  0
VERTEX
  5
FE9
  8
CUT
 10
1589.700318406094
 20
221.19505479164374
 30
0.0
 70
0
  0
VERTEX
  5
FEA
  8
CUT
 10
1590.2886788973244
 20
221.54414520582026
 30
0.0
 70
0
  0
VERTEX
  5
FEB
  8
CUT
 10
1590.7893890024218
 20
222.01032282815328
 30
0.0
 70
0
  0
VERTEX
  5
FEC
  8
CUT
 10
1591.1795631311034
 20
222.57228041927402
 30
0.0
 70
0
  0
VERTEX
  5
FED
  8
CUT
 10
1591.4413678800545
 20
223.20433299488565
 30
0.0
 70
0
  0
VERTEX
  5
FEE
  8
CUT
 10
1591.562837131241
 20
223.87759179054066
 30
0.0
 70
0
  0
VERTEX
  5
FEF
  8
CUT
 10
1591.538418978507
 20
224.56128465925275
 30
0.0
 70
0
  0
VERTEX
  5
FF0
  8
CUT
 10
1591.3692294844873
 20
225.22416255149534
 30
0.0
 70
0
  0
VERTEX
  5
FF1
  8
CUT
 10
1591.063001669548
 20
225.83592779263614
 30
0.0
 70
0
  0
VERTEX
  5
FF2
  8
CUT
 10
1590.6337320642851
 20
226.3686188765752
 30
0.0
 70
0
  0
VERTEX
  5
FF3
  8
CUT
 10
1590.101040980346
 20
226.79788848183802
 30
0.0
 70
0
  0
VERTEX
  5
FF4
  8
CUT
 10
1589.4892757392051
 20
227.10411629677748
 30
0.0
 70
0
  0
VERTEX
  5
FF5
  8
CUT
 10
1588.8263978469627
 20
227.27330579079722
 30
0.0
 70
0
  0
VERTEX
  5
FF6
  8
CUT
 10
1588.1427049782505
 20
227.29772394353105
 30
0.0
 70
0
  0
VERTEX
  5
FF7
  8
CUT
 10
1587.4694461825954
 20
227.17625469234466
 30
0.0
 70
0
  0
VERTEX
  5
FF8
  8
CUT
 10
1586.8373936069838
 20
226.91444994339346
 30
0.0
 70
0
  0
VERTEX
  5
FF9
  8
CUT
 10
1586.275436015863
 20
226.52427581471187
 30
0.0
 70
0
  0
VERTEX
  5
FFA
  8
CUT
 10
1585.8092583935302
 20
226.02356570961456
 30
0.0
 70
0
  0
VERTEX
  5
FFB
  8
CUT
 10
1585.4601679793536
 20
225.43520521838428
 30
0.0
 70
0
  0
VERTEX
  5
FFC
  8
CUT
 10
1585.2441203933804
 20
224.78608610334774
 30
0.0
 70
0
  0
VERTEX
  5
FFD
  8
CUT
 10
1585.170990364488
 20
224.1058771767782
 30
0.0
 70
0
  0
VERTEX
  5
FFE
  8
CUT
 10
1572.570990364488
 20
224.1058771767782
 30
0.0
 70
0
  0
VERTEX
  5
FFF
  8
CUT
 10
1572.4978603355958
 20
224.78608610334769
 30
0.0
 70
0
  0
VERTEX
  5
1000
  8
CUT
 10
1572.2818127496225
 20
225.4352052183842
 30
0.0
 70
0
  0
VERTEX
  5
1001
  8
CUT
 10
1571.932722335446
 20
226.02356570961445
 30
0.0
 70
0
  0
VERTEX
  5
1002
  8
CUT
 10
1571.4665447131129
 20
226.52427581471173
 30
0.0
 70
0
  0
VERTEX
  5
1003
  8
CUT
 10
1570.904587121992
 20
226.9144499433933
 30
0.0
 70
0
  0
VERTEX
  5
1004
  8
CUT
 10
1570.2725345463805
 20
227.17625469234446
 30
0.0
 70
0
  0
VERTEX
  5
1005
  8
CUT
 10
1569.5992757507256
 20
227.29772394353085
 30
0.0
 70
0
  0
VERTEX
  5
1006
  8
CUT
 10
1568.9155828820135
 20
227.273305790797
 30
0.0
 70
0
  0
VERTEX
  5
1007
  8
CUT
 10
1568.252704989771
 20
227.10411629677725
 30
0.0
 70
0
  0
VERTEX
  5
1008
  8
CUT
 10
1567.6409397486302
 20
226.79788848183776
 30
0.0
 70
0
  0
VERTEX
  5
1009
  8
CUT
 10
1567.108248664691
 20
226.36861887657494
 30
0.0
 70
0
  0
VERTEX
  5
100A
  8
CUT
 10
1566.6789790594282
 20
225.8359277926359
 30
0.0
 70
0
  0
VERTEX
  5
100B
  8
CUT
 10
1566.3727512444889
 20
225.2241625514951
 30
0.0
 70
0
  0
VERTEX
  5
100C
  8
CUT
 10
1566.2035617504691
 20
224.56128465925252
 30
0.0
 70
0
  0
VERTEX
  5
100D
  8
CUT
 10
1566.1791435977354
 20
223.8775917905405
 30
0.0
 70
0
  0
VERTEX
  5
100E
  8
CUT
 10
1566.300612848922
 20
223.20433299488548
 30
0.0
 70
0
  0
VERTEX
  5
100F
  8
CUT
 10
1566.562417597873
 20
222.57228041927388
 30
0.0
 70
0
  0
VERTEX
  5
1010
  8
CUT
 10
1566.9525917265546
 20
222.0103228281532
 30
0.0
 70
0
  0
VERTEX
  5
1011
  8
CUT
 10
1567.453301831652
 20
221.54414520582017
 30
0.0
 70
0
  0
VERTEX
  5
1012
  8
CUT
 10
1568.041662322882
 20
221.19505479164368
 30
0.0
 70
0
  0
VERTEX
  5
1013
  8
CUT
 10
1568.6907814379188
 20
220.97900720567046
 30
0.0
 70
0
  0
VERTEX
  5
1014
  8
CUT
 10
1569.370990364488
 20
220.90587717677818
 30
0.0
 70
0
  0
VERTEX
  5
1015
  8
CUT
 10
1569.370990364488
 20
186.3058771767782
 30
0.0
 70
0
  0
VERTEX
  5
1016
  8
CUT
 10
1568.6907814379185
 20
186.2327471478859
 30
0.0
 70
0
  0
VERTEX
  5
1017
  8
CUT
 10
1568.041662322882
 20
186.01669956191267
 30
0.0
 70
0
  0
VERTEX
  5
1018
  8
CUT
 10
1567.4533018316517
 20
185.66760914773616
 30
0.0
 70
0
  0
VERTEX
  5
1019
  8
CUT
 10
1566.9525917265546
 20
185.20143152540314
 30
0.0
 70
0
  0
VERTEX
  5
101A
  8
CUT
 10
1566.562417597873
 20
184.63947393428242
 30
0.0
 70
0
  0
VERTEX
  5
101B
  8
CUT
 10
1566.3006128489217
 20
184.00742135867083
 30
0.0
 70
0
  0
VERTEX
  5
101C
  8
CUT
 10
1566.1791435977354
 20
183.3341625630158
 30
0.0
 70
0
  0
VERTEX
  5
101D
  8
CUT
 10
1566.2035617504691
 20
182.65046969430378
 30
0.0
 70
0
  0
VERTEX
  5
101E
  8
CUT
 10
1566.3727512444889
 20
181.9875918020612
 30
0.0
 70
0
  0
VERTEX
  5
101F
  8
CUT
 10
1566.6789790594285
 20
181.37582656092042
 30
0.0
 70
0
  0
VERTEX
  5
1020
  8
CUT
 10
1567.1082486646912
 20
180.8431354769814
 30
0.0
 70
0
  0
VERTEX
  5
1021
  8
CUT
 10
1567.6409397486302
 20
180.41386587171857
 30
0.0
 70
0
  0
VERTEX
  5
1022
  8
CUT
 10
1568.252704989771
 20
180.1076380567791
 30
0.0
 70
0
  0
VERTEX
  5
1023
  8
CUT
 10
1568.9155828820135
 20
179.93844856275936
 30
0.0
 70
0
  0
VERTEX
  5
1024
  8
CUT
 10
1569.5992757507256
 20
179.91403041002556
 30
0.0
 70
0
  0
VERTEX
  5
1025
  8
CUT
 10
1570.2725345463807
 20
180.03549966121196
 30
0.0
 70
0
  0
VERTEX
  5
1026
  8
CUT
 10
1570.904587121992
 20
180.29730441016312
 30
0.0
 70
0
  0
VERTEX
  5
1027
  8
CUT
 10
1571.4665447131129
 20
180.68747853884472
 30
0.0
 70
0
  0
VERTEX
  5
1028
  8
CUT
 10
1571.932722335446
 20
181.18818864394203
 30
0.0
 70
0
  0
VERTEX
  5
1029
  8
CUT
 10
1572.2818127496225
 20
181.77654913517227
 30
0.0
 70
0
  0
VERTEX
  5
102A
  8
CUT
 10
1572.4978603355958
 20
182.42566825020876
 30
0.0
 70
0
  0
VERTEX
  5
102B
  8
CUT
 10
1572.570990364488
 20
183.1058771767782
 30
0.0
 70
0
  0
SEQEND
  5
FCF
  8
CUT
  0
POLYLINE
  5
102C
  8
CUT
 66
1
 10
0.0
 20
0.0
 30
0.0
 70
1
  0
VERTEX
  5
102E
  8
CUT
 10
1747.741980728976
 20
706.870990364488
 30
0.0
 70
0
  0
VERTEX
  5
102F
  8
CUT
 10
1747.6631843731031
 20
711.2347248061384
 30
0.0
 70
0
  0
VERTEX
  5
1030
  8
CUT
 10
1747.4268980408997
 20
715.5927697705873
 30
0.0
 70
0
  0
VERTEX
  5
1031
  8
CUT
 10
1747.0334298046644
 20
719.9394431986261
 30
0.0
 70
0
  0
VERTEX
  5
1032
  8
CUT
 10
1746.4832926719118
 20
724.2690778573602
 30
0.0
 70
0
  0
VERTEX
  5
1033
  8
CUT
 10
1745.777203916508
 20
728.5760287291995
 30
0.0
 70
0
  0
VERTEX
  5
1034
  8
CUT
 10
1744.9160841434827
 20
732.8546803718843
 30
0.0
 70
0
  0
VERTEX
  5
1035
  8
CUT
 10
1743.9010560887368
 20
737.0994542399512
 30
0.0
 70
0
  0
VERTEX
  5
1036
  8
CUT
 10
1742.7334431552065
 20
741.3048159580912
 30
0.0
 70
0
  0
VERTEX
  5
1037
  8
CUT
 10
1741.414767687401
 20
745.4652825369203
 30
0.0
 70
0
  0
VERTEX
  5
1038
  8
CUT
 10
1739.9467489865544
 20
749.5754295217505
 30
0.0
 70
0
  0
VERTEX
  5
1039
  8
CUT
 10
1738.3313010689847
 20
753.629898065045
 30
0.0
 70
0
  0
VERTEX
  5
103A
  8
CUT
 10
1736.5705301705825
 20
757.6234019133323
 30
0.0
 70
0
  0
VERTEX
  5
103B
  8
CUT
 10
1734.6667320006804
 20
761.550734299472
 30
0.0
 70
0
  0
VERTEX
  5
103C
  8
CUT
 10
1732.6223887488866
 20
765.4067747312868
 30
0.0
 70
0
  0
VERTEX
  5
103D
  8
CUT
 10
1730.4401658487832
 20
769.1864956677064
 30
0.0
 70
0
  0
VERTEX
  5
103E
  8
CUT
 10
1728.1229085027085
 20
772.8849690737225
 30
0.0
 70
0
  0
VERTEX
  5
103F
  8
CUT
 10
1725.6736379721572
 20
776.4973728456058
 30
0.0
 70
0
  0
VERTEX
  5
1040
  8
CUT
 10
1723.0955476386307
 20
780.0189970980101
 30
0.0
 70
0
  0
VERTEX
  5
1041
  8
CUT
 10
1720.3919988400776
 20
783.4452503047634
 30
0.0
 70
0
  0
VERTEX
  5
1042
  8
CUT
 10
1717.5665164883499
 20
786.7716652853424
 30
0.0
 70
0
  0
VERTEX
  5
1043
  8
CUT
 10
1714.6227844733905
 20
789.9939050292237
 30
0.0
 70
0
  0
VERTEX
  5
1044
  8
CUT
 10
1711.5646408601438
 20
793.1077683505182
 30
0.0
 70
0
  0
VERTEX
  5
1045
  8
CUT
 10
1708.3960728844506
 20
796.1091953655156
 30
0.0
 70
0
  0
VERTEX
  5
1046
  8
CUT
 10
1705.121211754454
 20
798.9942727859989
 30
0.0
 70
0
  0
VERTEX
  5
1047
  8
CUT
 10
1701.7443272642915
 20
801.7592390214247
 30
0.0
 70
0
  0
VERTEX
  5
1048
  8
CUT
 10
1698.2698222270988
 20
804.4004890833207
 30
0.0
 70
0
  0
VERTEX
  5
1049
  8
CUT
 10
1694.7022267345799
 20
806.9145792855022
 30
0.0
 70
0
  0
VERTEX
  5
104A
  8
CUT
 10
1691.046192250634
 20
809.2982317339819
 30
0.0
 70
0
  0
VERTEX
  5
104B
  8
CUT
 10
1687.3064855467321
 20
811.5483386007187
 30
0.0
 70
0
  0
VERTEX
  5
104C
  8
CUT
 10
1683.4879824869572
 20
813.6619661756323
 30
0.0
 70
0
  0
VERTEX
  5
104D
  8
CUT
 10
1679.5956616708079
 20
815.6363586916016
 30
0.0
 70
0
  0
VERTEX
  5
104E
  8
CUT
 10
1675.634597942054
 20
817.4689419174589
 30
0.0
 70
0
  0
VERTEX
  5
104F
  8
CUT
 10
1671.6099557721082
 20
819.157326514297
 30
0.0
 70
0
  0
VERTEX
  5
1050
  8
CUT
 10
1667.526982526542
 20
820.6993111507104
 30
0.0
 70
0
  0
VERTEX
  5
1051
  8
CUT
 10
1663.3910016235202
 20
822.0928853729121
 30
0.0
 70
0
  0
VERTEX
  5
1052
  8
CUT
 10
1659.207405593081
 20
823.3362322259815
 30
0.0
 70
0
  0
VERTEX
  5
1053
  8
CUT
 10
1654.981649046304
 20
824.427730622827
 30
0.0
 70
0
  0
VERTEX
  5
1054
  8
CUT
 10
1650.7192415635393
 20
825.3659574577747
 30
0.0
 70
0
  0
VERTEX
  5
1055
  8
CUT
 10
1646.425740510965
 20
826.1496894620259
 30
0.0
 70
0
  0
VERTEX
  5
1056
  8
CUT
 10
1642.1067437948423
 20
826.7779047985672
 30
0.0
 70
0
  0
VERTEX
  5
1057
  8
CUT
 10
1637.7678825629134
 20
827.2497843944501
 30
0.0
 70
0
  0
VERTEX
  5
1058
  8
CUT
 10
1633.41481386246
 20
827.5647130087065
 30
0.0
 70
0
  0
VERTEX
  5
1059
  8
CUT
 10
1629.0532132645917
 20
827.7222800345052
 30
0.0
 70
0
  0
VERTEX
  5
105A
  8
CUT
 10
1624.6887674643847
 20
827.7222800345052
 30
0.0
 70
0
  0
VERTEX
  5
105B
  8
CUT
 10
1620.327166866516
 20
827.5647130087065
 30
0.0
 70
0
  0
VERTEX
  5
105C
  8
CUT
 10
1615.9740981660627
 20
827.2497843944501
 30
0.0
 70
0
  0
VERTEX
  5
105D
  8
CUT
 10
1611.635236934134
 20
826.7779047985672
 30
0.0
 70
0
  0
VERTEX
  5
105E
  8
CUT
 10
1607.3162402180112
 20
826.1496894620259
 30
0.0
 70
0
  0
VERTEX
  5
105F
  8
CUT
 10
1603.0227391654369
 20
825.3659574577747
 30
0.0
 70
0
  0
VERTEX
  5
1060
  8
CUT
 10
1598.7603316826721
 20
824.427730622827
 30
0.0
 70
0
  0
VERTEX
  5
1061
  8
CUT
 10
1594.5345751358952
 20
823.3362322259815
 30
0.0
 70
0
  0
VERTEX
  5
1062
  8
CUT
 10
1590.3509791054557
 20
822.0928853729121
 30
0.0
 70
0
  0
VERTEX
  5
1063
  8
CUT
 10
1586.2149982024341
 20
820.6993111507104
 30
0.0
 70
0
  0
VERTEX
  5
1064
  8
CUT
 10
1582.132024956868
 20
819.157326514297
 30
0.0
 70
0
  0
VERTEX
  5
1065
  8
CUT
 10
1578.1073827869222
 20
817.4689419174589
 30
0.0
 70
0
  0
VERTEX
  5
1066
  8
CUT
 10
1574.1463190581683
 20
815.6363586916016
 30
0.0
 70
0
  0
VERTEX
  5
1067
  8
CUT
 10
1570.253998242019
 20
813.6619661756323
 30
0.0
 70
0
  0
VERTEX
  5
1068
  8
CUT
 10
1566.435495182244
 20
811.5483386007186
 30
0.0
 70
0
  0
VERTEX
  5
1069
  8
CUT
 10
1562.6957884783421
 20
809.2982317339819
 30
0.0
 70
0
  0
VERTEX
  5
106A
  8
CUT
 10
1559.0397539943963
 20
806.9145792855022
 30
0.0
 70
0
  0
VERTEX
  5
106B
  8
CUT
 10
1555.4721585018776
 20
804.4004890833207
 30
0.0
 70
0
  0
VERTEX
  5
106C
  8
CUT
 10
1551.9976534646846
 20
801.7592390214247
 30
0.0
 70
0
  0
VERTEX
  5
106D
  8
CUT
 10
1548.6207689745222
 20
798.9942727859989
 30
0.0
 70
0
  0
VERTEX
  5
106E
  8
CUT
 10
1545.3459078445255
 20
796.1091953655157
 30
0.0
 70
0
  0
VERTEX
  5
106F
  8
CUT
 10
1542.1773398688324
 20
793.1077683505182
 30
0.0
 70
0
  0
VERTEX
  5
1070
  8
CUT
 10
1539.1191962555856
 20
789.9939050292237
 30
0.0
 70
0
  0
VERTEX
  5
1071
  8
CUT
 10
1536.1754642406263
 20
786.7716652853424
 30
0.0
 70
0
  0
VERTEX
  5
1072
  8
CUT
 10
1533.3499818888986
 20
783.4452503047634
 30
0.0
 70
0
  0
VERTEX
  5
1073
  8
CUT
 10
1530.6464330903455
 20
780.0189970980101
 30
0.0
 70
0
  0
VERTEX
  5
1074
  8
CUT
 10
1528.068342756819
 20
776.4973728456058
 30
0.0
 70
0
  0
VERTEX
  5
1075
  8
CUT
 10
1525.6190722262677
 20
772.8849690737225
 30
0.0
 70
0
  0
VERTEX
  5
1076
  8
CUT
 10
1523.301814880193
 20
769.1864956677064
 30
0.0
 70
0
  0
VERTEX
  5
1077
  8
CUT
 10
1521.1195919800896
 20
765.4067747312868
 30
0.0
 70
0
  0
VERTEX
  5
1078
  8
CUT
 10
1519.0752487282957
 20
761.550734299472
 30
0.0
 70
0
  0
VERTEX
  5
1079
  8
CUT
 10
1517.1714505583936
 20
757.6234019133323
 30
0.0
 70
0
  0
VERTEX
  5
107A
  8
CUT
 10
1515.4106796599915
 20
753.629898065045
 30
0.0
 70
0
  0
VERTEX
  5
107B
  8
CUT
 10
1513.7952317424217
 20
749.5754295217505
 30
0.0
 70
0
  0
VERTEX
  5
107C
  8
CUT
 10
1512.327213041575
 20
745.4652825369203
 30
0.0
 70
0
  0
VERTEX
  5
107D
  8
CUT
 10
1511.0085375737697
 20
741.3048159580912
 30
0.0
 70
0
  0
VERTEX
  5
107E
  8
CUT
 10
1509.8409246402393
 20
737.0994542399512
 30
0.0
 70
0
  0
VERTEX
  5
107F
  8
CUT
 10
1508.8258965854934
 20
732.8546803718845
 30
0.0
 70
0
  0
VERTEX
  5
1080
  8
CUT
 10
1507.9647768124682
 20
728.5760287291995
 30
0.0
 70
0
  0
VERTEX
  5
1081
  8
CUT
 10
1507.2586880570643
 20
724.2690778573602
 30
0.0
 70
0
  0
VERTEX
  5
1082
  8
CUT
 10
1506.7085509243118
 20
719.9394431986261
 30
0.0
 70
0
  0
VERTEX
  5
1083
  8
CUT
 10
1506.3150826880765
 20
715.5927697705873
 30
0.0
 70
0
  0
VERTEX
  5
1084
  8
CUT
 10
1506.078796355873
 20
711.2347248061384
 30
0.0
 70
0
  0
VERTEX
  5
1085
  8
CUT
 10
1506.0
 20
706.870990364488
 30
0.0
 70
0
  0
VERTEX
  5
1086
  8
CUT
 10
1506.078796355873
 20
702.5072559228375
 30
0.0
 70
0
  0
VERTEX
  5
1087
  8
CUT
 10
1506.3150826880765
 20
698.1492109583886
 30
0.0
 70
0
  0
VERTEX
  5
1088
  8
CUT
 10
1506.7085509243118
 20
693.8025375303498
 30
0.0
 70
0
  0
VERTEX
  5
1089
  8
CUT
 10
1507.2586880570643
 20
689.4729028716157
 30
0.0
 70
0
  0
VERTEX
  5
108A
  8
CUT
 10
1507.9647768124682
 20
685.1659519997764
 30
0.0
 70
0
  0
VERTEX
  5
108B
  8
CUT
 10
1508.8258965854934
 20
680.8873003570916
 30
0.0
 70
0
  0
VERTEX
  5
108C
  8
CUT
 10
1509.8409246402393
 20
676.6425264890247
 30
0.0
 70
0
  0
VERTEX
  5
108D
  8
CUT
 10
1511.0085375737697
 20
672.4371647708847
 30
0.0
 70
0
  0
VERTEX
  5
108E
  8
CUT
 10
1512.327213041575
 20
668.2766981920556
 30
0.0
 70
0
  0
VERTEX
  5
108F
  8
CUT
 10
1513.7952317424217
 20
664.1665512072254
 30
0.0
 70
0
  0
VERTEX
  5
1090
  8
CUT
 10
1515.4106796599915
 20
660.1120826639309
 30
0.0
 70
0
  0
VERTEX
  5
1091
  8
CUT
 10
1517.1714505583936
 20
656.1185788156437
 30
0.0
 70
0
  0
VERTEX
  5
1092
  8
CUT
 10
1519.0752487282957
 20
652.191246429504
 30
0.0
 70
0
  0
VERTEX
  5
1093
  8
CUT
 10
1521.1195919800896
 20
648.3352059976892
 30
0.0
 70
0
  0
VERTEX
  5
1094
  8
CUT
 10
1523.301814880193
 20
644.5554850612696
 30
0.0
 70
0
  0
VERTEX
  5
1095
  8
CUT
 10
1525.6190722262677
 20
640.8570116552535
 30
0.0
 70
0
  0
VERTEX
  5
1096
  8
CUT
 10
1528.068342756819
 20
637.2446078833701
 30
0.0
 70
0
  0
VERTEX
  5
1097
  8
CUT
 10
1530.6464330903455
 20
633.7229836309658
 30
0.0
 70
0
  0
VERTEX
  5
1098
  8
CUT
 10
1533.3499818888986
 20
630.2967304242126
 30
0.0
 70
0
  0
VERTEX
  5
1099
  8
CUT
 10
1536.1754642406263
 20
626.9703154436336
 30
0.0
 70
0
  0
VERTEX
  5
109A
  8
CUT
 10
1539.1191962555856
 20
623.7480756997522
 30
0.0
 70
0
  0
VERTEX
  5
109B
  8
CUT
 10
1542.1773398688324
 20
620.6342123784578
 30
0.0
 70
0
  0
VERTEX
  5
109C
  8
CUT
 10
1545.3459078445255
 20
617.6327853634604
 30
0.0
 70
0
  0
VERTEX
  5
109D
  8
CUT
 10
1548.6207689745222
 20
614.7477079429771
 30
0.0
 70
0
  0
VERTEX
  5
109E
  8
CUT
 10
1551.9976534646846
 20
611.9827417075512
 30
0.0
 70
0
  0
VERTEX
  5
109F
  8
CUT
 10
1555.4721585018774
 20
609.3414916456552
 30
0.0
 70
0
  0
VERTEX
  5
10A0
  8
CUT
 10
1559.0397539943963
 20
606.8274014434737
 30
0.0
 70
0
  0
VERTEX
  5
10A1
  8
CUT
 10
1562.6957884783421
 20
604.443748994994
 30
0.0
 70
0
  0
VERTEX
  5
10A2
  8
CUT
 10
1566.435495182244
 20
602.1936421282572
 30
0.0
 70
0
  0
VERTEX
  5
10A3
  8
CUT
 10
1570.253998242019
 20
600.0800145533437
 30
0.0
 70
0
  0
VERTEX
  5
10A4
  8
CUT
 10
1574.1463190581683
 20
598.1056220373744
 30
0.0
 70
0
  0
VERTEX
  5
10A5
  8
CUT
 10
1578.1073827869222
 20
596.273038811517
 30
0.0
 70
0
  0
VERTEX
  5
10A6
  8
CUT
 10
1582.132024956868
 20
594.584654214679
 30
0.0
 70
0
  0
VERTEX
  5
10A7
  8
CUT
 10
1586.2149982024341
 20
593.0426695782655
 30
0.0
 70
0
  0
VERTEX
  5
10A8
  8
CUT
 10
1590.3509791054557
 20
591.6490953560639
 30
0.0
 70
0
  0
VERTEX
  5
10A9
  8
CUT
 10
1594.5345751358952
 20
590.4057485029945
 30
0.0
 70
0
  0
VERTEX
  5
10AA
  8
CUT
 10
1598.7603316826721
 20
589.314250106149
 30
0.0
 70
0
  0
VERTEX
  5
10AB
  8
CUT
 10
1603.0227391654369
 20
588.3760232712012
 30
0.0
 70
0
  0
VERTEX
  5
10AC
  8
CUT
 10
1607.3162402180112
 20
587.59229126695
 30
0.0
 70
0
  0
VERTEX
  5
10AD
  8
CUT
 10
1611.635236934134
 20
586.9640759304087
 30
0.0
 70
0
  0
VERTEX
  5
10AE
  8
CUT
 10
1615.9740981660627
 20
586.4921963345258
 30
0.0
 70
0
  0
VERTEX
  5
10AF
  8
CUT
 10
1620.327166866516
 20
586.1772677202695
 30
0.0
 70
0
  0
VERTEX
  5
10B0
  8
CUT
 10
1624.6887674643847
 20
586.0197006944708
 30
0.0
 70
0
  0
VERTEX
  5
10B1
  8
CUT
 10
1629.0532132645915
 20
586.0197006944708
 30
0.0
 70
0
  0
VERTEX
  5
10B2
  8
CUT
 10
1633.41481386246
 20
586.1772677202695
 30
0.0
 70
0
  0
VERTEX
  5
10B3
  8
CUT
 10
1637.7678825629134
 20
586.4921963345258
 30
0.0
 70
0
  0
VERTEX
  5
10B4
  8
CUT
 10
1642.106743794842
 20
586.9640759304087
 30
0.0
 70
0
  0
VERTEX
  5
10B5
  8
CUT
 10
1646.425740510965
 20
587.59229126695
 30
0.0
 70
0
  0
VERTEX
  5
10B6
  8
CUT
 10
1650.7192415635393
 20
588.3760232712012
 30
0.0
 70
0
  0
VERTEX
  5
10B7
  8
CUT
 10
1654.981649046304
 20
589.314250106149
 30
0.0
 70
0
  0
VERTEX
  5
10B8
  8
CUT
 10
1659.207405593081
 20
590.4057485029945
 30
0.0
 70
0
  0
VERTEX
  5
10B9
  8
CUT
 10
1663.3910016235202
 20
591.6490953560639
 30
0.0
 70
0
  0
VERTEX
  5
10BA
  8
CUT
 10
1667.526982526542
 20
593.0426695782655
 30
0.0
 70
0
  0
VERTEX
  5
10BB
  8
CUT
 10
1671.6099557721082
 20
594.584654214679
 30
0.0
 70
0
  0
VERTEX
  5
10BC
  8
CUT
 10
1675.634597942054
 20
596.2730388115169
 30
0.0
 70
0
  0
VERTEX
  5
10BD
  8
CUT
 10
1679.5956616708079
 20
598.1056220373744
 30
0.0
 70
0
  0
VERTEX
  5
10BE
  8
CUT
 10
1683.4879824869572
 20
600.0800145533436
 30
0.0
 70
0
  0
VERTEX
  5
10BF
  8
CUT
 10
1687.3064855467321
 20
602.1936421282574
 30
0.0
 70
0
  0
VERTEX
  5
10C0
  8
CUT
 10
1691.046192250634
 20
604.443748994994
 30
0.0
 70
0
  0
VERTEX
  5
10C1
  8
CUT
 10
1694.7022267345799
 20
606.8274014434737
 30
0.0
 70
0
  0
VERTEX
  5
10C2
  8
CUT
 10
1698.2698222270985
 20
609.3414916456552
 30
0.0
 70
0
  0
VERTEX
  5
10C3
  8
CUT
 10
1701.7443272642915
 20
611.9827417075511
 30
0.0
 70
0
  0
VERTEX
  5
10C4
  8
CUT
 10
1705.121211754454
 20
614.7477079429771
 30
0.0
 70
0
  0
VERTEX
  5
10C5
  8
CUT
 10
1708.3960728844506
 20
617.6327853634604
 30
0.0
 70
0
  0
VERTEX
  5
10C6
  8
CUT
 10
1711.5646408601438
 20
620.6342123784577
 30
0.0
 70
0
  0
VERTEX
  5
10C7
  8
CUT
 10
1714.6227844733905
 20
623.7480756997522
 30
0.0
 70
0
  0
VERTEX
  5
10C8
  8
CUT
 10
1717.5665164883499
 20
626.9703154436336
 30
0.0
 70
0
  0
VERTEX
  5
10C9
  8
CUT
 10
1720.3919988400776
 20
630.2967304242125
 30
0.0
 70
0
  0
VERTEX
  5
10CA
  8
CUT
 10
1723.0955476386307
 20
633.7229836309658
 30
0.0
 70
0
  0
VERTEX
  5
10CB
  8
CUT
 10
1725.6736379721572
 20
637.24460788337
 30
0.0
 70
0
  0
VERTEX
  5
10CC
  8
CUT
 10
1728.1229085027085
 20
640.8570116552535
 30
0.0
 70
0
  0
VERTEX
  5
10CD
  8
CUT
 10
1730.4401658487832
 20
644.5554850612696
 30
0.0
 70
0
  0
VERTEX
  5
10CE
  8
CUT
 10
1732.6223887488866
 20
648.3352059976892
 30
0.0
 70
0
  0
VERTEX
  5
10CF
  8
CUT
 10
1734.6667320006804
 20
652.191246429504
 30
0.0
 70
0
  0
VERTEX
  5
10D0
  8
CUT
 10
1736.5705301705825
 20
656.1185788156437
 30
0.0
 70
0
  0
VERTEX
  5
10D1
  8
CUT
 10
1738.3313010689847
 20
660.1120826639308
 30
0.0
 70
0
  0
VERTEX
  5
10D2
  8
CUT
 10
1739.9467489865544
 20
664.1665512072253
 30
0.0
 70
0
  0
VERTEX
  5
10D3
  8
CUT
 10
1741.414767687401
 20
668.2766981920556
 30
0.0
 70
0
  0
VERTEX
  5
10D4
  8
CUT
 10
1742.7334431552065
 20
672.4371647708847
 30
0.0
 70
0
  0
VERTEX
  5
10D5
  8
CUT
 10
1743.9010560887368
 20
676.6425264890247
 30
0.0
 70
0
  0
VERTEX
  5
10D6
  8
CUT
 10
1744.9160841434827
 20
680.8873003570915
 30
0.0
 70
0
  0
VERTEX
  5
10D7
  8
CUT
 10
1745.777203916508
 20
685.1659519997763
 30
0.0
 70
0
  0
VERTEX
  5
10D8
  8
CUT
 10
1746.4832926719118
 20
689.4729028716157
 30
0.0
 70
0
  0
VERTEX
  5
10D9
  8
CUT
 10
1747.0334298046644
 20
693.8025375303497
 30
0.0
 70
0
  0
VERTEX
  5
10DA
  8
CUT
 10
1747.4268980408997
 20
698.1492109583886
 30
0.0
 70
0
  0
VERTEX
  5
10DB
  8
CUT
 10
1747.6631843731031
 20
702.5072559228375
 30
0.0
 70
0
  0
SEQEND
  5
102D
  8
CUT
  0
POLYLINE
  5
10DC
  8
CUT
 66
1
 10
0.0
 20
0.0
 30
0.0
 70
1
  0
VERTEX
  5
10DE
  8
CUT
 10
1541.6361035521977
 20
700.570990364488
 30
0.0
 70
0
  0
VERTEX
  5
10DF
  8
CUT
 10
1540.9558946256282
 20
700.4978603355958
 30
0.0
 70
0
  0
VERTEX
  5
10E0
  8
CUT
 10
1540.3067755105917
 20
700.2818127496224
 30
0.0
 70
0
  0
VERTEX
  5
10E1
  8
CUT
 10
1539.7184150193614
 20
699.932722335446
 30
0.0
 70
0
  0
VERTEX
  5
10E2
  8
CUT
 10
1539.217704914264
 20
699.4665447131129
 30
0.0
 70
0
  0
VERTEX
  5
10E3
  8
CUT
 10
1538.8275307855824
 20
698.9045871219922
 30
0.0
 70
0
  0
VERTEX
  5
10E4
  8
CUT
 10
1538.5657260366313
 20
698.2725345463806
 30
0.0
 70
0
  0
VERTEX
  5
10E5
  8
CUT
 10
1538.4442567854448
 20
697.5992757507255
 30
0.0
 70
0
  0
VERTEX
  5
10E6
  8
CUT
 10
1538.4686749381788
 20
696.9155828820135
 30
0.0
 70
0
  0
VERTEX
  5
10E7
  8
CUT
 10
1538.6378644321985
 20
696.2527049897708
 30
0.0
 70
0
  0
VERTEX
  5
10E8
  8
CUT
 10
1538.9440922471379
 20
695.64093974863
 30
0.0
 70
0
  0
VERTEX
  5
10E9
  8
CUT
 10
1539.3733618524006
 20
695.108248664691
 30
0.0
 70
0
  0
VERTEX
  5
10EA
  8
CUT
 10
1539.9060529363398
 20
694.6789790594281
 30
0.0
 70
0
  0
VERTEX
  5
10EB
  8
CUT
 10
1540.5178181774806
 20
694.3727512444887
 30
0.0
 70
0
  0
VERTEX
  5
10EC
  8
CUT
 10
1541.1806960697231
 20
694.2035617504689
 30
0.0
 70
0
  0
VERTEX
  5
10ED
  8
CUT
 10
1541.8643889384352
 20
694.1791435977351
 30
0.0
 70
0
  0
VERTEX
  5
10EE
  8
CUT
 10
1542.5376477340903
 20
694.3006128489216
 30
0.0
 70
0
  0
VERTEX
  5
10EF
  8
CUT
 10
1543.169700309702
 20
694.5624175978727
 30
0.0
 70
0
  0
VERTEX
  5
10F0
  8
CUT
 10
1543.7316579008227
 20
694.9525917265543
 30
0.0
 70
0
  0
VERTEX
  5
10F1
  8
CUT
 10
1544.1978355231556
 20
695.4533018316516
 30
0.0
 70
0
  0
VERTEX
  5
10F2
  8
CUT
 10
1544.5469259373322
 20
696.041662322882
 30
0.0
 70
0
  0
VERTEX
  5
10F3
  8
CUT
 10
1544.7629735233054
 20
696.6907814379184
 30
0.0
 70
0
  0
VERTEX
  5
10F4
  8
CUT
 10
1544.8361035521978
 20
697.370990364488
 30
0.0
 70
0
  0
VERTEX
  5
10F5
  8
CUT
 10
1579.4361035521977
 20
697.370990364488
 30
0.0
 70
0
  0
VERTEX
  5
10F6
  8
CUT
 10
1579.50923358109
 20
696.6907814379184
 30
0.0
 70
0
  0
VERTEX
  5
10F7
  8
CUT
 10
1579.7252811670633
 20
696.041662322882
 30
0.0
 70
0
  0
VERTEX
  5
10F8
  8
CUT
 10
1580.0743715812398
 20
695.4533018316516
 30
0.0
 70
0
  0
VERTEX
  5
10F9
  8
CUT
 10
1580.5405492035727
 20
694.9525917265543
 30
0.0
 70
0
  0
VERTEX
  5
10FA
  8
CUT
 10
1581.1025067946935
 20
694.5624175978727
 30
0.0
 70
0
  0
VERTEX
  5
10FB
  8
CUT
 10
1581.734559370305
 20
694.3006128489216
 30
0.0
 70
0
  0
VERTEX
  5
10FC
  8
CUT
 10
1582.4078181659602
 20
694.1791435977351
 30
0.0
 70
0
  0
VERTEX
  5
10FD
  8
CUT
 10
1583.0915110346723
 20
694.2035617504689
 30
0.0
 70
0
  0
VERTEX
  5
10FE
  8
CUT
 10
1583.7543889269148
 20
694.3727512444887
 30
0.0
 70
0
  0
VERTEX
  5
10FF
  8
CUT
 10
1584.3661541680556
 20
694.6789790594281
 30
0.0
 70
0
  0
VERTEX
  5
1100
  8
CUT
 10
1584.8988452519948
 20
695.108248664691
 30
0.0
 70
0
  0
VERTEX
  5
1101
  8
CUT
 10
1585.3281148572576
 20
695.64093974863
 30
0.0
 70
0
  0
VERTEX
  5
1102
  8
CUT
 10
1585.634342672197
 20
696.2527049897708
 30
0.0
 70
0
  0
VERTEX
  5
1103
  8
CUT
 10
1585.8035321662167
 20
696.9155828820135
 30
0.0
 70
0
  0
VERTEX
  5
1104
  8
CUT
 10
1585.8279503189506
 20
697.5992757507255
 30
0.0
 70
0
  0
VERTEX
  5
1105
  8
CUT
 10
1585.7064810677641
 20
698.2725345463806
 30
0.0
 70
0
  0
VERTEX
  5
1106
  8
CUT
 10
1585.444676318813
 20
698.9045871219922
 30
0.0
 70
0
  0
VERTEX
  5
1107
  8
CUT
 10
1585.0545021901314
 20
699.4665447131129
 30
0.0
 70
0
  0
VERTEX
  5
1108
  8
CUT
 10
1584.553792085034
 20
699.932722335446
 30
0.0
 70
0
  0
VERTEX
  5
1109
  8
CUT
 10
1583.9654315938037
 20
700.2818127496224
 30
0.0
 70
0
  0
VERTEX
  5
110A
  8
CUT
 10
1583.3163124787673
 20
700.4978603355958
 30
0.0
 70
0
  0
VERTEX
  5
110B
  8
CUT
 10
1582.6361035521977
 20
700.570990364488
 30
0.0
 70
0
  0
VERTEX
  5
110C
  8
CUT
 10
1582.6361035521977
 20
713.1709903644879
 30
0.0
 70
0
  0
VERTEX
  5
110D
  8
CUT
 10
1583.3163124787673
 20
713.2441203933802
 30
0.0
 70
0
  0
VERTEX
  5
110E
  8
CUT
 10
1583.9654315938037
 20
713.4601679793535
 30
0.0
 70
0
  0
VERTEX
  5
110F
  8
CUT
 10
1584.553792085034
 20
713.80925839353
 30
0.0
 70
0
  0
VERTEX
  5
1110
  8
CUT
 10
1585.0545021901314
 20
714.2754360158631
 30
0.0
 70
0
  0
VERTEX
  5
1111
  8
CUT
 10
1585.444676318813
 20
714.8373936069837
 30
0.0
 70
0
  0
VERTEX
  5
1112
  8
CUT
 10
1585.7064810677641
 20
715.4694461825953
 30
0.0
 70
0
  0
VERTEX
  5
1113
  8
CUT
 10
1585.8279503189506
 20
716.1427049782504
 30
0.0
 70
0
  0
VERTEX
  5
1114
  8
CUT
 10
1585.8035321662167
 20
716.8263978469624
 30
0.0
 70
0
  0
VERTEX
  5
1115
  8
CUT
 10
1585.634342672197
 20
717.4892757392051
 30
0.0
 70
0
  0
VERTEX
  5
1116
  8
CUT
 10
1585.3281148572576
 20
718.1010409803459
 30
0.0
 70
0
  0
VERTEX
  5
1117
  8
CUT
 10
1584.8988452519948
 20
718.6337320642849
 30
0.0
 70
0
  0
VERTEX
  5
1118
  8
CUT
 10
1584.3661541680556
 20
719.0630016695478
 30
0.0
 70
0
  0
VERTEX
  5
1119
  8
CUT
 10
1583.7543889269148
 20
719.3692294844873
 30
0.0
 70
0
  0
VERTEX
  5
111A
  8
CUT
 10
1583.0915110346723
 20
719.538418978507
 30
0.0
 70
0
  0
VERTEX
  5
111B
  8
CUT
 10
1582.4078181659602
 20
719.5628371312408
 30
0.0
 70
0
  0
VERTEX
  5
111C
  8
CUT
 10
1581.734559370305
 20
719.4413678800544
 30
0.0
 70
0
  0
VERTEX
  5
111D
  8
CUT
 10
1581.1025067946935
 20
719.1795631311032
 30
0.0
 70
0
  0
VERTEX
  5
111E
  8
CUT
 10
1580.5405492035727
 20
718.7893890024217
 30
0.0
 70
0
  0
VERTEX
  5
111F
  8
CUT
 10
1580.0743715812398
 20
718.2886788973243
 30
0.0
 70
0
  0
VERTEX
  5
1120
  8
CUT
 10
1579.7252811670633
 20
717.700318406094
 30
0.0
 70
0
  0
VERTEX
  5
1121
  8
CUT
 10
1579.50923358109
 20
717.0511992910575
 30
0.0
 70
0
  0
VERTEX
  5
1122
  8
CUT
 10
1579.4361035521977
 20
716.370990364488
 30
0.0
 70
0
  0
VERTEX
  5
1123
  8
CUT
 10
1544.8361035521978
 20
716.370990364488
 30
0.0
 70
0
  0
VERTEX
  5
1124
  8
CUT
 10
1544.7629735233054
 20
717.0511992910575
 30
0.0
 70
0
  0
VERTEX
  5
1125
  8
CUT
 10
1544.5469259373322
 20
717.700318406094
 30
0.0
 70
0
  0
VERTEX
  5
1126
  8
CUT
 10
1544.1978355231556
 20
718.2886788973243
 30
0.0
 70
0
  0
VERTEX
  5
1127
  8
CUT
 10
1543.7316579008227
 20
718.7893890024217
 30
0.0
 70
0
  0
VERTEX
  5
1128
  8
CUT
 10
1543.169700309702
 20
719.1795631311032
 30
0.0
 70
0
  0
VERTEX
  5
1129
  8
CUT
 10
1542.5376477340903
 20
719.4413678800544
 30
0.0
 70
0
  0
VERTEX
  5
112A
  8
CUT
 10
1541.8643889384352
 20
719.5628371312408
 30
0.0
 70
0
  0
VERTEX
  5
112B
  8
CUT
 10
1541.1806960697231
 20
719.538418978507
 30
0.0
 70
0
  0
VERTEX
  5
112C
  8
CUT
 10
1540.5178181774806
 20
719.3692294844873
 30
0.0
 70
0
  0
VERTEX
  5
112D
  8
CUT
 10
1539.9060529363398
 20
719.0630016695478
 30
0.0
 70
0
  0
VERTEX
  5
112E
  8
CUT
 10
1539.3733618524006
 20
718.6337320642849
 30
0.0
 70
0
  0
VERTEX
  5
112F
  8
CUT
 10
1538.9440922471379
 20
718.1010409803459
 30
0.0
 70
0
  0
VERTEX
  5
1130
  8
CUT
 10
1538.6378644321985
 20
717.4892757392051
 30
0.0
 70
0
  0
VERTEX
  5
1131
  8
CUT
 10
1538.4686749381788
 20
716.8263978469624
 30
0.0
 70
0
  0
VERTEX
  5
1132
  8
CUT
 10
1538.4442567854448
 20
716.1427049782504
 30
0.0
 70
0
  0
VERTEX
  5
1133
  8
CUT
 10
1538.5657260366313
 20
715.4694461825953
 30
0.0
 70
0
  0
VERTEX
  5
1134
  8
CUT
 10
1538.8275307855824
 20
714.8373936069837
 30
0.0
 70
0
  0
VERTEX
  5
1135
  8
CUT
 10
1539.217704914264
 20
714.2754360158631
 30
0.0
 70
0
  0
VERTEX
  5
1136
  8
CUT
 10
1539.7184150193614
 20
713.80925839353
 30
0.0
 70
0
  0
VERTEX
  5
1137
  8
CUT
 10
1540.3067755105917
 20
713.4601679793535
 30
0.0
 70
0
  0
VERTEX
  5
1138
  8
CUT
 10
1540.9558946256282
 20
713.2441203933802
 30
0.0
 70
0
  0
VERTEX
  5
1139
  8
CUT
 10
1541.6361035521977
 20
713.1709903644879
 30
0.0
 70
0
  0
SEQEND
  5
10DD
  8
CUT
  0
POLYLINE
  5
113A
  8
CUT
 66
1
 10
0.0
 20
0.0
 30
0.0
 70
1
  0
VERTEX
  5
113C
  8
CUT
 10
1671.1058771767782
 20
700.570990364488
 30
0.0
 70
0
  0
VERTEX
  5
113D
  8
CUT
 10
1670.4256682502087
 20
700.4978603355956
 30
0.0
 70
0
  0
VERTEX
  5
113E
  8
CUT
 10
1669.7765491351722
 20
700.2818127496224
 30
0.0
 70
0
  0
VERTEX
  5
113F
  8
CUT
 10
1669.1881886439419
 20
699.9327223354459
 30
0.0
 70
0
  0
VERTEX
  5
1140
  8
CUT
 10
1668.6874785388447
 20
699.4665447131127
 30
0.0
 70
0
  0
VERTEX
  5
1141
  8
CUT
 10
1668.2973044101632
 20
698.904587121992
 30
0.0
 70
0
  0
VERTEX
  5
1142
  8
CUT
 10
1668.035499661212
 20
698.2725345463804
 30
0.0
 70
0
  0
VERTEX
  5
1143
  8
CUT
 10
1667.9140304100256
 20
697.5992757507253
 30
0.0
 70
0
  0
VERTEX
  5
1144
  8
CUT
 10
1667.9384485627595
 20
696.9155828820133
 30
0.0
 70
0
  0
VERTEX
  5
1145
  8
CUT
 10
1668.1076380567793
 20
696.2527049897707
 30
0.0
 70
0
  0
VERTEX
  5
1146
  8
CUT
 10
1668.4138658717188
 20
695.6409397486299
 30
0.0
 70
0
  0
VERTEX
  5
1147
  8
CUT
 10
1668.8431354769816
 20
695.1082486646908
 30
0.0
 70
0
  0
VERTEX
  5
1148
  8
CUT
 10
1669.3758265609208
 20
694.678979059428
 30
0.0
 70
0
  0
VERTEX
  5
1149
  8
CUT
 10
1669.9875918020616
 20
694.3727512444887
 30
0.0
 70
0
  0
VERTEX
  5
114A
  8
CUT
 10
1670.650469694304
 20
694.2035617504689
 30
0.0
 70
0
  0
VERTEX
  5
114B
  8
CUT
 10
1671.3341625630162
 20
694.1791435977351
 30
0.0
 70
0
  0
VERTEX
  5
114C
  8
CUT
 10
1672.0074213586713
 20
694.3006128489216
 30
0.0
 70
0
  0
VERTEX
  5
114D
  8
CUT
 10
1672.639473934283
 20
694.5624175978728
 30
0.0
 70
0
  0
VERTEX
  5
114E
  8
CUT
 10
1673.2014315254034
 20
694.9525917265545
 30
0.0
 70
0
  0
VERTEX
  5
114F
  8
CUT
 10
1673.6676091477366
 20
695.4533018316519
 30
0.0
 70
0
  0
VERTEX
  5
1150
  8
CUT
 10
1674.0166995619131
 20
696.0416623228821
 30
0.0
 70
0
  0
VERTEX
  5
1151
  8
CUT
 10
1674.2327471478864
 20
696.6907814379186
 30
0.0
 70
0
  0
VERTEX
  5
1152
  8
CUT
 10
1674.3058771767783
 20
697.370990364488
 30
0.0
 70
0
  0
VERTEX
  5
1153
  8
CUT
 10
1708.9058771767782
 20
697.370990364488
 30
0.0
 70
0
  0
VERTEX
  5
1154
  8
CUT
 10
1708.9790072056703
 20
696.6907814379184
 30
0.0
 70
0
  0
VERTEX
  5
1155
  8
CUT
 10
1709.1950547916435
 20
696.041662322882
 30
0.0
 70
0
  0
VERTEX
  5
1156
  8
CUT
 10
1709.54414520582
 20
695.4533018316516
 30
0.0
 70
0
  0
VERTEX
  5
1157
  8
CUT
 10
1710.010322828153
 20
694.9525917265543
 30
0.0
 70
0
  0
VERTEX
  5
1158
  8
CUT
 10
1710.5722804192737
 20
694.5624175978727
 30
0.0
 70
0
  0
VERTEX
  5
1159
  8
CUT
 10
1711.2043329948854
 20
694.3006128489216
 30
0.0
 70
0
  0
VERTEX
  5
115A
  8
CUT
 10
1711.8775917905405
 20
694.1791435977351
 30
0.0
 70
0
  0
VERTEX
  5
115B
  8
CUT
 10
1712.5612846592526
 20
694.2035617504689
 30
0.0
 70
0
  0
VERTEX
  5
115C
  8
CUT
 10
1713.224162551495
 20
694.3727512444887
 30
0.0
 70
0
  0
VERTEX
  5
115D
  8
CUT
 10
1713.8359277926359
 20
694.6789790594281
 30
0.0
 70
0
  0
VERTEX
  5
115E
  8
CUT
 10
1714.368618876575
 20
695.108248664691
 30
0.0
 70
0
  0
VERTEX
  5
115F
  8
CUT
 10
1714.7978884818378
 20
695.64093974863
 30
0.0
 70
0
  0
VERTEX
  5
1160
  8
CUT
 10
1715.1041162967772
 20
696.2527049897708
 30
0.0
 70
0
  0
VERTEX
  5
1161
  8
CUT
 10
1715.273305790797
 20
696.9155828820135
 30
0.0
 70
0
  0
VERTEX
  5
1162
  8
CUT
 10
1715.2977239435309
 20
697.5992757507255
 30
0.0
 70
0
  0
VERTEX
  5
1163
  8
CUT
 10
1715.1762546923444
 20
698.2725345463806
 30
0.0
 70
0
  0
VERTEX
  5
1164
  8
CUT
 10
1714.9144499433933
 20
698.9045871219922
 30
0.0
 70
0
  0
VERTEX
  5
1165
  8
CUT
 10
1714.5242758147117
 20
699.4665447131129
 30
0.0
 70
0
  0
VERTEX
  5
1166
  8
CUT
 10
1714.0235657096143
 20
699.932722335446
 30
0.0
 70
0
  0
VERTEX
  5
1167
  8
CUT
 10
1713.435205218384
 20
700.2818127496224
 30
0.0
 70
0
  0
VERTEX
  5
1168
  8
CUT
 10
1712.7860861033475
 20
700.4978603355958
 30
0.0
 70
0
  0
VERTEX
  5
1169
  8
CUT
 10
1712.1058771767782
 20
700.570990364488
 30
0.0
 70
0
  0
VERTEX
  5
116A
  8
CUT
 10
1712.1058771767782
 20
713.1709903644879
 30
0.0
 70
0
  0
VERTEX
  5
116B
  8
CUT
 10
1712.7860861033478
 20
713.2441203933803
 30
0.0
 70
0
  0
VERTEX
  5
116C
  8
CUT
 10
1713.4352052183842
 20
713.4601679793535
 30
0.0
 70
0
  0
VERTEX
  5
116D
  8
CUT
 10
1714.0235657096146
 20
713.8092583935301
 30
0.0
 70
0
  0
VERTEX
  5
116E
  8
CUT
 10
1714.5242758147117
 20
714.2754360158632
 30
0.0
 70
0
  0
VERTEX
  5
116F
  8
CUT
 10
1714.9144499433933
 20
714.8373936069839
 30
0.0
 70
0
  0
VERTEX
  5
1170
  8
CUT
 10
1715.1762546923444
 20
715.4694461825956
 30
0.0
 70
0
  0
VERTEX
  5
1171
  8
CUT
 10
1715.2977239435309
 20
716.1427049782507
 30
0.0
 70
0
  0
VERTEX
  5
1172
  8
CUT
 10
1715.273305790797
 20
716.8263978469627
 30
0.0
 70
0
  0
VERTEX
  5
1173
  8
CUT
 10
1715.1041162967772
 20
717.4892757392053
 30
0.0
 70
0
  0
VERTEX
  5
1174
  8
CUT
 10
1714.7978884818376
 20
718.101040980346
 30
0.0
 70
0
  0
VERTEX
  5
1175
  8
CUT
 10
1714.3686188765748
 20
718.6337320642851
 30
0.0
 70
0
  0
VERTEX
  5
1176
  8
CUT
 10
1713.8359277926356
 20
719.0630016695479
 30
0.0
 70
0
  0
VERTEX
  5
1177
  8
CUT
 10
1713.2241625514948
 20
719.3692294844873
 30
0.0
 70
0
  0
VERTEX
  5
1178
  8
CUT
 10
1712.5612846592524
 20
719.538418978507
 30
0.0
 70
0
  0
VERTEX
  5
1179
  8
CUT
 10
1711.8775917905402
 20
719.5628371312408
 30
0.0
 70
0
  0
VERTEX
  5
117A
  8
CUT
 10
1711.2043329948851
 20
719.4413678800544
 30
0.0
 70
0
  0
VERTEX
  5
117B
  8
CUT
 10
1710.5722804192735
 20
719.1795631311031
 30
0.0
 70
0
  0
VERTEX
  5
117C
  8
CUT
 10
1710.010322828153
 20
718.7893890024214
 30
0.0
 70
0
  0
VERTEX
  5
117D
  8
CUT
 10
1709.5441452058199
 20
718.2886788973241
 30
0.0
 70
0
  0
VERTEX
  5
117E
  8
CUT
 10
1709.1950547916433
 20
717.7003184060939
 30
0.0
 70
0
  0
VERTEX
  5
117F
  8
CUT
 10
1708.97900720567
 20
717.0511992910573
 30
0.0
 70
0
  0
VERTEX
  5
1180
  8
CUT
 10
1708.9058771767782
 20
716.370990364488
 30
0.0
 70
0
  0
VERTEX
  5
1181
  8
CUT
 10
1674.3058771767783
 20
716.370990364488
 30
0.0
 70
0
  0
VERTEX
  5
1182
  8
CUT
 10
1674.2327471478861
 20
717.0511992910575
 30
0.0
 70
0
  0
VERTEX
  5
1183
  8
CUT
 10
1674.016699561913
 20
717.700318406094
 30
0.0
 70
0
  0
VERTEX
  5
1184
  8
CUT
 10
1673.6676091477364
 20
718.2886788973243
 30
0.0
 70
0
  0
VERTEX
  5
1185
  8
CUT
 10
1673.2014315254034
 20
718.7893890024217
 30
0.0
 70
0
  0
VERTEX
  5
1186
  8
CUT
 10
1672.6394739342827
 20
719.1795631311032
 30
0.0
 70
0
  0
VERTEX
  5
1187
  8
CUT
 10
1672.007421358671
 20
719.4413678800544
 30
0.0
 70
0
  0
VERTEX
  5
1188
  8
CUT
 10
1671.334162563016
 20
719.5628371312408
 30
0.0
 70
0
  0
VERTEX
  5
1189
  8
CUT
 10
1670.6504696943039
 20
719.538418978507
 30
0.0
 70
0
  0
VERTEX
  5
118A
  8
CUT
 10
1669.9875918020614
 20
719.3692294844873
 30
0.0
 70
0
  0
VERTEX
  5
118B
  8
CUT
 10
1669.3758265609206
 20
719.0630016695478
 30
0.0
 70
0
  0
VERTEX
  5
118C
  8
CUT
 10
1668.8431354769814
 20
718.6337320642849
 30
0.0
 70
0
  0
VERTEX
  5
118D
  8
CUT
 10
1668.4138658717186
 20
718.1010409803459
 30
0.0
 70
0
  0
VERTEX
  5
118E
  8
CUT
 10
1668.1076380567793
 20
717.4892757392051
 30
0.0
 70
0
  0
VERTEX
  5
118F
  8
CUT
 10
1667.9384485627595
 20
716.8263978469624
 30
0.0
 70
0
  0
VERTEX
  5
1190
  8
CUT
 10
1667.9140304100256
 20
716.1427049782504
 30
0.0
 70
0
  0
VERTEX
  5
1191
  8
CUT
 10
1668.035499661212
 20
715.4694461825953
 30
0.0
 70
0
  0
VERTEX
  5
1192
  8
CUT
 10
1668.2973044101632
 20
714.8373936069837
 30
0.0
 70
0
  0
VERTEX
  5
1193
  8
CUT
 10
1668.6874785388447
 20
714.2754360158631
 30
0.0
 70
0
  0
VERTEX
  5
1194
  8
CUT
 10
1669.188188643942
 20
713.80925839353
 30
0.0
 70
0
  0
VERTEX
  5
1195
  8
CUT
 10
1669.7765491351724
 20
713.4601679793535
 30
0.0
 70
0
  0
VERTEX
  5
1196
  8
CUT
 10
1670.425668250209
 20
713.2441203933802
 30
0.0
 70
0
  0
VERTEX
  5
1197
  8
CUT
 10
1671.1058771767782
 20
713.1709903644879
 30
0.0
 70
0
  0
SEQEND
  5
113B
  8
CUT
  0
POLYLINE
  5
1198
  8
CUT
 66
1
 10
0.0
 20
0.0
 30
0.0
 70
1
  0
VERTEX
  5
119A
  8
CUT
 10
1633.170990364488
 20
621.6361035521977
 30
0.0
 70
0
  0
VERTEX
  5
119B
  8
CUT
 10
1633.2441203933804
 20
620.9558946256282
 30
0.0
 70
0
  0
VERTEX
  5
119C
  8
CUT
 10
1633.4601679793536
 20
620.3067755105917
 30
0.0
 70
0
  0
VERTEX
  5
119D
  8
CUT
 10
1633.8092583935302
 20
619.7184150193614
 30
0.0
 70
0
  0
VERTEX
  5
119E
  8
CUT
 10
1634.275436015863
 20
619.217704914264
 30
0.0
 70
0
  0
VERTEX
  5
119F
  8
CUT
 10
1634.8373936069838
 20
618.8275307855824
 30
0.0
 70
0
  0
VERTEX
  5
11A0
  8
CUT
 10
1635.4694461825954
 20
618.5657260366313
 30
0.0
 70
0
  0
VERTEX
  5
11A1
  8
CUT
 10
1636.1427049782505
 20
618.4442567854448
 30
0.0
 70
0
  0
VERTEX
  5
11A2
  8
CUT
 10
1636.8263978469627
 20
618.4686749381787
 30
0.0
 70
0
  0
VERTEX
  5
11A3
  8
CUT
 10
1637.4892757392051
 20
618.6378644321984
 30
0.0
 70
0
  0
VERTEX
  5
11A4
  8
CUT
 10
1638.101040980346
 20
618.9440922471379
 30
0.0
 70
0
  0
VERTEX
  5
11A5
  8
CUT
 10
1638.6337320642851
 20
619.3733618524008
 30
0.0
 70
0
  0
VERTEX
  5
11A6
  8
CUT
 10
1639.063001669548
 20
619.9060529363397
 30
0.0
 70
0
  0
VERTEX
  5
11A7
  8
CUT
 10
1639.3692294844873
 20
620.5178181774805
 30
0.0
 70
0
  0
VERTEX
  5
11A8
  8
CUT
 10
1639.538418978507
 20
621.1806960697232
 30
0.0
 70
0
  0
VERTEX
  5
11A9
  8
CUT
 10
1639.562837131241
 20
621.8643889384352
 30
0.0
 70
0
  0
VERTEX
  5
11AA
  8
CUT
 10
1639.4413678800545
 20
622.5376477340903
 30
0.0
 70
0
  0
VERTEX
  5
11AB
  8
CUT
 10
1639.1795631311034
 20
623.169700309702
 30
0.0
 70
0
  0
VERTEX
  5
11AC
  8
CUT
 10
1638.7893890024218
 20
623.7316579008226
 30
0.0
 70
0
  0
VERTEX
  5
11AD
  8
CUT
 10
1638.2886788973244
 20
624.1978355231557
 30
0.0
 70
0
  0
VERTEX
  5
11AE
  8
CUT
 10
1637.700318406094
 20
624.5469259373322
 30
0.0
 70
0
  0
VERTEX
  5
11AF
  8
CUT
 10
1637.0511992910576
 20
624.7629735233055
 30
0.0
 70
0
  0
VERTEX
  5
11B0
  8
CUT
 10
1636.370990364488
 20
624.8361035521978
 30
0.0
 70
0
  0
VERTEX
  5
11B1
  8
CUT
 10
1636.370990364488
 20
659.4361035521978
 30
0.0
 70
0
  0
VERTEX
  5
11B2
  8
CUT
 10
1637.0511992910576
 20
659.5092335810901
 30
0.0
 70
0
  0
VERTEX
  5
11B3
  8
CUT
 10
1637.700318406094
 20
659.7252811670634
 30
0.0
 70
0
  0
VERTEX
  5
11B4
  8
CUT
 10
1638.2886788973244
 20
660.0743715812399
 30
0.0
 70
0
  0
VERTEX
  5
11B5
  8
CUT
 10
1638.7893890024218
 20
660.5405492035729
 30
0.0
 70
0
  0
VERTEX
  5
11B6
  8
CUT
 10
1639.1795631311034
 20
661.1025067946937
 30
0.0
 70
0
  0
VERTEX
  5
11B7
  8
CUT
 10
1639.4413678800545
 20
661.7345593703053
 30
0.0
 70
0
  0
VERTEX
  5
11B8
  8
CUT
 10
1639.562837131241
 20
662.4078181659603
 30
0.0
 70
0
  0
VERTEX
  5
11B9
  8
CUT
 10
1639.538418978507
 20
663.0915110346723
 30
0.0
 70
0
  0
VERTEX
  5
11BA
  8
CUT
 10
1639.3692294844873
 20
663.7543889269149
 30
0.0
 70
0
  0
VERTEX
  5
11BB
  8
CUT
 10
1639.063001669548
 20
664.3661541680557
 30
0.0
 70
0
  0
VERTEX
  5
11BC
  8
CUT
 10
1638.633732064285
 20
664.8988452519948
 30
0.0
 70
0
  0
VERTEX
  5
11BD
  8
CUT
 10
1638.101040980346
 20
665.3281148572576
 30
0.0
 70
0
  0
VERTEX
  5
11BE
  8
CUT
 10
1637.4892757392051
 20
665.634342672197
 30
0.0
 70
0
  0
VERTEX
  5
11BF
  8
CUT
 10
1636.8263978469627
 20
665.8035321662168
 30
0.0
 70
0
  0
VERTEX
  5
11C0
  8
CUT
 10
1636.1427049782505
 20
665.8279503189506
 30
0.0
 70
0
  0
VERTEX
  5
11C1
  8
CUT
 10
1635.4694461825954
 20
665.7064810677642
 30
0.0
 70
0
  0
VERTEX
  5
11C2
  8
CUT
 10
1634.8373936069838
 20
665.444676318813
 30
0.0
 70
0
  0
VERTEX
  5
11C3
  8
CUT
 10
1634.275436015863
 20
665.0545021901314
 30
0.0
 70
0
  0
VERTEX
  5
11C4
  8
CUT
 10
1633.8092583935302
 20
664.5537920850342
 30
0.0
 70
0
  0
VERTEX
  5
11C5
  8
CUT
 10
1633.4601679793536
 20
663.9654315938038
 30
0.0
 70
0
  0
VERTEX
  5
11C6
  8
CUT
 10
1633.2441203933804
 20
663.3163124787674
 30
0.0
 70
0
  0
VERTEX
  5
11C7
  8
CUT
 10
1633.170990364488
 20
662.6361035521977
 30
0.0
 70
0
  0
VERTEX
  5
11C8
  8
CUT
 10
1620.570990364488
 20
662.6361035521977
 30
0.0
 70
0
  0
VERTEX
  5
11C9
  8
CUT
 10
1620.4978603355958
 20
663.3163124787673
 30
0.0
 70
0
  0
VERTEX
  5
11CA
  8
CUT
 10
1620.2818127496225
 20
663.9654315938037
 30
0.0
 70
0
  0
VERTEX
  5
11CB
  8
CUT
 10
1619.932722335446
 20
664.5537920850339
 30
0.0
 70
0
  0
VERTEX
  5
11CC
  8
CUT
 10
1619.4665447131129
 20
665.0545021901312
 30
0.0
 70
0
  0
VERTEX
  5
11CD
  8
CUT
 10
1618.904587121992
 20
665.4446763188129
 30
0.0
 70
0
  0
VERTEX
  5
11CE
  8
CUT
 10
1618.2725345463807
 20
665.706481067764
 30
0.0
 70
0
  0
VERTEX
  5
11CF
  8
CUT
 10
1617.5992757507256
 20
665.8279503189503
 30
0.0
 70
0
  0
VERTEX
  5
11D0
  8
CUT
 10
1616.9155828820135
 20
665.8035321662165
 30
0.0
 70
0
  0
VERTEX
  5
11D1
  8
CUT
 10
1616.252704989771
 20
665.6343426721968
 30
0.0
 70
0
  0
VERTEX
  5
11D2
  8
CUT
 10
1615.6409397486302
 20
665.3281148572573
 30
0.0
 70
0
  0
VERTEX
  5
11D3
  8
CUT
 10
1615.1082486646912
 20
664.8988452519945
 30
0.0
 70
0
  0
VERTEX
  5
11D4
  8
CUT
 10
1614.6789790594285
 20
664.3661541680556
 30
0.0
 70
0
  0
VERTEX
  5
11D5
  8
CUT
 10
1614.3727512444889
 20
663.7543889269148
 30
0.0
 70
0
  0
VERTEX
  5
11D6
  8
CUT
 10
1614.2035617504691
 20
663.0915110346722
 30
0.0
 70
0
  0
VERTEX
  5
11D7
  8
CUT
 10
1614.1791435977354
 20
662.4078181659602
 30
0.0
 70
0
  0
VERTEX
  5
11D8
  8
CUT
 10
1614.300612848922
 20
661.7345593703052
 30
0.0
 70
0
  0
VERTEX
  5
11D9
  8
CUT
 10
1614.562417597873
 20
661.1025067946936
 30
0.0
 70
0
  0
VERTEX
  5
11DA
  8
CUT
 10
1614.9525917265546
 20
660.5405492035729
 30
0.0
 70
0
  0
VERTEX
  5
11DB
  8
CUT
 10
1615.4533018316517
 20
660.0743715812398
 30
0.0
 70
0
  0
VERTEX
  5
11DC
  8
CUT
 10
1616.041662322882
 20
659.7252811670634
 30
0.0
 70
0
  0
VERTEX
  5
11DD
  8
CUT
 10
1616.6907814379185
 20
659.5092335810901
 30
0.0
 70
0
  0
VERTEX
  5
11DE
  8
CUT
 10
1617.370990364488
 20
659.4361035521978
 30
0.0
 70
0
  0
VERTEX
  5
11DF
  8
CUT
 10
1617.370990364488
 20
624.8361035521978
 30
0.0
 70
0
  0
VERTEX
  5
11E0
  8
CUT
 10
1616.6907814379185
 20
624.7629735233055
 30
0.0
 70
0
  0
VERTEX
  5
11E1
  8
CUT
 10
1616.041662322882
 20
624.5469259373323
 30
0.0
 70
0
  0
VERTEX
  5
11E2
  8
CUT
 10
1615.4533018316517
 20
624.1978355231557
 30
0.0
 70
0
  0
VERTEX
  5
11E3
  8
CUT
 10
1614.9525917265546
 20
623.7316579008227
 30
0.0
 70
0
  0
VERTEX
  5
11E4
  8
CUT
 10
1614.5624175978728
 20
623.169700309702
 30
0.0
 70
0
  0
VERTEX
  5
11E5
  8
CUT
 10
1614.3006128489217
 20
622.5376477340903
 30
0.0
 70
0
  0
VERTEX
  5
11E6
  8
CUT
 10
1614.1791435977354
 20
621.8643889384354
 30
0.0
 70
0
  0
VERTEX
  5
11E7
  8
CUT
 10
1614.2035617504691
 20
621.1806960697234
 30
0.0
 70
0
  0
VERTEX
  5
11E8
  8
CUT
 10
1614.3727512444889
 20
620.5178181774808
 30
0.0
 70
0
  0
VERTEX
  5
11E9
  8
CUT
 10
1614.6789790594285
 20
619.90605293634
 30
0.0
 70
0
  0
VERTEX
  5
11EA
  8
CUT
 10
1615.1082486646912
 20
619.3733618524009
 30
0.0
 70
0
  0
VERTEX
  5
11EB
  8
CUT
 10
1615.6409397486302
 20
618.9440922471381
 30
0.0
 70
0
  0
VERTEX
  5
11EC
  8
CUT
 10
1616.252704989771
 20
618.6378644321986
 30
0.0
 70
0
  0
VERTEX
  5
11ED
  8
CUT
 10
1616.9155828820135
 20
618.4686749381789
 30
0.0
 70
0
  0
VERTEX
  5
11EE
  8
CUT
 10
1617.5992757507256
 20
618.4442567854451
 30
0.0
 70
0
  0
VERTEX
  5
11EF
  8
CUT
 10
1618.2725345463807
 20
618.5657260366315
 30
0.0
 70
0
  0
VERTEX
  5
11F0
  8
CUT
 10
1618.9045871219923
 20
618.8275307855827
 30
0.0
 70
0
  0
VERTEX
  5
11F1
  8
CUT
 10
1619.4665447131129
 20
619.2177049142642
 30
0.0
 70
0
  0
VERTEX
  5
11F2
  8
CUT
 10
1619.932722335446
 20
619.7184150193616
 30
0.0
 70
0
  0
VERTEX
  5
11F3
  8
CUT
 10
1620.2818127496225
 20
620.3067755105918
 30
0.0
 70
0
  0
VERTEX
  5
11F4
  8
CUT
 10
1620.4978603355958
 20
620.9558946256283
 30
0.0
 70
0
  0
VERTEX
  5
11F5
  8
CUT
 10
1620.570990364488
 20
621.6361035521977
 30
0.0
 70
0
  0
SEQEND
  5
1199
  8
CUT
  0
POLYLINE
  5
11F6
  8
CUT
 66
1
 10
0.0
 20
0.0
 30
0.0
 70
1
  0
VERTEX
  5
11F8
  8
CUT
 10
1633.170990364488
 20
751.1058771767782
 30
0.0
 70
0
  0
VERTEX
  5
11F9
  8
CUT
 10
1633.2441203933804
 20
750.4256682502087
 30
0.0
 70
0
  0
VERTEX
  5
11FA
  8
CUT
 10
1633.4601679793536
 20
749.7765491351722
 30
0.0
 70
0
  0
VERTEX
  5
11FB
  8
CUT
 10
1633.8092583935302
 20
749.1881886439419
 30
0.0
 70
0
  0
VERTEX
  5
11FC
  8
CUT
 10
1634.275436015863
 20
748.6874785388445
 30
0.0
 70
0
  0
VERTEX
  5
11FD
  8
CUT
 10
1634.8373936069838
 20
748.297304410163
 30
0.0
 70
0
  0
VERTEX
  5
11FE
  8
CUT
 10
1635.4694461825954
 20
748.0354996612118
 30
0.0
 70
0
  0
VERTEX
  5
11FF
  8
CUT
 10
1636.1427049782505
 20
747.9140304100254
 30
0.0
 70
0
  0
VERTEX
  5
1200
  8
CUT
 10
1636.8263978469627
 20
747.9384485627592
 30
0.0
 70
0
  0
VERTEX
  5
1201
  8
CUT
 10
1637.4892757392051
 20
748.1076380567789
 30
0.0
 70
0
  0
VERTEX
  5
1202
  8
CUT
 10
1638.101040980346
 20
748.4138658717184
 30
0.0
 70
0
  0
VERTEX
  5
1203
  8
CUT
 10
1638.6337320642851
 20
748.8431354769813
 30
0.0
 70
0
  0
VERTEX
  5
1204
  8
CUT
 10
1639.063001669548
 20
749.3758265609202
 30
0.0
 70
0
  0
VERTEX
  5
1205
  8
CUT
 10
1639.3692294844873
 20
749.987591802061
 30
0.0
 70
0
  0
VERTEX
  5
1206
  8
CUT
 10
1639.538418978507
 20
750.6504696943038
 30
0.0
 70
0
  0
VERTEX
  5
1207
  8
CUT
 10
1639.562837131241
 20
751.3341625630158
 30
0.0
 70
0
  0
VERTEX
  5
1208
  8
CUT
 10
1639.4413678800545
 20
752.0074213586709
 30
0.0
 70
0
  0
VERTEX
  5
1209
  8
CUT
 10
1639.1795631311034
 20
752.6394739342825
 30
0.0
 70
0
  0
VERTEX
  5
120A
  8
CUT
 10
1638.7893890024218
 20
753.2014315254031
 30
0.0
 70
0
  0
VERTEX
  5
120B
  8
CUT
 10
1638.2886788973244
 20
753.6676091477362
 30
0.0
 70
0
  0
VERTEX
  5
120C
  8
CUT
 10
1637.700318406094
 20
754.0166995619127
 30
0.0
 70
0
  0
VERTEX
  5
120D
  8
CUT
 10
1637.0511992910576
 20
754.232747147886
 30
0.0
 70
0
  0
VERTEX
  5
120E
  8
CUT
 10
1636.370990364488
 20
754.3058771767783
 30
0.0
 70
0
  0
VERTEX
  5
120F
  8
CUT
 10
1636.370990364488
 20
788.9058771767782
 30
0.0
 70
0
  0
VERTEX
  5
1210
  8
CUT
 10
1637.0511992910576
 20
788.9790072056704
 30
0.0
 70
0
  0
VERTEX
  5
1211
  8
CUT
 10
1637.700318406094
 20
789.1950547916438
 30
0.0
 70
0
  0
VERTEX
  5
1212
  8
CUT
 10
1638.2886788973244
 20
789.5441452058202
 30
0.0
 70
0
  0
VERTEX
  5
1213
  8
CUT
 10
1638.7893890024218
 20
790.0103228281533
 30
0.0
 70
0
  0
VERTEX
  5
1214
  8
CUT
 10
1639.1795631311034
 20
790.572280419274
 30
0.0
 70
0
  0
VERTEX
  5
1215
  8
CUT
 10
1639.4413678800545
 20
791.2043329948856
 30
0.0
 70
0
  0
VERTEX
  5
1216
  8
CUT
 10
1639.562837131241
 20
791.8775917905407
 30
0.0
 70
0
  0
VERTEX
  5
1217
  8
CUT
 10
1639.538418978507
 20
792.5612846592527
 30
0.0
 70
0
  0
VERTEX
  5
1218
  8
CUT
 10
1639.3692294844873
 20
793.2241625514954
 30
0.0
 70
0
  0
VERTEX
  5
1219
  8
CUT
 10
1639.063001669548
 20
793.8359277926362
 30
0.0
 70
0
  0
VERTEX
  5
121A
  8
CUT
 10
1638.6337320642851
 20
794.3686188765752
 30
0.0
 70
0
  0
VERTEX
  5
121B
  8
CUT
 10
1638.101040980346
 20
794.7978884818381
 30
0.0
 70
0
  0
VERTEX
  5
121C
  8
CUT
 10
1637.4892757392051
 20
795.1041162967775
 30
0.0
 70
0
  0
VERTEX
  5
121D
  8
CUT
 10
1636.8263978469627
 20
795.2733057907973
 30
0.0
 70
0
  0
VERTEX
  5
121E
  8
CUT
 10
1636.1427049782505
 20
795.2977239435311
 30
0.0
 70
0
  0
VERTEX
  5
121F
  8
CUT
 10
1635.4694461825954
 20
795.1762546923446
 30
0.0
 70
0
  0
VERTEX
  5
1220
  8
CUT
 10
1634.8373936069838
 20
794.9144499433935
 30
0.0
 70
0
  0
VERTEX
  5
1221
  8
CUT
 10
1634.275436015863
 20
794.5242758147119
 30
0.0
 70
0
  0
VERTEX
  5
1222
  8
CUT
 10
1633.8092583935302
 20
794.0235657096146
 30
0.0
 70
0
  0
VERTEX
  5
1223
  8
CUT
 10
1633.4601679793536
 20
793.4352052183842
 30
0.0
 70
0
  0
VERTEX
  5
1224
  8
CUT
 10
1633.2441203933804
 20
792.7860861033478
 30
0.0
 70
0
  0
VERTEX
  5
1225
  8
CUT
 10
1633.170990364488
 20
792.1058771767782
 30
0.0
 70
0
  0
VERTEX
  5
1226
  8
CUT
 10
1620.570990364488
 20
792.1058771767782
 30
0.0
 70
0
  0
VERTEX
  5
1227
  8
CUT
 10
1620.4978603355958
 20
792.7860861033478
 30
0.0
 70
0
  0
VERTEX
  5
1228
  8
CUT
 10
1620.2818127496225
 20
793.4352052183842
 30
0.0
 70
0
  0
VERTEX
  5
1229
  8
CUT
 10
1619.932722335446
 20
794.0235657096144
 30
0.0
 70
0
  0
VERTEX
  5
122A
  8
CUT
 10
1619.4665447131129
 20
794.5242758147117
 30
0.0
 70
0
  0
VERTEX
  5
122B
  8
CUT
 10
1618.904587121992
 20
794.9144499433933
 30
0.0
 70
0
  0
VERTEX
  5
122C
  8
CUT
 10
1618.2725345463805
 20
795.1762546923445
 30
0.0
 70
0
  0
VERTEX
  5
122D
  8
CUT
 10
1617.5992757507256
 20
795.2977239435309
 30
0.0
 70
0
  0
VERTEX
  5
122E
  8
CUT
 10
1616.9155828820135
 20
795.273305790797
 30
0.0
 70
0
  0
VERTEX
  5
122F
  8
CUT
 10
1616.2527049897708
 20
795.1041162967772
 30
0.0
 70
0
  0
VERTEX
  5
1230
  8
CUT
 10
1615.6409397486302
 20
794.7978884818377
 30
0.0
 70
0
  0
VERTEX
  5
1231
  8
CUT
 10
1615.108248664691
 20
794.3686188765749
 30
0.0
 70
0
  0
VERTEX
  5
1232
  8
CUT
 10
1614.6789790594282
 20
793.8359277926359
 30
0.0
 70
0
  0
VERTEX
  5
1233
  8
CUT
 10
1614.3727512444889
 20
793.224162551495
 30
0.0
 70
0
  0
VERTEX
  5
1234
  8
CUT
 10
1614.2035617504691
 20
792.5612846592525
 30
0.0
 70
0
  0
VERTEX
  5
1235
  8
CUT
 10
1614.1791435977354
 20
791.8775917905405
 30
0.0
 70
0
  0
VERTEX
  5
1236
  8
CUT
 10
1614.3006128489217
 20
791.2043329948855
 30
0.0
 70
0
  0
VERTEX
  5
1237
  8
CUT
 10
1614.562417597873
 20
790.5722804192739
 30
0.0
 70
0
  0
VERTEX
  5
1238
  8
CUT
 10
1614.9525917265546
 20
790.0103228281531
 30
0.0
 70
0
  0
VERTEX
  5
1239
  8
CUT
 10
1615.453301831652
 20
789.5441452058201
 30
0.0
 70
0
  0
VERTEX
  5
123A
  8
CUT
 10
1616.041662322882
 20
789.1950547916437
 30
0.0
 70
0
  0
VERTEX
  5
123B
  8
CUT
 10
1616.6907814379188
 20
788.9790072056704
 30
0.0
 70
0
  0
VERTEX
  5
123C
  8
CUT
 10
1617.370990364488
 20
788.9058771767782
 30
0.0
 70
0
  0
VERTEX
  5
123D
  8
CUT
 10
1617.370990364488
 20
754.3058771767783
 30
0.0
 70
0
  0
VERTEX
  5
123E
  8
CUT
 10
1616.6907814379185
 20
754.232747147886
 30
0.0
 70
0
  0
VERTEX
  5
123F
  8
CUT
 10
1616.041662322882
 20
754.0166995619128
 30
0.0
 70
0
  0
VERTEX
  5
1240
  8
CUT
 10
1615.4533018316517
 20
753.6676091477362
 30
0.0
 70
0
  0
VERTEX
  5
1241
  8
CUT
 10
1614.9525917265546
 20
753.2014315254032
 30
0.0
 70
0
  0
VERTEX
  5
1242
  8
CUT
 10
1614.5624175978728
 20
752.6394739342825
 30
0.0
 70
0
  0
VERTEX
  5
1243
  8
CUT
 10
1614.3006128489217
 20
752.0074213586709
 30
0.0
 70
0
  0
VERTEX
  5
1244
  8
CUT
 10
1614.1791435977354
 20
751.3341625630159
 30
0.0
 70
0
  0
VERTEX
  5
1245
  8
CUT
 10
1614.2035617504691
 20
750.6504696943039
 30
0.0
 70
0
  0
VERTEX
  5
1246
  8
CUT
 10
1614.3727512444889
 20
749.9875918020613
 30
0.0
 70
0
  0
VERTEX
  5
1247
  8
CUT
 10
1614.6789790594285
 20
749.3758265609205
 30
0.0
 70
0
  0
VERTEX
  5
1248
  8
CUT
 10
1615.1082486646912
 20
748.8431354769814
 30
0.0
 70
0
  0
VERTEX
  5
1249
  8
CUT
 10
1615.6409397486302
 20
748.4138658717186
 30
0.0
 70
0
  0
VERTEX
  5
124A
  8
CUT
 10
1616.252704989771
 20
748.1076380567791
 30
0.0
 70
0
  0
VERTEX
  5
124B
  8
CUT
 10
1616.9155828820135
 20
747.9384485627594
 30
0.0
 70
0
  0
VERTEX
  5
124C
  8
CUT
 10
1617.5992757507256
 20
747.9140304100256
 30
0.0
 70
0
  0
VERTEX
  5
124D
  8
CUT
 10
1618.2725345463807
 20
748.035499661212
 30
0.0
 70
0
  0
VERTEX
  5
124E
  8
CUT
 10
1618.9045871219923
 20
748.2973044101632
 30
0.0
 70
0
  0
VERTEX
  5
124F
  8
CUT
 10
1619.4665447131129
 20
748.6874785388447
 30
0.0
 70
0
  0
VERTEX
  5
1250
  8
CUT
 10
1619.932722335446
 20
749.1881886439421
 30
0.0
 70
0
  0
VERTEX
  5
1251
  8
CUT
 10
1620.2818127496225
 20
749.7765491351723
 30
0.0
 70
0
  0
VERTEX
  5
1252
  8
CUT
 10
1620.4978603355958
 20
750.4256682502088
 30
0.0
 70
0
  0
VERTEX
  5
1253
  8
CUT
 10
1620.570990364488
 20
751.1058771767782
 30
0.0
 70
0
  0
SEQEND
  5
11F7
  8
CUT
  0
POLYLINE
  5
1254
  8
CUT
 66
1
 10
0.0
 20
0.0
 30
0.0
 70
1
  0
VERTEX
  5
1256
  8
CUT
 10
250.1419807289759
 20
594.0709903644879
 30
0.0
 70
0
  0
VERTEX
  5
1257
  8
CUT
 10
250.06271122341718
 20
598.3599874940387
 30
0.0
 70
0
  0
VERTEX
  5
1258
  8
CUT
 10
249.82501097935062
 20
602.6431263694171
 30
0.0
 70
0
  0
VERTEX
  5
1259
  8
CUT
 10
249.42920466671757
 20
606.9145567381211
 30
0.0
 70
0
  0
VERTEX
  5
125A
  8
CUT
 10
248.87583290933114
 20
611.1684443400604
 30
0.0
 70
0
  0
VERTEX
  5
125B
  8
CUT
 10
248.16565154644897
 20
615.3989788764543
 30
0.0
 70
0
  0
VERTEX
  5
125C
  8
CUT
 10
247.2996306003879
 20
619.6003819460003
 30
0.0
 70
0
  0
VERTEX
  5
125D
  8
CUT
 10
246.27895295158999
 20
623.7669149374755
 30
0.0
 70
0
  0
VERTEX
  5
125E
  8
CUT
 10
245.10501272295022
 20
627.8928868679893
 30
0.0
 70
0
  0
VERTEX
  5
125F
  8
CUT
 10
243.77941337561228
 20
631.9726621561815
 30
0.0
 70
0
  0
VERTEX
  5
1260
  8
CUT
 10
242.30396551883354
 20
636.0006683197485
 30
0.0
 70
0
  0
VERTEX
  5
1261
  8
CUT
 10
240.68068443691055
 20
639.9714035867838
 30
0.0
 70
0
  0
VERTEX
  5
1262
  8
CUT
 10
238.91178733654323
 20
643.8794444105366
 30
0.0
 70
0
  0
VERTEX
  5
1263
  8
CUT
 10
236.99969031839692
 20
647.7194528773246
 30
0.0
 70
0
  0
VERTEX
  5
1264
  8
CUT
 10
234.94700507699991
 20
651.4861839974812
 30
0.0
 70
0
  0
VERTEX
  5
1265
  8
CUT
 10
232.75653533348256
 20
655.174492869382
 30
0.0
 70
0
  0
VERTEX
  5
1266
  8
CUT
 10
230.43127300603152
 20
658.7793417067597
 30
0.0
 70
0
  0
VERTEX
  5
1267
  8
CUT
 10
227.97439412328947
 20
662.2958067197156
 30
0.0
 70
0
  0
VERTEX
  5
1268
  8
CUT
 10
225.38925448628206
 20
665.7190848400237
 30
0.0
 70
0
  0
VERTEX
  5
1269
  8
CUT
 10
222.67938508479716
 20
669.0445002815442
 30
0.0
 70
0
  0
VERTEX
  5
126A
  8
CUT
 10
219.84848727447775
 20
672.267510926785
 30
0.0
 70
0
  0
VERTEX
  5
126B
  8
CUT
 10
216.90042772121524
 20
675.3837145308879
 30
0.0
 70
0
  0
VERTEX
  5
126C
  8
CUT
 10
213.83923311974888
 20
678.3888547345656
 30
0.0
 70
0
  0
VERTEX
  5
126D
  8
CUT
 10
210.66908469368536
 20
681.2788268777763
 30
0.0
 70
0
  0
VERTEX
  5
126E
  8
CUT
 10
207.39431248445004
 20
684.0496836061956
 30
0.0
 70
0
  0
VERTEX
  5
126F
  8
CUT
 10
204.01938943697132
 20
686.6976402628279
 30
0.0
 70
0
  0
VERTEX
  5
1270
  8
CUT
 10
200.54892529017593
 20
689.2190800573926
 30
0.0
 70
0
  0
VERTEX
  5
1271
  8
CUT
 10
196.98766028064
 20
691.6105590064243
 30
0.0
 70
0
  0
VERTEX
  5
1272
  8
CUT
 10
193.340458667996
 20
693.8688106373401
 30
0.0
 70
0
  0
VERTEX
  5
1273
  8
CUT
 10
189.6123020909394
 20
695.9907504500484
 30
0.0
 70
0
  0
VERTEX
  5
1274
  8
CUT
 10
185.80828276290924
 20
697.9734801300046
 30
0.0
 70
0
  0
VERTEX
  5
1275
  8
CUT
 10
181.93359651673717
 20
699.8142915069609
 30
0.0
 70
0
  0
VERTEX
  5
1276
  8
CUT
 10
177.99353570776472
 20
701.510670254
 30
0.0
 70
0
  0
VERTEX
  5
1277
  8
CUT
 10
173.99348198512268
 20
703.0602993218045
 30
0.0
 70
0
  0
VERTEX
  5
1278
  8
CUT
 10
169.93889894104552
 20
704.4610621034661
 30
0.0
 70
0
  0
VERTEX
  5
1279
  8
CUT
 10
165.83532464826166
 20
705.7110453255176
 30
0.0
 70
0
  0
VERTEX
  5
127A
  8
CUT
 10
161.68836409565233
 20
706.8085416612331
 30
0.0
 70
0
  0
VERTEX
  5
127B
  8
CUT
 10
157.5036815325109
 20
707.7520520626314
 30
0.0
 70
0
  0
VERTEX
  5
127C
  8
CUT
 10
153.28699273185975
 20
708.5402878079955
 30
0.0
 70
0
  0
VERTEX
  5
127D
  8
CUT
 10
149.0440571833917
 20
709.172172262111
 30
0.0
 70
0
  0
VERTEX
  5
127E
  8
CUT
 10
144.78067022669998
 20
709.6468423468202
 30
0.0
 70
0
  0
VERTEX
  5
127F
  8
CUT
 10
140.50265513554157
 20
709.9636497198838
 30
0.0
 70
0
  0
VERTEX
  5
1280
  8
CUT
 10
136.2158551639454
 20
710.1221616605377
 30
0.0
 70
0
  0
VERTEX
  5
1281
  8
CUT
 10
131.9261255650305
 20
710.1221616605377
 30
0.0
 70
0
  0
VERTEX
  5
1282
  8
CUT
 10
127.63932559343436
 20
709.9636497198838
 30
0.0
 70
0
  0
VERTEX
  5
1283
  8
CUT
 10
123.36131050227593
 20
709.6468423468202
 30
0.0
 70
0
  0
VERTEX
  5
1284
  8
CUT
 10
119.09792354558425
 20
709.172172262111
 30
0.0
 70
0
  0
VERTEX
  5
1285
  8
CUT
 10
114.85498799711615
 20
708.5402878079955
 30
0.0
 70
0
  0
VERTEX
  5
1286
  8
CUT
 10
110.638299196465
 20
707.7520520626314
 30
0.0
 70
0
  0
VERTEX
  5
1287
  8
CUT
 10
106.45361663332362
 20
706.8085416612331
 30
0.0
 70
0
  0
VERTEX
  5
1288
  8
CUT
 10
102.30665608071426
 20
705.7110453255176
 30
0.0
 70
0
  0
VERTEX
  5
1289
  8
CUT
 10
98.20308178793042
 20
704.4610621034661
 30
0.0
 70
0
  0
VERTEX
  5
128A
  8
CUT
 10
94.14849874385322
 20
703.0602993218045
 30
0.0
 70
0
  0
VERTEX
  5
128B
  8
CUT
 10
90.14844502121119
 20
701.5106702540002
 30
0.0
 70
0
  0
VERTEX
  5
128C
  8
CUT
 10
86.20838421223878
 20
699.8142915069609
 30
0.0
 70
0
  0
VERTEX
  5
128D
  8
CUT
 10
82.3336979660667
 20
697.9734801300046
 30
0.0
 70
0
  0
VERTEX
  5
128E
  8
CUT
 10
78.52967863803653
 20
695.9907504500484
 30
0.0
 70
0
  0
VERTEX
  5
128F
  8
CUT
 10
74.80152206097993
 20
693.8688106373402
 30
0.0
 70
0
  0
VERTEX
  5
1290
  8
CUT
 10
71.15432044833591
 20
691.6105590064243
 30
0.0
 70
0
  0
VERTEX
  5
1291
  8
CUT
 10
67.59305543879998
 20
689.2190800573926
 30
0.0
 70
0
  0
VERTEX
  5
1292
  8
CUT
 10
64.1225912920046
 20
686.697640262828
 30
0.0
 70
0
  0
VERTEX
  5
1293
  8
CUT
 10
60.7476682445259
 20
684.0496836061956
 30
0.0
 70
0
  0
VERTEX
  5
1294
  8
CUT
 10
57.472896035290574
 20
681.2788268777763
 30
0.0
 70
0
  0
VERTEX
  5
1295
  8
CUT
 10
54.302747609227026
 20
678.3888547345656
 30
0.0
 70
0
  0
VERTEX
  5
1296
  8
CUT
 10
51.2415530077607
 20
675.3837145308879
 30
0.0
 70
0
  0
VERTEX
  5
1297
  8
CUT
 10
48.293493454498176
 20
672.267510926785
 30
0.0
 70
0
  0
VERTEX
  5
1298
  8
CUT
 10
45.462595644178734
 20
669.0445002815442
 30
0.0
 70
0
  0
VERTEX
  5
1299
  8
CUT
 10
42.75272624269385
 20
665.7190848400237
 30
0.0
 70
0
  0
VERTEX
  5
129A
  8
CUT
 10
40.16758660568644
 20
662.2958067197156
 30
0.0
 70
0
  0
VERTEX
  5
129B
  8
CUT
 10
37.71070772294442
 20
658.7793417067597
 30
0.0
 70
0
  0
VERTEX
  5
129C
  8
CUT
 10
35.38544539549338
 20
655.174492869382
 30
0.0
 70
0
  0
VERTEX
  5
129D
  8
CUT
 10
33.19497565197598
 20
651.4861839974812
 30
0.0
 70
0
  0
VERTEX
  5
129E
  8
CUT
 10
31.14229041057898
 20
647.7194528773246
 30
0.0
 70
0
  0
VERTEX
  5
129F
  8
CUT
 10
29.230193392432696
 20
643.8794444105366
 30
0.0
 70
0
  0
VERTEX
  5
12A0
  8
CUT
 10
27.46129629206534
 20
639.9714035867837
 30
0.0
 70
0
  0
VERTEX
  5
12A1
  8
CUT
 10
25.838015210142373
 20
636.0006683197485
 30
0.0
 70
0
  0
VERTEX
  5
12A2
  8
CUT
 10
24.362567353363644
 20
631.9726621561815
 30
0.0
 70
0
  0
VERTEX
  5
12A3
  8
CUT
 10
23.036968006025702
 20
627.8928868679893
 30
0.0
 70
0
  0
VERTEX
  5
12A4
  8
CUT
 10
21.863027777385923
 20
623.7669149374755
 30
0.0
 70
0
  0
VERTEX
  5
12A5
  8
CUT
 10
20.84235012858801
 20
619.6003819460003
 30
0.0
 70
0
  0
VERTEX
  5
12A6
  8
CUT
 10
19.97632918252694
 20
615.3989788764543
 30
0.0
 70
0
  0
VERTEX
  5
12A7
  8
CUT
 10
19.26614781964477
 20
611.1684443400604
 30
0.0
 70
0
  0
VERTEX
  5
12A8
  8
CUT
 10
18.712776062258342
 20
606.9145567381211
 30
0.0
 70
0
  0
VERTEX
  5
12A9
  8
CUT
 10
18.316969749625287
 20
602.643126369417
 30
0.0
 70
0
  0
VERTEX
  5
12AA
  8
CUT
 10
18.079269505558713
 20
598.3599874940387
 30
0.0
 70
0
  0
VERTEX
  5
12AB
  8
CUT
 10
18.0
 20
594.0709903644879
 30
0.0
 70
0
  0
VERTEX
  5
12AC
  8
CUT
 10
18.079269505558713
 20
589.7819932349371
 30
0.0
 70
0
  0
VERTEX
  5
12AD
  8
CUT
 10
18.316969749625287
 20
585.4988543595588
 30
0.0
 70
0
  0
VERTEX
  5
12AE
  8
CUT
 10
18.712776062258342
 20
581.2274239908547
 30
0.0
 70
0
  0
VERTEX
  5
12AF
  8
CUT
 10
19.26614781964477
 20
576.9735363889154
 30
0.0
 70
0
  0
VERTEX
  5
12B0
  8
CUT
 10
19.97632918252694
 20
572.7430018525215
 30
0.0
 70
0
  0
VERTEX
  5
12B1
  8
CUT
 10
20.84235012858801
 20
568.5415987829755
 30
0.0
 70
0
  0
VERTEX
  5
12B2
  8
CUT
 10
21.863027777385923
 20
564.3750657915003
 30
0.0
 70
0
  0
VERTEX
  5
12B3
  8
CUT
 10
23.03696800602569
 20
560.2490938609865
 30
0.0
 70
0
  0
VERTEX
  5
12B4
  8
CUT
 10
24.36256735336363
 20
556.1693185727943
 30
0.0
 70
0
  0
VERTEX
  5
12B5
  8
CUT
 10
25.83801521014236
 20
552.1413124092273
 30
0.0
 70
0
  0
VERTEX
  5
12B6
  8
CUT
 10
27.461296292065327
 20
548.1705771421921
 30
0.0
 70
0
  0
VERTEX
  5
12B7
  8
CUT
 10
29.230193392432696
 20
544.2625363184392
 30
0.0
 70
0
  0
VERTEX
  5
12B8
  8
CUT
 10
31.142290410578966
 20
540.4225278516514
 30
0.0
 70
0
  0
VERTEX
  5
12B9
  8
CUT
 10
33.194975651975966
 20
536.6557967314945
 30
0.0
 70
0
  0
VERTEX
  5
12BA
  8
CUT
 10
35.38544539549336
 20
532.9674878595938
 30
0.0
 70
0
  0
VERTEX
  5
12BB
  8
CUT
 10
37.71070772294439
 20
529.3626390222161
 30
0.0
 70
0
  0
VERTEX
  5
12BC
  8
CUT
 10
40.16758660568641
 20
525.8461740092602
 30
0.0
 70
0
  0
VERTEX
  5
12BD
  8
CUT
 10
42.752726242693825
 20
522.4228958889521
 30
0.0
 70
0
  0
VERTEX
  5
12BE
  8
CUT
 10
45.462595644178705
 20
519.0974804474316
 30
0.0
 70
0
  0
VERTEX
  5
12BF
  8
CUT
 10
48.29349345449816
 20
515.8744698021908
 30
0.0
 70
0
  0
VERTEX
  5
12C0
  8
CUT
 10
51.241553007760686
 20
512.7582661980879
 30
0.0
 70
0
  0
VERTEX
  5
12C1
  8
CUT
 10
54.30274760922701
 20
509.7531259944102
 30
0.0
 70
0
  0
VERTEX
  5
12C2
  8
CUT
 10
57.47289603529052
 20
506.86315385119957
 30
0.0
 70
0
  0
VERTEX
  5
12C3
  8
CUT
 10
60.74766824452587
 20
504.0922971227802
 30
0.0
 70
0
  0
VERTEX
  5
12C4
  8
CUT
 10
64.12259129200457
 20
501.4443404661478
 30
0.0
 70
0
  0
VERTEX
  5
12C5
  8
CUT
 10
67.59305543879995
 20
498.92290067158314
 30
0.0
 70
0
  0
VERTEX
  5
12C6
  8
CUT
 10
71.15432044833591
 20
496.5314217225515
 30
0.0
 70
0
  0
VERTEX
  5
12C7
  8
CUT
 10
74.80152206097986
 20
494.27317009163573
 30
0.0
 70
0
  0
VERTEX
  5
12C8
  8
CUT
 10
78.52967863803656
 20
492.1512302789274
 30
0.0
 70
0
  0
VERTEX
  5
12C9
  8
CUT
 10
82.33369796606671
 20
490.16850059897115
 30
0.0
 70
0
  0
VERTEX
  5
12CA
  8
CUT
 10
86.20838421223877
 20
488.3276892220149
 30
0.0
 70
0
  0
VERTEX
  5
12CB
  8
CUT
 10
90.14844502121119
 20
486.6313104749757
 30
0.0
 70
0
  0
VERTEX
  5
12CC
  8
CUT
 10
94.14849874385322
 20
485.08168140717135
 30
0.0
 70
0
  0
VERTEX
  5
12CD
  8
CUT
 10
98.20308178793039
 20
483.68091862550966
 30
0.0
 70
0
  0
VERTEX
  5
12CE
  8
CUT
 10
102.30665608071423
 20
482.4309354034582
 30
0.0
 70
0
  0
VERTEX
  5
12CF
  8
CUT
 10
106.45361663332355
 20
481.33343906774275
 30
0.0
 70
0
  0
VERTEX
  5
12D0
  8
CUT
 10
110.63829919646494
 20
480.3899286663444
 30
0.0
 70
0
  0
VERTEX
  5
12D1
  8
CUT
 10
114.8549879971161
 20
479.6016929209803
 30
0.0
 70
0
  0
VERTEX
  5
12D2
  8
CUT
 10
119.09792354558415
 20
478.9698084668649
 30
0.0
 70
0
  0
VERTEX
  5
12D3
  8
CUT
 10
123.36131050227593
 20
478.4951383821556
 30
0.0
 70
0
  0
VERTEX
  5
12D4
  8
CUT
 10
127.63932559343434
 20
478.17833100909195
 30
0.0
 70
0
  0
VERTEX
  5
12D5
  8
CUT
 10
131.92612556503047
 20
478.01981906843804
 30
0.0
 70
0
  0
VERTEX
  5
12D6
  8
CUT
 10
136.21585516394538
 20
478.01981906843804
 30
0.0
 70
0
  0
VERTEX
  5
12D7
  8
CUT
 10
140.50265513554152
 20
478.17833100909195
 30
0.0
 70
0
  0
VERTEX
  5
12D8
  8
CUT
 10
144.78067022669995
 20
478.4951383821556
 30
0.0
 70
0
  0
VERTEX
  5
12D9
  8
CUT
 10
149.0440571833916
 20
478.9698084668649
 30
0.0
 70
0
  0
VERTEX
  5
12DA
  8
CUT
 10
153.28699273185975
 20
479.60169292098027
 30
0.0
 70
0
  0
VERTEX
  5
12DB
  8
CUT
 10
157.5036815325109
 20
480.38992866634436
 30
0.0
 70
0
  0
VERTEX
  5
12DC
  8
CUT
 10
161.68836409565233
 20
481.33343906774275
 30
0.0
 70
0
  0
VERTEX
  5
12DD
  8
CUT
 10
165.83532464826163
 20
482.4309354034582
 30
0.0
 70
0
  0
VERTEX
  5
12DE
  8
CUT
 10
169.93889894104547
 20
483.68091862550966
 30
0.0
 70
0
  0
VERTEX
  5
12DF
  8
CUT
 10
173.99348198512263
 20
485.08168140717135
 30
0.0
 70
0
  0
VERTEX
  5
12E0
  8
CUT
 10
177.9935357077647
 20
486.6313104749757
 30
0.0
 70
0
  0
VERTEX
  5
12E1
  8
CUT
 10
181.93359651673708
 20
488.3276892220149
 30
0.0
 70
0
  0
VERTEX
  5
12E2
  8
CUT
 10
185.80828276290916
 20
490.1685005989711
 30
0.0
 70
0
  0
VERTEX
  5
12E3
  8
CUT
 10
189.61230209093932
 20
492.1512302789274
 30
0.0
 70
0
  0
VERTEX
  5
12E4
  8
CUT
 10
193.3404586679959
 20
494.2731700916356
 30
0.0
 70
0
  0
VERTEX
  5
12E5
  8
CUT
 10
196.98766028063997
 20
496.5314217225515
 30
0.0
 70
0
  0
VERTEX
  5
12E6
  8
CUT
 10
200.54892529017593
 20
498.92290067158314
 30
0.0
 70
0
  0
VERTEX
  5
12E7
  8
CUT
 10
204.0193894369713
 20
501.44434046614776
 30
0.0
 70
0
  0
VERTEX
  5
12E8
  8
CUT
 10
207.39431248445
 20
504.09229712278017
 30
0.0
 70
0
  0
VERTEX
  5
12E9
  8
CUT
 10
210.6690846936853
 20
506.8631538511995
 30
0.0
 70
0
  0
VERTEX
  5
12EA
  8
CUT
 10
213.83923311974888
 20
509.7531259944102
 30
0.0
 70
0
  0
VERTEX
  5
12EB
  8
CUT
 10
216.90042772121524
 20
512.7582661980879
 30
0.0
 70
0
  0
VERTEX
  5
12EC
  8
CUT
 10
219.84848727447775
 20
515.8744698021909
 30
0.0
 70
0
  0
VERTEX
  5
12ED
  8
CUT
 10
222.67938508479716
 20
519.0974804474316
 30
0.0
 70
0
  0
VERTEX
  5
12EE
  8
CUT
 10
225.38925448628206
 20
522.4228958889521
 30
0.0
 70
0
  0
VERTEX
  5
12EF
  8
CUT
 10
227.97439412328947
 20
525.84617400926
 30
0.0
 70
0
  0
VERTEX
  5
12F0
  8
CUT
 10
230.4312730060315
 20
529.362639022216
 30
0.0
 70
0
  0
VERTEX
  5
12F1
  8
CUT
 10
232.75653533348253
 20
532.9674878595937
 30
0.0
 70
0
  0
VERTEX
  5
12F2
  8
CUT
 10
234.9470050769999
 20
536.6557967314944
 30
0.0
 70
0
  0
VERTEX
  5
12F3
  8
CUT
 10
236.9996903183969
 20
540.4225278516512
 30
0.0
 70
0
  0
VERTEX
  5
12F4
  8
CUT
 10
238.91178733654317
 20
544.2625363184391
 30
0.0
 70
0
  0
VERTEX
  5
12F5
  8
CUT
 10
240.68068443691055
 20
548.170577142192
 30
0.0
 70
0
  0
VERTEX
  5
12F6
  8
CUT
 10
242.30396551883354
 20
552.1413124092273
 30
0.0
 70
0
  0
VERTEX
  5
12F7
  8
CUT
 10
243.77941337561225
 20
556.1693185727943
 30
0.0
 70
0
  0
VERTEX
  5
12F8
  8
CUT
 10
245.10501272295022
 20
560.2490938609865
 30
0.0
 70
0
  0
VERTEX
  5
12F9
  8
CUT
 10
246.27895295158999
 20
564.3750657915003
 30
0.0
 70
0
  0
VERTEX
  5
12FA
  8
CUT
 10
247.2996306003879
 20
568.5415987829756
 30
0.0
 70
0
  0
VERTEX
  5
12FB
  8
CUT
 10
248.16565154644897
 20
572.7430018525215
 30
0.0
 70
0
  0
VERTEX
  5
12FC
  8
CUT
 10
248.87583290933114
 20
576.9735363889154
 30
0.0
 70
0
  0
VERTEX
  5
12FD
  8
CUT
 10
249.42920466671757
 20
581.2274239908547
 30
0.0
 70
0
  0
VERTEX
  5
12FE
  8
CUT
 10
249.82501097935062
 20
585.4988543595587
 30
0.0
 70
0
  0
VERTEX
  5
12FF
  8
CUT
 10
250.06271122341718
 20
589.7819932349371
 30
0.0
 70
0
  0
SEQEND
  5
1255
  8
CUT
  0
POLYLINE
  5
1300
  8
CUT
 66
1
 10
0.0
 20
0.0
 30
0.0
 70
1
  0
VERTEX
  5
1302
  8
CUT
 10
79.95898904804083
 20
531.0494436050903
 30
0.0
 70
0
  0
VERTEX
  5
1303
  8
CUT
 10
79.529719442778
 20
530.5167525211513
 30
0.0
 70
0
  0
VERTEX
  5
1304
  8
CUT
 10
79.22349162783856
 20
529.9049872800105
 30
0.0
 70
0
  0
VERTEX
  5
1305
  8
CUT
 10
79.05430213381881
 20
529.2421093877679
 30
0.0
 70
0
  0
VERTEX
  5
1306
  8
CUT
 10
79.02988398108498
 20
528.5584165190559
 30
0.0
 70
0
  0
VERTEX
  5
1307
  8
CUT
 10
79.1513532322714
 20
527.8851577234008
 30
0.0
 70
0
  0
VERTEX
  5
1308
  8
CUT
 10
79.41315798122258
 20
527.2531051477893
 30
0.0
 70
0
  0
VERTEX
  5
1309
  8
CUT
 10
79.80333210990418
 20
526.6911475566685
 30
0.0
 70
0
  0
VERTEX
  5
130A
  8
CUT
 10
80.30404221500149
 20
526.2249699343355
 30
0.0
 70
0
  0
VERTEX
  5
130B
  8
CUT
 10
80.89240270623176
 20
525.875879520159
 30
0.0
 70
0
  0
VERTEX
  5
130C
  8
CUT
 10
81.54152182126828
 20
525.6598319341857
 30
0.0
 70
0
  0
VERTEX
  5
130D
  8
CUT
 10
82.22173074783781
 20
525.5867019052934
 30
0.0
 70
0
  0
VERTEX
  5
130E
  8
CUT
 10
82.90193967440733
 20
525.6598319341857
 30
0.0
 70
0
  0
VERTEX
  5
130F
  8
CUT
 10
83.55105878944384
 20
525.875879520159
 30
0.0
 70
0
  0
VERTEX
  5
1310
  8
CUT
 10
84.13941928067412
 20
526.2249699343355
 30
0.0
 70
0
  0
VERTEX
  5
1311
  8
CUT
 10
84.64012938577143
 20
526.6911475566685
 30
0.0
 70
0
  0
VERTEX
  5
1312
  8
CUT
 10
85.03030351445302
 20
527.2531051477893
 30
0.0
 70
0
  0
VERTEX
  5
1313
  8
CUT
 10
85.29210826340419
 20
527.8851577234009
 30
0.0
 70
0
  0
VERTEX
  5
1314
  8
CUT
 10
85.41357751459061
 20
528.5584165190559
 30
0.0
 70
0
  0
VERTEX
  5
1315
  8
CUT
 10
85.38915936185678
 20
529.2421093877679
 30
0.0
 70
0
  0
VERTEX
  5
1316
  8
CUT
 10
85.21996986783704
 20
529.9049872800106
 30
0.0
 70
0
  0
VERTEX
  5
1317
  8
CUT
 10
84.91374205289758
 20
530.5167525211514
 30
0.0
 70
0
  0
VERTEX
  5
1318
  8
CUT
 10
84.48447244763474
 20
531.0494436050903
 30
0.0
 70
0
  0
VERTEX
  5
1319
  8
CUT
 10
108.95036707668928
 20
555.5153382341449
 30
0.0
 70
0
  0
VERTEX
  5
131A
  8
CUT
 10
109.48305816062832
 20
555.0860686288821
 30
0.0
 70
0
  0
VERTEX
  5
131B
  8
CUT
 10
110.0948234017691
 20
554.7798408139427
 30
0.0
 70
0
  0
VERTEX
  5
131C
  8
CUT
 10
110.75770129401171
 20
554.6106513199229
 30
0.0
 70
0
  0
VERTEX
  5
131D
  8
CUT
 10
111.44139416272377
 20
554.586233167189
 30
0.0
 70
0
  0
VERTEX
  5
131E
  8
CUT
 10
112.1146529583788
 20
554.7077024183754
 30
0.0
 70
0
  0
VERTEX
  5
131F
  8
CUT
 10
112.74670553399041
 20
554.9695071673267
 30
0.0
 70
0
  0
VERTEX
  5
1320
  8
CUT
 10
113.30866312511112
 20
555.3596812960083
 30
0.0
 70
0
  0
VERTEX
  5
1321
  8
CUT
 10
113.77484074744417
 20
555.8603914011055
 30
0.0
 70
0
  0
VERTEX
  5
1322
  8
CUT
 10
114.12393116162067
 20
556.4487518923358
 30
0.0
 70
0
  0
VERTEX
  5
1323
  8
CUT
 10
114.33997874759393
 20
557.0978710073723
 30
0.0
 70
0
  0
VERTEX
  5
1324
  8
CUT
 10
114.41310877648621
 20
557.7780799339419
 30
0.0
 70
0
  0
VERTEX
  5
1325
  8
CUT
 10
114.33997874759393
 20
558.4582888605114
 30
0.0
 70
0
  0
VERTEX
  5
1326
  8
CUT
 10
114.12393116162067
 20
559.1074079755479
 30
0.0
 70
0
  0
VERTEX
  5
1327
  8
CUT
 10
113.77484074744417
 20
559.6957684667782
 30
0.0
 70
0
  0
VERTEX
  5
1328
  8
CUT
 10
113.30866312511112
 20
560.1964785718754
 30
0.0
 70
0
  0
VERTEX
  5
1329
  8
CUT
 10
112.74670553399041
 20
560.586652700557
 30
0.0
 70
0
  0
VERTEX
  5
132A
  8
CUT
 10
112.1146529583788
 20
560.8484574495083
 30
0.0
 70
0
  0
VERTEX
  5
132B
  8
CUT
 10
111.44139416272377
 20
560.9699267006947
 30
0.0
 70
0
  0
VERTEX
  5
132C
  8
CUT
 10
110.75770129401171
 20
560.9455085479608
 30
0.0
 70
0
  0
VERTEX
  5
132D
  8
CUT
 10
110.09482340176912
 20
560.776319053941
 30
0.0
 70
0
  0
VERTEX
  5
132E
  8
CUT
 10
109.48305816062832
 20
560.4700912390016
 30
0.0
 70
0
  0
VERTEX
  5
132F
  8
CUT
 10
108.95036707668929
 20
560.0408216337388
 30
0.0
 70
0
  0
VERTEX
  5
1330
  8
CUT
 10
100.04082163373879
 20
568.9503670766893
 30
0.0
 70
0
  0
VERTEX
  5
1331
  8
CUT
 10
100.47009123900162
 20
569.4830581606284
 30
0.0
 70
0
  0
VERTEX
  5
1332
  8
CUT
 10
100.77631905394107
 20
570.0948234017692
 30
0.0
 70
0
  0
VERTEX
  5
1333
  8
CUT
 10
100.94550854796081
 20
570.7577012940118
 30
0.0
 70
0
  0
VERTEX
  5
1334
  8
CUT
 10
100.96992670069464
 20
571.4413941627238
 30
0.0
 70
0
  0
VERTEX
  5
1335
  8
CUT
 10
100.84845744950822
 20
572.1146529583789
 30
0.0
 70
0
  0
VERTEX
  5
1336
  8
CUT
 10
100.58665270055704
 20
572.7467055339904
 30
0.0
 70
0
  0
VERTEX
  5
1337
  8
CUT
 10
100.19647857187545
 20
573.3086631251111
 30
0.0
 70
0
  0
VERTEX
  5
1338
  8
CUT
 10
99.69576846677813
 20
573.7748407474442
 30
0.0
 70
0
  0
VERTEX
  5
1339
  8
CUT
 10
99.10740797554786
 20
574.1239311616207
 30
0.0
 70
0
  0
VERTEX
  5
133A
  8
CUT
 10
98.45828886051135
 20
574.3399787475939
 30
0.0
 70
0
  0
VERTEX
  5
133B
  8
CUT
 10
97.77807993394181
 20
574.4131087764863
 30
0.0
 70
0
  0
VERTEX
  5
133C
  8
CUT
 10
97.09787100737229
 20
574.3399787475939
 30
0.0
 70
0
  0
VERTEX
  5
133D
  8
CUT
 10
96.44875189233578
 20
574.1239311616207
 30
0.0
 70
0
  0
VERTEX
  5
133E
  8
CUT
 10
95.8603914011055
 20
573.7748407474442
 30
0.0
 70
0
  0
VERTEX
  5
133F
  8
CUT
 10
95.35968129600819
 20
573.3086631251111
 30
0.0
 70
0
  0
VERTEX
  5
1340
  8
CUT
 10
94.9695071673266
 20
572.7467055339904
 30
0.0
 70
0
  0
VERTEX
  5
1341
  8
CUT
 10
94.70770241837543
 20
572.1146529583788
 30
0.0
 70
0
  0
VERTEX
  5
1342
  8
CUT
 10
94.58623316718901
 20
571.4413941627238
 30
0.0
 70
0
  0
VERTEX
  5
1343
  8
CUT
 10
94.61065131992284
 20
570.7577012940118
 30
0.0
 70
0
  0
VERTEX
  5
1344
  8
CUT
 10
94.77984081394258
 20
570.0948234017691
 30
0.0
 70
0
  0
VERTEX
  5
1345
  8
CUT
 10
95.08606862888205
 20
569.4830581606283
 30
0.0
 70
0
  0
VERTEX
  5
1346
  8
CUT
 10
95.51533823414488
 20
568.9503670766893
 30
0.0
 70
0
  0
VERTEX
  5
1347
  8
CUT
 10
71.04944360509035
 20
544.4844724476347
 30
0.0
 70
0
  0
VERTEX
  5
1348
  8
CUT
 10
70.5167525211513
 20
544.9137420528975
 30
0.0
 70
0
  0
VERTEX
  5
1349
  8
CUT
 10
69.90498728001052
 20
545.219969867837
 30
0.0
 70
0
  0
VERTEX
  5
134A
  8
CUT
 10
69.24210938776791
 20
545.3891593618567
 30
0.0
 70
0
  0
VERTEX
  5
134B
  8
CUT
 10
68.55841651905585
 20
545.4135775145907
 30
0.0
 70
0
  0
VERTEX
  5
134C
  8
CUT
 10
67.88515772340082
 20
545.2921082634042
 30
0.0
 70
0
  0
VERTEX
  5
134D
  8
CUT
 10
67.25310514778921
 20
545.030303514453
 30
0.0
 70
0
  0
VERTEX
  5
134E
  8
CUT
 10
66.6911475566685
 20
544.6401293857714
 30
0.0
 70
0
  0
VERTEX
  5
134F
  8
CUT
 10
66.22496993433545
 20
544.1394192806741
 30
0.0
 70
0
  0
VERTEX
  5
1350
  8
CUT
 10
65.87587952015895
 20
543.5510587894438
 30
0.0
 70
0
  0
VERTEX
  5
1351
  8
CUT
 10
65.65983193418569
 20
542.9019396744073
 30
0.0
 70
0
  0
VERTEX
  5
1352
  8
CUT
 10
65.58670190529341
 20
542.2217307478378
 30
0.0
 70
0
  0
VERTEX
  5
1353
  8
CUT
 10
65.65983193418569
 20
541.5415218212682
 30
0.0
 70
0
  0
VERTEX
  5
1354
  8
CUT
 10
65.87587952015895
 20
540.8924027062318
 30
0.0
 70
0
  0
VERTEX
  5
1355
  8
CUT
 10
66.22496993433545
 20
540.3040422150015
 30
0.0
 70
0
  0
VERTEX
  5
1356
  8
CUT
 10
66.69114755666848
 20
539.8033321099042
 30
0.0
 70
0
  0
VERTEX
  5
1357
  8
CUT
 10
67.25310514778921
 20
539.4131579812226
 30
0.0
 70
0
  0
VERTEX
  5
1358
  8
CUT
 10
67.88515772340082
 20
539.1513532322714
 30
0.0
 70
0
  0
VERTEX
  5
1359
  8
CUT
 10
68.55841651905585
 20
539.0298839810849
 30
0.0
 70
0
  0
VERTEX
  5
135A
  8
CUT
 10
69.24210938776791
 20
539.0543021338189
 30
0.0
 70
0
  0
VERTEX
  5
135B
  8
CUT
 10
69.9049872800105
 20
539.2234916278386
 30
0.0
 70
0
  0
VERTEX
  5
135C
  8
CUT
 10
70.5167525211513
 20
539.5297194427781
 30
0.0
 70
0
  0
VERTEX
  5
135D
  8
CUT
 10
71.04944360509033
 20
539.9589890480408
 30
0.0
 70
0
  0
SEQEND
  5
1301
  8
CUT
  0
POLYLINE
  5
135E
  8
CUT
 66
1
 10
0.0
 20
0.0
 30
0.0
 70
1
  0
VERTEX
  5
1360
  8
CUT
 10
168.1011590952371
 20
619.1916136522866
 30
0.0
 70
0
  0
VERTEX
  5
1361
  8
CUT
 10
167.67188948997426
 20
618.6589225683476
 30
0.0
 70
0
  0
VERTEX
  5
1362
  8
CUT
 10
167.3656616750348
 20
618.0471573272068
 30
0.0
 70
0
  0
VERTEX
  5
1363
  8
CUT
 10
167.19647218101505
 20
617.3842794349641
 30
0.0
 70
0
  0
VERTEX
  5
1364
  8
CUT
 10
167.17205402828122
 20
616.7005865662521
 30
0.0
 70
0
  0
VERTEX
  5
1365
  8
CUT
 10
167.29352327946765
 20
616.027327770597
 30
0.0
 70
0
  0
VERTEX
  5
1366
  8
CUT
 10
167.5553280284188
 20
615.3952751949855
 30
0.0
 70
0
  0
VERTEX
  5
1367
  8
CUT
 10
167.9455021571004
 20
614.8333176038648
 30
0.0
 70
0
  0
VERTEX
  5
1368
  8
CUT
 10
168.44621226219775
 20
614.3671399815317
 30
0.0
 70
0
  0
VERTEX
  5
1369
  8
CUT
 10
169.03457275342802
 20
614.0180495673552
 30
0.0
 70
0
  0
VERTEX
  5
136A
  8
CUT
 10
169.68369186846454
 20
613.802001981382
 30
0.0
 70
0
  0
VERTEX
  5
136B
  8
CUT
 10
170.36390079503406
 20
613.7288719524896
 30
0.0
 70
0
  0
VERTEX
  5
136C
  8
CUT
 10
171.04410972160358
 20
613.802001981382
 30
0.0
 70
0
  0
VERTEX
  5
136D
  8
CUT
 10
171.6932288366401
 20
614.0180495673552
 30
0.0
 70
0
  0
VERTEX
  5
136E
  8
CUT
 10
172.28158932787036
 20
614.3671399815316
 30
0.0
 70
0
  0
VERTEX
  5
136F
  8
CUT
 10
172.7822994329677
 20
614.8333176038648
 30
0.0
 70
0
  0
VERTEX
  5
1370
  8
CUT
 10
173.1724735616493
 20
615.3952751949855
 30
0.0
 70
0
  0
VERTEX
  5
1371
  8
CUT
 10
173.43427831060046
 20
616.027327770597
 30
0.0
 70
0
  0
VERTEX
  5
1372
  8
CUT
 10
173.5557475617869
 20
616.7005865662521
 30
0.0
 70
0
  0
VERTEX
  5
1373
  8
CUT
 10
173.53132940905306
 20
617.3842794349641
 30
0.0
 70
0
  0
VERTEX
  5
1374
  8
CUT
 10
173.3621399150333
 20
618.0471573272067
 30
0.0
 70
0
  0
VERTEX
  5
1375
  8
CUT
 10
173.05591210009385
 20
618.6589225683476
 30
0.0
 70
0
  0
VERTEX
  5
1376
  8
CUT
 10
172.62664249483103
 20
619.1916136522866
 30
0.0
 70
0
  0
VERTEX
  5
1377
  8
CUT
 10
197.09253712388556
 20
643.6575082813412
 30
0.0
 70
0
  0
VERTEX
  5
1378
  8
CUT
 10
197.6252282078246
 20
643.2282386760784
 30
0.0
 70
0
  0
VERTEX
  5
1379
  8
CUT
 10
198.2369934489654
 20
642.9220108611389
 30
0.0
 70
0
  0
VERTEX
  5
137A
  8
CUT
 10
198.899871341208
 20
642.7528213671192
 30
0.0
 70
0
  0
VERTEX
  5
137B
  8
CUT
 10
199.58356420992004
 20
642.7284032143853
 30
0.0
 70
0
  0
VERTEX
  5
137C
  8
CUT
 10
200.2568230055751
 20
642.8498724655717
 30
0.0
 70
0
  0
VERTEX
  5
137D
  8
CUT
 10
200.88887558118668
 20
643.111677214523
 30
0.0
 70
0
  0
VERTEX
  5
137E
  8
CUT
 10
201.45083317230743
 20
643.5018513432045
 30
0.0
 70
0
  0
VERTEX
  5
137F
  8
CUT
 10
201.91701079464045
 20
644.0025614483018
 30
0.0
 70
0
  0
VERTEX
  5
1380
  8
CUT
 10
202.26610120881696
 20
644.5909219395321
 30
0.0
 70
0
  0
VERTEX
  5
1381
  8
CUT
 10
202.48214879479022
 20
645.2400410545686
 30
0.0
 70
0
  0
VERTEX
  5
1382
  8
CUT
 10
202.5552788236825
 20
645.9202499811381
 30
0.0
 70
0
  0
VERTEX
  5
1383
  8
CUT
 10
202.48214879479022
 20
646.6004589077077
 30
0.0
 70
0
  0
VERTEX
  5
1384
  8
CUT
 10
202.26610120881696
 20
647.2495780227441
 30
0.0
 70
0
  0
VERTEX
  5
1385
  8
CUT
 10
201.91701079464045
 20
647.8379385139744
 30
0.0
 70
0
  0
VERTEX
  5
1386
  8
CUT
 10
201.45083317230743
 20
648.3386486190717
 30
0.0
 70
0
  0
VERTEX
  5
1387
  8
CUT
 10
200.88887558118668
 20
648.7288227477533
 30
0.0
 70
0
  0
VERTEX
  5
1388
  8
CUT
 10
200.2568230055751
 20
648.9906274967045
 30
0.0
 70
0
  0
VERTEX
  5
1389
  8
CUT
 10
199.58356420992004
 20
649.112096747891
 30
0.0
 70
0
  0
VERTEX
  5
138A
  8
CUT
 10
198.899871341208
 20
649.0876785951571
 30
0.0
 70
0
  0
VERTEX
  5
138B
  8
CUT
 10
198.2369934489654
 20
648.9184891011373
 30
0.0
 70
0
  0
VERTEX
  5
138C
  8
CUT
 10
197.6252282078246
 20
648.6122612861978
 30
0.0
 70
0
  0
VERTEX
  5
138D
  8
CUT
 10
197.09253712388556
 20
648.1829916809351
 30
0.0
 70
0
  0
VERTEX
  5
138E
  8
CUT
 10
188.18299168093506
 20
657.0925371238856
 30
0.0
 70
0
  0
VERTEX
  5
138F
  8
CUT
 10
188.61226128619788
 20
657.6252282078246
 30
0.0
 70
0
  0
VERTEX
  5
1390
  8
CUT
 10
188.91848910113734
 20
658.2369934489654
 30
0.0
 70
0
  0
VERTEX
  5
1391
  8
CUT
 10
189.0876785951571
 20
658.899871341208
 30
0.0
 70
0
  0
VERTEX
  5
1392
  8
CUT
 10
189.11209674789092
 20
659.58356420992
 30
0.0
 70
0
  0
VERTEX
  5
1393
  8
CUT
 10
188.9906274967045
 20
660.256823005575
 30
0.0
 70
0
  0
VERTEX
  5
1394
  8
CUT
 10
188.72882274775333
 20
660.8888755811867
 30
0.0
 70
0
  0
VERTEX
  5
1395
  8
CUT
 10
188.33864861907173
 20
661.4508331723074
 30
0.0
 70
0
  0
VERTEX
  5
1396
  8
CUT
 10
187.83793851397442
 20
661.9170107946404
 30
0.0
 70
0
  0
VERTEX
  5
1397
  8
CUT
 10
187.24957802274415
 20
662.266101208817
 30
0.0
 70
0
  0
VERTEX
  5
1398
  8
CUT
 10
186.60045890770763
 20
662.4821487947902
 30
0.0
 70
0
  0
VERTEX
  5
1399
  8
CUT
 10
185.9202499811381
 20
662.5552788236826
 30
0.0
 70
0
  0
VERTEX
  5
139A
  8
CUT
 10
185.2400410545686
 20
662.4821487947902
 30
0.0
 70
0
  0
VERTEX
  5
139B
  8
CUT
 10
184.59092193953208
 20
662.266101208817
 30
0.0
 70
0
  0
VERTEX
  5
139C
  8
CUT
 10
184.0025614483018
 20
661.9170107946404
 30
0.0
 70
0
  0
VERTEX
  5
139D
  8
CUT
 10
183.5018513432045
 20
661.4508331723074
 30
0.0
 70
0
  0
VERTEX
  5
139E
  8
CUT
 10
183.1116772145229
 20
660.8888755811867
 30
0.0
 70
0
  0
VERTEX
  5
139F
  8
CUT
 10
182.84987246557174
 20
660.256823005575
 30
0.0
 70
0
  0
VERTEX
  5
13A0
  8
CUT
 10
182.7284032143853
 20
659.58356420992
 30
0.0
 70
0
  0
VERTEX
  5
13A1
  8
CUT
 10
182.75282136711914
 20
658.899871341208
 30
0.0
 70
0
  0
VERTEX
  5
13A2
  8
CUT
 10
182.9220108611389
 20
658.2369934489654
 30
0.0
 70
0
  0
VERTEX
  5
13A3
  8
CUT
 10
183.22823867607835
 20
657.6252282078246
 30
0.0
 70
0
  0
VERTEX
  5
13A4
  8
CUT
 10
183.65750828134117
 20
657.0925371238856
 30
0.0
 70
0
  0
VERTEX
  5
13A5
  8
CUT
 10
159.19161365228663
 20
632.626642494831
 30
0.0
 70
0
  0
VERTEX
  5
13A6
  8
CUT
 10
158.6589225683476
 20
633.0559121000938
 30
0.0
 70
0
  0
VERTEX
  5
13A7
  8
CUT
 10
158.0471573272068
 20
633.3621399150333
 30
0.0
 70
0
  0
VERTEX
  5
13A8
  8
CUT
 10
157.38427943496418
 20
633.531329409053
 30
0.0
 70
0
  0
VERTEX
  5
13A9
  8
CUT
 10
156.70058656625216
 20
633.5557475617869
 30
0.0
 70
0
  0
VERTEX
  5
13AA
  8
CUT
 10
156.0273277705971
 20
633.4342783106005
 30
0.0
 70
0
  0
VERTEX
  5
13AB
  8
CUT
 10
155.39527519498552
 20
633.1724735616492
 30
0.0
 70
0
  0
VERTEX
  5
13AC
  8
CUT
 10
154.83331760386477
 20
632.7822994329676
 30
0.0
 70
0
  0
VERTEX
  5
13AD
  8
CUT
 10
154.36713998153175
 20
632.2815893278704
 30
0.0
 70
0
  0
VERTEX
  5
13AE
  8
CUT
 10
154.01804956735523
 20
631.6932288366401
 30
0.0
 70
0
  0
VERTEX
  5
13AF
  8
CUT
 10
153.80200198138198
 20
631.0441097216036
 30
0.0
 70
0
  0
VERTEX
  5
13B0
  8
CUT
 10
153.7288719524897
 20
630.363900795034
 30
0.0
 70
0
  0
VERTEX
  5
13B1
  8
CUT
 10
153.80200198138198
 20
629.6836918684645
 30
0.0
 70
0
  0
VERTEX
  5
13B2
  8
CUT
 10
154.01804956735523
 20
629.034572753428
 30
0.0
 70
0
  0
VERTEX
  5
13B3
  8
CUT
 10
154.36713998153175
 20
628.4462122621977
 30
0.0
 70
0
  0
VERTEX
  5
13B4
  8
CUT
 10
154.83331760386477
 20
627.9455021571005
 30
0.0
 70
0
  0
VERTEX
  5
13B5
  8
CUT
 10
155.39527519498552
 20
627.5553280284189
 30
0.0
 70
0
  0
VERTEX
  5
13B6
  8
CUT
 10
156.0273277705971
 20
627.2935232794676
 30
0.0
 70
0
  0
VERTEX
  5
13B7
  8
CUT
 10
156.70058656625213
 20
627.1720540282812
 30
0.0
 70
0
  0
VERTEX
  5
13B8
  8
CUT
 10
157.38427943496418
 20
627.1964721810151
 30
0.0
 70
0
  0
VERTEX
  5
13B9
  8
CUT
 10
158.0471573272068
 20
627.3656616750349
 30
0.0
 70
0
  0
VERTEX
  5
13BA
  8
CUT
 10
158.6589225683476
 20
627.6718894899743
 30
0.0
 70
0
  0
VERTEX
  5
13BB
  8
CUT
 10
159.19161365228663
 20
628.1011590952371
 30
0.0
 70
0
  0
SEQEND
  5
135F
  8
CUT
  0
POLYLINE
  5
13BC
  8
CUT
 66
1
 10
0.0
 20
0.0
 30
0.0
 70
1
  0
VERTEX
  5
13BE
  8
CUT
 10
197.09253712388556
 20
539.9589890480408
 30
0.0
 70
0
  0
VERTEX
  5
13BF
  8
CUT
 10
197.6252282078246
 20
539.5297194427781
 30
0.0
 70
0
  0
VERTEX
  5
13C0
  8
CUT
 10
198.2369934489654
 20
539.2234916278386
 30
0.0
 70
0
  0
VERTEX
  5
13C1
  8
CUT
 10
198.899871341208
 20
539.0543021338189
 30
0.0
 70
0
  0
VERTEX
  5
13C2
  8
CUT
 10
199.58356420992004
 20
539.0298839810849
 30
0.0
 70
0
  0
VERTEX
  5
13C3
  8
CUT
 10
200.2568230055751
 20
539.1513532322714
 30
0.0
 70
0
  0
VERTEX
  5
13C4
  8
CUT
 10
200.88887558118668
 20
539.4131579812226
 30
0.0
 70
0
  0
VERTEX
  5
13C5
  8
CUT
 10
201.45083317230743
 20
539.8033321099042
 30
0.0
 70
0
  0
VERTEX
  5
13C6
  8
CUT
 10
201.91701079464045
 20
540.3040422150015
 30
0.0
 70
0
  0
VERTEX
  5
13C7
  8
CUT
 10
202.26610120881696
 20
540.8924027062318
 30
0.0
 70
0
  0
VERTEX
  5
13C8
  8
CUT
 10
202.48214879479022
 20
541.5415218212682
 30
0.0
 70
0
  0
VERTEX
  5
13C9
  8
CUT
 10
202.5552788236825
 20
542.2217307478378
 30
0.0
 70
0
  0
VERTEX
  5
13CA
  8
CUT
 10
202.48214879479022
 20
542.9019396744073
 30
0.0
 70
0
  0
VERTEX
  5
13CB
  8
CUT
 10
202.26610120881696
 20
543.5510587894438
 30
0.0
 70
0
  0
VERTEX
  5
13CC
  8
CUT
 10
201.91701079464045
 20
544.1394192806741
 30
0.0
 70
0
  0
VERTEX
  5
13CD
  8
CUT
 10
201.45083317230743
 20
544.6401293857714
 30
0.0
 70
0
  0
VERTEX
  5
13CE
  8
CUT
 10
200.88887558118668
 20
545.030303514453
 30
0.0
 70
0
  0
VERTEX
  5
13CF
  8
CUT
 10
200.2568230055751
 20
545.2921082634042
 30
0.0
 70
0
  0
VERTEX
  5
13D0
  8
CUT
 10
199.58356420992004
 20
545.4135775145907
 30
0.0
 70
0
  0
VERTEX
  5
13D1
  8
CUT
 10
198.899871341208
 20
545.3891593618567
 30
0.0
 70
0
  0
VERTEX
  5
13D2
  8
CUT
 10
198.2369934489654
 20
545.219969867837
 30
0.0
 70
0
  0
VERTEX
  5
13D3
  8
CUT
 10
197.6252282078246
 20
544.9137420528975
 30
0.0
 70
0
  0
VERTEX
  5
13D4
  8
CUT
 10
197.09253712388556
 20
544.4844724476347
 30
0.0
 70
0
  0
VERTEX
  5
13D5
  8
CUT
 10
172.626642494831
 20
568.9503670766893
 30
0.0
 70
0
  0
VERTEX
  5
13D6
  8
CUT
 10
173.05591210009382
 20
569.4830581606284
 30
0.0
 70
0
  0
VERTEX
  5
13D7
  8
CUT
 10
173.36213991503328
 20
570.0948234017692
 30
0.0
 70
0
  0
VERTEX
  5
13D8
  8
CUT
 10
173.53132940905303
 20
570.7577012940118
 30
0.0
 70
0
  0
VERTEX
  5
13D9
  8
CUT
 10
173.55574756178686
 20
571.4413941627238
 30
0.0
 70
0
  0
VERTEX
  5
13DA
  8
CUT
 10
173.43427831060043
 20
572.1146529583788
 30
0.0
 70
0
  0
VERTEX
  5
13DB
  8
CUT
 10
173.17247356164927
 20
572.7467055339904
 30
0.0
 70
0
  0
VERTEX
  5
13DC
  8
CUT
 10
172.78229943296768
 20
573.3086631251111
 30
0.0
 70
0
  0
VERTEX
  5
13DD
  8
CUT
 10
172.28158932787036
 20
573.7748407474442
 30
0.0
 70
0
  0
VERTEX
  5
13DE
  8
CUT
 10
171.6932288366401
 20
574.1239311616207
 30
0.0
 70
0
  0
VERTEX
  5
13DF
  8
CUT
 10
171.04410972160358
 20
574.3399787475939
 30
0.0
 70
0
  0
VERTEX
  5
13E0
  8
CUT
 10
170.36390079503406
 20
574.4131087764863
 30
0.0
 70
0
  0
VERTEX
  5
13E1
  8
CUT
 10
169.68369186846454
 20
574.3399787475939
 30
0.0
 70
0
  0
VERTEX
  5
13E2
  8
CUT
 10
169.03457275342802
 20
574.1239311616207
 30
0.0
 70
0
  0
VERTEX
  5
13E3
  8
CUT
 10
168.44621226219775
 20
573.7748407474442
 30
0.0
 70
0
  0
VERTEX
  5
13E4
  8
CUT
 10
167.94550215710044
 20
573.3086631251111
 30
0.0
 70
0
  0
VERTEX
  5
13E5
  8
CUT
 10
167.55532802841884
 20
572.7467055339904
 30
0.0
 70
0
  0
VERTEX
  5
13E6
  8
CUT
 10
167.29352327946768
 20
572.1146529583788
 30
0.0
 70
0
  0
VERTEX
  5
13E7
  8
CUT
 10
167.17205402828125
 20
571.4413941627238
 30
0.0
 70
0
  0
VERTEX
  5
13E8
  8
CUT
 10
167.19647218101508
 20
570.7577012940118
 30
0.0
 70
0
  0
VERTEX
  5
13E9
  8
CUT
 10
167.36566167503483
 20
570.0948234017692
 30
0.0
 70
0
  0
VERTEX
  5
13EA
  8
CUT
 10
167.6718894899743
 20
569.4830581606284
 30
0.0
 70
0
  0
VERTEX
  5
13EB
  8
CUT
 10
168.1011590952371
 20
568.9503670766893
 30
0.0
 70
0
  0
VERTEX
  5
13EC
  8
CUT
 10
159.1916136522866
 20
560.0408216337388
 30
0.0
 70
0
  0
VERTEX
  5
13ED
  8
CUT
 10
158.65892256834758
 20
560.4700912390016
 30
0.0
 70
0
  0
VERTEX
  5
13EE
  8
CUT
 10
158.04715732720678
 20
560.776319053941
 30
0.0
 70
0
  0
VERTEX
  5
13EF
  8
CUT
 10
157.38427943496416
 20
560.9455085479608
 30
0.0
 70
0
  0
VERTEX
  5
13F0
  8
CUT
 10
156.70058656625213
 20
560.9699267006947
 30
0.0
 70
0
  0
VERTEX
  5
13F1
  8
CUT
 10
156.02732777059708
 20
560.8484574495083
 30
0.0
 70
0
  0
VERTEX
  5
13F2
  8
CUT
 10
155.3952751949855
 20
560.586652700557
 30
0.0
 70
0
  0
VERTEX
  5
13F3
  8
CUT
 10
154.83331760386474
 20
560.1964785718754
 30
0.0
 70
0
  0
VERTEX
  5
13F4
  8
CUT
 10
154.36713998153172
 20
559.6957684667782
 30
0.0
 70
0
  0
VERTEX
  5
13F5
  8
CUT
 10
154.0180495673552
 20
559.1074079755479
 30
0.0
 70
0
  0
VERTEX
  5
13F6
  8
CUT
 10
153.80200198138195
 20
558.4582888605114
 30
0.0
 70
0
  0
VERTEX
  5
13F7
  8
CUT
 10
153.72887195248967
 20
557.7780799339419
 30
0.0
 70
0
  0
VERTEX
  5
13F8
  8
CUT
 10
153.80200198138195
 20
557.0978710073723
 30
0.0
 70
0
  0
VERTEX
  5
13F9
  8
CUT
 10
154.0180495673552
 20
556.4487518923358
 30
0.0
 70
0
  0
VERTEX
  5
13FA
  8
CUT
 10
154.36713998153172
 20
555.8603914011055
 30
0.0
 70
0
  0
VERTEX
  5
13FB
  8
CUT
 10
154.83331760386474
 20
555.3596812960083
 30
0.0
 70
0
  0
VERTEX
  5
13FC
  8
CUT
 10
155.3952751949855
 20
554.9695071673267
 30
0.0
 70
0
  0
VERTEX
  5
13FD
  8
CUT
 10
156.02732777059708
 20
554.7077024183754
 30
0.0
 70
0
  0
VERTEX
  5
13FE
  8
CUT
 10
156.7005865662521
 20
554.586233167189
 30
0.0
 70
0
  0
VERTEX
  5
13FF
  8
CUT
 10
157.38427943496416
 20
554.6106513199229
 30
0.0
 70
0
  0
VERTEX
  5
1400
  8
CUT
 10
158.04715732720678
 20
554.7798408139427
 30
0.0
 70
0
  0
VERTEX
  5
1401
  8
CUT
 10
158.65892256834758
 20
555.0860686288821
 30
0.0
 70
0
  0
VERTEX
  5
1402
  8
CUT
 10
159.1916136522866
 20
555.5153382341449
 30
0.0
 70
0
  0
VERTEX
  5
1403
  8
CUT
 10
183.65750828134117
 20
531.0494436050903
 30
0.0
 70
0
  0
VERTEX
  5
1404
  8
CUT
 10
183.22823867607835
 20
530.5167525211513
 30
0.0
 70
0
  0
VERTEX
  5
1405
  8
CUT
 10
182.9220108611389
 20
529.9049872800105
 30
0.0
 70
0
  0
VERTEX
  5
1406
  8
CUT
 10
182.75282136711914
 20
529.2421093877679
 30
0.0
 70
0
  0
VERTEX
  5
1407
  8
CUT
 10
182.7284032143853
 20
528.5584165190559
 30
0.0
 70
0
  0
VERTEX
  5
1408
  8
CUT
 10
182.84987246557174
 20
527.8851577234009
 30
0.0
 70
0
  0
VERTEX
  5
1409
  8
CUT
 10
183.1116772145229
 20
527.2531051477893
 30
0.0
 70
0
  0
VERTEX
  5
140A
  8
CUT
 10
183.5018513432045
 20
526.6911475566685
 30
0.0
 70
0
  0
VERTEX
  5
140B
  8
CUT
 10
184.0025614483018
 20
526.2249699343355
 30
0.0
 70
0
  0
VERTEX
  5
140C
  8
CUT
 10
184.59092193953208
 20
525.875879520159
 30
0.0
 70
0
  0
VERTEX
  5
140D
  8
CUT
 10
185.2400410545686
 20
525.6598319341857
 30
0.0
 70
0
  0
VERTEX
  5
140E
  8
CUT
 10
185.9202499811381
 20
525.5867019052934
 30
0.0
 70
0
  0
VERTEX
  5
140F
  8
CUT
 10
186.60045890770763
 20
525.6598319341857
 30
0.0
 70
0
  0
VERTEX
  5
1410
  8
CUT
 10
187.24957802274415
 20
525.875879520159
 30
0.0
 70
0
  0
VERTEX
  5
1411
  8
CUT
 10
187.83793851397442
 20
526.2249699343355
 30
0.0
 70
0
  0
VERTEX
  5
1412
  8
CUT
 10
188.33864861907173
 20
526.6911475566685
 30
0.0
 70
0
  0
VERTEX
  5
1413
  8
CUT
 10
188.72882274775333
 20
527.2531051477893
 30
0.0
 70
0
  0
VERTEX
  5
1414
  8
CUT
 10
188.9906274967045
 20
527.8851577234009
 30
0.0
 70
0
  0
VERTEX
  5
1415
  8
CUT
 10
189.11209674789092
 20
528.5584165190559
 30
0.0
 70
0
  0
VERTEX
  5
1416
  8
CUT
 10
189.0876785951571
 20
529.2421093877679
 30
0.0
 70
0
  0
VERTEX
  5
1417
  8
CUT
 10
188.91848910113734
 20
529.9049872800105
 30
0.0
 70
0
  0
VERTEX
  5
1418
  8
CUT
 10
188.61226128619788
 20
530.5167525211513
 30
0.0
 70
0
  0
VERTEX
  5
1419
  8
CUT
 10
188.18299168093506
 20
531.0494436050903
 30
0.0
 70
0
  0
SEQEND
  5
13BD
  8
CUT
  0
POLYLINE
  5
141A
  8
CUT
 66
1
 10
0.0
 20
0.0
 30
0.0
 70
1
  0
VERTEX
  5
141C
  8
CUT
 10
108.95036707668929
 20
628.1011590952371
 30
0.0
 70
0
  0
VERTEX
  5
141D
  8
CUT
 10
109.48305816062833
 20
627.6718894899743
 30
0.0
 70
0
  0
VERTEX
  5
141E
  8
CUT
 10
110.09482340176912
 20
627.3656616750349
 30
0.0
 70
0
  0
VERTEX
  5
141F
  8
CUT
 10
110.75770129401172
 20
627.1964721810151
 30
0.0
 70
0
  0
VERTEX
  5
1420
  8
CUT
 10
111.44139416272378
 20
627.1720540282812
 30
0.0
 70
0
  0
VERTEX
  5
1421
  8
CUT
 10
112.11465295837881
 20
627.2935232794676
 30
0.0
 70
0
  0
VERTEX
  5
1422
  8
CUT
 10
112.74670553399042
 20
627.5553280284189
 30
0.0
 70
0
  0
VERTEX
  5
1423
  8
CUT
 10
113.30866312511114
 20
627.9455021571005
 30
0.0
 70
0
  0
VERTEX
  5
1424
  8
CUT
 10
113.77484074744419
 20
628.4462122621977
 30
0.0
 70
0
  0
VERTEX
  5
1425
  8
CUT
 10
114.12393116162069
 20
629.034572753428
 30
0.0
 70
0
  0
VERTEX
  5
1426
  8
CUT
 10
114.33997874759395
 20
629.6836918684645
 30
0.0
 70
0
  0
VERTEX
  5
1427
  8
CUT
 10
114.41310877648623
 20
630.363900795034
 30
0.0
 70
0
  0
VERTEX
  5
1428
  8
CUT
 10
114.33997874759395
 20
631.0441097216036
 30
0.0
 70
0
  0
VERTEX
  5
1429
  8
CUT
 10
114.12393116162069
 20
631.6932288366401
 30
0.0
 70
0
  0
VERTEX
  5
142A
  8
CUT
 10
113.77484074744419
 20
632.2815893278704
 30
0.0
 70
0
  0
VERTEX
  5
142B
  8
CUT
 10
113.30866312511114
 20
632.7822994329676
 30
0.0
 70
0
  0
VERTEX
  5
142C
  8
CUT
 10
112.74670553399042
 20
633.1724735616492
 30
0.0
 70
0
  0
VERTEX
  5
142D
  8
CUT
 10
112.11465295837881
 20
633.4342783106005
 30
0.0
 70
0
  0
VERTEX
  5
142E
  8
CUT
 10
111.44139416272378
 20
633.5557475617869
 30
0.0
 70
0
  0
VERTEX
  5
142F
  8
CUT
 10
110.75770129401172
 20
633.531329409053
 30
0.0
 70
0
  0
VERTEX
  5
1430
  8
CUT
 10
110.09482340176913
 20
633.3621399150333
 30
0.0
 70
0
  0
VERTEX
  5
1431
  8
CUT
 10
109.48305816062833
 20
633.0559121000938
 30
0.0
 70
0
  0
VERTEX
  5
1432
  8
CUT
 10
108.95036707668929
 20
632.626642494831
 30
0.0
 70
0
  0
VERTEX
  5
1433
  8
CUT
 10
84.48447244763474
 20
657.0925371238856
 30
0.0
 70
0
  0
VERTEX
  5
1434
  8
CUT
 10
84.91374205289758
 20
657.6252282078246
 30
0.0
 70
0
  0
VERTEX
  5
1435
  8
CUT
 10
85.21996986783702
 20
658.2369934489654
 30
0.0
 70
0
  0
VERTEX
  5
1436
  8
CUT
 10
85.38915936185677
 20
658.899871341208
 30
0.0
 70
0
  0
VERTEX
  5
1437
  8
CUT
 10
85.4135775145906
 20
659.58356420992
 30
0.0
 70
0
  0
VERTEX
  5
1438
  8
CUT
 10
85.29210826340419
 20
660.256823005575
 30
0.0
 70
0
  0
VERTEX
  5
1439
  8
CUT
 10
85.03030351445301
 20
660.8888755811867
 30
0.0
 70
0
  0
VERTEX
  5
143A
  8
CUT
 10
84.64012938577142
 20
661.4508331723074
 30
0.0
 70
0
  0
VERTEX
  5
143B
  8
CUT
 10
84.1394192806741
 20
661.9170107946404
 30
0.0
 70
0
  0
VERTEX
  5
143C
  8
CUT
 10
83.55105878944383
 20
662.266101208817
 30
0.0
 70
0
  0
VERTEX
  5
143D
  8
CUT
 10
82.90193967440732
 20
662.4821487947902
 30
0.0
 70
0
  0
VERTEX
  5
143E
  8
CUT
 10
82.2217307478378
 20
662.5552788236826
 30
0.0
 70
0
  0
VERTEX
  5
143F
  8
CUT
 10
81.54152182126828
 20
662.4821487947902
 30
0.0
 70
0
  0
VERTEX
  5
1440
  8
CUT
 10
80.89240270623176
 20
662.266101208817
 30
0.0
 70
0
  0
VERTEX
  5
1441
  8
CUT
 10
80.30404221500149
 20
661.9170107946404
 30
0.0
 70
0
  0
VERTEX
  5
1442
  8
CUT
 10
79.80333210990418
 20
661.4508331723074
 30
0.0
 70
0
  0
VERTEX
  5
1443
  8
CUT
 10
79.41315798122258
 20
660.8888755811867
 30
0.0
 70
0
  0
VERTEX
  5
1444
  8
CUT
 10
79.15135323227142
 20
660.256823005575
 30
0.0
 70
0
  0
VERTEX
  5
1445
  8
CUT
 10
79.02988398108499
 20
659.58356420992
 30
0.0
 70
0
  0
VERTEX
  5
1446
  8
CUT
 10
79.05430213381882
 20
658.899871341208
 30
0.0
 70
0
  0
VERTEX
  5
1447
  8
CUT
 10
79.22349162783857
 20
658.2369934489654
 30
0.0
 70
0
  0
VERTEX
  5
1448
  8
CUT
 10
79.52971944277802
 20
657.6252282078246
 30
0.0
 70
0
  0
VERTEX
  5
1449
  8
CUT
 10
79.95898904804085
 20
657.0925371238856
 30
0.0
 70
0
  0
VERTEX
  5
144A
  8
CUT
 10
71.04944360509035
 20
648.1829916809351
 30
0.0
 70
0
  0
VERTEX
  5
144B
  8
CUT
 10
70.5167525211513
 20
648.6122612861978
 30
0.0
 70
0
  0
VERTEX
  5
144C
  8
CUT
 10
69.90498728001052
 20
648.9184891011373
 30
0.0
 70
0
  0
VERTEX
  5
144D
  8
CUT
 10
69.24210938776791
 20
649.0876785951571
 30
0.0
 70
0
  0
VERTEX
  5
144E
  8
CUT
 10
68.55841651905585
 20
649.112096747891
 30
0.0
 70
0
  0
VERTEX
  5
144F
  8
CUT
 10
67.88515772340082
 20
648.9906274967045
 30
0.0
 70
0
  0
VERTEX
  5
1450
  8
CUT
 10
67.25310514778921
 20
648.7288227477533
 30
0.0
 70
0
  0
VERTEX
  5
1451
  8
CUT
 10
66.6911475566685
 20
648.3386486190717
 30
0.0
 70
0
  0
VERTEX
  5
1452
  8
CUT
 10
66.22496993433545
 20
647.8379385139744
 30
0.0
 70
0
  0
VERTEX
  5
1453
  8
CUT
 10
65.87587952015895
 20
647.2495780227441
 30
0.0
 70
0
  0
VERTEX
  5
1454
  8
CUT
 10
65.65983193418569
 20
646.6004589077077
 30
0.0
 70
0
  0
VERTEX
  5
1455
  8
CUT
 10
65.58670190529341
 20
645.9202499811381
 30
0.0
 70
0
  0
VERTEX
  5
1456
  8
CUT
 10
65.65983193418569
 20
645.2400410545686
 30
0.0
 70
0
  0
VERTEX
  5
1457
  8
CUT
 10
65.87587952015895
 20
644.5909219395321
 30
0.0
 70
0
  0
VERTEX
  5
1458
  8
CUT
 10
66.22496993433545
 20
644.0025614483018
 30
0.0
 70
0
  0
VERTEX
  5
1459
  8
CUT
 10
66.69114755666848
 20
643.5018513432045
 30
0.0
 70
0
  0
VERTEX
  5
145A
  8
CUT
 10
67.25310514778921
 20
643.111677214523
 30
0.0
 70
0
  0
VERTEX
  5
145B
  8
CUT
 10
67.88515772340082
 20
642.8498724655717
 30
0.0
 70
0
  0
VERTEX
  5
145C
  8
CUT
 10
68.55841651905585
 20
642.7284032143853
 30
0.0
 70
0
  0
VERTEX
  5
145D
  8
CUT
 10
69.24210938776791
 20
642.7528213671192
 30
0.0
 70
0
  0
VERTEX
  5
145E
  8
CUT
 10
69.9049872800105
 20
642.9220108611389
 30
0.0
 70
0
  0
VERTEX
  5
145F
  8
CUT
 10
70.5167525211513
 20
643.2282386760784
 30
0.0
 70
0
  0
VERTEX
  5
1460
  8
CUT
 10
71.04944360509035
 20
643.6575082813412
 30
0.0
 70
0
  0
VERTEX
  5
1461
  8
CUT
 10
95.51533823414489
 20
619.1916136522866
 30
0.0
 70
0
  0
VERTEX
  5
1462
  8
CUT
 10
95.08606862888206
 20
618.6589225683475
 30
0.0
 70
0
  0
VERTEX
  5
1463
  8
CUT
 10
94.77984081394261
 20
618.0471573272067
 30
0.0
 70
0
  0
VERTEX
  5
1464
  8
CUT
 10
94.61065131992287
 20
617.3842794349641
 30
0.0
 70
0
  0
VERTEX
  5
1465
  8
CUT
 10
94.58623316718904
 20
616.7005865662521
 30
0.0
 70
0
  0
VERTEX
  5
1466
  8
CUT
 10
94.70770241837545
 20
616.0273277705971
 30
0.0
 70
0
  0
VERTEX
  5
1467
  8
CUT
 10
94.96950716732663
 20
615.3952751949855
 30
0.0
 70
0
  0
VERTEX
  5
1468
  8
CUT
 10
95.35968129600822
 20
614.8333176038648
 30
0.0
 70
0
  0
VERTEX
  5
1469
  8
CUT
 10
95.86039140110553
 20
614.3671399815317
 30
0.0
 70
0
  0
VERTEX
  5
146A
  8
CUT
 10
96.4487518923358
 20
614.0180495673552
 30
0.0
 70
0
  0
VERTEX
  5
146B
  8
CUT
 10
97.09787100737232
 20
613.802001981382
 30
0.0
 70
0
  0
VERTEX
  5
146C
  8
CUT
 10
97.77807993394184
 20
613.7288719524896
 30
0.0
 70
0
  0
VERTEX
  5
146D
  8
CUT
 10
98.45828886051136
 20
613.802001981382
 30
0.0
 70
0
  0
VERTEX
  5
146E
  8
CUT
 10
99.10740797554787
 20
614.0180495673552
 30
0.0
 70
0
  0
VERTEX
  5
146F
  8
CUT
 10
99.69576846677815
 20
614.3671399815317
 30
0.0
 70
0
  0
VERTEX
  5
1470
  8
CUT
 10
100.19647857187546
 20
614.8333176038648
 30
0.0
 70
0
  0
VERTEX
  5
1471
  8
CUT
 10
100.58665270055705
 20
615.3952751949855
 30
0.0
 70
0
  0
VERTEX
  5
1472
  8
CUT
 10
100.84845744950823
 20
616.0273277705971
 30
0.0
 70
0
  0
VERTEX
  5
1473
  8
CUT
 10
100.96992670069464
 20
616.7005865662521
 30
0.0
 70
0
  0
VERTEX
  5
1474
  8
CUT
 10
100.94550854796081
 20
617.3842794349641
 30
0.0
 70
0
  0
VERTEX
  5
1475
  8
CUT
 10
100.77631905394107
 20
618.0471573272067
 30
0.0
 70
0
  0
VERTEX
  5
1476
  8
CUT
 10
100.47009123900162
 20
618.6589225683475
 30
0.0
 70
0
  0
VERTEX
  5
1477
  8
CUT
 10
100.04082163373879
 20
619.1916136522866
 30
0.0
 70
0
  0
SEQEND
  5
141B
  8
CUT
  0
POLYLINE
  5
1478
  8
CUT
 66
1
 10
0.0
 20
0.0
 30
0.0
 70
1
  0
VERTEX
  5
147A
  8
CUT
 10
1850.1419807289758
 20
478.07099036448795
 30
0.0
 70
0
  0
VERTEX
  5
147B
  8
CUT
 10
1850.0627112234172
 20
482.35998749403876
 30
0.0
 70
0
  0
VERTEX
  5
147C
  8
CUT
 10
1849.8250109793505
 20
486.64312636941713
 30
0.0
 70
0
  0
VERTEX
  5
147D
  8
CUT
 10
1849.4292046667174
 20
490.9145567381211
 30
0.0
 70
0
  0
VERTEX
  5
147E
  8
CUT
 10
1848.875832909331
 20
495.1684443400605
 30
0.0
 70
0
  0
VERTEX
  5
147F
  8
CUT
 10
1848.1656515464488
 20
499.3989788764544
 30
0.0
 70
0
  0
VERTEX
  5
1480
  8
CUT
 10
1847.299630600388
 20
503.6003819460003
 30
0.0
 70
0
  0
VERTEX
  5
1481
  8
CUT
 10
1846.2789529515899
 20
507.7669149374755
 30
0.0
 70
0
  0
VERTEX
  5
1482
  8
CUT
 10
1845.10501272295
 20
511.8928868679893
 30
0.0
 70
0
  0
VERTEX
  5
1483
  8
CUT
 10
1843.7794133756122
 20
515.9726621561815
 30
0.0
 70
0
  0
VERTEX
  5
1484
  8
CUT
 10
1842.3039655188334
 20
520.0006683197486
 30
0.0
 70
0
  0
VERTEX
  5
1485
  8
CUT
 10
1840.6806844369105
 20
523.9714035867838
 30
0.0
 70
0
  0
VERTEX
  5
1486
  8
CUT
 10
1838.911787336543
 20
527.8794444105366
 30
0.0
 70
0
  0
VERTEX
  5
1487
  8
CUT
 10
1836.999690318397
 20
531.7194528773246
 30
0.0
 70
0
  0
VERTEX
  5
1488
  8
CUT
 10
1834.9470050769999
 20
535.4861839974814
 30
0.0
 70
0
  0
VERTEX
  5
1489
  8
CUT
 10
1832.7565353334824
 20
539.174492869382
 30
0.0
 70
0
  0
VERTEX
  5
148A
  8
CUT
 10
1830.4312730060315
 20
542.7793417067597
 30
0.0
 70
0
  0
VERTEX
  5
148B
  8
CUT
 10
1827.9743941232894
 20
546.2958067197156
 30
0.0
 70
0
  0
VERTEX
  5
148C
  8
CUT
 10
1825.389254486282
 20
549.7190848400237
 30
0.0
 70
0
  0
VERTEX
  5
148D
  8
CUT
 10
1822.679385084797
 20
553.0445002815442
 30
0.0
 70
0
  0
VERTEX
  5
148E
  8
CUT
 10
1819.8484872744777
 20
556.267510926785
 30
0.0
 70
0
  0
VERTEX
  5
148F
  8
CUT
 10
1816.9004277212152
 20
559.3837145308879
 30
0.0
 70
0
  0
VERTEX
  5
1490
  8
CUT
 10
1813.8392331197488
 20
562.3888547345656
 30
0.0
 70
0
  0
VERTEX
  5
1491
  8
CUT
 10
1810.6690846936854
 20
565.2788268777763
 30
0.0
 70
0
  0
VERTEX
  5
1492
  8
CUT
 10
1807.39431248445
 20
568.0496836061956
 30
0.0
 70
0
  0
VERTEX
  5
1493
  8
CUT
 10
1804.0193894369713
 20
570.697640262828
 30
0.0
 70
0
  0
VERTEX
  5
1494
  8
CUT
 10
1800.548925290176
 20
573.2190800573927
 30
0.0
 70
0
  0
VERTEX
  5
1495
  8
CUT
 10
1796.9876602806398
 20
575.6105590064243
 30
0.0
 70
0
  0
VERTEX
  5
1496
  8
CUT
 10
1793.340458667996
 20
577.8688106373401
 30
0.0
 70
0
  0
VERTEX
  5
1497
  8
CUT
 10
1789.6123020909392
 20
579.9907504500484
 30
0.0
 70
0
  0
VERTEX
  5
1498
  8
CUT
 10
1785.8082827629091
 20
581.9734801300046
 30
0.0
 70
0
  0
VERTEX
  5
1499
  8
CUT
 10
1781.933596516737
 20
583.8142915069609
 30
0.0
 70
0
  0
VERTEX
  5
149A
  8
CUT
 10
1777.9935357077647
 20
585.510670254
 30
0.0
 70
0
  0
VERTEX
  5
149B
  8
CUT
 10
1773.9934819851226
 20
587.0602993218045
 30
0.0
 70
0
  0
VERTEX
  5
149C
  8
CUT
 10
1769.9388989410454
 20
588.4610621034661
 30
0.0
 70
0
  0
VERTEX
  5
149D
  8
CUT
 10
1765.8353246482616
 20
589.7110453255176
 30
0.0
 70
0
  0
VERTEX
  5
149E
  8
CUT
 10
1761.6883640956523
 20
590.8085416612331
 30
0.0
 70
0
  0
VERTEX
  5
149F
  8
CUT
 10
1757.5036815325109
 20
591.7520520626314
 30
0.0
 70
0
  0
VERTEX
  5
14A0
  8
CUT
 10
1753.2869927318598
 20
592.5402878079955
 30
0.0
 70
0
  0
VERTEX
  5
14A1
  8
CUT
 10
1749.0440571833917
 20
593.172172262111
 30
0.0
 70
0
  0
VERTEX
  5
14A2
  8
CUT
 10
1744.7806702266998
 20
593.6468423468202
 30
0.0
 70
0
  0
VERTEX
  5
14A3
  8
CUT
 10
1740.5026551355415
 20
593.9636497198838
 30
0.0
 70
0
  0
VERTEX
  5
14A4
  8
CUT
 10
1736.2158551639454
 20
594.1221616605377
 30
0.0
 70
0
  0
VERTEX
  5
14A5
  8
CUT
 10
1731.9261255650304
 20
594.1221616605377
 30
0.0
 70
0
  0
VERTEX
  5
14A6
  8
CUT
 10
1727.6393255934343
 20
593.9636497198838
 30
0.0
 70
0
  0
VERTEX
  5
14A7
  8
CUT
 10
1723.361310502276
 20
593.6468423468202
 30
0.0
 70
0
  0
VERTEX
  5
14A8
  8
CUT
 10
1719.0979235455843
 20
593.172172262111
 30
0.0
 70
0
  0
VERTEX
  5
14A9
  8
CUT
 10
1714.854987997116
 20
592.5402878079955
 30
0.0
 70
0
  0
VERTEX
  5
14AA
  8
CUT
 10
1710.638299196465
 20
591.7520520626314
 30
0.0
 70
0
  0
VERTEX
  5
14AB
  8
CUT
 10
1706.4536166333237
 20
590.8085416612331
 30
0.0
 70
0
  0
VERTEX
  5
14AC
  8
CUT
 10
1702.3066560807142
 20
589.7110453255176
 30
0.0
 70
0
  0
VERTEX
  5
14AD
  8
CUT
 10
1698.2030817879304
 20
588.4610621034661
 30
0.0
 70
0
  0
VERTEX
  5
14AE
  8
CUT
 10
1694.1484987438532
 20
587.0602993218045
 30
0.0
 70
0
  0
VERTEX
  5
14AF
  8
CUT
 10
1690.148445021211
 20
585.5106702540002
 30
0.0
 70
0
  0
VERTEX
  5
14B0
  8
CUT
 10
1686.2083842122388
 20
583.8142915069609
 30
0.0
 70
0
  0
VERTEX
  5
14B1
  8
CUT
 10
1682.3336979660667
 20
581.9734801300046
 30
0.0
 70
0
  0
VERTEX
  5
14B2
  8
CUT
 10
1678.5296786380366
 20
579.9907504500484
 30
0.0
 70
0
  0
VERTEX
  5
14B3
  8
CUT
 10
1674.80152206098
 20
577.8688106373402
 30
0.0
 70
0
  0
VERTEX
  5
14B4
  8
CUT
 10
1671.154320448336
 20
575.6105590064243
 30
0.0
 70
0
  0
VERTEX
  5
14B5
  8
CUT
 10
1667.5930554387999
 20
573.2190800573927
 30
0.0
 70
0
  0
VERTEX
  5
14B6
  8
CUT
 10
1664.1225912920045
 20
570.697640262828
 30
0.0
 70
0
  0
VERTEX
  5
14B7
  8
CUT
 10
1660.7476682445258
 20
568.0496836061957
 30
0.0
 70
0
  0
VERTEX
  5
14B8
  8
CUT
 10
1657.4728960352907
 20
565.2788268777763
 30
0.0
 70
0
  0
VERTEX
  5
14B9
  8
CUT
 10
1654.302747609227
 20
562.3888547345656
 30
0.0
 70
0
  0
VERTEX
  5
14BA
  8
CUT
 10
1651.2415530077608
 20
559.3837145308879
 30
0.0
 70
0
  0
VERTEX
  5
14BB
  8
CUT
 10
1648.2934934544983
 20
556.267510926785
 30
0.0
 70
0
  0
VERTEX
  5
14BC
  8
CUT
 10
1645.4625956441787
 20
553.0445002815442
 30
0.0
 70
0
  0
VERTEX
  5
14BD
  8
CUT
 10
1642.7527262426938
 20
549.7190848400237
 30
0.0
 70
0
  0
VERTEX
  5
14BE
  8
CUT
 10
1640.1675866056864
 20
546.2958067197158
 30
0.0
 70
0
  0
VERTEX
  5
14BF
  8
CUT
 10
1637.7107077229443
 20
542.7793417067599
 30
0.0
 70
0
  0
VERTEX
  5
14C0
  8
CUT
 10
1635.3854453954934
 20
539.1744928693821
 30
0.0
 70
0
  0
VERTEX
  5
14C1
  8
CUT
 10
1633.194975651976
 20
535.4861839974814
 30
0.0
 70
0
  0
VERTEX
  5
14C2
  8
CUT
 10
1631.1422904105789
 20
531.7194528773246
 30
0.0
 70
0
  0
VERTEX
  5
14C3
  8
CUT
 10
1629.2301933924327
 20
527.8794444105366
 30
0.0
 70
0
  0
VERTEX
  5
14C4
  8
CUT
 10
1627.4612962920653
 20
523.9714035867838
 30
0.0
 70
0
  0
VERTEX
  5
14C5
  8
CUT
 10
1625.8380152101424
 20
520.0006683197486
 30
0.0
 70
0
  0
VERTEX
  5
14C6
  8
CUT
 10
1624.3625673533636
 20
515.9726621561815
 30
0.0
 70
0
  0
VERTEX
  5
14C7
  8
CUT
 10
1623.0369680060257
 20
511.8928868679893
 30
0.0
 70
0
  0
VERTEX
  5
14C8
  8
CUT
 10
1621.863027777386
 20
507.7669149374755
 30
0.0
 70
0
  0
VERTEX
  5
14C9
  8
CUT
 10
1620.842350128588
 20
503.6003819460003
 30
0.0
 70
0
  0
VERTEX
  5
14CA
  8
CUT
 10
1619.976329182527
 20
499.3989788764544
 30
0.0
 70
0
  0
VERTEX
  5
14CB
  8
CUT
 10
1619.2661478196449
 20
495.1684443400605
 30
0.0
 70
0
  0
VERTEX
  5
14CC
  8
CUT
 10
1618.7127760622584
 20
490.9145567381211
 30
0.0
 70
0
  0
VERTEX
  5
14CD
  8
CUT
 10
1618.3169697496253
 20
486.64312636941713
 30
0.0
 70
0
  0
VERTEX
  5
14CE
  8
CUT
 10
1618.0792695055586
 20
482.35998749403876
 30
0.0
 70
0
  0
VERTEX
  5
14CF
  8
CUT
 10
1618.0
 20
478.07099036448795
 30
0.0
 70
0
  0
VERTEX
  5
14D0
  8
CUT
 10
1618.0792695055586
 20
473.78199323493715
 30
0.0
 70
0
  0
VERTEX
  5
14D1
  8
CUT
 10
1618.3169697496253
 20
469.49885435955883
 30
0.0
 70
0
  0
VERTEX
  5
14D2
  8
CUT
 10
1618.7127760622584
 20
465.2274239908548
 30
0.0
 70
0
  0
VERTEX
  5
14D3
  8
CUT
 10
1619.2661478196449
 20
460.9735363889154
 30
0.0
 70
0
  0
VERTEX
  5
14D4
  8
CUT
 10
1619.976329182527
 20
456.74300185252156
 30
0.0
 70
0
  0
VERTEX
  5
14D5
  8
CUT
 10
1620.842350128588
 20
452.5415987829756
 30
0.0
 70
0
  0
VERTEX
  5
14D6
  8
CUT
 10
1621.863027777386
 20
448.3750657915004
 30
0.0
 70
0
  0
VERTEX
  5
14D7
  8
CUT
 10
1623.0369680060257
 20
444.2490938609866
 30
0.0
 70
0
  0
VERTEX
  5
14D8
  8
CUT
 10
1624.3625673533636
 20
440.1693185727944
 30
0.0
 70
0
  0
VERTEX
  5
14D9
  8
CUT
 10
1625.8380152101424
 20
436.1413124092274
 30
0.0
 70
0
  0
VERTEX
  5
14DA
  8
CUT
 10
1627.4612962920653
 20
432.17057714219214
 30
0.0
 70
0
  0
VERTEX
  5
14DB
  8
CUT
 10
1629.2301933924327
 20
428.2625363184393
 30
0.0
 70
0
  0
VERTEX
  5
14DC
  8
CUT
 10
1631.1422904105789
 20
424.4225278516514
 30
0.0
 70
0
  0
VERTEX
  5
14DD
  8
CUT
 10
1633.194975651976
 20
420.6557967314946
 30
0.0
 70
0
  0
VERTEX
  5
14DE
  8
CUT
 10
1635.3854453954934
 20
416.96748785959386
 30
0.0
 70
0
  0
VERTEX
  5
14DF
  8
CUT
 10
1637.7107077229443
 20
413.3626390222161
 30
0.0
 70
0
  0
VERTEX
  5
14E0
  8
CUT
 10
1640.1675866056864
 20
409.8461740092602
 30
0.0
 70
0
  0
VERTEX
  5
14E1
  8
CUT
 10
1642.7527262426938
 20
406.4228958889522
 30
0.0
 70
0
  0
VERTEX
  5
14E2
  8
CUT
 10
1645.4625956441787
 20
403.09748044743174
 30
0.0
 70
0
  0
VERTEX
  5
14E3
  8
CUT
 10
1648.293493454498
 20
399.87446980219096
 30
0.0
 70
0
  0
VERTEX
  5
14E4
  8
CUT
 10
1651.2415530077606
 20
396.758266198088
 30
0.0
 70
0
  0
VERTEX
  5
14E5
  8
CUT
 10
1654.302747609227
 20
393.7531259944103
 30
0.0
 70
0
  0
VERTEX
  5
14E6
  8
CUT
 10
1657.4728960352904
 20
390.8631538511996
 30
0.0
 70
0
  0
VERTEX
  5
14E7
  8
CUT
 10
1660.7476682445258
 20
388.09229712278034
 30
0.0
 70
0
  0
VERTEX
  5
14E8
  8
CUT
 10
1664.1225912920045
 20
385.44434046614793
 30
0.0
 70
0
  0
VERTEX
  5
14E9
  8
CUT
 10
1667.5930554387999
 20
382.92290067158325
 30
0.0
 70
0
  0
VERTEX
  5
14EA
  8
CUT
 10
1671.154320448336
 20
380.5314217225516
 30
0.0
 70
0
  0
VERTEX
  5
14EB
  8
CUT
 10
1674.8015220609798
 20
378.27317009163585
 30
0.0
 70
0
  0
VERTEX
  5
14EC
  8
CUT
 10
1678.5296786380366
 20
376.1512302789275
 30
0.0
 70
0
  0
VERTEX
  5
14ED
  8
CUT
 10
1682.3336979660667
 20
374.16850059897126
 30
0.0
 70
0
  0
VERTEX
  5
14EE
  8
CUT
 10
1686.2083842122388
 20
372.327689222015
 30
0.0
 70
0
  0
VERTEX
  5
14EF
  8
CUT
 10
1690.148445021211
 20
370.6313104749758
 30
0.0
 70
0
  0
VERTEX
  5
14F0
  8
CUT
 10
1694.1484987438532
 20
369.08168140717146
 30
0.0
 70
0
  0
VERTEX
  5
14F1
  8
CUT
 10
1698.2030817879304
 20
367.6809186255098
 30
0.0
 70
0
  0
VERTEX
  5
14F2
  8
CUT
 10
1702.3066560807142
 20
366.4309354034583
 30
0.0
 70
0
  0
VERTEX
  5
14F3
  8
CUT
 10
1706.4536166333235
 20
365.33343906774286
 30
0.0
 70
0
  0
VERTEX
  5
14F4
  8
CUT
 10
1710.638299196465
 20
364.38992866634453
 30
0.0
 70
0
  0
VERTEX
  5
14F5
  8
CUT
 10
1714.854987997116
 20
363.60169292098044
 30
0.0
 70
0
  0
VERTEX
  5
14F6
  8
CUT
 10
1719.097923545584
 20
362.969808466865
 30
0.0
 70
0
  0
VERTEX
  5
14F7
  8
CUT
 10
1723.361310502276
 20
362.4951383821557
 30
0.0
 70
0
  0
VERTEX
  5
14F8
  8
CUT
 10
1727.6393255934343
 20
362.17833100909206
 30
0.0
 70
0
  0
VERTEX
  5
14F9
  8
CUT
 10
1731.9261255650304
 20
362.01981906843815
 30
0.0
 70
0
  0
VERTEX
  5
14FA
  8
CUT
 10
1736.2158551639454
 20
362.01981906843815
 30
0.0
 70
0
  0
VERTEX
  5
14FB
  8
CUT
 10
1740.5026551355415
 20
362.17833100909206
 30
0.0
 70
0
  0
VERTEX
  5
14FC
  8
CUT
 10
1744.7806702266998
 20
362.4951383821557
 30
0.0
 70
0
  0
VERTEX
  5
14FD
  8
CUT
 10
1749.0440571833915
 20
362.969808466865
 30
0.0
 70
0
  0
VERTEX
  5
14FE
  8
CUT
 10
1753.2869927318598
 20
363.6016929209804
 30
0.0
 70
0
  0
VERTEX
  5
14FF
  8
CUT
 10
1757.5036815325109
 20
364.3899286663445
 30
0.0
 70
0
  0
VERTEX
  5
1500
  8
CUT
 10
1761.6883640956523
 20
365.33343906774286
 30
0.0
 70
0
  0
VERTEX
  5
1501
  8
CUT
 10
1765.8353246482616
 20
366.4309354034583
 30
0.0
 70
0
  0
VERTEX
  5
1502
  8
CUT
 10
1769.9388989410454
 20
367.6809186255098
 30
0.0
 70
0
  0
VERTEX
  5
1503
  8
CUT
 10
1773.9934819851226
 20
369.08168140717146
 30
0.0
 70
0
  0
VERTEX
  5
1504
  8
CUT
 10
1777.9935357077645
 20
370.6313104749758
 30
0.0
 70
0
  0
VERTEX
  5
1505
  8
CUT
 10
1781.933596516737
 20
372.32768922201495
 30
0.0
 70
0
  0
VERTEX
  5
1506
  8
CUT
 10
1785.8082827629091
 20
374.1685005989712
 30
0.0
 70
0
  0
VERTEX
  5
1507
  8
CUT
 10
1789.6123020909392
 20
376.1512302789275
 30
0.0
 70
0
  0
VERTEX
  5
1508
  8
CUT
 10
1793.3404586679958
 20
378.27317009163573
 30
0.0
 70
0
  0
VERTEX
  5
1509
  8
CUT
 10
1796.9876602806398
 20
380.5314217225516
 30
0.0
 70
0
  0
VERTEX
  5
150A
  8
CUT
 10
1800.548925290176
 20
382.9229006715832
 30
0.0
 70
0
  0
VERTEX
  5
150B
  8
CUT
 10
1804.0193894369713
 20
385.4443404661479
 30
0.0
 70
0
  0
VERTEX
  5
150C
  8
CUT
 10
1807.39431248445
 20
388.0922971227803
 30
0.0
 70
0
  0
VERTEX
  5
150D
  8
CUT
 10
1810.6690846936851
 20
390.8631538511996
 30
0.0
 70
0
  0
VERTEX
  5
150E
  8
CUT
 10
1813.8392331197488
 20
393.7531259944103
 30
0.0
 70
0
  0
VERTEX
  5
150F
  8
CUT
 10
1816.9004277212152
 20
396.758266198088
 30
0.0
 70
0
  0
VERTEX
  5
1510
  8
CUT
 10
1819.8484872744777
 20
399.87446980219096
 30
0.0
 70
0
  0
VERTEX
  5
1511
  8
CUT
 10
1822.679385084797
 20
403.09748044743174
 30
0.0
 70
0
  0
VERTEX
  5
1512
  8
CUT
 10
1825.389254486282
 20
406.42289588895216
 30
0.0
 70
0
  0
VERTEX
  5
1513
  8
CUT
 10
1827.9743941232894
 20
409.8461740092602
 30
0.0
 70
0
  0
VERTEX
  5
1514
  8
CUT
 10
1830.4312730060315
 20
413.36263902221606
 30
0.0
 70
0
  0
VERTEX
  5
1515
  8
CUT
 10
1832.7565353334824
 20
416.9674878595938
 30
0.0
 70
0
  0
VERTEX
  5
1516
  8
CUT
 10
1834.9470050769999
 20
420.65579673149455
 30
0.0
 70
0
  0
VERTEX
  5
1517
  8
CUT
 10
1836.9996903183967
 20
424.4225278516513
 30
0.0
 70
0
  0
VERTEX
  5
1518
  8
CUT
 10
1838.911787336543
 20
428.2625363184392
 30
0.0
 70
0
  0
VERTEX
  5
1519
  8
CUT
 10
1840.6806844369105
 20
432.1705771421921
 30
0.0
 70
0
  0
VERTEX
  5
151A
  8
CUT
 10
1842.3039655188334
 20
436.14131240922734
 30
0.0
 70
0
  0
VERTEX
  5
151B
  8
CUT
 10
1843.7794133756122
 20
440.16931857279434
 30
0.0
 70
0
  0
VERTEX
  5
151C
  8
CUT
 10
1845.10501272295
 20
444.24909386098653
 30
0.0
 70
0
  0
VERTEX
  5
151D
  8
CUT
 10
1846.2789529515899
 20
448.37506579150033
 30
0.0
 70
0
  0
VERTEX
  5
151E
  8
CUT
 10
1847.299630600388
 20
452.5415987829756
 30
0.0
 70
0
  0
VERTEX
  5
151F
  8
CUT
 10
1848.1656515464488
 20
456.74300185252156
 30
0.0
 70
0
  0
VERTEX
  5
1520
  8
CUT
 10
1848.875832909331
 20
460.9735363889154
 30
0.0
 70
0
  0
VERTEX
  5
1521
  8
CUT
 10
1849.4292046667174
 20
465.22742399085485
 30
0.0
 70
0
  0
VERTEX
  5
1522
  8
CUT
 10
1849.8250109793505
 20
469.4988543595588
 30
0.0
 70
0
  0
VERTEX
  5
1523
  8
CUT
 10
1850.0627112234172
 20
473.78199323493715
 30
0.0
 70
0
  0
SEQEND
  5
1479
  8
CUT
  0
POLYLINE
  5
1524
  8
CUT
 66
1
 10
0.0
 20
0.0
 30
0.0
 70
1
  0
VERTEX
  5
1526
  8
CUT
 10
1679.9589890480408
 20
415.04944360509035
 30
0.0
 70
0
  0
VERTEX
  5
1527
  8
CUT
 10
1679.529719442778
 20
414.5167525211514
 30
0.0
 70
0
  0
VERTEX
  5
1528
  8
CUT
 10
1679.2234916278385
 20
413.9049872800106
 30
0.0
 70
0
  0
VERTEX
  5
1529
  8
CUT
 10
1679.0543021338187
 20
413.242109387768
 30
0.0
 70
0
  0
VERTEX
  5
152A
  8
CUT
 10
1679.0298839810848
 20
412.5584165190559
 30
0.0
 70
0
  0
VERTEX
  5
152B
  8
CUT
 10
1679.1513532322713
 20
411.8851577234009
 30
0.0
 70
0
  0
VERTEX
  5
152C
  8
CUT
 10
1679.4131579812224
 20
411.2531051477893
 30
0.0
 70
0
  0
VERTEX
  5
152D
  8
CUT
 10
1679.803332109904
 20
410.69114755666857
 30
0.0
 70
0
  0
VERTEX
  5
152E
  8
CUT
 10
1680.3040422150013
 20
410.2249699343355
 30
0.0
 70
0
  0
VERTEX
  5
152F
  8
CUT
 10
1680.8924027062317
 20
409.875879520159
 30
0.0
 70
0
  0
VERTEX
  5
1530
  8
CUT
 10
1681.5415218212681
 20
409.6598319341857
 30
0.0
 70
0
  0
VERTEX
  5
1531
  8
CUT
 10
1682.2217307478377
 20
409.5867019052934
 30
0.0
 70
0
  0
VERTEX
  5
1532
  8
CUT
 10
1682.9019396744072
 20
409.65983193418566
 30
0.0
 70
0
  0
VERTEX
  5
1533
  8
CUT
 10
1683.5510587894437
 20
409.8758795201589
 30
0.0
 70
0
  0
VERTEX
  5
1534
  8
CUT
 10
1684.139419280674
 20
410.2249699343354
 30
0.0
 70
0
  0
VERTEX
  5
1535
  8
CUT
 10
1684.6401293857712
 20
410.69114755666845
 30
0.0
 70
0
  0
VERTEX
  5
1536
  8
CUT
 10
1685.030303514453
 20
411.25310514778914
 30
0.0
 70
0
  0
VERTEX
  5
1537
  8
CUT
 10
1685.292108263404
 20
411.88515772340077
 30
0.0
 70
0
  0
VERTEX
  5
1538
  8
CUT
 10
1685.4135775145905
 20
412.55841651905575
 30
0.0
 70
0
  0
VERTEX
  5
1539
  8
CUT
 10
1685.3891593618566
 20
413.2421093877678
 30
0.0
 70
0
  0
VERTEX
  5
153A
  8
CUT
 10
1685.2199698678369
 20
413.90498728001046
 30
0.0
 70
0
  0
VERTEX
  5
153B
  8
CUT
 10
1684.9137420528975
 20
414.51675252115126
 30
0.0
 70
0
  0
VERTEX
  5
153C
  8
CUT
 10
1684.4844724476347
 20
415.04944360509035
 30
0.0
 70
0
  0
VERTEX
  5
153D
  8
CUT
 10
1708.9503670766892
 20
439.5153382341449
 30
0.0
 70
0
  0
VERTEX
  5
153E
  8
CUT
 10
1709.4830581606282
 20
439.08606862888206
 30
0.0
 70
0
  0
VERTEX
  5
153F
  8
CUT
 10
1710.094823401769
 20
438.7798408139426
 30
0.0
 70
0
  0
VERTEX
  5
1540
  8
CUT
 10
1710.7577012940117
 20
438.61065131992285
 30
0.0
 70
0
  0
VERTEX
  5
1541
  8
CUT
 10
1711.4413941627236
 20
438.58623316718905
 30
0.0
 70
0
  0
VERTEX
  5
1542
  8
CUT
 10
1712.1146529583787
 20
438.7077024183755
 30
0.0
 70
0
  0
VERTEX
  5
1543
  8
CUT
 10
1712.7467055339903
 20
438.9695071673267
 30
0.0
 70
0
  0
VERTEX
  5
1544
  8
CUT
 10
1713.308663125111
 20
439.35968129600826
 30
0.0
 70
0
  0
VERTEX
  5
1545
  8
CUT
 10
1713.774840747444
 20
439.86039140110563
 30
0.0
 70
0
  0
VERTEX
  5
1546
  8
CUT
 10
1714.1239311616205
 20
440.4487518923359
 30
0.0
 70
0
  0
VERTEX
  5
1547
  8
CUT
 10
1714.3399787475937
 20
441.0978710073724
 30
0.0
 70
0
  0
VERTEX
  5
1548
  8
CUT
 10
1714.413108776486
 20
441.7780799339419
 30
0.0
 70
0
  0
VERTEX
  5
1549
  8
CUT
 10
1714.3399787475937
 20
442.45828886051146
 30
0.0
 70
0
  0
VERTEX
  5
154A
  8
CUT
 10
1714.1239311616205
 20
443.10740797554797
 30
0.0
 70
0
  0
VERTEX
  5
154B
  8
CUT
 10
1713.774840747444
 20
443.69576846677825
 30
0.0
 70
0
  0
VERTEX
  5
154C
  8
CUT
 10
1713.3086631251108
 20
444.1964785718755
 30
0.0
 70
0
  0
VERTEX
  5
154D
  8
CUT
 10
1712.74670553399
 20
444.5866527005571
 30
0.0
 70
0
  0
VERTEX
  5
154E
  8
CUT
 10
1712.1146529583784
 20
444.84845744950826
 30
0.0
 70
0
  0
VERTEX
  5
154F
  8
CUT
 10
1711.4413941627236
 20
444.96992670069466
 30
0.0
 70
0
  0
VERTEX
  5
1550
  8
CUT
 10
1710.7577012940114
 20
444.9455085479608
 30
0.0
 70
0
  0
VERTEX
  5
1551
  8
CUT
 10
1710.0948234017687
 20
444.77631905394105
 30
0.0
 70
0
  0
VERTEX
  5
1552
  8
CUT
 10
1709.483058160628
 20
444.4700912390016
 30
0.0
 70
0
  0
VERTEX
  5
1553
  8
CUT
 10
1708.9503670766892
 20
444.0408216337388
 30
0.0
 70
0
  0
VERTEX
  5
1554
  8
CUT
 10
1700.0408216337387
 20
452.9503670766893
 30
0.0
 70
0
  0
VERTEX
  5
1555
  8
CUT
 10
1700.4700912390015
 20
453.4830581606284
 30
0.0
 70
0
  0
VERTEX
  5
1556
  8
CUT
 10
1700.7763190539408
 20
454.0948234017692
 30
0.0
 70
0
  0
VERTEX
  5
1557
  8
CUT
 10
1700.9455085479606
 20
454.75770129401184
 30
0.0
 70
0
  0
VERTEX
  5
1558
  8
CUT
 10
1700.9699267006945
 20
455.4413941627239
 30
0.0
 70
0
  0
VERTEX
  5
1559
  8
CUT
 10
1700.848457449508
 20
456.1146529583789
 30
0.0
 70
0
  0
VERTEX
  5
155A
  8
CUT
 10
1700.586652700557
 20
456.7467055339905
 30
0.0
 70
0
  0
VERTEX
  5
155B
  8
CUT
 10
1700.196478571875
 20
457.3086631251112
 30
0.0
 70
0
  0
VERTEX
  5
155C
  8
CUT
 10
1699.695768466778
 20
457.7748407474443
 30
0.0
 70
0
  0
VERTEX
  5
155D
  8
CUT
 10
1699.1074079755476
 20
458.12393116162076
 30
0.0
 70
0
  0
VERTEX
  5
155E
  8
CUT
 10
1698.4582888605112
 20
458.339978747594
 30
0.0
 70
0
  0
VERTEX
  5
155F
  8
CUT
 10
1697.7780799339416
 20
458.41310877648624
 30
0.0
 70
0
  0
VERTEX
  5
1560
  8
CUT
 10
1697.097871007372
 20
458.33997874759393
 30
0.0
 70
0
  0
VERTEX
  5
1561
  8
CUT
 10
1696.4487518923356
 20
458.12393116162065
 30
0.0
 70
0
  0
VERTEX
  5
1562
  8
CUT
 10
1695.8603914011053
 20
457.77484074744416
 30
0.0
 70
0
  0
VERTEX
  5
1563
  8
CUT
 10
1695.359681296008
 20
457.3086631251111
 30
0.0
 70
0
  0
VERTEX
  5
1564
  8
CUT
 10
1694.9695071673264
 20
456.74670553399034
 30
0.0
 70
0
  0
VERTEX
  5
1565
  8
CUT
 10
1694.7077024183752
 20
456.11465295837877
 30
0.0
 70
0
  0
VERTEX
  5
1566
  8
CUT
 10
1694.5862331671888
 20
455.4413941627237
 30
0.0
 70
0
  0
VERTEX
  5
1567
  8
CUT
 10
1694.6106513199227
 20
454.75770129401167
 30
0.0
 70
0
  0
VERTEX
  5
1568
  8
CUT
 10
1694.7798408139424
 20
454.0948234017691
 30
0.0
 70
0
  0
VERTEX
  5
1569
  8
CUT
 10
1695.086068628882
 20
453.4830581606283
 30
0.0
 70
0
  0
VERTEX
  5
156A
  8
CUT
 10
1695.5153382341448
 20
452.9503670766893
 30
0.0
 70
0
  0
VERTEX
  5
156B
  8
CUT
 10
1671.0494436050903
 20
428.48447244763474
 30
0.0
 70
0
  0
VERTEX
  5
156C
  8
CUT
 10
1670.5167525211514
 20
428.91374205289753
 30
0.0
 70
0
  0
VERTEX
  5
156D
  8
CUT
 10
1669.9049872800106
 20
429.219969867837
 30
0.0
 70
0
  0
VERTEX
  5
156E
  8
CUT
 10
1669.2421093877679
 20
429.38915936185674
 30
0.0
 70
0
  0
VERTEX
  5
156F
  8
CUT
 10
1668.5584165190558
 20
429.4135775145906
 30
0.0
 70
0
  0
VERTEX
  5
1570
  8
CUT
 10
1667.8851577234009
 20
429.2921082634042
 30
0.0
 70
0
  0
VERTEX
  5
1571
  8
CUT
 10
1667.2531051477893
 20
429.03030351445307
 30
0.0
 70
0
  0
VERTEX
  5
1572
  8
CUT
 10
1666.6911475566685
 20
428.64012938577144
 30
0.0
 70
0
  0
VERTEX
  5
1573
  8
CUT
 10
1666.2249699343354
 20
428.1394192806742
 30
0.0
 70
0
  0
VERTEX
  5
1574
  8
CUT
 10
1665.8758795201588
 20
427.5510587894439
 30
0.0
 70
0
  0
VERTEX
  5
1575
  8
CUT
 10
1665.6598319341856
 20
426.9019396744074
 30
0.0
 70
0
  0
VERTEX
  5
1576
  8
CUT
 10
1665.5867019052932
 20
426.22173074783785
 30
0.0
 70
0
  0
VERTEX
  5
1577
  8
CUT
 10
1665.6598319341856
 20
425.54152182126836
 30
0.0
 70
0
  0
VERTEX
  5
1578
  8
CUT
 10
1665.8758795201588
 20
424.89240270623185
 30
0.0
 70
0
  0
VERTEX
  5
1579
  8
CUT
 10
1666.2249699343354
 20
424.3040422150016
 30
0.0
 70
0
  0
VERTEX
  5
157A
  8
CUT
 10
1666.6911475566683
 20
423.8033321099042
 30
0.0
 70
0
  0
VERTEX
  5
157B
  8
CUT
 10
1667.253105147789
 20
423.41315798122264
 30
0.0
 70
0
  0
VERTEX
  5
157C
  8
CUT
 10
1667.8851577234007
 20
423.15135323227145
 30
0.0
 70
0
  0
VERTEX
  5
157D
  8
CUT
 10
1668.5584165190558
 20
423.029883981085
 30
0.0
 70
0
  0
VERTEX
  5
157E
  8
CUT
 10
1669.2421093877676
 20
423.0543021338188
 30
0.0
 70
0
  0
VERTEX
  5
157F
  8
CUT
 10
1669.9049872800103
 20
423.22349162783854
 30
0.0
 70
0
  0
VERTEX
  5
1580
  8
CUT
 10
1670.5167525211511
 20
423.529719442778
 30
0.0
 70
0
  0
VERTEX
  5
1581
  8
CUT
 10
1671.0494436050903
 20
423.95898904804085
 30
0.0
 70
0
  0
SEQEND
  5
1525
  8
CUT
  0
POLYLINE
  5
1582
  8
CUT
 66
1
 10
0.0
 20
0.0
 30
0.0
 70
1
  0
VERTEX
  5
1584
  8
CUT
 10
1768.101159095237
 20
503.1916136522866
 30
0.0
 70
0
  0
VERTEX
  5
1585
  8
CUT
 10
1767.6718894899743
 20
502.6589225683475
 30
0.0
 70
0
  0
VERTEX
  5
1586
  8
CUT
 10
1767.365661675035
 20
502.0471573272067
 30
0.0
 70
0
  0
VERTEX
  5
1587
  8
CUT
 10
1767.1964721810152
 20
501.38427943496407
 30
0.0
 70
0
  0
VERTEX
  5
1588
  8
CUT
 10
1767.1720540282813
 20
500.700586566252
 30
0.0
 70
0
  0
VERTEX
  5
1589
  8
CUT
 10
1767.2935232794678
 20
500.027327770597
 30
0.0
 70
0
  0
VERTEX
  5
158A
  8
CUT
 10
1767.555328028419
 20
499.3952751949854
 30
0.0
 70
0
  0
VERTEX
  5
158B
  8
CUT
 10
1767.9455021571007
 20
498.8333176038647
 30
0.0
 70
0
  0
VERTEX
  5
158C
  8
CUT
 10
1768.4462122621978
 20
498.36713998153164
 30
0.0
 70
0
  0
VERTEX
  5
158D
  8
CUT
 10
1769.0345727534282
 20
498.01804956735515
 30
0.0
 70
0
  0
VERTEX
  5
158E
  8
CUT
 10
1769.6836918684646
 20
497.8020019813819
 30
0.0
 70
0
  0
VERTEX
  5
158F
  8
CUT
 10
1770.3639007950342
 20
497.72887195248967
 30
0.0
 70
0
  0
VERTEX
  5
1590
  8
CUT
 10
1771.0441097216037
 20
497.802001981382
 30
0.0
 70
0
  0
VERTEX
  5
1591
  8
CUT
 10
1771.6932288366402
 20
498.01804956735526
 30
0.0
 70
0
  0
VERTEX
  5
1592
  8
CUT
 10
1772.2815893278705
 20
498.36713998153175
 30
0.0
 70
0
  0
VERTEX
  5
1593
  8
CUT
 10
1772.7822994329679
 20
498.8333176038648
 30
0.0
 70
0
  0
VERTEX
  5
1594
  8
CUT
 10
1773.1724735616494
 20
499.3952751949856
 30
0.0
 70
0
  0
VERTEX
  5
1595
  8
CUT
 10
1773.4342783106006
 20
500.02732777059714
 30
0.0
 70
0
  0
VERTEX
  5
1596
  8
CUT
 10
1773.555747561787
 20
500.7005865662522
 30
0.0
 70
0
  0
VERTEX
  5
1597
  8
CUT
 10
1773.5313294090531
 20
501.38427943496424
 30
0.0
 70
0
  0
VERTEX
  5
1598
  8
CUT
 10
1773.3621399150334
 20
502.04715732720683
 30
0.0
 70
0
  0
VERTEX
  5
1599
  8
CUT
 10
1773.0559121000938
 20
502.65892256834763
 30
0.0
 70
0
  0
VERTEX
  5
159A
  8
CUT
 10
1772.626642494831
 20
503.1916136522866
 30
0.0
 70
0
  0
VERTEX
  5
159B
  8
CUT
 10
1797.0925371238854
 20
527.6575082813412
 30
0.0
 70
0
  0
VERTEX
  5
159C
  8
CUT
 10
1797.6252282078244
 20
527.2282386760784
 30
0.0
 70
0
  0
VERTEX
  5
159D
  8
CUT
 10
1798.2369934489652
 20
526.9220108611389
 30
0.0
 70
0
  0
VERTEX
  5
159E
  8
CUT
 10
1798.899871341208
 20
526.7528213671192
 30
0.0
 70
0
  0
VERTEX
  5
159F
  8
CUT
 10
1799.58356420992
 20
526.7284032143853
 30
0.0
 70
0
  0
VERTEX
  5
15A0
  8
CUT
 10
1800.256823005575
 20
526.8498724655717
 30
0.0
 70
0
  0
VERTEX
  5
15A1
  8
CUT
 10
1800.8888755811865
 20
527.1116772145228
 30
0.0
 70
0
  0
VERTEX
  5
15A2
  8
CUT
 10
1801.4508331723073
 20
527.5018513432044
 30
0.0
 70
0
  0
VERTEX
  5
15A3
  8
CUT
 10
1801.9170107946404
 20
528.0025614483018
 30
0.0
 70
0
  0
VERTEX
  5
15A4
  8
CUT
 10
1802.266101208817
 20
528.590921939532
 30
0.0
 70
0
  0
VERTEX
  5
15A5
  8
CUT
 10
1802.4821487947902
 20
529.2400410545686
 30
0.0
 70
0
  0
VERTEX
  5
15A6
  8
CUT
 10
1802.5552788236826
 20
529.920249981138
 30
0.0
 70
0
  0
VERTEX
  5
15A7
  8
CUT
 10
1802.4821487947902
 20
530.6004589077075
 30
0.0
 70
0
  0
VERTEX
  5
15A8
  8
CUT
 10
1802.266101208817
 20
531.2495780227441
 30
0.0
 70
0
  0
VERTEX
  5
15A9
  8
CUT
 10
1801.9170107946404
 20
531.8379385139743
 30
0.0
 70
0
  0
VERTEX
  5
15AA
  8
CUT
 10
1801.4508331723075
 20
532.3386486190717
 30
0.0
 70
0
  0
VERTEX
  5
15AB
  8
CUT
 10
1800.8888755811868
 20
532.7288227477533
 30
0.0
 70
0
  0
VERTEX
  5
15AC
  8
CUT
 10
1800.2568230055751
 20
532.9906274967045
 30
0.0
 70
0
  0
VERTEX
  5
15AD
  8
CUT
 10
1799.58356420992
 20
533.1120967478909
 30
0.0
 70
0
  0
VERTEX
  5
15AE
  8
CUT
 10
1798.8998713412082
 20
533.0876785951571
 30
0.0
 70
0
  0
VERTEX
  5
15AF
  8
CUT
 10
1798.2369934489654
 20
532.9184891011374
 30
0.0
 70
0
  0
VERTEX
  5
15B0
  8
CUT
 10
1797.6252282078246
 20
532.612261286198
 30
0.0
 70
0
  0
VERTEX
  5
15B1
  8
CUT
 10
1797.0925371238854
 20
532.1829916809351
 30
0.0
 70
0
  0
VERTEX
  5
15B2
  8
CUT
 10
1788.1829916809352
 20
541.0925371238856
 30
0.0
 70
0
  0
VERTEX
  5
15B3
  8
CUT
 10
1788.612261286198
 20
541.6252282078246
 30
0.0
 70
0
  0
VERTEX
  5
15B4
  8
CUT
 10
1788.9184891011375
 20
542.2369934489654
 30
0.0
 70
0
  0
VERTEX
  5
15B5
  8
CUT
 10
1789.0876785951573
 20
542.899871341208
 30
0.0
 70
0
  0
VERTEX
  5
15B6
  8
CUT
 10
1789.112096747891
 20
543.5835642099202
 30
0.0
 70
0
  0
VERTEX
  5
15B7
  8
CUT
 10
1788.9906274967047
 20
544.2568230055753
 30
0.0
 70
0
  0
VERTEX
  5
15B8
  8
CUT
 10
1788.7288227477534
 20
544.8888755811869
 30
0.0
 70
0
  0
VERTEX
  5
15B9
  8
CUT
 10
1788.3386486190718
 20
545.4508331723076
 30
0.0
 70
0
  0
VERTEX
  5
15BA
  8
CUT
 10
1787.8379385139744
 20
545.9170107946406
 30
0.0
 70
0
  0
VERTEX
  5
15BB
  8
CUT
 10
1787.2495780227441
 20
546.2661012088172
 30
0.0
 70
0
  0
VERTEX
  5
15BC
  8
CUT
 10
1786.6004589077077
 20
546.4821487947905
 30
0.0
 70
0
  0
VERTEX
  5
15BD
  8
CUT
 10
1785.920249981138
 20
546.5552788236828
 30
0.0
 70
0
  0
VERTEX
  5
15BE
  8
CUT
 10
1785.2400410545686
 20
546.4821487947905
 30
0.0
 70
0
  0
VERTEX
  5
15BF
  8
CUT
 10
1784.590921939532
 20
546.2661012088172
 30
0.0
 70
0
  0
VERTEX
  5
15C0
  8
CUT
 10
1784.0025614483018
 20
545.9170107946406
 30
0.0
 70
0
  0
VERTEX
  5
15C1
  8
CUT
 10
1783.5018513432044
 20
545.4508331723076
 30
0.0
 70
0
  0
VERTEX
  5
15C2
  8
CUT
 10
1783.1116772145228
 20
544.8888755811869
 30
0.0
 70
0
  0
VERTEX
  5
15C3
  8
CUT
 10
1782.8498724655715
 20
544.2568230055753
 30
0.0
 70
0
  0
VERTEX
  5
15C4
  8
CUT
 10
1782.7284032143853
 20
543.5835642099202
 30
0.0
 70
0
  0
VERTEX
  5
15C5
  8
CUT
 10
1782.752821367119
 20
542.899871341208
 30
0.0
 70
0
  0
VERTEX
  5
15C6
  8
CUT
 10
1782.9220108611387
 20
542.2369934489654
 30
0.0
 70
0
  0
VERTEX
  5
15C7
  8
CUT
 10
1783.2282386760783
 20
541.6252282078246
 30
0.0
 70
0
  0
VERTEX
  5
15C8
  8
CUT
 10
1783.657508281341
 20
541.0925371238856
 30
0.0
 70
0
  0
VERTEX
  5
15C9
  8
CUT
 10
1759.1916136522866
 20
516.626642494831
 30
0.0
 70
0
  0
VERTEX
  5
15CA
  8
CUT
 10
1758.6589225683476
 20
517.0559121000939
 30
0.0
 70
0
  0
VERTEX
  5
15CB
  8
CUT
 10
1758.0471573272068
 20
517.3621399150334
 30
0.0
 70
0
  0
VERTEX
  5
15CC
  8
CUT
 10
1757.3842794349641
 20
517.531329409053
 30
0.0
 70
0
  0
VERTEX
  5
15CD
  8
CUT
 10
1756.7005865662522
 20
517.5557475617868
 30
0.0
 70
0
  0
VERTEX
  5
15CE
  8
CUT
 10
1756.0273277705971
 20
517.4342783106005
 30
0.0
 70
0
  0
VERTEX
  5
15CF
  8
CUT
 10
1755.3952751949855
 20
517.1724735616492
 30
0.0
 70
0
  0
VERTEX
  5
15D0
  8
CUT
 10
1754.8333176038648
 20
516.7822994329676
 30
0.0
 70
0
  0
VERTEX
  5
15D1
  8
CUT
 10
1754.3671399815319
 20
516.2815893278703
 30
0.0
 70
0
  0
VERTEX
  5
15D2
  8
CUT
 10
1754.0180495673553
 20
515.6932288366401
 30
0.0
 70
0
  0
VERTEX
  5
15D3
  8
CUT
 10
1753.802001981382
 20
515.0441097216035
 30
0.0
 70
0
  0
VERTEX
  5
15D4
  8
CUT
 10
1753.7288719524897
 20
514.3639007950339
 30
0.0
 70
0
  0
VERTEX
  5
15D5
  8
CUT
 10
1753.802001981382
 20
513.6836918684645
 30
0.0
 70
0
  0
VERTEX
  5
15D6
  8
CUT
 10
1754.0180495673553
 20
513.0345727534279
 30
0.0
 70
0
  0
VERTEX
  5
15D7
  8
CUT
 10
1754.3671399815319
 20
512.4462122621977
 30
0.0
 70
0
  0
VERTEX
  5
15D8
  8
CUT
 10
1754.833317603865
 20
511.9455021571004
 30
0.0
 70
0
  0
VERTEX
  5
15D9
  8
CUT
 10
1755.3952751949857
 20
511.5553280284188
 30
0.0
 70
0
  0
VERTEX
  5
15DA
  8
CUT
 10
1756.0273277705974
 20
511.29352327946765
 30
0.0
 70
0
  0
VERTEX
  5
15DB
  8
CUT
 10
1756.7005865662522
 20
511.17205402828125
 30
0.0
 70
0
  0
VERTEX
  5
15DC
  8
CUT
 10
1757.3842794349644
 20
511.1964721810151
 30
0.0
 70
0
  0
VERTEX
  5
15DD
  8
CUT
 10
1758.047157327207
 20
511.36566167503486
 30
0.0
 70
0
  0
VERTEX
  5
15DE
  8
CUT
 10
1758.6589225683479
 20
511.6718894899743
 30
0.0
 70
0
  0
VERTEX
  5
15DF
  8
CUT
 10
1759.1916136522866
 20
512.1011590952371
 30
0.0
 70
0
  0
SEQEND
  5
1583
  8
CUT
  0
POLYLINE
  5
15E0
  8
CUT
 66
1
 10
0.0
 20
0.0
 30
0.0
 70
1
  0
VERTEX
  5
15E2
  8
CUT
 10
1797.0925371238854
 20
423.95898904804085
 30
0.0
 70
0
  0
VERTEX
  5
15E3
  8
CUT
 10
1797.6252282078244
 20
423.52971944277806
 30
0.0
 70
0
  0
VERTEX
  5
15E4
  8
CUT
 10
1798.2369934489652
 20
423.2234916278386
 30
0.0
 70
0
  0
VERTEX
  5
15E5
  8
CUT
 10
1798.899871341208
 20
423.05430213381885
 30
0.0
 70
0
  0
VERTEX
  5
15E6
  8
CUT
 10
1799.58356420992
 20
423.029883981085
 30
0.0
 70
0
  0
VERTEX
  5
15E7
  8
CUT
 10
1800.256823005575
 20
423.1513532322714
 30
0.0
 70
0
  0
VERTEX
  5
15E8
  8
CUT
 10
1800.8888755811865
 20
423.4131579812225
 30
0.0
 70
0
  0
VERTEX
  5
15E9
  8
CUT
 10
1801.4508331723073
 20
423.80333210990415
 30
0.0
 70
0
  0
VERTEX
  5
15EA
  8
CUT
 10
1801.9170107946404
 20
424.3040422150014
 30
0.0
 70
0
  0
VERTEX
  5
15EB
  8
CUT
 10
1802.266101208817
 20
424.8924027062317
 30
0.0
 70
0
  0
VERTEX
  5
15EC
  8
CUT
 10
1802.4821487947902
 20
425.5415218212682
 30
0.0
 70
0
  0
VERTEX
  5
15ED
  8
CUT
 10
1802.5552788236826
 20
426.22173074783774
 30
0.0
 70
0
  0
VERTEX
  5
15EE
  8
CUT
 10
1802.4821487947902
 20
426.90193967440723
 30
0.0
 70
0
  0
VERTEX
  5
15EF
  8
CUT
 10
1802.266101208817
 20
427.55105878944374
 30
0.0
 70
0
  0
VERTEX
  5
15F0
  8
CUT
 10
1801.9170107946404
 20
428.139419280674
 30
0.0
 70
0
  0
VERTEX
  5
15F1
  8
CUT
 10
1801.4508331723075
 20
428.6401293857714
 30
0.0
 70
0
  0
VERTEX
  5
15F2
  8
CUT
 10
1800.8888755811868
 20
429.03030351445295
 30
0.0
 70
0
  0
VERTEX
  5
15F3
  8
CUT
 10
1800.2568230055751
 20
429.29210826340415
 30
0.0
 70
0
  0
VERTEX
  5
15F4
  8
CUT
 10
1799.58356420992
 20
429.4135775145906
 30
0.0
 70
0
  0
VERTEX
  5
15F5
  8
CUT
 10
1798.8998713412082
 20
429.3891593618568
 30
0.0
 70
0
  0
VERTEX
  5
15F6
  8
CUT
 10
1798.2369934489654
 20
429.21996986783705
 30
0.0
 70
0
  0
VERTEX
  5
15F7
  8
CUT
 10
1797.6252282078246
 20
428.9137420528976
 30
0.0
 70
0
  0
VERTEX
  5
15F8
  8
CUT
 10
1797.0925371238854
 20
428.48447244763474
 30
0.0
 70
0
  0
VERTEX
  5
15F9
  8
CUT
 10
1772.626642494831
 20
452.9503670766893
 30
0.0
 70
0
  0
VERTEX
  5
15FA
  8
CUT
 10
1773.0559121000938
 20
453.4830581606283
 30
0.0
 70
0
  0
VERTEX
  5
15FB
  8
CUT
 10
1773.3621399150334
 20
454.0948234017691
 30
0.0
 70
0
  0
VERTEX
  5
15FC
  8
CUT
 10
1773.5313294090531
 20
454.75770129401167
 30
0.0
 70
0
  0
VERTEX
  5
15FD
  8
CUT
 10
1773.555747561787
 20
455.4413941627237
 30
0.0
 70
0
  0
VERTEX
  5
15FE
  8
CUT
 10
1773.4342783106006
 20
456.11465295837877
 30
0.0
 70
0
  0
VERTEX
  5
15FF
  8
CUT
 10
1773.1724735616494
 20
456.74670553399034
 30
0.0
 70
0
  0
VERTEX
  5
1600
  8
CUT
 10
1772.7822994329679
 20
457.3086631251111
 30
0.0
 70
0
  0
VERTEX
  5
1601
  8
CUT
 10
1772.2815893278705
 20
457.77484074744416
 30
0.0
 70
0
  0
VERTEX
  5
1602
  8
CUT
 10
1771.6932288366402
 20
458.12393116162065
 30
0.0
 70
0
  0
VERTEX
  5
1603
  8
CUT
 10
1771.0441097216037
 20
458.33997874759393
 30
0.0
 70
0
  0
VERTEX
  5
1604
  8
CUT
 10
1770.3639007950342
 20
458.41310877648624
 30
0.0
 70
0
  0
VERTEX
  5
1605
  8
CUT
 10
1769.6836918684646
 20
458.339978747594
 30
0.0
 70
0
  0
VERTEX
  5
1606
  8
CUT
 10
1769.0345727534282
 20
458.12393116162076
 30
0.0
 70
0
  0
VERTEX
  5
1607
  8
CUT
 10
1768.4462122621978
 20
457.7748407474443
 30
0.0
 70
0
  0
VERTEX
  5
1608
  8
CUT
 10
1767.9455021571007
 20
457.3086631251112
 30
0.0
 70
0
  0
VERTEX
  5
1609
  8
CUT
 10
1767.555328028419
 20
456.7467055339905
 30
0.0
 70
0
  0
VERTEX
  5
160A
  8
CUT
 10
1767.2935232794678
 20
456.1146529583789
 30
0.0
 70
0
  0
VERTEX
  5
160B
  8
CUT
 10
1767.1720540282813
 20
455.4413941627239
 30
0.0
 70
0
  0
VERTEX
  5
160C
  8
CUT
 10
1767.1964721810152
 20
454.75770129401184
 30
0.0
 70
0
  0
VERTEX
  5
160D
  8
CUT
 10
1767.365661675035
 20
454.0948234017692
 30
0.0
 70
0
  0
VERTEX
  5
160E
  8
CUT
 10
1767.6718894899743
 20
453.4830581606284
 30
0.0
 70
0
  0
VERTEX
  5
160F
  8
CUT
 10
1768.101159095237
 20
452.9503670766893
 30
0.0
 70
0
  0
VERTEX
  5
1610
  8
CUT
 10
1759.1916136522866
 20
444.0408216337388
 30
0.0
 70
0
  0
VERTEX
  5
1611
  8
CUT
 10
1758.6589225683476
 20
444.47009123900165
 30
0.0
 70
0
  0
VERTEX
  5
1612
  8
CUT
 10
1758.0471573272068
 20
444.7763190539411
 30
0.0
 70
0
  0
VERTEX
  5
1613
  8
CUT
 10
1757.3842794349641
 20
444.94550854796086
 30
0.0
 70
0
  0
VERTEX
  5
1614
  8
CUT
 10
1756.7005865662522
 20
444.96992670069466
 30
0.0
 70
0
  0
VERTEX
  5
1615
  8
CUT
 10
1756.0273277705971
 20
444.8484574495082
 30
0.0
 70
0
  0
VERTEX
  5
1616
  8
CUT
 10
1755.3952751949855
 20
444.586652700557
 30
0.0
 70
0
  0
VERTEX
  5
1617
  8
CUT
 10
1754.8333176038648
 20
444.19647857187545
 30
0.0
 70
0
  0
VERTEX
  5
1618
  8
CUT
 10
1754.3671399815319
 20
443.6957684667781
 30
0.0
 70
0
  0
VERTEX
  5
1619
  8
CUT
 10
1754.0180495673553
 20
443.1074079755478
 30
0.0
 70
0
  0
VERTEX
  5
161A
  8
CUT
 10
1753.802001981382
 20
442.4582888605113
 30
0.0
 70
0
  0
VERTEX
  5
161B
  8
CUT
 10
1753.7288719524897
 20
441.7780799339418
 30
0.0
 70
0
  0
VERTEX
  5
161C
  8
CUT
 10
1753.802001981382
 20
441.09787100737225
 30
0.0
 70
0
  0
VERTEX
  5
161D
  8
CUT
 10
1754.0180495673553
 20
440.44875189233574
 30
0.0
 70
0
  0
VERTEX
  5
161E
  8
CUT
 10
1754.3671399815319
 20
439.86039140110546
 30
0.0
 70
0
  0
VERTEX
  5
161F
  8
CUT
 10
1754.833317603865
 20
439.3596812960082
 30
0.0
 70
0
  0
VERTEX
  5
1620
  8
CUT
 10
1755.3952751949857
 20
438.9695071673266
 30
0.0
 70
0
  0
VERTEX
  5
1621
  8
CUT
 10
1756.0273277705974
 20
438.70770241837545
 30
0.0
 70
0
  0
VERTEX
  5
1622
  8
CUT
 10
1756.7005865662522
 20
438.58623316718905
 30
0.0
 70
0
  0
VERTEX
  5
1623
  8
CUT
 10
1757.3842794349644
 20
438.6106513199229
 30
0.0
 70
0
  0
VERTEX
  5
1624
  8
CUT
 10
1758.047157327207
 20
438.77984081394266
 30
0.0
 70
0
  0
VERTEX
  5
1625
  8
CUT
 10
1758.6589225683479
 20
439.0860686288821
 30
0.0
 70
0
  0
VERTEX
  5
1626
  8
CUT
 10
1759.1916136522866
 20
439.5153382341449
 30
0.0
 70
0
  0
VERTEX
  5
1627
  8
CUT
 10
1783.657508281341
 20
415.04944360509035
 30
0.0
 70
0
  0
VERTEX
  5
1628
  8
CUT
 10
1783.2282386760783
 20
414.51675252115126
 30
0.0
 70
0
  0
VERTEX
  5
1629
  8
CUT
 10
1782.9220108611387
 20
413.90498728001046
 30
0.0
 70
0
  0
VERTEX
  5
162A
  8
CUT
 10
1782.752821367119
 20
413.2421093877678
 30
0.0
 70
0
  0
VERTEX
  5
162B
  8
CUT
 10
1782.7284032143853
 20
412.55841651905575
 30
0.0
 70
0
  0
VERTEX
  5
162C
  8
CUT
 10
1782.8498724655715
 20
411.88515772340065
 30
0.0
 70
0
  0
VERTEX
  5
162D
  8
CUT
 10
1783.1116772145228
 20
411.25310514778903
 30
0.0
 70
0
  0
VERTEX
  5
162E
  8
CUT
 10
1783.5018513432044
 20
410.6911475566683
 30
0.0
 70
0
  0
VERTEX
  5
162F
  8
CUT
 10
1784.0025614483018
 20
410.2249699343352
 30
0.0
 70
0
  0
VERTEX
  5
1630
  8
CUT
 10
1784.590921939532
 20
409.87587952015866
 30
0.0
 70
0
  0
VERTEX
  5
1631
  8
CUT
 10
1785.2400410545686
 20
409.65983193418543
 30
0.0
 70
0
  0
VERTEX
  5
1632
  8
CUT
 10
1785.920249981138
 20
409.5867019052931
 30
0.0
 70
0
  0
VERTEX
  5
1633
  8
CUT
 10
1786.6004589077077
 20
409.65983193418543
 30
0.0
 70
0
  0
VERTEX
  5
1634
  8
CUT
 10
1787.2495780227441
 20
409.87587952015866
 30
0.0
 70
0
  0
VERTEX
  5
1635
  8
CUT
 10
1787.8379385139744
 20
410.2249699343352
 30
0.0
 70
0
  0
VERTEX
  5
1636
  8
CUT
 10
1788.3386486190718
 20
410.6911475566683
 30
0.0
 70
0
  0
VERTEX
  5
1637
  8
CUT
 10
1788.7288227477534
 20
411.25310514778903
 30
0.0
 70
0
  0
VERTEX
  5
1638
  8
CUT
 10
1788.9906274967047
 20
411.88515772340065
 30
0.0
 70
0
  0
VERTEX
  5
1639
  8
CUT
 10
1789.112096747891
 20
412.55841651905575
 30
0.0
 70
0
  0
VERTEX
  5
163A
  8
CUT
 10
1789.0876785951573
 20
413.2421093877678
 30
0.0
 70
0
  0
VERTEX
  5
163B
  8
CUT
 10
1788.9184891011375
 20
413.90498728001046
 30
0.0
 70
0
  0
VERTEX
  5
163C
  8
CUT
 10
1788.612261286198
 20
414.51675252115126
 30
0.0
 70
0
  0
VERTEX
  5
163D
  8
CUT
 10
1788.1829916809352
 20
415.04944360509035
 30
0.0
 70
0
  0
SEQEND
  5
15E1
  8
CUT
  0
POLYLINE
  5
163E
  8
CUT
 66
1
 10
0.0
 20
0.0
 30
0.0
 70
1
  0
VERTEX
  5
1640
  8
CUT
 10
1708.9503670766892
 20
512.1011590952371
 30
0.0
 70
0
  0
VERTEX
  5
1641
  8
CUT
 10
1709.4830581606282
 20
511.67188948997426
 30
0.0
 70
0
  0
VERTEX
  5
1642
  8
CUT
 10
1710.094823401769
 20
511.3656616750348
 30
0.0
 70
0
  0
VERTEX
  5
1643
  8
CUT
 10
1710.7577012940117
 20
511.19647218101505
 30
0.0
 70
0
  0
VERTEX
  5
1644
  8
CUT
 10
1711.4413941627236
 20
511.17205402828125
 30
0.0
 70
0
  0
VERTEX
  5
1645
  8
CUT
 10
1712.1146529583787
 20
511.2935232794677
 30
0.0
 70
0
  0
VERTEX
  5
1646
  8
CUT
 10
1712.7467055339903
 20
511.5553280284189
 30
0.0
 70
0
  0
VERTEX
  5
1647
  8
CUT
 10
1713.308663125111
 20
511.94550215710046
 30
0.0
 70
0
  0
VERTEX
  5
1648
  8
CUT
 10
1713.774840747444
 20
512.4462122621978
 30
0.0
 70
0
  0
VERTEX
  5
1649
  8
CUT
 10
1714.1239311616205
 20
513.034572753428
 30
0.0
 70
0
  0
VERTEX
  5
164A
  8
CUT
 10
1714.3399787475937
 20
513.6836918684646
 30
0.0
 70
0
  0
VERTEX
  5
164B
  8
CUT
 10
1714.413108776486
 20
514.3639007950342
 30
0.0
 70
0
  0
VERTEX
  5
164C
  8
CUT
 10
1714.3399787475937
 20
515.0441097216036
 30
0.0
 70
0
  0
VERTEX
  5
164D
  8
CUT
 10
1714.1239311616205
 20
515.6932288366402
 30
0.0
 70
0
  0
VERTEX
  5
164E
  8
CUT
 10
1713.774840747444
 20
516.2815893278704
 30
0.0
 70
0
  0
VERTEX
  5
164F
  8
CUT
 10
1713.3086631251108
 20
516.7822994329678
 30
0.0
 70
0
  0
VERTEX
  5
1650
  8
CUT
 10
1712.74670553399
 20
517.1724735616493
 30
0.0
 70
0
  0
VERTEX
  5
1651
  8
CUT
 10
1712.1146529583784
 20
517.4342783106005
 30
0.0
 70
0
  0
VERTEX
  5
1652
  8
CUT
 10
1711.4413941627236
 20
517.5557475617869
 30
0.0
 70
0
  0
VERTEX
  5
1653
  8
CUT
 10
1710.7577012940114
 20
517.531329409053
 30
0.0
 70
0
  0
VERTEX
  5
1654
  8
CUT
 10
1710.0948234017687
 20
517.3621399150333
 30
0.0
 70
0
  0
VERTEX
  5
1655
  8
CUT
 10
1709.483058160628
 20
517.0559121000938
 30
0.0
 70
0
  0
VERTEX
  5
1656
  8
CUT
 10
1708.9503670766892
 20
516.626642494831
 30
0.0
 70
0
  0
VERTEX
  5
1657
  8
CUT
 10
1684.4844724476347
 20
541.0925371238856
 30
0.0
 70
0
  0
VERTEX
  5
1658
  8
CUT
 10
1684.9137420528975
 20
541.6252282078246
 30
0.0
 70
0
  0
VERTEX
  5
1659
  8
CUT
 10
1685.2199698678369
 20
542.2369934489654
 30
0.0
 70
0
  0
VERTEX
  5
165A
  8
CUT
 10
1685.3891593618566
 20
542.899871341208
 30
0.0
 70
0
  0
VERTEX
  5
165B
  8
CUT
 10
1685.4135775145905
 20
543.5835642099202
 30
0.0
 70
0
  0
VERTEX
  5
165C
  8
CUT
 10
1685.292108263404
 20
544.2568230055751
 30
0.0
 70
0
  0
VERTEX
  5
165D
  8
CUT
 10
1685.030303514453
 20
544.8888755811868
 30
0.0
 70
0
  0
VERTEX
  5
165E
  8
CUT
 10
1684.6401293857712
 20
545.4508331723075
 30
0.0
 70
0
  0
VERTEX
  5
165F
  8
CUT
 10
1684.139419280674
 20
545.9170107946405
 30
0.0
 70
0
  0
VERTEX
  5
1660
  8
CUT
 10
1683.5510587894437
 20
546.266101208817
 30
0.0
 70
0
  0
VERTEX
  5
1661
  8
CUT
 10
1682.9019396744072
 20
546.4821487947902
 30
0.0
 70
0
  0
VERTEX
  5
1662
  8
CUT
 10
1682.2217307478377
 20
546.5552788236826
 30
0.0
 70
0
  0
VERTEX
  5
1663
  8
CUT
 10
1681.5415218212681
 20
546.4821487947902
 30
0.0
 70
0
  0
VERTEX
  5
1664
  8
CUT
 10
1680.8924027062317
 20
546.266101208817
 30
0.0
 70
0
  0
VERTEX
  5
1665
  8
CUT
 10
1680.3040422150013
 20
545.9170107946404
 30
0.0
 70
0
  0
VERTEX
  5
1666
  8
CUT
 10
1679.803332109904
 20
545.4508331723074
 30
0.0
 70
0
  0
VERTEX
  5
1667
  8
CUT
 10
1679.4131579812224
 20
544.8888755811867
 30
0.0
 70
0
  0
VERTEX
  5
1668
  8
CUT
 10
1679.1513532322713
 20
544.256823005575
 30
0.0
 70
0
  0
VERTEX
  5
1669
  8
CUT
 10
1679.0298839810848
 20
543.5835642099199
 30
0.0
 70
0
  0
VERTEX
  5
166A
  8
CUT
 10
1679.0543021338187
 20
542.8998713412079
 30
0.0
 70
0
  0
VERTEX
  5
166B
  8
CUT
 10
1679.2234916278385
 20
542.2369934489653
 30
0.0
 70
0
  0
VERTEX
  5
166C
  8
CUT
 10
1679.529719442778
 20
541.6252282078245
 30
0.0
 70
0
  0
VERTEX
  5
166D
  8
CUT
 10
1679.9589890480408
 20
541.0925371238856
 30
0.0
 70
0
  0
VERTEX
  5
166E
  8
CUT
 10
1671.0494436050903
 20
532.1829916809351
 30
0.0
 70
0
  0
VERTEX
  5
166F
  8
CUT
 10
1670.5167525211514
 20
532.6122612861978
 30
0.0
 70
0
  0
VERTEX
  5
1670
  8
CUT
 10
1669.9049872800106
 20
532.9184891011373
 30
0.0
 70
0
  0
VERTEX
  5
1671
  8
CUT
 10
1669.2421093877679
 20
533.0876785951571
 30
0.0
 70
0
  0
VERTEX
  5
1672
  8
CUT
 10
1668.5584165190558
 20
533.112096747891
 30
0.0
 70
0
  0
VERTEX
  5
1673
  8
CUT
 10
1667.8851577234009
 20
532.9906274967045
 30
0.0
 70
0
  0
VERTEX
  5
1674
  8
CUT
 10
1667.2531051477893
 20
532.7288227477534
 30
0.0
 70
0
  0
VERTEX
  5
1675
  8
CUT
 10
1666.6911475566685
 20
532.3386486190718
 30
0.0
 70
0
  0
VERTEX
  5
1676
  8
CUT
 10
1666.2249699343354
 20
531.8379385139744
 30
0.0
 70
0
  0
VERTEX
  5
1677
  8
CUT
 10
1665.8758795201588
 20
531.2495780227442
 30
0.0
 70
0
  0
VERTEX
  5
1678
  8
CUT
 10
1665.6598319341856
 20
530.6004589077077
 30
0.0
 70
0
  0
VERTEX
  5
1679
  8
CUT
 10
1665.5867019052932
 20
529.9202499811382
 30
0.0
 70
0
  0
VERTEX
  5
167A
  8
CUT
 10
1665.6598319341856
 20
529.2400410545687
 30
0.0
 70
0
  0
VERTEX
  5
167B
  8
CUT
 10
1665.8758795201588
 20
528.5909219395321
 30
0.0
 70
0
  0
VERTEX
  5
167C
  8
CUT
 10
1666.2249699343354
 20
528.0025614483019
 30
0.0
 70
0
  0
VERTEX
  5
167D
  8
CUT
 10
1666.6911475566683
 20
527.5018513432045
 30
0.0
 70
0
  0
VERTEX
  5
167E
  8
CUT
 10
1667.253105147789
 20
527.111677214523
 30
0.0
 70
0
  0
VERTEX
  5
167F
  8
CUT
 10
1667.8851577234007
 20
526.8498724655717
 30
0.0
 70
0
  0
VERTEX
  5
1680
  8
CUT
 10
1668.5584165190558
 20
526.7284032143854
 30
0.0
 70
0
  0
VERTEX
  5
1681
  8
CUT
 10
1669.2421093877676
 20
526.7528213671192
 30
0.0
 70
0
  0
VERTEX
  5
1682
  8
CUT
 10
1669.9049872800103
 20
526.9220108611388
 30
0.0
 70
0
  0
VERTEX
  5
1683
  8
CUT
 10
1670.5167525211511
 20
527.2282386760783
 30
0.0
 70
0
  0
VERTEX
  5
1684
  8
CUT
 10
1671.0494436050903
 20
527.6575082813412
 30
0.0
 70
0
  0
VERTEX
  5
1685
  8
CUT
 10
1695.5153382341448
 20
503.1916136522866
 30
0.0
 70
0
  0
VERTEX
  5
1686
  8
CUT
 10
1695.086068628882
 20
502.65892256834763
 30
0.0
 70
0
  0
VERTEX
  5
1687
  8
CUT
 10
1694.7798408139424
 20
502.04715732720683
 30
0.0
 70
0
  0
VERTEX
  5
1688
  8
CUT
 10
1694.6106513199227
 20
501.38427943496424
 30
0.0
 70
0
  0
VERTEX
  5
1689
  8
CUT
 10
1694.5862331671888
 20
500.7005865662522
 30
0.0
 70
0
  0
VERTEX
  5
168A
  8
CUT
 10
1694.7077024183752
 20
500.02732777059714
 30
0.0
 70
0
  0
VERTEX
  5
168B
  8
CUT
 10
1694.9695071673264
 20
499.3952751949856
 30
0.0
 70
0
  0
VERTEX
  5
168C
  8
CUT
 10
1695.359681296008
 20
498.8333176038648
 30
0.0
 70
0
  0
VERTEX
  5
168D
  8
CUT
 10
1695.8603914011053
 20
498.36713998153175
 30
0.0
 70
0
  0
VERTEX
  5
168E
  8
CUT
 10
1696.4487518923356
 20
498.01804956735526
 30
0.0
 70
0
  0
VERTEX
  5
168F
  8
CUT
 10
1697.097871007372
 20
497.802001981382
 30
0.0
 70
0
  0
VERTEX
  5
1690
  8
CUT
 10
1697.7780799339416
 20
497.72887195248967
 30
0.0
 70
0
  0
VERTEX
  5
1691
  8
CUT
 10
1698.4582888605112
 20
497.8020019813819
 30
0.0
 70
0
  0
VERTEX
  5
1692
  8
CUT
 10
1699.1074079755476
 20
498.01804956735515
 30
0.0
 70
0
  0
VERTEX
  5
1693
  8
CUT
 10
1699.695768466778
 20
498.36713998153164
 30
0.0
 70
0
  0
VERTEX
  5
1694
  8
CUT
 10
1700.196478571875
 20
498.8333176038647
 30
0.0
 70
0
  0
VERTEX
  5
1695
  8
CUT
 10
1700.586652700557
 20
499.3952751949854
 30
0.0
 70
0
  0
VERTEX
  5
1696
  8
CUT
 10
1700.848457449508
 20
500.027327770597
 30
0.0
 70
0
  0
VERTEX
  5
1697
  8
CUT
 10
1700.9699267006945
 20
500.700586566252
 30
0.0
 70
0
  0
VERTEX
  5
1698
  8
CUT
 10
1700.9455085479606
 20
501.38427943496407
 30
0.0
 70
0
  0
VERTEX
  5
1699
  8
CUT
 10
1700.7763190539408
 20
502.0471573272067
 30
0.0
 70
0
  0
VERTEX
  5
169A
  8
CUT
 10
1700.4700912390015
 20
502.6589225683475
 30
0.0
 70
0
  0
VERTEX
  5
169B
  8
CUT
 10
1700.0408216337387
 20
503.1916136522866
 30
0.0
 70
0
  0
SEQEND
  5
163F
  8
CUT
  0
POLYLINE
  5
169C
  8
CUT
 66
1
 10
0.0
 20
0.0
 30
0.0
 70
1
  0
VERTEX
  5
169E
  8
CUT
 10
1857.1419807289758
 20
1169.0
 30
0.0
 70
0
  0
VERTEX
  5
169F
  8
CUT
 10
1827.0969165133583
 20
1169.0
 30
0.0
 70
0
  0
VERTEX
  5
16A0
  8
CUT
 10
1827.0237864844662
 20
1168.3197910734305
 30
0.0
 70
0
  0
VERTEX
  5
16A1
  8
CUT
 10
1826.807738898493
 20
1167.670671958394
 30
0.0
 70
0
  0
VERTEX
  5
16A2
  8
CUT
 10
1826.4586484843164
 20
1167.0823114671637
 30
0.0
 70
0
  0
VERTEX
  5
16A3
  8
CUT
 10
1825.9924708619835
 20
1166.5816013620663
 30
0.0
 70
0
  0
VERTEX
  5
16A4
  8
CUT
 10
1825.4305132708628
 20
1166.1914272333847
 30
0.0
 70
0
  0
VERTEX
  5
16A5
  8
CUT
 10
1824.7984606952512
 20
1165.9296224844336
 30
0.0
 70
0
  0
VERTEX
  5
16A6
  8
CUT
 10
1824.125201899596
 20
1165.8081532332471
 30
0.0
 70
0
  0
VERTEX
  5
16A7
  8
CUT
 10
1823.441509030884
 20
1165.832571385981
 30
0.0
 70
0
  0
VERTEX
  5
16A8
  8
CUT
 10
1822.7786311386415
 20
1166.0017608800008
 30
0.0
 70
0
  0
VERTEX
  5
16A9
  8
CUT
 10
1822.1668658975007
 20
1166.3079886949401
 30
0.0
 70
0
  0
VERTEX
  5
16AA
  8
CUT
 10
1821.6341748135615
 20
1166.737258300203
 30
0.0
 70
0
  0
VERTEX
  5
16AB
  8
CUT
 10
1821.2049052082987
 20
1167.2699493841421
 30
0.0
 70
0
  0
VERTEX
  5
16AC
  8
CUT
 10
1820.8986773933593
 20
1167.881714625283
 30
0.0
 70
0
  0
VERTEX
  5
16AD
  8
CUT
 10
1820.7294878993396
 20
1168.5445925175254
 30
0.0
 70
0
  0
VERTEX
  5
16AE
  8
CUT
 10
1820.7050697466057
 20
1169.2282853862375
 30
0.0
 70
0
  0
VERTEX
  5
16AF
  8
CUT
 10
1820.826538997792
 20
1169.9015441818926
 30
0.0
 70
0
  0
VERTEX
  5
16B0
  8
CUT
 10
1821.0883437467432
 20
1170.5335967575043
 30
0.0
 70
0
  0
VERTEX
  5
16B1
  8
CUT
 10
1821.4785178754248
 20
1171.095554348625
 30
0.0
 70
0
  0
VERTEX
  5
16B2
  8
CUT
 10
1821.9792279805222
 20
1171.561731970958
 30
0.0
 70
0
  0
VERTEX
  5
16B3
  8
CUT
 10
1822.5675884717525
 20
1171.9108223851345
 30
0.0
 70
0
  0
VERTEX
  5
16B4
  8
CUT
 10
1823.216707586789
 20
1172.1268699711077
 30
0.0
 70
0
  0
VERTEX
  5
16B5
  8
CUT
 10
1823.8969165133583
 20
1172.2
 30
0.0
 70
0
  0
VERTEX
  5
16B6
  8
CUT
 10
1823.8969165133583
 20
1187.0
 30
0.0
 70
0
  0
VERTEX
  5
16B7
  8
CUT
 10
1783.8969165133583
 20
1187.0
 30
0.0
 70
0
  0
VERTEX
  5
16B8
  8
CUT
 10
1783.8969165133583
 20
1172.2
 30
0.0
 70
0
  0
VERTEX
  5
16B9
  8
CUT
 10
1784.5771254399278
 20
1172.1268699711077
 30
0.0
 70
0
  0
VERTEX
  5
16BA
  8
CUT
 10
1785.2262445549643
 20
1171.9108223851345
 30
0.0
 70
0
  0
VERTEX
  5
16BB
  8
CUT
 10
1785.8146050461946
 20
1171.561731970958
 30
0.0
 70
0
  0
VERTEX
  5
16BC
  8
CUT
 10
1786.3153151512918
 20
1171.0955543486248
 30
0.0
 70
0
  0
VERTEX
  5
16BD
  8
CUT
 10
1786.7054892799733
 20
1170.533596757504
 30
0.0
 70
0
  0
VERTEX
  5
16BE
  8
CUT
 10
1786.9672940289245
 20
1169.9015441818924
 30
0.0
 70
0
  0
VERTEX
  5
16BF
  8
CUT
 10
1787.088763280111
 20
1169.2282853862373
 30
0.0
 70
0
  0
VERTEX
  5
16C0
  8
CUT
 10
1787.064345127377
 20
1168.5445925175252
 30
0.0
 70
0
  0
VERTEX
  5
16C1
  8
CUT
 10
1786.8951556333573
 20
1167.8817146252827
 30
0.0
 70
0
  0
VERTEX
  5
16C2
  8
CUT
 10
1786.5889278184177
 20
1167.269949384142
 30
0.0
 70
0
  0
VERTEX
  5
16C3
  8
CUT
 10
1786.159658213155
 20
1166.737258300203
 30
0.0
 70
0
  0
VERTEX
  5
16C4
  8
CUT
 10
1785.6269671292157
 20
1166.3079886949401
 30
0.0
 70
0
  0
VERTEX
  5
16C5
  8
CUT
 10
1785.015201888075
 20
1166.0017608800006
 30
0.0
 70
0
  0
VERTEX
  5
16C6
  8
CUT
 10
1784.3523239958324
 20
1165.8325713859808
 30
0.0
 70
0
  0
VERTEX
  5
16C7
  8
CUT
 10
1783.6686311271203
 20
1165.8081532332471
 30
0.0
 70
0
  0
VERTEX
  5
16C8
  8
CUT
 10
1782.9953723314652
 20
1165.9296224844336
 30
0.0
 70
0
  0
VERTEX
  5
16C9
  8
CUT
 10
1782.3633197558536
 20
1166.191427233385
 30
0.0
 70
0
  0
VERTEX
  5
16CA
  8
CUT
 10
1781.801362164733
 20
1166.5816013620665
 30
0.0
 70
0
  0
VERTEX
  5
16CB
  8
CUT
 10
1781.3351845424
 20
1167.082311467164
 30
0.0
 70
0
  0
VERTEX
  5
16CC
  8
CUT
 10
1780.9860941282234
 20
1167.6706719583942
 30
0.0
 70
0
  0
VERTEX
  5
16CD
  8
CUT
 10
1780.7700465422502
 20
1168.3197910734307
 30
0.0
 70
0
  0
VERTEX
  5
16CE
  8
CUT
 10
1780.6969165133582
 20
1169.0
 30
0.0
 70
0
  0
VERTEX
  5
16CF
  8
CUT
 10
1702.4450642156178
 20
1169.0
 30
0.0
 70
0
  0
VERTEX
  5
16D0
  8
CUT
 10
1702.3719341867254
 20
1168.3197910734305
 30
0.0
 70
0
  0
VERTEX
  5
16D1
  8
CUT
 10
1702.1558866007522
 20
1167.670671958394
 30
0.0
 70
0
  0
VERTEX
  5
16D2
  8
CUT
 10
1701.8067961865756
 20
1167.0823114671637
 30
0.0
 70
0
  0
VERTEX
  5
16D3
  8
CUT
 10
1701.3406185642427
 20
1166.5816013620663
 30
0.0
 70
0
  0
VERTEX
  5
16D4
  8
CUT
 10
1700.778660973122
 20
1166.1914272333847
 30
0.0
 70
0
  0
VERTEX
  5
16D5
  8
CUT
 10
1700.1466083975104
 20
1165.9296224844336
 30
0.0
 70
0
  0
VERTEX
  5
16D6
  8
CUT
 10
1699.4733496018553
 20
1165.8081532332471
 30
0.0
 70
0
  0
VERTEX
  5
16D7
  8
CUT
 10
1698.7896567331431
 20
1165.832571385981
 30
0.0
 70
0
  0
VERTEX
  5
16D8
  8
CUT
 10
1698.1267788409007
 20
1166.0017608800008
 30
0.0
 70
0
  0
VERTEX
  5
16D9
  8
CUT
 10
1697.5150135997599
 20
1166.3079886949401
 30
0.0
 70
0
  0
VERTEX
  5
16DA
  8
CUT
 10
1696.9823225158207
 20
1166.737258300203
 30
0.0
 70
0
  0
VERTEX
  5
16DB
  8
CUT
 10
1696.5530529105579
 20
1167.2699493841421
 30
0.0
 70
0
  0
VERTEX
  5
16DC
  8
CUT
 10
1696.2468250956185
 20
1167.881714625283
 30
0.0
 70
0
  0
VERTEX
  5
16DD
  8
CUT
 10
1696.0776356015988
 20
1168.5445925175254
 30
0.0
 70
0
  0
VERTEX
  5
16DE
  8
CUT
 10
1696.0532174488649
 20
1169.2282853862375
 30
0.0
 70
0
  0
VERTEX
  5
16DF
  8
CUT
 10
1696.1746867000513
 20
1169.9015441818926
 30
0.0
 70
0
  0
VERTEX
  5
16E0
  8
CUT
 10
1696.4364914490025
 20
1170.5335967575043
 30
0.0
 70
0
  0
VERTEX
  5
16E1
  8
CUT
 10
1696.826665577684
 20
1171.095554348625
 30
0.0
 70
0
  0
VERTEX
  5
16E2
  8
CUT
 10
1697.3273756827814
 20
1171.561731970958
 30
0.0
 70
0
  0
VERTEX
  5
16E3
  8
CUT
 10
1697.9157361740117
 20
1171.9108223851345
 30
0.0
 70
0
  0
VERTEX
  5
16E4
  8
CUT
 10
1698.5648552890482
 20
1172.1268699711077
 30
0.0
 70
0
  0
VERTEX
  5
16E5
  8
CUT
 10
1699.2450642156177
 20
1172.2
 30
0.0
 70
0
  0
VERTEX
  5
16E6
  8
CUT
 10
1699.2450642156177
 20
1187.0
 30
0.0
 70
0
  0
VERTEX
  5
16E7
  8
CUT
 10
1659.2450642156177
 20
1187.0
 30
0.0
 70
0
  0
VERTEX
  5
16E8
  8
CUT
 10
1659.2450642156177
 20
1172.2
 30
0.0
 70
0
  0
VERTEX
  5
16E9
  8
CUT
 10
1659.9252731421873
 20
1172.1268699711077
 30
0.0
 70
0
  0
VERTEX
  5
16EA
  8
CUT
 10
1660.5743922572237
 20
1171.9108223851345
 30
0.0
 70
0
  0
VERTEX
  5
16EB
  8
CUT
 10
1661.162752748454
 20
1171.561731970958
 30
0.0
 70
0
  0
VERTEX
  5
16EC
  8
CUT
 10
1661.6634628535514
 20
1171.095554348625
 30
0.0
 70
0
  0
VERTEX
  5
16ED
  8
CUT
 10
1662.053636982233
 20
1170.5335967575043
 30
0.0
 70
0
  0
VERTEX
  5
16EE
  8
CUT
 10
1662.3154417311841
 20
1169.9015441818926
 30
0.0
 70
0
  0
VERTEX
  5
16EF
  8
CUT
 10
1662.4369109823706
 20
1169.2282853862375
 30
0.0
 70
0
  0
VERTEX
  5
16F0
  8
CUT
 10
1662.4124928296367
 20
1168.5445925175254
 30
0.0
 70
0
  0
VERTEX
  5
16F1
  8
CUT
 10
1662.243303335617
 20
1167.881714625283
 30
0.0
 70
0
  0
VERTEX
  5
16F2
  8
CUT
 10
1661.9370755206776
 20
1167.2699493841421
 30
0.0
 70
0
  0
VERTEX
  5
16F3
  8
CUT
 10
1661.5078059154148
 20
1166.737258300203
 30
0.0
 70
0
  0
VERTEX
  5
16F4
  8
CUT
 10
1660.9751148314756
 20
1166.3079886949401
 30
0.0
 70
0
  0
VERTEX
  5
16F5
  8
CUT
 10
1660.3633495903348
 20
1166.0017608800008
 30
0.0
 70
0
  0
VERTEX
  5
16F6
  8
CUT
 10
1659.7004716980923
 20
1165.832571385981
 30
0.0
 70
0
  0
VERTEX
  5
16F7
  8
CUT
 10
1659.0167788293802
 20
1165.8081532332471
 30
0.0
 70
0
  0
VERTEX
  5
16F8
  8
CUT
 10
1658.343520033725
 20
1165.9296224844336
 30
0.0
 70
0
  0
VERTEX
  5
16F9
  8
CUT
 10
1657.7114674581135
 20
1166.1914272333847
 30
0.0
 70
0
  0
VERTEX
  5
16FA
  8
CUT
 10
1657.1495098669927
 20
1166.5816013620663
 30
0.0
 70
0
  0
VERTEX
  5
16FB
  8
CUT
 10
1656.6833322446598
 20
1167.0823114671637
 30
0.0
 70
0
  0
VERTEX
  5
16FC
  8
CUT
 10
1656.3342418304833
 20
1167.670671958394
 30
0.0
 70
0
  0
VERTEX
  5
16FD
  8
CUT
 10
1656.11819424451
 20
1168.3197910734305
 30
0.0
 70
0
  0
VERTEX
  5
16FE
  8
CUT
 10
1656.0450642156177
 20
1169.0
 30
0.0
 70
0
  0
VERTEX
  5
16FF
  8
CUT
 10
1626.0
 20
1169.0
 30
0.0
 70
0
  0
VERTEX
  5
1700
  8
CUT
 10
1676.3999999999999
 20
980.0
 30
0.0
 70
0
  0
VERTEX
  5
1701
  8
CUT
 10
1687.0638168652902
 20
980.0
 30
0.0
 70
0
  0
VERTEX
  5
1702
  8
CUT
 10
1687.1369468941825
 20
980.6802089265695
 30
0.0
 70
0
  0
VERTEX
  5
1703
  8
CUT
 10
1687.3529944801558
 20
981.329328041606
 30
0.0
 70
0
  0
VERTEX
  5
1704
  8
CUT
 10
1687.7020848943323
 20
981.9176885328363
 30
0.0
 70
0
  0
VERTEX
  5
1705
  8
CUT
 10
1688.1682625166652
 20
982.4183986379337
 30
0.0
 70
0
  0
VERTEX
  5
1706
  8
CUT
 10
1688.730220107786
 20
982.8085727666153
 30
0.0
 70
0
  0
VERTEX
  5
1707
  8
CUT
 10
1689.3622726833976
 20
983.0703775155664
 30
0.0
 70
0
  0
VERTEX
  5
1708
  8
CUT
 10
1690.0355314790527
 20
983.1918467667529
 30
0.0
 70
0
  0
VERTEX
  5
1709
  8
CUT
 10
1690.7192243477648
 20
983.1674286140191
 30
0.0
 70
0
  0
VERTEX
  5
170A
  8
CUT
 10
1691.3821022400073
 20
982.9982391199993
 30
0.0
 70
0
  0
VERTEX
  5
170B
  8
CUT
 10
1691.993867481148
 20
982.6920113050599
 30
0.0
 70
0
  0
VERTEX
  5
170C
  8
CUT
 10
1692.5265585650873
 20
982.262741699797
 30
0.0
 70
0
  0
VERTEX
  5
170D
  8
CUT
 10
1692.95582817035
 20
981.730050615858
 30
0.0
 70
0
  0
VERTEX
  5
170E
  8
CUT
 10
1693.2620559852894
 20
981.1182853747172
 30
0.0
 70
0
  0
VERTEX
  5
170F
  8
CUT
 10
1693.4312454793092
 20
980.4554074824745
 30
0.0
 70
0
  0
VERTEX
  5
1710
  8
CUT
 10
1693.455663632043
 20
979.7717146137625
 30
0.0
 70
0
  0
VERTEX
  5
1711
  8
CUT
 10
1693.3341943808566
 20
979.0984558181074
 30
0.0
 70
0
  0
VERTEX
  5
1712
  8
CUT
 10
1693.0723896319055
 20
978.4664032424957
 30
0.0
 70
0
  0
VERTEX
  5
1713
  8
CUT
 10
1692.682215503224
 20
977.9044456513751
 30
0.0
 70
0
  0
VERTEX
  5
1714
  8
CUT
 10
1692.1815053981265
 20
977.438268029042
 30
0.0
 70
0
  0
VERTEX
  5
1715
  8
CUT
 10
1691.5931449068962
 20
977.0891776148655
 30
0.0
 70
0
  0
VERTEX
  5
1716
  8
CUT
 10
1690.9440257918598
 20
976.8731300288922
 30
0.0
 70
0
  0
VERTEX
  5
1717
  8
CUT
 10
1690.2638168652902
 20
976.8
 30
0.0
 70
0
  0
VERTEX
  5
1718
  8
CUT
 10
1690.2638168652902
 20
962.0
 30
0.0
 70
0
  0
VERTEX
  5
1719
  8
CUT
 10
1723.8709903644879
 20
962.0
 30
0.0
 70
0
  0
VERTEX
  5
171A
  8
CUT
 10
1723.8709903644879
 20
976.8
 30
0.0
 70
0
  0
VERTEX
  5
171B
  8
CUT
 10
1723.1907814379183
 20
976.8731300288923
 30
0.0
 70
0
  0
VERTEX
  5
171C
  8
CUT
 10
1722.5416623228818
 20
977.0891776148655
 30
0.0
 70
0
  0
VERTEX
  5
171D
  8
CUT
 10
1721.9533018316515
 20
977.4382680290421
 30
0.0
 70
0
  0
VERTEX
  5
171E
  8
CUT
 10
1721.4525917265544
 20
977.9044456513752
 30
0.0
 70
0
  0
VERTEX
  5
171F
  8
CUT
 10
1721.0624175978728
 20
978.466403242496
 30
0.0
 70
0
  0
VERTEX
  5
1720
  8
CUT
 10
1720.8006128489217
 20
979.0984558181076
 30
0.0
 70
0
  0
VERTEX
  5
1721
  8
CUT
 10
1720.6791435977352
 20
979.7717146137627
 30
0.0
 70
0
  0
VERTEX
  5
1722
  8
CUT
 10
1720.7035617504691
 20
980.4554074824747
 30
0.0
 70
0
  0
VERTEX
  5
1723
  8
CUT
 10
1720.8727512444889
 20
981.1182853747173
 30
0.0
 70
0
  0
VERTEX
  5
1724
  8
CUT
 10
1721.1789790594285
 20
981.7300506158581
 30
0.0
 70
0
  0
VERTEX
  5
1725
  8
CUT
 10
1721.6082486646912
 20
982.2627416997972
 30
0.0
 70
0
  0
VERTEX
  5
1726
  8
CUT
 10
1722.1409397486304
 20
982.69201130506
 30
0.0
 70
0
  0
VERTEX
  5
1727
  8
CUT
 10
1722.7527049897712
 20
982.9982391199993
 30
0.0
 70
0
  0
VERTEX
  5
1728
  8
CUT
 10
1723.4155828820137
 20
983.1674286140191
 30
0.0
 70
0
  0
VERTEX
  5
1729
  8
CUT
 10
1724.0992757507258
 20
983.1918467667529
 30
0.0
 70
0
  0
VERTEX
  5
172A
  8
CUT
 10
1724.772534546381
 20
983.0703775155664
 30
0.0
 70
0
  0
VERTEX
  5
172B
  8
CUT
 10
1725.4045871219926
 20
982.8085727666152
 30
0.0
 70
0
  0
VERTEX
  5
172C
  8
CUT
 10
1725.966544713113
 20
982.4183986379335
 30
0.0
 70
0
  0
VERTEX
  5
172D
  8
CUT
 10
1726.4327223354462
 20
981.9176885328361
 30
0.0
 70
0
  0
VERTEX
  5
172E
  8
CUT
 10
1726.7818127496228
 20
981.3293280416059
 30
0.0
 70
0
  0
VERTEX
  5
172F
  8
CUT
 10
1726.997860335596
 20
980.6802089265693
 30
0.0
 70
0
  0
VERTEX
  5
1730
  8
CUT
 10
1727.070990364488
 20
980.0
 30
0.0
 70
0
  0
VERTEX
  5
1731
  8
CUT
 10
1732.070990364488
 20
980.0
 30
0.0
 70
0
  0
VERTEX
  5
1732
  8
CUT
 10
1732.070990364488
 20
1071.3
 30
0.0
 70
0
  0
VERTEX
  5
1733
  8
CUT
 10
1731.3907814379183
 20
1071.3731300288923
 30
0.0
 70
0
  0
VERTEX
  5
1734
  8
CUT
 10
1730.741662322882
 20
1071.5891776148655
 30
0.0
 70
0
  0
VERTEX
  5
1735
  8
CUT
 10
1730.1533018316516
 20
1071.938268029042
 30
0.0
 70
0
  0
VERTEX
  5
1736
  8
CUT
 10
1729.6525917265542
 20
1072.404445651375
 30
0.0
 70
0
  0
VERTEX
  5
1737
  8
CUT
 10
1729.2624175978726
 20
1072.9664032424957
 30
0.0
 70
0
  0
VERTEX
  5
1738
  8
CUT
 10
1729.0006128489215
 20
1073.5984558181074
 30
0.0
 70
0
  0
VERTEX
  5
1739
  8
CUT
 10
1728.879143597735
 20
1074.2717146137625
 30
0.0
 70
0
  0
VERTEX
  5
173A
  8
CUT
 10
1728.903561750469
 20
1074.9554074824746
 30
0.0
 70
0
  0
VERTEX
  5
173B
  8
CUT
 10
1729.0727512444887
 20
1075.618285374717
 30
0.0
 70
0
  0
VERTEX
  5
173C
  8
CUT
 10
1729.378979059428
 20
1076.2300506158579
 30
0.0
 70
0
  0
VERTEX
  5
173D
  8
CUT
 10
1729.8082486646908
 20
1076.762741699797
 30
0.0
 70
0
  0
VERTEX
  5
173E
  8
CUT
 10
1730.34093974863
 20
1077.1920113050599
 30
0.0
 70
0
  0
VERTEX
  5
173F
  8
CUT
 10
1730.9527049897708
 20
1077.4982391199992
 30
0.0
 70
0
  0
VERTEX
  5
1740
  8
CUT
 10
1731.6155828820133
 20
1077.667428614019
 30
0.0
 70
0
  0
VERTEX
  5
1741
  8
CUT
 10
1732.2992757507254
 20
1077.6918467667529
 30
0.0
 70
0
  0
VERTEX
  5
1742
  8
CUT
 10
1732.9725345463805
 20
1077.5703775155664
 30
0.0
 70
0
  0
VERTEX
  5
1743
  8
CUT
 10
1733.6045871219922
 20
1077.3085727666153
 30
0.0
 70
0
  0
VERTEX
  5
1744
  8
CUT
 10
1734.166544713113
 20
1076.9183986379337
 30
0.0
 70
0
  0
VERTEX
  5
1745
  8
CUT
 10
1734.6327223354458
 20
1076.4176885328363
 30
0.0
 70
0
  0
VERTEX
  5
1746
  8
CUT
 10
1734.9818127496223
 20
1075.829328041606
 30
0.0
 70
0
  0
VERTEX
  5
1747
  8
CUT
 10
1735.1978603355956
 20
1075.1802089265695
 30
0.0
 70
0
  0
VERTEX
  5
1748
  8
CUT
 10
1735.270990364488
 20
1074.5
 30
0.0
 70
0
  0
VERTEX
  5
1749
  8
CUT
 10
1747.8709903644879
 20
1074.5
 30
0.0
 70
0
  0
VERTEX
  5
174A
  8
CUT
 10
1747.9441203933802
 20
1075.1802089265695
 30
0.0
 70
0
  0
VERTEX
  5
174B
  8
CUT
 10
1748.1601679793534
 20
1075.829328041606
 30
0.0
 70
0
  0
VERTEX
  5
174C
  8
CUT
 10
1748.50925839353
 20
1076.4176885328363
 30
0.0
 70
0
  0
VERTEX
  5
174D
  8
CUT
 10
1748.975436015863
 20
1076.9183986379337
 30
0.0
 70
0
  0
VERTEX
  5
174E
  8
CUT
 10
1749.5373936069836
 20
1077.3085727666153
 30
0.0
 70
0
  0
VERTEX
  5
174F
  8
CUT
 10
1750.1694461825953
 20
1077.5703775155664
 30
0.0
 70
0
  0
VERTEX
  5
1750
  8
CUT
 10
1750.8427049782504
 20
1077.6918467667529
 30
0.0
 70
0
  0
VERTEX
  5
1751
  8
CUT
 10
1751.5263978469625
 20
1077.667428614019
 30
0.0
 70
0
  0
VERTEX
  5
1752
  8
CUT
 10
1752.189275739205
 20
1077.4982391199992
 30
0.0
 70
0
  0
VERTEX
  5
1753
  8
CUT
 10
1752.8010409803458
 20
1077.1920113050599
 30
0.0
 70
0
  0
VERTEX
  5
1754
  8
CUT
 10
1753.333732064285
 20
1076.762741699797
 30
0.0
 70
0
  0
VERTEX
  5
1755
  8
CUT
 10
1753.7630016695477
 20
1076.2300506158579
 30
0.0
 70
0
  0
VERTEX
  5
1756
  8
CUT
 10
1754.069229484487
 20
1075.618285374717
 30
0.0
 70
0
  0
VERTEX
  5
1757
  8
CUT
 10
1754.2384189785068
 20
1074.9554074824746
 30
0.0
 70
0
  0
VERTEX
  5
1758
  8
CUT
 10
1754.2628371312408
 20
1074.2717146137625
 30
0.0
 70
0
  0
VERTEX
  5
1759
  8
CUT
 10
1754.1413678800543
 20
1073.5984558181074
 30
0.0
 70
0
  0
VERTEX
  5
175A
  8
CUT
 10
1753.8795631311032
 20
1072.9664032424957
 30
0.0
 70
0
  0
VERTEX
  5
175B
  8
CUT
 10
1753.4893890024216
 20
1072.404445651375
 30
0.0
 70
0
  0
VERTEX
  5
175C
  8
CUT
 10
1752.9886788973242
 20
1071.938268029042
 30
0.0
 70
0
  0
VERTEX
  5
175D
  8
CUT
 10
1752.400318406094
 20
1071.5891776148655
 30
0.0
 70
0
  0
VERTEX
  5
175E
  8
CUT
 10
1751.7511992910574
 20
1071.3731300288923
 30
0.0
 70
0
  0
VERTEX
  5
175F
  8
CUT
 10
1751.070990364488
 20
1071.3
 30
0.0
 70
0
  0
VERTEX
  5
1760
  8
CUT
 10
1751.070990364488
 20
980.0
 30
0.0
 70
0
  0
VERTEX
  5
1761
  8
CUT
 10
1756.070990364488
 20
980.0
 30
0.0
 70
0
  0
VERTEX
  5
1762
  8
CUT
 10
1756.14412039338
 20
980.6802089265695
 30
0.0
 70
0
  0
VERTEX
  5
1763
  8
CUT
 10
1756.3601679793533
 20
981.329328041606
 30
0.0
 70
0
  0
VERTEX
  5
1764
  8
CUT
 10
1756.7092583935298
 20
981.9176885328363
 30
0.0
 70
0
  0
VERTEX
  5
1765
  8
CUT
 10
1757.1754360158627
 20
982.4183986379337
 30
0.0
 70
0
  0
VERTEX
  5
1766
  8
CUT
 10
1757.7373936069835
 20
982.8085727666153
 30
0.0
 70
0
  0
VERTEX
  5
1767
  8
CUT
 10
1758.369446182595
 20
983.0703775155664
 30
0.0
 70
0
  0
VERTEX
  5
1768
  8
CUT
 10
1759.0427049782502
 20
983.1918467667529
 30
0.0
 70
0
  0
VERTEX
  5
1769
  8
CUT
 10
1759.7263978469623
 20
983.1674286140191
 30
0.0
 70
0
  0
VERTEX
  5
176A
  8
CUT
 10
1760.3892757392048
 20
982.9982391199993
 30
0.0
 70
0
  0
VERTEX
  5
176B
  8
CUT
 10
1761.0010409803456
 20
982.6920113050599
 30
0.0
 70
0
  0
VERTEX
  5
176C
  8
CUT
 10
1761.5337320642848
 20
982.262741699797
 30
0.0
 70
0
  0
VERTEX
  5
176D
  8
CUT
 10
1761.9630016695476
 20
981.730050615858
 30
0.0
 70
0
  0
VERTEX
  5
176E
  8
CUT
 10
1762.269229484487
 20
981.1182853747172
 30
0.0
 70
0
  0
VERTEX
  5
176F
  8
CUT
 10
1762.4384189785067
 20
980.4554074824745
 30
0.0
 70
0
  0
VERTEX
  5
1770
  8
CUT
 10
1762.4628371312406
 20
979.7717146137625
 30
0.0
 70
0
  0
VERTEX
  5
1771
  8
CUT
 10
1762.3413678800541
 20
979.0984558181074
 30
0.0
 70
0
  0
VERTEX
  5
1772
  8
CUT
 10
1762.079563131103
 20
978.4664032424957
 30
0.0
 70
0
  0
VERTEX
  5
1773
  8
CUT
 10
1761.6893890024214
 20
977.9044456513751
 30
0.0
 70
0
  0
VERTEX
  5
1774
  8
CUT
 10
1761.188678897324
 20
977.438268029042
 30
0.0
 70
0
  0
VERTEX
  5
1775
  8
CUT
 10
1760.6003184060937
 20
977.0891776148655
 30
0.0
 70
0
  0
VERTEX
  5
1776
  8
CUT
 10
1759.9511992910573
 20
976.8731300288922
 30
0.0
 70
0
  0
VERTEX
  5
1777
  8
CUT
 10
1759.270990364488
 20
976.8
 30
0.0
 70
0
  0
VERTEX
  5
1778
  8
CUT
 10
1759.270990364488
 20
962.0
 30
0.0
 70
0
  0
VERTEX
  5
1779
  8
CUT
 10
1792.8781638636858
 20
962.0
 30
0.0
 70
0
  0
VERTEX
  5
177A
  8
CUT
 10
1792.8781638636858
 20
976.8
 30
0.0
 70
0
  0
VERTEX
  5
177B
  8
CUT
 10
1792.1979549371163
 20
976.8731300288923
 30
0.0
 70
0
  0
VERTEX
  5
177C
  8
CUT
 10
1791.5488358220798
 20
977.0891776148655
 30
0.0
 70
0
  0
VERTEX
  5
177D
  8
CUT
 10
1790.9604753308495
 20
977.4382680290421
 30
0.0
 70
0
  0
VERTEX
  5
177E
  8
CUT
 10
1790.4597652257523
 20
977.9044456513752
 30
0.0
 70
0
  0
VERTEX
  5
177F
  8
CUT
 10
1790.0695910970708
 20
978.466403242496
 30
0.0
 70
0
  0
VERTEX
  5
1780
  8
CUT
 10
1789.8077863481196
 20
979.0984558181076
 30
0.0
 70
0
  0
VERTEX
  5
1781
  8
CUT
 10
1789.6863170969332
 20
979.7717146137627
 30
0.0
 70
0
  0
VERTEX
  5
1782
  8
CUT
 10
1789.710735249667
 20
980.4554074824747
 30
0.0
 70
0
  0
VERTEX
  5
1783
  8
CUT
 10
1789.8799247436868
 20
981.1182853747173
 30
0.0
 70
0
  0
VERTEX
  5
1784
  8
CUT
 10
1790.1861525586264
 20
981.7300506158581
 30
0.0
 70
0
  0
VERTEX
  5
1785
  8
CUT
 10
1790.6154221638892
 20
982.2627416997972
 30
0.0
 70
0
  0
VERTEX
  5
1786
  8
CUT
 10
1791.1481132478284
 20
982.69201130506
 30
0.0
 70
0
  0
VERTEX
  5
1787
  8
CUT
 10
1791.7598784889692
 20
982.9982391199993
 30
0.0
 70
0
  0
VERTEX
  5
1788
  8
CUT
 10
1792.4227563812117
 20
983.1674286140191
 30
0.0
 70
0
  0
VERTEX
  5
1789
  8
CUT
 10
1793.1064492499238
 20
983.1918467667529
 30
0.0
 70
0
  0
VERTEX
  5
178A
  8
CUT
 10
1793.779708045579
 20
983.0703775155664
 30
0.0
 70
0
  0
VERTEX
  5
178B
  8
CUT
 10
1794.4117606211905
 20
982.8085727666152
 30
0.0
 70
0
  0
VERTEX
  5
178C
  8
CUT
 10
1794.973718212311
 20
982.4183986379335
 30
0.0
 70
0
  0
VERTEX
  5
178D
  8
CUT
 10
1795.4398958346442
 20
981.9176885328361
 30
0.0
 70
0
  0
VERTEX
  5
178E
  8
CUT
 10
1795.7889862488207
 20
981.3293280416059
 30
0.0
 70
0
  0
VERTEX
  5
178F
  8
CUT
 10
1796.005033834794
 20
980.6802089265693
 30
0.0
 70
0
  0
VERTEX
  5
1790
  8
CUT
 10
1796.0781638636859
 20
980.0
 30
0.0
 70
0
  0
VERTEX
  5
1791
  8
CUT
 10
1806.741980728976
 20
980.0
 30
0.0
 70
0
  0
SEQEND
  5
169D
  8
CUT
  0
POLYLINE
  5
1792
  8
CUT
 66
1
 10
0.0
 20
0.0
 30
0.0
 70
1
  0
VERTEX
  5
1794
  8
CUT
 10
1901.1419807289758
 20
329.0
 30
0.0
 70
0
  0
VERTEX
  5
1795
  8
CUT
 10
1871.0969165133583
 20
329.0
 30
0.0
 70
0
  0
VERTEX
  5
1796
  8
CUT
 10
1871.0237864844662
 20
328.31979107343045
 30
0.0
 70
0
  0
VERTEX
  5
1797
  8
CUT
 10
1870.807738898493
 20
327.67067195839394
 30
0.0
 70
0
  0
VERTEX
  5
1798
  8
CUT
 10
1870.4586484843164
 20
327.08231146716366
 30
0.0
 70
0
  0
VERTEX
  5
1799
  8
CUT
 10
1869.9924708619835
 20
326.58160136206635
 30
0.0
 70
0
  0
VERTEX
  5
179A
  8
CUT
 10
1869.4305132708628
 20
326.1914272333848
 30
0.0
 70
0
  0
VERTEX
  5
179B
  8
CUT
 10
1868.7984606952512
 20
325.9296224844336
 30
0.0
 70
0
  0
VERTEX
  5
179C
  8
CUT
 10
1868.125201899596
 20
325.8081532332472
 30
0.0
 70
0
  0
VERTEX
  5
179D
  8
CUT
 10
1867.441509030884
 20
325.832571385981
 30
0.0
 70
0
  0
VERTEX
  5
179E
  8
CUT
 10
1866.7786311386415
 20
326.00176088000075
 30
0.0
 70
0
  0
VERTEX
  5
179F
  8
CUT
 10
1866.1668658975007
 20
326.3079886949402
 30
0.0
 70
0
  0
VERTEX
  5
17A0
  8
CUT
 10
1865.6341748135615
 20
326.73725830020305
 30
0.0
 70
0
  0
VERTEX
  5
17A1
  8
CUT
 10
1865.2049052082987
 20
327.2699493841421
 30
0.0
 70
0
  0
VERTEX
  5
17A2
  8
CUT
 10
1864.8986773933593
 20
327.8817146252829
 30
0.0
 70
0
  0
VERTEX
  5
17A3
  8
CUT
 10
1864.7294878993396
 20
328.5445925175255
 30
0.0
 70
0
  0
VERTEX
  5
17A4
  8
CUT
 10
1864.7050697466057
 20
329.22828538623753
 30
0.0
 70
0
  0
VERTEX
  5
17A5
  8
CUT
 10
1864.826538997792
 20
329.9015441818926
 30
0.0
 70
0
  0
VERTEX
  5
17A6
  8
CUT
 10
1865.0883437467432
 20
330.5335967575042
 30
0.0
 70
0
  0
VERTEX
  5
17A7
  8
CUT
 10
1865.4785178754248
 20
331.09555434862494
 30
0.0
 70
0
  0
VERTEX
  5
17A8
  8
CUT
 10
1865.9792279805222
 20
331.56173197095796
 30
0.0
 70
0
  0
VERTEX
  5
17A9
  8
CUT
 10
1866.5675884717525
 20
331.91082238513445
 30
0.0
 70
0
  0
VERTEX
  5
17AA
  8
CUT
 10
1867.216707586789
 20
332.12686997110774
 30
0.0
 70
0
  0
VERTEX
  5
17AB
  8
CUT
 10
1867.8969165133583
 20
332.2
 30
0.0
 70
0
  0
VERTEX
  5
17AC
  8
CUT
 10
1867.8969165133583
 20
347.0
 30
0.0
 70
0
  0
VERTEX
  5
17AD
  8
CUT
 10
1827.8969165133583
 20
347.0
 30
0.0
 70
0
  0
VERTEX
  5
17AE
  8
CUT
 10
1827.8969165133583
 20
332.2
 30
0.0
 70
0
  0
VERTEX
  5
17AF
  8
CUT
 10
1828.5771254399278
 20
332.1268699711077
 30
0.0
 70
0
  0
VERTEX
  5
17B0
  8
CUT
 10
1829.2262445549643
 20
331.9108223851344
 30
0.0
 70
0
  0
VERTEX
  5
17B1
  8
CUT
 10
1829.8146050461946
 20
331.56173197095785
 30
0.0
 70
0
  0
VERTEX
  5
17B2
  8
CUT
 10
1830.3153151512918
 20
331.0955543486248
 30
0.0
 70
0
  0
VERTEX
  5
17B3
  8
CUT
 10
1830.7054892799733
 20
330.533596757504
 30
0.0
 70
0
  0
VERTEX
  5
17B4
  8
CUT
 10
1830.9672940289245
 20
329.90154418189235
 30
0.0
 70
0
  0
VERTEX
  5
17B5
  8
CUT
 10
1831.088763280111
 20
329.2282853862373
 30
0.0
 70
0
  0
VERTEX
  5
17B6
  8
CUT
 10
1831.064345127377
 20
328.54459251752525
 30
0.0
 70
0
  0
VERTEX
  5
17B7
  8
CUT
 10
1830.8951556333573
 20
327.88171462528265
 30
0.0
 70
0
  0
VERTEX
  5
17B8
  8
CUT
 10
1830.5889278184177
 20
327.2699493841419
 30
0.0
 70
0
  0
VERTEX
  5
17B9
  8
CUT
 10
1830.159658213155
 20
326.7372583002029
 30
0.0
 70
0
  0
VERTEX
  5
17BA
  8
CUT
 10
1829.6269671292157
 20
326.3079886949401
 30
0.0
 70
0
  0
VERTEX
  5
17BB
  8
CUT
 10
1829.015201888075
 20
326.0017608800007
 30
0.0
 70
0
  0
VERTEX
  5
17BC
  8
CUT
 10
1828.3523239958324
 20
325.83257138598094
 30
0.0
 70
0
  0
VERTEX
  5
17BD
  8
CUT
 10
1827.6686311271203
 20
325.8081532332472
 30
0.0
 70
0
  0
VERTEX
  5
17BE
  8
CUT
 10
1826.9953723314652
 20
325.92962248443365
 30
0.0
 70
0
  0
VERTEX
  5
17BF
  8
CUT
 10
1826.3633197558536
 20
326.1914272333849
 30
0.0
 70
0
  0
VERTEX
  5
17C0
  8
CUT
 10
1825.801362164733
 20
326.5816013620665
 30
0.0
 70
0
  0
VERTEX
  5
17C1
  8
CUT
 10
1825.3351845424
 20
327.08231146716383
 30
0.0
 70
0
  0
VERTEX
  5
17C2
  8
CUT
 10
1824.9860941282234
 20
327.67067195839417
 30
0.0
 70
0
  0
VERTEX
  5
17C3
  8
CUT
 10
1824.7700465422504
 20
328.3197910734307
 30
0.0
 70
0
  0
VERTEX
  5
17C4
  8
CUT
 10
1824.6969165133582
 20
329.0
 30
0.0
 70
0
  0
VERTEX
  5
17C5
  8
CUT
 10
1746.4450642156178
 20
329.0
 30
0.0
 70
0
  0
VERTEX
  5
17C6
  8
CUT
 10
1746.3719341867254
 20
328.31979107343045
 30
0.0
 70
0
  0
VERTEX
  5
17C7
  8
CUT
 10
1746.1558866007522
 20
327.67067195839394
 30
0.0
 70
0
  0
VERTEX
  5
17C8
  8
CUT
 10
1745.8067961865756
 20
327.08231146716366
 30
0.0
 70
0
  0
VERTEX
  5
17C9
  8
CUT
 10
1745.3406185642427
 20
326.58160136206635
 30
0.0
 70
0
  0
VERTEX
  5
17CA
  8
CUT
 10
1744.778660973122
 20
326.1914272333848
 30
0.0
 70
0
  0
VERTEX
  5
17CB
  8
CUT
 10
1744.1466083975104
 20
325.9296224844336
 30
0.0
 70
0
  0
VERTEX
  5
17CC
  8
CUT
 10
1743.4733496018553
 20
325.8081532332472
 30
0.0
 70
0
  0
VERTEX
  5
17CD
  8
CUT
 10
1742.7896567331431
 20
325.832571385981
 30
0.0
 70
0
  0
VERTEX
  5
17CE
  8
CUT
 10
1742.1267788409007
 20
326.00176088000075
 30
0.0
 70
0
  0
VERTEX
  5
17CF
  8
CUT
 10
1741.5150135997599
 20
326.3079886949402
 30
0.0
 70
0
  0
VERTEX
  5
17D0
  8
CUT
 10
1740.9823225158207
 20
326.73725830020305
 30
0.0
 70
0
  0
VERTEX
  5
17D1
  8
CUT
 10
1740.5530529105579
 20
327.2699493841421
 30
0.0
 70
0
  0
VERTEX
  5
17D2
  8
CUT
 10
1740.2468250956185
 20
327.8817146252829
 30
0.0
 70
0
  0
VERTEX
  5
17D3
  8
CUT
 10
1740.0776356015988
 20
328.5445925175255
 30
0.0
 70
0
  0
VERTEX
  5
17D4
  8
CUT
 10
1740.0532174488649
 20
329.22828538623753
 30
0.0
 70
0
  0
VERTEX
  5
17D5
  8
CUT
 10
1740.1746867000513
 20
329.9015441818926
 30
0.0
 70
0
  0
VERTEX
  5
17D6
  8
CUT
 10
1740.4364914490025
 20
330.5335967575042
 30
0.0
 70
0
  0
VERTEX
  5
17D7
  8
CUT
 10
1740.826665577684
 20
331.09555434862494
 30
0.0
 70
0
  0
VERTEX
  5
17D8
  8
CUT
 10
1741.3273756827814
 20
331.56173197095796
 30
0.0
 70
0
  0
VERTEX
  5
17D9
  8
CUT
 10
1741.9157361740117
 20
331.91082238513445
 30
0.0
 70
0
  0
VERTEX
  5
17DA
  8
CUT
 10
1742.5648552890482
 20
332.12686997110774
 30
0.0
 70
0
  0
VERTEX
  5
17DB
  8
CUT
 10
1743.2450642156177
 20
332.2
 30
0.0
 70
0
  0
VERTEX
  5
17DC
  8
CUT
 10
1743.2450642156177
 20
347.0
 30
0.0
 70
0
  0
VERTEX
  5
17DD
  8
CUT
 10
1703.2450642156177
 20
347.0
 30
0.0
 70
0
  0
VERTEX
  5
17DE
  8
CUT
 10
1703.2450642156177
 20
332.2
 30
0.0
 70
0
  0
VERTEX
  5
17DF
  8
CUT
 10
1703.9252731421873
 20
332.12686997110774
 30
0.0
 70
0
  0
VERTEX
  5
17E0
  8
CUT
 10
1704.5743922572237
 20
331.91082238513445
 30
0.0
 70
0
  0
VERTEX
  5
17E1
  8
CUT
 10
1705.162752748454
 20
331.56173197095796
 30
0.0
 70
0
  0
VERTEX
  5
17E2
  8
CUT
 10
1705.6634628535514
 20
331.09555434862494
 30
0.0
 70
0
  0
VERTEX
  5
17E3
  8
CUT
 10
1706.053636982233
 20
330.5335967575042
 30
0.0
 70
0
  0
VERTEX
  5
17E4
  8
CUT
 10
1706.3154417311841
 20
329.9015441818926
 30
0.0
 70
0
  0
VERTEX
  5
17E5
  8
CUT
 10
1706.4369109823706
 20
329.22828538623753
 30
0.0
 70
0
  0
VERTEX
  5
17E6
  8
CUT
 10
1706.4124928296367
 20
328.5445925175255
 30
0.0
 70
0
  0
VERTEX
  5
17E7
  8
CUT
 10
1706.243303335617
 20
327.8817146252829
 30
0.0
 70
0
  0
VERTEX
  5
17E8
  8
CUT
 10
1705.9370755206776
 20
327.2699493841421
 30
0.0
 70
0
  0
VERTEX
  5
17E9
  8
CUT
 10
1705.5078059154148
 20
326.73725830020305
 30
0.0
 70
0
  0
VERTEX
  5
17EA
  8
CUT
 10
1704.9751148314756
 20
326.3079886949402
 30
0.0
 70
0
  0
VERTEX
  5
17EB
  8
CUT
 10
1704.3633495903348
 20
326.00176088000075
 30
0.0
 70
0
  0
VERTEX
  5
17EC
  8
CUT
 10
1703.7004716980923
 20
325.832571385981
 30
0.0
 70
0
  0
VERTEX
  5
17ED
  8
CUT
 10
1703.0167788293802
 20
325.8081532332472
 30
0.0
 70
0
  0
VERTEX
  5
17EE
  8
CUT
 10
1702.343520033725
 20
325.9296224844336
 30
0.0
 70
0
  0
VERTEX
  5
17EF
  8
CUT
 10
1701.7114674581135
 20
326.1914272333848
 30
0.0
 70
0
  0
VERTEX
  5
17F0
  8
CUT
 10
1701.1495098669927
 20
326.58160136206635
 30
0.0
 70
0
  0
VERTEX
  5
17F1
  8
CUT
 10
1700.6833322446598
 20
327.08231146716366
 30
0.0
 70
0
  0
VERTEX
  5
17F2
  8
CUT
 10
1700.3342418304833
 20
327.67067195839394
 30
0.0
 70
0
  0
VERTEX
  5
17F3
  8
CUT
 10
1700.11819424451
 20
328.31979107343045
 30
0.0
 70
0
  0
VERTEX
  5
17F4
  8
CUT
 10
1700.0450642156177
 20
329.0
 30
0.0
 70
0
  0
VERTEX
  5
17F5
  8
CUT
 10
1670.0
 20
329.0
 30
0.0
 70
0
  0
VERTEX
  5
17F6
  8
CUT
 10
1720.3999999999999
 20
140.0
 30
0.0
 70
0
  0
VERTEX
  5
17F7
  8
CUT
 10
1731.0638168652902
 20
140.0
 30
0.0
 70
0
  0
VERTEX
  5
17F8
  8
CUT
 10
1731.1369468941825
 20
140.68020892656952
 30
0.0
 70
0
  0
VERTEX
  5
17F9
  8
CUT
 10
1731.3529944801558
 20
141.32932804160603
 30
0.0
 70
0
  0
VERTEX
  5
17FA
  8
CUT
 10
1731.7020848943323
 20
141.91768853283634
 30
0.0
 70
0
  0
VERTEX
  5
17FB
  8
CUT
 10
1732.1682625166652
 20
142.41839863793365
 30
0.0
 70
0
  0
VERTEX
  5
17FC
  8
CUT
 10
1732.730220107786
 20
142.80857276661524
 30
0.0
 70
0
  0
VERTEX
  5
17FD
  8
CUT
 10
1733.3622726833976
 20
143.07037751556643
 30
0.0
 70
0
  0
VERTEX
  5
17FE
  8
CUT
 10
1734.0355314790527
 20
143.19184676675286
 30
0.0
 70
0
  0
VERTEX
  5
17FF
  8
CUT
 10
1734.7192243477648
 20
143.16742861401903
 30
0.0
 70
0
  0
VERTEX
  5
1800
  8
CUT
 10
1735.3821022400073
 20
142.99823911999928
 30
0.0
 70
0
  0
VERTEX
  5
1801
  8
CUT
 10
1735.993867481148
 20
142.69201130505985
 30
0.0
 70
0
  0
VERTEX
  5
1802
  8
CUT
 10
1736.526558565087
 20
142.262741699797
 30
0.0
 70
0
  0
VERTEX
  5
1803
  8
CUT
 10
1736.95582817035
 20
141.73005061585798
 30
0.0
 70
0
  0
VERTEX
  5
1804
  8
CUT
 10
1737.2620559852894
 20
141.11828537471717
 30
0.0
 70
0
  0
VERTEX
  5
1805
  8
CUT
 10
1737.4312454793092
 20
140.45540748247458
 30
0.0
 70
0
  0
VERTEX
  5
1806
  8
CUT
 10
1737.455663632043
 20
139.7717146137625
 30
0.0
 70
0
  0
VERTEX
  5
1807
  8
CUT
 10
1737.3341943808566
 20
139.09845581810748
 30
0.0
 70
0
  0
VERTEX
  5
1808
  8
CUT
 10
1737.0723896319055
 20
138.46640324249586
 30
0.0
 70
0
  0
VERTEX
  5
1809
  8
CUT
 10
1736.682215503224
 20
137.9044456513751
 30
0.0
 70
0
  0
VERTEX
  5
180A
  8
CUT
 10
1736.1815053981265
 20
137.4382680290421
 30
0.0
 70
0
  0
VERTEX
  5
180B
  8
CUT
 10
1735.5931449068962
 20
137.08917761486558
 30
0.0
 70
0
  0
VERTEX
  5
180C
  8
CUT
 10
1734.9440257918598
 20
136.87313002889232
 30
0.0
 70
0
  0
VERTEX
  5
180D
  8
CUT
 10
1734.2638168652902
 20
136.8
 30
0.0
 70
0
  0
VERTEX
  5
180E
  8
CUT
 10
1734.2638168652902
 20
122.0
 30
0.0
 70
0
  0
VERTEX
  5
180F
  8
CUT
 10
1767.8709903644879
 20
122.0
 30
0.0
 70
0
  0
VERTEX
  5
1810
  8
CUT
 10
1767.8709903644879
 20
136.8
 30
0.0
 70
0
  0
VERTEX
  5
1811
  8
CUT
 10
1767.1907814379183
 20
136.87313002889235
 30
0.0
 70
0
  0
VERTEX
  5
1812
  8
CUT
 10
1766.5416623228818
 20
137.08917761486566
 30
0.0
 70
0
  0
VERTEX
  5
1813
  8
CUT
 10
1765.9533018316515
 20
137.4382680290422
 30
0.0
 70
0
  0
VERTEX
  5
1814
  8
CUT
 10
1765.4525917265544
 20
137.90444565137528
 30
0.0
 70
0
  0
VERTEX
  5
1815
  8
CUT
 10
1765.0624175978728
 20
138.46640324249603
 30
0.0
 70
0
  0
VERTEX
  5
1816
  8
CUT
 10
1764.8006128489217
 20
139.09845581810768
 30
0.0
 70
0
  0
VERTEX
  5
1817
  8
CUT
 10
1764.6791435977352
 20
139.7717146137627
 30
0.0
 70
0
  0
VERTEX
  5
1818
  8
CUT
 10
1764.7035617504691
 20
140.45540748247475
 30
0.0
 70
0
  0
VERTEX
  5
1819
  8
CUT
 10
1764.8727512444889
 20
141.11828537471737
 30
0.0
 70
0
  0
VERTEX
  5
181A
  8
CUT
 10
1765.1789790594285
 20
141.73005061585815
 30
0.0
 70
0
  0
VERTEX
  5
181B
  8
CUT
 10
1765.6082486646912
 20
142.26274169979715
 30
0.0
 70
0
  0
VERTEX
  5
181C
  8
CUT
 10
1766.1409397486304
 20
142.69201130505994
 30
0.0
 70
0
  0
VERTEX
  5
181D
  8
CUT
 10
1766.7527049897712
 20
142.99823911999937
 30
0.0
 70
0
  0
VERTEX
  5
181E
  8
CUT
 10
1767.4155828820137
 20
143.16742861401906
 30
0.0
 70
0
  0
VERTEX
  5
181F
  8
CUT
 10
1768.0992757507258
 20
143.19184676675283
 30
0.0
 70
0
  0
VERTEX
  5
1820
  8
CUT
 10
1768.772534546381
 20
143.07037751556638
 30
0.0
 70
0
  0
VERTEX
  5
1821
  8
CUT
 10
1769.4045871219926
 20
142.80857276661516
 30
0.0
 70
0
  0
VERTEX
  5
1822
  8
CUT
 10
1769.966544713113
 20
142.4183986379335
 30
0.0
 70
0
  0
VERTEX
  5
1823
  8
CUT
 10
1770.4327223354462
 20
141.91768853283617
 30
0.0
 70
0
  0
VERTEX
  5
1824
  8
CUT
 10
1770.7818127496228
 20
141.32932804160586
 30
0.0
 70
0
  0
VERTEX
  5
1825
  8
CUT
 10
1770.9978603355958
 20
140.68020892656932
 30
0.0
 70
0
  0
VERTEX
  5
1826
  8
CUT
 10
1771.070990364488
 20
140.0
 30
0.0
 70
0
  0
VERTEX
  5
1827
  8
CUT
 10
1776.070990364488
 20
140.0
 30
0.0
 70
0
  0
VERTEX
  5
1828
  8
CUT
 10
1776.070990364488
 20
231.3
 30
0.0
 70
0
  0
VERTEX
  5
1829
  8
CUT
 10
1775.3907814379183
 20
231.3731300288923
 30
0.0
 70
0
  0
VERTEX
  5
182A
  8
CUT
 10
1774.741662322882
 20
231.58917761486555
 30
0.0
 70
0
  0
VERTEX
  5
182B
  8
CUT
 10
1774.1533018316516
 20
231.93826802904206
 30
0.0
 70
0
  0
VERTEX
  5
182C
  8
CUT
 10
1773.6525917265542
 20
232.4044456513751
 30
0.0
 70
0
  0
VERTEX
  5
182D
  8
CUT
 10
1773.2624175978726
 20
232.96640324249583
 30
0.0
 70
0
  0
VERTEX
  5
182E
  8
CUT
 10
1773.0006128489215
 20
233.59845581810745
 30
0.0
 70
0
  0
VERTEX
  5
182F
  8
CUT
 10
1772.879143597735
 20
234.27171461376247
 30
0.0
 70
0
  0
VERTEX
  5
1830
  8
CUT
 10
1772.903561750469
 20
234.95540748247456
 30
0.0
 70
0
  0
VERTEX
  5
1831
  8
CUT
 10
1773.0727512444887
 20
235.61828537471715
 30
0.0
 70
0
  0
VERTEX
  5
1832
  8
CUT
 10
1773.378979059428
 20
236.23005061585795
 30
0.0
 70
0
  0
VERTEX
  5
1833
  8
CUT
 10
1773.8082486646908
 20
236.762741699797
 30
0.0
 70
0
  0
VERTEX
  5
1834
  8
CUT
 10
1774.34093974863
 20
237.19201130505982
 30
0.0
 70
0
  0
VERTEX
  5
1835
  8
CUT
 10
1774.9527049897708
 20
237.49823911999928
 30
0.0
 70
0
  0
VERTEX
  5
1836
  8
CUT
 10
1775.6155828820133
 20
237.66742861401903
 30
0.0
 70
0
  0
VERTEX
  5
1837
  8
CUT
 10
1776.2992757507254
 20
237.69184676675286
 30
0.0
 70
0
  0
VERTEX
  5
1838
  8
CUT
 10
1776.9725345463805
 20
237.57037751556643
 30
0.0
 70
0
  0
VERTEX
  5
1839
  8
CUT
 10
1777.6045871219922
 20
237.30857276661527
 30
0.0
 70
0
  0
VERTEX
  5
183A
  8
CUT
 10
1778.166544713113
 20
236.91839863793368
 30
0.0
 70
0
  0
VERTEX
  5
183B
  8
CUT
 10
1778.6327223354458
 20
236.41768853283634
 30
0.0
 70
0
  0
VERTEX
  5
183C
  8
CUT
 10
1778.9818127496223
 20
235.82932804160606
 30
0.0
 70
0
  0
VERTEX
  5
183D
  8
CUT
 10
1779.1978603355956
 20
235.18020892656955
 30
0.0
 70
0
  0
VERTEX
  5
183E
  8
CUT
 10
1779.270990364488
 20
234.5
 30
0.0
 70
0
  0
VERTEX
  5
183F
  8
CUT
 10
1791.8709903644879
 20
234.5
 30
0.0
 70
0
  0
VERTEX
  5
1840
  8
CUT
 10
1791.9441203933802
 20
235.18020892656952
 30
0.0
 70
0
  0
VERTEX
  5
1841
  8
CUT
 10
1792.1601679793534
 20
235.82932804160603
 30
0.0
 70
0
  0
VERTEX
  5
1842
  8
CUT
 10
1792.50925839353
 20
236.41768853283634
 30
0.0
 70
0
  0
VERTEX
  5
1843
  8
CUT
 10
1792.975436015863
 20
236.91839863793365
 30
0.0
 70
0
  0
VERTEX
  5
1844
  8
CUT
 10
1793.5373936069836
 20
237.30857276661524
 30
0.0
 70
0
  0
VERTEX
  5
1845
  8
CUT
 10
1794.1694461825953
 20
237.57037751556643
 30
0.0
 70
0
  0
VERTEX
  5
1846
  8
CUT
 10
1794.8427049782504
 20
237.69184676675286
 30
0.0
 70
0
  0
VERTEX
  5
1847
  8
CUT
 10
1795.5263978469625
 20
237.66742861401903
 30
0.0
 70
0
  0
VERTEX
  5
1848
  8
CUT
 10
1796.189275739205
 20
237.49823911999928
 30
0.0
 70
0
  0
VERTEX
  5
1849
  8
CUT
 10
1796.8010409803458
 20
237.19201130505985
 30
0.0
 70
0
  0
VERTEX
  5
184A
  8
CUT
 10
1797.3337320642847
 20
236.762741699797
 30
0.0
 70
0
  0
VERTEX
  5
184B
  8
CUT
 10
1797.7630016695477
 20
236.23005061585798
 30
0.0
 70
0
  0
VERTEX
  5
184C
  8
CUT
 10
1798.069229484487
 20
235.61828537471717
 30
0.0
 70
0
  0
VERTEX
  5
184D
  8
CUT
 10
1798.2384189785068
 20
234.95540748247458
 30
0.0
 70
0
  0
VERTEX
  5
184E
  8
CUT
 10
1798.2628371312408
 20
234.2717146137625
 30
0.0
 70
0
  0
VERTEX
  5
184F
  8
CUT
 10
1798.1413678800543
 20
233.59845581810748
 30
0.0
 70
0
  0
VERTEX
  5
1850
  8
CUT
 10
1797.8795631311032
 20
232.96640324249586
 30
0.0
 70
0
  0
VERTEX
  5
1851
  8
CUT
 10
1797.4893890024216
 20
232.4044456513751
 30
0.0
 70
0
  0
VERTEX
  5
1852
  8
CUT
 10
1796.9886788973242
 20
231.9382680290421
 30
0.0
 70
0
  0
VERTEX
  5
1853
  8
CUT
 10
1796.400318406094
 20
231.58917761486558
 30
0.0
 70
0
  0
VERTEX
  5
1854
  8
CUT
 10
1795.7511992910574
 20
231.37313002889232
 30
0.0
 70
0
  0
VERTEX
  5
1855
  8
CUT
 10
1795.070990364488
 20
231.3
 30
0.0
 70
0
  0
VERTEX
  5
1856
  8
CUT
 10
1795.070990364488
 20
140.0
 30
0.0
 70
0
  0
VERTEX
  5
1857
  8
CUT
 10
1800.070990364488
 20
140.0
 30
0.0
 70
0
  0
VERTEX
  5
1858
  8
CUT
 10
1800.14412039338
 20
140.68020892656952
 30
0.0
 70
0
  0
VERTEX
  5
1859
  8
CUT
 10
1800.3601679793533
 20
141.32932804160603
 30
0.0
 70
0
  0
VERTEX
  5
185A
  8
CUT
 10
1800.7092583935298
 20
141.91768853283634
 30
0.0
 70
0
  0
VERTEX
  5
185B
  8
CUT
 10
1801.1754360158627
 20
142.41839863793365
 30
0.0
 70
0
  0
VERTEX
  5
185C
  8
CUT
 10
1801.7373936069835
 20
142.80857276661524
 30
0.0
 70
0
  0
VERTEX
  5
185D
  8
CUT
 10
1802.369446182595
 20
143.07037751556643
 30
0.0
 70
0
  0
VERTEX
  5
185E
  8
CUT
 10
1803.0427049782502
 20
143.19184676675286
 30
0.0
 70
0
  0
VERTEX
  5
185F
  8
CUT
 10
1803.7263978469623
 20
143.16742861401903
 30
0.0
 70
0
  0
VERTEX
  5
1860
  8
CUT
 10
1804.3892757392048
 20
142.99823911999928
 30
0.0
 70
0
  0
VERTEX
  5
1861
  8
CUT
 10
1805.0010409803456
 20
142.69201130505985
 30
0.0
 70
0
  0
VERTEX
  5
1862
  8
CUT
 10
1805.5337320642845
 20
142.262741699797
 30
0.0
 70
0
  0
VERTEX
  5
1863
  8
CUT
 10
1805.9630016695476
 20
141.73005061585798
 30
0.0
 70
0
  0
VERTEX
  5
1864
  8
CUT
 10
1806.269229484487
 20
141.11828537471717
 30
0.0
 70
0
  0
VERTEX
  5
1865
  8
CUT
 10
1806.4384189785067
 20
140.45540748247458
 30
0.0
 70
0
  0
VERTEX
  5
1866
  8
CUT
 10
1806.4628371312406
 20
139.7717146137625
 30
0.0
 70
0
  0
VERTEX
  5
1867
  8
CUT
 10
1806.3413678800541
 20
139.09845581810748
 30
0.0
 70
0
  0
VERTEX
  5
1868
  8
CUT
 10
1806.079563131103
 20
138.46640324249586
 30
0.0
 70
0
  0
VERTEX
  5
1869
  8
CUT
 10
1805.6893890024214
 20
137.9044456513751
 30
0.0
 70
0
  0
VERTEX
  5
186A
  8
CUT
 10
1805.188678897324
 20
137.4382680290421
 30
0.0
 70
0
  0
VERTEX
  5
186B
  8
CUT
 10
1804.6003184060937
 20
137.08917761486558
 30
0.0
 70
0
  0
VERTEX
  5
186C
  8
CUT
 10
1803.9511992910573
 20
136.87313002889232
 30
0.0
 70
0
  0
VERTEX
  5
186D
  8
CUT
 10
1803.270990364488
 20
136.8
 30
0.0
 70
0
  0
VERTEX
  5
186E
  8
CUT
 10
1803.270990364488
 20
122.0
 30
0.0
 70
0
  0
VERTEX
  5
186F
  8
CUT
 10
1836.8781638636858
 20
122.0
 30
0.0
 70
0
  0
VERTEX
  5
1870
  8
CUT
 10
1836.8781638636858
 20
136.8
 30
0.0
 70
0
  0
VERTEX
  5
1871
  8
CUT
 10
1836.1979549371163
 20
136.87313002889235
 30
0.0
 70
0
  0
VERTEX
  5
1872
  8
CUT
 10
1835.5488358220798
 20
137.08917761486566
 30
0.0
 70
0
  0
VERTEX
  5
1873
  8
CUT
 10
1834.9604753308495
 20
137.4382680290422
 30
0.0
 70
0
  0
VERTEX
  5
1874
  8
CUT
 10
1834.4597652257523
 20
137.90444565137528
 30
0.0
 70
0
  0
VERTEX
  5
1875
  8
CUT
 10
1834.0695910970708
 20
138.46640324249603
 30
0.0
 70
0
  0
VERTEX
  5
1876
  8
CUT
 10
1833.8077863481196
 20
139.09845581810768
 30
0.0
 70
0
  0
VERTEX
  5
1877
  8
CUT
 10
1833.6863170969332
 20
139.7717146137627
 30
0.0
 70
0
  0
VERTEX
  5
1878
  8
CUT
 10
1833.710735249667
 20
140.45540748247475
 30
0.0
 70
0
  0
VERTEX
  5
1879
  8
CUT
 10
1833.8799247436868
 20
141.11828537471737
 30
0.0
 70
0
  0
VERTEX
  5
187A
  8
CUT
 10
1834.1861525586264
 20
141.73005061585815
 30
0.0
 70
0
  0
VERTEX
  5
187B
  8
CUT
 10
1834.6154221638892
 20
142.26274169979715
 30
0.0
 70
0
  0
VERTEX
  5
187C
  8
CUT
 10
1835.1481132478284
 20
142.69201130505994
 30
0.0
 70
0
  0
VERTEX
  5
187D
  8
CUT
 10
1835.7598784889692
 20
142.99823911999937
 30
0.0
 70
0
  0
VERTEX
  5
187E
  8
CUT
 10
1836.4227563812117
 20
143.16742861401906
 30
0.0
 70
0
  0
VERTEX
  5
187F
  8
CUT
 10
1837.1064492499238
 20
143.19184676675283
 30
0.0
 70
0
  0
VERTEX
  5
1880
  8
CUT
 10
1837.779708045579
 20
143.07037751556638
 30
0.0
 70
0
  0
VERTEX
  5
1881
  8
CUT
 10
1838.4117606211905
 20
142.80857276661516
 30
0.0
 70
0
  0
VERTEX
  5
1882
  8
CUT
 10
1838.973718212311
 20
142.4183986379335
 30
0.0
 70
0
  0
VERTEX
  5
1883
  8
CUT
 10
1839.4398958346442
 20
141.91768853283617
 30
0.0
 70
0
  0
VERTEX
  5
1884
  8
CUT
 10
1839.7889862488207
 20
141.32932804160586
 30
0.0
 70
0
  0
VERTEX
  5
1885
  8
CUT
 10
1840.0050338347937
 20
140.68020892656932
 30
0.0
 70
0
  0
VERTEX
  5
1886
  8
CUT
 10
1840.0781638636859
 20
140.0
 30
0.0
 70
0
  0
VERTEX
  5
1887
  8
CUT
 10
1850.741980728976
 20
140.0
 30
0.0
 70
0
  0
SEQEND
  5
1793
  8
CUT
  0
POLYLINE
  5
1888
  8
CUT
 66
1
 10
0.0
 20
0.0
 30
0.0
 70
1
  0
VERTEX
  5
188A
  8
CUT
 10
1941.1419807289758
 20
925.0
 30
0.0
 70
0
  0
VERTEX
  5
188B
  8
CUT
 10
1911.0969165133583
 20
925.0
 30
0.0
 70
0
  0
VERTEX
  5
188C
  8
CUT
 10
1911.0237864844662
 20
924.3197910734305
 30
0.0
 70
0
  0
VERTEX
  5
188D
  8
CUT
 10
1910.807738898493
 20
923.670671958394
 30
0.0
 70
0
  0
VERTEX
  5
188E
  8
CUT
 10
1910.4586484843164
 20
923.0823114671637
 30
0.0
 70
0
  0
VERTEX
  5
188F
  8
CUT
 10
1909.9924708619835
 20
922.5816013620663
 30
0.0
 70
0
  0
VERTEX
  5
1890
  8
CUT
 10
1909.4305132708628
 20
922.1914272333847
 30
0.0
 70
0
  0
VERTEX
  5
1891
  8
CUT
 10
1908.7984606952512
 20
921.9296224844336
 30
0.0
 70
0
  0
VERTEX
  5
1892
  8
CUT
 10
1908.125201899596
 20
921.8081532332471
 30
0.0
 70
0
  0
VERTEX
  5
1893
  8
CUT
 10
1907.441509030884
 20
921.8325713859809
 30
0.0
 70
0
  0
VERTEX
  5
1894
  8
CUT
 10
1906.7786311386415
 20
922.0017608800007
 30
0.0
 70
0
  0
VERTEX
  5
1895
  8
CUT
 10
1906.1668658975007
 20
922.3079886949401
 30
0.0
 70
0
  0
VERTEX
  5
1896
  8
CUT
 10
1905.6341748135615
 20
922.737258300203
 30
0.0
 70
0
  0
VERTEX
  5
1897
  8
CUT
 10
1905.2049052082987
 20
923.269949384142
 30
0.0
 70
0
  0
VERTEX
  5
1898
  8
CUT
 10
1904.8986773933593
 20
923.8817146252828
 30
0.0
 70
0
  0
VERTEX
  5
1899
  8
CUT
 10
1904.7294878993396
 20
924.5445925175255
 30
0.0
 70
0
  0
VERTEX
  5
189A
  8
CUT
 10
1904.7050697466057
 20
925.2282853862375
 30
0.0
 70
0
  0
VERTEX
  5
189B
  8
CUT
 10
1904.826538997792
 20
925.9015441818926
 30
0.0
 70
0
  0
VERTEX
  5
189C
  8
CUT
 10
1905.0883437467432
 20
926.5335967575043
 30
0.0
 70
0
  0
VERTEX
  5
189D
  8
CUT
 10
1905.4785178754248
 20
927.0955543486249
 30
0.0
 70
0
  0
VERTEX
  5
189E
  8
CUT
 10
1905.9792279805222
 20
927.561731970958
 30
0.0
 70
0
  0
VERTEX
  5
189F
  8
CUT
 10
1906.5675884717525
 20
927.9108223851345
 30
0.0
 70
0
  0
VERTEX
  5
18A0
  8
CUT
 10
1907.216707586789
 20
928.1268699711078
 30
0.0
 70
0
  0
VERTEX
  5
18A1
  8
CUT
 10
1907.8969165133583
 20
928.2
 30
0.0
 70
0
  0
VERTEX
  5
18A2
  8
CUT
 10
1907.8969165133583
 20
943.0
 30
0.0
 70
0
  0
VERTEX
  5
18A3
  8
CUT
 10
1867.8969165133583
 20
943.0
 30
0.0
 70
0
  0
VERTEX
  5
18A4
  8
CUT
 10
1867.8969165133583
 20
928.2
 30
0.0
 70
0
  0
VERTEX
  5
18A5
  8
CUT
 10
1868.5771254399278
 20
928.1268699711077
 30
0.0
 70
0
  0
VERTEX
  5
18A6
  8
CUT
 10
1869.2262445549643
 20
927.9108223851345
 30
0.0
 70
0
  0
VERTEX
  5
18A7
  8
CUT
 10
1869.8146050461946
 20
927.5617319709579
 30
0.0
 70
0
  0
VERTEX
  5
18A8
  8
CUT
 10
1870.3153151512918
 20
927.0955543486248
 30
0.0
 70
0
  0
VERTEX
  5
18A9
  8
CUT
 10
1870.7054892799733
 20
926.533596757504
 30
0.0
 70
0
  0
VERTEX
  5
18AA
  8
CUT
 10
1870.9672940289245
 20
925.9015441818924
 30
0.0
 70
0
  0
VERTEX
  5
18AB
  8
CUT
 10
1871.088763280111
 20
925.2282853862373
 30
0.0
 70
0
  0
VERTEX
  5
18AC
  8
CUT
 10
1871.064345127377
 20
924.5445925175253
 30
0.0
 70
0
  0
VERTEX
  5
18AD
  8
CUT
 10
1870.8951556333573
 20
923.8817146252827
 30
0.0
 70
0
  0
VERTEX
  5
18AE
  8
CUT
 10
1870.5889278184177
 20
923.2699493841419
 30
0.0
 70
0
  0
VERTEX
  5
18AF
  8
CUT
 10
1870.159658213155
 20
922.7372583002028
 30
0.0
 70
0
  0
VERTEX
  5
18B0
  8
CUT
 10
1869.6269671292157
 20
922.30798869494
 30
0.0
 70
0
  0
VERTEX
  5
18B1
  8
CUT
 10
1869.015201888075
 20
922.0017608800007
 30
0.0
 70
0
  0
VERTEX
  5
18B2
  8
CUT
 10
1868.3523239958324
 20
921.8325713859809
 30
0.0
 70
0
  0
VERTEX
  5
18B3
  8
CUT
 10
1867.6686311271203
 20
921.8081532332471
 30
0.0
 70
0
  0
VERTEX
  5
18B4
  8
CUT
 10
1866.9953723314652
 20
921.9296224844336
 30
0.0
 70
0
  0
VERTEX
  5
18B5
  8
CUT
 10
1866.3633197558536
 20
922.1914272333848
 30
0.0
 70
0
  0
VERTEX
  5
18B6
  8
CUT
 10
1865.801362164733
 20
922.5816013620665
 30
0.0
 70
0
  0
VERTEX
  5
18B7
  8
CUT
 10
1865.3351845424
 20
923.0823114671639
 30
0.0
 70
0
  0
VERTEX
  5
18B8
  8
CUT
 10
1864.9860941282234
 20
923.6706719583941
 30
0.0
 70
0
  0
VERTEX
  5
18B9
  8
CUT
 10
1864.7700465422502
 20
924.3197910734307
 30
0.0
 70
0
  0
VERTEX
  5
18BA
  8
CUT
 10
1864.6969165133582
 20
925.0
 30
0.0
 70
0
  0
VERTEX
  5
18BB
  8
CUT
 10
1835.070990364488
 20
925.0
 30
0.0
 70
0
  0
VERTEX
  5
18BC
  8
CUT
 10
1835.070990364488
 20
833.7
 30
0.0
 70
0
  0
VERTEX
  5
18BD
  8
CUT
 10
1835.7511992910574
 20
833.6268699711078
 30
0.0
 70
0
  0
VERTEX
  5
18BE
  8
CUT
 10
1836.400318406094
 20
833.4108223851345
 30
0.0
 70
0
  0
VERTEX
  5
18BF
  8
CUT
 10
1836.9886788973242
 20
833.061731970958
 30
0.0
 70
0
  0
VERTEX
  5
18C0
  8
CUT
 10
1837.4893890024216
 20
832.5955543486249
 30
0.0
 70
0
  0
VERTEX
  5
18C1
  8
CUT
 10
1837.8795631311032
 20
832.0335967575043
 30
0.0
 70
0
  0
VERTEX
  5
18C2
  8
CUT
 10
1838.1413678800543
 20
831.4015441818926
 30
0.0
 70
0
  0
VERTEX
  5
18C3
  8
CUT
 10
1838.2628371312408
 20
830.7282853862375
 30
0.0
 70
0
  0
VERTEX
  5
18C4
  8
CUT
 10
1838.2384189785068
 20
830.0445925175255
 30
0.0
 70
0
  0
VERTEX
  5
18C5
  8
CUT
 10
1838.069229484487
 20
829.3817146252828
 30
0.0
 70
0
  0
VERTEX
  5
18C6
  8
CUT
 10
1837.7630016695477
 20
828.769949384142
 30
0.0
 70
0
  0
VERTEX
  5
18C7
  8
CUT
 10
1837.333732064285
 20
828.237258300203
 30
0.0
 70
0
  0
VERTEX
  5
18C8
  8
CUT
 10
1836.8010409803458
 20
827.8079886949401
 30
0.0
 70
0
  0
VERTEX
  5
18C9
  8
CUT
 10
1836.189275739205
 20
827.5017608800007
 30
0.0
 70
0
  0
VERTEX
  5
18CA
  8
CUT
 10
1835.5263978469625
 20
827.3325713859809
 30
0.0
 70
0
  0
VERTEX
  5
18CB
  8
CUT
 10
1834.8427049782504
 20
827.3081532332471
 30
0.0
 70
0
  0
VERTEX
  5
18CC
  8
CUT
 10
1834.1694461825953
 20
827.4296224844336
 30
0.0
 70
0
  0
VERTEX
  5
18CD
  8
CUT
 10
1833.5373936069836
 20
827.6914272333847
 30
0.0
 70
0
  0
VERTEX
  5
18CE
  8
CUT
 10
1832.975436015863
 20
828.0816013620663
 30
0.0
 70
0
  0
VERTEX
  5
18CF
  8
CUT
 10
1832.50925839353
 20
828.5823114671637
 30
0.0
 70
0
  0
VERTEX
  5
18D0
  8
CUT
 10
1832.1601679793534
 20
829.170671958394
 30
0.0
 70
0
  0
VERTEX
  5
18D1
  8
CUT
 10
1831.9441203933802
 20
829.8197910734305
 30
0.0
 70
0
  0
VERTEX
  5
18D2
  8
CUT
 10
1831.8709903644879
 20
830.5
 30
0.0
 70
0
  0
VERTEX
  5
18D3
  8
CUT
 10
1819.270990364488
 20
830.5
 30
0.0
 70
0
  0
VERTEX
  5
18D4
  8
CUT
 10
1819.1978603355956
 20
829.8197910734305
 30
0.0
 70
0
  0
VERTEX
  5
18D5
  8
CUT
 10
1818.9818127496223
 20
829.170671958394
 30
0.0
 70
0
  0
VERTEX
  5
18D6
  8
CUT
 10
1818.6327223354458
 20
828.5823114671637
 30
0.0
 70
0
  0
VERTEX
  5
18D7
  8
CUT
 10
1818.166544713113
 20
828.0816013620663
 30
0.0
 70
0
  0
VERTEX
  5
18D8
  8
CUT
 10
1817.6045871219922
 20
827.6914272333847
 30
0.0
 70
0
  0
VERTEX
  5
18D9
  8
CUT
 10
1816.9725345463805
 20
827.4296224844336
 30
0.0
 70
0
  0
VERTEX
  5
18DA
  8
CUT
 10
1816.2992757507254
 20
827.3081532332471
 30
0.0
 70
0
  0
VERTEX
  5
18DB
  8
CUT
 10
1815.6155828820133
 20
827.3325713859809
 30
0.0
 70
0
  0
VERTEX
  5
18DC
  8
CUT
 10
1814.9527049897708
 20
827.5017608800007
 30
0.0
 70
0
  0
VERTEX
  5
18DD
  8
CUT
 10
1814.34093974863
 20
827.8079886949401
 30
0.0
 70
0
  0
VERTEX
  5
18DE
  8
CUT
 10
1813.8082486646908
 20
828.237258300203
 30
0.0
 70
0
  0
VERTEX
  5
18DF
  8
CUT
 10
1813.378979059428
 20
828.769949384142
 30
0.0
 70
0
  0
VERTEX
  5
18E0
  8
CUT
 10
1813.0727512444887
 20
829.3817146252828
 30
0.0
 70
0
  0
VERTEX
  5
18E1
  8
CUT
 10
1812.903561750469
 20
830.0445925175255
 30
0.0
 70
0
  0
VERTEX
  5
18E2
  8
CUT
 10
1812.879143597735
 20
830.7282853862375
 30
0.0
 70
0
  0
VERTEX
  5
18E3
  8
CUT
 10
1813.0006128489215
 20
831.4015441818926
 30
0.0
 70
0
  0
VERTEX
  5
18E4
  8
CUT
 10
1813.2624175978726
 20
832.0335967575043
 30
0.0
 70
0
  0
VERTEX
  5
18E5
  8
CUT
 10
1813.6525917265542
 20
832.5955543486249
 30
0.0
 70
0
  0
VERTEX
  5
18E6
  8
CUT
 10
1814.1533018316516
 20
833.061731970958
 30
0.0
 70
0
  0
VERTEX
  5
18E7
  8
CUT
 10
1814.741662322882
 20
833.4108223851345
 30
0.0
 70
0
  0
VERTEX
  5
18E8
  8
CUT
 10
1815.3907814379183
 20
833.6268699711078
 30
0.0
 70
0
  0
VERTEX
  5
18E9
  8
CUT
 10
1816.070990364488
 20
833.7
 30
0.0
 70
0
  0
VERTEX
  5
18EA
  8
CUT
 10
1816.070990364488
 20
925.0
 30
0.0
 70
0
  0
VERTEX
  5
18EB
  8
CUT
 10
1786.4450642156178
 20
925.0
 30
0.0
 70
0
  0
VERTEX
  5
18EC
  8
CUT
 10
1786.3719341867254
 20
924.3197910734305
 30
0.0
 70
0
  0
VERTEX
  5
18ED
  8
CUT
 10
1786.1558866007522
 20
923.670671958394
 30
0.0
 70
0
  0
VERTEX
  5
18EE
  8
CUT
 10
1785.8067961865756
 20
923.0823114671637
 30
0.0
 70
0
  0
VERTEX
  5
18EF
  8
CUT
 10
1785.3406185642427
 20
922.5816013620663
 30
0.0
 70
0
  0
VERTEX
  5
18F0
  8
CUT
 10
1784.778660973122
 20
922.1914272333847
 30
0.0
 70
0
  0
VERTEX
  5
18F1
  8
CUT
 10
1784.1466083975104
 20
921.9296224844336
 30
0.0
 70
0
  0
VERTEX
  5
18F2
  8
CUT
 10
1783.4733496018553
 20
921.8081532332471
 30
0.0
 70
0
  0
VERTEX
  5
18F3
  8
CUT
 10
1782.7896567331431
 20
921.8325713859809
 30
0.0
 70
0
  0
VERTEX
  5
18F4
  8
CUT
 10
1782.1267788409007
 20
922.0017608800007
 30
0.0
 70
0
  0
VERTEX
  5
18F5
  8
CUT
 10
1781.5150135997599
 20
922.3079886949401
 30
0.0
 70
0
  0
VERTEX
  5
18F6
  8
CUT
 10
1780.9823225158207
 20
922.737258300203
 30
0.0
 70
0
  0
VERTEX
  5
18F7
  8
CUT
 10
1780.5530529105579
 20
923.269949384142
 30
0.0
 70
0
  0
VERTEX
  5
18F8
  8
CUT
 10
1780.2468250956185
 20
923.8817146252828
 30
0.0
 70
0
  0
VERTEX
  5
18F9
  8
CUT
 10
1780.0776356015988
 20
924.5445925175255
 30
0.0
 70
0
  0
VERTEX
  5
18FA
  8
CUT
 10
1780.0532174488649
 20
925.2282853862375
 30
0.0
 70
0
  0
VERTEX
  5
18FB
  8
CUT
 10
1780.1746867000513
 20
925.9015441818926
 30
0.0
 70
0
  0
VERTEX
  5
18FC
  8
CUT
 10
1780.4364914490025
 20
926.5335967575043
 30
0.0
 70
0
  0
VERTEX
  5
18FD
  8
CUT
 10
1780.826665577684
 20
927.0955543486249
 30
0.0
 70
0
  0
VERTEX
  5
18FE
  8
CUT
 10
1781.3273756827814
 20
927.561731970958
 30
0.0
 70
0
  0
VERTEX
  5
18FF
  8
CUT
 10
1781.9157361740117
 20
927.9108223851345
 30
0.0
 70
0
  0
VERTEX
  5
1900
  8
CUT
 10
1782.5648552890482
 20
928.1268699711078
 30
0.0
 70
0
  0
VERTEX
  5
1901
  8
CUT
 10
1783.2450642156177
 20
928.2
 30
0.0
 70
0
  0
VERTEX
  5
1902
  8
CUT
 10
1783.2450642156177
 20
943.0
 30
0.0
 70
0
  0
VERTEX
  5
1903
  8
CUT
 10
1743.2450642156177
 20
943.0
 30
0.0
 70
0
  0
VERTEX
  5
1904
  8
CUT
 10
1743.2450642156177
 20
928.2
 30
0.0
 70
0
  0
VERTEX
  5
1905
  8
CUT
 10
1743.9252731421873
 20
928.1268699711078
 30
0.0
 70
0
  0
VERTEX
  5
1906
  8
CUT
 10
1744.5743922572237
 20
927.9108223851345
 30
0.0
 70
0
  0
VERTEX
  5
1907
  8
CUT
 10
1745.162752748454
 20
927.561731970958
 30
0.0
 70
0
  0
VERTEX
  5
1908
  8
CUT
 10
1745.6634628535514
 20
927.0955543486249
 30
0.0
 70
0
  0
VERTEX
  5
1909
  8
CUT
 10
1746.053636982233
 20
926.5335967575043
 30
0.0
 70
0
  0
VERTEX
  5
190A
  8
CUT
 10
1746.3154417311841
 20
925.9015441818926
 30
0.0
 70
0
  0
VERTEX
  5
190B
  8
CUT
 10
1746.4369109823706
 20
925.2282853862375
 30
0.0
 70
0
  0
VERTEX
  5
190C
  8
CUT
 10
1746.4124928296367
 20
924.5445925175255
 30
0.0
 70
0
  0
VERTEX
  5
190D
  8
CUT
 10
1746.243303335617
 20
923.8817146252828
 30
0.0
 70
0
  0
VERTEX
  5
190E
  8
CUT
 10
1745.9370755206776
 20
923.269949384142
 30
0.0
 70
0
  0
VERTEX
  5
190F
  8
CUT
 10
1745.5078059154148
 20
922.737258300203
 30
0.0
 70
0
  0
VERTEX
  5
1910
  8
CUT
 10
1744.9751148314756
 20
922.3079886949401
 30
0.0
 70
0
  0
VERTEX
  5
1911
  8
CUT
 10
1744.3633495903348
 20
922.0017608800007
 30
0.0
 70
0
  0
VERTEX
  5
1912
  8
CUT
 10
1743.7004716980923
 20
921.8325713859809
 30
0.0
 70
0
  0
VERTEX
  5
1913
  8
CUT
 10
1743.0167788293802
 20
921.8081532332471
 30
0.0
 70
0
  0
VERTEX
  5
1914
  8
CUT
 10
1742.343520033725
 20
921.9296224844336
 30
0.0
 70
0
  0
VERTEX
  5
1915
  8
CUT
 10
1741.7114674581135
 20
922.1914272333847
 30
0.0
 70
0
  0
VERTEX
  5
1916
  8
CUT
 10
1741.1495098669927
 20
922.5816013620663
 30
0.0
 70
0
  0
VERTEX
  5
1917
  8
CUT
 10
1740.6833322446598
 20
923.0823114671637
 30
0.0
 70
0
  0
VERTEX
  5
1918
  8
CUT
 10
1740.3342418304833
 20
923.670671958394
 30
0.0
 70
0
  0
VERTEX
  5
1919
  8
CUT
 10
1740.11819424451
 20
924.3197910734305
 30
0.0
 70
0
  0
VERTEX
  5
191A
  8
CUT
 10
1740.0450642156177
 20
925.0
 30
0.0
 70
0
  0
VERTEX
  5
191B
  8
CUT
 10
1710.0
 20
925.0
 30
0.0
 70
0
  0
VERTEX
  5
191C
  8
CUT
 10
1760.3999999999999
 20
736.0
 30
0.0
 70
0
  0
VERTEX
  5
191D
  8
CUT
 10
1771.0638168652902
 20
736.0
 30
0.0
 70
0
  0
VERTEX
  5
191E
  8
CUT
 10
1771.1369468941825
 20
736.6802089265695
 30
0.0
 70
0
  0
VERTEX
  5
191F
  8
CUT
 10
1771.3529944801558
 20
737.329328041606
 30
0.0
 70
0
  0
VERTEX
  5
1920
  8
CUT
 10
1771.7020848943323
 20
737.9176885328363
 30
0.0
 70
0
  0
VERTEX
  5
1921
  8
CUT
 10
1772.1682625166652
 20
738.4183986379337
 30
0.0
 70
0
  0
VERTEX
  5
1922
  8
CUT
 10
1772.730220107786
 20
738.8085727666153
 30
0.0
 70
0
  0
VERTEX
  5
1923
  8
CUT
 10
1773.3622726833976
 20
739.0703775155664
 30
0.0
 70
0
  0
VERTEX
  5
1924
  8
CUT
 10
1774.0355314790527
 20
739.1918467667529
 30
0.0
 70
0
  0
VERTEX
  5
1925
  8
CUT
 10
1774.7192243477648
 20
739.1674286140191
 30
0.0
 70
0
  0
VERTEX
  5
1926
  8
CUT
 10
1775.3821022400073
 20
738.9982391199993
 30
0.0
 70
0
  0
VERTEX
  5
1927
  8
CUT
 10
1775.993867481148
 20
738.6920113050599
 30
0.0
 70
0
  0
VERTEX
  5
1928
  8
CUT
 10
1776.5265585650873
 20
738.262741699797
 30
0.0
 70
0
  0
VERTEX
  5
1929
  8
CUT
 10
1776.95582817035
 20
737.730050615858
 30
0.0
 70
0
  0
VERTEX
  5
192A
  8
CUT
 10
1777.2620559852894
 20
737.1182853747172
 30
0.0
 70
0
  0
VERTEX
  5
192B
  8
CUT
 10
1777.4312454793092
 20
736.4554074824745
 30
0.0
 70
0
  0
VERTEX
  5
192C
  8
CUT
 10
1777.455663632043
 20
735.7717146137625
 30
0.0
 70
0
  0
VERTEX
  5
192D
  8
CUT
 10
1777.3341943808566
 20
735.0984558181074
 30
0.0
 70
0
  0
VERTEX
  5
192E
  8
CUT
 10
1777.0723896319055
 20
734.4664032424957
 30
0.0
 70
0
  0
VERTEX
  5
192F
  8
CUT
 10
1776.682215503224
 20
733.9044456513751
 30
0.0
 70
0
  0
VERTEX
  5
1930
  8
CUT
 10
1776.1815053981265
 20
733.438268029042
 30
0.0
 70
0
  0
VERTEX
  5
1931
  8
CUT
 10
1775.5931449068962
 20
733.0891776148655
 30
0.0
 70
0
  0
VERTEX
  5
1932
  8
CUT
 10
1774.9440257918598
 20
732.8731300288922
 30
0.0
 70
0
  0
VERTEX
  5
1933
  8
CUT
 10
1774.2638168652902
 20
732.8
 30
0.0
 70
0
  0
VERTEX
  5
1934
  8
CUT
 10
1774.2638168652902
 20
718.0
 30
0.0
 70
0
  0
VERTEX
  5
1935
  8
CUT
 10
1807.8709903644879
 20
718.0
 30
0.0
 70
0
  0
VERTEX
  5
1936
  8
CUT
 10
1807.8709903644879
 20
732.8
 30
0.0
 70
0
  0
VERTEX
  5
1937
  8
CUT
 10
1807.1907814379183
 20
732.8731300288923
 30
0.0
 70
0
  0
VERTEX
  5
1938
  8
CUT
 10
1806.5416623228818
 20
733.0891776148655
 30
0.0
 70
0
  0
VERTEX
  5
1939
  8
CUT
 10
1805.9533018316515
 20
733.4382680290421
 30
0.0
 70
0
  0
VERTEX
  5
193A
  8
CUT
 10
1805.4525917265544
 20
733.9044456513752
 30
0.0
 70
0
  0
VERTEX
  5
193B
  8
CUT
 10
1805.0624175978728
 20
734.466403242496
 30
0.0
 70
0
  0
VERTEX
  5
193C
  8
CUT
 10
1804.8006128489217
 20
735.0984558181076
 30
0.0
 70
0
  0
VERTEX
  5
193D
  8
CUT
 10
1804.6791435977352
 20
735.7717146137627
 30
0.0
 70
0
  0
VERTEX
  5
193E
  8
CUT
 10
1804.7035617504691
 20
736.4554074824747
 30
0.0
 70
0
  0
VERTEX
  5
193F
  8
CUT
 10
1804.8727512444889
 20
737.1182853747173
 30
0.0
 70
0
  0
VERTEX
  5
1940
  8
CUT
 10
1805.1789790594285
 20
737.7300506158581
 30
0.0
 70
0
  0
VERTEX
  5
1941
  8
CUT
 10
1805.6082486646912
 20
738.2627416997972
 30
0.0
 70
0
  0
VERTEX
  5
1942
  8
CUT
 10
1806.1409397486304
 20
738.69201130506
 30
0.0
 70
0
  0
VERTEX
  5
1943
  8
CUT
 10
1806.7527049897712
 20
738.9982391199993
 30
0.0
 70
0
  0
VERTEX
  5
1944
  8
CUT
 10
1807.4155828820137
 20
739.1674286140191
 30
0.0
 70
0
  0
VERTEX
  5
1945
  8
CUT
 10
1808.0992757507258
 20
739.1918467667529
 30
0.0
 70
0
  0
VERTEX
  5
1946
  8
CUT
 10
1808.772534546381
 20
739.0703775155664
 30
0.0
 70
0
  0
VERTEX
  5
1947
  8
CUT
 10
1809.4045871219926
 20
738.8085727666152
 30
0.0
 70
0
  0
VERTEX
  5
1948
  8
CUT
 10
1809.966544713113
 20
738.4183986379335
 30
0.0
 70
0
  0
VERTEX
  5
1949
  8
CUT
 10
1810.4327223354462
 20
737.9176885328361
 30
0.0
 70
0
  0
VERTEX
  5
194A
  8
CUT
 10
1810.7818127496228
 20
737.3293280416059
 30
0.0
 70
0
  0
VERTEX
  5
194B
  8
CUT
 10
1810.997860335596
 20
736.6802089265693
 30
0.0
 70
0
  0
VERTEX
  5
194C
  8
CUT
 10
1811.070990364488
 20
736.0
 30
0.0
 70
0
  0
VERTEX
  5
194D
  8
CUT
 10
1840.070990364488
 20
736.0
 30
0.0
 70
0
  0
VERTEX
  5
194E
  8
CUT
 10
1840.14412039338
 20
736.6802089265695
 30
0.0
 70
0
  0
VERTEX
  5
194F
  8
CUT
 10
1840.3601679793533
 20
737.329328041606
 30
0.0
 70
0
  0
VERTEX
  5
1950
  8
CUT
 10
1840.7092583935298
 20
737.9176885328363
 30
0.0
 70
0
  0
VERTEX
  5
1951
  8
CUT
 10
1841.1754360158627
 20
738.4183986379337
 30
0.0
 70
0
  0
VERTEX
  5
1952
  8
CUT
 10
1841.7373936069835
 20
738.8085727666153
 30
0.0
 70
0
  0
VERTEX
  5
1953
  8
CUT
 10
1842.369446182595
 20
739.0703775155664
 30
0.0
 70
0
  0
VERTEX
  5
1954
  8
CUT
 10
1843.0427049782502
 20
739.1918467667529
 30
0.0
 70
0
  0
VERTEX
  5
1955
  8
CUT
 10
1843.7263978469623
 20
739.1674286140191
 30
0.0
 70
0
  0
VERTEX
  5
1956
  8
CUT
 10
1844.3892757392048
 20
738.9982391199993
 30
0.0
 70
0
  0
VERTEX
  5
1957
  8
CUT
 10
1845.0010409803456
 20
738.6920113050599
 30
0.0
 70
0
  0
VERTEX
  5
1958
  8
CUT
 10
1845.5337320642848
 20
738.262741699797
 30
0.0
 70
0
  0
VERTEX
  5
1959
  8
CUT
 10
1845.9630016695476
 20
737.730050615858
 30
0.0
 70
0
  0
VERTEX
  5
195A
  8
CUT
 10
1846.269229484487
 20
737.1182853747172
 30
0.0
 70
0
  0
VERTEX
  5
195B
  8
CUT
 10
1846.4384189785067
 20
736.4554074824745
 30
0.0
 70
0
  0
VERTEX
  5
195C
  8
CUT
 10
1846.4628371312406
 20
735.7717146137625
 30
0.0
 70
0
  0
VERTEX
  5
195D
  8
CUT
 10
1846.3413678800541
 20
735.0984558181074
 30
0.0
 70
0
  0
VERTEX
  5
195E
  8
CUT
 10
1846.079563131103
 20
734.4664032424957
 30
0.0
 70
0
  0
VERTEX
  5
195F
  8
CUT
 10
1845.6893890024214
 20
733.9044456513751
 30
0.0
 70
0
  0
VERTEX
  5
1960
  8
CUT
 10
1845.188678897324
 20
733.438268029042
 30
0.0
 70
0
  0
VERTEX
  5
1961
  8
CUT
 10
1844.6003184060937
 20
733.0891776148655
 30
0.0
 70
0
  0
VERTEX
  5
1962
  8
CUT
 10
1843.9511992910573
 20
732.8731300288922
 30
0.0
 70
0
  0
VERTEX
  5
1963
  8
CUT
 10
1843.270990364488
 20
732.8
 30
0.0
 70
0
  0
VERTEX
  5
1964
  8
CUT
 10
1843.270990364488
 20
718.0
 30
0.0
 70
0
  0
VERTEX
  5
1965
  8
CUT
 10
1876.8781638636858
 20
718.0
 30
0.0
 70
0
  0
VERTEX
  5
1966
  8
CUT
 10
1876.8781638636858
 20
732.8
 30
0.0
 70
0
  0
VERTEX
  5
1967
  8
CUT
 10
1876.1979549371163
 20
732.8731300288923
 30
0.0
 70
0
  0
VERTEX
  5
1968
  8
CUT
 10
1875.5488358220798
 20
733.0891776148655
 30
0.0
 70
0
  0
VERTEX
  5
1969
  8
CUT
 10
1874.9604753308495
 20
733.4382680290421
 30
0.0
 70
0
  0
VERTEX
  5
196A
  8
CUT
 10
1874.4597652257523
 20
733.9044456513752
 30
0.0
 70
0
  0
VERTEX
  5
196B
  8
CUT
 10
1874.0695910970708
 20
734.466403242496
 30
0.0
 70
0
  0
VERTEX
  5
196C
  8
CUT
 10
1873.8077863481196
 20
735.0984558181076
 30
0.0
 70
0
  0
VERTEX
  5
196D
  8
CUT
 10
1873.6863170969332
 20
735.7717146137627
 30
0.0
 70
0
  0
VERTEX
  5
196E
  8
CUT
 10
1873.710735249667
 20
736.4554074824747
 30
0.0
 70
0
  0
VERTEX
  5
196F
  8
CUT
 10
1873.8799247436868
 20
737.1182853747173
 30
0.0
 70
0
  0
VERTEX
  5
1970
  8
CUT
 10
1874.1861525586264
 20
737.7300506158581
 30
0.0
 70
0
  0
VERTEX
  5
1971
  8
CUT
 10
1874.6154221638892
 20
738.2627416997972
 30
0.0
 70
0
  0
VERTEX
  5
1972
  8
CUT
 10
1875.1481132478284
 20
738.69201130506
 30
0.0
 70
0
  0
VERTEX
  5
1973
  8
CUT
 10
1875.7598784889692
 20
738.9982391199993
 30
0.0
 70
0
  0
VERTEX
  5
1974
  8
CUT
 10
1876.4227563812117
 20
739.1674286140191
 30
0.0
 70
0
  0
VERTEX
  5
1975
  8
CUT
 10
1877.1064492499238
 20
739.1918467667529
 30
0.0
 70
0
  0
VERTEX
  5
1976
  8
CUT
 10
1877.779708045579
 20
739.0703775155664
 30
0.0
 70
0
  0
VERTEX
  5
1977
  8
CUT
 10
1878.4117606211905
 20
738.8085727666152
 30
0.0
 70
0
  0
VERTEX
  5
1978
  8
CUT
 10
1878.973718212311
 20
738.4183986379335
 30
0.0
 70
0
  0
VERTEX
  5
1979
  8
CUT
 10
1879.4398958346442
 20
737.9176885328361
 30
0.0
 70
0
  0
VERTEX
  5
197A
  8
CUT
 10
1879.7889862488207
 20
737.3293280416059
 30
0.0
 70
0
  0
VERTEX
  5
197B
  8
CUT
 10
1880.005033834794
 20
736.6802089265693
 30
0.0
 70
0
  0
VERTEX
  5
197C
  8
CUT
 10
1880.0781638636859
 20
736.0
 30
0.0
 70
0
  0
VERTEX
  5
197D
  8
CUT
 10
1890.741980728976
 20
736.0
 30
0.0
 70
0
  0
SEQEND
  5
1889
  8
CUT
  0
POLYLINE
  5
197E
  8
CUT
 66
1
 10
0.0
 20
0.0
 30
0.0
 70
1
  0
VERTEX
  5
1980
  8
CUT
 10
2045.1419807289758
 20
685.0
 30
0.0
 70
0
  0
VERTEX
  5
1981
  8
CUT
 10
2015.0969165133583
 20
685.0
 30
0.0
 70
0
  0
VERTEX
  5
1982
  8
CUT
 10
2015.0237864844662
 20
684.3197910734305
 30
0.0
 70
0
  0
VERTEX
  5
1983
  8
CUT
 10
2014.807738898493
 20
683.670671958394
 30
0.0
 70
0
  0
VERTEX
  5
1984
  8
CUT
 10
2014.4586484843164
 20
683.0823114671637
 30
0.0
 70
0
  0
VERTEX
  5
1985
  8
CUT
 10
2013.9924708619835
 20
682.5816013620663
 30
0.0
 70
0
  0
VERTEX
  5
1986
  8
CUT
 10
2013.4305132708628
 20
682.1914272333847
 30
0.0
 70
0
  0
VERTEX
  5
1987
  8
CUT
 10
2012.7984606952512
 20
681.9296224844336
 30
0.0
 70
0
  0
VERTEX
  5
1988
  8
CUT
 10
2012.125201899596
 20
681.8081532332471
 30
0.0
 70
0
  0
VERTEX
  5
1989
  8
CUT
 10
2011.441509030884
 20
681.8325713859809
 30
0.0
 70
0
  0
VERTEX
  5
198A
  8
CUT
 10
2010.7786311386415
 20
682.0017608800007
 30
0.0
 70
0
  0
VERTEX
  5
198B
  8
CUT
 10
2010.1668658975007
 20
682.3079886949401
 30
0.0
 70
0
  0
VERTEX
  5
198C
  8
CUT
 10
2009.6341748135615
 20
682.737258300203
 30
0.0
 70
0
  0
VERTEX
  5
198D
  8
CUT
 10
2009.2049052082987
 20
683.269949384142
 30
0.0
 70
0
  0
VERTEX
  5
198E
  8
CUT
 10
2008.8986773933593
 20
683.8817146252828
 30
0.0
 70
0
  0
VERTEX
  5
198F
  8
CUT
 10
2008.7294878993396
 20
684.5445925175255
 30
0.0
 70
0
  0
VERTEX
  5
1990
  8
CUT
 10
2008.7050697466057
 20
685.2282853862375
 30
0.0
 70
0
  0
VERTEX
  5
1991
  8
CUT
 10
2008.826538997792
 20
685.9015441818926
 30
0.0
 70
0
  0
VERTEX
  5
1992
  8
CUT
 10
2009.0883437467432
 20
686.5335967575043
 30
0.0
 70
0
  0
VERTEX
  5
1993
  8
CUT
 10
2009.4785178754248
 20
687.0955543486249
 30
0.0
 70
0
  0
VERTEX
  5
1994
  8
CUT
 10
2009.9792279805222
 20
687.561731970958
 30
0.0
 70
0
  0
VERTEX
  5
1995
  8
CUT
 10
2010.5675884717525
 20
687.9108223851345
 30
0.0
 70
0
  0
VERTEX
  5
1996
  8
CUT
 10
2011.216707586789
 20
688.1268699711078
 30
0.0
 70
0
  0
VERTEX
  5
1997
  8
CUT
 10
2011.8969165133583
 20
688.2
 30
0.0
 70
0
  0
VERTEX
  5
1998
  8
CUT
 10
2011.8969165133583
 20
703.0
 30
0.0
 70
0
  0
VERTEX
  5
1999
  8
CUT
 10
1971.8969165133583
 20
703.0
 30
0.0
 70
0
  0
VERTEX
  5
199A
  8
CUT
 10
1971.8969165133583
 20
688.2
 30
0.0
 70
0
  0
VERTEX
  5
199B
  8
CUT
 10
1972.5771254399278
 20
688.1268699711077
 30
0.0
 70
0
  0
VERTEX
  5
199C
  8
CUT
 10
1973.2262445549643
 20
687.9108223851345
 30
0.0
 70
0
  0
VERTEX
  5
199D
  8
CUT
 10
1973.8146050461946
 20
687.5617319709579
 30
0.0
 70
0
  0
VERTEX
  5
199E
  8
CUT
 10
1974.3153151512918
 20
687.0955543486248
 30
0.0
 70
0
  0
VERTEX
  5
199F
  8
CUT
 10
1974.7054892799733
 20
686.533596757504
 30
0.0
 70
0
  0
VERTEX
  5
19A0
  8
CUT
 10
1974.9672940289245
 20
685.9015441818924
 30
0.0
 70
0
  0
VERTEX
  5
19A1
  8
CUT
 10
1975.088763280111
 20
685.2282853862373
 30
0.0
 70
0
  0
VERTEX
  5
19A2
  8
CUT
 10
1975.064345127377
 20
684.5445925175253
 30
0.0
 70
0
  0
VERTEX
  5
19A3
  8
CUT
 10
1974.8951556333573
 20
683.8817146252827
 30
0.0
 70
0
  0
VERTEX
  5
19A4
  8
CUT
 10
1974.5889278184177
 20
683.2699493841419
 30
0.0
 70
0
  0
VERTEX
  5
19A5
  8
CUT
 10
1974.159658213155
 20
682.7372583002028
 30
0.0
 70
0
  0
VERTEX
  5
19A6
  8
CUT
 10
1973.6269671292157
 20
682.30798869494
 30
0.0
 70
0
  0
VERTEX
  5
19A7
  8
CUT
 10
1973.015201888075
 20
682.0017608800007
 30
0.0
 70
0
  0
VERTEX
  5
19A8
  8
CUT
 10
1972.3523239958324
 20
681.8325713859809
 30
0.0
 70
0
  0
VERTEX
  5
19A9
  8
CUT
 10
1971.6686311271203
 20
681.8081532332471
 30
0.0
 70
0
  0
VERTEX
  5
19AA
  8
CUT
 10
1970.9953723314652
 20
681.9296224844336
 30
0.0
 70
0
  0
VERTEX
  5
19AB
  8
CUT
 10
1970.3633197558536
 20
682.1914272333848
 30
0.0
 70
0
  0
VERTEX
  5
19AC
  8
CUT
 10
1969.801362164733
 20
682.5816013620665
 30
0.0
 70
0
  0
VERTEX
  5
19AD
  8
CUT
 10
1969.3351845424
 20
683.0823114671639
 30
0.0
 70
0
  0
VERTEX
  5
19AE
  8
CUT
 10
1968.9860941282234
 20
683.6706719583941
 30
0.0
 70
0
  0
VERTEX
  5
19AF
  8
CUT
 10
1968.7700465422502
 20
684.3197910734307
 30
0.0
 70
0
  0
VERTEX
  5
19B0
  8
CUT
 10
1968.6969165133582
 20
685.0
 30
0.0
 70
0
  0
VERTEX
  5
19B1
  8
CUT
 10
1939.070990364488
 20
685.0
 30
0.0
 70
0
  0
VERTEX
  5
19B2
  8
CUT
 10
1939.070990364488
 20
593.7
 30
0.0
 70
0
  0
VERTEX
  5
19B3
  8
CUT
 10
1939.7511992910574
 20
593.6268699711078
 30
0.0
 70
0
  0
VERTEX
  5
19B4
  8
CUT
 10
1940.400318406094
 20
593.4108223851345
 30
0.0
 70
0
  0
VERTEX
  5
19B5
  8
CUT
 10
1940.9886788973242
 20
593.061731970958
 30
0.0
 70
0
  0
VERTEX
  5
19B6
  8
CUT
 10
1941.4893890024216
 20
592.5955543486249
 30
0.0
 70
0
  0
VERTEX
  5
19B7
  8
CUT
 10
1941.8795631311032
 20
592.0335967575043
 30
0.0
 70
0
  0
VERTEX
  5
19B8
  8
CUT
 10
1942.1413678800543
 20
591.4015441818926
 30
0.0
 70
0
  0
VERTEX
  5
19B9
  8
CUT
 10
1942.2628371312408
 20
590.7282853862375
 30
0.0
 70
0
  0
VERTEX
  5
19BA
  8
CUT
 10
1942.2384189785068
 20
590.0445925175255
 30
0.0
 70
0
  0
VERTEX
  5
19BB
  8
CUT
 10
1942.069229484487
 20
589.3817146252828
 30
0.0
 70
0
  0
VERTEX
  5
19BC
  8
CUT
 10
1941.7630016695477
 20
588.769949384142
 30
0.0
 70
0
  0
VERTEX
  5
19BD
  8
CUT
 10
1941.333732064285
 20
588.237258300203
 30
0.0
 70
0
  0
VERTEX
  5
19BE
  8
CUT
 10
1940.8010409803458
 20
587.8079886949401
 30
0.0
 70
0
  0
VERTEX
  5
19BF
  8
CUT
 10
1940.189275739205
 20
587.5017608800007
 30
0.0
 70
0
  0
VERTEX
  5
19C0
  8
CUT
 10
1939.5263978469625
 20
587.3325713859809
 30
0.0
 70
0
  0
VERTEX
  5
19C1
  8
CUT
 10
1938.8427049782504
 20
587.3081532332471
 30
0.0
 70
0
  0
VERTEX
  5
19C2
  8
CUT
 10
1938.1694461825953
 20
587.4296224844336
 30
0.0
 70
0
  0
VERTEX
  5
19C3
  8
CUT
 10
1937.5373936069836
 20
587.6914272333847
 30
0.0
 70
0
  0
VERTEX
  5
19C4
  8
CUT
 10
1936.975436015863
 20
588.0816013620663
 30
0.0
 70
0
  0
VERTEX
  5
19C5
  8
CUT
 10
1936.50925839353
 20
588.5823114671637
 30
0.0
 70
0
  0
VERTEX
  5
19C6
  8
CUT
 10
1936.1601679793534
 20
589.170671958394
 30
0.0
 70
0
  0
VERTEX
  5
19C7
  8
CUT
 10
1935.9441203933802
 20
589.8197910734305
 30
0.0
 70
0
  0
VERTEX
  5
19C8
  8
CUT
 10
1935.8709903644879
 20
590.5
 30
0.0
 70
0
  0
VERTEX
  5
19C9
  8
CUT
 10
1923.270990364488
 20
590.5
 30
0.0
 70
0
  0
VERTEX
  5
19CA
  8
CUT
 10
1923.1978603355956
 20
589.8197910734305
 30
0.0
 70
0
  0
VERTEX
  5
19CB
  8
CUT
 10
1922.9818127496223
 20
589.170671958394
 30
0.0
 70
0
  0
VERTEX
  5
19CC
  8
CUT
 10
1922.6327223354458
 20
588.5823114671637
 30
0.0
 70
0
  0
VERTEX
  5
19CD
  8
CUT
 10
1922.166544713113
 20
588.0816013620663
 30
0.0
 70
0
  0
VERTEX
  5
19CE
  8
CUT
 10
1921.6045871219922
 20
587.6914272333847
 30
0.0
 70
0
  0
VERTEX
  5
19CF
  8
CUT
 10
1920.9725345463805
 20
587.4296224844336
 30
0.0
 70
0
  0
VERTEX
  5
19D0
  8
CUT
 10
1920.2992757507254
 20
587.3081532332471
 30
0.0
 70
0
  0
VERTEX
  5
19D1
  8
CUT
 10
1919.6155828820133
 20
587.3325713859809
 30
0.0
 70
0
  0
VERTEX
  5
19D2
  8
CUT
 10
1918.9527049897708
 20
587.5017608800007
 30
0.0
 70
0
  0
VERTEX
  5
19D3
  8
CUT
 10
1918.34093974863
 20
587.8079886949401
 30
0.0
 70
0
  0
VERTEX
  5
19D4
  8
CUT
 10
1917.8082486646908
 20
588.237258300203
 30
0.0
 70
0
  0
VERTEX
  5
19D5
  8
CUT
 10
1917.378979059428
 20
588.769949384142
 30
0.0
 70
0
  0
VERTEX
  5
19D6
  8
CUT
 10
1917.0727512444887
 20
589.3817146252828
 30
0.0
 70
0
  0
VERTEX
  5
19D7
  8
CUT
 10
1916.903561750469
 20
590.0445925175255
 30
0.0
 70
0
  0
VERTEX
  5
19D8
  8
CUT
 10
1916.879143597735
 20
590.7282853862375
 30
0.0
 70
0
  0
VERTEX
  5
19D9
  8
CUT
 10
1917.0006128489215
 20
591.4015441818926
 30
0.0
 70
0
  0
VERTEX
  5
19DA
  8
CUT
 10
1917.2624175978726
 20
592.0335967575043
 30
0.0
 70
0
  0
VERTEX
  5
19DB
  8
CUT
 10
1917.6525917265542
 20
592.5955543486249
 30
0.0
 70
0
  0
VERTEX
  5
19DC
  8
CUT
 10
1918.1533018316516
 20
593.061731970958
 30
0.0
 70
0
  0
VERTEX
  5
19DD
  8
CUT
 10
1918.741662322882
 20
593.4108223851345
 30
0.0
 70
0
  0
VERTEX
  5
19DE
  8
CUT
 10
1919.3907814379183
 20
593.6268699711078
 30
0.0
 70
0
  0
VERTEX
  5
19DF
  8
CUT
 10
1920.070990364488
 20
593.7
 30
0.0
 70
0
  0
VERTEX
  5
19E0
  8
CUT
 10
1920.070990364488
 20
685.0
 30
0.0
 70
0
  0
VERTEX
  5
19E1
  8
CUT
 10
1890.4450642156178
 20
685.0
 30
0.0
 70
0
  0
VERTEX
  5
19E2
  8
CUT
 10
1890.3719341867254
 20
684.3197910734305
 30
0.0
 70
0
  0
VERTEX
  5
19E3
  8
CUT
 10
1890.1558866007522
 20
683.670671958394
 30
0.0
 70
0
  0
VERTEX
  5
19E4
  8
CUT
 10
1889.8067961865756
 20
683.0823114671637
 30
0.0
 70
0
  0
VERTEX
  5
19E5
  8
CUT
 10
1889.3406185642427
 20
682.5816013620663
 30
0.0
 70
0
  0
VERTEX
  5
19E6
  8
CUT
 10
1888.778660973122
 20
682.1914272333847
 30
0.0
 70
0
  0
VERTEX
  5
19E7
  8
CUT
 10
1888.1466083975104
 20
681.9296224844336
 30
0.0
 70
0
  0
VERTEX
  5
19E8
  8
CUT
 10
1887.4733496018553
 20
681.8081532332471
 30
0.0
 70
0
  0
VERTEX
  5
19E9
  8
CUT
 10
1886.7896567331431
 20
681.8325713859809
 30
0.0
 70
0
  0
VERTEX
  5
19EA
  8
CUT
 10
1886.1267788409007
 20
682.0017608800007
 30
0.0
 70
0
  0
VERTEX
  5
19EB
  8
CUT
 10
1885.5150135997599
 20
682.3079886949401
 30
0.0
 70
0
  0
VERTEX
  5
19EC
  8
CUT
 10
1884.9823225158207
 20
682.737258300203
 30
0.0
 70
0
  0
VERTEX
  5
19ED
  8
CUT
 10
1884.5530529105579
 20
683.269949384142
 30
0.0
 70
0
  0
VERTEX
  5
19EE
  8
CUT
 10
1884.2468250956185
 20
683.8817146252828
 30
0.0
 70
0
  0
VERTEX
  5
19EF
  8
CUT
 10
1884.0776356015988
 20
684.5445925175255
 30
0.0
 70
0
  0
VERTEX
  5
19F0
  8
CUT
 10
1884.0532174488649
 20
685.2282853862375
 30
0.0
 70
0
  0
VERTEX
  5
19F1
  8
CUT
 10
1884.1746867000513
 20
685.9015441818926
 30
0.0
 70
0
  0
VERTEX
  5
19F2
  8
CUT
 10
1884.4364914490025
 20
686.5335967575043
 30
0.0
 70
0
  0
VERTEX
  5
19F3
  8
CUT
 10
1884.826665577684
 20
687.0955543486249
 30
0.0
 70
0
  0
VERTEX
  5
19F4
  8
CUT
 10
1885.3273756827814
 20
687.561731970958
 30
0.0
 70
0
  0
VERTEX
  5
19F5
  8
CUT
 10
1885.9157361740117
 20
687.9108223851345
 30
0.0
 70
0
  0
VERTEX
  5
19F6
  8
CUT
 10
1886.5648552890482
 20
688.1268699711078
 30
0.0
 70
0
  0
VERTEX
  5
19F7
  8
CUT
 10
1887.2450642156177
 20
688.2
 30
0.0
 70
0
  0
VERTEX
  5
19F8
  8
CUT
 10
1887.2450642156177
 20
703.0
 30
0.0
 70
0
  0
VERTEX
  5
19F9
  8
CUT
 10
1847.2450642156177
 20
703.0
 30
0.0
 70
0
  0
VERTEX
  5
19FA
  8
CUT
 10
1847.2450642156177
 20
688.2
 30
0.0
 70
0
  0
VERTEX
  5
19FB
  8
CUT
 10
1847.9252731421873
 20
688.1268699711078
 30
0.0
 70
0
  0
VERTEX
  5
19FC
  8
CUT
 10
1848.5743922572237
 20
687.9108223851345
 30
0.0
 70
0
  0
VERTEX
  5
19FD
  8
CUT
 10
1849.162752748454
 20
687.561731970958
 30
0.0
 70
0
  0
VERTEX
  5
19FE
  8
CUT
 10
1849.6634628535514
 20
687.0955543486249
 30
0.0
 70
0
  0
VERTEX
  5
19FF
  8
CUT
 10
1850.053636982233
 20
686.5335967575043
 30
0.0
 70
0
  0
VERTEX
  5
1A00
  8
CUT
 10
1850.3154417311841
 20
685.9015441818926
 30
0.0
 70
0
  0
VERTEX
  5
1A01
  8
CUT
 10
1850.4369109823706
 20
685.2282853862375
 30
0.0
 70
0
  0
VERTEX
  5
1A02
  8
CUT
 10
1850.4124928296367
 20
684.5445925175255
 30
0.0
 70
0
  0
VERTEX
  5
1A03
  8
CUT
 10
1850.243303335617
 20
683.8817146252828
 30
0.0
 70
0
  0
VERTEX
  5
1A04
  8
CUT
 10
1849.9370755206776
 20
683.269949384142
 30
0.0
 70
0
  0
VERTEX
  5
1A05
  8
CUT
 10
1849.5078059154148
 20
682.737258300203
 30
0.0
 70
0
  0
VERTEX
  5
1A06
  8
CUT
 10
1848.9751148314756
 20
682.3079886949401
 30
0.0
 70
0
  0
VERTEX
  5
1A07
  8
CUT
 10
1848.3633495903348
 20
682.0017608800007
 30
0.0
 70
0
  0
VERTEX
  5
1A08
  8
CUT
 10
1847.7004716980923
 20
681.8325713859809
 30
0.0
 70
0
  0
VERTEX
  5
1A09
  8
CUT
 10
1847.0167788293802
 20
681.8081532332471
 30
0.0
 70
0
  0
VERTEX
  5
1A0A
  8
CUT
 10
1846.343520033725
 20
681.9296224844336
 30
0.0
 70
0
  0
VERTEX
  5
1A0B
  8
CUT
 10
1845.7114674581135
 20
682.1914272333847
 30
0.0
 70
0
  0
VERTEX
  5
1A0C
  8
CUT
 10
1845.1495098669927
 20
682.5816013620663
 30
0.0
 70
0
  0
VERTEX
  5
1A0D
  8
CUT
 10
1844.6833322446598
 20
683.0823114671637
 30
0.0
 70
0
  0
VERTEX
  5
1A0E
  8
CUT
 10
1844.3342418304833
 20
683.670671958394
 30
0.0
 70
0
  0
VERTEX
  5
1A0F
  8
CUT
 10
1844.11819424451
 20
684.3197910734305
 30
0.0
 70
0
  0
VERTEX
  5
1A10
  8
CUT
 10
1844.0450642156177
 20
685.0
 30
0.0
 70
0
  0
VERTEX
  5
1A11
  8
CUT
 10
1814.0
 20
685.0
 30
0.0
 70
0
  0
VERTEX
  5
1A12
  8
CUT
 10
1864.3999999999999
 20
496.0
 30
0.0
 70
0
  0
VERTEX
  5
1A13
  8
CUT
 10
1875.0638168652902
 20
496.0
 30
0.0
 70
0
  0
VERTEX
  5
1A14
  8
CUT
 10
1875.1369468941825
 20
496.68020892656955
 30
0.0
 70
0
  0
VERTEX
  5
1A15
  8
CUT
 10
1875.3529944801558
 20
497.32932804160606
 30
0.0
 70
0
  0
VERTEX
  5
1A16
  8
CUT
 10
1875.7020848943323
 20
497.91768853283634
 30
0.0
 70
0
  0
VERTEX
  5
1A17
  8
CUT
 10
1876.1682625166652
 20
498.41839863793365
 30
0.0
 70
0
  0
VERTEX
  5
1A18
  8
CUT
 10
1876.730220107786
 20
498.8085727666152
 30
0.0
 70
0
  0
VERTEX
  5
1A19
  8
CUT
 10
1877.3622726833976
 20
499.0703775155664
 30
0.0
 70
0
  0
VERTEX
  5
1A1A
  8
CUT
 10
1878.0355314790527
 20
499.1918467667528
 30
0.0
 70
0
  0
VERTEX
  5
1A1B
  8
CUT
 10
1878.7192243477648
 20
499.167428614019
 30
0.0
 70
0
  0
VERTEX
  5
1A1C
  8
CUT
 10
1879.3821022400073
 20
498.99823911999925
 30
0.0
 70
0
  0
VERTEX
  5
1A1D
  8
CUT
 10
1879.993867481148
 20
498.6920113050598
 30
0.0
 70
0
  0
VERTEX
  5
1A1E
  8
CUT
 10
1880.5265585650873
 20
498.26274169979695
 30
0.0
 70
0
  0
VERTEX
  5
1A1F
  8
CUT
 10
1880.95582817035
 20
497.7300506158579
 30
0.0
 70
0
  0
VERTEX
  5
1A20
  8
CUT
 10
1881.2620559852894
 20
497.1182853747171
 30
0.0
 70
0
  0
VERTEX
  5
1A21
  8
CUT
 10
1881.4312454793092
 20
496.4554074824745
 30
0.0
 70
0
  0
VERTEX
  5
1A22
  8
CUT
 10
1881.455663632043
 20
495.77171461376247
 30
0.0
 70
0
  0
VERTEX
  5
1A23
  8
CUT
 10
1881.3341943808566
 20
495.0984558181074
 30
0.0
 70
0
  0
VERTEX
  5
1A24
  8
CUT
 10
1881.0723896319055
 20
494.4664032424958
 30
0.0
 70
0
  0
VERTEX
  5
1A25
  8
CUT
 10
1880.682215503224
 20
493.90444565137506
 30
0.0
 70
0
  0
VERTEX
  5
1A26
  8
CUT
 10
1880.1815053981265
 20
493.43826802904204
 30
0.0
 70
0
  0
VERTEX
  5
1A27
  8
CUT
 10
1879.5931449068962
 20
493.08917761486555
 30
0.0
 70
0
  0
VERTEX
  5
1A28
  8
CUT
 10
1878.9440257918598
 20
492.87313002889226
 30
0.0
 70
0
  0
VERTEX
  5
1A29
  8
CUT
 10
1878.2638168652902
 20
492.8
 30
0.0
 70
0
  0
VERTEX
  5
1A2A
  8
CUT
 10
1878.2638168652902
 20
478.0
 30
0.0
 70
0
  0
VERTEX
  5
1A2B
  8
CUT
 10
1911.8709903644879
 20
478.0
 30
0.0
 70
0
  0
VERTEX
  5
1A2C
  8
CUT
 10
1911.8709903644879
 20
492.8
 30
0.0
 70
0
  0
VERTEX
  5
1A2D
  8
CUT
 10
1911.1907814379183
 20
492.8731300288923
 30
0.0
 70
0
  0
VERTEX
  5
1A2E
  8
CUT
 10
1910.5416623228818
 20
493.0891776148656
 30
0.0
 70
0
  0
VERTEX
  5
1A2F
  8
CUT
 10
1909.9533018316515
 20
493.43826802904215
 30
0.0
 70
0
  0
VERTEX
  5
1A30
  8
CUT
 10
1909.4525917265544
 20
493.9044456513752
 30
0.0
 70
0
  0
VERTEX
  5
1A31
  8
CUT
 10
1909.0624175978728
 20
494.466403242496
 30
0.0
 70
0
  0
VERTEX
  5
1A32
  8
CUT
 10
1908.8006128489217
 20
495.09845581810765
 30
0.0
 70
0
  0
VERTEX
  5
1A33
  8
CUT
 10
1908.6791435977352
 20
495.7717146137627
 30
0.0
 70
0
  0
VERTEX
  5
1A34
  8
CUT
 10
1908.7035617504691
 20
496.45540748247475
 30
0.0
 70
0
  0
VERTEX
  5
1A35
  8
CUT
 10
1908.8727512444889
 20
497.11828537471735
 30
0.0
 70
0
  0
VERTEX
  5
1A36
  8
CUT
 10
1909.1789790594285
 20
497.7300506158581
 30
0.0
 70
0
  0
VERTEX
  5
1A37
  8
CUT
 10
1909.6082486646912
 20
498.2627416997971
 30
0.0
 70
0
  0
VERTEX
  5
1A38
  8
CUT
 10
1910.1409397486304
 20
498.6920113050599
 30
0.0
 70
0
  0
VERTEX
  5
1A39
  8
CUT
 10
1910.7527049897712
 20
498.9982391199993
 30
0.0
 70
0
  0
VERTEX
  5
1A3A
  8
CUT
 10
1911.4155828820137
 20
499.16742861401906
 30
0.0
 70
0
  0
VERTEX
  5
1A3B
  8
CUT
 10
1912.0992757507258
 20
499.1918467667528
 30
0.0
 70
0
  0
VERTEX
  5
1A3C
  8
CUT
 10
1912.772534546381
 20
499.07037751556635
 30
0.0
 70
0
  0
VERTEX
  5
1A3D
  8
CUT
 10
1913.4045871219926
 20
498.8085727666151
 30
0.0
 70
0
  0
VERTEX
  5
1A3E
  8
CUT
 10
1913.966544713113
 20
498.4183986379335
 30
0.0
 70
0
  0
VERTEX
  5
1A3F
  8
CUT
 10
1914.4327223354462
 20
497.91768853283617
 30
0.0
 70
0
  0
VERTEX
  5
1A40
  8
CUT
 10
1914.7818127496228
 20
497.32932804160583
 30
0.0
 70
0
  0
VERTEX
  5
1A41
  8
CUT
 10
1914.9978603355958
 20
496.6802089265693
 30
0.0
 70
0
  0
VERTEX
  5
1A42
  8
CUT
 10
1915.070990364488
 20
496.0
 30
0.0
 70
0
  0
VERTEX
  5
1A43
  8
CUT
 10
1944.070990364488
 20
496.0
 30
0.0
 70
0
  0
VERTEX
  5
1A44
  8
CUT
 10
1944.14412039338
 20
496.68020892656955
 30
0.0
 70
0
  0
VERTEX
  5
1A45
  8
CUT
 10
1944.3601679793533
 20
497.32932804160606
 30
0.0
 70
0
  0
VERTEX
  5
1A46
  8
CUT
 10
1944.7092583935298
 20
497.91768853283634
 30
0.0
 70
0
  0
VERTEX
  5
1A47
  8
CUT
 10
1945.1754360158627
 20
498.41839863793365
 30
0.0
 70
0
  0
VERTEX
  5
1A48
  8
CUT
 10
1945.7373936069835
 20
498.8085727666152
 30
0.0
 70
0
  0
VERTEX
  5
1A49
  8
CUT
 10
1946.369446182595
 20
499.0703775155664
 30
0.0
 70
0
  0
VERTEX
  5
1A4A
  8
CUT
 10
1947.0427049782502
 20
499.1918467667528
 30
0.0
 70
0
  0
VERTEX
  5
1A4B
  8
CUT
 10
1947.7263978469623
 20
499.167428614019
 30
0.0
 70
0
  0
VERTEX
  5
1A4C
  8
CUT
 10
1948.3892757392048
 20
498.99823911999925
 30
0.0
 70
0
  0
VERTEX
  5
1A4D
  8
CUT
 10
1949.0010409803456
 20
498.6920113050598
 30
0.0
 70
0
  0
VERTEX
  5
1A4E
  8
CUT
 10
1949.5337320642848
 20
498.26274169979695
 30
0.0
 70
0
  0
VERTEX
  5
1A4F
  8
CUT
 10
1949.9630016695476
 20
497.7300506158579
 30
0.0
 70
0
  0
VERTEX
  5
1A50
  8
CUT
 10
1950.269229484487
 20
497.1182853747171
 30
0.0
 70
0
  0
VERTEX
  5
1A51
  8
CUT
 10
1950.4384189785067
 20
496.4554074824745
 30
0.0
 70
0
  0
VERTEX
  5
1A52
  8
CUT
 10
1950.4628371312406
 20
495.77171461376247
 30
0.0
 70
0
  0
VERTEX
  5
1A53
  8
CUT
 10
1950.3413678800541
 20
495.0984558181074
 30
0.0
 70
0
  0
VERTEX
  5
1A54
  8
CUT
 10
1950.079563131103
 20
494.4664032424958
 30
0.0
 70
0
  0
VERTEX
  5
1A55
  8
CUT
 10
1949.6893890024214
 20
493.90444565137506
 30
0.0
 70
0
  0
VERTEX
  5
1A56
  8
CUT
 10
1949.188678897324
 20
493.43826802904204
 30
0.0
 70
0
  0
VERTEX
  5
1A57
  8
CUT
 10
1948.6003184060937
 20
493.08917761486555
 30
0.0
 70
0
  0
VERTEX
  5
1A58
  8
CUT
 10
1947.9511992910573
 20
492.87313002889226
 30
0.0
 70
0
  0
VERTEX
  5
1A59
  8
CUT
 10
1947.270990364488
 20
492.8
 30
0.0
 70
0
  0
VERTEX
  5
1A5A
  8
CUT
 10
1947.270990364488
 20
478.0
 30
0.0
 70
0
  0
VERTEX
  5
1A5B
  8
CUT
 10
1980.8781638636858
 20
478.0
 30
0.0
 70
0
  0
VERTEX
  5
1A5C
  8
CUT
 10
1980.8781638636858
 20
492.8
 30
0.0
 70
0
  0
VERTEX
  5
1A5D
  8
CUT
 10
1980.1979549371163
 20
492.8731300288923
 30
0.0
 70
0
  0
VERTEX
  5
1A5E
  8
CUT
 10
1979.5488358220798
 20
493.0891776148656
 30
0.0
 70
0
  0
VERTEX
  5
1A5F
  8
CUT
 10
1978.9604753308495
 20
493.43826802904215
 30
0.0
 70
0
  0
VERTEX
  5
1A60
  8
CUT
 10
1978.4597652257523
 20
493.9044456513752
 30
0.0
 70
0
  0
VERTEX
  5
1A61
  8
CUT
 10
1978.0695910970708
 20
494.466403242496
 30
0.0
 70
0
  0
VERTEX
  5
1A62
  8
CUT
 10
1977.8077863481196
 20
495.09845581810765
 30
0.0
 70
0
  0
VERTEX
  5
1A63
  8
CUT
 10
1977.6863170969332
 20
495.7717146137627
 30
0.0
 70
0
  0
VERTEX
  5
1A64
  8
CUT
 10
1977.710735249667
 20
496.45540748247475
 30
0.0
 70
0
  0
VERTEX
  5
1A65
  8
CUT
 10
1977.8799247436868
 20
497.11828537471735
 30
0.0
 70
0
  0
VERTEX
  5
1A66
  8
CUT
 10
1978.1861525586264
 20
497.7300506158581
 30
0.0
 70
0
  0
VERTEX
  5
1A67
  8
CUT
 10
1978.6154221638892
 20
498.2627416997971
 30
0.0
 70
0
  0
VERTEX
  5
1A68
  8
CUT
 10
1979.1481132478284
 20
498.6920113050599
 30
0.0
 70
0
  0
VERTEX
  5
1A69
  8
CUT
 10
1979.7598784889692
 20
498.9982391199993
 30
0.0
 70
0
  0
VERTEX
  5
1A6A
  8
CUT
 10
1980.4227563812117
 20
499.16742861401906
 30
0.0
 70
0
  0
VERTEX
  5
1A6B
  8
CUT
 10
1981.1064492499238
 20
499.1918467667528
 30
0.0
 70
0
  0
VERTEX
  5
1A6C
  8
CUT
 10
1981.779708045579
 20
499.07037751556635
 30
0.0
 70
0
  0
VERTEX
  5
1A6D
  8
CUT
 10
1982.4117606211905
 20
498.8085727666151
 30
0.0
 70
0
  0
VERTEX
  5
1A6E
  8
CUT
 10
1982.973718212311
 20
498.4183986379335
 30
0.0
 70
0
  0
VERTEX
  5
1A6F
  8
CUT
 10
1983.4398958346442
 20
497.91768853283617
 30
0.0
 70
0
  0
VERTEX
  5
1A70
  8
CUT
 10
1983.7889862488207
 20
497.32932804160583
 30
0.0
 70
0
  0
VERTEX
  5
1A71
  8
CUT
 10
1984.0050338347937
 20
496.6802089265693
 30
0.0
 70
0
  0
VERTEX
  5
1A72
  8
CUT
 10
1984.0781638636859
 20
496.0
 30
0.0
 70
0
  0
VERTEX
  5
1A73
  8
CUT
 10
1994.741980728976
 20
496.0
 30
0.0
 70
0
  0
SEQEND
  5
197F
  8
CUT
  0
POLYLINE
  5
1A74
  8
CUT
 66
1
 10
0.0
 20
0.0
 30
0.0
 70
1
  0
VERTEX
  5
1A76
  8
CUT
 10
139.74198072897593
 20
78.87099036448797
 30
0.0
 70
0
  0
VERTEX
  5
1A77
  8
CUT
 10
139.6638532493522
 20
81.95405543283857
 30
0.0
 70
0
  0
VERTEX
  5
1A78
  8
CUT
 10
139.4296713626007
 20
85.02920631737636
 30
0.0
 70
0
  0
VERTEX
  5
1A79
  8
CUT
 10
139.040036210266
 20
88.08854914988488
 30
0.0
 70
0
  0
VERTEX
  5
1A7A
  8
CUT
 10
138.49594798019604
 20
91.12423064119048
 30
0.0
 70
0
  0
VERTEX
  5
1A7B
  8
CUT
 10
137.79880333907397
 20
94.12845824044305
 30
0.0
 70
0
  0
VERTEX
  5
1A7C
  8
CUT
 10
136.95039184719505
 20
97.09352013848226
 30
0.0
 70
0
  0
VERTEX
  5
1A7D
  8
CUT
 10
135.95289136469094
 20
100.01180506394108
 30
0.0
 70
0
  0
VERTEX
  5
1A7E
  8
CUT
 10
134.80886246099396
 20
102.8758218212702
 30
0.0
 70
0
  0
VERTEX
  5
1A7F
  8
CUT
 10
133.52124184189213
 20
105.67821852052958
 30
0.0
 70
0
  0
VERTEX
  5
1A80
  8
CUT
 10
132.0933348110475
 20
108.4118014495845
 30
0.0
 70
0
  0
VERTEX
  5
1A81
  8
CUT
 10
130.528806785329
 20
111.06955354026141
 30
0.0
 70
0
  0
VERTEX
  5
1A82
  8
CUT
 10
128.83167388574006
 20
113.6446523810613
 30
0.0
 70
0
  0
VERTEX
  5
1A83
  8
CUT
 10
127.00629262809349
 20
116.13048773019219
 30
0.0
 70
0
  0
VERTEX
  5
1A84
  8
CUT
 10
125.05734873989782
 20
118.52067848396496
 30
0.0
 70
0
  0
VERTEX
  5
1A85
  8
CUT
 10
122.98984513216212
 20
120.80908905699505
 30
0.0
 70
0
  0
VERTEX
  5
1A86
  8
CUT
 10
120.80908905699505
 20
122.98984513216209
 30
0.0
 70
0
  0
VERTEX
  5
1A87
  8
CUT
 10
118.52067848396496
 20
125.05734873989783
 30
0.0
 70
0
  0
VERTEX
  5
1A88
  8
CUT
 10
116.13048773019219
 20
127.00629262809349
 30
0.0
 70
0
  0
VERTEX
  5
1A89
  8
CUT
 10
113.6446523810613
 20
128.83167388574006
 30
0.0
 70
0
  0
VERTEX
  5
1A8A
  8
CUT
 10
111.06955354026141
 20
130.52880678532898
 30
0.0
 70
0
  0
VERTEX
  5
1A8B
  8
CUT
 10
108.4118014495845
 20
132.0933348110475
 30
0.0
 70
0
  0
VERTEX
  5
1A8C
  8
CUT
 10
105.67821852052958
 20
133.52124184189213
 30
0.0
 70
0
  0
VERTEX
  5
1A8D
  8
CUT
 10
102.87582182127021
 20
134.80886246099396
 30
0.0
 70
0
  0
VERTEX
  5
1A8E
  8
CUT
 10
100.01180506394108
 20
135.95289136469094
 30
0.0
 70
0
  0
VERTEX
  5
1A8F
  8
CUT
 10
97.09352013848226
 20
136.95039184719505
 30
0.0
 70
0
  0
VERTEX
  5
1A90
  8
CUT
 10
94.12845824044305
 20
137.79880333907397
 30
0.0
 70
0
  0
VERTEX
  5
1A91
  8
CUT
 10
91.12423064119048
 20
138.49594798019604
 30
0.0
 70
0
  0
VERTEX
  5
1A92
  8
CUT
 10
88.08854914988488
 20
139.040036210266
 30
0.0
 70
0
  0
VERTEX
  5
1A93
  8
CUT
 10
85.02920631737636
 20
139.4296713626007
 30
0.0
 70
0
  0
VERTEX
  5
1A94
  8
CUT
 10
81.95405543283859
 20
139.6638532493522
 30
0.0
 70
0
  0
VERTEX
  5
1A95
  8
CUT
 10
78.87099036448797
 20
139.74198072897593
 30
0.0
 70
0
  0
VERTEX
  5
1A96
  8
CUT
 10
75.78792529613736
 20
139.6638532493522
 30
0.0
 70
0
  0
VERTEX
  5
1A97
  8
CUT
 10
72.71277441159957
 20
139.4296713626007
 30
0.0
 70
0
  0
VERTEX
  5
1A98
  8
CUT
 10
69.65343157909105
 20
139.040036210266
 30
0.0
 70
0
  0
VERTEX
  5
1A99
  8
CUT
 10
66.61775008778545
 20
138.49594798019604
 30
0.0
 70
0
  0
VERTEX
  5
1A9A
  8
CUT
 10
63.61352248853289
 20
137.79880333907397
 30
0.0
 70
0
  0
VERTEX
  5
1A9B
  8
CUT
 10
60.64846059049368
 20
136.95039184719505
 30
0.0
 70
0
  0
VERTEX
  5
1A9C
  8
CUT
 10
57.730175665034864
 20
135.95289136469094
 30
0.0
 70
0
  0
VERTEX
  5
1A9D
  8
CUT
 10
54.866158907705746
 20
134.80886246099396
 30
0.0
 70
0
  0
VERTEX
  5
1A9E
  8
CUT
 10
52.06376220844635
 20
133.52124184189213
 30
0.0
 70
0
  0
VERTEX
  5
1A9F
  8
CUT
 10
49.330179279391444
 20
132.0933348110475
 30
0.0
 70
0
  0
VERTEX
  5
1AA0
  8
CUT
 10
46.67242718871452
 20
130.52880678532898
 30
0.0
 70
0
  0
VERTEX
  5
1AA1
  8
CUT
 10
44.09732834791464
 20
128.8316738857401
 30
0.0
 70
0
  0
VERTEX
  5
1AA2
  8
CUT
 10
41.61149299878376
 20
127.0062926280935
 30
0.0
 70
0
  0
VERTEX
  5
1AA3
  8
CUT
 10
39.22130224501098
 20
125.05734873989783
 30
0.0
 70
0
  0
VERTEX
  5
1AA4
  8
CUT
 10
36.932891671980904
 20
122.98984513216212
 30
0.0
 70
0
  0
VERTEX
  5
1AA5
  8
CUT
 10
34.75213559681382
 20
120.80908905699503
 30
0.0
 70
0
  0
VERTEX
  5
1AA6
  8
CUT
 10
32.68463198907811
 20
118.52067848396496
 30
0.0
 70
0
  0
VERTEX
  5
1AA7
  8
CUT
 10
30.735688100882456
 20
116.1304877301922
 30
0.0
 70
0
  0
VERTEX
  5
1AA8
  8
CUT
 10
28.910306843235865
 20
113.6446523810613
 30
0.0
 70
0
  0
VERTEX
  5
1AA9
  8
CUT
 10
27.213173943646943
 20
111.06955354026142
 30
0.0
 70
0
  0
VERTEX
  5
1AAA
  8
CUT
 10
25.648645917928448
 20
108.4118014495845
 30
0.0
 70
0
  0
VERTEX
  5
1AAB
  8
CUT
 10
24.220738887083797
 20
105.6782185205296
 30
0.0
 70
0
  0
VERTEX
  5
1AAC
  8
CUT
 10
22.93311826798196
 20
102.8758218212702
 30
0.0
 70
0
  0
VERTEX
  5
1AAD
  8
CUT
 10
21.789089364284983
 20
100.01180506394107
 30
0.0
 70
0
  0
VERTEX
  5
1AAE
  8
CUT
 10
20.791588881780882
 20
97.09352013848226
 30
0.0
 70
0
  0
VERTEX
  5
1AAF
  8
CUT
 10
19.943177389901983
 20
94.12845824044307
 30
0.0
 70
0
  0
VERTEX
  5
1AB0
  8
CUT
 10
19.24603274877991
 20
91.12423064119048
 30
0.0
 70
0
  0
VERTEX
  5
1AB1
  8
CUT
 10
18.70194451870993
 20
88.0885491498849
 30
0.0
 70
0
  0
VERTEX
  5
1AB2
  8
CUT
 10
18.31230936637526
 20
85.0292063173764
 30
0.0
 70
0
  0
VERTEX
  5
1AB3
  8
CUT
 10
18.07812747962374
 20
81.95405543283856
 30
0.0
 70
0
  0
VERTEX
  5
1AB4
  8
CUT
 10
18.0
 20
78.87099036448797
 30
0.0
 70
0
  0
VERTEX
  5
1AB5
  8
CUT
 10
18.07812747962374
 20
75.78792529613736
 30
0.0
 70
0
  0
VERTEX
  5
1AB6
  8
CUT
 10
18.312309366375253
 20
72.71277441159957
 30
0.0
 70
0
  0
VERTEX
  5
1AB7
  8
CUT
 10
18.70194451870993
 20
69.65343157909105
 30
0.0
 70
0
  0
VERTEX
  5
1AB8
  8
CUT
 10
19.24603274877991
 20
66.61775008778545
 30
0.0
 70
0
  0
VERTEX
  5
1AB9
  8
CUT
 10
19.943177389901976
 20
63.61352248853288
 30
0.0
 70
0
  0
VERTEX
  5
1ABA
  8
CUT
 10
20.791588881780875
 20
60.648460590493684
 30
0.0
 70
0
  0
VERTEX
  5
1ABB
  8
CUT
 10
21.78908936428499
 20
57.73017566503485
 30
0.0
 70
0
  0
VERTEX
  5
1ABC
  8
CUT
 10
22.933118267981953
 20
54.86615890770575
 30
0.0
 70
0
  0
VERTEX
  5
1ABD
  8
CUT
 10
24.220738887083797
 20
52.06376220844635
 30
0.0
 70
0
  0
VERTEX
  5
1ABE
  8
CUT
 10
25.648645917928448
 20
49.330179279391444
 30
0.0
 70
0
  0
VERTEX
  5
1ABF
  8
CUT
 10
27.213173943646936
 20
46.67242718871452
 30
0.0
 70
0
  0
VERTEX
  5
1AC0
  8
CUT
 10
28.91030684323585
 20
44.09732834791464
 30
0.0
 70
0
  0
VERTEX
  5
1AC1
  8
CUT
 10
30.73568810088244
 20
41.611492998783746
 30
0.0
 70
0
  0
VERTEX
  5
1AC2
  8
CUT
 10
32.6846319890781
 20
39.22130224501098
 30
0.0
 70
0
  0
VERTEX
  5
1AC3
  8
CUT
 10
34.75213559681383
 20
36.93289167198089
 30
0.0
 70
0
  0
VERTEX
  5
1AC4
  8
CUT
 10
36.932891671980876
 20
34.75213559681384
 30
0.0
 70
0
  0
VERTEX
  5
1AC5
  8
CUT
 10
39.22130224501095
 20
32.684631989078134
 30
0.0
 70
0
  0
VERTEX
  5
1AC6
  8
CUT
 10
41.61149299878375
 20
30.73568810088244
 30
0.0
 70
0
  0
VERTEX
  5
1AC7
  8
CUT
 10
44.097328347914626
 20
28.910306843235865
 30
0.0
 70
0
  0
VERTEX
  5
1AC8
  8
CUT
 10
46.67242718871451
 20
27.213173943646943
 30
0.0
 70
0
  0
VERTEX
  5
1AC9
  8
CUT
 10
49.33017927939145
 20
25.64864591792844
 30
0.0
 70
0
  0
VERTEX
  5
1ACA
  8
CUT
 10
52.06376220844636
 20
24.220738887083797
 30
0.0
 70
0
  0
VERTEX
  5
1ACB
  8
CUT
 10
54.86615890770573
 20
22.93311826798196
 30
0.0
 70
0
  0
VERTEX
  5
1ACC
  8
CUT
 10
57.730175665034835
 20
21.789089364284997
 30
0.0
 70
0
  0
VERTEX
  5
1ACD
  8
CUT
 10
60.648460590493634
 20
20.79158888178089
 30
0.0
 70
0
  0
VERTEX
  5
1ACE
  8
CUT
 10
63.61352248853288
 20
19.943177389901976
 30
0.0
 70
0
  0
VERTEX
  5
1ACF
  8
CUT
 10
66.61775008778544
 20
19.24603274877991
 30
0.0
 70
0
  0
VERTEX
  5
1AD0
  8
CUT
 10
69.65343157909103
 20
18.70194451870993
 30
0.0
 70
0
  0
VERTEX
  5
1AD1
  8
CUT
 10
72.71277441159958
 20
18.312309366375253
 30
0.0
 70
0
  0
VERTEX
  5
1AD2
  8
CUT
 10
75.78792529613736
 20
18.07812747962374
 30
0.0
 70
0
  0
VERTEX
  5
1AD3
  8
CUT
 10
78.87099036448795
 20
18.0
 30
0.0
 70
0
  0
VERTEX
  5
1AD4
  8
CUT
 10
81.95405543283854
 20
18.07812747962373
 30
0.0
 70
0
  0
VERTEX
  5
1AD5
  8
CUT
 10
85.02920631737632
 20
18.312309366375246
 30
0.0
 70
0
  0
VERTEX
  5
1AD6
  8
CUT
 10
88.08854914988488
 20
18.70194451870993
 30
0.0
 70
0
  0
VERTEX
  5
1AD7
  8
CUT
 10
91.12423064119047
 20
19.24603274877991
 30
0.0
 70
0
  0
VERTEX
  5
1AD8
  8
CUT
 10
94.12845824044302
 20
19.94317738990197
 30
0.0
 70
0
  0
VERTEX
  5
1AD9
  8
CUT
 10
97.09352013848228
 20
20.791588881780882
 30
0.0
 70
0
  0
VERTEX
  5
1ADA
  8
CUT
 10
100.01180506394108
 20
21.78908936428499
 30
0.0
 70
0
  0
VERTEX
  5
1ADB
  8
CUT
 10
102.87582182127018
 20
22.933118267981953
 30
0.0
 70
0
  0
VERTEX
  5
1ADC
  8
CUT
 10
105.67821852052955
 20
24.220738887083783
 30
0.0
 70
0
  0
VERTEX
  5
1ADD
  8
CUT
 10
108.41180144958446
 20
25.648645917928434
 30
0.0
 70
0
  0
VERTEX
  5
1ADE
  8
CUT
 10
111.06955354026141
 20
27.21317394364693
 30
0.0
 70
0
  0
VERTEX
  5
1ADF
  8
CUT
 10
113.64465238106129
 20
28.91030684323585
 30
0.0
 70
0
  0
VERTEX
  5
1AE0
  8
CUT
 10
116.13048773019216
 20
30.735688100882427
 30
0.0
 70
0
  0
VERTEX
  5
1AE1
  8
CUT
 10
118.52067848396496
 20
32.68463198907811
 30
0.0
 70
0
  0
VERTEX
  5
1AE2
  8
CUT
 10
120.80908905699505
 20
34.75213559681383
 30
0.0
 70
0
  0
VERTEX
  5
1AE3
  8
CUT
 10
122.98984513216209
 20
36.93289167198087
 30
0.0
 70
0
  0
VERTEX
  5
1AE4
  8
CUT
 10
125.0573487398978
 20
39.22130224501095
 30
0.0
 70
0
  0
VERTEX
  5
1AE5
  8
CUT
 10
127.00629262809346
 20
41.6114929987837
 30
0.0
 70
0
  0
VERTEX
  5
1AE6
  8
CUT
 10
128.83167388574006
 20
44.09732834791462
 30
0.0
 70
0
  0
VERTEX
  5
1AE7
  8
CUT
 10
130.52880678532898
 20
46.67242718871451
 30
0.0
 70
0
  0
VERTEX
  5
1AE8
  8
CUT
 10
132.0933348110475
 20
49.330179279391444
 30
0.0
 70
0
  0
VERTEX
  5
1AE9
  8
CUT
 10
133.52124184189213
 20
52.063762208446356
 30
0.0
 70
0
  0
VERTEX
  5
1AEA
  8
CUT
 10
134.80886246099396
 20
54.86615890770573
 30
0.0
 70
0
  0
VERTEX
  5
1AEB
  8
CUT
 10
135.95289136469094
 20
57.730175665034835
 30
0.0
 70
0
  0
VERTEX
  5
1AEC
  8
CUT
 10
136.95039184719505
 20
60.64846059049363
 30
0.0
 70
0
  0
VERTEX
  5
1AED
  8
CUT
 10
137.79880333907394
 20
63.61352248853283
 30
0.0
 70
0
  0
VERTEX
  5
1AEE
  8
CUT
 10
138.49594798019604
 20
66.61775008778544
 30
0.0
 70
0
  0
VERTEX
  5
1AEF
  8
CUT
 10
139.040036210266
 20
69.65343157909103
 30
0.0
 70
0
  0
VERTEX
  5
1AF0
  8
CUT
 10
139.4296713626007
 20
72.71277441159953
 30
0.0
 70
0
  0
VERTEX
  5
1AF1
  8
CUT
 10
139.6638532493522
 20
75.78792529613736
 30
0.0
 70
0
  0
SEQEND
  5
1A75
  8
CUT
  0
POLYLINE
  5
1AF2
  8
CUT
 66
1
 10
0.0
 20
0.0
 30
0.0
 70
1
  0
VERTEX
  5
1AF4
  8
CUT
 10
46.69255939057245
 20
37.78301394762195
 30
0.0
 70
0
  0
VERTEX
  5
1AF5
  8
CUT
 10
46.263289785309624
 20
37.25032286368292
 30
0.0
 70
0
  0
VERTEX
  5
1AF6
  8
CUT
 10
45.95706197037016
 20
36.638557622542116
 30
0.0
 70
0
  0
VERTEX
  5
1AF7
  8
CUT
 10
45.787872476350415
 20
35.97567973029952
 30
0.0
 70
0
  0
VERTEX
  5
1AF8
  8
CUT
 10
45.76345432361659
 20
35.29198686158746
 30
0.0
 70
0
  0
VERTEX
  5
1AF9
  8
CUT
 10
45.88492357480301
 20
34.61872806593243
 30
0.0
 70
0
  0
VERTEX
  5
1AFA
  8
CUT
 10
46.14672832375418
 20
33.98667549032083
 30
0.0
 70
0
  0
VERTEX
  5
1AFB
  8
CUT
 10
46.536902452435776
 20
33.4247178992001
 30
0.0
 70
0
  0
VERTEX
  5
1AFC
  8
CUT
 10
47.03761255753309
 20
32.958540276867055
 30
0.0
 70
0
  0
VERTEX
  5
1AFD
  8
CUT
 10
47.62597304876336
 20
32.60944986269055
 30
0.0
 70
0
  0
VERTEX
  5
1AFE
  8
CUT
 10
48.27509216379987
 20
32.3934022767173
 30
0.0
 70
0
  0
VERTEX
  5
1AFF
  8
CUT
 10
48.955301090369396
 20
32.32027224782501
 30
0.0
 70
0
  0
VERTEX
  5
1B00
  8
CUT
 10
49.635510016938916
 20
32.3934022767173
 30
0.0
 70
0
  0
VERTEX
  5
1B01
  8
CUT
 10
50.28462913197543
 20
32.60944986269055
 30
0.0
 70
0
  0
VERTEX
  5
1B02
  8
CUT
 10
50.872989623205704
 20
32.958540276867055
 30
0.0
 70
0
  0
VERTEX
  5
1B03
  8
CUT
 10
51.373699728303016
 20
33.4247178992001
 30
0.0
 70
0
  0
VERTEX
  5
1B04
  8
CUT
 10
51.76387385698461
 20
33.98667549032083
 30
0.0
 70
0
  0
VERTEX
  5
1B05
  8
CUT
 10
52.02567860593578
 20
34.61872806593243
 30
0.0
 70
0
  0
VERTEX
  5
1B06
  8
CUT
 10
52.1471478571222
 20
35.29198686158746
 30
0.0
 70
0
  0
VERTEX
  5
1B07
  8
CUT
 10
52.12272970438838
 20
35.97567973029952
 30
0.0
 70
0
  0
VERTEX
  5
1B08
  8
CUT
 10
51.95354021036863
 20
36.638557622542116
 30
0.0
 70
0
  0
VERTEX
  5
1B09
  8
CUT
 10
51.64731239542917
 20
37.25032286368292
 30
0.0
 70
0
  0
VERTEX
  5
1B0A
  8
CUT
 10
51.21804279016634
 20
37.78301394762195
 30
0.0
 70
0
  0
VERTEX
  5
1B0B
  8
CUT
 10
71.16352644955461
 20
57.7284976070102
 30
0.0
 70
0
  0
VERTEX
  5
1B0C
  8
CUT
 10
71.69621753349365
 20
57.299228001747366
 30
0.0
 70
0
  0
VERTEX
  5
1B0D
  8
CUT
 10
72.30798277463444
 20
56.99300018680791
 30
0.0
 70
0
  0
VERTEX
  5
1B0E
  8
CUT
 10
72.97086066687704
 20
56.823810692788165
 30
0.0
 70
0
  0
VERTEX
  5
1B0F
  8
CUT
 10
73.6545535355891
 20
56.799392540054335
 30
0.0
 70
0
  0
VERTEX
  5
1B10
  8
CUT
 10
74.32781233124413
 20
56.92086179124076
 30
0.0
 70
0
  0
VERTEX
  5
1B11
  8
CUT
 10
74.95986490685574
 20
57.18266654019193
 30
0.0
 70
0
  0
VERTEX
  5
1B12
  8
CUT
 10
75.52182249797647
 20
57.572840668873525
 30
0.0
 70
0
  0
VERTEX
  5
1B13
  8
CUT
 10
75.98800012030952
 20
58.073550773970844
 30
0.0
 70
0
  0
VERTEX
  5
1B14
  8
CUT
 10
76.33709053448602
 20
58.66191126520112
 30
0.0
 70
0
  0
VERTEX
  5
1B15
  8
CUT
 10
76.55313812045927
 20
59.31103038023763
 30
0.0
 70
0
  0
VERTEX
  5
1B16
  8
CUT
 10
76.62626814935156
 20
59.99123930680716
 30
0.0
 70
0
  0
VERTEX
  5
1B17
  8
CUT
 10
76.55313812045927
 20
60.67144823337668
 30
0.0
 70
0
  0
VERTEX
  5
1B18
  8
CUT
 10
76.33709053448602
 20
61.32056734841319
 30
0.0
 70
0
  0
VERTEX
  5
1B19
  8
CUT
 10
75.98800012030951
 20
61.90892783964347
 30
0.0
 70
0
  0
VERTEX
  5
1B1A
  8
CUT
 10
75.52182249797647
 20
62.40963794474079
 30
0.0
 70
0
  0
VERTEX
  5
1B1B
  8
CUT
 10
74.95986490685574
 20
62.79981207342237
 30
0.0
 70
0
  0
VERTEX
  5
1B1C
  8
CUT
 10
74.32781233124413
 20
63.06161682237355
 30
0.0
 70
0
  0
VERTEX
  5
1B1D
  8
CUT
 10
73.6545535355891
 20
63.18308607355997
 30
0.0
 70
0
  0
VERTEX
  5
1B1E
  8
CUT
 10
72.97086066687704
 20
63.15866792082614
 30
0.0
 70
0
  0
VERTEX
  5
1B1F
  8
CUT
 10
72.30798277463444
 20
62.98947842680639
 30
0.0
 70
0
  0
VERTEX
  5
1B20
  8
CUT
 10
71.69621753349364
 20
62.68325061186693
 30
0.0
 70
0
  0
VERTEX
  5
1B21
  8
CUT
 10
71.16352644955461
 20
62.25398100660411
 30
0.0
 70
0
  0
VERTEX
  5
1B22
  8
CUT
 10
62.25398100660411
 20
71.16352644955461
 30
0.0
 70
0
  0
VERTEX
  5
1B23
  8
CUT
 10
62.68325061186694
 20
71.69621753349365
 30
0.0
 70
0
  0
VERTEX
  5
1B24
  8
CUT
 10
62.98947842680639
 20
72.30798277463444
 30
0.0
 70
0
  0
VERTEX
  5
1B25
  8
CUT
 10
63.15866792082614
 20
72.97086066687704
 30
0.0
 70
0
  0
VERTEX
  5
1B26
  8
CUT
 10
63.18308607355997
 20
73.6545535355891
 30
0.0
 70
0
  0
VERTEX
  5
1B27
  8
CUT
 10
63.061616822373544
 20
74.32781233124413
 30
0.0
 70
0
  0
VERTEX
  5
1B28
  8
CUT
 10
62.79981207342237
 20
74.95986490685574
 30
0.0
 70
0
  0
VERTEX
  5
1B29
  8
CUT
 10
62.40963794474078
 20
75.52182249797647
 30
0.0
 70
0
  0
VERTEX
  5
1B2A
  8
CUT
 10
61.90892783964346
 20
75.98800012030952
 30
0.0
 70
0
  0
VERTEX
  5
1B2B
  8
CUT
 10
61.320567348413185
 20
76.33709053448602
 30
0.0
 70
0
  0
VERTEX
  5
1B2C
  8
CUT
 10
60.67144823337667
 20
76.55313812045927
 30
0.0
 70
0
  0
VERTEX
  5
1B2D
  8
CUT
 10
59.991239306807145
 20
76.62626814935156
 30
0.0
 70
0
  0
VERTEX
  5
1B2E
  8
CUT
 10
59.311030380237625
 20
76.55313812045927
 30
0.0
 70
0
  0
VERTEX
  5
1B2F
  8
CUT
 10
58.66191126520111
 20
76.33709053448602
 30
0.0
 70
0
  0
VERTEX
  5
1B30
  8
CUT
 10
58.07355077397084
 20
75.98800012030951
 30
0.0
 70
0
  0
VERTEX
  5
1B31
  8
CUT
 10
57.57284066887352
 20
75.52182249797647
 30
0.0
 70
0
  0
VERTEX
  5
1B32
  8
CUT
 10
57.18266654019193
 20
74.95986490685574
 30
0.0
 70
0
  0
VERTEX
  5
1B33
  8
CUT
 10
56.92086179124075
 20
74.32781233124413
 30
0.0
 70
0
  0
VERTEX
  5
1B34
  8
CUT
 10
56.799392540054335
 20
73.6545535355891
 30
0.0
 70
0
  0
VERTEX
  5
1B35
  8
CUT
 10
56.823810692788165
 20
72.97086066687704
 30
0.0
 70
0
  0
VERTEX
  5
1B36
  8
CUT
 10
56.99300018680791
 20
72.30798277463444
 30
0.0
 70
0
  0
VERTEX
  5
1B37
  8
CUT
 10
57.29922800174737
 20
71.69621753349364
 30
0.0
 70
0
  0
VERTEX
  5
1B38
  8
CUT
 10
57.7284976070102
 20
71.16352644955461
 30
0.0
 70
0
  0
VERTEX
  5
1B39
  8
CUT
 10
37.783013947621946
 20
51.21804279016635
 30
0.0
 70
0
  0
VERTEX
  5
1B3A
  8
CUT
 10
37.25032286368291
 20
51.647312395429175
 30
0.0
 70
0
  0
VERTEX
  5
1B3B
  8
CUT
 10
36.63855762254211
 20
51.95354021036864
 30
0.0
 70
0
  0
VERTEX
  5
1B3C
  8
CUT
 10
35.97567973029951
 20
52.122729704388384
 30
0.0
 70
0
  0
VERTEX
  5
1B3D
  8
CUT
 10
35.29198686158745
 20
52.14714785712221
 30
0.0
 70
0
  0
VERTEX
  5
1B3E
  8
CUT
 10
34.61872806593242
 20
52.02567860593579
 30
0.0
 70
0
  0
VERTEX
  5
1B3F
  8
CUT
 10
33.98667549032082
 20
51.76387385698462
 30
0.0
 70
0
  0
VERTEX
  5
1B40
  8
CUT
 10
33.42471789920009
 20
51.37369972830302
 30
0.0
 70
0
  0
VERTEX
  5
1B41
  8
CUT
 10
32.95854027686705
 20
50.87298962320571
 30
0.0
 70
0
  0
VERTEX
  5
1B42
  8
CUT
 10
32.609449862690546
 20
50.284629131975436
 30
0.0
 70
0
  0
VERTEX
  5
1B43
  8
CUT
 10
32.393402276717296
 20
49.63551001693893
 30
0.0
 70
0
  0
VERTEX
  5
1B44
  8
CUT
 10
32.320272247825
 20
48.9553010903694
 30
0.0
 70
0
  0
VERTEX
  5
1B45
  8
CUT
 10
32.393402276717296
 20
48.27509216379988
 30
0.0
 70
0
  0
VERTEX
  5
1B46
  8
CUT
 10
32.609449862690546
 20
47.62597304876337
 30
0.0
 70
0
  0
VERTEX
  5
1B47
  8
CUT
 10
32.95854027686705
 20
47.037612557533095
 30
0.0
 70
0
  0
VERTEX
  5
1B48
  8
CUT
 10
33.42471789920009
 20
46.53690245243578
 30
0.0
 70
0
  0
VERTEX
  5
1B49
  8
CUT
 10
33.98667549032082
 20
46.14672832375419
 30
0.0
 70
0
  0
VERTEX
  5
1B4A
  8
CUT
 10
34.61872806593242
 20
45.88492357480302
 30
0.0
 70
0
  0
VERTEX
  5
1B4B
  8
CUT
 10
35.29198686158745
 20
45.7634543236166
 30
0.0
 70
0
  0
VERTEX
  5
1B4C
  8
CUT
 10
35.97567973029951
 20
45.78787247635042
 30
0.0
 70
0
  0
VERTEX
  5
1B4D
  8
CUT
 10
36.63855762254211
 20
45.95706197037017
 30
0.0
 70
0
  0
VERTEX
  5
1B4E
  8
CUT
 10
37.25032286368291
 20
46.26328978530963
 30
0.0
 70
0
  0
VERTEX
  5
1B4F
  8
CUT
 10
37.783013947621946
 20
46.692559390572455
 30
0.0
 70
0
  0
SEQEND
  5
1AF3
  8
CUT
  0
POLYLINE
  5
1B50
  8
CUT
 66
1
 10
0.0
 20
0.0
 30
0.0
 70
1
  0
VERTEX
  5
1B52
  8
CUT
 10
95.48799972237184
 20
86.57845427942135
 30
0.0
 70
0
  0
VERTEX
  5
1B53
  8
CUT
 10
95.05873011710901
 20
86.04576319548231
 30
0.0
 70
0
  0
VERTEX
  5
1B54
  8
CUT
 10
94.75250230216956
 20
85.4339979543415
 30
0.0
 70
0
  0
VERTEX
  5
1B55
  8
CUT
 10
94.58331280814981
 20
84.7711200620989
 30
0.0
 70
0
  0
VERTEX
  5
1B56
  8
CUT
 10
94.55889465541598
 20
84.08742719338684
 30
0.0
 70
0
  0
VERTEX
  5
1B57
  8
CUT
 10
94.68036390660241
 20
83.41416839773181
 30
0.0
 70
0
  0
VERTEX
  5
1B58
  8
CUT
 10
94.94216865555359
 20
82.78211582212022
 30
0.0
 70
0
  0
VERTEX
  5
1B59
  8
CUT
 10
95.33234278423518
 20
82.22015823099949
 30
0.0
 70
0
  0
VERTEX
  5
1B5A
  8
CUT
 10
95.83305288933249
 20
81.75398060866644
 30
0.0
 70
0
  0
VERTEX
  5
1B5B
  8
CUT
 10
96.42141338056277
 20
81.40489019448994
 30
0.0
 70
0
  0
VERTEX
  5
1B5C
  8
CUT
 10
97.07053249559928
 20
81.1888426085167
 30
0.0
 70
0
  0
VERTEX
  5
1B5D
  8
CUT
 10
97.75074142216882
 20
81.1157125796244
 30
0.0
 70
0
  0
VERTEX
  5
1B5E
  8
CUT
 10
98.43095034873834
 20
81.1888426085167
 30
0.0
 70
0
  0
VERTEX
  5
1B5F
  8
CUT
 10
99.08006946377485
 20
81.40489019448995
 30
0.0
 70
0
  0
VERTEX
  5
1B60
  8
CUT
 10
99.66842995500512
 20
81.75398060866645
 30
0.0
 70
0
  0
VERTEX
  5
1B61
  8
CUT
 10
100.16914006010244
 20
82.2201582309995
 30
0.0
 70
0
  0
VERTEX
  5
1B62
  8
CUT
 10
100.55931418878403
 20
82.78211582212023
 30
0.0
 70
0
  0
VERTEX
  5
1B63
  8
CUT
 10
100.82111893773519
 20
83.41416839773183
 30
0.0
 70
0
  0
VERTEX
  5
1B64
  8
CUT
 10
100.94258818892162
 20
84.08742719338687
 30
0.0
 70
0
  0
VERTEX
  5
1B65
  8
CUT
 10
100.91817003618779
 20
84.77112006209893
 30
0.0
 70
0
  0
VERTEX
  5
1B66
  8
CUT
 10
100.74898054216804
 20
85.43399795434152
 30
0.0
 70
0
  0
VERTEX
  5
1B67
  8
CUT
 10
100.44275272722858
 20
86.04576319548232
 30
0.0
 70
0
  0
VERTEX
  5
1B68
  8
CUT
 10
100.01348312196575
 20
86.57845427942134
 30
0.0
 70
0
  0
VERTEX
  5
1B69
  8
CUT
 10
119.95896678135401
 20
106.5239379388096
 30
0.0
 70
0
  0
VERTEX
  5
1B6A
  8
CUT
 10
120.49165786529305
 20
106.09466833354676
 30
0.0
 70
0
  0
VERTEX
  5
1B6B
  8
CUT
 10
121.10342310643384
 20
105.78844051860732
 30
0.0
 70
0
  0
VERTEX
  5
1B6C
  8
CUT
 10
121.76630099867644
 20
105.61925102458757
 30
0.0
 70
0
  0
VERTEX
  5
1B6D
  8
CUT
 10
122.4499938673885
 20
105.59483287185374
 30
0.0
 70
0
  0
VERTEX
  5
1B6E
  8
CUT
 10
123.12325266304353
 20
105.71630212304015
 30
0.0
 70
0
  0
VERTEX
  5
1B6F
  8
CUT
 10
123.75530523865514
 20
105.97810687199133
 30
0.0
 70
0
  0
VERTEX
  5
1B70
  8
CUT
 10
124.31726282977586
 20
106.36828100067292
 30
0.0
 70
0
  0
VERTEX
  5
1B71
  8
CUT
 10
124.7834404521089
 20
106.86899110577023
 30
0.0
 70
0
  0
VERTEX
  5
1B72
  8
CUT
 10
125.1325308662854
 20
107.45735159700051
 30
0.0
 70
0
  0
VERTEX
  5
1B73
  8
CUT
 10
125.34857845225866
 20
108.10647071203702
 30
0.0
 70
0
  0
VERTEX
  5
1B74
  8
CUT
 10
125.42170848115094
 20
108.78667963860654
 30
0.0
 70
0
  0
VERTEX
  5
1B75
  8
CUT
 10
125.34857845225866
 20
109.46688856517606
 30
0.0
 70
0
  0
VERTEX
  5
1B76
  8
CUT
 10
125.1325308662854
 20
110.11600768021258
 30
0.0
 70
0
  0
VERTEX
  5
1B77
  8
CUT
 10
124.7834404521089
 20
110.70436817144285
 30
0.0
 70
0
  0
VERTEX
  5
1B78
  8
CUT
 10
124.31726282977586
 20
111.20507827654016
 30
0.0
 70
0
  0
VERTEX
  5
1B79
  8
CUT
 10
123.75530523865514
 20
111.59525240522176
 30
0.0
 70
0
  0
VERTEX
  5
1B7A
  8
CUT
 10
123.12325266304353
 20
111.85705715417294
 30
0.0
 70
0
  0
VERTEX
  5
1B7B
  8
CUT
 10
122.4499938673885
 20
111.97852640535935
 30
0.0
 70
0
  0
VERTEX
  5
1B7C
  8
CUT
 10
121.76630099867644
 20
111.95410825262552
 30
0.0
 70
0
  0
VERTEX
  5
1B7D
  8
CUT
 10
121.10342310643385
 20
111.78491875860577
 30
0.0
 70
0
  0
VERTEX
  5
1B7E
  8
CUT
 10
120.49165786529305
 20
111.47869094366632
 30
0.0
 70
0
  0
VERTEX
  5
1B7F
  8
CUT
 10
119.95896678135401
 20
111.04942133840349
 30
0.0
 70
0
  0
VERTEX
  5
1B80
  8
CUT
 10
111.0494213384035
 20
119.958966781354
 30
0.0
 70
0
  0
VERTEX
  5
1B81
  8
CUT
 10
111.47869094366634
 20
120.49165786529304
 30
0.0
 70
0
  0
VERTEX
  5
1B82
  8
CUT
 10
111.78491875860578
 20
121.10342310643382
 30
0.0
 70
0
  0
VERTEX
  5
1B83
  8
CUT
 10
111.95410825262553
 20
121.76630099867643
 30
0.0
 70
0
  0
VERTEX
  5
1B84
  8
CUT
 10
111.97852640535936
 20
122.44999386738849
 30
0.0
 70
0
  0
VERTEX
  5
1B85
  8
CUT
 10
111.85705715417295
 20
123.12325266304352
 30
0.0
 70
0
  0
VERTEX
  5
1B86
  8
CUT
 10
111.59525240522177
 20
123.75530523865513
 30
0.0
 70
0
  0
VERTEX
  5
1B87
  8
CUT
 10
111.20507827654018
 20
124.31726282977584
 30
0.0
 70
0
  0
VERTEX
  5
1B88
  8
CUT
 10
110.70436817144287
 20
124.78344045210889
 30
0.0
 70
0
  0
VERTEX
  5
1B89
  8
CUT
 10
110.11600768021259
 20
125.13253086628539
 30
0.0
 70
0
  0
VERTEX
  5
1B8A
  8
CUT
 10
109.46688856517608
 20
125.34857845225865
 30
0.0
 70
0
  0
VERTEX
  5
1B8B
  8
CUT
 10
108.78667963860656
 20
125.42170848115093
 30
0.0
 70
0
  0
VERTEX
  5
1B8C
  8
CUT
 10
108.10647071203704
 20
125.34857845225865
 30
0.0
 70
0
  0
VERTEX
  5
1B8D
  8
CUT
 10
107.45735159700052
 20
125.13253086628539
 30
0.0
 70
0
  0
VERTEX
  5
1B8E
  8
CUT
 10
106.86899110577025
 20
124.78344045210889
 30
0.0
 70
0
  0
VERTEX
  5
1B8F
  8
CUT
 10
106.36828100067294
 20
124.31726282977584
 30
0.0
 70
0
  0
VERTEX
  5
1B90
  8
CUT
 10
105.97810687199134
 20
123.75530523865513
 30
0.0
 70
0
  0
VERTEX
  5
1B91
  8
CUT
 10
105.71630212304018
 20
123.12325266304352
 30
0.0
 70
0
  0
VERTEX
  5
1B92
  8
CUT
 10
105.59483287185375
 20
122.44999386738849
 30
0.0
 70
0
  0
VERTEX
  5
1B93
  8
CUT
 10
105.61925102458758
 20
121.76630099867643
 30
0.0
 70
0
  0
VERTEX
  5
1B94
  8
CUT
 10
105.78844051860733
 20
121.10342310643384
 30
0.0
 70
0
  0
VERTEX
  5
1B95
  8
CUT
 10
106.09466833354678
 20
120.49165786529304
 30
0.0
 70
0
  0
VERTEX
  5
1B96
  8
CUT
 10
106.52393793880961
 20
119.958966781354
 30
0.0
 70
0
  0
VERTEX
  5
1B97
  8
CUT
 10
86.57845427942135
 20
100.01348312196575
 30
0.0
 70
0
  0
VERTEX
  5
1B98
  8
CUT
 10
86.04576319548232
 20
100.44275272722858
 30
0.0
 70
0
  0
VERTEX
  5
1B99
  8
CUT
 10
85.43399795434152
 20
100.74898054216804
 30
0.0
 70
0
  0
VERTEX
  5
1B9A
  8
CUT
 10
84.77112006209892
 20
100.91817003618779
 30
0.0
 70
0
  0
VERTEX
  5
1B9B
  8
CUT
 10
84.08742719338686
 20
100.94258818892162
 30
0.0
 70
0
  0
VERTEX
  5
1B9C
  8
CUT
 10
83.41416839773183
 20
100.82111893773519
 30
0.0
 70
0
  0
VERTEX
  5
1B9D
  8
CUT
 10
82.78211582212022
 20
100.55931418878401
 30
0.0
 70
0
  0
VERTEX
  5
1B9E
  8
CUT
 10
82.22015823099949
 20
100.16914006010244
 30
0.0
 70
0
  0
VERTEX
  5
1B9F
  8
CUT
 10
81.75398060866645
 20
99.66842995500511
 30
0.0
 70
0
  0
VERTEX
  5
1BA0
  8
CUT
 10
81.40489019448994
 20
99.08006946377483
 30
0.0
 70
0
  0
VERTEX
  5
1BA1
  8
CUT
 10
81.1888426085167
 20
98.43095034873834
 30
0.0
 70
0
  0
VERTEX
  5
1BA2
  8
CUT
 10
81.1157125796244
 20
97.7507414221688
 30
0.0
 70
0
  0
VERTEX
  5
1BA3
  8
CUT
 10
81.1888426085167
 20
97.07053249559928
 30
0.0
 70
0
  0
VERTEX
  5
1BA4
  8
CUT
 10
81.40489019448994
 20
96.42141338056277
 30
0.0
 70
0
  0
VERTEX
  5
1BA5
  8
CUT
 10
81.75398060866645
 20
95.83305288933249
 30
0.0
 70
0
  0
VERTEX
  5
1BA6
  8
CUT
 10
82.22015823099949
 20
95.33234278423517
 30
0.0
 70
0
  0
VERTEX
  5
1BA7
  8
CUT
 10
82.78211582212022
 20
94.94216865555359
 30
0.0
 70
0
  0
VERTEX
  5
1BA8
  8
CUT
 10
83.41416839773183
 20
94.68036390660241
 30
0.0
 70
0
  0
VERTEX
  5
1BA9
  8
CUT
 10
84.08742719338686
 20
94.55889465541598
 30
0.0
 70
0
  0
VERTEX
  5
1BAA
  8
CUT
 10
84.77112006209892
 20
94.58331280814981
 30
0.0
 70
0
  0
VERTEX
  5
1BAB
  8
CUT
 10
85.43399795434152
 20
94.75250230216956
 30
0.0
 70
0
  0
VERTEX
  5
1BAC
  8
CUT
 10
86.04576319548232
 20
95.05873011710902
 30
0.0
 70
0
  0
VERTEX
  5
1BAD
  8
CUT
 10
86.57845427942135
 20
95.48799972237184
 30
0.0
 70
0
  0
SEQEND
  5
1B51
  8
CUT
  0
POLYLINE
  5
1BAE
  8
CUT
 66
1
 10
0.0
 20
0.0
 30
0.0
 70
1
  0
VERTEX
  5
1BB0
  8
CUT
 10
119.958966781354
 20
46.69255939057245
 30
0.0
 70
0
  0
VERTEX
  5
1BB1
  8
CUT
 10
120.49165786529304
 20
46.263289785309624
 30
0.0
 70
0
  0
VERTEX
  5
1BB2
  8
CUT
 10
121.10342310643382
 20
45.95706197037016
 30
0.0
 70
0
  0
VERTEX
  5
1BB3
  8
CUT
 10
121.76630099867643
 20
45.787872476350415
 30
0.0
 70
0
  0
VERTEX
  5
1BB4
  8
CUT
 10
122.44999386738849
 20
45.76345432361659
 30
0.0
 70
0
  0
VERTEX
  5
1BB5
  8
CUT
 10
123.12325266304352
 20
45.88492357480301
 30
0.0
 70
0
  0
VERTEX
  5
1BB6
  8
CUT
 10
123.75530523865513
 20
46.14672832375418
 30
0.0
 70
0
  0
VERTEX
  5
1BB7
  8
CUT
 10
124.31726282977584
 20
46.536902452435776
 30
0.0
 70
0
  0
VERTEX
  5
1BB8
  8
CUT
 10
124.78344045210889
 20
47.03761255753309
 30
0.0
 70
0
  0
VERTEX
  5
1BB9
  8
CUT
 10
125.13253086628539
 20
47.62597304876336
 30
0.0
 70
0
  0
VERTEX
  5
1BBA
  8
CUT
 10
125.34857845225865
 20
48.27509216379987
 30
0.0
 70
0
  0
VERTEX
  5
1BBB
  8
CUT
 10
125.42170848115093
 20
48.955301090369396
 30
0.0
 70
0
  0
VERTEX
  5
1BBC
  8
CUT
 10
125.34857845225865
 20
49.635510016938916
 30
0.0
 70
0
  0
VERTEX
  5
1BBD
  8
CUT
 10
125.13253086628539
 20
50.28462913197543
 30
0.0
 70
0
  0
VERTEX
  5
1BBE
  8
CUT
 10
124.78344045210889
 20
50.872989623205704
 30
0.0
 70
0
  0
VERTEX
  5
1BBF
  8
CUT
 10
124.31726282977584
 20
51.373699728303016
 30
0.0
 70
0
  0
VERTEX
  5
1BC0
  8
CUT
 10
123.75530523865513
 20
51.76387385698461
 30
0.0
 70
0
  0
VERTEX
  5
1BC1
  8
CUT
 10
123.12325266304352
 20
52.02567860593578
 30
0.0
 70
0
  0
VERTEX
  5
1BC2
  8
CUT
 10
122.44999386738849
 20
52.1471478571222
 30
0.0
 70
0
  0
VERTEX
  5
1BC3
  8
CUT
 10
121.76630099867643
 20
52.12272970438838
 30
0.0
 70
0
  0
VERTEX
  5
1BC4
  8
CUT
 10
121.10342310643384
 20
51.95354021036863
 30
0.0
 70
0
  0
VERTEX
  5
1BC5
  8
CUT
 10
120.49165786529304
 20
51.64731239542917
 30
0.0
 70
0
  0
VERTEX
  5
1BC6
  8
CUT
 10
119.958966781354
 20
51.21804279016634
 30
0.0
 70
0
  0
VERTEX
  5
1BC7
  8
CUT
 10
100.01348312196575
 20
71.16352644955461
 30
0.0
 70
0
  0
VERTEX
  5
1BC8
  8
CUT
 10
100.44275272722858
 20
71.69621753349364
 30
0.0
 70
0
  0
VERTEX
  5
1BC9
  8
CUT
 10
100.74898054216804
 20
72.30798277463444
 30
0.0
 70
0
  0
VERTEX
  5
1BCA
  8
CUT
 10
100.91817003618779
 20
72.97086066687704
 30
0.0
 70
0
  0
VERTEX
  5
1BCB
  8
CUT
 10
100.94258818892162
 20
73.6545535355891
 30
0.0
 70
0
  0
VERTEX
  5
1BCC
  8
CUT
 10
100.82111893773519
 20
74.32781233124413
 30
0.0
 70
0
  0
VERTEX
  5
1BCD
  8
CUT
 10
100.55931418878403
 20
74.95986490685574
 30
0.0
 70
0
  0
VERTEX
  5
1BCE
  8
CUT
 10
100.16914006010244
 20
75.52182249797647
 30
0.0
 70
0
  0
VERTEX
  5
1BCF
  8
CUT
 10
99.66842995500511
 20
75.98800012030951
 30
0.0
 70
0
  0
VERTEX
  5
1BD0
  8
CUT
 10
99.08006946377483
 20
76.33709053448602
 30
0.0
 70
0
  0
VERTEX
  5
1BD1
  8
CUT
 10
98.43095034873834
 20
76.55313812045927
 30
0.0
 70
0
  0
VERTEX
  5
1BD2
  8
CUT
 10
97.7507414221688
 20
76.62626814935156
 30
0.0
 70
0
  0
VERTEX
  5
1BD3
  8
CUT
 10
97.07053249559928
 20
76.55313812045927
 30
0.0
 70
0
  0
VERTEX
  5
1BD4
  8
CUT
 10
96.42141338056277
 20
76.33709053448602
 30
0.0
 70
0
  0
VERTEX
  5
1BD5
  8
CUT
 10
95.83305288933249
 20
75.98800012030951
 30
0.0
 70
0
  0
VERTEX
  5
1BD6
  8
CUT
 10
95.33234278423517
 20
75.52182249797647
 30
0.0
 70
0
  0
VERTEX
  5
1BD7
  8
CUT
 10
94.94216865555359
 20
74.95986490685574
 30
0.0
 70
0
  0
VERTEX
  5
1BD8
  8
CUT
 10
94.68036390660241
 20
74.32781233124413
 30
0.0
 70
0
  0
VERTEX
  5
1BD9
  8
CUT
 10
94.55889465541598
 20
73.6545535355891
 30
0.0
 70
0
  0
VERTEX
  5
1BDA
  8
CUT
 10
94.58331280814981
 20
72.97086066687704
 30
0.0
 70
0
  0
VERTEX
  5
1BDB
  8
CUT
 10
94.75250230216956
 20
72.30798277463444
 30
0.0
 70
0
  0
VERTEX
  5
1BDC
  8
CUT
 10
95.05873011710902
 20
71.69621753349364
 30
0.0
 70
0
  0
VERTEX
  5
1BDD
  8
CUT
 10
95.48799972237184
 20
71.16352644955461
 30
0.0
 70
0
  0
VERTEX
  5
1BDE
  8
CUT
 10
86.57845427942135
 20
62.25398100660411
 30
0.0
 70
0
  0
VERTEX
  5
1BDF
  8
CUT
 10
86.04576319548232
 20
62.68325061186694
 30
0.0
 70
0
  0
VERTEX
  5
1BE0
  8
CUT
 10
85.43399795434152
 20
62.9894784268064
 30
0.0
 70
0
  0
VERTEX
  5
1BE1
  8
CUT
 10
84.77112006209892
 20
63.15866792082615
 30
0.0
 70
0
  0
VERTEX
  5
1BE2
  8
CUT
 10
84.08742719338686
 20
63.18308607355998
 30
0.0
 70
0
  0
VERTEX
  5
1BE3
  8
CUT
 10
83.41416839773183
 20
63.06161682237355
 30
0.0
 70
0
  0
VERTEX
  5
1BE4
  8
CUT
 10
82.78211582212022
 20
62.79981207342238
 30
0.0
 70
0
  0
VERTEX
  5
1BE5
  8
CUT
 10
82.22015823099949
 20
62.40963794474079
 30
0.0
 70
0
  0
VERTEX
  5
1BE6
  8
CUT
 10
81.75398060866645
 20
61.908927839643475
 30
0.0
 70
0
  0
VERTEX
  5
1BE7
  8
CUT
 10
81.40489019448994
 20
61.3205673484132
 30
0.0
 70
0
  0
VERTEX
  5
1BE8
  8
CUT
 10
81.1888426085167
 20
60.67144823337669
 30
0.0
 70
0
  0
VERTEX
  5
1BE9
  8
CUT
 10
81.1157125796244
 20
59.99123930680716
 30
0.0
 70
0
  0
VERTEX
  5
1BEA
  8
CUT
 10
81.1888426085167
 20
59.31103038023763
 30
0.0
 70
0
  0
VERTEX
  5
1BEB
  8
CUT
 10
81.40489019448994
 20
58.66191126520112
 30
0.0
 70
0
  0
VERTEX
  5
1BEC
  8
CUT
 10
81.75398060866645
 20
58.07355077397085
 30
0.0
 70
0
  0
VERTEX
  5
1BED
  8
CUT
 10
82.22015823099949
 20
57.57284066887353
 30
0.0
 70
0
  0
VERTEX
  5
1BEE
  8
CUT
 10
82.78211582212022
 20
57.18266654019194
 30
0.0
 70
0
  0
VERTEX
  5
1BEF
  8
CUT
 10
83.41416839773183
 20
56.92086179124077
 30
0.0
 70
0
  0
VERTEX
  5
1BF0
  8
CUT
 10
84.08742719338686
 20
56.79939254005434
 30
0.0
 70
0
  0
VERTEX
  5
1BF1
  8
CUT
 10
84.77112006209892
 20
56.82381069278817
 30
0.0
 70
0
  0
VERTEX
  5
1BF2
  8
CUT
 10
85.43399795434152
 20
56.99300018680792
 30
0.0
 70
0
  0
VERTEX
  5
1BF3
  8
CUT
 10
86.04576319548232
 20
57.29922800174738
 30
0.0
 70
0
  0
VERTEX
  5
1BF4
  8
CUT
 10
86.57845427942134
 20
57.7284976070102
 30
0.0
 70
0
  0
VERTEX
  5
1BF5
  8
CUT
 10
106.5239379388096
 20
37.783013947621946
 30
0.0
 70
0
  0
VERTEX
  5
1BF6
  8
CUT
 10
106.09466833354676
 20
37.25032286368291
 30
0.0
 70
0
  0
VERTEX
  5
1BF7
  8
CUT
 10
105.78844051860732
 20
36.63855762254211
 30
0.0
 70
0
  0
VERTEX
  5
1BF8
  8
CUT
 10
105.61925102458757
 20
35.97567973029951
 30
0.0
 70
0
  0
VERTEX
  5
1BF9
  8
CUT
 10
105.59483287185374
 20
35.29198686158745
 30
0.0
 70
0
  0
VERTEX
  5
1BFA
  8
CUT
 10
105.71630212304015
 20
34.61872806593242
 30
0.0
 70
0
  0
VERTEX
  5
1BFB
  8
CUT
 10
105.97810687199133
 20
33.98667549032082
 30
0.0
 70
0
  0
VERTEX
  5
1BFC
  8
CUT
 10
106.36828100067292
 20
33.42471789920009
 30
0.0
 70
0
  0
VERTEX
  5
1BFD
  8
CUT
 10
106.86899110577023
 20
32.95854027686705
 30
0.0
 70
0
  0
VERTEX
  5
1BFE
  8
CUT
 10
107.45735159700051
 20
32.609449862690546
 30
0.0
 70
0
  0
VERTEX
  5
1BFF
  8
CUT
 10
108.10647071203702
 20
32.393402276717296
 30
0.0
 70
0
  0
VERTEX
  5
1C00
  8
CUT
 10
108.78667963860654
 20
32.320272247825
 30
0.0
 70
0
  0
VERTEX
  5
1C01
  8
CUT
 10
109.46688856517606
 20
32.393402276717296
 30
0.0
 70
0
  0
VERTEX
  5
1C02
  8
CUT
 10
110.11600768021258
 20
32.609449862690546
 30
0.0
 70
0
  0
VERTEX
  5
1C03
  8
CUT
 10
110.70436817144285
 20
32.95854027686705
 30
0.0
 70
0
  0
VERTEX
  5
1C04
  8
CUT
 10
111.20507827654016
 20
33.42471789920009
 30
0.0
 70
0
  0
VERTEX
  5
1C05
  8
CUT
 10
111.59525240522176
 20
33.98667549032082
 30
0.0
 70
0
  0
VERTEX
  5
1C06
  8
CUT
 10
111.85705715417294
 20
34.61872806593242
 30
0.0
 70
0
  0
VERTEX
  5
1C07
  8
CUT
 10
111.97852640535935
 20
35.29198686158745
 30
0.0
 70
0
  0
VERTEX
  5
1C08
  8
CUT
 10
111.95410825262552
 20
35.97567973029951
 30
0.0
 70
0
  0
VERTEX
  5
1C09
  8
CUT
 10
111.78491875860577
 20
36.63855762254211
 30
0.0
 70
0
  0
VERTEX
  5
1C0A
  8
CUT
 10
111.47869094366632
 20
37.25032286368291
 30
0.0
 70
0
  0
VERTEX
  5
1C0B
  8
CUT
 10
111.04942133840349
 20
37.783013947621946
 30
0.0
 70
0
  0
SEQEND
  5
1BAF
  8
CUT
  0
POLYLINE
  5
1C0C
  8
CUT
 66
1
 10
0.0
 20
0.0
 30
0.0
 70
1
  0
VERTEX
  5
1C0E
  8
CUT
 10
71.16352644955461
 20
95.48799972237184
 30
0.0
 70
0
  0
VERTEX
  5
1C0F
  8
CUT
 10
71.69621753349365
 20
95.05873011710901
 30
0.0
 70
0
  0
VERTEX
  5
1C10
  8
CUT
 10
72.30798277463445
 20
94.75250230216956
 30
0.0
 70
0
  0
VERTEX
  5
1C11
  8
CUT
 10
72.97086066687706
 20
94.58331280814981
 30
0.0
 70
0
  0
VERTEX
  5
1C12
  8
CUT
 10
73.65455353558912
 20
94.55889465541598
 30
0.0
 70
0
  0
VERTEX
  5
1C13
  8
CUT
 10
74.32781233124415
 20
94.68036390660241
 30
0.0
 70
0
  0
VERTEX
  5
1C14
  8
CUT
 10
74.95986490685576
 20
94.94216865555359
 30
0.0
 70
0
  0
VERTEX
  5
1C15
  8
CUT
 10
75.52182249797647
 20
95.33234278423518
 30
0.0
 70
0
  0
VERTEX
  5
1C16
  8
CUT
 10
75.98800012030952
 20
95.83305288933249
 30
0.0
 70
0
  0
VERTEX
  5
1C17
  8
CUT
 10
76.33709053448602
 20
96.42141338056277
 30
0.0
 70
0
  0
VERTEX
  5
1C18
  8
CUT
 10
76.55313812045927
 20
97.07053249559928
 30
0.0
 70
0
  0
VERTEX
  5
1C19
  8
CUT
 10
76.62626814935156
 20
97.75074142216882
 30
0.0
 70
0
  0
VERTEX
  5
1C1A
  8
CUT
 10
76.55313812045927
 20
98.43095034873834
 30
0.0
 70
0
  0
VERTEX
  5
1C1B
  8
CUT
 10
76.33709053448601
 20
99.08006946377485
 30
0.0
 70
0
  0
VERTEX
  5
1C1C
  8
CUT
 10
75.98800012030951
 20
99.66842995500512
 30
0.0
 70
0
  0
VERTEX
  5
1C1D
  8
CUT
 10
75.52182249797646
 20
100.16914006010244
 30
0.0
 70
0
  0
VERTEX
  5
1C1E
  8
CUT
 10
74.95986490685573
 20
100.55931418878403
 30
0.0
 70
0
  0
VERTEX
  5
1C1F
  8
CUT
 10
74.32781233124412
 20
100.82111893773519
 30
0.0
 70
0
  0
VERTEX
  5
1C20
  8
CUT
 10
73.65455353558909
 20
100.94258818892162
 30
0.0
 70
0
  0
VERTEX
  5
1C21
  8
CUT
 10
72.97086066687703
 20
100.91817003618779
 30
0.0
 70
0
  0
VERTEX
  5
1C22
  8
CUT
 10
72.30798277463444
 20
100.74898054216804
 30
0.0
 70
0
  0
VERTEX
  5
1C23
  8
CUT
 10
71.69621753349364
 20
100.44275272722858
 30
0.0
 70
0
  0
VERTEX
  5
1C24
  8
CUT
 10
71.16352644955461
 20
100.01348312196575
 30
0.0
 70
0
  0
VERTEX
  5
1C25
  8
CUT
 10
51.21804279016635
 20
119.95896678135401
 30
0.0
 70
0
  0
VERTEX
  5
1C26
  8
CUT
 10
51.647312395429175
 20
120.49165786529305
 30
0.0
 70
0
  0
VERTEX
  5
1C27
  8
CUT
 10
51.95354021036864
 20
121.10342310643384
 30
0.0
 70
0
  0
VERTEX
  5
1C28
  8
CUT
 10
52.122729704388384
 20
121.76630099867644
 30
0.0
 70
0
  0
VERTEX
  5
1C29
  8
CUT
 10
52.14714785712221
 20
122.4499938673885
 30
0.0
 70
0
  0
VERTEX
  5
1C2A
  8
CUT
 10
52.02567860593579
 20
123.12325266304353
 30
0.0
 70
0
  0
VERTEX
  5
1C2B
  8
CUT
 10
51.76387385698462
 20
123.75530523865514
 30
0.0
 70
0
  0
VERTEX
  5
1C2C
  8
CUT
 10
51.37369972830302
 20
124.31726282977586
 30
0.0
 70
0
  0
VERTEX
  5
1C2D
  8
CUT
 10
50.87298962320571
 20
124.7834404521089
 30
0.0
 70
0
  0
VERTEX
  5
1C2E
  8
CUT
 10
50.284629131975436
 20
125.1325308662854
 30
0.0
 70
0
  0
VERTEX
  5
1C2F
  8
CUT
 10
49.63551001693893
 20
125.34857845225866
 30
0.0
 70
0
  0
VERTEX
  5
1C30
  8
CUT
 10
48.9553010903694
 20
125.42170848115094
 30
0.0
 70
0
  0
VERTEX
  5
1C31
  8
CUT
 10
48.27509216379988
 20
125.34857845225866
 30
0.0
 70
0
  0
VERTEX
  5
1C32
  8
CUT
 10
47.62597304876337
 20
125.1325308662854
 30
0.0
 70
0
  0
VERTEX
  5
1C33
  8
CUT
 10
47.037612557533095
 20
124.7834404521089
 30
0.0
 70
0
  0
VERTEX
  5
1C34
  8
CUT
 10
46.53690245243578
 20
124.31726282977587
 30
0.0
 70
0
  0
VERTEX
  5
1C35
  8
CUT
 10
46.14672832375419
 20
123.75530523865514
 30
0.0
 70
0
  0
VERTEX
  5
1C36
  8
CUT
 10
45.88492357480302
 20
123.12325266304353
 30
0.0
 70
0
  0
VERTEX
  5
1C37
  8
CUT
 10
45.7634543236166
 20
122.4499938673885
 30
0.0
 70
0
  0
VERTEX
  5
1C38
  8
CUT
 10
45.78787247635042
 20
121.76630099867644
 30
0.0
 70
0
  0
VERTEX
  5
1C39
  8
CUT
 10
45.95706197037017
 20
121.10342310643385
 30
0.0
 70
0
  0
VERTEX
  5
1C3A
  8
CUT
 10
46.26328978530963
 20
120.49165786529305
 30
0.0
 70
0
  0
VERTEX
  5
1C3B
  8
CUT
 10
46.692559390572455
 20
119.95896678135401
 30
0.0
 70
0
  0
VERTEX
  5
1C3C
  8
CUT
 10
37.78301394762195
 20
111.0494213384035
 30
0.0
 70
0
  0
VERTEX
  5
1C3D
  8
CUT
 10
37.25032286368291
 20
111.47869094366634
 30
0.0
 70
0
  0
VERTEX
  5
1C3E
  8
CUT
 10
36.638557622542116
 20
111.78491875860578
 30
0.0
 70
0
  0
VERTEX
  5
1C3F
  8
CUT
 10
35.97567973029952
 20
111.95410825262553
 30
0.0
 70
0
  0
VERTEX
  5
1C40
  8
CUT
 10
35.29198686158746
 20
111.97852640535936
 30
0.0
 70
0
  0
VERTEX
  5
1C41
  8
CUT
 10
34.61872806593243
 20
111.85705715417295
 30
0.0
 70
0
  0
VERTEX
  5
1C42
  8
CUT
 10
33.98667549032083
 20
111.59525240522177
 30
0.0
 70
0
  0
VERTEX
  5
1C43
  8
CUT
 10
33.4247178992001
 20
111.20507827654018
 30
0.0
 70
0
  0
VERTEX
  5
1C44
  8
CUT
 10
32.958540276867055
 20
110.70436817144287
 30
0.0
 70
0
  0
VERTEX
  5
1C45
  8
CUT
 10
32.60944986269055
 20
110.11600768021259
 30
0.0
 70
0
  0
VERTEX
  5
1C46
  8
CUT
 10
32.3934022767173
 20
109.46688856517608
 30
0.0
 70
0
  0
VERTEX
  5
1C47
  8
CUT
 10
32.32027224782501
 20
108.78667963860656
 30
0.0
 70
0
  0
VERTEX
  5
1C48
  8
CUT
 10
32.3934022767173
 20
108.10647071203704
 30
0.0
 70
0
  0
VERTEX
  5
1C49
  8
CUT
 10
32.60944986269055
 20
107.45735159700052
 30
0.0
 70
0
  0
VERTEX
  5
1C4A
  8
CUT
 10
32.958540276867055
 20
106.86899110577025
 30
0.0
 70
0
  0
VERTEX
  5
1C4B
  8
CUT
 10
33.4247178992001
 20
106.36828100067294
 30
0.0
 70
0
  0
VERTEX
  5
1C4C
  8
CUT
 10
33.98667549032083
 20
105.97810687199134
 30
0.0
 70
0
  0
VERTEX
  5
1C4D
  8
CUT
 10
34.61872806593243
 20
105.71630212304017
 30
0.0
 70
0
  0
VERTEX
  5
1C4E
  8
CUT
 10
35.29198686158746
 20
105.59483287185375
 30
0.0
 70
0
  0
VERTEX
  5
1C4F
  8
CUT
 10
35.97567973029952
 20
105.61925102458758
 30
0.0
 70
0
  0
VERTEX
  5
1C50
  8
CUT
 10
36.638557622542116
 20
105.78844051860733
 30
0.0
 70
0
  0
VERTEX
  5
1C51
  8
CUT
 10
37.25032286368292
 20
106.09466833354678
 30
0.0
 70
0
  0
VERTEX
  5
1C52
  8
CUT
 10
37.78301394762195
 20
106.52393793880961
 30
0.0
 70
0
  0
VERTEX
  5
1C53
  8
CUT
 10
57.7284976070102
 20
86.57845427942135
 30
0.0
 70
0
  0
VERTEX
  5
1C54
  8
CUT
 10
57.299228001747366
 20
86.04576319548231
 30
0.0
 70
0
  0
VERTEX
  5
1C55
  8
CUT
 10
56.99300018680791
 20
85.43399795434152
 30
0.0
 70
0
  0
VERTEX
  5
1C56
  8
CUT
 10
56.823810692788165
 20
84.77112006209892
 30
0.0
 70
0
  0
VERTEX
  5
1C57
  8
CUT
 10
56.799392540054335
 20
84.08742719338686
 30
0.0
 70
0
  0
VERTEX
  5
1C58
  8
CUT
 10
56.92086179124076
 20
83.41416839773183
 30
0.0
 70
0
  0
VERTEX
  5
1C59
  8
CUT
 10
57.18266654019193
 20
82.78211582212022
 30
0.0
 70
0
  0
VERTEX
  5
1C5A
  8
CUT
 10
57.572840668873525
 20
82.22015823099949
 30
0.0
 70
0
  0
VERTEX
  5
1C5B
  8
CUT
 10
58.073550773970844
 20
81.75398060866644
 30
0.0
 70
0
  0
VERTEX
  5
1C5C
  8
CUT
 10
58.66191126520112
 20
81.40489019448994
 30
0.0
 70
0
  0
VERTEX
  5
1C5D
  8
CUT
 10
59.31103038023763
 20
81.1888426085167
 30
0.0
 70
0
  0
VERTEX
  5
1C5E
  8
CUT
 10
59.99123930680716
 20
81.1157125796244
 30
0.0
 70
0
  0
VERTEX
  5
1C5F
  8
CUT
 10
60.67144823337668
 20
81.1888426085167
 30
0.0
 70
0
  0
VERTEX
  5
1C60
  8
CUT
 10
61.32056734841319
 20
81.40489019448994
 30
0.0
 70
0
  0
VERTEX
  5
1C61
  8
CUT
 10
61.90892783964347
 20
81.75398060866645
 30
0.0
 70
0
  0
VERTEX
  5
1C62
  8
CUT
 10
62.40963794474079
 20
82.22015823099949
 30
0.0
 70
0
  0
VERTEX
  5
1C63
  8
CUT
 10
62.79981207342237
 20
82.78211582212022
 30
0.0
 70
0
  0
VERTEX
  5
1C64
  8
CUT
 10
63.06161682237355
 20
83.41416839773183
 30
0.0
 70
0
  0
VERTEX
  5
1C65
  8
CUT
 10
63.18308607355997
 20
84.08742719338686
 30
0.0
 70
0
  0
VERTEX
  5
1C66
  8
CUT
 10
63.15866792082614
 20
84.77112006209892
 30
0.0
 70
0
  0
VERTEX
  5
1C67
  8
CUT
 10
62.98947842680639
 20
85.43399795434152
 30
0.0
 70
0
  0
VERTEX
  5
1C68
  8
CUT
 10
62.68325061186693
 20
86.04576319548232
 30
0.0
 70
0
  0
VERTEX
  5
1C69
  8
CUT
 10
62.25398100660411
 20
86.57845427942135
 30
0.0
 70
0
  0
SEQEND
  5
1C0D
  8
CUT
  0
POLYLINE
  5
1C6A
  8
CUT
 66
1
 10
0.0
 20
0.0
 30
0.0
 70
1
  0
VERTEX
  5
1C6C
  8
CUT
 10
139.74198072897593
 20
1042.870990364488
 30
0.0
 70
0
  0
VERTEX
  5
1C6D
  8
CUT
 10
139.6638532493522
 20
1045.9540554328387
 30
0.0
 70
0
  0
VERTEX
  5
1C6E
  8
CUT
 10
139.4296713626007
 20
1049.0292063173765
 30
0.0
 70
0
  0
VERTEX
  5
1C6F
  8
CUT
 10
139.040036210266
 20
1052.088549149885
 30
0.0
 70
0
  0
VERTEX
  5
1C70
  8
CUT
 10
138.49594798019604
 20
1055.1242306411905
 30
0.0
 70
0
  0
VERTEX
  5
1C71
  8
CUT
 10
137.79880333907397
 20
1058.1284582404433
 30
0.0
 70
0
  0
VERTEX
  5
1C72
  8
CUT
 10
136.95039184719505
 20
1061.0935201384823
 30
0.0
 70
0
  0
VERTEX
  5
1C73
  8
CUT
 10
135.95289136469094
 20
1064.0118050639412
 30
0.0
 70
0
  0
VERTEX
  5
1C74
  8
CUT
 10
134.80886246099396
 20
1066.8758218212704
 30
0.0
 70
0
  0
VERTEX
  5
1C75
  8
CUT
 10
133.52124184189213
 20
1069.6782185205298
 30
0.0
 70
0
  0
VERTEX
  5
1C76
  8
CUT
 10
132.0933348110475
 20
1072.4118014495846
 30
0.0
 70
0
  0
VERTEX
  5
1C77
  8
CUT
 10
130.528806785329
 20
1075.0695535402615
 30
0.0
 70
0
  0
VERTEX
  5
1C78
  8
CUT
 10
128.83167388574006
 20
1077.6446523810614
 30
0.0
 70
0
  0
VERTEX
  5
1C79
  8
CUT
 10
127.00629262809349
 20
1080.1304877301923
 30
0.0
 70
0
  0
VERTEX
  5
1C7A
  8
CUT
 10
125.05734873989782
 20
1082.5206784839652
 30
0.0
 70
0
  0
VERTEX
  5
1C7B
  8
CUT
 10
122.98984513216212
 20
1084.8090890569952
 30
0.0
 70
0
  0
VERTEX
  5
1C7C
  8
CUT
 10
120.80908905699505
 20
1086.9898451321621
 30
0.0
 70
0
  0
VERTEX
  5
1C7D
  8
CUT
 10
118.52067848396496
 20
1089.0573487398979
 30
0.0
 70
0
  0
VERTEX
  5
1C7E
  8
CUT
 10
116.13048773019219
 20
1091.0062926280937
 30
0.0
 70
0
  0
VERTEX
  5
1C7F
  8
CUT
 10
113.6446523810613
 20
1092.8316738857402
 30
0.0
 70
0
  0
VERTEX
  5
1C80
  8
CUT
 10
111.06955354026141
 20
1094.5288067853292
 30
0.0
 70
0
  0
VERTEX
  5
1C81
  8
CUT
 10
108.4118014495845
 20
1096.0933348110475
 30
0.0
 70
0
  0
VERTEX
  5
1C82
  8
CUT
 10
105.67821852052958
 20
1097.5212418418923
 30
0.0
 70
0
  0
VERTEX
  5
1C83
  8
CUT
 10
102.87582182127021
 20
1098.808862460994
 30
0.0
 70
0
  0
VERTEX
  5
1C84
  8
CUT
 10
100.01180506394108
 20
1099.9528913646911
 30
0.0
 70
0
  0
VERTEX
  5
1C85
  8
CUT
 10
97.09352013848226
 20
1100.950391847195
 30
0.0
 70
0
  0
VERTEX
  5
1C86
  8
CUT
 10
94.12845824044305
 20
1101.798803339074
 30
0.0
 70
0
  0
VERTEX
  5
1C87
  8
CUT
 10
91.12423064119048
 20
1102.4959479801962
 30
0.0
 70
0
  0
VERTEX
  5
1C88
  8
CUT
 10
88.08854914988488
 20
1103.0400362102662
 30
0.0
 70
0
  0
VERTEX
  5
1C89
  8
CUT
 10
85.02920631737636
 20
1103.4296713626009
 30
0.0
 70
0
  0
VERTEX
  5
1C8A
  8
CUT
 10
81.95405543283859
 20
1103.6638532493523
 30
0.0
 70
0
  0
VERTEX
  5
1C8B
  8
CUT
 10
78.87099036448797
 20
1103.7419807289762
 30
0.0
 70
0
  0
VERTEX
  5
1C8C
  8
CUT
 10
75.78792529613736
 20
1103.6638532493523
 30
0.0
 70
0
  0
VERTEX
  5
1C8D
  8
CUT
 10
72.71277441159957
 20
1103.4296713626009
 30
0.0
 70
0
  0
VERTEX
  5
1C8E
  8
CUT
 10
69.65343157909105
 20
1103.0400362102662
 30
0.0
 70
0
  0
VERTEX
  5
1C8F
  8
CUT
 10
66.61775008778545
 20
1102.4959479801962
 30
0.0
 70
0
  0
VERTEX
  5
1C90
  8
CUT
 10
63.61352248853289
 20
1101.798803339074
 30
0.0
 70
0
  0
VERTEX
  5
1C91
  8
CUT
 10
60.64846059049368
 20
1100.950391847195
 30
0.0
 70
0
  0
VERTEX
  5
1C92
  8
CUT
 10
57.730175665034864
 20
1099.9528913646911
 30
0.0
 70
0
  0
VERTEX
  5
1C93
  8
CUT
 10
54.866158907705746
 20
1098.808862460994
 30
0.0
 70
0
  0
VERTEX
  5
1C94
  8
CUT
 10
52.06376220844635
 20
1097.5212418418923
 30
0.0
 70
0
  0
VERTEX
  5
1C95
  8
CUT
 10
49.330179279391444
 20
1096.0933348110475
 30
0.0
 70
0
  0
VERTEX
  5
1C96
  8
CUT
 10
46.67242718871452
 20
1094.5288067853292
 30
0.0
 70
0
  0
VERTEX
  5
1C97
  8
CUT
 10
44.09732834791464
 20
1092.8316738857402
 30
0.0
 70
0
  0
VERTEX
  5
1C98
  8
CUT
 10
41.61149299878376
 20
1091.0062926280937
 30
0.0
 70
0
  0
VERTEX
  5
1C99
  8
CUT
 10
39.22130224501098
 20
1089.0573487398979
 30
0.0
 70
0
  0
VERTEX
  5
1C9A
  8
CUT
 10
36.932891671980904
 20
1086.9898451321621
 30
0.0
 70
0
  0
VERTEX
  5
1C9B
  8
CUT
 10
34.75213559681382
 20
1084.8090890569952
 30
0.0
 70
0
  0
VERTEX
  5
1C9C
  8
CUT
 10
32.68463198907811
 20
1082.5206784839652
 30
0.0
 70
0
  0
VERTEX
  5
1C9D
  8
CUT
 10
30.735688100882456
 20
1080.1304877301923
 30
0.0
 70
0
  0
VERTEX
  5
1C9E
  8
CUT
 10
28.910306843235865
 20
1077.6446523810614
 30
0.0
 70
0
  0
VERTEX
  5
1C9F
  8
CUT
 10
27.213173943646943
 20
1075.0695535402615
 30
0.0
 70
0
  0
VERTEX
  5
1CA0
  8
CUT
 10
25.648645917928448
 20
1072.4118014495846
 30
0.0
 70
0
  0
VERTEX
  5
1CA1
  8
CUT
 10
24.220738887083797
 20
1069.6782185205298
 30
0.0
 70
0
  0
VERTEX
  5
1CA2
  8
CUT
 10
22.93311826798196
 20
1066.8758218212704
 30
0.0
 70
0
  0
VERTEX
  5
1CA3
  8
CUT
 10
21.789089364284983
 20
1064.0118050639412
 30
0.0
 70
0
  0
VERTEX
  5
1CA4
  8
CUT
 10
20.791588881780882
 20
1061.0935201384823
 30
0.0
 70
0
  0
VERTEX
  5
1CA5
  8
CUT
 10
19.943177389901983
 20
1058.1284582404433
 30
0.0
 70
0
  0
VERTEX
  5
1CA6
  8
CUT
 10
19.24603274877991
 20
1055.1242306411907
 30
0.0
 70
0
  0
VERTEX
  5
1CA7
  8
CUT
 10
18.70194451870993
 20
1052.088549149885
 30
0.0
 70
0
  0
VERTEX
  5
1CA8
  8
CUT
 10
18.31230936637526
 20
1049.0292063173765
 30
0.0
 70
0
  0
VERTEX
  5
1CA9
  8
CUT
 10
18.07812747962374
 20
1045.9540554328387
 30
0.0
 70
0
  0
VERTEX
  5
1CAA
  8
CUT
 10
18.0
 20
1042.870990364488
 30
0.0
 70
0
  0
VERTEX
  5
1CAB
  8
CUT
 10
18.07812747962374
 20
1039.7879252961375
 30
0.0
 70
0
  0
VERTEX
  5
1CAC
  8
CUT
 10
18.312309366375253
 20
1036.7127744115996
 30
0.0
 70
0
  0
VERTEX
  5
1CAD
  8
CUT
 10
18.70194451870993
 20
1033.6534315790911
 30
0.0
 70
0
  0
VERTEX
  5
1CAE
  8
CUT
 10
19.24603274877991
 20
1030.6177500877857
 30
0.0
 70
0
  0
VERTEX
  5
1CAF
  8
CUT
 10
19.943177389901976
 20
1027.613522488533
 30
0.0
 70
0
  0
VERTEX
  5
1CB0
  8
CUT
 10
20.791588881780875
 20
1024.6484605904939
 30
0.0
 70
0
  0
VERTEX
  5
1CB1
  8
CUT
 10
21.78908936428499
 20
1021.730175665035
 30
0.0
 70
0
  0
VERTEX
  5
1CB2
  8
CUT
 10
22.933118267981953
 20
1018.8661589077059
 30
0.0
 70
0
  0
VERTEX
  5
1CB3
  8
CUT
 10
24.220738887083797
 20
1016.0637622084465
 30
0.0
 70
0
  0
VERTEX
  5
1CB4
  8
CUT
 10
25.648645917928448
 20
1013.3301792793916
 30
0.0
 70
0
  0
VERTEX
  5
1CB5
  8
CUT
 10
27.213173943646936
 20
1010.6724271887147
 30
0.0
 70
0
  0
VERTEX
  5
1CB6
  8
CUT
 10
28.91030684323585
 20
1008.0973283479148
 30
0.0
 70
0
  0
VERTEX
  5
1CB7
  8
CUT
 10
30.73568810088244
 20
1005.6114929987839
 30
0.0
 70
0
  0
VERTEX
  5
1CB8
  8
CUT
 10
32.6846319890781
 20
1003.2213022450111
 30
0.0
 70
0
  0
VERTEX
  5
1CB9
  8
CUT
 10
34.75213559681383
 20
1000.932891671981
 30
0.0
 70
0
  0
VERTEX
  5
1CBA
  8
CUT
 10
36.932891671980876
 20
998.7521355968139
 30
0.0
 70
0
  0
VERTEX
  5
1CBB
  8
CUT
 10
39.22130224501095
 20
996.6846319890783
 30
0.0
 70
0
  0
VERTEX
  5
1CBC
  8
CUT
 10
41.61149299878375
 20
994.7356881008825
 30
0.0
 70
0
  0
VERTEX
  5
1CBD
  8
CUT
 10
44.097328347914626
 20
992.910306843236
 30
0.0
 70
0
  0
VERTEX
  5
1CBE
  8
CUT
 10
46.67242718871451
 20
991.213173943647
 30
0.0
 70
0
  0
VERTEX
  5
1CBF
  8
CUT
 10
49.33017927939145
 20
989.6486459179285
 30
0.0
 70
0
  0
VERTEX
  5
1CC0
  8
CUT
 10
52.06376220844636
 20
988.2207388870839
 30
0.0
 70
0
  0
VERTEX
  5
1CC1
  8
CUT
 10
54.86615890770573
 20
986.9331182679821
 30
0.0
 70
0
  0
VERTEX
  5
1CC2
  8
CUT
 10
57.730175665034835
 20
985.7890893642851
 30
0.0
 70
0
  0
VERTEX
  5
1CC3
  8
CUT
 10
60.648460590493634
 20
984.791588881781
 30
0.0
 70
0
  0
VERTEX
  5
1CC4
  8
CUT
 10
63.61352248853288
 20
983.9431773899021
 30
0.0
 70
0
  0
VERTEX
  5
1CC5
  8
CUT
 10
66.61775008778544
 20
983.2460327487801
 30
0.0
 70
0
  0
VERTEX
  5
1CC6
  8
CUT
 10
69.65343157909103
 20
982.7019445187101
 30
0.0
 70
0
  0
VERTEX
  5
1CC7
  8
CUT
 10
72.71277441159958
 20
982.3123093663754
 30
0.0
 70
0
  0
VERTEX
  5
1CC8
  8
CUT
 10
75.78792529613736
 20
982.0781274796238
 30
0.0
 70
0
  0
VERTEX
  5
1CC9
  8
CUT
 10
78.87099036448795
 20
982.0000000000001
 30
0.0
 70
0
  0
VERTEX
  5
1CCA
  8
CUT
 10
81.95405543283854
 20
982.0781274796238
 30
0.0
 70
0
  0
VERTEX
  5
1CCB
  8
CUT
 10
85.02920631737632
 20
982.3123093663753
 30
0.0
 70
0
  0
VERTEX
  5
1CCC
  8
CUT
 10
88.08854914988488
 20
982.7019445187101
 30
0.0
 70
0
  0
VERTEX
  5
1CCD
  8
CUT
 10
91.12423064119047
 20
983.2460327487801
 30
0.0
 70
0
  0
VERTEX
  5
1CCE
  8
CUT
 10
94.12845824044302
 20
983.9431773899021
 30
0.0
 70
0
  0
VERTEX
  5
1CCF
  8
CUT
 10
97.09352013848228
 20
984.791588881781
 30
0.0
 70
0
  0
VERTEX
  5
1CD0
  8
CUT
 10
100.01180506394108
 20
985.7890893642851
 30
0.0
 70
0
  0
VERTEX
  5
1CD1
  8
CUT
 10
102.87582182127018
 20
986.9331182679821
 30
0.0
 70
0
  0
VERTEX
  5
1CD2
  8
CUT
 10
105.67821852052955
 20
988.2207388870839
 30
0.0
 70
0
  0
VERTEX
  5
1CD3
  8
CUT
 10
108.41180144958446
 20
989.6486459179285
 30
0.0
 70
0
  0
VERTEX
  5
1CD4
  8
CUT
 10
111.06955354026141
 20
991.213173943647
 30
0.0
 70
0
  0
VERTEX
  5
1CD5
  8
CUT
 10
113.64465238106129
 20
992.910306843236
 30
0.0
 70
0
  0
VERTEX
  5
1CD6
  8
CUT
 10
116.13048773019216
 20
994.7356881008825
 30
0.0
 70
0
  0
VERTEX
  5
1CD7
  8
CUT
 10
118.52067848396496
 20
996.6846319890782
 30
0.0
 70
0
  0
VERTEX
  5
1CD8
  8
CUT
 10
120.80908905699505
 20
998.7521355968139
 30
0.0
 70
0
  0
VERTEX
  5
1CD9
  8
CUT
 10
122.98984513216209
 20
1000.932891671981
 30
0.0
 70
0
  0
VERTEX
  5
1CDA
  8
CUT
 10
125.0573487398978
 20
1003.2213022450111
 30
0.0
 70
0
  0
VERTEX
  5
1CDB
  8
CUT
 10
127.00629262809346
 20
1005.6114929987838
 30
0.0
 70
0
  0
VERTEX
  5
1CDC
  8
CUT
 10
128.83167388574006
 20
1008.0973283479148
 30
0.0
 70
0
  0
VERTEX
  5
1CDD
  8
CUT
 10
130.52880678532898
 20
1010.6724271887147
 30
0.0
 70
0
  0
VERTEX
  5
1CDE
  8
CUT
 10
132.0933348110475
 20
1013.3301792793916
 30
0.0
 70
0
  0
VERTEX
  5
1CDF
  8
CUT
 10
133.52124184189213
 20
1016.0637622084465
 30
0.0
 70
0
  0
VERTEX
  5
1CE0
  8
CUT
 10
134.80886246099396
 20
1018.8661589077059
 30
0.0
 70
0
  0
VERTEX
  5
1CE1
  8
CUT
 10
135.95289136469094
 20
1021.730175665035
 30
0.0
 70
0
  0
VERTEX
  5
1CE2
  8
CUT
 10
136.95039184719505
 20
1024.6484605904936
 30
0.0
 70
0
  0
VERTEX
  5
1CE3
  8
CUT
 10
137.79880333907394
 20
1027.613522488533
 30
0.0
 70
0
  0
VERTEX
  5
1CE4
  8
CUT
 10
138.49594798019604
 20
1030.6177500877855
 30
0.0
 70
0
  0
VERTEX
  5
1CE5
  8
CUT
 10
139.040036210266
 20
1033.6534315790911
 30
0.0
 70
0
  0
VERTEX
  5
1CE6
  8
CUT
 10
139.4296713626007
 20
1036.7127744115996
 30
0.0
 70
0
  0
VERTEX
  5
1CE7
  8
CUT
 10
139.6638532493522
 20
1039.7879252961375
 30
0.0
 70
0
  0
SEQEND
  5
1C6B
  8
CUT
  0
POLYLINE
  5
1CE8
  8
CUT
 66
1
 10
0.0
 20
0.0
 30
0.0
 70
1
  0
VERTEX
  5
1CEA
  8
CUT
 10
46.69255939057245
 20
1001.783013947622
 30
0.0
 70
0
  0
VERTEX
  5
1CEB
  8
CUT
 10
46.263289785309624
 20
1001.2503228636829
 30
0.0
 70
0
  0
VERTEX
  5
1CEC
  8
CUT
 10
45.95706197037016
 20
1000.6385576225421
 30
0.0
 70
0
  0
VERTEX
  5
1CED
  8
CUT
 10
45.787872476350415
 20
999.9756797302995
 30
0.0
 70
0
  0
VERTEX
  5
1CEE
  8
CUT
 10
45.76345432361659
 20
999.2919868615875
 30
0.0
 70
0
  0
VERTEX
  5
1CEF
  8
CUT
 10
45.88492357480301
 20
998.6187280659325
 30
0.0
 70
0
  0
VERTEX
  5
1CF0
  8
CUT
 10
46.14672832375418
 20
997.9866754903209
 30
0.0
 70
0
  0
VERTEX
  5
1CF1
  8
CUT
 10
46.536902452435776
 20
997.4247178992001
 30
0.0
 70
0
  0
VERTEX
  5
1CF2
  8
CUT
 10
47.03761255753309
 20
996.9585402768671
 30
0.0
 70
0
  0
VERTEX
  5
1CF3
  8
CUT
 10
47.62597304876336
 20
996.6094498626906
 30
0.0
 70
0
  0
VERTEX
  5
1CF4
  8
CUT
 10
48.27509216379987
 20
996.3934022767173
 30
0.0
 70
0
  0
VERTEX
  5
1CF5
  8
CUT
 10
48.955301090369396
 20
996.320272247825
 30
0.0
 70
0
  0
VERTEX
  5
1CF6
  8
CUT
 10
49.635510016938916
 20
996.3934022767173
 30
0.0
 70
0
  0
VERTEX
  5
1CF7
  8
CUT
 10
50.28462913197543
 20
996.6094498626906
 30
0.0
 70
0
  0
VERTEX
  5
1CF8
  8
CUT
 10
50.872989623205704
 20
996.9585402768671
 30
0.0
 70
0
  0
VERTEX
  5
1CF9
  8
CUT
 10
51.373699728303016
 20
997.4247178992001
 30
0.0
 70
0
  0
VERTEX
  5
1CFA
  8
CUT
 10
51.76387385698461
 20
997.9866754903209
 30
0.0
 70
0
  0
VERTEX
  5
1CFB
  8
CUT
 10
52.02567860593578
 20
998.6187280659325
 30
0.0
 70
0
  0
VERTEX
  5
1CFC
  8
CUT
 10
52.1471478571222
 20
999.2919868615875
 30
0.0
 70
0
  0
VERTEX
  5
1CFD
  8
CUT
 10
52.12272970438838
 20
999.9756797302995
 30
0.0
 70
0
  0
VERTEX
  5
1CFE
  8
CUT
 10
51.95354021036863
 20
1000.6385576225421
 30
0.0
 70
0
  0
VERTEX
  5
1CFF
  8
CUT
 10
51.64731239542917
 20
1001.2503228636829
 30
0.0
 70
0
  0
VERTEX
  5
1D00
  8
CUT
 10
51.21804279016634
 20
1001.783013947622
 30
0.0
 70
0
  0
VERTEX
  5
1D01
  8
CUT
 10
71.16352644955461
 20
1021.7284976070102
 30
0.0
 70
0
  0
VERTEX
  5
1D02
  8
CUT
 10
71.69621753349365
 20
1021.2992280017475
 30
0.0
 70
0
  0
VERTEX
  5
1D03
  8
CUT
 10
72.30798277463444
 20
1020.993000186808
 30
0.0
 70
0
  0
VERTEX
  5
1D04
  8
CUT
 10
72.97086066687704
 20
1020.8238106927882
 30
0.0
 70
0
  0
VERTEX
  5
1D05
  8
CUT
 10
73.6545535355891
 20
1020.7993925400543
 30
0.0
 70
0
  0
VERTEX
  5
1D06
  8
CUT
 10
74.32781233124413
 20
1020.9208617912408
 30
0.0
 70
0
  0
VERTEX
  5
1D07
  8
CUT
 10
74.95986490685574
 20
1021.182666540192
 30
0.0
 70
0
  0
VERTEX
  5
1D08
  8
CUT
 10
75.52182249797646
 20
1021.5728406688736
 30
0.0
 70
0
  0
VERTEX
  5
1D09
  8
CUT
 10
75.98800012030951
 20
1022.0735507739709
 30
0.0
 70
0
  0
VERTEX
  5
1D0A
  8
CUT
 10
76.33709053448601
 20
1022.6619112652012
 30
0.0
 70
0
  0
VERTEX
  5
1D0B
  8
CUT
 10
76.55313812045927
 20
1023.3110303802376
 30
0.0
 70
0
  0
VERTEX
  5
1D0C
  8
CUT
 10
76.62626814935155
 20
1023.9912393068072
 30
0.0
 70
0
  0
VERTEX
  5
1D0D
  8
CUT
 10
76.55313812045927
 20
1024.6714482333766
 30
0.0
 70
0
  0
VERTEX
  5
1D0E
  8
CUT
 10
76.33709053448601
 20
1025.3205673484133
 30
0.0
 70
0
  0
VERTEX
  5
1D0F
  8
CUT
 10
75.98800012030951
 20
1025.9089278396434
 30
0.0
 70
0
  0
VERTEX
  5
1D10
  8
CUT
 10
75.52182249797646
 20
1026.4096379447408
 30
0.0
 70
0
  0
VERTEX
  5
1D11
  8
CUT
 10
74.95986490685574
 20
1026.7998120734223
 30
0.0
 70
0
  0
VERTEX
  5
1D12
  8
CUT
 10
74.32781233124413
 20
1027.0616168223735
 30
0.0
 70
0
  0
VERTEX
  5
1D13
  8
CUT
 10
73.6545535355891
 20
1027.18308607356
 30
0.0
 70
0
  0
VERTEX
  5
1D14
  8
CUT
 10
72.97086066687704
 20
1027.1586679208262
 30
0.0
 70
0
  0
VERTEX
  5
1D15
  8
CUT
 10
72.30798277463445
 20
1026.9894784268065
 30
0.0
 70
0
  0
VERTEX
  5
1D16
  8
CUT
 10
71.69621753349365
 20
1026.683250611867
 30
0.0
 70
0
  0
VERTEX
  5
1D17
  8
CUT
 10
71.16352644955461
 20
1026.2539810066041
 30
0.0
 70
0
  0
VERTEX
  5
1D18
  8
CUT
 10
62.25398100660411
 20
1035.1635264495546
 30
0.0
 70
0
  0
VERTEX
  5
1D19
  8
CUT
 10
62.683250611866896
 20
1035.6962175334936
 30
0.0
 70
0
  0
VERTEX
  5
1D1A
  8
CUT
 10
62.989478426806365
 20
1036.3079827746344
 30
0.0
 70
0
  0
VERTEX
  5
1D1B
  8
CUT
 10
63.15866792082613
 20
1036.9708606668771
 30
0.0
 70
0
  0
VERTEX
  5
1D1C
  8
CUT
 10
63.18308607355997
 20
1037.6545535355892
 30
0.0
 70
0
  0
VERTEX
  5
1D1D
  8
CUT
 10
63.061616822373566
 20
1038.327812331244
 30
0.0
 70
0
  0
VERTEX
  5
1D1E
  8
CUT
 10
62.79981207342241
 20
1038.9598649068557
 30
0.0
 70
0
  0
VERTEX
  5
1D1F
  8
CUT
 10
62.40963794474083
 20
1039.5218224979765
 30
0.0
 70
0
  0
VERTEX
  5
1D20
  8
CUT
 10
61.908927839643525
 20
1039.9880001203096
 30
0.0
 70
0
  0
VERTEX
  5
1D21
  8
CUT
 10
61.320567348413256
 20
1040.3370905344862
 30
0.0
 70
0
  0
VERTEX
  5
1D22
  8
CUT
 10
60.67144823337675
 20
1040.5531381204594
 30
0.0
 70
0
  0
VERTEX
  5
1D23
  8
CUT
 10
59.99123930680723
 20
1040.6262681493517
 30
0.0
 70
0
  0
VERTEX
  5
1D24
  8
CUT
 10
59.3110303802377
 20
1040.5531381204594
 30
0.0
 70
0
  0
VERTEX
  5
1D25
  8
CUT
 10
58.661911265201184
 20
1040.3370905344862
 30
0.0
 70
0
  0
VERTEX
  5
1D26
  8
CUT
 10
58.0735507739709
 20
1039.9880001203096
 30
0.0
 70
0
  0
VERTEX
  5
1D27
  8
CUT
 10
57.572840668873575
 20
1039.5218224979767
 30
0.0
 70
0
  0
VERTEX
  5
1D28
  8
CUT
 10
57.18266654019197
 20
1038.959864906856
 30
0.0
 70
0
  0
VERTEX
  5
1D29
  8
CUT
 10
56.92086179124078
 20
1038.3278123312443
 30
0.0
 70
0
  0
VERTEX
  5
1D2A
  8
CUT
 10
56.79939254005434
 20
1037.6545535355892
 30
0.0
 70
0
  0
VERTEX
  5
1D2B
  8
CUT
 10
56.82381069278815
 20
1036.9708606668773
 30
0.0
 70
0
  0
VERTEX
  5
1D2C
  8
CUT
 10
56.99300018680788
 20
1036.3079827746346
 30
0.0
 70
0
  0
VERTEX
  5
1D2D
  8
CUT
 10
57.29922800174733
 20
1035.6962175334938
 30
0.0
 70
0
  0
VERTEX
  5
1D2E
  8
CUT
 10
57.7284976070102
 20
1035.1635264495546
 30
0.0
 70
0
  0
VERTEX
  5
1D2F
  8
CUT
 10
37.783013947621946
 20
1015.2180427901664
 30
0.0
 70
0
  0
VERTEX
  5
1D30
  8
CUT
 10
37.25032286368291
 20
1015.6473123954291
 30
0.0
 70
0
  0
VERTEX
  5
1D31
  8
CUT
 10
36.63855762254211
 20
1015.9535402103686
 30
0.0
 70
0
  0
VERTEX
  5
1D32
  8
CUT
 10
35.97567973029951
 20
1016.1227297043883
 30
0.0
 70
0
  0
VERTEX
  5
1D33
  8
CUT
 10
35.29198686158745
 20
1016.1471478571223
 30
0.0
 70
0
  0
VERTEX
  5
1D34
  8
CUT
 10
34.61872806593242
 20
1016.0256786059358
 30
0.0
 70
0
  0
VERTEX
  5
1D35
  8
CUT
 10
33.98667549032082
 20
1015.7638738569846
 30
0.0
 70
0
  0
VERTEX
  5
1D36
  8
CUT
 10
33.42471789920009
 20
1015.373699728303
 30
0.0
 70
0
  0
VERTEX
  5
1D37
  8
CUT
 10
32.95854027686705
 20
1014.8729896232057
 30
0.0
 70
0
  0
VERTEX
  5
1D38
  8
CUT
 10
32.609449862690546
 20
1014.2846291319754
 30
0.0
 70
0
  0
VERTEX
  5
1D39
  8
CUT
 10
32.393402276717296
 20
1013.635510016939
 30
0.0
 70
0
  0
VERTEX
  5
1D3A
  8
CUT
 10
32.320272247825
 20
1012.9553010903694
 30
0.0
 70
0
  0
VERTEX
  5
1D3B
  8
CUT
 10
32.393402276717296
 20
1012.2750921637999
 30
0.0
 70
0
  0
VERTEX
  5
1D3C
  8
CUT
 10
32.609449862690546
 20
1011.6259730487634
 30
0.0
 70
0
  0
VERTEX
  5
1D3D
  8
CUT
 10
32.95854027686705
 20
1011.0376125575331
 30
0.0
 70
0
  0
VERTEX
  5
1D3E
  8
CUT
 10
33.42471789920009
 20
1010.5369024524358
 30
0.0
 70
0
  0
VERTEX
  5
1D3F
  8
CUT
 10
33.98667549032082
 20
1010.1467283237542
 30
0.0
 70
0
  0
VERTEX
  5
1D40
  8
CUT
 10
34.61872806593242
 20
1009.884923574803
 30
0.0
 70
0
  0
VERTEX
  5
1D41
  8
CUT
 10
35.29198686158745
 20
1009.7634543236165
 30
0.0
 70
0
  0
VERTEX
  5
1D42
  8
CUT
 10
35.97567973029951
 20
1009.7878724763505
 30
0.0
 70
0
  0
VERTEX
  5
1D43
  8
CUT
 10
36.63855762254211
 20
1009.9570619703702
 30
0.0
 70
0
  0
VERTEX
  5
1D44
  8
CUT
 10
37.25032286368291
 20
1010.2632897853097
 30
0.0
 70
0
  0
VERTEX
  5
1D45
  8
CUT
 10
37.783013947621946
 20
1010.6925593905725
 30
0.0
 70
0
  0
SEQEND
  5
1CE9
  8
CUT
  0
POLYLINE
  5
1D46
  8
CUT
 66
1
 10
0.0
 20
0.0
 30
0.0
 70
1
  0
VERTEX
  5
1D48
  8
CUT
 10
95.48799972237184
 20
1050.5784542794213
 30
0.0
 70
0
  0
VERTEX
  5
1D49
  8
CUT
 10
95.05873011710905
 20
1050.045763195482
 30
0.0
 70
0
  0
VERTEX
  5
1D4A
  8
CUT
 10
94.75250230216959
 20
1049.4339979543415
 30
0.0
 70
0
  0
VERTEX
  5
1D4B
  8
CUT
 10
94.58331280814983
 20
1048.7711200620988
 30
0.0
 70
0
  0
VERTEX
  5
1D4C
  8
CUT
 10
94.55889465541598
 20
1048.0874271933867
 30
0.0
 70
0
  0
VERTEX
  5
1D4D
  8
CUT
 10
94.68036390660238
 20
1047.4141683977318
 30
0.0
 70
0
  0
VERTEX
  5
1D4E
  8
CUT
 10
94.94216865555354
 20
1046.7821158221202
 30
0.0
 70
0
  0
VERTEX
  5
1D4F
  8
CUT
 10
95.33234278423512
 20
1046.2201582309995
 30
0.0
 70
0
  0
VERTEX
  5
1D50
  8
CUT
 10
95.83305288933244
 20
1045.7539806086663
 30
0.0
 70
0
  0
VERTEX
  5
1D51
  8
CUT
 10
96.4214133805627
 20
1045.4048901944898
 30
0.0
 70
0
  0
VERTEX
  5
1D52
  8
CUT
 10
97.07053249559921
 20
1045.1888426085166
 30
0.0
 70
0
  0
VERTEX
  5
1D53
  8
CUT
 10
97.75074142216873
 20
1045.1157125796242
 30
0.0
 70
0
  0
VERTEX
  5
1D54
  8
CUT
 10
98.43095034873826
 20
1045.1888426085166
 30
0.0
 70
0
  0
VERTEX
  5
1D55
  8
CUT
 10
99.08006946377478
 20
1045.4048901944898
 30
0.0
 70
0
  0
VERTEX
  5
1D56
  8
CUT
 10
99.66842995500505
 20
1045.7539806086663
 30
0.0
 70
0
  0
VERTEX
  5
1D57
  8
CUT
 10
100.16914006010238
 20
1046.2201582309992
 30
0.0
 70
0
  0
VERTEX
  5
1D58
  8
CUT
 10
100.55931418878399
 20
1046.78211582212
 30
0.0
 70
0
  0
VERTEX
  5
1D59
  8
CUT
 10
100.82111893773518
 20
1047.4141683977316
 30
0.0
 70
0
  0
VERTEX
  5
1D5A
  8
CUT
 10
100.9425881889216
 20
1048.0874271933867
 30
0.0
 70
0
  0
VERTEX
  5
1D5B
  8
CUT
 10
100.9181700361878
 20
1048.7711200620986
 30
0.0
 70
0
  0
VERTEX
  5
1D5C
  8
CUT
 10
100.74898054216807
 20
1049.4339979543413
 30
0.0
 70
0
  0
VERTEX
  5
1D5D
  8
CUT
 10
100.44275272722862
 20
1050.045763195482
 30
0.0
 70
0
  0
VERTEX
  5
1D5E
  8
CUT
 10
100.01348312196575
 20
1050.5784542794213
 30
0.0
 70
0
  0
VERTEX
  5
1D5F
  8
CUT
 10
119.95896678135401
 20
1070.5239379388097
 30
0.0
 70
0
  0
VERTEX
  5
1D60
  8
CUT
 10
120.49165786529298
 20
1070.094668333547
 30
0.0
 70
0
  0
VERTEX
  5
1D61
  8
CUT
 10
121.10342310643377
 20
1069.7884405186073
 30
0.0
 70
0
  0
VERTEX
  5
1D62
  8
CUT
 10
121.76630099867636
 20
1069.6192510245876
 30
0.0
 70
0
  0
VERTEX
  5
1D63
  8
CUT
 10
122.44999386738841
 20
1069.5948328718537
 30
0.0
 70
0
  0
VERTEX
  5
1D64
  8
CUT
 10
123.12325266304344
 20
1069.7163021230401
 30
0.0
 70
0
  0
VERTEX
  5
1D65
  8
CUT
 10
123.75530523865507
 20
1069.9781068719913
 30
0.0
 70
0
  0
VERTEX
  5
1D66
  8
CUT
 10
124.3172628297758
 20
1070.3682810006728
 30
0.0
 70
0
  0
VERTEX
  5
1D67
  8
CUT
 10
124.78344045210885
 20
1070.8689911057702
 30
0.0
 70
0
  0
VERTEX
  5
1D68
  8
CUT
 10
125.13253086628538
 20
1071.4573515970005
 30
0.0
 70
0
  0
VERTEX
  5
1D69
  8
CUT
 10
125.34857845225864
 20
1072.106470712037
 30
0.0
 70
0
  0
VERTEX
  5
1D6A
  8
CUT
 10
125.42170848115094
 20
1072.7866796386065
 30
0.0
 70
0
  0
VERTEX
  5
1D6B
  8
CUT
 10
125.34857845225868
 20
1073.466888565176
 30
0.0
 70
0
  0
VERTEX
  5
1D6C
  8
CUT
 10
125.13253086628544
 20
1074.1160076802125
 30
0.0
 70
0
  0
VERTEX
  5
1D6D
  8
CUT
 10
124.78344045210895
 20
1074.7043681714429
 30
0.0
 70
0
  0
VERTEX
  5
1D6E
  8
CUT
 10
124.31726282977593
 20
1075.20507827654
 30
0.0
 70
0
  0
VERTEX
  5
1D6F
  8
CUT
 10
123.75530523865521
 20
1075.5952524052218
 30
0.0
 70
0
  0
VERTEX
  5
1D70
  8
CUT
 10
123.1232526630436
 20
1075.857057154173
 30
0.0
 70
0
  0
VERTEX
  5
1D71
  8
CUT
 10
122.44999386738859
 20
1075.9785264053594
 30
0.0
 70
0
  0
VERTEX
  5
1D72
  8
CUT
 10
121.76630099867653
 20
1075.9541082526255
 30
0.0
 70
0
  0
VERTEX
  5
1D73
  8
CUT
 10
121.10342310643392
 20
1075.7849187586057
 30
0.0
 70
0
  0
VERTEX
  5
1D74
  8
CUT
 10
120.4916578652931
 20
1075.4786909436664
 30
0.0
 70
0
  0
VERTEX
  5
1D75
  8
CUT
 10
119.95896678135401
 20
1075.0494213384036
 30
0.0
 70
0
  0
VERTEX
  5
1D76
  8
CUT
 10
111.0494213384035
 20
1083.958966781354
 30
0.0
 70
0
  0
VERTEX
  5
1D77
  8
CUT
 10
111.47869094366638
 20
1084.491657865293
 30
0.0
 70
0
  0
VERTEX
  5
1D78
  8
CUT
 10
111.78491875860581
 20
1085.1034231064339
 30
0.0
 70
0
  0
VERTEX
  5
1D79
  8
CUT
 10
111.95410825262555
 20
1085.7663009986766
 30
0.0
 70
0
  0
VERTEX
  5
1D7A
  8
CUT
 10
111.97852640535936
 20
1086.4499938673885
 30
0.0
 70
0
  0
VERTEX
  5
1D7B
  8
CUT
 10
111.85705715417292
 20
1087.1232526630436
 30
0.0
 70
0
  0
VERTEX
  5
1D7C
  8
CUT
 10
111.59525240522173
 20
1087.7553052386552
 30
0.0
 70
0
  0
VERTEX
  5
1D7D
  8
CUT
 10
111.20507827654012
 20
1088.317262829776
 30
0.0
 70
0
  0
VERTEX
  5
1D7E
  8
CUT
 10
110.7043681714428
 20
1088.7834404521088
 30
0.0
 70
0
  0
VERTEX
  5
1D7F
  8
CUT
 10
110.11600768021252
 20
1089.1325308662854
 30
0.0
 70
0
  0
VERTEX
  5
1D80
  8
CUT
 10
109.466888565176
 20
1089.3485784522586
 30
0.0
 70
0
  0
VERTEX
  5
1D81
  8
CUT
 10
108.78667963860647
 20
1089.421708481151
 30
0.0
 70
0
  0
VERTEX
  5
1D82
  8
CUT
 10
108.10647071203695
 20
1089.3485784522586
 30
0.0
 70
0
  0
VERTEX
  5
1D83
  8
CUT
 10
107.45735159700045
 20
1089.1325308662854
 30
0.0
 70
0
  0
VERTEX
  5
1D84
  8
CUT
 10
106.86899110577019
 20
1088.7834404521088
 30
0.0
 70
0
  0
VERTEX
  5
1D85
  8
CUT
 10
106.36828100067288
 20
1088.3172628297757
 30
0.0
 70
0
  0
VERTEX
  5
1D86
  8
CUT
 10
105.9781068719913
 20
1087.755305238655
 30
0.0
 70
0
  0
VERTEX
  5
1D87
  8
CUT
 10
105.71630212304015
 20
1087.1232526630433
 30
0.0
 70
0
  0
VERTEX
  5
1D88
  8
CUT
 10
105.59483287185375
 20
1086.4499938673885
 30
0.0
 70
0
  0
VERTEX
  5
1D89
  8
CUT
 10
105.61925102458758
 20
1085.7663009986763
 30
0.0
 70
0
  0
VERTEX
  5
1D8A
  8
CUT
 10
105.78844051860736
 20
1085.1034231064336
 30
0.0
 70
0
  0
VERTEX
  5
1D8B
  8
CUT
 10
106.09466833354682
 20
1084.4916578652928
 30
0.0
 70
0
  0
VERTEX
  5
1D8C
  8
CUT
 10
106.52393793880961
 20
1083.958966781354
 30
0.0
 70
0
  0
VERTEX
  5
1D8D
  8
CUT
 10
86.57845427942135
 20
1064.0134831219657
 30
0.0
 70
0
  0
VERTEX
  5
1D8E
  8
CUT
 10
86.04576319548224
 20
1064.4427527272285
 30
0.0
 70
0
  0
VERTEX
  5
1D8F
  8
CUT
 10
85.43399795434144
 20
1064.7489805421678
 30
0.0
 70
0
  0
VERTEX
  5
1D90
  8
CUT
 10
84.77112006209883
 20
1064.9181700361876
 30
0.0
 70
0
  0
VERTEX
  5
1D91
  8
CUT
 10
84.08742719338677
 20
1064.9425881889215
 30
0.0
 70
0
  0
VERTEX
  5
1D92
  8
CUT
 10
83.41416839773176
 20
1064.821118937735
 30
0.0
 70
0
  0
VERTEX
  5
1D93
  8
CUT
 10
82.78211582212015
 20
1064.559314188784
 30
0.0
 70
0
  0
VERTEX
  5
1D94
  8
CUT
 10
82.22015823099943
 20
1064.169140060102
 30
0.0
 70
0
  0
VERTEX
  5
1D95
  8
CUT
 10
81.75398060866641
 20
1063.668429955005
 30
0.0
 70
0
  0
VERTEX
  5
1D96
  8
CUT
 10
81.40489019448992
 20
1063.0800694637746
 30
0.0
 70
0
  0
VERTEX
  5
1D97
  8
CUT
 10
81.18884260851668
 20
1062.4309503487382
 30
0.0
 70
0
  0
VERTEX
  5
1D98
  8
CUT
 10
81.11571257962441
 20
1061.7507414221686
 30
0.0
 70
0
  0
VERTEX
  5
1D99
  8
CUT
 10
81.18884260851672
 20
1061.070532495599
 30
0.0
 70
0
  0
VERTEX
  5
1D9A
  8
CUT
 10
81.40489019448998
 20
1060.4214133805626
 30
0.0
 70
0
  0
VERTEX
  5
1D9B
  8
CUT
 10
81.75398060866651
 20
1059.8330528893323
 30
0.0
 70
0
  0
VERTEX
  5
1D9C
  8
CUT
 10
82.22015823099956
 20
1059.332342784235
 30
0.0
 70
0
  0
VERTEX
  5
1D9D
  8
CUT
 10
82.78211582212029
 20
1058.9421686555534
 30
0.0
 70
0
  0
VERTEX
  5
1D9E
  8
CUT
 10
83.41416839773191
 20
1058.6803639066022
 30
0.0
 70
0
  0
VERTEX
  5
1D9F
  8
CUT
 10
84.08742719338694
 20
1058.5588946554158
 30
0.0
 70
0
  0
VERTEX
  5
1DA0
  8
CUT
 10
84.77112006209899
 20
1058.5833128081497
 30
0.0
 70
0
  0
VERTEX
  5
1DA1
  8
CUT
 10
85.43399795434159
 20
1058.7525023021694
 30
0.0
 70
0
  0
VERTEX
  5
1DA2
  8
CUT
 10
86.04576319548238
 20
1059.058730117109
 30
0.0
 70
0
  0
VERTEX
  5
1DA3
  8
CUT
 10
86.57845427942135
 20
1059.4879997223718
 30
0.0
 70
0
  0
SEQEND
  5
1D47
  8
CUT
  0
POLYLINE
  5
1DA4
  8
CUT
 66
1
 10
0.0
 20
0.0
 30
0.0
 70
1
  0
VERTEX
  5
1DA6
  8
CUT
 10
119.958966781354
 20
1010.6925593905725
 30
0.0
 70
0
  0
VERTEX
  5
1DA7
  8
CUT
 10
120.49165786529304
 20
1010.2632897853097
 30
0.0
 70
0
  0
VERTEX
  5
1DA8
  8
CUT
 10
121.10342310643382
 20
1009.9570619703702
 30
0.0
 70
0
  0
VERTEX
  5
1DA9
  8
CUT
 10
121.76630099867643
 20
1009.7878724763505
 30
0.0
 70
0
  0
VERTEX
  5
1DAA
  8
CUT
 10
122.44999386738849
 20
1009.7634543236165
 30
0.0
 70
0
  0
VERTEX
  5
1DAB
  8
CUT
 10
123.12325266304352
 20
1009.884923574803
 30
0.0
 70
0
  0
VERTEX
  5
1DAC
  8
CUT
 10
123.75530523865513
 20
1010.1467283237542
 30
0.0
 70
0
  0
VERTEX
  5
1DAD
  8
CUT
 10
124.31726282977584
 20
1010.5369024524358
 30
0.0
 70
0
  0
VERTEX
  5
1DAE
  8
CUT
 10
124.78344045210889
 20
1011.0376125575331
 30
0.0
 70
0
  0
VERTEX
  5
1DAF
  8
CUT
 10
125.13253086628539
 20
1011.6259730487634
 30
0.0
 70
0
  0
VERTEX
  5
1DB0
  8
CUT
 10
125.34857845225865
 20
1012.2750921637999
 30
0.0
 70
0
  0
VERTEX
  5
1DB1
  8
CUT
 10
125.42170848115093
 20
1012.9553010903694
 30
0.0
 70
0
  0
VERTEX
  5
1DB2
  8
CUT
 10
125.34857845225865
 20
1013.635510016939
 30
0.0
 70
0
  0
VERTEX
  5
1DB3
  8
CUT
 10
125.13253086628539
 20
1014.2846291319754
 30
0.0
 70
0
  0
VERTEX
  5
1DB4
  8
CUT
 10
124.78344045210889
 20
1014.8729896232057
 30
0.0
 70
0
  0
VERTEX
  5
1DB5
  8
CUT
 10
124.31726282977584
 20
1015.373699728303
 30
0.0
 70
0
  0
VERTEX
  5
1DB6
  8
CUT
 10
123.75530523865513
 20
1015.7638738569846
 30
0.0
 70
0
  0
VERTEX
  5
1DB7
  8
CUT
 10
123.12325266304352
 20
1016.0256786059358
 30
0.0
 70
0
  0
VERTEX
  5
1DB8
  8
CUT
 10
122.44999386738849
 20
1016.1471478571223
 30
0.0
 70
0
  0
VERTEX
  5
1DB9
  8
CUT
 10
121.76630099867643
 20
1016.1227297043883
 30
0.0
 70
0
  0
VERTEX
  5
1DBA
  8
CUT
 10
121.10342310643384
 20
1015.9535402103686
 30
0.0
 70
0
  0
VERTEX
  5
1DBB
  8
CUT
 10
120.49165786529304
 20
1015.6473123954291
 30
0.0
 70
0
  0
VERTEX
  5
1DBC
  8
CUT
 10
119.958966781354
 20
1015.2180427901664
 30
0.0
 70
0
  0
VERTEX
  5
1DBD
  8
CUT
 10
100.01348312196575
 20
1035.1635264495546
 30
0.0
 70
0
  0
VERTEX
  5
1DBE
  8
CUT
 10
100.44275272722854
 20
1035.6962175334936
 30
0.0
 70
0
  0
VERTEX
  5
1DBF
  8
CUT
 10
100.74898054216801
 20
1036.3079827746344
 30
0.0
 70
0
  0
VERTEX
  5
1DC0
  8
CUT
 10
100.91817003618777
 20
1036.9708606668771
 30
0.0
 70
0
  0
VERTEX
  5
1DC1
  8
CUT
 10
100.94258818892162
 20
1037.6545535355892
 30
0.0
 70
0
  0
VERTEX
  5
1DC2
  8
CUT
 10
100.82111893773522
 20
1038.327812331244
 30
0.0
 70
0
  0
VERTEX
  5
1DC3
  8
CUT
 10
100.55931418878406
 20
1038.9598649068557
 30
0.0
 70
0
  0
VERTEX
  5
1DC4
  8
CUT
 10
100.16914006010248
 20
1039.5218224979765
 30
0.0
 70
0
  0
VERTEX
  5
1DC5
  8
CUT
 10
99.66842995500518
 20
1039.9880001203096
 30
0.0
 70
0
  0
VERTEX
  5
1DC6
  8
CUT
 10
99.08006946377492
 20
1040.3370905344862
 30
0.0
 70
0
  0
VERTEX
  5
1DC7
  8
CUT
 10
98.4309503487384
 20
1040.5531381204594
 30
0.0
 70
0
  0
VERTEX
  5
1DC8
  8
CUT
 10
97.75074142216889
 20
1040.6262681493517
 30
0.0
 70
0
  0
VERTEX
  5
1DC9
  8
CUT
 10
97.07053249559935
 20
1040.5531381204594
 30
0.0
 70
0
  0
VERTEX
  5
1DCA
  8
CUT
 10
96.42141338056284
 20
1040.3370905344862
 30
0.0
 70
0
  0
VERTEX
  5
1DCB
  8
CUT
 10
95.83305288933255
 20
1039.9880001203096
 30
0.0
 70
0
  0
VERTEX
  5
1DCC
  8
CUT
 10
95.33234278423522
 20
1039.5218224979767
 30
0.0
 70
0
  0
VERTEX
  5
1DCD
  8
CUT
 10
94.94216865555362
 20
1038.959864906856
 30
0.0
 70
0
  0
VERTEX
  5
1DCE
  8
CUT
 10
94.68036390660242
 20
1038.3278123312443
 30
0.0
 70
0
  0
VERTEX
  5
1DCF
  8
CUT
 10
94.558894655416
 20
1037.6545535355892
 30
0.0
 70
0
  0
VERTEX
  5
1DD0
  8
CUT
 10
94.5833128081498
 20
1036.9708606668773
 30
0.0
 70
0
  0
VERTEX
  5
1DD1
  8
CUT
 10
94.75250230216953
 20
1036.3079827746346
 30
0.0
 70
0
  0
VERTEX
  5
1DD2
  8
CUT
 10
95.05873011710898
 20
1035.6962175334938
 30
0.0
 70
0
  0
VERTEX
  5
1DD3
  8
CUT
 10
95.48799972237184
 20
1035.1635264495546
 30
0.0
 70
0
  0
VERTEX
  5
1DD4
  8
CUT
 10
86.57845427942135
 20
1026.2539810066041
 30
0.0
 70
0
  0
VERTEX
  5
1DD5
  8
CUT
 10
86.04576319548231
 20
1026.683250611867
 30
0.0
 70
0
  0
VERTEX
  5
1DD6
  8
CUT
 10
85.43399795434152
 20
1026.9894784268065
 30
0.0
 70
0
  0
VERTEX
  5
1DD7
  8
CUT
 10
84.77112006209892
 20
1027.1586679208262
 30
0.0
 70
0
  0
VERTEX
  5
1DD8
  8
CUT
 10
84.08742719338686
 20
1027.18308607356
 30
0.0
 70
0
  0
VERTEX
  5
1DD9
  8
CUT
 10
83.41416839773183
 20
1027.0616168223735
 30
0.0
 70
0
  0
VERTEX
  5
1DDA
  8
CUT
 10
82.78211582212022
 20
1026.7998120734223
 30
0.0
 70
0
  0
VERTEX
  5
1DDB
  8
CUT
 10
82.2201582309995
 20
1026.4096379447408
 30
0.0
 70
0
  0
VERTEX
  5
1DDC
  8
CUT
 10
81.75398060866645
 20
1025.9089278396434
 30
0.0
 70
0
  0
VERTEX
  5
1DDD
  8
CUT
 10
81.40489019448995
 20
1025.3205673484133
 30
0.0
 70
0
  0
VERTEX
  5
1DDE
  8
CUT
 10
81.1888426085167
 20
1024.6714482333766
 30
0.0
 70
0
  0
VERTEX
  5
1DDF
  8
CUT
 10
81.11571257962441
 20
1023.9912393068072
 30
0.0
 70
0
  0
VERTEX
  5
1DE0
  8
CUT
 10
81.1888426085167
 20
1023.3110303802376
 30
0.0
 70
0
  0
VERTEX
  5
1DE1
  8
CUT
 10
81.40489019448995
 20
1022.6619112652012
 30
0.0
 70
0
  0
VERTEX
  5
1DE2
  8
CUT
 10
81.75398060866645
 20
1022.0735507739709
 30
0.0
 70
0
  0
VERTEX
  5
1DE3
  8
CUT
 10
82.22015823099949
 20
1021.5728406688736
 30
0.0
 70
0
  0
VERTEX
  5
1DE4
  8
CUT
 10
82.78211582212022
 20
1021.182666540192
 30
0.0
 70
0
  0
VERTEX
  5
1DE5
  8
CUT
 10
83.41416839773183
 20
1020.9208617912408
 30
0.0
 70
0
  0
VERTEX
  5
1DE6
  8
CUT
 10
84.08742719338686
 20
1020.7993925400543
 30
0.0
 70
0
  0
VERTEX
  5
1DE7
  8
CUT
 10
84.77112006209892
 20
1020.8238106927882
 30
0.0
 70
0
  0
VERTEX
  5
1DE8
  8
CUT
 10
85.4339979543415
 20
1020.993000186808
 30
0.0
 70
0
  0
VERTEX
  5
1DE9
  8
CUT
 10
86.04576319548231
 20
1021.2992280017475
 30
0.0
 70
0
  0
VERTEX
  5
1DEA
  8
CUT
 10
86.57845427942134
 20
1021.7284976070102
 30
0.0
 70
0
  0
VERTEX
  5
1DEB
  8
CUT
 10
106.5239379388096
 20
1001.783013947622
 30
0.0
 70
0
  0
VERTEX
  5
1DEC
  8
CUT
 10
106.09466833354676
 20
1001.2503228636829
 30
0.0
 70
0
  0
VERTEX
  5
1DED
  8
CUT
 10
105.78844051860732
 20
1000.6385576225421
 30
0.0
 70
0
  0
VERTEX
  5
1DEE
  8
CUT
 10
105.61925102458757
 20
999.9756797302995
 30
0.0
 70
0
  0
VERTEX
  5
1DEF
  8
CUT
 10
105.59483287185374
 20
999.2919868615875
 30
0.0
 70
0
  0
VERTEX
  5
1DF0
  8
CUT
 10
105.71630212304015
 20
998.6187280659325
 30
0.0
 70
0
  0
VERTEX
  5
1DF1
  8
CUT
 10
105.97810687199133
 20
997.9866754903209
 30
0.0
 70
0
  0
VERTEX
  5
1DF2
  8
CUT
 10
106.36828100067292
 20
997.4247178992001
 30
0.0
 70
0
  0
VERTEX
  5
1DF3
  8
CUT
 10
106.86899110577023
 20
996.9585402768671
 30
0.0
 70
0
  0
VERTEX
  5
1DF4
  8
CUT
 10
107.45735159700051
 20
996.6094498626906
 30
0.0
 70
0
  0
VERTEX
  5
1DF5
  8
CUT
 10
108.10647071203702
 20
996.3934022767173
 30
0.0
 70
0
  0
VERTEX
  5
1DF6
  8
CUT
 10
108.78667963860654
 20
996.320272247825
 30
0.0
 70
0
  0
VERTEX
  5
1DF7
  8
CUT
 10
109.46688856517606
 20
996.3934022767173
 30
0.0
 70
0
  0
VERTEX
  5
1DF8
  8
CUT
 10
110.11600768021258
 20
996.6094498626906
 30
0.0
 70
0
  0
VERTEX
  5
1DF9
  8
CUT
 10
110.70436817144285
 20
996.9585402768671
 30
0.0
 70
0
  0
VERTEX
  5
1DFA
  8
CUT
 10
111.20507827654016
 20
997.4247178992001
 30
0.0
 70
0
  0
VERTEX
  5
1DFB
  8
CUT
 10
111.59525240522176
 20
997.9866754903209
 30
0.0
 70
0
  0
VERTEX
  5
1DFC
  8
CUT
 10
111.85705715417294
 20
998.6187280659325
 30
0.0
 70
0
  0
VERTEX
  5
1DFD
  8
CUT
 10
111.97852640535935
 20
999.2919868615875
 30
0.0
 70
0
  0
VERTEX
  5
1DFE
  8
CUT
 10
111.95410825262552
 20
999.9756797302995
 30
0.0
 70
0
  0
VERTEX
  5
1DFF
  8
CUT
 10
111.78491875860577
 20
1000.6385576225421
 30
0.0
 70
0
  0
VERTEX
  5
1E00
  8
CUT
 10
111.47869094366632
 20
1001.2503228636829
 30
0.0
 70
0
  0
VERTEX
  5
1E01
  8
CUT
 10
111.04942133840349
 20
1001.783013947622
 30
0.0
 70
0
  0
SEQEND
  5
1DA5
  8
CUT
  0
POLYLINE
  5
1E02
  8
CUT
 66
1
 10
0.0
 20
0.0
 30
0.0
 70
1
  0
VERTEX
  5
1E04
  8
CUT
 10
71.16352644955461
 20
1059.4879997223718
 30
0.0
 70
0
  0
VERTEX
  5
1E05
  8
CUT
 10
71.69621753349358
 20
1059.058730117109
 30
0.0
 70
0
  0
VERTEX
  5
1E06
  8
CUT
 10
72.30798277463437
 20
1058.7525023021694
 30
0.0
 70
0
  0
VERTEX
  5
1E07
  8
CUT
 10
72.97086066687696
 20
1058.5833128081497
 30
0.0
 70
0
  0
VERTEX
  5
1E08
  8
CUT
 10
73.65455353558902
 20
1058.5588946554158
 30
0.0
 70
0
  0
VERTEX
  5
1E09
  8
CUT
 10
74.32781233124405
 20
1058.6803639066022
 30
0.0
 70
0
  0
VERTEX
  5
1E0A
  8
CUT
 10
74.95986490685567
 20
1058.9421686555534
 30
0.0
 70
0
  0
VERTEX
  5
1E0B
  8
CUT
 10
75.5218224979764
 20
1059.332342784235
 30
0.0
 70
0
  0
VERTEX
  5
1E0C
  8
CUT
 10
75.98800012030945
 20
1059.8330528893323
 30
0.0
 70
0
  0
VERTEX
  5
1E0D
  8
CUT
 10
76.33709053448598
 20
1060.4214133805626
 30
0.0
 70
0
  0
VERTEX
  5
1E0E
  8
CUT
 10
76.55313812045924
 20
1061.070532495599
 30
0.0
 70
0
  0
VERTEX
  5
1E0F
  8
CUT
 10
76.62626814935155
 20
1061.7507414221686
 30
0.0
 70
0
  0
VERTEX
  5
1E10
  8
CUT
 10
76.55313812045928
 20
1062.4309503487382
 30
0.0
 70
0
  0
VERTEX
  5
1E11
  8
CUT
 10
76.33709053448604
 20
1063.0800694637746
 30
0.0
 70
0
  0
VERTEX
  5
1E12
  8
CUT
 10
75.98800012030955
 20
1063.668429955005
 30
0.0
 70
0
  0
VERTEX
  5
1E13
  8
CUT
 10
75.52182249797653
 20
1064.169140060102
 30
0.0
 70
0
  0
VERTEX
  5
1E14
  8
CUT
 10
74.95986490685581
 20
1064.559314188784
 30
0.0
 70
0
  0
VERTEX
  5
1E15
  8
CUT
 10
74.3278123312442
 20
1064.821118937735
 30
0.0
 70
0
  0
VERTEX
  5
1E16
  8
CUT
 10
73.65455353558919
 20
1064.9425881889215
 30
0.0
 70
0
  0
VERTEX
  5
1E17
  8
CUT
 10
72.97086066687713
 20
1064.9181700361876
 30
0.0
 70
0
  0
VERTEX
  5
1E18
  8
CUT
 10
72.30798277463452
 20
1064.7489805421678
 30
0.0
 70
0
  0
VERTEX
  5
1E19
  8
CUT
 10
71.69621753349371
 20
1064.4427527272285
 30
0.0
 70
0
  0
VERTEX
  5
1E1A
  8
CUT
 10
71.16352644955461
 20
1064.0134831219657
 30
0.0
 70
0
  0
VERTEX
  5
1E1B
  8
CUT
 10
51.21804279016635
 20
1083.958966781354
 30
0.0
 70
0
  0
VERTEX
  5
1E1C
  8
CUT
 10
51.64731239542922
 20
1084.491657865293
 30
0.0
 70
0
  0
VERTEX
  5
1E1D
  8
CUT
 10
51.953540210368665
 20
1085.1034231064339
 30
0.0
 70
0
  0
VERTEX
  5
1E1E
  8
CUT
 10
52.12272970438839
 20
1085.7663009986766
 30
0.0
 70
0
  0
VERTEX
  5
1E1F
  8
CUT
 10
52.1471478571222
 20
1086.4499938673885
 30
0.0
 70
0
  0
VERTEX
  5
1E20
  8
CUT
 10
52.02567860593577
 20
1087.1232526630436
 30
0.0
 70
0
  0
VERTEX
  5
1E21
  8
CUT
 10
51.763873856984574
 20
1087.7553052386552
 30
0.0
 70
0
  0
VERTEX
  5
1E22
  8
CUT
 10
51.373699728302974
 20
1088.317262829776
 30
0.0
 70
0
  0
VERTEX
  5
1E23
  8
CUT
 10
50.87298962320565
 20
1088.7834404521088
 30
0.0
 70
0
  0
VERTEX
  5
1E24
  8
CUT
 10
50.284629131975365
 20
1089.1325308662854
 30
0.0
 70
0
  0
VERTEX
  5
1E25
  8
CUT
 10
49.63551001693885
 20
1089.3485784522586
 30
0.0
 70
0
  0
VERTEX
  5
1E26
  8
CUT
 10
48.955301090369325
 20
1089.421708481151
 30
0.0
 70
0
  0
VERTEX
  5
1E27
  8
CUT
 10
48.2750921637998
 20
1089.3485784522586
 30
0.0
 70
0
  0
VERTEX
  5
1E28
  8
CUT
 10
47.6259730487633
 20
1089.1325308662854
 30
0.0
 70
0
  0
VERTEX
  5
1E29
  8
CUT
 10
47.03761255753303
 20
1088.7834404521088
 30
0.0
 70
0
  0
VERTEX
  5
1E2A
  8
CUT
 10
46.536902452435726
 20
1088.3172628297757
 30
0.0
 70
0
  0
VERTEX
  5
1E2B
  8
CUT
 10
46.146728323754154
 20
1087.755305238655
 30
0.0
 70
0
  0
VERTEX
  5
1E2C
  8
CUT
 10
45.884923574803
 20
1087.1232526630433
 30
0.0
 70
0
  0
VERTEX
  5
1E2D
  8
CUT
 10
45.76345432361659
 20
1086.4499938673885
 30
0.0
 70
0
  0
VERTEX
  5
1E2E
  8
CUT
 10
45.78787247635044
 20
1085.7663009986763
 30
0.0
 70
0
  0
VERTEX
  5
1E2F
  8
CUT
 10
45.9570619703702
 20
1085.1034231064336
 30
0.0
 70
0
  0
VERTEX
  5
1E30
  8
CUT
 10
46.263289785309674
 20
1084.4916578652928
 30
0.0
 70
0
  0
VERTEX
  5
1E31
  8
CUT
 10
46.692559390572455
 20
1083.958966781354
 30
0.0
 70
0
  0
VERTEX
  5
1E32
  8
CUT
 10
37.78301394762195
 20
1075.0494213384036
 30
0.0
 70
0
  0
VERTEX
  5
1E33
  8
CUT
 10
37.25032286368285
 20
1075.4786909436664
 30
0.0
 70
0
  0
VERTEX
  5
1E34
  8
CUT
 10
36.638557622542045
 20
1075.7849187586057
 30
0.0
 70
0
  0
VERTEX
  5
1E35
  8
CUT
 10
35.97567973029944
 20
1075.9541082526255
 30
0.0
 70
0
  0
VERTEX
  5
1E36
  8
CUT
 10
35.29198686158738
 20
1075.9785264053594
 30
0.0
 70
0
  0
VERTEX
  5
1E37
  8
CUT
 10
34.61872806593235
 20
1075.857057154173
 30
0.0
 70
0
  0
VERTEX
  5
1E38
  8
CUT
 10
33.986675490320756
 20
1075.5952524052218
 30
0.0
 70
0
  0
VERTEX
  5
1E39
  8
CUT
 10
33.42471789920003
 20
1075.20507827654
 30
0.0
 70
0
  0
VERTEX
  5
1E3A
  8
CUT
 10
32.95854027686701
 20
1074.7043681714429
 30
0.0
 70
0
  0
VERTEX
  5
1E3B
  8
CUT
 10
32.60944986269052
 20
1074.1160076802125
 30
0.0
 70
0
  0
VERTEX
  5
1E3C
  8
CUT
 10
32.39340227671728
 20
1073.466888565176
 30
0.0
 70
0
  0
VERTEX
  5
1E3D
  8
CUT
 10
32.32027224782501
 20
1072.7866796386065
 30
0.0
 70
0
  0
VERTEX
  5
1E3E
  8
CUT
 10
32.39340227671732
 20
1072.106470712037
 30
0.0
 70
0
  0
VERTEX
  5
1E3F
  8
CUT
 10
32.60944986269058
 20
1071.4573515970005
 30
0.0
 70
0
  0
VERTEX
  5
1E40
  8
CUT
 10
32.958540276867105
 20
1070.8689911057702
 30
0.0
 70
0
  0
VERTEX
  5
1E41
  8
CUT
 10
33.42471789920016
 20
1070.3682810006728
 30
0.0
 70
0
  0
VERTEX
  5
1E42
  8
CUT
 10
33.9866754903209
 20
1069.9781068719913
 30
0.0
 70
0
  0
VERTEX
  5
1E43
  8
CUT
 10
34.61872806593251
 20
1069.7163021230401
 30
0.0
 70
0
  0
VERTEX
  5
1E44
  8
CUT
 10
35.291986861587546
 20
1069.5948328718537
 30
0.0
 70
0
  0
VERTEX
  5
1E45
  8
CUT
 10
35.975679730299596
 20
1069.6192510245876
 30
0.0
 70
0
  0
VERTEX
  5
1E46
  8
CUT
 10
36.63855762254219
 20
1069.7884405186073
 30
0.0
 70
0
  0
VERTEX
  5
1E47
  8
CUT
 10
37.25032286368298
 20
1070.094668333547
 30
0.0
 70
0
  0
VERTEX
  5
1E48
  8
CUT
 10
37.78301394762195
 20
1070.5239379388097
 30
0.0
 70
0
  0
VERTEX
  5
1E49
  8
CUT
 10
57.7284976070102
 20
1050.5784542794213
 30
0.0
 70
0
  0
VERTEX
  5
1E4A
  8
CUT
 10
57.29922800174741
 20
1050.0457631954823
 30
0.0
 70
0
  0
VERTEX
  5
1E4B
  8
CUT
 10
56.99300018680794
 20
1049.4339979543415
 30
0.0
 70
0
  0
VERTEX
  5
1E4C
  8
CUT
 10
56.82381069278817
 20
1048.7711200620988
 30
0.0
 70
0
  0
VERTEX
  5
1E4D
  8
CUT
 10
56.799392540054335
 20
1048.0874271933867
 30
0.0
 70
0
  0
VERTEX
  5
1E4E
  8
CUT
 10
56.92086179124074
 20
1047.4141683977318
 30
0.0
 70
0
  0
VERTEX
  5
1E4F
  8
CUT
 10
57.182666540191896
 20
1046.7821158221202
 30
0.0
 70
0
  0
VERTEX
  5
1E50
  8
CUT
 10
57.572840668873475
 20
1046.2201582309995
 30
0.0
 70
0
  0
VERTEX
  5
1E51
  8
CUT
 10
58.07355077397078
 20
1045.7539806086663
 30
0.0
 70
0
  0
VERTEX
  5
1E52
  8
CUT
 10
58.66191126520104
 20
1045.4048901944898
 30
0.0
 70
0
  0
VERTEX
  5
1E53
  8
CUT
 10
59.31103038023755
 20
1045.1888426085166
 30
0.0
 70
0
  0
VERTEX
  5
1E54
  8
CUT
 10
59.99123930680708
 20
1045.1157125796242
 30
0.0
 70
0
  0
VERTEX
  5
1E55
  8
CUT
 10
60.6714482333766
 20
1045.1888426085166
 30
0.0
 70
0
  0
VERTEX
  5
1E56
  8
CUT
 10
61.32056734841312
 20
1045.4048901944898
 30
0.0
 70
0
  0
VERTEX
  5
1E57
  8
CUT
 10
61.908927839643404
 20
1045.7539806086663
 30
0.0
 70
0
  0
VERTEX
  5
1E58
  8
CUT
 10
62.40963794474073
 20
1046.2201582309992
 30
0.0
 70
0
  0
VERTEX
  5
1E59
  8
CUT
 10
62.79981207342234
 20
1046.78211582212
 30
0.0
 70
0
  0
VERTEX
  5
1E5A
  8
CUT
 10
63.06161682237352
 20
1047.4141683977316
 30
0.0
 70
0
  0
VERTEX
  5
1E5B
  8
CUT
 10
63.18308607355996
 20
1048.0874271933867
 30
0.0
 70
0
  0
VERTEX
  5
1E5C
  8
CUT
 10
63.158667920826154
 20
1048.7711200620986
 30
0.0
 70
0
  0
VERTEX
  5
1E5D
  8
CUT
 10
62.98947842680642
 20
1049.4339979543413
 30
0.0
 70
0
  0
VERTEX
  5
1E5E
  8
CUT
 10
62.683250611866974
 20
1050.045763195482
 30
0.0
 70
0
  0
VERTEX
  5
1E5F
  8
CUT
 10
62.25398100660411
 20
1050.5784542794213
 30
0.0
 70
0
  0
SEQEND
  5
1E03
  8
CUT
  0
ENDSEC
  0
EOF
