  0
SECTION
  2
HEADER
  9
$ACADVER
  1
AC1009
  9
$DWGCODEPAGE
  3
ANSI_1252
  9
$INSBASE
 10
0.0
 20
0.0
 30
0.0
  9
$EXTMIN
 10
0.0000
 20
0.0000
 30
0.0000
  9
$EXTMAX
 10
2440.0000
 20
1220.0000
 30
0.0000
  9
$LIMMIN
 10
0.0000
 20
0.0000
  9
$LIMMAX
 10
2440.0000
 20
1220.0000
  9
$ORTHOMODE
 70
0
  9
$REGENMODE
 70
1
  9
$FILLMODE
 70
1
  9
$DRAGMODE
 70
2
  9
$QTEXTMODE
 70
0
  9
$MIRRTEXT
 70
1
  9
$OSMODE
 70
20583
  9
$LTSCALE
 40
1.0
  9
$ATTMODE
 70
1
  9
$TEXTSIZE
 40
2.5
  9
$TRACEWID
 40
1.0
  9
$TEXTSTYLE
  7
Standard
  9
$CLAYER
  8
0
  9
$CELTYPE
  6
ByLayer
  9
$CECOLOR
 62
256
  9
$DIMSCALE
 40
1.0
  9
$DIMASZ
 40
2.5
  9
$DIMEXO
 40
0.625
  9
$DIMDLI
 40
3.75
  9
$DIMRND
 40
0.0
  9
$DIMDLE
 40
0.0
  9
$DIMEXE
 40
1.25
  9
$DIMTP
 40
0.0
  9
$DIMTM
 40
0.0
  9
$DIMTXT
 40
2.5
  9
$DIMCEN
 40
2.5
  9
$DIMTSZ
 40
0.0
  9
$DIMTOL
 70
0
  9
$DIMLIM
 70
0
  9
$DIMTIH
 70
0
  9
$DIMTOH
 70
0
  9
$DIMSE1
 70
0
  9
$DIMSE2
 70
0
  9
$DIMTAD
 70
1
  9
$DIMZIN
 70
8
  9
$DIMBLK
  1

  9
$DIMASO
 70
1
  9
$DIMSHO
 70
1
  9
$DIMPOST
  1

  9
$DIMAPOST
  1

  9
$DIMALT
 70
0
  9
$DIMALTD
 70
3
  9
$DIMALTF
 40
0.03937007874
  9
$DIMLFAC
 40
1.0
  9
$DIMTOFL
 70
1
  9
$DIMTVP
 40
0.0
  9
$DIMTIX
 70
0
  9
$DIMSOXD
 70
0
  9
$DIMSAH
 70
0
  9
$DIMBLK1
  1

  9
$DIMBLK2
  1

  9
$DIMSTYLE
  2
ISO-25
  9
$DIMCLRD
 70
0
  9
$DIMCLRE
 70
0
  9
$DIMCLRT
 70
0
  9
$DIMTFAC
 40
1.0
  9
$DIMGAP
 40
0.625
  9
$COORDS
 70
1
  9
$ATTDIA
 70
0
  9
$ATTREQ
 70
1
  9
$HANDLING
 70
1
  9
$LUNITS
 70
2
  9
$LUPREC
 70
4
  9
$SKETCHINC
 40
1.0
  9
$FILLETRAD
 40
10.0
  9
$AUNITS
 70
0
  9
$AUPREC
 70
2
  9
$MENU
  1
.
  9
$ELEVATION
 40
0.0
  9
$PELEVATION
 40
0.0
  9
$THICKNESS
 40
0.0
  9
$LIMCHECK
 70
0
  9
$CHAMFERA
 40
0.0
  9
$CHAMFERB
 40
0.0
  9
$SKPOLY
 70
0
  9
$TDCREATE
 40
2461315.645
  9
$TDUPDATE
 40
2461315.645
  9
$TDINDWG
 40
0.0
  9
$TDUSRTIMER
 40
0.0
  9
$USRTIMER
 70
1
  9
$ANGBASE
 50
0.0
  9
$ANGDIR
 70
0
  9
$PDMODE
 70
0
  9
$PDSIZE
 40
0.0
  9
$PLINEWID
 40
0.0
  9
$SPLFRAME
 70
0
  9
$SPLINETYPE
 70
6
  9
$SPLINESEGS
 70
8
  9
$HANDSEED
  5
F4D
  9
$SURFTAB1
 70
6
  9
$SURFTAB2
 70
6
  9
$SURFTYPE
 70
6
  9
$SURFU
 70
6
  9
$SURFV
 70
6
  9
$UCSNAME
  2

  9
$UCSORG
 10
0.0
 20
0.0
 30
0.0
  9
$UCSXDIR
 10
1.0
 20
0.0
 30
0.0
  9
$UCSYDIR
 10
0.0
 20
1.0
 30
0.0
  9
$PUCSNAME
  2

  9
$PUCSORG
 10
0.0
 20
0.0
 30
0.0
  9
$PUCSXDIR
 10
1.0
 20
0.0
 30
0.0
  9
$PUCSYDIR
 10
0.0
 20
1.0
 30
0.0
  9
$USERI1
 70
0
  9
$USERI2
 70
0
  9
$USERI3
 70
0
  9
$USERI4
 70
0
  9
$USERI5
 70
0
  9
$USERR1
 40
0.0
  9
$USERR2
 40
0.0
  9
$USERR3
 40
0.0
  9
$USERR4
 40
0.0
  9
$USERR5
 40
0.0
  9
$WORLDVIEW
 70
1
  9
$SHADEDGE
 70
3
  9
$SHADEDIF
 70
70
  9
$TILEMODE
 70
1
  9
$MAXACTVP
 70
64
  9
$PLIMCHECK
 70
0
  9
$PEXTMIN
 10
1e+20
 20
1e+20
 30
1e+20
  9
$PEXTMAX
 10
-1e+20
 20
-1e+20
 30
-1e+20
  9
$PLIMMIN
 10
0.0
 20
0.0
  9
$PLIMMAX
 10
420.0
 20
297.0
  9
$UNITMODE
 70
0
  9
$VISRETAIN
 70
1
  9
$PLINEGEN
 70
0
  9
$PSLTSCALE
 70
1
  0
ENDSEC
  0
SECTION
  2
TABLES
  0
TABLE
  2
VPORT
 70
1
  0
VPORT
  5
23
  2
*Active
 70
0
 10
0.0
 20
0.0
 11
1.0
 21
1.0
 12
0.0
 22
0.0
 13
0.0
 23
0.0
 14
0.5
 24
0.5
 15
0.5
 25
0.5
 16
0.0
 26
0.0
 36
1.0
 17
0.0
 27
0.0
 37
0.0
 40
1000.0
 41
1.34
 42
50.0
 43
0.0
 44
0.0
 50
0.0
 51
0.0
 71
0
 72
1000
 73
1
 74
3
 75
0
 76
0
 77
0
 78
0
  0
ENDTAB
  0
TABLE
  2
LTYPE
 70
3
  0
LTYPE
  5
24
  2
ByBlock
 70
0
  3

 72
65
 73
0
 40
0.0
  0
LTYPE
  5
25
  2
ByLayer
 70
0
  3

 72
65
 73
0
 40
0.0
  0
LTYPE
  5
26
  2
Continuous
 70
0
  3

 72
65
 73
0
 40
0.0
  0
ENDTAB
  0
TABLE
  2
LAYER
 70
5
  0
LAYER
  5
27
  2
0
 70
0
 62
7
  6
Continuous
  0
LAYER
  5
28
  2
Defpoints
 70
0
 62
7
  6
Continuous
  0
LAYER
  5
2D
  2
CUT
 70
0
 62
1
  6
Continuous
  0
LAYER
  5
2E
  2
POCKET-KERF-15_5
 70
0
 62
5
  6
Continuous
  0
LAYER
  5
2F
  2
BOARD-2440X1220
 70
0
 62
8
  6
Continuous
  0
ENDTAB
  0
TABLE
  2
STYLE
 70
1
  0
STYLE
  5
29
  2
Standard
 70
0
 40
0.0
 41
1.0
 50
0.0
 71
0
 42
2.5
  3
txt
  4

  0
ENDTAB
  0
TABLE
  2
VIEW
 70
0
  0
ENDTAB
  0
TABLE
  2
UCS
 70
0
  0
ENDTAB
  0
TABLE
  2
APPID
 70
3
  0
APPID
  5
2A
  2
ACAD
 70
0
  0
APPID
  5
F4B
  2
HATCHBACKGROUNDCOLOR
 70
0
  0
APPID
  5
F4C
  2
EZDXF
 70
0
  0
ENDTAB
  0
TABLE
  2
DIMSTYLE
 70
1
  0
DIMSTYLE
105
2B
  2
Standard
 70
0
  3

  4

  5

  6

  7

 40
1.0
 41
2.5
 42
0.625
 43
3.75
 44
1.25
 45
0.0
 46
0.0
 47
0.0
 48
0.0
140
2.5
141
2.5
142
0.0
143
0.03937007874
144
1.0
145
0.0
146
1.0
147
0.625
 71
0
 72
0
 73
0
 74
0
 75
0
 76
0
 77
1
 78
8
170
0
171
3
172
1
173
0
174
0
175
0
176
0
177
0
178
0
  0
ENDTAB
  0
ENDSEC
  0
SECTION
  2
BLOCKS
  0
BLOCK
  5
18
  8
0
  2
$Model_Space
 70
0
 10
0.0
 20
0.0
 30
0.0
  3
$Model_Space
  1

1001
EZDXF
1000
CREATED_BY_EZDXF
1000
1.4.4 @ 2026-10-01T15:28:48.789362+00:00
1000
WRITTEN_BY_EZDXF
1000
1.4.4 @ 2026-10-01T15:28:48.866249+00:00
  0
ENDBLK
  5
19
  8
0
  0
BLOCK
  5
1C
  8
0
  2
$Paper_Space
 70
0
 10
0.0
 20
0.0
 30
0.0
  3
$Paper_Space
  1

  0
ENDBLK
  5
1D
  8
0
  0
ENDSEC
  0
SECTION
  2
ENTITIES
  0
POLYLINE
  5
30
  8
BOARD-2440X1220
 66
1
 10
0.0
 20
0.0
 30
0.0
 70
1
  0
VERTEX
  5
32
  8
BOARD-2440X1220
 10
0.0
 20
0.0
 30
0.0
 70
0
  0
VERTEX
  5
33
  8
BOARD-2440X1220
 10
2440.0
 20
0.0
 30
0.0
 70
0
  0
VERTEX
  5
34
  8
BOARD-2440X1220
 10
2440.0
 20
1220.0
 30
0.0
 70
0
  0
VERTEX
  5
35
  8
BOARD-2440X1220
 10
0.0
 20
1220.0
 30
0.0
 70
0
  0
SEQEND
  5
31
  8
BOARD-2440X1220
  0
POLYLINE
  5
36
  8
CUT
 66
1
 10
0.0
 20
0.0
 30
0.0
 70
1
  0
VERTEX
  5
38
  8
CUT
 10
804.6808360041198
 20
18.0
 30
0.0
 70
0
  0
VERTEX
  5
39
  8
CUT
 10
1141.829765720171
 20
339.2951901154468
 30
0.0
 70
0
  0
VERTEX
  5
3A
  8
CUT
 10
1134.1004077911125
 20
347.29046859031433
 30
0.0
 70
0
  0
VERTEX
  5
3B
  8
CUT
 10
1126.2572993031486
 20
355.1741924015733
 30
0.0
 70
0
  0
VERTEX
  5
3C
  8
CUT
 10
1118.3020501106225
 20
362.9447433582939
 30
0.0
 70
0
  0
VERTEX
  5
3D
  8
CUT
 10
1110.2362930855616
 20
370.6005264990877
 30
0.0
 70
0
  0
VERTEX
  5
3E
  8
CUT
 10
1102.06168378252
 20
378.13997041948477
 30
0.0
 70
0
  0
VERTEX
  5
3F
  8
CUT
 10
1093.779900098764
 20
385.5615275944752
 30
0.0
 70
0
  0
VERTEX
  5
40
  8
CUT
 10
1085.3926419298705
 20
392.8636746961509
 30
0.0
 70
0
  0
VERTEX
  5
41
  8
CUT
 10
1076.9016308208122
 20
400.0449129063781
 30
0.0
 70
0
  0
VERTEX
  5
42
  8
CUT
 10
1068.3086096125978
 20
407.1037682244419
 30
0.0
 70
0
  0
VERTEX
  5
43
  8
CUT
 10
1059.6153420845415
 20
414.03879176959487
 30
0.0
 70
0
  0
VERTEX
  5
44
  8
CUT
 10
1050.823612592235
 20
420.8485600784498
 30
0.0
 70
0
  0
VERTEX
  5
45
  8
CUT
 10
1041.9352257012943
 20
427.5316753971569
 30
0.0
 70
0
  0
VERTEX
  5
46
  8
CUT
 10
1032.9520058169614
 20
434.0867659683017
 30
0.0
 70
0
  0
VERTEX
  5
47
  8
CUT
 10
1023.8757968096314
 20
440.5124863124685
 30
0.0
 70
0
  0
VERTEX
  5
48
  8
CUT
 10
1014.7084616363838
 20
446.80751750441044
 30
0.0
 70
0
  0
VERTEX
  5
49
  8
CUT
 10
1005.4518819585992
 20
452.97056744376704
 30
0.0
 70
0
  0
VERTEX
  5
4A
  8
CUT
 10
996.1079577557325
 20
459.000371120278
 30
0.0
 70
0
  0
VERTEX
  5
4B
  8
CUT
 10
986.6786069353307
 20
464.8956908734353
 30
0.0
 70
0
  0
VERTEX
  5
4C
  8
CUT
 10
977.1657649393667
 20
470.65531664652207
 30
0.0
 70
0
  0
VERTEX
  5
4D
  8
CUT
 10
967.5713843469773
 20
476.2780662349855
 30
0.0
 70
0
  0
VERTEX
  5
4E
  8
CUT
 10
957.8974344736819
 20
481.76278552909224
 30
0.0
 70
0
  0
VERTEX
  5
4F
  8
CUT
 10
948.1459009671655
 20
487.1083487508185
 30
0.0
 70
0
  0
VERTEX
  5
50
  8
CUT
 10
938.318785399712
 20
492.3136586849234
 30
0.0
 70
0
  0
VERTEX
  5
51
  8
CUT
 10
928.4181048573652
 20
497.37764690416094
 30
0.0
 70
0
  0
VERTEX
  5
52
  8
CUT
 10
918.4458915259088
 20
502.2992739885819
 30
0.0
 70
0
  0
VERTEX
  5
53
  8
CUT
 10
908.4041922737449
 20
507.077529738882
 30
0.0
 70
0
  0
VERTEX
  5
54
  8
CUT
 10
898.2950682317605
 20
511.71143338375344
 30
0.0
 70
0
  0
VERTEX
  5
55
  8
CUT
 10
888.120594370264
 20
516.2000337811942
 30
0.0
 70
0
  0
VERTEX
  5
56
  8
CUT
 10
877.8828590730843
 20
520.5424096137378
 30
0.0
 70
0
  0
VERTEX
  5
57
  8
CUT
 10
867.5839637089136
 20
524.7376695775597
 30
0.0
 70
0
  0
VERTEX
  5
58
  8
CUT
 10
857.2260221999877
 20
528.7849525654235
 30
0.0
 70
0
  0
VERTEX
  5
59
  8
CUT
 10
846.8111605881875
 20
532.6834278434305
 30
0.0
 70
0
  0
VERTEX
  5
5A
  8
CUT
 10
836.3415165986537
 20
536.4322952215325
 30
0.0
 70
0
  0
VERTEX
  5
5B
  8
CUT
 10
825.8192392010031
 20
540.0307852177775
 30
0.0
 70
0
  0
VERTEX
  5
5C
  8
CUT
 10
815.2464881682384
 20
543.4781592162512
 30
0.0
 70
0
  0
VERTEX
  5
5D
  8
CUT
 10
804.6254336334375
 20
546.7737096186829
 30
0.0
 70
0
  0
VERTEX
  5
5E
  8
CUT
 10
793.9582556443195
 20
549.9167599896853
 30
0.0
 70
0
  0
VERTEX
  5
5F
  8
CUT
 10
783.2471437157735
 20
552.9066651955977
 30
0.0
 70
0
  0
VERTEX
  5
60
  8
CUT
 10
772.4942963804452
 20
555.7428115369044
 30
0.0
 70
0
  0
VERTEX
  5
61
  8
CUT
 10
761.7019207374726
 20
558.4246168742006
 30
0.0
 70
0
  0
VERTEX
  5
62
  8
CUT
 10
750.8722319994624
 20
560.951530747682
 30
0.0
 70
0
  0
VERTEX
  5
63
  8
CUT
 10
740.0074530378017
 20
563.3230344901285
 30
0.0
 70
0
  0
VERTEX
  5
64
  8
CUT
 10
729.1098139263986
 20
565.5386413333658
 30
0.0
 70
0
  0
VERTEX
  5
65
  8
CUT
 10
718.1815514839427
 20
567.5978965081779
 30
0.0
 70
0
  0
VERTEX
  5
66
  8
CUT
 10
707.2249088147825
 20
569.5003773376516
 30
0.0
 70
0
  0
VERTEX
  5
67
  8
CUT
 10
696.2421348485111
 20
571.2456933239339
 30
0.0
 70
0
  0
VERTEX
  5
68
  8
CUT
 10
685.2354838783587
 20
572.8334862283843
 30
0.0
 70
0
  0
VERTEX
  5
69
  8
CUT
 10
674.2072150984816
 20
574.2634301451067
 30
0.0
 70
0
  0
VERTEX
  5
6A
  8
CUT
 10
663.1595921402471
 20
575.5352315678429
 30
0.0
 70
0
  0
VERTEX
  5
6B
  8
CUT
 10
652.0948826076065
 20
576.648629450217
 30
0.0
 70
0
  0
VERTEX
  5
6C
  8
CUT
 10
641.0153576116533
 20
577.603395259318
 30
0.0
 70
0
  0
VERTEX
  5
6D
  8
CUT
 10
629.9232913044609
 20
578.3993330226069
 30
0.0
 70
0
  0
VERTEX
  5
6E
  8
CUT
 10
618.8209604122974
 20
579.0362793681418
 30
0.0
 70
0
  0
VERTEX
  5
6F
  8
CUT
 10
607.7106437683101
 20
579.5141035581107
 30
0.0
 70
0
  0
VERTEX
  5
70
  8
CUT
 10
596.5946218447795
 20
579.8327075156674
 30
0.0
 70
0
  0
VERTEX
  5
71
  8
CUT
 10
585.4751762850359
 20
579.9920258450613
 30
0.0
 70
0
  0
VERTEX
  5
72
  8
CUT
 10
574.3545894351353
 20
579.9920258450613
 30
0.0
 70
0
  0
VERTEX
  5
73
  8
CUT
 10
563.235143875392
 20
579.8327075156674
 30
0.0
 70
0
  0
VERTEX
  5
74
  8
CUT
 10
552.1191219518614
 20
579.5141035581107
 30
0.0
 70
0
  0
VERTEX
  5
75
  8
CUT
 10
541.0088053078741
 20
579.0362793681418
 30
0.0
 70
0
  0
VERTEX
  5
76
  8
CUT
 10
529.9064744157104
 20
578.3993330226069
 30
0.0
 70
0
  0
VERTEX
  5
77
  8
CUT
 10
518.8144081085179
 20
577.603395259318
 30
0.0
 70
0
  0
VERTEX
  5
78
  8
CUT
 10
507.7348831125646
 20
576.648629450217
 30
0.0
 70
0
  0
VERTEX
  5
79
  8
CUT
 10
496.6701735799242
 20
575.5352315678429
 30
0.0
 70
0
  0
VERTEX
  5
7A
  8
CUT
 10
485.62255062168975
 20
574.2634301451067
 30
0.0
 70
0
  0
VERTEX
  5
7B
  8
CUT
 10
474.59428184181286
 20
572.8334862283843
 30
0.0
 70
0
  0
VERTEX
  5
7C
  8
CUT
 10
463.58763087166034
 20
571.2456933239339
 30
0.0
 70
0
  0
VERTEX
  5
7D
  8
CUT
 10
452.6048569053889
 20
569.5003773376516
 30
0.0
 70
0
  0
VERTEX
  5
7E
  8
CUT
 10
441.64821423622845
 20
567.5978965081779
 30
0.0
 70
0
  0
VERTEX
  5
7F
  8
CUT
 10
430.71995179377274
 20
565.5386413333658
 30
0.0
 70
0
  0
VERTEX
  5
80
  8
CUT
 10
419.8223126823698
 20
563.3230344901285
 30
0.0
 70
0
  0
VERTEX
  5
81
  8
CUT
 10
408.9575337207091
 20
560.951530747682
 30
0.0
 70
0
  0
VERTEX
  5
82
  8
CUT
 10
398.12784498269866
 20
558.4246168742009
 30
0.0
 70
0
  0
VERTEX
  5
83
  8
CUT
 10
387.33546933972593
 20
555.7428115369044
 30
0.0
 70
0
  0
VERTEX
  5
84
  8
CUT
 10
376.5826220043979
 20
552.9066651955977
 30
0.0
 70
0
  0
VERTEX
  5
85
  8
CUT
 10
365.8715100758518
 20
549.9167599896855
 30
0.0
 70
0
  0
VERTEX
  5
86
  8
CUT
 10
355.20433208673376
 20
546.7737096186831
 30
0.0
 70
0
  0
VERTEX
  5
87
  8
CUT
 10
344.58327755193284
 20
543.4781592162515
 30
0.0
 70
0
  0
VERTEX
  5
88
  8
CUT
 10
334.01052651916814
 20
540.0307852177777
 30
0.0
 70
0
  0
VERTEX
  5
89
  8
CUT
 10
323.4882491215177
 20
536.4322952215325
 30
0.0
 70
0
  0
VERTEX
  5
8A
  8
CUT
 10
313.0186051319839
 20
532.6834278434305
 30
0.0
 70
0
  0
VERTEX
  5
8B
  8
CUT
 10
302.6037435201836
 20
528.7849525654235
 30
0.0
 70
0
  0
VERTEX
  5
8C
  8
CUT
 10
292.2458020112577
 20
524.7376695775597
 30
0.0
 70
0
  0
VERTEX
  5
8D
  8
CUT
 10
281.946906647087
 20
520.5424096137378
 30
0.0
 70
0
  0
VERTEX
  5
8E
  8
CUT
 10
271.70917134990725
 20
516.2000337811944
 30
0.0
 70
0
  0
VERTEX
  5
8F
  8
CUT
 10
261.5346974884107
 20
511.71143338375344
 30
0.0
 70
0
  0
VERTEX
  5
90
  8
CUT
 10
251.42557344642643
 20
507.0775297388822
 30
0.0
 70
0
  0
VERTEX
  5
91
  8
CUT
 10
241.38387419426238
 20
502.299273988582
 30
0.0
 70
0
  0
VERTEX
  5
92
  8
CUT
 10
231.4116608628063
 20
497.3776469041613
 30
0.0
 70
0
  0
VERTEX
  5
93
  8
CUT
 10
221.5109803204594
 20
492.3136586849236
 30
0.0
 70
0
  0
VERTEX
  5
94
  8
CUT
 10
211.68386475300576
 20
487.1083487508186
 30
0.0
 70
0
  0
VERTEX
  5
95
  8
CUT
 10
201.93233124648947
 20
481.76278552909235
 30
0.0
 70
0
  0
VERTEX
  5
96
  8
CUT
 10
192.25838137319386
 20
476.2780662349856
 30
0.0
 70
0
  0
VERTEX
  5
97
  8
CUT
 10
182.66400078080454
 20
470.6553166465222
 30
0.0
 70
0
  0
VERTEX
  5
98
  8
CUT
 10
173.15115878484056
 20
464.8956908734353
 30
0.0
 70
0
  0
VERTEX
  5
99
  8
CUT
 10
163.72180796443882
 20
459.0003711202782
 30
0.0
 70
0
  0
VERTEX
  5
9A
  8
CUT
 10
154.37788376157187
 20
452.9705674437669
 30
0.0
 70
0
  0
VERTEX
  5
9B
  8
CUT
 10
145.12130408378732
 20
446.80751750441055
 30
0.0
 70
0
  0
VERTEX
  5
9C
  8
CUT
 10
135.9539689105398
 20
440.51248631246864
 30
0.0
 70
0
  0
VERTEX
  5
9D
  8
CUT
 10
126.87775990321
 20
434.0867659683019
 30
0.0
 70
0
  0
VERTEX
  5
9E
  8
CUT
 10
117.8945400188772
 20
427.53167539715713
 30
0.0
 70
0
  0
VERTEX
  5
9F
  8
CUT
 10
109.00615312793656
 20
420.84856007845
 30
0.0
 70
0
  0
VERTEX
  5
A0
  8
CUT
 10
100.21442363562977
 20
414.038791769595
 30
0.0
 70
0
  0
VERTEX
  5
A1
  8
CUT
 10
91.52115610757352
 20
407.10376822444204
 30
0.0
 70
0
  0
VERTEX
  5
A2
  8
CUT
 10
82.92813489935907
 20
400.0449129063782
 30
0.0
 70
0
  0
VERTEX
  5
A3
  8
CUT
 10
74.43712379030057
 20
392.8636746961509
 30
0.0
 70
0
  0
VERTEX
  5
A4
  8
CUT
 10
66.04986562140698
 20
385.5615275944753
 30
0.0
 70
0
  0
VERTEX
  5
A5
  8
CUT
 10
57.76808193765089
 20
378.13997041948477
 30
0.0
 70
0
  0
VERTEX
  5
A6
  8
CUT
 10
49.593472634609725
 20
370.60052649908795
 30
0.0
 70
0
  0
VERTEX
  5
A7
  8
CUT
 10
41.52771560954886
 20
362.94474335829403
 30
0.0
 70
0
  0
VERTEX
  5
A8
  8
CUT
 10
33.572466417022724
 20
355.17419240157363
 30
0.0
 70
0
  0
VERTEX
  5
A9
  8
CUT
 10
25.729357929058665
 20
347.29046859031445
 30
0.0
 70
0
  0
VERTEX
  5
AA
  8
CUT
 10
18.0
 20
339.2951901154468
 30
0.0
 70
0
  0
VERTEX
  5
AB
  8
CUT
 10
355.14892971605127
 20
18.0
 30
0.0
 70
0
  0
VERTEX
  5
AC
  8
CUT
 10
360.02162197976304
 20
22.999360341127385
 30
0.0
 70
0
  0
VERTEX
  5
AD
  8
CUT
 10
365.0054851905883
 20
27.887902170042707
 30
0.0
 70
0
  0
VERTEX
  5
AE
  8
CUT
 10
370.09799966788205
 20
32.6631539975202
 30
0.0
 70
0
  0
VERTEX
  5
AF
  8
CUT
 10
375.2965908004197
 20
37.32270161010797
 30
0.0
 70
0
  0
VERTEX
  5
B0
  8
CUT
 10
380.5986303480384
 20
41.864189290677075
 30
0.0
 70
0
  0
VERTEX
  5
B1
  8
CUT
 10
386.00143777038943
 20
46.28532100939583
 30
0.0
 70
0
  0
VERTEX
  5
B2
  8
CUT
 10
391.50228158213406
 20
50.58386158452885
 30
0.0
 70
0
  0
VERTEX
  5
B3
  8
CUT
 10
397.0983807338937
 20
54.75763781247235
 30
0.0
 70
0
  0
VERTEX
  5
B4
  8
CUT
 10
402.78690601825974
 20
58.804539566456725
 30
0.0
 70
0
  0
VERTEX
  5
B5
  8
CUT
 10
408.56498150014875
 20
62.7225208633576
 30
0.0
 70
0
  0
VERTEX
  5
B6
  8
CUT
 10
414.42968597078334
 20
66.50960089808001
 30
0.0
 70
0
  0
VERTEX
  5
B7
  8
CUT
 10
420.37805442456033
 20
70.16386504498871
 30
0.0
 70
0
  0
VERTEX
  5
B8
  8
CUT
 10
426.4070795580632
 20
73.68346582588197
 30
0.0
 70
0
  0
VERTEX
  5
B9
  8
CUT
 10
432.5137132904565
 20
77.06662384401648
 30
0.0
 70
0
  0
VERTEX
  5
BA
  8
CUT
 10
438.69486830449864
 20
80.31162868371331
 30
0.0
 70
0
  0
VERTEX
  5
BB
  8
CUT
 10
444.9474196073886
 20
83.4168397750887
 30
0.0
 70
0
  0
VERTEX
  5
BC
  8
CUT
 10
451.26820611066296
 20
86.38068722347379
 30
0.0
 70
0
  0
VERTEX
  5
BD
  8
CUT
 10
457.6540322283392
 20
89.20167260310211
 30
0.0
 70
0
  0
VERTEX
  5
BE
  8
CUT
 10
464.1016694925018
 20
91.87836971466601
 30
0.0
 70
0
  0
VERTEX
  5
BF
  8
CUT
 10
470.6078581855113
 20
94.40942530635664
 30
0.0
 70
0
  0
VERTEX
  5
C0
  8
CUT
 10
477.1693089880124
 20
96.79355975802468
 30
0.0
 70
0
  0
VERTEX
  5
C1
  8
CUT
 10
483.782704641908
 20
99.02956772811501
 30
0.0
 70
0
  0
VERTEX
  5
C2
  8
CUT
 10
490.444701627458
 20
101.11631876304841
 30
0.0
 70
0
  0
VERTEX
  5
C3
  8
CUT
 10
497.15193185365496
 20
103.05275786874279
 30
0.0
 70
0
  0
VERTEX
  5
C4
  8
CUT
 10
503.9010043610227
 20
104.83790604398382
 30
0.0
 70
0
  0
VERTEX
  5
C5
  8
CUT
 10
510.6885070359757
 20
106.47086077537676
 30
0.0
 70
0
  0
VERTEX
  5
C6
  8
CUT
 10
517.5110083358743
 20
107.95079649362776
 30
0.0
 70
0
  0
VERTEX
  5
C7
  8
CUT
 10
524.3650590239017
 20
109.27696499092548
 30
0.0
 70
0
  0
VERTEX
  5
C8
  8
CUT
 10
531.2471939128869
 20
110.44869579921055
 30
0.0
 70
0
  0
VERTEX
  5
C9
  8
CUT
 10
538.1539336171923
 20
111.46539652914288
 30
0.0
 70
0
  0
VERTEX
  5
CA
  8
CUT
 10
545.081786311778
 20
112.32655316959438
 30
0.0
 70
0
  0
VERTEX
  5
CB
  8
CUT
 10
552.027249497557
 20
113.03173034751654
 30
0.0
 70
0
  0
VERTEX
  5
CC
  8
CUT
 10
558.986811772145
 20
113.58057154805113
 30
0.0
 70
0
  0
VERTEX
  5
CD
  8
CUT
 10
565.956954605113
 20
113.97279929477219
 30
0.0
 70
0
  0
VERTEX
  5
CE
  8
CUT
 10
572.9341541168424
 20
114.20821528996987
 30
0.0
 70
0
  0
VERTEX
  5
CF
  8
CUT
 10
579.9148828600855
 20
114.28670051490263
 30
0.0
 70
0
  0
VERTEX
  5
D0
  8
CUT
 10
586.8956116033286
 20
114.20821528996987
 30
0.0
 70
0
  0
VERTEX
  5
D1
  8
CUT
 10
593.8728111150581
 20
113.97279929477219
 30
0.0
 70
0
  0
VERTEX
  5
D2
  8
CUT
 10
600.842953948026
 20
113.58057154805113
 30
0.0
 70
0
  0
VERTEX
  5
D3
  8
CUT
 10
607.802516222614
 20
113.03173034751654
 30
0.0
 70
0
  0
VERTEX
  5
D4
  8
CUT
 10
614.747979408393
 20
112.32655316959438
 30
0.0
 70
0
  0
VERTEX
  5
D5
  8
CUT
 10
621.6758321029788
 20
111.46539652914288
 30
0.0
 70
0
  0
VERTEX
  5
D6
  8
CUT
 10
628.5825718072841
 20
110.44869579921055
 30
0.0
 70
0
  0
VERTEX
  5
D7
  8
CUT
 10
635.4647066962694
 20
109.27696499092548
 30
0.0
 70
0
  0
VERTEX
  5
D8
  8
CUT
 10
642.3187573842966
 20
107.95079649362776
 30
0.0
 70
0
  0
VERTEX
  5
D9
  8
CUT
 10
649.1412586841953
 20
106.47086077537676
 30
0.0
 70
0
  0
VERTEX
  5
DA
  8
CUT
 10
655.9287613591483
 20
104.83790604398388
 30
0.0
 70
0
  0
VERTEX
  5
DB
  8
CUT
 10
662.677833866516
 20
103.05275786874279
 30
0.0
 70
0
  0
VERTEX
  5
DC
  8
CUT
 10
669.385064092713
 20
101.11631876304841
 30
0.0
 70
0
  0
VERTEX
  5
DD
  8
CUT
 10
676.047061078263
 20
99.02956772811501
 30
0.0
 70
0
  0
VERTEX
  5
DE
  8
CUT
 10
682.6604567321587
 20
96.79355975802468
 30
0.0
 70
0
  0
VERTEX
  5
DF
  8
CUT
 10
689.2219075346597
 20
94.40942530635664
 30
0.0
 70
0
  0
VERTEX
  5
E0
  8
CUT
 10
695.7280962276692
 20
91.87836971466601
 30
0.0
 70
0
  0
VERTEX
  5
E1
  8
CUT
 10
702.1757334918318
 20
89.20167260310211
 30
0.0
 70
0
  0
VERTEX
  5
E2
  8
CUT
 10
708.5615596095081
 20
86.38068722347379
 30
0.0
 70
0
  0
VERTEX
  5
E3
  8
CUT
 10
714.8823461127824
 20
83.4168397750887
 30
0.0
 70
0
  0
VERTEX
  5
E4
  8
CUT
 10
721.1348974156724
 20
80.31162868371331
 30
0.0
 70
0
  0
VERTEX
  5
E5
  8
CUT
 10
727.3160524297144
 20
77.06662384401653
 30
0.0
 70
0
  0
VERTEX
  5
E6
  8
CUT
 10
733.4226861621078
 20
73.68346582588202
 30
0.0
 70
0
  0
VERTEX
  5
E7
  8
CUT
 10
739.4517112956106
 20
70.16386504498877
 30
0.0
 70
0
  0
VERTEX
  5
E8
  8
CUT
 10
745.4000797493877
 20
66.50960089808001
 30
0.0
 70
0
  0
VERTEX
  5
E9
  8
CUT
 10
751.2647842200222
 20
62.72252086335766
 30
0.0
 70
0
  0
VERTEX
  5
EA
  8
CUT
 10
757.0428597019113
 20
58.8045395664567
 30
0.0
 70
0
  0
VERTEX
  5
EB
  8
CUT
 10
762.7313849862774
 20
54.75763781247238
 30
0.0
 70
0
  0
VERTEX
  5
EC
  8
CUT
 10
768.3274841380371
 20
50.58386158452882
 30
0.0
 70
0
  0
VERTEX
  5
ED
  8
CUT
 10
773.8283279497816
 20
46.28532100939586
 30
0.0
 70
0
  0
VERTEX
  5
EE
  8
CUT
 10
779.2311353721327
 20
41.86418929067705
 30
0.0
 70
0
  0
VERTEX
  5
EF
  8
CUT
 10
784.5331749197513
 20
37.32270161010797
 30
0.0
 70
0
  0
VERTEX
  5
F0
  8
CUT
 10
789.731766052289
 20
32.66315399752017
 30
0.0
 70
0
  0
VERTEX
  5
F1
  8
CUT
 10
794.8242805295828
 20
27.887902170042707
 30
0.0
 70
0
  0
VERTEX
  5
F2
  8
CUT
 10
799.808143740408
 20
22.999360341127357
 30
0.0
 70
0
  0
SEQEND
  5
37
  8
CUT
  0
POLYLINE
  5
F3
  8
POCKET-KERF-15_5
 66
1
 10
0.0
 20
0.0
 30
0.0
 70
1
  0
VERTEX
  5
F5
  8
POCKET-KERF-15_5
 10
792.0248898292907
 20
22.271838242901584
 30
0.0
 70
0
  0
VERTEX
  5
F6
  8
POCKET-KERF-15_5
 10
796.2883280574417
 20
18.050097550397982
 30
0.0
 70
0
  0
VERTEX
  5
F7
  8
POCKET-KERF-15_5
 10
1132.4270096061252
 20
357.508773309348
 30
0.0
 70
0
  0
VERTEX
  5
F8
  8
POCKET-KERF-15_5
 10
1128.1635713779742
 20
361.73051400185153
 30
0.0
 70
0
  0
SEQEND
  5
F4
  8
POCKET-KERF-15_5
  0
POLYLINE
  5
F9
  8
POCKET-KERF-15_5
 66
1
 10
0.0
 20
0.0
 30
0.0
 70
1
  0
VERTEX
  5
FB
  8
POCKET-KERF-15_5
 10
1012.6854145148793
 20
262.16456980075765
 30
0.0
 70
0
  0
VERTEX
  5
FC
  8
POCKET-KERF-15_5
 10
1017.0284413110769
 20
258.02474876024024
 30
0.0
 70
0
  0
VERTEX
  5
FD
  8
POCKET-KERF-15_5
 10
1121.7870926674163
 20
367.92554532153804
 30
0.0
 70
0
  0
VERTEX
  5
FE
  8
POCKET-KERF-15_5
 10
1117.4440658712188
 20
372.06536636205556
 30
0.0
 70
0
  0
SEQEND
  5
FA
  8
POCKET-KERF-15_5
  0
POLYLINE
  5
FF
  8
POCKET-KERF-15_5
 66
1
 10
0.0
 20
0.0
 30
0.0
 70
1
  0
VERTEX
  5
101
  8
POCKET-KERF-15_5
 10
783.555566738048
 20
30.18710606714594
 30
0.0
 70
0
  0
VERTEX
  5
102
  8
POCKET-KERF-15_5
 10
787.9766083378225
 20
26.13070480826351
 30
0.0
 70
0
  0
VERTEX
  5
103
  8
POCKET-KERF-15_5
 10
1110.9508197606856
 20
378.1378986794783
 30
0.0
 70
0
  0
VERTEX
  5
104
  8
POCKET-KERF-15_5
 10
1106.529778160911
 20
382.1942999383608
 30
0.0
 70
0
  0
SEQEND
  5
100
  8
POCKET-KERF-15_5
  0
POLYLINE
  5
105
  8
POCKET-KERF-15_5
 66
1
 10
0.0
 20
0.0
 30
0.0
 70
1
  0
VERTEX
  5
107
  8
POCKET-KERF-15_5
 10
994.9251023652007
 20
278.30504015811545
 30
0.0
 70
0
  0
VERTEX
  5
108
  8
POCKET-KERF-15_5
 10
999.4225567341848
 20
274.3335285820394
 30
0.0
 70
0
  0
VERTEX
  5
109
  8
POCKET-KERF-15_5
 10
1099.9221175808586
 20
388.14213277536265
 30
0.0
 70
0
  0
VERTEX
  5
10A
  8
POCKET-KERF-15_5
 10
1095.4246632118748
 20
392.11364435143884
 30
0.0
 70
0
  0
SEQEND
  5
106
  8
POCKET-KERF-15_5
  0
POLYLINE
  5
10B
  8
POCKET-KERF-15_5
 66
1
 10
0.0
 20
0.0
 30
0.0
 70
1
  0
VERTEX
  5
10D
  8
POCKET-KERF-15_5
 10
774.7911006924917
 20
37.774268467521075
 30
0.0
 70
0
  0
VERTEX
  5
10E
  8
POCKET-KERF-15_5
 10
779.3633381069417
 20
33.88908571430293
 30
0.0
 70
0
  0
VERTEX
  5
10F
  8
POCKET-KERF-15_5
 10
1088.704982552652
 20
397.93462241669283
 30
0.0
 70
0
  0
VERTEX
  5
110
  8
POCKET-KERF-15_5
 10
1084.132745138202
 20
401.81980516991086
 30
0.0
 70
0
  0
SEQEND
  5
10C
  8
POCKET-KERF-15_5
  0
POLYLINE
  5
111
  8
POCKET-KERF-15_5
 66
1
 10
0.0
 20
0.0
 30
0.0
 70
1
  0
VERTEX
  5
113
  8
POCKET-KERF-15_5
 10
976.563302634934
 20
293.7577998364496
 30
0.0
 70
0
  0
VERTEX
  5
114
  8
POCKET-KERF-15_5
 10
981.2086662722868
 20
289.96035376352637
 30
0.0
 70
0
  0
VERTEX
  5
115
  8
POCKET-KERF-15_5
 10
1077.3034793824058
 20
407.5118191399227
 30
0.0
 70
0
  0
VERTEX
  5
116
  8
POCKET-KERF-15_5
 10
1072.658115745053
 20
411.309265212846
 30
0.0
 70
0
  0
SEQEND
  5
112
  8
POCKET-KERF-15_5
  0
POLYLINE
  5
117
  8
POCKET-KERF-15_5
 66
1
 10
0.0
 20
0.0
 30
0.0
 70
1
  0
VERTEX
  5
119
  8
POCKET-KERF-15_5
 10
765.7441943134951
 20
45.02232912696971
 30
0.0
 70
0
  0
VERTEX
  5
11A
  8
POCKET-KERF-15_5
 10
770.4610008527438
 20
41.313995799004175
 30
0.0
 70
0
  0
VERTEX
  5
11B
  8
POCKET-KERF-15_5
 10
1065.7217395851742
 20
416.8702524963022
 30
0.0
 70
0
  0
VERTEX
  5
11C
  8
POCKET-KERF-15_5
 10
1061.0049330459256
 20
420.57858582426763
 30
0.0
 70
0
  0
SEQEND
  5
118
  8
POCKET-KERF-15_5
  0
POLYLINE
  5
11D
  8
POCKET-KERF-15_5
 66
1
 10
0.0
 20
0.0
 30
0.0
 70
1
  0
VERTEX
  5
11F
  8
POCKET-KERF-15_5
 10
957.6266276675251
 20
308.50045265707445
 30
0.0
 70
0
  0
VERTEX
  5
120
  8
POCKET-KERF-15_5
 10
962.4131678991972
 20
304.8825758473165
 30
0.0
 70
0
  0
VERTEX
  5
121
  8
POCKET-KERF-15_5
 10
1053.9639599876034
 20
426.0065313094474
 30
0.0
 70
0
  0
VERTEX
  5
122
  8
POCKET-KERF-15_5
 10
1049.1774197559314
 20
429.6244081192053
 30
0.0
 70
0
  0
SEQEND
  5
11E
  8
POCKET-KERF-15_5
  0
POLYLINE
  5
123
  8
POCKET-KERF-15_5
 66
1
 10
0.0
 20
0.0
 30
0.0
 70
1
  0
VERTEX
  5
125
  8
POCKET-KERF-15_5
 10
756.4279595717373
 20
51.92078319942985
 30
0.0
 70
0
  0
VERTEX
  5
126
  8
POCKET-KERF-15_5
 10
761.2824990172535
 20
48.39467390277875
 30
0.0
 70
0
  0
VERTEX
  5
127
  8
POCKET-KERF-15_5
 10
1042.034401207147
 20
434.91734490418787
 30
0.0
 70
0
  0
VERTEX
  5
128
  8
POCKET-KERF-15_5
 10
1037.1798617616312
 20
438.443454200839
 30
0.0
 70
0
  0
SEQEND
  5
124
  8
POCKET-KERF-15_5
  0
POLYLINE
  5
129
  8
POCKET-KERF-15_5
 66
1
 10
0.0
 20
0.0
 30
0.0
 70
1
  0
VERTEX
  5
12B
  8
POCKET-KERF-15_5
 10
938.142522991482
 20
322.5116316218785
 30
0.0
 70
0
  0
VERTEX
  5
12C
  8
POCKET-KERF-15_5
 10
943.0633025316716
 20
319.0785675798234
 30
0.0
 70
0
  0
VERTEX
  5
12D
  8
POCKET-KERF-15_5
 10
1029.9373861081633
 20
443.5994643062426
 30
0.0
 70
0
  0
VERTEX
  5
12E
  8
POCKET-KERF-15_5
 10
1025.0166065679737
 20
447.0325283482977
 30
0.0
 70
0
  0
SEQEND
  5
12A
  8
POCKET-KERF-15_5
  0
POLYLINE
  5
12F
  8
POCKET-KERF-15_5
 66
1
 10
0.0
 20
0.0
 30
0.0
 70
1
  0
VERTEX
  5
131
  8
POCKET-KERF-15_5
 10
746.8558987841054
 20
58.459632534844474
 30
0.0
 70
0
  0
VERTEX
  5
132
  8
POCKET-KERF-15_5
 10
751.841135296652
 20
55.12085777245457
 30
0.0
 70
0
  0
VERTEX
  5
133
  8
POCKET-KERF-15_5
 10
1017.6772982354563
 20
452.04974341228893
 30
0.0
 70
0
  0
VERTEX
  5
134
  8
POCKET-KERF-15_5
 10
1012.6920617229097
 20
455.38851817467884
 30
0.0
 70
0
  0
SEQEND
  5
130
  8
POCKET-KERF-15_5
  0
POLYLINE
  5
135
  8
POCKET-KERF-15_5
 66
1
 10
0.0
 20
0.0
 30
0.0
 70
1
  0
VERTEX
  5
137
  8
POCKET-KERF-15_5
 10
918.1392275426927
 20
335.77102988119697
 30
0.0
 70
0
  0
VERTEX
  5
138
  8
POCKET-KERF-15_5
 10
923.1871145482762
 20
332.52775425632905
 30
0.0
 70
0
  0
VERTEX
  5
139
  8
POCKET-KERF-15_5
 10
1005.2585802258302
 20
460.26512013000325
 30
0.0
 70
0
  0
VERTEX
  5
13A
  8
POCKET-KERF-15_5
 10
1000.2106932202469
 20
463.5083957548712
 30
0.0
 70
0
  0
SEQEND
  5
136
  8
POCKET-KERF-15_5
  0
POLYLINE
  5
13B
  8
POCKET-KERF-15_5
 66
1
 10
0.0
 20
0.0
 30
0.0
 70
1
  0
VERTEX
  5
13D
  8
POCKET-KERF-15_5
 10
737.0418850443538
 20
64.6294001697998
 30
0.0
 70
0
  0
VERTEX
  5
13E
  8
POCKET-KERF-15_5
 10
742.1505933612564
 20
61.48279893468754
 30
0.0
 70
0
  0
VERTEX
  5
13F
  8
POCKET-KERF-15_5
 10
992.6857321982286
 20
468.24261748765906
 30
0.0
 70
0
  0
VERTEX
  5
140
  8
POCKET-KERF-15_5
 10
987.5770238813259
 20
471.3892187227713
 30
0.0
 70
0
  0
SEQEND
  5
13C
  8
POCKET-KERF-15_5
  0
POLYLINE
  5
141
  8
POCKET-KERF-15_5
 66
1
 10
0.0
 20
0.0
 30
0.0
 70
1
  0
VERTEX
  5
143
  8
POCKET-KERF-15_5
 10
897.645732736833
 20
348.25943016517925
 30
0.0
 70
0
  0
VERTEX
  5
144
  8
POCKET-KERF-15_5
 10
902.8134111437729
 20
345.21064354056165
 30
0.0
 70
0
  0
VERTEX
  5
145
  8
POCKET-KERF-15_5
 10
979.9633101230451
 20
475.97934471287937
 30
0.0
 70
0
  0
VERTEX
  5
146
  8
POCKET-KERF-15_5
 10
974.7956317161052
 20
479.028131337497
 30
0.0
 70
0
  0
SEQEND
  5
142
  8
POCKET-KERF-15_5
  0
POLYLINE
  5
147
  8
POCKET-KERF-15_5
 66
1
 10
0.0
 20
0.0
 30
0.0
 70
1
  0
VERTEX
  5
149
  8
POCKET-KERF-15_5
 10
727.000142116387
 20
70.42114406279147
 30
0.0
 70
0
  0
VERTEX
  5
14A
  8
POCKET-KERF-15_5
 10
732.2249180233371
 20
67.47127682473585
 30
0.0
 70
0
  0
VERTEX
  5
14B
  8
POCKET-KERF-15_5
 10
967.0959241711967
 20
483.4724982801534
 30
0.0
 70
0
  0
VERTEX
  5
14C
  8
POCKET-KERF-15_5
 10
961.8711482642466
 20
486.4223655182091
 30
0.0
 70
0
  0
SEQEND
  5
148
  8
POCKET-KERF-15_5
  0
POLYLINE
  5
14D
  8
POCKET-KERF-15_5
 66
1
 10
0.0
 20
0.0
 30
0.0
 70
1
  0
VERTEX
  5
14F
  8
POCKET-KERF-15_5
 10
876.6917404511801
 20
359.9587326359919
 30
0.0
 70
0
  0
VERTEX
  5
150
  8
POCKET-KERF-15_5
 10
881.9717205779307
 20
357.108853715561
 30
0.0
 70
0
  0
VERTEX
  5
151
  8
POCKET-KERF-15_5
 10
954.0882370435539
 20
490.71936292673917
 30
0.0
 70
0
  0
VERTEX
  5
152
  8
POCKET-KERF-15_5
 10
948.8082569168032
 20
493.5692418471701
 30
0.0
 70
0
  0
SEQEND
  5
14E
  8
POCKET-KERF-15_5
  0
POLYLINE
  5
153
  8
POCKET-KERF-15_5
 66
1
 10
0.0
 20
0.0
 30
0.0
 70
1
  0
VERTEX
  5
155
  8
POCKET-KERF-15_5
 10
716.7452238193036
 20
75.82647005421124
 30
0.0
 70
0
  0
VERTEX
  5
156
  8
POCKET-KERF-15_5
 10
722.0784948815233
 20
73.07761215011878
 30
0.0
 70
0
  0
VERTEX
  5
157
  8
POCKET-KERF-15_5
 10
940.9449622813383
 20
497.71731263658165
 30
0.0
 70
0
  0
VERTEX
  5
158
  8
POCKET-KERF-15_5
 10
935.6116912191189
 20
500.466170540674
 30
0.0
 70
0
  0
SEQEND
  5
154
  8
POCKET-KERF-15_5
  0
POLYLINE
  5
159
  8
POCKET-KERF-15_5
 66
1
 10
0.0
 20
0.0
 30
0.0
 70
1
  0
VERTEX
  5
15B
  8
POCKET-KERF-15_5
 10
855.3076199767324
 20
370.8519811204929
 30
0.0
 70
0
  0
VERTEX
  5
15C
  8
POCKET-KERF-15_5
 10
860.6922493792752
 20
368.2051403248893
 30
0.0
 70
0
  0
VERTEX
  5
15D
  8
POCKET-KERF-15_5
 10
927.6708625580958
 20
504.4638115918908
 30
0.0
 70
0
  0
VERTEX
  5
15E
  8
POCKET-KERF-15_5
 10
922.286233155553
 20
507.1106523874944
 30
0.0
 70
0
  0
SEQEND
  5
15A
  8
POCKET-KERF-15_5
  0
POLYLINE
  5
15F
  8
POCKET-KERF-15_5
 66
1
 10
0.0
 20
0.0
 30
0.0
 70
1
  0
VERTEX
  5
161
  8
POCKET-KERF-15_5
 10
706.2919929340802
 20
80.83754403227093
 30
0.0
 70
0
  0
VERTEX
  5
162
  8
POCKET-KERF-15_5
 10
711.7260294712937
 20
78.2936794697936
 30
0.0
 70
0
  0
VERTEX
  5
163
  8
POCKET-KERF-15_5
 10
914.2707479538664
 20
510.9564150920361
 30
0.0
 70
0
  0
VERTEX
  5
164
  8
POCKET-KERF-15_5
 10
908.836711416653
 20
513.5002796545135
 30
0.0
 70
0
  0
SEQEND
  5
160
  8
POCKET-KERF-15_5
  0
POLYLINE
  5
165
  8
POCKET-KERF-15_5
 66
1
 10
0.0
 20
0.0
 30
0.0
 70
1
  0
VERTEX
  5
167
  8
POCKET-KERF-15_5
 10
833.5243640030257
 20
380.9233876853547
 30
0.0
 70
0
  0
VERTEX
  5
168
  8
POCKET-KERF-15_5
 10
839.0058385658003
 20
378.48342116557336
 30
0.0
 70
0
  0
VERTEX
  5
169
  8
POCKET-KERF-15_5
 10
900.7494742121766
 20
517.1927704394215
 30
0.0
 70
0
  0
VERTEX
  5
16A
  8
POCKET-KERF-15_5
 10
895.267999649402
 20
519.6327369592028
 30
0.0
 70
0
  0
SEQEND
  5
166
  8
POCKET-KERF-15_5
  0
POLYLINE
  5
16B
  8
POCKET-KERF-15_5
 66
1
 10
0.0
 20
0.0
 30
0.0
 70
1
  0
VERTEX
  5
16D
  8
POCKET-KERF-15_5
 10
695.6555996624684
 20
85.44710328723082
 30
0.0
 70
0
  0
VERTEX
  5
16E
  8
POCKET-KERF-15_5
 10
701.1825259517757
 20
83.11191897061602
 30
0.0
 70
0
  0
VERTEX
  5
16F
  8
POCKET-KERF-15_5
 10
887.1119409804824
 20
523.1706177920233
 30
0.0
 70
0
  0
VERTEX
  5
170
  8
POCKET-KERF-15_5
 10
881.585014691175
 20
525.5058021086382
 30
0.0
 70
0
  0
SEQEND
  5
16C
  8
POCKET-KERF-15_5
  0
POLYLINE
  5
171
  8
POCKET-KERF-15_5
 66
1
 10
0.0
 20
0.0
 30
0.0
 70
1
  0
VERTEX
  5
173
  8
POCKET-KERF-15_5
 10
811.3735436994364
 20
390.15835551902165
 30
0.0
 70
0
  0
VERTEX
  5
174
  8
POCKET-KERF-15_5
 10
816.9439189460954
 20
387.9287995965547
 30
0.0
 70
0
  0
VERTEX
  5
175
  8
POCKET-KERF-15_5
 10
873.3630900347055
 20
528.88779098228
 30
0.0
 70
0
  0
VERTEX
  5
176
  8
POCKET-KERF-15_5
 10
867.7927147880464
 20
531.1173469047469
 30
0.0
 70
0
  0
SEQEND
  5
172
  8
POCKET-KERF-15_5
  0
POLYLINE
  5
177
  8
POCKET-KERF-15_5
 66
1
 10
0.0
 20
0.0
 30
0.0
 70
1
  0
VERTEX
  5
179
  8
POCKET-KERF-15_5
 10
684.8514596693228
 20
89.64846703747774
 30
0.0
 70
0
  0
VERTEX
  5
17A
  8
POCKET-KERF-15_5
 10
690.4632653597358
 20
87.52534742402018
 30
0.0
 70
0
  0
VERTEX
  5
17B
  8
POCKET-KERF-15_5
 10
859.5079034885026
 20
534.3422183020361
 30
0.0
 70
0
  0
VERTEX
  5
17C
  8
POCKET-KERF-15_5
 10
853.8960977980897
 20
536.4653379154936
 30
0.0
 70
0
  0
SEQEND
  5
178
  8
POCKET-KERF-15_5
  0
POLYLINE
  5
17D
  8
POCKET-KERF-15_5
 66
1
 10
0.0
 20
0.0
 30
0.0
 70
1
  0
VERTEX
  5
17F
  8
POCKET-KERF-15_5
 10
788.8872629580765
 20
398.5435000873354
 30
0.0
 70
0
  0
VERTEX
  5
180
  8
POCKET-KERF-15_5
 10
794.5384655656688
 20
396.52758612886856
 30
0.0
 70
0
  0
VERTEX
  5
181
  8
POCKET-KERF-15_5
 10
845.5514019879181
 20
539.5319232532594
 30
0.0
 70
0
  0
VERTEX
  5
182
  8
POCKET-KERF-15_5
 10
839.9001993803256
 20
541.5478372117262
 30
0.0
 70
0
  0
SEQEND
  5
17E
  8
POCKET-KERF-15_5
  0
POLYLINE
  5
183
  8
POCKET-KERF-15_5
 66
1
 10
0.0
 20
0.0
 30
0.0
 70
1
  0
VERTEX
  5
185
  8
POCKET-KERF-15_5
 10
673.8952317401852
 20
93.4355461121946
 30
0.0
 70
0
  0
VERTEX
  5
186
  8
POCKET-KERF-15_5
 10
679.583783462286
 20
91.52756830703444
 30
0.0
 70
0
  0
VERTEX
  5
187
  8
POCKET-KERF-15_5
 10
831.4986428920715
 20
544.4550252642559
 30
0.0
 70
0
  0
VERTEX
  5
188
  8
POCKET-KERF-15_5
 10
825.8100911699707
 20
546.363003069416
 30
0.0
 70
0
  0
SEQEND
  5
184
  8
POCKET-KERF-15_5
  0
POLYLINE
  5
189
  8
POCKET-KERF-15_5
 66
1
 10
0.0
 20
0.0
 30
0.0
 70
1
  0
VERTEX
  5
18B
  8
POCKET-KERF-15_5
 10
766.0981118645968
 20
406.06666853216797
 30
0.0
 70
0
  0
VERTEX
  5
18C
  8
POCKET-KERF-15_5
 10
771.8219513644926
 20
404.26731826625763
 30
0.0
 70
0
  0
VERTEX
  5
18D
  8
POCKET-KERF-15_5
 10
817.3547184405461
 20
549.1097403711256
 30
0.0
 70
0
  0
VERTEX
  5
18E
  8
POCKET-KERF-15_5
 10
811.6308789406503
 20
550.9090906370359
 30
0.0
 70
0
  0
SEQEND
  5
18A
  8
POCKET-KERF-15_5
  0
POLYLINE
  5
18F
  8
POCKET-KERF-15_5
 66
1
 10
0.0
 20
0.0
 30
0.0
 70
1
  0
VERTEX
  5
191
  8
POCKET-KERF-15_5
 10
662.8027950865053
 20
96.8028517765913
 30
0.0
 70
0
  0
VERTEX
  5
192
  8
POCKET-KERF-15_5
 10
668.5598482403984
 20
95.11278107296687
 30
0.0
 70
0
  0
VERTEX
  5
193
  8
POCKET-KERF-15_5
 10
803.1247539081336
 20
553.4943818642079
 30
0.0
 70
0
  0
VERTEX
  5
194
  8
POCKET-KERF-15_5
 10
797.3677007542406
 20
555.1844525678324
 30
0.0
 70
0
  0
SEQEND
  5
190
  8
POCKET-KERF-15_5
  0
POLYLINE
  5
195
  8
POCKET-KERF-15_5
 66
1
 10
0.0
 20
0.0
 30
0.0
 70
1
  0
VERTEX
  5
197
  8
POCKET-KERF-15_5
 10
743.039119464333
 20
412.7169572849477
 30
0.0
 70
0
  0
VERTEX
  5
198
  8
POCKET-KERF-15_5
 10
748.8273001129323
 20
411.1367785674665
 30
0.0
 70
0
  0
VERTEX
  5
199
  8
POCKET-KERF-15_5
 10
788.8139057476105
 20
557.6073608992903
 30
0.0
 70
0
  0
VERTEX
  5
19A
  8
POCKET-KERF-15_5
 10
783.0257250990112
 20
559.1875396167715
 30
0.0
 70
0
  0
SEQEND
  5
196
  8
POCKET-KERF-15_5
  0
POLYLINE
  5
19B
  8
POCKET-KERF-15_5
 66
1
 10
0.0
 20
0.0
 30
0.0
 70
1
  0
VERTEX
  5
19D
  8
POCKET-KERF-15_5
 10
651.5902263313933
 20
99.74550368690262
 30
0.0
 70
0
  0
VERTEX
  5
19E
  8
POCKET-KERF-15_5
 10
657.4074370358677
 20
98.27578955832263
 30
0.0
 70
0
  0
VERTEX
  5
19F
  8
POCKET-KERF-15_5
 10
774.4273597212153
 20
561.4471870733489
 30
0.0
 70
0
  0
VERTEX
  5
1A0
  8
POCKET-KERF-15_5
 10
768.6101490167408
 20
562.916901201929
 30
0.0
 70
0
  0
SEQEND
  5
19C
  8
POCKET-KERF-15_5
  0
POLYLINE
  5
1A1
  8
POCKET-KERF-15_5
 66
1
 10
0.0
 20
0.0
 30
0.0
 70
1
  0
VERTEX
  5
1A3
  8
POCKET-KERF-15_5
 10
719.7437058922549
 20
418.48472786955034
 30
0.0
 70
0
  0
VERTEX
  5
1A4
  8
POCKET-KERF-15_5
 10
725.5878386942734
 20
417.12601090403786
 30
0.0
 70
0
  0
VERTEX
  5
1A5
  8
POCKET-KERF-15_5
 10
759.9703290215056
 20
565.0124689646209
 30
0.0
 70
0
  0
VERTEX
  5
1A6
  8
POCKET-KERF-15_5
 10
754.126196219487
 20
566.3711859301334
 30
0.0
 70
0
  0
SEQEND
  5
1A2
  8
POCKET-KERF-15_5
  0
POLYLINE
  5
1A7
  8
POCKET-KERF-15_5
 66
1
 10
0.0
 20
0.0
 30
0.0
 70
1
  0
VERTEX
  5
1A9
  8
POCKET-KERF-15_5
 10
640.273776209254
 20
102.25923696362726
 30
0.0
 70
0
  0
VERTEX
  5
1AA
  8
POCKET-KERF-15_5
 10
646.1427133948375
 20
101.01200951377065
 30
0.0
 70
0
  0
VERTEX
  5
1AB
  8
POCKET-KERF-15_5
 10
745.4480523822762
 20
568.301914636808
 30
0.0
 70
0
  0
VERTEX
  5
1AC
  8
POCKET-KERF-15_5
 10
739.5791151966927
 20
569.5491420866646
 30
0.0
 70
0
  0
SEQEND
  5
1A8
  8
POCKET-KERF-15_5
  0
POLYLINE
  5
1AD
  8
POCKET-KERF-15_5
 66
1
 10
0.0
 20
0.0
 30
0.0
 70
1
  0
VERTEX
  5
1AF
  8
POCKET-KERF-15_5
 10
696.2456339360955
 20
423.3616208716498
 30
0.0
 70
0
  0
VERTEX
  5
1B0
  8
POCKET-KERF-15_5
 10
702.137248803004
 20
422.22633489004755
 30
0.0
 70
0
  0
VERTEX
  5
1B1
  8
POCKET-KERF-15_5
 10
730.8657921802198
 20
571.314332107229
 30
0.0
 70
0
  0
VERTEX
  5
1B2
  8
POCKET-KERF-15_5
 10
724.9741773133113
 20
572.4496180888312
 30
0.0
 70
0
  0
SEQEND
  5
1AE
  8
POCKET-KERF-15_5
  0
POLYLINE
  5
1B3
  8
POCKET-KERF-15_5
 66
1
 10
0.0
 20
0.0
 30
0.0
 70
1
  0
VERTEX
  5
1B5
  8
POCKET-KERF-15_5
 10
628.8698460130801
 20
104.34040837275352
 30
0.0
 70
0
  0
VERTEX
  5
1B6
  8
POCKET-KERF-15_5
 10
634.7820036414572
 20
103.31747524824202
 30
0.0
 70
0
  0
VERTEX
  5
1B7
  8
POCKET-KERF-15_5
 10
716.2288325280222
 20
574.0486297787551
 30
0.0
 70
0
  0
VERTEX
  5
1B8
  8
POCKET-KERF-15_5
 10
710.3166748996451
 20
575.0715629032667
 30
0.0
 70
0
  0
SEQEND
  5
1B4
  8
POCKET-KERF-15_5
  0
POLYLINE
  5
1B9
  8
POCKET-KERF-15_5
 66
1
 10
0.0
 20
0.0
 30
0.0
 70
1
  0
VERTEX
  5
1BB
  8
POCKET-KERF-15_5
 10
672.578960102864
 20
427.3405680542855
 30
0.0
 70
0
  0
VERTEX
  5
1BC
  8
POCKET-KERF-15_5
 10
678.5095181288584
 20
426.43035846286597
 30
0.0
 70
0
  0
VERTEX
  5
1BD
  8
POCKET-KERF-15_5
 10
701.5424773595801
 20
576.5038168353669
 30
0.0
 70
0
  0
VERTEX
  5
1BE
  8
POCKET-KERF-15_5
 10
695.6119193335855
 20
577.4140264267864
 30
0.0
 70
0
  0
SEQEND
  5
1BA
  8
POCKET-KERF-15_5
  0
POLYLINE
  5
1BF
  8
POCKET-KERF-15_5
 66
1
 10
0.0
 20
0.0
 30
0.0
 70
1
  0
VERTEX
  5
1C1
  8
POCKET-KERF-15_5
 10
617.3949638235315
 20
105.98600160601534
 30
0.0
 70
0
  0
VERTEX
  5
1C2
  8
POCKET-KERF-15_5
 10
623.3417732156171
 20
105.18884537653325
 30
0.0
 70
0
  0
VERTEX
  5
1C3
  8
POCKET-KERF-15_5
 10
686.8120485080374
 20
578.6790036011913
 30
0.0
 70
0
  0
VERTEX
  5
1C4
  8
POCKET-KERF-15_5
 10
680.8652391159518
 20
579.4761598306733
 30
0.0
 70
0
  0
SEQEND
  5
1C0
  8
POCKET-KERF-15_5
  0
POLYLINE
  5
1C5
  8
POCKET-KERF-15_5
 66
1
 10
0.0
 20
0.0
 30
0.0
 70
1
  0
VERTEX
  5
1C7
  8
POCKET-KERF-15_5
 10
648.7779852596606
 20
430.4158026020835
 30
0.0
 70
0
  0
VERTEX
  5
1C8
  8
POCKET-KERF-15_5
 10
654.7388910973714
 20
429.7319885967102
 30
0.0
 70
0
  0
VERTEX
  5
1C9
  8
POCKET-KERF-15_5
 10
672.0428837773344
 20
580.5734018628906
 30
0.0
 70
0
  0
VERTEX
  5
1CA
  8
POCKET-KERF-15_5
 10
666.0819779396235
 20
581.2572158682639
 30
0.0
 70
0
  0
SEQEND
  5
1C6
  8
POCKET-KERF-15_5
  0
POLYLINE
  5
1CB
  8
POCKET-KERF-15_5
 66
1
 10
0.0
 20
0.0
 30
0.0
 70
1
  0
VERTEX
  5
1CD
  8
POCKET-KERF-15_5
 10
605.8657605542616
 20
107.19363165252368
 30
0.0
 70
0
  0
VERTEX
  5
1CE
  8
POCKET-KERF-15_5
 10
611.8386028090617
 20
106.62340766208264
 30
0.0
 70
0
  0
VERTEX
  5
1CF
  8
POCKET-KERF-15_5
 10
657.2403350079693
 20
582.1863251552845
 30
0.0
 70
0
  0
VERTEX
  5
1D0
  8
POCKET-KERF-15_5
 10
651.2674927531692
 20
582.7565491457256
 30
0.0
 70
0
  0
SEQEND
  5
1CC
  8
POCKET-KERF-15_5
  0
POLYLINE
  5
1D1
  8
POCKET-KERF-15_5
 66
1
 10
0.0
 20
0.0
 30
0.0
 70
1
  0
VERTEX
  5
1D3
  8
POCKET-KERF-15_5
 10
624.8772049203335
 20
432.58286747928645
 30
0.0
 70
0
  0
VERTEX
  5
1D4
  8
POCKET-KERF-15_5
 10
630.8598192383372
 20
432.1264401334619
 30
0.0
 70
0
  0
VERTEX
  5
1D5
  8
POCKET-KERF-15_5
 10
642.4097661376757
 20
583.5171890101001
 30
0.0
 70
0
  0
VERTEX
  5
1D6
  8
POCKET-KERF-15_5
 10
636.4271518196718
 20
583.9736163559246
 30
0.0
 70
0
  0
SEQEND
  5
1D2
  8
POCKET-KERF-15_5
  0
POLYLINE
  5
1D7
  8
POCKET-KERF-15_5
 66
1
 10
0.0
 20
0.0
 30
0.0
 70
1
  0
VERTEX
  5
1D9
  8
POCKET-KERF-15_5
 10
594.2989458482008
 20
107.96154825543965
 30
0.0
 70
0
  0
VERTEX
  5
1DA
  8
POCKET-KERF-15_5
 10
600.2891643344609
 20
107.61908294790123
 30
0.0
 70
0
  0
VERTEX
  5
1DB
  8
POCKET-KERF-15_5
 10
627.5565512577135
 20
584.565511167764
 30
0.0
 70
0
  0
VERTEX
  5
1DC
  8
POCKET-KERF-15_5
 10
621.5663327714534
 20
584.9079764753026
 30
0.0
 70
0
  0
SEQEND
  5
1D8
  8
POCKET-KERF-15_5
  0
POLYLINE
  5
1DD
  8
POCKET-KERF-15_5
 66
1
 10
0.0
 20
0.0
 30
0.0
 70
1
  0
VERTEX
  5
1DF
  8
POCKET-KERF-15_5
 10
600.9112592500276
 20
433.8386218894787
 30
0.0
 70
0
  0
VERTEX
  5
1E0
  8
POCKET-KERF-15_5
 10
606.9069112541061
 20
433.6102427179488
 30
0.0
 70
0
  0
VERTEX
  5
1E1
  8
POCKET-KERF-15_5
 10
612.686072665483
 20
585.3309117521582
 30
0.0
 70
0
  0
VERTEX
  5
1E2
  8
POCKET-KERF-15_5
 10
606.6904206614045
 20
585.5592909236881
 30
0.0
 70
0
  0
SEQEND
  5
1DE
  8
POCKET-KERF-15_5
  0
POLYLINE
  5
1E3
  8
POCKET-KERF-15_5
 66
1
 10
0.0
 20
0.0
 30
0.0
 70
1
  0
VERTEX
  5
1E5
  8
POCKET-KERF-15_5
 10
582.7112838597382
 20
108.28863844867756
 30
0.0
 70
0
  0
VERTEX
  5
1E6
  8
POCKET-KERF-15_5
 10
588.7101967622762
 20
108.17442816996181
 30
0.0
 70
0
  0
VERTEX
  5
1E7
  8
POCKET-KERF-15_5
 10
597.8037189141634
 20
585.8131134082707
 30
0.0
 70
0
  0
VERTEX
  5
1E8
  8
POCKET-KERF-15_5
 10
591.8048060116255
 20
585.9273236869865
 30
0.0
 70
0
  0
SEQEND
  5
1E4
  8
POCKET-KERF-15_5
  0
POLYLINE
  5
1E9
  8
POCKET-KERF-15_5
 66
1
 10
0.0
 20
0.0
 30
0.0
 70
1
  0
VERTEX
  5
1EB
  8
POCKET-KERF-15_5
 10
576.9148828600855
 20
434.1812458276424
 30
0.0
 70
0
  0
VERTEX
  5
1EC
  8
POCKET-KERF-15_5
 10
582.9148828600855
 20
434.1812458276424
 30
0.0
 70
0
  0
VERTEX
  5
1ED
  8
POCKET-KERF-15_5
 10
582.9148828600855
 20
586.0119414027033
 30
0.0
 70
0
  0
VERTEX
  5
1EE
  8
POCKET-KERF-15_5
 10
576.9148828600855
 20
586.0119414027033
 30
0.0
 70
0
  0
SEQEND
  5
1EA
  8
POCKET-KERF-15_5
  0
POLYLINE
  5
1EF
  8
POCKET-KERF-15_5
 66
1
 10
0.0
 20
0.0
 30
0.0
 70
1
  0
VERTEX
  5
1F1
  8
POCKET-KERF-15_5
 10
571.119568957895
 20
108.17442816996181
 30
0.0
 70
0
  0
VERTEX
  5
1F2
  8
POCKET-KERF-15_5
 10
577.1184818604329
 20
108.28863844867756
 30
0.0
 70
0
  0
VERTEX
  5
1F3
  8
POCKET-KERF-15_5
 10
568.0249597085457
 20
585.9273236869865
 30
0.0
 70
0
  0
VERTEX
  5
1F4
  8
POCKET-KERF-15_5
 10
562.0260468060077
 20
585.8131134082707
 30
0.0
 70
0
  0
SEQEND
  5
1F0
  8
POCKET-KERF-15_5
  0
POLYLINE
  5
1F5
  8
POCKET-KERF-15_5
 66
1
 10
0.0
 20
0.0
 30
0.0
 70
1
  0
VERTEX
  5
1F7
  8
POCKET-KERF-15_5
 10
552.9228544660648
 20
433.6102427179488
 30
0.0
 70
0
  0
VERTEX
  5
1F8
  8
POCKET-KERF-15_5
 10
558.9185064701434
 20
433.8386218894787
 30
0.0
 70
0
  0
VERTEX
  5
1F9
  8
POCKET-KERF-15_5
 10
553.1393450587665
 20
585.5592909236881
 30
0.0
 70
0
  0
VERTEX
  5
1FA
  8
POCKET-KERF-15_5
 10
547.1436930546879
 20
585.3309117521582
 30
0.0
 70
0
  0
SEQEND
  5
1F6
  8
POCKET-KERF-15_5
  0
POLYLINE
  5
1FB
  8
POCKET-KERF-15_5
 66
1
 10
0.0
 20
0.0
 30
0.0
 70
1
  0
VERTEX
  5
1FD
  8
POCKET-KERF-15_5
 10
559.5406013857101
 20
107.61908294790123
 30
0.0
 70
0
  0
VERTEX
  5
1FE
  8
POCKET-KERF-15_5
 10
565.5308198719703
 20
107.96154825543965
 30
0.0
 70
0
  0
VERTEX
  5
1FF
  8
POCKET-KERF-15_5
 10
538.2634329487177
 20
584.9079764753026
 30
0.0
 70
0
  0
VERTEX
  5
200
  8
POCKET-KERF-15_5
 10
532.2732144624575
 20
584.565511167764
 30
0.0
 70
0
  0
SEQEND
  5
1FC
  8
POCKET-KERF-15_5
  0
POLYLINE
  5
201
  8
POCKET-KERF-15_5
 66
1
 10
0.0
 20
0.0
 30
0.0
 70
1
  0
VERTEX
  5
203
  8
POCKET-KERF-15_5
 10
528.9699464818339
 20
432.1264401334619
 30
0.0
 70
0
  0
VERTEX
  5
204
  8
POCKET-KERF-15_5
 10
534.9525607998377
 20
432.58286747928645
 30
0.0
 70
0
  0
VERTEX
  5
205
  8
POCKET-KERF-15_5
 10
523.4026139004992
 20
583.9736163559246
 30
0.0
 70
0
  0
VERTEX
  5
206
  8
POCKET-KERF-15_5
 10
517.4199995824955
 20
583.5171890101001
 30
0.0
 70
0
  0
SEQEND
  5
202
  8
POCKET-KERF-15_5
  0
POLYLINE
  5
207
  8
POCKET-KERF-15_5
 66
1
 10
0.0
 20
0.0
 30
0.0
 70
1
  0
VERTEX
  5
209
  8
POCKET-KERF-15_5
 10
547.9911629111094
 20
106.62340766208264
 30
0.0
 70
0
  0
VERTEX
  5
20A
  8
POCKET-KERF-15_5
 10
553.9640051659095
 20
107.19363165252368
 30
0.0
 70
0
  0
VERTEX
  5
20B
  8
POCKET-KERF-15_5
 10
508.5622729670019
 20
582.7565491457256
 30
0.0
 70
0
  0
VERTEX
  5
20C
  8
POCKET-KERF-15_5
 10
502.5894307122018
 20
582.1863251552845
 30
0.0
 70
0
  0
SEQEND
  5
208
  8
POCKET-KERF-15_5
  0
POLYLINE
  5
20D
  8
POCKET-KERF-15_5
 66
1
 10
0.0
 20
0.0
 30
0.0
 70
1
  0
VERTEX
  5
20F
  8
POCKET-KERF-15_5
 10
505.0908746227997
 20
429.7319885967102
 30
0.0
 70
0
  0
VERTEX
  5
210
  8
POCKET-KERF-15_5
 10
511.0517804605106
 20
430.4158026020835
 30
0.0
 70
0
  0
VERTEX
  5
211
  8
POCKET-KERF-15_5
 10
493.74778778054775
 20
581.2572158682639
 30
0.0
 70
0
  0
VERTEX
  5
212
  8
POCKET-KERF-15_5
 10
487.7868819428368
 20
580.5734018628906
 30
0.0
 70
0
  0
SEQEND
  5
20E
  8
POCKET-KERF-15_5
  0
POLYLINE
  5
213
  8
POCKET-KERF-15_5
 66
1
 10
0.0
 20
0.0
 30
0.0
 70
1
  0
VERTEX
  5
215
  8
POCKET-KERF-15_5
 10
536.487992504554
 20
105.18884537653325
 30
0.0
 70
0
  0
VERTEX
  5
216
  8
POCKET-KERF-15_5
 10
542.4348018966397
 20
105.98600160601534
 30
0.0
 70
0
  0
VERTEX
  5
217
  8
POCKET-KERF-15_5
 10
478.9645266042194
 20
579.4761598306733
 30
0.0
 70
0
  0
VERTEX
  5
218
  8
POCKET-KERF-15_5
 10
473.0177172121338
 20
578.6790036011913
 30
0.0
 70
0
  0
SEQEND
  5
214
  8
POCKET-KERF-15_5
  0
POLYLINE
  5
219
  8
POCKET-KERF-15_5
 66
1
 10
0.0
 20
0.0
 30
0.0
 70
1
  0
VERTEX
  5
21B
  8
POCKET-KERF-15_5
 10
481.3202475913127
 20
426.43035846286597
 30
0.0
 70
0
  0
VERTEX
  5
21C
  8
POCKET-KERF-15_5
 10
487.25080561730715
 20
427.3405680542855
 30
0.0
 70
0
  0
VERTEX
  5
21D
  8
POCKET-KERF-15_5
 10
464.21784638658556
 20
577.4140264267864
 30
0.0
 70
0
  0
VERTEX
  5
21E
  8
POCKET-KERF-15_5
 10
458.2872883605911
 20
576.5038168353669
 30
0.0
 70
0
  0
SEQEND
  5
21A
  8
POCKET-KERF-15_5
  0
POLYLINE
  5
21F
  8
POCKET-KERF-15_5
 66
1
 10
0.0
 20
0.0
 30
0.0
 70
1
  0
VERTEX
  5
221
  8
POCKET-KERF-15_5
 10
525.0477620787138
 20
103.31747524824202
 30
0.0
 70
0
  0
VERTEX
  5
222
  8
POCKET-KERF-15_5
 10
530.959919707091
 20
104.34040837275352
 30
0.0
 70
0
  0
VERTEX
  5
223
  8
POCKET-KERF-15_5
 10
449.51309082052603
 20
575.0715629032667
 30
0.0
 70
0
  0
VERTEX
  5
224
  8
POCKET-KERF-15_5
 10
443.600933192149
 20
574.0486297787551
 30
0.0
 70
0
  0
SEQEND
  5
220
  8
POCKET-KERF-15_5
  0
POLYLINE
  5
225
  8
POCKET-KERF-15_5
 66
1
 10
0.0
 20
0.0
 30
0.0
 70
1
  0
VERTEX
  5
227
  8
POCKET-KERF-15_5
 10
457.69251691716715
 20
422.22633489004755
 30
0.0
 70
0
  0
VERTEX
  5
228
  8
POCKET-KERF-15_5
 10
463.5841317840756
 20
423.3616208716498
 30
0.0
 70
0
  0
VERTEX
  5
229
  8
POCKET-KERF-15_5
 10
434.8555884068599
 20
572.4496180888312
 30
0.0
 70
0
  0
VERTEX
  5
22A
  8
POCKET-KERF-15_5
 10
428.9639735399514
 20
571.314332107229
 30
0.0
 70
0
  0
SEQEND
  5
226
  8
POCKET-KERF-15_5
  0
POLYLINE
  5
22B
  8
POCKET-KERF-15_5
 66
1
 10
0.0
 20
0.0
 30
0.0
 70
1
  0
VERTEX
  5
22D
  8
POCKET-KERF-15_5
 10
513.6870523253335
 20
101.01200951377065
 30
0.0
 70
0
  0
VERTEX
  5
22E
  8
POCKET-KERF-15_5
 10
519.555989510917
 20
102.25923696362726
 30
0.0
 70
0
  0
VERTEX
  5
22F
  8
POCKET-KERF-15_5
 10
420.25065052347844
 20
569.5491420866646
 30
0.0
 70
0
  0
VERTEX
  5
230
  8
POCKET-KERF-15_5
 10
414.381713337895
 20
568.301914636808
 30
0.0
 70
0
  0
SEQEND
  5
22C
  8
POCKET-KERF-15_5
  0
POLYLINE
  5
231
  8
POCKET-KERF-15_5
 66
1
 10
0.0
 20
0.0
 30
0.0
 70
1
  0
VERTEX
  5
233
  8
POCKET-KERF-15_5
 10
434.2419270258978
 20
417.12601090403786
 30
0.0
 70
0
  0
VERTEX
  5
234
  8
POCKET-KERF-15_5
 10
440.0860598279163
 20
418.48472786955034
 30
0.0
 70
0
  0
VERTEX
  5
235
  8
POCKET-KERF-15_5
 10
405.70356950068407
 20
566.3711859301334
 30
0.0
 70
0
  0
VERTEX
  5
236
  8
POCKET-KERF-15_5
 10
399.85943669866555
 20
565.0124689646209
 30
0.0
 70
0
  0
SEQEND
  5
232
  8
POCKET-KERF-15_5
  0
POLYLINE
  5
237
  8
POCKET-KERF-15_5
 66
1
 10
0.0
 20
0.0
 30
0.0
 70
1
  0
VERTEX
  5
239
  8
POCKET-KERF-15_5
 10
502.4223286843033
 20
98.27578955832263
 30
0.0
 70
0
  0
VERTEX
  5
23A
  8
POCKET-KERF-15_5
 10
508.2395393887778
 20
99.74550368690262
 30
0.0
 70
0
  0
VERTEX
  5
23B
  8
POCKET-KERF-15_5
 10
391.2196167034304
 20
562.916901201929
 30
0.0
 70
0
  0
VERTEX
  5
23C
  8
POCKET-KERF-15_5
 10
385.4024059989559
 20
561.4471870733489
 30
0.0
 70
0
  0
SEQEND
  5
238
  8
POCKET-KERF-15_5
  0
POLYLINE
  5
23D
  8
POCKET-KERF-15_5
 66
1
 10
0.0
 20
0.0
 30
0.0
 70
1
  0
VERTEX
  5
23F
  8
POCKET-KERF-15_5
 10
411.0024656072388
 20
411.1367785674665
 30
0.0
 70
0
  0
VERTEX
  5
240
  8
POCKET-KERF-15_5
 10
416.7906462558381
 20
412.7169572849477
 30
0.0
 70
0
  0
VERTEX
  5
241
  8
POCKET-KERF-15_5
 10
376.80404062116
 20
559.1875396167715
 30
0.0
 70
0
  0
VERTEX
  5
242
  8
POCKET-KERF-15_5
 10
371.0158599725607
 20
557.6073608992903
 30
0.0
 70
0
  0
SEQEND
  5
23E
  8
POCKET-KERF-15_5
  0
POLYLINE
  5
243
  8
POCKET-KERF-15_5
 66
1
 10
0.0
 20
0.0
 30
0.0
 70
1
  0
VERTEX
  5
245
  8
POCKET-KERF-15_5
 10
491.26991747977263
 20
95.11278107296687
 30
0.0
 70
0
  0
VERTEX
  5
246
  8
POCKET-KERF-15_5
 10
497.0269706336657
 20
96.8028517765913
 30
0.0
 70
0
  0
VERTEX
  5
247
  8
POCKET-KERF-15_5
 10
362.46206496593067
 20
555.1844525678324
 30
0.0
 70
0
  0
VERTEX
  5
248
  8
POCKET-KERF-15_5
 10
356.7050118120376
 20
553.4943818642079
 30
0.0
 70
0
  0
SEQEND
  5
244
  8
POCKET-KERF-15_5
  0
POLYLINE
  5
249
  8
POCKET-KERF-15_5
 66
1
 10
0.0
 20
0.0
 30
0.0
 70
1
  0
VERTEX
  5
24B
  8
POCKET-KERF-15_5
 10
388.0078143556785
 20
404.26731826625763
 30
0.0
 70
0
  0
VERTEX
  5
24C
  8
POCKET-KERF-15_5
 10
393.7316538555744
 20
406.06666853216797
 30
0.0
 70
0
  0
VERTEX
  5
24D
  8
POCKET-KERF-15_5
 10
348.19888677952093
 20
550.9090906370359
 30
0.0
 70
0
  0
VERTEX
  5
24E
  8
POCKET-KERF-15_5
 10
342.475047279625
 20
549.1097403711256
 30
0.0
 70
0
  0
SEQEND
  5
24A
  8
POCKET-KERF-15_5
  0
POLYLINE
  5
24F
  8
POCKET-KERF-15_5
 66
1
 10
0.0
 20
0.0
 30
0.0
 70
1
  0
VERTEX
  5
251
  8
POCKET-KERF-15_5
 10
480.24598225788515
 20
91.52756830703444
 30
0.0
 70
0
  0
VERTEX
  5
252
  8
POCKET-KERF-15_5
 10
485.93453397998593
 20
93.4355461121946
 30
0.0
 70
0
  0
VERTEX
  5
253
  8
POCKET-KERF-15_5
 10
334.01967455020036
 20
546.363003069416
 30
0.0
 70
0
  0
VERTEX
  5
254
  8
POCKET-KERF-15_5
 10
328.3311228280995
 20
544.4550252642559
 30
0.0
 70
0
  0
SEQEND
  5
250
  8
POCKET-KERF-15_5
  0
POLYLINE
  5
255
  8
POCKET-KERF-15_5
 66
1
 10
0.0
 20
0.0
 30
0.0
 70
1
  0
VERTEX
  5
257
  8
POCKET-KERF-15_5
 10
365.2913001545023
 20
396.52758612886856
 30
0.0
 70
0
  0
VERTEX
  5
258
  8
POCKET-KERF-15_5
 10
370.94250276209465
 20
398.5435000873354
 30
0.0
 70
0
  0
VERTEX
  5
259
  8
POCKET-KERF-15_5
 10
319.92956633984545
 20
541.5478372117262
 30
0.0
 70
0
  0
VERTEX
  5
25A
  8
POCKET-KERF-15_5
 10
314.27836373225307
 20
539.5319232532594
 30
0.0
 70
0
  0
SEQEND
  5
256
  8
POCKET-KERF-15_5
  0
POLYLINE
  5
25B
  8
POCKET-KERF-15_5
 66
1
 10
0.0
 20
0.0
 30
0.0
 70
1
  0
VERTEX
  5
25D
  8
POCKET-KERF-15_5
 10
469.3665003604353
 20
87.52534742402018
 30
0.0
 70
0
  0
VERTEX
  5
25E
  8
POCKET-KERF-15_5
 10
474.9783060508483
 20
89.64846703747774
 30
0.0
 70
0
  0
VERTEX
  5
25F
  8
POCKET-KERF-15_5
 10
305.93366792208144
 20
536.4653379154936
 30
0.0
 70
0
  0
VERTEX
  5
260
  8
POCKET-KERF-15_5
 10
300.32186223166843
 20
534.3422183020361
 30
0.0
 70
0
  0
SEQEND
  5
25C
  8
POCKET-KERF-15_5
  0
POLYLINE
  5
261
  8
POCKET-KERF-15_5
 66
1
 10
0.0
 20
0.0
 30
0.0
 70
1
  0
VERTEX
  5
263
  8
POCKET-KERF-15_5
 10
342.88584677407573
 20
387.9287995965547
 30
0.0
 70
0
  0
VERTEX
  5
264
  8
POCKET-KERF-15_5
 10
348.4562220207348
 20
390.15835551902165
 30
0.0
 70
0
  0
VERTEX
  5
265
  8
POCKET-KERF-15_5
 10
292.0370509321247
 20
531.1173469047469
 30
0.0
 70
0
  0
VERTEX
  5
266
  8
POCKET-KERF-15_5
 10
286.46667568546565
 20
528.88779098228
 30
0.0
 70
0
  0
SEQEND
  5
262
  8
POCKET-KERF-15_5
  0
POLYLINE
  5
267
  8
POCKET-KERF-15_5
 66
1
 10
0.0
 20
0.0
 30
0.0
 70
1
  0
VERTEX
  5
269
  8
POCKET-KERF-15_5
 10
458.64723976839537
 20
83.11191897061602
 30
0.0
 70
0
  0
VERTEX
  5
26A
  8
POCKET-KERF-15_5
 10
464.1741660577027
 20
85.44710328723082
 30
0.0
 70
0
  0
VERTEX
  5
26B
  8
POCKET-KERF-15_5
 10
278.24475102899606
 20
525.5058021086382
 30
0.0
 70
0
  0
VERTEX
  5
26C
  8
POCKET-KERF-15_5
 10
272.71782473968875
 20
523.1706177920233
 30
0.0
 70
0
  0
SEQEND
  5
268
  8
POCKET-KERF-15_5
  0
POLYLINE
  5
26D
  8
POCKET-KERF-15_5
 66
1
 10
0.0
 20
0.0
 30
0.0
 70
1
  0
VERTEX
  5
26F
  8
POCKET-KERF-15_5
 10
320.8239271543708
 20
378.4834211655735
 30
0.0
 70
0
  0
VERTEX
  5
270
  8
POCKET-KERF-15_5
 10
326.3054017171455
 20
380.92338768535484
 30
0.0
 70
0
  0
VERTEX
  5
271
  8
POCKET-KERF-15_5
 10
264.5617660707692
 20
519.6327369592028
 30
0.0
 70
0
  0
VERTEX
  5
272
  8
POCKET-KERF-15_5
 10
259.0802915079945
 20
517.1927704394216
 30
0.0
 70
0
  0
SEQEND
  5
26E
  8
POCKET-KERF-15_5
  0
POLYLINE
  5
273
  8
POCKET-KERF-15_5
 66
1
 10
0.0
 20
0.0
 30
0.0
 70
1
  0
VERTEX
  5
275
  8
POCKET-KERF-15_5
 10
448.1037362488774
 20
78.2936794697936
 30
0.0
 70
0
  0
VERTEX
  5
276
  8
POCKET-KERF-15_5
 10
453.537772786091
 20
80.83754403227093
 30
0.0
 70
0
  0
VERTEX
  5
277
  8
POCKET-KERF-15_5
 10
250.99305430351814
 20
513.5002796545135
 30
0.0
 70
0
  0
VERTEX
  5
278
  8
POCKET-KERF-15_5
 10
245.55901776630463
 20
510.9564150920361
 30
0.0
 70
0
  0
SEQEND
  5
274
  8
POCKET-KERF-15_5
  0
POLYLINE
  5
279
  8
POCKET-KERF-15_5
 66
1
 10
0.0
 20
0.0
 30
0.0
 70
1
  0
VERTEX
  5
27B
  8
POCKET-KERF-15_5
 10
299.1375163408959
 20
368.20514032488944
 30
0.0
 70
0
  0
VERTEX
  5
27C
  8
POCKET-KERF-15_5
 10
304.5221457434387
 20
370.851981120493
 30
0.0
 70
0
  0
VERTEX
  5
27D
  8
POCKET-KERF-15_5
 10
237.54353256461812
 20
507.1106523874945
 30
0.0
 70
0
  0
VERTEX
  5
27E
  8
POCKET-KERF-15_5
 10
232.1589031620753
 20
504.46381159189093
 30
0.0
 70
0
  0
SEQEND
  5
27A
  8
POCKET-KERF-15_5
  0
POLYLINE
  5
27F
  8
POCKET-KERF-15_5
 66
1
 10
0.0
 20
0.0
 30
0.0
 70
1
  0
VERTEX
  5
281
  8
POCKET-KERF-15_5
 10
437.75127083864794
 20
73.07761215011884
 30
0.0
 70
0
  0
VERTEX
  5
282
  8
POCKET-KERF-15_5
 10
443.08454190086746
 20
75.8264700542113
 30
0.0
 70
0
  0
VERTEX
  5
283
  8
POCKET-KERF-15_5
 10
224.21807450105217
 20
500.466170540674
 30
0.0
 70
0
  0
VERTEX
  5
284
  8
POCKET-KERF-15_5
 10
218.88480343883265
 20
497.71731263658165
 30
0.0
 70
0
  0
SEQEND
  5
280
  8
POCKET-KERF-15_5
  0
POLYLINE
  5
285
  8
POCKET-KERF-15_5
 66
1
 10
0.0
 20
0.0
 30
0.0
 70
1
  0
VERTEX
  5
287
  8
POCKET-KERF-15_5
 10
277.8580451422403
 20
357.108853715561
 30
0.0
 70
0
  0
VERTEX
  5
288
  8
POCKET-KERF-15_5
 10
283.13802526899104
 20
359.9587326359919
 30
0.0
 70
0
  0
VERTEX
  5
289
  8
POCKET-KERF-15_5
 10
211.02150880336777
 20
493.5692418471701
 30
0.0
 70
0
  0
VERTEX
  5
28A
  8
POCKET-KERF-15_5
 10
205.74152867661704
 20
490.71936292673917
 30
0.0
 70
0
  0
SEQEND
  5
286
  8
POCKET-KERF-15_5
  0
POLYLINE
  5
28B
  8
POCKET-KERF-15_5
 66
1
 10
0.0
 20
0.0
 30
0.0
 70
1
  0
VERTEX
  5
28D
  8
POCKET-KERF-15_5
 10
427.604847696834
 20
67.47127682473585
 30
0.0
 70
0
  0
VERTEX
  5
28E
  8
POCKET-KERF-15_5
 10
432.82962360378406
 20
70.42114406279147
 30
0.0
 70
0
  0
VERTEX
  5
28F
  8
POCKET-KERF-15_5
 10
197.9586174559246
 20
486.4223655182091
 30
0.0
 70
0
  0
VERTEX
  5
290
  8
POCKET-KERF-15_5
 10
192.73384154897454
 20
483.4724982801534
 30
0.0
 70
0
  0
SEQEND
  5
28C
  8
POCKET-KERF-15_5
  0
POLYLINE
  5
291
  8
POCKET-KERF-15_5
 66
1
 10
0.0
 20
0.0
 30
0.0
 70
1
  0
VERTEX
  5
293
  8
POCKET-KERF-15_5
 10
257.01635457639827
 20
345.21064354056165
 30
0.0
 70
0
  0
VERTEX
  5
294
  8
POCKET-KERF-15_5
 10
262.18403298333817
 20
348.25943016517925
 30
0.0
 70
0
  0
VERTEX
  5
295
  8
POCKET-KERF-15_5
 10
185.03413400406592
 20
479.028131337497
 30
0.0
 70
0
  0
VERTEX
  5
296
  8
POCKET-KERF-15_5
 10
179.86645559712602
 20
475.97934471287937
 30
0.0
 70
0
  0
SEQEND
  5
292
  8
POCKET-KERF-15_5
  0
POLYLINE
  5
297
  8
POCKET-KERF-15_5
 66
1
 10
0.0
 20
0.0
 30
0.0
 70
1
  0
VERTEX
  5
299
  8
POCKET-KERF-15_5
 10
417.6791723589146
 20
61.48279893468754
 30
0.0
 70
0
  0
VERTEX
  5
29A
  8
POCKET-KERF-15_5
 10
422.7878806758173
 20
64.6294001697998
 30
0.0
 70
0
  0
VERTEX
  5
29B
  8
POCKET-KERF-15_5
 10
172.25274183884525
 20
471.38921872277143
 30
0.0
 70
0
  0
VERTEX
  5
29C
  8
POCKET-KERF-15_5
 10
167.14403352194265
 20
468.2426174876592
 30
0.0
 70
0
  0
SEQEND
  5
298
  8
POCKET-KERF-15_5
  0
POLYLINE
  5
29D
  8
POCKET-KERF-15_5
 66
1
 10
0.0
 20
0.0
 30
0.0
 70
1
  0
VERTEX
  5
29F
  8
POCKET-KERF-15_5
 10
236.642651171895
 20
332.52775425632916
 30
0.0
 70
0
  0
VERTEX
  5
2A0
  8
POCKET-KERF-15_5
 10
241.69053817747846
 20
335.7710298811971
 30
0.0
 70
0
  0
VERTEX
  5
2A1
  8
POCKET-KERF-15_5
 10
159.61907249992444
 20
463.5083957548714
 30
0.0
 70
0
  0
VERTEX
  5
2A2
  8
POCKET-KERF-15_5
 10
154.571185494341
 20
460.2651201300035
 30
0.0
 70
0
  0
SEQEND
  5
29E
  8
POCKET-KERF-15_5
  0
POLYLINE
  5
2A3
  8
POCKET-KERF-15_5
 66
1
 10
0.0
 20
0.0
 30
0.0
 70
1
  0
VERTEX
  5
2A5
  8
POCKET-KERF-15_5
 10
407.9886304235191
 20
55.12085777245463
 30
0.0
 70
0
  0
VERTEX
  5
2A6
  8
POCKET-KERF-15_5
 10
412.97386693606575
 20
58.45963253484453
 30
0.0
 70
0
  0
VERTEX
  5
2A7
  8
POCKET-KERF-15_5
 10
147.13770399726147
 20
455.38851817467895
 30
0.0
 70
0
  0
VERTEX
  5
2A8
  8
POCKET-KERF-15_5
 10
142.15246748471483
 20
452.04974341228905
 30
0.0
 70
0
  0
SEQEND
  5
2A4
  8
POCKET-KERF-15_5
  0
POLYLINE
  5
2A9
  8
POCKET-KERF-15_5
 66
1
 10
0.0
 20
0.0
 30
0.0
 70
1
  0
VERTEX
  5
2AB
  8
POCKET-KERF-15_5
 10
216.76646318849953
 20
319.0785675798234
 30
0.0
 70
0
  0
VERTEX
  5
2AC
  8
POCKET-KERF-15_5
 10
221.68724272868917
 20
322.5116316218785
 30
0.0
 70
0
  0
VERTEX
  5
2AD
  8
POCKET-KERF-15_5
 10
134.81315915219741
 20
447.0325283482978
 30
0.0
 70
0
  0
VERTEX
  5
2AE
  8
POCKET-KERF-15_5
 10
129.89237961200777
 20
443.5994643062427
 30
0.0
 70
0
  0
SEQEND
  5
2AA
  8
POCKET-KERF-15_5
  0
POLYLINE
  5
2AF
  8
POCKET-KERF-15_5
 66
1
 10
0.0
 20
0.0
 30
0.0
 70
1
  0
VERTEX
  5
2B1
  8
POCKET-KERF-15_5
 10
398.5472667029176
 20
48.39467390277875
 30
0.0
 70
0
  0
VERTEX
  5
2B2
  8
POCKET-KERF-15_5
 10
403.40180614843365
 20
51.92078319942985
 30
0.0
 70
0
  0
VERTEX
  5
2B3
  8
POCKET-KERF-15_5
 10
122.64990395854
 20
438.443454200839
 30
0.0
 70
0
  0
VERTEX
  5
2B4
  8
POCKET-KERF-15_5
 10
117.79536451302397
 20
434.91734490418787
 30
0.0
 70
0
  0
SEQEND
  5
2B0
  8
POCKET-KERF-15_5
  0
POLYLINE
  5
2B5
  8
POCKET-KERF-15_5
 66
1
 10
0.0
 20
0.0
 30
0.0
 70
1
  0
VERTEX
  5
2B7
  8
POCKET-KERF-15_5
 10
197.41659782097383
 20
304.88257584731645
 30
0.0
 70
0
  0
VERTEX
  5
2B8
  8
POCKET-KERF-15_5
 10
202.20313805264595
 20
308.5004526570744
 30
0.0
 70
0
  0
VERTEX
  5
2B9
  8
POCKET-KERF-15_5
 10
110.65234596423969
 20
429.6244081192052
 30
0.0
 70
0
  0
VERTEX
  5
2BA
  8
POCKET-KERF-15_5
 10
105.86580573256757
 20
426.00653130944727
 30
0.0
 70
0
  0
SEQEND
  5
2B6
  8
POCKET-KERF-15_5
  0
POLYLINE
  5
2BB
  8
POCKET-KERF-15_5
 66
1
 10
0.0
 20
0.0
 30
0.0
 70
1
  0
VERTEX
  5
2BD
  8
POCKET-KERF-15_5
 10
389.36876486742716
 20
41.3139957990042
 30
0.0
 70
0
  0
VERTEX
  5
2BE
  8
POCKET-KERF-15_5
 10
394.08557140667597
 20
45.02232912696974
 30
0.0
 70
0
  0
VERTEX
  5
2BF
  8
POCKET-KERF-15_5
 10
98.82483267424577
 20
420.57858582426763
 30
0.0
 70
0
  0
VERTEX
  5
2C0
  8
POCKET-KERF-15_5
 10
94.10802613499702
 20
416.8702524963022
 30
0.0
 70
0
  0
SEQEND
  5
2BC
  8
POCKET-KERF-15_5
  0
POLYLINE
  5
2C1
  8
POCKET-KERF-15_5
 66
1
 10
0.0
 20
0.0
 30
0.0
 70
1
  0
VERTEX
  5
2C3
  8
POCKET-KERF-15_5
 10
178.62109944788426
 20
289.9603537635264
 30
0.0
 70
0
  0
VERTEX
  5
2C4
  8
POCKET-KERF-15_5
 10
183.2664630852371
 20
293.75779983644964
 30
0.0
 70
0
  0
VERTEX
  5
2C5
  8
POCKET-KERF-15_5
 10
87.17164997511803
 20
411.3092652128461
 30
0.0
 70
0
  0
VERTEX
  5
2C6
  8
POCKET-KERF-15_5
 10
82.5262863377652
 20
407.5118191399228
 30
0.0
 70
0
  0
SEQEND
  5
2C2
  8
POCKET-KERF-15_5
  0
POLYLINE
  5
2C7
  8
POCKET-KERF-15_5
 66
1
 10
0.0
 20
0.0
 30
0.0
 70
1
  0
VERTEX
  5
2C9
  8
POCKET-KERF-15_5
 10
380.4664276132294
 20
33.88908571430293
 30
0.0
 70
0
  0
VERTEX
  5
2CA
  8
POCKET-KERF-15_5
 10
385.03866502767943
 20
37.774268467521075
 30
0.0
 70
0
  0
VERTEX
  5
2CB
  8
POCKET-KERF-15_5
 10
75.69702058196916
 20
401.81980516991086
 30
0.0
 70
0
  0
VERTEX
  5
2CC
  8
POCKET-KERF-15_5
 10
71.12478316751915
 20
397.93462241669283
 30
0.0
 70
0
  0
SEQEND
  5
2C8
  8
POCKET-KERF-15_5
  0
POLYLINE
  5
2CD
  8
POCKET-KERF-15_5
 66
1
 10
0.0
 20
0.0
 30
0.0
 70
1
  0
VERTEX
  5
2CF
  8
POCKET-KERF-15_5
 10
160.40720898598653
 20
274.33352858203955
 30
0.0
 70
0
  0
VERTEX
  5
2D0
  8
POCKET-KERF-15_5
 10
164.90466335497052
 20
278.3050401581156
 30
0.0
 70
0
  0
VERTEX
  5
2D1
  8
POCKET-KERF-15_5
 10
64.40510250829671
 20
392.11364435143906
 30
0.0
 70
0
  0
VERTEX
  5
2D2
  8
POCKET-KERF-15_5
 10
59.907648139312656
 20
388.1421327753629
 30
0.0
 70
0
  0
SEQEND
  5
2CE
  8
POCKET-KERF-15_5
  0
POLYLINE
  5
2D3
  8
POCKET-KERF-15_5
 66
1
 10
0.0
 20
0.0
 30
0.0
 70
1
  0
VERTEX
  5
2D5
  8
POCKET-KERF-15_5
 10
371.85315738234857
 20
26.130704808263538
 30
0.0
 70
0
  0
VERTEX
  5
2D6
  8
POCKET-KERF-15_5
 10
376.27419898212315
 20
30.18710606714597
 30
0.0
 70
0
  0
VERTEX
  5
2D7
  8
POCKET-KERF-15_5
 10
53.29998755926011
 20
382.1942999383609
 30
0.0
 70
0
  0
VERTEX
  5
2D8
  8
POCKET-KERF-15_5
 10
48.878945959485584
 20
378.13789867947844
 30
0.0
 70
0
  0
SEQEND
  5
2D4
  8
POCKET-KERF-15_5
  0
POLYLINE
  5
2D9
  8
POCKET-KERF-15_5
 66
1
 10
0.0
 20
0.0
 30
0.0
 70
1
  0
VERTEX
  5
2DB
  8
POCKET-KERF-15_5
 10
142.80132440909426
 20
258.02474876024036
 30
0.0
 70
0
  0
VERTEX
  5
2DC
  8
POCKET-KERF-15_5
 10
147.14435120529174
 20
262.16456980075776
 30
0.0
 70
0
  0
VERTEX
  5
2DD
  8
POCKET-KERF-15_5
 10
42.3856998489524
 20
372.06536636205567
 30
0.0
 70
0
  0
VERTEX
  5
2DE
  8
POCKET-KERF-15_5
 10
38.042673052755035
 20
367.92554532153815
 30
0.0
 70
0
  0
SEQEND
  5
2DA
  8
POCKET-KERF-15_5
  0
POLYLINE
  5
2DF
  8
POCKET-KERF-15_5
 66
1
 10
0.0
 20
0.0
 30
0.0
 70
1
  0
VERTEX
  5
2E1
  8
POCKET-KERF-15_5
 10
363.5414376627293
 20
18.05009755039798
 30
0.0
 70
0
  0
VERTEX
  5
2E2
  8
POCKET-KERF-15_5
 10
367.80487589088034
 20
22.27183824290158
 30
0.0
 70
0
  0
VERTEX
  5
2E3
  8
POCKET-KERF-15_5
 10
31.666194342196857
 20
361.73051400185153
 30
0.0
 70
0
  0
VERTEX
  5
2E4
  8
POCKET-KERF-15_5
 10
27.40275611404584
 20
357.508773309348
 30
0.0
 70
0
  0
SEQEND
  5
2E0
  8
POCKET-KERF-15_5
  0
POLYLINE
  5
2E5
  8
CUT
 66
1
 10
0.0
 20
0.0
 30
0.0
 70
1
  0
VERTEX
  5
2E7
  8
CUT
 10
370.1419807289759
 20
694.0709903644879
 30
0.0
 70
0
  0
VERTEX
  5
2E8
  8
CUT
 10
370.06317703787715
 20
699.3382361201492
 30
0.0
 70
0
  0
VERTEX
  5
2E9
  8
CUT
 10
369.82683650455715
 20
704.6007669775004
 30
0.0
 70
0
  0
VERTEX
  5
2EA
  8
CUT
 10
369.4331706858014
 20
709.8538722587037
 30
0.0
 70
0
  0
VERTEX
  5
2EB
  8
CUT
 10
368.8825319658331
 20
715.0928497230888
 30
0.0
 70
0
  0
VERTEX
  5
2EC
  8
CUT
 10
368.1754132408812
 20
720.3130097762945
 30
0.0
 70
0
  0
VERTEX
  5
2ED
  8
CUT
 10
367.3124474779719
 20
725.5096796680915
 30
0.0
 70
0
  0
VERTEX
  5
2EE
  8
CUT
 10
366.29440714833686
 20
730.678207675126
 30
0.0
 70
0
  0
VERTEX
  5
2EF
  8
CUT
 10
365.12220353594745
 20
735.8139672648424
 30
0.0
 70
0
  0
VERTEX
  5
2F0
  8
CUT
 10
363.7968859217918
 20
740.9123612368567
 30
0.0
 70
0
  0
VERTEX
  5
2F1
  8
CUT
 10
362.31964064462625
 20
745.9688258380731
 30
0.0
 70
0
  0
VERTEX
  5
2F2
  8
CUT
 10
360.69179003904173
 20
750.9788348478615
 30
0.0
 70
0
  0
VERTEX
  5
2F3
  8
CUT
 10
358.9147912517948
 20
755.9379036296376
 30
0.0
 70
0
  0
VERTEX
  5
2F4
  8
CUT
 10
356.99023493746427
 20
760.8415931452201
 30
0.0
 70
0
  0
VERTEX
  5
2F5
  8
CUT
 10
354.9198438346001
 20
765.6855139283713
 30
0.0
 70
0
  0
VERTEX
  5
2F6
  8
CUT
 10
352.7054712236384
 20
770.4653300139635
 30
0.0
 70
0
  0
VERTEX
  5
2F7
  8
CUT
 10
350.34909926796524
 20
775.1767628192553
 30
0.0
 70
0
  0
VERTEX
  5
2F8
  8
CUT
 10
347.8528372396114
 20
779.8155949738026
 30
0.0
 70
0
  0
VERTEX
  5
2F9
  8
CUT
 10
345.21891963116843
 20
784.377674094576
 30
0.0
 70
0
  0
VERTEX
  5
2FA
  8
CUT
 10
342.44970415561534
 20
788.8589165029066
 30
0.0
 70
0
  0
VERTEX
  5
2FB
  8
CUT
 10
339.54766963584586
 20
793.2553108799307
 30
0.0
 70
0
  0
VERTEX
  5
2FC
  8
CUT
 10
336.51541378578634
 20
797.5629218572641
 30
0.0
 70
0
  0
VERTEX
  5
2FD
  8
CUT
 10
333.35565088509014
 20
801.7778935396893
 30
0.0
 70
0
  0
VERTEX
  5
2FE
  8
CUT
 10
330.07120934948955
 20
805.8964529567045
 30
0.0
 70
0
  0
VERTEX
  5
2FF
  8
CUT
 10
326.66502919898056
 20
809.9149134398425
 30
0.0
 70
0
  0
VERTEX
  5
300
  8
CUT
 10
323.1401594261072
 20
813.8296779227388
 30
0.0
 70
0
  0
VERTEX
  5
301
  8
CUT
 10
319.4997552666997
 20
817.637242160993
 30
0.0
 70
0
  0
VERTEX
  5
302
  8
CUT
 10
315.7470753755117
 20
821.3341978689419
 30
0.0
 70
0
  0
VERTEX
  5
303
  8
CUT
 10
311.8854789092825
 20
824.9172357705372
 30
0.0
 70
0
  0
VERTEX
  5
304
  8
CUT
 10
307.9184225198368
 20
828.3831485615955
 30
0.0
 70
0
  0
VERTEX
  5
305
  8
CUT
 10
303.84945725991355
 20
831.7288337807697
 30
0.0
 70
0
  0
VERTEX
  5
306
  8
CUT
 10
299.6822254044925
 20
834.9512965866726
 30
0.0
 70
0
  0
VERTEX
  5
307
  8
CUT
 10
295.420457190465
 20
838.047652438665
 30
0.0
 70
0
  0
VERTEX
  5
308
  8
CUT
 10
291.0679674775666
 20
841.0151296789107
 30
0.0
 70
0
  0
VERTEX
  5
309
  8
CUT
 10
286.62865233356104
 20
843.8510720133854
 30
0.0
 70
0
  0
VERTEX
  5
30A
  8
CUT
 10
282.10648554673196
 20
846.5529408896195
 30
0.0
 70
0
  0
VERTEX
  5
30B
  8
CUT
 10
277.50551506880413
 20
849.1183177690468
 30
0.0
 70
0
  0
VERTEX
  5
30C
  8
CUT
 10
272.82985939147846
 20
851.5449062919232
 30
0.0
 70
0
  0
VERTEX
  5
30D
  8
CUT
 10
268.08370385982437
 20
853.8305343328808
 30
0.0
 70
0
  0
VERTEX
  5
30E
  8
CUT
 10
263.27129692582855
 20
855.9731559452734
 30
0.0
 70
0
  0
VERTEX
  5
30F
  8
CUT
 10
258.39694634545566
 20
857.9708531925763
 30
0.0
 70
0
  0
VERTEX
  5
310
  8
CUT
 10
253.46501532262306
 20
859.8218378651991
 30
0.0
 70
0
  0
VERTEX
  5
311
  8
CUT
 10
248.47991860354236
 20
861.5244530811754
 30
0.0
 70
0
  0
VERTEX
  5
312
  8
CUT
 10
243.4461185249237
 20
863.0771747692964
 30
0.0
 70
0
  0
VERTEX
  5
313
  8
CUT
 10
238.36812101958003
 20
864.4786130333619
 30
0.0
 70
0
  0
VERTEX
  5
314
  8
CUT
 10
233.25047158300706
 20
865.7275133963242
 30
0.0
 70
0
  0
VERTEX
  5
315
  8
CUT
 10
228.09775120454913
 20
866.8227579232162
 30
0.0
 70
0
  0
VERTEX
  5
316
  8
CUT
 10
222.9145722667932
 20
867.7633662218543
 30
0.0
 70
0
  0
VERTEX
  5
317
  8
CUT
 10
217.70557441686213
 20
868.5484963204216
 30
0.0
 70
0
  0
VERTEX
  5
318
  8
CUT
 10
212.47542041330175
 20
869.1774454211475
 30
0.0
 70
0
  0
VERTEX
  5
319
  8
CUT
 10
207.22879195228052
 20
869.6496505294062
 30
0.0
 70
0
  0
VERTEX
  5
31A
  8
CUT
 10
201.97038547683786
 20
869.964688957674
 30
0.0
 70
0
  0
VERTEX
  5
31B
  8
CUT
 10
196.7049079729309
 20
870.1222787038907
 30
0.0
 70
0
  0
VERTEX
  5
31C
  8
CUT
 10
191.43707275604504
 20
870.1222787038907
 30
0.0
 70
0
  0
VERTEX
  5
31D
  8
CUT
 10
186.17159525213808
 20
869.964688957674
 30
0.0
 70
0
  0
VERTEX
  5
31E
  8
CUT
 10
180.91318877669536
 20
869.6496505294062
 30
0.0
 70
0
  0
VERTEX
  5
31F
  8
CUT
 10
175.66656031567425
 20
869.1774454211475
 30
0.0
 70
0
  0
VERTEX
  5
320
  8
CUT
 10
170.4364063121138
 20
868.5484963204216
 30
0.0
 70
0
  0
VERTEX
  5
321
  8
CUT
 10
165.2274084621827
 20
867.7633662218543
 30
0.0
 70
0
  0
VERTEX
  5
322
  8
CUT
 10
160.04422952442684
 20
866.8227579232162
 30
0.0
 70
0
  0
VERTEX
  5
323
  8
CUT
 10
154.8915091459689
 20
865.7275133963242
 30
0.0
 70
0
  0
VERTEX
  5
324
  8
CUT
 10
149.77385970939588
 20
864.4786130333619
 30
0.0
 70
0
  0
VERTEX
  5
325
  8
CUT
 10
144.69586220405225
 20
863.0771747692964
 30
0.0
 70
0
  0
VERTEX
  5
326
  8
CUT
 10
139.66206212543358
 20
861.5244530811754
 30
0.0
 70
0
  0
VERTEX
  5
327
  8
CUT
 10
134.67696540635285
 20
859.8218378651991
 30
0.0
 70
0
  0
VERTEX
  5
328
  8
CUT
 10
129.74503438352028
 20
857.9708531925764
 30
0.0
 70
0
  0
VERTEX
  5
329
  8
CUT
 10
124.8706838031474
 20
855.9731559452734
 30
0.0
 70
0
  0
VERTEX
  5
32A
  8
CUT
 10
120.05827686915163
 20
853.8305343328808
 30
0.0
 70
0
  0
VERTEX
  5
32B
  8
CUT
 10
115.31212133749742
 20
851.5449062919232
 30
0.0
 70
0
  0
VERTEX
  5
32C
  8
CUT
 10
110.63646566017182
 20
849.1183177690468
 30
0.0
 70
0
  0
VERTEX
  5
32D
  8
CUT
 10
106.03549518224402
 20
846.5529408896195
 30
0.0
 70
0
  0
VERTEX
  5
32E
  8
CUT
 10
101.51332839541486
 20
843.8510720133854
 30
0.0
 70
0
  0
VERTEX
  5
32F
  8
CUT
 10
97.07401325140933
 20
841.0151296789107
 30
0.0
 70
0
  0
VERTEX
  5
330
  8
CUT
 10
92.72152353851092
 20
838.047652438665
 30
0.0
 70
0
  0
VERTEX
  5
331
  8
CUT
 10
88.4597553244834
 20
834.9512965866726
 30
0.0
 70
0
  0
VERTEX
  5
332
  8
CUT
 10
84.29252346906239
 20
831.7288337807697
 30
0.0
 70
0
  0
VERTEX
  5
333
  8
CUT
 10
80.22355820913917
 20
828.3831485615955
 30
0.0
 70
0
  0
VERTEX
  5
334
  8
CUT
 10
76.25650181969344
 20
824.9172357705372
 30
0.0
 70
0
  0
VERTEX
  5
335
  8
CUT
 10
72.39490535346418
 20
821.3341978689419
 30
0.0
 70
0
  0
VERTEX
  5
336
  8
CUT
 10
68.64222546227616
 20
817.637242160993
 30
0.0
 70
0
  0
VERTEX
  5
337
  8
CUT
 10
65.00182130286873
 20
813.8296779227388
 30
0.0
 70
0
  0
VERTEX
  5
338
  8
CUT
 10
61.476951529995375
 20
809.9149134398425
 30
0.0
 70
0
  0
VERTEX
  5
339
  8
CUT
 10
58.070771379486416
 20
805.8964529567046
 30
0.0
 70
0
  0
VERTEX
  5
33A
  8
CUT
 10
54.78632984388577
 20
801.7778935396893
 30
0.0
 70
0
  0
VERTEX
  5
33B
  8
CUT
 10
51.6265669431896
 20
797.5629218572641
 30
0.0
 70
0
  0
VERTEX
  5
33C
  8
CUT
 10
48.59431109313013
 20
793.2553108799307
 30
0.0
 70
0
  0
VERTEX
  5
33D
  8
CUT
 10
45.69227657336057
 20
788.8589165029066
 30
0.0
 70
0
  0
VERTEX
  5
33E
  8
CUT
 10
42.92306109780748
 20
784.377674094576
 30
0.0
 70
0
  0
VERTEX
  5
33F
  8
CUT
 10
40.28914348936456
 20
779.8155949738026
 30
0.0
 70
0
  0
VERTEX
  5
340
  8
CUT
 10
37.792881461010666
 20
775.1767628192553
 30
0.0
 70
0
  0
VERTEX
  5
341
  8
CUT
 10
35.43650950533751
 20
770.4653300139635
 30
0.0
 70
0
  0
VERTEX
  5
342
  8
CUT
 10
33.222136894375865
 20
765.6855139283714
 30
0.0
 70
0
  0
VERTEX
  5
343
  8
CUT
 10
31.151745791511644
 20
760.8415931452203
 30
0.0
 70
0
  0
VERTEX
  5
344
  8
CUT
 10
29.227189477181184
 20
755.9379036296377
 30
0.0
 70
0
  0
VERTEX
  5
345
  8
CUT
 10
27.450190689934203
 20
750.9788348478615
 30
0.0
 70
0
  0
VERTEX
  5
346
  8
CUT
 10
25.822340084349634
 20
745.9688258380731
 30
0.0
 70
0
  0
VERTEX
  5
347
  8
CUT
 10
24.345094807184125
 20
740.9123612368568
 30
0.0
 70
0
  0
VERTEX
  5
348
  8
CUT
 10
23.01977719302846
 20
735.8139672648425
 30
0.0
 70
0
  0
VERTEX
  5
349
  8
CUT
 10
21.84757358063905
 20
730.678207675126
 30
0.0
 70
0
  0
VERTEX
  5
34A
  8
CUT
 10
20.829533251004023
 20
725.5096796680915
 30
0.0
 70
0
  0
VERTEX
  5
34B
  8
CUT
 10
19.966567488094682
 20
720.3130097762945
 30
0.0
 70
0
  0
VERTEX
  5
34C
  8
CUT
 10
19.259448763142814
 20
715.0928497230888
 30
0.0
 70
0
  0
VERTEX
  5
34D
  8
CUT
 10
18.708810043174537
 20
709.8538722587037
 30
0.0
 70
0
  0
VERTEX
  5
34E
  8
CUT
 10
18.315144224418788
 20
704.6007669775004
 30
0.0
 70
0
  0
VERTEX
  5
34F
  8
CUT
 10
18.078803691098756
 20
699.3382361201492
 30
0.0
 70
0
  0
VERTEX
  5
350
  8
CUT
 10
18.0
 20
694.0709903644879
 30
0.0
 70
0
  0
VERTEX
  5
351
  8
CUT
 10
18.078803691098756
 20
688.8037446088266
 30
0.0
 70
0
  0
VERTEX
  5
352
  8
CUT
 10
18.315144224418788
 20
683.5412137514754
 30
0.0
 70
0
  0
VERTEX
  5
353
  8
CUT
 10
18.708810043174537
 20
678.2881084702722
 30
0.0
 70
0
  0
VERTEX
  5
354
  8
CUT
 10
19.259448763142814
 20
673.049131005887
 30
0.0
 70
0
  0
VERTEX
  5
355
  8
CUT
 10
19.966567488094682
 20
667.8289709526813
 30
0.0
 70
0
  0
VERTEX
  5
356
  8
CUT
 10
20.829533251004023
 20
662.6323010608843
 30
0.0
 70
0
  0
VERTEX
  5
357
  8
CUT
 10
21.84757358063905
 20
657.4637730538499
 30
0.0
 70
0
  0
VERTEX
  5
358
  8
CUT
 10
23.01977719302846
 20
652.3280134641334
 30
0.0
 70
0
  0
VERTEX
  5
359
  8
CUT
 10
24.345094807184125
 20
647.2296194921191
 30
0.0
 70
0
  0
VERTEX
  5
35A
  8
CUT
 10
25.822340084349634
 20
642.1731548909027
 30
0.0
 70
0
  0
VERTEX
  5
35B
  8
CUT
 10
27.45019068993423
 20
637.1631458811142
 30
0.0
 70
0
  0
VERTEX
  5
35C
  8
CUT
 10
29.227189477181156
 20
632.2040770993382
 30
0.0
 70
0
  0
VERTEX
  5
35D
  8
CUT
 10
31.151745791511587
 20
627.3003875837557
 30
0.0
 70
0
  0
VERTEX
  5
35E
  8
CUT
 10
33.222136894375836
 20
622.4564668006045
 30
0.0
 70
0
  0
VERTEX
  5
35F
  8
CUT
 10
35.43650950533748
 20
617.6766507150123
 30
0.0
 70
0
  0
VERTEX
  5
360
  8
CUT
 10
37.792881461010666
 20
612.9652179097205
 30
0.0
 70
0
  0
VERTEX
  5
361
  8
CUT
 10
40.289143489364534
 20
608.3263857551732
 30
0.0
 70
0
  0
VERTEX
  5
362
  8
CUT
 10
42.92306109780745
 20
603.7643066343998
 30
0.0
 70
0
  0
VERTEX
  5
363
  8
CUT
 10
45.692276573360544
 20
599.2830642260692
 30
0.0
 70
0
  0
VERTEX
  5
364
  8
CUT
 10
48.594311093130074
 20
594.8866698490451
 30
0.0
 70
0
  0
VERTEX
  5
365
  8
CUT
 10
51.626566943189545
 20
590.5790588717117
 30
0.0
 70
0
  0
VERTEX
  5
366
  8
CUT
 10
54.78632984388574
 20
586.3640871892865
 30
0.0
 70
0
  0
VERTEX
  5
367
  8
CUT
 10
58.07077137948636
 20
582.2455277722713
 30
0.0
 70
0
  0
VERTEX
  5
368
  8
CUT
 10
61.47695152999532
 20
578.2270672891333
 30
0.0
 70
0
  0
VERTEX
  5
369
  8
CUT
 10
65.00182130286876
 20
574.312302806237
 30
0.0
 70
0
  0
VERTEX
  5
36A
  8
CUT
 10
68.64222546227617
 20
570.5047385679828
 30
0.0
 70
0
  0
VERTEX
  5
36B
  8
CUT
 10
72.39490535346417
 20
566.8077828600339
 30
0.0
 70
0
  0
VERTEX
  5
36C
  8
CUT
 10
76.2565018196934
 20
563.2247449584386
 30
0.0
 70
0
  0
VERTEX
  5
36D
  8
CUT
 10
80.22355820913909
 20
559.7588321673803
 30
0.0
 70
0
  0
VERTEX
  5
36E
  8
CUT
 10
84.29252346906235
 20
556.4131469482061
 30
0.0
 70
0
  0
VERTEX
  5
36F
  8
CUT
 10
88.45975532448341
 20
553.1906841423032
 30
0.0
 70
0
  0
VERTEX
  5
370
  8
CUT
 10
92.72152353851082
 20
550.0943282903108
 30
0.0
 70
0
  0
VERTEX
  5
371
  8
CUT
 10
97.0740132514093
 20
547.126851050065
 30
0.0
 70
0
  0
VERTEX
  5
372
  8
CUT
 10
101.5133283954149
 20
544.2909087155904
 30
0.0
 70
0
  0
VERTEX
  5
373
  8
CUT
 10
106.03549518224389
 20
541.5890398393562
 30
0.0
 70
0
  0
VERTEX
  5
374
  8
CUT
 10
110.6364656601718
 20
539.0236629599291
 30
0.0
 70
0
  0
VERTEX
  5
375
  8
CUT
 10
115.31212133749744
 20
536.5970744370526
 30
0.0
 70
0
  0
VERTEX
  5
376
  8
CUT
 10
120.05827686915151
 20
534.311446396095
 30
0.0
 70
0
  0
VERTEX
  5
377
  8
CUT
 10
124.87068380314737
 20
532.1688247837023
 30
0.0
 70
0
  0
VERTEX
  5
378
  8
CUT
 10
129.74503438352028
 20
530.1711275363994
 30
0.0
 70
0
  0
VERTEX
  5
379
  8
CUT
 10
134.67696540635276
 20
528.3201428637767
 30
0.0
 70
0
  0
VERTEX
  5
37A
  8
CUT
 10
139.66206212543352
 20
526.6175276478004
 30
0.0
 70
0
  0
VERTEX
  5
37B
  8
CUT
 10
144.69586220405225
 20
525.0648059596793
 30
0.0
 70
0
  0
VERTEX
  5
37C
  8
CUT
 10
149.77385970939582
 20
523.6633676956139
 30
0.0
 70
0
  0
VERTEX
  5
37D
  8
CUT
 10
154.89150914596883
 20
522.4144673326516
 30
0.0
 70
0
  0
VERTEX
  5
37E
  8
CUT
 10
160.0442295244267
 20
521.3192228057596
 30
0.0
 70
0
  0
VERTEX
  5
37F
  8
CUT
 10
165.22740846218278
 20
520.3786145071215
 30
0.0
 70
0
  0
VERTEX
  5
380
  8
CUT
 10
170.43640631211375
 20
519.5934844085542
 30
0.0
 70
0
  0
VERTEX
  5
381
  8
CUT
 10
175.66656031567408
 20
518.9645353078283
 30
0.0
 70
0
  0
VERTEX
  5
382
  8
CUT
 10
180.91318877669545
 20
518.4923301995696
 30
0.0
 70
0
  0
VERTEX
  5
383
  8
CUT
 10
186.17159525213802
 20
518.1772917713018
 30
0.0
 70
0
  0
VERTEX
  5
384
  8
CUT
 10
191.43707275604504
 20
518.019702025085
 30
0.0
 70
0
  0
VERTEX
  5
385
  8
CUT
 10
196.7049079729308
 20
518.019702025085
 30
0.0
 70
0
  0
VERTEX
  5
386
  8
CUT
 10
201.97038547683783
 20
518.1772917713018
 30
0.0
 70
0
  0
VERTEX
  5
387
  8
CUT
 10
207.22879195228057
 20
518.4923301995696
 30
0.0
 70
0
  0
VERTEX
  5
388
  8
CUT
 10
212.4754204133016
 20
518.9645353078283
 30
0.0
 70
0
  0
VERTEX
  5
389
  8
CUT
 10
217.70557441686208
 20
519.5934844085542
 30
0.0
 70
0
  0
VERTEX
  5
38A
  8
CUT
 10
222.91457226679321
 20
520.3786145071215
 30
0.0
 70
0
  0
VERTEX
  5
38B
  8
CUT
 10
228.097751204549
 20
521.3192228057596
 30
0.0
 70
0
  0
VERTEX
  5
38C
  8
CUT
 10
233.25047158300703
 20
522.4144673326516
 30
0.0
 70
0
  0
VERTEX
  5
38D
  8
CUT
 10
238.36812101958003
 20
523.6633676956139
 30
0.0
 70
0
  0
VERTEX
  5
38E
  8
CUT
 10
243.4461185249236
 20
525.0648059596793
 30
0.0
 70
0
  0
VERTEX
  5
38F
  8
CUT
 10
248.47991860354233
 20
526.6175276478004
 30
0.0
 70
0
  0
VERTEX
  5
390
  8
CUT
 10
253.46501532262306
 20
528.3201428637767
 30
0.0
 70
0
  0
VERTEX
  5
391
  8
CUT
 10
258.39694634545555
 20
530.1711275363994
 30
0.0
 70
0
  0
VERTEX
  5
392
  8
CUT
 10
263.2712969258285
 20
532.1688247837023
 30
0.0
 70
0
  0
VERTEX
  5
393
  8
CUT
 10
268.0837038598242
 20
534.3114463960949
 30
0.0
 70
0
  0
VERTEX
  5
394
  8
CUT
 10
272.8298593914785
 20
536.5970744370526
 30
0.0
 70
0
  0
VERTEX
  5
395
  8
CUT
 10
277.5055150688041
 20
539.023662959929
 30
0.0
 70
0
  0
VERTEX
  5
396
  8
CUT
 10
282.10648554673185
 20
541.5890398393561
 30
0.0
 70
0
  0
VERTEX
  5
397
  8
CUT
 10
286.6286523335611
 20
544.2909087155904
 30
0.0
 70
0
  0
VERTEX
  5
398
  8
CUT
 10
291.0679674775665
 20
547.126851050065
 30
0.0
 70
0
  0
VERTEX
  5
399
  8
CUT
 10
295.4204571904649
 20
550.0943282903107
 30
0.0
 70
0
  0
VERTEX
  5
39A
  8
CUT
 10
299.68222540449256
 20
553.1906841423033
 30
0.0
 70
0
  0
VERTEX
  5
39B
  8
CUT
 10
303.8494572599135
 20
556.4131469482061
 30
0.0
 70
0
  0
VERTEX
  5
39C
  8
CUT
 10
307.91842251983667
 20
559.7588321673802
 30
0.0
 70
0
  0
VERTEX
  5
39D
  8
CUT
 10
311.8854789092825
 20
563.2247449584386
 30
0.0
 70
0
  0
VERTEX
  5
39E
  8
CUT
 10
315.7470753755117
 20
566.8077828600339
 30
0.0
 70
0
  0
VERTEX
  5
39F
  8
CUT
 10
319.4997552666997
 20
570.5047385679828
 30
0.0
 70
0
  0
VERTEX
  5
3A0
  8
CUT
 10
323.1401594261072
 20
574.312302806237
 30
0.0
 70
0
  0
VERTEX
  5
3A1
  8
CUT
 10
326.6650291989805
 20
578.2270672891333
 30
0.0
 70
0
  0
VERTEX
  5
3A2
  8
CUT
 10
330.07120934948944
 20
582.2455277722712
 30
0.0
 70
0
  0
VERTEX
  5
3A3
  8
CUT
 10
333.3556508850902
 20
586.3640871892865
 30
0.0
 70
0
  0
VERTEX
  5
3A4
  8
CUT
 10
336.51541378578634
 20
590.5790588717117
 30
0.0
 70
0
  0
VERTEX
  5
3A5
  8
CUT
 10
339.54766963584575
 20
594.886669849045
 30
0.0
 70
0
  0
VERTEX
  5
3A6
  8
CUT
 10
342.44970415561534
 20
599.2830642260693
 30
0.0
 70
0
  0
VERTEX
  5
3A7
  8
CUT
 10
345.21891963116843
 20
603.7643066343998
 30
0.0
 70
0
  0
VERTEX
  5
3A8
  8
CUT
 10
347.8528372396113
 20
608.3263857551731
 30
0.0
 70
0
  0
VERTEX
  5
3A9
  8
CUT
 10
350.34909926796524
 20
612.9652179097205
 30
0.0
 70
0
  0
VERTEX
  5
3AA
  8
CUT
 10
352.70547122363837
 20
617.6766507150123
 30
0.0
 70
0
  0
VERTEX
  5
3AB
  8
CUT
 10
354.9198438346
 20
622.4564668006044
 30
0.0
 70
0
  0
VERTEX
  5
3AC
  8
CUT
 10
356.99023493746427
 20
627.3003875837555
 30
0.0
 70
0
  0
VERTEX
  5
3AD
  8
CUT
 10
358.9147912517947
 20
632.2040770993381
 30
0.0
 70
0
  0
VERTEX
  5
3AE
  8
CUT
 10
360.69179003904173
 20
637.1631458811142
 30
0.0
 70
0
  0
VERTEX
  5
3AF
  8
CUT
 10
362.31964064462625
 20
642.1731548909027
 30
0.0
 70
0
  0
VERTEX
  5
3B0
  8
CUT
 10
363.7968859217918
 20
647.229619492119
 30
0.0
 70
0
  0
VERTEX
  5
3B1
  8
CUT
 10
365.1222035359474
 20
652.3280134641333
 30
0.0
 70
0
  0
VERTEX
  5
3B2
  8
CUT
 10
366.29440714833686
 20
657.4637730538496
 30
0.0
 70
0
  0
VERTEX
  5
3B3
  8
CUT
 10
367.3124474779719
 20
662.6323010608842
 30
0.0
 70
0
  0
VERTEX
  5
3B4
  8
CUT
 10
368.1754132408812
 20
667.8289709526813
 30
0.0
 70
0
  0
VERTEX
  5
3B5
  8
CUT
 10
368.8825319658331
 20
673.049131005887
 30
0.0
 70
0
  0
VERTEX
  5
3B6
  8
CUT
 10
369.4331706858014
 20
678.288108470272
 30
0.0
 70
0
  0
VERTEX
  5
3B7
  8
CUT
 10
369.82683650455715
 20
683.5412137514753
 30
0.0
 70
0
  0
VERTEX
  5
3B8
  8
CUT
 10
370.06317703787715
 20
688.8037446088266
 30
0.0
 70
0
  0
SEQEND
  5
2E6
  8
CUT
  0
POLYLINE
  5
3B9
  8
CUT
 66
1
 10
0.0
 20
0.0
 30
0.0
 70
1
  0
VERTEX
  5
3BB
  8
CUT
 10
81.17000676949367
 20
687.770990364488
 30
0.0
 70
0
  0
VERTEX
  5
3BC
  8
CUT
 10
80.48979784292413
 20
687.6978603355956
 30
0.0
 70
0
  0
VERTEX
  5
3BD
  8
CUT
 10
79.84067872788762
 20
687.4818127496223
 30
0.0
 70
0
  0
VERTEX
  5
3BE
  8
CUT
 10
79.25231823665735
 20
687.1327223354459
 30
0.0
 70
0
  0
VERTEX
  5
3BF
  8
CUT
 10
78.75160813156002
 20
686.6665447131128
 30
0.0
 70
0
  0
VERTEX
  5
3C0
  8
CUT
 10
78.36143400287843
 20
686.1045871219922
 30
0.0
 70
0
  0
VERTEX
  5
3C1
  8
CUT
 10
78.09962925392725
 20
685.4725345463805
 30
0.0
 70
0
  0
VERTEX
  5
3C2
  8
CUT
 10
77.97816000274082
 20
684.7992757507254
 30
0.0
 70
0
  0
VERTEX
  5
3C3
  8
CUT
 10
78.00257815547464
 20
684.1155828820134
 30
0.0
 70
0
  0
VERTEX
  5
3C4
  8
CUT
 10
78.17176764949438
 20
683.4527049897708
 30
0.0
 70
0
  0
VERTEX
  5
3C5
  8
CUT
 10
78.47799546443385
 20
682.84093974863
 30
0.0
 70
0
  0
VERTEX
  5
3C6
  8
CUT
 10
78.90726506969668
 20
682.308248664691
 30
0.0
 70
0
  0
VERTEX
  5
3C7
  8
CUT
 10
79.43995615363572
 20
681.8789790594282
 30
0.0
 70
0
  0
VERTEX
  5
3C8
  8
CUT
 10
80.05172139477652
 20
681.5727512444887
 30
0.0
 70
0
  0
VERTEX
  5
3C9
  8
CUT
 10
80.71459928701913
 20
681.4035617504688
 30
0.0
 70
0
  0
VERTEX
  5
3CA
  8
CUT
 10
81.39829215573118
 20
681.379143597735
 30
0.0
 70
0
  0
VERTEX
  5
3CB
  8
CUT
 10
82.07155095138621
 20
681.5006128489215
 30
0.0
 70
0
  0
VERTEX
  5
3CC
  8
CUT
 10
82.70360352699784
 20
681.7624175978726
 30
0.0
 70
0
  0
VERTEX
  5
3CD
  8
CUT
 10
83.26556111811857
 20
682.1525917265542
 30
0.0
 70
0
  0
VERTEX
  5
3CE
  8
CUT
 10
83.73173874045162
 20
682.6533018316516
 30
0.0
 70
0
  0
VERTEX
  5
3CF
  8
CUT
 10
84.08082915462813
 20
683.2416623228818
 30
0.0
 70
0
  0
VERTEX
  5
3D0
  8
CUT
 10
84.29687674060139
 20
683.8907814379183
 30
0.0
 70
0
  0
VERTEX
  5
3D1
  8
CUT
 10
84.37000676949367
 20
684.5709903644879
 30
0.0
 70
0
  0
VERTEX
  5
3D2
  8
CUT
 10
118.97000676949366
 20
684.5709903644879
 30
0.0
 70
0
  0
VERTEX
  5
3D3
  8
CUT
 10
119.04313679838594
 20
683.8907814379183
 30
0.0
 70
0
  0
VERTEX
  5
3D4
  8
CUT
 10
119.2591843843592
 20
683.2416623228819
 30
0.0
 70
0
  0
VERTEX
  5
3D5
  8
CUT
 10
119.6082747985357
 20
682.6533018316516
 30
0.0
 70
0
  0
VERTEX
  5
3D6
  8
CUT
 10
120.07445242086875
 20
682.1525917265543
 30
0.0
 70
0
  0
VERTEX
  5
3D7
  8
CUT
 10
120.63641001198948
 20
681.7624175978726
 30
0.0
 70
0
  0
VERTEX
  5
3D8
  8
CUT
 10
121.2684625876011
 20
681.5006128489215
 30
0.0
 70
0
  0
VERTEX
  5
3D9
  8
CUT
 10
121.94172138325614
 20
681.379143597735
 30
0.0
 70
0
  0
VERTEX
  5
3DA
  8
CUT
 10
122.6254142519682
 20
681.4035617504688
 30
0.0
 70
0
  0
VERTEX
  5
3DB
  8
CUT
 10
123.2882921442108
 20
681.5727512444886
 30
0.0
 70
0
  0
VERTEX
  5
3DC
  8
CUT
 10
123.9000573853516
 20
681.878979059428
 30
0.0
 70
0
  0
VERTEX
  5
3DD
  8
CUT
 10
124.43274846929064
 20
682.308248664691
 30
0.0
 70
0
  0
VERTEX
  5
3DE
  8
CUT
 10
124.86201807455348
 20
682.8409397486299
 30
0.0
 70
0
  0
VERTEX
  5
3DF
  8
CUT
 10
125.16824588949294
 20
683.4527049897707
 30
0.0
 70
0
  0
VERTEX
  5
3E0
  8
CUT
 10
125.33743538351268
 20
684.1155828820134
 30
0.0
 70
0
  0
VERTEX
  5
3E1
  8
CUT
 10
125.36185353624651
 20
684.7992757507254
 30
0.0
 70
0
  0
VERTEX
  5
3E2
  8
CUT
 10
125.2403842850601
 20
685.4725345463805
 30
0.0
 70
0
  0
VERTEX
  5
3E3
  8
CUT
 10
124.97857953610892
 20
686.104587121992
 30
0.0
 70
0
  0
VERTEX
  5
3E4
  8
CUT
 10
124.58840540742733
 20
686.6665447131128
 30
0.0
 70
0
  0
VERTEX
  5
3E5
  8
CUT
 10
124.08769530233
 20
687.1327223354459
 30
0.0
 70
0
  0
VERTEX
  5
3E6
  8
CUT
 10
123.49933481109973
 20
687.4818127496223
 30
0.0
 70
0
  0
VERTEX
  5
3E7
  8
CUT
 10
122.85021569606322
 20
687.6978603355956
 30
0.0
 70
0
  0
VERTEX
  5
3E8
  8
CUT
 10
122.17000676949367
 20
687.770990364488
 30
0.0
 70
0
  0
VERTEX
  5
3E9
  8
CUT
 10
122.17000676949367
 20
700.370990364488
 30
0.0
 70
0
  0
VERTEX
  5
3EA
  8
CUT
 10
122.85021569606319
 20
700.4441203933803
 30
0.0
 70
0
  0
VERTEX
  5
3EB
  8
CUT
 10
123.49933481109969
 20
700.6601679793536
 30
0.0
 70
0
  0
VERTEX
  5
3EC
  8
CUT
 10
124.08769530232995
 20
701.0092583935301
 30
0.0
 70
0
  0
VERTEX
  5
3ED
  8
CUT
 10
124.58840540742726
 20
701.4754360158631
 30
0.0
 70
0
  0
VERTEX
  5
3EE
  8
CUT
 10
124.97857953610884
 20
702.0373936069839
 30
0.0
 70
0
  0
VERTEX
  5
3EF
  8
CUT
 10
125.24038428506
 20
702.6694461825955
 30
0.0
 70
0
  0
VERTEX
  5
3F0
  8
CUT
 10
125.3618535362464
 20
703.3427049782505
 30
0.0
 70
0
  0
VERTEX
  5
3F1
  8
CUT
 10
125.33743538351257
 20
704.0263978469626
 30
0.0
 70
0
  0
VERTEX
  5
3F2
  8
CUT
 10
125.16824588949282
 20
704.6892757392052
 30
0.0
 70
0
  0
VERTEX
  5
3F3
  8
CUT
 10
124.86201807455336
 20
705.301040980346
 30
0.0
 70
0
  0
VERTEX
  5
3F4
  8
CUT
 10
124.43274846929053
 20
705.833732064285
 30
0.0
 70
0
  0
VERTEX
  5
3F5
  8
CUT
 10
123.90005738535149
 20
706.2630016695477
 30
0.0
 70
0
  0
VERTEX
  5
3F6
  8
CUT
 10
123.28829214421069
 20
706.5692294844872
 30
0.0
 70
0
  0
VERTEX
  5
3F7
  8
CUT
 10
122.6254142519681
 20
706.738418978507
 30
0.0
 70
0
  0
VERTEX
  5
3F8
  8
CUT
 10
121.94172138325604
 20
706.7628371312408
 30
0.0
 70
0
  0
VERTEX
  5
3F9
  8
CUT
 10
121.26846258760102
 20
706.6413678800543
 30
0.0
 70
0
  0
VERTEX
  5
3FA
  8
CUT
 10
120.63641001198943
 20
706.3795631311032
 30
0.0
 70
0
  0
VERTEX
  5
3FB
  8
CUT
 10
120.07445242086871
 20
705.9893890024216
 30
0.0
 70
0
  0
VERTEX
  5
3FC
  8
CUT
 10
119.60827479853567
 20
705.4886788973242
 30
0.0
 70
0
  0
VERTEX
  5
3FD
  8
CUT
 10
119.25918438435917
 20
704.900318406094
 30
0.0
 70
0
  0
VERTEX
  5
3FE
  8
CUT
 10
119.04313679838594
 20
704.2511992910574
 30
0.0
 70
0
  0
VERTEX
  5
3FF
  8
CUT
 10
118.97000676949366
 20
703.5709903644879
 30
0.0
 70
0
  0
VERTEX
  5
400
  8
CUT
 10
84.37000676949367
 20
703.5709903644879
 30
0.0
 70
0
  0
VERTEX
  5
401
  8
CUT
 10
84.29687674060142
 20
704.2511992910574
 30
0.0
 70
0
  0
VERTEX
  5
402
  8
CUT
 10
84.08082915462819
 20
704.9003184060939
 30
0.0
 70
0
  0
VERTEX
  5
403
  8
CUT
 10
83.7317387404517
 20
705.4886788973242
 30
0.0
 70
0
  0
VERTEX
  5
404
  8
CUT
 10
83.26556111811868
 20
705.9893890024215
 30
0.0
 70
0
  0
VERTEX
  5
405
  8
CUT
 10
82.70360352699798
 20
706.3795631311032
 30
0.0
 70
0
  0
VERTEX
  5
406
  8
CUT
 10
82.07155095138639
 20
706.6413678800543
 30
0.0
 70
0
  0
VERTEX
  5
407
  8
CUT
 10
81.39829215573137
 20
706.7628371312408
 30
0.0
 70
0
  0
VERTEX
  5
408
  8
CUT
 10
80.71459928701931
 20
706.738418978507
 30
0.0
 70
0
  0
VERTEX
  5
409
  8
CUT
 10
80.05172139477672
 20
706.5692294844872
 30
0.0
 70
0
  0
VERTEX
  5
40A
  8
CUT
 10
79.43995615363592
 20
706.2630016695479
 30
0.0
 70
0
  0
VERTEX
  5
40B
  8
CUT
 10
78.90726506969686
 20
705.8337320642851
 30
0.0
 70
0
  0
VERTEX
  5
40C
  8
CUT
 10
78.47799546443402
 20
705.301040980346
 30
0.0
 70
0
  0
VERTEX
  5
40D
  8
CUT
 10
78.17176764949454
 20
704.6892757392052
 30
0.0
 70
0
  0
VERTEX
  5
40E
  8
CUT
 10
78.00257815547478
 20
704.0263978469626
 30
0.0
 70
0
  0
VERTEX
  5
40F
  8
CUT
 10
77.97816000274092
 20
703.3427049782506
 30
0.0
 70
0
  0
VERTEX
  5
410
  8
CUT
 10
78.09962925392732
 20
702.6694461825956
 30
0.0
 70
0
  0
VERTEX
  5
411
  8
CUT
 10
78.36143400287847
 20
702.037393606984
 30
0.0
 70
0
  0
VERTEX
  5
412
  8
CUT
 10
78.75160813156003
 20
701.4754360158632
 30
0.0
 70
0
  0
VERTEX
  5
413
  8
CUT
 10
79.25231823665733
 20
701.0092583935301
 30
0.0
 70
0
  0
VERTEX
  5
414
  8
CUT
 10
79.84067872788758
 20
700.6601679793537
 30
0.0
 70
0
  0
VERTEX
  5
415
  8
CUT
 10
80.48979784292408
 20
700.4441203933803
 30
0.0
 70
0
  0
VERTEX
  5
416
  8
CUT
 10
81.17000676949367
 20
700.370990364488
 30
0.0
 70
0
  0
SEQEND
  5
3BA
  8
CUT
  0
POLYLINE
  5
417
  8
CUT
 66
1
 10
0.0
 20
0.0
 30
0.0
 70
1
  0
VERTEX
  5
419
  8
CUT
 10
265.9719739594822
 20
687.770990364488
 30
0.0
 70
0
  0
VERTEX
  5
41A
  8
CUT
 10
265.2917650329127
 20
687.6978603355957
 30
0.0
 70
0
  0
VERTEX
  5
41B
  8
CUT
 10
264.64264591787617
 20
687.4818127496223
 30
0.0
 70
0
  0
VERTEX
  5
41C
  8
CUT
 10
264.0542854266459
 20
687.1327223354459
 30
0.0
 70
0
  0
VERTEX
  5
41D
  8
CUT
 10
263.5535753215486
 20
686.6665447131129
 30
0.0
 70
0
  0
VERTEX
  5
41E
  8
CUT
 10
263.16340119286696
 20
686.1045871219922
 30
0.0
 70
0
  0
VERTEX
  5
41F
  8
CUT
 10
262.90159644391576
 20
685.4725345463805
 30
0.0
 70
0
  0
VERTEX
  5
420
  8
CUT
 10
262.78012719272937
 20
684.7992757507255
 30
0.0
 70
0
  0
VERTEX
  5
421
  8
CUT
 10
262.80454534546317
 20
684.1155828820134
 30
0.0
 70
0
  0
VERTEX
  5
422
  8
CUT
 10
262.9737348394829
 20
683.4527049897708
 30
0.0
 70
0
  0
VERTEX
  5
423
  8
CUT
 10
263.2799626544223
 20
682.84093974863
 30
0.0
 70
0
  0
VERTEX
  5
424
  8
CUT
 10
263.70923225968517
 20
682.308248664691
 30
0.0
 70
0
  0
VERTEX
  5
425
  8
CUT
 10
264.2419233436242
 20
681.8789790594282
 30
0.0
 70
0
  0
VERTEX
  5
426
  8
CUT
 10
264.853688584765
 20
681.5727512444887
 30
0.0
 70
0
  0
VERTEX
  5
427
  8
CUT
 10
265.5165664770076
 20
681.403561750469
 30
0.0
 70
0
  0
VERTEX
  5
428
  8
CUT
 10
266.20025934571964
 20
681.379143597735
 30
0.0
 70
0
  0
VERTEX
  5
429
  8
CUT
 10
266.8735181413747
 20
681.5006128489215
 30
0.0
 70
0
  0
VERTEX
  5
42A
  8
CUT
 10
267.5055707169863
 20
681.7624175978726
 30
0.0
 70
0
  0
VERTEX
  5
42B
  8
CUT
 10
268.06752830810706
 20
682.1525917265542
 30
0.0
 70
0
  0
VERTEX
  5
42C
  8
CUT
 10
268.5337059304401
 20
682.6533018316516
 30
0.0
 70
0
  0
VERTEX
  5
42D
  8
CUT
 10
268.8827963446166
 20
683.2416623228818
 30
0.0
 70
0
  0
VERTEX
  5
42E
  8
CUT
 10
269.0988439305899
 20
683.8907814379183
 30
0.0
 70
0
  0
VERTEX
  5
42F
  8
CUT
 10
269.1719739594822
 20
684.5709903644879
 30
0.0
 70
0
  0
VERTEX
  5
430
  8
CUT
 10
303.77197395948224
 20
684.5709903644879
 30
0.0
 70
0
  0
VERTEX
  5
431
  8
CUT
 10
303.84510398837455
 20
683.8907814379183
 30
0.0
 70
0
  0
VERTEX
  5
432
  8
CUT
 10
304.06115157434783
 20
683.2416623228819
 30
0.0
 70
0
  0
VERTEX
  5
433
  8
CUT
 10
304.4102419885243
 20
682.6533018316516
 30
0.0
 70
0
  0
VERTEX
  5
434
  8
CUT
 10
304.87641961085734
 20
682.1525917265543
 30
0.0
 70
0
  0
VERTEX
  5
435
  8
CUT
 10
305.4383772019781
 20
681.7624175978726
 30
0.0
 70
0
  0
VERTEX
  5
436
  8
CUT
 10
306.0704297775897
 20
681.5006128489215
 30
0.0
 70
0
  0
VERTEX
  5
437
  8
CUT
 10
306.74368857324475
 20
681.379143597735
 30
0.0
 70
0
  0
VERTEX
  5
438
  8
CUT
 10
307.4273814419568
 20
681.403561750469
 30
0.0
 70
0
  0
VERTEX
  5
439
  8
CUT
 10
308.0902593341994
 20
681.5727512444887
 30
0.0
 70
0
  0
VERTEX
  5
43A
  8
CUT
 10
308.7020245753402
 20
681.878979059428
 30
0.0
 70
0
  0
VERTEX
  5
43B
  8
CUT
 10
309.23471565927923
 20
682.308248664691
 30
0.0
 70
0
  0
VERTEX
  5
43C
  8
CUT
 10
309.6639852645421
 20
682.8409397486299
 30
0.0
 70
0
  0
VERTEX
  5
43D
  8
CUT
 10
309.97021307948154
 20
683.4527049897707
 30
0.0
 70
0
  0
VERTEX
  5
43E
  8
CUT
 10
310.1394025735013
 20
684.1155828820134
 30
0.0
 70
0
  0
VERTEX
  5
43F
  8
CUT
 10
310.1638207262351
 20
684.7992757507254
 30
0.0
 70
0
  0
VERTEX
  5
440
  8
CUT
 10
310.0423514750487
 20
685.4725345463805
 30
0.0
 70
0
  0
VERTEX
  5
441
  8
CUT
 10
309.7805467260975
 20
686.104587121992
 30
0.0
 70
0
  0
VERTEX
  5
442
  8
CUT
 10
309.39037259741593
 20
686.6665447131128
 30
0.0
 70
0
  0
VERTEX
  5
443
  8
CUT
 10
308.8896624923186
 20
687.1327223354459
 30
0.0
 70
0
  0
VERTEX
  5
444
  8
CUT
 10
308.30130200108835
 20
687.4818127496223
 30
0.0
 70
0
  0
VERTEX
  5
445
  8
CUT
 10
307.65218288605183
 20
687.6978603355956
 30
0.0
 70
0
  0
VERTEX
  5
446
  8
CUT
 10
306.9719739594822
 20
687.770990364488
 30
0.0
 70
0
  0
VERTEX
  5
447
  8
CUT
 10
306.9719739594822
 20
700.370990364488
 30
0.0
 70
0
  0
VERTEX
  5
448
  8
CUT
 10
307.6521828860517
 20
700.4441203933803
 30
0.0
 70
0
  0
VERTEX
  5
449
  8
CUT
 10
308.30130200108823
 20
700.6601679793536
 30
0.0
 70
0
  0
VERTEX
  5
44A
  8
CUT
 10
308.8896624923185
 20
701.0092583935301
 30
0.0
 70
0
  0
VERTEX
  5
44B
  8
CUT
 10
309.3903725974158
 20
701.4754360158631
 30
0.0
 70
0
  0
VERTEX
  5
44C
  8
CUT
 10
309.7805467260974
 20
702.0373936069839
 30
0.0
 70
0
  0
VERTEX
  5
44D
  8
CUT
 10
310.0423514750486
 20
702.6694461825955
 30
0.0
 70
0
  0
VERTEX
  5
44E
  8
CUT
 10
310.163820726235
 20
703.3427049782505
 30
0.0
 70
0
  0
VERTEX
  5
44F
  8
CUT
 10
310.1394025735012
 20
704.0263978469625
 30
0.0
 70
0
  0
VERTEX
  5
450
  8
CUT
 10
309.9702130794814
 20
704.6892757392051
 30
0.0
 70
0
  0
VERTEX
  5
451
  8
CUT
 10
309.66398526454196
 20
705.3010409803459
 30
0.0
 70
0
  0
VERTEX
  5
452
  8
CUT
 10
309.2347156592792
 20
705.833732064285
 30
0.0
 70
0
  0
VERTEX
  5
453
  8
CUT
 10
308.7020245753401
 20
706.2630016695477
 30
0.0
 70
0
  0
VERTEX
  5
454
  8
CUT
 10
308.09025933419935
 20
706.5692294844872
 30
0.0
 70
0
  0
VERTEX
  5
455
  8
CUT
 10
307.42738144195675
 20
706.738418978507
 30
0.0
 70
0
  0
VERTEX
  5
456
  8
CUT
 10
306.7436885732447
 20
706.7628371312408
 30
0.0
 70
0
  0
VERTEX
  5
457
  8
CUT
 10
306.07042977758965
 20
706.6413678800544
 30
0.0
 70
0
  0
VERTEX
  5
458
  8
CUT
 10
305.4383772019781
 20
706.3795631311032
 30
0.0
 70
0
  0
VERTEX
  5
459
  8
CUT
 10
304.87641961085734
 20
705.9893890024216
 30
0.0
 70
0
  0
VERTEX
  5
45A
  8
CUT
 10
304.4102419885243
 20
705.4886788973243
 30
0.0
 70
0
  0
VERTEX
  5
45B
  8
CUT
 10
304.06115157434783
 20
704.900318406094
 30
0.0
 70
0
  0
VERTEX
  5
45C
  8
CUT
 10
303.84510398837455
 20
704.2511992910576
 30
0.0
 70
0
  0
VERTEX
  5
45D
  8
CUT
 10
303.77197395948224
 20
703.5709903644879
 30
0.0
 70
0
  0
VERTEX
  5
45E
  8
CUT
 10
269.1719739594822
 20
703.5709903644879
 30
0.0
 70
0
  0
VERTEX
  5
45F
  8
CUT
 10
269.0988439305899
 20
704.2511992910574
 30
0.0
 70
0
  0
VERTEX
  5
460
  8
CUT
 10
268.8827963446167
 20
704.9003184060939
 30
0.0
 70
0
  0
VERTEX
  5
461
  8
CUT
 10
268.5337059304402
 20
705.4886788973242
 30
0.0
 70
0
  0
VERTEX
  5
462
  8
CUT
 10
268.06752830810717
 20
705.9893890024215
 30
0.0
 70
0
  0
VERTEX
  5
463
  8
CUT
 10
267.5055707169865
 20
706.3795631311032
 30
0.0
 70
0
  0
VERTEX
  5
464
  8
CUT
 10
266.8735181413749
 20
706.6413678800543
 30
0.0
 70
0
  0
VERTEX
  5
465
  8
CUT
 10
266.20025934571987
 20
706.7628371312408
 30
0.0
 70
0
  0
VERTEX
  5
466
  8
CUT
 10
265.5165664770078
 20
706.738418978507
 30
0.0
 70
0
  0
VERTEX
  5
467
  8
CUT
 10
264.8536885847652
 20
706.5692294844872
 30
0.0
 70
0
  0
VERTEX
  5
468
  8
CUT
 10
264.2419233436244
 20
706.2630016695479
 30
0.0
 70
0
  0
VERTEX
  5
469
  8
CUT
 10
263.7092322596854
 20
705.833732064285
 30
0.0
 70
0
  0
VERTEX
  5
46A
  8
CUT
 10
263.27996265442255
 20
705.301040980346
 30
0.0
 70
0
  0
VERTEX
  5
46B
  8
CUT
 10
262.9737348394831
 20
704.6892757392052
 30
0.0
 70
0
  0
VERTEX
  5
46C
  8
CUT
 10
262.8045453454633
 20
704.0263978469626
 30
0.0
 70
0
  0
VERTEX
  5
46D
  8
CUT
 10
262.7801271927294
 20
703.3427049782506
 30
0.0
 70
0
  0
VERTEX
  5
46E
  8
CUT
 10
262.9015964439158
 20
702.6694461825956
 30
0.0
 70
0
  0
VERTEX
  5
46F
  8
CUT
 10
263.163401192867
 20
702.037393606984
 30
0.0
 70
0
  0
VERTEX
  5
470
  8
CUT
 10
263.5535753215486
 20
701.4754360158632
 30
0.0
 70
0
  0
VERTEX
  5
471
  8
CUT
 10
264.05428542664583
 20
701.0092583935301
 30
0.0
 70
0
  0
VERTEX
  5
472
  8
CUT
 10
264.6426459178761
 20
700.6601679793537
 30
0.0
 70
0
  0
VERTEX
  5
473
  8
CUT
 10
265.2917650329126
 20
700.4441203933803
 30
0.0
 70
0
  0
VERTEX
  5
474
  8
CUT
 10
265.9719739594822
 20
700.370990364488
 30
0.0
 70
0
  0
SEQEND
  5
418
  8
CUT
  0
POLYLINE
  5
475
  8
CUT
 66
1
 10
0.0
 20
0.0
 30
0.0
 70
1
  0
VERTEX
  5
477
  8
CUT
 10
200.37099036448794
 20
581.1700067694936
 30
0.0
 70
0
  0
VERTEX
  5
478
  8
CUT
 10
200.44412039338022
 20
580.4897978429241
 30
0.0
 70
0
  0
VERTEX
  5
479
  8
CUT
 10
200.66016797935347
 20
579.8406787278876
 30
0.0
 70
0
  0
VERTEX
  5
47A
  8
CUT
 10
201.00925839353
 20
579.2523182366573
 30
0.0
 70
0
  0
VERTEX
  5
47B
  8
CUT
 10
201.475436015863
 20
578.7516081315599
 30
0.0
 70
0
  0
VERTEX
  5
47C
  8
CUT
 10
202.03739360698376
 20
578.3614340028784
 30
0.0
 70
0
  0
VERTEX
  5
47D
  8
CUT
 10
202.66944618259538
 20
578.0996292539272
 30
0.0
 70
0
  0
VERTEX
  5
47E
  8
CUT
 10
203.3427049782504
 20
577.9781600027408
 30
0.0
 70
0
  0
VERTEX
  5
47F
  8
CUT
 10
204.02639784696248
 20
578.0025781554746
 30
0.0
 70
0
  0
VERTEX
  5
480
  8
CUT
 10
204.68927573920507
 20
578.1717676494943
 30
0.0
 70
0
  0
VERTEX
  5
481
  8
CUT
 10
205.30104098034587
 20
578.4779954644338
 30
0.0
 70
0
  0
VERTEX
  5
482
  8
CUT
 10
205.83373206428493
 20
578.9072650696967
 30
0.0
 70
0
  0
VERTEX
  5
483
  8
CUT
 10
206.26300166954775
 20
579.4399561536356
 30
0.0
 70
0
  0
VERTEX
  5
484
  8
CUT
 10
206.5692294844872
 20
580.0517213947765
 30
0.0
 70
0
  0
VERTEX
  5
485
  8
CUT
 10
206.73841897850696
 20
580.7145992870192
 30
0.0
 70
0
  0
VERTEX
  5
486
  8
CUT
 10
206.7628371312408
 20
581.3982921557312
 30
0.0
 70
0
  0
VERTEX
  5
487
  8
CUT
 10
206.6413678800544
 20
582.0715509513863
 30
0.0
 70
0
  0
VERTEX
  5
488
  8
CUT
 10
206.3795631311032
 20
582.7036035269978
 30
0.0
 70
0
  0
VERTEX
  5
489
  8
CUT
 10
205.9893890024216
 20
583.2655611181185
 30
0.0
 70
0
  0
VERTEX
  5
48A
  8
CUT
 10
205.4886788973243
 20
583.7317387404516
 30
0.0
 70
0
  0
VERTEX
  5
48B
  8
CUT
 10
204.90031840609402
 20
584.0808291546281
 30
0.0
 70
0
  0
VERTEX
  5
48C
  8
CUT
 10
204.25119929105747
 20
584.2968767406014
 30
0.0
 70
0
  0
VERTEX
  5
48D
  8
CUT
 10
203.57099036448795
 20
584.3700067694937
 30
0.0
 70
0
  0
VERTEX
  5
48E
  8
CUT
 10
203.57099036448795
 20
618.9700067694937
 30
0.0
 70
0
  0
VERTEX
  5
48F
  8
CUT
 10
204.25119929105747
 20
619.043136798386
 30
0.0
 70
0
  0
VERTEX
  5
490
  8
CUT
 10
204.900318406094
 20
619.2591843843592
 30
0.0
 70
0
  0
VERTEX
  5
491
  8
CUT
 10
205.48867889732423
 20
619.6082747985357
 30
0.0
 70
0
  0
VERTEX
  5
492
  8
CUT
 10
205.98938900242155
 20
620.0744524208687
 30
0.0
 70
0
  0
VERTEX
  5
493
  8
CUT
 10
206.3795631311031
 20
620.6364100119895
 30
0.0
 70
0
  0
VERTEX
  5
494
  8
CUT
 10
206.64136788005428
 20
621.2684625876011
 30
0.0
 70
0
  0
VERTEX
  5
495
  8
CUT
 10
206.7628371312407
 20
621.9417213832561
 30
0.0
 70
0
  0
VERTEX
  5
496
  8
CUT
 10
206.73841897850684
 20
622.6254142519682
 30
0.0
 70
0
  0
VERTEX
  5
497
  8
CUT
 10
206.5692294844871
 20
623.2882921442108
 30
0.0
 70
0
  0
VERTEX
  5
498
  8
CUT
 10
206.26300166954763
 20
623.9000573853516
 30
0.0
 70
0
  0
VERTEX
  5
499
  8
CUT
 10
205.8337320642848
 20
624.4327484692906
 30
0.0
 70
0
  0
VERTEX
  5
49A
  8
CUT
 10
205.30104098034576
 20
624.8620180745534
 30
0.0
 70
0
  0
VERTEX
  5
49B
  8
CUT
 10
204.68927573920496
 20
625.1682458894928
 30
0.0
 70
0
  0
VERTEX
  5
49C
  8
CUT
 10
204.02639784696234
 20
625.3374353835126
 30
0.0
 70
0
  0
VERTEX
  5
49D
  8
CUT
 10
203.3427049782503
 20
625.3618535362464
 30
0.0
 70
0
  0
VERTEX
  5
49E
  8
CUT
 10
202.66944618259527
 20
625.24038428506
 30
0.0
 70
0
  0
VERTEX
  5
49F
  8
CUT
 10
202.03739360698367
 20
624.9785795361088
 30
0.0
 70
0
  0
VERTEX
  5
4A0
  8
CUT
 10
201.47543601586295
 20
624.5884054074272
 30
0.0
 70
0
  0
VERTEX
  5
4A1
  8
CUT
 10
201.00925839352993
 20
624.0876953023298
 30
0.0
 70
0
  0
VERTEX
  5
4A2
  8
CUT
 10
200.66016797935345
 20
623.4993348110996
 30
0.0
 70
0
  0
VERTEX
  5
4A3
  8
CUT
 10
200.4441203933802
 20
622.8502156960631
 30
0.0
 70
0
  0
VERTEX
  5
4A4
  8
CUT
 10
200.37099036448794
 20
622.1700067694936
 30
0.0
 70
0
  0
VERTEX
  5
4A5
  8
CUT
 10
187.77099036448794
 20
622.1700067694936
 30
0.0
 70
0
  0
VERTEX
  5
4A6
  8
CUT
 10
187.69786033559566
 20
622.8502156960632
 30
0.0
 70
0
  0
VERTEX
  5
4A7
  8
CUT
 10
187.4818127496224
 20
623.4993348110996
 30
0.0
 70
0
  0
VERTEX
  5
4A8
  8
CUT
 10
187.1327223354459
 20
624.08769530233
 30
0.0
 70
0
  0
VERTEX
  5
4A9
  8
CUT
 10
186.66654471311287
 20
624.5884054074272
 30
0.0
 70
0
  0
VERTEX
  5
4AA
  8
CUT
 10
186.10458712199215
 20
624.9785795361088
 30
0.0
 70
0
  0
VERTEX
  5
4AB
  8
CUT
 10
185.47253454638056
 20
625.24038428506
 30
0.0
 70
0
  0
VERTEX
  5
4AC
  8
CUT
 10
184.7992757507255
 20
625.3618535362464
 30
0.0
 70
0
  0
VERTEX
  5
4AD
  8
CUT
 10
184.11558288201348
 20
625.3374353835126
 30
0.0
 70
0
  0
VERTEX
  5
4AE
  8
CUT
 10
183.4527049897709
 20
625.1682458894928
 30
0.0
 70
0
  0
VERTEX
  5
4AF
  8
CUT
 10
182.8409397486301
 20
624.8620180745534
 30
0.0
 70
0
  0
VERTEX
  5
4B0
  8
CUT
 10
182.30824866469106
 20
624.4327484692906
 30
0.0
 70
0
  0
VERTEX
  5
4B1
  8
CUT
 10
181.87897905942825
 20
623.9000573853515
 30
0.0
 70
0
  0
VERTEX
  5
4B2
  8
CUT
 10
181.57275124448879
 20
623.2882921442107
 30
0.0
 70
0
  0
VERTEX
  5
4B3
  8
CUT
 10
181.40356175046904
 20
622.6254142519681
 30
0.0
 70
0
  0
VERTEX
  5
4B4
  8
CUT
 10
181.3791435977352
 20
621.9417213832561
 30
0.0
 70
0
  0
VERTEX
  5
4B5
  8
CUT
 10
181.50061284892163
 20
621.2684625876011
 30
0.0
 70
0
  0
VERTEX
  5
4B6
  8
CUT
 10
181.7624175978728
 20
620.6364100119895
 30
0.0
 70
0
  0
VERTEX
  5
4B7
  8
CUT
 10
182.1525917265544
 20
620.0744524208687
 30
0.0
 70
0
  0
VERTEX
  5
4B8
  8
CUT
 10
182.6533018316517
 20
619.6082747985357
 30
0.0
 70
0
  0
VERTEX
  5
4B9
  8
CUT
 10
183.24166232288195
 20
619.2591843843592
 30
0.0
 70
0
  0
VERTEX
  5
4BA
  8
CUT
 10
183.89078143791846
 20
619.043136798386
 30
0.0
 70
0
  0
VERTEX
  5
4BB
  8
CUT
 10
184.57099036448795
 20
618.9700067694937
 30
0.0
 70
0
  0
VERTEX
  5
4BC
  8
CUT
 10
184.57099036448795
 20
584.3700067694937
 30
0.0
 70
0
  0
VERTEX
  5
4BD
  8
CUT
 10
183.89078143791843
 20
584.2968767406013
 30
0.0
 70
0
  0
VERTEX
  5
4BE
  8
CUT
 10
183.24166232288192
 20
584.0808291546281
 30
0.0
 70
0
  0
VERTEX
  5
4BF
  8
CUT
 10
182.65330183165162
 20
583.7317387404516
 30
0.0
 70
0
  0
VERTEX
  5
4C0
  8
CUT
 10
182.1525917265543
 20
583.2655611181186
 30
0.0
 70
0
  0
VERTEX
  5
4C1
  8
CUT
 10
181.7624175978727
 20
582.7036035269979
 30
0.0
 70
0
  0
VERTEX
  5
4C2
  8
CUT
 10
181.50061284892152
 20
582.0715509513863
 30
0.0
 70
0
  0
VERTEX
  5
4C3
  8
CUT
 10
181.3791435977351
 20
581.3982921557312
 30
0.0
 70
0
  0
VERTEX
  5
4C4
  8
CUT
 10
181.40356175046892
 20
580.7145992870192
 30
0.0
 70
0
  0
VERTEX
  5
4C5
  8
CUT
 10
181.57275124448867
 20
580.0517213947766
 30
0.0
 70
0
  0
VERTEX
  5
4C6
  8
CUT
 10
181.8789790594281
 20
579.4399561536358
 30
0.0
 70
0
  0
VERTEX
  5
4C7
  8
CUT
 10
182.30824866469095
 20
578.9072650696967
 30
0.0
 70
0
  0
VERTEX
  5
4C8
  8
CUT
 10
182.84093974862998
 20
578.4779954644339
 30
0.0
 70
0
  0
VERTEX
  5
4C9
  8
CUT
 10
183.45270498977078
 20
578.1717676494944
 30
0.0
 70
0
  0
VERTEX
  5
4CA
  8
CUT
 10
184.11558288201337
 20
578.0025781554747
 30
0.0
 70
0
  0
VERTEX
  5
4CB
  8
CUT
 10
184.79927575072546
 20
577.9781600027408
 30
0.0
 70
0
  0
VERTEX
  5
4CC
  8
CUT
 10
185.47253454638047
 20
578.0996292539272
 30
0.0
 70
0
  0
VERTEX
  5
4CD
  8
CUT
 10
186.1045871219921
 20
578.3614340028784
 30
0.0
 70
0
  0
VERTEX
  5
4CE
  8
CUT
 10
186.66654471311284
 20
578.7516081315599
 30
0.0
 70
0
  0
VERTEX
  5
4CF
  8
CUT
 10
187.13272233544586
 20
579.2523182366573
 30
0.0
 70
0
  0
VERTEX
  5
4D0
  8
CUT
 10
187.48181274962238
 20
579.8406787278875
 30
0.0
 70
0
  0
VERTEX
  5
4D1
  8
CUT
 10
187.69786033559564
 20
580.4897978429241
 30
0.0
 70
0
  0
VERTEX
  5
4D2
  8
CUT
 10
187.77099036448794
 20
581.1700067694936
 30
0.0
 70
0
  0
SEQEND
  5
476
  8
CUT
  0
POLYLINE
  5
4D3
  8
CUT
 66
1
 10
0.0
 20
0.0
 30
0.0
 70
1
  0
VERTEX
  5
4D5
  8
CUT
 10
200.37099036448797
 20
765.9719739594823
 30
0.0
 70
0
  0
VERTEX
  5
4D6
  8
CUT
 10
200.44412039338022
 20
765.2917650329127
 30
0.0
 70
0
  0
VERTEX
  5
4D7
  8
CUT
 10
200.66016797935345
 20
764.6426459178763
 30
0.0
 70
0
  0
VERTEX
  5
4D8
  8
CUT
 10
201.00925839352993
 20
764.054285426646
 30
0.0
 70
0
  0
VERTEX
  5
4D9
  8
CUT
 10
201.47543601586295
 20
763.5535753215487
 30
0.0
 70
0
  0
VERTEX
  5
4DA
  8
CUT
 10
202.03739360698367
 20
763.163401192867
 30
0.0
 70
0
  0
VERTEX
  5
4DB
  8
CUT
 10
202.66944618259527
 20
762.9015964439159
 30
0.0
 70
0
  0
VERTEX
  5
4DC
  8
CUT
 10
203.34270497825028
 20
762.7801271927294
 30
0.0
 70
0
  0
VERTEX
  5
4DD
  8
CUT
 10
204.0263978469623
 20
762.8045453454632
 30
0.0
 70
0
  0
VERTEX
  5
4DE
  8
CUT
 10
204.68927573920493
 20
762.973734839483
 30
0.0
 70
0
  0
VERTEX
  5
4DF
  8
CUT
 10
205.30104098034573
 20
763.2799626544223
 30
0.0
 70
0
  0
VERTEX
  5
4E0
  8
CUT
 10
205.83373206428476
 20
763.7092322596851
 30
0.0
 70
0
  0
VERTEX
  5
4E1
  8
CUT
 10
206.2630016695476
 20
764.2419233436242
 30
0.0
 70
0
  0
VERTEX
  5
4E2
  8
CUT
 10
206.5692294844871
 20
764.853688584765
 30
0.0
 70
0
  0
VERTEX
  5
4E3
  8
CUT
 10
206.73841897850684
 20
765.5165664770076
 30
0.0
 70
0
  0
VERTEX
  5
4E4
  8
CUT
 10
206.7628371312407
 20
766.2002593457196
 30
0.0
 70
0
  0
VERTEX
  5
4E5
  8
CUT
 10
206.6413678800543
 20
766.8735181413746
 30
0.0
 70
0
  0
VERTEX
  5
4E6
  8
CUT
 10
206.37956313110317
 20
767.5055707169862
 30
0.0
 70
0
  0
VERTEX
  5
4E7
  8
CUT
 10
205.9893890024216
 20
768.067528308107
 30
0.0
 70
0
  0
VERTEX
  5
4E8
  8
CUT
 10
205.4886788973243
 20
768.5337059304401
 30
0.0
 70
0
  0
VERTEX
  5
4E9
  8
CUT
 10
204.90031840609404
 20
768.8827963446165
 30
0.0
 70
0
  0
VERTEX
  5
4EA
  8
CUT
 10
204.25119929105756
 20
769.0988439305899
 30
0.0
 70
0
  0
VERTEX
  5
4EB
  8
CUT
 10
203.57099036448795
 20
769.1719739594822
 30
0.0
 70
0
  0
VERTEX
  5
4EC
  8
CUT
 10
203.57099036448795
 20
803.7719739594822
 30
0.0
 70
0
  0
VERTEX
  5
4ED
  8
CUT
 10
204.25119929105747
 20
803.8451039883746
 30
0.0
 70
0
  0
VERTEX
  5
4EE
  8
CUT
 10
204.900318406094
 20
804.0611515743478
 30
0.0
 70
0
  0
VERTEX
  5
4EF
  8
CUT
 10
205.4886788973243
 20
804.4102419885243
 30
0.0
 70
0
  0
VERTEX
  5
4F0
  8
CUT
 10
205.9893890024216
 20
804.8764196108573
 30
0.0
 70
0
  0
VERTEX
  5
4F1
  8
CUT
 10
206.3795631311032
 20
805.438377201978
 30
0.0
 70
0
  0
VERTEX
  5
4F2
  8
CUT
 10
206.6413678800544
 20
806.0704297775897
 30
0.0
 70
0
  0
VERTEX
  5
4F3
  8
CUT
 10
206.76283713124081
 20
806.7436885732448
 30
0.0
 70
0
  0
VERTEX
  5
4F4
  8
CUT
 10
206.73841897850699
 20
807.4273814419568
 30
0.0
 70
0
  0
VERTEX
  5
4F5
  8
CUT
 10
206.56922948448724
 20
808.0902593341993
 30
0.0
 70
0
  0
VERTEX
  5
4F6
  8
CUT
 10
206.2630016695478
 20
808.7020245753401
 30
0.0
 70
0
  0
VERTEX
  5
4F7
  8
CUT
 10
205.83373206428496
 20
809.2347156592792
 30
0.0
 70
0
  0
VERTEX
  5
4F8
  8
CUT
 10
205.30104098034593
 20
809.663985264542
 30
0.0
 70
0
  0
VERTEX
  5
4F9
  8
CUT
 10
204.68927573920513
 20
809.9702130794815
 30
0.0
 70
0
  0
VERTEX
  5
4FA
  8
CUT
 10
204.02639784696254
 20
810.1394025735012
 30
0.0
 70
0
  0
VERTEX
  5
4FB
  8
CUT
 10
203.34270497825048
 20
810.1638207262351
 30
0.0
 70
0
  0
VERTEX
  5
4FC
  8
CUT
 10
202.66944618259544
 20
810.0423514750487
 30
0.0
 70
0
  0
VERTEX
  5
4FD
  8
CUT
 10
202.0373936069838
 20
809.7805467260976
 30
0.0
 70
0
  0
VERTEX
  5
4FE
  8
CUT
 10
201.47543601586307
 20
809.390372597416
 30
0.0
 70
0
  0
VERTEX
  5
4FF
  8
CUT
 10
201.00925839353005
 20
808.8896624923186
 30
0.0
 70
0
  0
VERTEX
  5
500
  8
CUT
 10
200.66016797935353
 20
808.3013020010884
 30
0.0
 70
0
  0
VERTEX
  5
501
  8
CUT
 10
200.44412039338027
 20
807.6521828860518
 30
0.0
 70
0
  0
VERTEX
  5
502
  8
CUT
 10
200.37099036448797
 20
806.9719739594823
 30
0.0
 70
0
  0
VERTEX
  5
503
  8
CUT
 10
187.77099036448797
 20
806.9719739594823
 30
0.0
 70
0
  0
VERTEX
  5
504
  8
CUT
 10
187.6978603355957
 20
807.6521828860518
 30
0.0
 70
0
  0
VERTEX
  5
505
  8
CUT
 10
187.48181274962243
 20
808.3013020010883
 30
0.0
 70
0
  0
VERTEX
  5
506
  8
CUT
 10
187.13272233544592
 20
808.8896624923186
 30
0.0
 70
0
  0
VERTEX
  5
507
  8
CUT
 10
186.6665447131129
 20
809.390372597416
 30
0.0
 70
0
  0
VERTEX
  5
508
  8
CUT
 10
186.10458712199215
 20
809.7805467260976
 30
0.0
 70
0
  0
VERTEX
  5
509
  8
CUT
 10
185.47253454638053
 20
810.0423514750487
 30
0.0
 70
0
  0
VERTEX
  5
50A
  8
CUT
 10
184.7992757507255
 20
810.1638207262351
 30
0.0
 70
0
  0
VERTEX
  5
50B
  8
CUT
 10
184.11558288201343
 20
810.1394025735013
 30
0.0
 70
0
  0
VERTEX
  5
50C
  8
CUT
 10
183.45270498977084
 20
809.9702130794816
 30
0.0
 70
0
  0
VERTEX
  5
50D
  8
CUT
 10
182.84093974863003
 20
809.6639852645421
 30
0.0
 70
0
  0
VERTEX
  5
50E
  8
CUT
 10
182.30824866469098
 20
809.2347156592792
 30
0.0
 70
0
  0
VERTEX
  5
50F
  8
CUT
 10
181.87897905942816
 20
808.7020245753403
 30
0.0
 70
0
  0
VERTEX
  5
510
  8
CUT
 10
181.5727512444887
 20
808.0902593341995
 30
0.0
 70
0
  0
VERTEX
  5
511
  8
CUT
 10
181.40356175046895
 20
807.4273814419568
 30
0.0
 70
0
  0
VERTEX
  5
512
  8
CUT
 10
181.37914359773512
 20
806.7436885732448
 30
0.0
 70
0
  0
VERTEX
  5
513
  8
CUT
 10
181.50061284892152
 20
806.0704297775897
 30
0.0
 70
0
  0
VERTEX
  5
514
  8
CUT
 10
181.7624175978727
 20
805.4383772019781
 30
0.0
 70
0
  0
VERTEX
  5
515
  8
CUT
 10
182.1525917265543
 20
804.8764196108574
 30
0.0
 70
0
  0
VERTEX
  5
516
  8
CUT
 10
182.65330183165162
 20
804.4102419885243
 30
0.0
 70
0
  0
VERTEX
  5
517
  8
CUT
 10
183.2416623228819
 20
804.0611515743478
 30
0.0
 70
0
  0
VERTEX
  5
518
  8
CUT
 10
183.89078143791843
 20
803.8451039883745
 30
0.0
 70
0
  0
VERTEX
  5
519
  8
CUT
 10
184.57099036448795
 20
803.7719739594822
 30
0.0
 70
0
  0
VERTEX
  5
51A
  8
CUT
 10
184.57099036448795
 20
769.1719739594822
 30
0.0
 70
0
  0
VERTEX
  5
51B
  8
CUT
 10
183.89078143791843
 20
769.0988439305899
 30
0.0
 70
0
  0
VERTEX
  5
51C
  8
CUT
 10
183.24166232288192
 20
768.8827963446166
 30
0.0
 70
0
  0
VERTEX
  5
51D
  8
CUT
 10
182.65330183165167
 20
768.5337059304401
 30
0.0
 70
0
  0
VERTEX
  5
51E
  8
CUT
 10
182.15259172655436
 20
768.0675283081071
 30
0.0
 70
0
  0
VERTEX
  5
51F
  8
CUT
 10
181.7624175978728
 20
767.5055707169863
 30
0.0
 70
0
  0
VERTEX
  5
520
  8
CUT
 10
181.50061284892163
 20
766.8735181413747
 30
0.0
 70
0
  0
VERTEX
  5
521
  8
CUT
 10
181.3791435977352
 20
766.2002593457197
 30
0.0
 70
0
  0
VERTEX
  5
522
  8
CUT
 10
181.40356175046907
 20
765.5165664770076
 30
0.0
 70
0
  0
VERTEX
  5
523
  8
CUT
 10
181.5727512444888
 20
764.853688584765
 30
0.0
 70
0
  0
VERTEX
  5
524
  8
CUT
 10
181.87897905942827
 20
764.2419233436242
 30
0.0
 70
0
  0
VERTEX
  5
525
  8
CUT
 10
182.30824866469112
 20
763.7092322596852
 30
0.0
 70
0
  0
VERTEX
  5
526
  8
CUT
 10
182.84093974863015
 20
763.2799626544224
 30
0.0
 70
0
  0
VERTEX
  5
527
  8
CUT
 10
183.45270498977095
 20
762.973734839483
 30
0.0
 70
0
  0
VERTEX
  5
528
  8
CUT
 10
184.11558288201357
 20
762.8045453454632
 30
0.0
 70
0
  0
VERTEX
  5
529
  8
CUT
 10
184.7992757507256
 20
762.7801271927294
 30
0.0
 70
0
  0
VERTEX
  5
52A
  8
CUT
 10
185.47253454638064
 20
762.9015964439158
 30
0.0
 70
0
  0
VERTEX
  5
52B
  8
CUT
 10
186.10458712199224
 20
763.163401192867
 30
0.0
 70
0
  0
VERTEX
  5
52C
  8
CUT
 10
186.66654471311296
 20
763.5535753215486
 30
0.0
 70
0
  0
VERTEX
  5
52D
  8
CUT
 10
187.13272233544598
 20
764.054285426646
 30
0.0
 70
0
  0
VERTEX
  5
52E
  8
CUT
 10
187.48181274962246
 20
764.6426459178762
 30
0.0
 70
0
  0
VERTEX
  5
52F
  8
CUT
 10
187.69786033559572
 20
765.2917650329127
 30
0.0
 70
0
  0
VERTEX
  5
530
  8
CUT
 10
187.77099036448797
 20
765.9719739594823
 30
0.0
 70
0
  0
SEQEND
  5
4D4
  8
CUT
  0
POLYLINE
  5
531
  8
CUT
 66
1
 10
0.0
 20
0.0
 30
0.0
 70
1
  0
VERTEX
  5
533
  8
CUT
 10
18.0
 20
892.0
 30
0.0
 70
0
  0
VERTEX
  5
534
  8
CUT
 10
77.97000676949366
 20
892.0
 30
0.0
 70
0
  0
VERTEX
  5
535
  8
CUT
 10
78.04313679838594
 20
892.6802089265695
 30
0.0
 70
0
  0
VERTEX
  5
536
  8
CUT
 10
78.2591843843592
 20
893.329328041606
 30
0.0
 70
0
  0
VERTEX
  5
537
  8
CUT
 10
78.6082747985357
 20
893.9176885328363
 30
0.0
 70
0
  0
VERTEX
  5
538
  8
CUT
 10
79.07445242086875
 20
894.4183986379336
 30
0.0
 70
0
  0
VERTEX
  5
539
  8
CUT
 10
79.63641001198948
 20
894.8085727666153
 30
0.0
 70
0
  0
VERTEX
  5
53A
  8
CUT
 10
80.2684625876011
 20
895.0703775155664
 30
0.0
 70
0
  0
VERTEX
  5
53B
  8
CUT
 10
80.94172138325614
 20
895.1918467667529
 30
0.0
 70
0
  0
VERTEX
  5
53C
  8
CUT
 10
81.6254142519682
 20
895.1674286140191
 30
0.0
 70
0
  0
VERTEX
  5
53D
  8
CUT
 10
82.2882921442108
 20
894.9982391199993
 30
0.0
 70
0
  0
VERTEX
  5
53E
  8
CUT
 10
82.9000573853516
 20
894.6920113050599
 30
0.0
 70
0
  0
VERTEX
  5
53F
  8
CUT
 10
83.43274846929066
 20
894.262741699797
 30
0.0
 70
0
  0
VERTEX
  5
540
  8
CUT
 10
83.86201807455348
 20
893.730050615858
 30
0.0
 70
0
  0
VERTEX
  5
541
  8
CUT
 10
84.16824588949294
 20
893.1182853747172
 30
0.0
 70
0
  0
VERTEX
  5
542
  8
CUT
 10
84.33743538351268
 20
892.4554074824745
 30
0.0
 70
0
  0
VERTEX
  5
543
  8
CUT
 10
84.36185353624651
 20
891.7717146137625
 30
0.0
 70
0
  0
VERTEX
  5
544
  8
CUT
 10
84.2403842850601
 20
891.0984558181074
 30
0.0
 70
0
  0
VERTEX
  5
545
  8
CUT
 10
83.97857953610892
 20
890.4664032424959
 30
0.0
 70
0
  0
VERTEX
  5
546
  8
CUT
 10
83.58840540742733
 20
889.9044456513751
 30
0.0
 70
0
  0
VERTEX
  5
547
  8
CUT
 10
83.08769530233
 20
889.438268029042
 30
0.0
 70
0
  0
VERTEX
  5
548
  8
CUT
 10
82.49933481109973
 20
889.0891776148655
 30
0.0
 70
0
  0
VERTEX
  5
549
  8
CUT
 10
81.85021569606322
 20
888.8731300288923
 30
0.0
 70
0
  0
VERTEX
  5
54A
  8
CUT
 10
81.17000676949367
 20
888.8
 30
0.0
 70
0
  0
VERTEX
  5
54B
  8
CUT
 10
81.17000676949367
 20
874.0
 30
0.0
 70
0
  0
VERTEX
  5
54C
  8
CUT
 10
121.17000676949367
 20
874.0
 30
0.0
 70
0
  0
VERTEX
  5
54D
  8
CUT
 10
121.17000676949367
 20
888.8
 30
0.0
 70
0
  0
VERTEX
  5
54E
  8
CUT
 10
120.48979784292413
 20
888.8731300288923
 30
0.0
 70
0
  0
VERTEX
  5
54F
  8
CUT
 10
119.84067872788762
 20
889.0891776148655
 30
0.0
 70
0
  0
VERTEX
  5
550
  8
CUT
 10
119.25231823665735
 20
889.438268029042
 30
0.0
 70
0
  0
VERTEX
  5
551
  8
CUT
 10
118.75160813156002
 20
889.9044456513751
 30
0.0
 70
0
  0
VERTEX
  5
552
  8
CUT
 10
118.36143400287843
 20
890.4664032424957
 30
0.0
 70
0
  0
VERTEX
  5
553
  8
CUT
 10
118.09962925392725
 20
891.0984558181074
 30
0.0
 70
0
  0
VERTEX
  5
554
  8
CUT
 10
117.97816000274082
 20
891.7717146137625
 30
0.0
 70
0
  0
VERTEX
  5
555
  8
CUT
 10
118.00257815547464
 20
892.4554074824745
 30
0.0
 70
0
  0
VERTEX
  5
556
  8
CUT
 10
118.17176764949438
 20
893.1182853747171
 30
0.0
 70
0
  0
VERTEX
  5
557
  8
CUT
 10
118.47799546443385
 20
893.7300506158579
 30
0.0
 70
0
  0
VERTEX
  5
558
  8
CUT
 10
118.90726506969668
 20
894.262741699797
 30
0.0
 70
0
  0
VERTEX
  5
559
  8
CUT
 10
119.43995615363572
 20
894.6920113050597
 30
0.0
 70
0
  0
VERTEX
  5
55A
  8
CUT
 10
120.05172139477652
 20
894.9982391199992
 30
0.0
 70
0
  0
VERTEX
  5
55B
  8
CUT
 10
120.71459928701913
 20
895.1674286140191
 30
0.0
 70
0
  0
VERTEX
  5
55C
  8
CUT
 10
121.39829215573118
 20
895.1918467667529
 30
0.0
 70
0
  0
VERTEX
  5
55D
  8
CUT
 10
122.07155095138621
 20
895.0703775155664
 30
0.0
 70
0
  0
VERTEX
  5
55E
  8
CUT
 10
122.70360352699784
 20
894.8085727666153
 30
0.0
 70
0
  0
VERTEX
  5
55F
  8
CUT
 10
123.26556111811857
 20
894.4183986379337
 30
0.0
 70
0
  0
VERTEX
  5
560
  8
CUT
 10
123.73173874045162
 20
893.9176885328363
 30
0.0
 70
0
  0
VERTEX
  5
561
  8
CUT
 10
124.08082915462813
 20
893.3293280416061
 30
0.0
 70
0
  0
VERTEX
  5
562
  8
CUT
 10
124.29687674060139
 20
892.6802089265695
 30
0.0
 70
0
  0
VERTEX
  5
563
  8
CUT
 10
124.37000676949367
 20
892.0
 30
0.0
 70
0
  0
VERTEX
  5
564
  8
CUT
 10
262.77197395948224
 20
892.0
 30
0.0
 70
0
  0
VERTEX
  5
565
  8
CUT
 10
262.84510398837455
 20
892.6802089265695
 30
0.0
 70
0
  0
VERTEX
  5
566
  8
CUT
 10
263.06115157434783
 20
893.329328041606
 30
0.0
 70
0
  0
VERTEX
  5
567
  8
CUT
 10
263.4102419885243
 20
893.9176885328363
 30
0.0
 70
0
  0
VERTEX
  5
568
  8
CUT
 10
263.87641961085734
 20
894.4183986379336
 30
0.0
 70
0
  0
VERTEX
  5
569
  8
CUT
 10
264.4383772019781
 20
894.8085727666153
 30
0.0
 70
0
  0
VERTEX
  5
56A
  8
CUT
 10
265.0704297775897
 20
895.0703775155664
 30
0.0
 70
0
  0
VERTEX
  5
56B
  8
CUT
 10
265.74368857324475
 20
895.1918467667529
 30
0.0
 70
0
  0
VERTEX
  5
56C
  8
CUT
 10
266.4273814419568
 20
895.167428614019
 30
0.0
 70
0
  0
VERTEX
  5
56D
  8
CUT
 10
267.0902593341994
 20
894.9982391199992
 30
0.0
 70
0
  0
VERTEX
  5
56E
  8
CUT
 10
267.7020245753402
 20
894.6920113050599
 30
0.0
 70
0
  0
VERTEX
  5
56F
  8
CUT
 10
268.23471565927923
 20
894.262741699797
 30
0.0
 70
0
  0
VERTEX
  5
570
  8
CUT
 10
268.6639852645421
 20
893.730050615858
 30
0.0
 70
0
  0
VERTEX
  5
571
  8
CUT
 10
268.97021307948154
 20
893.1182853747172
 30
0.0
 70
0
  0
VERTEX
  5
572
  8
CUT
 10
269.1394025735013
 20
892.4554074824745
 30
0.0
 70
0
  0
VERTEX
  5
573
  8
CUT
 10
269.1638207262351
 20
891.7717146137625
 30
0.0
 70
0
  0
VERTEX
  5
574
  8
CUT
 10
269.0423514750487
 20
891.0984558181074
 30
0.0
 70
0
  0
VERTEX
  5
575
  8
CUT
 10
268.7805467260975
 20
890.4664032424959
 30
0.0
 70
0
  0
VERTEX
  5
576
  8
CUT
 10
268.39037259741593
 20
889.9044456513751
 30
0.0
 70
0
  0
VERTEX
  5
577
  8
CUT
 10
267.8896624923186
 20
889.438268029042
 30
0.0
 70
0
  0
VERTEX
  5
578
  8
CUT
 10
267.30130200108835
 20
889.0891776148655
 30
0.0
 70
0
  0
VERTEX
  5
579
  8
CUT
 10
266.65218288605183
 20
888.8731300288923
 30
0.0
 70
0
  0
VERTEX
  5
57A
  8
CUT
 10
265.9719739594822
 20
888.8
 30
0.0
 70
0
  0
VERTEX
  5
57B
  8
CUT
 10
265.9719739594822
 20
874.0
 30
0.0
 70
0
  0
VERTEX
  5
57C
  8
CUT
 10
305.9719739594822
 20
874.0
 30
0.0
 70
0
  0
VERTEX
  5
57D
  8
CUT
 10
305.9719739594822
 20
888.8
 30
0.0
 70
0
  0
VERTEX
  5
57E
  8
CUT
 10
305.2917650329127
 20
888.8731300288922
 30
0.0
 70
0
  0
VERTEX
  5
57F
  8
CUT
 10
304.64264591787617
 20
889.0891776148655
 30
0.0
 70
0
  0
VERTEX
  5
580
  8
CUT
 10
304.0542854266459
 20
889.438268029042
 30
0.0
 70
0
  0
VERTEX
  5
581
  8
CUT
 10
303.5535753215486
 20
889.904445651375
 30
0.0
 70
0
  0
VERTEX
  5
582
  8
CUT
 10
303.16340119286696
 20
890.4664032424957
 30
0.0
 70
0
  0
VERTEX
  5
583
  8
CUT
 10
302.90159644391576
 20
891.0984558181074
 30
0.0
 70
0
  0
VERTEX
  5
584
  8
CUT
 10
302.78012719272937
 20
891.7717146137624
 30
0.0
 70
0
  0
VERTEX
  5
585
  8
CUT
 10
302.80454534546317
 20
892.4554074824745
 30
0.0
 70
0
  0
VERTEX
  5
586
  8
CUT
 10
302.9737348394829
 20
893.1182853747171
 30
0.0
 70
0
  0
VERTEX
  5
587
  8
CUT
 10
303.2799626544223
 20
893.7300506158579
 30
0.0
 70
0
  0
VERTEX
  5
588
  8
CUT
 10
303.70923225968517
 20
894.262741699797
 30
0.0
 70
0
  0
VERTEX
  5
589
  8
CUT
 10
304.2419233436242
 20
894.6920113050597
 30
0.0
 70
0
  0
VERTEX
  5
58A
  8
CUT
 10
304.853688584765
 20
894.9982391199992
 30
0.0
 70
0
  0
VERTEX
  5
58B
  8
CUT
 10
305.5165664770076
 20
895.167428614019
 30
0.0
 70
0
  0
VERTEX
  5
58C
  8
CUT
 10
306.20025934571964
 20
895.1918467667529
 30
0.0
 70
0
  0
VERTEX
  5
58D
  8
CUT
 10
306.8735181413747
 20
895.0703775155664
 30
0.0
 70
0
  0
VERTEX
  5
58E
  8
CUT
 10
307.5055707169863
 20
894.8085727666153
 30
0.0
 70
0
  0
VERTEX
  5
58F
  8
CUT
 10
308.06752830810706
 20
894.4183986379337
 30
0.0
 70
0
  0
VERTEX
  5
590
  8
CUT
 10
308.5337059304401
 20
893.9176885328363
 30
0.0
 70
0
  0
VERTEX
  5
591
  8
CUT
 10
308.8827963446166
 20
893.3293280416061
 30
0.0
 70
0
  0
VERTEX
  5
592
  8
CUT
 10
309.0988439305899
 20
892.6802089265695
 30
0.0
 70
0
  0
VERTEX
  5
593
  8
CUT
 10
309.1719739594822
 20
892.0
 30
0.0
 70
0
  0
VERTEX
  5
594
  8
CUT
 10
369.1419807289759
 20
892.0
 30
0.0
 70
0
  0
VERTEX
  5
595
  8
CUT
 10
318.74198072897593
 20
1081.0
 30
0.0
 70
0
  0
VERTEX
  5
596
  8
CUT
 10
281.5058771767782
 20
1081.0
 30
0.0
 70
0
  0
VERTEX
  5
597
  8
CUT
 10
281.4327471478859
 20
1080.3197910734305
 30
0.0
 70
0
  0
VERTEX
  5
598
  8
CUT
 10
281.21669956191266
 20
1079.670671958394
 30
0.0
 70
0
  0
VERTEX
  5
599
  8
CUT
 10
280.8676091477361
 20
1079.0823114671637
 30
0.0
 70
0
  0
VERTEX
  5
59A
  8
CUT
 10
280.4014315254031
 20
1078.5816013620663
 30
0.0
 70
0
  0
VERTEX
  5
59B
  8
CUT
 10
279.83947393428235
 20
1078.1914272333847
 30
0.0
 70
0
  0
VERTEX
  5
59C
  8
CUT
 10
279.20742135867073
 20
1077.9296224844336
 30
0.0
 70
0
  0
VERTEX
  5
59D
  8
CUT
 10
278.5341625630157
 20
1077.8081532332471
 30
0.0
 70
0
  0
VERTEX
  5
59E
  8
CUT
 10
277.8504696943036
 20
1077.832571385981
 30
0.0
 70
0
  0
VERTEX
  5
59F
  8
CUT
 10
277.18759180206104
 20
1078.0017608800008
 30
0.0
 70
0
  0
VERTEX
  5
5A0
  8
CUT
 10
276.57582656092023
 20
1078.3079886949401
 30
0.0
 70
0
  0
VERTEX
  5
5A1
  8
CUT
 10
276.04313547698115
 20
1078.737258300203
 30
0.0
 70
0
  0
VERTEX
  5
5A2
  8
CUT
 10
275.61386587171836
 20
1079.2699493841421
 30
0.0
 70
0
  0
VERTEX
  5
5A3
  8
CUT
 10
275.3076380567789
 20
1079.881714625283
 30
0.0
 70
0
  0
VERTEX
  5
5A4
  8
CUT
 10
275.13844856275915
 20
1080.5445925175254
 30
0.0
 70
0
  0
VERTEX
  5
5A5
  8
CUT
 10
275.1140304100253
 20
1081.2282853862375
 30
0.0
 70
0
  0
VERTEX
  5
5A6
  8
CUT
 10
275.2354996612117
 20
1081.9015441818926
 30
0.0
 70
0
  0
VERTEX
  5
5A7
  8
CUT
 10
275.4973044101629
 20
1082.5335967575043
 30
0.0
 70
0
  0
VERTEX
  5
5A8
  8
CUT
 10
275.8874785388445
 20
1083.095554348625
 30
0.0
 70
0
  0
VERTEX
  5
5A9
  8
CUT
 10
276.3881886439418
 20
1083.561731970958
 30
0.0
 70
0
  0
VERTEX
  5
5AA
  8
CUT
 10
276.9765491351721
 20
1083.9108223851345
 30
0.0
 70
0
  0
VERTEX
  5
5AB
  8
CUT
 10
277.6256682502086
 20
1084.1268699711077
 30
0.0
 70
0
  0
VERTEX
  5
5AC
  8
CUT
 10
278.30587717677815
 20
1084.2
 30
0.0
 70
0
  0
VERTEX
  5
5AD
  8
CUT
 10
278.30587717677815
 20
1099.0
 30
0.0
 70
0
  0
VERTEX
  5
5AE
  8
CUT
 10
238.30587717677818
 20
1099.0
 30
0.0
 70
0
  0
VERTEX
  5
5AF
  8
CUT
 10
238.30587717677818
 20
1084.2
 30
0.0
 70
0
  0
VERTEX
  5
5B0
  8
CUT
 10
238.9860861033477
 20
1084.1268699711077
 30
0.0
 70
0
  0
VERTEX
  5
5B1
  8
CUT
 10
239.63520521838424
 20
1083.9108223851345
 30
0.0
 70
0
  0
VERTEX
  5
5B2
  8
CUT
 10
240.22356570961452
 20
1083.561731970958
 30
0.0
 70
0
  0
VERTEX
  5
5B3
  8
CUT
 10
240.72427581471183
 20
1083.095554348625
 30
0.0
 70
0
  0
VERTEX
  5
5B4
  8
CUT
 10
241.11444994339345
 20
1082.5335967575043
 30
0.0
 70
0
  0
VERTEX
  5
5B5
  8
CUT
 10
241.37625469234462
 20
1081.9015441818926
 30
0.0
 70
0
  0
VERTEX
  5
5B6
  8
CUT
 10
241.49772394353104
 20
1081.2282853862375
 30
0.0
 70
0
  0
VERTEX
  5
5B7
  8
CUT
 10
241.47330579079724
 20
1080.5445925175254
 30
0.0
 70
0
  0
VERTEX
  5
5B8
  8
CUT
 10
241.3041162967775
 20
1079.881714625283
 30
0.0
 70
0
  0
VERTEX
  5
5B9
  8
CUT
 10
240.99788848183803
 20
1079.2699493841421
 30
0.0
 70
0
  0
VERTEX
  5
5BA
  8
CUT
 10
240.56861887657521
 20
1078.737258300203
 30
0.0
 70
0
  0
VERTEX
  5
5BB
  8
CUT
 10
240.03592779263616
 20
1078.3079886949401
 30
0.0
 70
0
  0
VERTEX
  5
5BC
  8
CUT
 10
239.42416255149536
 20
1078.0017608800008
 30
0.0
 70
0
  0
VERTEX
  5
5BD
  8
CUT
 10
238.76128465925277
 20
1077.832571385981
 30
0.0
 70
0
  0
VERTEX
  5
5BE
  8
CUT
 10
238.07759179054068
 20
1077.8081532332471
 30
0.0
 70
0
  0
VERTEX
  5
5BF
  8
CUT
 10
237.40433299488566
 20
1077.9296224844336
 30
0.0
 70
0
  0
VERTEX
  5
5C0
  8
CUT
 10
236.77228041927404
 20
1078.1914272333847
 30
0.0
 70
0
  0
VERTEX
  5
5C1
  8
CUT
 10
236.2103228281533
 20
1078.5816013620663
 30
0.0
 70
0
  0
VERTEX
  5
5C2
  8
CUT
 10
235.74414520582025
 20
1079.0823114671637
 30
0.0
 70
0
  0
VERTEX
  5
5C3
  8
CUT
 10
235.39505479164373
 20
1079.670671958394
 30
0.0
 70
0
  0
VERTEX
  5
5C4
  8
CUT
 10
235.17900720567047
 20
1080.3197910734305
 30
0.0
 70
0
  0
VERTEX
  5
5C5
  8
CUT
 10
235.10587717677816
 20
1081.0
 30
0.0
 70
0
  0
VERTEX
  5
5C6
  8
CUT
 10
203.07099036448795
 20
1081.0
 30
0.0
 70
0
  0
VERTEX
  5
5C7
  8
CUT
 10
203.07099036448795
 20
989.7
 30
0.0
 70
0
  0
VERTEX
  5
5C8
  8
CUT
 10
203.75119929105747
 20
989.6268699711077
 30
0.0
 70
0
  0
VERTEX
  5
5C9
  8
CUT
 10
204.400318406094
 20
989.4108223851345
 30
0.0
 70
0
  0
VERTEX
  5
5CA
  8
CUT
 10
204.9886788973243
 20
989.061731970958
 30
0.0
 70
0
  0
VERTEX
  5
5CB
  8
CUT
 10
205.4893890024216
 20
988.595554348625
 30
0.0
 70
0
  0
VERTEX
  5
5CC
  8
CUT
 10
205.8795631311032
 20
988.0335967575043
 30
0.0
 70
0
  0
VERTEX
  5
5CD
  8
CUT
 10
206.1413678800544
 20
987.4015441818926
 30
0.0
 70
0
  0
VERTEX
  5
5CE
  8
CUT
 10
206.26283713124081
 20
986.7282853862375
 30
0.0
 70
0
  0
VERTEX
  5
5CF
  8
CUT
 10
206.23841897850699
 20
986.0445925175255
 30
0.0
 70
0
  0
VERTEX
  5
5D0
  8
CUT
 10
206.06922948448724
 20
985.3817146252829
 30
0.0
 70
0
  0
VERTEX
  5
5D1
  8
CUT
 10
205.7630016695478
 20
984.7699493841421
 30
0.0
 70
0
  0
VERTEX
  5
5D2
  8
CUT
 10
205.33373206428496
 20
984.237258300203
 30
0.0
 70
0
  0
VERTEX
  5
5D3
  8
CUT
 10
204.80104098034593
 20
983.8079886949403
 30
0.0
 70
0
  0
VERTEX
  5
5D4
  8
CUT
 10
204.18927573920513
 20
983.5017608800008
 30
0.0
 70
0
  0
VERTEX
  5
5D5
  8
CUT
 10
203.52639784696254
 20
983.332571385981
 30
0.0
 70
0
  0
VERTEX
  5
5D6
  8
CUT
 10
202.84270497825048
 20
983.3081532332471
 30
0.0
 70
0
  0
VERTEX
  5
5D7
  8
CUT
 10
202.16944618259544
 20
983.4296224844336
 30
0.0
 70
0
  0
VERTEX
  5
5D8
  8
CUT
 10
201.5373936069838
 20
983.6914272333847
 30
0.0
 70
0
  0
VERTEX
  5
5D9
  8
CUT
 10
200.97543601586307
 20
984.0816013620663
 30
0.0
 70
0
  0
VERTEX
  5
5DA
  8
CUT
 10
200.50925839353005
 20
984.5823114671637
 30
0.0
 70
0
  0
VERTEX
  5
5DB
  8
CUT
 10
200.16016797935353
 20
985.1706719583939
 30
0.0
 70
0
  0
VERTEX
  5
5DC
  8
CUT
 10
199.94412039338027
 20
985.8197910734305
 30
0.0
 70
0
  0
VERTEX
  5
5DD
  8
CUT
 10
199.87099036448797
 20
986.5
 30
0.0
 70
0
  0
VERTEX
  5
5DE
  8
CUT
 10
187.27099036448794
 20
986.5
 30
0.0
 70
0
  0
VERTEX
  5
5DF
  8
CUT
 10
187.19786033559566
 20
985.8197910734305
 30
0.0
 70
0
  0
VERTEX
  5
5E0
  8
CUT
 10
186.9818127496224
 20
985.170671958394
 30
0.0
 70
0
  0
VERTEX
  5
5E1
  8
CUT
 10
186.6327223354459
 20
984.5823114671637
 30
0.0
 70
0
  0
VERTEX
  5
5E2
  8
CUT
 10
186.16654471311284
 20
984.0816013620664
 30
0.0
 70
0
  0
VERTEX
  5
5E3
  8
CUT
 10
185.60458712199213
 20
983.6914272333847
 30
0.0
 70
0
  0
VERTEX
  5
5E4
  8
CUT
 10
184.9725345463805
 20
983.4296224844336
 30
0.0
 70
0
  0
VERTEX
  5
5E5
  8
CUT
 10
184.29927575072549
 20
983.3081532332471
 30
0.0
 70
0
  0
VERTEX
  5
5E6
  8
CUT
 10
183.6155828820134
 20
983.332571385981
 30
0.0
 70
0
  0
VERTEX
  5
5E7
  8
CUT
 10
182.9527049897708
 20
983.5017608800008
 30
0.0
 70
0
  0
VERTEX
  5
5E8
  8
CUT
 10
182.34093974863
 20
983.8079886949401
 30
0.0
 70
0
  0
VERTEX
  5
5E9
  8
CUT
 10
181.80824866469095
 20
984.237258300203
 30
0.0
 70
0
  0
VERTEX
  5
5EA
  8
CUT
 10
181.37897905942813
 20
984.769949384142
 30
0.0
 70
0
  0
VERTEX
  5
5EB
  8
CUT
 10
181.07275124448867
 20
985.3817146252828
 30
0.0
 70
0
  0
VERTEX
  5
5EC
  8
CUT
 10
180.90356175046892
 20
986.0445925175255
 30
0.0
 70
0
  0
VERTEX
  5
5ED
  8
CUT
 10
180.8791435977351
 20
986.7282853862375
 30
0.0
 70
0
  0
VERTEX
  5
5EE
  8
CUT
 10
181.00061284892152
 20
987.4015441818926
 30
0.0
 70
0
  0
VERTEX
  5
5EF
  8
CUT
 10
181.26241759787268
 20
988.0335967575041
 30
0.0
 70
0
  0
VERTEX
  5
5F0
  8
CUT
 10
181.65259172655428
 20
988.5955543486249
 30
0.0
 70
0
  0
VERTEX
  5
5F1
  8
CUT
 10
182.15330183165162
 20
989.061731970958
 30
0.0
 70
0
  0
VERTEX
  5
5F2
  8
CUT
 10
182.7416623228819
 20
989.4108223851345
 30
0.0
 70
0
  0
VERTEX
  5
5F3
  8
CUT
 10
183.3907814379184
 20
989.6268699711077
 30
0.0
 70
0
  0
VERTEX
  5
5F4
  8
CUT
 10
184.07099036448795
 20
989.7
 30
0.0
 70
0
  0
VERTEX
  5
5F5
  8
CUT
 10
184.07099036448795
 20
1081.0
 30
0.0
 70
0
  0
VERTEX
  5
5F6
  8
CUT
 10
152.03610355219774
 20
1081.0
 30
0.0
 70
0
  0
VERTEX
  5
5F7
  8
CUT
 10
151.96297352330544
 20
1080.3197910734305
 30
0.0
 70
0
  0
VERTEX
  5
5F8
  8
CUT
 10
151.74692593733218
 20
1079.670671958394
 30
0.0
 70
0
  0
VERTEX
  5
5F9
  8
CUT
 10
151.39783552315566
 20
1079.0823114671637
 30
0.0
 70
0
  0
VERTEX
  5
5FA
  8
CUT
 10
150.93165790082264
 20
1078.5816013620663
 30
0.0
 70
0
  0
VERTEX
  5
5FB
  8
CUT
 10
150.3697003097019
 20
1078.1914272333847
 30
0.0
 70
0
  0
VERTEX
  5
5FC
  8
CUT
 10
149.73764773409027
 20
1077.9296224844336
 30
0.0
 70
0
  0
VERTEX
  5
5FD
  8
CUT
 10
149.06438893843526
 20
1077.8081532332471
 30
0.0
 70
0
  0
VERTEX
  5
5FE
  8
CUT
 10
148.38069606972317
 20
1077.832571385981
 30
0.0
 70
0
  0
VERTEX
  5
5FF
  8
CUT
 10
147.71781817748058
 20
1078.0017608800008
 30
0.0
 70
0
  0
VERTEX
  5
600
  8
CUT
 10
147.10605293633978
 20
1078.3079886949401
 30
0.0
 70
0
  0
VERTEX
  5
601
  8
CUT
 10
146.57336185240072
 20
1078.737258300203
 30
0.0
 70
0
  0
VERTEX
  5
602
  8
CUT
 10
146.1440922471379
 20
1079.2699493841421
 30
0.0
 70
0
  0
VERTEX
  5
603
  8
CUT
 10
145.83786443219844
 20
1079.881714625283
 30
0.0
 70
0
  0
VERTEX
  5
604
  8
CUT
 10
145.6686749381787
 20
1080.5445925175254
 30
0.0
 70
0
  0
VERTEX
  5
605
  8
CUT
 10
145.64425678544487
 20
1081.2282853862375
 30
0.0
 70
0
  0
VERTEX
  5
606
  8
CUT
 10
145.76572603663126
 20
1081.9015441818926
 30
0.0
 70
0
  0
VERTEX
  5
607
  8
CUT
 10
146.02753078558246
 20
1082.5335967575043
 30
0.0
 70
0
  0
VERTEX
  5
608
  8
CUT
 10
146.41770491426405
 20
1083.095554348625
 30
0.0
 70
0
  0
VERTEX
  5
609
  8
CUT
 10
146.91841501936136
 20
1083.561731970958
 30
0.0
 70
0
  0
VERTEX
  5
60A
  8
CUT
 10
147.50677551059164
 20
1083.9108223851345
 30
0.0
 70
0
  0
VERTEX
  5
60B
  8
CUT
 10
148.15589462562818
 20
1084.1268699711077
 30
0.0
 70
0
  0
VERTEX
  5
60C
  8
CUT
 10
148.83610355219773
 20
1084.2
 30
0.0
 70
0
  0
VERTEX
  5
60D
  8
CUT
 10
148.83610355219773
 20
1099.0
 30
0.0
 70
0
  0
VERTEX
  5
60E
  8
CUT
 10
108.83610355219773
 20
1099.0
 30
0.0
 70
0
  0
VERTEX
  5
60F
  8
CUT
 10
108.83610355219773
 20
1084.2
 30
0.0
 70
0
  0
VERTEX
  5
610
  8
CUT
 10
109.51631247876726
 20
1084.1268699711077
 30
0.0
 70
0
  0
VERTEX
  5
611
  8
CUT
 10
110.16543159380377
 20
1083.9108223851345
 30
0.0
 70
0
  0
VERTEX
  5
612
  8
CUT
 10
110.75379208503406
 20
1083.561731970958
 30
0.0
 70
0
  0
VERTEX
  5
613
  8
CUT
 10
111.25450219013138
 20
1083.095554348625
 30
0.0
 70
0
  0
VERTEX
  5
614
  8
CUT
 10
111.64467631881298
 20
1082.5335967575043
 30
0.0
 70
0
  0
VERTEX
  5
615
  8
CUT
 10
111.90648106776416
 20
1081.9015441818926
 30
0.0
 70
0
  0
VERTEX
  5
616
  8
CUT
 10
112.02795031895059
 20
1081.2282853862375
 30
0.0
 70
0
  0
VERTEX
  5
617
  8
CUT
 10
112.00353216621677
 20
1080.5445925175254
 30
0.0
 70
0
  0
VERTEX
  5
618
  8
CUT
 10
111.83434267219702
 20
1079.881714625283
 30
0.0
 70
0
  0
VERTEX
  5
619
  8
CUT
 10
111.52811485725758
 20
1079.2699493841421
 30
0.0
 70
0
  0
VERTEX
  5
61A
  8
CUT
 10
111.09884525199475
 20
1078.737258300203
 30
0.0
 70
0
  0
VERTEX
  5
61B
  8
CUT
 10
110.5661541680557
 20
1078.3079886949401
 30
0.0
 70
0
  0
VERTEX
  5
61C
  8
CUT
 10
109.9543889269149
 20
1078.0017608800008
 30
0.0
 70
0
  0
VERTEX
  5
61D
  8
CUT
 10
109.2915110346723
 20
1077.832571385981
 30
0.0
 70
0
  0
VERTEX
  5
61E
  8
CUT
 10
108.60781816596024
 20
1077.8081532332471
 30
0.0
 70
0
  0
VERTEX
  5
61F
  8
CUT
 10
107.9345593703052
 20
1077.9296224844336
 30
0.0
 70
0
  0
VERTEX
  5
620
  8
CUT
 10
107.30250679469358
 20
1078.1914272333847
 30
0.0
 70
0
  0
VERTEX
  5
621
  8
CUT
 10
106.74054920357285
 20
1078.5816013620663
 30
0.0
 70
0
  0
VERTEX
  5
622
  8
CUT
 10
106.2743715812398
 20
1079.0823114671637
 30
0.0
 70
0
  0
VERTEX
  5
623
  8
CUT
 10
105.92528116706329
 20
1079.670671958394
 30
0.0
 70
0
  0
VERTEX
  5
624
  8
CUT
 10
105.70923358109003
 20
1080.3197910734305
 30
0.0
 70
0
  0
VERTEX
  5
625
  8
CUT
 10
105.63610355219772
 20
1081.0
 30
0.0
 70
0
  0
VERTEX
  5
626
  8
CUT
 10
68.39999999999998
 20
1081.0
 30
0.0
 70
0
  0
SEQEND
  5
532
  8
CUT
  0
POLYLINE
  5
627
  8
CUT
 66
1
 10
0.0
 20
0.0
 30
0.0
 70
1
  0
VERTEX
  5
629
  8
CUT
 10
661.1419807289759
 20
1177.0
 30
0.0
 70
0
  0
VERTEX
  5
62A
  8
CUT
 10
601.1719739594822
 20
1177.0
 30
0.0
 70
0
  0
VERTEX
  5
62B
  8
CUT
 10
601.0988439305899
 20
1176.3197910734305
 30
0.0
 70
0
  0
VERTEX
  5
62C
  8
CUT
 10
600.8827963446166
 20
1175.670671958394
 30
0.0
 70
0
  0
VERTEX
  5
62D
  8
CUT
 10
600.5337059304401
 20
1175.0823114671637
 30
0.0
 70
0
  0
VERTEX
  5
62E
  8
CUT
 10
600.0675283081071
 20
1174.5816013620663
 30
0.0
 70
0
  0
VERTEX
  5
62F
  8
CUT
 10
599.5055707169863
 20
1174.1914272333847
 30
0.0
 70
0
  0
VERTEX
  5
630
  8
CUT
 10
598.8735181413747
 20
1173.9296224844336
 30
0.0
 70
0
  0
VERTEX
  5
631
  8
CUT
 10
598.2002593457197
 20
1173.8081532332471
 30
0.0
 70
0
  0
VERTEX
  5
632
  8
CUT
 10
597.5165664770077
 20
1173.832571385981
 30
0.0
 70
0
  0
VERTEX
  5
633
  8
CUT
 10
596.8536885847651
 20
1174.0017608800008
 30
0.0
 70
0
  0
VERTEX
  5
634
  8
CUT
 10
596.2419233436243
 20
1174.3079886949401
 30
0.0
 70
0
  0
VERTEX
  5
635
  8
CUT
 10
595.7092322596852
 20
1174.7372583002032
 30
0.0
 70
0
  0
VERTEX
  5
636
  8
CUT
 10
595.2799626544224
 20
1175.2699493841421
 30
0.0
 70
0
  0
VERTEX
  5
637
  8
CUT
 10
594.973734839483
 20
1175.881714625283
 30
0.0
 70
0
  0
VERTEX
  5
638
  8
CUT
 10
594.8045453454632
 20
1176.5445925175254
 30
0.0
 70
0
  0
VERTEX
  5
639
  8
CUT
 10
594.7801271927294
 20
1177.2282853862375
 30
0.0
 70
0
  0
VERTEX
  5
63A
  8
CUT
 10
594.9015964439158
 20
1177.9015441818926
 30
0.0
 70
0
  0
VERTEX
  5
63B
  8
CUT
 10
595.163401192867
 20
1178.5335967575043
 30
0.0
 70
0
  0
VERTEX
  5
63C
  8
CUT
 10
595.5535753215486
 20
1179.095554348625
 30
0.0
 70
0
  0
VERTEX
  5
63D
  8
CUT
 10
596.0542854266458
 20
1179.561731970958
 30
0.0
 70
0
  0
VERTEX
  5
63E
  8
CUT
 10
596.6426459178762
 20
1179.9108223851345
 30
0.0
 70
0
  0
VERTEX
  5
63F
  8
CUT
 10
597.2917650329126
 20
1180.1268699711077
 30
0.0
 70
0
  0
VERTEX
  5
640
  8
CUT
 10
597.9719739594823
 20
1180.2
 30
0.0
 70
0
  0
VERTEX
  5
641
  8
CUT
 10
597.9719739594823
 20
1195.0
 30
0.0
 70
0
  0
VERTEX
  5
642
  8
CUT
 10
557.9719739594823
 20
1195.0
 30
0.0
 70
0
  0
VERTEX
  5
643
  8
CUT
 10
557.9719739594823
 20
1180.2
 30
0.0
 70
0
  0
VERTEX
  5
644
  8
CUT
 10
558.6521828860518
 20
1180.1268699711077
 30
0.0
 70
0
  0
VERTEX
  5
645
  8
CUT
 10
559.3013020010883
 20
1179.9108223851345
 30
0.0
 70
0
  0
VERTEX
  5
646
  8
CUT
 10
559.8896624923186
 20
1179.561731970958
 30
0.0
 70
0
  0
VERTEX
  5
647
  8
CUT
 10
560.390372597416
 20
1179.095554348625
 30
0.0
 70
0
  0
VERTEX
  5
648
  8
CUT
 10
560.7805467260976
 20
1178.5335967575043
 30
0.0
 70
0
  0
VERTEX
  5
649
  8
CUT
 10
561.0423514750487
 20
1177.9015441818926
 30
0.0
 70
0
  0
VERTEX
  5
64A
  8
CUT
 10
561.1638207262351
 20
1177.2282853862375
 30
0.0
 70
0
  0
VERTEX
  5
64B
  8
CUT
 10
561.1394025735013
 20
1176.5445925175254
 30
0.0
 70
0
  0
VERTEX
  5
64C
  8
CUT
 10
560.9702130794816
 20
1175.881714625283
 30
0.0
 70
0
  0
VERTEX
  5
64D
  8
CUT
 10
560.6639852645421
 20
1175.2699493841421
 30
0.0
 70
0
  0
VERTEX
  5
64E
  8
CUT
 10
560.2347156592792
 20
1174.737258300203
 30
0.0
 70
0
  0
VERTEX
  5
64F
  8
CUT
 10
559.7020245753403
 20
1174.3079886949401
 30
0.0
 70
0
  0
VERTEX
  5
650
  8
CUT
 10
559.0902593341995
 20
1174.0017608800008
 30
0.0
 70
0
  0
VERTEX
  5
651
  8
CUT
 10
558.4273814419568
 20
1173.832571385981
 30
0.0
 70
0
  0
VERTEX
  5
652
  8
CUT
 10
557.7436885732448
 20
1173.8081532332471
 30
0.0
 70
0
  0
VERTEX
  5
653
  8
CUT
 10
557.0704297775897
 20
1173.9296224844336
 30
0.0
 70
0
  0
VERTEX
  5
654
  8
CUT
 10
556.438377201978
 20
1174.1914272333847
 30
0.0
 70
0
  0
VERTEX
  5
655
  8
CUT
 10
555.8764196108574
 20
1174.5816013620663
 30
0.0
 70
0
  0
VERTEX
  5
656
  8
CUT
 10
555.4102419885243
 20
1175.0823114671637
 30
0.0
 70
0
  0
VERTEX
  5
657
  8
CUT
 10
555.0611515743478
 20
1175.670671958394
 30
0.0
 70
0
  0
VERTEX
  5
658
  8
CUT
 10
554.8451039883745
 20
1176.3197910734305
 30
0.0
 70
0
  0
VERTEX
  5
659
  8
CUT
 10
554.7719739594822
 20
1177.0
 30
0.0
 70
0
  0
VERTEX
  5
65A
  8
CUT
 10
495.07099036448795
 20
1177.0
 30
0.0
 70
0
  0
VERTEX
  5
65B
  8
CUT
 10
495.07099036448795
 20
1085.7
 30
0.0
 70
0
  0
VERTEX
  5
65C
  8
CUT
 10
495.7511992910575
 20
1085.6268699711077
 30
0.0
 70
0
  0
VERTEX
  5
65D
  8
CUT
 10
496.400318406094
 20
1085.4108223851345
 30
0.0
 70
0
  0
VERTEX
  5
65E
  8
CUT
 10
496.9886788973243
 20
1085.061731970958
 30
0.0
 70
0
  0
VERTEX
  5
65F
  8
CUT
 10
497.4893890024216
 20
1084.595554348625
 30
0.0
 70
0
  0
VERTEX
  5
660
  8
CUT
 10
497.8795631311032
 20
1084.0335967575043
 30
0.0
 70
0
  0
VERTEX
  5
661
  8
CUT
 10
498.1413678800544
 20
1083.4015441818926
 30
0.0
 70
0
  0
VERTEX
  5
662
  8
CUT
 10
498.2628371312408
 20
1082.7282853862375
 30
0.0
 70
0
  0
VERTEX
  5
663
  8
CUT
 10
498.238418978507
 20
1082.0445925175256
 30
0.0
 70
0
  0
VERTEX
  5
664
  8
CUT
 10
498.06922948448727
 20
1081.381714625283
 30
0.0
 70
0
  0
VERTEX
  5
665
  8
CUT
 10
497.76300166954786
 20
1080.7699493841421
 30
0.0
 70
0
  0
VERTEX
  5
666
  8
CUT
 10
497.333732064285
 20
1080.2372583002032
 30
0.0
 70
0
  0
VERTEX
  5
667
  8
CUT
 10
496.801040980346
 20
1079.8079886949401
 30
0.0
 70
0
  0
VERTEX
  5
668
  8
CUT
 10
496.1892757392052
 20
1079.5017608800008
 30
0.0
 70
0
  0
VERTEX
  5
669
  8
CUT
 10
495.5263978469626
 20
1079.332571385981
 30
0.0
 70
0
  0
VERTEX
  5
66A
  8
CUT
 10
494.84270497825054
 20
1079.3081532332471
 30
0.0
 70
0
  0
VERTEX
  5
66B
  8
CUT
 10
494.1694461825955
 20
1079.4296224844336
 30
0.0
 70
0
  0
VERTEX
  5
66C
  8
CUT
 10
493.53739360698387
 20
1079.6914272333847
 30
0.0
 70
0
  0
VERTEX
  5
66D
  8
CUT
 10
492.9754360158631
 20
1080.0816013620663
 30
0.0
 70
0
  0
VERTEX
  5
66E
  8
CUT
 10
492.5092583935301
 20
1080.5823114671637
 30
0.0
 70
0
  0
VERTEX
  5
66F
  8
CUT
 10
492.16016797935356
 20
1081.170671958394
 30
0.0
 70
0
  0
VERTEX
  5
670
  8
CUT
 10
491.9441203933803
 20
1081.8197910734305
 30
0.0
 70
0
  0
VERTEX
  5
671
  8
CUT
 10
491.87099036448797
 20
1082.5
 30
0.0
 70
0
  0
VERTEX
  5
672
  8
CUT
 10
479.27099036448794
 20
1082.5
 30
0.0
 70
0
  0
VERTEX
  5
673
  8
CUT
 10
479.19786033559564
 20
1081.8197910734305
 30
0.0
 70
0
  0
VERTEX
  5
674
  8
CUT
 10
478.98181274962235
 20
1081.170671958394
 30
0.0
 70
0
  0
VERTEX
  5
675
  8
CUT
 10
478.63272233544586
 20
1080.5823114671637
 30
0.0
 70
0
  0
VERTEX
  5
676
  8
CUT
 10
478.16654471311284
 20
1080.0816013620663
 30
0.0
 70
0
  0
VERTEX
  5
677
  8
CUT
 10
477.6045871219921
 20
1079.6914272333847
 30
0.0
 70
0
  0
VERTEX
  5
678
  8
CUT
 10
476.9725345463805
 20
1079.4296224844336
 30
0.0
 70
0
  0
VERTEX
  5
679
  8
CUT
 10
476.2992757507254
 20
1079.3081532332471
 30
0.0
 70
0
  0
VERTEX
  5
67A
  8
CUT
 10
475.61558288201337
 20
1079.332571385981
 30
0.0
 70
0
  0
VERTEX
  5
67B
  8
CUT
 10
474.9527049897708
 20
1079.5017608800008
 30
0.0
 70
0
  0
VERTEX
  5
67C
  8
CUT
 10
474.34093974863
 20
1079.8079886949401
 30
0.0
 70
0
  0
VERTEX
  5
67D
  8
CUT
 10
473.80824866469095
 20
1080.237258300203
 30
0.0
 70
0
  0
VERTEX
  5
67E
  8
CUT
 10
473.3789790594281
 20
1080.7699493841421
 30
0.0
 70
0
  0
VERTEX
  5
67F
  8
CUT
 10
473.07275124448864
 20
1081.381714625283
 30
0.0
 70
0
  0
VERTEX
  5
680
  8
CUT
 10
472.9035617504689
 20
1082.0445925175254
 30
0.0
 70
0
  0
VERTEX
  5
681
  8
CUT
 10
472.8791435977351
 20
1082.7282853862375
 30
0.0
 70
0
  0
VERTEX
  5
682
  8
CUT
 10
473.0006128489215
 20
1083.4015441818926
 30
0.0
 70
0
  0
VERTEX
  5
683
  8
CUT
 10
473.2624175978727
 20
1084.0335967575043
 30
0.0
 70
0
  0
VERTEX
  5
684
  8
CUT
 10
473.65259172655425
 20
1084.595554348625
 30
0.0
 70
0
  0
VERTEX
  5
685
  8
CUT
 10
474.15330183165156
 20
1085.061731970958
 30
0.0
 70
0
  0
VERTEX
  5
686
  8
CUT
 10
474.74166232288184
 20
1085.4108223851345
 30
0.0
 70
0
  0
VERTEX
  5
687
  8
CUT
 10
475.39078143791835
 20
1085.6268699711077
 30
0.0
 70
0
  0
VERTEX
  5
688
  8
CUT
 10
476.07099036448795
 20
1085.7
 30
0.0
 70
0
  0
VERTEX
  5
689
  8
CUT
 10
476.07099036448795
 20
1177.0
 30
0.0
 70
0
  0
VERTEX
  5
68A
  8
CUT
 10
416.37000676949367
 20
1177.0
 30
0.0
 70
0
  0
VERTEX
  5
68B
  8
CUT
 10
416.29687674060136
 20
1176.3197910734305
 30
0.0
 70
0
  0
VERTEX
  5
68C
  8
CUT
 10
416.0808291546281
 20
1175.670671958394
 30
0.0
 70
0
  0
VERTEX
  5
68D
  8
CUT
 10
415.7317387404516
 20
1175.0823114671637
 30
0.0
 70
0
  0
VERTEX
  5
68E
  8
CUT
 10
415.26556111811857
 20
1174.5816013620663
 30
0.0
 70
0
  0
VERTEX
  5
68F
  8
CUT
 10
414.7036035269978
 20
1174.1914272333847
 30
0.0
 70
0
  0
VERTEX
  5
690
  8
CUT
 10
414.0715509513862
 20
1173.9296224844336
 30
0.0
 70
0
  0
VERTEX
  5
691
  8
CUT
 10
413.39829215573116
 20
1173.8081532332471
 30
0.0
 70
0
  0
VERTEX
  5
692
  8
CUT
 10
412.7145992870191
 20
1173.832571385981
 30
0.0
 70
0
  0
VERTEX
  5
693
  8
CUT
 10
412.0517213947765
 20
1174.0017608800008
 30
0.0
 70
0
  0
VERTEX
  5
694
  8
CUT
 10
411.4399561536357
 20
1174.3079886949401
 30
0.0
 70
0
  0
VERTEX
  5
695
  8
CUT
 10
410.9072650696967
 20
1174.737258300203
 30
0.0
 70
0
  0
VERTEX
  5
696
  8
CUT
 10
410.47799546443383
 20
1175.2699493841421
 30
0.0
 70
0
  0
VERTEX
  5
697
  8
CUT
 10
410.17176764949437
 20
1175.881714625283
 30
0.0
 70
0
  0
VERTEX
  5
698
  8
CUT
 10
410.0025781554746
 20
1176.5445925175254
 30
0.0
 70
0
  0
VERTEX
  5
699
  8
CUT
 10
409.9781600027408
 20
1177.2282853862375
 30
0.0
 70
0
  0
VERTEX
  5
69A
  8
CUT
 10
410.0996292539272
 20
1177.9015441818926
 30
0.0
 70
0
  0
VERTEX
  5
69B
  8
CUT
 10
410.3614340028784
 20
1178.5335967575043
 30
0.0
 70
0
  0
VERTEX
  5
69C
  8
CUT
 10
410.75160813156
 20
1179.095554348625
 30
0.0
 70
0
  0
VERTEX
  5
69D
  8
CUT
 10
411.2523182366573
 20
1179.561731970958
 30
0.0
 70
0
  0
VERTEX
  5
69E
  8
CUT
 10
411.84067872788756
 20
1179.9108223851345
 30
0.0
 70
0
  0
VERTEX
  5
69F
  8
CUT
 10
412.4897978429241
 20
1180.1268699711077
 30
0.0
 70
0
  0
VERTEX
  5
6A0
  8
CUT
 10
413.1700067694937
 20
1180.2
 30
0.0
 70
0
  0
VERTEX
  5
6A1
  8
CUT
 10
413.1700067694937
 20
1195.0
 30
0.0
 70
0
  0
VERTEX
  5
6A2
  8
CUT
 10
373.1700067694937
 20
1195.0
 30
0.0
 70
0
  0
VERTEX
  5
6A3
  8
CUT
 10
373.1700067694937
 20
1180.2
 30
0.0
 70
0
  0
VERTEX
  5
6A4
  8
CUT
 10
373.85021569606323
 20
1180.1268699711077
 30
0.0
 70
0
  0
VERTEX
  5
6A5
  8
CUT
 10
374.49933481109974
 20
1179.9108223851345
 30
0.0
 70
0
  0
VERTEX
  5
6A6
  8
CUT
 10
375.08769530233
 20
1179.561731970958
 30
0.0
 70
0
  0
VERTEX
  5
6A7
  8
CUT
 10
375.58840540742733
 20
1179.095554348625
 30
0.0
 70
0
  0
VERTEX
  5
6A8
  8
CUT
 10
375.97857953610895
 20
1178.5335967575043
 30
0.0
 70
0
  0
VERTEX
  5
6A9
  8
CUT
 10
376.24038428506014
 20
1177.9015441818926
 30
0.0
 70
0
  0
VERTEX
  5
6AA
  8
CUT
 10
376.36185353624654
 20
1177.2282853862375
 30
0.0
 70
0
  0
VERTEX
  5
6AB
  8
CUT
 10
376.33743538351274
 20
1176.5445925175256
 30
0.0
 70
0
  0
VERTEX
  5
6AC
  8
CUT
 10
376.168245889493
 20
1175.881714625283
 30
0.0
 70
0
  0
VERTEX
  5
6AD
  8
CUT
 10
375.8620180745536
 20
1175.2699493841421
 30
0.0
 70
0
  0
VERTEX
  5
6AE
  8
CUT
 10
375.43274846929074
 20
1174.7372583002032
 30
0.0
 70
0
  0
VERTEX
  5
6AF
  8
CUT
 10
374.9000573853517
 20
1174.3079886949401
 30
0.0
 70
0
  0
VERTEX
  5
6B0
  8
CUT
 10
374.2882921442109
 20
1174.0017608800008
 30
0.0
 70
0
  0
VERTEX
  5
6B1
  8
CUT
 10
373.6254142519683
 20
1173.832571385981
 30
0.0
 70
0
  0
VERTEX
  5
6B2
  8
CUT
 10
372.94172138325627
 20
1173.8081532332471
 30
0.0
 70
0
  0
VERTEX
  5
6B3
  8
CUT
 10
372.2684625876012
 20
1173.9296224844336
 30
0.0
 70
0
  0
VERTEX
  5
6B4
  8
CUT
 10
371.6364100119896
 20
1174.1914272333847
 30
0.0
 70
0
  0
VERTEX
  5
6B5
  8
CUT
 10
371.07445242086885
 20
1174.5816013620663
 30
0.0
 70
0
  0
VERTEX
  5
6B6
  8
CUT
 10
370.60827479853583
 20
1175.0823114671637
 30
0.0
 70
0
  0
VERTEX
  5
6B7
  8
CUT
 10
370.2591843843593
 20
1175.670671958394
 30
0.0
 70
0
  0
VERTEX
  5
6B8
  8
CUT
 10
370.043136798386
 20
1176.3197910734305
 30
0.0
 70
0
  0
VERTEX
  5
6B9
  8
CUT
 10
369.9700067694937
 20
1177.0
 30
0.0
 70
0
  0
VERTEX
  5
6BA
  8
CUT
 10
310.0
 20
1177.0
 30
0.0
 70
0
  0
VERTEX
  5
6BB
  8
CUT
 10
360.4
 20
988.0
 30
0.0
 70
0
  0
VERTEX
  5
6BC
  8
CUT
 10
397.6361035521977
 20
988.0
 30
0.0
 70
0
  0
VERTEX
  5
6BD
  8
CUT
 10
397.70923358109
 20
988.6802089265695
 30
0.0
 70
0
  0
VERTEX
  5
6BE
  8
CUT
 10
397.9252811670633
 20
989.329328041606
 30
0.0
 70
0
  0
VERTEX
  5
6BF
  8
CUT
 10
398.2743715812398
 20
989.9176885328363
 30
0.0
 70
0
  0
VERTEX
  5
6C0
  8
CUT
 10
398.7405492035728
 20
990.4183986379336
 30
0.0
 70
0
  0
VERTEX
  5
6C1
  8
CUT
 10
399.30250679469356
 20
990.8085727666153
 30
0.0
 70
0
  0
VERTEX
  5
6C2
  8
CUT
 10
399.9345593703052
 20
991.0703775155664
 30
0.0
 70
0
  0
VERTEX
  5
6C3
  8
CUT
 10
400.6078181659602
 20
991.1918467667529
 30
0.0
 70
0
  0
VERTEX
  5
6C4
  8
CUT
 10
401.2915110346723
 20
991.167428614019
 30
0.0
 70
0
  0
VERTEX
  5
6C5
  8
CUT
 10
401.9543889269149
 20
990.9982391199992
 30
0.0
 70
0
  0
VERTEX
  5
6C6
  8
CUT
 10
402.5661541680557
 20
990.6920113050599
 30
0.0
 70
0
  0
VERTEX
  5
6C7
  8
CUT
 10
403.0988452519947
 20
990.262741699797
 30
0.0
 70
0
  0
VERTEX
  5
6C8
  8
CUT
 10
403.52811485725755
 20
989.730050615858
 30
0.0
 70
0
  0
VERTEX
  5
6C9
  8
CUT
 10
403.834342672197
 20
989.1182853747172
 30
0.0
 70
0
  0
VERTEX
  5
6CA
  8
CUT
 10
404.00353216621676
 20
988.4554074824745
 30
0.0
 70
0
  0
VERTEX
  5
6CB
  8
CUT
 10
404.02795031895056
 20
987.7717146137625
 30
0.0
 70
0
  0
VERTEX
  5
6CC
  8
CUT
 10
403.90648106776416
 20
987.0984558181074
 30
0.0
 70
0
  0
VERTEX
  5
6CD
  8
CUT
 10
403.64467631881297
 20
986.4664032424959
 30
0.0
 70
0
  0
VERTEX
  5
6CE
  8
CUT
 10
403.2545021901314
 20
985.9044456513751
 30
0.0
 70
0
  0
VERTEX
  5
6CF
  8
CUT
 10
402.7537920850341
 20
985.438268029042
 30
0.0
 70
0
  0
VERTEX
  5
6D0
  8
CUT
 10
402.1654315938038
 20
985.0891776148655
 30
0.0
 70
0
  0
VERTEX
  5
6D1
  8
CUT
 10
401.5163124787673
 20
984.8731300288923
 30
0.0
 70
0
  0
VERTEX
  5
6D2
  8
CUT
 10
400.8361035521977
 20
984.8
 30
0.0
 70
0
  0
VERTEX
  5
6D3
  8
CUT
 10
400.8361035521977
 20
970.0
 30
0.0
 70
0
  0
VERTEX
  5
6D4
  8
CUT
 10
440.8361035521977
 20
970.0
 30
0.0
 70
0
  0
VERTEX
  5
6D5
  8
CUT
 10
440.8361035521977
 20
984.8
 30
0.0
 70
0
  0
VERTEX
  5
6D6
  8
CUT
 10
440.15589462562815
 20
984.8731300288922
 30
0.0
 70
0
  0
VERTEX
  5
6D7
  8
CUT
 10
439.50677551059164
 20
985.0891776148655
 30
0.0
 70
0
  0
VERTEX
  5
6D8
  8
CUT
 10
438.91841501936136
 20
985.438268029042
 30
0.0
 70
0
  0
VERTEX
  5
6D9
  8
CUT
 10
438.41770491426405
 20
985.904445651375
 30
0.0
 70
0
  0
VERTEX
  5
6DA
  8
CUT
 10
438.0275307855824
 20
986.4664032424957
 30
0.0
 70
0
  0
VERTEX
  5
6DB
  8
CUT
 10
437.76572603663124
 20
987.0984558181074
 30
0.0
 70
0
  0
VERTEX
  5
6DC
  8
CUT
 10
437.64425678544484
 20
987.7717146137624
 30
0.0
 70
0
  0
VERTEX
  5
6DD
  8
CUT
 10
437.66867493817864
 20
988.4554074824745
 30
0.0
 70
0
  0
VERTEX
  5
6DE
  8
CUT
 10
437.8378644321984
 20
989.1182853747171
 30
0.0
 70
0
  0
VERTEX
  5
6DF
  8
CUT
 10
438.1440922471378
 20
989.7300506158579
 30
0.0
 70
0
  0
VERTEX
  5
6E0
  8
CUT
 10
438.57336185240064
 20
990.262741699797
 30
0.0
 70
0
  0
VERTEX
  5
6E1
  8
CUT
 10
439.10605293633967
 20
990.6920113050597
 30
0.0
 70
0
  0
VERTEX
  5
6E2
  8
CUT
 10
439.71781817748047
 20
990.9982391199992
 30
0.0
 70
0
  0
VERTEX
  5
6E3
  8
CUT
 10
440.38069606972306
 20
991.167428614019
 30
0.0
 70
0
  0
VERTEX
  5
6E4
  8
CUT
 10
441.0643889384351
 20
991.1918467667529
 30
0.0
 70
0
  0
VERTEX
  5
6E5
  8
CUT
 10
441.73764773409016
 20
991.0703775155664
 30
0.0
 70
0
  0
VERTEX
  5
6E6
  8
CUT
 10
442.3697003097018
 20
990.8085727666153
 30
0.0
 70
0
  0
VERTEX
  5
6E7
  8
CUT
 10
442.93165790082253
 20
990.4183986379337
 30
0.0
 70
0
  0
VERTEX
  5
6E8
  8
CUT
 10
443.39783552315555
 20
989.9176885328363
 30
0.0
 70
0
  0
VERTEX
  5
6E9
  8
CUT
 10
443.7469259373321
 20
989.3293280416061
 30
0.0
 70
0
  0
VERTEX
  5
6EA
  8
CUT
 10
443.9629735233054
 20
988.6802089265695
 30
0.0
 70
0
  0
VERTEX
  5
6EB
  8
CUT
 10
444.0361035521977
 20
988.0
 30
0.0
 70
0
  0
VERTEX
  5
6EC
  8
CUT
 10
527.1058771767782
 20
988.0
 30
0.0
 70
0
  0
VERTEX
  5
6ED
  8
CUT
 10
527.1790072056705
 20
988.6802089265695
 30
0.0
 70
0
  0
VERTEX
  5
6EE
  8
CUT
 10
527.3950547916437
 20
989.329328041606
 30
0.0
 70
0
  0
VERTEX
  5
6EF
  8
CUT
 10
527.7441452058202
 20
989.9176885328363
 30
0.0
 70
0
  0
VERTEX
  5
6F0
  8
CUT
 10
528.2103228281533
 20
990.4183986379336
 30
0.0
 70
0
  0
VERTEX
  5
6F1
  8
CUT
 10
528.772280419274
 20
990.8085727666152
 30
0.0
 70
0
  0
VERTEX
  5
6F2
  8
CUT
 10
529.4043329948856
 20
991.0703775155664
 30
0.0
 70
0
  0
VERTEX
  5
6F3
  8
CUT
 10
530.0775917905406
 20
991.1918467667527
 30
0.0
 70
0
  0
VERTEX
  5
6F4
  8
CUT
 10
530.7612846592526
 20
991.167428614019
 30
0.0
 70
0
  0
VERTEX
  5
6F5
  8
CUT
 10
531.4241625514952
 20
990.9982391199992
 30
0.0
 70
0
  0
VERTEX
  5
6F6
  8
CUT
 10
532.035927792636
 20
990.6920113050597
 30
0.0
 70
0
  0
VERTEX
  5
6F7
  8
CUT
 10
532.5686188765751
 20
990.262741699797
 30
0.0
 70
0
  0
VERTEX
  5
6F8
  8
CUT
 10
532.9978884818379
 20
989.7300506158579
 30
0.0
 70
0
  0
VERTEX
  5
6F9
  8
CUT
 10
533.3041162967774
 20
989.1182853747171
 30
0.0
 70
0
  0
VERTEX
  5
6FA
  8
CUT
 10
533.4733057907971
 20
988.4554074824745
 30
0.0
 70
0
  0
VERTEX
  5
6FB
  8
CUT
 10
533.4977239435309
 20
987.7717146137625
 30
0.0
 70
0
  0
VERTEX
  5
6FC
  8
CUT
 10
533.3762546923446
 20
987.0984558181075
 30
0.0
 70
0
  0
VERTEX
  5
6FD
  8
CUT
 10
533.1144499433933
 20
986.4664032424959
 30
0.0
 70
0
  0
VERTEX
  5
6FE
  8
CUT
 10
532.7242758147117
 20
985.9044456513751
 30
0.0
 70
0
  0
VERTEX
  5
6FF
  8
CUT
 10
532.2235657096145
 20
985.4382680290421
 30
0.0
 70
0
  0
VERTEX
  5
700
  8
CUT
 10
531.6352052183842
 20
985.0891776148655
 30
0.0
 70
0
  0
VERTEX
  5
701
  8
CUT
 10
530.9860861033477
 20
984.8731300288923
 30
0.0
 70
0
  0
VERTEX
  5
702
  8
CUT
 10
530.3058771767782
 20
984.8
 30
0.0
 70
0
  0
VERTEX
  5
703
  8
CUT
 10
530.3058771767782
 20
970.0
 30
0.0
 70
0
  0
VERTEX
  5
704
  8
CUT
 10
570.3058771767782
 20
970.0
 30
0.0
 70
0
  0
VERTEX
  5
705
  8
CUT
 10
570.3058771767782
 20
984.8
 30
0.0
 70
0
  0
VERTEX
  5
706
  8
CUT
 10
569.6256682502086
 20
984.8731300288923
 30
0.0
 70
0
  0
VERTEX
  5
707
  8
CUT
 10
568.9765491351721
 20
985.0891776148655
 30
0.0
 70
0
  0
VERTEX
  5
708
  8
CUT
 10
568.3881886439418
 20
985.4382680290421
 30
0.0
 70
0
  0
VERTEX
  5
709
  8
CUT
 10
567.8874785388446
 20
985.9044456513751
 30
0.0
 70
0
  0
VERTEX
  5
70A
  8
CUT
 10
567.497304410163
 20
986.4664032424959
 30
0.0
 70
0
  0
VERTEX
  5
70B
  8
CUT
 10
567.2354996612117
 20
987.0984558181075
 30
0.0
 70
0
  0
VERTEX
  5
70C
  8
CUT
 10
567.1140304100254
 20
987.7717146137625
 30
0.0
 70
0
  0
VERTEX
  5
70D
  8
CUT
 10
567.1384485627592
 20
988.4554074824745
 30
0.0
 70
0
  0
VERTEX
  5
70E
  8
CUT
 10
567.307638056779
 20
989.1182853747171
 30
0.0
 70
0
  0
VERTEX
  5
70F
  8
CUT
 10
567.6138658717184
 20
989.7300506158579
 30
0.0
 70
0
  0
VERTEX
  5
710
  8
CUT
 10
568.0431354769812
 20
990.262741699797
 30
0.0
 70
0
  0
VERTEX
  5
711
  8
CUT
 10
568.5758265609203
 20
990.6920113050597
 30
0.0
 70
0
  0
VERTEX
  5
712
  8
CUT
 10
569.1875918020611
 20
990.9982391199992
 30
0.0
 70
0
  0
VERTEX
  5
713
  8
CUT
 10
569.8504696943037
 20
991.167428614019
 30
0.0
 70
0
  0
VERTEX
  5
714
  8
CUT
 10
570.5341625630157
 20
991.1918467667527
 30
0.0
 70
0
  0
VERTEX
  5
715
  8
CUT
 10
571.2074213586707
 20
991.0703775155664
 30
0.0
 70
0
  0
VERTEX
  5
716
  8
CUT
 10
571.8394739342823
 20
990.8085727666152
 30
0.0
 70
0
  0
VERTEX
  5
717
  8
CUT
 10
572.401431525403
 20
990.4183986379336
 30
0.0
 70
0
  0
VERTEX
  5
718
  8
CUT
 10
572.8676091477361
 20
989.9176885328363
 30
0.0
 70
0
  0
VERTEX
  5
719
  8
CUT
 10
573.2166995619126
 20
989.329328041606
 30
0.0
 70
0
  0
VERTEX
  5
71A
  8
CUT
 10
573.4327471478858
 20
988.6802089265695
 30
0.0
 70
0
  0
VERTEX
  5
71B
  8
CUT
 10
573.5058771767781
 20
988.0
 30
0.0
 70
0
  0
VERTEX
  5
71C
  8
CUT
 10
610.7419807289759
 20
988.0
 30
0.0
 70
0
  0
SEQEND
  5
628
  8
CUT
  0
POLYLINE
  5
71D
  8
CUT
 66
1
 10
0.0
 20
0.0
 30
0.0
 70
1
  0
VERTEX
  5
71F
  8
CUT
 10
603.7419807289759
 20
814.870990364488
 30
0.0
 70
0
  0
VERTEX
  5
720
  8
CUT
 10
603.663184373103
 20
819.2347248061384
 30
0.0
 70
0
  0
VERTEX
  5
721
  8
CUT
 10
603.4268980408996
 20
823.5927697705873
 30
0.0
 70
0
  0
VERTEX
  5
722
  8
CUT
 10
603.0334298046644
 20
827.9394431986261
 30
0.0
 70
0
  0
VERTEX
  5
723
  8
CUT
 10
602.4832926719116
 20
832.2690778573602
 30
0.0
 70
0
  0
VERTEX
  5
724
  8
CUT
 10
601.7772039165078
 20
836.5760287291995
 30
0.0
 70
0
  0
VERTEX
  5
725
  8
CUT
 10
600.9160841434827
 20
840.8546803718843
 30
0.0
 70
0
  0
VERTEX
  5
726
  8
CUT
 10
599.9010560887366
 20
845.0994542399512
 30
0.0
 70
0
  0
VERTEX
  5
727
  8
CUT
 10
598.7334431552064
 20
849.3048159580912
 30
0.0
 70
0
  0
VERTEX
  5
728
  8
CUT
 10
597.414767687401
 20
853.4652825369203
 30
0.0
 70
0
  0
VERTEX
  5
729
  8
CUT
 10
595.9467489865543
 20
857.5754295217505
 30
0.0
 70
0
  0
VERTEX
  5
72A
  8
CUT
 10
594.3313010689847
 20
861.629898065045
 30
0.0
 70
0
  0
VERTEX
  5
72B
  8
CUT
 10
592.5705301705823
 20
865.6234019133323
 30
0.0
 70
0
  0
VERTEX
  5
72C
  8
CUT
 10
590.6667320006802
 20
869.550734299472
 30
0.0
 70
0
  0
VERTEX
  5
72D
  8
CUT
 10
588.6223887488866
 20
873.4067747312868
 30
0.0
 70
0
  0
VERTEX
  5
72E
  8
CUT
 10
586.440165848783
 20
877.1864956677064
 30
0.0
 70
0
  0
VERTEX
  5
72F
  8
CUT
 10
584.1229085027084
 20
880.8849690737225
 30
0.0
 70
0
  0
VERTEX
  5
730
  8
CUT
 10
581.6736379721569
 20
884.4973728456058
 30
0.0
 70
0
  0
VERTEX
  5
731
  8
CUT
 10
579.0955476386305
 20
888.0189970980101
 30
0.0
 70
0
  0
VERTEX
  5
732
  8
CUT
 10
576.3919988400775
 20
891.4452503047634
 30
0.0
 70
0
  0
VERTEX
  5
733
  8
CUT
 10
573.5665164883497
 20
894.7716652853424
 30
0.0
 70
0
  0
VERTEX
  5
734
  8
CUT
 10
570.6227844733904
 20
897.9939050292237
 30
0.0
 70
0
  0
VERTEX
  5
735
  8
CUT
 10
567.5646408601436
 20
901.1077683505182
 30
0.0
 70
0
  0
VERTEX
  5
736
  8
CUT
 10
564.3960728844505
 20
904.1091953655156
 30
0.0
 70
0
  0
VERTEX
  5
737
  8
CUT
 10
561.121211754454
 20
906.9942727859989
 30
0.0
 70
0
  0
VERTEX
  5
738
  8
CUT
 10
557.7443272642915
 20
909.7592390214247
 30
0.0
 70
0
  0
VERTEX
  5
739
  8
CUT
 10
554.2698222270985
 20
912.4004890833207
 30
0.0
 70
0
  0
VERTEX
  5
73A
  8
CUT
 10
550.7022267345798
 20
914.9145792855022
 30
0.0
 70
0
  0
VERTEX
  5
73B
  8
CUT
 10
547.0461922506338
 20
917.2982317339819
 30
0.0
 70
0
  0
VERTEX
  5
73C
  8
CUT
 10
543.3064855467319
 20
919.5483386007187
 30
0.0
 70
0
  0
VERTEX
  5
73D
  8
CUT
 10
539.4879824869571
 20
921.6619661756323
 30
0.0
 70
0
  0
VERTEX
  5
73E
  8
CUT
 10
535.5956616708078
 20
923.6363586916016
 30
0.0
 70
0
  0
VERTEX
  5
73F
  8
CUT
 10
531.6345979420538
 20
925.4689419174589
 30
0.0
 70
0
  0
VERTEX
  5
740
  8
CUT
 10
527.6099557721082
 20
927.157326514297
 30
0.0
 70
0
  0
VERTEX
  5
741
  8
CUT
 10
523.5269825265418
 20
928.6993111507104
 30
0.0
 70
0
  0
VERTEX
  5
742
  8
CUT
 10
519.3910016235202
 20
930.0928853729121
 30
0.0
 70
0
  0
VERTEX
  5
743
  8
CUT
 10
515.2074055930809
 20
931.3362322259815
 30
0.0
 70
0
  0
VERTEX
  5
744
  8
CUT
 10
510.9816490463039
 20
932.427730622827
 30
0.0
 70
0
  0
VERTEX
  5
745
  8
CUT
 10
506.7192415635392
 20
933.3659574577747
 30
0.0
 70
0
  0
VERTEX
  5
746
  8
CUT
 10
502.42574051096483
 20
934.1496894620259
 30
0.0
 70
0
  0
VERTEX
  5
747
  8
CUT
 10
498.10674379484203
 20
934.7779047985672
 30
0.0
 70
0
  0
VERTEX
  5
748
  8
CUT
 10
493.7678825629133
 20
935.2497843944501
 30
0.0
 70
0
  0
VERTEX
  5
749
  8
CUT
 10
489.4148138624599
 20
935.5647130087065
 30
0.0
 70
0
  0
VERTEX
  5
74A
  8
CUT
 10
485.0532132645915
 20
935.7222800345052
 30
0.0
 70
0
  0
VERTEX
  5
74B
  8
CUT
 10
480.68876746438445
 20
935.7222800345052
 30
0.0
 70
0
  0
VERTEX
  5
74C
  8
CUT
 10
476.32716686651605
 20
935.5647130087065
 30
0.0
 70
0
  0
VERTEX
  5
74D
  8
CUT
 10
471.9740981660627
 20
935.2497843944501
 30
0.0
 70
0
  0
VERTEX
  5
74E
  8
CUT
 10
467.63523693413384
 20
934.7779047985672
 30
0.0
 70
0
  0
VERTEX
  5
74F
  8
CUT
 10
463.3162402180111
 20
934.1496894620259
 30
0.0
 70
0
  0
VERTEX
  5
750
  8
CUT
 10
459.02273916543675
 20
933.3659574577747
 30
0.0
 70
0
  0
VERTEX
  5
751
  8
CUT
 10
454.760331682672
 20
932.427730622827
 30
0.0
 70
0
  0
VERTEX
  5
752
  8
CUT
 10
450.53457513589507
 20
931.3362322259815
 30
0.0
 70
0
  0
VERTEX
  5
753
  8
CUT
 10
446.35097910545574
 20
930.0928853729121
 30
0.0
 70
0
  0
VERTEX
  5
754
  8
CUT
 10
442.2149982024341
 20
928.6993111507104
 30
0.0
 70
0
  0
VERTEX
  5
755
  8
CUT
 10
438.13202495686784
 20
927.157326514297
 30
0.0
 70
0
  0
VERTEX
  5
756
  8
CUT
 10
434.1073827869222
 20
925.4689419174589
 30
0.0
 70
0
  0
VERTEX
  5
757
  8
CUT
 10
430.14631905816816
 20
923.6363586916016
 30
0.0
 70
0
  0
VERTEX
  5
758
  8
CUT
 10
426.25399824201884
 20
921.6619661756323
 30
0.0
 70
0
  0
VERTEX
  5
759
  8
CUT
 10
422.4354951822439
 20
919.5483386007186
 30
0.0
 70
0
  0
VERTEX
  5
75A
  8
CUT
 10
418.6957884783421
 20
917.2982317339819
 30
0.0
 70
0
  0
VERTEX
  5
75B
  8
CUT
 10
415.03975399439616
 20
914.9145792855022
 30
0.0
 70
0
  0
VERTEX
  5
75C
  8
CUT
 10
411.4721585018774
 20
912.4004890833207
 30
0.0
 70
0
  0
VERTEX
  5
75D
  8
CUT
 10
407.9976534646845
 20
909.7592390214247
 30
0.0
 70
0
  0
VERTEX
  5
75E
  8
CUT
 10
404.62076897452204
 20
906.9942727859989
 30
0.0
 70
0
  0
VERTEX
  5
75F
  8
CUT
 10
401.3459078445254
 20
904.1091953655157
 30
0.0
 70
0
  0
VERTEX
  5
760
  8
CUT
 10
398.1773398688323
 20
901.1077683505182
 30
0.0
 70
0
  0
VERTEX
  5
761
  8
CUT
 10
395.1191962555855
 20
897.9939050292237
 30
0.0
 70
0
  0
VERTEX
  5
762
  8
CUT
 10
392.1754642406262
 20
894.7716652853424
 30
0.0
 70
0
  0
VERTEX
  5
763
  8
CUT
 10
389.34998188889847
 20
891.4452503047634
 30
0.0
 70
0
  0
VERTEX
  5
764
  8
CUT
 10
386.6464330903454
 20
888.0189970980101
 30
0.0
 70
0
  0
VERTEX
  5
765
  8
CUT
 10
384.06834275681894
 20
884.4973728456058
 30
0.0
 70
0
  0
VERTEX
  5
766
  8
CUT
 10
381.6190722262676
 20
880.8849690737225
 30
0.0
 70
0
  0
VERTEX
  5
767
  8
CUT
 10
379.3018148801929
 20
877.1864956677064
 30
0.0
 70
0
  0
VERTEX
  5
768
  8
CUT
 10
377.1195919800894
 20
873.4067747312868
 30
0.0
 70
0
  0
VERTEX
  5
769
  8
CUT
 10
375.07524872829566
 20
869.550734299472
 30
0.0
 70
0
  0
VERTEX
  5
76A
  8
CUT
 10
373.17145055839364
 20
865.6234019133323
 30
0.0
 70
0
  0
VERTEX
  5
76B
  8
CUT
 10
371.41067965999133
 20
861.629898065045
 30
0.0
 70
0
  0
VERTEX
  5
76C
  8
CUT
 10
369.79523174242166
 20
857.5754295217505
 30
0.0
 70
0
  0
VERTEX
  5
76D
  8
CUT
 10
368.32721304157496
 20
853.4652825369203
 30
0.0
 70
0
  0
VERTEX
  5
76E
  8
CUT
 10
367.00853757376956
 20
849.3048159580912
 30
0.0
 70
0
  0
VERTEX
  5
76F
  8
CUT
 10
365.84092464023934
 20
845.0994542399512
 30
0.0
 70
0
  0
VERTEX
  5
770
  8
CUT
 10
364.8258965854932
 20
840.8546803718845
 30
0.0
 70
0
  0
VERTEX
  5
771
  8
CUT
 10
363.96477681246813
 20
836.5760287291995
 30
0.0
 70
0
  0
VERTEX
  5
772
  8
CUT
 10
363.2586880570643
 20
832.2690778573602
 30
0.0
 70
0
  0
VERTEX
  5
773
  8
CUT
 10
362.7085509243116
 20
827.9394431986261
 30
0.0
 70
0
  0
VERTEX
  5
774
  8
CUT
 10
362.31508268807636
 20
823.5927697705873
 30
0.0
 70
0
  0
VERTEX
  5
775
  8
CUT
 10
362.0787963558729
 20
819.2347248061384
 30
0.0
 70
0
  0
VERTEX
  5
776
  8
CUT
 10
362.0
 20
814.870990364488
 30
0.0
 70
0
  0
VERTEX
  5
777
  8
CUT
 10
362.0787963558729
 20
810.5072559228375
 30
0.0
 70
0
  0
VERTEX
  5
778
  8
CUT
 10
362.31508268807636
 20
806.1492109583886
 30
0.0
 70
0
  0
VERTEX
  5
779
  8
CUT
 10
362.7085509243116
 20
801.8025375303498
 30
0.0
 70
0
  0
VERTEX
  5
77A
  8
CUT
 10
363.2586880570643
 20
797.4729028716157
 30
0.0
 70
0
  0
VERTEX
  5
77B
  8
CUT
 10
363.96477681246813
 20
793.1659519997764
 30
0.0
 70
0
  0
VERTEX
  5
77C
  8
CUT
 10
364.8258965854932
 20
788.8873003570916
 30
0.0
 70
0
  0
VERTEX
  5
77D
  8
CUT
 10
365.84092464023934
 20
784.6425264890247
 30
0.0
 70
0
  0
VERTEX
  5
77E
  8
CUT
 10
367.00853757376956
 20
780.4371647708847
 30
0.0
 70
0
  0
VERTEX
  5
77F
  8
CUT
 10
368.32721304157496
 20
776.2766981920556
 30
0.0
 70
0
  0
VERTEX
  5
780
  8
CUT
 10
369.79523174242166
 20
772.1665512072254
 30
0.0
 70
0
  0
VERTEX
  5
781
  8
CUT
 10
371.41067965999133
 20
768.1120826639309
 30
0.0
 70
0
  0
VERTEX
  5
782
  8
CUT
 10
373.1714505583936
 20
764.1185788156437
 30
0.0
 70
0
  0
VERTEX
  5
783
  8
CUT
 10
375.07524872829566
 20
760.191246429504
 30
0.0
 70
0
  0
VERTEX
  5
784
  8
CUT
 10
377.1195919800894
 20
756.3352059976892
 30
0.0
 70
0
  0
VERTEX
  5
785
  8
CUT
 10
379.3018148801929
 20
752.5554850612696
 30
0.0
 70
0
  0
VERTEX
  5
786
  8
CUT
 10
381.6190722262676
 20
748.8570116552535
 30
0.0
 70
0
  0
VERTEX
  5
787
  8
CUT
 10
384.06834275681894
 20
745.2446078833701
 30
0.0
 70
0
  0
VERTEX
  5
788
  8
CUT
 10
386.64643309034545
 20
741.7229836309658
 30
0.0
 70
0
  0
VERTEX
  5
789
  8
CUT
 10
389.3499818888985
 20
738.2967304242126
 30
0.0
 70
0
  0
VERTEX
  5
78A
  8
CUT
 10
392.1754642406262
 20
734.9703154436336
 30
0.0
 70
0
  0
VERTEX
  5
78B
  8
CUT
 10
395.1191962555855
 20
731.7480756997522
 30
0.0
 70
0
  0
VERTEX
  5
78C
  8
CUT
 10
398.17733986883223
 20
728.6342123784578
 30
0.0
 70
0
  0
VERTEX
  5
78D
  8
CUT
 10
401.3459078445254
 20
725.6327853634604
 30
0.0
 70
0
  0
VERTEX
  5
78E
  8
CUT
 10
404.62076897452204
 20
722.7477079429771
 30
0.0
 70
0
  0
VERTEX
  5
78F
  8
CUT
 10
407.99765346468445
 20
719.9827417075512
 30
0.0
 70
0
  0
VERTEX
  5
790
  8
CUT
 10
411.4721585018774
 20
717.3414916456552
 30
0.0
 70
0
  0
VERTEX
  5
791
  8
CUT
 10
415.03975399439616
 20
714.8274014434737
 30
0.0
 70
0
  0
VERTEX
  5
792
  8
CUT
 10
418.695788478342
 20
712.443748994994
 30
0.0
 70
0
  0
VERTEX
  5
793
  8
CUT
 10
422.43549518224404
 20
710.1936421282572
 30
0.0
 70
0
  0
VERTEX
  5
794
  8
CUT
 10
426.2539982420187
 20
708.0800145533437
 30
0.0
 70
0
  0
VERTEX
  5
795
  8
CUT
 10
430.14631905816816
 20
706.1056220373744
 30
0.0
 70
0
  0
VERTEX
  5
796
  8
CUT
 10
434.1073827869222
 20
704.273038811517
 30
0.0
 70
0
  0
VERTEX
  5
797
  8
CUT
 10
438.13202495686784
 20
702.584654214679
 30
0.0
 70
0
  0
VERTEX
  5
798
  8
CUT
 10
442.21499820243406
 20
701.0426695782655
 30
0.0
 70
0
  0
VERTEX
  5
799
  8
CUT
 10
446.35097910545574
 20
699.6490953560639
 30
0.0
 70
0
  0
VERTEX
  5
79A
  8
CUT
 10
450.53457513589507
 20
698.4057485029945
 30
0.0
 70
0
  0
VERTEX
  5
79B
  8
CUT
 10
454.7603316826719
 20
697.314250106149
 30
0.0
 70
0
  0
VERTEX
  5
79C
  8
CUT
 10
459.02273916543675
 20
696.3760232712012
 30
0.0
 70
0
  0
VERTEX
  5
79D
  8
CUT
 10
463.3162402180111
 20
695.59229126695
 30
0.0
 70
0
  0
VERTEX
  5
79E
  8
CUT
 10
467.63523693413384
 20
694.9640759304087
 30
0.0
 70
0
  0
VERTEX
  5
79F
  8
CUT
 10
471.9740981660626
 20
694.4921963345258
 30
0.0
 70
0
  0
VERTEX
  5
7A0
  8
CUT
 10
476.327166866516
 20
694.1772677202695
 30
0.0
 70
0
  0
VERTEX
  5
7A1
  8
CUT
 10
480.6887674643845
 20
694.0197006944708
 30
0.0
 70
0
  0
VERTEX
  5
7A2
  8
CUT
 10
485.0532132645914
 20
694.0197006944708
 30
0.0
 70
0
  0
VERTEX
  5
7A3
  8
CUT
 10
489.4148138624599
 20
694.1772677202695
 30
0.0
 70
0
  0
VERTEX
  5
7A4
  8
CUT
 10
493.7678825629133
 20
694.4921963345258
 30
0.0
 70
0
  0
VERTEX
  5
7A5
  8
CUT
 10
498.10674379484203
 20
694.9640759304087
 30
0.0
 70
0
  0
VERTEX
  5
7A6
  8
CUT
 10
502.4257405109648
 20
695.59229126695
 30
0.0
 70
0
  0
VERTEX
  5
7A7
  8
CUT
 10
506.71924156353913
 20
696.3760232712012
 30
0.0
 70
0
  0
VERTEX
  5
7A8
  8
CUT
 10
510.98164904630397
 20
697.314250106149
 30
0.0
 70
0
  0
VERTEX
  5
7A9
  8
CUT
 10
515.2074055930808
 20
698.4057485029945
 30
0.0
 70
0
  0
VERTEX
  5
7AA
  8
CUT
 10
519.3910016235202
 20
699.6490953560639
 30
0.0
 70
0
  0
VERTEX
  5
7AB
  8
CUT
 10
523.5269825265418
 20
701.0426695782655
 30
0.0
 70
0
  0
VERTEX
  5
7AC
  8
CUT
 10
527.609955772108
 20
702.584654214679
 30
0.0
 70
0
  0
VERTEX
  5
7AD
  8
CUT
 10
531.6345979420537
 20
704.2730388115169
 30
0.0
 70
0
  0
VERTEX
  5
7AE
  8
CUT
 10
535.5956616708078
 20
706.1056220373744
 30
0.0
 70
0
  0
VERTEX
  5
7AF
  8
CUT
 10
539.4879824869572
 20
708.0800145533436
 30
0.0
 70
0
  0
VERTEX
  5
7B0
  8
CUT
 10
543.306485546732
 20
710.1936421282574
 30
0.0
 70
0
  0
VERTEX
  5
7B1
  8
CUT
 10
547.0461922506338
 20
712.443748994994
 30
0.0
 70
0
  0
VERTEX
  5
7B2
  8
CUT
 10
550.7022267345798
 20
714.8274014434737
 30
0.0
 70
0
  0
VERTEX
  5
7B3
  8
CUT
 10
554.2698222270985
 20
717.3414916456552
 30
0.0
 70
0
  0
VERTEX
  5
7B4
  8
CUT
 10
557.7443272642914
 20
719.9827417075511
 30
0.0
 70
0
  0
VERTEX
  5
7B5
  8
CUT
 10
561.1212117544538
 20
722.7477079429771
 30
0.0
 70
0
  0
VERTEX
  5
7B6
  8
CUT
 10
564.3960728844505
 20
725.6327853634604
 30
0.0
 70
0
  0
VERTEX
  5
7B7
  8
CUT
 10
567.5646408601436
 20
728.6342123784577
 30
0.0
 70
0
  0
VERTEX
  5
7B8
  8
CUT
 10
570.6227844733904
 20
731.7480756997522
 30
0.0
 70
0
  0
VERTEX
  5
7B9
  8
CUT
 10
573.5665164883497
 20
734.9703154436336
 30
0.0
 70
0
  0
VERTEX
  5
7BA
  8
CUT
 10
576.3919988400773
 20
738.2967304242125
 30
0.0
 70
0
  0
VERTEX
  5
7BB
  8
CUT
 10
579.0955476386306
 20
741.7229836309658
 30
0.0
 70
0
  0
VERTEX
  5
7BC
  8
CUT
 10
581.6736379721569
 20
745.24460788337
 30
0.0
 70
0
  0
VERTEX
  5
7BD
  8
CUT
 10
584.1229085027084
 20
748.8570116552535
 30
0.0
 70
0
  0
VERTEX
  5
7BE
  8
CUT
 10
586.440165848783
 20
752.5554850612696
 30
0.0
 70
0
  0
VERTEX
  5
7BF
  8
CUT
 10
588.6223887488866
 20
756.3352059976892
 30
0.0
 70
0
  0
VERTEX
  5
7C0
  8
CUT
 10
590.6667320006802
 20
760.191246429504
 30
0.0
 70
0
  0
VERTEX
  5
7C1
  8
CUT
 10
592.5705301705823
 20
764.1185788156437
 30
0.0
 70
0
  0
VERTEX
  5
7C2
  8
CUT
 10
594.3313010689845
 20
768.1120826639308
 30
0.0
 70
0
  0
VERTEX
  5
7C3
  8
CUT
 10
595.9467489865542
 20
772.1665512072253
 30
0.0
 70
0
  0
VERTEX
  5
7C4
  8
CUT
 10
597.414767687401
 20
776.2766981920556
 30
0.0
 70
0
  0
VERTEX
  5
7C5
  8
CUT
 10
598.7334431552064
 20
780.4371647708847
 30
0.0
 70
0
  0
VERTEX
  5
7C6
  8
CUT
 10
599.9010560887366
 20
784.6425264890247
 30
0.0
 70
0
  0
VERTEX
  5
7C7
  8
CUT
 10
600.9160841434827
 20
788.8873003570915
 30
0.0
 70
0
  0
VERTEX
  5
7C8
  8
CUT
 10
601.7772039165078
 20
793.1659519997763
 30
0.0
 70
0
  0
VERTEX
  5
7C9
  8
CUT
 10
602.4832926719116
 20
797.4729028716157
 30
0.0
 70
0
  0
VERTEX
  5
7CA
  8
CUT
 10
603.0334298046644
 20
801.8025375303497
 30
0.0
 70
0
  0
VERTEX
  5
7CB
  8
CUT
 10
603.4268980408996
 20
806.1492109583886
 30
0.0
 70
0
  0
VERTEX
  5
7CC
  8
CUT
 10
603.663184373103
 20
810.5072559228375
 30
0.0
 70
0
  0
SEQEND
  5
71E
  8
CUT
  0
POLYLINE
  5
7CD
  8
CUT
 66
1
 10
0.0
 20
0.0
 30
0.0
 70
1
  0
VERTEX
  5
7CF
  8
CUT
 10
397.6361035521977
 20
808.570990364488
 30
0.0
 70
0
  0
VERTEX
  5
7D0
  8
CUT
 10
396.95589462562816
 20
808.4978603355958
 30
0.0
 70
0
  0
VERTEX
  5
7D1
  8
CUT
 10
396.30677551059165
 20
808.2818127496224
 30
0.0
 70
0
  0
VERTEX
  5
7D2
  8
CUT
 10
395.7184150193614
 20
807.932722335446
 30
0.0
 70
0
  0
VERTEX
  5
7D3
  8
CUT
 10
395.21770491426406
 20
807.4665447131129
 30
0.0
 70
0
  0
VERTEX
  5
7D4
  8
CUT
 10
394.82753078558244
 20
806.9045871219922
 30
0.0
 70
0
  0
VERTEX
  5
7D5
  8
CUT
 10
394.5657260366313
 20
806.2725345463806
 30
0.0
 70
0
  0
VERTEX
  5
7D6
  8
CUT
 10
394.44425678544485
 20
805.5992757507255
 30
0.0
 70
0
  0
VERTEX
  5
7D7
  8
CUT
 10
394.4686749381787
 20
804.9155828820135
 30
0.0
 70
0
  0
VERTEX
  5
7D8
  8
CUT
 10
394.63786443219846
 20
804.2527049897708
 30
0.0
 70
0
  0
VERTEX
  5
7D9
  8
CUT
 10
394.9440922471379
 20
803.64093974863
 30
0.0
 70
0
  0
VERTEX
  5
7DA
  8
CUT
 10
395.3733618524007
 20
803.108248664691
 30
0.0
 70
0
  0
VERTEX
  5
7DB
  8
CUT
 10
395.9060529363398
 20
802.6789790594281
 30
0.0
 70
0
  0
VERTEX
  5
7DC
  8
CUT
 10
396.5178181774806
 20
802.3727512444887
 30
0.0
 70
0
  0
VERTEX
  5
7DD
  8
CUT
 10
397.1806960697232
 20
802.2035617504689
 30
0.0
 70
0
  0
VERTEX
  5
7DE
  8
CUT
 10
397.86438893843524
 20
802.1791435977351
 30
0.0
 70
0
  0
VERTEX
  5
7DF
  8
CUT
 10
398.5376477340903
 20
802.3006128489216
 30
0.0
 70
0
  0
VERTEX
  5
7E0
  8
CUT
 10
399.1697003097019
 20
802.5624175978727
 30
0.0
 70
0
  0
VERTEX
  5
7E1
  8
CUT
 10
399.73165790082265
 20
802.9525917265543
 30
0.0
 70
0
  0
VERTEX
  5
7E2
  8
CUT
 10
400.1978355231557
 20
803.4533018316516
 30
0.0
 70
0
  0
VERTEX
  5
7E3
  8
CUT
 10
400.5469259373322
 20
804.041662322882
 30
0.0
 70
0
  0
VERTEX
  5
7E4
  8
CUT
 10
400.76297352330545
 20
804.6907814379184
 30
0.0
 70
0
  0
VERTEX
  5
7E5
  8
CUT
 10
400.83610355219776
 20
805.370990364488
 30
0.0
 70
0
  0
VERTEX
  5
7E6
  8
CUT
 10
435.4361035521977
 20
805.370990364488
 30
0.0
 70
0
  0
VERTEX
  5
7E7
  8
CUT
 10
435.50923358109
 20
804.6907814379184
 30
0.0
 70
0
  0
VERTEX
  5
7E8
  8
CUT
 10
435.72528116706326
 20
804.041662322882
 30
0.0
 70
0
  0
VERTEX
  5
7E9
  8
CUT
 10
436.07437158123975
 20
803.4533018316516
 30
0.0
 70
0
  0
VERTEX
  5
7EA
  8
CUT
 10
436.54054920357277
 20
802.9525917265544
 30
0.0
 70
0
  0
VERTEX
  5
7EB
  8
CUT
 10
437.1025067946935
 20
802.5624175978727
 30
0.0
 70
0
  0
VERTEX
  5
7EC
  8
CUT
 10
437.73455937030513
 20
802.3006128489216
 30
0.0
 70
0
  0
VERTEX
  5
7ED
  8
CUT
 10
438.4078181659602
 20
802.1791435977351
 30
0.0
 70
0
  0
VERTEX
  5
7EE
  8
CUT
 10
439.09151103467224
 20
802.203561750469
 30
0.0
 70
0
  0
VERTEX
  5
7EF
  8
CUT
 10
439.7543889269148
 20
802.3727512444888
 30
0.0
 70
0
  0
VERTEX
  5
7F0
  8
CUT
 10
440.36615416805563
 20
802.6789790594281
 30
0.0
 70
0
  0
VERTEX
  5
7F1
  8
CUT
 10
440.89884525199466
 20
803.108248664691
 30
0.0
 70
0
  0
VERTEX
  5
7F2
  8
CUT
 10
441.3281148572575
 20
803.64093974863
 30
0.0
 70
0
  0
VERTEX
  5
7F3
  8
CUT
 10
441.63434267219696
 20
804.2527049897708
 30
0.0
 70
0
  0
VERTEX
  5
7F4
  8
CUT
 10
441.8035321662167
 20
804.9155828820135
 30
0.0
 70
0
  0
VERTEX
  5
7F5
  8
CUT
 10
441.8279503189505
 20
805.5992757507255
 30
0.0
 70
0
  0
VERTEX
  5
7F6
  8
CUT
 10
441.7064810677641
 20
806.2725345463806
 30
0.0
 70
0
  0
VERTEX
  5
7F7
  8
CUT
 10
441.4446763188129
 20
806.9045871219921
 30
0.0
 70
0
  0
VERTEX
  5
7F8
  8
CUT
 10
441.05450219013136
 20
807.4665447131129
 30
0.0
 70
0
  0
VERTEX
  5
7F9
  8
CUT
 10
440.55379208503405
 20
807.932722335446
 30
0.0
 70
0
  0
VERTEX
  5
7FA
  8
CUT
 10
439.96543159380377
 20
808.2818127496224
 30
0.0
 70
0
  0
VERTEX
  5
7FB
  8
CUT
 10
439.31631247876726
 20
808.4978603355956
 30
0.0
 70
0
  0
VERTEX
  5
7FC
  8
CUT
 10
438.6361035521977
 20
808.570990364488
 30
0.0
 70
0
  0
VERTEX
  5
7FD
  8
CUT
 10
438.6361035521977
 20
821.1709903644879
 30
0.0
 70
0
  0
VERTEX
  5
7FE
  8
CUT
 10
439.31631247876726
 20
821.2441203933803
 30
0.0
 70
0
  0
VERTEX
  5
7FF
  8
CUT
 10
439.96543159380377
 20
821.4601679793535
 30
0.0
 70
0
  0
VERTEX
  5
800
  8
CUT
 10
440.55379208503405
 20
821.80925839353
 30
0.0
 70
0
  0
VERTEX
  5
801
  8
CUT
 10
441.05450219013136
 20
822.2754360158631
 30
0.0
 70
0
  0
VERTEX
  5
802
  8
CUT
 10
441.4446763188129
 20
822.8373936069838
 30
0.0
 70
0
  0
VERTEX
  5
803
  8
CUT
 10
441.7064810677641
 20
823.4694461825953
 30
0.0
 70
0
  0
VERTEX
  5
804
  8
CUT
 10
441.8279503189505
 20
824.1427049782504
 30
0.0
 70
0
  0
VERTEX
  5
805
  8
CUT
 10
441.8035321662167
 20
824.8263978469624
 30
0.0
 70
0
  0
VERTEX
  5
806
  8
CUT
 10
441.63434267219696
 20
825.4892757392051
 30
0.0
 70
0
  0
VERTEX
  5
807
  8
CUT
 10
441.3281148572575
 20
826.1010409803459
 30
0.0
 70
0
  0
VERTEX
  5
808
  8
CUT
 10
440.89884525199466
 20
826.6337320642849
 30
0.0
 70
0
  0
VERTEX
  5
809
  8
CUT
 10
440.36615416805563
 20
827.0630016695477
 30
0.0
 70
0
  0
VERTEX
  5
80A
  8
CUT
 10
439.7543889269148
 20
827.3692294844872
 30
0.0
 70
0
  0
VERTEX
  5
80B
  8
CUT
 10
439.09151103467224
 20
827.5384189785069
 30
0.0
 70
0
  0
VERTEX
  5
80C
  8
CUT
 10
438.4078181659602
 20
827.5628371312408
 30
0.0
 70
0
  0
VERTEX
  5
80D
  8
CUT
 10
437.73455937030513
 20
827.4413678800544
 30
0.0
 70
0
  0
VERTEX
  5
80E
  8
CUT
 10
437.1025067946935
 20
827.1795631311032
 30
0.0
 70
0
  0
VERTEX
  5
80F
  8
CUT
 10
436.54054920357277
 20
826.7893890024216
 30
0.0
 70
0
  0
VERTEX
  5
810
  8
CUT
 10
436.07437158123975
 20
826.2886788973243
 30
0.0
 70
0
  0
VERTEX
  5
811
  8
CUT
 10
435.72528116706326
 20
825.700318406094
 30
0.0
 70
0
  0
VERTEX
  5
812
  8
CUT
 10
435.50923358109
 20
825.0511992910575
 30
0.0
 70
0
  0
VERTEX
  5
813
  8
CUT
 10
435.4361035521977
 20
824.370990364488
 30
0.0
 70
0
  0
VERTEX
  5
814
  8
CUT
 10
400.83610355219776
 20
824.370990364488
 30
0.0
 70
0
  0
VERTEX
  5
815
  8
CUT
 10
400.76297352330545
 20
825.0511992910575
 30
0.0
 70
0
  0
VERTEX
  5
816
  8
CUT
 10
400.5469259373322
 20
825.700318406094
 30
0.0
 70
0
  0
VERTEX
  5
817
  8
CUT
 10
400.1978355231557
 20
826.2886788973243
 30
0.0
 70
0
  0
VERTEX
  5
818
  8
CUT
 10
399.73165790082265
 20
826.7893890024217
 30
0.0
 70
0
  0
VERTEX
  5
819
  8
CUT
 10
399.1697003097019
 20
827.1795631311032
 30
0.0
 70
0
  0
VERTEX
  5
81A
  8
CUT
 10
398.5376477340903
 20
827.4413678800544
 30
0.0
 70
0
  0
VERTEX
  5
81B
  8
CUT
 10
397.86438893843524
 20
827.5628371312408
 30
0.0
 70
0
  0
VERTEX
  5
81C
  8
CUT
 10
397.1806960697232
 20
827.538418978507
 30
0.0
 70
0
  0
VERTEX
  5
81D
  8
CUT
 10
396.5178181774806
 20
827.3692294844873
 30
0.0
 70
0
  0
VERTEX
  5
81E
  8
CUT
 10
395.9060529363398
 20
827.0630016695478
 30
0.0
 70
0
  0
VERTEX
  5
81F
  8
CUT
 10
395.3733618524007
 20
826.6337320642849
 30
0.0
 70
0
  0
VERTEX
  5
820
  8
CUT
 10
394.9440922471379
 20
826.1010409803459
 30
0.0
 70
0
  0
VERTEX
  5
821
  8
CUT
 10
394.63786443219846
 20
825.4892757392051
 30
0.0
 70
0
  0
VERTEX
  5
822
  8
CUT
 10
394.4686749381787
 20
824.8263978469624
 30
0.0
 70
0
  0
VERTEX
  5
823
  8
CUT
 10
394.44425678544485
 20
824.1427049782504
 30
0.0
 70
0
  0
VERTEX
  5
824
  8
CUT
 10
394.56572603663125
 20
823.4694461825953
 30
0.0
 70
0
  0
VERTEX
  5
825
  8
CUT
 10
394.82753078558244
 20
822.8373936069837
 30
0.0
 70
0
  0
VERTEX
  5
826
  8
CUT
 10
395.21770491426406
 20
822.2754360158631
 30
0.0
 70
0
  0
VERTEX
  5
827
  8
CUT
 10
395.7184150193614
 20
821.80925839353
 30
0.0
 70
0
  0
VERTEX
  5
828
  8
CUT
 10
396.30677551059165
 20
821.4601679793535
 30
0.0
 70
0
  0
VERTEX
  5
829
  8
CUT
 10
396.95589462562816
 20
821.2441203933802
 30
0.0
 70
0
  0
VERTEX
  5
82A
  8
CUT
 10
397.6361035521977
 20
821.1709903644879
 30
0.0
 70
0
  0
SEQEND
  5
7CE
  8
CUT
  0
POLYLINE
  5
82B
  8
CUT
 66
1
 10
0.0
 20
0.0
 30
0.0
 70
1
  0
VERTEX
  5
82D
  8
CUT
 10
527.1058771767782
 20
808.570990364488
 30
0.0
 70
0
  0
VERTEX
  5
82E
  8
CUT
 10
526.4256682502087
 20
808.4978603355958
 30
0.0
 70
0
  0
VERTEX
  5
82F
  8
CUT
 10
525.7765491351722
 20
808.2818127496224
 30
0.0
 70
0
  0
VERTEX
  5
830
  8
CUT
 10
525.1881886439419
 20
807.932722335446
 30
0.0
 70
0
  0
VERTEX
  5
831
  8
CUT
 10
524.6874785388445
 20
807.4665447131129
 30
0.0
 70
0
  0
VERTEX
  5
832
  8
CUT
 10
524.297304410163
 20
806.9045871219922
 30
0.0
 70
0
  0
VERTEX
  5
833
  8
CUT
 10
524.0354996612118
 20
806.2725345463806
 30
0.0
 70
0
  0
VERTEX
  5
834
  8
CUT
 10
523.9140304100254
 20
805.5992757507255
 30
0.0
 70
0
  0
VERTEX
  5
835
  8
CUT
 10
523.9384485627592
 20
804.9155828820135
 30
0.0
 70
0
  0
VERTEX
  5
836
  8
CUT
 10
524.1076380567789
 20
804.2527049897708
 30
0.0
 70
0
  0
VERTEX
  5
837
  8
CUT
 10
524.4138658717184
 20
803.64093974863
 30
0.0
 70
0
  0
VERTEX
  5
838
  8
CUT
 10
524.8431354769813
 20
803.108248664691
 30
0.0
 70
0
  0
VERTEX
  5
839
  8
CUT
 10
525.3758265609202
 20
802.6789790594281
 30
0.0
 70
0
  0
VERTEX
  5
83A
  8
CUT
 10
525.987591802061
 20
802.3727512444887
 30
0.0
 70
0
  0
VERTEX
  5
83B
  8
CUT
 10
526.6504696943038
 20
802.2035617504689
 30
0.0
 70
0
  0
VERTEX
  5
83C
  8
CUT
 10
527.3341625630158
 20
802.1791435977351
 30
0.0
 70
0
  0
VERTEX
  5
83D
  8
CUT
 10
528.0074213586709
 20
802.3006128489216
 30
0.0
 70
0
  0
VERTEX
  5
83E
  8
CUT
 10
528.6394739342825
 20
802.5624175978727
 30
0.0
 70
0
  0
VERTEX
  5
83F
  8
CUT
 10
529.2014315254031
 20
802.9525917265543
 30
0.0
 70
0
  0
VERTEX
  5
840
  8
CUT
 10
529.6676091477362
 20
803.4533018316516
 30
0.0
 70
0
  0
VERTEX
  5
841
  8
CUT
 10
530.0166995619127
 20
804.041662322882
 30
0.0
 70
0
  0
VERTEX
  5
842
  8
CUT
 10
530.232747147886
 20
804.6907814379184
 30
0.0
 70
0
  0
VERTEX
  5
843
  8
CUT
 10
530.3058771767783
 20
805.370990364488
 30
0.0
 70
0
  0
VERTEX
  5
844
  8
CUT
 10
564.9058771767782
 20
805.370990364488
 30
0.0
 70
0
  0
VERTEX
  5
845
  8
CUT
 10
564.9790072056704
 20
804.6907814379184
 30
0.0
 70
0
  0
VERTEX
  5
846
  8
CUT
 10
565.1950547916438
 20
804.041662322882
 30
0.0
 70
0
  0
VERTEX
  5
847
  8
CUT
 10
565.5441452058202
 20
803.4533018316516
 30
0.0
 70
0
  0
VERTEX
  5
848
  8
CUT
 10
566.0103228281533
 20
802.9525917265543
 30
0.0
 70
0
  0
VERTEX
  5
849
  8
CUT
 10
566.572280419274
 20
802.5624175978727
 30
0.0
 70
0
  0
VERTEX
  5
84A
  8
CUT
 10
567.2043329948856
 20
802.3006128489216
 30
0.0
 70
0
  0
VERTEX
  5
84B
  8
CUT
 10
567.8775917905407
 20
802.1791435977351
 30
0.0
 70
0
  0
VERTEX
  5
84C
  8
CUT
 10
568.5612846592527
 20
802.2035617504689
 30
0.0
 70
0
  0
VERTEX
  5
84D
  8
CUT
 10
569.2241625514954
 20
802.3727512444887
 30
0.0
 70
0
  0
VERTEX
  5
84E
  8
CUT
 10
569.8359277926362
 20
802.6789790594281
 30
0.0
 70
0
  0
VERTEX
  5
84F
  8
CUT
 10
570.3686188765752
 20
803.108248664691
 30
0.0
 70
0
  0
VERTEX
  5
850
  8
CUT
 10
570.7978884818381
 20
803.64093974863
 30
0.0
 70
0
  0
VERTEX
  5
851
  8
CUT
 10
571.1041162967775
 20
804.2527049897708
 30
0.0
 70
0
  0
VERTEX
  5
852
  8
CUT
 10
571.2733057907973
 20
804.9155828820135
 30
0.0
 70
0
  0
VERTEX
  5
853
  8
CUT
 10
571.2977239435311
 20
805.5992757507255
 30
0.0
 70
0
  0
VERTEX
  5
854
  8
CUT
 10
571.1762546923446
 20
806.2725345463806
 30
0.0
 70
0
  0
VERTEX
  5
855
  8
CUT
 10
570.9144499433935
 20
806.9045871219922
 30
0.0
 70
0
  0
VERTEX
  5
856
  8
CUT
 10
570.5242758147119
 20
807.4665447131129
 30
0.0
 70
0
  0
VERTEX
  5
857
  8
CUT
 10
570.0235657096146
 20
807.932722335446
 30
0.0
 70
0
  0
VERTEX
  5
858
  8
CUT
 10
569.4352052183842
 20
808.2818127496224
 30
0.0
 70
0
  0
VERTEX
  5
859
  8
CUT
 10
568.7860861033478
 20
808.4978603355958
 30
0.0
 70
0
  0
VERTEX
  5
85A
  8
CUT
 10
568.1058771767782
 20
808.570990364488
 30
0.0
 70
0
  0
VERTEX
  5
85B
  8
CUT
 10
568.1058771767782
 20
821.1709903644879
 30
0.0
 70
0
  0
VERTEX
  5
85C
  8
CUT
 10
568.7860861033478
 20
821.2441203933802
 30
0.0
 70
0
  0
VERTEX
  5
85D
  8
CUT
 10
569.4352052183842
 20
821.4601679793535
 30
0.0
 70
0
  0
VERTEX
  5
85E
  8
CUT
 10
570.0235657096146
 20
821.80925839353
 30
0.0
 70
0
  0
VERTEX
  5
85F
  8
CUT
 10
570.5242758147119
 20
822.2754360158631
 30
0.0
 70
0
  0
VERTEX
  5
860
  8
CUT
 10
570.9144499433935
 20
822.8373936069837
 30
0.0
 70
0
  0
VERTEX
  5
861
  8
CUT
 10
571.1762546923446
 20
823.4694461825953
 30
0.0
 70
0
  0
VERTEX
  5
862
  8
CUT
 10
571.2977239435311
 20
824.1427049782504
 30
0.0
 70
0
  0
VERTEX
  5
863
  8
CUT
 10
571.2733057907973
 20
824.8263978469624
 30
0.0
 70
0
  0
VERTEX
  5
864
  8
CUT
 10
571.1041162967775
 20
825.4892757392051
 30
0.0
 70
0
  0
VERTEX
  5
865
  8
CUT
 10
570.7978884818381
 20
826.1010409803459
 30
0.0
 70
0
  0
VERTEX
  5
866
  8
CUT
 10
570.3686188765752
 20
826.6337320642849
 30
0.0
 70
0
  0
VERTEX
  5
867
  8
CUT
 10
569.8359277926362
 20
827.0630016695478
 30
0.0
 70
0
  0
VERTEX
  5
868
  8
CUT
 10
569.2241625514954
 20
827.3692294844873
 30
0.0
 70
0
  0
VERTEX
  5
869
  8
CUT
 10
568.5612846592527
 20
827.538418978507
 30
0.0
 70
0
  0
VERTEX
  5
86A
  8
CUT
 10
567.8775917905407
 20
827.5628371312408
 30
0.0
 70
0
  0
VERTEX
  5
86B
  8
CUT
 10
567.2043329948856
 20
827.4413678800544
 30
0.0
 70
0
  0
VERTEX
  5
86C
  8
CUT
 10
566.572280419274
 20
827.1795631311032
 30
0.0
 70
0
  0
VERTEX
  5
86D
  8
CUT
 10
566.0103228281533
 20
826.7893890024217
 30
0.0
 70
0
  0
VERTEX
  5
86E
  8
CUT
 10
565.5441452058202
 20
826.2886788973243
 30
0.0
 70
0
  0
VERTEX
  5
86F
  8
CUT
 10
565.1950547916438
 20
825.700318406094
 30
0.0
 70
0
  0
VERTEX
  5
870
  8
CUT
 10
564.9790072056704
 20
825.0511992910575
 30
0.0
 70
0
  0
VERTEX
  5
871
  8
CUT
 10
564.9058771767782
 20
824.370990364488
 30
0.0
 70
0
  0
VERTEX
  5
872
  8
CUT
 10
530.3058771767783
 20
824.370990364488
 30
0.0
 70
0
  0
VERTEX
  5
873
  8
CUT
 10
530.232747147886
 20
825.0511992910575
 30
0.0
 70
0
  0
VERTEX
  5
874
  8
CUT
 10
530.0166995619127
 20
825.700318406094
 30
0.0
 70
0
  0
VERTEX
  5
875
  8
CUT
 10
529.6676091477362
 20
826.2886788973243
 30
0.0
 70
0
  0
VERTEX
  5
876
  8
CUT
 10
529.2014315254031
 20
826.7893890024217
 30
0.0
 70
0
  0
VERTEX
  5
877
  8
CUT
 10
528.6394739342825
 20
827.1795631311032
 30
0.0
 70
0
  0
VERTEX
  5
878
  8
CUT
 10
528.0074213586709
 20
827.4413678800544
 30
0.0
 70
0
  0
VERTEX
  5
879
  8
CUT
 10
527.3341625630158
 20
827.5628371312408
 30
0.0
 70
0
  0
VERTEX
  5
87A
  8
CUT
 10
526.6504696943038
 20
827.538418978507
 30
0.0
 70
0
  0
VERTEX
  5
87B
  8
CUT
 10
525.987591802061
 20
827.3692294844873
 30
0.0
 70
0
  0
VERTEX
  5
87C
  8
CUT
 10
525.3758265609202
 20
827.0630016695478
 30
0.0
 70
0
  0
VERTEX
  5
87D
  8
CUT
 10
524.8431354769813
 20
826.6337320642849
 30
0.0
 70
0
  0
VERTEX
  5
87E
  8
CUT
 10
524.4138658717184
 20
826.1010409803459
 30
0.0
 70
0
  0
VERTEX
  5
87F
  8
CUT
 10
524.1076380567789
 20
825.4892757392051
 30
0.0
 70
0
  0
VERTEX
  5
880
  8
CUT
 10
523.9384485627592
 20
824.8263978469624
 30
0.0
 70
0
  0
VERTEX
  5
881
  8
CUT
 10
523.9140304100254
 20
824.1427049782504
 30
0.0
 70
0
  0
VERTEX
  5
882
  8
CUT
 10
524.0354996612118
 20
823.4694461825953
 30
0.0
 70
0
  0
VERTEX
  5
883
  8
CUT
 10
524.297304410163
 20
822.8373936069837
 30
0.0
 70
0
  0
VERTEX
  5
884
  8
CUT
 10
524.6874785388445
 20
822.2754360158631
 30
0.0
 70
0
  0
VERTEX
  5
885
  8
CUT
 10
525.1881886439419
 20
821.80925839353
 30
0.0
 70
0
  0
VERTEX
  5
886
  8
CUT
 10
525.7765491351722
 20
821.4601679793535
 30
0.0
 70
0
  0
VERTEX
  5
887
  8
CUT
 10
526.4256682502087
 20
821.2441203933802
 30
0.0
 70
0
  0
VERTEX
  5
888
  8
CUT
 10
527.1058771767782
 20
821.1709903644879
 30
0.0
 70
0
  0
SEQEND
  5
82C
  8
CUT
  0
POLYLINE
  5
889
  8
CUT
 66
1
 10
0.0
 20
0.0
 30
0.0
 70
1
  0
VERTEX
  5
88B
  8
CUT
 10
489.170990364488
 20
729.6361035521977
 30
0.0
 70
0
  0
VERTEX
  5
88C
  8
CUT
 10
489.24412039338023
 20
728.9558946256282
 30
0.0
 70
0
  0
VERTEX
  5
88D
  8
CUT
 10
489.4601679793535
 20
728.3067755105917
 30
0.0
 70
0
  0
VERTEX
  5
88E
  8
CUT
 10
489.80925839353
 20
727.7184150193614
 30
0.0
 70
0
  0
VERTEX
  5
88F
  8
CUT
 10
490.275436015863
 20
727.2177049142641
 30
0.0
 70
0
  0
VERTEX
  5
890
  8
CUT
 10
490.83739360698377
 20
726.8275307855824
 30
0.0
 70
0
  0
VERTEX
  5
891
  8
CUT
 10
491.4694461825954
 20
726.5657260366313
 30
0.0
 70
0
  0
VERTEX
  5
892
  8
CUT
 10
492.14270497825044
 20
726.4442567854448
 30
0.0
 70
0
  0
VERTEX
  5
893
  8
CUT
 10
492.8263978469625
 20
726.4686749381788
 30
0.0
 70
0
  0
VERTEX
  5
894
  8
CUT
 10
493.4892757392051
 20
726.6378644321985
 30
0.0
 70
0
  0
VERTEX
  5
895
  8
CUT
 10
494.1010409803459
 20
726.9440922471379
 30
0.0
 70
0
  0
VERTEX
  5
896
  8
CUT
 10
494.6337320642849
 20
727.3733618524008
 30
0.0
 70
0
  0
VERTEX
  5
897
  8
CUT
 10
495.06300166954776
 20
727.9060529363397
 30
0.0
 70
0
  0
VERTEX
  5
898
  8
CUT
 10
495.3692294844872
 20
728.5178181774805
 30
0.0
 70
0
  0
VERTEX
  5
899
  8
CUT
 10
495.53841897850697
 20
729.1806960697232
 30
0.0
 70
0
  0
VERTEX
  5
89A
  8
CUT
 10
495.56283713124077
 20
729.8643889384352
 30
0.0
 70
0
  0
VERTEX
  5
89B
  8
CUT
 10
495.4413678800544
 20
730.5376477340903
 30
0.0
 70
0
  0
VERTEX
  5
89C
  8
CUT
 10
495.1795631311032
 20
731.1697003097019
 30
0.0
 70
0
  0
VERTEX
  5
89D
  8
CUT
 10
494.7893890024216
 20
731.7316579008226
 30
0.0
 70
0
  0
VERTEX
  5
89E
  8
CUT
 10
494.2886788973243
 20
732.1978355231557
 30
0.0
 70
0
  0
VERTEX
  5
89F
  8
CUT
 10
493.700318406094
 20
732.5469259373322
 30
0.0
 70
0
  0
VERTEX
  5
8A0
  8
CUT
 10
493.0511992910575
 20
732.7629735233054
 30
0.0
 70
0
  0
VERTEX
  5
8A1
  8
CUT
 10
492.37099036448797
 20
732.8361035521978
 30
0.0
 70
0
  0
VERTEX
  5
8A2
  8
CUT
 10
492.37099036448797
 20
767.4361035521978
 30
0.0
 70
0
  0
VERTEX
  5
8A3
  8
CUT
 10
493.05119929105746
 20
767.5092335810901
 30
0.0
 70
0
  0
VERTEX
  5
8A4
  8
CUT
 10
493.70031840609397
 20
767.7252811670634
 30
0.0
 70
0
  0
VERTEX
  5
8A5
  8
CUT
 10
494.28867889732425
 20
768.0743715812399
 30
0.0
 70
0
  0
VERTEX
  5
8A6
  8
CUT
 10
494.78938900242156
 20
768.5405492035729
 30
0.0
 70
0
  0
VERTEX
  5
8A7
  8
CUT
 10
495.1795631311031
 20
769.1025067946937
 30
0.0
 70
0
  0
VERTEX
  5
8A8
  8
CUT
 10
495.44136788005426
 20
769.7345593703053
 30
0.0
 70
0
  0
VERTEX
  5
8A9
  8
CUT
 10
495.5628371312407
 20
770.4078181659603
 30
0.0
 70
0
  0
VERTEX
  5
8AA
  8
CUT
 10
495.53841897850685
 20
771.0915110346724
 30
0.0
 70
0
  0
VERTEX
  5
8AB
  8
CUT
 10
495.3692294844871
 20
771.754388926915
 30
0.0
 70
0
  0
VERTEX
  5
8AC
  8
CUT
 10
495.06300166954765
 20
772.3661541680558
 30
0.0
 70
0
  0
VERTEX
  5
8AD
  8
CUT
 10
494.6337320642848
 20
772.8988452519948
 30
0.0
 70
0
  0
VERTEX
  5
8AE
  8
CUT
 10
494.1010409803458
 20
773.3281148572576
 30
0.0
 70
0
  0
VERTEX
  5
8AF
  8
CUT
 10
493.48927573920497
 20
773.634342672197
 30
0.0
 70
0
  0
VERTEX
  5
8B0
  8
CUT
 10
492.8263978469624
 20
773.8035321662168
 30
0.0
 70
0
  0
VERTEX
  5
8B1
  8
CUT
 10
492.1427049782503
 20
773.8279503189506
 30
0.0
 70
0
  0
VERTEX
  5
8B2
  8
CUT
 10
491.4694461825953
 20
773.7064810677641
 30
0.0
 70
0
  0
VERTEX
  5
8B3
  8
CUT
 10
490.8373936069837
 20
773.444676318813
 30
0.0
 70
0
  0
VERTEX
  5
8B4
  8
CUT
 10
490.27543601586297
 20
773.0545021901314
 30
0.0
 70
0
  0
VERTEX
  5
8B5
  8
CUT
 10
489.80925839352994
 20
772.553792085034
 30
0.0
 70
0
  0
VERTEX
  5
8B6
  8
CUT
 10
489.46016797935346
 20
771.9654315938038
 30
0.0
 70
0
  0
VERTEX
  5
8B7
  8
CUT
 10
489.24412039338023
 20
771.3163124787673
 30
0.0
 70
0
  0
VERTEX
  5
8B8
  8
CUT
 10
489.170990364488
 20
770.6361035521977
 30
0.0
 70
0
  0
VERTEX
  5
8B9
  8
CUT
 10
476.57099036448795
 20
770.6361035521977
 30
0.0
 70
0
  0
VERTEX
  5
8BA
  8
CUT
 10
476.4978603355957
 20
771.3163124787673
 30
0.0
 70
0
  0
VERTEX
  5
8BB
  8
CUT
 10
476.2818127496225
 20
771.9654315938037
 30
0.0
 70
0
  0
VERTEX
  5
8BC
  8
CUT
 10
475.932722335446
 20
772.553792085034
 30
0.0
 70
0
  0
VERTEX
  5
8BD
  8
CUT
 10
475.46654471311297
 20
773.0545021901313
 30
0.0
 70
0
  0
VERTEX
  5
8BE
  8
CUT
 10
474.9045871219923
 20
773.444676318813
 30
0.0
 70
0
  0
VERTEX
  5
8BF
  8
CUT
 10
474.2725345463807
 20
773.7064810677641
 30
0.0
 70
0
  0
VERTEX
  5
8C0
  8
CUT
 10
473.59927575072567
 20
773.8279503189506
 30
0.0
 70
0
  0
VERTEX
  5
8C1
  8
CUT
 10
472.9155828820136
 20
773.8035321662168
 30
0.0
 70
0
  0
VERTEX
  5
8C2
  8
CUT
 10
472.252704989771
 20
773.634342672197
 30
0.0
 70
0
  0
VERTEX
  5
8C3
  8
CUT
 10
471.6409397486302
 20
773.3281148572577
 30
0.0
 70
0
  0
VERTEX
  5
8C4
  8
CUT
 10
471.1082486646912
 20
772.8988452519948
 30
0.0
 70
0
  0
VERTEX
  5
8C5
  8
CUT
 10
470.67897905942834
 20
772.3661541680558
 30
0.0
 70
0
  0
VERTEX
  5
8C6
  8
CUT
 10
470.3727512444889
 20
771.754388926915
 30
0.0
 70
0
  0
VERTEX
  5
8C7
  8
CUT
 10
470.2035617504691
 20
771.0915110346724
 30
0.0
 70
0
  0
VERTEX
  5
8C8
  8
CUT
 10
470.1791435977352
 20
770.4078181659604
 30
0.0
 70
0
  0
VERTEX
  5
8C9
  8
CUT
 10
470.3006128489216
 20
769.7345593703054
 30
0.0
 70
0
  0
VERTEX
  5
8CA
  8
CUT
 10
470.5624175978728
 20
769.1025067946938
 30
0.0
 70
0
  0
VERTEX
  5
8CB
  8
CUT
 10
470.9525917265544
 20
768.540549203573
 30
0.0
 70
0
  0
VERTEX
  5
8CC
  8
CUT
 10
471.45330183165163
 20
768.0743715812399
 30
0.0
 70
0
  0
VERTEX
  5
8CD
  8
CUT
 10
472.0416623228819
 20
767.7252811670635
 30
0.0
 70
0
  0
VERTEX
  5
8CE
  8
CUT
 10
472.6907814379184
 20
767.5092335810901
 30
0.0
 70
0
  0
VERTEX
  5
8CF
  8
CUT
 10
473.37099036448797
 20
767.4361035521978
 30
0.0
 70
0
  0
VERTEX
  5
8D0
  8
CUT
 10
473.37099036448797
 20
732.8361035521978
 30
0.0
 70
0
  0
VERTEX
  5
8D1
  8
CUT
 10
472.6907814379184
 20
732.7629735233054
 30
0.0
 70
0
  0
VERTEX
  5
8D2
  8
CUT
 10
472.0416623228819
 20
732.5469259373322
 30
0.0
 70
0
  0
VERTEX
  5
8D3
  8
CUT
 10
471.45330183165163
 20
732.1978355231557
 30
0.0
 70
0
  0
VERTEX
  5
8D4
  8
CUT
 10
470.9525917265543
 20
731.7316579008226
 30
0.0
 70
0
  0
VERTEX
  5
8D5
  8
CUT
 10
470.56241759787275
 20
731.1697003097019
 30
0.0
 70
0
  0
VERTEX
  5
8D6
  8
CUT
 10
470.30061284892156
 20
730.5376477340903
 30
0.0
 70
0
  0
VERTEX
  5
8D7
  8
CUT
 10
470.17914359773516
 20
729.8643889384352
 30
0.0
 70
0
  0
VERTEX
  5
8D8
  8
CUT
 10
470.20356175046896
 20
729.1806960697232
 30
0.0
 70
0
  0
VERTEX
  5
8D9
  8
CUT
 10
470.3727512444887
 20
728.5178181774805
 30
0.0
 70
0
  0
VERTEX
  5
8DA
  8
CUT
 10
470.6789790594282
 20
727.9060529363397
 30
0.0
 70
0
  0
VERTEX
  5
8DB
  8
CUT
 10
471.108248664691
 20
727.3733618524008
 30
0.0
 70
0
  0
VERTEX
  5
8DC
  8
CUT
 10
471.64093974863005
 20
726.9440922471379
 30
0.0
 70
0
  0
VERTEX
  5
8DD
  8
CUT
 10
472.25270498977085
 20
726.6378644321985
 30
0.0
 70
0
  0
VERTEX
  5
8DE
  8
CUT
 10
472.91558288201344
 20
726.4686749381788
 30
0.0
 70
0
  0
VERTEX
  5
8DF
  8
CUT
 10
473.5992757507255
 20
726.4442567854448
 30
0.0
 70
0
  0
VERTEX
  5
8E0
  8
CUT
 10
474.27253454638054
 20
726.5657260366313
 30
0.0
 70
0
  0
VERTEX
  5
8E1
  8
CUT
 10
474.90458712199217
 20
726.8275307855824
 30
0.0
 70
0
  0
VERTEX
  5
8E2
  8
CUT
 10
475.4665447131129
 20
727.2177049142641
 30
0.0
 70
0
  0
VERTEX
  5
8E3
  8
CUT
 10
475.93272233544593
 20
727.7184150193614
 30
0.0
 70
0
  0
VERTEX
  5
8E4
  8
CUT
 10
476.2818127496224
 20
728.3067755105917
 30
0.0
 70
0
  0
VERTEX
  5
8E5
  8
CUT
 10
476.4978603355957
 20
728.9558946256282
 30
0.0
 70
0
  0
VERTEX
  5
8E6
  8
CUT
 10
476.57099036448795
 20
729.6361035521977
 30
0.0
 70
0
  0
SEQEND
  5
88A
  8
CUT
  0
POLYLINE
  5
8E7
  8
CUT
 66
1
 10
0.0
 20
0.0
 30
0.0
 70
1
  0
VERTEX
  5
8E9
  8
CUT
 10
489.170990364488
 20
859.1058771767782
 30
0.0
 70
0
  0
VERTEX
  5
8EA
  8
CUT
 10
489.24412039338023
 20
858.4256682502087
 30
0.0
 70
0
  0
VERTEX
  5
8EB
  8
CUT
 10
489.4601679793535
 20
857.7765491351722
 30
0.0
 70
0
  0
VERTEX
  5
8EC
  8
CUT
 10
489.80925839353
 20
857.1881886439419
 30
0.0
 70
0
  0
VERTEX
  5
8ED
  8
CUT
 10
490.275436015863
 20
856.6874785388446
 30
0.0
 70
0
  0
VERTEX
  5
8EE
  8
CUT
 10
490.83739360698377
 20
856.297304410163
 30
0.0
 70
0
  0
VERTEX
  5
8EF
  8
CUT
 10
491.4694461825954
 20
856.0354996612118
 30
0.0
 70
0
  0
VERTEX
  5
8F0
  8
CUT
 10
492.14270497825044
 20
855.9140304100254
 30
0.0
 70
0
  0
VERTEX
  5
8F1
  8
CUT
 10
492.8263978469625
 20
855.9384485627593
 30
0.0
 70
0
  0
VERTEX
  5
8F2
  8
CUT
 10
493.4892757392051
 20
856.107638056779
 30
0.0
 70
0
  0
VERTEX
  5
8F3
  8
CUT
 10
494.1010409803459
 20
856.4138658717184
 30
0.0
 70
0
  0
VERTEX
  5
8F4
  8
CUT
 10
494.6337320642849
 20
856.8431354769813
 30
0.0
 70
0
  0
VERTEX
  5
8F5
  8
CUT
 10
495.06300166954776
 20
857.3758265609202
 30
0.0
 70
0
  0
VERTEX
  5
8F6
  8
CUT
 10
495.3692294844872
 20
857.987591802061
 30
0.0
 70
0
  0
VERTEX
  5
8F7
  8
CUT
 10
495.53841897850697
 20
858.6504696943038
 30
0.0
 70
0
  0
VERTEX
  5
8F8
  8
CUT
 10
495.56283713124077
 20
859.3341625630158
 30
0.0
 70
0
  0
VERTEX
  5
8F9
  8
CUT
 10
495.4413678800544
 20
860.0074213586709
 30
0.0
 70
0
  0
VERTEX
  5
8FA
  8
CUT
 10
495.1795631311032
 20
860.6394739342824
 30
0.0
 70
0
  0
VERTEX
  5
8FB
  8
CUT
 10
494.7893890024216
 20
861.2014315254031
 30
0.0
 70
0
  0
VERTEX
  5
8FC
  8
CUT
 10
494.2886788973243
 20
861.6676091477362
 30
0.0
 70
0
  0
VERTEX
  5
8FD
  8
CUT
 10
493.700318406094
 20
862.0166995619127
 30
0.0
 70
0
  0
VERTEX
  5
8FE
  8
CUT
 10
493.0511992910575
 20
862.2327471478859
 30
0.0
 70
0
  0
VERTEX
  5
8FF
  8
CUT
 10
492.37099036448797
 20
862.3058771767783
 30
0.0
 70
0
  0
VERTEX
  5
900
  8
CUT
 10
492.37099036448797
 20
896.9058771767782
 30
0.0
 70
0
  0
VERTEX
  5
901
  8
CUT
 10
493.0511992910575
 20
896.9790072056705
 30
0.0
 70
0
  0
VERTEX
  5
902
  8
CUT
 10
493.700318406094
 20
897.1950547916438
 30
0.0
 70
0
  0
VERTEX
  5
903
  8
CUT
 10
494.2886788973243
 20
897.5441452058202
 30
0.0
 70
0
  0
VERTEX
  5
904
  8
CUT
 10
494.7893890024216
 20
898.0103228281533
 30
0.0
 70
0
  0
VERTEX
  5
905
  8
CUT
 10
495.1795631311032
 20
898.5722804192741
 30
0.0
 70
0
  0
VERTEX
  5
906
  8
CUT
 10
495.4413678800544
 20
899.2043329948856
 30
0.0
 70
0
  0
VERTEX
  5
907
  8
CUT
 10
495.56283713124077
 20
899.8775917905407
 30
0.0
 70
0
  0
VERTEX
  5
908
  8
CUT
 10
495.53841897850697
 20
900.5612846592527
 30
0.0
 70
0
  0
VERTEX
  5
909
  8
CUT
 10
495.3692294844872
 20
901.2241625514954
 30
0.0
 70
0
  0
VERTEX
  5
90A
  8
CUT
 10
495.06300166954776
 20
901.8359277926362
 30
0.0
 70
0
  0
VERTEX
  5
90B
  8
CUT
 10
494.6337320642849
 20
902.3686188765752
 30
0.0
 70
0
  0
VERTEX
  5
90C
  8
CUT
 10
494.1010409803459
 20
902.7978884818381
 30
0.0
 70
0
  0
VERTEX
  5
90D
  8
CUT
 10
493.4892757392051
 20
903.1041162967774
 30
0.0
 70
0
  0
VERTEX
  5
90E
  8
CUT
 10
492.8263978469625
 20
903.2733057907972
 30
0.0
 70
0
  0
VERTEX
  5
90F
  8
CUT
 10
492.14270497825044
 20
903.2977239435311
 30
0.0
 70
0
  0
VERTEX
  5
910
  8
CUT
 10
491.4694461825954
 20
903.1762546923446
 30
0.0
 70
0
  0
VERTEX
  5
911
  8
CUT
 10
490.83739360698377
 20
902.9144499433935
 30
0.0
 70
0
  0
VERTEX
  5
912
  8
CUT
 10
490.275436015863
 20
902.5242758147118
 30
0.0
 70
0
  0
VERTEX
  5
913
  8
CUT
 10
489.80925839353
 20
902.0235657096146
 30
0.0
 70
0
  0
VERTEX
  5
914
  8
CUT
 10
489.4601679793535
 20
901.4352052183842
 30
0.0
 70
0
  0
VERTEX
  5
915
  8
CUT
 10
489.24412039338023
 20
900.7860861033478
 30
0.0
 70
0
  0
VERTEX
  5
916
  8
CUT
 10
489.170990364488
 20
900.1058771767782
 30
0.0
 70
0
  0
VERTEX
  5
917
  8
CUT
 10
476.57099036448795
 20
900.1058771767782
 30
0.0
 70
0
  0
VERTEX
  5
918
  8
CUT
 10
476.4978603355957
 20
900.7860861033478
 30
0.0
 70
0
  0
VERTEX
  5
919
  8
CUT
 10
476.2818127496224
 20
901.4352052183842
 30
0.0
 70
0
  0
VERTEX
  5
91A
  8
CUT
 10
475.93272233544593
 20
902.0235657096146
 30
0.0
 70
0
  0
VERTEX
  5
91B
  8
CUT
 10
475.4665447131129
 20
902.5242758147118
 30
0.0
 70
0
  0
VERTEX
  5
91C
  8
CUT
 10
474.90458712199217
 20
902.9144499433935
 30
0.0
 70
0
  0
VERTEX
  5
91D
  8
CUT
 10
474.27253454638054
 20
903.1762546923446
 30
0.0
 70
0
  0
VERTEX
  5
91E
  8
CUT
 10
473.5992757507255
 20
903.2977239435311
 30
0.0
 70
0
  0
VERTEX
  5
91F
  8
CUT
 10
472.91558288201344
 20
903.2733057907972
 30
0.0
 70
0
  0
VERTEX
  5
920
  8
CUT
 10
472.25270498977085
 20
903.1041162967774
 30
0.0
 70
0
  0
VERTEX
  5
921
  8
CUT
 10
471.64093974863005
 20
902.7978884818381
 30
0.0
 70
0
  0
VERTEX
  5
922
  8
CUT
 10
471.108248664691
 20
902.3686188765752
 30
0.0
 70
0
  0
VERTEX
  5
923
  8
CUT
 10
470.6789790594282
 20
901.8359277926362
 30
0.0
 70
0
  0
VERTEX
  5
924
  8
CUT
 10
470.3727512444887
 20
901.2241625514954
 30
0.0
 70
0
  0
VERTEX
  5
925
  8
CUT
 10
470.20356175046896
 20
900.5612846592527
 30
0.0
 70
0
  0
VERTEX
  5
926
  8
CUT
 10
470.17914359773516
 20
899.8775917905407
 30
0.0
 70
0
  0
VERTEX
  5
927
  8
CUT
 10
470.30061284892156
 20
899.2043329948856
 30
0.0
 70
0
  0
VERTEX
  5
928
  8
CUT
 10
470.56241759787275
 20
898.5722804192741
 30
0.0
 70
0
  0
VERTEX
  5
929
  8
CUT
 10
470.9525917265543
 20
898.0103228281533
 30
0.0
 70
0
  0
VERTEX
  5
92A
  8
CUT
 10
471.45330183165163
 20
897.5441452058202
 30
0.0
 70
0
  0
VERTEX
  5
92B
  8
CUT
 10
472.0416623228819
 20
897.1950547916438
 30
0.0
 70
0
  0
VERTEX
  5
92C
  8
CUT
 10
472.6907814379184
 20
896.9790072056705
 30
0.0
 70
0
  0
VERTEX
  5
92D
  8
CUT
 10
473.37099036448797
 20
896.9058771767782
 30
0.0
 70
0
  0
VERTEX
  5
92E
  8
CUT
 10
473.37099036448797
 20
862.3058771767783
 30
0.0
 70
0
  0
VERTEX
  5
92F
  8
CUT
 10
472.6907814379184
 20
862.2327471478859
 30
0.0
 70
0
  0
VERTEX
  5
930
  8
CUT
 10
472.0416623228819
 20
862.0166995619127
 30
0.0
 70
0
  0
VERTEX
  5
931
  8
CUT
 10
471.45330183165163
 20
861.6676091477362
 30
0.0
 70
0
  0
VERTEX
  5
932
  8
CUT
 10
470.9525917265543
 20
861.2014315254031
 30
0.0
 70
0
  0
VERTEX
  5
933
  8
CUT
 10
470.56241759787275
 20
860.6394739342824
 30
0.0
 70
0
  0
VERTEX
  5
934
  8
CUT
 10
470.30061284892156
 20
860.0074213586709
 30
0.0
 70
0
  0
VERTEX
  5
935
  8
CUT
 10
470.17914359773516
 20
859.3341625630158
 30
0.0
 70
0
  0
VERTEX
  5
936
  8
CUT
 10
470.20356175046896
 20
858.6504696943038
 30
0.0
 70
0
  0
VERTEX
  5
937
  8
CUT
 10
470.3727512444887
 20
857.987591802061
 30
0.0
 70
0
  0
VERTEX
  5
938
  8
CUT
 10
470.6789790594282
 20
857.3758265609202
 30
0.0
 70
0
  0
VERTEX
  5
939
  8
CUT
 10
471.108248664691
 20
856.8431354769813
 30
0.0
 70
0
  0
VERTEX
  5
93A
  8
CUT
 10
471.64093974863005
 20
856.4138658717184
 30
0.0
 70
0
  0
VERTEX
  5
93B
  8
CUT
 10
472.25270498977085
 20
856.107638056779
 30
0.0
 70
0
  0
VERTEX
  5
93C
  8
CUT
 10
472.91558288201344
 20
855.9384485627593
 30
0.0
 70
0
  0
VERTEX
  5
93D
  8
CUT
 10
473.5992757507255
 20
855.9140304100254
 30
0.0
 70
0
  0
VERTEX
  5
93E
  8
CUT
 10
474.27253454638054
 20
856.0354996612118
 30
0.0
 70
0
  0
VERTEX
  5
93F
  8
CUT
 10
474.90458712199217
 20
856.297304410163
 30
0.0
 70
0
  0
VERTEX
  5
940
  8
CUT
 10
475.4665447131129
 20
856.6874785388446
 30
0.0
 70
0
  0
VERTEX
  5
941
  8
CUT
 10
475.93272233544593
 20
857.1881886439419
 30
0.0
 70
0
  0
VERTEX
  5
942
  8
CUT
 10
476.2818127496224
 20
857.7765491351722
 30
0.0
 70
0
  0
VERTEX
  5
943
  8
CUT
 10
476.4978603355957
 20
858.4256682502087
 30
0.0
 70
0
  0
VERTEX
  5
944
  8
CUT
 10
476.57099036448795
 20
859.1058771767782
 30
0.0
 70
0
  0
SEQEND
  5
8E8
  8
CUT
  0
POLYLINE
  5
945
  8
CUT
 66
1
 10
0.0
 20
0.0
 30
0.0
 70
1
  0
VERTEX
  5
947
  8
CUT
 10
826.1419807289759
 20
702.0709903644879
 30
0.0
 70
0
  0
VERTEX
  5
948
  8
CUT
 10
826.0627112234172
 20
706.3599874940387
 30
0.0
 70
0
  0
VERTEX
  5
949
  8
CUT
 10
825.8250109793505
 20
710.6431263694171
 30
0.0
 70
0
  0
VERTEX
  5
94A
  8
CUT
 10
825.4292046667175
 20
714.9145567381211
 30
0.0
 70
0
  0
VERTEX
  5
94B
  8
CUT
 10
824.875832909331
 20
719.1684443400604
 30
0.0
 70
0
  0
VERTEX
  5
94C
  8
CUT
 10
824.1656515464489
 20
723.3989788764543
 30
0.0
 70
0
  0
VERTEX
  5
94D
  8
CUT
 10
823.2996306003879
 20
727.6003819460003
 30
0.0
 70
0
  0
VERTEX
  5
94E
  8
CUT
 10
822.2789529515899
 20
731.7669149374755
 30
0.0
 70
0
  0
VERTEX
  5
94F
  8
CUT
 10
821.1050127229502
 20
735.8928868679893
 30
0.0
 70
0
  0
VERTEX
  5
950
  8
CUT
 10
819.7794133756122
 20
739.9726621561815
 30
0.0
 70
0
  0
VERTEX
  5
951
  8
CUT
 10
818.3039655188335
 20
744.0006683197485
 30
0.0
 70
0
  0
VERTEX
  5
952
  8
CUT
 10
816.6806844369105
 20
747.9714035867838
 30
0.0
 70
0
  0
VERTEX
  5
953
  8
CUT
 10
814.9117873365432
 20
751.8794444105366
 30
0.0
 70
0
  0
VERTEX
  5
954
  8
CUT
 10
812.9996903183969
 20
755.7194528773246
 30
0.0
 70
0
  0
VERTEX
  5
955
  8
CUT
 10
810.9470050769999
 20
759.4861839974812
 30
0.0
 70
0
  0
VERTEX
  5
956
  8
CUT
 10
808.7565353334825
 20
763.174492869382
 30
0.0
 70
0
  0
VERTEX
  5
957
  8
CUT
 10
806.4312730060315
 20
766.7793417067597
 30
0.0
 70
0
  0
VERTEX
  5
958
  8
CUT
 10
803.9743941232895
 20
770.2958067197156
 30
0.0
 70
0
  0
VERTEX
  5
959
  8
CUT
 10
801.389254486282
 20
773.7190848400237
 30
0.0
 70
0
  0
VERTEX
  5
95A
  8
CUT
 10
798.6793850847971
 20
777.0445002815442
 30
0.0
 70
0
  0
VERTEX
  5
95B
  8
CUT
 10
795.8484872744777
 20
780.267510926785
 30
0.0
 70
0
  0
VERTEX
  5
95C
  8
CUT
 10
792.9004277212151
 20
783.3837145308879
 30
0.0
 70
0
  0
VERTEX
  5
95D
  8
CUT
 10
789.8392331197489
 20
786.3888547345656
 30
0.0
 70
0
  0
VERTEX
  5
95E
  8
CUT
 10
786.6690846936854
 20
789.2788268777763
 30
0.0
 70
0
  0
VERTEX
  5
95F
  8
CUT
 10
783.39431248445
 20
792.0496836061956
 30
0.0
 70
0
  0
VERTEX
  5
960
  8
CUT
 10
780.0193894369713
 20
794.6976402628279
 30
0.0
 70
0
  0
VERTEX
  5
961
  8
CUT
 10
776.5489252901759
 20
797.2190800573926
 30
0.0
 70
0
  0
VERTEX
  5
962
  8
CUT
 10
772.98766028064
 20
799.6105590064243
 30
0.0
 70
0
  0
VERTEX
  5
963
  8
CUT
 10
769.3404586679959
 20
801.8688106373401
 30
0.0
 70
0
  0
VERTEX
  5
964
  8
CUT
 10
765.6123020909394
 20
803.9907504500484
 30
0.0
 70
0
  0
VERTEX
  5
965
  8
CUT
 10
761.8082827629091
 20
805.9734801300046
 30
0.0
 70
0
  0
VERTEX
  5
966
  8
CUT
 10
757.9335965167371
 20
807.8142915069609
 30
0.0
 70
0
  0
VERTEX
  5
967
  8
CUT
 10
753.9935357077646
 20
809.510670254
 30
0.0
 70
0
  0
VERTEX
  5
968
  8
CUT
 10
749.9934819851226
 20
811.0602993218045
 30
0.0
 70
0
  0
VERTEX
  5
969
  8
CUT
 10
745.9388989410454
 20
812.4610621034661
 30
0.0
 70
0
  0
VERTEX
  5
96A
  8
CUT
 10
741.8353246482616
 20
813.7110453255176
 30
0.0
 70
0
  0
VERTEX
  5
96B
  8
CUT
 10
737.6883640956522
 20
814.8085416612331
 30
0.0
 70
0
  0
VERTEX
  5
96C
  8
CUT
 10
733.5036815325109
 20
815.7520520626314
 30
0.0
 70
0
  0
VERTEX
  5
96D
  8
CUT
 10
729.2869927318596
 20
816.5402878079955
 30
0.0
 70
0
  0
VERTEX
  5
96E
  8
CUT
 10
725.0440571833916
 20
817.172172262111
 30
0.0
 70
0
  0
VERTEX
  5
96F
  8
CUT
 10
720.7806702267
 20
817.6468423468202
 30
0.0
 70
0
  0
VERTEX
  5
970
  8
CUT
 10
716.5026551355415
 20
817.9636497198838
 30
0.0
 70
0
  0
VERTEX
  5
971
  8
CUT
 10
712.2158551639453
 20
818.1221616605377
 30
0.0
 70
0
  0
VERTEX
  5
972
  8
CUT
 10
707.9261255650305
 20
818.1221616605377
 30
0.0
 70
0
  0
VERTEX
  5
973
  8
CUT
 10
703.6393255934344
 20
817.9636497198838
 30
0.0
 70
0
  0
VERTEX
  5
974
  8
CUT
 10
699.3613105022758
 20
817.6468423468202
 30
0.0
 70
0
  0
VERTEX
  5
975
  8
CUT
 10
695.0979235455842
 20
817.172172262111
 30
0.0
 70
0
  0
VERTEX
  5
976
  8
CUT
 10
690.8549879971162
 20
816.5402878079955
 30
0.0
 70
0
  0
VERTEX
  5
977
  8
CUT
 10
686.6382991964649
 20
815.7520520626314
 30
0.0
 70
0
  0
VERTEX
  5
978
  8
CUT
 10
682.4536166333236
 20
814.8085416612331
 30
0.0
 70
0
  0
VERTEX
  5
979
  8
CUT
 10
678.3066560807142
 20
813.7110453255176
 30
0.0
 70
0
  0
VERTEX
  5
97A
  8
CUT
 10
674.2030817879304
 20
812.4610621034661
 30
0.0
 70
0
  0
VERTEX
  5
97B
  8
CUT
 10
670.1484987438532
 20
811.0602993218045
 30
0.0
 70
0
  0
VERTEX
  5
97C
  8
CUT
 10
666.1484450212112
 20
809.5106702540002
 30
0.0
 70
0
  0
VERTEX
  5
97D
  8
CUT
 10
662.2083842122387
 20
807.8142915069609
 30
0.0
 70
0
  0
VERTEX
  5
97E
  8
CUT
 10
658.3336979660667
 20
805.9734801300046
 30
0.0
 70
0
  0
VERTEX
  5
97F
  8
CUT
 10
654.5296786380364
 20
803.9907504500484
 30
0.0
 70
0
  0
VERTEX
  5
980
  8
CUT
 10
650.8015220609799
 20
801.8688106373402
 30
0.0
 70
0
  0
VERTEX
  5
981
  8
CUT
 10
647.1543204483359
 20
799.6105590064243
 30
0.0
 70
0
  0
VERTEX
  5
982
  8
CUT
 10
643.5930554387999
 20
797.2190800573926
 30
0.0
 70
0
  0
VERTEX
  5
983
  8
CUT
 10
640.1225912920046
 20
794.697640262828
 30
0.0
 70
0
  0
VERTEX
  5
984
  8
CUT
 10
636.7476682445258
 20
792.0496836061956
 30
0.0
 70
0
  0
VERTEX
  5
985
  8
CUT
 10
633.4728960352905
 20
789.2788268777763
 30
0.0
 70
0
  0
VERTEX
  5
986
  8
CUT
 10
630.302747609227
 20
786.3888547345656
 30
0.0
 70
0
  0
VERTEX
  5
987
  8
CUT
 10
627.2415530077607
 20
783.3837145308879
 30
0.0
 70
0
  0
VERTEX
  5
988
  8
CUT
 10
624.2934934544982
 20
780.267510926785
 30
0.0
 70
0
  0
VERTEX
  5
989
  8
CUT
 10
621.4625956441787
 20
777.0445002815442
 30
0.0
 70
0
  0
VERTEX
  5
98A
  8
CUT
 10
618.7527262426938
 20
773.7190848400237
 30
0.0
 70
0
  0
VERTEX
  5
98B
  8
CUT
 10
616.1675866056864
 20
770.2958067197156
 30
0.0
 70
0
  0
VERTEX
  5
98C
  8
CUT
 10
613.7107077229443
 20
766.7793417067597
 30
0.0
 70
0
  0
VERTEX
  5
98D
  8
CUT
 10
611.3854453954933
 20
763.174492869382
 30
0.0
 70
0
  0
VERTEX
  5
98E
  8
CUT
 10
609.1949756519759
 20
759.4861839974812
 30
0.0
 70
0
  0
VERTEX
  5
98F
  8
CUT
 10
607.1422904105789
 20
755.7194528773246
 30
0.0
 70
0
  0
VERTEX
  5
990
  8
CUT
 10
605.2301933924326
 20
751.8794444105366
 30
0.0
 70
0
  0
VERTEX
  5
991
  8
CUT
 10
603.4612962920653
 20
747.9714035867837
 30
0.0
 70
0
  0
VERTEX
  5
992
  8
CUT
 10
601.8380152101423
 20
744.0006683197485
 30
0.0
 70
0
  0
VERTEX
  5
993
  8
CUT
 10
600.3625673533636
 20
739.9726621561815
 30
0.0
 70
0
  0
VERTEX
  5
994
  8
CUT
 10
599.0369680060256
 20
735.8928868679893
 30
0.0
 70
0
  0
VERTEX
  5
995
  8
CUT
 10
597.8630277773859
 20
731.7669149374755
 30
0.0
 70
0
  0
VERTEX
  5
996
  8
CUT
 10
596.8423501285879
 20
727.6003819460003
 30
0.0
 70
0
  0
VERTEX
  5
997
  8
CUT
 10
595.9763291825269
 20
723.3989788764543
 30
0.0
 70
0
  0
VERTEX
  5
998
  8
CUT
 10
595.2661478196447
 20
719.1684443400604
 30
0.0
 70
0
  0
VERTEX
  5
999
  8
CUT
 10
594.7127760622583
 20
714.9145567381211
 30
0.0
 70
0
  0
VERTEX
  5
99A
  8
CUT
 10
594.3169697496253
 20
710.643126369417
 30
0.0
 70
0
  0
VERTEX
  5
99B
  8
CUT
 10
594.0792695055586
 20
706.3599874940387
 30
0.0
 70
0
  0
VERTEX
  5
99C
  8
CUT
 10
594.0
 20
702.0709903644879
 30
0.0
 70
0
  0
VERTEX
  5
99D
  8
CUT
 10
594.0792695055586
 20
697.7819932349371
 30
0.0
 70
0
  0
VERTEX
  5
99E
  8
CUT
 10
594.3169697496253
 20
693.4988543595588
 30
0.0
 70
0
  0
VERTEX
  5
99F
  8
CUT
 10
594.7127760622583
 20
689.2274239908547
 30
0.0
 70
0
  0
VERTEX
  5
9A0
  8
CUT
 10
595.2661478196447
 20
684.9735363889154
 30
0.0
 70
0
  0
VERTEX
  5
9A1
  8
CUT
 10
595.9763291825269
 20
680.7430018525215
 30
0.0
 70
0
  0
VERTEX
  5
9A2
  8
CUT
 10
596.8423501285879
 20
676.5415987829755
 30
0.0
 70
0
  0
VERTEX
  5
9A3
  8
CUT
 10
597.8630277773859
 20
672.3750657915003
 30
0.0
 70
0
  0
VERTEX
  5
9A4
  8
CUT
 10
599.0369680060256
 20
668.2490938609865
 30
0.0
 70
0
  0
VERTEX
  5
9A5
  8
CUT
 10
600.3625673533636
 20
664.1693185727943
 30
0.0
 70
0
  0
VERTEX
  5
9A6
  8
CUT
 10
601.8380152101423
 20
660.1413124092273
 30
0.0
 70
0
  0
VERTEX
  5
9A7
  8
CUT
 10
603.4612962920653
 20
656.1705771421921
 30
0.0
 70
0
  0
VERTEX
  5
9A8
  8
CUT
 10
605.2301933924326
 20
652.2625363184392
 30
0.0
 70
0
  0
VERTEX
  5
9A9
  8
CUT
 10
607.1422904105789
 20
648.4225278516514
 30
0.0
 70
0
  0
VERTEX
  5
9AA
  8
CUT
 10
609.1949756519759
 20
644.6557967314945
 30
0.0
 70
0
  0
VERTEX
  5
9AB
  8
CUT
 10
611.3854453954933
 20
640.9674878595938
 30
0.0
 70
0
  0
VERTEX
  5
9AC
  8
CUT
 10
613.7107077229443
 20
637.3626390222161
 30
0.0
 70
0
  0
VERTEX
  5
9AD
  8
CUT
 10
616.1675866056863
 20
633.8461740092602
 30
0.0
 70
0
  0
VERTEX
  5
9AE
  8
CUT
 10
618.7527262426938
 20
630.4228958889521
 30
0.0
 70
0
  0
VERTEX
  5
9AF
  8
CUT
 10
621.4625956441787
 20
627.0974804474316
 30
0.0
 70
0
  0
VERTEX
  5
9B0
  8
CUT
 10
624.293493454498
 20
623.8744698021908
 30
0.0
 70
0
  0
VERTEX
  5
9B1
  8
CUT
 10
627.2415530077607
 20
620.7582661980879
 30
0.0
 70
0
  0
VERTEX
  5
9B2
  8
CUT
 10
630.3027476092269
 20
617.7531259944102
 30
0.0
 70
0
  0
VERTEX
  5
9B3
  8
CUT
 10
633.4728960352904
 20
614.8631538511995
 30
0.0
 70
0
  0
VERTEX
  5
9B4
  8
CUT
 10
636.7476682445258
 20
612.0922971227802
 30
0.0
 70
0
  0
VERTEX
  5
9B5
  8
CUT
 10
640.1225912920045
 20
609.4443404661479
 30
0.0
 70
0
  0
VERTEX
  5
9B6
  8
CUT
 10
643.5930554387999
 20
606.9229006715832
 30
0.0
 70
0
  0
VERTEX
  5
9B7
  8
CUT
 10
647.1543204483359
 20
604.5314217225515
 30
0.0
 70
0
  0
VERTEX
  5
9B8
  8
CUT
 10
650.8015220609798
 20
602.2731700916357
 30
0.0
 70
0
  0
VERTEX
  5
9B9
  8
CUT
 10
654.5296786380364
 20
600.1512302789274
 30
0.0
 70
0
  0
VERTEX
  5
9BA
  8
CUT
 10
658.3336979660667
 20
598.1685005989711
 30
0.0
 70
0
  0
VERTEX
  5
9BB
  8
CUT
 10
662.2083842122387
 20
596.3276892220149
 30
0.0
 70
0
  0
VERTEX
  5
9BC
  8
CUT
 10
666.1484450212112
 20
594.6313104749756
 30
0.0
 70
0
  0
VERTEX
  5
9BD
  8
CUT
 10
670.1484987438532
 20
593.0816814071713
 30
0.0
 70
0
  0
VERTEX
  5
9BE
  8
CUT
 10
674.2030817879304
 20
591.6809186255097
 30
0.0
 70
0
  0
VERTEX
  5
9BF
  8
CUT
 10
678.3066560807142
 20
590.4309354034582
 30
0.0
 70
0
  0
VERTEX
  5
9C0
  8
CUT
 10
682.4536166333235
 20
589.3334390677428
 30
0.0
 70
0
  0
VERTEX
  5
9C1
  8
CUT
 10
686.6382991964649
 20
588.3899286663444
 30
0.0
 70
0
  0
VERTEX
  5
9C2
  8
CUT
 10
690.854987997116
 20
587.6016929209803
 30
0.0
 70
0
  0
VERTEX
  5
9C3
  8
CUT
 10
695.0979235455841
 20
586.969808466865
 30
0.0
 70
0
  0
VERTEX
  5
9C4
  8
CUT
 10
699.3613105022758
 20
586.4951383821556
 30
0.0
 70
0
  0
VERTEX
  5
9C5
  8
CUT
 10
703.6393255934343
 20
586.178331009092
 30
0.0
 70
0
  0
VERTEX
  5
9C6
  8
CUT
 10
707.9261255650305
 20
586.0198190684381
 30
0.0
 70
0
  0
VERTEX
  5
9C7
  8
CUT
 10
712.2158551639453
 20
586.0198190684381
 30
0.0
 70
0
  0
VERTEX
  5
9C8
  8
CUT
 10
716.5026551355414
 20
586.178331009092
 30
0.0
 70
0
  0
VERTEX
  5
9C9
  8
CUT
 10
720.7806702266998
 20
586.4951383821556
 30
0.0
 70
0
  0
VERTEX
  5
9CA
  8
CUT
 10
725.0440571833916
 20
586.9698084668648
 30
0.0
 70
0
  0
VERTEX
  5
9CB
  8
CUT
 10
729.2869927318598
 20
587.6016929209803
 30
0.0
 70
0
  0
VERTEX
  5
9CC
  8
CUT
 10
733.5036815325109
 20
588.3899286663444
 30
0.0
 70
0
  0
VERTEX
  5
9CD
  8
CUT
 10
737.6883640956522
 20
589.3334390677427
 30
0.0
 70
0
  0
VERTEX
  5
9CE
  8
CUT
 10
741.8353246482616
 20
590.4309354034582
 30
0.0
 70
0
  0
VERTEX
  5
9CF
  8
CUT
 10
745.9388989410454
 20
591.6809186255097
 30
0.0
 70
0
  0
VERTEX
  5
9D0
  8
CUT
 10
749.9934819851226
 20
593.0816814071713
 30
0.0
 70
0
  0
VERTEX
  5
9D1
  8
CUT
 10
753.9935357077646
 20
594.6313104749756
 30
0.0
 70
0
  0
VERTEX
  5
9D2
  8
CUT
 10
757.933596516737
 20
596.3276892220149
 30
0.0
 70
0
  0
VERTEX
  5
9D3
  8
CUT
 10
761.8082827629091
 20
598.1685005989711
 30
0.0
 70
0
  0
VERTEX
  5
9D4
  8
CUT
 10
765.6123020909392
 20
600.1512302789274
 30
0.0
 70
0
  0
VERTEX
  5
9D5
  8
CUT
 10
769.3404586679959
 20
602.2731700916356
 30
0.0
 70
0
  0
VERTEX
  5
9D6
  8
CUT
 10
772.98766028064
 20
604.5314217225515
 30
0.0
 70
0
  0
VERTEX
  5
9D7
  8
CUT
 10
776.5489252901758
 20
606.9229006715831
 30
0.0
 70
0
  0
VERTEX
  5
9D8
  8
CUT
 10
780.0193894369712
 20
609.4443404661478
 30
0.0
 70
0
  0
VERTEX
  5
9D9
  8
CUT
 10
783.39431248445
 20
612.0922971227802
 30
0.0
 70
0
  0
VERTEX
  5
9DA
  8
CUT
 10
786.6690846936852
 20
614.8631538511995
 30
0.0
 70
0
  0
VERTEX
  5
9DB
  8
CUT
 10
789.8392331197489
 20
617.7531259944102
 30
0.0
 70
0
  0
VERTEX
  5
9DC
  8
CUT
 10
792.9004277212152
 20
620.7582661980879
 30
0.0
 70
0
  0
VERTEX
  5
9DD
  8
CUT
 10
795.8484872744777
 20
623.8744698021909
 30
0.0
 70
0
  0
VERTEX
  5
9DE
  8
CUT
 10
798.6793850847971
 20
627.0974804474316
 30
0.0
 70
0
  0
VERTEX
  5
9DF
  8
CUT
 10
801.389254486282
 20
630.4228958889521
 30
0.0
 70
0
  0
VERTEX
  5
9E0
  8
CUT
 10
803.9743941232894
 20
633.84617400926
 30
0.0
 70
0
  0
VERTEX
  5
9E1
  8
CUT
 10
806.4312730060315
 20
637.362639022216
 30
0.0
 70
0
  0
VERTEX
  5
9E2
  8
CUT
 10
808.7565353334825
 20
640.9674878595937
 30
0.0
 70
0
  0
VERTEX
  5
9E3
  8
CUT
 10
810.9470050769999
 20
644.6557967314944
 30
0.0
 70
0
  0
VERTEX
  5
9E4
  8
CUT
 10
812.9996903183968
 20
648.4225278516512
 30
0.0
 70
0
  0
VERTEX
  5
9E5
  8
CUT
 10
814.9117873365431
 20
652.2625363184391
 30
0.0
 70
0
  0
VERTEX
  5
9E6
  8
CUT
 10
816.6806844369105
 20
656.170577142192
 30
0.0
 70
0
  0
VERTEX
  5
9E7
  8
CUT
 10
818.3039655188335
 20
660.1413124092273
 30
0.0
 70
0
  0
VERTEX
  5
9E8
  8
CUT
 10
819.7794133756122
 20
664.1693185727943
 30
0.0
 70
0
  0
VERTEX
  5
9E9
  8
CUT
 10
821.1050127229502
 20
668.2490938609865
 30
0.0
 70
0
  0
VERTEX
  5
9EA
  8
CUT
 10
822.2789529515899
 20
672.3750657915003
 30
0.0
 70
0
  0
VERTEX
  5
9EB
  8
CUT
 10
823.2996306003879
 20
676.5415987829756
 30
0.0
 70
0
  0
VERTEX
  5
9EC
  8
CUT
 10
824.1656515464489
 20
680.7430018525215
 30
0.0
 70
0
  0
VERTEX
  5
9ED
  8
CUT
 10
824.875832909331
 20
684.9735363889154
 30
0.0
 70
0
  0
VERTEX
  5
9EE
  8
CUT
 10
825.4292046667175
 20
689.2274239908547
 30
0.0
 70
0
  0
VERTEX
  5
9EF
  8
CUT
 10
825.8250109793505
 20
693.4988543595587
 30
0.0
 70
0
  0
VERTEX
  5
9F0
  8
CUT
 10
826.0627112234172
 20
697.7819932349371
 30
0.0
 70
0
  0
SEQEND
  5
946
  8
CUT
  0
POLYLINE
  5
9F1
  8
CUT
 66
1
 10
0.0
 20
0.0
 30
0.0
 70
1
  0
VERTEX
  5
9F3
  8
CUT
 10
655.9589890480408
 20
639.0494436050903
 30
0.0
 70
0
  0
VERTEX
  5
9F4
  8
CUT
 10
655.5297194427781
 20
638.5167525211513
 30
0.0
 70
0
  0
VERTEX
  5
9F5
  8
CUT
 10
655.2234916278386
 20
637.9049872800105
 30
0.0
 70
0
  0
VERTEX
  5
9F6
  8
CUT
 10
655.0543021338189
 20
637.2421093877679
 30
0.0
 70
0
  0
VERTEX
  5
9F7
  8
CUT
 10
655.0298839810849
 20
636.5584165190559
 30
0.0
 70
0
  0
VERTEX
  5
9F8
  8
CUT
 10
655.1513532322714
 20
635.8851577234009
 30
0.0
 70
0
  0
VERTEX
  5
9F9
  8
CUT
 10
655.4131579812226
 20
635.2531051477893
 30
0.0
 70
0
  0
VERTEX
  5
9FA
  8
CUT
 10
655.8033321099042
 20
634.6911475566685
 30
0.0
 70
0
  0
VERTEX
  5
9FB
  8
CUT
 10
656.3040422150015
 20
634.2249699343355
 30
0.0
 70
0
  0
VERTEX
  5
9FC
  8
CUT
 10
656.8924027062318
 20
633.875879520159
 30
0.0
 70
0
  0
VERTEX
  5
9FD
  8
CUT
 10
657.5415218212682
 20
633.6598319341857
 30
0.0
 70
0
  0
VERTEX
  5
9FE
  8
CUT
 10
658.2217307478378
 20
633.5867019052934
 30
0.0
 70
0
  0
VERTEX
  5
9FF
  8
CUT
 10
658.9019396744073
 20
633.6598319341857
 30
0.0
 70
0
  0
VERTEX
  5
A00
  8
CUT
 10
659.5510587894438
 20
633.875879520159
 30
0.0
 70
0
  0
VERTEX
  5
A01
  8
CUT
 10
660.1394192806741
 20
634.2249699343355
 30
0.0
 70
0
  0
VERTEX
  5
A02
  8
CUT
 10
660.6401293857714
 20
634.6911475566685
 30
0.0
 70
0
  0
VERTEX
  5
A03
  8
CUT
 10
661.030303514453
 20
635.2531051477893
 30
0.0
 70
0
  0
VERTEX
  5
A04
  8
CUT
 10
661.2921082634042
 20
635.8851577234009
 30
0.0
 70
0
  0
VERTEX
  5
A05
  8
CUT
 10
661.4135775145907
 20
636.5584165190559
 30
0.0
 70
0
  0
VERTEX
  5
A06
  8
CUT
 10
661.3891593618567
 20
637.2421093877679
 30
0.0
 70
0
  0
VERTEX
  5
A07
  8
CUT
 10
661.219969867837
 20
637.9049872800105
 30
0.0
 70
0
  0
VERTEX
  5
A08
  8
CUT
 10
660.9137420528975
 20
638.5167525211513
 30
0.0
 70
0
  0
VERTEX
  5
A09
  8
CUT
 10
660.4844724476347
 20
639.0494436050903
 30
0.0
 70
0
  0
VERTEX
  5
A0A
  8
CUT
 10
684.9503670766893
 20
663.5153382341449
 30
0.0
 70
0
  0
VERTEX
  5
A0B
  8
CUT
 10
685.4830581606284
 20
663.0860686288821
 30
0.0
 70
0
  0
VERTEX
  5
A0C
  8
CUT
 10
686.0948234017692
 20
662.7798408139427
 30
0.0
 70
0
  0
VERTEX
  5
A0D
  8
CUT
 10
686.7577012940118
 20
662.6106513199229
 30
0.0
 70
0
  0
VERTEX
  5
A0E
  8
CUT
 10
687.4413941627238
 20
662.586233167189
 30
0.0
 70
0
  0
VERTEX
  5
A0F
  8
CUT
 10
688.1146529583788
 20
662.7077024183754
 30
0.0
 70
0
  0
VERTEX
  5
A10
  8
CUT
 10
688.7467055339904
 20
662.9695071673267
 30
0.0
 70
0
  0
VERTEX
  5
A11
  8
CUT
 10
689.3086631251111
 20
663.3596812960083
 30
0.0
 70
0
  0
VERTEX
  5
A12
  8
CUT
 10
689.7748407474442
 20
663.8603914011055
 30
0.0
 70
0
  0
VERTEX
  5
A13
  8
CUT
 10
690.1239311616207
 20
664.4487518923358
 30
0.0
 70
0
  0
VERTEX
  5
A14
  8
CUT
 10
690.3399787475939
 20
665.0978710073723
 30
0.0
 70
0
  0
VERTEX
  5
A15
  8
CUT
 10
690.4131087764863
 20
665.7780799339419
 30
0.0
 70
0
  0
VERTEX
  5
A16
  8
CUT
 10
690.3399787475939
 20
666.4582888605114
 30
0.0
 70
0
  0
VERTEX
  5
A17
  8
CUT
 10
690.1239311616207
 20
667.1074079755479
 30
0.0
 70
0
  0
VERTEX
  5
A18
  8
CUT
 10
689.7748407474442
 20
667.6957684667782
 30
0.0
 70
0
  0
VERTEX
  5
A19
  8
CUT
 10
689.3086631251111
 20
668.1964785718754
 30
0.0
 70
0
  0
VERTEX
  5
A1A
  8
CUT
 10
688.7467055339904
 20
668.586652700557
 30
0.0
 70
0
  0
VERTEX
  5
A1B
  8
CUT
 10
688.1146529583788
 20
668.8484574495083
 30
0.0
 70
0
  0
VERTEX
  5
A1C
  8
CUT
 10
687.4413941627238
 20
668.9699267006947
 30
0.0
 70
0
  0
VERTEX
  5
A1D
  8
CUT
 10
686.7577012940118
 20
668.9455085479608
 30
0.0
 70
0
  0
VERTEX
  5
A1E
  8
CUT
 10
686.0948234017692
 20
668.776319053941
 30
0.0
 70
0
  0
VERTEX
  5
A1F
  8
CUT
 10
685.4830581606284
 20
668.4700912390016
 30
0.0
 70
0
  0
VERTEX
  5
A20
  8
CUT
 10
684.9503670766893
 20
668.0408216337388
 30
0.0
 70
0
  0
VERTEX
  5
A21
  8
CUT
 10
676.0408216337388
 20
676.9503670766893
 30
0.0
 70
0
  0
VERTEX
  5
A22
  8
CUT
 10
676.4700912390016
 20
677.4830581606284
 30
0.0
 70
0
  0
VERTEX
  5
A23
  8
CUT
 10
676.776319053941
 20
678.0948234017692
 30
0.0
 70
0
  0
VERTEX
  5
A24
  8
CUT
 10
676.9455085479608
 20
678.7577012940118
 30
0.0
 70
0
  0
VERTEX
  5
A25
  8
CUT
 10
676.9699267006947
 20
679.4413941627238
 30
0.0
 70
0
  0
VERTEX
  5
A26
  8
CUT
 10
676.8484574495083
 20
680.1146529583788
 30
0.0
 70
0
  0
VERTEX
  5
A27
  8
CUT
 10
676.586652700557
 20
680.7467055339904
 30
0.0
 70
0
  0
VERTEX
  5
A28
  8
CUT
 10
676.1964785718754
 20
681.3086631251111
 30
0.0
 70
0
  0
VERTEX
  5
A29
  8
CUT
 10
675.6957684667782
 20
681.7748407474442
 30
0.0
 70
0
  0
VERTEX
  5
A2A
  8
CUT
 10
675.1074079755479
 20
682.1239311616207
 30
0.0
 70
0
  0
VERTEX
  5
A2B
  8
CUT
 10
674.4582888605114
 20
682.3399787475939
 30
0.0
 70
0
  0
VERTEX
  5
A2C
  8
CUT
 10
673.7780799339419
 20
682.4131087764863
 30
0.0
 70
0
  0
VERTEX
  5
A2D
  8
CUT
 10
673.0978710073723
 20
682.3399787475939
 30
0.0
 70
0
  0
VERTEX
  5
A2E
  8
CUT
 10
672.4487518923358
 20
682.1239311616207
 30
0.0
 70
0
  0
VERTEX
  5
A2F
  8
CUT
 10
671.8603914011055
 20
681.7748407474442
 30
0.0
 70
0
  0
VERTEX
  5
A30
  8
CUT
 10
671.3596812960083
 20
681.3086631251111
 30
0.0
 70
0
  0
VERTEX
  5
A31
  8
CUT
 10
670.9695071673267
 20
680.7467055339904
 30
0.0
 70
0
  0
VERTEX
  5
A32
  8
CUT
 10
670.7077024183754
 20
680.1146529583788
 30
0.0
 70
0
  0
VERTEX
  5
A33
  8
CUT
 10
670.586233167189
 20
679.4413941627238
 30
0.0
 70
0
  0
VERTEX
  5
A34
  8
CUT
 10
670.6106513199229
 20
678.7577012940118
 30
0.0
 70
0
  0
VERTEX
  5
A35
  8
CUT
 10
670.7798408139427
 20
678.0948234017692
 30
0.0
 70
0
  0
VERTEX
  5
A36
  8
CUT
 10
671.0860686288821
 20
677.4830581606284
 30
0.0
 70
0
  0
VERTEX
  5
A37
  8
CUT
 10
671.5153382341449
 20
676.9503670766893
 30
0.0
 70
0
  0
VERTEX
  5
A38
  8
CUT
 10
647.0494436050903
 20
652.4844724476347
 30
0.0
 70
0
  0
VERTEX
  5
A39
  8
CUT
 10
646.5167525211513
 20
652.9137420528975
 30
0.0
 70
0
  0
VERTEX
  5
A3A
  8
CUT
 10
645.9049872800105
 20
653.219969867837
 30
0.0
 70
0
  0
VERTEX
  5
A3B
  8
CUT
 10
645.2421093877679
 20
653.3891593618567
 30
0.0
 70
0
  0
VERTEX
  5
A3C
  8
CUT
 10
644.5584165190559
 20
653.4135775145907
 30
0.0
 70
0
  0
VERTEX
  5
A3D
  8
CUT
 10
643.8851577234009
 20
653.2921082634042
 30
0.0
 70
0
  0
VERTEX
  5
A3E
  8
CUT
 10
643.2531051477893
 20
653.030303514453
 30
0.0
 70
0
  0
VERTEX
  5
A3F
  8
CUT
 10
642.6911475566685
 20
652.6401293857714
 30
0.0
 70
0
  0
VERTEX
  5
A40
  8
CUT
 10
642.2249699343355
 20
652.1394192806741
 30
0.0
 70
0
  0
VERTEX
  5
A41
  8
CUT
 10
641.875879520159
 20
651.5510587894438
 30
0.0
 70
0
  0
VERTEX
  5
A42
  8
CUT
 10
641.6598319341857
 20
650.9019396744073
 30
0.0
 70
0
  0
VERTEX
  5
A43
  8
CUT
 10
641.5867019052934
 20
650.2217307478378
 30
0.0
 70
0
  0
VERTEX
  5
A44
  8
CUT
 10
641.6598319341857
 20
649.5415218212682
 30
0.0
 70
0
  0
VERTEX
  5
A45
  8
CUT
 10
641.875879520159
 20
648.8924027062318
 30
0.0
 70
0
  0
VERTEX
  5
A46
  8
CUT
 10
642.2249699343355
 20
648.3040422150015
 30
0.0
 70
0
  0
VERTEX
  5
A47
  8
CUT
 10
642.6911475566685
 20
647.8033321099042
 30
0.0
 70
0
  0
VERTEX
  5
A48
  8
CUT
 10
643.2531051477893
 20
647.4131579812226
 30
0.0
 70
0
  0
VERTEX
  5
A49
  8
CUT
 10
643.8851577234009
 20
647.1513532322714
 30
0.0
 70
0
  0
VERTEX
  5
A4A
  8
CUT
 10
644.5584165190559
 20
647.0298839810849
 30
0.0
 70
0
  0
VERTEX
  5
A4B
  8
CUT
 10
645.2421093877679
 20
647.0543021338189
 30
0.0
 70
0
  0
VERTEX
  5
A4C
  8
CUT
 10
645.9049872800105
 20
647.2234916278386
 30
0.0
 70
0
  0
VERTEX
  5
A4D
  8
CUT
 10
646.5167525211513
 20
647.5297194427781
 30
0.0
 70
0
  0
VERTEX
  5
A4E
  8
CUT
 10
647.0494436050903
 20
647.9589890480408
 30
0.0
 70
0
  0
SEQEND
  5
9F2
  8
CUT
  0
POLYLINE
  5
A4F
  8
CUT
 66
1
 10
0.0
 20
0.0
 30
0.0
 70
1
  0
VERTEX
  5
A51
  8
CUT
 10
744.1011590952371
 20
727.1916136522866
 30
0.0
 70
0
  0
VERTEX
  5
A52
  8
CUT
 10
743.6718894899743
 20
726.6589225683475
 30
0.0
 70
0
  0
VERTEX
  5
A53
  8
CUT
 10
743.3656616750349
 20
726.0471573272067
 30
0.0
 70
0
  0
VERTEX
  5
A54
  8
CUT
 10
743.1964721810151
 20
725.3842794349641
 30
0.0
 70
0
  0
VERTEX
  5
A55
  8
CUT
 10
743.1720540282812
 20
724.7005865662521
 30
0.0
 70
0
  0
VERTEX
  5
A56
  8
CUT
 10
743.2935232794676
 20
724.0273277705971
 30
0.0
 70
0
  0
VERTEX
  5
A57
  8
CUT
 10
743.5553280284189
 20
723.3952751949855
 30
0.0
 70
0
  0
VERTEX
  5
A58
  8
CUT
 10
743.9455021571005
 20
722.8333176038648
 30
0.0
 70
0
  0
VERTEX
  5
A59
  8
CUT
 10
744.4462122621977
 20
722.3671399815317
 30
0.0
 70
0
  0
VERTEX
  5
A5A
  8
CUT
 10
745.034572753428
 20
722.0180495673552
 30
0.0
 70
0
  0
VERTEX
  5
A5B
  8
CUT
 10
745.6836918684645
 20
721.802001981382
 30
0.0
 70
0
  0
VERTEX
  5
A5C
  8
CUT
 10
746.363900795034
 20
721.7288719524896
 30
0.0
 70
0
  0
VERTEX
  5
A5D
  8
CUT
 10
747.0441097216036
 20
721.802001981382
 30
0.0
 70
0
  0
VERTEX
  5
A5E
  8
CUT
 10
747.6932288366401
 20
722.0180495673552
 30
0.0
 70
0
  0
VERTEX
  5
A5F
  8
CUT
 10
748.2815893278704
 20
722.3671399815317
 30
0.0
 70
0
  0
VERTEX
  5
A60
  8
CUT
 10
748.7822994329676
 20
722.8333176038648
 30
0.0
 70
0
  0
VERTEX
  5
A61
  8
CUT
 10
749.1724735616492
 20
723.3952751949855
 30
0.0
 70
0
  0
VERTEX
  5
A62
  8
CUT
 10
749.4342783106005
 20
724.0273277705971
 30
0.0
 70
0
  0
VERTEX
  5
A63
  8
CUT
 10
749.5557475617869
 20
724.7005865662521
 30
0.0
 70
0
  0
VERTEX
  5
A64
  8
CUT
 10
749.531329409053
 20
725.3842794349641
 30
0.0
 70
0
  0
VERTEX
  5
A65
  8
CUT
 10
749.3621399150333
 20
726.0471573272067
 30
0.0
 70
0
  0
VERTEX
  5
A66
  8
CUT
 10
749.0559121000938
 20
726.6589225683475
 30
0.0
 70
0
  0
VERTEX
  5
A67
  8
CUT
 10
748.626642494831
 20
727.1916136522866
 30
0.0
 70
0
  0
VERTEX
  5
A68
  8
CUT
 10
773.0925371238856
 20
751.6575082813412
 30
0.0
 70
0
  0
VERTEX
  5
A69
  8
CUT
 10
773.6252282078246
 20
751.2282386760784
 30
0.0
 70
0
  0
VERTEX
  5
A6A
  8
CUT
 10
774.2369934489654
 20
750.9220108611389
 30
0.0
 70
0
  0
VERTEX
  5
A6B
  8
CUT
 10
774.899871341208
 20
750.7528213671192
 30
0.0
 70
0
  0
VERTEX
  5
A6C
  8
CUT
 10
775.58356420992
 20
750.7284032143853
 30
0.0
 70
0
  0
VERTEX
  5
A6D
  8
CUT
 10
776.256823005575
 20
750.8498724655717
 30
0.0
 70
0
  0
VERTEX
  5
A6E
  8
CUT
 10
776.8888755811867
 20
751.111677214523
 30
0.0
 70
0
  0
VERTEX
  5
A6F
  8
CUT
 10
777.4508331723074
 20
751.5018513432045
 30
0.0
 70
0
  0
VERTEX
  5
A70
  8
CUT
 10
777.9170107946404
 20
752.0025614483018
 30
0.0
 70
0
  0
VERTEX
  5
A71
  8
CUT
 10
778.266101208817
 20
752.5909219395321
 30
0.0
 70
0
  0
VERTEX
  5
A72
  8
CUT
 10
778.4821487947902
 20
753.2400410545686
 30
0.0
 70
0
  0
VERTEX
  5
A73
  8
CUT
 10
778.5552788236826
 20
753.9202499811381
 30
0.0
 70
0
  0
VERTEX
  5
A74
  8
CUT
 10
778.4821487947902
 20
754.6004589077077
 30
0.0
 70
0
  0
VERTEX
  5
A75
  8
CUT
 10
778.266101208817
 20
755.2495780227441
 30
0.0
 70
0
  0
VERTEX
  5
A76
  8
CUT
 10
777.9170107946404
 20
755.8379385139744
 30
0.0
 70
0
  0
VERTEX
  5
A77
  8
CUT
 10
777.4508331723074
 20
756.3386486190717
 30
0.0
 70
0
  0
VERTEX
  5
A78
  8
CUT
 10
776.8888755811867
 20
756.7288227477533
 30
0.0
 70
0
  0
VERTEX
  5
A79
  8
CUT
 10
776.256823005575
 20
756.9906274967045
 30
0.0
 70
0
  0
VERTEX
  5
A7A
  8
CUT
 10
775.58356420992
 20
757.112096747891
 30
0.0
 70
0
  0
VERTEX
  5
A7B
  8
CUT
 10
774.899871341208
 20
757.0876785951571
 30
0.0
 70
0
  0
VERTEX
  5
A7C
  8
CUT
 10
774.2369934489654
 20
756.9184891011373
 30
0.0
 70
0
  0
VERTEX
  5
A7D
  8
CUT
 10
773.6252282078246
 20
756.6122612861978
 30
0.0
 70
0
  0
VERTEX
  5
A7E
  8
CUT
 10
773.0925371238856
 20
756.1829916809351
 30
0.0
 70
0
  0
VERTEX
  5
A7F
  8
CUT
 10
764.1829916809351
 20
765.0925371238856
 30
0.0
 70
0
  0
VERTEX
  5
A80
  8
CUT
 10
764.6122612861978
 20
765.6252282078246
 30
0.0
 70
0
  0
VERTEX
  5
A81
  8
CUT
 10
764.9184891011373
 20
766.2369934489654
 30
0.0
 70
0
  0
VERTEX
  5
A82
  8
CUT
 10
765.0876785951571
 20
766.899871341208
 30
0.0
 70
0
  0
VERTEX
  5
A83
  8
CUT
 10
765.112096747891
 20
767.58356420992
 30
0.0
 70
0
  0
VERTEX
  5
A84
  8
CUT
 10
764.9906274967045
 20
768.256823005575
 30
0.0
 70
0
  0
VERTEX
  5
A85
  8
CUT
 10
764.7288227477533
 20
768.8888755811867
 30
0.0
 70
0
  0
VERTEX
  5
A86
  8
CUT
 10
764.3386486190717
 20
769.4508331723074
 30
0.0
 70
0
  0
VERTEX
  5
A87
  8
CUT
 10
763.8379385139744
 20
769.9170107946404
 30
0.0
 70
0
  0
VERTEX
  5
A88
  8
CUT
 10
763.2495780227441
 20
770.266101208817
 30
0.0
 70
0
  0
VERTEX
  5
A89
  8
CUT
 10
762.6004589077077
 20
770.4821487947902
 30
0.0
 70
0
  0
VERTEX
  5
A8A
  8
CUT
 10
761.9202499811381
 20
770.5552788236826
 30
0.0
 70
0
  0
VERTEX
  5
A8B
  8
CUT
 10
761.2400410545686
 20
770.4821487947902
 30
0.0
 70
0
  0
VERTEX
  5
A8C
  8
CUT
 10
760.5909219395321
 20
770.266101208817
 30
0.0
 70
0
  0
VERTEX
  5
A8D
  8
CUT
 10
760.0025614483018
 20
769.9170107946404
 30
0.0
 70
0
  0
VERTEX
  5
A8E
  8
CUT
 10
759.5018513432045
 20
769.4508331723074
 30
0.0
 70
0
  0
VERTEX
  5
A8F
  8
CUT
 10
759.111677214523
 20
768.8888755811867
 30
0.0
 70
0
  0
VERTEX
  5
A90
  8
CUT
 10
758.8498724655717
 20
768.256823005575
 30
0.0
 70
0
  0
VERTEX
  5
A91
  8
CUT
 10
758.7284032143853
 20
767.58356420992
 30
0.0
 70
0
  0
VERTEX
  5
A92
  8
CUT
 10
758.7528213671192
 20
766.899871341208
 30
0.0
 70
0
  0
VERTEX
  5
A93
  8
CUT
 10
758.9220108611389
 20
766.2369934489654
 30
0.0
 70
0
  0
VERTEX
  5
A94
  8
CUT
 10
759.2282386760784
 20
765.6252282078246
 30
0.0
 70
0
  0
VERTEX
  5
A95
  8
CUT
 10
759.6575082813412
 20
765.0925371238856
 30
0.0
 70
0
  0
VERTEX
  5
A96
  8
CUT
 10
735.1916136522866
 20
740.626642494831
 30
0.0
 70
0
  0
VERTEX
  5
A97
  8
CUT
 10
734.6589225683475
 20
741.0559121000938
 30
0.0
 70
0
  0
VERTEX
  5
A98
  8
CUT
 10
734.0471573272067
 20
741.3621399150333
 30
0.0
 70
0
  0
VERTEX
  5
A99
  8
CUT
 10
733.3842794349641
 20
741.531329409053
 30
0.0
 70
0
  0
VERTEX
  5
A9A
  8
CUT
 10
732.7005865662521
 20
741.5557475617869
 30
0.0
 70
0
  0
VERTEX
  5
A9B
  8
CUT
 10
732.0273277705971
 20
741.4342783106005
 30
0.0
 70
0
  0
VERTEX
  5
A9C
  8
CUT
 10
731.3952751949855
 20
741.1724735616492
 30
0.0
 70
0
  0
VERTEX
  5
A9D
  8
CUT
 10
730.8333176038648
 20
740.7822994329676
 30
0.0
 70
0
  0
VERTEX
  5
A9E
  8
CUT
 10
730.3671399815317
 20
740.2815893278704
 30
0.0
 70
0
  0
VERTEX
  5
A9F
  8
CUT
 10
730.0180495673552
 20
739.6932288366401
 30
0.0
 70
0
  0
VERTEX
  5
AA0
  8
CUT
 10
729.802001981382
 20
739.0441097216036
 30
0.0
 70
0
  0
VERTEX
  5
AA1
  8
CUT
 10
729.7288719524896
 20
738.363900795034
 30
0.0
 70
0
  0
VERTEX
  5
AA2
  8
CUT
 10
729.802001981382
 20
737.6836918684645
 30
0.0
 70
0
  0
VERTEX
  5
AA3
  8
CUT
 10
730.0180495673552
 20
737.034572753428
 30
0.0
 70
0
  0
VERTEX
  5
AA4
  8
CUT
 10
730.3671399815317
 20
736.4462122621977
 30
0.0
 70
0
  0
VERTEX
  5
AA5
  8
CUT
 10
730.8333176038648
 20
735.9455021571005
 30
0.0
 70
0
  0
VERTEX
  5
AA6
  8
CUT
 10
731.3952751949855
 20
735.5553280284189
 30
0.0
 70
0
  0
VERTEX
  5
AA7
  8
CUT
 10
732.0273277705971
 20
735.2935232794676
 30
0.0
 70
0
  0
VERTEX
  5
AA8
  8
CUT
 10
732.7005865662521
 20
735.1720540282812
 30
0.0
 70
0
  0
VERTEX
  5
AA9
  8
CUT
 10
733.3842794349641
 20
735.1964721810151
 30
0.0
 70
0
  0
VERTEX
  5
AAA
  8
CUT
 10
734.0471573272067
 20
735.3656616750349
 30
0.0
 70
0
  0
VERTEX
  5
AAB
  8
CUT
 10
734.6589225683475
 20
735.6718894899743
 30
0.0
 70
0
  0
VERTEX
  5
AAC
  8
CUT
 10
735.1916136522866
 20
736.1011590952371
 30
0.0
 70
0
  0
SEQEND
  5
A50
  8
CUT
  0
POLYLINE
  5
AAD
  8
CUT
 66
1
 10
0.0
 20
0.0
 30
0.0
 70
1
  0
VERTEX
  5
AAF
  8
CUT
 10
773.0925371238856
 20
647.9589890480408
 30
0.0
 70
0
  0
VERTEX
  5
AB0
  8
CUT
 10
773.6252282078246
 20
647.5297194427781
 30
0.0
 70
0
  0
VERTEX
  5
AB1
  8
CUT
 10
774.2369934489654
 20
647.2234916278386
 30
0.0
 70
0
  0
VERTEX
  5
AB2
  8
CUT
 10
774.899871341208
 20
647.0543021338189
 30
0.0
 70
0
  0
VERTEX
  5
AB3
  8
CUT
 10
775.58356420992
 20
647.0298839810849
 30
0.0
 70
0
  0
VERTEX
  5
AB4
  8
CUT
 10
776.256823005575
 20
647.1513532322714
 30
0.0
 70
0
  0
VERTEX
  5
AB5
  8
CUT
 10
776.8888755811867
 20
647.4131579812226
 30
0.0
 70
0
  0
VERTEX
  5
AB6
  8
CUT
 10
777.4508331723074
 20
647.8033321099042
 30
0.0
 70
0
  0
VERTEX
  5
AB7
  8
CUT
 10
777.9170107946404
 20
648.3040422150015
 30
0.0
 70
0
  0
VERTEX
  5
AB8
  8
CUT
 10
778.266101208817
 20
648.8924027062318
 30
0.0
 70
0
  0
VERTEX
  5
AB9
  8
CUT
 10
778.4821487947902
 20
649.5415218212682
 30
0.0
 70
0
  0
VERTEX
  5
ABA
  8
CUT
 10
778.5552788236826
 20
650.2217307478378
 30
0.0
 70
0
  0
VERTEX
  5
ABB
  8
CUT
 10
778.4821487947902
 20
650.9019396744073
 30
0.0
 70
0
  0
VERTEX
  5
ABC
  8
CUT
 10
778.266101208817
 20
651.5510587894438
 30
0.0
 70
0
  0
VERTEX
  5
ABD
  8
CUT
 10
777.9170107946404
 20
652.1394192806741
 30
0.0
 70
0
  0
VERTEX
  5
ABE
  8
CUT
 10
777.4508331723074
 20
652.6401293857714
 30
0.0
 70
0
  0
VERTEX
  5
ABF
  8
CUT
 10
776.8888755811867
 20
653.030303514453
 30
0.0
 70
0
  0
VERTEX
  5
AC0
  8
CUT
 10
776.256823005575
 20
653.2921082634042
 30
0.0
 70
0
  0
VERTEX
  5
AC1
  8
CUT
 10
775.58356420992
 20
653.4135775145907
 30
0.0
 70
0
  0
VERTEX
  5
AC2
  8
CUT
 10
774.899871341208
 20
653.3891593618567
 30
0.0
 70
0
  0
VERTEX
  5
AC3
  8
CUT
 10
774.2369934489654
 20
653.219969867837
 30
0.0
 70
0
  0
VERTEX
  5
AC4
  8
CUT
 10
773.6252282078246
 20
652.9137420528975
 30
0.0
 70
0
  0
VERTEX
  5
AC5
  8
CUT
 10
773.0925371238856
 20
652.4844724476347
 30
0.0
 70
0
  0
VERTEX
  5
AC6
  8
CUT
 10
748.626642494831
 20
676.9503670766893
 30
0.0
 70
0
  0
VERTEX
  5
AC7
  8
CUT
 10
749.0559121000938
 20
677.4830581606284
 30
0.0
 70
0
  0
VERTEX
  5
AC8
  8
CUT
 10
749.3621399150333
 20
678.0948234017692
 30
0.0
 70
0
  0
VERTEX
  5
AC9
  8
CUT
 10
749.531329409053
 20
678.7577012940118
 30
0.0
 70
0
  0
VERTEX
  5
ACA
  8
CUT
 10
749.5557475617869
 20
679.4413941627238
 30
0.0
 70
0
  0
VERTEX
  5
ACB
  8
CUT
 10
749.4342783106005
 20
680.1146529583788
 30
0.0
 70
0
  0
VERTEX
  5
ACC
  8
CUT
 10
749.1724735616492
 20
680.7467055339904
 30
0.0
 70
0
  0
VERTEX
  5
ACD
  8
CUT
 10
748.7822994329676
 20
681.3086631251111
 30
0.0
 70
0
  0
VERTEX
  5
ACE
  8
CUT
 10
748.2815893278704
 20
681.7748407474442
 30
0.0
 70
0
  0
VERTEX
  5
ACF
  8
CUT
 10
747.6932288366401
 20
682.1239311616207
 30
0.0
 70
0
  0
VERTEX
  5
AD0
  8
CUT
 10
747.0441097216036
 20
682.3399787475939
 30
0.0
 70
0
  0
VERTEX
  5
AD1
  8
CUT
 10
746.363900795034
 20
682.4131087764863
 30
0.0
 70
0
  0
VERTEX
  5
AD2
  8
CUT
 10
745.6836918684645
 20
682.3399787475939
 30
0.0
 70
0
  0
VERTEX
  5
AD3
  8
CUT
 10
745.034572753428
 20
682.1239311616207
 30
0.0
 70
0
  0
VERTEX
  5
AD4
  8
CUT
 10
744.4462122621977
 20
681.7748407474442
 30
0.0
 70
0
  0
VERTEX
  5
AD5
  8
CUT
 10
743.9455021571005
 20
681.3086631251111
 30
0.0
 70
0
  0
VERTEX
  5
AD6
  8
CUT
 10
743.5553280284189
 20
680.7467055339904
 30
0.0
 70
0
  0
VERTEX
  5
AD7
  8
CUT
 10
743.2935232794676
 20
680.1146529583788
 30
0.0
 70
0
  0
VERTEX
  5
AD8
  8
CUT
 10
743.1720540282812
 20
679.4413941627238
 30
0.0
 70
0
  0
VERTEX
  5
AD9
  8
CUT
 10
743.1964721810151
 20
678.7577012940118
 30
0.0
 70
0
  0
VERTEX
  5
ADA
  8
CUT
 10
743.3656616750349
 20
678.0948234017692
 30
0.0
 70
0
  0
VERTEX
  5
ADB
  8
CUT
 10
743.6718894899743
 20
677.4830581606284
 30
0.0
 70
0
  0
VERTEX
  5
ADC
  8
CUT
 10
744.1011590952371
 20
676.9503670766893
 30
0.0
 70
0
  0
VERTEX
  5
ADD
  8
CUT
 10
735.1916136522866
 20
668.0408216337388
 30
0.0
 70
0
  0
VERTEX
  5
ADE
  8
CUT
 10
734.6589225683475
 20
668.4700912390016
 30
0.0
 70
0
  0
VERTEX
  5
ADF
  8
CUT
 10
734.0471573272067
 20
668.776319053941
 30
0.0
 70
0
  0
VERTEX
  5
AE0
  8
CUT
 10
733.3842794349641
 20
668.9455085479608
 30
0.0
 70
0
  0
VERTEX
  5
AE1
  8
CUT
 10
732.7005865662521
 20
668.9699267006947
 30
0.0
 70
0
  0
VERTEX
  5
AE2
  8
CUT
 10
732.0273277705971
 20
668.8484574495083
 30
0.0
 70
0
  0
VERTEX
  5
AE3
  8
CUT
 10
731.3952751949855
 20
668.586652700557
 30
0.0
 70
0
  0
VERTEX
  5
AE4
  8
CUT
 10
730.8333176038648
 20
668.1964785718754
 30
0.0
 70
0
  0
VERTEX
  5
AE5
  8
CUT
 10
730.3671399815317
 20
667.6957684667782
 30
0.0
 70
0
  0
VERTEX
  5
AE6
  8
CUT
 10
730.0180495673552
 20
667.1074079755479
 30
0.0
 70
0
  0
VERTEX
  5
AE7
  8
CUT
 10
729.802001981382
 20
666.4582888605114
 30
0.0
 70
0
  0
VERTEX
  5
AE8
  8
CUT
 10
729.7288719524896
 20
665.7780799339419
 30
0.0
 70
0
  0
VERTEX
  5
AE9
  8
CUT
 10
729.802001981382
 20
665.0978710073723
 30
0.0
 70
0
  0
VERTEX
  5
AEA
  8
CUT
 10
730.0180495673552
 20
664.4487518923358
 30
0.0
 70
0
  0
VERTEX
  5
AEB
  8
CUT
 10
730.3671399815317
 20
663.8603914011055
 30
0.0
 70
0
  0
VERTEX
  5
AEC
  8
CUT
 10
730.8333176038648
 20
663.3596812960083
 30
0.0
 70
0
  0
VERTEX
  5
AED
  8
CUT
 10
731.3952751949855
 20
662.9695071673267
 30
0.0
 70
0
  0
VERTEX
  5
AEE
  8
CUT
 10
732.0273277705971
 20
662.7077024183754
 30
0.0
 70
0
  0
VERTEX
  5
AEF
  8
CUT
 10
732.7005865662521
 20
662.586233167189
 30
0.0
 70
0
  0
VERTEX
  5
AF0
  8
CUT
 10
733.3842794349641
 20
662.6106513199229
 30
0.0
 70
0
  0
VERTEX
  5
AF1
  8
CUT
 10
734.0471573272067
 20
662.7798408139427
 30
0.0
 70
0
  0
VERTEX
  5
AF2
  8
CUT
 10
734.6589225683475
 20
663.0860686288821
 30
0.0
 70
0
  0
VERTEX
  5
AF3
  8
CUT
 10
735.1916136522866
 20
663.5153382341449
 30
0.0
 70
0
  0
VERTEX
  5
AF4
  8
CUT
 10
759.6575082813412
 20
639.0494436050903
 30
0.0
 70
0
  0
VERTEX
  5
AF5
  8
CUT
 10
759.2282386760784
 20
638.5167525211513
 30
0.0
 70
0
  0
VERTEX
  5
AF6
  8
CUT
 10
758.9220108611389
 20
637.9049872800105
 30
0.0
 70
0
  0
VERTEX
  5
AF7
  8
CUT
 10
758.7528213671192
 20
637.2421093877679
 30
0.0
 70
0
  0
VERTEX
  5
AF8
  8
CUT
 10
758.7284032143853
 20
636.5584165190559
 30
0.0
 70
0
  0
VERTEX
  5
AF9
  8
CUT
 10
758.8498724655717
 20
635.8851577234009
 30
0.0
 70
0
  0
VERTEX
  5
AFA
  8
CUT
 10
759.111677214523
 20
635.2531051477893
 30
0.0
 70
0
  0
VERTEX
  5
AFB
  8
CUT
 10
759.5018513432045
 20
634.6911475566685
 30
0.0
 70
0
  0
VERTEX
  5
AFC
  8
CUT
 10
760.0025614483018
 20
634.2249699343355
 30
0.0
 70
0
  0
VERTEX
  5
AFD
  8
CUT
 10
760.5909219395321
 20
633.875879520159
 30
0.0
 70
0
  0
VERTEX
  5
AFE
  8
CUT
 10
761.2400410545686
 20
633.6598319341857
 30
0.0
 70
0
  0
VERTEX
  5
AFF
  8
CUT
 10
761.9202499811381
 20
633.5867019052934
 30
0.0
 70
0
  0
VERTEX
  5
B00
  8
CUT
 10
762.6004589077077
 20
633.6598319341857
 30
0.0
 70
0
  0
VERTEX
  5
B01
  8
CUT
 10
763.2495780227441
 20
633.875879520159
 30
0.0
 70
0
  0
VERTEX
  5
B02
  8
CUT
 10
763.8379385139744
 20
634.2249699343355
 30
0.0
 70
0
  0
VERTEX
  5
B03
  8
CUT
 10
764.3386486190717
 20
634.6911475566685
 30
0.0
 70
0
  0
VERTEX
  5
B04
  8
CUT
 10
764.7288227477533
 20
635.2531051477893
 30
0.0
 70
0
  0
VERTEX
  5
B05
  8
CUT
 10
764.9906274967045
 20
635.8851577234009
 30
0.0
 70
0
  0
VERTEX
  5
B06
  8
CUT
 10
765.112096747891
 20
636.5584165190559
 30
0.0
 70
0
  0
VERTEX
  5
B07
  8
CUT
 10
765.0876785951571
 20
637.2421093877679
 30
0.0
 70
0
  0
VERTEX
  5
B08
  8
CUT
 10
764.9184891011373
 20
637.9049872800105
 30
0.0
 70
0
  0
VERTEX
  5
B09
  8
CUT
 10
764.6122612861978
 20
638.5167525211513
 30
0.0
 70
0
  0
VERTEX
  5
B0A
  8
CUT
 10
764.1829916809351
 20
639.0494436050903
 30
0.0
 70
0
  0
SEQEND
  5
AAE
  8
CUT
  0
POLYLINE
  5
B0B
  8
CUT
 66
1
 10
0.0
 20
0.0
 30
0.0
 70
1
  0
VERTEX
  5
B0D
  8
CUT
 10
684.9503670766893
 20
736.1011590952371
 30
0.0
 70
0
  0
VERTEX
  5
B0E
  8
CUT
 10
685.4830581606284
 20
735.6718894899743
 30
0.0
 70
0
  0
VERTEX
  5
B0F
  8
CUT
 10
686.0948234017692
 20
735.3656616750349
 30
0.0
 70
0
  0
VERTEX
  5
B10
  8
CUT
 10
686.7577012940118
 20
735.1964721810151
 30
0.0
 70
0
  0
VERTEX
  5
B11
  8
CUT
 10
687.4413941627238
 20
735.1720540282812
 30
0.0
 70
0
  0
VERTEX
  5
B12
  8
CUT
 10
688.1146529583788
 20
735.2935232794676
 30
0.0
 70
0
  0
VERTEX
  5
B13
  8
CUT
 10
688.7467055339904
 20
735.5553280284189
 30
0.0
 70
0
  0
VERTEX
  5
B14
  8
CUT
 10
689.3086631251111
 20
735.9455021571005
 30
0.0
 70
0
  0
VERTEX
  5
B15
  8
CUT
 10
689.7748407474442
 20
736.4462122621977
 30
0.0
 70
0
  0
VERTEX
  5
B16
  8
CUT
 10
690.1239311616207
 20
737.034572753428
 30
0.0
 70
0
  0
VERTEX
  5
B17
  8
CUT
 10
690.3399787475939
 20
737.6836918684645
 30
0.0
 70
0
  0
VERTEX
  5
B18
  8
CUT
 10
690.4131087764863
 20
738.363900795034
 30
0.0
 70
0
  0
VERTEX
  5
B19
  8
CUT
 10
690.3399787475939
 20
739.0441097216036
 30
0.0
 70
0
  0
VERTEX
  5
B1A
  8
CUT
 10
690.1239311616207
 20
739.6932288366401
 30
0.0
 70
0
  0
VERTEX
  5
B1B
  8
CUT
 10
689.7748407474442
 20
740.2815893278704
 30
0.0
 70
0
  0
VERTEX
  5
B1C
  8
CUT
 10
689.3086631251111
 20
740.7822994329676
 30
0.0
 70
0
  0
VERTEX
  5
B1D
  8
CUT
 10
688.7467055339904
 20
741.1724735616492
 30
0.0
 70
0
  0
VERTEX
  5
B1E
  8
CUT
 10
688.1146529583788
 20
741.4342783106005
 30
0.0
 70
0
  0
VERTEX
  5
B1F
  8
CUT
 10
687.4413941627238
 20
741.5557475617869
 30
0.0
 70
0
  0
VERTEX
  5
B20
  8
CUT
 10
686.7577012940118
 20
741.531329409053
 30
0.0
 70
0
  0
VERTEX
  5
B21
  8
CUT
 10
686.0948234017692
 20
741.3621399150333
 30
0.0
 70
0
  0
VERTEX
  5
B22
  8
CUT
 10
685.4830581606284
 20
741.0559121000938
 30
0.0
 70
0
  0
VERTEX
  5
B23
  8
CUT
 10
684.9503670766893
 20
740.626642494831
 30
0.0
 70
0
  0
VERTEX
  5
B24
  8
CUT
 10
660.4844724476347
 20
765.0925371238856
 30
0.0
 70
0
  0
VERTEX
  5
B25
  8
CUT
 10
660.9137420528975
 20
765.6252282078246
 30
0.0
 70
0
  0
VERTEX
  5
B26
  8
CUT
 10
661.219969867837
 20
766.2369934489654
 30
0.0
 70
0
  0
VERTEX
  5
B27
  8
CUT
 10
661.3891593618567
 20
766.899871341208
 30
0.0
 70
0
  0
VERTEX
  5
B28
  8
CUT
 10
661.4135775145907
 20
767.58356420992
 30
0.0
 70
0
  0
VERTEX
  5
B29
  8
CUT
 10
661.2921082634042
 20
768.256823005575
 30
0.0
 70
0
  0
VERTEX
  5
B2A
  8
CUT
 10
661.030303514453
 20
768.8888755811867
 30
0.0
 70
0
  0
VERTEX
  5
B2B
  8
CUT
 10
660.6401293857714
 20
769.4508331723074
 30
0.0
 70
0
  0
VERTEX
  5
B2C
  8
CUT
 10
660.1394192806741
 20
769.9170107946404
 30
0.0
 70
0
  0
VERTEX
  5
B2D
  8
CUT
 10
659.5510587894438
 20
770.266101208817
 30
0.0
 70
0
  0
VERTEX
  5
B2E
  8
CUT
 10
658.9019396744073
 20
770.4821487947902
 30
0.0
 70
0
  0
VERTEX
  5
B2F
  8
CUT
 10
658.2217307478378
 20
770.5552788236826
 30
0.0
 70
0
  0
VERTEX
  5
B30
  8
CUT
 10
657.5415218212682
 20
770.4821487947902
 30
0.0
 70
0
  0
VERTEX
  5
B31
  8
CUT
 10
656.8924027062318
 20
770.266101208817
 30
0.0
 70
0
  0
VERTEX
  5
B32
  8
CUT
 10
656.3040422150015
 20
769.9170107946404
 30
0.0
 70
0
  0
VERTEX
  5
B33
  8
CUT
 10
655.8033321099042
 20
769.4508331723074
 30
0.0
 70
0
  0
VERTEX
  5
B34
  8
CUT
 10
655.4131579812226
 20
768.8888755811867
 30
0.0
 70
0
  0
VERTEX
  5
B35
  8
CUT
 10
655.1513532322714
 20
768.256823005575
 30
0.0
 70
0
  0
VERTEX
  5
B36
  8
CUT
 10
655.0298839810849
 20
767.58356420992
 30
0.0
 70
0
  0
VERTEX
  5
B37
  8
CUT
 10
655.0543021338189
 20
766.899871341208
 30
0.0
 70
0
  0
VERTEX
  5
B38
  8
CUT
 10
655.2234916278386
 20
766.2369934489654
 30
0.0
 70
0
  0
VERTEX
  5
B39
  8
CUT
 10
655.5297194427781
 20
765.6252282078246
 30
0.0
 70
0
  0
VERTEX
  5
B3A
  8
CUT
 10
655.9589890480408
 20
765.0925371238856
 30
0.0
 70
0
  0
VERTEX
  5
B3B
  8
CUT
 10
647.0494436050903
 20
756.1829916809351
 30
0.0
 70
0
  0
VERTEX
  5
B3C
  8
CUT
 10
646.5167525211513
 20
756.6122612861978
 30
0.0
 70
0
  0
VERTEX
  5
B3D
  8
CUT
 10
645.9049872800105
 20
756.9184891011373
 30
0.0
 70
0
  0
VERTEX
  5
B3E
  8
CUT
 10
645.2421093877679
 20
757.0876785951571
 30
0.0
 70
0
  0
VERTEX
  5
B3F
  8
CUT
 10
644.5584165190559
 20
757.112096747891
 30
0.0
 70
0
  0
VERTEX
  5
B40
  8
CUT
 10
643.8851577234009
 20
756.9906274967045
 30
0.0
 70
0
  0
VERTEX
  5
B41
  8
CUT
 10
643.2531051477893
 20
756.7288227477533
 30
0.0
 70
0
  0
VERTEX
  5
B42
  8
CUT
 10
642.6911475566685
 20
756.3386486190717
 30
0.0
 70
0
  0
VERTEX
  5
B43
  8
CUT
 10
642.2249699343355
 20
755.8379385139744
 30
0.0
 70
0
  0
VERTEX
  5
B44
  8
CUT
 10
641.875879520159
 20
755.2495780227441
 30
0.0
 70
0
  0
VERTEX
  5
B45
  8
CUT
 10
641.6598319341857
 20
754.6004589077077
 30
0.0
 70
0
  0
VERTEX
  5
B46
  8
CUT
 10
641.5867019052934
 20
753.9202499811381
 30
0.0
 70
0
  0
VERTEX
  5
B47
  8
CUT
 10
641.6598319341857
 20
753.2400410545686
 30
0.0
 70
0
  0
VERTEX
  5
B48
  8
CUT
 10
641.875879520159
 20
752.5909219395321
 30
0.0
 70
0
  0
VERTEX
  5
B49
  8
CUT
 10
642.2249699343355
 20
752.0025614483018
 30
0.0
 70
0
  0
VERTEX
  5
B4A
  8
CUT
 10
642.6911475566685
 20
751.5018513432045
 30
0.0
 70
0
  0
VERTEX
  5
B4B
  8
CUT
 10
643.2531051477893
 20
751.111677214523
 30
0.0
 70
0
  0
VERTEX
  5
B4C
  8
CUT
 10
643.8851577234009
 20
750.8498724655717
 30
0.0
 70
0
  0
VERTEX
  5
B4D
  8
CUT
 10
644.5584165190559
 20
750.7284032143853
 30
0.0
 70
0
  0
VERTEX
  5
B4E
  8
CUT
 10
645.2421093877679
 20
750.7528213671192
 30
0.0
 70
0
  0
VERTEX
  5
B4F
  8
CUT
 10
645.9049872800105
 20
750.9220108611389
 30
0.0
 70
0
  0
VERTEX
  5
B50
  8
CUT
 10
646.5167525211513
 20
751.2282386760784
 30
0.0
 70
0
  0
VERTEX
  5
B51
  8
CUT
 10
647.0494436050903
 20
751.6575082813412
 30
0.0
 70
0
  0
VERTEX
  5
B52
  8
CUT
 10
671.5153382341449
 20
727.1916136522866
 30
0.0
 70
0
  0
VERTEX
  5
B53
  8
CUT
 10
671.0860686288821
 20
726.6589225683475
 30
0.0
 70
0
  0
VERTEX
  5
B54
  8
CUT
 10
670.7798408139427
 20
726.0471573272067
 30
0.0
 70
0
  0
VERTEX
  5
B55
  8
CUT
 10
670.6106513199229
 20
725.3842794349641
 30
0.0
 70
0
  0
VERTEX
  5
B56
  8
CUT
 10
670.586233167189
 20
724.7005865662521
 30
0.0
 70
0
  0
VERTEX
  5
B57
  8
CUT
 10
670.7077024183754
 20
724.0273277705971
 30
0.0
 70
0
  0
VERTEX
  5
B58
  8
CUT
 10
670.9695071673267
 20
723.3952751949855
 30
0.0
 70
0
  0
VERTEX
  5
B59
  8
CUT
 10
671.3596812960083
 20
722.8333176038648
 30
0.0
 70
0
  0
VERTEX
  5
B5A
  8
CUT
 10
671.8603914011055
 20
722.3671399815317
 30
0.0
 70
0
  0
VERTEX
  5
B5B
  8
CUT
 10
672.4487518923358
 20
722.0180495673552
 30
0.0
 70
0
  0
VERTEX
  5
B5C
  8
CUT
 10
673.0978710073723
 20
721.802001981382
 30
0.0
 70
0
  0
VERTEX
  5
B5D
  8
CUT
 10
673.7780799339419
 20
721.7288719524896
 30
0.0
 70
0
  0
VERTEX
  5
B5E
  8
CUT
 10
674.4582888605114
 20
721.802001981382
 30
0.0
 70
0
  0
VERTEX
  5
B5F
  8
CUT
 10
675.1074079755479
 20
722.0180495673552
 30
0.0
 70
0
  0
VERTEX
  5
B60
  8
CUT
 10
675.6957684667782
 20
722.3671399815317
 30
0.0
 70
0
  0
VERTEX
  5
B61
  8
CUT
 10
676.1964785718754
 20
722.8333176038648
 30
0.0
 70
0
  0
VERTEX
  5
B62
  8
CUT
 10
676.586652700557
 20
723.3952751949855
 30
0.0
 70
0
  0
VERTEX
  5
B63
  8
CUT
 10
676.8484574495083
 20
724.0273277705971
 30
0.0
 70
0
  0
VERTEX
  5
B64
  8
CUT
 10
676.9699267006947
 20
724.7005865662521
 30
0.0
 70
0
  0
VERTEX
  5
B65
  8
CUT
 10
676.9455085479608
 20
725.3842794349641
 30
0.0
 70
0
  0
VERTEX
  5
B66
  8
CUT
 10
676.776319053941
 20
726.0471573272067
 30
0.0
 70
0
  0
VERTEX
  5
B67
  8
CUT
 10
676.4700912390016
 20
726.6589225683475
 30
0.0
 70
0
  0
VERTEX
  5
B68
  8
CUT
 10
676.0408216337388
 20
727.1916136522866
 30
0.0
 70
0
  0
SEQEND
  5
B0C
  8
CUT
  0
POLYLINE
  5
B69
  8
CUT
 66
1
 10
0.0
 20
0.0
 30
0.0
 70
1
  0
VERTEX
  5
B6B
  8
CUT
 10
602.0
 20
884.0
 30
0.0
 70
0
  0
VERTEX
  5
B6C
  8
CUT
 10
632.0450642156177
 20
884.0
 30
0.0
 70
0
  0
VERTEX
  5
B6D
  8
CUT
 10
632.1181942445099
 20
884.6802089265695
 30
0.0
 70
0
  0
VERTEX
  5
B6E
  8
CUT
 10
632.3342418304833
 20
885.329328041606
 30
0.0
 70
0
  0
VERTEX
  5
B6F
  8
CUT
 10
632.6833322446597
 20
885.9176885328363
 30
0.0
 70
0
  0
VERTEX
  5
B70
  8
CUT
 10
633.1495098669928
 20
886.4183986379337
 30
0.0
 70
0
  0
VERTEX
  5
B71
  8
CUT
 10
633.7114674581135
 20
886.8085727666153
 30
0.0
 70
0
  0
VERTEX
  5
B72
  8
CUT
 10
634.3435200337251
 20
887.0703775155664
 30
0.0
 70
0
  0
VERTEX
  5
B73
  8
CUT
 10
635.0167788293802
 20
887.1918467667529
 30
0.0
 70
0
  0
VERTEX
  5
B74
  8
CUT
 10
635.7004716980922
 20
887.1674286140191
 30
0.0
 70
0
  0
VERTEX
  5
B75
  8
CUT
 10
636.3633495903349
 20
886.9982391199993
 30
0.0
 70
0
  0
VERTEX
  5
B76
  8
CUT
 10
636.9751148314757
 20
886.6920113050599
 30
0.0
 70
0
  0
VERTEX
  5
B77
  8
CUT
 10
637.5078059154147
 20
886.262741699797
 30
0.0
 70
0
  0
VERTEX
  5
B78
  8
CUT
 10
637.9370755206776
 20
885.730050615858
 30
0.0
 70
0
  0
VERTEX
  5
B79
  8
CUT
 10
638.243303335617
 20
885.1182853747172
 30
0.0
 70
0
  0
VERTEX
  5
B7A
  8
CUT
 10
638.4124928296368
 20
884.4554074824745
 30
0.0
 70
0
  0
VERTEX
  5
B7B
  8
CUT
 10
638.4369109823706
 20
883.7717146137625
 30
0.0
 70
0
  0
VERTEX
  5
B7C
  8
CUT
 10
638.3154417311841
 20
883.0984558181074
 30
0.0
 70
0
  0
VERTEX
  5
B7D
  8
CUT
 10
638.053636982233
 20
882.4664032424957
 30
0.0
 70
0
  0
VERTEX
  5
B7E
  8
CUT
 10
637.6634628535514
 20
881.9044456513751
 30
0.0
 70
0
  0
VERTEX
  5
B7F
  8
CUT
 10
637.1627527484541
 20
881.438268029042
 30
0.0
 70
0
  0
VERTEX
  5
B80
  8
CUT
 10
636.5743922572237
 20
881.0891776148655
 30
0.0
 70
0
  0
VERTEX
  5
B81
  8
CUT
 10
635.9252731421873
 20
880.8731300288922
 30
0.0
 70
0
  0
VERTEX
  5
B82
  8
CUT
 10
635.2450642156177
 20
880.8
 30
0.0
 70
0
  0
VERTEX
  5
B83
  8
CUT
 10
635.2450642156177
 20
866.0
 30
0.0
 70
0
  0
VERTEX
  5
B84
  8
CUT
 10
675.2450642156177
 20
866.0
 30
0.0
 70
0
  0
VERTEX
  5
B85
  8
CUT
 10
675.2450642156177
 20
880.8
 30
0.0
 70
0
  0
VERTEX
  5
B86
  8
CUT
 10
674.5648552890482
 20
880.8731300288923
 30
0.0
 70
0
  0
VERTEX
  5
B87
  8
CUT
 10
673.9157361740117
 20
881.0891776148655
 30
0.0
 70
0
  0
VERTEX
  5
B88
  8
CUT
 10
673.3273756827814
 20
881.438268029042
 30
0.0
 70
0
  0
VERTEX
  5
B89
  8
CUT
 10
672.826665577684
 20
881.904445651375
 30
0.0
 70
0
  0
VERTEX
  5
B8A
  8
CUT
 10
672.4364914490025
 20
882.4664032424957
 30
0.0
 70
0
  0
VERTEX
  5
B8B
  8
CUT
 10
672.1746867000513
 20
883.0984558181074
 30
0.0
 70
0
  0
VERTEX
  5
B8C
  8
CUT
 10
672.0532174488649
 20
883.7717146137624
 30
0.0
 70
0
  0
VERTEX
  5
B8D
  8
CUT
 10
672.0776356015987
 20
884.4554074824744
 30
0.0
 70
0
  0
VERTEX
  5
B8E
  8
CUT
 10
672.2468250956183
 20
885.1182853747171
 30
0.0
 70
0
  0
VERTEX
  5
B8F
  8
CUT
 10
672.5530529105578
 20
885.7300506158579
 30
0.0
 70
0
  0
VERTEX
  5
B90
  8
CUT
 10
672.9823225158206
 20
886.2627416997968
 30
0.0
 70
0
  0
VERTEX
  5
B91
  8
CUT
 10
673.5150135997596
 20
886.6920113050597
 30
0.0
 70
0
  0
VERTEX
  5
B92
  8
CUT
 10
674.1267788409004
 20
886.9982391199992
 30
0.0
 70
0
  0
VERTEX
  5
B93
  8
CUT
 10
674.789656733143
 20
887.167428614019
 30
0.0
 70
0
  0
VERTEX
  5
B94
  8
CUT
 10
675.473349601855
 20
887.1918467667529
 30
0.0
 70
0
  0
VERTEX
  5
B95
  8
CUT
 10
676.1466083975101
 20
887.0703775155664
 30
0.0
 70
0
  0
VERTEX
  5
B96
  8
CUT
 10
676.7786609731216
 20
886.8085727666153
 30
0.0
 70
0
  0
VERTEX
  5
B97
  8
CUT
 10
677.3406185642424
 20
886.4183986379337
 30
0.0
 70
0
  0
VERTEX
  5
B98
  8
CUT
 10
677.8067961865755
 20
885.9176885328365
 30
0.0
 70
0
  0
VERTEX
  5
B99
  8
CUT
 10
678.1558866007521
 20
885.3293280416061
 30
0.0
 70
0
  0
VERTEX
  5
B9A
  8
CUT
 10
678.3719341867253
 20
884.6802089265697
 30
0.0
 70
0
  0
VERTEX
  5
B9B
  8
CUT
 10
678.4450642156177
 20
884.0
 30
0.0
 70
0
  0
VERTEX
  5
B9C
  8
CUT
 10
756.6969165133582
 20
884.0
 30
0.0
 70
0
  0
VERTEX
  5
B9D
  8
CUT
 10
756.7700465422505
 20
884.6802089265695
 30
0.0
 70
0
  0
VERTEX
  5
B9E
  8
CUT
 10
756.9860941282238
 20
885.329328041606
 30
0.0
 70
0
  0
VERTEX
  5
B9F
  8
CUT
 10
757.3351845424003
 20
885.9176885328363
 30
0.0
 70
0
  0
VERTEX
  5
BA0
  8
CUT
 10
757.8013621647334
 20
886.4183986379337
 30
0.0
 70
0
  0
VERTEX
  5
BA1
  8
CUT
 10
758.363319755854
 20
886.8085727666153
 30
0.0
 70
0
  0
VERTEX
  5
BA2
  8
CUT
 10
758.9953723314657
 20
887.0703775155664
 30
0.0
 70
0
  0
VERTEX
  5
BA3
  8
CUT
 10
759.6686311271208
 20
887.1918467667529
 30
0.0
 70
0
  0
VERTEX
  5
BA4
  8
CUT
 10
760.3523239958328
 20
887.1674286140191
 30
0.0
 70
0
  0
VERTEX
  5
BA5
  8
CUT
 10
761.0152018880755
 20
886.9982391199993
 30
0.0
 70
0
  0
VERTEX
  5
BA6
  8
CUT
 10
761.6269671292163
 20
886.6920113050599
 30
0.0
 70
0
  0
VERTEX
  5
BA7
  8
CUT
 10
762.1596582131552
 20
886.262741699797
 30
0.0
 70
0
  0
VERTEX
  5
BA8
  8
CUT
 10
762.5889278184181
 20
885.730050615858
 30
0.0
 70
0
  0
VERTEX
  5
BA9
  8
CUT
 10
762.8951556333576
 20
885.1182853747172
 30
0.0
 70
0
  0
VERTEX
  5
BAA
  8
CUT
 10
763.0643451273774
 20
884.4554074824745
 30
0.0
 70
0
  0
VERTEX
  5
BAB
  8
CUT
 10
763.0887632801112
 20
883.7717146137625
 30
0.0
 70
0
  0
VERTEX
  5
BAC
  8
CUT
 10
762.9672940289247
 20
883.0984558181074
 30
0.0
 70
0
  0
VERTEX
  5
BAD
  8
CUT
 10
762.7054892799736
 20
882.4664032424957
 30
0.0
 70
0
  0
VERTEX
  5
BAE
  8
CUT
 10
762.315315151292
 20
881.9044456513751
 30
0.0
 70
0
  0
VERTEX
  5
BAF
  8
CUT
 10
761.8146050461946
 20
881.438268029042
 30
0.0
 70
0
  0
VERTEX
  5
BB0
  8
CUT
 10
761.2262445549643
 20
881.0891776148655
 30
0.0
 70
0
  0
VERTEX
  5
BB1
  8
CUT
 10
760.5771254399278
 20
880.8731300288922
 30
0.0
 70
0
  0
VERTEX
  5
BB2
  8
CUT
 10
759.8969165133583
 20
880.8
 30
0.0
 70
0
  0
VERTEX
  5
BB3
  8
CUT
 10
759.8969165133583
 20
866.0
 30
0.0
 70
0
  0
VERTEX
  5
BB4
  8
CUT
 10
799.8969165133583
 20
866.0
 30
0.0
 70
0
  0
VERTEX
  5
BB5
  8
CUT
 10
799.8969165133583
 20
880.8
 30
0.0
 70
0
  0
VERTEX
  5
BB6
  8
CUT
 10
799.2167075867887
 20
880.8731300288923
 30
0.0
 70
0
  0
VERTEX
  5
BB7
  8
CUT
 10
798.5675884717523
 20
881.0891776148655
 30
0.0
 70
0
  0
VERTEX
  5
BB8
  8
CUT
 10
797.979227980522
 20
881.438268029042
 30
0.0
 70
0
  0
VERTEX
  5
BB9
  8
CUT
 10
797.4785178754246
 20
881.904445651375
 30
0.0
 70
0
  0
VERTEX
  5
BBA
  8
CUT
 10
797.088343746743
 20
882.4664032424957
 30
0.0
 70
0
  0
VERTEX
  5
BBB
  8
CUT
 10
796.8265389977919
 20
883.0984558181074
 30
0.0
 70
0
  0
VERTEX
  5
BBC
  8
CUT
 10
796.7050697466054
 20
883.7717146137624
 30
0.0
 70
0
  0
VERTEX
  5
BBD
  8
CUT
 10
796.7294878993392
 20
884.4554074824744
 30
0.0
 70
0
  0
VERTEX
  5
BBE
  8
CUT
 10
796.8986773933589
 20
885.1182853747171
 30
0.0
 70
0
  0
VERTEX
  5
BBF
  8
CUT
 10
797.2049052082983
 20
885.7300506158579
 30
0.0
 70
0
  0
VERTEX
  5
BC0
  8
CUT
 10
797.6341748135611
 20
886.2627416997968
 30
0.0
 70
0
  0
VERTEX
  5
BC1
  8
CUT
 10
798.1668658975002
 20
886.6920113050597
 30
0.0
 70
0
  0
VERTEX
  5
BC2
  8
CUT
 10
798.778631138641
 20
886.9982391199992
 30
0.0
 70
0
  0
VERTEX
  5
BC3
  8
CUT
 10
799.4415090308836
 20
887.167428614019
 30
0.0
 70
0
  0
VERTEX
  5
BC4
  8
CUT
 10
800.1252018995956
 20
887.1918467667529
 30
0.0
 70
0
  0
VERTEX
  5
BC5
  8
CUT
 10
800.7984606952507
 20
887.0703775155664
 30
0.0
 70
0
  0
VERTEX
  5
BC6
  8
CUT
 10
801.4305132708622
 20
886.8085727666153
 30
0.0
 70
0
  0
VERTEX
  5
BC7
  8
CUT
 10
801.992470861983
 20
886.4183986379337
 30
0.0
 70
0
  0
VERTEX
  5
BC8
  8
CUT
 10
802.4586484843161
 20
885.9176885328365
 30
0.0
 70
0
  0
VERTEX
  5
BC9
  8
CUT
 10
802.8077388984926
 20
885.3293280416061
 30
0.0
 70
0
  0
VERTEX
  5
BCA
  8
CUT
 10
803.0237864844659
 20
884.6802089265697
 30
0.0
 70
0
  0
VERTEX
  5
BCB
  8
CUT
 10
803.0969165133582
 20
884.0
 30
0.0
 70
0
  0
VERTEX
  5
BCC
  8
CUT
 10
833.1419807289759
 20
884.0
 30
0.0
 70
0
  0
VERTEX
  5
BCD
  8
CUT
 10
782.7419807289759
 20
1073.0
 30
0.0
 70
0
  0
VERTEX
  5
BCE
  8
CUT
 10
772.0781638636857
 20
1073.0
 30
0.0
 70
0
  0
VERTEX
  5
BCF
  8
CUT
 10
772.0050338347934
 20
1072.3197910734305
 30
0.0
 70
0
  0
VERTEX
  5
BD0
  8
CUT
 10
771.7889862488202
 20
1071.670671958394
 30
0.0
 70
0
  0
VERTEX
  5
BD1
  8
CUT
 10
771.4398958346436
 20
1071.0823114671637
 30
0.0
 70
0
  0
VERTEX
  5
BD2
  8
CUT
 10
770.9737182123106
 20
1070.5816013620663
 30
0.0
 70
0
  0
VERTEX
  5
BD3
  8
CUT
 10
770.4117606211898
 20
1070.1914272333847
 30
0.0
 70
0
  0
VERTEX
  5
BD4
  8
CUT
 10
769.7797080455782
 20
1069.9296224844336
 30
0.0
 70
0
  0
VERTEX
  5
BD5
  8
CUT
 10
769.1064492499232
 20
1069.8081532332471
 30
0.0
 70
0
  0
VERTEX
  5
BD6
  8
CUT
 10
768.4227563812112
 20
1069.832571385981
 30
0.0
 70
0
  0
VERTEX
  5
BD7
  8
CUT
 10
767.7598784889686
 20
1070.0017608800008
 30
0.0
 70
0
  0
VERTEX
  5
BD8
  8
CUT
 10
767.1481132478278
 20
1070.3079886949401
 30
0.0
 70
0
  0
VERTEX
  5
BD9
  8
CUT
 10
766.6154221638888
 20
1070.7372583002032
 30
0.0
 70
0
  0
VERTEX
  5
BDA
  8
CUT
 10
766.186152558626
 20
1071.2699493841421
 30
0.0
 70
0
  0
VERTEX
  5
BDB
  8
CUT
 10
765.8799247436865
 20
1071.881714625283
 30
0.0
 70
0
  0
VERTEX
  5
BDC
  8
CUT
 10
765.7107352496668
 20
1072.5445925175254
 30
0.0
 70
0
  0
VERTEX
  5
BDD
  8
CUT
 10
765.686317096933
 20
1073.2282853862375
 30
0.0
 70
0
  0
VERTEX
  5
BDE
  8
CUT
 10
765.8077863481193
 20
1073.9015441818926
 30
0.0
 70
0
  0
VERTEX
  5
BDF
  8
CUT
 10
766.0695910970705
 20
1074.5335967575043
 30
0.0
 70
0
  0
VERTEX
  5
BE0
  8
CUT
 10
766.4597652257521
 20
1075.095554348625
 30
0.0
 70
0
  0
VERTEX
  5
BE1
  8
CUT
 10
766.9604753308494
 20
1075.561731970958
 30
0.0
 70
0
  0
VERTEX
  5
BE2
  8
CUT
 10
767.5488358220797
 20
1075.9108223851345
 30
0.0
 70
0
  0
VERTEX
  5
BE3
  8
CUT
 10
768.1979549371162
 20
1076.1268699711077
 30
0.0
 70
0
  0
VERTEX
  5
BE4
  8
CUT
 10
768.8781638636858
 20
1076.2
 30
0.0
 70
0
  0
VERTEX
  5
BE5
  8
CUT
 10
768.8781638636858
 20
1091.0
 30
0.0
 70
0
  0
VERTEX
  5
BE6
  8
CUT
 10
735.270990364488
 20
1091.0
 30
0.0
 70
0
  0
VERTEX
  5
BE7
  8
CUT
 10
735.270990364488
 20
1076.2
 30
0.0
 70
0
  0
VERTEX
  5
BE8
  8
CUT
 10
735.9511992910575
 20
1076.1268699711077
 30
0.0
 70
0
  0
VERTEX
  5
BE9
  8
CUT
 10
736.600318406094
 20
1075.9108223851345
 30
0.0
 70
0
  0
VERTEX
  5
BEA
  8
CUT
 10
737.1886788973243
 20
1075.561731970958
 30
0.0
 70
0
  0
VERTEX
  5
BEB
  8
CUT
 10
737.6893890024216
 20
1075.095554348625
 30
0.0
 70
0
  0
VERTEX
  5
BEC
  8
CUT
 10
738.0795631311032
 20
1074.5335967575043
 30
0.0
 70
0
  0
VERTEX
  5
BED
  8
CUT
 10
738.3413678800543
 20
1073.9015441818926
 30
0.0
 70
0
  0
VERTEX
  5
BEE
  8
CUT
 10
738.4628371312408
 20
1073.2282853862375
 30
0.0
 70
0
  0
VERTEX
  5
BEF
  8
CUT
 10
738.438418978507
 20
1072.5445925175254
 30
0.0
 70
0
  0
VERTEX
  5
BF0
  8
CUT
 10
738.2692294844873
 20
1071.881714625283
 30
0.0
 70
0
  0
VERTEX
  5
BF1
  8
CUT
 10
737.9630016695478
 20
1071.2699493841421
 30
0.0
 70
0
  0
VERTEX
  5
BF2
  8
CUT
 10
737.5337320642849
 20
1070.737258300203
 30
0.0
 70
0
  0
VERTEX
  5
BF3
  8
CUT
 10
737.0010409803459
 20
1070.3079886949401
 30
0.0
 70
0
  0
VERTEX
  5
BF4
  8
CUT
 10
736.3892757392051
 20
1070.0017608800008
 30
0.0
 70
0
  0
VERTEX
  5
BF5
  8
CUT
 10
735.7263978469624
 20
1069.832571385981
 30
0.0
 70
0
  0
VERTEX
  5
BF6
  8
CUT
 10
735.0427049782504
 20
1069.8081532332471
 30
0.0
 70
0
  0
VERTEX
  5
BF7
  8
CUT
 10
734.3694461825953
 20
1069.9296224844336
 30
0.0
 70
0
  0
VERTEX
  5
BF8
  8
CUT
 10
733.7373936069837
 20
1070.1914272333847
 30
0.0
 70
0
  0
VERTEX
  5
BF9
  8
CUT
 10
733.175436015863
 20
1070.5816013620663
 30
0.0
 70
0
  0
VERTEX
  5
BFA
  8
CUT
 10
732.7092583935299
 20
1071.0823114671637
 30
0.0
 70
0
  0
VERTEX
  5
BFB
  8
CUT
 10
732.3601679793535
 20
1071.670671958394
 30
0.0
 70
0
  0
VERTEX
  5
BFC
  8
CUT
 10
732.1441203933801
 20
1072.3197910734305
 30
0.0
 70
0
  0
VERTEX
  5
BFD
  8
CUT
 10
732.0709903644879
 20
1073.0
 30
0.0
 70
0
  0
VERTEX
  5
BFE
  8
CUT
 10
727.0709903644879
 20
1073.0
 30
0.0
 70
0
  0
VERTEX
  5
BFF
  8
CUT
 10
727.0709903644879
 20
981.7
 30
0.0
 70
0
  0
VERTEX
  5
C00
  8
CUT
 10
727.7511992910574
 20
981.6268699711077
 30
0.0
 70
0
  0
VERTEX
  5
C01
  8
CUT
 10
728.4003184060939
 20
981.4108223851345
 30
0.0
 70
0
  0
VERTEX
  5
C02
  8
CUT
 10
728.9886788973242
 20
981.061731970958
 30
0.0
 70
0
  0
VERTEX
  5
C03
  8
CUT
 10
729.4893890024216
 20
980.595554348625
 30
0.0
 70
0
  0
VERTEX
  5
C04
  8
CUT
 10
729.8795631311032
 20
980.0335967575043
 30
0.0
 70
0
  0
VERTEX
  5
C05
  8
CUT
 10
730.1413678800543
 20
979.4015441818926
 30
0.0
 70
0
  0
VERTEX
  5
C06
  8
CUT
 10
730.2628371312408
 20
978.7282853862376
 30
0.0
 70
0
  0
VERTEX
  5
C07
  8
CUT
 10
730.238418978507
 20
978.0445925175256
 30
0.0
 70
0
  0
VERTEX
  5
C08
  8
CUT
 10
730.0692294844873
 20
977.3817146252829
 30
0.0
 70
0
  0
VERTEX
  5
C09
  8
CUT
 10
729.7630016695479
 20
976.7699493841421
 30
0.0
 70
0
  0
VERTEX
  5
C0A
  8
CUT
 10
729.3337320642851
 20
976.2372583002032
 30
0.0
 70
0
  0
VERTEX
  5
C0B
  8
CUT
 10
728.801040980346
 20
975.8079886949403
 30
0.0
 70
0
  0
VERTEX
  5
C0C
  8
CUT
 10
728.1892757392052
 20
975.5017608800008
 30
0.0
 70
0
  0
VERTEX
  5
C0D
  8
CUT
 10
727.5263978469626
 20
975.332571385981
 30
0.0
 70
0
  0
VERTEX
  5
C0E
  8
CUT
 10
726.8427049782506
 20
975.3081532332471
 30
0.0
 70
0
  0
VERTEX
  5
C0F
  8
CUT
 10
726.1694461825955
 20
975.4296224844336
 30
0.0
 70
0
  0
VERTEX
  5
C10
  8
CUT
 10
725.537393606984
 20
975.6914272333847
 30
0.0
 70
0
  0
VERTEX
  5
C11
  8
CUT
 10
724.9754360158632
 20
976.0816013620663
 30
0.0
 70
0
  0
VERTEX
  5
C12
  8
CUT
 10
724.5092583935301
 20
976.5823114671635
 30
0.0
 70
0
  0
VERTEX
  5
C13
  8
CUT
 10
724.1601679793536
 20
977.1706719583939
 30
0.0
 70
0
  0
VERTEX
  5
C14
  8
CUT
 10
723.9441203933803
 20
977.8197910734303
 30
0.0
 70
0
  0
VERTEX
  5
C15
  8
CUT
 10
723.870990364488
 20
978.5
 30
0.0
 70
0
  0
VERTEX
  5
C16
  8
CUT
 10
711.270990364488
 20
978.5
 30
0.0
 70
0
  0
VERTEX
  5
C17
  8
CUT
 10
711.1978603355957
 20
977.8197910734305
 30
0.0
 70
0
  0
VERTEX
  5
C18
  8
CUT
 10
710.9818127496223
 20
977.170671958394
 30
0.0
 70
0
  0
VERTEX
  5
C19
  8
CUT
 10
710.6327223354459
 20
976.5823114671637
 30
0.0
 70
0
  0
VERTEX
  5
C1A
  8
CUT
 10
710.1665447131128
 20
976.0816013620663
 30
0.0
 70
0
  0
VERTEX
  5
C1B
  8
CUT
 10
709.6045871219922
 20
975.6914272333847
 30
0.0
 70
0
  0
VERTEX
  5
C1C
  8
CUT
 10
708.9725345463805
 20
975.4296224844336
 30
0.0
 70
0
  0
VERTEX
  5
C1D
  8
CUT
 10
708.2992757507254
 20
975.3081532332471
 30
0.0
 70
0
  0
VERTEX
  5
C1E
  8
CUT
 10
707.6155828820134
 20
975.3325713859809
 30
0.0
 70
0
  0
VERTEX
  5
C1F
  8
CUT
 10
706.9527049897707
 20
975.5017608800007
 30
0.0
 70
0
  0
VERTEX
  5
C20
  8
CUT
 10
706.3409397486299
 20
975.8079886949401
 30
0.0
 70
0
  0
VERTEX
  5
C21
  8
CUT
 10
705.808248664691
 20
976.237258300203
 30
0.0
 70
0
  0
VERTEX
  5
C22
  8
CUT
 10
705.378979059428
 20
976.769949384142
 30
0.0
 70
0
  0
VERTEX
  5
C23
  8
CUT
 10
705.0727512444886
 20
977.3817146252828
 30
0.0
 70
0
  0
VERTEX
  5
C24
  8
CUT
 10
704.9035617504688
 20
978.0445925175255
 30
0.0
 70
0
  0
VERTEX
  5
C25
  8
CUT
 10
704.879143597735
 20
978.7282853862375
 30
0.0
 70
0
  0
VERTEX
  5
C26
  8
CUT
 10
705.0006128489215
 20
979.4015441818926
 30
0.0
 70
0
  0
VERTEX
  5
C27
  8
CUT
 10
705.2624175978726
 20
980.0335967575043
 30
0.0
 70
0
  0
VERTEX
  5
C28
  8
CUT
 10
705.6525917265542
 20
980.5955543486249
 30
0.0
 70
0
  0
VERTEX
  5
C29
  8
CUT
 10
706.1533018316516
 20
981.061731970958
 30
0.0
 70
0
  0
VERTEX
  5
C2A
  8
CUT
 10
706.7416623228819
 20
981.4108223851345
 30
0.0
 70
0
  0
VERTEX
  5
C2B
  8
CUT
 10
707.3907814379183
 20
981.6268699711078
 30
0.0
 70
0
  0
VERTEX
  5
C2C
  8
CUT
 10
708.0709903644879
 20
981.7
 30
0.0
 70
0
  0
VERTEX
  5
C2D
  8
CUT
 10
708.0709903644879
 20
1073.0
 30
0.0
 70
0
  0
VERTEX
  5
C2E
  8
CUT
 10
703.0709903644879
 20
1073.0
 30
0.0
 70
0
  0
VERTEX
  5
C2F
  8
CUT
 10
702.9978603355956
 20
1072.3197910734305
 30
0.0
 70
0
  0
VERTEX
  5
C30
  8
CUT
 10
702.7818127496224
 20
1071.670671958394
 30
0.0
 70
0
  0
VERTEX
  5
C31
  8
CUT
 10
702.4327223354459
 20
1071.0823114671637
 30
0.0
 70
0
  0
VERTEX
  5
C32
  8
CUT
 10
701.9665447131129
 20
1070.5816013620663
 30
0.0
 70
0
  0
VERTEX
  5
C33
  8
CUT
 10
701.4045871219921
 20
1070.1914272333847
 30
0.0
 70
0
  0
VERTEX
  5
C34
  8
CUT
 10
700.7725345463805
 20
1069.9296224844336
 30
0.0
 70
0
  0
VERTEX
  5
C35
  8
CUT
 10
700.0992757507255
 20
1069.8081532332471
 30
0.0
 70
0
  0
VERTEX
  5
C36
  8
CUT
 10
699.4155828820135
 20
1069.832571385981
 30
0.0
 70
0
  0
VERTEX
  5
C37
  8
CUT
 10
698.7527049897709
 20
1070.0017608800008
 30
0.0
 70
0
  0
VERTEX
  5
C38
  8
CUT
 10
698.1409397486301
 20
1070.3079886949401
 30
0.0
 70
0
  0
VERTEX
  5
C39
  8
CUT
 10
697.608248664691
 20
1070.7372583002032
 30
0.0
 70
0
  0
VERTEX
  5
C3A
  8
CUT
 10
697.1789790594282
 20
1071.2699493841421
 30
0.0
 70
0
  0
VERTEX
  5
C3B
  8
CUT
 10
696.8727512444888
 20
1071.881714625283
 30
0.0
 70
0
  0
VERTEX
  5
C3C
  8
CUT
 10
696.703561750469
 20
1072.5445925175254
 30
0.0
 70
0
  0
VERTEX
  5
C3D
  8
CUT
 10
696.6791435977352
 20
1073.2282853862375
 30
0.0
 70
0
  0
VERTEX
  5
C3E
  8
CUT
 10
696.8006128489216
 20
1073.9015441818926
 30
0.0
 70
0
  0
VERTEX
  5
C3F
  8
CUT
 10
697.0624175978728
 20
1074.5335967575043
 30
0.0
 70
0
  0
VERTEX
  5
C40
  8
CUT
 10
697.4525917265544
 20
1075.095554348625
 30
0.0
 70
0
  0
VERTEX
  5
C41
  8
CUT
 10
697.9533018316516
 20
1075.561731970958
 30
0.0
 70
0
  0
VERTEX
  5
C42
  8
CUT
 10
698.541662322882
 20
1075.9108223851345
 30
0.0
 70
0
  0
VERTEX
  5
C43
  8
CUT
 10
699.1907814379184
 20
1076.1268699711077
 30
0.0
 70
0
  0
VERTEX
  5
C44
  8
CUT
 10
699.870990364488
 20
1076.2
 30
0.0
 70
0
  0
VERTEX
  5
C45
  8
CUT
 10
699.870990364488
 20
1091.0
 30
0.0
 70
0
  0
VERTEX
  5
C46
  8
CUT
 10
666.2638168652901
 20
1091.0
 30
0.0
 70
0
  0
VERTEX
  5
C47
  8
CUT
 10
666.2638168652901
 20
1076.2
 30
0.0
 70
0
  0
VERTEX
  5
C48
  8
CUT
 10
666.9440257918596
 20
1076.1268699711077
 30
0.0
 70
0
  0
VERTEX
  5
C49
  8
CUT
 10
667.5931449068961
 20
1075.9108223851345
 30
0.0
 70
0
  0
VERTEX
  5
C4A
  8
CUT
 10
668.1815053981264
 20
1075.561731970958
 30
0.0
 70
0
  0
VERTEX
  5
C4B
  8
CUT
 10
668.6822155032237
 20
1075.095554348625
 30
0.0
 70
0
  0
VERTEX
  5
C4C
  8
CUT
 10
669.0723896319053
 20
1074.5335967575043
 30
0.0
 70
0
  0
VERTEX
  5
C4D
  8
CUT
 10
669.3341943808565
 20
1073.9015441818926
 30
0.0
 70
0
  0
VERTEX
  5
C4E
  8
CUT
 10
669.4556636320428
 20
1073.2282853862375
 30
0.0
 70
0
  0
VERTEX
  5
C4F
  8
CUT
 10
669.431245479309
 20
1072.5445925175254
 30
0.0
 70
0
  0
VERTEX
  5
C50
  8
CUT
 10
669.2620559852893
 20
1071.881714625283
 30
0.0
 70
0
  0
VERTEX
  5
C51
  8
CUT
 10
668.9558281703498
 20
1071.2699493841421
 30
0.0
 70
0
  0
VERTEX
  5
C52
  8
CUT
 10
668.526558565087
 20
1070.7372583002032
 30
0.0
 70
0
  0
VERTEX
  5
C53
  8
CUT
 10
667.993867481148
 20
1070.3079886949401
 30
0.0
 70
0
  0
VERTEX
  5
C54
  8
CUT
 10
667.3821022400072
 20
1070.0017608800008
 30
0.0
 70
0
  0
VERTEX
  5
C55
  8
CUT
 10
666.7192243477646
 20
1069.832571385981
 30
0.0
 70
0
  0
VERTEX
  5
C56
  8
CUT
 10
666.0355314790526
 20
1069.8081532332471
 30
0.0
 70
0
  0
VERTEX
  5
C57
  8
CUT
 10
665.3622726833976
 20
1069.9296224844336
 30
0.0
 70
0
  0
VERTEX
  5
C58
  8
CUT
 10
664.730220107786
 20
1070.1914272333847
 30
0.0
 70
0
  0
VERTEX
  5
C59
  8
CUT
 10
664.1682625166652
 20
1070.5816013620663
 30
0.0
 70
0
  0
VERTEX
  5
C5A
  8
CUT
 10
663.7020848943322
 20
1071.0823114671637
 30
0.0
 70
0
  0
VERTEX
  5
C5B
  8
CUT
 10
663.3529944801556
 20
1071.670671958394
 30
0.0
 70
0
  0
VERTEX
  5
C5C
  8
CUT
 10
663.1369468941824
 20
1072.3197910734305
 30
0.0
 70
0
  0
VERTEX
  5
C5D
  8
CUT
 10
663.0638168652902
 20
1073.0
 30
0.0
 70
0
  0
VERTEX
  5
C5E
  8
CUT
 10
652.4
 20
1073.0
 30
0.0
 70
0
  0
SEQEND
  5
B6A
  8
CUT
  0
POLYLINE
  5
C5F
  8
CUT
 66
1
 10
0.0
 20
0.0
 30
0.0
 70
1
  0
VERTEX
  5
C61
  8
CUT
 10
1001.1419807289759
 20
1181.0
 30
0.0
 70
0
  0
VERTEX
  5
C62
  8
CUT
 10
971.0969165133582
 20
1181.0
 30
0.0
 70
0
  0
VERTEX
  5
C63
  8
CUT
 10
971.0237864844659
 20
1180.3197910734305
 30
0.0
 70
0
  0
VERTEX
  5
C64
  8
CUT
 10
970.8077388984926
 20
1179.670671958394
 30
0.0
 70
0
  0
VERTEX
  5
C65
  8
CUT
 10
970.4586484843161
 20
1179.0823114671637
 30
0.0
 70
0
  0
VERTEX
  5
C66
  8
CUT
 10
969.9924708619831
 20
1178.5816013620663
 30
0.0
 70
0
  0
VERTEX
  5
C67
  8
CUT
 10
969.4305132708623
 20
1178.1914272333847
 30
0.0
 70
0
  0
VERTEX
  5
C68
  8
CUT
 10
968.7984606952507
 20
1177.9296224844336
 30
0.0
 70
0
  0
VERTEX
  5
C69
  8
CUT
 10
968.1252018995957
 20
1177.8081532332471
 30
0.0
 70
0
  0
VERTEX
  5
C6A
  8
CUT
 10
967.4415090308837
 20
1177.832571385981
 30
0.0
 70
0
  0
VERTEX
  5
C6B
  8
CUT
 10
966.7786311386411
 20
1178.0017608800008
 30
0.0
 70
0
  0
VERTEX
  5
C6C
  8
CUT
 10
966.1668658975003
 20
1178.3079886949401
 30
0.0
 70
0
  0
VERTEX
  5
C6D
  8
CUT
 10
965.6341748135612
 20
1178.7372583002032
 30
0.0
 70
0
  0
VERTEX
  5
C6E
  8
CUT
 10
965.2049052082984
 20
1179.2699493841421
 30
0.0
 70
0
  0
VERTEX
  5
C6F
  8
CUT
 10
964.898677393359
 20
1179.881714625283
 30
0.0
 70
0
  0
VERTEX
  5
C70
  8
CUT
 10
964.7294878993392
 20
1180.5445925175254
 30
0.0
 70
0
  0
VERTEX
  5
C71
  8
CUT
 10
964.7050697466054
 20
1181.2282853862375
 30
0.0
 70
0
  0
VERTEX
  5
C72
  8
CUT
 10
964.8265389977918
 20
1181.9015441818926
 30
0.0
 70
0
  0
VERTEX
  5
C73
  8
CUT
 10
965.088343746743
 20
1182.5335967575043
 30
0.0
 70
0
  0
VERTEX
  5
C74
  8
CUT
 10
965.4785178754246
 20
1183.095554348625
 30
0.0
 70
0
  0
VERTEX
  5
C75
  8
CUT
 10
965.9792279805218
 20
1183.561731970958
 30
0.0
 70
0
  0
VERTEX
  5
C76
  8
CUT
 10
966.5675884717522
 20
1183.9108223851345
 30
0.0
 70
0
  0
VERTEX
  5
C77
  8
CUT
 10
967.2167075867886
 20
1184.1268699711077
 30
0.0
 70
0
  0
VERTEX
  5
C78
  8
CUT
 10
967.8969165133583
 20
1184.2
 30
0.0
 70
0
  0
VERTEX
  5
C79
  8
CUT
 10
967.8969165133583
 20
1199.0
 30
0.0
 70
0
  0
VERTEX
  5
C7A
  8
CUT
 10
927.8969165133583
 20
1199.0
 30
0.0
 70
0
  0
VERTEX
  5
C7B
  8
CUT
 10
927.8969165133583
 20
1184.2
 30
0.0
 70
0
  0
VERTEX
  5
C7C
  8
CUT
 10
928.5771254399278
 20
1184.1268699711077
 30
0.0
 70
0
  0
VERTEX
  5
C7D
  8
CUT
 10
929.2262445549643
 20
1183.9108223851345
 30
0.0
 70
0
  0
VERTEX
  5
C7E
  8
CUT
 10
929.8146050461946
 20
1183.561731970958
 30
0.0
 70
0
  0
VERTEX
  5
C7F
  8
CUT
 10
930.315315151292
 20
1183.095554348625
 30
0.0
 70
0
  0
VERTEX
  5
C80
  8
CUT
 10
930.7054892799736
 20
1182.5335967575043
 30
0.0
 70
0
  0
VERTEX
  5
C81
  8
CUT
 10
930.9672940289247
 20
1181.9015441818926
 30
0.0
 70
0
  0
VERTEX
  5
C82
  8
CUT
 10
931.0887632801112
 20
1181.2282853862375
 30
0.0
 70
0
  0
VERTEX
  5
C83
  8
CUT
 10
931.0643451273774
 20
1180.5445925175254
 30
0.0
 70
0
  0
VERTEX
  5
C84
  8
CUT
 10
930.8951556333576
 20
1179.881714625283
 30
0.0
 70
0
  0
VERTEX
  5
C85
  8
CUT
 10
930.5889278184181
 20
1179.2699493841421
 30
0.0
 70
0
  0
VERTEX
  5
C86
  8
CUT
 10
930.1596582131552
 20
1178.737258300203
 30
0.0
 70
0
  0
VERTEX
  5
C87
  8
CUT
 10
929.6269671292163
 20
1178.3079886949401
 30
0.0
 70
0
  0
VERTEX
  5
C88
  8
CUT
 10
929.0152018880755
 20
1178.0017608800008
 30
0.0
 70
0
  0
VERTEX
  5
C89
  8
CUT
 10
928.3523239958328
 20
1177.832571385981
 30
0.0
 70
0
  0
VERTEX
  5
C8A
  8
CUT
 10
927.6686311271208
 20
1177.8081532332471
 30
0.0
 70
0
  0
VERTEX
  5
C8B
  8
CUT
 10
926.9953723314657
 20
1177.9296224844336
 30
0.0
 70
0
  0
VERTEX
  5
C8C
  8
CUT
 10
926.363319755854
 20
1178.1914272333847
 30
0.0
 70
0
  0
VERTEX
  5
C8D
  8
CUT
 10
925.8013621647334
 20
1178.5816013620663
 30
0.0
 70
0
  0
VERTEX
  5
C8E
  8
CUT
 10
925.3351845424003
 20
1179.0823114671637
 30
0.0
 70
0
  0
VERTEX
  5
C8F
  8
CUT
 10
924.9860941282238
 20
1179.670671958394
 30
0.0
 70
0
  0
VERTEX
  5
C90
  8
CUT
 10
924.7700465422505
 20
1180.3197910734305
 30
0.0
 70
0
  0
VERTEX
  5
C91
  8
CUT
 10
924.6969165133582
 20
1181.0
 30
0.0
 70
0
  0
VERTEX
  5
C92
  8
CUT
 10
895.0709903644879
 20
1181.0
 30
0.0
 70
0
  0
VERTEX
  5
C93
  8
CUT
 10
895.0709903644879
 20
1089.7
 30
0.0
 70
0
  0
VERTEX
  5
C94
  8
CUT
 10
895.7511992910574
 20
1089.6268699711077
 30
0.0
 70
0
  0
VERTEX
  5
C95
  8
CUT
 10
896.4003184060939
 20
1089.4108223851345
 30
0.0
 70
0
  0
VERTEX
  5
C96
  8
CUT
 10
896.9886788973242
 20
1089.061731970958
 30
0.0
 70
0
  0
VERTEX
  5
C97
  8
CUT
 10
897.4893890024216
 20
1088.595554348625
 30
0.0
 70
0
  0
VERTEX
  5
C98
  8
CUT
 10
897.8795631311032
 20
1088.0335967575043
 30
0.0
 70
0
  0
VERTEX
  5
C99
  8
CUT
 10
898.1413678800543
 20
1087.4015441818926
 30
0.0
 70
0
  0
VERTEX
  5
C9A
  8
CUT
 10
898.2628371312408
 20
1086.7282853862378
 30
0.0
 70
0
  0
VERTEX
  5
C9B
  8
CUT
 10
898.238418978507
 20
1086.0445925175256
 30
0.0
 70
0
  0
VERTEX
  5
C9C
  8
CUT
 10
898.0692294844873
 20
1085.381714625283
 30
0.0
 70
0
  0
VERTEX
  5
C9D
  8
CUT
 10
897.7630016695479
 20
1084.7699493841421
 30
0.0
 70
0
  0
VERTEX
  5
C9E
  8
CUT
 10
897.3337320642851
 20
1084.2372583002032
 30
0.0
 70
0
  0
VERTEX
  5
C9F
  8
CUT
 10
896.801040980346
 20
1083.8079886949404
 30
0.0
 70
0
  0
VERTEX
  5
CA0
  8
CUT
 10
896.1892757392052
 20
1083.5017608800008
 30
0.0
 70
0
  0
VERTEX
  5
CA1
  8
CUT
 10
895.5263978469626
 20
1083.332571385981
 30
0.0
 70
0
  0
VERTEX
  5
CA2
  8
CUT
 10
894.8427049782506
 20
1083.3081532332471
 30
0.0
 70
0
  0
VERTEX
  5
CA3
  8
CUT
 10
894.1694461825955
 20
1083.4296224844336
 30
0.0
 70
0
  0
VERTEX
  5
CA4
  8
CUT
 10
893.537393606984
 20
1083.6914272333847
 30
0.0
 70
0
  0
VERTEX
  5
CA5
  8
CUT
 10
892.9754360158632
 20
1084.0816013620663
 30
0.0
 70
0
  0
VERTEX
  5
CA6
  8
CUT
 10
892.5092583935301
 20
1084.5823114671637
 30
0.0
 70
0
  0
VERTEX
  5
CA7
  8
CUT
 10
892.1601679793536
 20
1085.1706719583938
 30
0.0
 70
0
  0
VERTEX
  5
CA8
  8
CUT
 10
891.9441203933803
 20
1085.8197910734305
 30
0.0
 70
0
  0
VERTEX
  5
CA9
  8
CUT
 10
891.870990364488
 20
1086.5
 30
0.0
 70
0
  0
VERTEX
  5
CAA
  8
CUT
 10
879.270990364488
 20
1086.5
 30
0.0
 70
0
  0
VERTEX
  5
CAB
  8
CUT
 10
879.1978603355957
 20
1085.8197910734305
 30
0.0
 70
0
  0
VERTEX
  5
CAC
  8
CUT
 10
878.9818127496223
 20
1085.170671958394
 30
0.0
 70
0
  0
VERTEX
  5
CAD
  8
CUT
 10
878.6327223354459
 20
1084.5823114671637
 30
0.0
 70
0
  0
VERTEX
  5
CAE
  8
CUT
 10
878.1665447131128
 20
1084.0816013620663
 30
0.0
 70
0
  0
VERTEX
  5
CAF
  8
CUT
 10
877.6045871219922
 20
1083.6914272333847
 30
0.0
 70
0
  0
VERTEX
  5
CB0
  8
CUT
 10
876.9725345463805
 20
1083.4296224844336
 30
0.0
 70
0
  0
VERTEX
  5
CB1
  8
CUT
 10
876.2992757507254
 20
1083.3081532332471
 30
0.0
 70
0
  0
VERTEX
  5
CB2
  8
CUT
 10
875.6155828820134
 20
1083.332571385981
 30
0.0
 70
0
  0
VERTEX
  5
CB3
  8
CUT
 10
874.9527049897707
 20
1083.5017608800008
 30
0.0
 70
0
  0
VERTEX
  5
CB4
  8
CUT
 10
874.3409397486299
 20
1083.8079886949401
 30
0.0
 70
0
  0
VERTEX
  5
CB5
  8
CUT
 10
873.808248664691
 20
1084.237258300203
 30
0.0
 70
0
  0
VERTEX
  5
CB6
  8
CUT
 10
873.378979059428
 20
1084.7699493841421
 30
0.0
 70
0
  0
VERTEX
  5
CB7
  8
CUT
 10
873.0727512444886
 20
1085.381714625283
 30
0.0
 70
0
  0
VERTEX
  5
CB8
  8
CUT
 10
872.9035617504688
 20
1086.0445925175254
 30
0.0
 70
0
  0
VERTEX
  5
CB9
  8
CUT
 10
872.879143597735
 20
1086.7282853862375
 30
0.0
 70
0
  0
VERTEX
  5
CBA
  8
CUT
 10
873.0006128489215
 20
1087.4015441818926
 30
0.0
 70
0
  0
VERTEX
  5
CBB
  8
CUT
 10
873.2624175978726
 20
1088.0335967575043
 30
0.0
 70
0
  0
VERTEX
  5
CBC
  8
CUT
 10
873.6525917265542
 20
1088.595554348625
 30
0.0
 70
0
  0
VERTEX
  5
CBD
  8
CUT
 10
874.1533018316516
 20
1089.061731970958
 30
0.0
 70
0
  0
VERTEX
  5
CBE
  8
CUT
 10
874.7416623228819
 20
1089.4108223851345
 30
0.0
 70
0
  0
VERTEX
  5
CBF
  8
CUT
 10
875.3907814379183
 20
1089.6268699711077
 30
0.0
 70
0
  0
VERTEX
  5
CC0
  8
CUT
 10
876.0709903644879
 20
1089.7
 30
0.0
 70
0
  0
VERTEX
  5
CC1
  8
CUT
 10
876.0709903644879
 20
1181.0
 30
0.0
 70
0
  0
VERTEX
  5
CC2
  8
CUT
 10
846.4450642156177
 20
1181.0
 30
0.0
 70
0
  0
VERTEX
  5
CC3
  8
CUT
 10
846.3719341867253
 20
1180.3197910734305
 30
0.0
 70
0
  0
VERTEX
  5
CC4
  8
CUT
 10
846.1558866007521
 20
1179.670671958394
 30
0.0
 70
0
  0
VERTEX
  5
CC5
  8
CUT
 10
845.8067961865755
 20
1179.0823114671637
 30
0.0
 70
0
  0
VERTEX
  5
CC6
  8
CUT
 10
845.3406185642425
 20
1178.5816013620663
 30
0.0
 70
0
  0
VERTEX
  5
CC7
  8
CUT
 10
844.7786609731218
 20
1178.1914272333847
 30
0.0
 70
0
  0
VERTEX
  5
CC8
  8
CUT
 10
844.1466083975101
 20
1177.9296224844336
 30
0.0
 70
0
  0
VERTEX
  5
CC9
  8
CUT
 10
843.4733496018551
 20
1177.8081532332471
 30
0.0
 70
0
  0
VERTEX
  5
CCA
  8
CUT
 10
842.7896567331431
 20
1177.832571385981
 30
0.0
 70
0
  0
VERTEX
  5
CCB
  8
CUT
 10
842.1267788409006
 20
1178.0017608800008
 30
0.0
 70
0
  0
VERTEX
  5
CCC
  8
CUT
 10
841.5150135997598
 20
1178.3079886949401
 30
0.0
 70
0
  0
VERTEX
  5
CCD
  8
CUT
 10
840.9823225158207
 20
1178.7372583002032
 30
0.0
 70
0
  0
VERTEX
  5
CCE
  8
CUT
 10
840.5530529105579
 20
1179.2699493841421
 30
0.0
 70
0
  0
VERTEX
  5
CCF
  8
CUT
 10
840.2468250956184
 20
1179.881714625283
 30
0.0
 70
0
  0
VERTEX
  5
CD0
  8
CUT
 10
840.0776356015987
 20
1180.5445925175254
 30
0.0
 70
0
  0
VERTEX
  5
CD1
  8
CUT
 10
840.0532174488649
 20
1181.2282853862375
 30
0.0
 70
0
  0
VERTEX
  5
CD2
  8
CUT
 10
840.1746867000512
 20
1181.9015441818926
 30
0.0
 70
0
  0
VERTEX
  5
CD3
  8
CUT
 10
840.4364914490025
 20
1182.5335967575043
 30
0.0
 70
0
  0
VERTEX
  5
CD4
  8
CUT
 10
840.826665577684
 20
1183.095554348625
 30
0.0
 70
0
  0
VERTEX
  5
CD5
  8
CUT
 10
841.3273756827813
 20
1183.561731970958
 30
0.0
 70
0
  0
VERTEX
  5
CD6
  8
CUT
 10
841.9157361740116
 20
1183.9108223851345
 30
0.0
 70
0
  0
VERTEX
  5
CD7
  8
CUT
 10
842.5648552890481
 20
1184.1268699711077
 30
0.0
 70
0
  0
VERTEX
  5
CD8
  8
CUT
 10
843.2450642156177
 20
1184.2
 30
0.0
 70
0
  0
VERTEX
  5
CD9
  8
CUT
 10
843.2450642156177
 20
1199.0
 30
0.0
 70
0
  0
VERTEX
  5
CDA
  8
CUT
 10
803.2450642156177
 20
1199.0
 30
0.0
 70
0
  0
VERTEX
  5
CDB
  8
CUT
 10
803.2450642156177
 20
1184.2
 30
0.0
 70
0
  0
VERTEX
  5
CDC
  8
CUT
 10
803.9252731421873
 20
1184.1268699711077
 30
0.0
 70
0
  0
VERTEX
  5
CDD
  8
CUT
 10
804.5743922572237
 20
1183.9108223851345
 30
0.0
 70
0
  0
VERTEX
  5
CDE
  8
CUT
 10
805.1627527484541
 20
1183.561731970958
 30
0.0
 70
0
  0
VERTEX
  5
CDF
  8
CUT
 10
805.6634628535514
 20
1183.095554348625
 30
0.0
 70
0
  0
VERTEX
  5
CE0
  8
CUT
 10
806.053636982233
 20
1182.5335967575043
 30
0.0
 70
0
  0
VERTEX
  5
CE1
  8
CUT
 10
806.3154417311841
 20
1181.9015441818926
 30
0.0
 70
0
  0
VERTEX
  5
CE2
  8
CUT
 10
806.4369109823706
 20
1181.2282853862375
 30
0.0
 70
0
  0
VERTEX
  5
CE3
  8
CUT
 10
806.4124928296368
 20
1180.5445925175254
 30
0.0
 70
0
  0
VERTEX
  5
CE4
  8
CUT
 10
806.243303335617
 20
1179.881714625283
 30
0.0
 70
0
  0
VERTEX
  5
CE5
  8
CUT
 10
805.9370755206776
 20
1179.2699493841421
 30
0.0
 70
0
  0
VERTEX
  5
CE6
  8
CUT
 10
805.5078059154147
 20
1178.737258300203
 30
0.0
 70
0
  0
VERTEX
  5
CE7
  8
CUT
 10
804.9751148314757
 20
1178.3079886949401
 30
0.0
 70
0
  0
VERTEX
  5
CE8
  8
CUT
 10
804.3633495903349
 20
1178.0017608800008
 30
0.0
 70
0
  0
VERTEX
  5
CE9
  8
CUT
 10
803.7004716980922
 20
1177.832571385981
 30
0.0
 70
0
  0
VERTEX
  5
CEA
  8
CUT
 10
803.0167788293802
 20
1177.8081532332471
 30
0.0
 70
0
  0
VERTEX
  5
CEB
  8
CUT
 10
802.3435200337251
 20
1177.9296224844336
 30
0.0
 70
0
  0
VERTEX
  5
CEC
  8
CUT
 10
801.7114674581135
 20
1178.1914272333847
 30
0.0
 70
0
  0
VERTEX
  5
CED
  8
CUT
 10
801.1495098669928
 20
1178.5816013620663
 30
0.0
 70
0
  0
VERTEX
  5
CEE
  8
CUT
 10
800.6833322446597
 20
1179.0823114671637
 30
0.0
 70
0
  0
VERTEX
  5
CEF
  8
CUT
 10
800.3342418304833
 20
1179.670671958394
 30
0.0
 70
0
  0
VERTEX
  5
CF0
  8
CUT
 10
800.1181942445099
 20
1180.3197910734305
 30
0.0
 70
0
  0
VERTEX
  5
CF1
  8
CUT
 10
800.0450642156177
 20
1181.0
 30
0.0
 70
0
  0
VERTEX
  5
CF2
  8
CUT
 10
770.0
 20
1181.0
 30
0.0
 70
0
  0
VERTEX
  5
CF3
  8
CUT
 10
820.4
 20
992.0
 30
0.0
 70
0
  0
VERTEX
  5
CF4
  8
CUT
 10
831.0638168652902
 20
992.0
 30
0.0
 70
0
  0
VERTEX
  5
CF5
  8
CUT
 10
831.1369468941824
 20
992.6802089265695
 30
0.0
 70
0
  0
VERTEX
  5
CF6
  8
CUT
 10
831.3529944801556
 20
993.329328041606
 30
0.0
 70
0
  0
VERTEX
  5
CF7
  8
CUT
 10
831.7020848943322
 20
993.9176885328363
 30
0.0
 70
0
  0
VERTEX
  5
CF8
  8
CUT
 10
832.1682625166652
 20
994.4183986379336
 30
0.0
 70
0
  0
VERTEX
  5
CF9
  8
CUT
 10
832.730220107786
 20
994.8085727666152
 30
0.0
 70
0
  0
VERTEX
  5
CFA
  8
CUT
 10
833.3622726833976
 20
995.0703775155664
 30
0.0
 70
0
  0
VERTEX
  5
CFB
  8
CUT
 10
834.0355314790526
 20
995.1918467667527
 30
0.0
 70
0
  0
VERTEX
  5
CFC
  8
CUT
 10
834.7192243477646
 20
995.167428614019
 30
0.0
 70
0
  0
VERTEX
  5
CFD
  8
CUT
 10
835.3821022400072
 20
994.9982391199992
 30
0.0
 70
0
  0
VERTEX
  5
CFE
  8
CUT
 10
835.993867481148
 20
994.6920113050597
 30
0.0
 70
0
  0
VERTEX
  5
CFF
  8
CUT
 10
836.526558565087
 20
994.262741699797
 30
0.0
 70
0
  0
VERTEX
  5
D00
  8
CUT
 10
836.9558281703498
 20
993.7300506158579
 30
0.0
 70
0
  0
VERTEX
  5
D01
  8
CUT
 10
837.2620559852893
 20
993.1182853747171
 30
0.0
 70
0
  0
VERTEX
  5
D02
  8
CUT
 10
837.431245479309
 20
992.4554074824745
 30
0.0
 70
0
  0
VERTEX
  5
D03
  8
CUT
 10
837.4556636320428
 20
991.7717146137625
 30
0.0
 70
0
  0
VERTEX
  5
D04
  8
CUT
 10
837.3341943808565
 20
991.0984558181075
 30
0.0
 70
0
  0
VERTEX
  5
D05
  8
CUT
 10
837.0723896319053
 20
990.4664032424959
 30
0.0
 70
0
  0
VERTEX
  5
D06
  8
CUT
 10
836.6822155032237
 20
989.9044456513751
 30
0.0
 70
0
  0
VERTEX
  5
D07
  8
CUT
 10
836.1815053981264
 20
989.4382680290421
 30
0.0
 70
0
  0
VERTEX
  5
D08
  8
CUT
 10
835.5931449068961
 20
989.0891776148655
 30
0.0
 70
0
  0
VERTEX
  5
D09
  8
CUT
 10
834.9440257918596
 20
988.8731300288923
 30
0.0
 70
0
  0
VERTEX
  5
D0A
  8
CUT
 10
834.2638168652901
 20
988.8
 30
0.0
 70
0
  0
VERTEX
  5
D0B
  8
CUT
 10
834.2638168652901
 20
974.0
 30
0.0
 70
0
  0
VERTEX
  5
D0C
  8
CUT
 10
867.870990364488
 20
974.0
 30
0.0
 70
0
  0
VERTEX
  5
D0D
  8
CUT
 10
867.870990364488
 20
988.8
 30
0.0
 70
0
  0
VERTEX
  5
D0E
  8
CUT
 10
867.1907814379184
 20
988.8731300288923
 30
0.0
 70
0
  0
VERTEX
  5
D0F
  8
CUT
 10
866.541662322882
 20
989.0891776148655
 30
0.0
 70
0
  0
VERTEX
  5
D10
  8
CUT
 10
865.9533018316516
 20
989.4382680290421
 30
0.0
 70
0
  0
VERTEX
  5
D11
  8
CUT
 10
865.4525917265544
 20
989.9044456513751
 30
0.0
 70
0
  0
VERTEX
  5
D12
  8
CUT
 10
865.0624175978728
 20
990.4664032424959
 30
0.0
 70
0
  0
VERTEX
  5
D13
  8
CUT
 10
864.8006128489216
 20
991.0984558181075
 30
0.0
 70
0
  0
VERTEX
  5
D14
  8
CUT
 10
864.6791435977352
 20
991.7717146137625
 30
0.0
 70
0
  0
VERTEX
  5
D15
  8
CUT
 10
864.703561750469
 20
992.4554074824745
 30
0.0
 70
0
  0
VERTEX
  5
D16
  8
CUT
 10
864.8727512444888
 20
993.1182853747171
 30
0.0
 70
0
  0
VERTEX
  5
D17
  8
CUT
 10
865.1789790594282
 20
993.7300506158579
 30
0.0
 70
0
  0
VERTEX
  5
D18
  8
CUT
 10
865.608248664691
 20
994.262741699797
 30
0.0
 70
0
  0
VERTEX
  5
D19
  8
CUT
 10
866.1409397486301
 20
994.6920113050597
 30
0.0
 70
0
  0
VERTEX
  5
D1A
  8
CUT
 10
866.7527049897709
 20
994.9982391199992
 30
0.0
 70
0
  0
VERTEX
  5
D1B
  8
CUT
 10
867.4155828820135
 20
995.167428614019
 30
0.0
 70
0
  0
VERTEX
  5
D1C
  8
CUT
 10
868.0992757507255
 20
995.1918467667527
 30
0.0
 70
0
  0
VERTEX
  5
D1D
  8
CUT
 10
868.7725345463805
 20
995.0703775155664
 30
0.0
 70
0
  0
VERTEX
  5
D1E
  8
CUT
 10
869.4045871219921
 20
994.8085727666152
 30
0.0
 70
0
  0
VERTEX
  5
D1F
  8
CUT
 10
869.9665447131129
 20
994.4183986379336
 30
0.0
 70
0
  0
VERTEX
  5
D20
  8
CUT
 10
870.4327223354459
 20
993.9176885328363
 30
0.0
 70
0
  0
VERTEX
  5
D21
  8
CUT
 10
870.7818127496224
 20
993.329328041606
 30
0.0
 70
0
  0
VERTEX
  5
D22
  8
CUT
 10
870.9978603355956
 20
992.6802089265695
 30
0.0
 70
0
  0
VERTEX
  5
D23
  8
CUT
 10
871.0709903644879
 20
992.0
 30
0.0
 70
0
  0
VERTEX
  5
D24
  8
CUT
 10
900.0709903644879
 20
992.0
 30
0.0
 70
0
  0
VERTEX
  5
D25
  8
CUT
 10
900.1441203933801
 20
992.6802089265695
 30
0.0
 70
0
  0
VERTEX
  5
D26
  8
CUT
 10
900.3601679793535
 20
993.329328041606
 30
0.0
 70
0
  0
VERTEX
  5
D27
  8
CUT
 10
900.7092583935299
 20
993.9176885328363
 30
0.0
 70
0
  0
VERTEX
  5
D28
  8
CUT
 10
901.175436015863
 20
994.4183986379337
 30
0.0
 70
0
  0
VERTEX
  5
D29
  8
CUT
 10
901.7373936069837
 20
994.8085727666153
 30
0.0
 70
0
  0
VERTEX
  5
D2A
  8
CUT
 10
902.3694461825953
 20
995.0703775155664
 30
0.0
 70
0
  0
VERTEX
  5
D2B
  8
CUT
 10
903.0427049782504
 20
995.1918467667529
 30
0.0
 70
0
  0
VERTEX
  5
D2C
  8
CUT
 10
903.7263978469624
 20
995.1674286140191
 30
0.0
 70
0
  0
VERTEX
  5
D2D
  8
CUT
 10
904.3892757392051
 20
994.9982391199993
 30
0.0
 70
0
  0
VERTEX
  5
D2E
  8
CUT
 10
905.0010409803459
 20
994.6920113050599
 30
0.0
 70
0
  0
VERTEX
  5
D2F
  8
CUT
 10
905.5337320642849
 20
994.262741699797
 30
0.0
 70
0
  0
VERTEX
  5
D30
  8
CUT
 10
905.9630016695478
 20
993.730050615858
 30
0.0
 70
0
  0
VERTEX
  5
D31
  8
CUT
 10
906.2692294844873
 20
993.1182853747172
 30
0.0
 70
0
  0
VERTEX
  5
D32
  8
CUT
 10
906.438418978507
 20
992.4554074824745
 30
0.0
 70
0
  0
VERTEX
  5
D33
  8
CUT
 10
906.4628371312408
 20
991.7717146137625
 30
0.0
 70
0
  0
VERTEX
  5
D34
  8
CUT
 10
906.3413678800543
 20
991.0984558181074
 30
0.0
 70
0
  0
VERTEX
  5
D35
  8
CUT
 10
906.0795631311032
 20
990.4664032424957
 30
0.0
 70
0
  0
VERTEX
  5
D36
  8
CUT
 10
905.6893890024216
 20
989.9044456513751
 30
0.0
 70
0
  0
VERTEX
  5
D37
  8
CUT
 10
905.1886788973243
 20
989.438268029042
 30
0.0
 70
0
  0
VERTEX
  5
D38
  8
CUT
 10
904.600318406094
 20
989.0891776148655
 30
0.0
 70
0
  0
VERTEX
  5
D39
  8
CUT
 10
903.9511992910575
 20
988.8731300288922
 30
0.0
 70
0
  0
VERTEX
  5
D3A
  8
CUT
 10
903.270990364488
 20
988.8
 30
0.0
 70
0
  0
VERTEX
  5
D3B
  8
CUT
 10
903.270990364488
 20
974.0
 30
0.0
 70
0
  0
VERTEX
  5
D3C
  8
CUT
 10
936.8781638636858
 20
974.0
 30
0.0
 70
0
  0
VERTEX
  5
D3D
  8
CUT
 10
936.8781638636858
 20
988.8
 30
0.0
 70
0
  0
VERTEX
  5
D3E
  8
CUT
 10
936.1979549371163
 20
988.8731300288923
 30
0.0
 70
0
  0
VERTEX
  5
D3F
  8
CUT
 10
935.5488358220798
 20
989.0891776148655
 30
0.0
 70
0
  0
VERTEX
  5
D40
  8
CUT
 10
934.9604753308495
 20
989.438268029042
 30
0.0
 70
0
  0
VERTEX
  5
D41
  8
CUT
 10
934.4597652257521
 20
989.904445651375
 30
0.0
 70
0
  0
VERTEX
  5
D42
  8
CUT
 10
934.0695910970705
 20
990.4664032424957
 30
0.0
 70
0
  0
VERTEX
  5
D43
  8
CUT
 10
933.8077863481194
 20
991.0984558181074
 30
0.0
 70
0
  0
VERTEX
  5
D44
  8
CUT
 10
933.686317096933
 20
991.7717146137624
 30
0.0
 70
0
  0
VERTEX
  5
D45
  8
CUT
 10
933.7107352496668
 20
992.4554074824744
 30
0.0
 70
0
  0
VERTEX
  5
D46
  8
CUT
 10
933.8799247436864
 20
993.1182853747171
 30
0.0
 70
0
  0
VERTEX
  5
D47
  8
CUT
 10
934.1861525586258
 20
993.7300506158579
 30
0.0
 70
0
  0
VERTEX
  5
D48
  8
CUT
 10
934.6154221638886
 20
994.2627416997968
 30
0.0
 70
0
  0
VERTEX
  5
D49
  8
CUT
 10
935.1481132478277
 20
994.6920113050597
 30
0.0
 70
0
  0
VERTEX
  5
D4A
  8
CUT
 10
935.7598784889685
 20
994.9982391199992
 30
0.0
 70
0
  0
VERTEX
  5
D4B
  8
CUT
 10
936.4227563812111
 20
995.167428614019
 30
0.0
 70
0
  0
VERTEX
  5
D4C
  8
CUT
 10
937.1064492499231
 20
995.1918467667529
 30
0.0
 70
0
  0
VERTEX
  5
D4D
  8
CUT
 10
937.7797080455782
 20
995.0703775155664
 30
0.0
 70
0
  0
VERTEX
  5
D4E
  8
CUT
 10
938.4117606211897
 20
994.8085727666153
 30
0.0
 70
0
  0
VERTEX
  5
D4F
  8
CUT
 10
938.9737182123105
 20
994.4183986379337
 30
0.0
 70
0
  0
VERTEX
  5
D50
  8
CUT
 10
939.4398958346436
 20
993.9176885328365
 30
0.0
 70
0
  0
VERTEX
  5
D51
  8
CUT
 10
939.7889862488202
 20
993.3293280416061
 30
0.0
 70
0
  0
VERTEX
  5
D52
  8
CUT
 10
940.0050338347934
 20
992.6802089265697
 30
0.0
 70
0
  0
VERTEX
  5
D53
  8
CUT
 10
940.0781638636857
 20
992.0
 30
0.0
 70
0
  0
VERTEX
  5
D54
  8
CUT
 10
950.7419807289759
 20
992.0
 30
0.0
 70
0
  0
SEQEND
  5
C60
  8
CUT
  0
POLYLINE
  5
D55
  8
CUT
 66
1
 10
0.0
 20
0.0
 30
0.0
 70
1
  0
VERTEX
  5
D57
  8
CUT
 10
139.74198072897593
 20
78.87099036448797
 30
0.0
 70
0
  0
VERTEX
  5
D58
  8
CUT
 10
139.6638532493522
 20
81.95405543283857
 30
0.0
 70
0
  0
VERTEX
  5
D59
  8
CUT
 10
139.4296713626007
 20
85.02920631737636
 30
0.0
 70
0
  0
VERTEX
  5
D5A
  8
CUT
 10
139.040036210266
 20
88.08854914988488
 30
0.0
 70
0
  0
VERTEX
  5
D5B
  8
CUT
 10
138.49594798019604
 20
91.12423064119048
 30
0.0
 70
0
  0
VERTEX
  5
D5C
  8
CUT
 10
137.79880333907397
 20
94.12845824044305
 30
0.0
 70
0
  0
VERTEX
  5
D5D
  8
CUT
 10
136.95039184719505
 20
97.09352013848226
 30
0.0
 70
0
  0
VERTEX
  5
D5E
  8
CUT
 10
135.95289136469094
 20
100.01180506394108
 30
0.0
 70
0
  0
VERTEX
  5
D5F
  8
CUT
 10
134.80886246099396
 20
102.8758218212702
 30
0.0
 70
0
  0
VERTEX
  5
D60
  8
CUT
 10
133.52124184189213
 20
105.67821852052958
 30
0.0
 70
0
  0
VERTEX
  5
D61
  8
CUT
 10
132.0933348110475
 20
108.4118014495845
 30
0.0
 70
0
  0
VERTEX
  5
D62
  8
CUT
 10
130.528806785329
 20
111.06955354026141
 30
0.0
 70
0
  0
VERTEX
  5
D63
  8
CUT
 10
128.83167388574006
 20
113.6446523810613
 30
0.0
 70
0
  0
VERTEX
  5
D64
  8
CUT
 10
127.00629262809349
 20
116.13048773019219
 30
0.0
 70
0
  0
VERTEX
  5
D65
  8
CUT
 10
125.05734873989782
 20
118.52067848396496
 30
0.0
 70
0
  0
VERTEX
  5
D66
  8
CUT
 10
122.98984513216212
 20
120.80908905699505
 30
0.0
 70
0
  0
VERTEX
  5
D67
  8
CUT
 10
120.80908905699505
 20
122.98984513216209
 30
0.0
 70
0
  0
VERTEX
  5
D68
  8
CUT
 10
118.52067848396496
 20
125.05734873989783
 30
0.0
 70
0
  0
VERTEX
  5
D69
  8
CUT
 10
116.13048773019219
 20
127.00629262809349
 30
0.0
 70
0
  0
VERTEX
  5
D6A
  8
CUT
 10
113.6446523810613
 20
128.83167388574006
 30
0.0
 70
0
  0
VERTEX
  5
D6B
  8
CUT
 10
111.06955354026141
 20
130.52880678532898
 30
0.0
 70
0
  0
VERTEX
  5
D6C
  8
CUT
 10
108.4118014495845
 20
132.0933348110475
 30
0.0
 70
0
  0
VERTEX
  5
D6D
  8
CUT
 10
105.67821852052958
 20
133.52124184189213
 30
0.0
 70
0
  0
VERTEX
  5
D6E
  8
CUT
 10
102.87582182127021
 20
134.80886246099396
 30
0.0
 70
0
  0
VERTEX
  5
D6F
  8
CUT
 10
100.01180506394108
 20
135.95289136469094
 30
0.0
 70
0
  0
VERTEX
  5
D70
  8
CUT
 10
97.09352013848226
 20
136.95039184719505
 30
0.0
 70
0
  0
VERTEX
  5
D71
  8
CUT
 10
94.12845824044305
 20
137.79880333907397
 30
0.0
 70
0
  0
VERTEX
  5
D72
  8
CUT
 10
91.12423064119048
 20
138.49594798019604
 30
0.0
 70
0
  0
VERTEX
  5
D73
  8
CUT
 10
88.08854914988488
 20
139.040036210266
 30
0.0
 70
0
  0
VERTEX
  5
D74
  8
CUT
 10
85.02920631737636
 20
139.4296713626007
 30
0.0
 70
0
  0
VERTEX
  5
D75
  8
CUT
 10
81.95405543283859
 20
139.6638532493522
 30
0.0
 70
0
  0
VERTEX
  5
D76
  8
CUT
 10
78.87099036448797
 20
139.74198072897593
 30
0.0
 70
0
  0
VERTEX
  5
D77
  8
CUT
 10
75.78792529613736
 20
139.6638532493522
 30
0.0
 70
0
  0
VERTEX
  5
D78
  8
CUT
 10
72.71277441159957
 20
139.4296713626007
 30
0.0
 70
0
  0
VERTEX
  5
D79
  8
CUT
 10
69.65343157909105
 20
139.040036210266
 30
0.0
 70
0
  0
VERTEX
  5
D7A
  8
CUT
 10
66.61775008778545
 20
138.49594798019604
 30
0.0
 70
0
  0
VERTEX
  5
D7B
  8
CUT
 10
63.61352248853289
 20
137.79880333907397
 30
0.0
 70
0
  0
VERTEX
  5
D7C
  8
CUT
 10
60.64846059049368
 20
136.95039184719505
 30
0.0
 70
0
  0
VERTEX
  5
D7D
  8
CUT
 10
57.730175665034864
 20
135.95289136469094
 30
0.0
 70
0
  0
VERTEX
  5
D7E
  8
CUT
 10
54.866158907705746
 20
134.80886246099396
 30
0.0
 70
0
  0
VERTEX
  5
D7F
  8
CUT
 10
52.06376220844635
 20
133.52124184189213
 30
0.0
 70
0
  0
VERTEX
  5
D80
  8
CUT
 10
49.330179279391444
 20
132.0933348110475
 30
0.0
 70
0
  0
VERTEX
  5
D81
  8
CUT
 10
46.67242718871452
 20
130.52880678532898
 30
0.0
 70
0
  0
VERTEX
  5
D82
  8
CUT
 10
44.09732834791464
 20
128.8316738857401
 30
0.0
 70
0
  0
VERTEX
  5
D83
  8
CUT
 10
41.61149299878376
 20
127.0062926280935
 30
0.0
 70
0
  0
VERTEX
  5
D84
  8
CUT
 10
39.22130224501098
 20
125.05734873989783
 30
0.0
 70
0
  0
VERTEX
  5
D85
  8
CUT
 10
36.932891671980904
 20
122.98984513216212
 30
0.0
 70
0
  0
VERTEX
  5
D86
  8
CUT
 10
34.75213559681382
 20
120.80908905699503
 30
0.0
 70
0
  0
VERTEX
  5
D87
  8
CUT
 10
32.68463198907811
 20
118.52067848396496
 30
0.0
 70
0
  0
VERTEX
  5
D88
  8
CUT
 10
30.735688100882456
 20
116.1304877301922
 30
0.0
 70
0
  0
VERTEX
  5
D89
  8
CUT
 10
28.910306843235865
 20
113.6446523810613
 30
0.0
 70
0
  0
VERTEX
  5
D8A
  8
CUT
 10
27.213173943646943
 20
111.06955354026142
 30
0.0
 70
0
  0
VERTEX
  5
D8B
  8
CUT
 10
25.648645917928448
 20
108.4118014495845
 30
0.0
 70
0
  0
VERTEX
  5
D8C
  8
CUT
 10
24.220738887083797
 20
105.6782185205296
 30
0.0
 70
0
  0
VERTEX
  5
D8D
  8
CUT
 10
22.93311826798196
 20
102.8758218212702
 30
0.0
 70
0
  0
VERTEX
  5
D8E
  8
CUT
 10
21.789089364284983
 20
100.01180506394107
 30
0.0
 70
0
  0
VERTEX
  5
D8F
  8
CUT
 10
20.791588881780882
 20
97.09352013848226
 30
0.0
 70
0
  0
VERTEX
  5
D90
  8
CUT
 10
19.943177389901983
 20
94.12845824044307
 30
0.0
 70
0
  0
VERTEX
  5
D91
  8
CUT
 10
19.24603274877991
 20
91.12423064119048
 30
0.0
 70
0
  0
VERTEX
  5
D92
  8
CUT
 10
18.70194451870993
 20
88.0885491498849
 30
0.0
 70
0
  0
VERTEX
  5
D93
  8
CUT
 10
18.31230936637526
 20
85.0292063173764
 30
0.0
 70
0
  0
VERTEX
  5
D94
  8
CUT
 10
18.07812747962374
 20
81.95405543283856
 30
0.0
 70
0
  0
VERTEX
  5
D95
  8
CUT
 10
18.0
 20
78.87099036448797
 30
0.0
 70
0
  0
VERTEX
  5
D96
  8
CUT
 10
18.07812747962374
 20
75.78792529613736
 30
0.0
 70
0
  0
VERTEX
  5
D97
  8
CUT
 10
18.312309366375253
 20
72.71277441159957
 30
0.0
 70
0
  0
VERTEX
  5
D98
  8
CUT
 10
18.70194451870993
 20
69.65343157909105
 30
0.0
 70
0
  0
VERTEX
  5
D99
  8
CUT
 10
19.24603274877991
 20
66.61775008778545
 30
0.0
 70
0
  0
VERTEX
  5
D9A
  8
CUT
 10
19.943177389901976
 20
63.61352248853288
 30
0.0
 70
0
  0
VERTEX
  5
D9B
  8
CUT
 10
20.791588881780875
 20
60.648460590493684
 30
0.0
 70
0
  0
VERTEX
  5
D9C
  8
CUT
 10
21.78908936428499
 20
57.73017566503485
 30
0.0
 70
0
  0
VERTEX
  5
D9D
  8
CUT
 10
22.933118267981953
 20
54.86615890770575
 30
0.0
 70
0
  0
VERTEX
  5
D9E
  8
CUT
 10
24.220738887083797
 20
52.06376220844635
 30
0.0
 70
0
  0
VERTEX
  5
D9F
  8
CUT
 10
25.648645917928448
 20
49.330179279391444
 30
0.0
 70
0
  0
VERTEX
  5
DA0
  8
CUT
 10
27.213173943646936
 20
46.67242718871452
 30
0.0
 70
0
  0
VERTEX
  5
DA1
  8
CUT
 10
28.91030684323585
 20
44.09732834791464
 30
0.0
 70
0
  0
VERTEX
  5
DA2
  8
CUT
 10
30.73568810088244
 20
41.611492998783746
 30
0.0
 70
0
  0
VERTEX
  5
DA3
  8
CUT
 10
32.6846319890781
 20
39.22130224501098
 30
0.0
 70
0
  0
VERTEX
  5
DA4
  8
CUT
 10
34.75213559681383
 20
36.93289167198089
 30
0.0
 70
0
  0
VERTEX
  5
DA5
  8
CUT
 10
36.932891671980876
 20
34.75213559681384
 30
0.0
 70
0
  0
VERTEX
  5
DA6
  8
CUT
 10
39.22130224501095
 20
32.684631989078134
 30
0.0
 70
0
  0
VERTEX
  5
DA7
  8
CUT
 10
41.61149299878375
 20
30.73568810088244
 30
0.0
 70
0
  0
VERTEX
  5
DA8
  8
CUT
 10
44.097328347914626
 20
28.910306843235865
 30
0.0
 70
0
  0
VERTEX
  5
DA9
  8
CUT
 10
46.67242718871451
 20
27.213173943646943
 30
0.0
 70
0
  0
VERTEX
  5
DAA
  8
CUT
 10
49.33017927939145
 20
25.64864591792844
 30
0.0
 70
0
  0
VERTEX
  5
DAB
  8
CUT
 10
52.06376220844636
 20
24.220738887083797
 30
0.0
 70
0
  0
VERTEX
  5
DAC
  8
CUT
 10
54.86615890770573
 20
22.93311826798196
 30
0.0
 70
0
  0
VERTEX
  5
DAD
  8
CUT
 10
57.730175665034835
 20
21.789089364284997
 30
0.0
 70
0
  0
VERTEX
  5
DAE
  8
CUT
 10
60.648460590493634
 20
20.79158888178089
 30
0.0
 70
0
  0
VERTEX
  5
DAF
  8
CUT
 10
63.61352248853288
 20
19.943177389901976
 30
0.0
 70
0
  0
VERTEX
  5
DB0
  8
CUT
 10
66.61775008778544
 20
19.24603274877991
 30
0.0
 70
0
  0
VERTEX
  5
DB1
  8
CUT
 10
69.65343157909103
 20
18.70194451870993
 30
0.0
 70
0
  0
VERTEX
  5
DB2
  8
CUT
 10
72.71277441159958
 20
18.312309366375253
 30
0.0
 70
0
  0
VERTEX
  5
DB3
  8
CUT
 10
75.78792529613736
 20
18.07812747962374
 30
0.0
 70
0
  0
VERTEX
  5
DB4
  8
CUT
 10
78.87099036448795
 20
18.0
 30
0.0
 70
0
  0
VERTEX
  5
DB5
  8
CUT
 10
81.95405543283854
 20
18.07812747962373
 30
0.0
 70
0
  0
VERTEX
  5
DB6
  8
CUT
 10
85.02920631737632
 20
18.312309366375246
 30
0.0
 70
0
  0
VERTEX
  5
DB7
  8
CUT
 10
88.08854914988488
 20
18.70194451870993
 30
0.0
 70
0
  0
VERTEX
  5
DB8
  8
CUT
 10
91.12423064119047
 20
19.24603274877991
 30
0.0
 70
0
  0
VERTEX
  5
DB9
  8
CUT
 10
94.12845824044302
 20
19.94317738990197
 30
0.0
 70
0
  0
VERTEX
  5
DBA
  8
CUT
 10
97.09352013848228
 20
20.791588881780882
 30
0.0
 70
0
  0
VERTEX
  5
DBB
  8
CUT
 10
100.01180506394108
 20
21.78908936428499
 30
0.0
 70
0
  0
VERTEX
  5
DBC
  8
CUT
 10
102.87582182127018
 20
22.933118267981953
 30
0.0
 70
0
  0
VERTEX
  5
DBD
  8
CUT
 10
105.67821852052955
 20
24.220738887083783
 30
0.0
 70
0
  0
VERTEX
  5
DBE
  8
CUT
 10
108.41180144958446
 20
25.648645917928434
 30
0.0
 70
0
  0
VERTEX
  5
DBF
  8
CUT
 10
111.06955354026141
 20
27.21317394364693
 30
0.0
 70
0
  0
VERTEX
  5
DC0
  8
CUT
 10
113.64465238106129
 20
28.91030684323585
 30
0.0
 70
0
  0
VERTEX
  5
DC1
  8
CUT
 10
116.13048773019216
 20
30.735688100882427
 30
0.0
 70
0
  0
VERTEX
  5
DC2
  8
CUT
 10
118.52067848396496
 20
32.68463198907811
 30
0.0
 70
0
  0
VERTEX
  5
DC3
  8
CUT
 10
120.80908905699505
 20
34.75213559681383
 30
0.0
 70
0
  0
VERTEX
  5
DC4
  8
CUT
 10
122.98984513216209
 20
36.93289167198087
 30
0.0
 70
0
  0
VERTEX
  5
DC5
  8
CUT
 10
125.0573487398978
 20
39.22130224501095
 30
0.0
 70
0
  0
VERTEX
  5
DC6
  8
CUT
 10
127.00629262809346
 20
41.6114929987837
 30
0.0
 70
0
  0
VERTEX
  5
DC7
  8
CUT
 10
128.83167388574006
 20
44.09732834791462
 30
0.0
 70
0
  0
VERTEX
  5
DC8
  8
CUT
 10
130.52880678532898
 20
46.67242718871451
 30
0.0
 70
0
  0
VERTEX
  5
DC9
  8
CUT
 10
132.0933348110475
 20
49.330179279391444
 30
0.0
 70
0
  0
VERTEX
  5
DCA
  8
CUT
 10
133.52124184189213
 20
52.063762208446356
 30
0.0
 70
0
  0
VERTEX
  5
DCB
  8
CUT
 10
134.80886246099396
 20
54.86615890770573
 30
0.0
 70
0
  0
VERTEX
  5
DCC
  8
CUT
 10
135.95289136469094
 20
57.730175665034835
 30
0.0
 70
0
  0
VERTEX
  5
DCD
  8
CUT
 10
136.95039184719505
 20
60.64846059049363
 30
0.0
 70
0
  0
VERTEX
  5
DCE
  8
CUT
 10
137.79880333907394
 20
63.61352248853283
 30
0.0
 70
0
  0
VERTEX
  5
DCF
  8
CUT
 10
138.49594798019604
 20
66.61775008778544
 30
0.0
 70
0
  0
VERTEX
  5
DD0
  8
CUT
 10
139.040036210266
 20
69.65343157909103
 30
0.0
 70
0
  0
VERTEX
  5
DD1
  8
CUT
 10
139.4296713626007
 20
72.71277441159953
 30
0.0
 70
0
  0
VERTEX
  5
DD2
  8
CUT
 10
139.6638532493522
 20
75.78792529613736
 30
0.0
 70
0
  0
SEQEND
  5
D56
  8
CUT
  0
POLYLINE
  5
DD3
  8
CUT
 66
1
 10
0.0
 20
0.0
 30
0.0
 70
1
  0
VERTEX
  5
DD5
  8
CUT
 10
46.69255939057245
 20
37.78301394762195
 30
0.0
 70
0
  0
VERTEX
  5
DD6
  8
CUT
 10
46.263289785309624
 20
37.25032286368292
 30
0.0
 70
0
  0
VERTEX
  5
DD7
  8
CUT
 10
45.95706197037016
 20
36.638557622542116
 30
0.0
 70
0
  0
VERTEX
  5
DD8
  8
CUT
 10
45.787872476350415
 20
35.97567973029952
 30
0.0
 70
0
  0
VERTEX
  5
DD9
  8
CUT
 10
45.76345432361659
 20
35.29198686158746
 30
0.0
 70
0
  0
VERTEX
  5
DDA
  8
CUT
 10
45.88492357480301
 20
34.61872806593243
 30
0.0
 70
0
  0
VERTEX
  5
DDB
  8
CUT
 10
46.14672832375418
 20
33.98667549032083
 30
0.0
 70
0
  0
VERTEX
  5
DDC
  8
CUT
 10
46.536902452435776
 20
33.4247178992001
 30
0.0
 70
0
  0
VERTEX
  5
DDD
  8
CUT
 10
47.03761255753309
 20
32.958540276867055
 30
0.0
 70
0
  0
VERTEX
  5
DDE
  8
CUT
 10
47.62597304876336
 20
32.60944986269055
 30
0.0
 70
0
  0
VERTEX
  5
DDF
  8
CUT
 10
48.27509216379987
 20
32.3934022767173
 30
0.0
 70
0
  0
VERTEX
  5
DE0
  8
CUT
 10
48.955301090369396
 20
32.32027224782501
 30
0.0
 70
0
  0
VERTEX
  5
DE1
  8
CUT
 10
49.635510016938916
 20
32.3934022767173
 30
0.0
 70
0
  0
VERTEX
  5
DE2
  8
CUT
 10
50.28462913197543
 20
32.60944986269055
 30
0.0
 70
0
  0
VERTEX
  5
DE3
  8
CUT
 10
50.872989623205704
 20
32.958540276867055
 30
0.0
 70
0
  0
VERTEX
  5
DE4
  8
CUT
 10
51.373699728303016
 20
33.4247178992001
 30
0.0
 70
0
  0
VERTEX
  5
DE5
  8
CUT
 10
51.76387385698461
 20
33.98667549032083
 30
0.0
 70
0
  0
VERTEX
  5
DE6
  8
CUT
 10
52.02567860593578
 20
34.61872806593243
 30
0.0
 70
0
  0
VERTEX
  5
DE7
  8
CUT
 10
52.1471478571222
 20
35.29198686158746
 30
0.0
 70
0
  0
VERTEX
  5
DE8
  8
CUT
 10
52.12272970438838
 20
35.97567973029952
 30
0.0
 70
0
  0
VERTEX
  5
DE9
  8
CUT
 10
51.95354021036863
 20
36.638557622542116
 30
0.0
 70
0
  0
VERTEX
  5
DEA
  8
CUT
 10
51.64731239542917
 20
37.25032286368292
 30
0.0
 70
0
  0
VERTEX
  5
DEB
  8
CUT
 10
51.21804279016634
 20
37.78301394762195
 30
0.0
 70
0
  0
VERTEX
  5
DEC
  8
CUT
 10
71.16352644955461
 20
57.7284976070102
 30
0.0
 70
0
  0
VERTEX
  5
DED
  8
CUT
 10
71.69621753349365
 20
57.299228001747366
 30
0.0
 70
0
  0
VERTEX
  5
DEE
  8
CUT
 10
72.30798277463444
 20
56.99300018680791
 30
0.0
 70
0
  0
VERTEX
  5
DEF
  8
CUT
 10
72.97086066687704
 20
56.823810692788165
 30
0.0
 70
0
  0
VERTEX
  5
DF0
  8
CUT
 10
73.6545535355891
 20
56.799392540054335
 30
0.0
 70
0
  0
VERTEX
  5
DF1
  8
CUT
 10
74.32781233124413
 20
56.92086179124076
 30
0.0
 70
0
  0
VERTEX
  5
DF2
  8
CUT
 10
74.95986490685574
 20
57.18266654019193
 30
0.0
 70
0
  0
VERTEX
  5
DF3
  8
CUT
 10
75.52182249797647
 20
57.572840668873525
 30
0.0
 70
0
  0
VERTEX
  5
DF4
  8
CUT
 10
75.98800012030952
 20
58.073550773970844
 30
0.0
 70
0
  0
VERTEX
  5
DF5
  8
CUT
 10
76.33709053448602
 20
58.66191126520112
 30
0.0
 70
0
  0
VERTEX
  5
DF6
  8
CUT
 10
76.55313812045927
 20
59.31103038023763
 30
0.0
 70
0
  0
VERTEX
  5
DF7
  8
CUT
 10
76.62626814935156
 20
59.99123930680716
 30
0.0
 70
0
  0
VERTEX
  5
DF8
  8
CUT
 10
76.55313812045927
 20
60.67144823337668
 30
0.0
 70
0
  0
VERTEX
  5
DF9
  8
CUT
 10
76.33709053448602
 20
61.32056734841319
 30
0.0
 70
0
  0
VERTEX
  5
DFA
  8
CUT
 10
75.98800012030951
 20
61.90892783964347
 30
0.0
 70
0
  0
VERTEX
  5
DFB
  8
CUT
 10
75.52182249797647
 20
62.40963794474079
 30
0.0
 70
0
  0
VERTEX
  5
DFC
  8
CUT
 10
74.95986490685574
 20
62.79981207342237
 30
0.0
 70
0
  0
VERTEX
  5
DFD
  8
CUT
 10
74.32781233124413
 20
63.06161682237355
 30
0.0
 70
0
  0
VERTEX
  5
DFE
  8
CUT
 10
73.6545535355891
 20
63.18308607355997
 30
0.0
 70
0
  0
VERTEX
  5
DFF
  8
CUT
 10
72.97086066687704
 20
63.15866792082614
 30
0.0
 70
0
  0
VERTEX
  5
E00
  8
CUT
 10
72.30798277463444
 20
62.98947842680639
 30
0.0
 70
0
  0
VERTEX
  5
E01
  8
CUT
 10
71.69621753349364
 20
62.68325061186693
 30
0.0
 70
0
  0
VERTEX
  5
E02
  8
CUT
 10
71.16352644955461
 20
62.25398100660411
 30
0.0
 70
0
  0
VERTEX
  5
E03
  8
CUT
 10
62.25398100660411
 20
71.16352644955461
 30
0.0
 70
0
  0
VERTEX
  5
E04
  8
CUT
 10
62.68325061186694
 20
71.69621753349365
 30
0.0
 70
0
  0
VERTEX
  5
E05
  8
CUT
 10
62.98947842680639
 20
72.30798277463444
 30
0.0
 70
0
  0
VERTEX
  5
E06
  8
CUT
 10
63.15866792082614
 20
72.97086066687704
 30
0.0
 70
0
  0
VERTEX
  5
E07
  8
CUT
 10
63.18308607355997
 20
73.6545535355891
 30
0.0
 70
0
  0
VERTEX
  5
E08
  8
CUT
 10
63.061616822373544
 20
74.32781233124413
 30
0.0
 70
0
  0
VERTEX
  5
E09
  8
CUT
 10
62.79981207342237
 20
74.95986490685574
 30
0.0
 70
0
  0
VERTEX
  5
E0A
  8
CUT
 10
62.40963794474078
 20
75.52182249797647
 30
0.0
 70
0
  0
VERTEX
  5
E0B
  8
CUT
 10
61.90892783964346
 20
75.98800012030952
 30
0.0
 70
0
  0
VERTEX
  5
E0C
  8
CUT
 10
61.320567348413185
 20
76.33709053448602
 30
0.0
 70
0
  0
VERTEX
  5
E0D
  8
CUT
 10
60.67144823337667
 20
76.55313812045927
 30
0.0
 70
0
  0
VERTEX
  5
E0E
  8
CUT
 10
59.991239306807145
 20
76.62626814935156
 30
0.0
 70
0
  0
VERTEX
  5
E0F
  8
CUT
 10
59.311030380237625
 20
76.55313812045927
 30
0.0
 70
0
  0
VERTEX
  5
E10
  8
CUT
 10
58.66191126520111
 20
76.33709053448602
 30
0.0
 70
0
  0
VERTEX
  5
E11
  8
CUT
 10
58.07355077397084
 20
75.98800012030951
 30
0.0
 70
0
  0
VERTEX
  5
E12
  8
CUT
 10
57.57284066887352
 20
75.52182249797647
 30
0.0
 70
0
  0
VERTEX
  5
E13
  8
CUT
 10
57.18266654019193
 20
74.95986490685574
 30
0.0
 70
0
  0
VERTEX
  5
E14
  8
CUT
 10
56.92086179124075
 20
74.32781233124413
 30
0.0
 70
0
  0
VERTEX
  5
E15
  8
CUT
 10
56.799392540054335
 20
73.6545535355891
 30
0.0
 70
0
  0
VERTEX
  5
E16
  8
CUT
 10
56.823810692788165
 20
72.97086066687704
 30
0.0
 70
0
  0
VERTEX
  5
E17
  8
CUT
 10
56.99300018680791
 20
72.30798277463444
 30
0.0
 70
0
  0
VERTEX
  5
E18
  8
CUT
 10
57.29922800174737
 20
71.69621753349364
 30
0.0
 70
0
  0
VERTEX
  5
E19
  8
CUT
 10
57.7284976070102
 20
71.16352644955461
 30
0.0
 70
0
  0
VERTEX
  5
E1A
  8
CUT
 10
37.783013947621946
 20
51.21804279016635
 30
0.0
 70
0
  0
VERTEX
  5
E1B
  8
CUT
 10
37.25032286368291
 20
51.647312395429175
 30
0.0
 70
0
  0
VERTEX
  5
E1C
  8
CUT
 10
36.63855762254211
 20
51.95354021036864
 30
0.0
 70
0
  0
VERTEX
  5
E1D
  8
CUT
 10
35.97567973029951
 20
52.122729704388384
 30
0.0
 70
0
  0
VERTEX
  5
E1E
  8
CUT
 10
35.29198686158745
 20
52.14714785712221
 30
0.0
 70
0
  0
VERTEX
  5
E1F
  8
CUT
 10
34.61872806593242
 20
52.02567860593579
 30
0.0
 70
0
  0
VERTEX
  5
E20
  8
CUT
 10
33.98667549032082
 20
51.76387385698462
 30
0.0
 70
0
  0
VERTEX
  5
E21
  8
CUT
 10
33.42471789920009
 20
51.37369972830302
 30
0.0
 70
0
  0
VERTEX
  5
E22
  8
CUT
 10
32.95854027686705
 20
50.87298962320571
 30
0.0
 70
0
  0
VERTEX
  5
E23
  8
CUT
 10
32.609449862690546
 20
50.284629131975436
 30
0.0
 70
0
  0
VERTEX
  5
E24
  8
CUT
 10
32.393402276717296
 20
49.63551001693893
 30
0.0
 70
0
  0
VERTEX
  5
E25
  8
CUT
 10
32.320272247825
 20
48.9553010903694
 30
0.0
 70
0
  0
VERTEX
  5
E26
  8
CUT
 10
32.393402276717296
 20
48.27509216379988
 30
0.0
 70
0
  0
VERTEX
  5
E27
  8
CUT
 10
32.609449862690546
 20
47.62597304876337
 30
0.0
 70
0
  0
VERTEX
  5
E28
  8
CUT
 10
32.95854027686705
 20
47.037612557533095
 30
0.0
 70
0
  0
VERTEX
  5
E29
  8
CUT
 10
33.42471789920009
 20
46.53690245243578
 30
0.0
 70
0
  0
VERTEX
  5
E2A
  8
CUT
 10
33.98667549032082
 20
46.14672832375419
 30
0.0
 70
0
  0
VERTEX
  5
E2B
  8
CUT
 10
34.61872806593242
 20
45.88492357480302
 30
0.0
 70
0
  0
VERTEX
  5
E2C
  8
CUT
 10
35.29198686158745
 20
45.7634543236166
 30
0.0
 70
0
  0
VERTEX
  5
E2D
  8
CUT
 10
35.97567973029951
 20
45.78787247635042
 30
0.0
 70
0
  0
VERTEX
  5
E2E
  8
CUT
 10
36.63855762254211
 20
45.95706197037017
 30
0.0
 70
0
  0
VERTEX
  5
E2F
  8
CUT
 10
37.25032286368291
 20
46.26328978530963
 30
0.0
 70
0
  0
VERTEX
  5
E30
  8
CUT
 10
37.783013947621946
 20
46.692559390572455
 30
0.0
 70
0
  0
SEQEND
  5
DD4
  8
CUT
  0
POLYLINE
  5
E31
  8
CUT
 66
1
 10
0.0
 20
0.0
 30
0.0
 70
1
  0
VERTEX
  5
E33
  8
CUT
 10
95.48799972237184
 20
86.57845427942135
 30
0.0
 70
0
  0
VERTEX
  5
E34
  8
CUT
 10
95.05873011710901
 20
86.04576319548231
 30
0.0
 70
0
  0
VERTEX
  5
E35
  8
CUT
 10
94.75250230216956
 20
85.4339979543415
 30
0.0
 70
0
  0
VERTEX
  5
E36
  8
CUT
 10
94.58331280814981
 20
84.7711200620989
 30
0.0
 70
0
  0
VERTEX
  5
E37
  8
CUT
 10
94.55889465541598
 20
84.08742719338684
 30
0.0
 70
0
  0
VERTEX
  5
E38
  8
CUT
 10
94.68036390660241
 20
83.41416839773181
 30
0.0
 70
0
  0
VERTEX
  5
E39
  8
CUT
 10
94.94216865555359
 20
82.78211582212022
 30
0.0
 70
0
  0
VERTEX
  5
E3A
  8
CUT
 10
95.33234278423518
 20
82.22015823099949
 30
0.0
 70
0
  0
VERTEX
  5
E3B
  8
CUT
 10
95.83305288933249
 20
81.75398060866644
 30
0.0
 70
0
  0
VERTEX
  5
E3C
  8
CUT
 10
96.42141338056277
 20
81.40489019448994
 30
0.0
 70
0
  0
VERTEX
  5
E3D
  8
CUT
 10
97.07053249559928
 20
81.1888426085167
 30
0.0
 70
0
  0
VERTEX
  5
E3E
  8
CUT
 10
97.75074142216882
 20
81.1157125796244
 30
0.0
 70
0
  0
VERTEX
  5
E3F
  8
CUT
 10
98.43095034873834
 20
81.1888426085167
 30
0.0
 70
0
  0
VERTEX
  5
E40
  8
CUT
 10
99.08006946377485
 20
81.40489019448995
 30
0.0
 70
0
  0
VERTEX
  5
E41
  8
CUT
 10
99.66842995500512
 20
81.75398060866645
 30
0.0
 70
0
  0
VERTEX
  5
E42
  8
CUT
 10
100.16914006010244
 20
82.2201582309995
 30
0.0
 70
0
  0
VERTEX
  5
E43
  8
CUT
 10
100.55931418878403
 20
82.78211582212023
 30
0.0
 70
0
  0
VERTEX
  5
E44
  8
CUT
 10
100.82111893773519
 20
83.41416839773183
 30
0.0
 70
0
  0
VERTEX
  5
E45
  8
CUT
 10
100.94258818892162
 20
84.08742719338687
 30
0.0
 70
0
  0
VERTEX
  5
E46
  8
CUT
 10
100.91817003618779
 20
84.77112006209893
 30
0.0
 70
0
  0
VERTEX
  5
E47
  8
CUT
 10
100.74898054216804
 20
85.43399795434152
 30
0.0
 70
0
  0
VERTEX
  5
E48
  8
CUT
 10
100.44275272722858
 20
86.04576319548232
 30
0.0
 70
0
  0
VERTEX
  5
E49
  8
CUT
 10
100.01348312196575
 20
86.57845427942134
 30
0.0
 70
0
  0
VERTEX
  5
E4A
  8
CUT
 10
119.95896678135401
 20
106.5239379388096
 30
0.0
 70
0
  0
VERTEX
  5
E4B
  8
CUT
 10
120.49165786529305
 20
106.09466833354676
 30
0.0
 70
0
  0
VERTEX
  5
E4C
  8
CUT
 10
121.10342310643384
 20
105.78844051860732
 30
0.0
 70
0
  0
VERTEX
  5
E4D
  8
CUT
 10
121.76630099867644
 20
105.61925102458757
 30
0.0
 70
0
  0
VERTEX
  5
E4E
  8
CUT
 10
122.4499938673885
 20
105.59483287185374
 30
0.0
 70
0
  0
VERTEX
  5
E4F
  8
CUT
 10
123.12325266304353
 20
105.71630212304015
 30
0.0
 70
0
  0
VERTEX
  5
E50
  8
CUT
 10
123.75530523865514
 20
105.97810687199133
 30
0.0
 70
0
  0
VERTEX
  5
E51
  8
CUT
 10
124.31726282977586
 20
106.36828100067292
 30
0.0
 70
0
  0
VERTEX
  5
E52
  8
CUT
 10
124.7834404521089
 20
106.86899110577023
 30
0.0
 70
0
  0
VERTEX
  5
E53
  8
CUT
 10
125.1325308662854
 20
107.45735159700051
 30
0.0
 70
0
  0
VERTEX
  5
E54
  8
CUT
 10
125.34857845225866
 20
108.10647071203702
 30
0.0
 70
0
  0
VERTEX
  5
E55
  8
CUT
 10
125.42170848115094
 20
108.78667963860654
 30
0.0
 70
0
  0
VERTEX
  5
E56
  8
CUT
 10
125.34857845225866
 20
109.46688856517606
 30
0.0
 70
0
  0
VERTEX
  5
E57
  8
CUT
 10
125.1325308662854
 20
110.11600768021258
 30
0.0
 70
0
  0
VERTEX
  5
E58
  8
CUT
 10
124.7834404521089
 20
110.70436817144285
 30
0.0
 70
0
  0
VERTEX
  5
E59
  8
CUT
 10
124.31726282977586
 20
111.20507827654016
 30
0.0
 70
0
  0
VERTEX
  5
E5A
  8
CUT
 10
123.75530523865514
 20
111.59525240522176
 30
0.0
 70
0
  0
VERTEX
  5
E5B
  8
CUT
 10
123.12325266304353
 20
111.85705715417294
 30
0.0
 70
0
  0
VERTEX
  5
E5C
  8
CUT
 10
122.4499938673885
 20
111.97852640535935
 30
0.0
 70
0
  0
VERTEX
  5
E5D
  8
CUT
 10
121.76630099867644
 20
111.95410825262552
 30
0.0
 70
0
  0
VERTEX
  5
E5E
  8
CUT
 10
121.10342310643385
 20
111.78491875860577
 30
0.0
 70
0
  0
VERTEX
  5
E5F
  8
CUT
 10
120.49165786529305
 20
111.47869094366632
 30
0.0
 70
0
  0
VERTEX
  5
E60
  8
CUT
 10
119.95896678135401
 20
111.04942133840349
 30
0.0
 70
0
  0
VERTEX
  5
E61
  8
CUT
 10
111.0494213384035
 20
119.958966781354
 30
0.0
 70
0
  0
VERTEX
  5
E62
  8
CUT
 10
111.47869094366634
 20
120.49165786529304
 30
0.0
 70
0
  0
VERTEX
  5
E63
  8
CUT
 10
111.78491875860578
 20
121.10342310643382
 30
0.0
 70
0
  0
VERTEX
  5
E64
  8
CUT
 10
111.95410825262553
 20
121.76630099867643
 30
0.0
 70
0
  0
VERTEX
  5
E65
  8
CUT
 10
111.97852640535936
 20
122.44999386738849
 30
0.0
 70
0
  0
VERTEX
  5
E66
  8
CUT
 10
111.85705715417295
 20
123.12325266304352
 30
0.0
 70
0
  0
VERTEX
  5
E67
  8
CUT
 10
111.59525240522177
 20
123.75530523865513
 30
0.0
 70
0
  0
VERTEX
  5
E68
  8
CUT
 10
111.20507827654018
 20
124.31726282977584
 30
0.0
 70
0
  0
VERTEX
  5
E69
  8
CUT
 10
110.70436817144287
 20
124.78344045210889
 30
0.0
 70
0
  0
VERTEX
  5
E6A
  8
CUT
 10
110.11600768021259
 20
125.13253086628539
 30
0.0
 70
0
  0
VERTEX
  5
E6B
  8
CUT
 10
109.46688856517608
 20
125.34857845225865
 30
0.0
 70
0
  0
VERTEX
  5
E6C
  8
CUT
 10
108.78667963860656
 20
125.42170848115093
 30
0.0
 70
0
  0
VERTEX
  5
E6D
  8
CUT
 10
108.10647071203704
 20
125.34857845225865
 30
0.0
 70
0
  0
VERTEX
  5
E6E
  8
CUT
 10
107.45735159700052
 20
125.13253086628539
 30
0.0
 70
0
  0
VERTEX
  5
E6F
  8
CUT
 10
106.86899110577025
 20
124.78344045210889
 30
0.0
 70
0
  0
VERTEX
  5
E70
  8
CUT
 10
106.36828100067294
 20
124.31726282977584
 30
0.0
 70
0
  0
VERTEX
  5
E71
  8
CUT
 10
105.97810687199134
 20
123.75530523865513
 30
0.0
 70
0
  0
VERTEX
  5
E72
  8
CUT
 10
105.71630212304018
 20
123.12325266304352
 30
0.0
 70
0
  0
VERTEX
  5
E73
  8
CUT
 10
105.59483287185375
 20
122.44999386738849
 30
0.0
 70
0
  0
VERTEX
  5
E74
  8
CUT
 10
105.61925102458758
 20
121.76630099867643
 30
0.0
 70
0
  0
VERTEX
  5
E75
  8
CUT
 10
105.78844051860733
 20
121.10342310643384
 30
0.0
 70
0
  0
VERTEX
  5
E76
  8
CUT
 10
106.09466833354678
 20
120.49165786529304
 30
0.0
 70
0
  0
VERTEX
  5
E77
  8
CUT
 10
106.52393793880961
 20
119.958966781354
 30
0.0
 70
0
  0
VERTEX
  5
E78
  8
CUT
 10
86.57845427942135
 20
100.01348312196575
 30
0.0
 70
0
  0
VERTEX
  5
E79
  8
CUT
 10
86.04576319548232
 20
100.44275272722858
 30
0.0
 70
0
  0
VERTEX
  5
E7A
  8
CUT
 10
85.43399795434152
 20
100.74898054216804
 30
0.0
 70
0
  0
VERTEX
  5
E7B
  8
CUT
 10
84.77112006209892
 20
100.91817003618779
 30
0.0
 70
0
  0
VERTEX
  5
E7C
  8
CUT
 10
84.08742719338686
 20
100.94258818892162
 30
0.0
 70
0
  0
VERTEX
  5
E7D
  8
CUT
 10
83.41416839773183
 20
100.82111893773519
 30
0.0
 70
0
  0
VERTEX
  5
E7E
  8
CUT
 10
82.78211582212022
 20
100.55931418878401
 30
0.0
 70
0
  0
VERTEX
  5
E7F
  8
CUT
 10
82.22015823099949
 20
100.16914006010244
 30
0.0
 70
0
  0
VERTEX
  5
E80
  8
CUT
 10
81.75398060866645
 20
99.66842995500511
 30
0.0
 70
0
  0
VERTEX
  5
E81
  8
CUT
 10
81.40489019448994
 20
99.08006946377483
 30
0.0
 70
0
  0
VERTEX
  5
E82
  8
CUT
 10
81.1888426085167
 20
98.43095034873834
 30
0.0
 70
0
  0
VERTEX
  5
E83
  8
CUT
 10
81.1157125796244
 20
97.7507414221688
 30
0.0
 70
0
  0
VERTEX
  5
E84
  8
CUT
 10
81.1888426085167
 20
97.07053249559928
 30
0.0
 70
0
  0
VERTEX
  5
E85
  8
CUT
 10
81.40489019448994
 20
96.42141338056277
 30
0.0
 70
0
  0
VERTEX
  5
E86
  8
CUT
 10
81.75398060866645
 20
95.83305288933249
 30
0.0
 70
0
  0
VERTEX
  5
E87
  8
CUT
 10
82.22015823099949
 20
95.33234278423517
 30
0.0
 70
0
  0
VERTEX
  5
E88
  8
CUT
 10
82.78211582212022
 20
94.94216865555359
 30
0.0
 70
0
  0
VERTEX
  5
E89
  8
CUT
 10
83.41416839773183
 20
94.68036390660241
 30
0.0
 70
0
  0
VERTEX
  5
E8A
  8
CUT
 10
84.08742719338686
 20
94.55889465541598
 30
0.0
 70
0
  0
VERTEX
  5
E8B
  8
CUT
 10
84.77112006209892
 20
94.58331280814981
 30
0.0
 70
0
  0
VERTEX
  5
E8C
  8
CUT
 10
85.43399795434152
 20
94.75250230216956
 30
0.0
 70
0
  0
VERTEX
  5
E8D
  8
CUT
 10
86.04576319548232
 20
95.05873011710902
 30
0.0
 70
0
  0
VERTEX
  5
E8E
  8
CUT
 10
86.57845427942135
 20
95.48799972237184
 30
0.0
 70
0
  0
SEQEND
  5
E32
  8
CUT
  0
POLYLINE
  5
E8F
  8
CUT
 66
1
 10
0.0
 20
0.0
 30
0.0
 70
1
  0
VERTEX
  5
E91
  8
CUT
 10
119.958966781354
 20
46.69255939057245
 30
0.0
 70
0
  0
VERTEX
  5
E92
  8
CUT
 10
120.49165786529304
 20
46.263289785309624
 30
0.0
 70
0
  0
VERTEX
  5
E93
  8
CUT
 10
121.10342310643382
 20
45.95706197037016
 30
0.0
 70
0
  0
VERTEX
  5
E94
  8
CUT
 10
121.76630099867643
 20
45.787872476350415
 30
0.0
 70
0
  0
VERTEX
  5
E95
  8
CUT
 10
122.44999386738849
 20
45.76345432361659
 30
0.0
 70
0
  0
VERTEX
  5
E96
  8
CUT
 10
123.12325266304352
 20
45.88492357480301
 30
0.0
 70
0
  0
VERTEX
  5
E97
  8
CUT
 10
123.75530523865513
 20
46.14672832375418
 30
0.0
 70
0
  0
VERTEX
  5
E98
  8
CUT
 10
124.31726282977584
 20
46.536902452435776
 30
0.0
 70
0
  0
VERTEX
  5
E99
  8
CUT
 10
124.78344045210889
 20
47.03761255753309
 30
0.0
 70
0
  0
VERTEX
  5
E9A
  8
CUT
 10
125.13253086628539
 20
47.62597304876336
 30
0.0
 70
0
  0
VERTEX
  5
E9B
  8
CUT
 10
125.34857845225865
 20
48.27509216379987
 30
0.0
 70
0
  0
VERTEX
  5
E9C
  8
CUT
 10
125.42170848115093
 20
48.955301090369396
 30
0.0
 70
0
  0
VERTEX
  5
E9D
  8
CUT
 10
125.34857845225865
 20
49.635510016938916
 30
0.0
 70
0
  0
VERTEX
  5
E9E
  8
CUT
 10
125.13253086628539
 20
50.28462913197543
 30
0.0
 70
0
  0
VERTEX
  5
E9F
  8
CUT
 10
124.78344045210889
 20
50.872989623205704
 30
0.0
 70
0
  0
VERTEX
  5
EA0
  8
CUT
 10
124.31726282977584
 20
51.373699728303016
 30
0.0
 70
0
  0
VERTEX
  5
EA1
  8
CUT
 10
123.75530523865513
 20
51.76387385698461
 30
0.0
 70
0
  0
VERTEX
  5
EA2
  8
CUT
 10
123.12325266304352
 20
52.02567860593578
 30
0.0
 70
0
  0
VERTEX
  5
EA3
  8
CUT
 10
122.44999386738849
 20
52.1471478571222
 30
0.0
 70
0
  0
VERTEX
  5
EA4
  8
CUT
 10
121.76630099867643
 20
52.12272970438838
 30
0.0
 70
0
  0
VERTEX
  5
EA5
  8
CUT
 10
121.10342310643384
 20
51.95354021036863
 30
0.0
 70
0
  0
VERTEX
  5
EA6
  8
CUT
 10
120.49165786529304
 20
51.64731239542917
 30
0.0
 70
0
  0
VERTEX
  5
EA7
  8
CUT
 10
119.958966781354
 20
51.21804279016634
 30
0.0
 70
0
  0
VERTEX
  5
EA8
  8
CUT
 10
100.01348312196575
 20
71.16352644955461
 30
0.0
 70
0
  0
VERTEX
  5
EA9
  8
CUT
 10
100.44275272722858
 20
71.69621753349364
 30
0.0
 70
0
  0
VERTEX
  5
EAA
  8
CUT
 10
100.74898054216804
 20
72.30798277463444
 30
0.0
 70
0
  0
VERTEX
  5
EAB
  8
CUT
 10
100.91817003618779
 20
72.97086066687704
 30
0.0
 70
0
  0
VERTEX
  5
EAC
  8
CUT
 10
100.94258818892162
 20
73.6545535355891
 30
0.0
 70
0
  0
VERTEX
  5
EAD
  8
CUT
 10
100.82111893773519
 20
74.32781233124413
 30
0.0
 70
0
  0
VERTEX
  5
EAE
  8
CUT
 10
100.55931418878403
 20
74.95986490685574
 30
0.0
 70
0
  0
VERTEX
  5
EAF
  8
CUT
 10
100.16914006010244
 20
75.52182249797647
 30
0.0
 70
0
  0
VERTEX
  5
EB0
  8
CUT
 10
99.66842995500511
 20
75.98800012030951
 30
0.0
 70
0
  0
VERTEX
  5
EB1
  8
CUT
 10
99.08006946377483
 20
76.33709053448602
 30
0.0
 70
0
  0
VERTEX
  5
EB2
  8
CUT
 10
98.43095034873834
 20
76.55313812045927
 30
0.0
 70
0
  0
VERTEX
  5
EB3
  8
CUT
 10
97.7507414221688
 20
76.62626814935156
 30
0.0
 70
0
  0
VERTEX
  5
EB4
  8
CUT
 10
97.07053249559928
 20
76.55313812045927
 30
0.0
 70
0
  0
VERTEX
  5
EB5
  8
CUT
 10
96.42141338056277
 20
76.33709053448602
 30
0.0
 70
0
  0
VERTEX
  5
EB6
  8
CUT
 10
95.83305288933249
 20
75.98800012030951
 30
0.0
 70
0
  0
VERTEX
  5
EB7
  8
CUT
 10
95.33234278423517
 20
75.52182249797647
 30
0.0
 70
0
  0
VERTEX
  5
EB8
  8
CUT
 10
94.94216865555359
 20
74.95986490685574
 30
0.0
 70
0
  0
VERTEX
  5
EB9
  8
CUT
 10
94.68036390660241
 20
74.32781233124413
 30
0.0
 70
0
  0
VERTEX
  5
EBA
  8
CUT
 10
94.55889465541598
 20
73.6545535355891
 30
0.0
 70
0
  0
VERTEX
  5
EBB
  8
CUT
 10
94.58331280814981
 20
72.97086066687704
 30
0.0
 70
0
  0
VERTEX
  5
EBC
  8
CUT
 10
94.75250230216956
 20
72.30798277463444
 30
0.0
 70
0
  0
VERTEX
  5
EBD
  8
CUT
 10
95.05873011710902
 20
71.69621753349364
 30
0.0
 70
0
  0
VERTEX
  5
EBE
  8
CUT
 10
95.48799972237184
 20
71.16352644955461
 30
0.0
 70
0
  0
VERTEX
  5
EBF
  8
CUT
 10
86.57845427942135
 20
62.25398100660411
 30
0.0
 70
0
  0
VERTEX
  5
EC0
  8
CUT
 10
86.04576319548232
 20
62.68325061186694
 30
0.0
 70
0
  0
VERTEX
  5
EC1
  8
CUT
 10
85.43399795434152
 20
62.9894784268064
 30
0.0
 70
0
  0
VERTEX
  5
EC2
  8
CUT
 10
84.77112006209892
 20
63.15866792082615
 30
0.0
 70
0
  0
VERTEX
  5
EC3
  8
CUT
 10
84.08742719338686
 20
63.18308607355998
 30
0.0
 70
0
  0
VERTEX
  5
EC4
  8
CUT
 10
83.41416839773183
 20
63.06161682237355
 30
0.0
 70
0
  0
VERTEX
  5
EC5
  8
CUT
 10
82.78211582212022
 20
62.79981207342238
 30
0.0
 70
0
  0
VERTEX
  5
EC6
  8
CUT
 10
82.22015823099949
 20
62.40963794474079
 30
0.0
 70
0
  0
VERTEX
  5
EC7
  8
CUT
 10
81.75398060866645
 20
61.908927839643475
 30
0.0
 70
0
  0
VERTEX
  5
EC8
  8
CUT
 10
81.40489019448994
 20
61.3205673484132
 30
0.0
 70
0
  0
VERTEX
  5
EC9
  8
CUT
 10
81.1888426085167
 20
60.67144823337669
 30
0.0
 70
0
  0
VERTEX
  5
ECA
  8
CUT
 10
81.1157125796244
 20
59.99123930680716
 30
0.0
 70
0
  0
VERTEX
  5
ECB
  8
CUT
 10
81.1888426085167
 20
59.31103038023763
 30
0.0
 70
0
  0
VERTEX
  5
ECC
  8
CUT
 10
81.40489019448994
 20
58.66191126520112
 30
0.0
 70
0
  0
VERTEX
  5
ECD
  8
CUT
 10
81.75398060866645
 20
58.07355077397085
 30
0.0
 70
0
  0
VERTEX
  5
ECE
  8
CUT
 10
82.22015823099949
 20
57.57284066887353
 30
0.0
 70
0
  0
VERTEX
  5
ECF
  8
CUT
 10
82.78211582212022
 20
57.18266654019194
 30
0.0
 70
0
  0
VERTEX
  5
ED0
  8
CUT
 10
83.41416839773183
 20
56.92086179124077
 30
0.0
 70
0
  0
VERTEX
  5
ED1
  8
CUT
 10
84.08742719338686
 20
56.79939254005434
 30
0.0
 70
0
  0
VERTEX
  5
ED2
  8
CUT
 10
84.77112006209892
 20
56.82381069278817
 30
0.0
 70
0
  0
VERTEX
  5
ED3
  8
CUT
 10
85.43399795434152
 20
56.99300018680792
 30
0.0
 70
0
  0
VERTEX
  5
ED4
  8
CUT
 10
86.04576319548232
 20
57.29922800174738
 30
0.0
 70
0
  0
VERTEX
  5
ED5
  8
CUT
 10
86.57845427942134
 20
57.7284976070102
 30
0.0
 70
0
  0
VERTEX
  5
ED6
  8
CUT
 10
106.5239379388096
 20
37.783013947621946
 30
0.0
 70
0
  0
VERTEX
  5
ED7
  8
CUT
 10
106.09466833354676
 20
37.25032286368291
 30
0.0
 70
0
  0
VERTEX
  5
ED8
  8
CUT
 10
105.78844051860732
 20
36.63855762254211
 30
0.0
 70
0
  0
VERTEX
  5
ED9
  8
CUT
 10
105.61925102458757
 20
35.97567973029951
 30
0.0
 70
0
  0
VERTEX
  5
EDA
  8
CUT
 10
105.59483287185374
 20
35.29198686158745
 30
0.0
 70
0
  0
VERTEX
  5
EDB
  8
CUT
 10
105.71630212304015
 20
34.61872806593242
 30
0.0
 70
0
  0
VERTEX
  5
EDC
  8
CUT
 10
105.97810687199133
 20
33.98667549032082
 30
0.0
 70
0
  0
VERTEX
  5
EDD
  8
CUT
 10
106.36828100067292
 20
33.42471789920009
 30
0.0
 70
0
  0
VERTEX
  5
EDE
  8
CUT
 10
106.86899110577023
 20
32.95854027686705
 30
0.0
 70
0
  0
VERTEX
  5
EDF
  8
CUT
 10
107.45735159700051
 20
32.609449862690546
 30
0.0
 70
0
  0
VERTEX
  5
EE0
  8
CUT
 10
108.10647071203702
 20
32.393402276717296
 30
0.0
 70
0
  0
VERTEX
  5
EE1
  8
CUT
 10
108.78667963860654
 20
32.320272247825
 30
0.0
 70
0
  0
VERTEX
  5
EE2
  8
CUT
 10
109.46688856517606
 20
32.393402276717296
 30
0.0
 70
0
  0
VERTEX
  5
EE3
  8
CUT
 10
110.11600768021258
 20
32.609449862690546
 30
0.0
 70
0
  0
VERTEX
  5
EE4
  8
CUT
 10
110.70436817144285
 20
32.95854027686705
 30
0.0
 70
0
  0
VERTEX
  5
EE5
  8
CUT
 10
111.20507827654016
 20
33.42471789920009
 30
0.0
 70
0
  0
VERTEX
  5
EE6
  8
CUT
 10
111.59525240522176
 20
33.98667549032082
 30
0.0
 70
0
  0
VERTEX
  5
EE7
  8
CUT
 10
111.85705715417294
 20
34.61872806593242
 30
0.0
 70
0
  0
VERTEX
  5
EE8
  8
CUT
 10
111.97852640535935
 20
35.29198686158745
 30
0.0
 70
0
  0
VERTEX
  5
EE9
  8
CUT
 10
111.95410825262552
 20
35.97567973029951
 30
0.0
 70
0
  0
VERTEX
  5
EEA
  8
CUT
 10
111.78491875860577
 20
36.63855762254211
 30
0.0
 70
0
  0
VERTEX
  5
EEB
  8
CUT
 10
111.47869094366632
 20
37.25032286368291
 30
0.0
 70
0
  0
VERTEX
  5
EEC
  8
CUT
 10
111.04942133840349
 20
37.783013947621946
 30
0.0
 70
0
  0
SEQEND
  5
E90
  8
CUT
  0
POLYLINE
  5
EED
  8
CUT
 66
1
 10
0.0
 20
0.0
 30
0.0
 70
1
  0
VERTEX
  5
EEF
  8
CUT
 10
71.16352644955461
 20
95.48799972237184
 30
0.0
 70
0
  0
VERTEX
  5
EF0
  8
CUT
 10
71.69621753349365
 20
95.05873011710901
 30
0.0
 70
0
  0
VERTEX
  5
EF1
  8
CUT
 10
72.30798277463445
 20
94.75250230216956
 30
0.0
 70
0
  0
VERTEX
  5
EF2
  8
CUT
 10
72.97086066687706
 20
94.58331280814981
 30
0.0
 70
0
  0
VERTEX
  5
EF3
  8
CUT
 10
73.65455353558912
 20
94.55889465541598
 30
0.0
 70
0
  0
VERTEX
  5
EF4
  8
CUT
 10
74.32781233124415
 20
94.68036390660241
 30
0.0
 70
0
  0
VERTEX
  5
EF5
  8
CUT
 10
74.95986490685576
 20
94.94216865555359
 30
0.0
 70
0
  0
VERTEX
  5
EF6
  8
CUT
 10
75.52182249797647
 20
95.33234278423518
 30
0.0
 70
0
  0
VERTEX
  5
EF7
  8
CUT
 10
75.98800012030952
 20
95.83305288933249
 30
0.0
 70
0
  0
VERTEX
  5
EF8
  8
CUT
 10
76.33709053448602
 20
96.42141338056277
 30
0.0
 70
0
  0
VERTEX
  5
EF9
  8
CUT
 10
76.55313812045927
 20
97.07053249559928
 30
0.0
 70
0
  0
VERTEX
  5
EFA
  8
CUT
 10
76.62626814935156
 20
97.75074142216882
 30
0.0
 70
0
  0
VERTEX
  5
EFB
  8
CUT
 10
76.55313812045927
 20
98.43095034873834
 30
0.0
 70
0
  0
VERTEX
  5
EFC
  8
CUT
 10
76.33709053448601
 20
99.08006946377485
 30
0.0
 70
0
  0
VERTEX
  5
EFD
  8
CUT
 10
75.98800012030951
 20
99.66842995500512
 30
0.0
 70
0
  0
VERTEX
  5
EFE
  8
CUT
 10
75.52182249797646
 20
100.16914006010244
 30
0.0
 70
0
  0
VERTEX
  5
EFF
  8
CUT
 10
74.95986490685573
 20
100.55931418878403
 30
0.0
 70
0
  0
VERTEX
  5
F00
  8
CUT
 10
74.32781233124412
 20
100.82111893773519
 30
0.0
 70
0
  0
VERTEX
  5
F01
  8
CUT
 10
73.65455353558909
 20
100.94258818892162
 30
0.0
 70
0
  0
VERTEX
  5
F02
  8
CUT
 10
72.97086066687703
 20
100.91817003618779
 30
0.0
 70
0
  0
VERTEX
  5
F03
  8
CUT
 10
72.30798277463444
 20
100.74898054216804
 30
0.0
 70
0
  0
VERTEX
  5
F04
  8
CUT
 10
71.69621753349364
 20
100.44275272722858
 30
0.0
 70
0
  0
VERTEX
  5
F05
  8
CUT
 10
71.16352644955461
 20
100.01348312196575
 30
0.0
 70
0
  0
VERTEX
  5
F06
  8
CUT
 10
51.21804279016635
 20
119.95896678135401
 30
0.0
 70
0
  0
VERTEX
  5
F07
  8
CUT
 10
51.647312395429175
 20
120.49165786529305
 30
0.0
 70
0
  0
VERTEX
  5
F08
  8
CUT
 10
51.95354021036864
 20
121.10342310643384
 30
0.0
 70
0
  0
VERTEX
  5
F09
  8
CUT
 10
52.122729704388384
 20
121.76630099867644
 30
0.0
 70
0
  0
VERTEX
  5
F0A
  8
CUT
 10
52.14714785712221
 20
122.4499938673885
 30
0.0
 70
0
  0
VERTEX
  5
F0B
  8
CUT
 10
52.02567860593579
 20
123.12325266304353
 30
0.0
 70
0
  0
VERTEX
  5
F0C
  8
CUT
 10
51.76387385698462
 20
123.75530523865514
 30
0.0
 70
0
  0
VERTEX
  5
F0D
  8
CUT
 10
51.37369972830302
 20
124.31726282977586
 30
0.0
 70
0
  0
VERTEX
  5
F0E
  8
CUT
 10
50.87298962320571
 20
124.7834404521089
 30
0.0
 70
0
  0
VERTEX
  5
F0F
  8
CUT
 10
50.284629131975436
 20
125.1325308662854
 30
0.0
 70
0
  0
VERTEX
  5
F10
  8
CUT
 10
49.63551001693893
 20
125.34857845225866
 30
0.0
 70
0
  0
VERTEX
  5
F11
  8
CUT
 10
48.9553010903694
 20
125.42170848115094
 30
0.0
 70
0
  0
VERTEX
  5
F12
  8
CUT
 10
48.27509216379988
 20
125.34857845225866
 30
0.0
 70
0
  0
VERTEX
  5
F13
  8
CUT
 10
47.62597304876337
 20
125.1325308662854
 30
0.0
 70
0
  0
VERTEX
  5
F14
  8
CUT
 10
47.037612557533095
 20
124.7834404521089
 30
0.0
 70
0
  0
VERTEX
  5
F15
  8
CUT
 10
46.53690245243578
 20
124.31726282977587
 30
0.0
 70
0
  0
VERTEX
  5
F16
  8
CUT
 10
46.14672832375419
 20
123.75530523865514
 30
0.0
 70
0
  0
VERTEX
  5
F17
  8
CUT
 10
45.88492357480302
 20
123.12325266304353
 30
0.0
 70
0
  0
VERTEX
  5
F18
  8
CUT
 10
45.7634543236166
 20
122.4499938673885
 30
0.0
 70
0
  0
VERTEX
  5
F19
  8
CUT
 10
45.78787247635042
 20
121.76630099867644
 30
0.0
 70
0
  0
VERTEX
  5
F1A
  8
CUT
 10
45.95706197037017
 20
121.10342310643385
 30
0.0
 70
0
  0
VERTEX
  5
F1B
  8
CUT
 10
46.26328978530963
 20
120.49165786529305
 30
0.0
 70
0
  0
VERTEX
  5
F1C
  8
CUT
 10
46.692559390572455
 20
119.95896678135401
 30
0.0
 70
0
  0
VERTEX
  5
F1D
  8
CUT
 10
37.78301394762195
 20
111.0494213384035
 30
0.0
 70
0
  0
VERTEX
  5
F1E
  8
CUT
 10
37.25032286368291
 20
111.47869094366634
 30
0.0
 70
0
  0
VERTEX
  5
F1F
  8
CUT
 10
36.638557622542116
 20
111.78491875860578
 30
0.0
 70
0
  0
VERTEX
  5
F20
  8
CUT
 10
35.97567973029952
 20
111.95410825262553
 30
0.0
 70
0
  0
VERTEX
  5
F21
  8
CUT
 10
35.29198686158746
 20
111.97852640535936
 30
0.0
 70
0
  0
VERTEX
  5
F22
  8
CUT
 10
34.61872806593243
 20
111.85705715417295
 30
0.0
 70
0
  0
VERTEX
  5
F23
  8
CUT
 10
33.98667549032083
 20
111.59525240522177
 30
0.0
 70
0
  0
VERTEX
  5
F24
  8
CUT
 10
33.4247178992001
 20
111.20507827654018
 30
0.0
 70
0
  0
VERTEX
  5
F25
  8
CUT
 10
32.958540276867055
 20
110.70436817144287
 30
0.0
 70
0
  0
VERTEX
  5
F26
  8
CUT
 10
32.60944986269055
 20
110.11600768021259
 30
0.0
 70
0
  0
VERTEX
  5
F27
  8
CUT
 10
32.3934022767173
 20
109.46688856517608
 30
0.0
 70
0
  0
VERTEX
  5
F28
  8
CUT
 10
32.32027224782501
 20
108.78667963860656
 30
0.0
 70
0
  0
VERTEX
  5
F29
  8
CUT
 10
32.3934022767173
 20
108.10647071203704
 30
0.0
 70
0
  0
VERTEX
  5
F2A
  8
CUT
 10
32.60944986269055
 20
107.45735159700052
 30
0.0
 70
0
  0
VERTEX
  5
F2B
  8
CUT
 10
32.958540276867055
 20
106.86899110577025
 30
0.0
 70
0
  0
VERTEX
  5
F2C
  8
CUT
 10
33.4247178992001
 20
106.36828100067294
 30
0.0
 70
0
  0
VERTEX
  5
F2D
  8
CUT
 10
33.98667549032083
 20
105.97810687199134
 30
0.0
 70
0
  0
VERTEX
  5
F2E
  8
CUT
 10
34.61872806593243
 20
105.71630212304017
 30
0.0
 70
0
  0
VERTEX
  5
F2F
  8
CUT
 10
35.29198686158746
 20
105.59483287185375
 30
0.0
 70
0
  0
VERTEX
  5
F30
  8
CUT
 10
35.97567973029952
 20
105.61925102458758
 30
0.0
 70
0
  0
VERTEX
  5
F31
  8
CUT
 10
36.638557622542116
 20
105.78844051860733
 30
0.0
 70
0
  0
VERTEX
  5
F32
  8
CUT
 10
37.25032286368292
 20
106.09466833354678
 30
0.0
 70
0
  0
VERTEX
  5
F33
  8
CUT
 10
37.78301394762195
 20
106.52393793880961
 30
0.0
 70
0
  0
VERTEX
  5
F34
  8
CUT
 10
57.7284976070102
 20
86.57845427942135
 30
0.0
 70
0
  0
VERTEX
  5
F35
  8
CUT
 10
57.299228001747366
 20
86.04576319548231
 30
0.0
 70
0
  0
VERTEX
  5
F36
  8
CUT
 10
56.99300018680791
 20
85.43399795434152
 30
0.0
 70
0
  0
VERTEX
  5
F37
  8
CUT
 10
56.823810692788165
 20
84.77112006209892
 30
0.0
 70
0
  0
VERTEX
  5
F38
  8
CUT
 10
56.799392540054335
 20
84.08742719338686
 30
0.0
 70
0
  0
VERTEX
  5
F39
  8
CUT
 10
56.92086179124076
 20
83.41416839773183
 30
0.0
 70
0
  0
VERTEX
  5
F3A
  8
CUT
 10
57.18266654019193
 20
82.78211582212022
 30
0.0
 70
0
  0
VERTEX
  5
F3B
  8
CUT
 10
57.572840668873525
 20
82.22015823099949
 30
0.0
 70
0
  0
VERTEX
  5
F3C
  8
CUT
 10
58.073550773970844
 20
81.75398060866644
 30
0.0
 70
0
  0
VERTEX
  5
F3D
  8
CUT
 10
58.66191126520112
 20
81.40489019448994
 30
0.0
 70
0
  0
VERTEX
  5
F3E
  8
CUT
 10
59.31103038023763
 20
81.1888426085167
 30
0.0
 70
0
  0
VERTEX
  5
F3F
  8
CUT
 10
59.99123930680716
 20
81.1157125796244
 30
0.0
 70
0
  0
VERTEX
  5
F40
  8
CUT
 10
60.67144823337668
 20
81.1888426085167
 30
0.0
 70
0
  0
VERTEX
  5
F41
  8
CUT
 10
61.32056734841319
 20
81.40489019448994
 30
0.0
 70
0
  0
VERTEX
  5
F42
  8
CUT
 10
61.90892783964347
 20
81.75398060866645
 30
0.0
 70
0
  0
VERTEX
  5
F43
  8
CUT
 10
62.40963794474079
 20
82.22015823099949
 30
0.0
 70
0
  0
VERTEX
  5
F44
  8
CUT
 10
62.79981207342237
 20
82.78211582212022
 30
0.0
 70
0
  0
VERTEX
  5
F45
  8
CUT
 10
63.06161682237355
 20
83.41416839773183
 30
0.0
 70
0
  0
VERTEX
  5
F46
  8
CUT
 10
63.18308607355997
 20
84.08742719338686
 30
0.0
 70
0
  0
VERTEX
  5
F47
  8
CUT
 10
63.15866792082614
 20
84.77112006209892
 30
0.0
 70
0
  0
VERTEX
  5
F48
  8
CUT
 10
62.98947842680639
 20
85.43399795434152
 30
0.0
 70
0
  0
VERTEX
  5
F49
  8
CUT
 10
62.68325061186693
 20
86.04576319548232
 30
0.0
 70
0
  0
VERTEX
  5
F4A
  8
CUT
 10
62.25398100660411
 20
86.57845427942135
 30
0.0
 70
0
  0
SEQEND
  5
EEE
  8
CUT
  0
ENDSEC
  0
EOF
