  0
SECTION
  2
HEADER
  9
$ACADVER
  1
AC1024
  9
$ACADMAINTVER
 70
6
  9
$DWGCODEPAGE
  3
ANSI_1252
  9
$LASTSAVEDBY
  1
ezdxf
  9
$INSBASE
 10
0.0
 20
0.0
 30
0.0
  9
$EXTMIN
 10
1e+20
 20
1e+20
 30
1e+20
  9
$EXTMAX
 10
-1e+20
 20
-1e+20
 30
-1e+20
  9
$LIMMIN
 10
0.0
 20
0.0
  9
$LIMMAX
 10
420.0
 20
297.0
  9
$ORTHOMODE
 70
0
  9
$REGENMODE
 70
1
  9
$FILLMODE
 70
1
  9
$QTEXTMODE
 70
0
  9
$MIRRTEXT
 70
1
  9
$LTSCALE
 40
1.0
  9
$ATTMODE
 70
1
  9
$TEXTSIZE
 40
2.5
  9
$TRACEWID
 40
1.0
  9
$TEXTSTYLE
  7
OpenSans
  9
$CLAYER
  8
0
  9
$CELTYPE
  6
ByLayer
  9
$CECOLOR
 62
256
  9
$CELTSCALE
 40
1.0
  9
$DISPSILH
 70
0
  9
$DIMSCALE
 40
1.0
  9
$DIMASZ
 40
0.175
  9
$DIMEXO
 40
0.125
  9
$DIMDLI
 40
3.75
  9
$DIMRND
 40
0.0
  9
$DIMDLE
 40
0.0
  9
$DIMEXE
 40
0.375
  9
$DIMTP
 40
0.0
  9
$DIMTM
 40
0.0
  9
$DIMTXT
 40
0.25
  9
$DIMCEN
 40
2.5
  9
$DIMTSZ
 40
0.0
  9
$DIMTOL
 70
0
  9
$DIMLIM
 70
0
  9
$DIMTIH
 70
0
  9
$DIMTOH
 70
0
  9
$DIMSE1
 70
0
  9
$DIMSE2
 70
0
  9
$DIMTAD
 70
1
  9
$DIMZIN
 70
12
  9
$DIMBLK
  1
ARCHTICK
  9
$DIMASO
 70
1
  9
$DIMSHO
 70
1
  9
$DIMPOST
  1

  9
$DIMAPOST
  1

  9
$DIMALT
 70
0
  9
$DIMALTD
 70
3
  9
$DIMALTF
 40
0.03937007874
  9
$DIMLFAC
 40
100.0
  9
$DIMTOFL
 70
1
  9
$DIMTVP
 40
0.0
  9
$DIMTIX
 70
0
  9
$DIMSOXD
 70
0
  9
$DIMSAH
 70
0
  9
$DIMBLK1
  1

  9
$DIMBLK2
  1

  9
$DIMSTYLE
  2
EZDXF
  9
$DIMCLRD
 70
0
  9
$DIMCLRE
 70
0
  9
$DIMCLRT
 70
0
  9
$DIMTFAC
 40
0.5
  9
$DIMGAP
 40
0.1
  9
$DIMJUST
 70
0
  9
$DIMSD1
 70
0
  9
$DIMSD2
 70
0
  9
$DIMTOLJ
 70
0
  9
$DIMTZIN
 70
8
  9
$DIMALTZ
 70
0
  9
$DIMALTTZ
 70
0
  9
$DIMUPT
 70
1
  9
$DIMDEC
 70
2
  9
$DIMTDEC
 70
2
  9
$DIMALTU
 70
2
  9
$DIMALTTD
 70
3
  9
$DIMTXSTY
  7
OpenSansCondensed-Light
  9
$DIMAUNIT
 70
0
  9
$DIMADEC
 70
2
  9
$DIMALTRND
 40
0.0
  9
$DIMAZIN
 70
3
  9
$DIMDSEP
 70
46
  9
$DIMATFIT
 70
3
  9
$DIMFRAC
 70
0
  9
$DIMLDRBLK
  1

  9
$DIMLUNIT
 70
2
  9
$DIMLWD
 70
-2
  9
$DIMLWE
 70
-2
  9
$DIMTMOVE
 70
2
  9
$DIMFXL
 40
1.0
  9
$DIMFXLON
 70
0
  9
$DIMJOGANG
 40
0.785398163397
  9
$DIMTFILL
 70
0
  9
$DIMTFILLCLR
 70
0
  9
$DIMARCSYM
 70
0
  9
$DIMLTYPE
  6

  9
$DIMLTEX1
  6

  9
$DIMLTEX2
  6

  9
$DIMTXTDIRECTION
 70
0
  9
$LUNITS
 70
2
  9
$LUPREC
 70
4
  9
$SKETCHINC
 40
1.0
  9
$FILLETRAD
 40
10.0
  9
$AUNITS
 70
0
  9
$AUPREC
 70
2
  9
$MENU
  1
.
  9
$ELEVATION
 40
0.0
  9
$PELEVATION
 40
0.0
  9
$THICKNESS
 40
0.0
  9
$LIMCHECK
 70
0
  9
$CHAMFERA
 40
0.0
  9
$CHAMFERB
 40
0.0
  9
$CHAMFERC
 40
0.0
  9
$CHAMFERD
 40
0.0
  9
$SKPOLY
 70
0
  9
$TDCREATE
 40
2461313.2071875
  9
$TDUCREATE
 40
2458532.153996898
  9
$TDUPDATE
 40
2461313.207199074
  9
$TDUUPDATE
 40
2458532.1544311
  9
$TDINDWG
 40
0.0
  9
$TDUSRTIMER
 40
0.0
  9
$USRTIMER
 70
1
  9
$ANGBASE
 50
0.0
  9
$ANGDIR
 70
0
  9
$PDMODE
 70
0
  9
$PDSIZE
 40
0.0
  9
$PLINEWID
 40
0.0
  9
$SPLFRAME
 70
0
  9
$SPLINETYPE
 70
6
  9
$SPLINESEGS
 70
8
  9
$HANDSEED
  5
1B6
  9
$SURFTAB1
 70
6
  9
$SURFTAB2
 70
6
  9
$SURFTYPE
 70
6
  9
$SURFU
 70
6
  9
$SURFV
 70
6
  9
$UCSBASE
  2

  9
$UCSNAME
  2

  9
$UCSORG
 10
0.0
 20
0.0
 30
0.0
  9
$UCSXDIR
 10
1.0
 20
0.0
 30
0.0
  9
$UCSYDIR
 10
0.0
 20
1.0
 30
0.0
  9
$UCSORTHOREF
  2

  9
$UCSORTHOVIEW
 70
0
  9
$UCSORGTOP
 10
0.0
 20
0.0
 30
0.0
  9
$UCSORGBOTTOM
 10
0.0
 20
0.0
 30
0.0
  9
$UCSORGLEFT
 10
0.0
 20
0.0
 30
0.0
  9
$UCSORGRIGHT
 10
0.0
 20
0.0
 30
0.0
  9
$UCSORGFRONT
 10
0.0
 20
0.0
 30
0.0
  9
$UCSORGBACK
 10
0.0
 20
0.0
 30
0.0
  9
$PUCSBASE
  2

  9
$PUCSNAME
  2

  9
$PUCSORG
 10
0.0
 20
0.0
 30
0.0
  9
$PUCSXDIR
 10
1.0
 20
0.0
 30
0.0
  9
$PUCSYDIR
 10
0.0
 20
1.0
 30
0.0
  9
$PUCSORTHOREF
  2

  9
$PUCSORTHOVIEW
 70
0
  9
$PUCSORGTOP
 10
0.0
 20
0.0
 30
0.0
  9
$PUCSORGBOTTOM
 10
0.0
 20
0.0
 30
0.0
  9
$PUCSORGLEFT
 10
0.0
 20
0.0
 30
0.0
  9
$PUCSORGRIGHT
 10
0.0
 20
0.0
 30
0.0
  9
$PUCSORGFRONT
 10
0.0
 20
0.0
 30
0.0
  9
$PUCSORGBACK
 10
0.0
 20
0.0
 30
0.0
  9
$USERI1
 70
0
  9
$USERI2
 70
0
  9
$USERI3
 70
0
  9
$USERI4
 70
0
  9
$USERI5
 70
0
  9
$USERR1
 40
0.0
  9
$USERR2
 40
0.0
  9
$USERR3
 40
0.0
  9
$USERR4
 40
0.0
  9
$USERR5
 40
0.0
  9
$WORLDVIEW
 70
1
  9
$SHADEDGE
 70
3
  9
$SHADEDIF
 70
70
  9
$TILEMODE
 70
1
  9
$MAXACTVP
 70
64
  9
$PINSBASE
 10
0.0
 20
0.0
 30
0.0
  9
$PLIMCHECK
 70
0
  9
$PEXTMIN
 10
1e+20
 20
1e+20
 30
1e+20
  9
$PEXTMAX
 10
-1e+20
 20
-1e+20
 30
-1e+20
  9
$PLIMMIN
 10
0.0
 20
0.0
  9
$PLIMMAX
 10
420.0
 20
297.0
  9
$UNITMODE
 70
0
  9
$VISRETAIN
 70
1
  9
$PLINEGEN
 70
0
  9
$PSLTSCALE
 70
1
  9
$TREEDEPTH
 70
3020
  9
$CMLSTYLE
  2
Standard
  9
$CMLJUST
 70
0
  9
$CMLSCALE
 40
20.0
  9
$PROXYGRAPHICS
 70
1
  9
$MEASUREMENT
 70
1
  9
$CELWEIGHT
370
-1
  9
$ENDCAPS
280
0
  9
$JOINSTYLE
280
0
  9
$LWDISPLAY
290
0
  9
$INSUNITS
 70
4
  9
$HYPERLINKBASE
  1

  9
$STYLESHEET
  1

  9
$XEDIT
290
1
  9
$CEPSNTYPE
380
0
  9
$PSTYLEMODE
290
1
  9
$FINGERPRINTGUID
  2
{9370170B-4B5E-48F9-980B-DDB909848FD8}
  9
$VERSIONGUID
  2
{204779E2-8F58-471D-89C7-1F5ED1FA007C}
  9
$EXTNAMES
290
1
  9
$PSVPSCALE
 40
0.0
  9
$OLESTARTUP
290
0
  9
$SORTENTS
280
127
  9
$INDEXCTL
280
0
  9
$HIDETEXT
280
1
  9
$XCLIPFRAME
280
1
  9
$HALOGAP
280
0
  9
$OBSCOLOR
 70
257
  9
$OBSLTYPE
280
0
  9
$INTERSECTIONDISPLAY
280
0
  9
$INTERSECTIONCOLOR
 70
257
  9
$DIMASSOC
280
2
  9
$PROJECTNAME
  1

  9
$CAMERADISPLAY
290
0
  9
$LENSLENGTH
 40
50.0
  9
$CAMERAHEIGHT
 40
0.0
  9
$STEPSPERSEC
 40
24.0
  9
$STEPSIZE
 40
100.0
  9
$3DDWFPREC
 40
2.0
  9
$PSOLWIDTH
 40
0.005
  9
$PSOLHEIGHT
 40
0.08
  9
$LOFTANG1
 40
1.570796326795
  9
$LOFTANG2
 40
1.570796326795
  9
$LOFTMAG1
 40
0.0
  9
$LOFTMAG2
 40
0.0
  9
$LOFTPARAM
 70
7
  9
$LOFTNORMALS
280
1
  9
$LATITUDE
 40
37.795
  9
$LONGITUDE
 40
-122.394
  9
$NORTHDIRECTION
 40
0.0
  9
$TIMEZONE
 70
-8000
  9
$LIGHTGLYPHDISPLAY
280
1
  9
$TILEMODELIGHTSYNCH
280
1
  9
$CMATERIAL
347
20
  9
$SOLIDHIST
280
0
  9
$SHOWHIST
280
1
  9
$DWFFRAME
280
2
  9
$DGNFRAME
280
2
  9
$REALWORLDSCALE
290
1
  9
$INTERFERECOLOR
 62
256
  9
$CSHADOW
280
0
  9
$SHADOWPLANELOCATION
 40
0.0
  0
ENDSEC
  0
SECTION
  2
CLASSES
  0
CLASS
  1
ACDBDICTIONARYWDFLT
  2
AcDbDictionaryWithDefault
  3
ObjectDBX Classes
 90
0
 91
0
280
0
281
0
  0
CLASS
  1
SUN
  2
AcDbSun
  3
SCENEOE
 90
1153
 91
0
280
0
281
0
  0
CLASS
  1
VISUALSTYLE
  2
AcDbVisualStyle
  3
ObjectDBX Classes
 90
4095
 91
0
280
0
281
0
  0
CLASS
  1
MATERIAL
  2
AcDbMaterial
  3
ObjectDBX Classes
 90
1153
 91
0
280
0
281
0
  0
CLASS
  1
SCALE
  2
AcDbScale
  3
ObjectDBX Classes
 90
1153
 91
0
280
0
281
0
  0
CLASS
  1
TABLESTYLE
  2
AcDbTableStyle
  3
ObjectDBX Classes
 90
4095
 91
0
280
0
281
0
  0
CLASS
  1
MLEADERSTYLE
  2
AcDbMLeaderStyle
  3
ACDB_MLEADERSTYLE_CLASS
 90
4095
 91
0
280
0
281
0
  0
CLASS
  1
DICTIONARYVAR
  2
AcDbDictionaryVar
  3
ObjectDBX Classes
 90
0
 91
0
280
0
281
0
  0
CLASS
  1
CELLSTYLEMAP
  2
AcDbCellStyleMap
  3
ObjectDBX Classes
 90
1152
 91
0
280
0
281
0
  0
CLASS
  1
MENTALRAYRENDERSETTINGS
  2
AcDbMentalRayRenderSettings
  3
SCENEOE
 90
1024
 91
0
280
0
281
0
  0
CLASS
  1
ACDBDETAILVIEWSTYLE
  2
AcDbDetailViewStyle
  3
ObjectDBX Classes
 90
1025
 91
0
280
0
281
0
  0
CLASS
  1
ACDBSECTIONVIEWSTYLE
  2
AcDbSectionViewStyle
  3
ObjectDBX Classes
 90
1025
 91
0
280
0
281
0
  0
CLASS
  1
RASTERVARIABLES
  2
AcDbRasterVariables
  3
ISM
 90
0
 91
0
280
0
281
0
  0
CLASS
  1
LAYOUT
  2
AcDbLayout
  3
ObjectDBX Classes
 90
0
 91
0
280
0
281
0
  0
CLASS
  1
ACDBPLACEHOLDER
  2
AcDbPlaceHolder
  3
ObjectDBX Classes
 90
0
 91
0
280
0
281
0
  0
ENDSEC
  0
SECTION
  2
TABLES
  0
TABLE
  2
VPORT
  5
8
330
0
100
AcDbSymbolTable
 70
1
  0
VPORT
  5
23
330
8
100
AcDbSymbolTableRecord
100
AcDbViewportTableRecord
  2
*Active
 70
0
 10
0.0
 20
0.0
 11
1.0
 21
1.0
 12
0.0
 22
0.0
 13
0.0
 23
0.0
 14
0.5
 24
0.5
 15
0.5
 25
0.5
 16
0.0
 26
0.0
 36
1.0
 17
0.0
 27
0.0
 37
0.0
 40
1000.0
 41
1.34
 42
50.0
 43
0.0
 44
0.0
 50
0.0
 51
0.0
 71
0
 72
1000
 73
1
 74
3
 75
0
 76
0
 77
0
 78
0
281
0
 65
0
146
0.0
  0
ENDTAB
  0
TABLE
  2
LTYPE
  5
2
330
0
100
AcDbSymbolTable
 70
21
  0
LTYPE
  5
24
330
2
100
AcDbSymbolTableRecord
100
AcDbLinetypeTableRecord
  2
ByBlock
 70
0
  3

 72
65
 73
0
 40
0.0
  0
LTYPE
  5
25
330
2
100
AcDbSymbolTableRecord
100
AcDbLinetypeTableRecord
  2
ByLayer
 70
0
  3

 72
65
 73
0
 40
0.0
  0
LTYPE
  5
26
330
2
100
AcDbSymbolTableRecord
100
AcDbLinetypeTableRecord
  2
Continuous
 70
0
  3

 72
65
 73
0
 40
0.0
  0
LTYPE
  5
2F
330
2
100
AcDbSymbolTableRecord
100
AcDbLinetypeTableRecord
  2
CENTER
 70
0
  3
Center ____ _ ____ _ ____ _ ____ _ ____ _ ____
 72
65
 73
4
 40
5.08
 49
3.175
 74
0
 49
-0.635
 74
0
 49
0.635
 74
0
 49
-0.635
 74
0
  0
LTYPE
  5
30
330
2
100
AcDbSymbolTableRecord
100
AcDbLinetypeTableRecord
  2
CENTERX2
 70
0
  3
Center (2x) ________  __  ________  __  ________
 72
65
 73
4
 40
8.89
 49
6.35
 74
0
 49
-0.635
 74
0
 49
1.27
 74
0
 49
-0.635
 74
0
  0
LTYPE
  5
31
330
2
100
AcDbSymbolTableRecord
100
AcDbLinetypeTableRecord
  2
CENTER2
 70
0
  3
Center (.5x) ____ _ ____ _ ____ _ ____ _ ____
 72
65
 73
4
 40
2.54
 49
1.587
 74
0
 49
-0.318
 74
0
 49
0.318
 74
0
 49
-0.318
 74
0
  0
LTYPE
  5
32
330
2
100
AcDbSymbolTableRecord
100
AcDbLinetypeTableRecord
  2
DASHED
 70
0
  3
Dashed __ __ __ __ __ __ __ __ __ __ __ __ __ _
 72
65
 73
2
 40
1.524
 49
1.27
 74
0
 49
-0.254
 74
0
  0
LTYPE
  5
33
330
2
100
AcDbSymbolTableRecord
100
AcDbLinetypeTableRecord
  2
DASHEDX2
 70
0
  3
Dashed (2x) ____  ____  ____  ____  ____  ____
 72
65
 73
2
 40
3.048
 49
2.54
 74
0
 49
-0.508
 74
0
  0
LTYPE
  5
34
330
2
100
AcDbSymbolTableRecord
100
AcDbLinetypeTableRecord
  2
DASHED2
 70
0
  3
Dashed (.5x) _ _ _ _ _ _ _ _ _ _ _ _ _ _
 72
65
 73
2
 40
0.762
 49
0.635
 74
0
 49
-0.127
 74
0
  0
LTYPE
  5
35
330
2
100
AcDbSymbolTableRecord
100
AcDbLinetypeTableRecord
  2
PHANTOM
 70
0
  3
Phantom ______  __  __  ______  __  __  ______
 72
65
 73
6
 40
6.35
 49
3.175
 74
0
 49
-0.635
 74
0
 49
0.635
 74
0
 49
-0.635
 74
0
 49
0.635
 74
0
 49
-0.635
 74
0
  0
LTYPE
  5
36
330
2
100
AcDbSymbolTableRecord
100
AcDbLinetypeTableRecord
  2
PHANTOMX2
 70
0
  3
Phantom (2x)____________    ____    ____    ____________
 72
65
 73
6
 40
10.795
 49
6.35
 74
0
 49
-0.635
 74
0
 49
1.27
 74
0
 49
-0.635
 74
0
 49
1.27
 74
0
 49
-0.635
 74
0
  0
LTYPE
  5
37
330
2
100
AcDbSymbolTableRecord
100
AcDbLinetypeTableRecord
  2
PHANTOM2
 70
0
  3
Phantom (.5x) ___ _ _ ___ _ _ ___ _ _ ___ _ _ ___
 72
65
 73
6
 40
3.175
 49
1.587
 74
0
 49
-0.318
 74
0
 49
0.318
 74
0
 49
-0.318
 74
0
 49
0.318
 74
0
 49
-0.318
 74
0
  0
LTYPE
  5
38
330
2
100
AcDbSymbolTableRecord
100
AcDbLinetypeTableRecord
  2
DASHDOT
 70
0
  3
Dash dot __ . __ . __ . __ . __ . __ . __ . __
 72
65
 73
4
 40
3.556
 49
2.54
 74
0
 49
-0.508
 74
0
 49
0.0
 74
0
 49
-0.508
 74
0
  0
LTYPE
  5
39
330
2
100
AcDbSymbolTableRecord
100
AcDbLinetypeTableRecord
  2
DASHDOTX2
 70
0
  3
Dash dot (2x) ____  .  ____  .  ____  .  ____
 72
65
 73
4
 40
6.096
 49
5.08
 74
0
 49
-0.508
 74
0
 49
0.0
 74
0
 49
-0.508
 74
0
  0
LTYPE
  5
3A
330
2
100
AcDbSymbolTableRecord
100
AcDbLinetypeTableRecord
  2
DASHDOT2
 70
0
  3
Dash dot (.5x) _ . _ . _ . _ . _ . _ . _ . _
 72
65
 73
4
 40
1.778
 49
1.27
 74
0
 49
-0.254
 74
0
 49
0.0
 74
0
 49
-0.254
 74
0
  0
LTYPE
  5
3B
330
2
100
AcDbSymbolTableRecord
100
AcDbLinetypeTableRecord
  2
DOT
 70
0
  3
Dot .  .  .  .  .  .  .  .  .  .  .  .  .  .  .  .
 72
65
 73
2
 40
0.508
 49
0.0
 74
0
 49
-0.508
 74
0
  0
LTYPE
  5
3C
330
2
100
AcDbSymbolTableRecord
100
AcDbLinetypeTableRecord
  2
DOTX2
 70
0
  3
Dot (2x) .    .    .    .    .    .    .    . 
 72
65
 73
2
 40
1.016
 49
0.0
 74
0
 49
-1.016
 74
0
  0
LTYPE
  5
3D
330
2
100
AcDbSymbolTableRecord
100
AcDbLinetypeTableRecord
  2
DOT2
 70
0
  3
Dot (.5) . . . . . . . . . . . . . . . . . . . 
 72
65
 73
2
 40
0.254
 49
0.0
 74
0
 49
-0.254
 74
0
  0
LTYPE
  5
3E
330
2
100
AcDbSymbolTableRecord
100
AcDbLinetypeTableRecord
  2
DIVIDE
 70
0
  3
Divide __ . . __ . . __ . . __ . . __ . . __
 72
65
 73
6
 40
4.064
 49
2.54
 74
0
 49
-0.508
 74
0
 49
0.0
 74
0
 49
-0.508
 74
0
 49
0.0
 74
0
 49
-0.508
 74
0
  0
LTYPE
  5
3F
330
2
100
AcDbSymbolTableRecord
100
AcDbLinetypeTableRecord
  2
DIVIDEX2
 70
0
  3
Divide (2x) ____  . .  ____  . .  ____  . .  ____
 72
65
 73
6
 40
6.604
 49
5.08
 74
0
 49
-0.508
 74
0
 49
0.0
 74
0
 49
-0.508
 74
0
 49
0.0
 74
0
 49
-0.508
 74
0
  0
LTYPE
  5
40
330
2
100
AcDbSymbolTableRecord
100
AcDbLinetypeTableRecord
  2
DIVIDE2
 70
0
  3
Divide(.5x) _ . _ . _ . _ . _ . _ . _ . _
 72
65
 73
6
 40
2.032
 49
1.27
 74
0
 49
-0.254
 74
0
 49
0.0
 74
0
 49
-0.254
 74
0
 49
0.0
 74
0
 49
-0.254
 74
0
  0
ENDTAB
  0
TABLE
  2
LAYER
  5
1
330
0
100
AcDbSymbolTable
 70
5
  0
LAYER
  5
27
330
1
100
AcDbSymbolTableRecord
100
AcDbLayerTableRecord
  2
0
 70
0
 62
7
  6
Continuous
370
-3
390
13
347
21
  0
LAYER
  5
28
330
1
100
AcDbSymbolTableRecord
100
AcDbLayerTableRecord
  2
Defpoints
 70
0
 62
7
  6
Continuous
290
0
370
-3
390
13
347
21
  0
LAYER
  5
8A
330
1
100
AcDbSymbolTableRecord
100
AcDbLayerTableRecord
  2
CUT
 70
0
 62
1
  6
Continuous
370
-3
390
13
347
21
  0
LAYER
  5
8B
330
1
100
AcDbSymbolTableRecord
100
AcDbLayerTableRecord
  2
ENGRAVE-LABEL
 70
0
 62
3
  6
Continuous
370
-3
390
13
347
21
  0
LAYER
  5
8C
330
1
100
AcDbSymbolTableRecord
100
AcDbLayerTableRecord
  2
REFERENCE-SHEET
 70
0
 62
8
  6
Continuous
370
-3
390
13
347
21
  0
ENDTAB
  0
TABLE
  2
STYLE
  5
5
330
0
100
AcDbSymbolTable
 70
26
  0
STYLE
  5
29
330
5
100
AcDbSymbolTableRecord
100
AcDbTextStyleTableRecord
  2
Standard
 70
0
 40
0.0
 41
1.0
 50
0.0
 71
0
 42
2.5
  3
txt
  4

  0
STYLE
  5
41
330
5
100
AcDbSymbolTableRecord
100
AcDbTextStyleTableRecord
  2
OpenSans-Light
 70
0
 40
0.0
 41
1.0
 50
0.0
 71
0
 42
2.5
  3
OpenSans-Light.ttf
  4

  0
STYLE
  5
42
330
5
100
AcDbSymbolTableRecord
100
AcDbTextStyleTableRecord
  2
OpenSans-Light-Italic
 70
0
 40
0.0
 41
1.0
 50
0.0
 71
0
 42
2.5
  3
OpenSans-LightItalic.ttf
  4

  0
STYLE
  5
43
330
5
100
AcDbSymbolTableRecord
100
AcDbTextStyleTableRecord
  2
OpenSans
 70
0
 40
0.0
 41
1.0
 50
0.0
 71
0
 42
2.5
  3
OpenSans-Regular.ttf
  4

  0
STYLE
  5
44
330
5
100
AcDbSymbolTableRecord
100
AcDbTextStyleTableRecord
  2
OpenSans-Italic
 70
0
 40
0.0
 41
1.0
 50
0.0
 71
0
 42
2.5
  3
OpenSans-Italic.ttf
  4

  0
STYLE
  5
45
330
5
100
AcDbSymbolTableRecord
100
AcDbTextStyleTableRecord
  2
OpenSans-SemiBold
 70
0
 40
0.0
 41
1.0
 50
0.0
 71
0
 42
2.5
  3
OpenSans-SemiBold.ttf
  4

  0
STYLE
  5
46
330
5
100
AcDbSymbolTableRecord
100
AcDbTextStyleTableRecord
  2
OpenSans-SemiBoldItalic
 70
0
 40
0.0
 41
1.0
 50
0.0
 71
0
 42
2.5
  3
OpenSans-SemiBoldItalic.ttf
  4

  0
STYLE
  5
47
330
5
100
AcDbSymbolTableRecord
100
AcDbTextStyleTableRecord
  2
OpenSans-Bold
 70
0
 40
0.0
 41
1.0
 50
0.0
 71
0
 42
2.5
  3
OpenSans-Bold.ttf
  4

  0
STYLE
  5
48
330
5
100
AcDbSymbolTableRecord
100
AcDbTextStyleTableRecord
  2
OpenSans-BoldItalic
 70
0
 40
0.0
 41
1.0
 50
0.0
 71
0
 42
2.5
  3
OpenSans-BoldItalic.ttf
  4

  0
STYLE
  5
49
330
5
100
AcDbSymbolTableRecord
100
AcDbTextStyleTableRecord
  2
OpenSans-ExtraBold
 70
0
 40
0.0
 41
1.0
 50
0.0
 71
0
 42
2.5
  3
OpenSans-ExtraBold.ttf
  4

  0
STYLE
  5
4A
330
5
100
AcDbSymbolTableRecord
100
AcDbTextStyleTableRecord
  2
OpenSans-ExtraBoldItalic
 70
0
 40
0.0
 41
1.0
 50
0.0
 71
0
 42
2.5
  3
OpenSans-ExtraBoldItalic.ttf
  4

  0
STYLE
  5
4B
330
5
100
AcDbSymbolTableRecord
100
AcDbTextStyleTableRecord
  2
OpenSansCondensed-Bold
 70
0
 40
0.0
 41
1.0
 50
0.0
 71
0
 42
2.5
  3
OpenSansCondensed-Bold.ttf
  4

  0
STYLE
  5
4C
330
5
100
AcDbSymbolTableRecord
100
AcDbTextStyleTableRecord
  2
OpenSansCondensed-Light
 70
0
 40
0.0
 41
1.0
 50
0.0
 71
0
 42
2.5
  3
OpenSansCondensed-Light.ttf
  4

  0
STYLE
  5
4D
330
5
100
AcDbSymbolTableRecord
100
AcDbTextStyleTableRecord
  2
OpenSansCondensed-Italic
 70
0
 40
0.0
 41
1.0
 50
0.0
 71
0
 42
2.5
  3
OpenSansCondensed-LightItalic.ttf
  4

  0
STYLE
  5
4E
330
5
100
AcDbSymbolTableRecord
100
AcDbTextStyleTableRecord
  2
LiberationSans
 70
0
 40
0.0
 41
1.0
 50
0.0
 71
0
 42
2.5
  3
LiberationSans-Regular.ttf
  4

  0
STYLE
  5
4F
330
5
100
AcDbSymbolTableRecord
100
AcDbTextStyleTableRecord
  2
LiberationSans-Bold
 70
0
 40
0.0
 41
1.0
 50
0.0
 71
0
 42
2.5
  3
LiberationSans-Bold.ttf
  4

  0
STYLE
  5
50
330
5
100
AcDbSymbolTableRecord
100
AcDbTextStyleTableRecord
  2
LiberationSans-BoldItalic
 70
0
 40
0.0
 41
1.0
 50
0.0
 71
0
 42
2.5
  3
LiberationSans-BoldItalic.ttf
  4

  0
STYLE
  5
51
330
5
100
AcDbSymbolTableRecord
100
AcDbTextStyleTableRecord
  2
LiberationSans-Italic
 70
0
 40
0.0
 41
1.0
 50
0.0
 71
0
 42
2.5
  3
LiberationSans-Italic.ttf
  4

  0
STYLE
  5
52
330
5
100
AcDbSymbolTableRecord
100
AcDbTextStyleTableRecord
  2
LiberationSerif
 70
0
 40
0.0
 41
1.0
 50
0.0
 71
0
 42
2.5
  3
LiberationSerif-Regular.ttf
  4

  0
STYLE
  5
53
330
5
100
AcDbSymbolTableRecord
100
AcDbTextStyleTableRecord
  2
LiberationSerif-Bold
 70
0
 40
0.0
 41
1.0
 50
0.0
 71
0
 42
2.5
  3
LiberationSerif-Bold.ttf
  4

  0
STYLE
  5
54
330
5
100
AcDbSymbolTableRecord
100
AcDbTextStyleTableRecord
  2
LiberationSerif-BoldItalic
 70
0
 40
0.0
 41
1.0
 50
0.0
 71
0
 42
2.5
  3
LiberationSerif-BoldItalic.ttf
  4

  0
STYLE
  5
55
330
5
100
AcDbSymbolTableRecord
100
AcDbTextStyleTableRecord
  2
LiberationSerif-Italic
 70
0
 40
0.0
 41
1.0
 50
0.0
 71
0
 42
2.5
  3
LiberationSerif-Italic.ttf
  4

  0
STYLE
  5
56
330
5
100
AcDbSymbolTableRecord
100
AcDbTextStyleTableRecord
  2
LiberationMono
 70
0
 40
0.0
 41
1.0
 50
0.0
 71
0
 42
2.5
  3
LiberationMono-Regular.ttf
  4

  0
STYLE
  5
57
330
5
100
AcDbSymbolTableRecord
100
AcDbTextStyleTableRecord
  2
LiberationMono-Bold
 70
0
 40
0.0
 41
1.0
 50
0.0
 71
0
 42
2.5
  3
LiberationMono-Bold.ttf
  4

  0
STYLE
  5
58
330
5
100
AcDbSymbolTableRecord
100
AcDbTextStyleTableRecord
  2
LiberationMono-BoldItalic
 70
0
 40
0.0
 41
1.0
 50
0.0
 71
0
 42
2.5
  3
LiberationMono-BoldItalic.ttf
  4

  0
STYLE
  5
59
330
5
100
AcDbSymbolTableRecord
100
AcDbTextStyleTableRecord
  2
LiberationMono-Italic
 70
0
 40
0.0
 41
1.0
 50
0.0
 71
0
 42
2.5
  3
LiberationMono-Italic.ttf
  4

  0
ENDTAB
  0
TABLE
  2
VIEW
  5
7
330
0
100
AcDbSymbolTable
 70
0
  0
ENDTAB
  0
TABLE
  2
UCS
  5
6
330
0
100
AcDbSymbolTable
 70
0
  0
ENDTAB
  0
TABLE
  2
APPID
  5
3
330
0
100
AcDbSymbolTable
 70
3
  0
APPID
  5
2A
330
3
100
AcDbSymbolTableRecord
100
AcDbRegAppTableRecord
  2
ACAD
 70
0
  0
APPID
  5
1B3
330
3
100
AcDbSymbolTableRecord
100
AcDbRegAppTableRecord
  2
HATCHBACKGROUNDCOLOR
 70
0
  0
APPID
  5
1B4
330
3
100
AcDbSymbolTableRecord
100
AcDbRegAppTableRecord
  2
EZDXF
 70
0
  0
ENDTAB
  0
TABLE
  2
DIMSTYLE
  5
4
330
0
100
AcDbSymbolTable
 70
12
100
AcDbDimStyleTable
  0
DIMSTYLE
105
2B
330
4
100
AcDbSymbolTableRecord
100
AcDbDimStyleTableRecord
  2
Standard
 70
0
 40
1.0
 41
2.5
 42
0.625
 43
3.75
 44
1.25
 45
0.0
 46
0.0
 47
0.0
 48
0.0
 49
2.5
140
2.5
141
2.5
142
0.0
143
0.03937007874
144
1.0
145
0.0
146
1.0
147
0.625
148
0.0
 69
0
 70
0
 71
0
 72
0
 73
0
 74
0
 75
0
 76
0
 77
1
 78
8
 79
3
170
0
171
3
172
1
173
0
174
0
175
0
176
0
177
0
178
0
179
2
271
2
272
2
273
2
274
3
275
0
276
0
277
2
278
44
279
0
280
0
281
0
282
0
283
0
284
8
285
0
286
0
288
0
289
3
290
0
371
-2
372
-2
  0
DIMSTYLE
105
73
330
4
100
AcDbSymbolTableRecord
100
AcDbDimStyleTableRecord
  2
EZDXF
 70
0
 40
1.0
 41
0.175
 42
0.125
 43
3.75
 44
0.375
 45
0.0
 46
0.0
 47
0.0
 48
0.0
 49
2.5
140
0.25
141
2.5
142
0.0
143
0.03937007874
144
100.0
145
0.0
146
0.5
147
0.1
148
0.0
 69
0
 70
0
 71
0
 72
0
 73
0
 74
0
 75
0
 76
0
 77
1
 78
12
 79
3
170
0
171
3
172
1
173
0
174
0
175
0
176
0
177
0
178
0
179
2
271
2
272
2
273
2
274
3
275
0
276
0
277
2
278
46
279
2
280
0
281
0
282
0
283
0
284
8
285
0
286
0
288
1
289
3
290
0
340
4C
342
74
371
-2
372
-2
  0
DIMSTYLE
105
7C
330
4
100
AcDbSymbolTableRecord
100
AcDbDimStyleTableRecord
  2
EZ_M_100_H25_CM
 70
0
 40
1.0
 41
0.25
 42
0.125
 43
3.75
 44
0.375
 45
0.0
 46
0.0
 47
0.0
 48
0.0
 49
2.5
140
0.25
141
2.5
142
0.125
143
0.03937007874
144
100.0
145
0.0
146
0.5
147
0.1
148
0.0
 69
0
 70
0
 71
0
 72
0
 73
0
 74
0
 75
0
 76
0
 77
1
 78
12
 79
3
170
0
171
3
172
1
173
0
174
0
175
0
176
0
177
0
178
0
179
2
271
2
272
2
273
2
274
3
275
0
276
0
277
2
278
46
279
2
280
0
281
0
282
0
283
0
284
8
285
0
286
0
288
1
289
3
290
0
340
4C
371
-2
372
-2
  0
DIMSTYLE
105
7D
330
4
100
AcDbSymbolTableRecord
100
AcDbDimStyleTableRecord
  2
EZ_M_50_H25_CM
 70
0
 40
1.0
 41
0.125
 42
0.0625
 43
3.75
 44
0.1875
 45
0.0
 46
0.0
 47
0.0
 48
0.0
 49
2.5
140
0.125
141
2.5
142
0.0625
143
0.03937007874
144
100.0
145
0.0
146
0.5
147
0.05
148
0.0
 69
0
 70
0
 71
0
 72
0
 73
0
 74
0
 75
0
 76
0
 77
1
 78
12
 79
3
170
0
171
3
172
1
173
0
174
0
175
0
176
0
177
0
178
0
179
2
271
2
272
2
273
2
274
3
275
0
276
0
277
2
278
46
279
2
280
0
281
0
282
0
283
0
284
8
285
0
286
0
288
1
289
3
290
0
340
4C
371
-2
372
-2
  0
DIMSTYLE
105
7E
330
4
100
AcDbSymbolTableRecord
100
AcDbDimStyleTableRecord
  2
EZ_M_25_H25_CM
 70
0
 40
1.0
 41
0.0625
 42
0.03125
 43
3.75
 44
0.09375
 45
0.0
 46
0.0
 47
0.0
 48
0.0
 49
2.5
140
0.0625
141
2.5
142
0.03125
143
0.03937007874
144
100.0
145
0.0
146
0.5
147
0.025
148
0.0
 69
0
 70
0
 71
0
 72
0
 73
0
 74
0
 75
0
 76
0
 77
1
 78
12
 79
3
170
0
171
3
172
1
173
0
174
0
175
0
176
0
177
0
178
0
179
2
271
2
272
2
273
2
274
3
275
0
276
0
277
2
278
46
279
2
280
0
281
0
282
0
283
0
284
8
285
0
286
0
288
1
289
3
290
0
340
4C
371
-2
372
-2
  0
DIMSTYLE
105
7F
330
4
100
AcDbSymbolTableRecord
100
AcDbDimStyleTableRecord
  2
EZ_M_20_H25_CM
 70
0
 40
1.0
 41
0.05
 42
0.025
 43
3.75
 44
0.07500000000000001
 45
0.0
 46
0.0
 47
0.0
 48
0.0
 49
2.5
140
0.05
141
2.5
142
0.025
143
0.03937007874
144
100.0
145
0.0
146
0.5
147
0.020000000000000004
148
0.0
 69
0
 70
0
 71
0
 72
0
 73
0
 74
0
 75
0
 76
0
 77
1
 78
12
 79
3
170
0
171
3
172
1
173
0
174
0
175
0
176
0
177
0
178
0
179
2
271
2
272
2
273
2
274
3
275
0
276
0
277
2
278
46
279
2
280
0
281
0
282
0
283
0
284
8
285
0
286
0
288
1
289
3
290
0
340
4C
371
-2
372
-2
  0
DIMSTYLE
105
80
330
4
100
AcDbSymbolTableRecord
100
AcDbDimStyleTableRecord
  2
EZ_M_10_H25_CM
 70
0
 40
1.0
 41
0.025
 42
0.0125
 43
3.75
 44
0.037500000000000006
 45
0.0
 46
0.0
 47
0.0
 48
0.0
 49
2.5
140
0.025
141
2.5
142
0.0125
143
0.03937007874
144
100.0
145
0.0
146
0.5
147
0.010000000000000002
148
0.0
 69
0
 70
0
 71
0
 72
0
 73
0
 74
0
 75
0
 76
0
 77
1
 78
12
 79
3
170
0
171
3
172
1
173
0
174
0
175
0
176
0
177
0
178
0
179
2
271
2
272
2
273
2
274
3
275
0
276
0
277
2
278
46
279
2
280
0
281
0
282
0
283
0
284
8
285
0
286
0
288
1
289
3
290
0
340
4C
371
-2
372
-2
  0
DIMSTYLE
105
81
330
4
100
AcDbSymbolTableRecord
100
AcDbDimStyleTableRecord
  2
EZ_M_5_H25_CM
 70
0
 40
1.0
 41
0.0125
 42
0.00625
 43
3.75
 44
0.018750000000000003
 45
0.0
 46
0.0
 47
0.0
 48
0.0
 49
2.5
140
0.0125
141
2.5
142
0.00625
143
0.03937007874
144
100.0
145
0.0
146
0.5
147
0.005000000000000001
148
0.0
 69
0
 70
0
 71
0
 72
0
 73
0
 74
0
 75
0
 76
0
 77
1
 78
12
 79
3
170
0
171
3
172
1
173
0
174
0
175
0
176
0
177
0
178
0
179
2
271
2
272
2
273
2
274
3
275
0
276
0
277
2
278
46
279
2
280
0
281
0
282
0
283
0
284
8
285
0
286
0
288
1
289
3
290
0
340
4C
371
-2
372
-2
  0
DIMSTYLE
105
82
330
4
100
AcDbSymbolTableRecord
100
AcDbDimStyleTableRecord
  2
EZ_M_1_H25_CM
 70
0
 40
1.0
 41
0.0025
 42
0.00125
 43
3.75
 44
0.00375
 45
0.0
 46
0.0
 47
0.0
 48
0.0
 49
2.5
140
0.0025
141
2.5
142
0.00125
143
0.03937007874
144
100.0
145
0.0
146
0.5
147
0.001
148
0.0
 69
0
 70
0
 71
0
 72
0
 73
0
 74
0
 75
0
 76
0
 77
1
 78
12
 79
3
170
0
171
3
172
1
173
0
174
0
175
0
176
0
177
0
178
0
179
2
271
2
272
2
273
2
274
3
275
0
276
0
277
2
278
46
279
2
280
0
281
0
282
0
283
0
284
8
285
0
286
0
288
1
289
3
290
0
340
4C
371
-2
372
-2
  0
DIMSTYLE
105
83
330
4
100
AcDbSymbolTableRecord
100
AcDbDimStyleTableRecord
  2
EZ_RADIUS
 70
0
 40
1.0
 41
0.25
 42
0.125
 43
3.75
 44
0.375
 45
0.0
 46
0.0
 47
0.0
 48
0.0
 49
2.5
140
0.25
141
0.0
142
0.0
143
0.03937007874
144
100.0
145
0.0
146
0.5
147
0.1
148
0.0
 69
0
 70
0
 71
0
 72
0
 73
0
 74
0
 75
0
 76
0
 77
1
 78
12
 79
3
170
0
171
3
172
0
173
0
174
0
175
0
176
0
177
0
178
0
179
2
271
2
272
2
273
2
274
3
275
0
276
0
277
2
278
46
279
1
280
0
281
0
282
0
283
0
284
8
285
0
286
0
288
1
289
3
290
0
340
4C
342
84
371
-2
372
-2
  0
DIMSTYLE
105
88
330
4
100
AcDbSymbolTableRecord
100
AcDbDimStyleTableRecord
  2
EZ_RADIUS_INSIDE
 70
0
 40
1.0
 41
0.25
 42
0.125
 43
3.75
 44
0.375
 45
0.0
 46
0.0
 47
0.0
 48
0.0
 49
2.5
140
0.25
141
0.0
142
0.0
143
0.03937007874
144
100.0
145
0.0
146
0.5
147
0.1
148
0.0
 69
0
 70
0
 71
0
 72
0
 73
0
 74
0
 75
0
 76
0
 77
0
 78
12
 79
3
170
0
171
3
172
0
173
0
174
1
175
0
176
0
177
0
178
0
179
2
271
2
272
2
273
2
274
3
275
0
276
0
277
2
278
46
279
0
280
0
281
0
282
0
283
0
284
8
285
0
286
0
288
1
289
0
290
0
340
4C
342
84
371
-2
372
-2
  0
DIMSTYLE
105
89
330
4
100
AcDbSymbolTableRecord
100
AcDbDimStyleTableRecord
  2
EZ_CURVED
 70
0
 40
1.0
 41
0.25
 42
0.125
 43
3.75
 44
0.375
 45
0.0
 46
0.0
 47
0.0
 48
0.0
 49
2.5
140
0.25
141
2.5
142
0.0
143
0.03937007874
144
100.0
145
0.0
146
0.5
147
0.1
148
0.0
 69
0
 70
0
 71
0
 72
0
 73
0
 74
0
 75
0
 76
0
 77
1
 78
12
 79
2
 90
2
170
0
171
3
172
1
173
0
174
0
175
0
176
0
177
0
178
0
179
2
271
2
272
2
273
2
274
3
275
0
276
0
277
2
278
46
279
2
280
0
281
0
282
0
283
0
284
8
285
0
286
0
288
1
289
3
290
0
340
4C
371
-2
372
-2
  0
ENDTAB
  0
TABLE
  2
BLOCK_RECORD
  5
9
330
0
100
AcDbSymbolTable
 70
5
  0
BLOCK_RECORD
  5
17
330
9
100
AcDbSymbolTableRecord
100
AcDbBlockTableRecord
  2
*Model_Space
340
1A
 70
0
280
1
281
0
  0
BLOCK_RECORD
  5
1B
330
9
100
AcDbSymbolTableRecord
100
AcDbBlockTableRecord
  2
*Paper_Space
340
1E
 70
0
280
1
281
0
  0
BLOCK_RECORD
  5
74
330
9
100
AcDbSymbolTableRecord
100
AcDbBlockTableRecord
  2
_ARCHTICK
340
0
 70
0
280
1
281
0
  0
BLOCK_RECORD
  5
78
330
9
100
AcDbSymbolTableRecord
100
AcDbBlockTableRecord
  2
_CLOSEDFILLED
340
0
 70
0
280
1
281
0
  0
BLOCK_RECORD
  5
84
330
9
100
AcDbSymbolTableRecord
100
AcDbBlockTableRecord
  2
_CLOSEDBLANK
340
0
 70
0
280
1
281
0
  0
ENDTAB
  0
ENDSEC
  0
SECTION
  2
BLOCKS
  0
BLOCK
  5
18
330
17
100
AcDbEntity
  8
0
100
AcDbBlockBegin
  2
*Model_Space
 70
0
 10
0.0
 20
0.0
 30
0.0
  3
*Model_Space
  1

  0
ENDBLK
  5
19
330
17
100
AcDbEntity
  8
0
100
AcDbBlockEnd
  0
BLOCK
  5
1C
330
1B
100
AcDbEntity
  8
0
100
AcDbBlockBegin
  2
*Paper_Space
 70
0
 10
0.0
 20
0.0
 30
0.0
  3
*Paper_Space
  1

  0
ENDBLK
  5
1D
330
1B
100
AcDbEntity
  8
0
100
AcDbBlockEnd
  0
BLOCK
  5
75
330
74
100
AcDbEntity
  8
0
100
AcDbBlockBegin
  2
_ARCHTICK
 70
0
 10
0.0
 20
0.0
 30
0.0
  3
_ARCHTICK
  1

  0
LWPOLYLINE
  5
77
330
74
100
AcDbEntity
  8
0
  6
BYBLOCK
 62
0
100
AcDbPolyline
 90
2
 70
0
 43
0.15
 10
-0.5
 20
-0.5
 10
0.5
 20
0.5
  0
ENDBLK
  5
76
330
74
100
AcDbEntity
  8
0
100
AcDbBlockEnd
  0
BLOCK
  5
79
330
78
100
AcDbEntity
  8
0
100
AcDbBlockBegin
  2
_CLOSEDFILLED
 70
0
 10
0.0
 20
0.0
 30
0.0
  3
_CLOSEDFILLED
  1

  0
SOLID
  5
7B
330
78
100
AcDbEntity
  8
0
  6
BYBLOCK
 62
0
100
AcDbTrace
 10
-1.0
 20
0.16439898372402537
 30
0.0
 11
0.0
 21
0.0
 31
0.0
 12
-1.0
 22
-0.16439898372402537
 32
0.0
 13
-1.0
 23
-0.16439898372402537
 33
0.0
  0
ENDBLK
  5
7A
330
78
100
AcDbEntity
  8
0
100
AcDbBlockEnd
  0
BLOCK
  5
85
330
84
100
AcDbEntity
  8
0
100
AcDbBlockBegin
  2
_CLOSEDBLANK
 70
0
 10
0.0
 20
0.0
 30
0.0
  3
_CLOSEDBLANK
  1

  0
LWPOLYLINE
  5
87
330
84
100
AcDbEntity
  8
0
  6
BYBLOCK
 62
0
100
AcDbPolyline
 90
3
 70
1
 10
-1.0
 20
0.16439898372402537
 10
0.0
 20
0.0
 10
-1.0
 20
-0.16439898372402537
  0
ENDBLK
  5
86
330
84
100
AcDbEntity
  8
0
100
AcDbBlockEnd
  0
ENDSEC
  0
SECTION
  2
ENTITIES
  0
LWPOLYLINE
  5
8D
330
17
100
AcDbEntity
  8
REFERENCE-SHEET
100
AcDbPolyline
 90
4
 70
1
 10
0.0
 20
0.0
 10
2440.0
 20
0.0
 10
2440.0
 20
1220.0
 10
0.0
 20
1220.0
  0
TEXT
  5
8E
330
17
100
AcDbEntity
  8
REFERENCE-SHEET
100
AcDbText
 10
0.0
 20
1275.0
 30
0.0
 40
40.0
  1
SHEET 1/3  -  2440 x 1220 x 18 mm MDF
 11
0.0
 21
1275.0
 31
0.0
100
AcDbText
  0
LWPOLYLINE
  5
8F
330
17
100
AcDbEntity
  8
CUT
100
AcDbPolyline
 90
180
 70
1
 10
958.4000000000001
 20
441.2000000000001
 10
958.312532758463
 20
457.634151776386
 10
957.949341336987
 20
474.08303725823123
 10
957.2194341412996
 20
490.5484810677945
 10
956.0571319831381
 20
507.02330226772847
 10
954.4077923075661
 20
523.4931758907067
 10
952.2237775935464
 20
539.9375769792543
 10
949.4629294126796
 20
556.3304289774801
 10
946.0880562340208
 20
572.6406600120545
 10
942.0669203147959
 20
588.8327617269647
 10
937.3724884668405
 20
604.8674009703423
 10
931.9833137480155
 20
620.7021104551476
 10
925.8839587841364
 20
636.292067892751
 10
919.0653930400005
 20
651.5909597651297
 10
911.5253096176649
 20
666.551914500559
 10
903.2683178813256
 20
681.1284801954633
 10
894.3059789466588
 20
695.2756145468563
 10
884.6566627615358
 20
708.950649850003
 10
874.3452181320262
 20
722.1141942228265
 10
863.4024600124999
 20
734.730931850981
 10
851.864490753534
 20
746.7702898791524
 10
839.7718827599922
 20
758.2069471206519
 10
827.1687582351174
 20
769.0211692253494
 10
814.1018067271104
 20
779.1989653419334
 10
800.6192827777286
 20
788.7320715843206
 10
786.7700242232261
 20
797.617775805267
 10
772.6025270971404
 20
805.8586055486469
 10
758.1641063685104
 20
813.4619061420102
 10
743.500163781855
 20
820.4393385621447
 10
728.6535757082373
 20
826.8063271017991
 10
713.6642059217322
 20
832.5814853483962
 10
698.5685411532379
 20
837.7860460558667
 10
683.3994415015515
 20
842.4433167055536
 10
668.1859934484115
 20
846.5781784597677
 10
652.953450297145
 20
850.2166423121469
 10
637.723243160503
 20
853.3854729768319
 10
622.5130448893805
 20
856.1118888525145
 10
607.3368692173949
 20
858.4233457246489
 10
592.2051874904995
 20
860.347413442484
 10
577.125045152037
 20
861.9117599637436
 10
562.1001589434004
 20
863.1442687923743
 10
547.1309723096626
 20
864.0733409440279
 10
532.2146380957685
 20
864.728490390962
 10
517.3448772468787
 20
865.1414957288049
 10
502.5116059493432
 20
865.3488994921299
 10
487.70000000000005
 20
865.4000000000002
 10
472.8883940506569
 20
865.3488994921299
 10
458.0551227531214
 20
865.1414957288049
 10
443.18536190423157
 20
864.728490390962
 10
428.26902769033745
 20
864.0733409440279
 10
413.29984105659975
 20
863.1442687923743
 10
398.27495484796304
 20
861.9117599637436
 10
383.1948125095006
 20
860.3474134424839
 10
368.0631307826052
 20
858.4233457246489
 10
352.8869551106197
 20
856.1118888525147
 10
337.6767568394972
 20
853.3854729768318
 10
322.4465497028551
 20
850.2166423121469
 10
307.2140065515885
 20
846.5781784597677
 10
292.00055849844864
 20
842.4433167055536
 10
276.83145884676213
 20
837.7860460558667
 10
261.73579407826804
 20
832.5814853483963
 10
246.74642429176285
 20
826.8063271017991
 10
231.89983621814508
 20
820.4393385621447
 10
217.23589363148966
 20
813.4619061420103
 10
202.79747290285962
 20
805.8586055486469
 10
188.62997577677407
 20
797.617775805267
 10
174.78071722227145
 20
788.7320715843206
 10
161.29819327288965
 20
779.1989653419334
 10
148.2312417648826
 20
769.0211692253494
 10
135.628117240008
 20
758.2069471206521
 10
123.53550924646618
 20
746.7702898791524
 10
111.99753998750026
 20
734.730931850981
 10
101.05478186797399
 20
722.1141942228267
 10
90.74333723846428
 20
708.950649850003
 10
81.0940210533413
 20
695.2756145468563
 10
72.13168211867452
 20
681.1284801954633
 10
63.87469038233519
 20
666.551914500559
 10
56.334606959999576
 20
651.5909597651297
 10
49.51604121586371
 20
636.2920678927511
 10
43.416686251984686
 20
620.7021104551477
 10
38.02751153315961
 20
604.8674009703423
 10
33.33307968520421
 20
588.8327617269648
 10
29.311943765979322
 20
572.6406600120545
 10
25.93707058732042
 20
556.3304289774801
 10
23.176222406453576
 20
539.9375769792543
 10
20.992207692433965
 20
523.4931758907065
 10
19.342868016861985
 20
507.02330226772835
 10
18.18056585870056
 20
490.5484810677947
 10
17.450658663013087
 20
474.08303725823134
 10
17.087467241537013
 20
457.63415177638603
 10
17.0
 20
441.20000000000016
 10
17.087467241537013
 20
424.7658482236143
 10
17.450658663013087
 20
408.316962741769
 10
18.180565858700504
 20
391.85151893220564
 10
19.34286801686204
 20
375.37669773227174
 10
20.992207692433965
 20
358.90682410929355
 10
23.176222406453576
 20
342.4624230207457
 10
25.937070587320363
 20
326.06957102252017
 10
29.311943765979322
 20
309.7593399879458
 10
33.33307968520421
 20
293.5672382730355
 10
38.027511533159554
 20
277.53259902965806
 10
43.41668625198463
 20
261.6978895448526
 10
49.51604121586365
 20
246.10793210724924
 10
56.33460695999963
 20
230.80904023487045
 10
63.87469038233519
 20
215.8480854994412
 10
72.13168211867458
 20
201.2715198045368
 10
81.0940210533413
 20
187.1243854531439
 10
90.74333723846416
 20
173.44935014999731
 10
101.05478186797387
 20
160.28580577717366
 10
111.9975399875002
 20
147.66906814901927
 10
123.53550924646612
 20
135.62971012084785
 10
135.62811724000795
 20
124.19305287934827
 10
148.23124176488272
 20
113.3788307746508
 10
161.2981932728897
 20
103.20103465806665
 10
174.7807172222715
 20
93.66792841567957
 10
188.62997577677402
 20
84.7822241947332
 10
202.79747290285968
 20
76.54139445135326
 10
217.23589363148955
 20
68.93809385799
 10
231.89983621814514
 20
61.960661437855435
 10
246.74642429176274
 20
55.593672898201135
 10
261.73579407826765
 20
49.81851465160395
 10
276.8314588467622
 20
44.61395394413353
 10
292.0005584984485
 20
39.956683294446634
 10
307.2140065515886
 20
35.82182154023246
 10
322.44654970285495
 20
32.183357687853345
 10
337.6767568394972
 20
29.014527023168284
 10
352.8869551106196
 20
26.28811114748561
 10
368.0631307826053
 20
23.976654275351223
 10
383.1948125095006
 20
22.052586557516236
 10
398.2749548479629
 20
20.488240036256627
 10
413.2998410565997
 20
19.2557312076259
 10
428.2690276903372
 20
18.326659055972186
 10
443.1853619042317
 20
17.671509609038424
 10
458.0551227531213
 20
17.258504271195307
 10
472.888394050657
 20
17.051100507870274
 10
487.7
 20
17.0
 10
502.51160594934333
 20
17.051100507870274
 10
517.3448772468787
 20
17.258504271195307
 10
532.2146380957682
 20
17.671509609038424
 10
547.1309723096626
 20
18.326659055972243
 10
562.1001589434002
 20
19.255731207625956
 10
577.125045152037
 20
20.488240036256627
 10
592.2051874904994
 20
22.052586557516122
 10
607.3368692173951
 20
23.976654275351223
 10
622.5130448893804
 20
26.28811114748555
 10
637.7232431605031
 20
29.014527023168284
 10
652.953450297145
 20
32.183357687853345
 10
668.1859934484113
 20
35.82182154023246
 10
683.3994415015513
 20
39.95668329444658
 10
698.5685411532377
 20
44.61395394413347
 10
713.6642059217322
 20
49.81851465160395
 10
728.6535757082372
 20
55.59367289820102
 10
743.5001637818552
 20
61.96066143785555
 10
758.1641063685104
 20
68.93809385798994
 10
772.6025270971406
 20
76.54139445135337
 10
786.770024223226
 20
84.78222419473315
 10
800.6192827777284
 20
93.66792841567951
 10
814.1018067271104
 20
103.20103465806665
 10
827.1687582351173
 20
113.37883077465068
 10
839.7718827599922
 20
124.19305287934833
 10
851.8644907535338
 20
135.62971012084768
 10
863.4024600124999
 20
147.66906814901927
 10
874.345218132026
 20
160.28580577717355
 10
884.6566627615359
 20
173.44935014999737
 10
894.3059789466588
 20
187.1243854531438
 10
903.2683178813254
 20
201.27151980453667
 10
911.5253096176649
 20
215.84808549944123
 10
919.0653930400003
 20
230.80904023487028
 10
925.8839587841364
 20
246.10793210724927
 10
931.9833137480155
 20
261.69788954485244
 10
937.3724884668405
 20
277.53259902965806
 10
942.0669203147959
 20
293.5672382730354
 10
946.0880562340208
 20
309.7593399879458
 10
949.4629294126796
 20
326.06957102252
 10
952.2237775935464
 20
342.4624230207455
 10
954.4077923075661
 20
358.9068241092936
 10
956.057131983138
 20
375.37669773227157
 10
957.2194341412996
 20
391.8515189322057
 10
957.949341336987
 20
408.3169627417688
 10
958.312532758463
 20
424.7658482236143
  0
LWPOLYLINE
  5
90
330
17
100
AcDbEntity
  8
CUT
100
AcDbPolyline
 90
180
 70
1
 10
823.883753057697
 20
429.46020465260165
 10
823.7395602931864
 20
417.7018248617984
 10
823.3810791071994
 20
405.91849688728087
 10
822.7457567359731
 20
394.1123896848319
 10
821.7813224863103
 20
382.292449094898
 10
820.4419735782827
 20
370.4735101729028
 10
818.6869321288502
 20
358.67568924512244
 10
816.4799615735506
 20
346.9238630888264
 10
813.7893555346748
 20
335.2471456548893
 10
810.5881765699039
 20
323.6783147320653
 10
806.8546189967701
 20
312.2531638288775
 10
802.5724112972408
 20
301.0097702782009
 10
797.7311940575484
 20
289.987683186147
 10
792.3268219448614
 20
279.22704563485536
 10
786.3615483669425
 20
268.7676746537552
 10
779.8440616219082
 20
258.6481295501597
 10
772.7893524055776
 20
248.90480374134626
 10
765.2184044918356
 20
239.57107683248753
 10
757.1577126690723
 20
230.67656214027696
 10
748.6386437251372
 20
222.2464802903377
 10
739.6966664532943
 20
214.3011823758802
 10
730.3704844328099
 20
206.85583720624066
 10
720.7011101072537
 20
199.92028733708463
 10
710.7309201813538
 20
193.4990688527176
 10
700.502730701904
 20
187.59158117214776
 10
690.058925834584
 20
182.19238617844474
 10
679.440667993536
 20
177.2916111546313
 10
668.6872094414819
 20
172.87542748201872
 10
657.8353175702869
 20
168.92657668290536
 10
646.9188185065852
 20
165.42491682550667
 10
635.9682570042387
 20
162.34796508135645
 10
625.0106651235853
 20
159.6714158073048
 10
614.0694280970479
 20
157.3696173967857
 10
603.1642330108621
 20
155.4159948350196
 10
592.3110843295925
 20
153.78340797978183
 10
581.5223695955686
 20
152.44443767694645
 10
570.8069585248295
 20
151.37159245682295
 10
560.1703188102077
 20
150.53742706875448
 10
549.6146317540314
 20
149.91455923271377
 10
539.1388897076511
 20
149.47555997967805
 10
528.7389540107619
 20
149.19266919350758
 10
518.4075441714472
 20
149.0372332587118
 10
508.1341097511154
 20
148.9786161962764
 10
497.9044831669711
 20
148.981835409371
 10
487.7
 20
149.00000000000006
 10
477.49551683302917
 20
148.981835409371
 10
467.2658902488846
 20
148.9786161962764
 10
456.99245582855275
 20
149.0372332587118
 10
446.6610459892381
 20
149.19266919350758
 10
436.261110292349
 20
149.47555997967794
 10
425.78536824596864
 20
149.91455923271377
 10
415.22968118979225
 20
150.5374270687546
 10
404.5930414751708
 20
151.371592456823
 10
393.8776304044314
 20
152.4444376769465
 10
383.08891567040774
 20
153.78340797978183
 10
372.2357669891379
 20
155.41599483501955
 10
361.33057190295216
 20
157.36961739678577
 10
350.3893348764146
 20
159.67141580730475
 10
339.4317429957613
 20
162.34796508135656
 10
328.4811814934146
 20
165.42491682550667
 10
317.5646824297131
 20
168.92657668290548
 10
306.71279055851835
 20
172.8754274820186
 10
295.959332006464
 20
177.29161115463137
 10
285.3410741654163
 20
182.19238617844462
 10
274.8972692980959
 20
187.59158117214778
 10
264.6690798186462
 20
193.4990688527177
 10
254.69888989274637
 20
199.92028733708463
 10
245.02951556719015
 20
206.85583720624072
 10
235.70333354670578
 20
214.30118237588013
 10
226.7613562748628
 20
222.24648029033781
 10
218.24228733092775
 20
230.67656214027696
 10
210.18159550816443
 20
239.57107683248762
 10
202.61064759442257
 20
248.90480374134626
 10
195.55593837809187
 20
258.64812955015975
 10
189.03845163305743
 20
268.7676746537553
 10
183.07317805513873
 20
279.22704563485536
 10
177.66880594245174
 20
289.98768318614714
 10
172.82758870275927
 20
301.0097702782009
 10
168.54538100322986
 20
312.25316382887763
 10
164.81182343009613
 20
323.6783147320653
 10
161.61064446532532
 20
335.24714565488944
 10
158.92003842644954
 20
346.92386308882635
 10
156.71306787114986
 20
358.67568924512256
 10
154.9580264217173
 20
370.47351017290293
 10
153.61867751368993
 20
382.29244909489796
 10
152.65424326402695
 20
394.112389684832
 10
152.01892089280068
 20
405.91849688728087
 10
151.6604397068137
 20
417.7018248617985
 10
151.51624694230304
 20
429.46020465260165
 10
151.50000000000006
 20
441.20000000000016
 10
151.51624694230304
 20
452.9397953473986
 10
151.6604397068137
 20
464.69817513820175
 10
152.01892089280074
 20
476.4815031127194
 10
152.6542432640269
 20
488.28761031516814
 10
153.61867751368987
 20
500.10755090510213
 10
154.9580264217173
 20
511.9264898270972
 10
156.71306787114992
 20
523.7243107548777
 10
158.92003842644954
 20
535.4761369111739
 10
161.61064446532527
 20
547.1528543451109
 10
164.81182343009618
 20
558.721685267935
 10
168.54538100322992
 20
570.1468361711227
 10
172.82758870275933
 20
581.3902297217994
 10
177.66880594245168
 20
592.4123168138531
 10
183.07317805513873
 20
603.1729543651447
 10
189.03845163305738
 20
613.6323253462449
 10
195.5559383780918
 20
623.7518704498405
 10
202.61064759442263
 20
633.495196258654
 10
210.1815955081645
 20
642.8289231675127
 10
218.24228733092775
 20
651.7234378597234
 10
226.76135627486292
 20
660.1535197096624
 10
235.70333354670584
 20
668.0988176241201
 10
245.02951556719006
 20
675.5441627937594
 10
254.69888989274634
 20
682.4797126629155
 10
264.6690798186462
 20
688.9009311472826
 10
274.897269298096
 20
694.8084188278524
 10
285.3410741654162
 20
700.2076138215555
 10
295.959332006464
 20
705.1083888453688
 10
306.7127905585183
 20
709.5245725179816
 10
317.5646824297132
 20
713.4734233170948
 10
328.48118149341485
 20
716.9750831744935
 10
339.43174299576117
 20
720.0520349186437
 10
350.38933487641464
 20
722.7285841926954
 10
361.3305719029521
 20
725.0303826032144
 10
372.235766989138
 20
726.9840051649805
 10
383.08891567040774
 20
728.6165920202184
 10
393.87763040443144
 20
729.9555623230538
 10
404.59304147517076
 20
731.0284075431771
 10
415.22968118979225
 20
731.8625729312456
 10
425.7853682459688
 20
732.4854407672864
 10
436.261110292349
 20
732.9244400203222
 10
446.6610459892383
 20
733.2073308064926
 10
456.9924558285527
 20
733.3627667412884
 10
467.26589024888466
 20
733.4213838037238
 10
477.4955168330291
 20
733.4181645906292
 10
487.70000000000005
 20
733.4000000000001
 10
497.90448316697103
 20
733.4181645906292
 10
508.1341097511154
 20
733.4213838037238
 10
518.4075441714474
 20
733.3627667412884
 10
528.7389540107619
 20
733.2073308064926
 10
539.1388897076512
 20
732.9244400203222
 10
549.6146317540314
 20
732.4854407672865
 10
560.1703188102078
 20
731.8625729312457
 10
570.8069585248294
 20
731.0284075431771
 10
581.5223695955686
 20
729.9555623230538
 10
592.3110843295924
 20
728.6165920202184
 10
603.1642330108621
 20
726.9840051649805
 10
614.069428097048
 20
725.0303826032144
 10
625.0106651235853
 20
722.7285841926954
 10
635.9682570042389
 20
720.0520349186437
 10
646.9188185065852
 20
716.9750831744935
 10
657.835317570287
 20
713.4734233170948
 10
668.6872094414819
 20
709.5245725179816
 10
679.4406679935361
 20
705.1083888453688
 10
690.0589258345839
 20
700.2076138215555
 10
700.502730701904
 20
694.8084188278524
 10
710.7309201813539
 20
688.9009311472826
 10
720.7011101072537
 20
682.4797126629155
 10
730.3704844328099
 20
675.5441627937594
 10
739.6966664532943
 20
668.0988176241201
 10
748.6386437251373
 20
660.1535197096624
 10
757.1577126690723
 20
651.7234378597234
 10
765.2184044918356
 20
642.8289231675126
 10
772.7893524055775
 20
633.495196258654
 10
779.8440616219083
 20
623.7518704498405
 10
786.3615483669428
 20
613.6323253462449
 10
792.3268219448614
 20
603.1729543651447
 10
797.7311940575484
 20
592.4123168138531
 10
802.5724112972408
 20
581.3902297217993
 10
806.8546189967702
 20
570.1468361711226
 10
810.5881765699039
 20
558.721685267935
 10
813.7893555346748
 20
547.1528543451108
 10
816.4799615735506
 20
535.4761369111739
 10
818.6869321288502
 20
523.7243107548777
 10
820.4419735782827
 20
511.9264898270972
 10
821.7813224863103
 20
500.1075509051022
 10
822.7457567359731
 20
488.28761031516814
 10
823.3810791071994
 20
476.48150311271934
 10
823.7395602931864
 20
464.6981751382017
 10
823.883753057697
 20
452.93979534739856
 10
823.9000000000001
 20
441.2000000000001
  0
LWPOLYLINE
  5
91
330
17
100
AcDbEntity
  8
CUT
100
AcDbPolyline
 90
8
 70
1
 10
855.3930776469966
 20
493.0583320218615
 42
2.414213562373095
 10
859.0542706250299
 20
490.3983196200858
 10
893.2282872096216
 20
495.8109521104778
 42
2.414213562373095
 10
895.8882996113973
 20
499.47214508851096
 10
893.9172253518904
 20
511.9170181800097
 42
2.414213562373095
 10
890.2560323738571
 20
514.5770305817854
 10
856.0820157892654
 20
509.1643980913934
 42
2.414213562373095
 10
853.4220033874897
 20
505.5032051133602
  0
LWPOLYLINE
  5
92
330
17
100
AcDbEntity
  8
CUT
100
AcDbPolyline
 90
8
 70
1
 10
826.9172648876076
 20
606.9691740710325
 42
2.414213562373095
 10
831.2212553641768
 20
605.5707227927963
 10
862.0500811010945
 20
621.2787940837846
 42
2.414213562373095
 10
863.4485323793307
 20
625.582784560354
 10
857.7282520826124
 20
636.8094667651275
 42
2.414213562373095
 10
853.424261606043
 20
638.2079180433636
 10
822.5954358691256
 20
622.4998467523753
 42
2.414213562373095
 10
821.1969845908893
 20
618.195856275806
  0
LWPOLYLINE
  5
93
330
17
100
AcDbEntity
  8
CUT
100
AcDbPolyline
 90
8
 70
1
 10
753.0118118250754
 20
697.6022663821249
 42
2.414213562373095
 10
757.5372952246693
 20
697.6022663821249
 10
782.0031898537238
 20
722.0681610111794
 42
2.414213562373095
 10
782.0031898537238
 20
726.5936444107733
 10
773.0936444107733
 20
735.5031898537238
 42
2.414213562373095
 10
768.5681610111794
 20
735.5031898537238
 10
744.1022663821249
 20
711.0372952246693
 42
2.414213562373095
 10
744.1022663821249
 20
706.5118118250754
  0
LWPOLYLINE
  5
94
330
17
100
AcDbEntity
  8
CUT
100
AcDbPolyline
 90
8
 70
1
 10
650.8568241876467
 20
747.536354828645
 42
2.414213562373095
 10
655.160814664216
 20
748.9348061068813
 10
670.8688859552043
 20
779.7636318437987
 42
2.414213562373095
 10
669.4704346769681
 20
784.0676223203681
 10
658.2437524721946
 20
789.7879026170864
 42
2.414213562373095
 10
653.9397619956253
 20
788.3894513388502
 10
638.231690704637
 20
757.5606256019325
 42
2.414213562373095
 10
639.6301419828732
 20
753.2566351253633
  0
LWPOLYLINE
  5
95
330
17
100
AcDbEntity
  8
CUT
100
AcDbPolyline
 90
8
 70
1
 10
545.2363833517809
 20
764.1979722407821
 42
2.414213562373095
 10
548.897576329814
 20
766.8579846425578
 10
554.3102088202061
 20
801.0320012271495
 42
2.414213562373095
 10
551.6501964184304
 20
804.6931942051826
 10
539.2053233269315
 20
806.6642684646897
 42
2.414213562373095
 10
535.5441303488984
 20
804.0042560629139
 10
530.1314978585065
 20
769.8302394783221
 42
2.414213562373095
 10
532.7915102602822
 20
766.1690465002889
  0
LWPOLYLINE
  5
96
330
17
100
AcDbEntity
  8
CUT
100
AcDbPolyline
 90
8
 70
1
 10
442.60848973971804
 20
766.1690465002889
 42
2.414213562373095
 10
445.26850214149374
 20
769.8302394783221
 10
439.8558696511017
 20
804.0042560629139
 42
2.414213562373095
 10
436.19467667306856
 20
806.6642684646897
 10
423.74980358156984
 20
804.6931942051826
 42
2.414213562373095
 10
421.08979117979413
 20
801.0320012271495
 10
426.5024236701861
 20
766.8579846425578
 42
2.414213562373095
 10
430.1636166482193
 20
764.1979722407821
  0
LWPOLYLINE
  5
97
330
17
100
AcDbEntity
  8
CUT
100
AcDbPolyline
 90
8
 70
1
 10
335.7698580171269
 20
753.2566351253633
 42
2.414213562373095
 10
337.1683092953631
 20
757.5606256019325
 10
321.4602380043748
 20
788.3894513388502
 42
2.414213562373095
 10
317.1562475278055
 20
789.7879026170864
 10
305.9295653230321
 20
784.0676223203681
 42
2.414213562373095
 10
304.5311140447958
 20
779.7636318437987
 10
320.2391853357841
 20
748.9348061068813
 42
2.414213562373095
 10
324.5431758123534
 20
747.536354828645
  0
LWPOLYLINE
  5
98
330
17
100
AcDbEntity
  8
CUT
100
AcDbPolyline
 90
8
 70
1
 10
231.29773361787528
 20
706.5118118250755
 42
2.414213562373095
 10
231.29773361787528
 20
711.0372952246694
 10
206.83183898882072
 20
735.5031898537238
 42
2.414213562373095
 10
202.30635558922683
 20
735.5031898537238
 10
193.39681014627632
 20
726.5936444107733
 42
2.414213562373095
 10
193.39681014627632
 20
722.0681610111794
 10
217.86270477533088
 20
697.602266382125
 42
2.414213562373095
 10
222.38818817492478
 20
697.602266382125
  0
LWPOLYLINE
  5
99
330
17
100
AcDbEntity
  8
CUT
100
AcDbPolyline
 90
8
 70
1
 10
154.20301540911083
 20
618.195856275806
 42
2.414213562373095
 10
152.8045641308746
 20
622.4998467523753
 10
121.97573839395704
 20
638.2079180433636
 42
2.414213562373095
 10
117.67174791738779
 20
636.8094667651275
 10
111.95146762066946
 20
625.582784560354
 42
2.414213562373095
 10
113.34991889890568
 20
621.2787940837846
 10
144.17874463582325
 20
605.5707227927963
 42
2.414213562373095
 10
148.4827351123925
 20
606.9691740710325
  0
LWPOLYLINE
  5
9A
330
17
100
AcDbEntity
  8
CUT
100
AcDbPolyline
 90
8
 70
1
 10
121.97799661251037
 20
505.5032051133603
 42
2.414213562373095
 10
119.31798421073461
 20
509.1643980913935
 10
85.14396762614285
 20
514.5770305817855
 42
2.414213562373095
 10
81.48277464810968
 20
511.9170181800098
 10
79.51170038860272
 20
499.472145088511
 42
2.414213562373095
 10
82.17171279037848
 20
495.81095211047784
 10
116.34572937497023
 20
490.3983196200859
 42
2.414213562373095
 10
120.0069223530034
 20
493.0583320218616
  0
LWPOLYLINE
  5
9B
330
17
100
AcDbEntity
  8
CUT
100
AcDbPolyline
 90
8
 70
1
 10
120.00692235300346
 20
389.34166797813873
 42
2.414213562373095
 10
116.34572937497029
 20
392.00168037991443
 10
82.17171279037854
 20
386.5890478895225
 42
2.414213562373095
 10
79.51170038860278
 20
382.9278549114893
 10
81.48277464810974
 20
370.4829818199905
 42
2.414213562373095
 10
85.14396762614291
 20
367.8229694182148
 10
119.31798421073466
 20
373.23560190860684
 42
2.414213562373095
 10
121.97799661251042
 20
376.89679488664
  0
LWPOLYLINE
  5
9C
330
17
100
AcDbEntity
  8
CUT
100
AcDbPolyline
 90
8
 70
1
 10
148.48273511239245
 20
275.4308259289677
 42
2.414213562373095
 10
144.1787446358232
 20
276.82927720720386
 10
113.34991889890563
 20
261.12120591621556
 42
2.414213562373095
 10
111.9514676206694
 20
256.81721543964625
 10
117.67174791738773
 20
245.59053323487282
 42
2.414213562373095
 10
121.97573839395699
 20
244.1920819566366
 10
152.80456413087455
 20
259.90015324762487
 42
2.414213562373095
 10
154.20301540911078
 20
264.2041437241942
  0
LWPOLYLINE
  5
9D
330
17
100
AcDbEntity
  8
CUT
100
AcDbPolyline
 90
8
 70
1
 10
222.38818817492472
 20
184.7977336178754
 42
2.414213562373095
 10
217.86270477533083
 20
184.7977336178754
 10
193.39681014627627
 20
160.33183898882083
 42
2.414213562373095
 10
193.39681014627627
 20
155.80635558922694
 10
202.30635558922677
 20
146.89681014627644
 42
2.414213562373095
 10
206.83183898882066
 20
146.89681014627644
 10
231.29773361787522
 20
171.362704775331
 42
2.414213562373095
 10
231.29773361787522
 20
175.8881881749249
  0
LWPOLYLINE
  5
9E
330
17
100
AcDbEntity
  8
CUT
100
AcDbPolyline
 90
8
 70
1
 10
324.5431758123534
 20
134.8636451713552
 42
2.414213562373095
 10
320.23918533578404
 20
133.46519389311896
 10
304.53111404479574
 20
102.6363681562014
 42
2.414213562373095
 10
305.92956532303197
 20
98.33237767963215
 10
317.15624752780536
 20
92.61209738291382
 42
2.414213562373095
 10
321.46023800437473
 20
94.01054866115004
 10
337.16830929536303
 20
124.8393743980676
 42
2.414213562373095
 10
335.7698580171268
 20
129.14336487463686
  0
LWPOLYLINE
  5
9F
330
17
100
AcDbEntity
  8
CUT
100
AcDbPolyline
 90
8
 70
1
 10
430.1636166482192
 20
118.20202775921814
 42
2.414213562373095
 10
426.50242367018603
 20
115.54201535744238
 10
421.089791179794
 20
81.36799877285063
 42
2.414213562373095
 10
423.7498035815697
 20
77.70680579481746
 10
436.19467667306844
 20
75.73573153531049
 42
2.414213562373095
 10
439.85586965110167
 20
78.39574393708625
 10
445.2685021414936
 20
112.569760521678
 42
2.414213562373095
 10
442.6084897397179
 20
116.23095349971118
  0
LWPOLYLINE
  5
A0
330
17
100
AcDbEntity
  8
CUT
100
AcDbPolyline
 90
8
 70
1
 10
532.791510260282
 20
116.23095349971123
 42
2.414213562373095
 10
530.1314978585063
 20
112.56976052167806
 10
535.5441303488983
 20
78.39574393708631
 42
2.414213562373095
 10
539.2053233269314
 20
75.73573153531055
 10
551.6501964184303
 20
77.70680579481751
 42
2.414213562373095
 10
554.310208820206
 20
81.36799877285068
 10
548.8975763298139
 20
115.54201535744244
 42
2.414213562373095
 10
545.2363833517808
 20
118.2020277592182
  0
LWPOLYLINE
  5
A1
330
17
100
AcDbEntity
  8
CUT
100
AcDbPolyline
 90
8
 70
1
 10
639.6301419828732
 20
129.14336487463686
 42
2.414213562373095
 10
638.2316907046369
 20
124.8393743980676
 10
653.9397619956252
 20
94.01054866115004
 42
2.414213562373095
 10
658.2437524721945
 20
92.61209738291382
 10
669.470434676968
 20
98.33237767963215
 42
2.414213562373095
 10
670.8688859552042
 20
102.6363681562014
 10
655.1608146642159
 20
133.46519389311896
 42
2.414213562373095
 10
650.8568241876466
 20
134.8636451713552
  0
LWPOLYLINE
  5
A2
330
17
100
AcDbEntity
  8
CUT
100
AcDbPolyline
 90
8
 70
1
 10
744.1022663821248
 20
175.88818817492478
 42
2.414213562373095
 10
744.1022663821248
 20
171.36270477533088
 10
768.5681610111793
 20
146.89681014627632
 42
2.414213562373095
 10
773.0936444107732
 20
146.89681014627632
 10
782.0031898537237
 20
155.80635558922683
 42
2.414213562373095
 10
782.0031898537237
 20
160.33183898882072
 10
757.5372952246692
 20
184.79773361787528
 42
2.414213562373095
 10
753.0118118250753
 20
184.79773361787528
  0
LWPOLYLINE
  5
A3
330
17
100
AcDbEntity
  8
CUT
100
AcDbPolyline
 90
8
 70
1
 10
821.1969845908893
 20
264.2041437241941
 42
2.414213562373095
 10
822.5954358691255
 20
259.90015324762476
 10
853.424261606043
 20
244.19208195663649
 42
2.414213562373095
 10
857.7282520826122
 20
245.59053323487268
 10
863.4485323793306
 20
256.81721543964613
 42
2.414213562373095
 10
862.0500811010944
 20
261.12120591621544
 10
831.2212553641768
 20
276.82927720720375
 42
2.414213562373095
 10
826.9172648876076
 20
275.4308259289676
  0
LWPOLYLINE
  5
A4
330
17
100
AcDbEntity
  8
CUT
100
AcDbPolyline
 90
8
 70
1
 10
853.4220033874897
 20
376.8967948866399
 42
2.414213562373095
 10
856.0820157892654
 20
373.23560190860667
 10
890.2560323738571
 20
367.8229694182147
 42
2.414213562373095
 10
893.9172253518904
 20
370.4829818199904
 10
895.8882996113973
 20
382.92785491148913
 42
2.414213562373095
 10
893.2282872096216
 20
386.5890478895223
 10
859.0542706250299
 20
392.0016803799143
 42
2.414213562373095
 10
855.3930776469966
 20
389.3416679781386
  0
LWPOLYLINE
  5
A5
330
17
100
AcDbEntity
  8
CUT
100
AcDbPolyline
 90
8
 70
1
 10
719.2696472971311
 20
111.7535239451069
 42
2.414213562373095
 10
718.5617057224672
 20
107.28375675577115
 10
738.8990754517868
 20
79.29176875039798
 42
2.414213562373095
 10
743.3688426411225
 20
78.58382717573403
 10
753.5624567702469
 20
85.98992135461918
 42
2.414213562373095
 10
754.2703983449107
 20
90.45968854395494
 10
733.9330286155912
 20
118.45167654932811
 42
2.414213562373095
 10
729.4632614262554
 20
119.15961812399206
  0
LWPOLYLINE
  5
A6
330
17
100
AcDbEntity
  8
CUT
100
AcDbPolyline
 90
8
 70
1
 10
824.123693866024
 20
188.98665071942864
 42
2.414213562373095
 10
824.831635440688
 20
184.5168835300929
 10
852.8236234460612
 20
164.17951380077335
 42
2.414213562373095
 10
857.2933906353969
 20
164.8874553754373
 10
864.6994848142822
 20
175.08106950456158
 42
2.414213562373095
 10
863.9915432396182
 20
179.55083669389734
 10
835.999555234245
 20
199.8882064232169
 42
2.414213562373095
 10
831.5297880449093
 20
199.18026484855298
  0
LWPOLYLINE
  5
A7
330
17
100
AcDbEntity
  8
CUT
100
AcDbPolyline
 90
8
 70
1
 10
885.4343635632624
 20
305.34405939693545
 42
2.414213562373095
 10
887.4888900334071
 20
301.31182416279114
 10
920.3954454972194
 20
290.61983615741804
 42
2.414213562373095
 10
924.4276807313637
 20
292.6743626275627
 10
928.321294860488
 20
304.65767473288156
 42
2.414213562373095
 10
926.2667683903434
 20
308.68990996702587
 10
893.3602129265311
 20
319.3818979723991
 42
2.414213562373095
 10
889.3279776923868
 20
317.32737150225444
  0
LWPOLYLINE
  5
A8
330
17
100
AcDbEntity
  8
CUT
100
AcDbPolyline
 90
8
 70
1
 10
900.9000000000001
 20
434.9000000000001
 42
2.414213562373095
 10
904.1000000000001
 20
431.7000000000001
 10
938.7
 20
431.7000000000001
 42
2.414213562373095
 10
941.9000000000001
 20
434.9000000000001
 10
941.9000000000001
 20
447.5000000000001
 42
2.414213562373095
 10
938.7
 20
450.7000000000001
 10
904.1000000000001
 20
450.7000000000001
 42
2.414213562373095
 10
900.9000000000001
 20
447.5000000000001
  0
LWPOLYLINE
  5
A9
330
17
100
AcDbEntity
  8
CUT
100
AcDbPolyline
 90
8
 70
1
 10
889.3279776923868
 20
565.0726284977458
 42
2.414213562373095
 10
893.3602129265311
 20
563.0181020276011
 10
926.2667683903434
 20
573.7100900329743
 42
2.414213562373095
 10
928.321294860488
 20
577.7423252671186
 10
924.4276807313637
 20
589.7256373724375
 42
2.414213562373095
 10
920.3954454972194
 20
591.7801638425822
 10
887.4888900334071
 20
581.0881758372091
 42
2.414213562373095
 10
885.4343635632624
 20
577.0559406030648
  0
LWPOLYLINE
  5
AA
330
17
100
AcDbEntity
  8
CUT
100
AcDbPolyline
 90
8
 70
1
 10
831.5297880449093
 20
683.2197351514473
 42
2.414213562373095
 10
835.999555234245
 20
682.5117935767832
 10
863.9915432396182
 20
702.8491633061028
 42
2.414213562373095
 10
864.6994848142822
 20
707.3189304954386
 10
857.2933906353969
 20
717.5125446245629
 42
2.414213562373095
 10
852.8236234460612
 20
718.2204861992268
 10
824.831635440688
 20
697.8831164699072
 42
2.414213562373095
 10
824.123693866024
 20
693.4133492805715
  0
LWPOLYLINE
  5
AB
330
17
100
AcDbEntity
  8
CUT
100
AcDbPolyline
 90
8
 70
1
 10
729.4632614262554
 20
763.2403818760081
 42
2.414213562373095
 10
733.9330286155912
 20
763.9483234506721
 10
754.2703983449107
 20
791.9403114560453
 42
2.414213562373095
 10
753.5624567702469
 20
796.410078645381
 10
743.3688426411225
 20
803.8161728242662
 42
2.414213562373095
 10
738.8990754517868
 20
803.1082312496022
 10
718.5617057224672
 20
775.116243244229
 42
2.414213562373095
 10
719.2696472971311
 20
770.6464760548934
  0
LWPOLYLINE
  5
AC
330
17
100
AcDbEntity
  8
CUT
100
AcDbPolyline
 90
8
 70
1
 10
610.7362237654804
 20
799.4793321009811
 42
2.414213562373095
 10
614.7684589996247
 20
801.5338585711257
 10
625.460447004998
 20
834.440414034938
 42
2.414213562373095
 10
623.4059205348533
 20
838.4726492690824
 10
611.4226084295344
 20
842.3662633982067
 42
2.414213562373095
 10
607.39037319539
 20
840.311736928062
 10
596.6983851900169
 20
807.4051814642497
 42
2.414213562373095
 10
598.7529116601615
 20
803.3729462301054
  0
LWPOLYLINE
  5
AD
330
17
100
AcDbEntity
  8
CUT
100
AcDbPolyline
 90
8
 70
1
 10
494.00000000000006
 20
807.9000000000002
 42
2.414213562373095
 10
497.20000000000005
 20
811.1000000000001
 10
497.20000000000005
 20
845.7000000000003
 42
2.414213562373095
 10
494.00000000000006
 20
848.9000000000002
 10
481.4000000000001
 20
848.9000000000002
 42
2.414213562373095
 10
478.20000000000005
 20
845.7000000000003
 10
478.20000000000005
 20
811.1000000000001
 42
2.414213562373095
 10
481.4000000000001
 20
807.9000000000002
  0
LWPOLYLINE
  5
AE
330
17
100
AcDbEntity
  8
CUT
100
AcDbPolyline
 90
8
 70
1
 10
376.6470883398386
 20
803.3729462301055
 42
2.414213562373095
 10
378.7016148099833
 20
807.4051814642498
 10
368.0096268046101
 20
840.3117369280621
 42
2.414213562373095
 10
363.9773915704658
 20
842.3662633982067
 10
351.99407946514685
 20
838.4726492690825
 42
2.414213562373095
 10
349.9395529950022
 20
834.4404140349382
 10
360.63154100037536
 20
801.5338585711258
 42
2.414213562373095
 10
364.6637762345197
 20
799.4793321009811
  0
LWPOLYLINE
  5
AF
330
17
100
AcDbEntity
  8
CUT
100
AcDbPolyline
 90
8
 70
1
 10
256.130352702869
 20
770.6464760548934
 42
2.414213562373095
 10
256.83829427753295
 20
775.116243244229
 10
236.5009245482134
 20
803.1082312496023
 42
2.414213562373095
 10
232.03115735887766
 20
803.8161728242662
 10
221.83754322975335
 20
796.4100786453811
 42
2.414213562373095
 10
221.1296016550894
 20
791.9403114560453
 10
241.46697138440896
 20
763.9483234506722
 42
2.414213562373095
 10
245.9367385737447
 20
763.2403818760082
  0
LWPOLYLINE
  5
B0
330
17
100
AcDbEntity
  8
CUT
100
AcDbPolyline
 90
8
 70
1
 10
151.27630613397605
 20
693.4133492805715
 42
2.414213562373095
 10
150.5683645593121
 20
697.8831164699073
 10
122.57637655393893
 20
718.2204861992269
 42
2.414213562373095
 10
118.10660936460317
 20
717.5125446245629
 10
110.70051518571802
 20
707.3189304954387
 42
2.414213562373095
 10
111.40845676038197
 20
702.8491633061029
 10
139.40044476575514
 20
682.5117935767834
 42
2.414213562373095
 10
143.8702119550909
 20
683.2197351514473
  0
LWPOLYLINE
  5
B1
330
17
100
AcDbEntity
  8
CUT
100
AcDbPolyline
 90
8
 70
1
 10
89.96563643673767
 20
577.0559406030648
 42
2.414213562373095
 10
87.91110996659302
 20
581.0881758372091
 10
55.00455450278071
 20
591.7801638425823
 42
2.414213562373095
 10
50.9723192686364
 20
589.7256373724376
 10
47.07870513951207
 20
577.7423252671186
 42
2.414213562373095
 10
49.13323160965672
 20
573.7100900329743
 10
82.03978707346903
 20
563.0181020276012
 42
2.414213562373095
 10
86.07202230761334
 20
565.0726284977459
  0
TEXT
  5
B2
330
17
100
AcDbEntity
  8
ENGRAVE-LABEL
100
AcDbText
 10
145.42299076799867
 20
191.8983701066515
 30
0.0
 40
9.0
  1
02 SEAT-RING 1/2
 72
1
 11
145.42299076799867
 21
191.8983701066515
 31
0.0
100
AcDbText
 73
2
  0
LWPOLYLINE
  5
B3
330
17
100
AcDbEntity
  8
CUT
100
AcDbPolyline
 90
180
 70
1
 10
1874.4
 20
769.2
 10
1874.312532758463
 20
785.634151776386
 10
1873.949341336987
 20
802.0830372582312
 10
1873.2194341412996
 20
818.5484810677945
 10
1872.057131983138
 20
835.0233022677285
 10
1870.407792307566
 20
851.4931758907067
 10
1868.2237775935464
 20
867.9375769792543
 10
1865.4629294126796
 20
884.3304289774801
 10
1862.0880562340208
 20
900.6406600120545
 10
1858.0669203147959
 20
916.8327617269647
 10
1853.3724884668404
 20
932.8674009703423
 10
1847.9833137480155
 20
948.7021104551476
 10
1841.8839587841364
 20
964.292067892751
 10
1835.0653930400003
 20
979.5909597651297
 10
1827.5253096176648
 20
994.551914500559
 10
1819.2683178813256
 20
1009.1284801954633
 10
1810.3059789466588
 20
1023.2756145468563
 10
1800.6566627615357
 20
1036.950649850003
 10
1790.3452181320263
 20
1050.1141942228264
 10
1779.4024600125
 20
1062.730931850981
 10
1767.864490753534
 20
1074.7702898791524
 10
1755.7718827599922
 20
1086.2069471206519
 10
1743.1687582351174
 20
1097.0211692253492
 10
1730.1018067271104
 20
1107.1989653419334
 10
1716.6192827777286
 20
1116.7320715843207
 10
1702.770024223226
 20
1125.617775805267
 10
1688.6025270971404
 20
1133.858605548647
 10
1674.1641063685104
 20
1141.4619061420103
 10
1659.500163781855
 20
1148.4393385621447
 10
1644.6535757082374
 20
1154.806327101799
 10
1629.6642059217322
 20
1160.5814853483962
 10
1614.568541153238
 20
1165.7860460558668
 10
1599.3994415015513
 20
1170.4433167055536
 10
1584.1859934484114
 20
1174.5781784597677
 10
1568.953450297145
 20
1178.2166423121469
 10
1553.723243160503
 20
1181.3854729768318
 10
1538.5130448893806
 20
1184.1118888525145
 10
1523.336869217395
 20
1186.423345724649
 10
1508.2051874904996
 20
1188.3474134424841
 10
1493.125045152037
 20
1189.9117599637436
 10
1478.1001589434004
 20
1191.1442687923743
 10
1463.1309723096626
 20
1192.073340944028
 10
1448.2146380957684
 20
1192.728490390962
 10
1433.3448772468787
 20
1193.1414957288048
 10
1418.5116059493432
 20
1193.34889949213
 10
1403.7
 20
1193.4
 10
1388.8883940506569
 20
1193.34889949213
 10
1374.0551227531214
 20
1193.1414957288048
 10
1359.1853619042315
 20
1192.728490390962
 10
1344.2690276903375
 20
1192.073340944028
 10
1329.2998410565997
 20
1191.1442687923743
 10
1314.274954847963
 20
1189.9117599637436
 10
1299.1948125095005
 20
1188.347413442484
 10
1284.0631307826052
 20
1186.423345724649
 10
1268.8869551106197
 20
1184.1118888525148
 10
1253.676756839497
 20
1181.3854729768318
 10
1238.446549702855
 20
1178.2166423121469
 10
1223.2140065515885
 20
1174.5781784597677
 10
1208.0005584984488
 20
1170.4433167055536
 10
1192.8314588467622
 20
1165.7860460558668
 10
1177.735794078268
 20
1160.5814853483962
 10
1162.7464242917629
 20
1154.806327101799
 10
1147.899836218145
 20
1148.4393385621447
 10
1133.2358936314897
 20
1141.4619061420103
 10
1118.7974729028597
 20
1133.858605548647
 10
1104.629975776774
 20
1125.617775805267
 10
1090.7807172222715
 20
1116.7320715843207
 10
1077.2981932728896
 20
1107.1989653419334
 10
1064.2312417648827
 20
1097.0211692253492
 10
1051.6281172400081
 20
1086.206947120652
 10
1039.535509246466
 20
1074.7702898791524
 10
1027.9975399875002
 20
1062.730931850981
 10
1017.054781867974
 20
1050.1141942228267
 10
1006.7433372384643
 20
1036.950649850003
 10
997.0940210533413
 20
1023.2756145468563
 10
988.1316821186745
 20
1009.1284801954633
 10
979.8746903823352
 20
994.551914500559
 10
972.3346069599995
 20
979.5909597651297
 10
965.5160412158637
 20
964.2920678927511
 10
959.4166862519846
 20
948.7021104551477
 10
954.0275115331597
 20
932.8674009703423
 10
949.3330796852042
 20
916.8327617269648
 10
945.3119437659793
 20
900.6406600120545
 10
941.9370705873205
 20
884.3304289774801
 10
939.1762224064536
 20
867.9375769792543
 10
936.992207692434
 20
851.4931758907065
 10
935.342868016862
 20
835.0233022677284
 10
934.1805658587006
 20
818.5484810677947
 10
933.4506586630131
 20
802.0830372582313
 10
933.0874672415371
 20
785.634151776386
 10
933.0
 20
769.2000000000002
 10
933.0874672415371
 20
752.7658482236143
 10
933.4506586630131
 20
736.316962741769
 10
934.1805658587004
 20
719.8515189322056
 10
935.342868016862
 20
703.3766977322717
 10
936.992207692434
 20
686.9068241092936
 10
939.1762224064536
 20
670.4624230207457
 10
941.9370705873204
 20
654.0695710225202
 10
945.3119437659793
 20
637.7593399879459
 10
949.3330796852042
 20
621.5672382730355
 10
954.0275115331596
 20
605.5325990296581
 10
959.4166862519846
 20
589.6978895448526
 10
965.5160412158637
 20
574.1079321072492
 10
972.3346069599996
 20
558.8090402348705
 10
979.8746903823352
 20
543.8480854994411
 10
988.1316821186746
 20
529.2715198045369
 10
997.0940210533413
 20
515.1243854531439
 10
1006.7433372384642
 20
501.4493501499973
 10
1017.0547818679738
 20
488.28580577717366
 10
1027.9975399875002
 20
475.66906814901927
 10
1039.535509246466
 20
463.62971012084785
 10
1051.628117240008
 20
452.1930528793483
 10
1064.2312417648827
 20
441.3788307746508
 10
1077.2981932728896
 20
431.20103465806665
 10
1090.7807172222715
 20
421.66792841567957
 10
1104.629975776774
 20
412.7822241947332
 10
1118.7974729028597
 20
404.54139445135326
 10
1133.2358936314895
 20
396.93809385799
 10
1147.899836218145
 20
389.96066143785544
 10
1162.7464242917627
 20
383.59367289820113
 10
1177.7357940782676
 20
377.81851465160395
 10
1192.8314588467622
 20
372.6139539441335
 10
1208.0005584984485
 20
367.95668329444663
 10
1223.2140065515887
 20
363.82182154023246
 10
1238.446549702855
 20
360.18335768785334
 10
1253.676756839497
 20
357.0145270231683
 10
1268.8869551106195
 20
354.2881111474856
 10
1284.0631307826052
 20
351.9766542753512
 10
1299.1948125095005
 20
350.05258655751624
 10
1314.2749548479628
 20
348.4882400362566
 10
1329.2998410565997
 20
347.2557312076259
 10
1344.2690276903372
 20
346.3266590559722
 10
1359.1853619042317
 20
345.6715096090384
 10
1374.0551227531214
 20
345.2585042711953
 10
1388.888394050657
 20
345.0511005078703
 10
1403.7
 20
345.0
 10
1418.5116059493434
 20
345.0511005078703
 10
1433.3448772468787
 20
345.2585042711953
 10
1448.2146380957684
 20
345.6715096090384
 10
1463.1309723096626
 20
346.32665905597224
 10
1478.1001589434002
 20
347.25573120762596
 10
1493.125045152037
 20
348.4882400362566
 10
1508.2051874904994
 20
350.0525865575161
 10
1523.3368692173951
 20
351.9766542753512
 10
1538.5130448893804
 20
354.28811114748555
 10
1553.723243160503
 20
357.0145270231683
 10
1568.953450297145
 20
360.18335768785334
 10
1584.1859934484114
 20
363.82182154023246
 10
1599.3994415015513
 20
367.9566832944466
 10
1614.5685411532377
 20
372.61395394413347
 10
1629.6642059217322
 20
377.81851465160395
 10
1644.6535757082372
 20
383.593672898201
 10
1659.5001637818552
 20
389.96066143785555
 10
1674.1641063685104
 20
396.93809385798994
 10
1688.6025270971406
 20
404.54139445135337
 10
1702.7700242232258
 20
412.78222419473315
 10
1716.6192827777284
 20
421.6679284156795
 10
1730.1018067271104
 20
431.20103465806665
 10
1743.1687582351174
 20
441.3788307746507
 10
1755.7718827599922
 20
452.19305287934833
 10
1767.8644907535338
 20
463.6297101208477
 10
1779.4024600125
 20
475.66906814901927
 10
1790.345218132026
 20
488.28580577717355
 10
1800.656662761536
 20
501.4493501499974
 10
1810.3059789466588
 20
515.1243854531438
 10
1819.2683178813254
 20
529.2715198045366
 10
1827.5253096176648
 20
543.8480854994413
 10
1835.0653930400003
 20
558.8090402348703
 10
1841.8839587841364
 20
574.1079321072493
 10
1847.9833137480155
 20
589.6978895448524
 10
1853.3724884668404
 20
605.5325990296581
 10
1858.0669203147959
 20
621.5672382730354
 10
1862.0880562340208
 20
637.7593399879459
 10
1865.4629294126796
 20
654.06957102252
 10
1868.2237775935464
 20
670.4624230207455
 10
1870.407792307566
 20
686.9068241092937
 10
1872.0571319831379
 20
703.3766977322716
 10
1873.2194341412996
 20
719.8515189322056
 10
1873.949341336987
 20
736.3169627417687
 10
1874.312532758463
 20
752.7658482236143
  0
LWPOLYLINE
  5
B4
330
17
100
AcDbEntity
  8
CUT
100
AcDbPolyline
 90
180
 70
1
 10
1739.883753057697
 20
757.4602046526016
 10
1739.7395602931865
 20
745.7018248617984
 10
1739.3810791071994
 20
733.9184968872809
 10
1738.7457567359731
 20
722.1123896848319
 10
1737.7813224863103
 20
710.2924490948981
 10
1736.4419735782826
 20
698.4735101729028
 10
1734.6869321288502
 20
686.6756892451224
 10
1732.4799615735506
 20
674.9238630888265
 10
1729.7893555346748
 20
663.2471456548893
 10
1726.588176569904
 20
651.6783147320652
 10
1722.8546189967701
 20
640.2531638288775
 10
1718.5724112972407
 20
629.0097702782009
 10
1713.7311940575482
 20
617.987683186147
 10
1708.3268219448614
 20
607.2270456348554
 10
1702.3615483669425
 20
596.7676746537552
 10
1695.8440616219082
 20
586.6481295501596
 10
1688.7893524055776
 20
576.9048037413463
 10
1681.2184044918356
 20
567.5710768324875
 10
1673.1577126690722
 20
558.6765621402769
 10
1664.6386437251372
 20
550.2464802903377
 10
1655.6966664532943
 20
542.3011823758802
 10
1646.37048443281
 20
534.8558372062407
 10
1636.7011101072537
 20
527.9202873370846
 10
1626.7309201813537
 20
521.4990688527176
 10
1616.502730701904
 20
515.5915811721477
 10
1606.058925834584
 20
510.19238617844474
 10
1595.440667993536
 20
505.2916111546313
 10
1584.6872094414819
 20
500.8754274820187
 10
1573.8353175702869
 20
496.92657668290536
 10
1562.9188185065852
 20
493.42491682550667
 10
1551.9682570042387
 20
490.34796508135645
 10
1541.0106651235853
 20
487.6714158073048
 10
1530.0694280970479
 20
485.3696173967857
 10
1519.164233010862
 20
483.4159948350196
 10
1508.3110843295926
 20
481.7834079797818
 10
1497.5223695955688
 20
480.44443767694645
 10
1486.8069585248295
 20
479.37159245682295
 10
1476.1703188102078
 20
478.5374270687545
 10
1465.6146317540315
 20
477.91455923271377
 10
1455.138889707651
 20
477.47555997967805
 10
1444.738954010762
 20
477.1926691935076
 10
1434.4075441714472
 20
477.0372332587118
 10
1424.1341097511154
 20
476.9786161962764
 10
1413.9044831669712
 20
476.981835409371
 10
1403.7
 20
477.00000000000006
 10
1393.4955168330291
 20
476.981835409371
 10
1383.2658902488847
 20
476.9786161962764
 10
1372.9924558285527
 20
477.0372332587118
 10
1362.6610459892381
 20
477.1926691935076
 10
1352.261110292349
 20
477.47555997967794
 10
1341.7853682459686
 20
477.91455923271377
 10
1331.2296811897922
 20
478.5374270687546
 10
1320.5930414751708
 20
479.371592456823
 10
1309.8776304044313
 20
480.4444376769465
 10
1299.0889156704077
 20
481.7834079797818
 10
1288.235766989138
 20
483.41599483501955
 10
1277.3305719029522
 20
485.36961739678577
 10
1266.3893348764145
 20
487.67141580730475
 10
1255.4317429957614
 20
490.34796508135656
 10
1244.4811814934146
 20
493.42491682550667
 10
1233.5646824297132
 20
496.9265766829055
 10
1222.7127905585185
 20
500.8754274820186
 10
1211.9593320064641
 20
505.29161115463137
 10
1201.3410741654163
 20
510.1923861784446
 10
1190.897269298096
 20
515.5915811721478
 10
1180.6690798186462
 20
521.4990688527178
 10
1170.6988898927464
 20
527.9202873370846
 10
1161.0295155671902
 20
534.8558372062407
 10
1151.7033335467058
 20
542.3011823758801
 10
1142.761356274863
 20
550.2464802903378
 10
1134.2422873309279
 20
558.6765621402769
 10
1126.1815955081645
 20
567.5710768324876
 10
1118.6106475944225
 20
576.9048037413463
 10
1111.555938378092
 20
586.6481295501598
 10
1105.0384516330573
 20
596.7676746537553
 10
1099.0731780551387
 20
607.2270456348554
 10
1093.6688059424519
 20
617.9876831861471
 10
1088.8275887027594
 20
629.0097702782009
 10
1084.54538100323
 20
640.2531638288776
 10
1080.8118234300962
 20
651.6783147320652
 10
1077.6106444653253
 20
663.2471456548894
 10
1074.9200384264495
 20
674.9238630888264
 10
1072.7130678711499
 20
686.6756892451226
 10
1070.9580264217172
 20
698.4735101729029
 10
1069.6186775136898
 20
710.292449094898
 10
1068.654243264027
 20
722.112389684832
 10
1068.0189208928007
 20
733.9184968872809
 10
1067.6604397068136
 20
745.7018248617985
 10
1067.516246942303
 20
757.4602046526016
 10
1067.5
 20
769.2000000000002
 10
1067.516246942303
 20
780.9397953473986
 10
1067.6604397068136
 20
792.6981751382018
 10
1068.0189208928007
 20
804.4815031127193
 10
1068.654243264027
 20
816.2876103151682
 10
1069.6186775136898
 20
828.1075509051021
 10
1070.9580264217172
 20
839.9264898270972
 10
1072.7130678711499
 20
851.7243107548777
 10
1074.9200384264495
 20
863.4761369111739
 10
1077.6106444653253
 20
875.1528543451109
 10
1080.8118234300962
 20
886.721685267935
 10
1084.54538100323
 20
898.1468361711227
 10
1088.8275887027594
 20
909.3902297217994
 10
1093.6688059424516
 20
920.4123168138531
 10
1099.0731780551387
 20
931.1729543651447
 10
1105.0384516330573
 20
941.6323253462449
 10
1111.555938378092
 20
951.7518704498405
 10
1118.6106475944225
 20
961.495196258654
 10
1126.1815955081645
 20
970.8289231675127
 10
1134.2422873309279
 20
979.7234378597234
 10
1142.761356274863
 20
988.1535197096624
 10
1151.7033335467058
 20
996.0988176241201
 10
1161.0295155671902
 20
1003.5441627937594
 10
1170.6988898927464
 20
1010.4797126629155
 10
1180.6690798186462
 20
1016.9009311472826
 10
1190.897269298096
 20
1022.8084188278524
 10
1201.341074165416
 20
1028.2076138215555
 10
1211.9593320064641
 20
1033.1083888453688
 10
1222.7127905585182
 20
1037.5245725179816
 10
1233.5646824297132
 20
1041.4734233170948
 10
1244.4811814934149
 20
1044.9750831744936
 10
1255.4317429957612
 20
1048.0520349186436
 10
1266.3893348764145
 20
1050.7285841926955
 10
1277.3305719029522
 20
1053.0303826032145
 10
1288.235766989138
 20
1054.9840051649805
 10
1299.0889156704077
 20
1056.6165920202184
 10
1309.8776304044313
 20
1057.9555623230538
 10
1320.5930414751708
 20
1059.028407543177
 10
1331.2296811897922
 20
1059.8625729312457
 10
1341.7853682459688
 20
1060.4854407672865
 10
1352.261110292349
 20
1060.9244400203222
 10
1362.6610459892383
 20
1061.2073308064926
 10
1372.9924558285527
 20
1061.3627667412884
 10
1383.2658902488847
 20
1061.4213838037238
 10
1393.4955168330291
 20
1061.4181645906292
 10
1403.7
 20
1061.4
 10
1413.904483166971
 20
1061.4181645906292
 10
1424.1341097511154
 20
1061.4213838037238
 10
1434.4075441714474
 20
1061.3627667412884
 10
1444.738954010762
 20
1061.2073308064926
 10
1455.1388897076513
 20
1060.9244400203222
 10
1465.6146317540315
 20
1060.4854407672865
 10
1476.1703188102078
 20
1059.8625729312457
 10
1486.8069585248295
 20
1059.028407543177
 10
1497.5223695955688
 20
1057.9555623230538
 10
1508.3110843295924
 20
1056.6165920202184
 10
1519.164233010862
 20
1054.9840051649805
 10
1530.0694280970479
 20
1053.0303826032145
 10
1541.0106651235853
 20
1050.7285841926955
 10
1551.968257004239
 20
1048.0520349186436
 10
1562.9188185065852
 20
1044.9750831744936
 10
1573.8353175702869
 20
1041.4734233170948
 10
1584.6872094414819
 20
1037.5245725179816
 10
1595.440667993536
 20
1033.1083888453688
 10
1606.058925834584
 20
1028.2076138215555
 10
1616.502730701904
 20
1022.8084188278524
 10
1626.730920181354
 20
1016.9009311472826
 10
1636.7011101072537
 20
1010.4797126629155
 10
1646.37048443281
 20
1003.5441627937594
 10
1655.6966664532943
 20
996.0988176241201
 10
1664.6386437251372
 20
988.1535197096624
 10
1673.1577126690722
 20
979.7234378597234
 10
1681.2184044918356
 20
970.8289231675126
 10
1688.7893524055776
 20
961.495196258654
 10
1695.8440616219082
 20
951.7518704498405
 10
1702.3615483669428
 20
941.6323253462449
 10
1708.3268219448614
 20
931.1729543651447
 10
1713.7311940575482
 20
920.4123168138531
 10
1718.5724112972407
 20
909.3902297217993
 10
1722.8546189967701
 20
898.1468361711226
 10
1726.588176569904
 20
886.721685267935
 10
1729.7893555346748
 20
875.1528543451108
 10
1732.4799615735506
 20
863.4761369111739
 10
1734.6869321288502
 20
851.7243107548777
 10
1736.4419735782826
 20
839.9264898270972
 10
1737.7813224863103
 20
828.1075509051022
 10
1738.7457567359731
 20
816.2876103151682
 10
1739.3810791071994
 20
804.4815031127193
 10
1739.7395602931865
 20
792.6981751382017
 10
1739.883753057697
 20
780.9397953473986
 10
1739.9
 20
769.2
  0
LWPOLYLINE
  5
B5
330
17
100
AcDbEntity
  8
CUT
100
AcDbPolyline
 90
8
 70
1
 10
1771.3930776469965
 20
821.0583320218615
 42
2.414213562373095
 10
1775.0542706250299
 20
818.3983196200858
 10
1809.2282872096216
 20
823.8109521104777
 42
2.414213562373095
 10
1811.8882996113973
 20
827.472145088511
 10
1809.9172253518905
 20
839.9170181800097
 42
2.414213562373095
 10
1806.2560323738571
 20
842.5770305817854
 10
1772.0820157892654
 20
837.1643980913934
 42
2.414213562373095
 10
1769.4220033874897
 20
833.5032051133602
  0
LWPOLYLINE
  5
B6
330
17
100
AcDbEntity
  8
CUT
100
AcDbPolyline
 90
8
 70
1
 10
1742.9172648876076
 20
934.9691740710325
 42
2.414213562373095
 10
1747.2212553641768
 20
933.5707227927963
 10
1778.0500811010945
 20
949.2787940837846
 42
2.414213562373095
 10
1779.4485323793306
 20
953.582784560354
 10
1773.7282520826125
 20
964.8094667651275
 42
2.414213562373095
 10
1769.424261606043
 20
966.2079180433636
 10
1738.5954358691256
 20
950.4998467523753
 42
2.414213562373095
 10
1737.1969845908893
 20
946.195856275806
  0
LWPOLYLINE
  5
B7
330
17
100
AcDbEntity
  8
CUT
100
AcDbPolyline
 90
8
 70
1
 10
1669.0118118250753
 20
1025.602266382125
 42
2.414213562373095
 10
1673.5372952246694
 20
1025.602266382125
 10
1698.0031898537238
 20
1050.0681610111794
 42
2.414213562373095
 10
1698.0031898537238
 20
1054.5936444107733
 10
1689.0936444107733
 20
1063.5031898537238
 42
2.414213562373095
 10
1684.5681610111794
 20
1063.5031898537238
 10
1660.102266382125
 20
1039.0372952246694
 42
2.414213562373095
 10
1660.102266382125
 20
1034.5118118250753
  0
LWPOLYLINE
  5
B8
330
17
100
AcDbEntity
  8
CUT
100
AcDbPolyline
 90
8
 70
1
 10
1566.8568241876467
 20
1075.536354828645
 42
2.414213562373095
 10
1571.160814664216
 20
1076.9348061068813
 10
1586.8688859552044
 20
1107.7636318437987
 42
2.414213562373095
 10
1585.4704346769681
 20
1112.0676223203682
 10
1574.2437524721945
 20
1117.7879026170863
 42
2.414213562373095
 10
1569.9397619956253
 20
1116.3894513388502
 10
1554.231690704637
 20
1085.5606256019325
 42
2.414213562373095
 10
1555.6301419828733
 20
1081.2566351253633
  0
LWPOLYLINE
  5
B9
330
17
100
AcDbEntity
  8
CUT
100
AcDbPolyline
 90
8
 70
1
 10
1461.236383351781
 20
1092.197972240782
 42
2.414213562373095
 10
1464.897576329814
 20
1094.8579846425578
 10
1470.310208820206
 20
1129.0320012271495
 42
2.414213562373095
 10
1467.6501964184304
 20
1132.6931942051826
 10
1455.2053233269316
 20
1134.6642684646897
 42
2.414213562373095
 10
1451.5441303488983
 20
1132.004256062914
 10
1446.1314978585065
 20
1097.8302394783223
 42
2.414213562373095
 10
1448.7915102602822
 20
1094.169046500289
  0
LWPOLYLINE
  5
BA
330
17
100
AcDbEntity
  8
CUT
100
AcDbPolyline
 90
8
 70
1
 10
1358.6084897397182
 20
1094.169046500289
 42
2.414213562373095
 10
1361.2685021414936
 20
1097.8302394783223
 10
1355.8558696511018
 20
1132.004256062914
 42
2.414213562373095
 10
1352.1946766730684
 20
1134.6642684646897
 10
1339.7498035815697
 20
1132.6931942051826
 42
2.414213562373095
 10
1337.0897911797942
 20
1129.0320012271495
 10
1342.502423670186
 20
1094.8579846425578
 42
2.414213562373095
 10
1346.1636166482194
 20
1092.197972240782
  0
LWPOLYLINE
  5
BB
330
17
100
AcDbEntity
  8
CUT
100
AcDbPolyline
 90
8
 70
1
 10
1251.7698580171268
 20
1081.2566351253633
 42
2.414213562373095
 10
1253.168309295363
 20
1085.5606256019325
 10
1237.4602380043748
 20
1116.3894513388502
 42
2.414213562373095
 10
1233.1562475278056
 20
1117.7879026170863
 10
1221.929565323032
 20
1112.0676223203682
 42
2.414213562373095
 10
1220.5311140447957
 20
1107.7636318437987
 10
1236.239185335784
 20
1076.9348061068813
 42
2.414213562373095
 10
1240.5431758123534
 20
1075.536354828645
  0
LWPOLYLINE
  5
BC
330
17
100
AcDbEntity
  8
CUT
100
AcDbPolyline
 90
8
 70
1
 10
1147.2977336178753
 20
1034.5118118250755
 42
2.414213562373095
 10
1147.2977336178753
 20
1039.0372952246694
 10
1122.8318389888207
 20
1063.5031898537238
 42
2.414213562373095
 10
1118.3063555892268
 20
1063.5031898537238
 10
1109.3968101462763
 20
1054.5936444107733
 42
2.414213562373095
 10
1109.3968101462763
 20
1050.0681610111794
 10
1133.862704775331
 20
1025.602266382125
 42
2.414213562373095
 10
1138.3881881749248
 20
1025.602266382125
  0
LWPOLYLINE
  5
BD
330
17
100
AcDbEntity
  8
CUT
100
AcDbPolyline
 90
8
 70
1
 10
1070.2030154091108
 20
946.195856275806
 42
2.414213562373095
 10
1068.8045641308745
 20
950.4998467523753
 10
1037.975738393957
 20
966.2079180433636
 42
2.414213562373095
 10
1033.6717479173878
 20
964.8094667651275
 10
1027.9514676206695
 20
953.582784560354
 42
2.414213562373095
 10
1029.3499188989058
 20
949.2787940837846
 10
1060.1787446358233
 20
933.5707227927963
 42
2.414213562373095
 10
1064.4827351123924
 20
934.9691740710325
  0
LWPOLYLINE
  5
BE
330
17
100
AcDbEntity
  8
CUT
100
AcDbPolyline
 90
8
 70
1
 10
1037.9779966125104
 20
833.5032051133603
 42
2.414213562373095
 10
1035.3179842107347
 20
837.1643980913934
 10
1001.1439676261429
 20
842.5770305817855
 42
2.414213562373095
 10
997.4827746481096
 20
839.9170181800098
 10
995.5117003886028
 20
827.4721450885111
 42
2.414213562373095
 10
998.1717127903785
 20
823.8109521104778
 10
1032.3457293749702
 20
818.3983196200859
 42
2.414213562373095
 10
1036.0069223530033
 20
821.0583320218616
  0
LWPOLYLINE
  5
BF
330
17
100
AcDbEntity
  8
CUT
100
AcDbPolyline
 90
8
 70
1
 10
1036.0069223530036
 20
717.3416679781387
 42
2.414213562373095
 10
1032.3457293749702
 20
720.0016803799144
 10
998.1717127903785
 20
714.5890478895225
 42
2.414213562373095
 10
995.5117003886028
 20
710.9278549114892
 10
997.4827746481097
 20
698.4829818199905
 42
2.414213562373095
 10
1001.143967626143
 20
695.8229694182148
 10
1035.3179842107347
 20
701.2356019086069
 42
2.414213562373095
 10
1037.9779966125104
 20
704.89679488664
  0
LWPOLYLINE
  5
C0
330
17
100
AcDbEntity
  8
CUT
100
AcDbPolyline
 90
8
 70
1
 10
1064.4827351123924
 20
603.4308259289677
 42
2.414213562373095
 10
1060.1787446358233
 20
604.8292772072039
 10
1029.3499188989056
 20
589.1212059162156
 42
2.414213562373095
 10
1027.9514676206695
 20
584.8172154396462
 10
1033.6717479173876
 20
573.5905332348729
 42
2.414213562373095
 10
1037.975738393957
 20
572.1920819566366
 10
1068.8045641308745
 20
587.9001532476249
 42
2.414213562373095
 10
1070.2030154091108
 20
592.2041437241942
  0
LWPOLYLINE
  5
C1
330
17
100
AcDbEntity
  8
CUT
100
AcDbPolyline
 90
8
 70
1
 10
1138.3881881749248
 20
512.7977336178753
 42
2.414213562373095
 10
1133.8627047753307
 20
512.7977336178753
 10
1109.3968101462763
 20
488.33183898882083
 42
2.414213562373095
 10
1109.3968101462763
 20
483.80635558922694
 10
1118.3063555892268
 20
474.89681014627644
 42
2.414213562373095
 10
1122.8318389888207
 20
474.89681014627644
 10
1147.297733617875
 20
499.362704775331
 42
2.414213562373095
 10
1147.297733617875
 20
503.8881881749249
  0
LWPOLYLINE
  5
C2
330
17
100
AcDbEntity
  8
CUT
100
AcDbPolyline
 90
8
 70
1
 10
1240.5431758123534
 20
462.8636451713552
 42
2.414213562373095
 10
1236.239185335784
 20
461.46519389311896
 10
1220.5311140447957
 20
430.6363681562014
 42
2.414213562373095
 10
1221.929565323032
 20
426.33237767963215
 10
1233.1562475278054
 20
420.6120973829138
 42
2.414213562373095
 10
1237.4602380043748
 20
422.01054866115004
 10
1253.168309295363
 20
452.8393743980676
 42
2.414213562373095
 10
1251.7698580171268
 20
457.14336487463686
  0
LWPOLYLINE
  5
C3
330
17
100
AcDbEntity
  8
CUT
100
AcDbPolyline
 90
8
 70
1
 10
1346.1636166482192
 20
446.20202775921814
 42
2.414213562373095
 10
1342.502423670186
 20
443.5420153574424
 10
1337.089791179794
 20
409.3679987728506
 42
2.414213562373095
 10
1339.7498035815697
 20
405.70680579481746
 10
1352.1946766730684
 20
403.7357315353105
 42
2.414213562373095
 10
1355.8558696511018
 20
406.39574393708625
 10
1361.2685021414936
 20
440.569760521678
 42
2.414213562373095
 10
1358.608489739718
 20
444.2309534997112
  0
LWPOLYLINE
  5
C4
330
17
100
AcDbEntity
  8
CUT
100
AcDbPolyline
 90
8
 70
1
 10
1448.791510260282
 20
444.23095349971123
 42
2.414213562373095
 10
1446.1314978585065
 20
440.56976052167806
 10
1451.5441303488983
 20
406.3957439370863
 42
2.414213562373095
 10
1455.2053233269314
 20
403.73573153531055
 10
1467.6501964184304
 20
405.7068057948175
 42
2.414213562373095
 10
1470.3102088202058
 20
409.3679987728507
 10
1464.897576329814
 20
443.54201535744244
 42
2.414213562373095
 10
1461.2363833517807
 20
446.2020277592182
  0
LWPOLYLINE
  5
C5
330
17
100
AcDbEntity
  8
CUT
100
AcDbPolyline
 90
8
 70
1
 10
1555.6301419828733
 20
457.14336487463686
 42
2.414213562373095
 10
1554.231690704637
 20
452.8393743980676
 10
1569.9397619956253
 20
422.01054866115004
 42
2.414213562373095
 10
1574.2437524721945
 20
420.6120973829138
 10
1585.4704346769681
 20
426.33237767963215
 42
2.414213562373095
 10
1586.8688859552042
 20
430.6363681562014
 10
1571.1608146642159
 20
461.46519389311896
 42
2.414213562373095
 10
1566.8568241876465
 20
462.8636451713552
  0
LWPOLYLINE
  5
C6
330
17
100
AcDbEntity
  8
CUT
100
AcDbPolyline
 90
8
 70
1
 10
1660.1022663821248
 20
503.8881881749248
 42
2.414213562373095
 10
1660.1022663821248
 20
499.3627047753309
 10
1684.5681610111792
 20
474.8968101462763
 42
2.414213562373095
 10
1689.0936444107733
 20
474.8968101462763
 10
1698.0031898537236
 20
483.8063555892268
 42
2.414213562373095
 10
1698.0031898537236
 20
488.3318389888207
 10
1673.5372952246692
 20
512.7977336178753
 42
2.414213562373095
 10
1669.0118118250753
 20
512.7977336178753
  0
LWPOLYLINE
  5
C7
330
17
100
AcDbEntity
  8
CUT
100
AcDbPolyline
 90
8
 70
1
 10
1737.1969845908893
 20
592.2041437241942
 42
2.414213562373095
 10
1738.5954358691256
 20
587.9001532476248
 10
1769.424261606043
 20
572.1920819566365
 42
2.414213562373095
 10
1773.7282520826122
 20
573.5905332348727
 10
1779.4485323793306
 20
584.8172154396461
 42
2.414213562373095
 10
1778.0500811010943
 20
589.1212059162154
 10
1747.2212553641768
 20
604.8292772072037
 42
2.414213562373095
 10
1742.9172648876076
 20
603.4308259289676
  0
LWPOLYLINE
  5
C8
330
17
100
AcDbEntity
  8
CUT
100
AcDbPolyline
 90
8
 70
1
 10
1769.4220033874897
 20
704.8967948866399
 42
2.414213562373095
 10
1772.0820157892654
 20
701.2356019086067
 10
1806.2560323738571
 20
695.8229694182147
 42
2.414213562373095
 10
1809.9172253518905
 20
698.4829818199904
 10
1811.8882996113973
 20
710.9278549114891
 42
2.414213562373095
 10
1809.2282872096216
 20
714.5890478895224
 10
1775.0542706250299
 20
720.0016803799143
 42
2.414213562373095
 10
1771.3930776469965
 20
717.3416679781386
  0
LWPOLYLINE
  5
C9
330
17
100
AcDbEntity
  8
CUT
100
AcDbPolyline
 90
8
 70
1
 10
1635.269647297131
 20
439.7535239451069
 42
2.414213562373095
 10
1634.5617057224672
 20
435.28375675577115
 10
1654.8990754517868
 20
407.291768750398
 42
2.414213562373095
 10
1659.3688426411225
 20
406.58382717573403
 10
1669.5624567702469
 20
413.9899213546192
 42
2.414213562373095
 10
1670.2703983449107
 20
418.45968854395494
 10
1649.9330286155912
 20
446.4516765493281
 42
2.414213562373095
 10
1645.4632614262555
 20
447.15961812399206
  0
LWPOLYLINE
  5
CA
330
17
100
AcDbEntity
  8
CUT
100
AcDbPolyline
 90
8
 70
1
 10
1740.123693866024
 20
516.9866507194287
 42
2.414213562373095
 10
1740.831635440688
 20
512.5168835300929
 10
1768.8236234460612
 20
492.17951380077335
 42
2.414213562373095
 10
1773.293390635397
 20
492.8874553754373
 10
1780.6994848142822
 20
503.0810695045616
 42
2.414213562373095
 10
1779.9915432396183
 20
507.55083669389734
 10
1751.999555234245
 20
527.8882064232168
 42
2.414213562373095
 10
1747.5297880449093
 20
527.180264848553
  0
LWPOLYLINE
  5
CB
330
17
100
AcDbEntity
  8
CUT
100
AcDbPolyline
 90
8
 70
1
 10
1801.4343635632624
 20
633.3440593969354
 42
2.414213562373095
 10
1803.4888900334072
 20
629.3118241627911
 10
1836.3954454972195
 20
618.619836157418
 42
2.414213562373095
 10
1840.4276807313636
 20
620.6743626275627
 10
1844.321294860488
 20
632.6576747328816
 42
2.414213562373095
 10
1842.2667683903433
 20
636.6899099670259
 10
1809.360212926531
 20
647.3818979723991
 42
2.414213562373095
 10
1805.3279776923869
 20
645.3273715022544
  0
LWPOLYLINE
  5
CC
330
17
100
AcDbEntity
  8
CUT
100
AcDbPolyline
 90
8
 70
1
 10
1816.9
 20
762.9000000000001
 42
2.414213562373095
 10
1820.1000000000001
 20
759.7
 10
1854.7
 20
759.7
 42
2.414213562373095
 10
1857.9
 20
762.9000000000001
 10
1857.9
 20
775.5000000000001
 42
2.414213562373095
 10
1854.7
 20
778.7
 10
1820.1000000000001
 20
778.7
 42
2.414213562373095
 10
1816.9
 20
775.5000000000001
  0
LWPOLYLINE
  5
CD
330
17
100
AcDbEntity
  8
CUT
100
AcDbPolyline
 90
8
 70
1
 10
1805.3279776923869
 20
893.0726284977458
 42
2.414213562373095
 10
1809.360212926531
 20
891.0181020276011
 10
1842.2667683903433
 20
901.7100900329743
 42
2.414213562373095
 10
1844.321294860488
 20
905.7423252671186
 10
1840.4276807313636
 20
917.7256373724375
 42
2.414213562373095
 10
1836.3954454972195
 20
919.7801638425822
 10
1803.4888900334072
 20
909.0881758372091
 42
2.414213562373095
 10
1801.4343635632624
 20
905.0559406030648
  0
LWPOLYLINE
  5
CE
330
17
100
AcDbEntity
  8
CUT
100
AcDbPolyline
 90
8
 70
1
 10
1747.5297880449093
 20
1011.2197351514473
 42
2.414213562373095
 10
1751.999555234245
 20
1010.5117935767832
 10
1779.9915432396183
 20
1030.8491633061028
 42
2.414213562373095
 10
1780.6994848142822
 20
1035.3189304954385
 10
1773.293390635397
 20
1045.512544624563
 42
2.414213562373095
 10
1768.8236234460612
 20
1046.2204861992268
 10
1740.831635440688
 20
1025.8831164699072
 42
2.414213562373095
 10
1740.123693866024
 20
1021.4133492805715
  0
LWPOLYLINE
  5
CF
330
17
100
AcDbEntity
  8
CUT
100
AcDbPolyline
 90
8
 70
1
 10
1645.4632614262555
 20
1091.240381876008
 42
2.414213562373095
 10
1649.9330286155912
 20
1091.948323450672
 10
1670.2703983449107
 20
1119.9403114560453
 42
2.414213562373095
 10
1669.5624567702469
 20
1124.410078645381
 10
1659.3688426411225
 20
1131.8161728242662
 42
2.414213562373095
 10
1654.8990754517868
 20
1131.1082312496023
 10
1634.5617057224672
 20
1103.116243244229
 42
2.414213562373095
 10
1635.269647297131
 20
1098.6464760548934
  0
LWPOLYLINE
  5
D0
330
17
100
AcDbEntity
  8
CUT
100
AcDbPolyline
 90
8
 70
1
 10
1526.7362237654804
 20
1127.479332100981
 42
2.414213562373095
 10
1530.7684589996247
 20
1129.5338585711256
 10
1541.460447004998
 20
1162.440414034938
 42
2.414213562373095
 10
1539.4059205348533
 20
1166.4726492690825
 10
1527.4226084295344
 20
1170.3662633982067
 42
2.414213562373095
 10
1523.39037319539
 20
1168.3117369280621
 10
1512.6983851900168
 20
1135.4051814642498
 42
2.414213562373095
 10
1514.7529116601615
 20
1131.3729462301053
  0
LWPOLYLINE
  5
D1
330
17
100
AcDbEntity
  8
CUT
100
AcDbPolyline
 90
8
 70
1
 10
1410.0
 20
1135.9
 42
2.414213562373095
 10
1413.2
 20
1139.1000000000001
 10
1413.2
 20
1173.7000000000003
 42
2.414213562373095
 10
1410.0
 20
1176.9
 10
1397.4
 20
1176.9
 42
2.414213562373095
 10
1394.2
 20
1173.7000000000003
 10
1394.2
 20
1139.1000000000001
 42
2.414213562373095
 10
1397.4
 20
1135.9
  0
LWPOLYLINE
  5
D2
330
17
100
AcDbEntity
  8
CUT
100
AcDbPolyline
 90
8
 70
1
 10
1292.6470883398385
 20
1131.3729462301055
 42
2.414213562373095
 10
1294.7016148099833
 20
1135.4051814642498
 10
1284.00962680461
 20
1168.3117369280621
 42
2.414213562373095
 10
1279.977391570466
 20
1170.3662633982067
 10
1267.9940794651468
 20
1166.4726492690825
 42
2.414213562373095
 10
1265.9395529950023
 20
1162.4404140349382
 10
1276.6315410003754
 20
1129.5338585711258
 42
2.414213562373095
 10
1280.6637762345197
 20
1127.479332100981
  0
LWPOLYLINE
  5
D3
330
17
100
AcDbEntity
  8
CUT
100
AcDbPolyline
 90
8
 70
1
 10
1172.130352702869
 20
1098.6464760548934
 42
2.414213562373095
 10
1172.838294277533
 20
1103.116243244229
 10
1152.5009245482133
 20
1131.1082312496023
 42
2.414213562373095
 10
1148.0311573588776
 20
1131.8161728242662
 10
1137.8375432297535
 20
1124.410078645381
 42
2.414213562373095
 10
1137.1296016550893
 20
1119.9403114560453
 10
1157.466971384409
 20
1091.9483234506722
 42
2.414213562373095
 10
1161.9367385737446
 20
1091.240381876008
  0
LWPOLYLINE
  5
D4
330
17
100
AcDbEntity
  8
CUT
100
AcDbPolyline
 90
8
 70
1
 10
1067.276306133976
 20
1021.4133492805715
 42
2.414213562373095
 10
1066.5683645593122
 20
1025.8831164699072
 10
1038.5763765539389
 20
1046.2204861992268
 42
2.414213562373095
 10
1034.1066093646032
 20
1045.512544624563
 10
1026.700515185718
 20
1035.3189304954387
 42
2.414213562373095
 10
1027.408456760382
 20
1030.849163306103
 10
1055.400444765755
 20
1010.5117935767834
 42
2.414213562373095
 10
1059.8702119550908
 20
1011.2197351514473
  0
LWPOLYLINE
  5
D5
330
17
100
AcDbEntity
  8
CUT
100
AcDbPolyline
 90
8
 70
1
 10
1005.9656364367377
 20
905.0559406030648
 42
2.414213562373095
 10
1003.911109966593
 20
909.0881758372091
 10
971.0045545027807
 20
919.7801638425823
 42
2.414213562373095
 10
966.9723192686364
 20
917.7256373724376
 10
963.0787051395121
 20
905.7423252671186
 42
2.414213562373095
 10
965.1332316096567
 20
901.7100900329743
 10
998.039787073469
 20
891.0181020276012
 42
2.414213562373095
 10
1002.0720223076133
 20
893.0726284977459
  0
TEXT
  5
D6
330
17
100
AcDbEntity
  8
ENGRAVE-LABEL
100
AcDbText
 10
1061.4229907679985
 20
519.8983701066514
 30
0.0
 40
9.0
  1
02 SEAT-RING 2/2
 72
1
 11
1061.4229907679985
 21
519.8983701066514
 31
0.0
100
AcDbText
 73
2
  0
LWPOLYLINE
  5
D7
330
17
100
AcDbEntity
  8
CUT
100
AcDbPolyline
 90
122
 70
1
 10
1373.0
 20
19.001307497704033
 10
1384.7297499056262
 20
18.309484536099774
 10
1396.4321850630963
 20
17.781071701672886
 10
1408.1097785056209
 20
17.402586604240582
 10
1419.7661955294889
 20
17.159111164639512
 10
1431.406470850061
 20
17.033024878404774
 10
1443.0373924242178
 20
17.0
 10
1454.668313998375
 20
17.033024878404774
 10
1466.3085893189468
 20
17.159111164639512
 10
1477.9650063428148
 20
17.402586604240582
 10
1489.6425997853394
 20
17.781071701672886
 10
1501.3450349428094
 20
18.309484536099774
 10
1513.0747848484357
 20
19.001307497704033
 10
1524.833223143627
 20
19.869190565727138
 10
1536.6206713926101
 20
20.925288021580513
 10
1548.4364183323519
 20
22.181461617095806
 10
1560.2787205850352
 20
23.649406556974157
 10
1572.1447907745858
 20
25.340727731207835
 10
1584.0307772010972
 20
27.26698082158248
 10
1595.9317382897873
 20
29.43968657471345
 10
1607.8416145377
 20
31.870323156799373
 10
1619.7532004351417
 20
34.57029961430794
 10
1631.6581187341453
 20
37.550912387380436
 10
1643.5467994100763
 20
40.82328622683252
 10
1655.408465672662
 20
44.39830057719962
 10
1667.231129397834
 20
48.2865024109513
 10
1679.0015983459498
 20
52.49800657591504
 10
1690.7054974826292
 20
57.042384912441264
 10
1702.3273066053885
 20
61.928545681925755
 10
1713.8504162848114
 20
67.16460520074986
 10
1725.2572038385777
 20
72.75775397049097
 10
1736.5291306601407
 20
78.71412001167607
 10
1747.646861716712
 20
85.03863251704792
 10
1758.5904074160258
 20
91.73488931133801
 10
1769.3392873291236
 20
98.80503190613166
 10
1779.8727144671664
 20
106.24963213852845
 10
1790.1697979734927
 20
114.06759445072527
 10
1800.2097612459124
 20
122.25607777859364
 10
1809.972171693758
 20
130.81044075217096
 10
1819.4371776091427
 20
139.72421346095786
 10
1828.5857470428077
 20
148.9890984052596
 10
1837.3999031692888
 20
158.59500245816434
 10
1845.8629504437429
 20
168.53010073132407
 10
1853.9596859217822
 20
178.78093221422068
 10
1861.676590447179
 20
189.33252599377266
 10
1869.0019950063156
 20
200.16855581797762
 10
1875.926218381232
 20
211.27151980453684
 10
1882.4416732675786
 20
222.62294127056876
 10
1888.5429392093902
 20
234.2035860220238
 10
1894.226801981341
 20
245.99369102872305
 10
1899.4922603612063
 20
257.9731992457331
 10
1904.3405025260631
 20
270.1219954309267
 10
1908.7748555331045
 20
282.42013814386473
 10
1912.800712487791
 20
294.84808367180597
 10
1916.4254430649169
 20
307.3868983855364
 10
1919.6582940787277
 20
320.0184569489398
 10
1922.5102879009053
 20
332.72562486440944
 10
1924.994127895623
 20
345.4924250177213
 10
1927.1241220324405
 20
358.3041892043906
 10
1928.9161391071132
 20
371.14769713726116
 10
1930.3876178429211
 20
384.0113073050221
 10
1732.8499497238936
 20
415.2982003130683
 10
1732.2651575943223
 20
407.59480223569074
 10
1731.4946018856795
 20
399.88652736794245
 10
1730.5201438160877
 20
392.18149778890245
 10
1729.3251226430916
 20
384.48943388491364
 10
1727.894347105089
 20
376.82152588972434
 10
1726.2141398058861
 20
369.19029726052594
 10
1724.2724142693555
 20
361.60945551856025
 10
1722.0587702336643
 20
354.0937280529248
 10
1719.5645960238055
 20
346.6586819039447
 10
1716.7831688326862
 20
339.3205278608932
 10
1713.7097451113686
 20
332.0959103903821
 10
1710.3416343717167
 20
325.0016859699332
 10
1706.6782507351857
 20
318.0546933224905
 10
1702.7211376243445
 20
311.27151980453687
 10
1698.4739621354972
 20
304.6682687611674
 10
1693.9424768580943
 20
298.2603329967782
 10
1689.134448197379
 20
292.0621795991873
 10
1684.0595515687535
 20
286.08715118981877
 10
1678.7292351110418
 20
280.3472882599085
 10
1673.1565547514135
 20
274.8531766152271
 10
1667.3559844891365
 20
269.6138231269946
 10
1661.343206598279
 20
264.63656202394264
 10
1655.134887043455
 20
259.9269929173444
 10
1648.7484417361832
 20
255.4889506880348
 10
1642.2017993284155
 20
251.32450634098603
 10
1635.513166057352
 20
247.43399700161052
 10
1628.7007977499893
 20
243.81608243134423
 10
1621.7827835067446
 20
240.46782480844215
 10
1614.7768448583965
 20
237.38478806992313
 10
1607.700153380083
 20
234.56115284548048
 10
1600.569168899845
 20
231.98984292515306
 10
1593.399499602383
 20
229.6626592710106
 10
1586.2057845394395
 20
227.57041778325973
 10
1579.00159834595
 20
225.70308733280282
 10
1571.7993773459123
 20
224.04992494334434
 10
1564.6103657247527
 20
222.59960541487317
 10
1557.4445800484175
 20
221.34034309680467
 10
1550.3107901189856
 20
220.26000391590063
 10
1543.2165139621238
 20
219.3462061165653
 10
1536.16802462864
 20
218.58640845623972
 10
1529.1703664430331
 20
217.9679847931491
 10
1522.2273783261078
 20
217.47828408061324
 10
1515.3417218338013
 20
217.10467470484647
 10
1508.514911564531
 20
216.8345718147878
 10
1501.7473455611707
 20
216.65544569663118
 10
1495.0383332290583
 20
216.55480816834162
 10
1488.3861180451977
 20
216.52017207851807
 10
1481.7878918403896
 20
216.53897561673156
 10
1475.2397964987993
 20
216.59845681086188
 10
1468.7369071318087
 20
216.68545077532752
 10
1462.273187197246
 20
216.78605335086618
 10
1455.841398070358
 20
216.88501811555426
 10
1449.4329243368004
 20
216.96448987351624
 10
1443.0373924242178
 20
217.0
 10
1436.6418605116355
 20
216.96448987351624
 10
1430.2333867780776
 20
216.88501811555426
 10
1423.80159765119
 20
216.78605335086618
 10
1417.3378777166272
 20
216.68545077532752
 10
1410.8349883496367
 20
216.59845681086188
 10
1404.2868930080463
 20
216.53897561673156
  0
LWPOLYLINE
  5
D8
330
17
100
AcDbEntity
  8
CUT
100
AcDbPolyline
 90
8
 70
1
 10
1436.737392424218
 20
192.5
 42
2.414213562373095
 10
1433.5373924242178
 20
189.3
 10
1433.5373924242178
 20
44.69999999999999
 42
2.414213562373095
 10
1436.737392424218
 20
41.5
 10
1449.3373924242178
 20
41.5
 42
2.414213562373095
 10
1452.5373924242178
 20
44.69999999999999
 10
1452.5373924242178
 20
189.3
 42
2.414213562373095
 10
1449.337392424218
 20
192.5
  0
LWPOLYLINE
  5
D9
330
17
100
AcDbEntity
  8
CUT
100
AcDbPolyline
 90
8
 70
1
 10
1523.8066386356345
 20
192.2305923668198
 42
2.414213562373095
 10
1521.75211216549
 20
188.19835713267543
 10
1566.4359695521073
 20
50.67558487639627
 42
2.414213562373095
 10
1570.4682047862516
 20
48.621058406251564
 10
1582.4515168915705
 20
52.514672535375894
 42
2.414213562373095
 10
1584.506043361715
 20
56.54690776952026
 10
1539.822185975098
 20
194.0696800257994
 42
2.414213562373095
 10
1535.7899507409534
 20
196.12420649594412
  0
LWPOLYLINE
  5
DA
330
17
100
AcDbEntity
  8
CUT
100
AcDbPolyline
 90
8
 70
1
 10
1617.0040849966865
 20
211.03718939385172
 42
2.414213562373095
 10
1616.2961434220226
 20
206.56742220451596
 10
1701.2898909035143
 20
89.58356481789855
 42
2.414213562373095
 10
1705.75965809285
 20
88.8756232432346
 10
1715.9532722219742
 20
96.28171742211975
 42
2.414213562373095
 10
1716.6612137966383
 20
100.75148461145551
 10
1631.6674663151466
 20
217.73534199807293
 42
2.414213562373095
 10
1627.197699125811
 20
218.44328357273687
  0
LWPOLYLINE
  5
DB
330
17
100
AcDbEntity
  8
CUT
100
AcDbPolyline
 90
8
 70
1
 10
1700.1774208414972
 20
266.589605444091
 42
2.414213562373095
 10
1700.8853624161611
 20
262.1198382547552
 10
1817.8692198027784
 20
177.12609077326357
 42
2.414213562373095
 10
1822.338986992114
 20
177.83403234792752
 10
1829.7450811709994
 20
188.0276464770518
 42
2.414213562373095
 10
1829.0371395963352
 20
192.49741366638756
 10
1712.053282209718
 20
277.4911611478792
 42
2.414213562373095
 10
1707.5835150203823
 20
276.7832195732153
  0
LWPOLYLINE
  5
DC
330
17
100
AcDbEntity
  8
CUT
100
AcDbPolyline
 90
8
 70
1
 10
1747.5682173905552
 20
355.62772484568023
 42
2.414213562373095
 10
1749.6227438607
 20
351.5954896115359
 10
1887.1455161169793
 20
306.91163222491855
 42
2.414213562373095
 10
1891.1777513511236
 20
308.9661586950632
 10
1895.071365480248
 20
320.9494708003821
 42
2.414213562373095
 10
1893.016839010103
 20
324.9817060345264
 10
1755.494066753824
 20
369.6655634211438
 42
2.414213562373095
 10
1751.4618315196797
 20
367.61103695099916
  0
TEXT
  5
DD
330
17
100
AcDbEntity
  8
ENGRAVE-LABEL
100
AcDbText
 10
1835.4811287421335
 20
261.350585257206
 30
0.0
 40
9.0
  1
19 BACK-BAND-3 1/2
 72
1
 11
1835.4811287421335
 21
261.350585257206
 31
0.0
100
AcDbText
 73
2
  0
LWPOLYLINE
  5
DE
330
17
100
AcDbEntity
  8
CUT
100
AcDbPolyline
 90
122
 70
1
 10
2374.387617842921
 20
785.2968928153643
 10
2362.657867937295
 20
785.9887157769685
 10
2350.9554327798246
 20
786.5171286113955
 10
2339.2778393373
 20
786.8956137088278
 10
2327.621422313432
 20
787.1390891484289
 10
2315.9811469928604
 20
787.2651754346635
 10
2304.3502254187033
 20
787.2982003130683
 10
2292.719303844546
 20
787.2651754346635
 10
2281.079028523974
 20
787.1390891484289
 10
2269.422611500106
 20
786.8956137088278
 10
2257.7450180575815
 20
786.5171286113955
 10
2246.0425829001115
 20
785.9887157769685
 10
2234.3128329944852
 20
785.2968928153643
 10
2222.554394699294
 20
784.4290097473412
 10
2210.766946450311
 20
783.3729122914879
 10
2198.9511995105695
 20
782.1167386959726
 10
2187.108897257886
 20
780.6487937560942
 10
2175.2428270683354
 20
778.9574725818604
 10
2163.356840641824
 20
777.0312194914859
 10
2151.455879553134
 20
774.8585137383549
 10
2139.546003305221
 20
772.427877156269
 10
2127.6344174077794
 20
769.7279006987603
 10
2115.7294991087756
 20
766.7472879256879
 10
2103.8408184328446
 20
763.4749140862358
 10
2091.979152170259
 20
759.8998997358688
 10
2080.1564884450872
 20
756.011697902117
 10
2068.386019496971
 20
751.8001937371532
 10
2056.682120360292
 20
747.255815400627
 10
2045.0603112375327
 20
742.3696546311426
 10
2033.5372015581097
 20
737.1335951123184
 10
2022.1304140043435
 20
731.5404463425773
 10
2010.8584871827804
 20
725.5840803013922
 10
1999.7407561262091
 20
719.2595677960203
 10
1988.7972104268952
 20
712.5633110017302
 10
1978.0483305137973
 20
705.4931684069365
 10
1967.5149033757548
 20
698.0485681745398
 10
1957.2178198694285
 20
690.230605862343
 10
1947.1778565970087
 20
682.0421225344746
 10
1937.4154461491632
 20
673.4877595608973
 10
1927.9504402337784
 20
664.5739868521105
 10
1918.8018708001134
 20
655.3091019078087
 10
1909.9877146736324
 20
645.7031978549039
 10
1901.5246673991783
 20
635.7680995817442
 10
1893.427931921139
 20
625.5172680988476
 10
1885.711027395742
 20
614.9656743192957
 10
1878.3856228366053
 20
604.1296444950906
 10
1871.4613994616889
 20
593.0266805085314
 10
1864.9459445753423
 20
581.6752590424995
 10
1858.844678633531
 20
570.0946142910445
 10
1853.1608158615804
 20
558.3045092843452
 10
1847.8953574817149
 20
546.3250010673353
 10
1843.0471153168583
 20
534.1762048821415
 10
1838.6127623098164
 20
521.8780621692035
 10
1834.58690535513
 20
509.4501166412623
 10
1830.9621747780043
 20
496.91130192753184
 10
1827.7293237641934
 20
484.2797433641285
 10
1824.8773299420159
 20
471.5725754486588
 10
1822.393489947298
 20
458.80577529534696
 10
1820.2634958104807
 20
445.9940111086777
 10
1818.471478735808
 20
433.1505031758071
 10
1817.0
 20
420.2868930080462
 10
2014.5376681190276
 20
389.0
 10
2015.1224602485988
 20
396.7033980773775
 10
2015.8930159572417
 20
404.4116729451259
 10
2016.8674740268334
 20
412.1167025241659
 10
2018.0624951998295
 20
419.8087664281546
 10
2019.493270737832
 20
427.476674423344
 10
2021.173478037035
 20
435.1079030525424
 10
2023.1152035735659
 20
442.68874479450807
 10
2025.3288476092569
 20
450.2044722601435
 10
2027.8230218191156
 20
457.63951840912364
 10
2030.604449010235
 20
464.9776724521751
 10
2033.6778727315525
 20
472.2022899226862
 10
2037.0459834712044
 20
479.2965143431351
 10
2040.7093671077355
 20
486.2435069905778
 10
2044.6664802185767
 20
493.02668050853146
 10
2048.913655707424
 20
499.6299315519009
 10
2053.445140984827
 20
506.03786731629015
 10
2058.253169645542
 20
512.2360207138811
 10
2063.3280662741677
 20
518.2110491232495
 10
2068.6583827318796
 20
523.9509120531598
 10
2074.2310630915076
 20
529.4450236978412
 10
2080.031633353785
 20
534.6843771860737
 10
2086.044411244642
 20
539.6616382891257
 10
2092.2527307994665
 20
544.3712073957239
 10
2098.639176106738
 20
548.8092496250335
 10
2105.1858185145056
 20
552.9736939720823
 10
2111.874451785569
 20
556.8642033114578
 10
2118.686820092932
 20
560.4821178817241
 10
2125.6048343361767
 20
563.8303755046261
 10
2132.6107729845244
 20
566.9134122431451
 10
2139.687464462838
 20
569.7370474675879
 10
2146.818448943076
 20
572.3083573879153
 10
2153.988118240538
 20
574.6355410420576
 10
2161.1818333034817
 20
576.7277825298086
 10
2168.386019496971
 20
578.5951129802654
 10
2175.588240497009
 20
580.248275369724
 10
2182.7772521181682
 20
581.6985948981951
 10
2189.9430377945037
 20
582.9578572162636
 10
2197.076827723936
 20
584.0381963971677
 10
2204.1711038807975
 20
584.951994196503
 10
2211.2195932142813
 20
585.7117918568285
 10
2218.217251399888
 20
586.3302155199192
 10
2225.1602395168134
 20
586.8199162324552
 10
2232.04589600912
 20
587.1935256082219
 10
2238.87270627839
 20
587.4636284982805
 10
2245.64027228175
 20
587.6427546164372
 10
2252.349284613863
 20
587.7433921447267
 10
2259.0014997977237
 20
587.7780282345502
 10
2265.5997260025315
 20
587.7592246963368
 10
2272.147821344122
 20
587.6997435022065
 10
2278.6507107111124
 20
587.6127495377408
 10
2285.1144306456754
 20
587.5121469622022
 10
2291.546219772563
 20
587.4131821975141
 10
2297.9546935061207
 20
587.3337104395521
 10
2304.3502254187033
 20
587.2982003130683
 10
2310.745757331286
 20
587.3337104395521
 10
2317.1542310648433
 20
587.4131821975141
 10
2323.586020191731
 20
587.5121469622022
 10
2330.0497401262937
 20
587.6127495377408
 10
2336.5526294932843
 20
587.6997435022065
 10
2343.100724834875
 20
587.7592246963368
  0
LWPOLYLINE
  5
DF
330
17
100
AcDbEntity
  8
CUT
100
AcDbPolyline
 90
8
 70
1
 10
2310.650225418703
 20
611.7982003130683
 42
2.414213562373095
 10
2313.8502254187033
 20
614.9982003130683
 10
2313.8502254187033
 20
759.5982003130683
 42
2.414213562373095
 10
2310.650225418703
 20
762.7982003130683
 10
2298.050225418703
 20
762.7982003130683
 42
2.414213562373095
 10
2294.8502254187033
 20
759.5982003130683
 10
2294.8502254187033
 20
614.9982003130683
 42
2.414213562373095
 10
2298.050225418703
 20
611.7982003130683
  0
LWPOLYLINE
  5
E0
330
17
100
AcDbEntity
  8
CUT
100
AcDbPolyline
 90
8
 70
1
 10
2223.5809792072864
 20
612.0676079462485
 42
2.414213562373095
 10
2225.6355056774314
 20
616.0998431803929
 10
2180.951648290814
 20
753.622615436672
 42
2.414213562373095
 10
2176.9194130566693
 20
755.6771419068168
 10
2164.9361009513505
 20
751.7835277776924
 42
2.414213562373095
 10
2162.881574481206
 20
747.7512925435481
 10
2207.5654318678235
 20
610.2285202872689
 42
2.414213562373095
 10
2211.5976671019675
 20
608.1739938171243
  0
LWPOLYLINE
  5
E1
330
17
100
AcDbEntity
  8
CUT
100
AcDbPolyline
 90
8
 70
1
 10
2130.3835328462346
 20
593.2610109192166
 42
2.414213562373095
 10
2131.0914744208985
 20
597.7307781085524
 10
2046.0977269394068
 20
714.7146354951697
 42
2.414213562373095
 10
2041.627959750071
 20
715.4225770698337
 10
2031.4343456209467
 20
708.0164828909485
 42
2.414213562373095
 10
2030.7264040462828
 20
703.5467157016128
 10
2115.7201515277743
 20
586.5628583149953
 42
2.414213562373095
 10
2120.1899187171102
 20
585.8549167403314
  0
LWPOLYLINE
  5
E2
330
17
100
AcDbEntity
  8
CUT
100
AcDbPolyline
 90
8
 70
1
 10
2047.2101970014241
 20
537.7085948689773
 42
2.414213562373095
 10
2046.50225542676
 20
542.178362058313
 10
1929.5183980401428
 20
627.1721095398048
 42
2.414213562373095
 10
1925.048630850807
 20
626.4641679651407
 10
1917.6425366719218
 20
616.2705538360165
 42
2.414213562373095
 10
1918.3504782465857
 20
611.8007866466808
 10
2035.3343356332032
 20
526.807039165189
 42
2.414213562373095
 10
2039.8041028225389
 20
527.514980739853
  0
LWPOLYLINE
  5
E3
330
17
100
AcDbEntity
  8
CUT
100
AcDbPolyline
 90
8
 70
1
 10
1999.819400452366
 20
448.67047546738803
 42
2.414213562373095
 10
1997.7648739822212
 20
452.7027107015324
 10
1860.2421017259421
 20
497.3865680881498
 42
2.414213562373095
 10
1856.2098664917976
 20
495.3320416180051
 10
1852.3162523626734
 20
483.3487295126862
 42
2.414213562373095
 10
1854.370778832818
 20
479.3164942785419
 10
1991.8935510890972
 20
434.63263689192445
 42
2.414213562373095
 10
1995.9257863232415
 20
436.6871633620691
  0
TEXT
  5
E4
330
17
100
AcDbEntity
  8
ENGRAVE-LABEL
100
AcDbText
 10
1911.906489100788
 20
542.9476150558625
 30
0.0
 40
9.0
  1
19 BACK-BAND-3 2/2
 72
1
 11
1911.906489100788
 21
542.9476150558625
 31
0.0
100
AcDbText
 73
2
  0
LWPOLYLINE
  5
E5
330
17
100
AcDbEntity
  8
CUT
100
AcDbPolyline
 90
122
 70
1
 10
169.0
 20
463.3226550499795
 10
172.08501386982135
 20
453.8607878520124
 10
175.3756819284083
 20
444.4305527178484
 10
178.87699735729194
 20
435.039130353161
 10
182.5937019330538
 20
425.6941779774096
 10
186.5302451047262
 20
416.4038141172534
 10
190.69074124547387
 20
407.1765984002923
 10
195.078925584734
 20
398.0215060089124
 10
199.6981093975386
 20
388.9478965241641
 10
204.55113509691733
 20
379.9654769747337
 10
209.6403319398484
 20
371.0842590059296
 10
214.9674731137859
 20
362.31451019723573
 10
220.53373501586248
 20
353.6666996826117
 10
226.33965956701223
 20
345.1514383628073
 10
232.38512041526542
 20
336.7794141401208
 10
238.66929387352576
 20
328.561322749149
 10
245.1906354050165
 20
320.50779489740853
 10
251.94686241285507
 20
312.6293205619974
 10
258.9349440083898
 20
304.936171407251
 10
266.1510983266262
 20
297.4383223881431
 10
273.59079782806003
 20
290.145373679834
 10
281.24878287748965
 20
283.0664741207232
 10
289.119083726017
 20
276.21024737099117
 10
297.1950508475529
 20
269.584721968451
 10
305.46939340162703
 20
263.19726640749775
 10
313.93422541657316
 20
257.0545302754625
 10
322.5811191178243
 20
251.16239235570754
 10
331.4011646715639
 20
245.52591645175704
 10
340.3850354803114
 20
240.14931550633503
 10
349.5230580593011
 20
235.03592438907958
 10
358.8052854448243
 20
230.18818151325144
 10
368.2215730408204
 20
225.6076192215104
 10
377.7616557993603
 20
221.29486266007575
 10
387.41522565429136
 20
217.24963664487984
 10
397.1720081839968
 20
213.47077981692888
 10
407.0218375666651
 20
209.95626518953713
 10
416.9547290065712
 20
206.70322600752627
 10
426.96094794917144
 20
203.70798566501367
 10
437.0310755628242
 20
200.9660902571767
 10
447.1560701427934
 20
198.47234216012856
 10
457.32732428721
 20
196.22083282173645
 10
467.53671790527426
 20
194.20497267296412
 10
477.77666734896485
 20
192.41751568275356
 10
488.04017121992456
 20
190.85057549453086
 10
498.32085371078796
 20
189.49562915212357
 10
508.61300672782255
 20
188.34350287972057
 10
518.91163256994
 20
187.38433170694697
 10
529.2124897236947
 20
186.60747984970976
 10
539.5121456102266
 20
186.00139922360557
 10
549.8080424117198
 20
185.5533830514642
 10
560.0985867317136
 20
185.24912173971478
 10
570.3832848071727
 20
185.07182003994035
 10
580.6629788735554
 20
185.0
 10
590.9404199720454
 20
185.0
 10
601.2201140384282
 20
185.07182003994035
 10
611.5048121138873
 20
185.24912173971478
 10
621.795356433881
 20
185.5533830514642
 10
632.0912532353743
 20
186.00139922360557
 10
642.3909091219061
 20
186.60747984970976
 10
652.6917662756609
 20
187.38433170694697
 10
662.9903921177784
 20
188.34350287972057
 10
631.7034991097322
 20
385.88117099874813
 10
625.5486517888
 20
385.5338998012357
 10
619.4034790233328
 20
385.28203296978904
 10
613.2695905716714
 20
385.1137921442216
 10
607.1477170083547
 20
385.0162784963558
 10
601.0376208652985
 20
384.97502869062953
 10
594.9379622228025
 20
384.97313211308665
 10
588.8460631487964
 20
384.98903387310247
 10
582.7573356968046
 20
384.98903387310247
 10
576.6654366227984
 20
384.97313211308665
 10
570.5657779803025
 20
384.97502869062953
 10
564.4556818372462
 20
385.0162784963558
 10
558.3338082739294
 20
385.1137921442216
 10
552.1999198222682
 20
385.28203296978904
 10
546.0547470568008
 20
385.5338998012357
 10
539.8998997358688
 20
385.88117099874813
 10
533.7378017747046
 20
386.334750745972
 10
527.5716392957498
 20
386.90481041887523
 10
521.4053156282735
 20
387.60086807050305
 10
515.2434094209905
 20
388.4318286548913
 10
509.0911333077142
 20
389.4059980795501
 10
502.95429135063927
 20
390.53107929551715
 10
496.8392340140415
 20
391.8141559604321
 10
490.7528098087855
 20
393.26166766693075
 10
484.7023130556295
 20
394.8793797983713
 10
478.6954274757252
 20
396.67235048897743
 10
472.7401655476903
 20
398.6448967789278
 10
466.84480378124755
 20
400.80056178167604
 10
461.0178142514406
 20
403.1420844694894
 10
455.2677929152859
 20
405.671373501949
 10
449.6033853927337
 20
408.389486350925
 10
444.0332110331119
 20
411.29661480207795
 10
438.5657862033396
 20
414.3920777303729
 10
433.20944782163815
 20
417.67432185254575
 10
427.9722782171598
 20
421.14093095308033
 10
422.8620324195786
 20
424.7886438645473
 10
417.8860689720532
 20
428.6133812624101
 10
413.0512853160887
 20
432.6102811141618
 10
408.36405871914013
 20
436.77374240921404
 10
403.8301936080849
 20
441.0974765958613
 10
399.4548760380276
 20
445.57456597122814
 10
395.2426358714163
 20
450.19752811507146
 10
391.1973170731202
 20
454.95838533334285
 10
387.32205634938725
 20
459.84873798594424
 10
383.61927017909795
 20
464.85984051708095
 10
380.0906501108353
 20
469.9826789864585
 10
376.7371660349379
 20
475.20804891420215
 10
373.55907699095917
 20
480.52663229933944
 10
370.5559489419544
 20
485.92907274734205
 10
367.7266788407144
 20
491.40604774202586
 10
365.06952423124267
 20
496.9483372158971
 10
362.58213757205544
 20
502.5468877053289
 10
360.26160443576146
 20
508.19287151728724
 10
358.1044847304449
 20
513.8777404774481
 10
356.10685610038627
 20
519.5932739707184
 10
354.264358693811
 20
525.3316211202588
 10
352.5722405304266
 20
531.085337076745
 10
351.02540275808065
 20
536.8474135032352
 10
349.6184441524463
 20
542.6113034408766
 10
348.34570428281984
 20
548.3709408258231
 10
347.20130483767355
 20
554.1207549978889
  0
LWPOLYLINE
  5
E6
330
17
100
AcDbEntity
  8
CUT
100
AcDbPolyline
 90
8
 70
1
 10
335.6388888166522
 20
501.72703572595515
 42
2.414213562373095
 10
331.1691216273164
 20
502.43497730061904
 10
214.18526424069898
 20
417.4412298191274
 42
2.414213562373095
 10
213.47732266603504
 20
412.97146262979163
 10
220.8834168449202
 20
402.77784850066735
 42
2.414213562373095
 10
225.35318403425595
 20
402.0699069260034
 10
342.33704142087333
 20
487.06365440749505
 42
2.414213562373095
 10
343.04498299553734
 20
491.53342159683075
  0
LWPOLYLINE
  5
E7
330
17
100
AcDbEntity
  8
CUT
100
AcDbPolyline
 90
8
 70
1
 10
391.1913048668914
 20
418.55369988114455
 42
2.414213562373095
 10
386.72153767755566
 20
417.8457583064806
 10
301.72779019606406
 20
300.8619009198632
 42
2.414213562373095
 10
302.435731770728
 20
296.39213373052746
 10
312.6293458998523
 20
288.9860395516423
 42
2.414213562373095
 10
317.09911308918805
 20
289.69398112630626
 10
402.09286057067965
 20
406.67783851292364
 42
2.414213562373095
 10
401.38491899601576
 20
411.1476057022594
  0
LWPOLYLINE
  5
E8
330
17
100
AcDbEntity
  8
CUT
100
AcDbPolyline
 90
8
 70
1
 10
480.2294242684807
 20
371.1629033320864
 42
2.414213562373095
 10
476.1971890343364
 20
369.1083768619417
 10
431.513331647719
 20
231.58560460566252
 42
2.414213562373095
 10
433.56785811786364
 20
227.55336937151816
 10
445.55117022318257
 20
223.65975524239383
 42
2.414213562373095
 10
449.5834054573269
 20
225.71428171253854
 10
494.2672628439443
 20
363.2370539688177
 42
2.414213562373095
 10
492.21273637379966
 20
367.26928920296206
  0
LWPOLYLINE
  5
E9
330
17
100
AcDbEntity
  8
CUT
100
AcDbPolyline
 90
8
 70
1
 10
579.5016994228005
 20
360.49372829842366
 42
2.414213562373095
 10
576.3016994228005
 20
357.2937282984237
 10
576.3016994228004
 20
212.69372829842365
 42
2.414213562373095
 10
579.5016994228005
 20
209.49372829842366
 10
592.1016994228005
 20
209.49372829842366
 42
2.414213562373095
 10
595.3016994228004
 20
212.69372829842365
 10
595.3016994228005
 20
357.2937282984237
 42
2.414213562373095
 10
592.1016994228005
 20
360.49372829842366
  0
TEXT
  5
EA
330
17
100
AcDbEntity
  8
ENGRAVE-LABEL
100
AcDbText
 10
386.3090444208187
 20
283.8845331995397
 30
0.0
 40
9.0
  1
17 BACK-BAND-1 1/2
 50
15.0
 72
1
 11
386.3090444208187
 21
283.8845331995397
 31
0.0
100
AcDbText
 73
2
  0
LWPOLYLINE
  5
EB
330
17
100
AcDbEntity
  8
CUT
100
AcDbPolyline
 90
122
 70
1
 10
1085.0
 20
791.3226550499795
 10
1088.0850138698213
 20
781.8607878520124
 10
1091.3756819284083
 20
772.4305527178484
 10
1094.8769973572919
 20
763.039130353161
 10
1098.5937019330538
 20
753.6941779774096
 10
1102.5302451047262
 20
744.4038141172534
 10
1106.6907412454739
 20
735.1765984002923
 10
1111.078925584734
 20
726.0215060089124
 10
1115.6981093975387
 20
716.9478965241641
 10
1120.5511350969173
 20
707.9654769747337
 10
1125.6403319398485
 20
699.0842590059297
 10
1130.967473113786
 20
690.3145101972357
 10
1136.5337350158625
 20
681.6666996826117
 10
1142.3396595670122
 20
673.1514383628073
 10
1148.3851204152654
 20
664.7794141401208
 10
1154.6692938735257
 20
656.561322749149
 10
1161.1906354050166
 20
648.5077948974085
 10
1167.9468624128551
 20
640.6293205619975
 10
1174.9349440083897
 20
632.936171407251
 10
1182.1510983266262
 20
625.4383223881431
 10
1189.59079782806
 20
618.1453736798339
 10
1197.2487828774897
 20
611.0664741207232
 10
1205.119083726017
 20
604.2102473709912
 10
1213.195050847553
 20
597.584721968451
 10
1221.469393401627
 20
591.1972664074978
 10
1229.934225416573
 20
585.0545302754625
 10
1238.5811191178243
 20
579.1623923557075
 10
1247.401164671564
 20
573.525916451757
 10
1256.3850354803114
 20
568.149315506335
 10
1265.523058059301
 20
563.0359243890796
 10
1274.8052854448242
 20
558.1881815132515
 10
1284.2215730408204
 20
553.6076192215104
 10
1293.7616557993604
 20
549.2948626600758
 10
1303.4152256542914
 20
545.2496366448798
 10
1313.172008183997
 20
541.4707798169288
 10
1323.021837566665
 20
537.9562651895371
 10
1332.9547290065711
 20
534.7032260075263
 10
1342.9609479491714
 20
531.7079856650137
 10
1353.0310755628243
 20
528.9660902571767
 10
1363.1560701427934
 20
526.4723421601286
 10
1373.32732428721
 20
524.2208328217364
 10
1383.5367179052741
 20
522.2049726729641
 10
1393.7766673489648
 20
520.4175156827536
 10
1404.0401712199246
 20
518.8505754945309
 10
1414.320853710788
 20
517.4956291521236
 10
1424.6130067278225
 20
516.3435028797205
 10
1434.9116325699401
 20
515.384331706947
 10
1445.2124897236947
 20
514.6074798497098
 10
1455.5121456102265
 20
514.0013992236056
 10
1465.8080424117197
 20
513.5533830514642
 10
1476.0985867317136
 20
513.2491217397148
 10
1486.3832848071727
 20
513.0718200399403
 10
1496.6629788735554
 20
513.0
 10
1506.9404199720454
 20
513.0
 10
1517.2201140384282
 20
513.0718200399403
 10
1527.5048121138873
 20
513.2491217397148
 10
1537.795356433881
 20
513.5533830514642
 10
1548.0912532353743
 20
514.0013992236056
 10
1558.3909091219061
 20
514.6074798497098
 10
1568.691766275661
 20
515.384331706947
 10
1578.9903921177784
 20
516.3435028797205
 10
1547.703499109732
 20
713.8811709987481
 10
1541.5486517888
 20
713.5338998012357
 10
1535.4034790233327
 20
713.282032969789
 10
1529.2695905716714
 20
713.1137921442216
 10
1523.1477170083547
 20
713.0162784963559
 10
1517.0376208652985
 20
712.9750286906295
 10
1510.9379622228025
 20
712.9731321130866
 10
1504.8460631487965
 20
712.9890338731025
 10
1498.7573356968046
 20
712.9890338731025
 10
1492.6654366227986
 20
712.9731321130866
 10
1486.5657779803025
 20
712.9750286906295
 10
1480.4556818372462
 20
713.0162784963559
 10
1474.3338082739294
 20
713.1137921442216
 10
1468.1999198222682
 20
713.282032969789
 10
1462.0547470568008
 20
713.5338998012357
 10
1455.8998997358688
 20
713.8811709987481
 10
1449.7378017747046
 20
714.334750745972
 10
1443.5716392957497
 20
714.9048104188753
 10
1437.4053156282735
 20
715.6008680705031
 10
1431.2434094209905
 20
716.4318286548913
 10
1425.0911333077142
 20
717.40599807955
 10
1418.9542913506393
 20
718.5310792955172
 10
1412.8392340140415
 20
719.8141559604321
 10
1406.7528098087855
 20
721.2616676669307
 10
1400.7023130556295
 20
722.8793797983712
 10
1394.6954274757252
 20
724.6723504889774
 10
1388.7401655476904
 20
726.6448967789278
 10
1382.8448037812475
 20
728.800561781676
 10
1377.0178142514405
 20
731.1420844694894
 10
1371.267792915286
 20
733.671373501949
 10
1365.6033853927338
 20
736.3894863509249
 10
1360.033211033112
 20
739.296614802078
 10
1354.5657862033395
 20
742.3920777303729
 10
1349.2094478216382
 20
745.6743218525457
 10
1343.9722782171598
 20
749.1409309530803
 10
1338.8620324195786
 20
752.7886438645473
 10
1333.8860689720532
 20
756.61338126241
 10
1329.0512853160888
 20
760.6102811141618
 10
1324.36405871914
 20
764.773742409214
 10
1319.830193608085
 20
769.0974765958613
 10
1315.4548760380276
 20
773.5745659712281
 10
1311.2426358714163
 20
778.1975281150715
 10
1307.19731707312
 20
782.9583853333429
 10
1303.3220563493871
 20
787.8487379859442
 10
1299.6192701790978
 20
792.859840517081
 10
1296.0906501108352
 20
797.9826789864585
 10
1292.737166034938
 20
803.2080489142022
 10
1289.559076990959
 20
808.5266322993394
 10
1286.5559489419545
 20
813.929072747342
 10
1283.7266788407144
 20
819.4060477420259
 10
1281.0695242312427
 20
824.948337215897
 10
1278.5821375720554
 20
830.5468877053289
 10
1276.2616044357615
 20
836.1928715172872
 10
1274.104484730445
 20
841.8777404774481
 10
1272.1068561003863
 20
847.5932739707184
 10
1270.2643586938111
 20
853.3316211202588
 10
1268.5722405304266
 20
859.085337076745
 10
1267.0254027580806
 20
864.8474135032352
 10
1265.6184441524463
 20
870.6113034408766
 10
1264.34570428282
 20
876.3709408258231
 10
1263.2013048376737
 20
882.1207549978889
  0
LWPOLYLINE
  5
EC
330
17
100
AcDbEntity
  8
CUT
100
AcDbPolyline
 90
8
 70
1
 10
1251.638888816652
 20
829.7270357259551
 42
2.414213562373095
 10
1247.1691216273164
 20
830.434977300619
 10
1130.1852642406989
 20
745.4412298191273
 42
2.414213562373095
 10
1129.477322666035
 20
740.9714626297916
 10
1136.8834168449202
 20
730.7778485006673
 42
2.414213562373095
 10
1141.353184034256
 20
730.0699069260033
 10
1258.3370414208734
 20
815.063654407495
 42
2.414213562373095
 10
1259.0449829955373
 20
819.5334215968307
  0
LWPOLYLINE
  5
ED
330
17
100
AcDbEntity
  8
CUT
100
AcDbPolyline
 90
8
 70
1
 10
1307.1913048668914
 20
746.5536998811446
 42
2.414213562373095
 10
1302.7215376775557
 20
745.8457583064805
 10
1217.727790196064
 20
628.8619009198633
 42
2.414213562373095
 10
1218.4357317707281
 20
624.3921337305275
 10
1228.6293458998523
 20
616.9860395516423
 42
2.414213562373095
 10
1233.099113089188
 20
617.6939811263062
 10
1318.0928605706797
 20
734.6778385129237
 42
2.414213562373095
 10
1317.3849189960158
 20
739.1476057022594
  0
LWPOLYLINE
  5
EE
330
17
100
AcDbEntity
  8
CUT
100
AcDbPolyline
 90
8
 70
1
 10
1396.2294242684807
 20
699.1629033320864
 42
2.414213562373095
 10
1392.1971890343364
 20
697.1083768619417
 10
1347.513331647719
 20
559.5856046056625
 42
2.414213562373095
 10
1349.5678581178636
 20
555.5533693715181
 10
1361.5511702231825
 20
551.6597552423939
 42
2.414213562373095
 10
1365.583405457327
 20
553.7142817125385
 10
1410.2672628439443
 20
691.2370539688177
 42
2.414213562373095
 10
1408.2127363737995
 20
695.269289202962
  0
LWPOLYLINE
  5
EF
330
17
100
AcDbEntity
  8
CUT
100
AcDbPolyline
 90
8
 70
1
 10
1495.5016994228004
 20
688.4937282984237
 42
2.414213562373095
 10
1492.3016994228005
 20
685.2937282984237
 10
1492.3016994228005
 20
540.6937282984236
 42
2.414213562373095
 10
1495.5016994228004
 20
537.4937282984237
 10
1508.1016994228005
 20
537.4937282984237
 42
2.414213562373095
 10
1511.3016994228005
 20
540.6937282984236
 10
1511.3016994228005
 20
685.2937282984237
 42
2.414213562373095
 10
1508.1016994228005
 20
688.4937282984237
  0
TEXT
  5
F0
330
17
100
AcDbEntity
  8
ENGRAVE-LABEL
100
AcDbText
 10
1302.3090444208185
 20
611.8845331995395
 30
0.0
 40
9.0
  1
17 BACK-BAND-1 2/2
 50
15.0
 72
1
 11
1302.3090444208185
 21
611.8845331995395
 31
0.0
100
AcDbText
 73
2
  0
LWPOLYLINE
  5
F1
330
17
100
AcDbEntity
  8
CUT
100
AcDbPolyline
 90
122
 70
1
 10
1793.0
 20
1166.0099998073183
 10
1794.152126272403
 20
1155.7178467902836
 10
1795.5070726148103
 20
1145.4371642994201
 10
1797.074012803033
 20
1135.1736604284606
 10
1798.8614697932435
 20
1124.93371098477
 10
1800.8773299420159
 20
1114.7243173667057
 10
1803.128839280408
 20
1104.553063222289
 10
1805.622587377456
 20
1094.4280686423199
 10
1808.3644827852931
 20
1084.357941028667
 10
1811.3597231278056
 20
1074.3517220860667
 10
1814.6127623098164
 20
1064.4188306461608
 10
1818.1272769372083
 20
1054.5690012634925
 10
1821.9061337651592
 20
1044.8122187337872
 10
1825.9513597803552
 20
1035.158648878856
 10
1830.2641163417898
 20
1025.618566120316
 10
1834.8446786335307
 20
1016.2022785243199
 10
1839.6924215093588
 20
1006.9200511387968
 10
1844.8058126266144
 20
997.782028559807
 10
1850.1824135720362
 20
988.7981577510595
 10
1855.818889475987
 20
979.9781121973199
 10
1861.711027395742
 20
971.3312184960688
 10
1867.8537635277771
 20
962.8663864811226
 10
1874.2412190887303
 20
954.5920439270485
 10
1880.8667444912705
 20
946.5160768055126
 10
1887.7229712410026
 20
938.6457759569853
 10
1894.8018708001132
 20
930.9877909075557
 10
1902.0948195084225
 20
923.5480914061218
 10
1909.5926685275303
 20
916.3319370878854
 10
1917.2858176822767
 20
909.3438554923507
 10
1925.1642920176878
 20
902.5876284845122
 10
1933.2178198694282
 20
896.0662869530214
 10
1941.4359112604002
 20
889.782113494761
 10
1949.8079354830866
 20
883.7366526465079
 10
1958.323196802891
 20
877.9307280953581
 10
1966.9710073175152
 20
872.3644661932815
 10
1975.740756126209
 20
867.037325019344
 10
1984.621974095013
 20
861.948128176413
 10
1993.6043936444435
 20
857.0951024770343
 10
2002.6780031291917
 20
852.4759186642297
 10
2011.8330955205715
 20
848.0877343249695
 10
2021.0603112375327
 20
843.9272381842218
 10
2030.350675097689
 20
839.9906950125494
 10
2039.6956274734403
 20
836.2739904367876
 10
2049.0870498381278
 20
832.7726750079039
 10
2058.5172849722917
 20
829.4820069493169
 10
2067.9791521702587
 20
826.3969930794956
 10
2077.4659578427904
 20
823.5124274715913
 10
2086.971501953316
 20
820.8229274773977
 10
2096.4900807546455
 20
818.322966800564
 10
2106.016486311659
 20
816.0069053522724
 10
2115.546003305221
 20
813.8690156590953
 10
2125.0744036156225
 20
811.9035056147793
 10
2134.5979391824426
 20
810.1045373719614
 10
2144.1133336344756
 20
808.4662421518824
 10
2153.6177731810394
 20
806.9827307036044
 10
2163.108897257886
 20
805.6480990592702
 10
2172.584789431208
 20
804.456429093032
 10
2182.0439690872704
 20
803.4017831729163
 10
2191.4853844808295
 20
802.4781918537828
 10
2200.9084077946377
 20
801.6796330192684
 10
2210.3128329944852
 20
801.0
 10
2241.5997260025315
 20
998.5376681190276
 10
2236.3253558585543
 20
998.5187546131168
 10
2231.0168525566546
 20
998.5324267781273
 10
2225.672617366579
 20
998.5851355606658
 10
2220.291480946924
 20
998.6832850749593
 10
2214.87270627839
 20
998.8332643170838
 10
2209.4159943888853
 20
999.041467838993
 10
2203.921492085693
 20
999.3143078551377
 10
2198.3898010420567
 20
999.6582193738786
 10
2192.821987664681
 20
1000.0796594056245
 10
2187.219593214281
 20
1000.5851009585357
 10
2181.5846436753523
 20
1001.1810223142713
 10
2175.919658881602
 20
1001.8738919373602
 10
2170.227660405396
 20
1002.6701492868114
 10
2164.512177717256
 20
1003.5761817520299
 10
2158.7772521181682
 20
1004.5982979171691
 10
2153.0274379461025
 20
1005.7426973623154
 10
2147.267800561156
 20
1007.0154372319419
 10
2141.5039106235145
 20
1008.4223958375762
 10
2135.741834197024
 20
1009.9692336099222
 10
2129.988118240538
 20
1011.6613517733066
 10
2124.249771090998
 20
1013.5038491798819
 10
2118.5342375977275
 20
1015.5014778099405
 10
2112.849368637567
 20
1017.658597515257
 10
2107.2033848256083
 20
1019.979130651551
 10
2101.6048343361763
 20
1022.4665173107383
 10
2096.062544862305
 20
1025.12367192021
 10
2090.5855698676214
 20
1027.95294202145
 10
2085.183129419619
 20
1030.9560700704546
 10
2079.8645460344815
 20
1034.1341591144335
 10
2074.639176106738
 20
1037.4876431903308
 10
2069.5163376373603
 20
1041.0162632585934
 10
2064.5052351062236
 20
1044.7190494288827
 10
2059.614882453622
 20
1048.5943101526157
 10
2054.854025235351
 20
1052.6396289509119
 10
2050.2310630915076
 20
1056.8518691175232
 10
2045.7539737161405
 20
1061.2271866875806
 10
2041.4302395294935
 20
1065.761051798636
 10
2037.266778234441
 20
1070.4482783955843
 10
2033.2698783826895
 20
1075.2830620515488
 10
2029.4451409848266
 20
1080.2590254990741
 10
2025.7974280733597
 20
1085.3692712966554
 10
2022.3308189728252
 20
1090.6064409011337
 10
2019.0485748506524
 20
1095.962779282835
 10
2015.9531119223573
 20
1101.4302041126075
 10
2013.0459834712044
 20
1107.0003784722294
 10
2010.3278706222284
 20
1112.6647859947816
 10
2007.798581589769
 20
1118.4148073309361
 10
2005.4570589019554
 20
1124.241796860743
 10
2003.3013938992071
 20
1130.137158627186
 10
2001.3288476092569
 20
1136.0924205552208
 10
1999.5358769186507
 20
1142.099306135125
 10
1997.9181647872101
 20
1148.149802888281
 10
1996.4706530807116
 20
1154.236227093537
 10
1995.1875764157967
 20
1160.351284430135
 10
1994.0624951998295
 20
1166.4881263872098
 10
1993.0883257751707
 20
1172.640402500486
 10
1992.2573651907824
 20
1178.802308707769
 10
1991.5613075391548
 20
1184.9686323752455
 10
1990.9912478662513
 20
1191.1347948542002
 10
1990.5376681190276
 20
1197.2968928153643
  0
LWPOLYLINE
  5
F2
330
17
100
AcDbEntity
  8
CUT
100
AcDbPolyline
 90
8
 70
1
 10
1971.9257863232415
 20
1149.6097294532954
 42
2.414213562373095
 10
1967.8935510890972
 20
1151.66425592344
 10
1830.370778832818
 20
1106.9803985368226
 42
2.414213562373095
 10
1828.3162523626734
 20
1102.9481633026783
 10
1832.2098664917976
 20
1090.9648511973592
 42
2.414213562373095
 10
1836.242101725942
 20
1088.9103247272146
 10
1973.7648739822212
 20
1133.5941821138322
 42
2.414213562373095
 10
1975.8194004523657
 20
1137.6264173479763
  0
LWPOLYLINE
  5
F3
330
17
100
AcDbEntity
  8
CUT
100
AcDbPolyline
 90
8
 70
1
 10
2015.8041028225389
 20
1058.7819120755114
 42
2.414213562373095
 10
2011.334335633203
 20
1059.4898536501753
 10
1894.3504782465857
 20
974.4961061686837
 42
2.414213562373095
 10
1893.6425366719216
 20
970.0263389793479
 10
1901.0486308508068
 20
959.8327248502237
 42
2.414213562373095
 10
1905.5183980401425
 20
959.1247832755597
 10
2022.50225542676
 20
1044.1185307570513
 42
2.414213562373095
 10
2023.210197001424
 20
1048.588297946387
  0
LWPOLYLINE
  5
F4
330
17
100
AcDbEntity
  8
CUT
100
AcDbPolyline
 90
8
 70
1
 10
2096.1899187171102
 20
1000.4419760750329
 42
2.414213562373095
 10
2091.7201515277743
 20
999.7340345003689
 10
2006.7264040462828
 20
882.7501771137515
 42
2.414213562373095
 10
2007.4343456209467
 20
878.2804099244158
 10
2017.6279597500709
 20
870.8743157455307
 42
2.414213562373095
 10
2022.0977269394066
 20
871.5822573201947
 10
2107.0914744208985
 20
988.566114706812
 42
2.414213562373095
 10
2106.3835328462346
 20
993.0358818961478
  0
LWPOLYLINE
  5
F5
330
17
100
AcDbEntity
  8
CUT
100
AcDbPolyline
 90
8
 70
1
 10
2187.5976671019675
 20
978.1228989982401
 42
2.414213562373095
 10
2183.5654318678235
 20
976.0683725280954
 10
2138.881574481206
 20
838.5456002718163
 42
2.414213562373095
 10
2140.9361009513505
 20
834.513365037672
 10
2152.9194130566693
 20
830.6197509085476
 42
2.414213562373095
 10
2156.951648290814
 20
832.6742773786923
 10
2201.635505677431
 20
970.1970496349714
 42
2.414213562373095
 10
2199.5809792072864
 20
974.2292848691158
  0
TEXT
  5
F6
330
17
100
AcDbEntity
  8
ENGRAVE-LABEL
100
AcDbText
 10
1887.9641021488508
 20
1043.168951889557
 30
0.0
 40
9.0
  1
18 BACK-BAND-2 1/2
 72
1
 11
1887.9641021488508
 21
1043.168951889557
 31
0.0
100
AcDbText
 73
2
  0
LWPOLYLINE
  5
F7
330
17
100
AcDbEntity
  8
CUT
100
AcDbPolyline
 90
122
 70
1
 10
2246.0099998073183
 20
465.5997260025314
 10
2235.7178467902836
 20
464.4475997301284
 10
2225.43716429942
 20
463.0926533877211
 10
2215.1736604284606
 20
461.5257131994984
 10
2204.9337109847697
 20
459.73825620928784
 10
2194.7243173667057
 20
457.7223960605155
 10
2184.553063222289
 20
455.4708867221234
 10
2174.42806864232
 20
452.97713862507527
 10
2164.357941028667
 20
450.23524321723835
 10
2154.3517220860667
 20
447.24000287472575
 10
2144.4188306461606
 20
443.9869636927149
 10
2134.5690012634923
 20
440.47244906532313
 10
2124.812218733787
 20
436.6935922373722
 10
2115.158648878856
 20
432.64836622217626
 10
2105.618566120316
 20
428.3356096607416
 10
2096.20227852432
 20
423.7550473690006
 10
2086.9200511387967
 20
418.9073044931725
 10
2077.7820285598073
 20
413.793913375917
 10
2068.7981577510595
 20
408.417312430495
 10
2059.97811219732
 20
402.7808365265445
 10
2051.3312184960687
 20
396.8886986067895
 10
2042.8663864811226
 20
390.74596247475426
 10
2034.5920439270485
 20
384.358506913801
 10
2026.5160768055125
 20
377.73298151126085
 10
2018.6457759569853
 20
370.8767547615288
 10
2010.9877909075556
 20
363.797855202418
 10
2003.5480914061218
 20
356.5049064941089
 10
1996.3319370878853
 20
349.00705747500103
 10
1989.3438554923507
 20
341.3139083202546
 10
1982.5876284845122
 20
333.4354339848435
 10
1976.0662869530213
 20
325.38190613310303
 10
1969.782113494761
 20
317.1638147421312
 10
1963.7366526465078
 20
308.7917905194447
 10
1957.930728095358
 20
300.2765291996403
 10
1952.3644661932815
 20
291.6287186850163
 10
1947.037325019344
 20
282.8589698763224
 10
1941.9481281764129
 20
273.9777519075183
 10
1937.0951024770343
 20
264.9953323580879
 10
1932.4759186642295
 20
255.9217228733396
 10
1928.0877343249695
 20
246.76663048195974
 10
1923.9272381842218
 20
237.53941476499864
 10
1919.9906950125494
 20
228.2490509048425
 10
1916.2739904367875
 20
218.90409852909107
 10
1912.772675007904
 20
209.51267616440367
 10
1909.4820069493169
 20
200.0824410302397
 10
1906.3969930794956
 20
190.62057383227253
 10
1903.5124274715913
 20
181.13376815974104
 10
1900.8229274773976
 20
171.62822404921553
 10
1898.322966800564
 20
162.10964524788568
 10
1896.0069053522725
 20
152.58323969087257
 10
1893.8690156590953
 20
143.05372269731046
 10
1891.9035056147793
 20
133.5253223869087
 10
1890.1045373719614
 20
124.00178682008877
 10
1888.4662421518824
 20
114.48639236805565
 10
1886.9827307036044
 20
104.98195282149194
 10
1885.6480990592702
 20
95.49082874464557
 10
1884.456429093032
 20
86.01493657132355
 10
1883.4017831729163
 20
76.5557569152609
 10
1882.4781918537828
 20
67.11434152170216
 10
1881.6796330192683
 20
57.69131820789365
 10
1881.0
 20
48.2868930080462
 10
2078.5376681190273
 20
17.0
 10
2078.518754613117
 20
22.274370143976952
 10
2078.532426778127
 20
27.582873445876906
 10
2078.5851355606655
 20
32.92710863595239
 10
2078.6832850749593
 20
38.30824505560737
 10
2078.833264317084
 20
43.72701972414141
 10
2079.041467838993
 20
49.18373161364608
 10
2079.314307855138
 20
54.6782339168383
 10
2079.6582193738786
 20
60.2099249604748
 10
2080.0796594056246
 20
65.77773833785045
 10
2080.585100958536
 20
71.38013278825039
 10
2081.1810223142716
 20
77.0150823271791
 10
2081.87389193736
 20
82.68006712092952
 10
2082.6701492868115
 20
88.37206559713528
 10
2083.57618175203
 20
94.08754828527555
 10
2084.598297917169
 20
99.82247388436315
 10
2085.7426973623155
 20
105.57228805642887
 10
2087.0154372319416
 20
111.33192544137549
 10
2088.422395837576
 20
117.09581537901681
 10
2089.9692336099224
 20
122.85789180550702
 10
2091.6613517733067
 20
128.61160776199324
 10
2093.503849179882
 20
134.3499549115336
 10
2095.5014778099403
 20
140.06548840480383
 10
2097.658597515257
 20
145.75035736496474
 10
2099.979130651551
 20
151.39634117692304
 10
2102.4665173107383
 20
156.9948916663549
 10
2105.1236719202097
 20
162.53718114022612
 10
2107.95294202145
 20
168.01415613490997
 10
2110.9560700704546
 20
173.41659658291255
 10
2114.1341591144333
 20
178.73517996804983
 10
2117.487643190331
 20
183.96054989579352
 10
2121.0162632585934
 20
189.08338836517103
 10
2124.719049428883
 20
194.09449089630775
 10
2128.594310152616
 20
198.98484354890914
 10
2132.639628950912
 20
203.7457007671805
 10
2136.851869117523
 20
208.36866291102385
 10
2141.227186687581
 20
212.8457522863907
 10
2145.761051798636
 20
217.16948647303795
 10
2150.4482783955846
 20
221.33294776809018
 10
2155.2830620515488
 20
225.3298476198419
 10
2160.259025499074
 20
229.1545850177047
 10
2165.3692712966554
 20
232.80229792917166
 10
2170.6064409011337
 20
236.2689070297062
 10
2175.962779282835
 20
239.55115115187908
 10
2181.4302041126075
 20
242.64661408017406
 10
2187.0003784722294
 20
245.55374253132698
 10
2192.6647859947816
 20
248.27185538030295
 10
2198.414807330936
 20
250.80114441276254
 10
2204.2417968607433
 20
253.14266710057592
 10
2210.137158627186
 20
255.29833210332419
 10
2216.092420555221
 20
257.27087839327453
 10
2222.099306135125
 20
259.06384908388065
 10
2228.149802888281
 20
260.6815612153212
 10
2234.2362270935373
 20
262.12907292181984
 10
2240.351284430135
 20
263.4121495867348
 10
2246.48812638721
 20
264.53723080270186
 10
2252.640402500486
 20
265.51140022736064
 10
2258.802308707769
 20
266.3423608117489
 10
2264.9686323752453
 20
267.03841846337673
 10
2271.1347948542
 20
267.60847813628
 10
2277.296892815364
 20
268.0620578835038
  0
LWPOLYLINE
  5
F8
330
17
100
AcDbEntity
  8
CUT
100
AcDbPolyline
 90
8
 70
1
 10
2229.609729453295
 20
286.6739396792899
 42
2.414213562373095
 10
2231.6642559234397
 20
290.70617491343427
 10
2186.9803985368226
 20
428.2289471697134
 42
2.414213562373095
 10
2182.948163302678
 20
430.28347363985813
 10
2170.964851197359
 20
426.3898595107338
 42
2.414213562373095
 10
2168.9103247272146
 20
422.35762427658943
 10
2213.594182113832
 20
284.8348520203103
 42
2.414213562373095
 10
2217.6264173479763
 20
282.78032555016557
  0
LWPOLYLINE
  5
F9
330
17
100
AcDbEntity
  8
CUT
100
AcDbPolyline
 90
8
 70
1
 10
2138.781912075511
 20
242.79562317999262
 42
2.414213562373095
 10
2139.489853650175
 20
247.26539036932837
 10
2054.4961061686836
 20
364.24924775594576
 42
2.414213562373095
 10
2050.026338979348
 20
364.9571893306097
 10
2039.8327248502237
 20
357.55109515172455
 42
2.414213562373095
 10
2039.1247832755596
 20
353.0813279623888
 10
2124.1185307570513
 20
236.0974705757714
 42
2.414213562373095
 10
2128.5882979463872
 20
235.38952900110746
  0
LWPOLYLINE
  5
FA
330
17
100
AcDbEntity
  8
CUT
100
AcDbPolyline
 90
8
 70
1
 10
2080.441976075033
 20
162.40980728542127
 42
2.414213562373095
 10
2079.734034500369
 20
166.87957447475702
 10
1962.7501771137515
 20
251.87332195624862
 42
2.414213562373095
 10
1958.2804099244158
 20
251.16538038158467
 10
1950.8743157455306
 20
240.97176625246038
 42
2.414213562373095
 10
1951.5822573201945
 20
236.50199906312463
 10
2068.566114706812
 20
151.50825158163303
 42
2.414213562373095
 10
2073.0358818961477
 20
152.21619315629692
  0
LWPOLYLINE
  5
FB
330
17
100
AcDbEntity
  8
CUT
100
AcDbPolyline
 90
8
 70
1
 10
2058.12289899824
 20
71.00205890056381
 42
2.414213562373095
 10
2056.0683725280956
 20
75.03429413470815
 10
1918.5456002718163
 20
119.71815152132552
 42
2.414213562373095
 10
1914.513365037672
 20
117.66362505118087
 10
1910.6197509085478
 20
105.68031294586194
 42
2.414213562373095
 10
1912.6742773786923
 20
101.64807771171763
 10
2050.1970496349713
 20
56.96422032510022
 42
2.414213562373095
 10
2054.229284869116
 20
59.01874679524489
  0
TEXT
  5
FC
330
17
100
AcDbEntity
  8
ENGRAVE-LABEL
100
AcDbText
 10
2123.1689518895573
 20
370.6356238536805
 30
0.0
 40
9.0
  1
18 BACK-BAND-2 2/2
 50
60.0
 72
1
 11
2123.1689518895573
 21
370.6356238536805
 31
0.0
100
AcDbText
 73
2
  0
LWPOLYLINE
  5
FD
330
17
100
AcDbEntity
  8
CUT
100
AcDbPolyline
 90
17
 70
1
 10
17.0
 20
819.0
 10
121.8
 20
819.0
 42
-2.414213562373095
 10
125.0
 20
815.8
 10
125.0
 20
801.0
 10
165.0
 20
801.0
 10
165.0
 20
815.8
 42
-2.414213562373095
 10
168.2
 20
819.0
 10
187.0
 20
819.0
 10
187.0
 20
949.0
 10
180.2
 20
949.0
 42
-2.414213562373095
 10
177.0
 20
952.2
 10
177.0
 20
1049.0
 10
147.0
 20
1079.0
 10
27.0
 20
1079.0
 10
27.0
 20
952.2
 42
-2.414213562373095
 10
23.8
 20
949.0
 10
17.0
 20
949.0
  0
TEXT
  5
FE
330
17
100
AcDbEntity
  8
ENGRAVE-LABEL
100
AcDbText
 10
102.52734375
 20
903.61328125
 30
0.0
 40
14.0
  1
11 BACK-RIB-D 1/4
 50
45.0
 72
1
 11
102.52734375
 21
903.61328125
 31
0.0
100
AcDbText
 73
2
  0
LWPOLYLINE
  5
FF
330
17
100
AcDbEntity
  8
CUT
100
AcDbPolyline
 90
17
 70
1
 10
363.0
 20
1133.0
 10
258.20000000000005
 20
1133.0
 42
-2.414213562373095
 10
255.00000000000003
 20
1136.2
 10
255.00000000000003
 20
1151.0
 10
215.00000000000003
 20
1151.0
 10
215.00000000000003
 20
1136.2
 42
-2.414213562373095
 10
211.80000000000004
 20
1133.0
 10
193.00000000000003
 20
1133.0
 10
193.0
 20
1003.0
 10
199.8
 20
1003.0
 42
-2.414213562373095
 10
203.0
 20
999.8000000000001
 10
203.0
 20
903.0
 10
233.0
 20
873.0
 10
353.0
 20
873.0
 10
353.0
 20
999.8
 42
-2.414213562373095
 10
356.20000000000005
 20
1003.0
 10
363.0
 20
1003.0
  0
TEXT
  5
100
330
17
100
AcDbEntity
  8
ENGRAVE-LABEL
100
AcDbText
 10
277.47265625
 20
1048.38671875
 30
0.0
 40
14.0
  1
11 BACK-RIB-D 2/4
 50
45.0
 72
1
 11
277.47265625
 21
1048.38671875
 31
0.0
100
AcDbText
 73
2
  0
LWPOLYLINE
  5
101
330
17
100
AcDbEntity
  8
CUT
100
AcDbPolyline
 90
17
 70
1
 10
379.0
 20
711.0
 10
379.0
 20
606.2
 42
-2.414213562373095
 10
375.8
 20
603.0
 10
361.0
 20
603.0
 10
361.0
 20
563.0
 10
375.8
 20
563.0
 42
-2.414213562373095
 10
379.0
 20
559.8000000000001
 10
379.0
 20
541.0
 10
509.0
 20
541.0
 10
509.0
 20
547.8
 42
-2.414213562373095
 10
512.2
 20
551.0
 10
609.0
 20
551.0
 10
639.0
 20
581.0
 10
639.0
 20
701.0
 10
512.2
 20
701.0
 42
-2.414213562373095
 10
509.0
 20
704.2
 10
509.0
 20
711.0
  0
TEXT
  5
102
330
17
100
AcDbEntity
  8
ENGRAVE-LABEL
100
AcDbText
 10
463.61328125
 20
626.52734375
 30
0.0
 40
14.0
  1
11 BACK-RIB-D 3/4
 50
30.0
 72
1
 11
463.61328125
 21
626.52734375
 31
0.0
100
AcDbText
 73
2
  0
LWPOLYLINE
  5
103
330
17
100
AcDbEntity
  8
CUT
100
AcDbPolyline
 90
17
 70
1
 10
387.0
 20
1051.0
 10
387.0
 20
946.2
 42
-2.414213562373095
 10
383.8
 20
943.0
 10
369.0
 20
943.0
 10
369.0
 20
903.0
 10
383.8
 20
903.0
 42
-2.414213562373095
 10
387.0
 20
899.8000000000001
 10
387.0
 20
881.0
 10
517.0
 20
881.0
 10
517.0
 20
887.8
 42
-2.414213562373095
 10
520.2
 20
891.0
 10
617.0
 20
891.0
 10
647.0
 20
921.0
 10
647.0
 20
1041.0
 10
520.2
 20
1041.0
 42
-2.414213562373095
 10
517.0
 20
1044.2
 10
517.0
 20
1051.0
  0
TEXT
  5
104
330
17
100
AcDbEntity
  8
ENGRAVE-LABEL
100
AcDbText
 10
471.61328125
 20
965.47265625
 30
0.0
 40
14.0
  1
11 BACK-RIB-D 4/4
 50
30.0
 72
1
 11
471.61328125
 21
965.47265625
 31
0.0
100
AcDbText
 73
2
  0
LWPOLYLINE
  5
105
330
17
100
AcDbEntity
  8
CUT
100
AcDbPolyline
 90
17
 70
1
 10
661.0
 20
863.0
 10
765.8
 20
863.0
 42
-2.414213562373095
 10
769.0
 20
859.8
 10
769.0
 20
845.0
 10
809.0
 20
845.0
 10
809.0
 20
859.8
 42
-2.414213562373095
 10
812.2
 20
863.0
 10
831.0
 20
863.0
 10
831.0
 20
993.0
 10
824.2
 20
993.0
 42
-2.414213562373095
 10
821.0
 20
996.2
 10
821.0
 20
1093.0
 10
791.0
 20
1123.0
 10
671.0
 20
1123.0
 10
671.0
 20
996.2
 42
-2.414213562373095
 10
667.8
 20
993.0
 10
661.0
 20
993.0
  0
TEXT
  5
106
330
17
100
AcDbEntity
  8
ENGRAVE-LABEL
100
AcDbText
 10
745.47265625
 20
947.61328125
 30
0.0
 40
14.0
  1
12 BACK-RIB-E 1/2
 50
45.0
 72
1
 11
745.47265625
 21
947.61328125
 31
0.0
100
AcDbText
 73
2
  0
LWPOLYLINE
  5
107
330
17
100
AcDbEntity
  8
CUT
100
AcDbPolyline
 90
17
 70
1
 10
1145.0
 20
17.0
 10
1145.0
 20
121.8
 42
-2.414213562373095
 10
1148.2
 20
125.0
 10
1163.0
 20
125.0
 10
1163.0
 20
165.0
 10
1148.2
 20
165.0
 42
-2.414213562373095
 10
1145.0
 20
168.2
 10
1145.0
 20
187.0
 10
1015.0
 20
187.0
 10
1015.0
 20
180.2
 42
-2.414213562373095
 10
1011.8
 20
177.0
 10
915.0
 20
177.00000000000003
 10
885.0
 20
147.00000000000003
 10
885.0
 20
27.000000000000014
 10
1011.8
 20
27.000000000000007
 42
-2.414213562373095
 10
1015.0
 20
23.800000000000008
 10
1015.0
 20
17.000000000000007
  0
TEXT
  5
108
330
17
100
AcDbEntity
  8
ENGRAVE-LABEL
100
AcDbText
 10
1060.38671875
 20
102.52734375
 30
0.0
 40
14.0
  1
12 BACK-RIB-E 2/2
 50
30.0
 72
1
 11
1060.38671875
 21
102.52734375
 31
0.0
100
AcDbText
 73
2
  0
LWPOLYLINE
  5
109
330
17
100
AcDbEntity
  8
CUT
100
AcDbPolyline
 90
17
 70
1
 10
1335.0
 20
309.0
 10
1230.2
 20
309.0
 42
-2.414213562373095
 10
1227.0
 20
312.2
 10
1227.0
 20
327.0
 10
1187.0
 20
327.0
 10
1187.0
 20
312.20000000000005
 42
-2.414213562373095
 10
1183.8
 20
309.0
 10
1165.0
 20
309.0
 10
1165.0
 20
179.00000000000003
 10
1171.8
 20
179.00000000000003
 42
-2.414213562373095
 10
1175.0
 20
175.80000000000004
 10
1175.0
 20
79.00000000000003
 10
1205.0
 20
49.0
 10
1325.0
 20
49.0
 10
1325.0
 20
175.8
 42
-2.414213562373095
 10
1328.2
 20
179.0
 10
1335.0
 20
179.0
  0
TEXT
  5
10A
330
17
100
AcDbEntity
  8
ENGRAVE-LABEL
100
AcDbText
 10
1250.52734375
 20
224.38671875
 30
0.0
 40
14.0
  1
13 BACK-RIB-F 1/2
 50
45.0
 72
1
 11
1250.52734375
 21
224.38671875
 31
0.0
100
AcDbText
 73
2
  0
LWPOLYLINE
  5
10B
330
17
100
AcDbEntity
  8
CUT
100
AcDbPolyline
 90
17
 70
1
 10
1295.0
 20
1039.0
 10
1295.0
 20
934.2
 42
-2.414213562373095
 10
1291.8
 20
931.0
 10
1277.0
 20
931.0
 10
1277.0
 20
891.0
 10
1291.8
 20
891.0
 42
-2.414213562373095
 10
1295.0
 20
887.8000000000001
 10
1295.0
 20
869.0
 10
1425.0
 20
869.0
 10
1425.0
 20
875.8
 42
-2.414213562373095
 10
1428.2
 20
879.0
 10
1525.0
 20
879.0
 10
1555.0
 20
909.0
 10
1555.0
 20
1029.0
 10
1428.2
 20
1029.0
 42
-2.414213562373095
 10
1425.0
 20
1032.2
 10
1425.0
 20
1039.0
  0
TEXT
  5
10C
330
17
100
AcDbEntity
  8
ENGRAVE-LABEL
100
AcDbText
 10
1379.61328125
 20
953.47265625
 30
0.0
 40
14.0
  1
13 BACK-RIB-F 2/2
 50
30.0
 72
1
 11
1379.61328125
 21
953.47265625
 31
0.0
100
AcDbText
 73
2
  0
LWPOLYLINE
  5
10D
330
17
100
AcDbEntity
  8
CUT
100
AcDbPolyline
 90
17
 70
1
 10
2361.0
 20
1029.0
 10
2361.0
 20
1133.8
 42
-2.414213562373095
 10
2364.2
 20
1137.0
 10
2379.0
 20
1137.0
 10
2379.0
 20
1177.0
 10
2364.2
 20
1177.0
 42
-2.414213562373095
 10
2361.0
 20
1180.2
 10
2361.0
 20
1199.0
 10
2231.0
 20
1199.0
 10
2231.0
 20
1192.2
 42
-2.414213562373095
 10
2227.8
 20
1189.0
 10
2131.0
 20
1189.0
 10
2101.0
 20
1159.0
 10
2101.0
 20
1039.0
 10
2227.8
 20
1039.0
 42
-2.414213562373095
 10
2231.0
 20
1035.8
 10
2231.0
 20
1029.0
  0
TEXT
  5
10E
330
17
100
AcDbEntity
  8
ENGRAVE-LABEL
100
AcDbText
 10
2276.38671875
 20
1113.47265625
 30
0.0
 40
14.0
  1
14 BACK-RIB-G 1/4
 50
30.0
 72
1
 11
2276.38671875
 21
1113.47265625
 31
0.0
100
AcDbText
 73
2
  0
LWPOLYLINE
  5
10F
330
17
100
AcDbEntity
  8
CUT
100
AcDbPolyline
 90
17
 70
1
 10
2377.0
 20
17.0
 10
2377.0
 20
121.8
 42
-2.414213562373095
 10
2380.2
 20
125.0
 10
2395.0
 20
125.0
 10
2395.0
 20
165.0
 10
2380.2
 20
165.0
 42
-2.414213562373095
 10
2377.0
 20
168.2
 10
2377.0
 20
187.0
 10
2247.0
 20
187.0
 10
2247.0
 20
180.2
 42
-2.414213562373095
 10
2243.8
 20
177.0
 10
2147.0
 20
177.00000000000003
 10
2117.0
 20
147.00000000000003
 10
2117.0
 20
27.000000000000014
 10
2243.8
 20
27.000000000000007
 42
-2.414213562373095
 10
2247.0
 20
23.800000000000008
 10
2247.0
 20
17.000000000000007
  0
TEXT
  5
110
330
17
100
AcDbEntity
  8
ENGRAVE-LABEL
100
AcDbText
 10
2292.38671875
 20
102.52734375
 30
0.0
 40
14.0
  1
14 BACK-RIB-G 2/4
 50
30.0
 72
1
 11
2292.38671875
 21
102.52734375
 31
0.0
100
AcDbText
 73
2
  0
LWPOLYLINE
  5
111
330
17
100
AcDbEntity
  8
CUT
100
AcDbPolyline
 90
43
 70
1
 10
375.0
 20
1194.999651480396
 10
375.0
 20
1190.1996514803961
 42
-2.414213562373095
 10
371.8
 20
1186.999651480396
 10
357.0
 20
1186.999651480396
 10
357.0
 20
1146.999651480396
 10
371.8
 20
1146.999651480396
 42
-2.414213562373095
 10
375.0
 20
1143.799651480396
 10
375.0
 20
1110.833911729939
 10
383.35714285714283
 20
1104.9043854176425
 10
391.7142857142857
 20
1099.38542084777
 10
400.07142857142856
 20
1094.2770180203213
 10
408.42857142857144
 20
1089.5791769352966
 10
416.7857142857143
 20
1085.2918975926955
 10
425.1428571428571
 20
1081.4151799925185
 10
433.5
 20
1077.9490241347653
 10
441.85714285714283
 20
1074.893430019436
 10
450.21428571428567
 20
1072.2483976465307
 10
458.57142857142856
 20
1070.0139270160491
 10
466.92857142857144
 20
1068.1900181279916
 10
475.2857142857143
 20
1066.776670982358
 10
483.6428571428571
 20
1065.773885579148
 10
492.0
 20
1065.1816619183621
 10
500.35714285714283
 20
1065.0
 10
508.71428571428567
 20
1065.2288998240617
 10
517.0714285714286
 20
1065.8683613905475
 10
525.4285714285713
 20
1066.9183846994572
 10
533.7857142857142
 20
1068.3789697507905
 10
542.1428571428571
 20
1070.250116544548
 10
550.5
 20
1072.5318250807293
 10
558.8571428571429
 20
1075.2240953593343
 10
567.2142857142857
 20
1078.3269273803635
 10
575.5714285714286
 20
1081.8403211438163
 10
583.9285714285713
 20
1085.764276649693
 10
592.2857142857142
 20
1090.0987938979938
 10
600.6428571428571
 20
1094.8438728887184
 10
609.0
 20
1099.999513621867
 10
609.0
 20
1143.799651480396
 42
-2.414213562373095
 10
612.2
 20
1146.999651480396
 10
627.0
 20
1146.999651480396
 10
627.0
 20
1186.999651480396
 10
612.2
 20
1186.999651480396
 42
-2.414213562373095
 10
609.0
 20
1190.199651480396
 10
609.0
 20
1194.999651480396
  0
TEXT
  5
112
330
17
100
AcDbEntity
  8
ENGRAVE-LABEL
100
AcDbText
 10
492.0
 20
1130.0004210261154
 30
0.0
 40
18.0
  1
04 BODY-RIB-B 1/8
 72
1
 11
492.0
 21
1130.0004210261154
 31
0.0
100
AcDbText
 73
2
  0
LWPOLYLINE
  5
113
330
17
100
AcDbEntity
  8
CUT
100
AcDbPolyline
 90
43
 70
1
 10
725.0
 20
409.0
 10
725.0
 20
413.8
 42
-2.414213562373095
 10
728.2
 20
417.0
 10
743.0
 20
417.0
 10
743.0
 20
457.0
 10
728.2
 20
457.0
 42
-2.414213562373095
 10
725.0
 20
460.2
 10
725.0
 20
493.16573975045696
 10
716.6428571428571
 20
499.0952660627535
 10
708.2857142857142
 20
504.61423063262606
 10
699.9285714285714
 20
509.72263346007475
 10
691.5714285714286
 20
514.4204745450995
 10
683.2142857142858
 20
518.7077538877006
 10
674.8571428571429
 20
522.5844714878775
 10
666.5
 20
526.0506273456307
 10
658.1428571428571
 20
529.10622146096
 10
649.7857142857143
 20
531.7512538338653
 10
641.4285714285714
 20
533.9857244643468
 10
633.0714285714286
 20
535.8096333524045
 10
624.7142857142858
 20
537.2229804980382
 10
616.3571428571429
 20
538.225765901248
 10
608.0
 20
538.817989562034
 10
599.6428571428571
 20
538.9996514803961
 10
591.2857142857142
 20
538.7707516563343
 10
582.9285714285714
 20
538.1312900898486
 10
574.5714285714286
 20
537.0812667809389
 10
566.2142857142858
 20
535.6206817296055
 10
557.8571428571429
 20
533.749534935848
 10
549.5
 20
531.4678263996668
 10
541.1428571428571
 20
528.7755561210616
 10
532.7857142857142
 20
525.6727241000326
 10
524.4285714285714
 20
522.1593303365797
 10
516.0714285714286
 20
518.2353748307029
 10
507.7142857142857
 20
513.9008575824022
 10
499.3571428571429
 20
509.1557785916776
 10
491.0
 20
504.0001378585291
 10
491.0
 20
460.20000000000005
 42
-2.414213562373095
 10
487.8
 20
457.0
 10
473.0
 20
457.0
 10
473.0
 20
417.0
 10
487.8
 20
417.0
 42
-2.414213562373095
 10
491.0
 20
413.8
 10
491.0
 20
409.0
  0
TEXT
  5
114
330
17
100
AcDbEntity
  8
ENGRAVE-LABEL
100
AcDbText
 10
608.0
 20
473.9992304542809
 30
0.0
 40
18.0
  1
04 BODY-RIB-B 2/8
 72
1
 11
608.0
 21
473.9992304542809
 31
0.0
100
AcDbText
 73
2
  0
LWPOLYLINE
  5
115
330
17
100
AcDbEntity
  8
CUT
100
AcDbPolyline
 90
43
 70
1
 10
845.0
 20
935.0
 10
849.8
 20
935.0
 42
-2.414213562373095
 10
853.0
 20
931.8
 10
853.0
 20
917.0
 10
893.0
 20
917.0
 10
893.0
 20
931.8
 42
-2.414213562373095
 10
896.2
 20
935.0
 10
929.165739750457
 20
935.0
 10
935.0952660627536
 20
943.3571428571429
 10
940.614230632626
 20
951.7142857142857
 10
945.7226334600748
 20
960.0714285714286
 10
950.4204745450995
 20
968.4285714285714
 10
954.7077538877006
 20
976.7857142857143
 10
958.5844714878775
 20
985.1428571428571
 10
962.0506273456307
 20
993.5
 10
965.10622146096
 20
1001.8571428571429
 10
967.7512538338653
 20
1010.2142857142857
 10
969.9857244643468
 20
1018.5714285714286
 10
971.8096333524045
 20
1026.9285714285713
 10
973.2229804980382
 20
1035.2857142857142
 10
974.225765901248
 20
1043.642857142857
 10
974.817989562034
 20
1052.0
 10
974.9996514803961
 20
1060.357142857143
 10
974.7707516563343
 20
1068.7142857142858
 10
974.1312900898486
 20
1077.0714285714287
 10
973.0812667809389
 20
1085.4285714285713
 10
971.6206817296054
 20
1093.7857142857142
 10
969.749534935848
 20
1102.142857142857
 10
967.4678263996668
 20
1110.5
 10
964.7755561210616
 20
1118.857142857143
 10
961.6727241000326
 20
1127.2142857142858
 10
958.1593303365796
 20
1135.5714285714287
 10
954.2353748307029
 20
1143.9285714285713
 10
949.9008575824022
 20
1152.2857142857142
 10
945.1557785916775
 20
1160.642857142857
 10
940.0001378585291
 20
1169.0
 10
896.2
 20
1169.0
 42
-2.414213562373095
 10
893.0
 20
1172.2
 10
893.0
 20
1187.0
 10
853.0
 20
1187.0
 10
853.0
 20
1172.2
 42
-2.414213562373095
 10
849.8
 20
1169.0
 10
845.0
 20
1169.0
  0
TEXT
  5
116
330
17
100
AcDbEntity
  8
ENGRAVE-LABEL
100
AcDbText
 10
909.9992304542809
 20
1052.0
 30
0.0
 40
18.0
  1
04 BODY-RIB-B 3/8
 50
90.0
 72
1
 11
909.9992304542809
 21
1052.0
 31
0.0
100
AcDbText
 73
2
  0
LWPOLYLINE
  5
117
330
17
100
AcDbEntity
  8
CUT
100
AcDbPolyline
 90
43
 70
1
 10
1641.0
 20
737.0
 10
1641.0
 20
741.8
 42
-2.414213562373095
 10
1644.2
 20
745.0
 10
1659.0
 20
745.0
 10
1659.0
 20
785.0
 10
1644.2
 20
785.0
 42
-2.414213562373095
 10
1641.0
 20
788.2
 10
1641.0
 20
821.165739750457
 10
1632.642857142857
 20
827.0952660627536
 10
1624.2857142857142
 20
832.614230632626
 10
1615.9285714285716
 20
837.7226334600748
 10
1607.5714285714287
 20
842.4204745450995
 10
1599.2142857142858
 20
846.7077538877006
 10
1590.857142857143
 20
850.5844714878775
 10
1582.5
 20
854.0506273456307
 10
1574.142857142857
 20
857.10622146096
 10
1565.7857142857142
 20
859.7512538338653
 10
1557.4285714285716
 20
861.9857244643468
 10
1549.0714285714287
 20
863.8096333524045
 10
1540.7142857142858
 20
865.2229804980382
 10
1532.357142857143
 20
866.225765901248
 10
1524.0
 20
866.817989562034
 10
1515.642857142857
 20
866.9996514803961
 10
1507.2857142857142
 20
866.7707516563343
 10
1498.9285714285713
 20
866.1312900898486
 10
1490.5714285714287
 20
865.0812667809389
 10
1482.2142857142858
 20
863.6206817296055
 10
1473.857142857143
 20
861.749534935848
 10
1465.5
 20
859.4678263996668
 10
1457.142857142857
 20
856.7755561210616
 10
1448.7857142857142
 20
853.6727241000326
 10
1440.4285714285713
 20
850.1593303365797
 10
1432.0714285714287
 20
846.2353748307029
 10
1423.7142857142858
 20
841.9008575824022
 10
1415.357142857143
 20
837.1557785916776
 10
1407.0
 20
832.0001378585291
 10
1407.0
 20
788.2
 42
-2.414213562373095
 10
1403.8
 20
785.0
 10
1389.0
 20
785.0
 10
1389.0
 20
745.0
 10
1403.8
 20
745.0
 42
-2.414213562373095
 10
1407.0
 20
741.8000000000001
 10
1407.0
 20
737.0
  0
TEXT
  5
118
330
17
100
AcDbEntity
  8
ENGRAVE-LABEL
100
AcDbText
 10
1524.0
 20
801.9992304542809
 30
0.0
 40
18.0
  1
04 BODY-RIB-B 4/8
 72
1
 11
1524.0
 21
801.9992304542809
 31
0.0
100
AcDbText
 73
2
  0
LWPOLYLINE
  5
119
330
17
100
AcDbEntity
  8
CUT
100
AcDbPolyline
 90
43
 70
1
 10
2402.999651480396
 20
537.0
 10
2398.199651480396
 20
537.0
 42
-2.414213562373095
 10
2394.999651480396
 20
540.2
 10
2394.999651480396
 20
555.0
 10
2354.999651480396
 20
555.0
 10
2354.999651480396
 20
540.2
 42
-2.414213562373095
 10
2351.7996514803963
 20
537.0
 10
2318.8339117299392
 20
537.0
 10
2312.9043854176425
 20
528.6428571428571
 10
2307.38542084777
 20
520.2857142857143
 10
2302.2770180203215
 20
511.92857142857144
 10
2297.5791769352963
 20
503.57142857142856
 10
2293.2918975926955
 20
495.2142857142857
 10
2289.4151799925185
 20
486.8571428571429
 10
2285.9490241347653
 20
478.5
 10
2282.893430019436
 20
470.14285714285717
 10
2280.2483976465305
 20
461.78571428571433
 10
2278.0139270160494
 20
453.42857142857144
 10
2276.1900181279916
 20
445.07142857142856
 10
2274.7766709823577
 20
436.7142857142857
 10
2273.773885579148
 20
428.3571428571429
 10
2273.181661918362
 20
420.0
 10
2273.0
 20
411.64285714285717
 10
2273.228899824062
 20
403.28571428571433
 10
2273.8683613905478
 20
394.92857142857144
 10
2274.918384699457
 20
386.5714285714286
 10
2276.3789697507905
 20
378.2142857142858
 10
2278.250116544548
 20
369.8571428571429
 10
2280.5318250807295
 20
361.5
 10
2283.2240953593346
 20
353.14285714285717
 10
2286.3269273803635
 20
344.78571428571433
 10
2289.8403211438163
 20
336.42857142857144
 10
2293.7642766496933
 20
328.07142857142856
 10
2298.098793897994
 20
319.7142857142857
 10
2302.8438728887186
 20
311.3571428571429
 10
2307.9995136218668
 20
303.0
 10
2351.799651480396
 20
303.0
 42
-2.414213562373095
 10
2354.999651480396
 20
299.8
 10
2354.999651480396
 20
285.0
 10
2394.999651480396
 20
285.0
 10
2394.999651480396
 20
299.8
 42
-2.414213562373095
 10
2398.199651480396
 20
303.0
 10
2402.999651480396
 20
303.0
  0
TEXT
  5
11A
330
17
100
AcDbEntity
  8
ENGRAVE-LABEL
100
AcDbText
 10
2338.000421026115
 20
420.0
 30
0.0
 40
18.0
  1
04 BODY-RIB-B 5/8
 50
90.0
 72
1
 11
2338.000421026115
 21
420.0
 31
0.0
100
AcDbText
 73
2
  0
LWPOLYLINE
  5
11B
330
17
100
AcDbEntity
  8
CUT
100
AcDbPolyline
 90
17
 70
1
 10
971.0
 20
371.0
 10
971.0
 20
266.20000000000005
 42
-2.414213562373095
 10
967.8
 20
263.0
 10
953.0
 20
263.0
 10
953.0
 20
223.00000000000003
 10
967.8
 20
223.00000000000003
 42
-2.414213562373095
 10
971.0
 20
219.80000000000004
 10
971.0
 20
201.00000000000003
 10
1101.0
 20
201.0
 10
1101.0
 20
207.8
 42
-2.414213562373095
 10
1104.2
 20
211.0
 10
1111.0
 20
211.0
 10
1141.0
 20
241.0
 10
1141.0
 20
361.0
 10
1104.2
 20
361.0
 42
-2.414213562373095
 10
1101.0
 20
364.2
 10
1101.0
 20
371.0
  0
TEXT
  5
11C
330
17
100
AcDbEntity
  8
ENGRAVE-LABEL
100
AcDbText
 10
1054.734375
 20
286.703125
 30
0.0
 40
14.0
  1
08 BACK-RIB-A 1/2
 50
30.0
 72
1
 11
1054.734375
 21
286.703125
 31
0.0
100
AcDbText
 73
2
  0
LWPOLYLINE
  5
11D
330
17
100
AcDbEntity
  8
CUT
100
AcDbPolyline
 90
17
 70
1
 10
2249.0
 20
819.0
 10
2353.8
 20
819.0
 42
-2.414213562373095
 10
2357.0
 20
815.8
 10
2357.0
 20
801.0
 10
2397.0
 20
801.0
 10
2397.0
 20
815.8
 42
-2.414213562373095
 10
2400.2
 20
819.0
 10
2419.0
 20
819.0
 10
2419.0
 20
949.0
 10
2412.2
 20
949.0
 42
-2.414213562373095
 10
2409.0
 20
952.2
 10
2409.0
 20
959.0
 10
2379.0
 20
989.0
 10
2259.0
 20
989.0
 10
2259.0
 20
952.2
 42
-2.414213562373095
 10
2255.8
 20
949.0
 10
2249.0
 20
949.0
  0
TEXT
  5
11E
330
17
100
AcDbEntity
  8
ENGRAVE-LABEL
100
AcDbText
 10
2333.296875
 20
902.734375
 30
0.0
 40
14.0
  1
08 BACK-RIB-A 2/2
 50
45.0
 72
1
 11
2333.296875
 21
902.734375
 31
0.0
100
AcDbText
 73
2
  0
LWPOLYLINE
  5
11F
330
17
100
AcDbEntity
  8
REFERENCE-SHEET
100
AcDbPolyline
 90
4
 70
1
 10
0.0
 20
-1470.0
 10
2440.0
 20
-1470.0
 10
2440.0
 20
-250.0
 10
0.0
 20
-250.0
  0
TEXT
  5
120
330
17
100
AcDbEntity
  8
REFERENCE-SHEET
100
AcDbText
 10
0.0
 20
-195.0
 30
0.0
 40
40.0
  1
SHEET 2/3  -  2440 x 1220 x 18 mm MDF
 11
0.0
 21
-195.0
 31
0.0
100
AcDbText
  0
LWPOLYLINE
  5
121
330
17
100
AcDbEntity
  8
CUT
100
AcDbPolyline
 90
180
 70
1
 10
879.4
 20
-1065.8
 10
879.3258816245111
 20
-1050.744752465864
 10
879.0081450678697
 20
-1035.6749598561064
 10
878.3606591671853
 20
-1020.5882928768536
 10
877.3212232664223
 20
-1005.4909450936257
 10
875.8380590224699
 20
-990.3958722165395
 10
873.8659956479942
 20
-975.3218995452157
 10
871.3650261250698
 20
-960.293109163154
 10
868.2998226876907
 20
-945.3383142862112
 10
864.6397245827143
 20
-930.4905311892692
 10
860.3589755445652
 20
-915.7864011161266
 10
855.437085180615
 20
-901.2655374543658
 10
849.8592297732878
 20
-886.9697891859997
 10
843.6166284559691
 20
-872.9424242411847
 10
836.7068432664594
 20
-859.2272471701956
 10
829.1339617264643
 20
-845.8676746537552
 10
820.9086307567686
 20
-832.905799448005
 10
812.0479217983063
 20
-820.3814779116251
 10
802.5750189574555
 20
-808.3314778647025
 10
792.518734261711
 20
-796.7887219843392
 10
781.9128658214402
 20
-785.7816573701164
 10
770.7954248736467
 20
-775.3337747717885
 10
759.2077654649818
 20
-765.4632920126359
 10
747.1936553008584
 20
-756.1830063049126
 10
734.7983277854454
 20
-747.500310432365
 10
722.0675536221254
 20
-739.4173590758446
 10
709.0467659905214
 20
-731.9313645858059
 10
695.7802669613209
 20
-725.0349966890112
 10
682.3105352712028
 20
-718.7168580892896
 10
668.6776476724414
 20
-712.9620075480448
 10
654.9188185065852
 20
-707.7525034659849
 10
641.0680554688985
 20
-703.0679437597582
 10
627.1559240685476
 20
-698.8859814088837
 10
613.209409189249
 20
-695.1827989207385
 10
599.2518593853737
 20
-691.9335286511746
 10
585.3029979455309
 20
-689.1126090051205
 10
571.3789840611887
 20
-686.6940686289067
 10
557.4925073274442
 20
-684.6517313426825
 10
543.6528988921762
 20
-682.9593330725347
 10
529.8662423817184
 20
-681.5905371630022
 10
516.1354665860094
 20
-680.518823443518
 10
502.460398601968
 20
-679.7172026630583
 10
488.8377481818744
 20
-679.1576531987256
 10
475.26097475680723
 20
-678.810031421593
 10
461.7199353537086
 20
-678.6397068425567
 10
448.2
 20
-678.5999999999999
 10
434.68006464629144
 20
-678.6397068425567
 10
421.1390252431927
 20
-678.810031421593
 10
407.56225181812556
 20
-679.1576531987256
 10
393.939601398032
 20
-679.7172026630583
 10
380.26453341399053
 20
-680.518823443518
 10
366.5337576182816
 20
-681.5905371630022
 10
352.7471011078237
 20
-682.9593330725347
 10
338.9074926725558
 20
-684.6517313426825
 10
325.0210159388114
 20
-686.6940686289067
 10
311.09700205446916
 20
-689.1126090051205
 10
297.1481406146263
 20
-691.9335286511747
 10
283.190590810751
 20
-695.1827989207385
 10
269.24407593145224
 20
-698.8859814088837
 10
255.3319445311015
 20
-703.0679437597584
 10
241.48118149341485
 20
-707.7525034659848
 10
227.72235232755867
 20
-712.9620075480448
 10
214.0894647287973
 20
-718.7168580892896
 10
200.61973303867907
 20
-725.0349966890112
 10
187.35323400947857
 20
-731.9313645858059
 10
174.33244637787465
 20
-739.4173590758446
 10
161.60167221455458
 20
-747.500310432365
 10
149.20634469914154
 20
-756.1830063049126
 10
137.19223453501814
 20
-765.463292012636
 10
125.60457512635332
 20
-775.3337747717884
 10
114.48713417855993
 20
-785.7816573701164
 10
103.88126573828913
 20
-796.7887219843392
 10
93.82498104254444
 20
-808.3314778647025
 10
84.35207820169364
 20
-820.3814779116251
 10
75.4913692432313
 20
-832.905799448005
 10
67.26603827353563
 20
-845.8676746537552
 10
59.693156733540604
 20
-859.2272471701957
 10
52.783371544030786
 20
-872.9424242411847
 10
46.5407702267122
 20
-886.9697891859996
 10
40.96291481938505
 20
-901.2655374543657
 10
36.04102445543481
 20
-915.7864011161265
 10
31.76027541728564
 20
-930.4905311892692
 10
28.1001773123092
 20
-945.3383142862112
 10
25.034973874930188
 20
-960.293109163154
 10
22.534004352005695
 20
-975.3218995452157
 10
20.56194097753007
 20
-990.3958722165395
 10
19.078776733577683
 20
-1005.4909450936257
 10
18.03934083281473
 20
-1020.5882928768535
 10
17.391854932130343
 20
-1035.6749598561064
 10
17.074118375488865
 20
-1050.7447524658637
 10
17.0
 20
-1065.8
 10
17.074118375488865
 20
-1080.855247534136
 10
17.391854932130343
 20
-1095.9250401438935
 10
18.039340832814673
 20
-1111.0117071231462
 10
19.078776733577683
 20
-1126.1090549063742
 10
20.561940977530128
 20
-1141.2041277834605
 10
22.534004352005695
 20
-1156.2781004547842
 10
25.03497387493013
 20
-1171.306890836846
 10
28.1001773123092
 20
-1186.2616857137887
 10
31.760275417285698
 20
-1201.1094688107305
 10
36.04102445543481
 20
-1215.8135988838733
 10
40.96291481938499
 20
-1230.334462545634
 10
46.54077022671214
 20
-1244.630210814
 10
52.783371544030786
 20
-1258.6575757588153
 10
59.693156733540604
 20
-1272.3727528298043
 10
67.26603827353568
 20
-1285.7323253462448
 10
75.4913692432313
 20
-1298.6942005519948
 10
84.35207820169359
 20
-1311.2185220883748
 10
93.82498104254432
 20
-1323.2685221352974
 10
103.88126573828907
 20
-1334.8112780156607
 10
114.48713417855987
 20
-1345.8183426298835
 10
125.60457512635327
 20
-1356.2662252282114
 10
137.19223453501826
 20
-1366.136707987364
 10
149.2063446991416
 20
-1375.4169936950873
 10
161.60167221455464
 20
-1384.0996895676349
 10
174.33244637787465
 20
-1392.1826409241553
 10
187.35323400947868
 20
-1399.6686354141941
 10
200.61973303867896
 20
-1406.5650033109887
 10
214.08946472879737
 20
-1412.8831419107105
 10
227.72235232755858
 20
-1418.6379924519551
 10
241.48118149341454
 20
-1423.8474965340151
 10
255.33194453110158
 20
-1428.5320562402417
 10
269.24407593145213
 20
-1432.7140185911162
 10
283.19059081075113
 20
-1436.4172010792613
 10
297.1481406146262
 20
-1439.6664713488253
 10
311.09700205446916
 20
-1442.4873909948794
 10
325.0210159388113
 20
-1444.9059313710932
 10
338.90749267255586
 20
-1446.9482686573174
 10
352.7471011078237
 20
-1448.6406669274652
 10
366.5337576182814
 20
-1450.0094628369977
 10
380.26453341399053
 20
-1451.0811765564818
 10
393.9396013980318
 20
-1451.8827973369416
 10
407.5622518181256
 20
-1452.4423468012742
 10
421.1390252431926
 20
-1452.7899685784068
 10
434.6800646462915
 20
-1452.9602931574432
 10
448.19999999999993
 20
-1453.0
 10
461.71993535370865
 20
-1452.9602931574432
 10
475.26097475680723
 20
-1452.7899685784068
 10
488.8377481818742
 20
-1452.4423468012742
 10
502.460398601968
 20
-1451.8827973369416
 10
516.1354665860093
 20
-1451.0811765564818
 10
529.8662423817184
 20
-1450.0094628369977
 10
543.6528988921762
 20
-1448.6406669274652
 10
557.4925073274443
 20
-1446.9482686573174
 10
571.3789840611886
 20
-1444.9059313710932
 10
585.3029979455309
 20
-1442.4873909948794
 10
599.2518593853737
 20
-1439.6664713488253
 10
613.2094091892487
 20
-1436.4172010792613
 10
627.1559240685476
 20
-1432.7140185911162
 10
641.0680554688983
 20
-1428.5320562402417
 10
654.9188185065852
 20
-1423.8474965340151
 10
668.6776476724413
 20
-1418.6379924519551
 10
682.3105352712028
 20
-1412.8831419107103
 10
695.7802669613209
 20
-1406.5650033109887
 10
709.0467659905214
 20
-1399.668635414194
 10
722.0675536221252
 20
-1392.1826409241553
 10
734.7983277854452
 20
-1384.0996895676349
 10
747.1936553008584
 20
-1375.4169936950873
 10
759.2077654649817
 20
-1366.1367079873642
 10
770.7954248736467
 20
-1356.2662252282114
 10
781.9128658214399
 20
-1345.8183426298835
 10
792.518734261711
 20
-1334.8112780156607
 10
802.5750189574555
 20
-1323.2685221352974
 10
812.0479217983064
 20
-1311.2185220883748
 10
820.9086307567686
 20
-1298.6942005519948
 10
829.1339617264641
 20
-1285.732325346245
 10
836.7068432664594
 20
-1272.3727528298043
 10
843.6166284559691
 20
-1258.6575757588155
 10
849.8592297732879
 20
-1244.630210814
 10
855.437085180615
 20
-1230.3344625456343
 10
860.3589755445652
 20
-1215.8135988838733
 10
864.6397245827143
 20
-1201.1094688107307
 10
868.2998226876907
 20
-1186.2616857137887
 10
871.3650261250698
 20
-1171.306890836846
 10
873.8659956479942
 20
-1156.2781004547844
 10
875.8380590224699
 20
-1141.2041277834605
 10
877.3212232664223
 20
-1126.1090549063745
 10
878.3606591671853
 20
-1111.0117071231462
 10
879.0081450678697
 20
-1095.9250401438935
 10
879.3258816245111
 20
-1080.855247534136
  0
LWPOLYLINE
  5
122
330
17
100
AcDbEntity
  8
CUT
100
AcDbPolyline
 90
180
 70
1
 10
769.3928906524106
 20
-1077.016302896861
 10
769.2760995392889
 20
-1088.2518280320398
 10
768.9632506766752
 20
-1099.5135761637043
 10
768.3917357048495
 20
-1110.8000138007671
 10
767.5092061911271
 20
-1122.102828240098
 10
766.2697595672755
 20
-1133.4078144648308
 10
764.6324962347102
 20
-1144.6954823208825
 10
762.5610361344757
 20
-1155.9415765739186
 10
760.0235077902473
 20
-1167.1175994294865
 10
756.9927872581152
 20
-1178.1913831180498
 10
753.4468611782684
 20
-1189.127737269884
 10
749.3692294326017
 20
-1199.8891800756621
 10
744.7492833630608
 20
-1210.436749612017
 10
739.5826080519774
 20
-1220.7308809233564
 10
733.8711673101759
 20
-1230.7323253462448
 10
727.6233401795618
 20
-1240.4030814863422
 10
720.8537888172518
 20
-1249.7073027065926
 10
713.5831495762113
 20
-1258.6121443831255
 10
705.8375513649714
 20
-1267.0885157298383
 10
697.6479770783525
 20
-1275.1117055643642
 10
689.0494940711333
 20
-1282.661858528737
 10
680.0803874277301
 20
-1289.7242872368745
 10
670.7812345503687
 20
-1296.2896156578356
 10
661.1939610859708
 20
-1302.3537587651215
 10
651.3609165566058
 20
-1307.9177521810675
 10
641.3240037046991
 20
-1312.9874525174546
 10
631.1238892091488
 20
-1317.5731339297445
 10
620.7993158894207
 20
-1321.6890089296558
 10
610.3865286067887
 20
-1325.3527018747482
 10
599.9188185065852
 20
-1328.584702117727
 10
589.4261835624503
 20
-1331.4078210257596
 10
578.9350979217492
 20
-1333.8466734982078
 10
568.4683784509108
 20
-1335.9272007385753
 10
558.0451341096233
 20
-1337.6762473464787
 10
547.6807821797074
 20
-1339.1212027084296
 10
537.3871146799444
 20
-1340.2897145786262
 10
527.1723981875743
 20
-1341.2094821041023
 10
517.0414903762128
 20
-1341.9081370371057
 10
506.9959563917649
 20
-1342.413226756279
 10
497.034167042647
 20
-1342.752323725139
 10
487.1513574963608
 20
-1342.9533097753688
 10
477.33961722243237
 20
-1343.044938310764
 10
467.58776264495344
 20
-1343.0579230498263
 10
457.88099071643353
 20
-1343.0273021853427
 10
448.19999999999993
 20
-1343.0
 10
438.5190092835666
 20
-1343.0273021853427
 10
428.8122373550464
 20
-1343.0579230498263
 10
419.0603827775675
 20
-1343.044938310764
 10
409.2486425036391
 20
-1342.953309775369
 10
399.36583295735284
 20
-1342.752323725139
 10
389.404043608235
 20
-1342.413226756279
 10
379.3585096237872
 20
-1341.9081370371055
 10
369.22760181242575
 20
-1341.2094821041023
 10
359.01288532005555
 20
-1340.2897145786262
 10
348.7192178202927
 20
-1339.1212027084296
 10
338.3548658903765
 20
-1337.6762473464787
 10
327.9316215490891
 20
-1335.9272007385753
 10
317.4649020782507
 20
-1333.8466734982078
 10
306.97381643754954
 20
-1331.4078210257596
 10
296.48118149341457
 20
-1328.584702117727
 10
286.01347139321115
 20
-1325.3527018747482
 10
275.60068411057944
 20
-1321.6890089296558
 10
265.276110790851
 20
-1317.5731339297445
 10
255.07599629530108
 20
-1312.9874525174546
 10
245.03908344339396
 20
-1307.9177521810675
 10
235.20603891402905
 20
-1302.3537587651215
 10
225.61876544963127
 20
-1296.2896156578356
 10
216.31961257226988
 20
-1289.7242872368743
 10
207.35050592886665
 20
-1282.661858528737
 10
198.75202292164744
 20
-1275.1117055643642
 10
190.5624486350285
 20
-1267.0885157298383
 10
182.8168504237886
 20
-1258.6121443831253
 10
175.54621118274815
 20
-1249.7073027065926
 10
168.77665982043817
 20
-1240.4030814863422
 10
162.52883268982396
 20
-1230.7323253462448
 10
156.81739194802253
 20
-1220.7308809233564
 10
151.6507166369392
 20
-1210.4367496120167
 10
147.03077056739824
 20
-1199.8891800756621
 10
142.9531388217316
 20
-1189.1277372698837
 10
139.40721274188473
 20
-1178.1913831180498
 10
136.3764922097526
 20
-1167.1175994294863
 10
133.8389638655243
 20
-1155.9415765739186
 10
131.76750376528975
 20
-1144.6954823208825
 10
130.13024043272435
 20
-1133.4078144648306
 10
128.890793808873
 20
-1122.102828240098
 10
128.0082642951504
 20
-1110.800013800767
 10
127.43674932332476
 20
-1099.5135761637043
 10
127.12390046071101
 20
-1088.2518280320396
 10
127.00710934758939
 20
-1077.016302896861
 10
127.0
 20
-1065.8
 10
127.00710934758939
 20
-1054.583697103139
 10
127.12390046071101
 20
-1043.3481719679603
 10
127.43674932332482
 20
-1032.0864238362956
 10
128.0082642951504
 20
-1020.799986199233
 10
128.89079380887296
 20
-1009.4971717599019
 10
130.13024043272435
 20
-998.1921855351693
 10
131.7675037652898
 20
-986.9045176791174
 10
133.8389638655243
 20
-975.6584234260811
 10
136.37649220975254
 20
-964.4824005705134
 10
139.40721274188473
 20
-953.4086168819501
 10
142.95313882173167
 20
-942.4722627301161
 10
147.0307705673983
 20
-931.7108199243377
 10
151.65071663693914
 20
-921.1632503879832
 10
156.8173919480226
 20
-910.8691190766436
 10
162.5288326898239
 20
-900.8676746537552
 10
168.77665982043817
 20
-891.1969185136576
 10
175.5462111827482
 20
-881.8926972934072
 10
182.81685042378865
 20
-872.9878556168745
 10
190.56244863502855
 20
-864.5114842701616
 10
198.75202292164752
 20
-856.4882944356357
 10
207.35050592886668
 20
-848.9381414712627
 10
216.3196125722698
 20
-841.8757127631256
 10
225.61876544963124
 20
-835.3103843421643
 10
235.20603891402897
 20
-829.2462412348784
 10
245.039083443394
 20
-823.6822478189323
 10
255.075996295301
 20
-818.6125474825453
 10
265.27611079085113
 20
-814.0268660702554
 10
275.60068411057944
 20
-809.9109910703442
 10
286.0134713932112
 20
-806.2472981252516
 10
296.48118149341485
 20
-803.0152978822731
 10
306.9738164375495
 20
-800.1921789742403
 10
317.46490207825076
 20
-797.7533265017921
 10
327.931621549089
 20
-795.6727992614246
 10
338.35486589037663
 20
-793.9237526535213
 10
348.71921782029267
 20
-792.4787972915703
 10
359.0128853200556
 20
-791.3102854213737
 10
369.22760181242575
 20
-790.3905178958977
 10
379.3585096237872
 20
-789.6918629628944
 10
389.4040436082351
 20
-789.1867732437207
 10
399.36583295735284
 20
-788.847676274861
 10
409.2486425036392
 20
-788.646690224631
 10
419.06038277756744
 20
-788.5550616892357
 10
428.8122373550465
 20
-788.5420769501736
 10
438.51900928356656
 20
-788.5726978146573
 10
448.2
 20
-788.5999999999999
 10
457.8809907164335
 20
-788.5726978146573
 10
467.58776264495344
 20
-788.5420769501736
 10
477.33961722243254
 20
-788.5550616892357
 10
487.1513574963608
 20
-788.646690224631
 10
497.03416704264714
 20
-788.847676274861
 10
506.99595639176493
 20
-789.1867732437207
 10
517.0414903762128
 20
-789.6918629628943
 10
527.1723981875743
 20
-790.3905178958977
 10
537.3871146799444
 20
-791.3102854213737
 10
547.6807821797073
 20
-792.4787972915703
 10
558.0451341096233
 20
-793.9237526535212
 10
568.4683784509109
 20
-795.6727992614246
 10
578.9350979217492
 20
-797.7533265017921
 10
589.4261835624504
 20
-800.1921789742403
 10
599.9188185065852
 20
-803.0152978822731
 10
610.3865286067888
 20
-806.2472981252517
 10
620.7993158894205
 20
-809.9109910703442
 10
631.1238892091488
 20
-814.0268660702554
 10
641.324003704699
 20
-818.6125474825453
 10
651.360916556606
 20
-823.6822478189323
 10
661.1939610859711
 20
-829.2462412348784
 10
670.7812345503687
 20
-835.3103843421643
 10
680.0803874277301
 20
-841.8757127631256
 10
689.0494940711333
 20
-848.9381414712628
 10
697.6479770783526
 20
-856.4882944356358
 10
705.8375513649714
 20
-864.5114842701616
 10
713.5831495762113
 20
-872.9878556168745
 10
720.8537888172518
 20
-881.8926972934072
 10
727.6233401795619
 20
-891.1969185136576
 10
733.8711673101761
 20
-900.8676746537552
 10
739.5826080519773
 20
-910.8691190766436
 10
744.7492833630608
 20
-921.1632503879832
 10
749.3692294326017
 20
-931.7108199243378
 10
753.4468611782684
 20
-942.4722627301162
 10
756.9927872581152
 20
-953.4086168819501
 10
760.0235077902474
 20
-964.4824005705134
 10
762.5610361344757
 20
-975.6584234260812
 10
764.6324962347102
 20
-986.9045176791174
 10
766.2697595672755
 20
-998.1921855351693
 10
767.5092061911271
 20
-1009.4971717599019
 10
768.3917357048496
 20
-1020.7999861992329
 10
768.9632506766752
 20
-1032.0864238362956
 10
769.2760995392889
 20
-1043.3481719679603
 10
769.3928906524106
 20
-1054.583697103139
 10
769.4
 20
-1065.8
  0
LWPOLYLINE
  5
123
330
17
100
AcDbEntity
  8
CUT
100
AcDbPolyline
 90
8
 70
1
 10
815.8930776469965
 20
-1013.9416679781386
 42
2.414213562373095
 10
819.5542706250297
 20
-1016.6016803799143
 10
853.7282872096215
 20
-1011.1890478895223
 42
2.414213562373095
 10
856.3882996113973
 20
-1007.5278549114892
 10
854.4172253518902
 20
-995.0829818199903
 42
2.414213562373095
 10
850.7560323738571
 20
-992.4229694182147
 10
816.5820157892654
 20
-997.8356019086066
 42
2.414213562373095
 10
813.9220033874897
 20
-1001.4967948866398
  0
LWPOLYLINE
  5
124
330
17
100
AcDbEntity
  8
CUT
100
AcDbPolyline
 90
8
 70
1
 10
787.4172648876076
 20
-900.0308259289675
 42
2.414213562373095
 10
791.7212553641768
 20
-901.4292772072038
 10
822.5500811010944
 20
-885.7212059162155
 42
2.414213562373095
 10
823.9485323793306
 20
-881.417215439646
 10
818.2282520826122
 20
-870.1905332348726
 42
2.414213562373095
 10
813.924261606043
 20
-868.7920819566364
 10
783.0954358691255
 20
-884.5001532476247
 42
2.414213562373095
 10
781.6969845908893
 20
-888.8041437241941
  0
LWPOLYLINE
  5
125
330
17
100
AcDbEntity
  8
CUT
100
AcDbPolyline
 90
8
 70
1
 10
713.5118118250753
 20
-809.3977336178752
 42
2.414213562373095
 10
718.0372952246692
 20
-809.3977336178752
 10
742.5031898537238
 20
-784.9318389888206
 42
2.414213562373095
 10
742.5031898537238
 20
-780.4063555892267
 10
733.5936444107733
 20
-771.4968101462762
 42
2.414213562373095
 10
729.0681610111794
 20
-771.4968101462762
 10
704.6022663821248
 20
-795.9627047753308
 42
2.414213562373095
 10
704.6022663821248
 20
-800.4881881749247
  0
LWPOLYLINE
  5
126
330
17
100
AcDbEntity
  8
CUT
100
AcDbPolyline
 90
8
 70
1
 10
611.3568241876466
 20
-759.463645171355
 42
2.414213562373095
 10
615.6608146642159
 20
-758.0651938931188
 10
631.3688859552042
 20
-727.2363681562013
 42
2.414213562373095
 10
629.970434676968
 20
-722.932377679632
 10
618.7437524721946
 20
-717.2120973829137
 42
2.414213562373095
 10
614.4397619956253
 20
-718.6105486611499
 10
598.731690704637
 20
-749.4393743980675
 42
2.414213562373095
 10
600.1301419828732
 20
-753.7433648746367
  0
LWPOLYLINE
  5
127
330
17
100
AcDbEntity
  8
CUT
100
AcDbPolyline
 90
8
 70
1
 10
505.7363833517808
 20
-742.802027759218
 42
2.414213562373095
 10
509.397576329814
 20
-740.1420153574422
 10
514.810208820206
 20
-705.9679987728505
 42
2.414213562373095
 10
512.1501964184303
 20
-702.3068057948174
 10
499.70532332693153
 20
-700.3357315353104
 42
2.414213562373095
 10
496.0441303488983
 20
-702.9957439370862
 10
490.63149785850635
 20
-737.169760521678
 42
2.414213562373095
 10
493.29151026028205
 20
-740.8309534997111
  0
LWPOLYLINE
  5
128
330
17
100
AcDbEntity
  8
CUT
100
AcDbPolyline
 90
8
 70
1
 10
403.108489739718
 20
-740.8309534997111
 42
2.414213562373095
 10
405.7685021414937
 20
-737.169760521678
 10
400.35586965110167
 20
-702.9957439370862
 42
2.414213562373095
 10
396.6946766730685
 20
-700.3357315353104
 10
384.2498035815698
 20
-702.3068057948174
 42
2.414213562373095
 10
381.5897911797941
 20
-705.9679987728505
 10
387.00242367018603
 20
-740.1420153574422
 42
2.414213562373095
 10
390.6636166482192
 20
-742.802027759218
  0
LWPOLYLINE
  5
129
330
17
100
AcDbEntity
  8
CUT
100
AcDbPolyline
 90
8
 70
1
 10
296.2698580171268
 20
-753.7433648746367
 42
2.414213562373095
 10
297.6683092953631
 20
-749.4393743980675
 10
281.9602380043748
 20
-718.6105486611499
 42
2.414213562373095
 10
277.6562475278055
 20
-717.2120973829137
 10
266.42956532303197
 20
-722.932377679632
 42
2.414213562373095
 10
265.0311140447958
 20
-727.2363681562013
 10
280.7391853357841
 20
-758.0651938931188
 42
2.414213562373095
 10
285.0431758123534
 20
-759.463645171355
  0
LWPOLYLINE
  5
12A
330
17
100
AcDbEntity
  8
CUT
100
AcDbPolyline
 90
8
 70
1
 10
191.79773361787522
 20
-800.4881881749246
 42
2.414213562373095
 10
191.79773361787522
 20
-795.9627047753307
 10
167.33183898882066
 20
-771.4968101462762
 42
2.414213562373095
 10
162.80635558922677
 20
-771.4968101462762
 10
153.89681014627627
 20
-780.4063555892267
 42
2.414213562373095
 10
153.89681014627627
 20
-784.9318389888206
 10
178.36270477533083
 20
-809.3977336178751
 42
2.414213562373095
 10
182.88818817492472
 20
-809.3977336178751
  0
LWPOLYLINE
  5
12B
330
17
100
AcDbEntity
  8
CUT
100
AcDbPolyline
 90
8
 70
1
 10
114.70301540911078
 20
-888.8041437241941
 42
2.414213562373095
 10
113.30456413087455
 20
-884.5001532476247
 10
82.47573839395699
 20
-868.7920819566364
 42
2.414213562373095
 10
78.17174791738773
 20
-870.1905332348726
 10
72.4514676206694
 20
-881.417215439646
 42
2.414213562373095
 10
73.84991889890563
 20
-885.7212059162154
 10
104.6787446358232
 20
-901.4292772072037
 42
2.414213562373095
 10
108.98273511239245
 20
-900.0308259289675
  0
LWPOLYLINE
  5
12C
330
17
100
AcDbEntity
  8
CUT
100
AcDbPolyline
 90
8
 70
1
 10
82.47799661251031
 20
-1001.4967948866397
 42
2.414213562373095
 10
79.81798421073455
 20
-997.8356019086066
 10
45.643967626142796
 20
-992.4229694182146
 42
2.414213562373095
 10
41.982774648109626
 20
-995.0829818199903
 10
40.01170038860266
 20
-1007.527854911489
 42
2.414213562373095
 10
42.67171279037842
 20
-1011.1890478895223
 10
76.84572937497018
 20
-1016.6016803799142
 42
2.414213562373095
 10
80.50692235300335
 20
-1013.9416679781385
  0
LWPOLYLINE
  5
12D
330
17
100
AcDbEntity
  8
CUT
100
AcDbPolyline
 90
8
 70
1
 10
80.5069223530034
 20
-1117.6583320218613
 42
2.414213562373095
 10
76.84572937497023
 20
-1114.9983196200856
 10
42.67171279037848
 20
-1120.4109521104776
 42
2.414213562373095
 10
40.01170038860272
 20
-1124.0721450885108
 10
41.98277464810968
 20
-1136.5170181800095
 42
2.414213562373095
 10
45.64396762614285
 20
-1139.1770305817852
 10
79.81798421073461
 20
-1133.764398091393
 42
2.414213562373095
 10
82.47799661251037
 20
-1130.10320511336
  0
LWPOLYLINE
  5
12E
330
17
100
AcDbEntity
  8
CUT
100
AcDbPolyline
 90
8
 70
1
 10
108.98273511239239
 20
-1231.5691740710324
 42
2.414213562373095
 10
104.67874463582314
 20
-1230.1707227927961
 10
73.84991889890557
 20
-1245.8787940837844
 42
2.414213562373095
 10
72.45146762066935
 20
-1250.1827845603539
 10
78.17174791738768
 20
-1261.4094667651273
 42
2.414213562373095
 10
82.47573839395693
 20
-1262.8079180433635
 10
113.3045641308745
 20
-1247.0998467523752
 42
2.414213562373095
 10
114.70301540911072
 20
-1242.7958562758058
  0
LWPOLYLINE
  5
12F
330
17
100
AcDbEntity
  8
CUT
100
AcDbPolyline
 90
8
 70
1
 10
182.88818817492466
 20
-1322.2022663821247
 42
2.414213562373095
 10
178.36270477533077
 20
-1322.2022663821247
 10
153.8968101462762
 20
-1346.668161011179
 42
2.414213562373095
 10
153.8968101462762
 20
-1351.1936444107732
 10
162.8063555892267
 20
-1360.1031898537235
 42
2.414213562373095
 10
167.3318389888206
 20
-1360.1031898537235
 10
191.79773361787517
 20
-1335.637295224669
 42
2.414213562373095
 10
191.79773361787517
 20
-1331.1118118250752
  0
LWPOLYLINE
  5
130
330
17
100
AcDbEntity
  8
CUT
100
AcDbPolyline
 90
8
 70
1
 10
285.0431758123533
 20
-1372.136354828645
 42
2.414213562373095
 10
280.739185335784
 20
-1373.5348061068812
 10
265.0311140447957
 20
-1404.3636318437987
 42
2.414213562373095
 10
266.42956532303185
 20
-1408.6676223203679
 10
277.65624752780536
 20
-1414.3879026170862
 42
2.414213562373095
 10
281.9602380043747
 20
-1412.98945133885
 10
297.668309295363
 20
-1382.1606256019325
 42
2.414213562373095
 10
296.2698580171268
 20
-1377.8566351253633
  0
LWPOLYLINE
  5
131
330
17
100
AcDbEntity
  8
CUT
100
AcDbPolyline
 90
8
 70
1
 10
390.66361664821915
 20
-1388.797972240782
 42
2.414213562373095
 10
387.002423670186
 20
-1391.4579846425577
 10
381.58979117979396
 20
-1425.6320012271494
 42
2.414213562373095
 10
384.24980358156967
 20
-1429.2931942051825
 10
396.69467667306844
 20
-1431.2642684646896
 42
2.414213562373095
 10
400.35586965110156
 20
-1428.604256062914
 10
405.76850214149357
 20
-1394.4302394783222
 42
2.414213562373095
 10
403.10848973971787
 20
-1390.7690465002888
  0
LWPOLYLINE
  5
132
330
17
100
AcDbEntity
  8
CUT
100
AcDbPolyline
 90
8
 70
1
 10
493.29151026028194
 20
-1390.7690465002888
 42
2.414213562373095
 10
490.63149785850624
 20
-1394.430239478322
 10
496.04413034889825
 20
-1428.6042560629137
 42
2.414213562373095
 10
499.7053233269314
 20
-1431.2642684646894
 10
512.1501964184301
 20
-1429.2931942051825
 42
2.414213562373095
 10
514.8102088202058
 20
-1425.6320012271494
 10
509.3975763298139
 20
-1391.4579846425577
 42
2.414213562373095
 10
505.7363833517807
 20
-1388.7979722407817
  0
LWPOLYLINE
  5
133
330
17
100
AcDbEntity
  8
CUT
100
AcDbPolyline
 90
8
 70
1
 10
600.130141982873
 20
-1377.8566351253633
 42
2.414213562373095
 10
598.7316907046369
 20
-1382.1606256019325
 10
614.4397619956252
 20
-1412.98945133885
 42
2.414213562373095
 10
618.7437524721945
 20
-1414.3879026170862
 10
629.9704346769679
 20
-1408.6676223203679
 42
2.414213562373095
 10
631.3688859552042
 20
-1404.3636318437987
 10
615.6608146642159
 20
-1373.5348061068812
 42
2.414213562373095
 10
611.3568241876466
 20
-1372.136354828645
  0
LWPOLYLINE
  5
134
330
17
100
AcDbEntity
  8
CUT
100
AcDbPolyline
 90
8
 70
1
 10
704.6022663821248
 20
-1331.1118118250752
 42
2.414213562373095
 10
704.6022663821248
 20
-1335.6372952246693
 10
729.0681610111792
 20
-1360.1031898537237
 42
2.414213562373095
 10
733.5936444107731
 20
-1360.1031898537237
 10
742.5031898537236
 20
-1351.1936444107732
 42
2.414213562373095
 10
742.5031898537236
 20
-1346.6681610111793
 10
718.0372952246692
 20
-1322.202266382125
 42
2.414213562373095
 10
713.5118118250753
 20
-1322.202266382125
  0
LWPOLYLINE
  5
135
330
17
100
AcDbEntity
  8
CUT
100
AcDbPolyline
 90
8
 70
1
 10
781.6969845908892
 20
-1242.7958562758058
 42
2.414213562373095
 10
783.0954358691254
 20
-1247.0998467523752
 10
813.924261606043
 20
-1262.8079180433635
 42
2.414213562373095
 10
818.2282520826122
 20
-1261.4094667651275
 10
823.9485323793306
 20
-1250.1827845603539
 42
2.414213562373095
 10
822.5500811010943
 20
-1245.8787940837847
 10
791.7212553641768
 20
-1230.1707227927964
 42
2.414213562373095
 10
787.4172648876075
 20
-1231.5691740710324
  0
LWPOLYLINE
  5
136
330
17
100
AcDbEntity
  8
CUT
100
AcDbPolyline
 90
8
 70
1
 10
813.9220033874897
 20
-1130.1032051133602
 42
2.414213562373095
 10
816.5820157892654
 20
-1133.7643980913933
 10
850.7560323738571
 20
-1139.1770305817854
 42
2.414213562373095
 10
854.4172253518902
 20
-1136.5170181800097
 10
856.3882996113973
 20
-1124.072145088511
 42
2.414213562373095
 10
853.7282872096215
 20
-1120.4109521104779
 10
819.5542706250297
 20
-1114.9983196200858
 42
2.414213562373095
 10
815.8930776469965
 20
-1117.6583320218615
  0
TEXT
  5
137
330
17
100
AcDbEntity
  8
ENGRAVE-LABEL
100
AcDbText
 10
817.828083059161
 20
-946.4843885384647
 30
0.0
 40
9.0
  1
01 BASE-RING 1/2
 50
60.0
 72
1
 11
817.828083059161
 21
-946.4843885384647
 31
0.0
100
AcDbText
 73
2
  0
LWPOLYLINE
  5
138
330
17
100
AcDbEntity
  8
CUT
100
AcDbPolyline
 90
180
 70
1
 10
1679.4
 20
-661.8
 10
1679.325881624511
 20
-646.7447524658639
 10
1679.0081450678697
 20
-631.6749598561064
 10
1678.3606591671853
 20
-616.5882928768536
 10
1677.3212232664223
 20
-601.4909450936257
 10
1675.83805902247
 20
-586.3958722165395
 10
1673.8659956479942
 20
-571.3218995452157
 10
1671.3650261250698
 20
-556.293109163154
 10
1668.2998226876907
 20
-541.3383142862112
 10
1664.6397245827143
 20
-526.4905311892692
 10
1660.358975544565
 20
-511.7864011161266
 10
1655.437085180615
 20
-497.2655374543658
 10
1649.8592297732878
 20
-482.96978918599973
 10
1643.616628455969
 20
-468.94242424118465
 10
1636.7068432664594
 20
-455.2272471701956
 10
1629.1339617264643
 20
-441.86767465375533
 10
1620.9086307567686
 20
-428.9057994480049
 10
1612.0479217983063
 20
-416.3814779116251
 10
1602.5750189574555
 20
-404.3314778647025
 10
1592.518734261711
 20
-392.7887219843392
 10
1581.9128658214402
 20
-381.78165737011636
 10
1570.7954248736467
 20
-371.3337747717885
 10
1559.2077654649818
 20
-361.463292012636
 10
1547.1936553008584
 20
-352.1830063049126
 10
1534.7983277854455
 20
-343.50031043236504
 10
1522.0675536221254
 20
-335.4173590758446
 10
1509.0467659905214
 20
-327.931364585806
 10
1495.7802669613209
 20
-321.0349966890112
 10
1482.3105352712028
 20
-314.71685808928964
 10
1468.6776476724413
 20
-308.96200754804477
 10
1454.9188185065852
 20
-303.7525034659848
 10
1441.0680554688984
 20
-299.06794375975824
 10
1427.1559240685476
 20
-294.8859814088837
 10
1413.209409189249
 20
-291.1827989207386
 10
1399.2518593853738
 20
-287.9335286511746
 10
1385.302997945531
 20
-285.1126090051205
 10
1371.3789840611887
 20
-282.69406862890673
 10
1357.4925073274442
 20
-280.6517313426825
 10
1343.6528988921762
 20
-278.9593330725347
 10
1329.8662423817184
 20
-277.5905371630022
 10
1316.1354665860094
 20
-276.51882344351816
 10
1302.4603986019679
 20
-275.7172026630583
 10
1288.8377481818743
 20
-275.1576531987257
 10
1275.2609747568072
 20
-274.81003142159307
 10
1261.7199353537085
 20
-274.63970684255673
 10
1248.2
 20
-274.5999999999999
 10
1234.6800646462914
 20
-274.63970684255673
 10
1221.1390252431927
 20
-274.81003142159307
 10
1207.5622518181256
 20
-275.1576531987257
 10
1193.939601398032
 20
-275.7172026630583
 10
1180.2645334139906
 20
-276.51882344351816
 10
1166.5337576182815
 20
-277.5905371630022
 10
1152.7471011078237
 20
-278.9593330725347
 10
1138.9074926725557
 20
-280.6517313426825
 10
1125.0210159388114
 20
-282.69406862890673
 10
1111.0970020544692
 20
-285.1126090051205
 10
1097.1481406146263
 20
-287.9335286511746
 10
1083.190590810751
 20
-291.1827989207386
 10
1069.2440759314522
 20
-294.8859814088837
 10
1055.3319445311015
 20
-299.06794375975824
 10
1041.4811814934149
 20
-303.7525034659848
 10
1027.7223523275586
 20
-308.96200754804477
 10
1014.0894647287973
 20
-314.71685808928964
 10
1000.6197330386791
 20
-321.0349966890112
 10
987.3532340094786
 20
-327.931364585806
 10
974.3324463778747
 20
-335.4173590758446
 10
961.6016722145546
 20
-343.50031043236504
 10
949.2063446991415
 20
-352.1830063049126
 10
937.1922345350181
 20
-361.463292012636
 10
925.6045751263533
 20
-371.3337747717883
 10
914.4871341785599
 20
-381.78165737011636
 10
903.8812657382891
 20
-392.7887219843392
 10
893.8249810425444
 20
-404.3314778647025
 10
884.3520782016936
 20
-416.3814779116251
 10
875.4913692432312
 20
-428.9057994480049
 10
867.2660382735356
 20
-441.86767465375533
 10
859.6931567335406
 20
-455.2272471701957
 10
852.7833715440308
 20
-468.94242424118465
 10
846.5407702267122
 20
-482.9697891859996
 10
840.9629148193851
 20
-497.2655374543657
 10
836.0410244554348
 20
-511.7864011161265
 10
831.7602754172856
 20
-526.4905311892692
 10
828.1001773123091
 20
-541.3383142862112
 10
825.0349738749302
 20
-556.293109163154
 10
822.5340043520057
 20
-571.3218995452157
 10
820.5619409775301
 20
-586.3958722165395
 10
819.0787767335777
 20
-601.4909450936257
 10
818.0393408328148
 20
-616.5882928768535
 10
817.3918549321304
 20
-631.6749598561064
 10
817.0741183754889
 20
-646.7447524658638
 10
817.0
 20
-661.8
 10
817.0741183754889
 20
-676.855247534136
 10
817.3918549321304
 20
-691.9250401438934
 10
818.0393408328147
 20
-707.0117071231463
 10
819.0787767335777
 20
-722.1090549063742
 10
820.5619409775302
 20
-737.2041277834605
 10
822.5340043520057
 20
-752.2781004547843
 10
825.0349738749301
 20
-767.3068908368459
 10
828.1001773123091
 20
-782.2616857137886
 10
831.7602754172857
 20
-797.1094688107306
 10
836.0410244554348
 20
-811.8135988838733
 10
840.962914819385
 20
-826.3344625456341
 10
846.5407702267121
 20
-840.6302108140002
 10
852.7833715440308
 20
-854.6575757588153
 10
859.6931567335406
 20
-868.3727528298043
 10
867.2660382735357
 20
-881.7323253462448
 10
875.4913692432312
 20
-894.6942005519948
 10
884.3520782016935
 20
-907.2185220883747
 10
893.8249810425443
 20
-919.2685221352974
 10
903.8812657382891
 20
-930.8112780156607
 10
914.4871341785599
 20
-941.8183426298835
 10
925.6045751263532
 20
-952.2662252282114
 10
937.1922345350183
 20
-962.136707987364
 10
949.2063446991416
 20
-971.4169936950873
 10
961.6016722145546
 20
-980.0996895676349
 10
974.3324463778747
 20
-988.1826409241552
 10
987.3532340094787
 20
-995.6686354141941
 10
1000.619733038679
 20
-1002.5650033109887
 10
1014.0894647287973
 20
-1008.8831419107104
 10
1027.7223523275586
 20
-1014.6379924519551
 10
1041.4811814934146
 20
-1019.8474965340151
 10
1055.3319445311015
 20
-1024.5320562402417
 10
1069.2440759314522
 20
-1028.7140185911162
 10
1083.190590810751
 20
-1032.4172010792613
 10
1097.1481406146263
 20
-1035.6664713488253
 10
1111.0970020544692
 20
-1038.4873909948794
 10
1125.0210159388112
 20
-1040.9059313710932
 10
1138.907492672556
 20
-1042.9482686573174
 10
1152.7471011078237
 20
-1044.6406669274652
 10
1166.5337576182815
 20
-1046.0094628369977
 10
1180.2645334139906
 20
-1047.0811765564818
 10
1193.9396013980318
 20
-1047.8827973369416
 10
1207.5622518181256
 20
-1048.4423468012742
 10
1221.1390252431925
 20
-1048.7899685784068
 10
1234.6800646462916
 20
-1048.9602931574432
 10
1248.1999999999998
 20
-1049.0
 10
1261.7199353537087
 20
-1048.9602931574432
 10
1275.2609747568072
 20
-1048.7899685784068
 10
1288.8377481818743
 20
-1048.4423468012742
 10
1302.4603986019679
 20
-1047.8827973369416
 10
1316.1354665860094
 20
-1047.0811765564818
 10
1329.8662423817184
 20
-1046.0094628369977
 10
1343.6528988921762
 20
-1044.6406669274652
 10
1357.4925073274444
 20
-1042.9482686573174
 10
1371.3789840611885
 20
-1040.9059313710932
 10
1385.302997945531
 20
-1038.4873909948794
 10
1399.2518593853738
 20
-1035.6664713488253
 10
1413.2094091892486
 20
-1032.4172010792613
 10
1427.1559240685476
 20
-1028.7140185911162
 10
1441.0680554688984
 20
-1024.5320562402417
 10
1454.9188185065852
 20
-1019.847496534015
 10
1468.6776476724413
 20
-1014.6379924519551
 10
1482.3105352712028
 20
-1008.8831419107103
 10
1495.7802669613209
 20
-1002.5650033109887
 10
1509.0467659905214
 20
-995.6686354141939
 10
1522.0675536221252
 20
-988.1826409241553
 10
1534.798327785445
 20
-980.0996895676349
 10
1547.1936553008584
 20
-971.4169936950873
 10
1559.2077654649815
 20
-962.1367079873642
 10
1570.7954248736467
 20
-952.2662252282114
 10
1581.91286582144
 20
-941.8183426298835
 10
1592.518734261711
 20
-930.8112780156607
 10
1602.5750189574555
 20
-919.2685221352974
 10
1612.0479217983066
 20
-907.2185220883747
 10
1620.9086307567686
 20
-894.6942005519949
 10
1629.1339617264641
 20
-881.7323253462449
 10
1636.7068432664594
 20
-868.3727528298043
 10
1643.616628455969
 20
-854.6575757588155
 10
1649.859229773288
 20
-840.6302108140001
 10
1655.437085180615
 20
-826.3344625456342
 10
1660.358975544565
 20
-811.8135988838733
 10
1664.6397245827143
 20
-797.1094688107307
 10
1668.2998226876907
 20
-782.2616857137886
 10
1671.3650261250698
 20
-767.306890836846
 10
1673.8659956479942
 20
-752.2781004547844
 10
1675.83805902247
 20
-737.2041277834604
 10
1677.3212232664223
 20
-722.1090549063745
 10
1678.3606591671853
 20
-707.0117071231463
 10
1679.0081450678697
 20
-691.9250401438935
 10
1679.325881624511
 20
-676.855247534136
  0
LWPOLYLINE
  5
139
330
17
100
AcDbEntity
  8
CUT
100
AcDbPolyline
 90
180
 70
1
 10
1569.3928906524106
 20
-673.0163028968609
 10
1569.276099539289
 20
-684.2518280320398
 10
1568.9632506766752
 20
-695.5135761637043
 10
1568.3917357048495
 20
-706.8000138007671
 10
1567.509206191127
 20
-718.1028282400981
 10
1566.2697595672755
 20
-729.4078144648308
 10
1564.6324962347103
 20
-740.6954823208825
 10
1562.5610361344757
 20
-751.9415765739186
 10
1560.0235077902473
 20
-763.1175994294865
 10
1556.9927872581152
 20
-774.1913831180498
 10
1553.4468611782684
 20
-785.1277372698839
 10
1549.3692294326017
 20
-795.8891800756621
 10
1544.7492833630608
 20
-806.4367496120169
 10
1539.5826080519773
 20
-816.7308809233564
 10
1533.871167310176
 20
-826.7323253462448
 10
1527.6233401795616
 20
-836.4030814863423
 10
1520.8537888172518
 20
-845.7073027065926
 10
1513.5831495762113
 20
-854.6121443831254
 10
1505.8375513649714
 20
-863.0885157298383
 10
1497.6479770783526
 20
-871.1117055643642
 10
1489.0494940711333
 20
-878.661858528737
 10
1480.08038742773
 20
-885.7242872368745
 10
1470.7812345503687
 20
-892.2896156578356
 10
1461.1939610859708
 20
-898.3537587651215
 10
1451.3609165566058
 20
-903.9177521810676
 10
1441.324003704699
 20
-908.9874525174545
 10
1431.1238892091487
 20
-913.5731339297445
 10
1420.7993158894205
 20
-917.6890089296558
 10
1410.3865286067887
 20
-921.3527018747483
 10
1399.9188185065852
 20
-924.5847021177268
 10
1389.4261835624502
 20
-927.4078210257596
 10
1378.9350979217493
 20
-929.8466734982078
 10
1368.4683784509107
 20
-931.9272007385753
 10
1358.0451341096232
 20
-933.6762473464787
 10
1347.6807821797074
 20
-935.1212027084296
 10
1337.3871146799443
 20
-936.2897145786262
 10
1327.1723981875743
 20
-937.2094821041023
 10
1317.0414903762128
 20
-937.9081370371057
 10
1306.9959563917648
 20
-938.4132267562792
 10
1297.034167042647
 20
-938.7523237251389
 10
1287.1513574963608
 20
-938.9533097753689
 10
1277.3396172224325
 20
-939.0449383107641
 10
1267.5877626449535
 20
-939.0579230498263
 10
1257.8809907164336
 20
-939.0273021853426
 10
1248.1999999999998
 20
-939.0
 10
1238.5190092835667
 20
-939.0273021853426
 10
1228.8122373550464
 20
-939.0579230498263
 10
1219.0603827775676
 20
-939.0449383107641
 10
1209.248642503639
 20
-938.953309775369
 10
1199.3658329573527
 20
-938.7523237251389
 10
1189.404043608235
 20
-938.4132267562792
 10
1179.358509623787
 20
-937.9081370371055
 10
1169.2276018124257
 20
-937.2094821041023
 10
1159.0128853200556
 20
-936.2897145786262
 10
1148.7192178202927
 20
-935.1212027084296
 10
1138.3548658903765
 20
-933.6762473464787
 10
1127.931621549089
 20
-931.9272007385753
 10
1117.4649020782508
 20
-929.8466734982078
 10
1106.9738164375494
 20
-927.4078210257596
 10
1096.4811814934146
 20
-924.5847021177268
 10
1086.0134713932111
 20
-921.3527018747482
 10
1075.6006841105796
 20
-917.6890089296558
 10
1065.276110790851
 20
-913.5731339297445
 10
1055.0759962953011
 20
-908.9874525174546
 10
1045.039083443394
 20
-903.9177521810676
 10
1035.206038914029
 20
-898.3537587651215
 10
1025.6187654496312
 20
-892.2896156578356
 10
1016.3196125722699
 20
-885.7242872368744
 10
1007.3505059288666
 20
-878.6618585287371
 10
998.7520229216475
 20
-871.1117055643641
 10
990.5624486350284
 20
-863.0885157298383
 10
982.8168504237885
 20
-854.6121443831254
 10
975.5462111827482
 20
-845.7073027065926
 10
968.7766598204382
 20
-836.4030814863422
 10
962.528832689824
 20
-826.7323253462448
 10
956.8173919480225
 20
-816.7308809233564
 10
951.6507166369393
 20
-806.4367496120168
 10
947.0307705673982
 20
-795.8891800756621
 10
942.9531388217316
 20
-785.1277372698837
 10
939.4072127418847
 20
-774.1913831180498
 10
936.3764922097525
 20
-763.1175994294864
 10
933.8389638655243
 20
-751.9415765739187
 10
931.7675037652898
 20
-740.6954823208825
 10
930.1302404327243
 20
-729.4078144648307
 10
928.890793808873
 20
-718.1028282400981
 10
928.0082642951504
 20
-706.800013800767
 10
927.4367493233248
 20
-695.5135761637043
 10
927.123900460711
 20
-684.2518280320396
 10
927.0071093475894
 20
-673.0163028968609
 10
927.0
 20
-661.8
 10
927.0071093475894
 20
-650.583697103139
 10
927.123900460711
 20
-639.3481719679602
 10
927.4367493233249
 20
-628.0864238362955
 10
928.0082642951504
 20
-616.799986199233
 10
928.890793808873
 20
-605.4971717599019
 10
930.1302404327243
 20
-594.1921855351693
 10
931.7675037652898
 20
-582.9045176791174
 10
933.8389638655243
 20
-571.6584234260811
 10
936.3764922097525
 20
-560.4824005705134
 10
939.4072127418847
 20
-549.4086168819501
 10
942.9531388217317
 20
-538.4722627301161
 10
947.0307705673983
 20
-527.7108199243377
 10
951.6507166369391
 20
-517.1632503879832
 10
956.8173919480225
 20
-506.86911907664364
 10
962.528832689824
 20
-496.8676746537552
 10
968.7766598204382
 20
-487.1969185136576
 10
975.5462111827483
 20
-477.8926972934072
 10
982.8168504237887
 20
-468.9878556168745
 10
990.5624486350285
 20
-460.51148427016165
 10
998.7520229216475
 20
-452.4882944356357
 10
1007.3505059288667
 20
-444.9381414712627
 10
1016.3196125722698
 20
-437.87571276312565
 10
1025.6187654496312
 20
-431.3103843421643
 10
1035.206038914029
 20
-425.2462412348784
 10
1045.039083443394
 20
-419.6822478189324
 10
1055.075996295301
 20
-414.6125474825453
 10
1065.2761107908511
 20
-410.02686607025544
 10
1075.6006841105796
 20
-405.91099107034415
 10
1086.0134713932111
 20
-402.24729812525175
 10
1096.4811814934149
 20
-399.015297882273
 10
1106.9738164375494
 20
-396.1921789742403
 10
1117.4649020782508
 20
-393.7533265017921
 10
1127.931621549089
 20
-391.67279926142464
 10
1138.3548658903767
 20
-389.9237526535212
 10
1148.7192178202927
 20
-388.47879729157034
 10
1159.0128853200556
 20
-387.3102854213737
 10
1169.2276018124257
 20
-386.3905178958976
 10
1179.358509623787
 20
-385.69186296289445
 10
1189.404043608235
 20
-385.18677324372084
 10
1199.3658329573527
 20
-384.847676274861
 10
1209.248642503639
 20
-384.64669022463113
 10
1219.0603827775674
 20
-384.5550616892356
 10
1228.8122373550464
 20
-384.5420769501736
 10
1238.5190092835664
 20
-384.5726978146572
 10
1248.2
 20
-384.5999999999999
 10
1257.8809907164334
 20
-384.5726978146572
 10
1267.5877626449535
 20
-384.5420769501736
 10
1277.3396172224325
 20
-384.5550616892356
 10
1287.1513574963608
 20
-384.64669022463113
 10
1297.0341670426471
 20
-384.847676274861
 10
1306.995956391765
 20
-385.18677324372084
 10
1317.0414903762128
 20
-385.69186296289445
 10
1327.1723981875743
 20
-386.3905178958976
 10
1337.3871146799443
 20
-387.3102854213737
 10
1347.6807821797074
 20
-388.47879729157034
 10
1358.0451341096232
 20
-389.9237526535212
 10
1368.468378450911
 20
-391.67279926142464
 10
1378.9350979217493
 20
-393.7533265017921
 10
1389.4261835624504
 20
-396.1921789742403
 10
1399.9188185065852
 20
-399.015297882273
 10
1410.386528606789
 20
-402.24729812525175
 10
1420.7993158894205
 20
-405.91099107034415
 10
1431.1238892091487
 20
-410.02686607025544
 10
1441.324003704699
 20
-414.6125474825453
 10
1451.3609165566058
 20
-419.6822478189324
 10
1461.193961085971
 20
-425.2462412348784
 10
1470.7812345503687
 20
-431.3103843421643
 10
1480.08038742773
 20
-437.87571276312565
 10
1489.0494940711333
 20
-444.93814147126295
 10
1497.6479770783526
 20
-452.4882944356358
 10
1505.8375513649714
 20
-460.51148427016165
 10
1513.5831495762113
 20
-468.9878556168745
 10
1520.8537888172518
 20
-477.8926972934072
 10
1527.6233401795619
 20
-487.1969185136576
 10
1533.8711673101761
 20
-496.8676746537552
 10
1539.5826080519773
 20
-506.86911907664364
 10
1544.7492833630608
 20
-517.1632503879832
 10
1549.3692294326017
 20
-527.7108199243378
 10
1553.4468611782684
 20
-538.4722627301162
 10
1556.9927872581152
 20
-549.4086168819501
 10
1560.0235077902475
 20
-560.4824005705134
 10
1562.5610361344757
 20
-571.6584234260812
 10
1564.6324962347103
 20
-582.9045176791174
 10
1566.2697595672755
 20
-594.1921855351693
 10
1567.509206191127
 20
-605.4971717599019
 10
1568.3917357048495
 20
-616.7999861992329
 10
1568.9632506766752
 20
-628.0864238362956
 10
1569.276099539289
 20
-639.3481719679603
 10
1569.3928906524106
 20
-650.583697103139
 10
1569.4
 20
-661.8
  0
LWPOLYLINE
  5
13A
330
17
100
AcDbEntity
  8
CUT
100
AcDbPolyline
 90
8
 70
1
 10
1615.8930776469965
 20
-609.9416679781386
 42
2.414213562373095
 10
1619.5542706250299
 20
-612.6016803799143
 10
1653.7282872096216
 20
-607.1890478895223
 42
2.414213562373095
 10
1656.3882996113973
 20
-603.5278549114892
 10
1654.4172253518902
 20
-591.0829818199903
 42
2.414213562373095
 10
1650.7560323738571
 20
-588.4229694182147
 10
1616.5820157892654
 20
-593.8356019086066
 42
2.414213562373095
 10
1613.9220033874897
 20
-597.4967948866398
  0
LWPOLYLINE
  5
13B
330
17
100
AcDbEntity
  8
CUT
100
AcDbPolyline
 90
8
 70
1
 10
1587.4172648876076
 20
-496.0308259289675
 42
2.414213562373095
 10
1591.7212553641768
 20
-497.42927720720377
 10
1622.5500811010943
 20
-481.72120591621547
 42
2.414213562373095
 10
1623.9485323793306
 20
-477.41721543964604
 10
1618.2282520826122
 20
-466.19053323487265
 42
2.414213562373095
 10
1613.924261606043
 20
-464.79208195663637
 10
1583.0954358691256
 20
-480.50015324762467
 42
2.414213562373095
 10
1581.6969845908893
 20
-484.8041437241941
  0
LWPOLYLINE
  5
13C
330
17
100
AcDbEntity
  8
CUT
100
AcDbPolyline
 90
8
 70
1
 10
1513.5118118250753
 20
-405.39773361787525
 42
2.414213562373095
 10
1518.0372952246692
 20
-405.39773361787525
 10
1542.5031898537238
 20
-380.9318389888206
 42
2.414213562373095
 10
1542.5031898537238
 20
-376.4063555892267
 10
1533.5936444107733
 20
-367.4968101462762
 42
2.414213562373095
 10
1529.0681610111794
 20
-367.4968101462762
 10
1504.6022663821248
 20
-391.96270477533085
 42
2.414213562373095
 10
1504.6022663821248
 20
-396.48818817492474
  0
LWPOLYLINE
  5
13D
330
17
100
AcDbEntity
  8
CUT
100
AcDbPolyline
 90
8
 70
1
 10
1411.3568241876465
 20
-355.463645171355
 42
2.414213562373095
 10
1415.6608146642159
 20
-354.0651938931187
 10
1431.3688859552042
 20
-323.23636815620125
 42
2.414213562373095
 10
1429.9704346769681
 20
-318.93237767963205
 10
1418.7437524721945
 20
-313.2120973829137
 42
2.414213562373095
 10
1414.4397619956253
 20
-314.61054866115
 10
1398.731690704637
 20
-345.43937439806746
 42
2.414213562373095
 10
1400.1301419828733
 20
-349.74336487463665
  0
LWPOLYLINE
  5
13E
330
17
100
AcDbEntity
  8
CUT
100
AcDbPolyline
 90
8
 70
1
 10
1305.7363833517807
 20
-338.80202775921816
 42
2.414213562373095
 10
1309.397576329814
 20
-336.14201535744223
 10
1314.8102088202058
 20
-301.9679987728505
 42
2.414213562373095
 10
1312.1501964184304
 20
-298.30680579481736
 10
1299.7053233269316
 20
-296.3357315353105
 42
2.414213562373095
 10
1296.0441303488983
 20
-298.9957439370862
 10
1290.6314978585065
 20
-333.169760521678
 42
2.414213562373095
 10
1293.291510260282
 20
-336.8309534997111
  0
LWPOLYLINE
  5
13F
330
17
100
AcDbEntity
  8
CUT
100
AcDbPolyline
 90
8
 70
1
 10
1203.108489739718
 20
-336.8309534997111
 42
2.414213562373095
 10
1205.7685021414936
 20
-333.169760521678
 10
1200.3558696511018
 20
-298.9957439370862
 42
2.414213562373095
 10
1196.6946766730684
 20
-296.3357315353105
 10
1184.2498035815697
 20
-298.30680579481736
 42
2.414213562373095
 10
1181.589791179794
 20
-301.9679987728505
 10
1187.002423670186
 20
-336.14201535744223
 42
2.414213562373095
 10
1190.6636166482192
 20
-338.80202775921816
  0
LWPOLYLINE
  5
140
330
17
100
AcDbEntity
  8
CUT
100
AcDbPolyline
 90
8
 70
1
 10
1096.2698580171268
 20
-349.74336487463665
 42
2.414213562373095
 10
1097.668309295363
 20
-345.43937439806746
 10
1081.9602380043748
 20
-314.61054866115
 42
2.414213562373095
 10
1077.6562475278056
 20
-313.2120973829137
 10
1066.429565323032
 20
-318.93237767963205
 42
2.414213562373095
 10
1065.0311140447957
 20
-323.23636815620125
 10
1080.739185335784
 20
-354.0651938931187
 42
2.414213562373095
 10
1085.0431758123534
 20
-355.463645171355
  0
LWPOLYLINE
  5
141
330
17
100
AcDbEntity
  8
CUT
100
AcDbPolyline
 90
8
 70
1
 10
991.7977336178752
 20
-396.48818817492474
 42
2.414213562373095
 10
991.7977336178752
 20
-391.9627047753306
 10
967.3318389888207
 20
-367.4968101462762
 42
2.414213562373095
 10
962.8063555892268
 20
-367.4968101462762
 10
953.8968101462763
 20
-376.4063555892267
 42
2.414213562373095
 10
953.8968101462763
 20
-380.9318389888206
 10
978.3627047753308
 20
-405.397733617875
 42
2.414213562373095
 10
982.8881881749247
 20
-405.397733617875
  0
LWPOLYLINE
  5
142
330
17
100
AcDbEntity
  8
CUT
100
AcDbPolyline
 90
8
 70
1
 10
914.7030154091108
 20
-484.8041437241941
 42
2.414213562373095
 10
913.3045641308745
 20
-480.50015324762467
 10
882.475738393957
 20
-464.79208195663637
 42
2.414213562373095
 10
878.1717479173877
 20
-466.19053323487265
 10
872.4514676206694
 20
-477.41721543964604
 42
2.414213562373095
 10
873.8499188989056
 20
-481.72120591621535
 10
904.6787446358233
 20
-497.42927720720365
 42
2.414213562373095
 10
908.9827351123924
 20
-496.0308259289675
  0
LWPOLYLINE
  5
143
330
17
100
AcDbEntity
  8
CUT
100
AcDbPolyline
 90
8
 70
1
 10
882.4779966125103
 20
-597.4967948866397
 42
2.414213562373095
 10
879.8179842107345
 20
-593.8356019086066
 10
845.6439676261427
 20
-588.4229694182146
 42
2.414213562373095
 10
841.9827746481096
 20
-591.0829818199903
 10
840.0117003886027
 20
-603.527854911489
 42
2.414213562373095
 10
842.6717127903785
 20
-607.1890478895223
 10
876.8457293749702
 20
-612.6016803799142
 42
2.414213562373095
 10
880.5069223530033
 20
-609.9416679781385
  0
LWPOLYLINE
  5
144
330
17
100
AcDbEntity
  8
CUT
100
AcDbPolyline
 90
8
 70
1
 10
880.5069223530033
 20
-713.6583320218613
 42
2.414213562373095
 10
876.8457293749702
 20
-710.9983196200856
 10
842.6717127903785
 20
-716.4109521104776
 42
2.414213562373095
 10
840.0117003886028
 20
-720.0721450885108
 10
841.9827746481096
 20
-732.5170181800095
 42
2.414213562373095
 10
845.6439676261429
 20
-735.1770305817852
 10
879.8179842107346
 20
-729.7643980913932
 42
2.414213562373095
 10
882.4779966125104
 20
-726.10320511336
  0
LWPOLYLINE
  5
145
330
17
100
AcDbEntity
  8
CUT
100
AcDbPolyline
 90
8
 70
1
 10
908.9827351123924
 20
-827.5691740710324
 42
2.414213562373095
 10
904.6787446358231
 20
-826.1707227927961
 10
873.8499188989056
 20
-841.8787940837844
 42
2.414213562373095
 10
872.4514676206693
 20
-846.1827845603538
 10
878.1717479173876
 20
-857.4094667651273
 42
2.414213562373095
 10
882.4757383939569
 20
-858.8079180433634
 10
913.3045641308745
 20
-843.0998467523751
 42
2.414213562373095
 10
914.7030154091108
 20
-838.7958562758058
  0
LWPOLYLINE
  5
146
330
17
100
AcDbEntity
  8
CUT
100
AcDbPolyline
 90
8
 70
1
 10
982.8881881749246
 20
-918.2022663821247
 42
2.414213562373095
 10
978.3627047753307
 20
-918.2022663821247
 10
953.8968101462763
 20
-942.6681610111792
 42
2.414213562373095
 10
953.8968101462763
 20
-947.1936444107731
 10
962.8063555892268
 20
-956.1031898537236
 42
2.414213562373095
 10
967.3318389888207
 20
-956.1031898537236
 10
991.7977336178751
 20
-931.6372952246691
 42
2.414213562373095
 10
991.7977336178751
 20
-927.1118118250752
  0
LWPOLYLINE
  5
147
330
17
100
AcDbEntity
  8
CUT
100
AcDbPolyline
 90
8
 70
1
 10
1085.0431758123532
 20
-968.1363548286449
 42
2.414213562373095
 10
1080.739185335784
 20
-969.5348061068811
 10
1065.0311140447957
 20
-1000.3636318437987
 42
2.414213562373095
 10
1066.429565323032
 20
-1004.6676223203679
 10
1077.6562475278054
 20
-1010.3879026170862
 42
2.414213562373095
 10
1081.9602380043748
 20
-1008.98945133885
 10
1097.668309295363
 20
-978.1606256019325
 42
2.414213562373095
 10
1096.2698580171268
 20
-973.8566351253633
  0
LWPOLYLINE
  5
148
330
17
100
AcDbEntity
  8
CUT
100
AcDbPolyline
 90
8
 70
1
 10
1190.6636166482192
 20
-984.797972240782
 42
2.414213562373095
 10
1187.002423670186
 20
-987.4579846425577
 10
1181.589791179794
 20
-1021.6320012271494
 42
2.414213562373095
 10
1184.2498035815697
 20
-1025.2931942051825
 10
1196.6946766730684
 20
-1027.2642684646896
 42
2.414213562373095
 10
1200.3558696511016
 20
-1024.604256062914
 10
1205.7685021414936
 20
-990.430239478322
 42
2.414213562373095
 10
1203.108489739718
 20
-986.7690465002888
  0
LWPOLYLINE
  5
149
330
17
100
AcDbEntity
  8
CUT
100
AcDbPolyline
 90
8
 70
1
 10
1293.291510260282
 20
-986.7690465002888
 42
2.414213562373095
 10
1290.6314978585062
 20
-990.4302394783219
 10
1296.0441303488983
 20
-1024.6042560629137
 42
2.414213562373095
 10
1299.7053233269314
 20
-1027.2642684646894
 10
1312.1501964184301
 20
-1025.2931942051825
 42
2.414213562373095
 10
1314.8102088202058
 20
-1021.6320012271494
 10
1309.397576329814
 20
-987.4579846425577
 42
2.414213562373095
 10
1305.7363833517807
 20
-984.7979722407819
  0
LWPOLYLINE
  5
14A
330
17
100
AcDbEntity
  8
CUT
100
AcDbPolyline
 90
8
 70
1
 10
1400.130141982873
 20
-973.8566351253633
 42
2.414213562373095
 10
1398.731690704637
 20
-978.1606256019325
 10
1414.4397619956253
 20
-1008.98945133885
 42
2.414213562373095
 10
1418.7437524721945
 20
-1010.3879026170862
 10
1429.970434676968
 20
-1004.6676223203679
 42
2.414213562373095
 10
1431.3688859552042
 20
-1000.3636318437987
 10
1415.6608146642159
 20
-969.5348061068811
 42
2.414213562373095
 10
1411.3568241876465
 20
-968.1363548286449
  0
LWPOLYLINE
  5
14B
330
17
100
AcDbEntity
  8
CUT
100
AcDbPolyline
 90
8
 70
1
 10
1504.6022663821248
 20
-927.1118118250753
 42
2.414213562373095
 10
1504.6022663821248
 20
-931.6372952246692
 10
1529.0681610111792
 20
-956.1031898537237
 42
2.414213562373095
 10
1533.593644410773
 20
-956.1031898537237
 10
1542.5031898537236
 20
-947.1936444107732
 42
2.414213562373095
 10
1542.5031898537236
 20
-942.6681610111793
 10
1518.0372952246692
 20
-918.2022663821248
 42
2.414213562373095
 10
1513.5118118250753
 20
-918.2022663821248
  0
LWPOLYLINE
  5
14C
330
17
100
AcDbEntity
  8
CUT
100
AcDbPolyline
 90
8
 70
1
 10
1581.6969845908893
 20
-838.7958562758059
 42
2.414213562373095
 10
1583.0954358691254
 20
-843.0998467523752
 10
1613.924261606043
 20
-858.8079180433635
 42
2.414213562373095
 10
1618.2282520826122
 20
-857.4094667651274
 10
1623.9485323793306
 20
-846.1827845603539
 42
2.414213562373095
 10
1622.5500811010943
 20
-841.8787940837846
 10
1591.7212553641768
 20
-826.1707227927963
 42
2.414213562373095
 10
1587.4172648876074
 20
-827.5691740710324
  0
LWPOLYLINE
  5
14D
330
17
100
AcDbEntity
  8
CUT
100
AcDbPolyline
 90
8
 70
1
 10
1613.9220033874897
 20
-726.1032051133602
 42
2.414213562373095
 10
1616.5820157892654
 20
-729.7643980913933
 10
1650.7560323738571
 20
-735.1770305817854
 42
2.414213562373095
 10
1654.4172253518902
 20
-732.5170181800097
 10
1656.3882996113973
 20
-720.072145088511
 42
2.414213562373095
 10
1653.7282872096216
 20
-716.4109521104778
 10
1619.5542706250299
 20
-710.9983196200858
 42
2.414213562373095
 10
1615.8930776469965
 20
-713.6583320218615
  0
TEXT
  5
14E
330
17
100
AcDbEntity
  8
ENGRAVE-LABEL
100
AcDbText
 10
1617.8280830591614
 20
-542.4843885384647
 30
0.0
 40
9.0
  1
01 BASE-RING 2/2
 50
60.0
 72
1
 11
1617.8280830591614
 21
-542.4843885384647
 31
0.0
100
AcDbText
 73
2
  0
LWPOLYLINE
  5
14F
330
17
100
AcDbEntity
  8
CUT
100
AcDbPolyline
 90
17
 70
1
 10
17.0
 20
-707.0
 10
121.8
 20
-707.0
 42
-2.414213562373095
 10
125.0
 20
-710.2
 10
125.0
 20
-725.0
 10
165.0
 20
-725.0
 10
165.0
 20
-710.2
 42
-2.414213562373095
 10
168.2
 20
-707.0
 10
187.0
 20
-707.0
 10
187.0
 20
-577.0
 10
180.2
 20
-577.0
 42
-2.414213562373095
 10
177.0
 20
-573.8
 10
177.0
 20
-477.0
 10
147.0
 20
-447.0
 10
27.0
 20
-447.0
 10
27.0
 20
-573.8
 42
-2.414213562373095
 10
23.8
 20
-577.0
 10
17.0
 20
-577.0
  0
TEXT
  5
150
330
17
100
AcDbEntity
  8
ENGRAVE-LABEL
100
AcDbText
 10
102.52734375
 20
-622.38671875
 30
0.0
 40
14.0
  1
14 BACK-RIB-G 3/4
 50
45.0
 72
1
 11
102.52734375
 21
-622.38671875
 31
0.0
100
AcDbText
 73
2
  0
LWPOLYLINE
  5
151
330
17
100
AcDbEntity
  8
CUT
100
AcDbPolyline
 90
17
 70
1
 10
293.0
 20
-441.0
 10
293.0
 20
-336.20000000000005
 42
-2.414213562373095
 10
296.2
 20
-333.0
 10
311.0
 20
-333.0
 10
311.0
 20
-293.0
 10
296.2
 20
-293.0
 42
-2.414213562373095
 10
293.0
 20
-289.79999999999995
 10
293.0
 20
-271.0
 10
163.0
 20
-271.0
 10
163.0
 20
-277.79999999999995
 42
-2.414213562373095
 10
159.8
 20
-281.0
 10
63.0
 20
-281.0
 10
33.0
 20
-311.0
 10
33.0
 20
-431.0
 10
159.8
 20
-431.0
 42
-2.414213562373095
 10
163.0
 20
-434.20000000000005
 10
163.0
 20
-441.0
  0
TEXT
  5
152
330
17
100
AcDbEntity
  8
ENGRAVE-LABEL
100
AcDbText
 10
208.38671875
 20
-356.52734375
 30
0.0
 40
14.0
  1
14 BACK-RIB-G 4/4
 50
30.0
 72
1
 11
208.38671875
 21
-356.52734375
 31
0.0
100
AcDbText
 73
2
  0
LWPOLYLINE
  5
153
330
17
100
AcDbEntity
  8
CUT
100
AcDbPolyline
 90
17
 70
1
 10
163.00000000000003
 20
-987.0
 10
163.0
 20
-1091.8
 42
-2.414213562373095
 10
159.8
 20
-1095.0
 10
145.0
 20
-1095.0
 10
145.0
 20
-1135.0
 10
159.8
 20
-1135.0
 42
-2.414213562373095
 10
163.0
 20
-1138.1999999999998
 10
163.0
 20
-1157.0
 10
293.0
 20
-1157.0
 10
293.0
 20
-1150.2
 42
-2.414213562373095
 10
296.2
 20
-1147.0
 10
393.0
 20
-1147.0
 10
423.0
 20
-1117.0
 10
423.0
 20
-997.0
 10
296.20000000000005
 20
-997.0
 42
-2.414213562373095
 10
293.0
 20
-993.8
 10
293.0
 20
-987.0
  0
TEXT
  5
154
330
17
100
AcDbEntity
  8
ENGRAVE-LABEL
100
AcDbText
 10
247.61328125
 20
-1072.52734375
 30
0.0
 40
14.0
  1
15 BACK-RIB-H 1/4
 50
30.0
 72
1
 11
247.61328125
 21
-1072.52734375
 31
0.0
100
AcDbText
 73
2
  0
LWPOLYLINE
  5
155
330
17
100
AcDbEntity
  8
CUT
100
AcDbPolyline
 90
17
 70
1
 10
219.00000000000003
 20
-499.0
 10
219.0
 20
-603.8
 42
-2.414213562373095
 10
215.8
 20
-607.0
 10
201.0
 20
-607.0
 10
201.0
 20
-647.0
 10
215.8
 20
-647.0
 42
-2.414213562373095
 10
219.0
 20
-650.1999999999999
 10
219.0
 20
-669.0
 10
349.0
 20
-669.0
 10
349.0
 20
-662.2
 42
-2.414213562373095
 10
352.2
 20
-659.0
 10
449.0
 20
-659.0
 10
479.0
 20
-629.0
 10
479.0
 20
-509.0
 10
352.20000000000005
 20
-509.0
 42
-2.414213562373095
 10
349.0
 20
-505.79999999999995
 10
349.0
 20
-499.0
  0
TEXT
  5
156
330
17
100
AcDbEntity
  8
ENGRAVE-LABEL
100
AcDbText
 10
303.61328125
 20
-584.52734375
 30
0.0
 40
14.0
  1
15 BACK-RIB-H 2/4
 50
30.0
 72
1
 11
303.61328125
 21
-584.52734375
 31
0.0
100
AcDbText
 73
2
  0
LWPOLYLINE
  5
157
330
17
100
AcDbEntity
  8
CUT
100
AcDbPolyline
 90
17
 70
1
 10
521.0
 20
-981.0
 10
521.0
 20
-876.2
 42
-2.414213562373095
 10
524.2
 20
-873.0
 10
539.0
 20
-873.0
 10
539.0
 20
-833.0
 10
524.2
 20
-833.0
 42
-2.414213562373095
 10
521.0
 20
-829.8
 10
521.0
 20
-811.0
 10
391.0
 20
-811.0
 10
391.0
 20
-817.8
 42
-2.414213562373095
 10
387.8
 20
-821.0
 10
291.0
 20
-821.0
 10
261.0
 20
-851.0
 10
261.0
 20
-971.0
 10
387.8
 20
-971.0
 42
-2.414213562373095
 10
391.0
 20
-974.2
 10
391.0
 20
-981.0
  0
TEXT
  5
158
330
17
100
AcDbEntity
  8
ENGRAVE-LABEL
100
AcDbText
 10
436.38671875
 20
-896.52734375
 30
0.0
 40
14.0
  1
15 BACK-RIB-H 3/4
 50
30.0
 72
1
 11
436.38671875
 21
-896.52734375
 31
0.0
100
AcDbText
 73
2
  0
LWPOLYLINE
  5
159
330
17
100
AcDbEntity
  8
CUT
100
AcDbPolyline
 90
17
 70
1
 10
549.0
 20
-1321.0
 10
549.0
 20
-1216.2
 42
-2.414213562373095
 10
552.2
 20
-1213.0
 10
567.0
 20
-1213.0
 10
567.0
 20
-1173.0
 10
552.2
 20
-1173.0
 42
-2.414213562373095
 10
549.0
 20
-1169.8
 10
549.0
 20
-1151.0
 10
419.0
 20
-1151.0
 10
419.0
 20
-1157.8
 42
-2.414213562373095
 10
415.8
 20
-1161.0
 10
319.0
 20
-1161.0
 10
289.0
 20
-1191.0
 10
289.0
 20
-1311.0
 10
415.8
 20
-1311.0
 42
-2.414213562373095
 10
419.0
 20
-1314.2
 10
419.0
 20
-1321.0
  0
TEXT
  5
15A
330
17
100
AcDbEntity
  8
ENGRAVE-LABEL
100
AcDbText
 10
464.38671875
 20
-1236.52734375
 30
0.0
 40
14.0
  1
15 BACK-RIB-H 4/4
 50
30.0
 72
1
 11
464.38671875
 21
-1236.52734375
 31
0.0
100
AcDbText
 73
2
  0
LWPOLYLINE
  5
15B
330
17
100
AcDbEntity
  8
CUT
100
AcDbPolyline
 90
17
 70
1
 10
569.0
 20
-493.0
 10
569.0
 20
-388.20000000000005
 42
-2.414213562373095
 10
572.2
 20
-385.0
 10
587.0
 20
-385.0
 10
587.0
 20
-345.0
 10
572.2
 20
-345.0
 42
-2.414213562373095
 10
569.0
 20
-341.79999999999995
 10
569.0
 20
-323.0
 10
439.0
 20
-323.0
 10
439.0
 20
-329.79999999999995
 42
-2.414213562373095
 10
435.8
 20
-333.0
 10
339.0
 20
-333.0
 10
309.0
 20
-363.0
 10
309.0
 20
-483.0
 10
435.8
 20
-483.0
 42
-2.414213562373095
 10
439.0
 20
-486.20000000000005
 10
439.0
 20
-493.0
  0
TEXT
  5
15C
330
17
100
AcDbEntity
  8
ENGRAVE-LABEL
100
AcDbText
 10
484.38671875
 20
-408.52734375
 30
0.0
 40
14.0
  1
16 BACK-RIB-I 1/2
 50
30.0
 72
1
 11
484.38671875
 21
-408.52734375
 31
0.0
100
AcDbText
 73
2
  0
LWPOLYLINE
  5
15D
330
17
100
AcDbEntity
  8
CUT
100
AcDbPolyline
 90
17
 70
1
 10
753.0
 20
-677.0
 10
753.0
 20
-572.2
 42
-2.414213562373095
 10
756.2
 20
-569.0
 10
771.0
 20
-569.0
 10
771.0
 20
-529.0
 10
756.2
 20
-529.0
 42
-2.414213562373095
 10
753.0
 20
-525.8
 10
753.0
 20
-507.0
 10
623.0
 20
-507.0
 10
623.0
 20
-513.8
 42
-2.414213562373095
 10
619.8
 20
-517.0
 10
523.0
 20
-517.0
 10
493.0
 20
-547.0
 10
493.0
 20
-667.0
 10
619.8
 20
-667.0
 42
-2.414213562373095
 10
623.0
 20
-670.2
 10
623.0
 20
-677.0
  0
TEXT
  5
15E
330
17
100
AcDbEntity
  8
ENGRAVE-LABEL
100
AcDbText
 10
668.38671875
 20
-592.52734375
 30
0.0
 40
14.0
  1
16 BACK-RIB-I 2/2
 50
30.0
 72
1
 11
668.38671875
 21
-592.52734375
 31
0.0
100
AcDbText
 73
2
  0
LWPOLYLINE
  5
15F
330
17
100
AcDbEntity
  8
CUT
100
AcDbPolyline
 90
17
 70
1
 10
525.0
 20
-1139.0
 10
629.8
 20
-1139.0
 42
-2.414213562373095
 10
633.0
 20
-1142.2
 10
633.0
 20
-1157.0
 10
673.0
 20
-1157.0
 10
673.0
 20
-1142.2
 42
-2.414213562373095
 10
676.2
 20
-1139.0
 10
695.0
 20
-1139.0
 10
695.0
 20
-1009.0
 10
688.2
 20
-1009.0
 42
-2.414213562373095
 10
685.0
 20
-1005.8
 10
685.0
 20
-935.3603896932107
 10
655.0
 20
-905.3603896932107
 10
535.0
 20
-905.3603896932107
 10
535.0
 20
-1005.8
 42
-2.414213562373095
 10
531.8
 20
-1009.0
 10
525.0
 20
-1009.0
  0
TEXT
  5
160
330
17
100
AcDbEntity
  8
ENGRAVE-LABEL
100
AcDbText
 10
609.5241413861196
 20
-1054.4972669267472
 30
0.0
 40
14.0
  1
10 BACK-RIB-C 1/4
 50
45.0
 72
1
 11
609.5241413861196
 21
-1054.4972669267472
 31
0.0
100
AcDbText
 73
2
  0
LWPOLYLINE
  5
161
330
17
100
AcDbEntity
  8
CUT
100
AcDbPolyline
 90
17
 70
1
 10
603.0
 20
-323.0
 10
603.0
 20
-427.79999999999995
 42
-2.414213562373095
 10
599.8
 20
-431.0
 10
585.0
 20
-431.0
 10
585.0
 20
-471.0
 10
599.8
 20
-471.0
 42
-2.414213562373095
 10
603.0
 20
-474.19999999999993
 10
603.0
 20
-493.0
 10
733.0
 20
-493.0
 10
733.0
 20
-486.20000000000005
 42
-2.414213562373095
 10
736.2
 20
-483.0
 10
806.6396103067893
 20
-483.0
 10
836.6396103067893
 20
-453.0
 10
836.6396103067893
 20
-333.0
 10
736.2
 20
-333.0
 42
-2.414213562373095
 10
733.0
 20
-329.79999999999995
 10
733.0
 20
-323.0
  0
TEXT
  5
162
330
17
100
AcDbEntity
  8
ENGRAVE-LABEL
100
AcDbText
 10
687.5027330732527
 20
-408.4758586138803
 30
0.0
 40
14.0
  1
10 BACK-RIB-C 2/4
 50
30.0
 72
1
 11
687.5027330732527
 21
-408.4758586138803
 31
0.0
100
AcDbText
 73
2
  0
LWPOLYLINE
  5
163
330
17
100
AcDbEntity
  8
CUT
100
AcDbPolyline
 90
17
 70
1
 10
1058.6396103067893
 20
-1453.0
 10
1058.6396103067893
 20
-1348.2
 42
-2.414213562373095
 10
1061.8396103067894
 20
-1345.0
 10
1076.6396103067893
 20
-1345.0
 10
1076.6396103067893
 20
-1305.0
 10
1061.8396103067894
 20
-1305.0
 42
-2.414213562373095
 10
1058.6396103067893
 20
-1301.8
 10
1058.6396103067893
 20
-1283.0
 10
928.6396103067893
 20
-1283.0
 10
928.6396103067893
 20
-1289.8
 42
-2.414213562373095
 10
925.4396103067893
 20
-1293.0
 10
855.0
 20
-1293.0
 10
825.0
 20
-1323.0
 10
825.0
 20
-1443.0
 10
925.4396103067893
 20
-1443.0
 42
-2.414213562373095
 10
928.6396103067893
 20
-1446.2
 10
928.6396103067893
 20
-1453.0
  0
TEXT
  5
164
330
17
100
AcDbEntity
  8
ENGRAVE-LABEL
100
AcDbText
 10
974.1368772335367
 20
-1367.5241413861195
 30
0.0
 40
14.0
  1
10 BACK-RIB-C 3/4
 50
30.0
 72
1
 11
974.1368772335367
 21
-1367.5241413861195
 31
0.0
100
AcDbText
 73
2
  0
LWPOLYLINE
  5
165
330
17
100
AcDbEntity
  8
CUT
100
AcDbPolyline
 90
17
 70
1
 10
899.0
 20
-1099.0
 10
899.0
 20
-1203.8
 42
-2.414213562373095
 10
895.8
 20
-1207.0
 10
881.0
 20
-1207.0
 10
881.0
 20
-1247.0
 10
895.8
 20
-1247.0
 42
-2.414213562373095
 10
899.0
 20
-1250.2
 10
899.0
 20
-1269.0
 10
1029.0
 20
-1269.0
 10
1029.0
 20
-1262.2
 42
-2.414213562373095
 10
1032.2
 20
-1259.0
 10
1102.6396103067893
 20
-1259.0
 10
1132.6396103067893
 20
-1229.0
 10
1132.6396103067893
 20
-1109.0
 10
1032.2
 20
-1109.0
 42
-2.414213562373095
 10
1029.0
 20
-1105.8
 10
1029.0
 20
-1099.0
  0
TEXT
  5
166
330
17
100
AcDbEntity
  8
ENGRAVE-LABEL
100
AcDbText
 10
983.5027330732527
 20
-1184.4758586138805
 30
0.0
 40
14.0
  1
10 BACK-RIB-C 4/4
 50
30.0
 72
1
 11
983.5027330732527
 21
-1184.4758586138805
 31
0.0
100
AcDbText
 73
2
  0
LWPOLYLINE
  5
167
330
17
100
AcDbEntity
  8
CUT
100
AcDbPolyline
 90
43
 70
1
 10
1193.0
 20
-689.0
 10
1193.0
 20
-684.2
 42
-2.414213562373095
 10
1196.2
 20
-681.0
 10
1211.0
 20
-681.0
 10
1211.0
 20
-641.0
 10
1196.2
 20
-641.0
 42
-2.414213562373095
 10
1193.0
 20
-637.8
 10
1193.0
 20
-604.834260249543
 10
1184.642857142857
 20
-598.9047339372464
 10
1176.2857142857142
 20
-593.385769367374
 10
1167.9285714285716
 20
-588.2773665399252
 10
1159.5714285714287
 20
-583.5795254549005
 10
1151.2142857142858
 20
-579.2922461122994
 10
1142.857142857143
 20
-575.4155285121225
 10
1134.5
 20
-571.9493726543693
 10
1126.142857142857
 20
-568.89377853904
 10
1117.7857142857142
 20
-566.2487461661347
 10
1109.4285714285716
 20
-564.0142755356532
 10
1101.0714285714287
 20
-562.1903666475955
 10
1092.7142857142858
 20
-560.7770195019618
 10
1084.357142857143
 20
-559.774234098752
 10
1076.0
 20
-559.182010437966
 10
1067.642857142857
 20
-559.0003485196039
 10
1059.2857142857142
 20
-559.2292483436657
 10
1050.9285714285713
 20
-559.8687099101514
 10
1042.5714285714287
 20
-560.9187332190611
 10
1034.2142857142858
 20
-562.3793182703945
 10
1025.857142857143
 20
-564.250465064152
 10
1017.5
 20
-566.5321736003332
 10
1009.1428571428571
 20
-569.2244438789384
 10
1000.7857142857142
 20
-572.3272758999674
 10
992.4285714285714
 20
-575.8406696634203
 10
984.0714285714286
 20
-579.7646251692971
 10
975.7142857142858
 20
-584.0991424175978
 10
967.3571428571429
 20
-588.8442214083224
 10
959.0
 20
-593.9998621414709
 10
959.0
 20
-637.8
 42
-2.414213562373095
 10
955.8
 20
-641.0
 10
941.0
 20
-641.0
 10
941.0
 20
-681.0
 10
955.8
 20
-681.0
 42
-2.414213562373095
 10
959.0
 20
-684.1999999999999
 10
959.0
 20
-689.0
  0
TEXT
  5
168
330
17
100
AcDbEntity
  8
ENGRAVE-LABEL
100
AcDbText
 10
1076.0
 20
-624.0007695457191
 30
0.0
 40
18.0
  1
04 BODY-RIB-B 6/8
 72
1
 11
1076.0
 21
-624.0007695457191
 31
0.0
100
AcDbText
 73
2
  0
LWPOLYLINE
  5
169
330
17
100
AcDbEntity
  8
CUT
100
AcDbPolyline
 90
43
 70
1
 10
967.0
 20
-703.0003485196039
 10
967.0
 20
-707.800348519604
 42
-2.414213562373095
 10
963.8
 20
-711.0003485196039
 10
949.0
 20
-711.0003485196039
 10
949.0
 20
-751.0003485196039
 10
963.8
 20
-751.0003485196039
 42
-2.414213562373095
 10
967.0
 20
-754.200348519604
 10
967.0
 20
-787.1660882700609
 10
975.3571428571429
 20
-793.0956145823575
 10
983.7142857142857
 20
-798.61457915223
 10
992.0714285714286
 20
-803.7229819796787
 10
1000.4285714285714
 20
-808.4208230647035
 10
1008.7857142857142
 20
-812.7081024073045
 10
1017.1428571428571
 20
-816.5848200074814
 10
1025.5
 20
-820.0509758652346
 10
1033.857142857143
 20
-823.1065699805639
 10
1042.2142857142858
 20
-825.7516023534693
 10
1050.5714285714284
 20
-827.9860729839507
 10
1058.9285714285713
 20
-829.8099818720084
 10
1067.2857142857142
 20
-831.2233290176421
 10
1075.642857142857
 20
-832.226114420852
 10
1084.0
 20
-832.8183380816379
 10
1092.357142857143
 20
-833.0
 10
1100.7142857142858
 20
-832.7711001759383
 10
1109.0714285714284
 20
-832.1316386094525
 10
1117.4285714285713
 20
-831.0816153005428
 10
1125.7857142857142
 20
-829.6210302492094
 10
1134.142857142857
 20
-827.7498834554519
 10
1142.5
 20
-825.4681749192707
 10
1150.857142857143
 20
-822.7759046406657
 10
1159.2142857142858
 20
-819.6730726196365
 10
1167.5714285714284
 20
-816.1596788561836
 10
1175.9285714285713
 20
-812.2357233503069
 10
1184.2857142857142
 20
-807.9012061020062
 10
1192.642857142857
 20
-803.1561271112815
 10
1201.0
 20
-798.0004863781331
 10
1201.0
 20
-754.200348519604
 42
-2.414213562373095
 10
1204.2
 20
-751.000348519604
 10
1219.0
 20
-751.000348519604
 10
1219.0
 20
-711.000348519604
 10
1204.2
 20
-711.000348519604
 42
-2.414213562373095
 10
1201.0
 20
-707.800348519604
 10
1201.0
 20
-703.000348519604
  0
TEXT
  5
16A
330
17
100
AcDbEntity
  8
ENGRAVE-LABEL
100
AcDbText
 10
1084.0
 20
-767.9995789738848
 30
0.0
 40
18.0
  1
04 BODY-RIB-B 7/8
 72
1
 11
1084.0
 21
-767.9995789738848
 31
0.0
100
AcDbText
 73
2
  0
LWPOLYLINE
  5
16B
330
17
100
AcDbEntity
  8
CUT
100
AcDbPolyline
 90
43
 70
1
 10
1261.0
 20
-545.0
 10
1261.0
 20
-540.2
 42
-2.414213562373095
 10
1264.2
 20
-537.0
 10
1279.0
 20
-537.0
 10
1279.0
 20
-497.0
 10
1264.2
 20
-497.0
 42
-2.414213562373095
 10
1261.0
 20
-493.79999999999995
 10
1261.0
 20
-460.83426024954304
 10
1252.642857142857
 20
-454.9047339372464
 10
1244.2857142857142
 20
-449.385769367374
 10
1235.9285714285716
 20
-444.2773665399252
 10
1227.5714285714287
 20
-439.5795254549005
 10
1219.2142857142858
 20
-435.2922461122994
 10
1210.857142857143
 20
-431.41552851212236
 10
1202.5
 20
-427.9493726543692
 10
1194.142857142857
 20
-424.8937785390399
 10
1185.7857142857142
 20
-422.24874616613465
 10
1177.4285714285716
 20
-420.01427553565327
 10
1169.0714285714287
 20
-418.1903666475955
 10
1160.7142857142858
 20
-416.77701950196183
 10
1152.357142857143
 20
-415.774234098752
 10
1144.0
 20
-415.182010437966
 10
1135.642857142857
 20
-415.0003485196039
 10
1127.2857142857142
 20
-415.22924834366586
 10
1118.9285714285713
 20
-415.86870991015144
 10
1110.5714285714287
 20
-416.9187332190611
 10
1102.2142857142858
 20
-418.3793182703946
 10
1093.857142857143
 20
-420.25046506415197
 10
1085.5
 20
-422.5321736003332
 10
1077.142857142857
 20
-425.22444387893825
 10
1068.7857142857142
 20
-428.3272758999674
 10
1060.4285714285713
 20
-431.8406696634204
 10
1052.0714285714287
 20
-435.764625169297
 10
1043.7142857142858
 20
-440.0991424175977
 10
1035.357142857143
 20
-444.8442214083225
 10
1027.0
 20
-449.9998621414709
 10
1027.0
 20
-493.79999999999995
 42
-2.414213562373095
 10
1023.8
 20
-497.0
 10
1009.0
 20
-497.0
 10
1009.0
 20
-537.0
 10
1023.8
 20
-537.0
 42
-2.414213562373095
 10
1027.0
 20
-540.1999999999999
 10
1027.0
 20
-545.0
  0
TEXT
  5
16C
330
17
100
AcDbEntity
  8
ENGRAVE-LABEL
100
AcDbText
 10
1144.0
 20
-480.0007695457192
 30
0.0
 40
18.0
  1
04 BODY-RIB-B 8/8
 72
1
 11
1144.0
 21
-480.0007695457192
 31
0.0
100
AcDbText
 73
2
  0
LWPOLYLINE
  5
16D
330
17
100
AcDbEntity
  8
CUT
100
AcDbPolyline
 90
43
 70
1
 10
1325.0
 20
-1453.0
 10
1325.0
 20
-1448.2
 42
-2.414213562373095
 10
1328.2
 20
-1445.0
 10
1343.0
 20
-1445.0
 10
1343.0
 20
-1405.0
 10
1328.2
 20
-1405.0
 42
-2.414213562373095
 10
1325.0
 20
-1401.8
 10
1325.0
 20
-1369.034634504794
 10
1316.642857142857
 20
-1363.1889812862962
 10
1308.2857142857142
 20
-1357.7480824182453
 10
1299.9285714285716
 20
-1352.7119379006417
 10
1291.5714285714287
 20
-1348.080547733485
 10
1283.2142857142858
 20
-1343.8539119167754
 10
1274.857142857143
 20
-1340.032030450513
 10
1266.5
 20
-1336.6149033346974
 10
1258.142857142857
 20
-1333.602530569329
 10
1249.7857142857142
 20
-1330.9949121544075
 10
1241.4285714285716
 20
-1328.7920480899334
 10
1233.0714285714287
 20
-1326.9939383759058
 10
1224.7142857142858
 20
-1325.6005830123256
 10
1216.357142857143
 20
-1324.6119819991925
 10
1208.0
 20
-1324.0281353365062
 10
1199.642857142857
 20
-1323.8490430242673
 10
1191.2857142857142
 20
-1324.0747050624752
 10
1182.9285714285713
 20
-1324.7051214511303
 10
1174.5714285714287
 20
-1325.7402921902324
 10
1166.2142857142858
 20
-1327.1802172797816
 10
1157.857142857143
 20
-1329.0248967197776
 10
1149.5
 20
-1331.2743305102208
 10
1141.142857142857
 20
-1333.928518651111
 10
1132.7857142857142
 20
-1336.9874611424484
 10
1124.4285714285713
 20
-1340.4511579842329
 10
1116.0714285714287
 20
-1344.3196091764642
 10
1107.7142857142858
 20
-1348.5928147191428
 10
1099.357142857143
 20
-1353.2707746122683
 10
1091.0
 20
-1358.3534888558409
 10
1091.0
 20
-1401.8
 42
-2.414213562373095
 10
1087.8
 20
-1405.0
 10
1073.0
 20
-1405.0
 10
1073.0
 20
-1445.0
 10
1087.8
 20
-1445.0
 42
-2.414213562373095
 10
1091.0
 20
-1448.2
 10
1091.0
 20
-1453.0
  0
TEXT
  5
16E
330
17
100
AcDbEntity
  8
ENGRAVE-LABEL
100
AcDbText
 10
1208.0
 20
-1388.4251000790762
 30
0.0
 40
18.0
  1
03 BODY-RIB-A 1/8
 72
1
 11
1208.0
 21
-1388.4251000790762
 31
0.0
100
AcDbText
 73
2
  0
LWPOLYLINE
  5
16F
330
17
100
AcDbEntity
  8
CUT
100
AcDbPolyline
 90
43
 70
1
 10
1381.0
 20
-1309.0
 10
1381.0
 20
-1304.2
 42
-2.414213562373095
 10
1384.2
 20
-1301.0
 10
1399.0
 20
-1301.0
 10
1399.0
 20
-1261.0
 10
1384.2
 20
-1261.0
 42
-2.414213562373095
 10
1381.0
 20
-1257.8
 10
1381.0
 20
-1225.034634504794
 10
1372.642857142857
 20
-1219.1889812862962
 10
1364.2857142857142
 20
-1213.7480824182453
 10
1355.9285714285716
 20
-1208.7119379006417
 10
1347.5714285714287
 20
-1204.080547733485
 10
1339.2142857142858
 20
-1199.8539119167754
 10
1330.857142857143
 20
-1196.032030450513
 10
1322.5
 20
-1192.6149033346974
 10
1314.142857142857
 20
-1189.602530569329
 10
1305.7857142857142
 20
-1186.9949121544075
 10
1297.4285714285716
 20
-1184.7920480899334
 10
1289.0714285714287
 20
-1182.9939383759058
 10
1280.7142857142858
 20
-1181.6005830123256
 10
1272.357142857143
 20
-1180.6119819991925
 10
1264.0
 20
-1180.0281353365062
 10
1255.642857142857
 20
-1179.8490430242673
 10
1247.2857142857142
 20
-1180.0747050624752
 10
1238.9285714285713
 20
-1180.7051214511303
 10
1230.5714285714287
 20
-1181.7402921902324
 10
1222.2142857142858
 20
-1183.1802172797816
 10
1213.857142857143
 20
-1185.0248967197776
 10
1205.5
 20
-1187.2743305102208
 10
1197.142857142857
 20
-1189.928518651111
 10
1188.7857142857142
 20
-1192.9874611424484
 10
1180.4285714285713
 20
-1196.4511579842329
 10
1172.0714285714287
 20
-1200.3196091764644
 10
1163.7142857142858
 20
-1204.5928147191428
 10
1155.357142857143
 20
-1209.2707746122683
 10
1147.0
 20
-1214.3534888558409
 10
1147.0
 20
-1257.8
 42
-2.414213562373095
 10
1143.8
 20
-1261.0
 10
1129.0
 20
-1261.0
 10
1129.0
 20
-1301.0
 10
1143.8
 20
-1301.0
 42
-2.414213562373095
 10
1147.0
 20
-1304.2
 10
1147.0
 20
-1309.0
  0
TEXT
  5
170
330
17
100
AcDbEntity
  8
ENGRAVE-LABEL
100
AcDbText
 10
1264.0
 20
-1244.4251000790762
 30
0.0
 40
18.0
  1
03 BODY-RIB-A 2/8
 72
1
 11
1264.0
 21
-1244.4251000790762
 31
0.0
100
AcDbText
 73
2
  0
LWPOLYLINE
  5
171
330
17
100
AcDbEntity
  8
CUT
100
AcDbPolyline
 90
43
 70
1
 10
1449.0
 20
-881.0
 10
1449.0
 20
-876.2
 42
-2.414213562373095
 10
1452.2
 20
-873.0
 10
1467.0
 20
-873.0
 10
1467.0
 20
-833.0
 10
1452.2
 20
-833.0
 42
-2.414213562373095
 10
1449.0
 20
-829.8
 10
1449.0
 20
-797.034634504794
 10
1440.642857142857
 20
-791.1889812862962
 10
1432.2857142857142
 20
-785.7480824182454
 10
1423.9285714285716
 20
-780.7119379006417
 10
1415.5714285714287
 20
-776.080547733485
 10
1407.2142857142858
 20
-771.8539119167754
 10
1398.857142857143
 20
-768.0320304505129
 10
1390.5
 20
-764.6149033346974
 10
1382.142857142857
 20
-761.602530569329
 10
1373.7857142857142
 20
-758.9949121544075
 10
1365.4285714285716
 20
-756.7920480899332
 10
1357.0714285714287
 20
-754.9939383759058
 10
1348.7142857142858
 20
-753.6005830123256
 10
1340.357142857143
 20
-752.6119819991925
 10
1332.0
 20
-752.0281353365064
 10
1323.642857142857
 20
-751.8490430242673
 10
1315.2857142857142
 20
-752.0747050624752
 10
1306.9285714285713
 20
-752.7051214511303
 10
1298.5714285714287
 20
-753.7402921902323
 10
1290.2142857142858
 20
-755.1802172797815
 10
1281.857142857143
 20
-757.0248967197776
 10
1273.5
 20
-759.2743305102208
 10
1265.142857142857
 20
-761.9285186511111
 10
1256.7857142857142
 20
-764.9874611424484
 10
1248.4285714285713
 20
-768.4511579842329
 10
1240.0714285714287
 20
-772.3196091764643
 10
1231.7142857142858
 20
-776.5928147191428
 10
1223.357142857143
 20
-781.2707746122683
 10
1215.0
 20
-786.3534888558409
 10
1215.0
 20
-829.8
 42
-2.414213562373095
 10
1211.8
 20
-833.0
 10
1197.0
 20
-833.0
 10
1197.0
 20
-873.0
 10
1211.8
 20
-873.0
 42
-2.414213562373095
 10
1215.0
 20
-876.1999999999999
 10
1215.0
 20
-881.0
  0
TEXT
  5
172
330
17
100
AcDbEntity
  8
ENGRAVE-LABEL
100
AcDbText
 10
1332.0
 20
-816.4251000790763
 30
0.0
 40
18.0
  1
03 BODY-RIB-A 3/8
 72
1
 11
1332.0
 21
-816.4251000790763
 31
0.0
100
AcDbText
 73
2
  0
LWPOLYLINE
  5
173
330
17
100
AcDbEntity
  8
CUT
100
AcDbPolyline
 90
43
 70
1
 10
1227.0
 20
-575.8490430242672
 10
1227.0
 20
-580.6490430242673
 42
-2.414213562373095
 10
1223.8
 20
-583.8490430242672
 10
1209.0
 20
-583.8490430242672
 10
1209.0
 20
-623.8490430242672
 10
1223.8
 20
-623.8490430242672
 42
-2.414213562373095
 10
1227.0
 20
-627.0490430242672
 10
1227.0
 20
-659.8144085194732
 10
1235.357142857143
 20
-665.6600617379711
 10
1243.7142857142858
 20
-671.1009606060218
 10
1252.0714285714284
 20
-676.1371051236255
 10
1260.4285714285713
 20
-680.7684952907822
 10
1268.7857142857142
 20
-684.9951311074918
 10
1277.142857142857
 20
-688.8170125737543
 10
1285.5
 20
-692.2341396895698
 10
1293.857142857143
 20
-695.2465124549383
 10
1302.2142857142858
 20
-697.8541308698597
 10
1310.5714285714284
 20
-700.0569949343339
 10
1318.9285714285713
 20
-701.8551046483614
 10
1327.2857142857142
 20
-703.2484600119416
 10
1335.642857142857
 20
-704.2370610250748
 10
1344.0
 20
-704.8209076877608
 10
1352.357142857143
 20
-705.0
 10
1360.7142857142858
 20
-704.7743379617921
 10
1369.0714285714284
 20
-704.143921573137
 10
1377.4285714285713
 20
-703.1087508340349
 10
1385.7857142857142
 20
-701.6688257444857
 10
1394.142857142857
 20
-699.8241463044897
 10
1402.5
 20
-697.5747125140464
 10
1410.857142857143
 20
-694.9205243731561
 10
1419.2142857142858
 20
-691.8615818818188
 10
1427.5714285714284
 20
-688.3978850400345
 10
1435.9285714285713
 20
-684.529433847803
 10
1444.2857142857142
 20
-680.2562283051245
 10
1452.642857142857
 20
-675.578268411999
 10
1461.0
 20
-670.4955541684263
 10
1461.0
 20
-627.0490430242672
 42
-2.414213562373095
 10
1464.2
 20
-623.8490430242673
 10
1479.0
 20
-623.8490430242673
 10
1479.0
 20
-583.8490430242673
 10
1464.2
 20
-583.8490430242673
 42
-2.414213562373095
 10
1461.0
 20
-580.6490430242673
 10
1461.0
 20
-575.8490430242673
  0
TEXT
  5
174
330
17
100
AcDbEntity
  8
ENGRAVE-LABEL
100
AcDbText
 10
1344.0
 20
-640.4239429451909
 30
0.0
 40
18.0
  1
03 BODY-RIB-A 4/8
 72
1
 11
1344.0
 21
-640.4239429451909
 31
0.0
100
AcDbText
 73
2
  0
LWPOLYLINE
  5
175
330
17
100
AcDbEntity
  8
CUT
100
AcDbPolyline
 90
43
 70
1
 10
1275.0
 20
-1063.8490430242673
 10
1275.0
 20
-1068.6490430242673
 42
-2.414213562373095
 10
1271.8
 20
-1071.8490430242673
 10
1257.0
 20
-1071.8490430242673
 10
1257.0
 20
-1111.8490430242673
 10
1271.8
 20
-1111.8490430242673
 42
-2.414213562373095
 10
1275.0
 20
-1115.0490430242671
 10
1275.0
 20
-1147.814408519473
 10
1283.357142857143
 20
-1153.660061737971
 10
1291.7142857142858
 20
-1159.1009606060218
 10
1300.0714285714284
 20
-1164.1371051236256
 10
1308.4285714285713
 20
-1168.768495290782
 10
1316.7857142857142
 20
-1172.995131107492
 10
1325.142857142857
 20
-1176.8170125737543
 10
1333.5
 20
-1180.23413968957
 10
1341.857142857143
 20
-1183.2465124549383
 10
1350.2142857142858
 20
-1185.8541308698595
 10
1358.5714285714284
 20
-1188.056994934334
 10
1366.9285714285713
 20
-1189.8551046483612
 10
1375.2857142857142
 20
-1191.2484600119415
 10
1383.642857142857
 20
-1192.2370610250748
 10
1392.0
 20
-1192.8209076877608
 10
1400.357142857143
 20
-1193.0
 10
1408.7142857142858
 20
-1192.774337961792
 10
1417.0714285714284
 20
-1192.143921573137
 10
1425.4285714285713
 20
-1191.108750834035
 10
1433.7857142857142
 20
-1189.6688257444857
 10
1442.142857142857
 20
-1187.8241463044897
 10
1450.5
 20
-1185.5747125140465
 10
1458.857142857143
 20
-1182.9205243731562
 10
1467.2142857142858
 20
-1179.861581881819
 10
1475.5714285714284
 20
-1176.3978850400345
 10
1483.9285714285713
 20
-1172.529433847803
 10
1492.2857142857142
 20
-1168.2562283051245
 10
1500.642857142857
 20
-1163.578268411999
 10
1509.0
 20
-1158.4955541684262
 10
1509.0
 20
-1115.0490430242671
 42
-2.414213562373095
 10
1512.2
 20
-1111.8490430242673
 10
1527.0
 20
-1111.8490430242673
 10
1527.0
 20
-1071.8490430242673
 10
1512.2
 20
-1071.8490430242673
 42
-2.414213562373095
 10
1509.0
 20
-1068.6490430242673
 10
1509.0
 20
-1063.8490430242673
  0
TEXT
  5
176
330
17
100
AcDbEntity
  8
ENGRAVE-LABEL
100
AcDbText
 10
1392.0
 20
-1128.423942945191
 30
0.0
 40
18.0
  1
03 BODY-RIB-A 5/8
 72
1
 11
1392.0
 21
-1128.423942945191
 31
0.0
100
AcDbText
 73
2
  0
LWPOLYLINE
  5
177
330
17
100
AcDbEntity
  8
CUT
100
AcDbPolyline
 90
43
 70
1
 10
1359.0
 20
-1323.8490430242673
 10
1359.0
 20
-1328.6490430242673
 42
-2.414213562373095
 10
1355.8
 20
-1331.8490430242673
 10
1341.0
 20
-1331.8490430242673
 10
1341.0
 20
-1371.8490430242673
 10
1355.8
 20
-1371.8490430242673
 42
-2.414213562373095
 10
1359.0
 20
-1375.0490430242671
 10
1359.0
 20
-1407.814408519473
 10
1367.357142857143
 20
-1413.660061737971
 10
1375.7142857142858
 20
-1419.1009606060218
 10
1384.0714285714284
 20
-1424.1371051236256
 10
1392.4285714285713
 20
-1428.768495290782
 10
1400.7857142857142
 20
-1432.9951311074917
 10
1409.142857142857
 20
-1436.8170125737543
 10
1417.5
 20
-1440.2341396895697
 10
1425.857142857143
 20
-1443.2465124549383
 10
1434.2142857142858
 20
-1445.8541308698595
 10
1442.5714285714284
 20
-1448.056994934334
 10
1450.9285714285713
 20
-1449.8551046483612
 10
1459.2857142857142
 20
-1451.2484600119415
 10
1467.642857142857
 20
-1452.2370610250748
 10
1476.0
 20
-1452.8209076877608
 10
1484.357142857143
 20
-1453.0
 10
1492.7142857142858
 20
-1452.774337961792
 10
1501.0714285714284
 20
-1452.143921573137
 10
1509.4285714285713
 20
-1451.108750834035
 10
1517.7857142857142
 20
-1449.6688257444857
 10
1526.142857142857
 20
-1447.8241463044897
 10
1534.5
 20
-1445.5747125140465
 10
1542.857142857143
 20
-1442.9205243731562
 10
1551.2142857142858
 20
-1439.861581881819
 10
1559.5714285714284
 20
-1436.3978850400345
 10
1567.9285714285713
 20
-1432.529433847803
 10
1576.2857142857142
 20
-1428.2562283051245
 10
1584.642857142857
 20
-1423.578268411999
 10
1593.0
 20
-1418.4955541684265
 10
1593.0
 20
-1375.0490430242673
 42
-2.414213562373095
 10
1596.2
 20
-1371.8490430242673
 10
1611.0
 20
-1371.8490430242673
 10
1611.0
 20
-1331.8490430242673
 10
1596.2
 20
-1331.8490430242673
 42
-2.414213562373095
 10
1593.0
 20
-1328.6490430242673
 10
1593.0
 20
-1323.8490430242673
  0
TEXT
  5
178
330
17
100
AcDbEntity
  8
ENGRAVE-LABEL
100
AcDbText
 10
1476.0
 20
-1388.423942945191
 30
0.0
 40
18.0
  1
03 BODY-RIB-A 6/8
 72
1
 11
1476.0
 21
-1388.423942945191
 31
0.0
100
AcDbText
 73
2
  0
LWPOLYLINE
  5
179
330
17
100
AcDbEntity
  8
CUT
100
AcDbPolyline
 90
43
 70
1
 10
1669.0
 20
-1309.0
 10
1669.0
 20
-1304.2
 42
-2.414213562373095
 10
1672.2
 20
-1301.0
 10
1687.0
 20
-1301.0
 10
1687.0
 20
-1261.0
 10
1672.2
 20
-1261.0
 42
-2.414213562373095
 10
1669.0
 20
-1257.8
 10
1669.0
 20
-1225.034634504794
 10
1660.642857142857
 20
-1219.1889812862962
 10
1652.2857142857142
 20
-1213.7480824182453
 10
1643.9285714285716
 20
-1208.7119379006417
 10
1635.5714285714287
 20
-1204.080547733485
 10
1627.2142857142858
 20
-1199.8539119167754
 10
1618.857142857143
 20
-1196.032030450513
 10
1610.5
 20
-1192.6149033346974
 10
1602.142857142857
 20
-1189.602530569329
 10
1593.7857142857142
 20
-1186.9949121544075
 10
1585.4285714285716
 20
-1184.7920480899334
 10
1577.0714285714287
 20
-1182.9939383759058
 10
1568.7142857142858
 20
-1181.6005830123256
 10
1560.357142857143
 20
-1180.6119819991925
 10
1552.0
 20
-1180.0281353365062
 10
1543.642857142857
 20
-1179.8490430242673
 10
1535.2857142857142
 20
-1180.0747050624752
 10
1526.9285714285713
 20
-1180.7051214511303
 10
1518.5714285714287
 20
-1181.7402921902324
 10
1510.2142857142858
 20
-1183.1802172797816
 10
1501.857142857143
 20
-1185.0248967197776
 10
1493.5
 20
-1187.2743305102208
 10
1485.142857142857
 20
-1189.928518651111
 10
1476.7857142857142
 20
-1192.9874611424484
 10
1468.4285714285713
 20
-1196.4511579842329
 10
1460.0714285714287
 20
-1200.3196091764644
 10
1451.7142857142858
 20
-1204.5928147191428
 10
1443.357142857143
 20
-1209.2707746122683
 10
1435.0
 20
-1214.3534888558409
 10
1435.0
 20
-1257.8
 42
-2.414213562373095
 10
1431.8
 20
-1261.0
 10
1417.0
 20
-1261.0
 10
1417.0
 20
-1301.0
 10
1431.8
 20
-1301.0
 42
-2.414213562373095
 10
1435.0
 20
-1304.2
 10
1435.0
 20
-1309.0
  0
TEXT
  5
17A
330
17
100
AcDbEntity
  8
ENGRAVE-LABEL
100
AcDbText
 10
1552.0
 20
-1244.4251000790762
 30
0.0
 40
18.0
  1
03 BODY-RIB-A 7/8
 72
1
 11
1552.0
 21
-1244.4251000790762
 31
0.0
100
AcDbText
 73
2
  0
LWPOLYLINE
  5
17B
330
17
100
AcDbEntity
  8
CUT
100
AcDbPolyline
 90
43
 70
1
 10
1539.0
 20
-1003.8490430242672
 10
1539.0
 20
-1008.6490430242673
 42
-2.414213562373095
 10
1535.8
 20
-1011.8490430242672
 10
1521.0
 20
-1011.8490430242672
 10
1521.0
 20
-1051.8490430242673
 10
1535.8
 20
-1051.8490430242673
 42
-2.414213562373095
 10
1539.0
 20
-1055.0490430242671
 10
1539.0
 20
-1087.814408519473
 10
1547.357142857143
 20
-1093.660061737971
 10
1555.7142857142858
 20
-1099.1009606060218
 10
1564.0714285714284
 20
-1104.1371051236256
 10
1572.4285714285713
 20
-1108.768495290782
 10
1580.7857142857142
 20
-1112.995131107492
 10
1589.142857142857
 20
-1116.8170125737543
 10
1597.5
 20
-1120.23413968957
 10
1605.857142857143
 20
-1123.2465124549383
 10
1614.2142857142858
 20
-1125.8541308698595
 10
1622.5714285714284
 20
-1128.056994934334
 10
1630.9285714285713
 20
-1129.8551046483612
 10
1639.2857142857142
 20
-1131.2484600119415
 10
1647.642857142857
 20
-1132.2370610250748
 10
1656.0
 20
-1132.8209076877608
 10
1664.357142857143
 20
-1133.0
 10
1672.7142857142858
 20
-1132.774337961792
 10
1681.0714285714284
 20
-1132.143921573137
 10
1689.4285714285713
 20
-1131.108750834035
 10
1697.7857142857142
 20
-1129.6688257444857
 10
1706.142857142857
 20
-1127.8241463044897
 10
1714.5
 20
-1125.5747125140465
 10
1722.857142857143
 20
-1122.9205243731562
 10
1731.2142857142858
 20
-1119.861581881819
 10
1739.5714285714284
 20
-1116.3978850400345
 10
1747.9285714285713
 20
-1112.529433847803
 10
1756.2857142857142
 20
-1108.2562283051245
 10
1764.642857142857
 20
-1103.578268411999
 10
1773.0
 20
-1098.4955541684262
 10
1773.0
 20
-1055.0490430242671
 42
-2.414213562373095
 10
1776.2
 20
-1051.8490430242673
 10
1791.0
 20
-1051.8490430242673
 10
1791.0
 20
-1011.8490430242673
 10
1776.2
 20
-1011.8490430242673
 42
-2.414213562373095
 10
1773.0
 20
-1008.6490430242673
 10
1773.0
 20
-1003.8490430242673
  0
TEXT
  5
17C
330
17
100
AcDbEntity
  8
ENGRAVE-LABEL
100
AcDbText
 10
1656.0
 20
-1068.423942945191
 30
0.0
 40
18.0
  1
03 BODY-RIB-A 8/8
 72
1
 11
1656.0
 21
-1068.423942945191
 31
0.0
100
AcDbText
 73
2
  0
LWPOLYLINE
  5
17D
330
17
100
AcDbEntity
  8
CUT
100
AcDbPolyline
 90
43
 70
1
 10
1575.0
 20
-272.1723621264489
 10
1575.0
 20
-276.97236212644884
 42
-2.414213562373095
 10
1571.8
 20
-280.1723621264489
 10
1557.0
 20
-280.1723621264489
 10
1557.0
 20
-320.1723621264489
 10
1571.8
 20
-320.1723621264489
 42
-2.414213562373095
 10
1575.0
 20
-323.3723621264487
 10
1575.0
 20
-356.06139294062154
 10
1583.357142857143
 20
-361.87509382145845
 10
1591.7142857142858
 20
-367.28625273893135
 10
1600.0714285714284
 20
-372.29486969304094
 10
1608.4285714285713
 20
-376.900944683787
 10
1616.7857142857142
 20
-381.10447771116947
 10
1625.142857142857
 20
-384.9054687751884
 10
1633.5
 20
-388.3039178758438
 10
1641.857142857143
 20
-391.2998250131359
 10
1650.2142857142858
 20
-393.8931901870642
 10
1658.5714285714284
 20
-396.08401339762895
 10
1666.9285714285713
 20
-397.87229464483016
 10
1675.2857142857142
 20
-399.25803392866806
 10
1683.642857142857
 20
-400.2412312491422
 10
1692.0
 20
-400.821886606253
 10
1700.357142857143
 20
-401.0
 10
1708.7142857142858
 20
-400.7755714303835
 10
1717.0714285714284
 20
-400.14860089740364
 10
1725.4285714285713
 20
-399.11908840106025
 10
1733.7857142857142
 20
-397.6870339413531
 10
1742.142857142857
 20
-395.8524375182826
 10
1750.5
 20
-393.61529913184836
 10
1758.857142857143
 20
-390.9756187820508
 10
1767.2142857142858
 20
-387.93339646888967
 10
1775.5714285714284
 20
-384.488632192365
 10
1783.9285714285713
 20
-380.6413259524768
 10
1792.2857142857142
 20
-376.3914777492248
 10
1800.642857142857
 20
-371.7390875826095
 10
1809.0
 20
-366.68415545263065
 10
1809.0
 20
-323.37236212644893
 42
-2.414213562373095
 10
1812.2
 20
-320.1723621264489
 10
1827.0
 20
-320.1723621264489
 10
1827.0
 20
-280.1723621264489
 10
1812.2
 20
-280.1723621264489
 42
-2.414213562373095
 10
1809.0
 20
-276.97236212644884
 10
1809.0
 20
-272.1723621264489
  0
TEXT
  5
17E
330
17
100
AcDbEntity
  8
ENGRAVE-LABEL
100
AcDbText
 10
1692.0
 20
-336.5856088029386
 30
0.0
 40
18.0
  1
05 BODY-RIB-C 1/8
 72
1
 11
1692.0
 21
-336.5856088029386
 31
0.0
100
AcDbText
 73
2
  0
LWPOLYLINE
  5
17F
330
17
100
AcDbEntity
  8
CUT
100
AcDbPolyline
 90
43
 70
1
 10
1861.0
 20
-1453.0
 10
1861.0
 20
-1448.2
 42
-2.414213562373095
 10
1864.2
 20
-1445.0
 10
1879.0
 20
-1445.0
 10
1879.0
 20
-1405.0
 10
1864.2
 20
-1405.0
 42
-2.414213562373095
 10
1861.0
 20
-1401.8
 10
1861.0
 20
-1369.1109691858271
 10
1852.642857142857
 20
-1363.2972683049904
 10
1844.2857142857142
 20
-1357.8861093875173
 10
1835.9285714285716
 20
-1352.877492433408
 10
1827.5714285714287
 20
-1348.2714174426617
 10
1819.2142857142858
 20
-1344.0678844152792
 10
1810.857142857143
 20
-1340.2668933512603
 10
1802.5
 20
-1336.8684442506049
 10
1794.142857142857
 20
-1333.872537113313
 10
1785.7857142857142
 20
-1331.2791719393847
 10
1777.4285714285716
 20
-1329.0883487288197
 10
1769.0714285714287
 20
-1327.3000674816185
 10
1760.7142857142858
 20
-1325.9143281977808
 10
1752.357142857143
 20
-1324.9311308773067
 10
1744.0
 20
-1324.350475520196
 10
1735.642857142857
 20
-1324.172362126449
 10
1727.2857142857142
 20
-1324.3967906960652
 10
1718.9285714285713
 20
-1325.0237612290452
 10
1710.5714285714287
 20
-1326.0532737253886
 10
1702.2142857142858
 20
-1327.4853281850956
 10
1693.857142857143
 20
-1329.3199246081663
 10
1685.5
 20
-1331.5570629946005
 10
1677.142857142857
 20
-1334.196743344398
 10
1668.7857142857142
 20
-1337.2389656575592
 10
1660.4285714285713
 20
-1340.6837299340839
 10
1652.0714285714287
 20
-1344.531036173972
 10
1643.7142857142858
 20
-1348.7808843772239
 10
1635.357142857143
 20
-1353.4332745438392
 10
1627.0
 20
-1358.4882066738182
 10
1627.0
 20
-1401.8
 42
-2.414213562373095
 10
1623.8
 20
-1405.0
 10
1609.0
 20
-1405.0
 10
1609.0
 20
-1445.0
 10
1623.8
 20
-1445.0
 42
-2.414213562373095
 10
1627.0
 20
-1448.2
 10
1627.0
 20
-1453.0
  0
TEXT
  5
180
330
17
100
AcDbEntity
  8
ENGRAVE-LABEL
100
AcDbText
 10
1744.0
 20
-1388.5867533235103
 30
0.0
 40
18.0
  1
05 BODY-RIB-C 2/8
 72
1
 11
1744.0
 21
-1388.5867533235103
 31
0.0
100
AcDbText
 73
2
  0
LWPOLYLINE
  5
181
330
17
100
AcDbEntity
  8
CUT
100
AcDbPolyline
 90
43
 70
1
 10
1873.0
 20
-989.0
 10
1873.0
 20
-984.2
 42
-2.414213562373095
 10
1876.2
 20
-981.0
 10
1891.0
 20
-981.0
 10
1891.0
 20
-941.0
 10
1876.2
 20
-941.0
 42
-2.414213562373095
 10
1873.0
 20
-937.8
 10
1873.0
 20
-905.1109691858271
 10
1864.642857142857
 20
-899.2972683049904
 10
1856.2857142857142
 20
-893.8861093875173
 10
1847.9285714285716
 20
-888.8774924334078
 10
1839.5714285714287
 20
-884.2714174426617
 10
1831.2142857142858
 20
-880.0678844152792
 10
1822.857142857143
 20
-876.2668933512603
 10
1814.5
 20
-872.8684442506049
 10
1806.142857142857
 20
-869.872537113313
 10
1797.7857142857142
 20
-867.2791719393847
 10
1789.4285714285716
 20
-865.0883487288198
 10
1781.0714285714287
 20
-863.3000674816185
 10
1772.7142857142858
 20
-861.9143281977808
 10
1764.357142857143
 20
-860.9311308773066
 10
1756.0
 20
-860.3504755201959
 10
1747.642857142857
 20
-860.1723621264489
 10
1739.2857142857142
 20
-860.3967906960652
 10
1730.9285714285713
 20
-861.0237612290451
 10
1722.5714285714287
 20
-862.0532737253886
 10
1714.2142857142858
 20
-863.4853281850957
 10
1705.857142857143
 20
-865.3199246081663
 10
1697.5
 20
-867.5570629946004
 10
1689.142857142857
 20
-870.196743344398
 10
1680.7857142857142
 20
-873.2389656575592
 10
1672.4285714285713
 20
-876.6837299340839
 10
1664.0714285714287
 20
-880.5310361739721
 10
1655.7142857142858
 20
-884.780884377224
 10
1647.357142857143
 20
-889.4332745438393
 10
1639.0
 20
-894.4882066738181
 10
1639.0
 20
-937.8
 42
-2.414213562373095
 10
1635.8
 20
-941.0
 10
1621.0
 20
-941.0
 10
1621.0
 20
-981.0
 10
1635.8
 20
-981.0
 42
-2.414213562373095
 10
1639.0
 20
-984.2
 10
1639.0
 20
-989.0
  0
TEXT
  5
182
330
17
100
AcDbEntity
  8
ENGRAVE-LABEL
100
AcDbText
 10
1756.0
 20
-924.5867533235103
 30
0.0
 40
18.0
  1
05 BODY-RIB-C 3/8
 72
1
 11
1756.0
 21
-924.5867533235103
 31
0.0
100
AcDbText
 73
2
  0
LWPOLYLINE
  5
183
330
17
100
AcDbEntity
  8
CUT
100
AcDbPolyline
 90
43
 70
1
 10
1679.0
 20
-424.1723621264489
 10
1679.0
 20
-428.97236212644884
 42
-2.414213562373095
 10
1675.8
 20
-432.1723621264489
 10
1661.0
 20
-432.1723621264489
 10
1661.0
 20
-472.1723621264488
 10
1675.8
 20
-472.1723621264488
 42
-2.414213562373095
 10
1679.0
 20
-475.3723621264488
 10
1679.0
 20
-508.06139294062166
 10
1687.357142857143
 20
-513.8750938214583
 10
1695.7142857142858
 20
-519.2862527389315
 10
1704.0714285714284
 20
-524.2948696930409
 10
1712.4285714285713
 20
-528.9009446837871
 10
1720.7857142857142
 20
-533.1044777111696
 10
1729.142857142857
 20
-536.9054687751885
 10
1737.5
 20
-540.3039178758439
 10
1745.857142857143
 20
-543.2998250131358
 10
1754.2142857142858
 20
-545.8931901870642
 10
1762.5714285714284
 20
-548.084013397629
 10
1770.9285714285713
 20
-549.8722946448303
 10
1779.2857142857142
 20
-551.258033928668
 10
1787.642857142857
 20
-552.2412312491422
 10
1796.0
 20
-552.8218866062529
 10
1804.357142857143
 20
-553.0
 10
1812.7142857142858
 20
-552.7755714303836
 10
1821.0714285714284
 20
-552.1486008974036
 10
1829.4285714285713
 20
-551.1190884010601
 10
1837.7857142857142
 20
-549.6870339413531
 10
1846.142857142857
 20
-547.8524375182826
 10
1854.5
 20
-545.6152991318485
 10
1862.857142857143
 20
-542.9756187820508
 10
1871.2142857142858
 20
-539.9333964688897
 10
1879.5714285714284
 20
-536.4886321923649
 10
1887.9285714285713
 20
-532.6413259524767
 10
1896.2857142857142
 20
-528.3914777492249
 10
1904.642857142857
 20
-523.7390875826096
 10
1913.0
 20
-518.6841554526306
 10
1913.0
 20
-475.3723621264488
 42
-2.414213562373095
 10
1916.2
 20
-472.1723621264489
 10
1931.0
 20
-472.1723621264489
 10
1931.0
 20
-432.1723621264489
 10
1916.2
 20
-432.1723621264489
 42
-2.414213562373095
 10
1913.0
 20
-428.97236212644884
 10
1913.0
 20
-424.1723621264489
  0
TEXT
  5
184
330
17
100
AcDbEntity
  8
ENGRAVE-LABEL
100
AcDbText
 10
1796.0
 20
-488.5856088029386
 30
0.0
 40
18.0
  1
05 BODY-RIB-C 4/8
 72
1
 11
1796.0
 21
-488.5856088029386
 31
0.0
100
AcDbText
 73
2
  0
LWPOLYLINE
  5
185
330
17
100
AcDbEntity
  8
CUT
100
AcDbPolyline
 90
43
 70
1
 10
1683.0
 20
-1156.1723621264487
 10
1683.0
 20
-1160.9723621264488
 42
-2.414213562373095
 10
1679.8
 20
-1164.1723621264487
 10
1665.0
 20
-1164.1723621264487
 10
1665.0
 20
-1204.1723621264487
 10
1679.8
 20
-1204.1723621264487
 42
-2.414213562373095
 10
1683.0
 20
-1207.372362126449
 10
1683.0
 20
-1240.0613929406215
 10
1691.357142857143
 20
-1245.8750938214584
 10
1699.7142857142858
 20
-1251.2862527389314
 10
1708.0714285714284
 20
-1256.294869693041
 10
1716.4285714285713
 20
-1260.9009446837872
 10
1724.7857142857142
 20
-1265.1044777111697
 10
1733.142857142857
 20
-1268.9054687751886
 10
1741.5
 20
-1272.303917875844
 10
1749.857142857143
 20
-1275.299825013136
 10
1758.2142857142858
 20
-1277.8931901870642
 10
1766.5714285714284
 20
-1280.084013397629
 10
1774.9285714285713
 20
-1281.8722946448302
 10
1783.2857142857142
 20
-1283.258033928668
 10
1791.642857142857
 20
-1284.2412312491422
 10
1800.0
 20
-1284.821886606253
 10
1808.357142857143
 20
-1285.0
 10
1816.7142857142858
 20
-1284.7755714303835
 10
1825.0714285714284
 20
-1284.1486008974036
 10
1833.4285714285713
 20
-1283.1190884010603
 10
1841.7857142857142
 20
-1281.687033941353
 10
1850.142857142857
 20
-1279.8524375182826
 10
1858.5
 20
-1277.6152991318484
 10
1866.857142857143
 20
-1274.9756187820508
 10
1875.2142857142858
 20
-1271.9333964688897
 10
1883.5714285714284
 20
-1268.488632192365
 10
1891.9285714285713
 20
-1264.6413259524766
 10
1900.2857142857142
 20
-1260.3914777492248
 10
1908.642857142857
 20
-1255.7390875826095
 10
1917.0
 20
-1250.6841554526306
 10
1917.0
 20
-1207.372362126449
 42
-2.414213562373095
 10
1920.2
 20
-1204.172362126449
 10
1935.0
 20
-1204.172362126449
 10
1935.0
 20
-1164.172362126449
 10
1920.2
 20
-1164.172362126449
 42
-2.414213562373095
 10
1917.0
 20
-1160.9723621264488
 10
1917.0
 20
-1156.172362126449
  0
TEXT
  5
186
330
17
100
AcDbEntity
  8
ENGRAVE-LABEL
100
AcDbText
 10
1800.0
 20
-1220.5856088029386
 30
0.0
 40
18.0
  1
05 BODY-RIB-C 5/8
 72
1
 11
1800.0
 21
-1220.5856088029386
 31
0.0
100
AcDbText
 73
2
  0
LWPOLYLINE
  5
187
330
17
100
AcDbEntity
  8
CUT
100
AcDbPolyline
 90
43
 70
1
 10
1933.0
 20
-845.0
 10
1933.0
 20
-840.2
 42
-2.414213562373095
 10
1936.2
 20
-837.0
 10
1951.0
 20
-837.0
 10
1951.0
 20
-797.0
 10
1936.2
 20
-797.0
 42
-2.414213562373095
 10
1933.0
 20
-793.8
 10
1933.0
 20
-761.1109691858271
 10
1924.642857142857
 20
-755.2972683049904
 10
1916.2857142857142
 20
-749.8861093875173
 10
1907.9285714285716
 20
-744.8774924334078
 10
1899.5714285714287
 20
-740.2714174426617
 10
1891.2142857142858
 20
-736.0678844152792
 10
1882.857142857143
 20
-732.2668933512603
 10
1874.5
 20
-728.8684442506049
 10
1866.142857142857
 20
-725.872537113313
 10
1857.7857142857142
 20
-723.2791719393847
 10
1849.4285714285716
 20
-721.0883487288198
 10
1841.0714285714287
 20
-719.3000674816185
 10
1832.7142857142858
 20
-717.9143281977808
 10
1824.357142857143
 20
-716.9311308773066
 10
1816.0
 20
-716.3504755201959
 10
1807.642857142857
 20
-716.1723621264489
 10
1799.2857142857142
 20
-716.3967906960652
 10
1790.9285714285713
 20
-717.0237612290451
 10
1782.5714285714287
 20
-718.0532737253886
 10
1774.2142857142858
 20
-719.4853281850957
 10
1765.857142857143
 20
-721.3199246081663
 10
1757.5
 20
-723.5570629946004
 10
1749.142857142857
 20
-726.196743344398
 10
1740.7857142857142
 20
-729.2389656575592
 10
1732.4285714285713
 20
-732.6837299340839
 10
1724.0714285714287
 20
-736.5310361739721
 10
1715.7142857142858
 20
-740.780884377224
 10
1707.357142857143
 20
-745.4332745438393
 10
1699.0
 20
-750.4882066738181
 10
1699.0
 20
-793.8
 42
-2.414213562373095
 10
1695.8
 20
-797.0
 10
1681.0
 20
-797.0
 10
1681.0
 20
-837.0
 10
1695.8
 20
-837.0
 42
-2.414213562373095
 10
1699.0
 20
-840.1999999999999
 10
1699.0
 20
-845.0
  0
TEXT
  5
188
330
17
100
AcDbEntity
  8
ENGRAVE-LABEL
100
AcDbText
 10
1816.0
 20
-780.5867533235103
 30
0.0
 40
18.0
  1
05 BODY-RIB-C 6/8
 72
1
 11
1816.0
 21
-780.5867533235103
 31
0.0
100
AcDbText
 73
2
  0
LWPOLYLINE
  5
189
330
17
100
AcDbEntity
  8
CUT
100
AcDbPolyline
 90
43
 70
1
 10
1711.0
 20
-572.1723621264488
 10
1711.0
 20
-576.9723621264488
 42
-2.414213562373095
 10
1707.8
 20
-580.1723621264488
 10
1693.0
 20
-580.1723621264488
 10
1693.0
 20
-620.1723621264488
 10
1707.8
 20
-620.1723621264488
 42
-2.414213562373095
 10
1711.0
 20
-623.3723621264488
 10
1711.0
 20
-656.0613929406217
 10
1719.357142857143
 20
-661.8750938214583
 10
1727.7142857142858
 20
-667.2862527389315
 10
1736.0714285714284
 20
-672.2948696930409
 10
1744.4285714285713
 20
-676.9009446837871
 10
1752.7857142857142
 20
-681.1044777111696
 10
1761.142857142857
 20
-684.9054687751885
 10
1769.5
 20
-688.3039178758439
 10
1777.857142857143
 20
-691.2998250131358
 10
1786.2142857142858
 20
-693.8931901870642
 10
1794.5714285714284
 20
-696.084013397629
 10
1802.9285714285713
 20
-697.8722946448303
 10
1811.2857142857142
 20
-699.258033928668
 10
1819.642857142857
 20
-700.2412312491422
 10
1828.0
 20
-700.8218866062529
 10
1836.357142857143
 20
-701.0
 10
1844.7142857142858
 20
-700.7755714303836
 10
1853.0714285714284
 20
-700.1486008974036
 10
1861.4285714285713
 20
-699.1190884010601
 10
1869.7857142857142
 20
-697.6870339413531
 10
1878.142857142857
 20
-695.8524375182826
 10
1886.5
 20
-693.6152991318485
 10
1894.857142857143
 20
-690.9756187820508
 10
1903.2142857142858
 20
-687.9333964688897
 10
1911.5714285714284
 20
-684.4886321923649
 10
1919.9285714285713
 20
-680.6413259524767
 10
1928.2857142857142
 20
-676.3914777492249
 10
1936.642857142857
 20
-671.7390875826096
 10
1945.0
 20
-666.6841554526306
 10
1945.0
 20
-623.3723621264488
 42
-2.414213562373095
 10
1948.2
 20
-620.1723621264489
 10
1963.0
 20
-620.1723621264489
 10
1963.0
 20
-580.1723621264489
 10
1948.2
 20
-580.1723621264489
 42
-2.414213562373095
 10
1945.0
 20
-576.9723621264488
 10
1945.0
 20
-572.1723621264489
  0
TEXT
  5
18A
330
17
100
AcDbEntity
  8
ENGRAVE-LABEL
100
AcDbText
 10
1828.0
 20
-636.5856088029386
 30
0.0
 40
18.0
  1
05 BODY-RIB-C 7/8
 72
1
 11
1828.0
 21
-636.5856088029386
 31
0.0
100
AcDbText
 73
2
  0
LWPOLYLINE
  5
18B
330
17
100
AcDbEntity
  8
CUT
100
AcDbPolyline
 90
43
 70
1
 10
2041.0
 20
-1141.0
 10
2041.0
 20
-1136.2
 42
-2.414213562373095
 10
2044.2
 20
-1133.0
 10
2059.0
 20
-1133.0
 10
2059.0
 20
-1093.0
 10
2044.2
 20
-1093.0
 42
-2.414213562373095
 10
2041.0
 20
-1089.8
 10
2041.0
 20
-1057.1109691858271
 10
2032.642857142857
 20
-1051.2972683049904
 10
2024.2857142857142
 20
-1045.8861093875173
 10
2015.9285714285716
 20
-1040.877492433408
 10
2007.5714285714287
 20
-1036.2714174426617
 10
1999.2142857142858
 20
-1032.0678844152792
 10
1990.857142857143
 20
-1028.2668933512603
 10
1982.5
 20
-1024.8684442506049
 10
1974.142857142857
 20
-1021.872537113313
 10
1965.7857142857142
 20
-1019.2791719393847
 10
1957.4285714285716
 20
-1017.0883487288198
 10
1949.0714285714287
 20
-1015.3000674816185
 10
1940.7142857142858
 20
-1013.9143281977808
 10
1932.357142857143
 20
-1012.9311308773066
 10
1924.0
 20
-1012.3504755201959
 10
1915.642857142857
 20
-1012.1723621264489
 10
1907.2857142857142
 20
-1012.3967906960652
 10
1898.9285714285713
 20
-1013.0237612290452
 10
1890.5714285714287
 20
-1014.0532737253886
 10
1882.2142857142858
 20
-1015.4853281850957
 10
1873.857142857143
 20
-1017.3199246081663
 10
1865.5
 20
-1019.5570629946004
 10
1857.142857142857
 20
-1022.1967433443981
 10
1848.7857142857142
 20
-1025.2389656575592
 10
1840.4285714285713
 20
-1028.6837299340839
 10
1832.0714285714287
 20
-1032.531036173972
 10
1823.7142857142858
 20
-1036.780884377224
 10
1815.357142857143
 20
-1041.4332745438392
 10
1807.0
 20
-1046.4882066738182
 10
1807.0
 20
-1089.8
 42
-2.414213562373095
 10
1803.8
 20
-1093.0
 10
1789.0
 20
-1093.0
 10
1789.0
 20
-1133.0
 10
1803.8
 20
-1133.0
 42
-2.414213562373095
 10
1807.0
 20
-1136.2
 10
1807.0
 20
-1141.0
  0
TEXT
  5
18C
330
17
100
AcDbEntity
  8
ENGRAVE-LABEL
100
AcDbText
 10
1924.0
 20
-1076.5867533235103
 30
0.0
 40
18.0
  1
05 BODY-RIB-C 8/8
 72
1
 11
1924.0
 21
-1076.5867533235103
 31
0.0
100
AcDbText
 73
2
  0
LWPOLYLINE
  5
18D
330
17
100
AcDbEntity
  8
CUT
100
AcDbPolyline
 90
17
 70
1
 10
2063.0
 20
-1453.0
 10
2063.0
 20
-1348.2
 42
-2.414213562373095
 10
2066.2
 20
-1345.0
 10
2081.0
 20
-1345.0
 10
2081.0
 20
-1305.0
 10
2066.2
 20
-1305.0
 42
-2.414213562373095
 10
2063.0
 20
-1301.8
 10
2063.0
 20
-1283.0
 10
1933.0
 20
-1283.0
 10
1933.0
 20
-1289.8
 42
-2.414213562373095
 10
1929.8
 20
-1293.0
 10
1923.0
 20
-1293.0
 10
1893.0
 20
-1323.0
 10
1893.0
 20
-1443.0
 10
1929.8
 20
-1443.0
 42
-2.414213562373095
 10
1933.0
 20
-1446.2
 10
1933.0
 20
-1453.0
  0
TEXT
  5
18E
330
17
100
AcDbEntity
  8
ENGRAVE-LABEL
100
AcDbText
 10
1979.265625
 20
-1368.703125
 30
0.0
 40
14.0
  1
09 BACK-RIB-B 1/2
 50
30.0
 72
1
 11
1979.265625
 21
-1368.703125
 31
0.0
100
AcDbText
 73
2
  0
LWPOLYLINE
  5
18F
330
17
100
AcDbEntity
  8
CUT
100
AcDbPolyline
 90
17
 70
1
 10
1947.0
 20
-387.0
 10
1947.0
 20
-491.79999999999995
 42
-2.414213562373095
 10
1943.8
 20
-495.0
 10
1929.0
 20
-495.0
 10
1929.0
 20
-535.0
 10
1943.8
 20
-535.0
 42
-2.414213562373095
 10
1947.0
 20
-538.1999999999999
 10
1947.0
 20
-557.0
 10
2077.0
 20
-557.0
 10
2077.0
 20
-550.2
 42
-2.414213562373095
 10
2080.2
 20
-547.0
 10
2087.0
 20
-547.0
 10
2117.0
 20
-517.0
 10
2117.0
 20
-397.0
 10
2080.2
 20
-397.0
 42
-2.414213562373095
 10
2077.0
 20
-393.79999999999995
 10
2077.0
 20
-387.0
  0
TEXT
  5
190
330
17
100
AcDbEntity
  8
ENGRAVE-LABEL
100
AcDbText
 10
2030.734375
 20
-471.296875
 30
0.0
 40
14.0
  1
09 BACK-RIB-B 2/2
 50
30.0
 72
1
 11
2030.734375
 21
-471.296875
 31
0.0
100
AcDbText
 73
2
  0
LWPOLYLINE
  5
191
330
17
100
AcDbEntity
  8
CUT
100
AcDbPolyline
 90
43
 70
1
 10
1907.0
 20
-879.1570860997912
 10
1907.0
 20
-883.9570860997911
 42
-2.414213562373095
 10
1903.8
 20
-887.1570860997912
 10
1889.0
 20
-887.1570860997912
 10
1889.0
 20
-927.1570860997912
 10
1903.8
 20
-927.1570860997912
 42
-2.414213562373095
 10
1907.0
 20
-930.3570860997911
 10
1907.0
 20
-962.3414324368027
 10
1915.357142857143
 20
-967.8601649486873
 10
1923.7142857142858
 20
-972.9967791737614
 10
1932.0714285714284
 20
-977.7512751120255
 10
1940.4285714285713
 20
-982.1236527634794
 10
1948.7857142857142
 20
-986.113912128123
 10
1957.142857142857
 20
-989.7220532059565
 10
1965.5
 20
-992.9480759969799
 10
1973.857142857143
 20
-995.7919805011929
 10
1982.2142857142858
 20
-998.2537667185959
 10
1990.5714285714284
 20
-1000.3334346491888
 10
1998.9285714285713
 20
-1002.0309842929714
 10
2007.2857142857142
 20
-1003.3464156499438
 10
2015.642857142857
 20
-1004.279728720106
 10
2024.0
 20
-1004.830923503458
 10
2032.357142857143
 20
-1005.0
 10
2040.7142857142858
 20
-1004.7869582097317
 10
2049.0714285714284
 20
-1004.1917981326533
 10
2057.4285714285716
 20
-1003.2145197687646
 10
2065.785714285714
 20
-1001.8551231180656
 10
2074.142857142857
 20
-1000.1136081805566
 10
2082.5
 20
-997.9899749562375
 10
2090.8571428571427
 20
-995.4842234451081
 10
2099.214285714286
 20
-992.5963536471686
 10
2107.5714285714284
 20
-989.3263655624188
 10
2115.9285714285716
 20
-985.674259190859
 10
2124.285714285714
 20
-981.6400345324888
 10
2132.642857142857
 20
-977.2236915873085
 10
2141.0
 20
-972.425230355318
 10
2141.0
 20
-930.3570860997912
 42
-2.414213562373095
 10
2144.2
 20
-927.1570860997912
 10
2159.0
 20
-927.1570860997912
 10
2159.0
 20
-887.1570860997912
 10
2144.2
 20
-887.1570860997912
 42
-2.414213562373095
 10
2141.0
 20
-883.9570860997912
 10
2141.0
 20
-879.1570860997912
  0
TEXT
  5
192
330
17
100
AcDbEntity
  8
ENGRAVE-LABEL
100
AcDbText
 10
2024.0
 20
-942.078027378071
 30
0.0
 40
18.0
  1
06 BODY-RIB-D 1/8
 72
1
 11
2024.0
 21
-942.078027378071
 31
0.0
100
AcDbText
 73
2
  0
LWPOLYLINE
  5
193
330
17
100
AcDbEntity
  8
CUT
100
AcDbPolyline
 90
43
 70
1
 10
1947.0
 20
-691.1570860997912
 10
1947.0
 20
-695.9570860997911
 42
-2.414213562373095
 10
1943.8
 20
-699.1570860997912
 10
1929.0
 20
-699.1570860997912
 10
1929.0
 20
-739.1570860997912
 10
1943.8
 20
-739.1570860997912
 42
-2.414213562373095
 10
1947.0
 20
-742.3570860997911
 10
1947.0
 20
-774.3414324368027
 10
1955.357142857143
 20
-779.8601649486873
 10
1963.7142857142858
 20
-784.9967791737614
 10
1972.0714285714284
 20
-789.7512751120255
 10
1980.4285714285713
 20
-794.1236527634793
 10
1988.7857142857142
 20
-798.113912128123
 10
1997.142857142857
 20
-801.7220532059565
 10
2005.5
 20
-804.9480759969798
 10
2013.857142857143
 20
-807.7919805011929
 10
2022.2142857142858
 20
-810.2537667185959
 10
2030.5714285714284
 20
-812.3334346491887
 10
2038.9285714285713
 20
-814.0309842929713
 10
2047.2857142857142
 20
-815.3464156499438
 10
2055.6428571428573
 20
-816.279728720106
 10
2064.0
 20
-816.830923503458
 10
2072.3571428571427
 20
-817.0
 10
2080.714285714286
 20
-816.7869582097317
 10
2089.0714285714284
 20
-816.1917981326533
 10
2097.4285714285716
 20
-815.2145197687646
 10
2105.785714285714
 20
-813.8551231180656
 10
2114.142857142857
 20
-812.1136081805566
 10
2122.5
 20
-809.9899749562375
 10
2130.8571428571427
 20
-807.4842234451081
 10
2139.214285714286
 20
-804.5963536471686
 10
2147.5714285714284
 20
-801.3263655624188
 10
2155.9285714285716
 20
-797.674259190859
 10
2164.285714285714
 20
-793.6400345324888
 10
2172.642857142857
 20
-789.2236915873085
 10
2181.0
 20
-784.4252303553181
 10
2181.0
 20
-742.3570860997912
 42
-2.414213562373095
 10
2184.2
 20
-739.1570860997912
 10
2199.0
 20
-739.1570860997912
 10
2199.0
 20
-699.1570860997912
 10
2184.2
 20
-699.1570860997912
 42
-2.414213562373095
 10
2181.0
 20
-695.9570860997912
 10
2181.0
 20
-691.1570860997912
  0
TEXT
  5
194
330
17
100
AcDbEntity
  8
ENGRAVE-LABEL
100
AcDbText
 10
2064.0
 20
-754.078027378071
 30
0.0
 40
18.0
  1
06 BODY-RIB-D 2/8
 72
1
 11
2064.0
 21
-754.078027378071
 31
0.0
100
AcDbText
 73
2
  0
LWPOLYLINE
  5
195
330
17
100
AcDbEntity
  8
CUT
100
AcDbPolyline
 90
43
 70
1
 10
2237.0
 20
-1269.0
 10
2237.0
 20
-1264.2
 42
-2.414213562373095
 10
2240.2
 20
-1261.0
 10
2255.0
 20
-1261.0
 10
2255.0
 20
-1221.0
 10
2240.2
 20
-1221.0
 42
-2.414213562373095
 10
2237.0
 20
-1217.8
 10
2237.0
 20
-1185.8156536629883
 10
2228.6428571428573
 20
-1180.296921151104
 10
2220.285714285714
 20
-1175.1603069260298
 10
2211.9285714285716
 20
-1170.4058109877656
 10
2203.5714285714284
 20
-1166.0334333363119
 10
2195.214285714286
 20
-1162.0431739716682
 10
2186.8571428571427
 20
-1158.4350328938347
 10
2178.5
 20
-1155.2090101028114
 10
2170.1428571428573
 20
-1152.3651055985981
 10
2161.785714285714
 20
-1149.9033193811952
 10
2153.4285714285716
 20
-1147.8236514506025
 10
2145.0714285714284
 20
-1146.1261018068199
 10
2136.714285714286
 20
-1144.8106704498473
 10
2128.357142857143
 20
-1143.8773573796852
 10
2120.0
 20
-1143.3261625963332
 10
2111.6428571428573
 20
-1143.1570860997913
 10
2103.285714285714
 20
-1143.3701278900594
 10
2094.9285714285716
 20
-1143.965287967138
 10
2086.5714285714284
 20
-1144.9425663310267
 10
2078.214285714286
 20
-1146.3019629817254
 10
2069.8571428571427
 20
-1148.0434779192344
 10
2061.5
 20
-1150.1671111435537
 10
2053.1428571428573
 20
-1152.672862654683
 10
2044.7857142857142
 20
-1155.5607324526227
 10
2036.4285714285713
 20
-1158.8307205373724
 10
2028.0714285714287
 20
-1162.4828269089323
 10
2019.7142857142858
 20
-1166.5170515673024
 10
2011.357142857143
 20
-1170.9333945124827
 10
2003.0
 20
-1175.731855744473
 10
2003.0
 20
-1217.8
 42
-2.414213562373095
 10
1999.8
 20
-1221.0
 10
1985.0
 20
-1221.0
 10
1985.0
 20
-1261.0
 10
1999.8
 20
-1261.0
 42
-2.414213562373095
 10
2003.0
 20
-1264.2
 10
2003.0
 20
-1269.0
  0
TEXT
  5
196
330
17
100
AcDbEntity
  8
ENGRAVE-LABEL
100
AcDbText
 10
2120.0
 20
-1206.0790587217202
 30
0.0
 40
18.0
  1
06 BODY-RIB-D 3/8
 72
1
 11
2120.0
 21
-1206.0790587217202
 31
0.0
100
AcDbText
 73
2
  0
LWPOLYLINE
  5
197
330
17
100
AcDbEntity
  8
CUT
100
AcDbPolyline
 90
43
 70
1
 10
2293.0
 20
-677.0
 10
2293.0
 20
-672.2
 42
-2.414213562373095
 10
2296.2
 20
-669.0
 10
2311.0
 20
-669.0
 10
2311.0
 20
-629.0
 10
2296.2
 20
-629.0
 42
-2.414213562373095
 10
2293.0
 20
-625.8
 10
2293.0
 20
-593.8156536629883
 10
2284.6428571428573
 20
-588.2969211511039
 10
2276.285714285714
 20
-583.1603069260298
 10
2267.9285714285716
 20
-578.4058109877657
 10
2259.5714285714284
 20
-574.0334333363119
 10
2251.214285714286
 20
-570.0431739716681
 10
2242.8571428571427
 20
-566.4350328938347
 10
2234.5
 20
-563.2090101028114
 10
2226.1428571428573
 20
-560.3651055985981
 10
2217.785714285714
 20
-557.9033193811952
 10
2209.4285714285716
 20
-555.8236514506025
 10
2201.0714285714284
 20
-554.1261018068199
 10
2192.714285714286
 20
-552.8106704498474
 10
2184.357142857143
 20
-551.8773573796851
 10
2176.0
 20
-551.3261625963331
 10
2167.6428571428573
 20
-551.1570860997912
 10
2159.285714285714
 20
-551.3701278900595
 10
2150.9285714285716
 20
-551.9652879671379
 10
2142.5714285714284
 20
-552.9425663310266
 10
2134.214285714286
 20
-554.3019629817254
 10
2125.8571428571427
 20
-556.0434779192344
 10
2117.5
 20
-558.1671111435537
 10
2109.1428571428573
 20
-560.6728626546831
 10
2100.785714285714
 20
-563.5607324526226
 10
2092.4285714285716
 20
-566.8307205373724
 10
2084.0714285714284
 20
-570.4828269089322
 10
2075.714285714286
 20
-574.5170515673024
 10
2067.3571428571427
 20
-578.9333945124827
 10
2059.0
 20
-583.731855744473
 10
2059.0
 20
-625.8
 42
-2.414213562373095
 10
2055.8
 20
-629.0
 10
2041.0
 20
-629.0
 10
2041.0
 20
-669.0
 10
2055.8
 20
-669.0
 42
-2.414213562373095
 10
2059.0
 20
-672.1999999999999
 10
2059.0
 20
-677.0
  0
TEXT
  5
198
330
17
100
AcDbEntity
  8
ENGRAVE-LABEL
100
AcDbText
 10
2176.0
 20
-614.0790587217202
 30
0.0
 40
18.0
  1
06 BODY-RIB-D 4/8
 72
1
 11
2176.0
 21
-614.0790587217202
 31
0.0
100
AcDbText
 73
2
  0
LWPOLYLINE
  5
199
330
17
100
AcDbEntity
  8
CUT
100
AcDbPolyline
 90
43
 70
1
 10
2067.0
 20
-271.15708609979106
 10
2067.0
 20
-275.95708609979124
 42
-2.414213562373095
 10
2063.8
 20
-279.15708609979106
 10
2049.0
 20
-279.15708609979106
 10
2049.0
 20
-319.15708609979106
 10
2063.8
 20
-319.15708609979106
 42
-2.414213562373095
 10
2067.0
 20
-322.3570860997911
 10
2067.0
 20
-354.34143243680273
 10
2075.3571428571427
 20
-359.86016494868727
 10
2083.714285714286
 20
-364.9967791737615
 10
2092.0714285714284
 20
-369.7512751120255
 10
2100.4285714285716
 20
-374.1236527634794
 10
2108.785714285714
 20
-378.11391212812305
 10
2117.1428571428573
 20
-381.7220532059564
 10
2125.5
 20
-384.9480759969799
 10
2133.8571428571427
 20
-387.79198050119294
 10
2142.214285714286
 20
-390.2537667185959
 10
2150.5714285714284
 20
-392.3334346491888
 10
2158.9285714285716
 20
-394.0309842929714
 10
2167.285714285714
 20
-395.34641564994376
 10
2175.6428571428573
 20
-396.27972872010605
 10
2184.0
 20
-396.83092350345805
 10
2192.3571428571427
 20
-397.0
 10
2200.714285714286
 20
-396.78695820973167
 10
2209.0714285714284
 20
-396.1917981326533
 10
2217.4285714285716
 20
-395.2145197687646
 10
2225.785714285714
 20
-393.85512311806565
 10
2234.142857142857
 20
-392.11360818055664
 10
2242.5
 20
-389.9899749562376
 10
2250.8571428571427
 20
-387.4842234451082
 10
2259.214285714286
 20
-384.5963536471686
 10
2267.5714285714284
 20
-381.3263655624189
 10
2275.9285714285716
 20
-377.67425919085895
 10
2284.285714285714
 20
-373.6400345324889
 10
2292.642857142857
 20
-369.2236915873086
 10
2301.0
 20
-364.42523035531804
 10
2301.0
 20
-322.3570860997911
 42
-2.414213562373095
 10
2304.2
 20
-319.1570860997913
 10
2319.0
 20
-319.1570860997913
 10
2319.0
 20
-279.1570860997913
 10
2304.2
 20
-279.1570860997913
 42
-2.414213562373095
 10
2301.0
 20
-275.95708609979124
 10
2301.0
 20
-271.1570860997913
  0
TEXT
  5
19A
330
17
100
AcDbEntity
  8
ENGRAVE-LABEL
100
AcDbText
 10
2184.0
 20
-334.07802737807106
 30
0.0
 40
18.0
  1
06 BODY-RIB-D 5/8
 72
1
 11
2184.0
 21
-334.07802737807106
 31
0.0
100
AcDbText
 73
2
  0
LWPOLYLINE
  5
19B
330
17
100
AcDbEntity
  8
CUT
100
AcDbPolyline
 90
43
 70
1
 10
2083.0
 20
-1011.1570860997912
 10
2083.0
 20
-1015.9570860997911
 42
-2.414213562373095
 10
2079.8
 20
-1019.1570860997912
 10
2065.0
 20
-1019.1570860997912
 10
2065.0
 20
-1059.1570860997913
 10
2079.8
 20
-1059.1570860997913
 42
-2.414213562373095
 10
2083.0
 20
-1062.357086099791
 10
2083.0
 20
-1094.3414324368027
 10
2091.3571428571427
 20
-1099.8601649486873
 10
2099.714285714286
 20
-1104.9967791737613
 10
2108.0714285714284
 20
-1109.7512751120255
 10
2116.4285714285716
 20
-1114.1236527634794
 10
2124.785714285714
 20
-1118.113912128123
 10
2133.1428571428573
 20
-1121.7220532059564
 10
2141.5
 20
-1124.94807599698
 10
2149.8571428571427
 20
-1127.791980501193
 10
2158.214285714286
 20
-1130.253766718596
 10
2166.5714285714284
 20
-1132.3334346491888
 10
2174.9285714285716
 20
-1134.0309842929714
 10
2183.285714285714
 20
-1135.3464156499438
 10
2191.6428571428573
 20
-1136.279728720106
 10
2200.0
 20
-1136.830923503458
 10
2208.3571428571427
 20
-1137.0
 10
2216.714285714286
 20
-1136.7869582097317
 10
2225.0714285714284
 20
-1136.1917981326533
 10
2233.4285714285716
 20
-1135.2145197687646
 10
2241.785714285714
 20
-1133.8551231180656
 10
2250.142857142857
 20
-1132.1136081805566
 10
2258.5
 20
-1129.9899749562373
 10
2266.8571428571427
 20
-1127.484223445108
 10
2275.214285714286
 20
-1124.5963536471686
 10
2283.5714285714284
 20
-1121.3263655624187
 10
2291.9285714285716
 20
-1117.674259190859
 10
2300.285714285714
 20
-1113.6400345324887
 10
2308.642857142857
 20
-1109.2236915873086
 10
2317.0
 20
-1104.425230355318
 10
2317.0
 20
-1062.357086099791
 42
-2.414213562373095
 10
2320.2
 20
-1059.1570860997913
 10
2335.0
 20
-1059.1570860997913
 10
2335.0
 20
-1019.1570860997912
 10
2320.2
 20
-1019.1570860997912
 42
-2.414213562373095
 10
2317.0
 20
-1015.9570860997912
 10
2317.0
 20
-1011.1570860997912
  0
TEXT
  5
19C
330
17
100
AcDbEntity
  8
ENGRAVE-LABEL
100
AcDbText
 10
2200.0
 20
-1074.078027378071
 30
0.0
 40
18.0
  1
06 BODY-RIB-D 6/8
 72
1
 11
2200.0
 21
-1074.078027378071
 31
0.0
100
AcDbText
 73
2
  0
LWPOLYLINE
  5
19D
330
17
100
AcDbEntity
  8
CUT
100
AcDbPolyline
 90
43
 70
1
 10
2329.0
 20
-1453.0
 10
2329.0
 20
-1448.2
 42
-2.414213562373095
 10
2332.2
 20
-1445.0
 10
2347.0
 20
-1445.0
 10
2347.0
 20
-1405.0
 10
2332.2
 20
-1405.0
 42
-2.414213562373095
 10
2329.0
 20
-1401.8
 10
2329.0
 20
-1369.8156536629883
 10
2320.6428571428573
 20
-1364.296921151104
 10
2312.285714285714
 20
-1359.1603069260298
 10
2303.9285714285716
 20
-1354.4058109877656
 10
2295.5714285714284
 20
-1350.0334333363119
 10
2287.214285714286
 20
-1346.0431739716682
 10
2278.8571428571427
 20
-1342.4350328938347
 10
2270.5
 20
-1339.2090101028114
 10
2262.1428571428573
 20
-1336.3651055985981
 10
2253.785714285714
 20
-1333.9033193811952
 10
2245.4285714285716
 20
-1331.8236514506025
 10
2237.0714285714284
 20
-1330.1261018068199
 10
2228.714285714286
 20
-1328.8106704498473
 10
2220.357142857143
 20
-1327.8773573796852
 10
2212.0
 20
-1327.3261625963332
 10
2203.6428571428573
 20
-1327.1570860997913
 10
2195.285714285714
 20
-1327.3701278900594
 10
2186.9285714285716
 20
-1327.965287967138
 10
2178.5714285714284
 20
-1328.9425663310267
 10
2170.214285714286
 20
-1330.3019629817254
 10
2161.8571428571427
 20
-1332.0434779192344
 10
2153.5
 20
-1334.1671111435537
 10
2145.1428571428573
 20
-1336.672862654683
 10
2136.785714285714
 20
-1339.5607324526227
 10
2128.4285714285716
 20
-1342.8307205373724
 10
2120.0714285714284
 20
-1346.4828269089323
 10
2111.714285714286
 20
-1350.5170515673024
 10
2103.3571428571427
 20
-1354.9333945124827
 10
2095.0
 20
-1359.731855744473
 10
2095.0
 20
-1401.8
 42
-2.414213562373095
 10
2091.8
 20
-1405.0
 10
2077.0
 20
-1405.0
 10
2077.0
 20
-1445.0
 10
2091.8
 20
-1445.0
 42
-2.414213562373095
 10
2095.0
 20
-1448.2
 10
2095.0
 20
-1453.0
  0
TEXT
  5
19E
330
17
100
AcDbEntity
  8
ENGRAVE-LABEL
100
AcDbText
 10
2212.0
 20
-1390.0790587217202
 30
0.0
 40
18.0
  1
06 BODY-RIB-D 7/8
 72
1
 11
2212.0
 21
-1390.0790587217202
 31
0.0
100
AcDbText
 73
2
  0
LWPOLYLINE
  5
19F
330
17
100
AcDbEntity
  8
CUT
100
AcDbPolyline
 90
43
 70
1
 10
2151.0
 20
-423.15708609979106
 10
2151.0
 20
-427.95708609979124
 42
-2.414213562373095
 10
2147.8
 20
-431.15708609979106
 10
2133.0
 20
-431.15708609979106
 10
2133.0
 20
-471.1570860997912
 10
2147.8
 20
-471.1570860997912
 42
-2.414213562373095
 10
2151.0
 20
-474.3570860997911
 10
2151.0
 20
-506.34143243680273
 10
2159.3571428571427
 20
-511.86016494868727
 10
2167.714285714286
 20
-516.9967791737614
 10
2176.0714285714284
 20
-521.7512751120255
 10
2184.4285714285716
 20
-526.1236527634793
 10
2192.785714285714
 20
-530.113912128123
 10
2201.1428571428573
 20
-533.7220532059565
 10
2209.5
 20
-536.9480759969798
 10
2217.8571428571427
 20
-539.7919805011929
 10
2226.214285714286
 20
-542.2537667185959
 10
2234.5714285714284
 20
-544.3334346491887
 10
2242.9285714285716
 20
-546.0309842929713
 10
2251.285714285714
 20
-547.3464156499438
 10
2259.6428571428573
 20
-548.279728720106
 10
2268.0
 20
-548.830923503458
 10
2276.3571428571427
 20
-549.0
 10
2284.714285714286
 20
-548.7869582097317
 10
2293.0714285714284
 20
-548.1917981326533
 10
2301.4285714285716
 20
-547.2145197687646
 10
2309.785714285714
 20
-545.8551231180656
 10
2318.142857142857
 20
-544.1136081805566
 10
2326.5
 20
-541.9899749562375
 10
2334.8571428571427
 20
-539.4842234451081
 10
2343.214285714286
 20
-536.5963536471686
 10
2351.5714285714284
 20
-533.3263655624188
 10
2359.9285714285716
 20
-529.674259190859
 10
2368.285714285714
 20
-525.6400345324888
 10
2376.642857142857
 20
-521.2236915873085
 10
2385.0
 20
-516.4252303553181
 10
2385.0
 20
-474.3570860997912
 42
-2.414213562373095
 10
2388.2
 20
-471.1570860997912
 10
2403.0
 20
-471.1570860997912
 10
2403.0
 20
-431.1570860997913
 10
2388.2
 20
-431.1570860997913
 42
-2.414213562373095
 10
2385.0
 20
-427.95708609979124
 10
2385.0
 20
-423.1570860997913
  0
TEXT
  5
1A0
330
17
100
AcDbEntity
  8
ENGRAVE-LABEL
100
AcDbText
 10
2268.0
 20
-486.07802737807094
 30
0.0
 40
18.0
  1
06 BODY-RIB-D 8/8
 72
1
 11
2268.0
 21
-486.07802737807094
 31
0.0
100
AcDbText
 73
2
  0
LWPOLYLINE
  5
1A1
330
17
100
AcDbEntity
  8
CUT
100
AcDbPolyline
 90
43
 70
1
 10
2304.252397642453
 20
-745.0
 10
2299.452397642453
 20
-745.0
 42
-2.414213562373095
 10
2296.252397642453
 20
-741.8
 10
2296.252397642453
 20
-727.0
 10
2256.252397642453
 20
-727.0
 10
2256.252397642453
 20
-741.8
 42
-2.414213562373095
 10
2253.0523976424533
 20
-745.0
 10
2221.6796645102063
 20
-745.0
 10
2216.4169423906123
 20
-753.3571428571429
 10
2211.5186123403873
 20
-761.7142857142857
 10
2206.984674359531
 20
-770.0714285714286
 10
2202.8151284480423
 20
-778.4285714285714
 10
2199.009974605923
 20
-786.7857142857142
 10
2195.569212833172
 20
-795.1428571428571
 10
2192.49284312979
 20
-803.5
 10
2189.780865495776
 20
-811.8571428571429
 10
2187.433279931131
 20
-820.2142857142857
 10
2185.4500864358542
 20
-828.5714285714286
 10
2183.831285009946
 20
-836.9285714285714
 10
2182.5768756534067
 20
-845.2857142857142
 10
2181.686858366236
 20
-853.6428571428571
 10
2181.161233148434
 20
-862.0
 10
2181.0
 20
-870.3571428571429
 10
2181.203158920935
 20
-878.7142857142857
 10
2181.7707099112386
 20
-887.0714285714286
 10
2182.7026529709105
 20
-895.4285714285713
 10
2183.998988099951
 20
-903.7857142857142
 10
2185.6597152983604
 20
-912.1428571428571
 10
2187.6848345661383
 20
-920.5
 10
2190.0743459032847
 20
-928.8571428571429
 10
2192.8282493097995
 20
-937.2142857142858
 10
2195.9465447856833
 20
-945.5714285714286
 10
2199.4292323309355
 20
-953.9285714285714
 10
2203.2763119455562
 20
-962.2857142857142
 10
2207.4877836295454
 20
-970.6428571428571
 10
2212.063647382903
 20
-979.0
 10
2253.0523976424533
 20
-979.0
 42
-2.414213562373095
 10
2256.252397642453
 20
-982.2
 10
2256.252397642453
 20
-997.0
 10
2296.252397642453
 20
-997.0
 10
2296.252397642453
 20
-982.2
 42
-2.414213562373095
 10
2299.452397642453
 20
-979.0
 10
2304.252397642453
 20
-979.0
  0
TEXT
  5
1A2
330
17
100
AcDbEntity
  8
ENGRAVE-LABEL
100
AcDbText
 10
2242.626667765176
 20
-862.0
 30
0.0
 40
18.0
  1
07 BODY-RIB-E 1/8
 50
90.0
 72
1
 11
2242.626667765176
 21
-862.0
 31
0.0
100
AcDbText
 73
2
  0
LWPOLYLINE
  5
1A3
330
17
100
AcDbEntity
  8
CUT
100
AcDbPolyline
 90
43
 70
1
 10
2412.252397642453
 20
-1113.0
 10
2407.452397642453
 20
-1113.0
 42
-2.414213562373095
 10
2404.252397642453
 20
-1109.8
 10
2404.252397642453
 20
-1095.0
 10
2364.252397642453
 20
-1095.0
 10
2364.252397642453
 20
-1109.8
 42
-2.414213562373095
 10
2361.0523976424533
 20
-1113.0
 10
2329.6796645102063
 20
-1113.0
 10
2324.4169423906123
 20
-1121.357142857143
 10
2319.5186123403873
 20
-1129.7142857142858
 10
2314.984674359531
 20
-1138.0714285714284
 10
2310.8151284480423
 20
-1146.4285714285716
 10
2307.009974605923
 20
-1154.7857142857142
 10
2303.569212833172
 20
-1163.142857142857
 10
2300.49284312979
 20
-1171.5
 10
2297.780865495776
 20
-1179.857142857143
 10
2295.433279931131
 20
-1188.2142857142858
 10
2293.4500864358542
 20
-1196.5714285714284
 10
2291.831285009946
 20
-1204.9285714285716
 10
2290.5768756534067
 20
-1213.2857142857142
 10
2289.686858366236
 20
-1221.642857142857
 10
2289.161233148434
 20
-1230.0
 10
2289.0
 20
-1238.357142857143
 10
2289.203158920935
 20
-1246.7142857142858
 10
2289.7707099112386
 20
-1255.0714285714284
 10
2290.7026529709105
 20
-1263.4285714285713
 10
2291.998988099951
 20
-1271.7857142857142
 10
2293.6597152983604
 20
-1280.142857142857
 10
2295.6848345661383
 20
-1288.5
 10
2298.0743459032847
 20
-1296.857142857143
 10
2300.8282493097995
 20
-1305.2142857142858
 10
2303.9465447856833
 20
-1313.5714285714287
 10
2307.4292323309355
 20
-1321.9285714285713
 10
2311.2763119455562
 20
-1330.2857142857142
 10
2315.4877836295454
 20
-1338.642857142857
 10
2320.063647382903
 20
-1347.0
 10
2361.0523976424533
 20
-1347.0
 42
-2.414213562373095
 10
2364.252397642453
 20
-1350.2
 10
2364.252397642453
 20
-1365.0
 10
2404.252397642453
 20
-1365.0
 10
2404.252397642453
 20
-1350.2
 42
-2.414213562373095
 10
2407.452397642453
 20
-1347.0
 10
2412.252397642453
 20
-1347.0
  0
TEXT
  5
1A4
330
17
100
AcDbEntity
  8
ENGRAVE-LABEL
100
AcDbText
 10
2350.626667765176
 20
-1230.0
 30
0.0
 40
18.0
  1
07 BODY-RIB-E 2/8
 50
90.0
 72
1
 11
2350.626667765176
 21
-1230.0
 31
0.0
100
AcDbText
 73
2
  0
LWPOLYLINE
  5
1A5
330
17
100
AcDbEntity
  8
REFERENCE-SHEET
100
AcDbPolyline
 90
4
 70
1
 10
0.0
 20
-2940.0
 10
2440.0
 20
-2940.0
 10
2440.0
 20
-1720.0
 10
0.0
 20
-1720.0
  0
TEXT
  5
1A6
330
17
100
AcDbEntity
  8
REFERENCE-SHEET
100
AcDbText
 10
0.0
 20
-1665.0
 30
0.0
 40
40.0
  1
SHEET 3/3  -  2440 x 1220 x 18 mm MDF
 11
0.0
 21
-1665.0
 31
0.0
100
AcDbText
  0
LWPOLYLINE
  5
1A7
330
17
100
AcDbEntity
  8
CUT
100
AcDbPolyline
 90
43
 70
1
 10
17.0
 20
-2905.0
 10
21.8
 20
-2905.0
 42
-2.414213562373095
 10
25.0
 20
-2908.2
 10
25.0
 20
-2923.0
 10
65.0
 20
-2923.0
 10
65.0
 20
-2908.2
 42
-2.414213562373095
 10
68.2
 20
-2905.0
 10
99.57273313224687
 20
-2905.0
 10
104.8354552518407
 20
-2896.6428571428573
 10
109.73378530206594
 20
-2888.285714285714
 10
114.26772328292259
 20
-2879.9285714285716
 10
118.4372691944107
 20
-2871.5714285714284
 10
122.24242303653023
 20
-2863.214285714286
 10
125.6831848092811
 20
-2854.8571428571427
 10
128.75955451266344
 20
-2846.5
 10
131.4715321466772
 20
-2838.1428571428573
 10
133.81911771132235
 20
-2829.785714285714
 10
135.80231120659897
 20
-2821.4285714285716
 10
137.421112632507
 20
-2813.0714285714284
 10
138.6755219890464
 20
-2804.714285714286
 10
139.56553927621724
 20
-2796.3571428571427
 10
140.0911644940195
 20
-2788.0
 10
140.25239764245316
 20
-2779.6428571428573
 10
140.0492387215183
 20
-2771.285714285714
 10
139.48168773121478
 20
-2762.9285714285716
 10
138.54974467154273
 20
-2754.5714285714284
 10
137.25340954250203
 20
-2746.214285714286
 10
135.5926823440928
 20
-2737.8571428571427
 10
133.56756307631497
 20
-2729.5
 10
131.17805173916855
 20
-2721.1428571428573
 10
128.42414833265354
 20
-2712.785714285714
 10
125.30585285677
 20
-2704.4285714285716
 10
121.82316531151781
 20
-2696.0714285714284
 10
117.97608569689709
 20
-2687.714285714286
 10
113.76461401290777
 20
-2679.357142857143
 10
109.18875025954986
 20
-2671.0
 10
68.2
 20
-2671.0
 42
-2.414213562373095
 10
65.0
 20
-2667.8
 10
65.0
 20
-2653.0
 10
25.0
 20
-2653.0
 10
25.0
 20
-2667.8
 42
-2.414213562373095
 10
21.8
 20
-2671.0
 10
17.0
 20
-2671.0
  0
TEXT
  5
1A8
330
17
100
AcDbEntity
  8
ENGRAVE-LABEL
100
AcDbText
 10
78.62572987727717
 20
-2788.0
 30
0.0
 40
18.0
  1
07 BODY-RIB-E 3/8
 50
90.0
 72
1
 11
78.62572987727717
 21
-2788.0
 31
0.0
100
AcDbText
 73
2
  0
LWPOLYLINE
  5
1A9
330
17
100
AcDbEntity
  8
CUT
100
AcDbPolyline
 90
43
 70
1
 10
35.00000000000001
 20
-2535.747602357547
 10
35.00000000000001
 20
-2540.5476023575466
 42
-2.414213562373095
 10
31.800000000000008
 20
-2543.747602357547
 10
17.000000000000007
 20
-2543.747602357547
 10
17.0
 20
-2583.747602357547
 10
31.8
 20
-2583.747602357547
 42
-2.414213562373095
 10
35.0
 20
-2586.9476023575467
 10
34.99999999999999
 20
-2618.3203354897937
 10
43.35714285714285
 20
-2623.5830576093877
 10
51.71428571428571
 20
-2628.4813876596127
 10
60.071428571428555
 20
-2633.015325640469
 10
68.42857142857142
 20
-2637.1848715519577
 10
76.78571428571428
 20
-2640.990025394077
 10
85.14285714285714
 20
-2644.430787166828
 10
93.5
 20
-2647.50715687021
 10
101.85714285714286
 20
-2650.219134504224
 10
110.2142857142857
 20
-2652.566720068869
 10
118.57142857142856
 20
-2654.5499135641458
 10
126.92857142857142
 20
-2656.168714990054
 10
135.28571428571428
 20
-2657.4231243465933
 10
143.6428571428571
 20
-2658.313141633764
 10
151.99999999999997
 20
-2658.838766851566
 10
160.35714285714283
 20
-2659.0
 10
168.7142857142857
 20
-2658.796841079065
 10
177.07142857142856
 20
-2658.2292900887614
 10
185.4285714285714
 20
-2657.2973470290895
 10
193.78571428571425
 20
-2656.001011900049
 10
202.1428571428571
 20
-2654.3402847016396
 10
210.49999999999997
 20
-2652.3151654338617
 10
218.85714285714283
 20
-2649.9256540967153
 10
227.2142857142857
 20
-2647.1717506902005
 10
235.57142857142856
 20
-2644.0534552143167
 10
243.9285714285714
 20
-2640.5707676690645
 10
252.28571428571425
 20
-2636.7236880544438
 10
260.6428571428571
 20
-2632.5122163704546
 10
269.0
 20
-2627.936352617097
 10
269.0
 20
-2586.947602357547
 42
-2.414213562373095
 10
272.2
 20
-2583.747602357547
 10
287.0
 20
-2583.747602357547
 10
287.0
 20
-2543.747602357547
 10
272.2
 20
-2543.747602357547
 42
-2.414213562373095
 10
269.0
 20
-2540.547602357547
 10
269.0
 20
-2535.747602357547
  0
TEXT
  5
1AA
330
17
100
AcDbEntity
  8
ENGRAVE-LABEL
100
AcDbText
 10
152.0
 20
-2597.373332234824
 30
0.0
 40
18.0
  1
07 BODY-RIB-E 4/8
 72
1
 11
152.0
 21
-2597.373332234824
 31
0.0
100
AcDbText
 73
2
  0
LWPOLYLINE
  5
1AB
330
17
100
AcDbEntity
  8
CUT
100
AcDbPolyline
 90
43
 70
1
 10
17.0
 20
-2501.0
 10
21.8
 20
-2501.0
 42
-2.414213562373095
 10
25.0
 20
-2504.2
 10
25.0
 20
-2519.0
 10
65.0
 20
-2519.0
 10
65.0
 20
-2504.2
 42
-2.414213562373095
 10
68.2
 20
-2501.0
 10
99.57273313224687
 20
-2501.0
 10
104.8354552518407
 20
-2492.6428571428573
 10
109.73378530206594
 20
-2484.285714285714
 10
114.26772328292259
 20
-2475.9285714285716
 10
118.4372691944107
 20
-2467.5714285714284
 10
122.24242303653023
 20
-2459.214285714286
 10
125.6831848092811
 20
-2450.857142857143
 10
128.75955451266344
 20
-2442.5
 10
131.4715321466772
 20
-2434.142857142857
 10
133.81911771132235
 20
-2425.785714285714
 10
135.80231120659897
 20
-2417.4285714285716
 10
137.421112632507
 20
-2409.0714285714284
 10
138.6755219890464
 20
-2400.714285714286
 10
139.56553927621724
 20
-2392.357142857143
 10
140.0911644940195
 20
-2384.0
 10
140.25239764245316
 20
-2375.642857142857
 10
140.0492387215183
 20
-2367.285714285714
 10
139.48168773121478
 20
-2358.9285714285716
 10
138.54974467154273
 20
-2350.5714285714284
 10
137.25340954250203
 20
-2342.214285714286
 10
135.5926823440928
 20
-2333.857142857143
 10
133.56756307631497
 20
-2325.5
 10
131.17805173916855
 20
-2317.142857142857
 10
128.42414833265354
 20
-2308.785714285714
 10
125.30585285677
 20
-2300.4285714285716
 10
121.82316531151781
 20
-2292.0714285714284
 10
117.97608569689709
 20
-2283.714285714286
 10
113.76461401290777
 20
-2275.357142857143
 10
109.18875025954986
 20
-2267.0
 10
68.2
 20
-2267.0
 42
-2.414213562373095
 10
65.0
 20
-2263.8
 10
65.0
 20
-2249.0
 10
25.0
 20
-2249.0
 10
25.0
 20
-2263.8
 42
-2.414213562373095
 10
21.8
 20
-2267.0
 10
17.0
 20
-2267.0
  0
TEXT
  5
1AC
330
17
100
AcDbEntity
  8
ENGRAVE-LABEL
100
AcDbText
 10
78.62572987727717
 20
-2384.0
 30
0.0
 40
18.0
  1
07 BODY-RIB-E 5/8
 50
90.0
 72
1
 11
78.62572987727717
 21
-2384.0
 31
0.0
100
AcDbText
 73
2
  0
LWPOLYLINE
  5
1AD
330
17
100
AcDbEntity
  8
CUT
100
AcDbPolyline
 90
43
 70
1
 10
35.00000000000001
 20
-2131.747602357547
 10
35.00000000000001
 20
-2136.5476023575466
 42
-2.414213562373095
 10
31.800000000000008
 20
-2139.747602357547
 10
17.000000000000007
 20
-2139.747602357547
 10
17.0
 20
-2179.747602357547
 10
31.8
 20
-2179.747602357547
 42
-2.414213562373095
 10
35.0
 20
-2182.9476023575467
 10
34.99999999999999
 20
-2214.3203354897937
 10
43.35714285714285
 20
-2219.5830576093877
 10
51.71428571428571
 20
-2224.4813876596127
 10
60.071428571428555
 20
-2229.015325640469
 10
68.42857142857142
 20
-2233.1848715519573
 10
76.78571428571428
 20
-2236.990025394077
 10
85.14285714285714
 20
-2240.430787166828
 10
93.5
 20
-2243.50715687021
 10
101.85714285714286
 20
-2246.219134504224
 10
110.2142857142857
 20
-2248.566720068869
 10
118.57142857142856
 20
-2250.5499135641458
 10
126.92857142857142
 20
-2252.1687149900536
 10
135.28571428571428
 20
-2253.4231243465933
 10
143.6428571428571
 20
-2254.313141633764
 10
151.99999999999997
 20
-2254.838766851566
 10
160.35714285714283
 20
-2255.0
 10
168.7142857142857
 20
-2254.7968410790654
 10
177.07142857142856
 20
-2254.2292900887614
 10
185.4285714285714
 20
-2253.2973470290895
 10
193.78571428571425
 20
-2252.001011900049
 10
202.1428571428571
 20
-2250.3402847016396
 10
210.49999999999997
 20
-2248.3151654338617
 10
218.85714285714283
 20
-2245.9256540967153
 10
227.2142857142857
 20
-2243.1717506902005
 10
235.57142857142856
 20
-2240.0534552143167
 10
243.9285714285714
 20
-2236.5707676690645
 10
252.28571428571425
 20
-2232.723688054444
 10
260.6428571428571
 20
-2228.5122163704546
 10
269.0
 20
-2223.936352617097
 10
269.0
 20
-2182.947602357547
 42
-2.414213562373095
 10
272.2
 20
-2179.747602357547
 10
287.0
 20
-2179.747602357547
 10
287.0
 20
-2139.747602357547
 10
272.2
 20
-2139.747602357547
 42
-2.414213562373095
 10
269.0
 20
-2136.5476023575466
 10
269.0
 20
-2131.747602357547
  0
TEXT
  5
1AE
330
17
100
AcDbEntity
  8
ENGRAVE-LABEL
100
AcDbText
 10
152.0
 20
-2193.373332234824
 30
0.0
 40
18.0
  1
07 BODY-RIB-E 6/8
 72
1
 11
152.0
 21
-2193.373332234824
 31
0.0
100
AcDbText
 73
2
  0
LWPOLYLINE
  5
1AF
330
17
100
AcDbEntity
  8
CUT
100
AcDbPolyline
 90
43
 70
1
 10
17.0
 20
-2097.0
 10
21.8
 20
-2097.0
 42
-2.414213562373095
 10
25.0
 20
-2100.2
 10
25.0
 20
-2115.0
 10
65.0
 20
-2115.0
 10
65.0
 20
-2100.2
 42
-2.414213562373095
 10
68.2
 20
-2097.0
 10
99.57273313224687
 20
-2097.0
 10
104.8354552518407
 20
-2088.642857142857
 10
109.73378530206594
 20
-2080.285714285714
 10
114.26772328292259
 20
-2071.9285714285716
 10
118.4372691944107
 20
-2063.5714285714284
 10
122.24242303653023
 20
-2055.214285714286
 10
125.6831848092811
 20
-2046.857142857143
 10
128.75955451266344
 20
-2038.5
 10
131.4715321466772
 20
-2030.142857142857
 10
133.81911771132235
 20
-2021.7857142857142
 10
135.80231120659897
 20
-2013.4285714285716
 10
137.421112632507
 20
-2005.0714285714284
 10
138.6755219890464
 20
-1996.7142857142858
 10
139.56553927621724
 20
-1988.357142857143
 10
140.0911644940195
 20
-1980.0
 10
140.25239764245316
 20
-1971.642857142857
 10
140.0492387215183
 20
-1963.2857142857142
 10
139.48168773121478
 20
-1954.9285714285716
 10
138.54974467154273
 20
-1946.5714285714284
 10
137.25340954250203
 20
-1938.2142857142858
 10
135.5926823440928
 20
-1929.857142857143
 10
133.56756307631497
 20
-1921.5
 10
131.17805173916855
 20
-1913.142857142857
 10
128.42414833265354
 20
-1904.7857142857142
 10
125.30585285677
 20
-1896.4285714285713
 10
121.82316531151781
 20
-1888.0714285714287
 10
117.97608569689709
 20
-1879.7142857142858
 10
113.76461401290777
 20
-1871.357142857143
 10
109.18875025954986
 20
-1863.0
 10
68.2
 20
-1863.0
 42
-2.414213562373095
 10
65.0
 20
-1859.8
 10
65.0
 20
-1845.0
 10
25.0
 20
-1845.0
 10
25.0
 20
-1859.8
 42
-2.414213562373095
 10
21.8
 20
-1863.0
 10
17.0
 20
-1863.0
  0
TEXT
  5
1B0
330
17
100
AcDbEntity
  8
ENGRAVE-LABEL
100
AcDbText
 10
78.62572987727717
 20
-1980.0
 30
0.0
 40
18.0
  1
07 BODY-RIB-E 7/8
 50
90.0
 72
1
 11
78.62572987727717
 21
-1980.0
 31
0.0
100
AcDbText
 73
2
  0
LWPOLYLINE
  5
1B1
330
17
100
AcDbEntity
  8
CUT
100
AcDbPolyline
 90
43
 70
1
 10
63.00000000000001
 20
-1739.7476023575468
 10
63.00000000000001
 20
-1744.5476023575468
 42
-2.414213562373095
 10
59.80000000000001
 20
-1747.7476023575468
 10
45.00000000000001
 20
-1747.7476023575468
 10
45.0
 20
-1787.7476023575468
 10
59.8
 20
-1787.7476023575468
 42
-2.414213562373095
 10
63.0
 20
-1790.9476023575469
 10
62.99999999999999
 20
-1822.3203354897937
 10
71.35714285714285
 20
-1827.5830576093874
 10
79.71428571428571
 20
-1832.4813876596127
 10
88.07142857142856
 20
-1837.0153256404694
 10
96.42857142857142
 20
-1841.1848715519575
 10
104.78571428571428
 20
-1844.990025394077
 10
113.14285714285714
 20
-1848.430787166828
 10
121.5
 20
-1851.5071568702103
 10
129.85714285714286
 20
-1854.219134504224
 10
138.2142857142857
 20
-1856.5667200688692
 10
146.57142857142856
 20
-1858.5499135641458
 10
154.92857142857142
 20
-1860.1687149900538
 10
163.28571428571428
 20
-1861.4231243465933
 10
171.6428571428571
 20
-1862.3131416337642
 10
179.99999999999997
 20
-1862.8387668515663
 10
188.35714285714283
 20
-1863.0
 10
196.7142857142857
 20
-1862.7968410790652
 10
205.07142857142856
 20
-1862.2292900887617
 10
213.4285714285714
 20
-1861.2973470290895
 10
221.78571428571425
 20
-1860.001011900049
 10
230.1428571428571
 20
-1858.3402847016396
 10
238.49999999999997
 20
-1856.315165433862
 10
246.85714285714283
 20
-1853.9256540967153
 10
255.2142857142857
 20
-1851.1717506902005
 10
263.57142857142856
 20
-1848.053455214317
 10
271.9285714285714
 20
-1844.5707676690647
 10
280.2857142857142
 20
-1840.723688054444
 10
288.6428571428571
 20
-1836.5122163704546
 10
297.0
 20
-1831.9363526170966
 10
297.0
 20
-1790.9476023575469
 42
-2.414213562373095
 10
300.2
 20
-1787.7476023575468
 10
315.0
 20
-1787.7476023575468
 10
315.0
 20
-1747.7476023575468
 10
300.2
 20
-1747.7476023575468
 42
-2.414213562373095
 10
297.0
 20
-1744.5476023575468
 10
297.0
 20
-1739.7476023575468
  0
TEXT
  5
1B2
330
17
100
AcDbEntity
  8
ENGRAVE-LABEL
100
AcDbText
 10
180.0
 20
-1801.373332234824
 30
0.0
 40
18.0
  1
07 BODY-RIB-E 8/8
 72
1
 11
180.0
 21
-1801.373332234824
 31
0.0
100
AcDbText
 73
2
  0
ENDSEC
  0
SECTION
  2
OBJECTS
  0
DICTIONARY
  5
A
330
0
100
AcDbDictionary
281
1
  3
ACAD_COLOR
350
B
  3
ACAD_GROUP
350
C
  3
ACAD_LAYOUT
350
D
  3
ACAD_MATERIAL
350
E
  3
ACAD_MLEADERSTYLE
350
F
  3
ACAD_MLINESTYLE
350
10
  3
ACAD_PLOTSETTINGS
350
11
  3
ACAD_PLOTSTYLENAME
350
12
  3
ACAD_SCALELIST
350
14
  3
ACAD_TABLESTYLE
350
15
  3
ACAD_VISUALSTYLE
350
16
  3
EZDXF_META
350
2D
  0
DICTIONARY
  5
B
330
A
100
AcDbDictionary
281
1
  0
DICTIONARY
  5
C
330
A
100
AcDbDictionary
281
1
  0
DICTIONARY
  5
D
330
A
100
AcDbDictionary
281
1
  3
Model
350
1A
  3
Layout1
350
1E
  0
DICTIONARY
  5
E
330
A
100
AcDbDictionary
281
1
  3
ByBlock
350
1F
  3
ByLayer
350
20
  3
Global
350
21
  0
DICTIONARY
  5
F
330
A
100
AcDbDictionary
281
1
  3
Standard
350
2C
  0
DICTIONARY
  5
10
330
A
100
AcDbDictionary
281
1
  3
Standard
350
22
  0
DICTIONARY
  5
11
330
A
100
AcDbDictionary
281
1
  0
ACDBDICTIONARYWDFLT
  5
12
330
A
100
AcDbDictionary
281
1
  3
Normal
350
13
100
AcDbDictionaryWithDefault
340
13
  0
ACDBPLACEHOLDER
  5
13
330
12
  0
DICTIONARY
  5
14
330
A
100
AcDbDictionary
281
1
  0
DICTIONARY
  5
15
330
A
100
AcDbDictionary
281
1
  0
DICTIONARY
  5
16
330
A
100
AcDbDictionary
281
1
  3
2dWireframe
350
5A
  3
Basic
350
5B
  3
Brighten
350
5C
  3
ColorChange
350
5D
  3
Conceptual
350
5E
  3
Dim
350
5F
  3
EdgeColorOff
350
60
  3
Facepattern
350
61
  3
Flat
350
62
  3
FlatWithEdges
350
63
  3
Gouraud
350
64
  3
GouraudWithEdges
350
65
  3
Hidden
350
66
  3
JitterOff
350
67
  3
Linepattern
350
68
  3
Modeling
350
69
  3
OverhangOff
350
6A
  3
Realistic
350
6B
  3
Shaded
350
6C
  3
Shaded with edges
350
6D
  3
Shades of Gray
350
6E
  3
Sketchy
350
6F
  3
Thicken
350
70
  3
Wireframe
350
71
  3
X-Ray
350
72
  0
LAYOUT
  5
1A
330
D
100
AcDbPlotSettings
  1

  4
A3
  6

 40
7.5
 41
20.0
 42
7.5
 43
20.0
 44
420.0
 45
297.0
 46
0.0
 47
0.0
 48
0.0
 49
0.0
140
0.0
141
0.0
142
1.0
143
1.0
 70
1024
 72
1
 73
0
 74
5
  7

 75
16
 76
0
 77
2
 78
300
147
1.0
148
0.0
149
0.0
100
AcDbLayout
  1
Model
 70
1
 71
0
 10
0.0
 20
0.0
 11
420.0
 21
297.0
 12
0.0
 22
0.0
 32
0.0
 14
1e+20
 24
1e+20
 34
1e+20
 15
-1e+20
 25
-1e+20
 35
-1e+20
146
0.0
 13
0.0
 23
0.0
 33
0.0
 16
1.0
 26
0.0
 36
0.0
 17
0.0
 27
1.0
 37
0.0
 76
1
330
17
  0
LAYOUT
  5
1E
330
D
100
AcDbPlotSettings
  1

  4
A3
  6

 40
7.5
 41
20.0
 42
7.5
 43
20.0
 44
420.0
 45
297.0
 46
0.0
 47
0.0
 48
0.0
 49
0.0
140
0.0
141
0.0
142
1.0
143
1.0
 70
0
 72
1
 73
0
 74
5
  7

 75
16
 76
0
 77
2
 78
300
147
1.0
148
0.0
149
0.0
100
AcDbLayout
  1
Layout1
 70
1
 71
1
 10
0.0
 20
0.0
 11
420.0
 21
297.0
 12
0.0
 22
0.0
 32
0.0
 14
1e+20
 24
1e+20
 34
1e+20
 15
-1e+20
 25
-1e+20
 35
-1e+20
146
0.0
 13
0.0
 23
0.0
 33
0.0
 16
1.0
 26
0.0
 36
0.0
 17
0.0
 27
1.0
 37
0.0
 76
1
330
1B
  0
MATERIAL
  5
1F
102
{ACAD_REACTORS
330
E
102
}
330
E
100
AcDbMaterial
  1
ByBlock
  2

 70
0
 40
1.0
 71
1
 41
1.0
 91
-1023410177
 42
1.0
 72
1
  3

 73
1
 74
1
 75
1
 44
0.5
 73
0
 45
1.0
 46
1.0
 77
1
  4

 78
1
 79
1
170
1
 48
1.0
171
1
  6

172
1
173
1
174
1
140
1.0
141
1.0
175
1
  7

176
1
177
1
178
1
143
1.0
179
1
  8

270
1
271
1
272
1
145
1.0
146
1.0
273
1
  9

274
1
275
1
276
1
 42
1.0
 72
1
  3

 73
1
 74
1
 75
1
 94
63
  0
MATERIAL
  5
20
102
{ACAD_REACTORS
330
E
102
}
330
E
100
AcDbMaterial
  1
ByLayer
  2

 70
0
 40
1.0
 71
1
 41
1.0
 91
-1023410177
 42
1.0
 72
1
  3

 73
1
 74
1
 75
1
 44
0.5
 73
0
 45
1.0
 46
1.0
 77
1
  4

 78
1
 79
1
170
1
 48
1.0
171
1
  6

172
1
173
1
174
1
140
1.0
141
1.0
175
1
  7

176
1
177
1
178
1
143
1.0
179
1
  8

270
1
271
1
272
1
145
1.0
146
1.0
273
1
  9

274
1
275
1
276
1
 42
1.0
 72
1
  3

 73
1
 74
1
 75
1
 94
63
  0
MATERIAL
  5
21
102
{ACAD_REACTORS
330
E
102
}
330
E
100
AcDbMaterial
  1
Global
  2

 70
0
 40
1.0
 71
1
 41
1.0
 91
-1023410177
 42
1.0
 72
1
  3

 73
1
 74
1
 75
1
 44
0.5
 73
0
 45
1.0
 46
1.0
 77
1
  4

 78
1
 79
1
170
1
 48
1.0
171
1
  6

172
1
173
1
174
1
140
1.0
141
1.0
175
1
  7

176
1
177
1
178
1
143
1.0
179
1
  8

270
1
271
1
272
1
145
1.0
146
1.0
273
1
  9

274
1
275
1
276
1
 42
1.0
 72
1
  3

 73
1
 74
1
 75
1
 94
63
  0
MLINESTYLE
  5
22
102
{ACAD_REACTORS
330
10
102
}
330
10
100
AcDbMlineStyle
  2
Standard
 70
0
  3

 62
256
 51
90.0
 52
90.0
 71
2
 49
0.5
 62
256
  6
BYLAYER
 49
-0.5
 62
256
  6
BYLAYER
  0
MLEADERSTYLE
  5
2C
102
{ACAD_REACTORS
330
F
102
}
330
F
100
AcDbMLeaderStyle
179
2
170
2
171
1
172
0
 90
2
 40
0.0
 41
0.0
173
1
 91
-1056964608
 92
-2
290
1
 42
2.0
291
1
 43
8.0
  3
Standard
 44
4.0
300

342
29
174
1
175
1
176
0
178
1
 93
-1056964608
 45
4.0
292
0
297
0
 46
4.0
 94
-1056964608
 47
1.0
 49
1.0
140
1.0
294
1
141
0.0
177
0
142
1.0
295
0
296
0
143
3.75
271
0
272
9
273
9
  0
DICTIONARY
  5
2D
330
A
100
AcDbDictionary
280
1
281
1
  3
CREATED_BY_EZDXF
350
2E
  3
WRITTEN_BY_EZDXF
350
1B5
  0
DICTIONARYVAR
  5
2E
330
2D
100
DictionaryVariables
280
0
  1
1.4.4 @ 2026-09-29T04:58:21.849039+00:00
  0
VISUALSTYLE
  5
5A
102
{ACAD_REACTORS
330
16
102
}
330
16
100
AcDbVisualStyle
  2
2dWireframe
 70
4
 90
0
 40
0.6
 62
7
290
0
291
0
  0
VISUALSTYLE
  5
5B
102
{ACAD_REACTORS
330
16
102
}
330
16
100
AcDbVisualStyle
  2
Basic
 70
7
 90
1
 40
0.6
 62
7
290
0
291
1
  0
VISUALSTYLE
  5
5C
102
{ACAD_REACTORS
330
16
102
}
330
16
100
AcDbVisualStyle
  2
Brighten
 70
12
 90
2
 40
0.6
 62
7
290
0
291
1
  0
VISUALSTYLE
  5
5D
102
{ACAD_REACTORS
330
16
102
}
330
16
100
AcDbVisualStyle
  2
ColorChange
 70
16
 90
2
 40
0.6
 62
8
290
0
291
1
  0
VISUALSTYLE
  5
5E
102
{ACAD_REACTORS
330
16
102
}
330
16
100
AcDbVisualStyle
  2
Conceptual
 70
9
 90
3
 40
0.6
 62
7
290
0
291
0
  0
VISUALSTYLE
  5
5F
102
{ACAD_REACTORS
330
16
102
}
330
16
100
AcDbVisualStyle
  2
Dim
 70
11
 90
2
 40
0.6
 62
7
290
0
291
1
  0
VISUALSTYLE
  5
60
102
{ACAD_REACTORS
330
16
102
}
330
16
100
AcDbVisualStyle
  2
EdgeColorOff
 70
22
 90
2
 40
0.6
 62
7
290
0
291
1
  0
VISUALSTYLE
  5
61
102
{ACAD_REACTORS
330
16
102
}
330
16
100
AcDbVisualStyle
  2
Facepattern
 70
15
 90
2
 40
0.6
 62
7
290
0
291
1
  0
VISUALSTYLE
  5
62
102
{ACAD_REACTORS
330
16
102
}
330
16
100
AcDbVisualStyle
  2
Flat
 70
0
 90
2
 40
0.6
 62
7
290
0
291
1
  0
VISUALSTYLE
  5
63
102
{ACAD_REACTORS
330
16
102
}
330
16
100
AcDbVisualStyle
  2
FlatWithEdges
 70
1
 90
2
 40
0.6
 62
7
290
0
291
1
  0
VISUALSTYLE
  5
64
102
{ACAD_REACTORS
330
16
102
}
330
16
100
AcDbVisualStyle
  2
Gouraud
 70
2
 90
2
 40
0.6
 62
7
290
0
291
1
  0
VISUALSTYLE
  5
65
102
{ACAD_REACTORS
330
16
102
}
330
16
100
AcDbVisualStyle
  2
GouraudWithEdges
 70
3
 90
2
 40
0.6
 62
7
290
0
291
1
  0
VISUALSTYLE
  5
66
102
{ACAD_REACTORS
330
16
102
}
330
16
100
AcDbVisualStyle
  2
Hidden
 70
6
 90
1
 40
0.6
 62
7
290
0
291
0
  0
VISUALSTYLE
  5
67
102
{ACAD_REACTORS
330
16
102
}
330
16
100
AcDbVisualStyle
  2
JitterOff
 70
20
 90
2
 40
0.6
 62
7
290
0
291
1
  0
VISUALSTYLE
  5
68
102
{ACAD_REACTORS
330
16
102
}
330
16
100
AcDbVisualStyle
  2
Linepattern
 70
14
 90
2
 40
0.6
 62
7
290
0
291
1
  0
VISUALSTYLE
  5
69
102
{ACAD_REACTORS
330
16
102
}
330
16
100
AcDbVisualStyle
  2
Modeling
 70
10
 90
2
 40
0.6
 62
7
290
0
291
0
  0
VISUALSTYLE
  5
6A
102
{ACAD_REACTORS
330
16
102
}
330
16
100
AcDbVisualStyle
  2
OverhangOff
 70
21
 90
2
 40
0.6
 62
7
290
0
291
1
  0
VISUALSTYLE
  5
6B
102
{ACAD_REACTORS
330
16
102
}
330
16
100
AcDbVisualStyle
  2
Realistic
 70
8
 90
2
 40
0.6
 62
7
290
0
291
0
  0
VISUALSTYLE
  5
6C
102
{ACAD_REACTORS
330
16
102
}
330
16
100
AcDbVisualStyle
  2
Shaded
 70
27
 90
2
 40
0.6
 62
7
290
0
291
0
  0
VISUALSTYLE
  5
6D
102
{ACAD_REACTORS
330
16
102
}
330
16
100
AcDbVisualStyle
  2
Shaded with edges
 70
26
 90
2
 40
0.6
 62
7
290
0
291
0
  0
VISUALSTYLE
  5
6E
102
{ACAD_REACTORS
330
16
102
}
330
16
100
AcDbVisualStyle
  2
Shades of Gray
 70
23
 90
2
 40
0.6
 62
7
290
0
291
0
  0
VISUALSTYLE
  5
6F
102
{ACAD_REACTORS
330
16
102
}
330
16
100
AcDbVisualStyle
  2
Sketchy
 70
24
 90
1
 40
0.6
 62
7
290
0
291
0
  0
VISUALSTYLE
  5
70
102
{ACAD_REACTORS
330
16
102
}
330
16
100
AcDbVisualStyle
  2
Thicken
 70
13
 90
2
 40
0.6
 62
7
290
0
291
1
  0
VISUALSTYLE
  5
71
102
{ACAD_REACTORS
330
16
102
}
330
16
100
AcDbVisualStyle
  2
Wireframe
 70
5
 90
0
 40
0.6
 62
7
290
0
291
0
  0
VISUALSTYLE
  5
72
102
{ACAD_REACTORS
330
16
102
}
330
16
100
AcDbVisualStyle
  2
X-Ray
 70
25
 90
2
 40
0.5
 62
7
290
0
291
0
  0
DICTIONARYVAR
  5
1B5
330
2D
100
DictionaryVariables
280
0
  1
1.4.4 @ 2026-09-29T04:58:22.285461+00:00
  0
ENDSEC
  0
EOF
