  0
SECTION
  2
HEADER
  9
$ACADVER
  1
AC1009
  9
$DWGCODEPAGE
  3
ANSI_1252
  9
$INSBASE
 10
0.0
 20
0.0
 30
0.0
  9
$EXTMIN
 10
0.0000
 20
-1470.0000
 30
0.0000
  9
$EXTMAX
 10
2440.0000
 20
1220.0000
 30
0.0000
  9
$LIMMIN
 10
0.0000
 20
-1470.0000
  9
$LIMMAX
 10
2440.0000
 20
1220.0000
  9
$ORTHOMODE
 70
0
  9
$REGENMODE
 70
1
  9
$FILLMODE
 70
1
  9
$DRAGMODE
 70
2
  9
$QTEXTMODE
 70
0
  9
$MIRRTEXT
 70
1
  9
$OSMODE
 70
20583
  9
$LTSCALE
 40
1.0
  9
$ATTMODE
 70
1
  9
$TEXTSIZE
 40
2.5
  9
$TRACEWID
 40
1.0
  9
$TEXTSTYLE
  7
Standard
  9
$CLAYER
  8
0
  9
$CELTYPE
  6
ByLayer
  9
$CECOLOR
 62
256
  9
$DIMSCALE
 40
1.0
  9
$DIMASZ
 40
2.5
  9
$DIMEXO
 40
0.625
  9
$DIMDLI
 40
3.75
  9
$DIMRND
 40
0.0
  9
$DIMDLE
 40
0.0
  9
$DIMEXE
 40
1.25
  9
$DIMTP
 40
0.0
  9
$DIMTM
 40
0.0
  9
$DIMTXT
 40
2.5
  9
$DIMCEN
 40
2.5
  9
$DIMTSZ
 40
0.0
  9
$DIMTOL
 70
0
  9
$DIMLIM
 70
0
  9
$DIMTIH
 70
0
  9
$DIMTOH
 70
0
  9
$DIMSE1
 70
0
  9
$DIMSE2
 70
0
  9
$DIMTAD
 70
1
  9
$DIMZIN
 70
8
  9
$DIMBLK
  1

  9
$DIMASO
 70
1
  9
$DIMSHO
 70
1
  9
$DIMPOST
  1

  9
$DIMAPOST
  1

  9
$DIMALT
 70
0
  9
$DIMALTD
 70
3
  9
$DIMALTF
 40
0.03937007874
  9
$DIMLFAC
 40
1.0
  9
$DIMTOFL
 70
1
  9
$DIMTVP
 40
0.0
  9
$DIMTIX
 70
0
  9
$DIMSOXD
 70
0
  9
$DIMSAH
 70
0
  9
$DIMBLK1
  1

  9
$DIMBLK2
  1

  9
$DIMSTYLE
  2
ISO-25
  9
$DIMCLRD
 70
0
  9
$DIMCLRE
 70
0
  9
$DIMCLRT
 70
0
  9
$DIMTFAC
 40
1.0
  9
$DIMGAP
 40
0.625
  9
$COORDS
 70
1
  9
$ATTDIA
 70
0
  9
$ATTREQ
 70
1
  9
$HANDLING
 70
1
  9
$LUNITS
 70
2
  9
$LUPREC
 70
4
  9
$SKETCHINC
 40
1.0
  9
$FILLETRAD
 40
10.0
  9
$AUNITS
 70
0
  9
$AUPREC
 70
2
  9
$MENU
  1
.
  9
$ELEVATION
 40
0.0
  9
$PELEVATION
 40
0.0
  9
$THICKNESS
 40
0.0
  9
$LIMCHECK
 70
0
  9
$CHAMFERA
 40
0.0
  9
$CHAMFERB
 40
0.0
  9
$SKPOLY
 70
0
  9
$TDCREATE
 40
2461315.650462963
  9
$TDUPDATE
 40
2461315.650462963
  9
$TDINDWG
 40
0.0
  9
$TDUSRTIMER
 40
0.0
  9
$USRTIMER
 70
1
  9
$ANGBASE
 50
0.0
  9
$ANGDIR
 70
0
  9
$PDMODE
 70
0
  9
$PDSIZE
 40
0.0
  9
$PLINEWID
 40
0.0
  9
$SPLFRAME
 70
0
  9
$SPLINETYPE
 70
6
  9
$SPLINESEGS
 70
8
  9
$HANDSEED
  5
EB1
  9
$SURFTAB1
 70
6
  9
$SURFTAB2
 70
6
  9
$SURFTYPE
 70
6
  9
$SURFU
 70
6
  9
$SURFV
 70
6
  9
$UCSNAME
  2

  9
$UCSORG
 10
0.0
 20
0.0
 30
0.0
  9
$UCSXDIR
 10
1.0
 20
0.0
 30
0.0
  9
$UCSYDIR
 10
0.0
 20
1.0
 30
0.0
  9
$PUCSNAME
  2

  9
$PUCSORG
 10
0.0
 20
0.0
 30
0.0
  9
$PUCSXDIR
 10
1.0
 20
0.0
 30
0.0
  9
$PUCSYDIR
 10
0.0
 20
1.0
 30
0.0
  9
$USERI1
 70
0
  9
$USERI2
 70
0
  9
$USERI3
 70
0
  9
$USERI4
 70
0
  9
$USERI5
 70
0
  9
$USERR1
 40
0.0
  9
$USERR2
 40
0.0
  9
$USERR3
 40
0.0
  9
$USERR4
 40
0.0
  9
$USERR5
 40
0.0
  9
$WORLDVIEW
 70
1
  9
$SHADEDGE
 70
3
  9
$SHADEDIF
 70
70
  9
$TILEMODE
 70
1
  9
$MAXACTVP
 70
64
  9
$PLIMCHECK
 70
0
  9
$PEXTMIN
 10
1e+20
 20
1e+20
 30
1e+20
  9
$PEXTMAX
 10
-1e+20
 20
-1e+20
 30
-1e+20
  9
$PLIMMIN
 10
0.0
 20
0.0
  9
$PLIMMAX
 10
420.0
 20
297.0
  9
$UNITMODE
 70
0
  9
$VISRETAIN
 70
1
  9
$PLINEGEN
 70
0
  9
$PSLTSCALE
 70
1
  0
ENDSEC
  0
SECTION
  2
TABLES
  0
TABLE
  2
VPORT
 70
1
  0
VPORT
  5
23
  2
*Active
 70
0
 10
0.0
 20
0.0
 11
1.0
 21
1.0
 12
0.0
 22
0.0
 13
0.0
 23
0.0
 14
0.5
 24
0.5
 15
0.5
 25
0.5
 16
0.0
 26
0.0
 36
1.0
 17
0.0
 27
0.0
 37
0.0
 40
1000.0
 41
1.34
 42
50.0
 43
0.0
 44
0.0
 50
0.0
 51
0.0
 71
0
 72
1000
 73
1
 74
3
 75
0
 76
0
 77
0
 78
0
  0
ENDTAB
  0
TABLE
  2
LTYPE
 70
3
  0
LTYPE
  5
24
  2
ByBlock
 70
0
  3

 72
65
 73
0
 40
0.0
  0
LTYPE
  5
25
  2
ByLayer
 70
0
  3

 72
65
 73
0
 40
0.0
  0
LTYPE
  5
26
  2
Continuous
 70
0
  3

 72
65
 73
0
 40
0.0
  0
ENDTAB
  0
TABLE
  2
LAYER
 70
5
  0
LAYER
  5
27
  2
0
 70
0
 62
7
  6
Continuous
  0
LAYER
  5
28
  2
Defpoints
 70
0
 62
7
  6
Continuous
  0
LAYER
  5
2D
  2
CUT
 70
0
 62
1
  6
Continuous
  0
LAYER
  5
2E
  2
ENGRAVE-LABEL
 70
0
 62
3
  6
Continuous
  0
LAYER
  5
2F
  2
REFERENCE-SHEET
 70
0
 62
8
  6
Continuous
  0
ENDTAB
  0
TABLE
  2
STYLE
 70
1
  0
STYLE
  5
29
  2
Standard
 70
0
 40
0.0
 41
1.0
 50
0.0
 71
0
 42
2.5
  3
txt
  4

  0
ENDTAB
  0
TABLE
  2
VIEW
 70
0
  0
ENDTAB
  0
TABLE
  2
UCS
 70
0
  0
ENDTAB
  0
TABLE
  2
APPID
 70
3
  0
APPID
  5
2A
  2
ACAD
 70
0
  0
APPID
  5
EAF
  2
HATCHBACKGROUNDCOLOR
 70
0
  0
APPID
  5
EB0
  2
EZDXF
 70
0
  0
ENDTAB
  0
TABLE
  2
DIMSTYLE
 70
1
  0
DIMSTYLE
105
2B
  2
Standard
 70
0
  3

  4

  5

  6

  7

 40
1.0
 41
2.5
 42
0.625
 43
3.75
 44
1.25
 45
0.0
 46
0.0
 47
0.0
 48
0.0
140
2.5
141
2.5
142
0.0
143
0.03937007874
144
1.0
145
0.0
146
1.0
147
0.625
 71
0
 72
0
 73
0
 74
0
 75
0
 76
0
 77
1
 78
8
170
0
171
3
172
1
173
0
174
0
175
0
176
0
177
0
178
0
  0
ENDTAB
  0
ENDSEC
  0
SECTION
  2
BLOCKS
  0
BLOCK
  5
18
  8
0
  2
$Model_Space
 70
0
 10
0.0
 20
0.0
 30
0.0
  3
$Model_Space
  1

1001
EZDXF
1000
CREATED_BY_EZDXF
1000
1.4.4 @ 2026-10-01T15:36:40.713761+00:00
1000
WRITTEN_BY_EZDXF
1000
1.4.4 @ 2026-10-01T15:36:40.842665+00:00
  0
ENDBLK
  5
19
  8
0
  0
BLOCK
  5
1C
  8
0
  2
$Paper_Space
 70
0
 10
0.0
 20
0.0
 30
0.0
  3
$Paper_Space
  1

  0
ENDBLK
  5
1D
  8
0
  0
ENDSEC
  0
SECTION
  2
ENTITIES
  0
POLYLINE
  5
30
  8
REFERENCE-SHEET
 66
1
 10
0.0
 20
0.0
 30
0.0
 70
1
  0
VERTEX
  5
32
  8
REFERENCE-SHEET
 10
0.0
 20
0.0
 30
0.0
 70
0
  0
VERTEX
  5
33
  8
REFERENCE-SHEET
 10
2440.0
 20
0.0
 30
0.0
 70
0
  0
VERTEX
  5
34
  8
REFERENCE-SHEET
 10
2440.0
 20
1220.0
 30
0.0
 70
0
  0
VERTEX
  5
35
  8
REFERENCE-SHEET
 10
0.0
 20
1220.0
 30
0.0
 70
0
  0
SEQEND
  5
31
  8
REFERENCE-SHEET
  0
POLYLINE
  5
36
  8
CUT
 66
1
 10
0.0
 20
0.0
 30
0.0
 70
1
  0
VERTEX
  5
38
  8
CUT
 10
958.4000000000001
 20
441.2000000000001
 30
0.0
 70
0
  0
VERTEX
  5
39
  8
CUT
 10
958.312532758463
 20
457.634151776386
 30
0.0
 70
0
  0
VERTEX
  5
3A
  8
CUT
 10
957.949341336987
 20
474.08303725823123
 30
0.0
 70
0
  0
VERTEX
  5
3B
  8
CUT
 10
957.2194341412996
 20
490.5484810677945
 30
0.0
 70
0
  0
VERTEX
  5
3C
  8
CUT
 10
956.0571319831381
 20
507.02330226772847
 30
0.0
 70
0
  0
VERTEX
  5
3D
  8
CUT
 10
954.4077923075661
 20
523.4931758907067
 30
0.0
 70
0
  0
VERTEX
  5
3E
  8
CUT
 10
952.2237775935464
 20
539.9375769792543
 30
0.0
 70
0
  0
VERTEX
  5
3F
  8
CUT
 10
949.4629294126796
 20
556.3304289774801
 30
0.0
 70
0
  0
VERTEX
  5
40
  8
CUT
 10
946.0880562340208
 20
572.6406600120545
 30
0.0
 70
0
  0
VERTEX
  5
41
  8
CUT
 10
942.0669203147959
 20
588.8327617269647
 30
0.0
 70
0
  0
VERTEX
  5
42
  8
CUT
 10
937.3724884668405
 20
604.8674009703423
 30
0.0
 70
0
  0
VERTEX
  5
43
  8
CUT
 10
931.9833137480155
 20
620.7021104551476
 30
0.0
 70
0
  0
VERTEX
  5
44
  8
CUT
 10
925.8839587841364
 20
636.292067892751
 30
0.0
 70
0
  0
VERTEX
  5
45
  8
CUT
 10
919.0653930400005
 20
651.5909597651297
 30
0.0
 70
0
  0
VERTEX
  5
46
  8
CUT
 10
911.5253096176649
 20
666.551914500559
 30
0.0
 70
0
  0
VERTEX
  5
47
  8
CUT
 10
903.2683178813256
 20
681.1284801954633
 30
0.0
 70
0
  0
VERTEX
  5
48
  8
CUT
 10
894.3059789466588
 20
695.2756145468563
 30
0.0
 70
0
  0
VERTEX
  5
49
  8
CUT
 10
884.6566627615358
 20
708.950649850003
 30
0.0
 70
0
  0
VERTEX
  5
4A
  8
CUT
 10
874.3452181320262
 20
722.1141942228265
 30
0.0
 70
0
  0
VERTEX
  5
4B
  8
CUT
 10
863.4024600124999
 20
734.730931850981
 30
0.0
 70
0
  0
VERTEX
  5
4C
  8
CUT
 10
851.864490753534
 20
746.7702898791524
 30
0.0
 70
0
  0
VERTEX
  5
4D
  8
CUT
 10
839.7718827599922
 20
758.2069471206519
 30
0.0
 70
0
  0
VERTEX
  5
4E
  8
CUT
 10
827.1687582351174
 20
769.0211692253494
 30
0.0
 70
0
  0
VERTEX
  5
4F
  8
CUT
 10
814.1018067271104
 20
779.1989653419334
 30
0.0
 70
0
  0
VERTEX
  5
50
  8
CUT
 10
800.6192827777286
 20
788.7320715843206
 30
0.0
 70
0
  0
VERTEX
  5
51
  8
CUT
 10
786.7700242232261
 20
797.617775805267
 30
0.0
 70
0
  0
VERTEX
  5
52
  8
CUT
 10
772.6025270971404
 20
805.8586055486469
 30
0.0
 70
0
  0
VERTEX
  5
53
  8
CUT
 10
758.1641063685104
 20
813.4619061420102
 30
0.0
 70
0
  0
VERTEX
  5
54
  8
CUT
 10
743.500163781855
 20
820.4393385621447
 30
0.0
 70
0
  0
VERTEX
  5
55
  8
CUT
 10
728.6535757082373
 20
826.8063271017991
 30
0.0
 70
0
  0
VERTEX
  5
56
  8
CUT
 10
713.6642059217322
 20
832.5814853483962
 30
0.0
 70
0
  0
VERTEX
  5
57
  8
CUT
 10
698.5685411532379
 20
837.7860460558667
 30
0.0
 70
0
  0
VERTEX
  5
58
  8
CUT
 10
683.3994415015515
 20
842.4433167055536
 30
0.0
 70
0
  0
VERTEX
  5
59
  8
CUT
 10
668.1859934484115
 20
846.5781784597677
 30
0.0
 70
0
  0
VERTEX
  5
5A
  8
CUT
 10
652.953450297145
 20
850.2166423121469
 30
0.0
 70
0
  0
VERTEX
  5
5B
  8
CUT
 10
637.723243160503
 20
853.3854729768319
 30
0.0
 70
0
  0
VERTEX
  5
5C
  8
CUT
 10
622.5130448893805
 20
856.1118888525145
 30
0.0
 70
0
  0
VERTEX
  5
5D
  8
CUT
 10
607.3368692173949
 20
858.4233457246489
 30
0.0
 70
0
  0
VERTEX
  5
5E
  8
CUT
 10
592.2051874904995
 20
860.347413442484
 30
0.0
 70
0
  0
VERTEX
  5
5F
  8
CUT
 10
577.125045152037
 20
861.9117599637436
 30
0.0
 70
0
  0
VERTEX
  5
60
  8
CUT
 10
562.1001589434004
 20
863.1442687923743
 30
0.0
 70
0
  0
VERTEX
  5
61
  8
CUT
 10
547.1309723096626
 20
864.0733409440279
 30
0.0
 70
0
  0
VERTEX
  5
62
  8
CUT
 10
532.2146380957685
 20
864.728490390962
 30
0.0
 70
0
  0
VERTEX
  5
63
  8
CUT
 10
517.3448772468787
 20
865.1414957288049
 30
0.0
 70
0
  0
VERTEX
  5
64
  8
CUT
 10
502.5116059493432
 20
865.3488994921299
 30
0.0
 70
0
  0
VERTEX
  5
65
  8
CUT
 10
487.70000000000005
 20
865.4000000000002
 30
0.0
 70
0
  0
VERTEX
  5
66
  8
CUT
 10
472.8883940506569
 20
865.3488994921299
 30
0.0
 70
0
  0
VERTEX
  5
67
  8
CUT
 10
458.0551227531214
 20
865.1414957288049
 30
0.0
 70
0
  0
VERTEX
  5
68
  8
CUT
 10
443.18536190423157
 20
864.728490390962
 30
0.0
 70
0
  0
VERTEX
  5
69
  8
CUT
 10
428.26902769033745
 20
864.0733409440279
 30
0.0
 70
0
  0
VERTEX
  5
6A
  8
CUT
 10
413.29984105659975
 20
863.1442687923743
 30
0.0
 70
0
  0
VERTEX
  5
6B
  8
CUT
 10
398.27495484796304
 20
861.9117599637436
 30
0.0
 70
0
  0
VERTEX
  5
6C
  8
CUT
 10
383.1948125095006
 20
860.3474134424839
 30
0.0
 70
0
  0
VERTEX
  5
6D
  8
CUT
 10
368.0631307826052
 20
858.4233457246489
 30
0.0
 70
0
  0
VERTEX
  5
6E
  8
CUT
 10
352.8869551106197
 20
856.1118888525147
 30
0.0
 70
0
  0
VERTEX
  5
6F
  8
CUT
 10
337.6767568394972
 20
853.3854729768318
 30
0.0
 70
0
  0
VERTEX
  5
70
  8
CUT
 10
322.4465497028551
 20
850.2166423121469
 30
0.0
 70
0
  0
VERTEX
  5
71
  8
CUT
 10
307.2140065515885
 20
846.5781784597677
 30
0.0
 70
0
  0
VERTEX
  5
72
  8
CUT
 10
292.00055849844864
 20
842.4433167055536
 30
0.0
 70
0
  0
VERTEX
  5
73
  8
CUT
 10
276.83145884676213
 20
837.7860460558667
 30
0.0
 70
0
  0
VERTEX
  5
74
  8
CUT
 10
261.73579407826804
 20
832.5814853483963
 30
0.0
 70
0
  0
VERTEX
  5
75
  8
CUT
 10
246.74642429176285
 20
826.8063271017991
 30
0.0
 70
0
  0
VERTEX
  5
76
  8
CUT
 10
231.89983621814508
 20
820.4393385621447
 30
0.0
 70
0
  0
VERTEX
  5
77
  8
CUT
 10
217.23589363148966
 20
813.4619061420103
 30
0.0
 70
0
  0
VERTEX
  5
78
  8
CUT
 10
202.79747290285962
 20
805.8586055486469
 30
0.0
 70
0
  0
VERTEX
  5
79
  8
CUT
 10
188.62997577677407
 20
797.617775805267
 30
0.0
 70
0
  0
VERTEX
  5
7A
  8
CUT
 10
174.78071722227145
 20
788.7320715843206
 30
0.0
 70
0
  0
VERTEX
  5
7B
  8
CUT
 10
161.29819327288965
 20
779.1989653419334
 30
0.0
 70
0
  0
VERTEX
  5
7C
  8
CUT
 10
148.2312417648826
 20
769.0211692253494
 30
0.0
 70
0
  0
VERTEX
  5
7D
  8
CUT
 10
135.628117240008
 20
758.2069471206521
 30
0.0
 70
0
  0
VERTEX
  5
7E
  8
CUT
 10
123.53550924646618
 20
746.7702898791524
 30
0.0
 70
0
  0
VERTEX
  5
7F
  8
CUT
 10
111.99753998750026
 20
734.730931850981
 30
0.0
 70
0
  0
VERTEX
  5
80
  8
CUT
 10
101.05478186797399
 20
722.1141942228267
 30
0.0
 70
0
  0
VERTEX
  5
81
  8
CUT
 10
90.74333723846428
 20
708.950649850003
 30
0.0
 70
0
  0
VERTEX
  5
82
  8
CUT
 10
81.0940210533413
 20
695.2756145468563
 30
0.0
 70
0
  0
VERTEX
  5
83
  8
CUT
 10
72.13168211867452
 20
681.1284801954633
 30
0.0
 70
0
  0
VERTEX
  5
84
  8
CUT
 10
63.87469038233519
 20
666.551914500559
 30
0.0
 70
0
  0
VERTEX
  5
85
  8
CUT
 10
56.334606959999576
 20
651.5909597651297
 30
0.0
 70
0
  0
VERTEX
  5
86
  8
CUT
 10
49.51604121586371
 20
636.2920678927511
 30
0.0
 70
0
  0
VERTEX
  5
87
  8
CUT
 10
43.416686251984686
 20
620.7021104551477
 30
0.0
 70
0
  0
VERTEX
  5
88
  8
CUT
 10
38.02751153315961
 20
604.8674009703423
 30
0.0
 70
0
  0
VERTEX
  5
89
  8
CUT
 10
33.33307968520421
 20
588.8327617269648
 30
0.0
 70
0
  0
VERTEX
  5
8A
  8
CUT
 10
29.311943765979322
 20
572.6406600120545
 30
0.0
 70
0
  0
VERTEX
  5
8B
  8
CUT
 10
25.93707058732042
 20
556.3304289774801
 30
0.0
 70
0
  0
VERTEX
  5
8C
  8
CUT
 10
23.176222406453576
 20
539.9375769792543
 30
0.0
 70
0
  0
VERTEX
  5
8D
  8
CUT
 10
20.992207692433965
 20
523.4931758907065
 30
0.0
 70
0
  0
VERTEX
  5
8E
  8
CUT
 10
19.342868016861985
 20
507.02330226772835
 30
0.0
 70
0
  0
VERTEX
  5
8F
  8
CUT
 10
18.18056585870056
 20
490.5484810677947
 30
0.0
 70
0
  0
VERTEX
  5
90
  8
CUT
 10
17.450658663013087
 20
474.08303725823134
 30
0.0
 70
0
  0
VERTEX
  5
91
  8
CUT
 10
17.087467241537013
 20
457.63415177638603
 30
0.0
 70
0
  0
VERTEX
  5
92
  8
CUT
 10
17.0
 20
441.20000000000016
 30
0.0
 70
0
  0
VERTEX
  5
93
  8
CUT
 10
17.087467241537013
 20
424.7658482236143
 30
0.0
 70
0
  0
VERTEX
  5
94
  8
CUT
 10
17.450658663013087
 20
408.316962741769
 30
0.0
 70
0
  0
VERTEX
  5
95
  8
CUT
 10
18.180565858700504
 20
391.85151893220564
 30
0.0
 70
0
  0
VERTEX
  5
96
  8
CUT
 10
19.34286801686204
 20
375.37669773227174
 30
0.0
 70
0
  0
VERTEX
  5
97
  8
CUT
 10
20.992207692433965
 20
358.90682410929355
 30
0.0
 70
0
  0
VERTEX
  5
98
  8
CUT
 10
23.176222406453576
 20
342.4624230207457
 30
0.0
 70
0
  0
VERTEX
  5
99
  8
CUT
 10
25.937070587320363
 20
326.06957102252017
 30
0.0
 70
0
  0
VERTEX
  5
9A
  8
CUT
 10
29.311943765979322
 20
309.7593399879458
 30
0.0
 70
0
  0
VERTEX
  5
9B
  8
CUT
 10
33.33307968520421
 20
293.5672382730355
 30
0.0
 70
0
  0
VERTEX
  5
9C
  8
CUT
 10
38.027511533159554
 20
277.53259902965806
 30
0.0
 70
0
  0
VERTEX
  5
9D
  8
CUT
 10
43.41668625198463
 20
261.6978895448526
 30
0.0
 70
0
  0
VERTEX
  5
9E
  8
CUT
 10
49.51604121586365
 20
246.10793210724924
 30
0.0
 70
0
  0
VERTEX
  5
9F
  8
CUT
 10
56.33460695999963
 20
230.80904023487045
 30
0.0
 70
0
  0
VERTEX
  5
A0
  8
CUT
 10
63.87469038233519
 20
215.8480854994412
 30
0.0
 70
0
  0
VERTEX
  5
A1
  8
CUT
 10
72.13168211867458
 20
201.2715198045368
 30
0.0
 70
0
  0
VERTEX
  5
A2
  8
CUT
 10
81.0940210533413
 20
187.1243854531439
 30
0.0
 70
0
  0
VERTEX
  5
A3
  8
CUT
 10
90.74333723846416
 20
173.44935014999731
 30
0.0
 70
0
  0
VERTEX
  5
A4
  8
CUT
 10
101.05478186797387
 20
160.28580577717366
 30
0.0
 70
0
  0
VERTEX
  5
A5
  8
CUT
 10
111.9975399875002
 20
147.66906814901927
 30
0.0
 70
0
  0
VERTEX
  5
A6
  8
CUT
 10
123.53550924646612
 20
135.62971012084785
 30
0.0
 70
0
  0
VERTEX
  5
A7
  8
CUT
 10
135.62811724000795
 20
124.19305287934827
 30
0.0
 70
0
  0
VERTEX
  5
A8
  8
CUT
 10
148.23124176488272
 20
113.3788307746508
 30
0.0
 70
0
  0
VERTEX
  5
A9
  8
CUT
 10
161.2981932728897
 20
103.20103465806665
 30
0.0
 70
0
  0
VERTEX
  5
AA
  8
CUT
 10
174.7807172222715
 20
93.66792841567957
 30
0.0
 70
0
  0
VERTEX
  5
AB
  8
CUT
 10
188.62997577677402
 20
84.7822241947332
 30
0.0
 70
0
  0
VERTEX
  5
AC
  8
CUT
 10
202.79747290285968
 20
76.54139445135326
 30
0.0
 70
0
  0
VERTEX
  5
AD
  8
CUT
 10
217.23589363148955
 20
68.93809385799
 30
0.0
 70
0
  0
VERTEX
  5
AE
  8
CUT
 10
231.89983621814514
 20
61.960661437855435
 30
0.0
 70
0
  0
VERTEX
  5
AF
  8
CUT
 10
246.74642429176274
 20
55.593672898201135
 30
0.0
 70
0
  0
VERTEX
  5
B0
  8
CUT
 10
261.73579407826765
 20
49.81851465160395
 30
0.0
 70
0
  0
VERTEX
  5
B1
  8
CUT
 10
276.8314588467622
 20
44.61395394413353
 30
0.0
 70
0
  0
VERTEX
  5
B2
  8
CUT
 10
292.0005584984485
 20
39.956683294446634
 30
0.0
 70
0
  0
VERTEX
  5
B3
  8
CUT
 10
307.2140065515886
 20
35.82182154023246
 30
0.0
 70
0
  0
VERTEX
  5
B4
  8
CUT
 10
322.44654970285495
 20
32.183357687853345
 30
0.0
 70
0
  0
VERTEX
  5
B5
  8
CUT
 10
337.6767568394972
 20
29.014527023168284
 30
0.0
 70
0
  0
VERTEX
  5
B6
  8
CUT
 10
352.8869551106196
 20
26.28811114748561
 30
0.0
 70
0
  0
VERTEX
  5
B7
  8
CUT
 10
368.0631307826053
 20
23.976654275351223
 30
0.0
 70
0
  0
VERTEX
  5
B8
  8
CUT
 10
383.1948125095006
 20
22.052586557516236
 30
0.0
 70
0
  0
VERTEX
  5
B9
  8
CUT
 10
398.2749548479629
 20
20.488240036256627
 30
0.0
 70
0
  0
VERTEX
  5
BA
  8
CUT
 10
413.2998410565997
 20
19.2557312076259
 30
0.0
 70
0
  0
VERTEX
  5
BB
  8
CUT
 10
428.2690276903372
 20
18.326659055972186
 30
0.0
 70
0
  0
VERTEX
  5
BC
  8
CUT
 10
443.1853619042317
 20
17.671509609038424
 30
0.0
 70
0
  0
VERTEX
  5
BD
  8
CUT
 10
458.0551227531213
 20
17.258504271195307
 30
0.0
 70
0
  0
VERTEX
  5
BE
  8
CUT
 10
472.888394050657
 20
17.051100507870274
 30
0.0
 70
0
  0
VERTEX
  5
BF
  8
CUT
 10
487.7
 20
17.0
 30
0.0
 70
0
  0
VERTEX
  5
C0
  8
CUT
 10
502.51160594934333
 20
17.051100507870274
 30
0.0
 70
0
  0
VERTEX
  5
C1
  8
CUT
 10
517.3448772468787
 20
17.258504271195307
 30
0.0
 70
0
  0
VERTEX
  5
C2
  8
CUT
 10
532.2146380957682
 20
17.671509609038424
 30
0.0
 70
0
  0
VERTEX
  5
C3
  8
CUT
 10
547.1309723096626
 20
18.326659055972243
 30
0.0
 70
0
  0
VERTEX
  5
C4
  8
CUT
 10
562.1001589434002
 20
19.255731207625956
 30
0.0
 70
0
  0
VERTEX
  5
C5
  8
CUT
 10
577.125045152037
 20
20.488240036256627
 30
0.0
 70
0
  0
VERTEX
  5
C6
  8
CUT
 10
592.2051874904994
 20
22.052586557516122
 30
0.0
 70
0
  0
VERTEX
  5
C7
  8
CUT
 10
607.3368692173951
 20
23.976654275351223
 30
0.0
 70
0
  0
VERTEX
  5
C8
  8
CUT
 10
622.5130448893804
 20
26.28811114748555
 30
0.0
 70
0
  0
VERTEX
  5
C9
  8
CUT
 10
637.7232431605031
 20
29.014527023168284
 30
0.0
 70
0
  0
VERTEX
  5
CA
  8
CUT
 10
652.953450297145
 20
32.183357687853345
 30
0.0
 70
0
  0
VERTEX
  5
CB
  8
CUT
 10
668.1859934484113
 20
35.82182154023246
 30
0.0
 70
0
  0
VERTEX
  5
CC
  8
CUT
 10
683.3994415015513
 20
39.95668329444658
 30
0.0
 70
0
  0
VERTEX
  5
CD
  8
CUT
 10
698.5685411532377
 20
44.61395394413347
 30
0.0
 70
0
  0
VERTEX
  5
CE
  8
CUT
 10
713.6642059217322
 20
49.81851465160395
 30
0.0
 70
0
  0
VERTEX
  5
CF
  8
CUT
 10
728.6535757082372
 20
55.59367289820102
 30
0.0
 70
0
  0
VERTEX
  5
D0
  8
CUT
 10
743.5001637818552
 20
61.96066143785555
 30
0.0
 70
0
  0
VERTEX
  5
D1
  8
CUT
 10
758.1641063685104
 20
68.93809385798994
 30
0.0
 70
0
  0
VERTEX
  5
D2
  8
CUT
 10
772.6025270971406
 20
76.54139445135337
 30
0.0
 70
0
  0
VERTEX
  5
D3
  8
CUT
 10
786.770024223226
 20
84.78222419473315
 30
0.0
 70
0
  0
VERTEX
  5
D4
  8
CUT
 10
800.6192827777284
 20
93.66792841567951
 30
0.0
 70
0
  0
VERTEX
  5
D5
  8
CUT
 10
814.1018067271104
 20
103.20103465806665
 30
0.0
 70
0
  0
VERTEX
  5
D6
  8
CUT
 10
827.1687582351173
 20
113.37883077465068
 30
0.0
 70
0
  0
VERTEX
  5
D7
  8
CUT
 10
839.7718827599922
 20
124.19305287934833
 30
0.0
 70
0
  0
VERTEX
  5
D8
  8
CUT
 10
851.8644907535338
 20
135.62971012084768
 30
0.0
 70
0
  0
VERTEX
  5
D9
  8
CUT
 10
863.4024600124999
 20
147.66906814901927
 30
0.0
 70
0
  0
VERTEX
  5
DA
  8
CUT
 10
874.345218132026
 20
160.28580577717355
 30
0.0
 70
0
  0
VERTEX
  5
DB
  8
CUT
 10
884.6566627615359
 20
173.44935014999737
 30
0.0
 70
0
  0
VERTEX
  5
DC
  8
CUT
 10
894.3059789466588
 20
187.1243854531438
 30
0.0
 70
0
  0
VERTEX
  5
DD
  8
CUT
 10
903.2683178813254
 20
201.27151980453667
 30
0.0
 70
0
  0
VERTEX
  5
DE
  8
CUT
 10
911.5253096176649
 20
215.84808549944123
 30
0.0
 70
0
  0
VERTEX
  5
DF
  8
CUT
 10
919.0653930400003
 20
230.80904023487028
 30
0.0
 70
0
  0
VERTEX
  5
E0
  8
CUT
 10
925.8839587841364
 20
246.10793210724927
 30
0.0
 70
0
  0
VERTEX
  5
E1
  8
CUT
 10
931.9833137480155
 20
261.69788954485244
 30
0.0
 70
0
  0
VERTEX
  5
E2
  8
CUT
 10
937.3724884668405
 20
277.53259902965806
 30
0.0
 70
0
  0
VERTEX
  5
E3
  8
CUT
 10
942.0669203147959
 20
293.5672382730354
 30
0.0
 70
0
  0
VERTEX
  5
E4
  8
CUT
 10
946.0880562340208
 20
309.7593399879458
 30
0.0
 70
0
  0
VERTEX
  5
E5
  8
CUT
 10
949.4629294126796
 20
326.06957102252
 30
0.0
 70
0
  0
VERTEX
  5
E6
  8
CUT
 10
952.2237775935464
 20
342.4624230207455
 30
0.0
 70
0
  0
VERTEX
  5
E7
  8
CUT
 10
954.4077923075661
 20
358.9068241092936
 30
0.0
 70
0
  0
VERTEX
  5
E8
  8
CUT
 10
956.057131983138
 20
375.37669773227157
 30
0.0
 70
0
  0
VERTEX
  5
E9
  8
CUT
 10
957.2194341412996
 20
391.8515189322057
 30
0.0
 70
0
  0
VERTEX
  5
EA
  8
CUT
 10
957.949341336987
 20
408.3169627417688
 30
0.0
 70
0
  0
VERTEX
  5
EB
  8
CUT
 10
958.312532758463
 20
424.7658482236143
 30
0.0
 70
0
  0
SEQEND
  5
37
  8
CUT
  0
POLYLINE
  5
EC
  8
CUT
 66
1
 10
0.0
 20
0.0
 30
0.0
 70
1
  0
VERTEX
  5
EE
  8
CUT
 10
823.883753057697
 20
429.46020465260165
 30
0.0
 70
0
  0
VERTEX
  5
EF
  8
CUT
 10
823.7395602931864
 20
417.7018248617984
 30
0.0
 70
0
  0
VERTEX
  5
F0
  8
CUT
 10
823.3810791071994
 20
405.91849688728087
 30
0.0
 70
0
  0
VERTEX
  5
F1
  8
CUT
 10
822.7457567359731
 20
394.1123896848319
 30
0.0
 70
0
  0
VERTEX
  5
F2
  8
CUT
 10
821.7813224863103
 20
382.292449094898
 30
0.0
 70
0
  0
VERTEX
  5
F3
  8
CUT
 10
820.4419735782827
 20
370.4735101729028
 30
0.0
 70
0
  0
VERTEX
  5
F4
  8
CUT
 10
818.6869321288502
 20
358.67568924512244
 30
0.0
 70
0
  0
VERTEX
  5
F5
  8
CUT
 10
816.4799615735506
 20
346.9238630888264
 30
0.0
 70
0
  0
VERTEX
  5
F6
  8
CUT
 10
813.7893555346748
 20
335.2471456548893
 30
0.0
 70
0
  0
VERTEX
  5
F7
  8
CUT
 10
810.5881765699039
 20
323.6783147320653
 30
0.0
 70
0
  0
VERTEX
  5
F8
  8
CUT
 10
806.8546189967701
 20
312.2531638288775
 30
0.0
 70
0
  0
VERTEX
  5
F9
  8
CUT
 10
802.5724112972408
 20
301.0097702782009
 30
0.0
 70
0
  0
VERTEX
  5
FA
  8
CUT
 10
797.7311940575484
 20
289.987683186147
 30
0.0
 70
0
  0
VERTEX
  5
FB
  8
CUT
 10
792.3268219448614
 20
279.22704563485536
 30
0.0
 70
0
  0
VERTEX
  5
FC
  8
CUT
 10
786.3615483669425
 20
268.7676746537552
 30
0.0
 70
0
  0
VERTEX
  5
FD
  8
CUT
 10
779.8440616219082
 20
258.6481295501597
 30
0.0
 70
0
  0
VERTEX
  5
FE
  8
CUT
 10
772.7893524055776
 20
248.90480374134626
 30
0.0
 70
0
  0
VERTEX
  5
FF
  8
CUT
 10
765.2184044918356
 20
239.57107683248753
 30
0.0
 70
0
  0
VERTEX
  5
100
  8
CUT
 10
757.1577126690723
 20
230.67656214027696
 30
0.0
 70
0
  0
VERTEX
  5
101
  8
CUT
 10
748.6386437251372
 20
222.2464802903377
 30
0.0
 70
0
  0
VERTEX
  5
102
  8
CUT
 10
739.6966664532943
 20
214.3011823758802
 30
0.0
 70
0
  0
VERTEX
  5
103
  8
CUT
 10
730.3704844328099
 20
206.85583720624066
 30
0.0
 70
0
  0
VERTEX
  5
104
  8
CUT
 10
720.7011101072537
 20
199.92028733708463
 30
0.0
 70
0
  0
VERTEX
  5
105
  8
CUT
 10
710.7309201813538
 20
193.4990688527176
 30
0.0
 70
0
  0
VERTEX
  5
106
  8
CUT
 10
700.502730701904
 20
187.59158117214776
 30
0.0
 70
0
  0
VERTEX
  5
107
  8
CUT
 10
690.058925834584
 20
182.19238617844474
 30
0.0
 70
0
  0
VERTEX
  5
108
  8
CUT
 10
679.440667993536
 20
177.2916111546313
 30
0.0
 70
0
  0
VERTEX
  5
109
  8
CUT
 10
668.6872094414819
 20
172.87542748201872
 30
0.0
 70
0
  0
VERTEX
  5
10A
  8
CUT
 10
657.8353175702869
 20
168.92657668290536
 30
0.0
 70
0
  0
VERTEX
  5
10B
  8
CUT
 10
646.9188185065852
 20
165.42491682550667
 30
0.0
 70
0
  0
VERTEX
  5
10C
  8
CUT
 10
635.9682570042387
 20
162.34796508135645
 30
0.0
 70
0
  0
VERTEX
  5
10D
  8
CUT
 10
625.0106651235853
 20
159.6714158073048
 30
0.0
 70
0
  0
VERTEX
  5
10E
  8
CUT
 10
614.0694280970479
 20
157.3696173967857
 30
0.0
 70
0
  0
VERTEX
  5
10F
  8
CUT
 10
603.1642330108621
 20
155.4159948350196
 30
0.0
 70
0
  0
VERTEX
  5
110
  8
CUT
 10
592.3110843295925
 20
153.78340797978183
 30
0.0
 70
0
  0
VERTEX
  5
111
  8
CUT
 10
581.5223695955686
 20
152.44443767694645
 30
0.0
 70
0
  0
VERTEX
  5
112
  8
CUT
 10
570.8069585248295
 20
151.37159245682295
 30
0.0
 70
0
  0
VERTEX
  5
113
  8
CUT
 10
560.1703188102077
 20
150.53742706875448
 30
0.0
 70
0
  0
VERTEX
  5
114
  8
CUT
 10
549.6146317540314
 20
149.91455923271377
 30
0.0
 70
0
  0
VERTEX
  5
115
  8
CUT
 10
539.1388897076511
 20
149.47555997967805
 30
0.0
 70
0
  0
VERTEX
  5
116
  8
CUT
 10
528.7389540107619
 20
149.19266919350758
 30
0.0
 70
0
  0
VERTEX
  5
117
  8
CUT
 10
518.4075441714472
 20
149.0372332587118
 30
0.0
 70
0
  0
VERTEX
  5
118
  8
CUT
 10
508.1341097511154
 20
148.9786161962764
 30
0.0
 70
0
  0
VERTEX
  5
119
  8
CUT
 10
497.9044831669711
 20
148.981835409371
 30
0.0
 70
0
  0
VERTEX
  5
11A
  8
CUT
 10
487.7
 20
149.00000000000006
 30
0.0
 70
0
  0
VERTEX
  5
11B
  8
CUT
 10
477.49551683302917
 20
148.981835409371
 30
0.0
 70
0
  0
VERTEX
  5
11C
  8
CUT
 10
467.2658902488846
 20
148.9786161962764
 30
0.0
 70
0
  0
VERTEX
  5
11D
  8
CUT
 10
456.99245582855275
 20
149.0372332587118
 30
0.0
 70
0
  0
VERTEX
  5
11E
  8
CUT
 10
446.6610459892381
 20
149.19266919350758
 30
0.0
 70
0
  0
VERTEX
  5
11F
  8
CUT
 10
436.261110292349
 20
149.47555997967794
 30
0.0
 70
0
  0
VERTEX
  5
120
  8
CUT
 10
425.78536824596864
 20
149.91455923271377
 30
0.0
 70
0
  0
VERTEX
  5
121
  8
CUT
 10
415.22968118979225
 20
150.5374270687546
 30
0.0
 70
0
  0
VERTEX
  5
122
  8
CUT
 10
404.5930414751708
 20
151.371592456823
 30
0.0
 70
0
  0
VERTEX
  5
123
  8
CUT
 10
393.8776304044314
 20
152.4444376769465
 30
0.0
 70
0
  0
VERTEX
  5
124
  8
CUT
 10
383.08891567040774
 20
153.78340797978183
 30
0.0
 70
0
  0
VERTEX
  5
125
  8
CUT
 10
372.2357669891379
 20
155.41599483501955
 30
0.0
 70
0
  0
VERTEX
  5
126
  8
CUT
 10
361.33057190295216
 20
157.36961739678577
 30
0.0
 70
0
  0
VERTEX
  5
127
  8
CUT
 10
350.3893348764146
 20
159.67141580730475
 30
0.0
 70
0
  0
VERTEX
  5
128
  8
CUT
 10
339.4317429957613
 20
162.34796508135656
 30
0.0
 70
0
  0
VERTEX
  5
129
  8
CUT
 10
328.4811814934146
 20
165.42491682550667
 30
0.0
 70
0
  0
VERTEX
  5
12A
  8
CUT
 10
317.5646824297131
 20
168.92657668290548
 30
0.0
 70
0
  0
VERTEX
  5
12B
  8
CUT
 10
306.71279055851835
 20
172.8754274820186
 30
0.0
 70
0
  0
VERTEX
  5
12C
  8
CUT
 10
295.959332006464
 20
177.29161115463137
 30
0.0
 70
0
  0
VERTEX
  5
12D
  8
CUT
 10
285.3410741654163
 20
182.19238617844462
 30
0.0
 70
0
  0
VERTEX
  5
12E
  8
CUT
 10
274.8972692980959
 20
187.59158117214778
 30
0.0
 70
0
  0
VERTEX
  5
12F
  8
CUT
 10
264.6690798186462
 20
193.4990688527177
 30
0.0
 70
0
  0
VERTEX
  5
130
  8
CUT
 10
254.69888989274637
 20
199.92028733708463
 30
0.0
 70
0
  0
VERTEX
  5
131
  8
CUT
 10
245.02951556719015
 20
206.85583720624072
 30
0.0
 70
0
  0
VERTEX
  5
132
  8
CUT
 10
235.70333354670578
 20
214.30118237588013
 30
0.0
 70
0
  0
VERTEX
  5
133
  8
CUT
 10
226.7613562748628
 20
222.24648029033781
 30
0.0
 70
0
  0
VERTEX
  5
134
  8
CUT
 10
218.24228733092775
 20
230.67656214027696
 30
0.0
 70
0
  0
VERTEX
  5
135
  8
CUT
 10
210.18159550816443
 20
239.57107683248762
 30
0.0
 70
0
  0
VERTEX
  5
136
  8
CUT
 10
202.61064759442257
 20
248.90480374134626
 30
0.0
 70
0
  0
VERTEX
  5
137
  8
CUT
 10
195.55593837809187
 20
258.64812955015975
 30
0.0
 70
0
  0
VERTEX
  5
138
  8
CUT
 10
189.03845163305743
 20
268.7676746537553
 30
0.0
 70
0
  0
VERTEX
  5
139
  8
CUT
 10
183.07317805513873
 20
279.22704563485536
 30
0.0
 70
0
  0
VERTEX
  5
13A
  8
CUT
 10
177.66880594245174
 20
289.98768318614714
 30
0.0
 70
0
  0
VERTEX
  5
13B
  8
CUT
 10
172.82758870275927
 20
301.0097702782009
 30
0.0
 70
0
  0
VERTEX
  5
13C
  8
CUT
 10
168.54538100322986
 20
312.25316382887763
 30
0.0
 70
0
  0
VERTEX
  5
13D
  8
CUT
 10
164.81182343009613
 20
323.6783147320653
 30
0.0
 70
0
  0
VERTEX
  5
13E
  8
CUT
 10
161.61064446532532
 20
335.24714565488944
 30
0.0
 70
0
  0
VERTEX
  5
13F
  8
CUT
 10
158.92003842644954
 20
346.92386308882635
 30
0.0
 70
0
  0
VERTEX
  5
140
  8
CUT
 10
156.71306787114986
 20
358.67568924512256
 30
0.0
 70
0
  0
VERTEX
  5
141
  8
CUT
 10
154.9580264217173
 20
370.47351017290293
 30
0.0
 70
0
  0
VERTEX
  5
142
  8
CUT
 10
153.61867751368993
 20
382.29244909489796
 30
0.0
 70
0
  0
VERTEX
  5
143
  8
CUT
 10
152.65424326402695
 20
394.112389684832
 30
0.0
 70
0
  0
VERTEX
  5
144
  8
CUT
 10
152.01892089280068
 20
405.91849688728087
 30
0.0
 70
0
  0
VERTEX
  5
145
  8
CUT
 10
151.6604397068137
 20
417.7018248617985
 30
0.0
 70
0
  0
VERTEX
  5
146
  8
CUT
 10
151.51624694230304
 20
429.46020465260165
 30
0.0
 70
0
  0
VERTEX
  5
147
  8
CUT
 10
151.50000000000006
 20
441.20000000000016
 30
0.0
 70
0
  0
VERTEX
  5
148
  8
CUT
 10
151.51624694230304
 20
452.9397953473986
 30
0.0
 70
0
  0
VERTEX
  5
149
  8
CUT
 10
151.6604397068137
 20
464.69817513820175
 30
0.0
 70
0
  0
VERTEX
  5
14A
  8
CUT
 10
152.01892089280074
 20
476.4815031127194
 30
0.0
 70
0
  0
VERTEX
  5
14B
  8
CUT
 10
152.6542432640269
 20
488.28761031516814
 30
0.0
 70
0
  0
VERTEX
  5
14C
  8
CUT
 10
153.61867751368987
 20
500.10755090510213
 30
0.0
 70
0
  0
VERTEX
  5
14D
  8
CUT
 10
154.9580264217173
 20
511.9264898270972
 30
0.0
 70
0
  0
VERTEX
  5
14E
  8
CUT
 10
156.71306787114992
 20
523.7243107548777
 30
0.0
 70
0
  0
VERTEX
  5
14F
  8
CUT
 10
158.92003842644954
 20
535.4761369111739
 30
0.0
 70
0
  0
VERTEX
  5
150
  8
CUT
 10
161.61064446532527
 20
547.1528543451109
 30
0.0
 70
0
  0
VERTEX
  5
151
  8
CUT
 10
164.81182343009618
 20
558.721685267935
 30
0.0
 70
0
  0
VERTEX
  5
152
  8
CUT
 10
168.54538100322992
 20
570.1468361711227
 30
0.0
 70
0
  0
VERTEX
  5
153
  8
CUT
 10
172.82758870275933
 20
581.3902297217994
 30
0.0
 70
0
  0
VERTEX
  5
154
  8
CUT
 10
177.66880594245168
 20
592.4123168138531
 30
0.0
 70
0
  0
VERTEX
  5
155
  8
CUT
 10
183.07317805513873
 20
603.1729543651447
 30
0.0
 70
0
  0
VERTEX
  5
156
  8
CUT
 10
189.03845163305738
 20
613.6323253462449
 30
0.0
 70
0
  0
VERTEX
  5
157
  8
CUT
 10
195.5559383780918
 20
623.7518704498405
 30
0.0
 70
0
  0
VERTEX
  5
158
  8
CUT
 10
202.61064759442263
 20
633.495196258654
 30
0.0
 70
0
  0
VERTEX
  5
159
  8
CUT
 10
210.1815955081645
 20
642.8289231675127
 30
0.0
 70
0
  0
VERTEX
  5
15A
  8
CUT
 10
218.24228733092775
 20
651.7234378597234
 30
0.0
 70
0
  0
VERTEX
  5
15B
  8
CUT
 10
226.76135627486292
 20
660.1535197096624
 30
0.0
 70
0
  0
VERTEX
  5
15C
  8
CUT
 10
235.70333354670584
 20
668.0988176241201
 30
0.0
 70
0
  0
VERTEX
  5
15D
  8
CUT
 10
245.02951556719006
 20
675.5441627937594
 30
0.0
 70
0
  0
VERTEX
  5
15E
  8
CUT
 10
254.69888989274634
 20
682.4797126629155
 30
0.0
 70
0
  0
VERTEX
  5
15F
  8
CUT
 10
264.6690798186462
 20
688.9009311472826
 30
0.0
 70
0
  0
VERTEX
  5
160
  8
CUT
 10
274.897269298096
 20
694.8084188278524
 30
0.0
 70
0
  0
VERTEX
  5
161
  8
CUT
 10
285.3410741654162
 20
700.2076138215555
 30
0.0
 70
0
  0
VERTEX
  5
162
  8
CUT
 10
295.959332006464
 20
705.1083888453688
 30
0.0
 70
0
  0
VERTEX
  5
163
  8
CUT
 10
306.7127905585183
 20
709.5245725179816
 30
0.0
 70
0
  0
VERTEX
  5
164
  8
CUT
 10
317.5646824297132
 20
713.4734233170948
 30
0.0
 70
0
  0
VERTEX
  5
165
  8
CUT
 10
328.48118149341485
 20
716.9750831744935
 30
0.0
 70
0
  0
VERTEX
  5
166
  8
CUT
 10
339.43174299576117
 20
720.0520349186437
 30
0.0
 70
0
  0
VERTEX
  5
167
  8
CUT
 10
350.38933487641464
 20
722.7285841926954
 30
0.0
 70
0
  0
VERTEX
  5
168
  8
CUT
 10
361.3305719029521
 20
725.0303826032144
 30
0.0
 70
0
  0
VERTEX
  5
169
  8
CUT
 10
372.235766989138
 20
726.9840051649805
 30
0.0
 70
0
  0
VERTEX
  5
16A
  8
CUT
 10
383.08891567040774
 20
728.6165920202184
 30
0.0
 70
0
  0
VERTEX
  5
16B
  8
CUT
 10
393.87763040443144
 20
729.9555623230538
 30
0.0
 70
0
  0
VERTEX
  5
16C
  8
CUT
 10
404.59304147517076
 20
731.0284075431771
 30
0.0
 70
0
  0
VERTEX
  5
16D
  8
CUT
 10
415.22968118979225
 20
731.8625729312456
 30
0.0
 70
0
  0
VERTEX
  5
16E
  8
CUT
 10
425.7853682459688
 20
732.4854407672864
 30
0.0
 70
0
  0
VERTEX
  5
16F
  8
CUT
 10
436.261110292349
 20
732.9244400203222
 30
0.0
 70
0
  0
VERTEX
  5
170
  8
CUT
 10
446.6610459892383
 20
733.2073308064926
 30
0.0
 70
0
  0
VERTEX
  5
171
  8
CUT
 10
456.9924558285527
 20
733.3627667412884
 30
0.0
 70
0
  0
VERTEX
  5
172
  8
CUT
 10
467.26589024888466
 20
733.4213838037238
 30
0.0
 70
0
  0
VERTEX
  5
173
  8
CUT
 10
477.4955168330291
 20
733.4181645906292
 30
0.0
 70
0
  0
VERTEX
  5
174
  8
CUT
 10
487.70000000000005
 20
733.4000000000001
 30
0.0
 70
0
  0
VERTEX
  5
175
  8
CUT
 10
497.90448316697103
 20
733.4181645906292
 30
0.0
 70
0
  0
VERTEX
  5
176
  8
CUT
 10
508.1341097511154
 20
733.4213838037238
 30
0.0
 70
0
  0
VERTEX
  5
177
  8
CUT
 10
518.4075441714474
 20
733.3627667412884
 30
0.0
 70
0
  0
VERTEX
  5
178
  8
CUT
 10
528.7389540107619
 20
733.2073308064926
 30
0.0
 70
0
  0
VERTEX
  5
179
  8
CUT
 10
539.1388897076512
 20
732.9244400203222
 30
0.0
 70
0
  0
VERTEX
  5
17A
  8
CUT
 10
549.6146317540314
 20
732.4854407672865
 30
0.0
 70
0
  0
VERTEX
  5
17B
  8
CUT
 10
560.1703188102078
 20
731.8625729312457
 30
0.0
 70
0
  0
VERTEX
  5
17C
  8
CUT
 10
570.8069585248294
 20
731.0284075431771
 30
0.0
 70
0
  0
VERTEX
  5
17D
  8
CUT
 10
581.5223695955686
 20
729.9555623230538
 30
0.0
 70
0
  0
VERTEX
  5
17E
  8
CUT
 10
592.3110843295924
 20
728.6165920202184
 30
0.0
 70
0
  0
VERTEX
  5
17F
  8
CUT
 10
603.1642330108621
 20
726.9840051649805
 30
0.0
 70
0
  0
VERTEX
  5
180
  8
CUT
 10
614.069428097048
 20
725.0303826032144
 30
0.0
 70
0
  0
VERTEX
  5
181
  8
CUT
 10
625.0106651235853
 20
722.7285841926954
 30
0.0
 70
0
  0
VERTEX
  5
182
  8
CUT
 10
635.9682570042389
 20
720.0520349186437
 30
0.0
 70
0
  0
VERTEX
  5
183
  8
CUT
 10
646.9188185065852
 20
716.9750831744935
 30
0.0
 70
0
  0
VERTEX
  5
184
  8
CUT
 10
657.835317570287
 20
713.4734233170948
 30
0.0
 70
0
  0
VERTEX
  5
185
  8
CUT
 10
668.6872094414819
 20
709.5245725179816
 30
0.0
 70
0
  0
VERTEX
  5
186
  8
CUT
 10
679.4406679935361
 20
705.1083888453688
 30
0.0
 70
0
  0
VERTEX
  5
187
  8
CUT
 10
690.0589258345839
 20
700.2076138215555
 30
0.0
 70
0
  0
VERTEX
  5
188
  8
CUT
 10
700.502730701904
 20
694.8084188278524
 30
0.0
 70
0
  0
VERTEX
  5
189
  8
CUT
 10
710.7309201813539
 20
688.9009311472826
 30
0.0
 70
0
  0
VERTEX
  5
18A
  8
CUT
 10
720.7011101072537
 20
682.4797126629155
 30
0.0
 70
0
  0
VERTEX
  5
18B
  8
CUT
 10
730.3704844328099
 20
675.5441627937594
 30
0.0
 70
0
  0
VERTEX
  5
18C
  8
CUT
 10
739.6966664532943
 20
668.0988176241201
 30
0.0
 70
0
  0
VERTEX
  5
18D
  8
CUT
 10
748.6386437251373
 20
660.1535197096624
 30
0.0
 70
0
  0
VERTEX
  5
18E
  8
CUT
 10
757.1577126690723
 20
651.7234378597234
 30
0.0
 70
0
  0
VERTEX
  5
18F
  8
CUT
 10
765.2184044918356
 20
642.8289231675126
 30
0.0
 70
0
  0
VERTEX
  5
190
  8
CUT
 10
772.7893524055775
 20
633.495196258654
 30
0.0
 70
0
  0
VERTEX
  5
191
  8
CUT
 10
779.8440616219083
 20
623.7518704498405
 30
0.0
 70
0
  0
VERTEX
  5
192
  8
CUT
 10
786.3615483669428
 20
613.6323253462449
 30
0.0
 70
0
  0
VERTEX
  5
193
  8
CUT
 10
792.3268219448614
 20
603.1729543651447
 30
0.0
 70
0
  0
VERTEX
  5
194
  8
CUT
 10
797.7311940575484
 20
592.4123168138531
 30
0.0
 70
0
  0
VERTEX
  5
195
  8
CUT
 10
802.5724112972408
 20
581.3902297217993
 30
0.0
 70
0
  0
VERTEX
  5
196
  8
CUT
 10
806.8546189967702
 20
570.1468361711226
 30
0.0
 70
0
  0
VERTEX
  5
197
  8
CUT
 10
810.5881765699039
 20
558.721685267935
 30
0.0
 70
0
  0
VERTEX
  5
198
  8
CUT
 10
813.7893555346748
 20
547.1528543451108
 30
0.0
 70
0
  0
VERTEX
  5
199
  8
CUT
 10
816.4799615735506
 20
535.4761369111739
 30
0.0
 70
0
  0
VERTEX
  5
19A
  8
CUT
 10
818.6869321288502
 20
523.7243107548777
 30
0.0
 70
0
  0
VERTEX
  5
19B
  8
CUT
 10
820.4419735782827
 20
511.9264898270972
 30
0.0
 70
0
  0
VERTEX
  5
19C
  8
CUT
 10
821.7813224863103
 20
500.1075509051022
 30
0.0
 70
0
  0
VERTEX
  5
19D
  8
CUT
 10
822.7457567359731
 20
488.28761031516814
 30
0.0
 70
0
  0
VERTEX
  5
19E
  8
CUT
 10
823.3810791071994
 20
476.48150311271934
 30
0.0
 70
0
  0
VERTEX
  5
19F
  8
CUT
 10
823.7395602931864
 20
464.6981751382017
 30
0.0
 70
0
  0
VERTEX
  5
1A0
  8
CUT
 10
823.883753057697
 20
452.93979534739856
 30
0.0
 70
0
  0
VERTEX
  5
1A1
  8
CUT
 10
823.9000000000001
 20
441.2000000000001
 30
0.0
 70
0
  0
SEQEND
  5
ED
  8
CUT
  0
POLYLINE
  5
1A2
  8
CUT
 66
1
 10
0.0
 20
0.0
 30
0.0
 70
1
  0
VERTEX
  5
1A4
  8
CUT
 10
855.3930776469966
 20
493.0583320218615
 30
0.0
 42
0.41421356237309503
 70
0
  0
VERTEX
  5
1A5
  8
CUT
 10
852.733065245221
 20
489.3971390438282
 30
0.0
 42
0.41421356237309503
 70
0
  0
VERTEX
  5
1A6
  8
CUT
 10
856.3942582232543
 20
486.73712664205254
 30
0.0
 42
0.41421356237309503
 70
0
  0
VERTEX
  5
1A7
  8
CUT
 10
859.0542706250299
 20
490.3983196200858
 30
0.0
 70
0
  0
VERTEX
  5
1A8
  8
CUT
 10
893.2282872096216
 20
495.8109521104778
 30
0.0
 42
0.41421356237309503
 70
0
  0
VERTEX
  5
1A9
  8
CUT
 10
896.8894801876548
 20
493.15093970870214
 30
0.0
 42
0.41421356237309503
 70
0
  0
VERTEX
  5
1AA
  8
CUT
 10
899.5494925894304
 20
496.8121326867353
 30
0.0
 42
0.41421356237309503
 70
0
  0
VERTEX
  5
1AB
  8
CUT
 10
895.8882996113973
 20
499.47214508851096
 30
0.0
 70
0
  0
VERTEX
  5
1AC
  8
CUT
 10
893.9172253518904
 20
511.9170181800097
 30
0.0
 42
0.41421356237309503
 70
0
  0
VERTEX
  5
1AD
  8
CUT
 10
896.5772377536659
 20
515.578211158043
 30
0.0
 42
0.41421356237309503
 70
0
  0
VERTEX
  5
1AE
  8
CUT
 10
892.9160447756327
 20
518.2382235598186
 30
0.0
 42
0.41421356237309503
 70
0
  0
VERTEX
  5
1AF
  8
CUT
 10
890.2560323738571
 20
514.5770305817854
 30
0.0
 70
0
  0
VERTEX
  5
1B0
  8
CUT
 10
856.0820157892654
 20
509.1643980913934
 30
0.0
 42
0.41421356237309503
 70
0
  0
VERTEX
  5
1B1
  8
CUT
 10
852.4208228112321
 20
511.8244104931691
 30
0.0
 42
0.41421356237309503
 70
0
  0
VERTEX
  5
1B2
  8
CUT
 10
849.7608104094566
 20
508.1632175151359
 30
0.0
 42
0.41421356237309503
 70
0
  0
VERTEX
  5
1B3
  8
CUT
 10
853.4220033874897
 20
505.5032051133602
 30
0.0
 70
0
  0
SEQEND
  5
1A3
  8
CUT
  0
POLYLINE
  5
1B4
  8
CUT
 66
1
 10
0.0
 20
0.0
 30
0.0
 70
1
  0
VERTEX
  5
1B6
  8
CUT
 10
826.9172648876076
 20
606.9691740710325
 30
0.0
 42
0.41421356237309503
 70
0
  0
VERTEX
  5
1B7
  8
CUT
 10
825.5188136093716
 20
602.6651835944632
 30
0.0
 42
0.41421356237309503
 70
0
  0
VERTEX
  5
1B8
  8
CUT
 10
829.8228040859408
 20
601.2667323162271
 30
0.0
 42
0.41421356237309503
 70
0
  0
VERTEX
  5
1B9
  8
CUT
 10
831.2212553641768
 20
605.5707227927963
 30
0.0
 70
0
  0
VERTEX
  5
1BA
  8
CUT
 10
862.0500811010945
 20
621.2787940837846
 30
0.0
 42
0.41421356237309503
 70
0
  0
VERTEX
  5
1BB
  8
CUT
 10
866.3540715776638
 20
619.8803428055485
 30
0.0
 42
0.41421356237309503
 70
0
  0
VERTEX
  5
1BC
  8
CUT
 10
867.7525228559
 20
624.1843332821178
 30
0.0
 42
0.41421356237309503
 70
0
  0
VERTEX
  5
1BD
  8
CUT
 10
863.4485323793307
 20
625.582784560354
 30
0.0
 70
0
  0
VERTEX
  5
1BE
  8
CUT
 10
857.7282520826124
 20
636.8094667651275
 30
0.0
 42
0.41421356237309503
 70
0
  0
VERTEX
  5
1BF
  8
CUT
 10
859.1267033608485
 20
641.1134572416968
 30
0.0
 42
0.41421356237309503
 70
0
  0
VERTEX
  5
1C0
  8
CUT
 10
854.8227128842792
 20
642.511908519933
 30
0.0
 42
0.41421356237309503
 70
0
  0
VERTEX
  5
1C1
  8
CUT
 10
853.424261606043
 20
638.2079180433636
 30
0.0
 70
0
  0
VERTEX
  5
1C2
  8
CUT
 10
822.5954358691256
 20
622.4998467523753
 30
0.0
 42
0.41421356237309503
 70
0
  0
VERTEX
  5
1C3
  8
CUT
 10
818.2914453925564
 20
623.8982980306117
 30
0.0
 42
0.41421356237309503
 70
0
  0
VERTEX
  5
1C4
  8
CUT
 10
816.89299411432
 20
619.5943075540424
 30
0.0
 42
0.41421356237309503
 70
0
  0
VERTEX
  5
1C5
  8
CUT
 10
821.1969845908893
 20
618.195856275806
 30
0.0
 70
0
  0
SEQEND
  5
1B5
  8
CUT
  0
POLYLINE
  5
1C6
  8
CUT
 66
1
 10
0.0
 20
0.0
 30
0.0
 70
1
  0
VERTEX
  5
1C8
  8
CUT
 10
753.0118118250754
 20
697.6022663821249
 30
0.0
 42
0.41421356237309503
 70
0
  0
VERTEX
  5
1C9
  8
CUT
 10
753.0118118250754
 20
693.076782982531
 30
0.0
 42
0.41421356237309503
 70
0
  0
VERTEX
  5
1CA
  8
CUT
 10
757.5372952246693
 20
693.076782982531
 30
0.0
 42
0.41421356237309503
 70
0
  0
VERTEX
  5
1CB
  8
CUT
 10
757.5372952246693
 20
697.6022663821249
 30
0.0
 70
0
  0
VERTEX
  5
1CC
  8
CUT
 10
782.0031898537238
 20
722.0681610111794
 30
0.0
 42
0.41421356237309503
 70
0
  0
VERTEX
  5
1CD
  8
CUT
 10
786.5286732533177
 20
722.0681610111794
 30
0.0
 42
0.41421356237309503
 70
0
  0
VERTEX
  5
1CE
  8
CUT
 10
786.5286732533177
 20
726.5936444107733
 30
0.0
 42
0.41421356237309503
 70
0
  0
VERTEX
  5
1CF
  8
CUT
 10
782.0031898537238
 20
726.5936444107733
 30
0.0
 70
0
  0
VERTEX
  5
1D0
  8
CUT
 10
773.0936444107733
 20
735.5031898537238
 30
0.0
 42
0.41421356237309503
 70
0
  0
VERTEX
  5
1D1
  8
CUT
 10
773.0936444107733
 20
740.0286732533177
 30
0.0
 42
0.41421356237309503
 70
0
  0
VERTEX
  5
1D2
  8
CUT
 10
768.5681610111794
 20
740.0286732533177
 30
0.0
 42
0.41421356237309503
 70
0
  0
VERTEX
  5
1D3
  8
CUT
 10
768.5681610111794
 20
735.5031898537238
 30
0.0
 70
0
  0
VERTEX
  5
1D4
  8
CUT
 10
744.1022663821249
 20
711.0372952246693
 30
0.0
 42
0.41421356237309503
 70
0
  0
VERTEX
  5
1D5
  8
CUT
 10
739.576782982531
 20
711.0372952246693
 30
0.0
 42
0.41421356237309503
 70
0
  0
VERTEX
  5
1D6
  8
CUT
 10
739.576782982531
 20
706.5118118250754
 30
0.0
 42
0.41421356237309503
 70
0
  0
VERTEX
  5
1D7
  8
CUT
 10
744.1022663821249
 20
706.5118118250754
 30
0.0
 70
0
  0
SEQEND
  5
1C7
  8
CUT
  0
POLYLINE
  5
1D8
  8
CUT
 66
1
 10
0.0
 20
0.0
 30
0.0
 70
1
  0
VERTEX
  5
1DA
  8
CUT
 10
650.8568241876467
 20
747.536354828645
 30
0.0
 42
0.41421356237309503
 70
0
  0
VERTEX
  5
1DB
  8
CUT
 10
652.255275465883
 20
743.2323643520757
 30
0.0
 42
0.41421356237309503
 70
0
  0
VERTEX
  5
1DC
  8
CUT
 10
656.5592659424523
 20
744.6308156303121
 30
0.0
 42
0.41421356237309503
 70
0
  0
VERTEX
  5
1DD
  8
CUT
 10
655.160814664216
 20
748.9348061068813
 30
0.0
 70
0
  0
VERTEX
  5
1DE
  8
CUT
 10
670.8688859552043
 20
779.7636318437987
 30
0.0
 42
0.41421356237309503
 70
0
  0
VERTEX
  5
1DF
  8
CUT
 10
675.1728764317736
 20
781.1620831220349
 30
0.0
 42
0.41421356237309503
 70
0
  0
VERTEX
  5
1E0
  8
CUT
 10
673.7744251535374
 20
785.4660735986042
 30
0.0
 42
0.41421356237309503
 70
0
  0
VERTEX
  5
1E1
  8
CUT
 10
669.4704346769681
 20
784.0676223203681
 30
0.0
 70
0
  0
VERTEX
  5
1E2
  8
CUT
 10
658.2437524721946
 20
789.7879026170864
 30
0.0
 42
0.41421356237309503
 70
0
  0
VERTEX
  5
1E3
  8
CUT
 10
656.8453011939584
 20
794.0918930936557
 30
0.0
 42
0.41421356237309503
 70
0
  0
VERTEX
  5
1E4
  8
CUT
 10
652.5413107173891
 20
792.6934418154195
 30
0.0
 42
0.41421356237309503
 70
0
  0
VERTEX
  5
1E5
  8
CUT
 10
653.9397619956253
 20
788.3894513388502
 30
0.0
 70
0
  0
VERTEX
  5
1E6
  8
CUT
 10
638.231690704637
 20
757.5606256019325
 30
0.0
 42
0.41421356237309503
 70
0
  0
VERTEX
  5
1E7
  8
CUT
 10
633.9277002280678
 20
756.1621743236963
 30
0.0
 42
0.41421356237309503
 70
0
  0
VERTEX
  5
1E8
  8
CUT
 10
635.3261515063041
 20
751.8581838471271
 30
0.0
 42
0.41421356237309503
 70
0
  0
VERTEX
  5
1E9
  8
CUT
 10
639.6301419828732
 20
753.2566351253633
 30
0.0
 70
0
  0
SEQEND
  5
1D9
  8
CUT
  0
POLYLINE
  5
1EA
  8
CUT
 66
1
 10
0.0
 20
0.0
 30
0.0
 70
1
  0
VERTEX
  5
1EC
  8
CUT
 10
545.2363833517809
 20
764.1979722407821
 30
0.0
 42
0.41421356237309503
 70
0
  0
VERTEX
  5
1ED
  8
CUT
 10
547.8963957535566
 20
760.536779262749
 30
0.0
 42
0.41421356237309503
 70
0
  0
VERTEX
  5
1EE
  8
CUT
 10
551.5575887315897
 20
763.1967916645247
 30
0.0
 42
0.41421356237309503
 70
0
  0
VERTEX
  5
1EF
  8
CUT
 10
548.897576329814
 20
766.8579846425578
 30
0.0
 70
0
  0
VERTEX
  5
1F0
  8
CUT
 10
554.3102088202061
 20
801.0320012271495
 30
0.0
 42
0.41421356237309503
 70
0
  0
VERTEX
  5
1F1
  8
CUT
 10
557.9714017982392
 20
803.6920136289252
 30
0.0
 42
0.41421356237309503
 70
0
  0
VERTEX
  5
1F2
  8
CUT
 10
555.3113893964635
 20
807.3532066069583
 30
0.0
 42
0.41421356237309503
 70
0
  0
VERTEX
  5
1F3
  8
CUT
 10
551.6501964184304
 20
804.6931942051826
 30
0.0
 70
0
  0
VERTEX
  5
1F4
  8
CUT
 10
539.2053233269315
 20
806.6642684646897
 30
0.0
 42
0.41421356237309503
 70
0
  0
VERTEX
  5
1F5
  8
CUT
 10
536.5453109251556
 20
810.3254614427228
 30
0.0
 42
0.41421356237309503
 70
0
  0
VERTEX
  5
1F6
  8
CUT
 10
532.8841179471225
 20
807.6654490409469
 30
0.0
 42
0.41421356237309503
 70
0
  0
VERTEX
  5
1F7
  8
CUT
 10
535.5441303488984
 20
804.0042560629139
 30
0.0
 70
0
  0
VERTEX
  5
1F8
  8
CUT
 10
530.1314978585065
 20
769.8302394783221
 30
0.0
 42
0.41421356237309503
 70
0
  0
VERTEX
  5
1F9
  8
CUT
 10
526.4703048804732
 20
767.1702270765464
 30
0.0
 42
0.41421356237309503
 70
0
  0
VERTEX
  5
1FA
  8
CUT
 10
529.1303172822488
 20
763.5090340985132
 30
0.0
 42
0.41421356237309503
 70
0
  0
VERTEX
  5
1FB
  8
CUT
 10
532.7915102602822
 20
766.1690465002889
 30
0.0
 70
0
  0
SEQEND
  5
1EB
  8
CUT
  0
POLYLINE
  5
1FC
  8
CUT
 66
1
 10
0.0
 20
0.0
 30
0.0
 70
1
  0
VERTEX
  5
1FE
  8
CUT
 10
442.60848973971804
 20
766.1690465002889
 30
0.0
 42
0.41421356237309503
 70
0
  0
VERTEX
  5
1FF
  8
CUT
 10
446.2696827177513
 20
763.5090340985133
 30
0.0
 42
0.41421356237309503
 70
0
  0
VERTEX
  5
200
  8
CUT
 10
448.92969511952697
 20
767.1702270765466
 30
0.0
 42
0.41421356237309503
 70
0
  0
VERTEX
  5
201
  8
CUT
 10
445.26850214149374
 20
769.8302394783221
 30
0.0
 70
0
  0
VERTEX
  5
202
  8
CUT
 10
439.8558696511017
 20
804.0042560629139
 30
0.0
 42
0.41421356237309503
 70
0
  0
VERTEX
  5
203
  8
CUT
 10
442.5158820528775
 20
807.6654490409471
 30
0.0
 42
0.41421356237309503
 70
0
  0
VERTEX
  5
204
  8
CUT
 10
438.8546890748443
 20
810.3254614427229
 30
0.0
 42
0.41421356237309503
 70
0
  0
VERTEX
  5
205
  8
CUT
 10
436.19467667306856
 20
806.6642684646897
 30
0.0
 70
0
  0
VERTEX
  5
206
  8
CUT
 10
423.74980358156984
 20
804.6931942051826
 30
0.0
 42
0.41421356237309503
 70
0
  0
VERTEX
  5
207
  8
CUT
 10
420.0886106035367
 20
807.3532066069583
 30
0.0
 42
0.41421356237309503
 70
0
  0
VERTEX
  5
208
  8
CUT
 10
417.428598201761
 20
803.6920136289252
 30
0.0
 42
0.41421356237309503
 70
0
  0
VERTEX
  5
209
  8
CUT
 10
421.08979117979413
 20
801.0320012271495
 30
0.0
 70
0
  0
VERTEX
  5
20A
  8
CUT
 10
426.5024236701861
 20
766.8579846425578
 30
0.0
 42
0.41421356237309503
 70
0
  0
VERTEX
  5
20B
  8
CUT
 10
423.8424112684104
 20
763.1967916645245
 30
0.0
 42
0.41421356237309503
 70
0
  0
VERTEX
  5
20C
  8
CUT
 10
427.5036042464436
 20
760.536779262749
 30
0.0
 42
0.41421356237309503
 70
0
  0
VERTEX
  5
20D
  8
CUT
 10
430.1636166482193
 20
764.1979722407821
 30
0.0
 70
0
  0
SEQEND
  5
1FD
  8
CUT
  0
POLYLINE
  5
20E
  8
CUT
 66
1
 10
0.0
 20
0.0
 30
0.0
 70
1
  0
VERTEX
  5
210
  8
CUT
 10
335.7698580171269
 20
753.2566351253633
 30
0.0
 42
0.41421356237309503
 70
0
  0
VERTEX
  5
211
  8
CUT
 10
340.07384849369606
 20
751.8581838471271
 30
0.0
 42
0.41421356237309503
 70
0
  0
VERTEX
  5
212
  8
CUT
 10
341.4722997719323
 20
756.1621743236963
 30
0.0
 42
0.41421356237309503
 70
0
  0
VERTEX
  5
213
  8
CUT
 10
337.1683092953631
 20
757.5606256019325
 30
0.0
 70
0
  0
VERTEX
  5
214
  8
CUT
 10
321.4602380043748
 20
788.3894513388502
 30
0.0
 42
0.41421356237309503
 70
0
  0
VERTEX
  5
215
  8
CUT
 10
322.85868928261095
 20
792.6934418154195
 30
0.0
 42
0.41421356237309503
 70
0
  0
VERTEX
  5
216
  8
CUT
 10
318.55469880604164
 20
794.0918930936557
 30
0.0
 42
0.41421356237309503
 70
0
  0
VERTEX
  5
217
  8
CUT
 10
317.1562475278055
 20
789.7879026170864
 30
0.0
 70
0
  0
VERTEX
  5
218
  8
CUT
 10
305.9295653230321
 20
784.0676223203681
 30
0.0
 42
0.41421356237309503
 70
0
  0
VERTEX
  5
219
  8
CUT
 10
301.6255748464628
 20
785.4660735986045
 30
0.0
 42
0.41421356237309503
 70
0
  0
VERTEX
  5
21A
  8
CUT
 10
300.2271235682265
 20
781.1620831220351
 30
0.0
 42
0.41421356237309503
 70
0
  0
VERTEX
  5
21B
  8
CUT
 10
304.5311140447958
 20
779.7636318437987
 30
0.0
 70
0
  0
VERTEX
  5
21C
  8
CUT
 10
320.2391853357841
 20
748.9348061068813
 30
0.0
 42
0.41421356237309503
 70
0
  0
VERTEX
  5
21D
  8
CUT
 10
318.8407340575478
 20
744.630815630312
 30
0.0
 42
0.41421356237309503
 70
0
  0
VERTEX
  5
21E
  8
CUT
 10
323.14472453411713
 20
743.2323643520758
 30
0.0
 42
0.41421356237309503
 70
0
  0
VERTEX
  5
21F
  8
CUT
 10
324.5431758123534
 20
747.536354828645
 30
0.0
 70
0
  0
SEQEND
  5
20F
  8
CUT
  0
POLYLINE
  5
220
  8
CUT
 66
1
 10
0.0
 20
0.0
 30
0.0
 70
1
  0
VERTEX
  5
222
  8
CUT
 10
231.29773361787528
 20
706.5118118250755
 30
0.0
 42
0.41421356237309503
 70
0
  0
VERTEX
  5
223
  8
CUT
 10
235.82321701746918
 20
706.5118118250755
 30
0.0
 42
0.41421356237309503
 70
0
  0
VERTEX
  5
224
  8
CUT
 10
235.82321701746918
 20
711.0372952246694
 30
0.0
 42
0.41421356237309503
 70
0
  0
VERTEX
  5
225
  8
CUT
 10
231.29773361787528
 20
711.0372952246694
 30
0.0
 70
0
  0
VERTEX
  5
226
  8
CUT
 10
206.83183898882072
 20
735.5031898537238
 30
0.0
 42
0.41421356237309503
 70
0
  0
VERTEX
  5
227
  8
CUT
 10
206.83183898882072
 20
740.0286732533177
 30
0.0
 42
0.41421356237309503
 70
0
  0
VERTEX
  5
228
  8
CUT
 10
202.30635558922683
 20
740.0286732533177
 30
0.0
 42
0.41421356237309503
 70
0
  0
VERTEX
  5
229
  8
CUT
 10
202.30635558922683
 20
735.5031898537238
 30
0.0
 70
0
  0
VERTEX
  5
22A
  8
CUT
 10
193.39681014627632
 20
726.5936444107733
 30
0.0
 42
0.41421356237309503
 70
0
  0
VERTEX
  5
22B
  8
CUT
 10
188.87132674668243
 20
726.5936444107733
 30
0.0
 42
0.41421356237309503
 70
0
  0
VERTEX
  5
22C
  8
CUT
 10
188.87132674668243
 20
722.0681610111794
 30
0.0
 42
0.41421356237309503
 70
0
  0
VERTEX
  5
22D
  8
CUT
 10
193.39681014627632
 20
722.0681610111794
 30
0.0
 70
0
  0
VERTEX
  5
22E
  8
CUT
 10
217.86270477533088
 20
697.602266382125
 30
0.0
 42
0.41421356237309503
 70
0
  0
VERTEX
  5
22F
  8
CUT
 10
217.86270477533088
 20
693.0767829825311
 30
0.0
 42
0.41421356237309503
 70
0
  0
VERTEX
  5
230
  8
CUT
 10
222.38818817492478
 20
693.0767829825311
 30
0.0
 42
0.41421356237309503
 70
0
  0
VERTEX
  5
231
  8
CUT
 10
222.38818817492478
 20
697.602266382125
 30
0.0
 70
0
  0
SEQEND
  5
221
  8
CUT
  0
POLYLINE
  5
232
  8
CUT
 66
1
 10
0.0
 20
0.0
 30
0.0
 70
1
  0
VERTEX
  5
234
  8
CUT
 10
154.20301540911083
 20
618.195856275806
 30
0.0
 42
0.41421356237309503
 70
0
  0
VERTEX
  5
235
  8
CUT
 10
158.50700588568014
 20
619.5943075540422
 30
0.0
 42
0.41421356237309503
 70
0
  0
VERTEX
  5
236
  8
CUT
 10
157.10855460744392
 20
623.8982980306115
 30
0.0
 42
0.41421356237309503
 70
0
  0
VERTEX
  5
237
  8
CUT
 10
152.8045641308746
 20
622.4998467523753
 30
0.0
 70
0
  0
VERTEX
  5
238
  8
CUT
 10
121.97573839395704
 20
638.2079180433636
 30
0.0
 42
0.41421356237309503
 70
0
  0
VERTEX
  5
239
  8
CUT
 10
120.5772871157209
 20
642.511908519933
 30
0.0
 42
0.41421356237309503
 70
0
  0
VERTEX
  5
23A
  8
CUT
 10
116.27329663915164
 20
641.1134572416968
 30
0.0
 42
0.41421356237309503
 70
0
  0
VERTEX
  5
23B
  8
CUT
 10
117.67174791738779
 20
636.8094667651275
 30
0.0
 70
0
  0
VERTEX
  5
23C
  8
CUT
 10
111.95146762066946
 20
625.582784560354
 30
0.0
 42
0.41421356237309503
 70
0
  0
VERTEX
  5
23D
  8
CUT
 10
107.64747714410015
 20
624.1843332821178
 30
0.0
 42
0.41421356237309503
 70
0
  0
VERTEX
  5
23E
  8
CUT
 10
109.04592842233636
 20
619.8803428055485
 30
0.0
 42
0.41421356237309503
 70
0
  0
VERTEX
  5
23F
  8
CUT
 10
113.34991889890568
 20
621.2787940837846
 30
0.0
 70
0
  0
VERTEX
  5
240
  8
CUT
 10
144.17874463582325
 20
605.5707227927963
 30
0.0
 42
0.41421356237309503
 70
0
  0
VERTEX
  5
241
  8
CUT
 10
145.5771959140594
 20
601.266732316227
 30
0.0
 42
0.41421356237309503
 70
0
  0
VERTEX
  5
242
  8
CUT
 10
149.88118639062867
 20
602.6651835944632
 30
0.0
 42
0.41421356237309503
 70
0
  0
VERTEX
  5
243
  8
CUT
 10
148.4827351123925
 20
606.9691740710325
 30
0.0
 70
0
  0
SEQEND
  5
233
  8
CUT
  0
POLYLINE
  5
244
  8
CUT
 66
1
 10
0.0
 20
0.0
 30
0.0
 70
1
  0
VERTEX
  5
246
  8
CUT
 10
121.97799661251037
 20
505.5032051133603
 30
0.0
 42
0.41421356237309503
 70
0
  0
VERTEX
  5
247
  8
CUT
 10
125.63918959054354
 20
508.16321751513607
 30
0.0
 42
0.41421356237309503
 70
0
  0
VERTEX
  5
248
  8
CUT
 10
122.97917718876778
 20
511.82441049316924
 30
0.0
 42
0.41421356237309503
 70
0
  0
VERTEX
  5
249
  8
CUT
 10
119.31798421073461
 20
509.1643980913935
 30
0.0
 70
0
  0
VERTEX
  5
24A
  8
CUT
 10
85.14396762614285
 20
514.5770305817855
 30
0.0
 42
0.41421356237309503
 70
0
  0
VERTEX
  5
24B
  8
CUT
 10
82.48395522436712
 20
518.2382235598186
 30
0.0
 42
0.41421356237309503
 70
0
  0
VERTEX
  5
24C
  8
CUT
 10
78.82276224633398
 20
515.5782111580429
 30
0.0
 42
0.41421356237309503
 70
0
  0
VERTEX
  5
24D
  8
CUT
 10
81.48277464810968
 20
511.9170181800098
 30
0.0
 70
0
  0
VERTEX
  5
24E
  8
CUT
 10
79.51170038860272
 20
499.472145088511
 30
0.0
 42
0.41421356237309503
 70
0
  0
VERTEX
  5
24F
  8
CUT
 10
75.85050741056955
 20
496.81213268673525
 30
0.0
 42
0.41421356237309503
 70
0
  0
VERTEX
  5
250
  8
CUT
 10
78.51051981234531
 20
493.1509397087021
 30
0.0
 42
0.41421356237309503
 70
0
  0
VERTEX
  5
251
  8
CUT
 10
82.17171279037848
 20
495.81095211047784
 30
0.0
 70
0
  0
VERTEX
  5
252
  8
CUT
 10
116.34572937497023
 20
490.3983196200859
 30
0.0
 42
0.41421356237309503
 70
0
  0
VERTEX
  5
253
  8
CUT
 10
119.00574177674596
 20
486.7371266420527
 30
0.0
 42
0.41421356237309503
 70
0
  0
VERTEX
  5
254
  8
CUT
 10
122.6669347547791
 20
489.3971390438285
 30
0.0
 42
0.41421356237309503
 70
0
  0
VERTEX
  5
255
  8
CUT
 10
120.0069223530034
 20
493.0583320218616
 30
0.0
 70
0
  0
SEQEND
  5
245
  8
CUT
  0
POLYLINE
  5
256
  8
CUT
 66
1
 10
0.0
 20
0.0
 30
0.0
 70
1
  0
VERTEX
  5
258
  8
CUT
 10
120.00692235300346
 20
389.34166797813873
 30
0.0
 42
0.41421356237309503
 70
0
  0
VERTEX
  5
259
  8
CUT
 10
122.66693475477916
 20
393.0028609561719
 30
0.0
 42
0.41421356237309503
 70
0
  0
VERTEX
  5
25A
  8
CUT
 10
119.00574177674599
 20
395.66287335794755
 30
0.0
 42
0.41421356237309503
 70
0
  0
VERTEX
  5
25B
  8
CUT
 10
116.34572937497029
 20
392.00168037991443
 30
0.0
 70
0
  0
VERTEX
  5
25C
  8
CUT
 10
82.17171279037854
 20
386.5890478895225
 30
0.0
 42
0.41421356237309503
 70
0
  0
VERTEX
  5
25D
  8
CUT
 10
78.51051981234536
 20
389.24906029129824
 30
0.0
 42
0.41421356237309503
 70
0
  0
VERTEX
  5
25E
  8
CUT
 10
75.8505074105696
 20
385.58786731326506
 30
0.0
 42
0.41421356237309503
 70
0
  0
VERTEX
  5
25F
  8
CUT
 10
79.51170038860278
 20
382.9278549114893
 30
0.0
 70
0
  0
VERTEX
  5
260
  8
CUT
 10
81.48277464810974
 20
370.4829818199905
 30
0.0
 42
0.41421356237309503
 70
0
  0
VERTEX
  5
261
  8
CUT
 10
78.82276224633404
 20
366.82178884195736
 30
0.0
 42
0.41421356237309503
 70
0
  0
VERTEX
  5
262
  8
CUT
 10
82.48395522436721
 20
364.1617764401817
 30
0.0
 42
0.41421356237309503
 70
0
  0
VERTEX
  5
263
  8
CUT
 10
85.14396762614291
 20
367.8229694182148
 30
0.0
 70
0
  0
VERTEX
  5
264
  8
CUT
 10
119.31798421073466
 20
373.23560190860684
 30
0.0
 42
0.41421356237309503
 70
0
  0
VERTEX
  5
265
  8
CUT
 10
122.97917718876784
 20
370.5755895068311
 30
0.0
 42
0.41421356237309503
 70
0
  0
VERTEX
  5
266
  8
CUT
 10
125.6391895905436
 20
374.23678248486425
 30
0.0
 42
0.41421356237309503
 70
0
  0
VERTEX
  5
267
  8
CUT
 10
121.97799661251042
 20
376.89679488664
 30
0.0
 70
0
  0
SEQEND
  5
257
  8
CUT
  0
POLYLINE
  5
268
  8
CUT
 66
1
 10
0.0
 20
0.0
 30
0.0
 70
1
  0
VERTEX
  5
26A
  8
CUT
 10
148.48273511239245
 20
275.4308259289677
 30
0.0
 42
0.41421356237309503
 70
0
  0
VERTEX
  5
26B
  8
CUT
 10
149.8811863906286
 20
279.73481640553695
 30
0.0
 42
0.41421356237309503
 70
0
  0
VERTEX
  5
26C
  8
CUT
 10
145.57719591405936
 20
281.13326768377317
 30
0.0
 42
0.41421356237309503
 70
0
  0
VERTEX
  5
26D
  8
CUT
 10
144.1787446358232
 20
276.82927720720386
 30
0.0
 70
0
  0
VERTEX
  5
26E
  8
CUT
 10
113.34991889890563
 20
261.12120591621556
 30
0.0
 42
0.41421356237309503
 70
0
  0
VERTEX
  5
26F
  8
CUT
 10
109.04592842233629
 20
262.5196571944517
 30
0.0
 42
0.41421356237309503
 70
0
  0
VERTEX
  5
270
  8
CUT
 10
107.64747714410011
 20
258.2156667178824
 30
0.0
 42
0.41421356237309503
 70
0
  0
VERTEX
  5
271
  8
CUT
 10
111.9514676206694
 20
256.81721543964625
 30
0.0
 70
0
  0
VERTEX
  5
272
  8
CUT
 10
117.67174791738773
 20
245.59053323487282
 30
0.0
 42
0.41421356237309503
 70
0
  0
VERTEX
  5
273
  8
CUT
 10
116.27329663915151
 20
241.28654275830357
 30
0.0
 42
0.41421356237309503
 70
0
  0
VERTEX
  5
274
  8
CUT
 10
120.57728711572076
 20
239.88809148006735
 30
0.0
 42
0.41421356237309503
 70
0
  0
VERTEX
  5
275
  8
CUT
 10
121.97573839395699
 20
244.1920819566366
 30
0.0
 70
0
  0
VERTEX
  5
276
  8
CUT
 10
152.80456413087455
 20
259.90015324762487
 30
0.0
 42
0.41421356237309503
 70
0
  0
VERTEX
  5
277
  8
CUT
 10
157.10855460744384
 20
258.5017019693886
 30
0.0
 42
0.41421356237309503
 70
0
  0
VERTEX
  5
278
  8
CUT
 10
158.5070058856801
 20
262.8056924459579
 30
0.0
 42
0.41421356237309503
 70
0
  0
VERTEX
  5
279
  8
CUT
 10
154.20301540911078
 20
264.2041437241942
 30
0.0
 70
0
  0
SEQEND
  5
269
  8
CUT
  0
POLYLINE
  5
27A
  8
CUT
 66
1
 10
0.0
 20
0.0
 30
0.0
 70
1
  0
VERTEX
  5
27C
  8
CUT
 10
222.38818817492472
 20
184.7977336178754
 30
0.0
 42
0.41421356237309503
 70
0
  0
VERTEX
  5
27D
  8
CUT
 10
222.38818817492472
 20
189.3232170174693
 30
0.0
 42
0.41421356237309503
 70
0
  0
VERTEX
  5
27E
  8
CUT
 10
217.86270477533083
 20
189.3232170174693
 30
0.0
 42
0.41421356237309503
 70
0
  0
VERTEX
  5
27F
  8
CUT
 10
217.86270477533083
 20
184.7977336178754
 30
0.0
 70
0
  0
VERTEX
  5
280
  8
CUT
 10
193.39681014627627
 20
160.33183898882083
 30
0.0
 42
0.41421356237309503
 70
0
  0
VERTEX
  5
281
  8
CUT
 10
188.87132674668237
 20
160.33183898882083
 30
0.0
 42
0.41421356237309503
 70
0
  0
VERTEX
  5
282
  8
CUT
 10
188.87132674668237
 20
155.80635558922694
 30
0.0
 42
0.41421356237309503
 70
0
  0
VERTEX
  5
283
  8
CUT
 10
193.39681014627627
 20
155.80635558922694
 30
0.0
 70
0
  0
VERTEX
  5
284
  8
CUT
 10
202.30635558922677
 20
146.89681014627644
 30
0.0
 42
0.41421356237309503
 70
0
  0
VERTEX
  5
285
  8
CUT
 10
202.30635558922677
 20
142.37132674668254
 30
0.0
 42
0.41421356237309503
 70
0
  0
VERTEX
  5
286
  8
CUT
 10
206.83183898882066
 20
142.37132674668254
 30
0.0
 42
0.41421356237309503
 70
0
  0
VERTEX
  5
287
  8
CUT
 10
206.83183898882066
 20
146.89681014627644
 30
0.0
 70
0
  0
VERTEX
  5
288
  8
CUT
 10
231.29773361787522
 20
171.362704775331
 30
0.0
 42
0.41421356237309503
 70
0
  0
VERTEX
  5
289
  8
CUT
 10
235.82321701746912
 20
171.362704775331
 30
0.0
 42
0.41421356237309503
 70
0
  0
VERTEX
  5
28A
  8
CUT
 10
235.82321701746912
 20
175.8881881749249
 30
0.0
 42
0.41421356237309503
 70
0
  0
VERTEX
  5
28B
  8
CUT
 10
231.29773361787522
 20
175.8881881749249
 30
0.0
 70
0
  0
SEQEND
  5
27B
  8
CUT
  0
POLYLINE
  5
28C
  8
CUT
 66
1
 10
0.0
 20
0.0
 30
0.0
 70
1
  0
VERTEX
  5
28E
  8
CUT
 10
324.5431758123534
 20
134.8636451713552
 30
0.0
 42
0.41421356237309503
 70
0
  0
VERTEX
  5
28F
  8
CUT
 10
323.1447245341172
 20
139.16763564792456
 30
0.0
 42
0.41421356237309503
 70
0
  0
VERTEX
  5
290
  8
CUT
 10
318.8407340575478
 20
137.76918436968833
 30
0.0
 42
0.41421356237309503
 70
0
  0
VERTEX
  5
291
  8
CUT
 10
320.23918533578404
 20
133.46519389311896
 30
0.0
 70
0
  0
VERTEX
  5
292
  8
CUT
 10
304.53111404479574
 20
102.6363681562014
 30
0.0
 42
0.41421356237309503
 70
0
  0
VERTEX
  5
293
  8
CUT
 10
300.2271235682265
 20
101.23791687796518
 30
0.0
 42
0.41421356237309503
 70
0
  0
VERTEX
  5
294
  8
CUT
 10
301.6255748464627
 20
96.93392640139592
 30
0.0
 42
0.41421356237309503
 70
0
  0
VERTEX
  5
295
  8
CUT
 10
305.92956532303197
 20
98.33237767963215
 30
0.0
 70
0
  0
VERTEX
  5
296
  8
CUT
 10
317.15624752780536
 20
92.61209738291382
 30
0.0
 42
0.41421356237309503
 70
0
  0
VERTEX
  5
297
  8
CUT
 10
318.5546988060416
 20
88.30810690634445
 30
0.0
 42
0.41421356237309503
 70
0
  0
VERTEX
  5
298
  8
CUT
 10
322.85868928261095
 20
89.70655818458067
 30
0.0
 42
0.41421356237309503
 70
0
  0
VERTEX
  5
299
  8
CUT
 10
321.46023800437473
 20
94.01054866115004
 30
0.0
 70
0
  0
VERTEX
  5
29A
  8
CUT
 10
337.16830929536303
 20
124.8393743980676
 30
0.0
 42
0.41421356237309503
 70
0
  0
VERTEX
  5
29B
  8
CUT
 10
341.4722997719323
 20
126.23782567630383
 30
0.0
 42
0.41421356237309503
 70
0
  0
VERTEX
  5
29C
  8
CUT
 10
340.07384849369606
 20
130.54181615287308
 30
0.0
 42
0.41421356237309503
 70
0
  0
VERTEX
  5
29D
  8
CUT
 10
335.7698580171268
 20
129.14336487463686
 30
0.0
 70
0
  0
SEQEND
  5
28D
  8
CUT
  0
POLYLINE
  5
29E
  8
CUT
 66
1
 10
0.0
 20
0.0
 30
0.0
 70
1
  0
VERTEX
  5
2A0
  8
CUT
 10
430.1636166482192
 20
118.20202775921814
 30
0.0
 42
0.41421356237309503
 70
0
  0
VERTEX
  5
2A1
  8
CUT
 10
427.50360424644344
 20
121.86322073725131
 30
0.0
 42
0.41421356237309503
 70
0
  0
VERTEX
  5
2A2
  8
CUT
 10
423.8424112684103
 20
119.20320833547555
 30
0.0
 42
0.41421356237309503
 70
0
  0
VERTEX
  5
2A3
  8
CUT
 10
426.50242367018603
 20
115.54201535744238
 30
0.0
 70
0
  0
VERTEX
  5
2A4
  8
CUT
 10
421.089791179794
 20
81.36799877285063
 30
0.0
 42
0.41421356237309503
 70
0
  0
VERTEX
  5
2A5
  8
CUT
 10
417.42859820176085
 20
78.7079863710749
 30
0.0
 42
0.41421356237309503
 70
0
  0
VERTEX
  5
2A6
  8
CUT
 10
420.0886106035366
 20
75.04679339304175
 30
0.0
 42
0.41421356237309503
 70
0
  0
VERTEX
  5
2A7
  8
CUT
 10
423.7498035815697
 20
77.70680579481746
 30
0.0
 70
0
  0
VERTEX
  5
2A8
  8
CUT
 10
436.19467667306844
 20
75.73573153531049
 30
0.0
 42
0.41421356237309503
 70
0
  0
VERTEX
  5
2A9
  8
CUT
 10
438.85468907484426
 20
72.07453855727726
 30
0.0
 42
0.41421356237309503
 70
0
  0
VERTEX
  5
2AA
  8
CUT
 10
442.5158820528775
 20
74.73455095905302
 30
0.0
 42
0.41421356237309503
 70
0
  0
VERTEX
  5
2AB
  8
CUT
 10
439.85586965110167
 20
78.39574393708625
 30
0.0
 70
0
  0
VERTEX
  5
2AC
  8
CUT
 10
445.2685021414936
 20
112.569760521678
 30
0.0
 42
0.41421356237309503
 70
0
  0
VERTEX
  5
2AD
  8
CUT
 10
448.9296951195268
 20
115.22977292345374
 30
0.0
 42
0.41421356237309503
 70
0
  0
VERTEX
  5
2AE
  8
CUT
 10
446.26968271775104
 20
118.89096590148688
 30
0.0
 42
0.41421356237309503
 70
0
  0
VERTEX
  5
2AF
  8
CUT
 10
442.6084897397179
 20
116.23095349971118
 30
0.0
 70
0
  0
SEQEND
  5
29F
  8
CUT
  0
POLYLINE
  5
2B0
  8
CUT
 66
1
 10
0.0
 20
0.0
 30
0.0
 70
1
  0
VERTEX
  5
2B2
  8
CUT
 10
532.791510260282
 20
116.23095349971123
 30
0.0
 42
0.41421356237309503
 70
0
  0
VERTEX
  5
2B3
  8
CUT
 10
529.1303172822489
 20
118.89096590148694
 30
0.0
 42
0.41421356237309503
 70
0
  0
VERTEX
  5
2B4
  8
CUT
 10
526.4703048804732
 20
115.22977292345377
 30
0.0
 42
0.41421356237309503
 70
0
  0
VERTEX
  5
2B5
  8
CUT
 10
530.1314978585063
 20
112.56976052167806
 30
0.0
 70
0
  0
VERTEX
  5
2B6
  8
CUT
 10
535.5441303488983
 20
78.39574393708631
 30
0.0
 42
0.41421356237309503
 70
0
  0
VERTEX
  5
2B7
  8
CUT
 10
532.8841179471226
 20
74.73455095905317
 30
0.0
 42
0.41421356237309503
 70
0
  0
VERTEX
  5
2B8
  8
CUT
 10
536.5453109251557
 20
72.07453855727744
 30
0.0
 42
0.41421356237309503
 70
0
  0
VERTEX
  5
2B9
  8
CUT
 10
539.2053233269314
 20
75.73573153531055
 30
0.0
 70
0
  0
VERTEX
  5
2BA
  8
CUT
 10
551.6501964184303
 20
77.70680579481751
 30
0.0
 42
0.41421356237309503
 70
0
  0
VERTEX
  5
2BB
  8
CUT
 10
555.3113893964634
 20
75.04679339304181
 30
0.0
 42
0.41421356237309503
 70
0
  0
VERTEX
  5
2BC
  8
CUT
 10
557.9714017982391
 20
78.70798637107498
 30
0.0
 42
0.41421356237309503
 70
0
  0
VERTEX
  5
2BD
  8
CUT
 10
554.310208820206
 20
81.36799877285068
 30
0.0
 70
0
  0
VERTEX
  5
2BE
  8
CUT
 10
548.8975763298139
 20
115.54201535744244
 30
0.0
 42
0.41421356237309503
 70
0
  0
VERTEX
  5
2BF
  8
CUT
 10
551.5575887315896
 20
119.20320833547558
 30
0.0
 42
0.41421356237309503
 70
0
  0
VERTEX
  5
2C0
  8
CUT
 10
547.8963957535565
 20
121.86322073725131
 30
0.0
 42
0.41421356237309503
 70
0
  0
VERTEX
  5
2C1
  8
CUT
 10
545.2363833517808
 20
118.2020277592182
 30
0.0
 70
0
  0
SEQEND
  5
2B1
  8
CUT
  0
POLYLINE
  5
2C2
  8
CUT
 66
1
 10
0.0
 20
0.0
 30
0.0
 70
1
  0
VERTEX
  5
2C4
  8
CUT
 10
639.6301419828732
 20
129.14336487463686
 30
0.0
 42
0.41421356237309503
 70
0
  0
VERTEX
  5
2C5
  8
CUT
 10
635.326151506304
 20
130.54181615287314
 30
0.0
 42
0.41421356237309503
 70
0
  0
VERTEX
  5
2C6
  8
CUT
 10
633.9277002280677
 20
126.23782567630387
 30
0.0
 42
0.41421356237309503
 70
0
  0
VERTEX
  5
2C7
  8
CUT
 10
638.2316907046369
 20
124.8393743980676
 30
0.0
 70
0
  0
VERTEX
  5
2C8
  8
CUT
 10
653.9397619956252
 20
94.01054866115004
 30
0.0
 42
0.41421356237309503
 70
0
  0
VERTEX
  5
2C9
  8
CUT
 10
652.541310717389
 20
89.7065581845807
 30
0.0
 42
0.41421356237309503
 70
0
  0
VERTEX
  5
2CA
  8
CUT
 10
656.8453011939583
 20
88.30810690634452
 30
0.0
 42
0.41421356237309503
 70
0
  0
VERTEX
  5
2CB
  8
CUT
 10
658.2437524721945
 20
92.61209738291382
 30
0.0
 70
0
  0
VERTEX
  5
2CC
  8
CUT
 10
669.470434676968
 20
98.33237767963215
 30
0.0
 42
0.41421356237309503
 70
0
  0
VERTEX
  5
2CD
  8
CUT
 10
673.7744251535373
 20
96.93392640139598
 30
0.0
 42
0.41421356237309503
 70
0
  0
VERTEX
  5
2CE
  8
CUT
 10
675.1728764317735
 20
101.23791687796522
 30
0.0
 42
0.41421356237309503
 70
0
  0
VERTEX
  5
2CF
  8
CUT
 10
670.8688859552042
 20
102.6363681562014
 30
0.0
 70
0
  0
VERTEX
  5
2D0
  8
CUT
 10
655.1608146642159
 20
133.46519389311896
 30
0.0
 42
0.41421356237309503
 70
0
  0
VERTEX
  5
2D1
  8
CUT
 10
656.559265942452
 20
137.7691843696883
 30
0.0
 42
0.41421356237309503
 70
0
  0
VERTEX
  5
2D2
  8
CUT
 10
652.2552754658827
 20
139.1676356479245
 30
0.0
 42
0.41421356237309503
 70
0
  0
VERTEX
  5
2D3
  8
CUT
 10
650.8568241876466
 20
134.8636451713552
 30
0.0
 70
0
  0
SEQEND
  5
2C3
  8
CUT
  0
POLYLINE
  5
2D4
  8
CUT
 66
1
 10
0.0
 20
0.0
 30
0.0
 70
1
  0
VERTEX
  5
2D6
  8
CUT
 10
744.1022663821248
 20
175.88818817492478
 30
0.0
 42
0.41421356237309503
 70
0
  0
VERTEX
  5
2D7
  8
CUT
 10
739.5767829825309
 20
175.88818817492478
 30
0.0
 42
0.41421356237309503
 70
0
  0
VERTEX
  5
2D8
  8
CUT
 10
739.5767829825309
 20
171.36270477533088
 30
0.0
 42
0.41421356237309503
 70
0
  0
VERTEX
  5
2D9
  8
CUT
 10
744.1022663821248
 20
171.36270477533088
 30
0.0
 70
0
  0
VERTEX
  5
2DA
  8
CUT
 10
768.5681610111793
 20
146.89681014627632
 30
0.0
 42
0.41421356237309503
 70
0
  0
VERTEX
  5
2DB
  8
CUT
 10
768.5681610111793
 20
142.37132674668243
 30
0.0
 42
0.41421356237309503
 70
0
  0
VERTEX
  5
2DC
  8
CUT
 10
773.0936444107732
 20
142.37132674668243
 30
0.0
 42
0.41421356237309503
 70
0
  0
VERTEX
  5
2DD
  8
CUT
 10
773.0936444107732
 20
146.89681014627632
 30
0.0
 70
0
  0
VERTEX
  5
2DE
  8
CUT
 10
782.0031898537237
 20
155.80635558922683
 30
0.0
 42
0.41421356237309503
 70
0
  0
VERTEX
  5
2DF
  8
CUT
 10
786.5286732533176
 20
155.80635558922683
 30
0.0
 42
0.41421356237309503
 70
0
  0
VERTEX
  5
2E0
  8
CUT
 10
786.5286732533176
 20
160.33183898882072
 30
0.0
 42
0.41421356237309503
 70
0
  0
VERTEX
  5
2E1
  8
CUT
 10
782.0031898537237
 20
160.33183898882072
 30
0.0
 70
0
  0
VERTEX
  5
2E2
  8
CUT
 10
757.5372952246692
 20
184.79773361787528
 30
0.0
 42
0.41421356237309503
 70
0
  0
VERTEX
  5
2E3
  8
CUT
 10
757.5372952246692
 20
189.32321701746918
 30
0.0
 42
0.41421356237309503
 70
0
  0
VERTEX
  5
2E4
  8
CUT
 10
753.0118118250753
 20
189.32321701746918
 30
0.0
 42
0.41421356237309503
 70
0
  0
VERTEX
  5
2E5
  8
CUT
 10
753.0118118250753
 20
184.79773361787528
 30
0.0
 70
0
  0
SEQEND
  5
2D5
  8
CUT
  0
POLYLINE
  5
2E6
  8
CUT
 66
1
 10
0.0
 20
0.0
 30
0.0
 70
1
  0
VERTEX
  5
2E8
  8
CUT
 10
821.1969845908893
 20
264.2041437241941
 30
0.0
 42
0.41421356237309503
 70
0
  0
VERTEX
  5
2E9
  8
CUT
 10
816.89299411432
 20
262.80569244595796
 30
0.0
 42
0.41421356237309503
 70
0
  0
VERTEX
  5
2EA
  8
CUT
 10
818.2914453925562
 20
258.5017019693886
 30
0.0
 42
0.41421356237309503
 70
0
  0
VERTEX
  5
2EB
  8
CUT
 10
822.5954358691255
 20
259.90015324762476
 30
0.0
 70
0
  0
VERTEX
  5
2EC
  8
CUT
 10
853.424261606043
 20
244.19208195663649
 30
0.0
 42
0.41421356237309503
 70
0
  0
VERTEX
  5
2ED
  8
CUT
 10
854.8227128842793
 20
239.8880914800673
 30
0.0
 42
0.41421356237309503
 70
0
  0
VERTEX
  5
2EE
  8
CUT
 10
859.1267033608485
 20
241.2865427583035
 30
0.0
 42
0.41421356237309503
 70
0
  0
VERTEX
  5
2EF
  8
CUT
 10
857.7282520826122
 20
245.59053323487268
 30
0.0
 70
0
  0
VERTEX
  5
2F0
  8
CUT
 10
863.4485323793306
 20
256.81721543964613
 30
0.0
 42
0.41421356237309503
 70
0
  0
VERTEX
  5
2F1
  8
CUT
 10
867.7525228558999
 20
258.2156667178823
 30
0.0
 42
0.41421356237309503
 70
0
  0
VERTEX
  5
2F2
  8
CUT
 10
866.3540715776637
 20
262.5196571944516
 30
0.0
 42
0.41421356237309503
 70
0
  0
VERTEX
  5
2F3
  8
CUT
 10
862.0500811010944
 20
261.12120591621544
 30
0.0
 70
0
  0
VERTEX
  5
2F4
  8
CUT
 10
831.2212553641768
 20
276.82927720720375
 30
0.0
 42
0.41421356237309503
 70
0
  0
VERTEX
  5
2F5
  8
CUT
 10
829.8228040859406
 20
281.13326768377294
 30
0.0
 42
0.41421356237309503
 70
0
  0
VERTEX
  5
2F6
  8
CUT
 10
825.5188136093714
 20
279.7348164055368
 30
0.0
 42
0.41421356237309503
 70
0
  0
VERTEX
  5
2F7
  8
CUT
 10
826.9172648876076
 20
275.4308259289676
 30
0.0
 70
0
  0
SEQEND
  5
2E7
  8
CUT
  0
POLYLINE
  5
2F8
  8
CUT
 66
1
 10
0.0
 20
0.0
 30
0.0
 70
1
  0
VERTEX
  5
2FA
  8
CUT
 10
853.4220033874897
 20
376.8967948866399
 30
0.0
 42
0.41421356237309503
 70
0
  0
VERTEX
  5
2FB
  8
CUT
 10
849.7608104094564
 20
374.23678248486425
 30
0.0
 42
0.41421356237309503
 70
0
  0
VERTEX
  5
2FC
  8
CUT
 10
852.420822811232
 20
370.57558950683097
 30
0.0
 42
0.41421356237309503
 70
0
  0
VERTEX
  5
2FD
  8
CUT
 10
856.0820157892654
 20
373.23560190860667
 30
0.0
 70
0
  0
VERTEX
  5
2FE
  8
CUT
 10
890.2560323738571
 20
367.8229694182147
 30
0.0
 42
0.41421356237309503
 70
0
  0
VERTEX
  5
2FF
  8
CUT
 10
892.9160447756327
 20
364.1617764401815
 30
0.0
 42
0.41421356237309503
 70
0
  0
VERTEX
  5
300
  8
CUT
 10
896.5772377536659
 20
366.8217888419572
 30
0.0
 42
0.41421356237309503
 70
0
  0
VERTEX
  5
301
  8
CUT
 10
893.9172253518904
 20
370.4829818199904
 30
0.0
 70
0
  0
VERTEX
  5
302
  8
CUT
 10
895.8882996113973
 20
382.92785491148913
 30
0.0
 42
0.41421356237309503
 70
0
  0
VERTEX
  5
303
  8
CUT
 10
899.5494925894304
 20
385.58786731326484
 30
0.0
 42
0.41421356237309503
 70
0
  0
VERTEX
  5
304
  8
CUT
 10
896.8894801876547
 20
389.249060291298
 30
0.0
 42
0.41421356237309503
 70
0
  0
VERTEX
  5
305
  8
CUT
 10
893.2282872096216
 20
386.5890478895223
 30
0.0
 70
0
  0
VERTEX
  5
306
  8
CUT
 10
859.0542706250299
 20
392.0016803799143
 30
0.0
 42
0.41421356237309503
 70
0
  0
VERTEX
  5
307
  8
CUT
 10
856.3942582232543
 20
395.66287335794755
 30
0.0
 42
0.41421356237309503
 70
0
  0
VERTEX
  5
308
  8
CUT
 10
852.733065245221
 20
393.00286095617184
 30
0.0
 42
0.41421356237309503
 70
0
  0
VERTEX
  5
309
  8
CUT
 10
855.3930776469966
 20
389.3416679781386
 30
0.0
 70
0
  0
SEQEND
  5
2F9
  8
CUT
  0
POLYLINE
  5
30A
  8
CUT
 66
1
 10
0.0
 20
0.0
 30
0.0
 70
1
  0
VERTEX
  5
30C
  8
CUT
 10
719.2696472971311
 20
111.7535239451069
 30
0.0
 42
0.41421356237309503
 70
0
  0
VERTEX
  5
30D
  8
CUT
 10
714.7998801077954
 20
112.46146551977078
 30
0.0
 42
0.41421356237309503
 70
0
  0
VERTEX
  5
30E
  8
CUT
 10
714.0919385331315
 20
107.99169833043503
 30
0.0
 42
0.41421356237309503
 70
0
  0
VERTEX
  5
30F
  8
CUT
 10
718.5617057224672
 20
107.28375675577115
 30
0.0
 70
0
  0
VERTEX
  5
310
  8
CUT
 10
738.8990754517868
 20
79.29176875039798
 30
0.0
 42
0.41421356237309503
 70
0
  0
VERTEX
  5
311
  8
CUT
 10
738.1911338771229
 20
74.82200156106227
 30
0.0
 42
0.41421356237309503
 70
0
  0
VERTEX
  5
312
  8
CUT
 10
742.6609010664586
 20
74.11405998639835
 30
0.0
 42
0.41421356237309503
 70
0
  0
VERTEX
  5
313
  8
CUT
 10
743.3688426411225
 20
78.58382717573403
 30
0.0
 70
0
  0
VERTEX
  5
314
  8
CUT
 10
753.5624567702469
 20
85.98992135461918
 30
0.0
 42
0.41421356237309503
 70
0
  0
VERTEX
  5
315
  8
CUT
 10
758.0322239595826
 20
85.28197977995531
 30
0.0
 42
0.41421356237309503
 70
0
  0
VERTEX
  5
316
  8
CUT
 10
758.7401655342464
 20
89.75174696929106
 30
0.0
 42
0.41421356237309503
 70
0
  0
VERTEX
  5
317
  8
CUT
 10
754.2703983449107
 20
90.45968854395494
 30
0.0
 70
0
  0
VERTEX
  5
318
  8
CUT
 10
733.9330286155912
 20
118.45167654932811
 30
0.0
 42
0.41421356237309503
 70
0
  0
VERTEX
  5
319
  8
CUT
 10
734.6409701902552
 20
122.92144373866391
 30
0.0
 42
0.41421356237309503
 70
0
  0
VERTEX
  5
31A
  8
CUT
 10
730.1712030009194
 20
123.62938531332789
 30
0.0
 42
0.41421356237309503
 70
0
  0
VERTEX
  5
31B
  8
CUT
 10
729.4632614262554
 20
119.15961812399206
 30
0.0
 70
0
  0
SEQEND
  5
30B
  8
CUT
  0
POLYLINE
  5
31C
  8
CUT
 66
1
 10
0.0
 20
0.0
 30
0.0
 70
1
  0
VERTEX
  5
31E
  8
CUT
 10
824.123693866024
 20
188.98665071942864
 30
0.0
 42
0.41421356237309503
 70
0
  0
VERTEX
  5
31F
  8
CUT
 10
819.6539266766883
 20
188.2787091447647
 30
0.0
 42
0.41421356237309503
 70
0
  0
VERTEX
  5
320
  8
CUT
 10
820.3618682513522
 20
183.80894195542893
 30
0.0
 42
0.41421356237309503
 70
0
  0
VERTEX
  5
321
  8
CUT
 10
824.831635440688
 20
184.5168835300929
 30
0.0
 70
0
  0
VERTEX
  5
322
  8
CUT
 10
852.8236234460612
 20
164.17951380077335
 30
0.0
 42
0.41421356237309503
 70
0
  0
VERTEX
  5
323
  8
CUT
 10
853.5315650207251
 20
159.70974661143765
 30
0.0
 42
0.41421356237309503
 70
0
  0
VERTEX
  5
324
  8
CUT
 10
858.0013322100608
 20
160.4176881861016
 30
0.0
 42
0.41421356237309503
 70
0
  0
VERTEX
  5
325
  8
CUT
 10
857.2933906353969
 20
164.8874553754373
 30
0.0
 70
0
  0
VERTEX
  5
326
  8
CUT
 10
864.6994848142822
 20
175.08106950456158
 30
0.0
 42
0.41421356237309503
 70
0
  0
VERTEX
  5
327
  8
CUT
 10
869.169252003618
 20
175.78901107922556
 30
0.0
 42
0.41421356237309503
 70
0
  0
VERTEX
  5
328
  8
CUT
 10
868.461310428954
 20
180.25877826856134
 30
0.0
 42
0.41421356237309503
 70
0
  0
VERTEX
  5
329
  8
CUT
 10
863.9915432396182
 20
179.55083669389734
 30
0.0
 70
0
  0
VERTEX
  5
32A
  8
CUT
 10
835.999555234245
 20
199.8882064232169
 30
0.0
 42
0.41421356237309503
 70
0
  0
VERTEX
  5
32B
  8
CUT
 10
835.2916136595811
 20
204.3579736125526
 30
0.0
 42
0.41421356237309503
 70
0
  0
VERTEX
  5
32C
  8
CUT
 10
830.8218464702454
 20
203.65003203788865
 30
0.0
 42
0.41421356237309503
 70
0
  0
VERTEX
  5
32D
  8
CUT
 10
831.5297880449093
 20
199.18026484855298
 30
0.0
 70
0
  0
SEQEND
  5
31D
  8
CUT
  0
POLYLINE
  5
32E
  8
CUT
 66
1
 10
0.0
 20
0.0
 30
0.0
 70
1
  0
VERTEX
  5
330
  8
CUT
 10
885.4343635632624
 20
305.34405939693545
 30
0.0
 42
0.41421356237309503
 70
0
  0
VERTEX
  5
331
  8
CUT
 10
881.4021283291181
 20
303.28953292679074
 30
0.0
 42
0.41421356237309503
 70
0
  0
VERTEX
  5
332
  8
CUT
 10
883.4566547992629
 20
299.2572976926465
 30
0.0
 42
0.41421356237309503
 70
0
  0
VERTEX
  5
333
  8
CUT
 10
887.4888900334071
 20
301.31182416279114
 30
0.0
 70
0
  0
VERTEX
  5
334
  8
CUT
 10
920.3954454972194
 20
290.61983615741804
 30
0.0
 42
0.41421356237309503
 70
0
  0
VERTEX
  5
335
  8
CUT
 10
922.4499719673639
 20
286.5876009232737
 30
0.0
 42
0.41421356237309503
 70
0
  0
VERTEX
  5
336
  8
CUT
 10
926.4822072015082
 20
288.6421273934184
 30
0.0
 42
0.41421356237309503
 70
0
  0
VERTEX
  5
337
  8
CUT
 10
924.4276807313637
 20
292.6743626275627
 30
0.0
 70
0
  0
VERTEX
  5
338
  8
CUT
 10
928.321294860488
 20
304.65767473288156
 30
0.0
 42
0.41421356237309503
 70
0
  0
VERTEX
  5
339
  8
CUT
 10
932.3535300946323
 20
306.71220120302627
 30
0.0
 42
0.41421356237309503
 70
0
  0
VERTEX
  5
33A
  8
CUT
 10
930.2990036244876
 20
310.7444364371705
 30
0.0
 42
0.41421356237309503
 70
0
  0
VERTEX
  5
33B
  8
CUT
 10
926.2667683903434
 20
308.68990996702587
 30
0.0
 70
0
  0
VERTEX
  5
33C
  8
CUT
 10
893.3602129265311
 20
319.3818979723991
 30
0.0
 42
0.41421356237309503
 70
0
  0
VERTEX
  5
33D
  8
CUT
 10
891.3056864563865
 20
323.4141332065434
 30
0.0
 42
0.41421356237309503
 70
0
  0
VERTEX
  5
33E
  8
CUT
 10
887.2734512222422
 20
321.35960673639875
 30
0.0
 42
0.41421356237309503
 70
0
  0
VERTEX
  5
33F
  8
CUT
 10
889.3279776923868
 20
317.32737150225444
 30
0.0
 70
0
  0
SEQEND
  5
32F
  8
CUT
  0
POLYLINE
  5
340
  8
CUT
 66
1
 10
0.0
 20
0.0
 30
0.0
 70
1
  0
VERTEX
  5
342
  8
CUT
 10
900.9000000000001
 20
434.9000000000001
 30
0.0
 42
0.41421356237309503
 70
0
  0
VERTEX
  5
343
  8
CUT
 10
897.7
 20
431.70000000000005
 30
0.0
 42
0.41421356237309503
 70
0
  0
VERTEX
  5
344
  8
CUT
 10
900.9000000000001
 20
428.5
 30
0.0
 42
0.41421356237309503
 70
0
  0
VERTEX
  5
345
  8
CUT
 10
904.1000000000001
 20
431.7000000000001
 30
0.0
 70
0
  0
VERTEX
  5
346
  8
CUT
 10
938.7
 20
431.7000000000001
 30
0.0
 42
0.41421356237309503
 70
0
  0
VERTEX
  5
347
  8
CUT
 10
941.9
 20
428.5
 30
0.0
 42
0.41421356237309503
 70
0
  0
VERTEX
  5
348
  8
CUT
 10
945.1000000000001
 20
431.7
 30
0.0
 42
0.41421356237309503
 70
0
  0
VERTEX
  5
349
  8
CUT
 10
941.9000000000001
 20
434.9000000000001
 30
0.0
 70
0
  0
VERTEX
  5
34A
  8
CUT
 10
941.9000000000001
 20
447.5000000000001
 30
0.0
 42
0.41421356237309503
 70
0
  0
VERTEX
  5
34B
  8
CUT
 10
945.1000000000001
 20
450.70000000000016
 30
0.0
 42
0.41421356237309503
 70
0
  0
VERTEX
  5
34C
  8
CUT
 10
941.9000000000001
 20
453.9000000000002
 30
0.0
 42
0.41421356237309503
 70
0
  0
VERTEX
  5
34D
  8
CUT
 10
938.7
 20
450.7000000000001
 30
0.0
 70
0
  0
VERTEX
  5
34E
  8
CUT
 10
904.1000000000001
 20
450.7000000000001
 30
0.0
 42
0.41421356237309503
 70
0
  0
VERTEX
  5
34F
  8
CUT
 10
900.9000000000001
 20
453.9000000000001
 30
0.0
 42
0.41421356237309503
 70
0
  0
VERTEX
  5
350
  8
CUT
 10
897.7
 20
450.7000000000001
 30
0.0
 42
0.41421356237309503
 70
0
  0
VERTEX
  5
351
  8
CUT
 10
900.9000000000001
 20
447.5000000000001
 30
0.0
 70
0
  0
SEQEND
  5
341
  8
CUT
  0
POLYLINE
  5
352
  8
CUT
 66
1
 10
0.0
 20
0.0
 30
0.0
 70
1
  0
VERTEX
  5
354
  8
CUT
 10
889.3279776923868
 20
565.0726284977458
 30
0.0
 42
0.41421356237309503
 70
0
  0
VERTEX
  5
355
  8
CUT
 10
887.2734512222422
 20
561.0403932636015
 30
0.0
 42
0.41421356237309503
 70
0
  0
VERTEX
  5
356
  8
CUT
 10
891.3056864563865
 20
558.9858667934569
 30
0.0
 42
0.41421356237309503
 70
0
  0
VERTEX
  5
357
  8
CUT
 10
893.3602129265311
 20
563.0181020276011
 30
0.0
 70
0
  0
VERTEX
  5
358
  8
CUT
 10
926.2667683903434
 20
573.7100900329743
 30
0.0
 42
0.41421356237309503
 70
0
  0
VERTEX
  5
359
  8
CUT
 10
930.2990036244876
 20
571.6555635628296
 30
0.0
 42
0.41421356237309503
 70
0
  0
VERTEX
  5
35A
  8
CUT
 10
932.3535300946323
 20
575.6877987969739
 30
0.0
 42
0.41421356237309503
 70
0
  0
VERTEX
  5
35B
  8
CUT
 10
928.321294860488
 20
577.7423252671186
 30
0.0
 70
0
  0
VERTEX
  5
35C
  8
CUT
 10
924.4276807313637
 20
589.7256373724375
 30
0.0
 42
0.41421356237309503
 70
0
  0
VERTEX
  5
35D
  8
CUT
 10
926.4822072015082
 20
593.7578726065818
 30
0.0
 42
0.41421356237309503
 70
0
  0
VERTEX
  5
35E
  8
CUT
 10
922.4499719673639
 20
595.8123990767264
 30
0.0
 42
0.41421356237309503
 70
0
  0
VERTEX
  5
35F
  8
CUT
 10
920.3954454972194
 20
591.7801638425822
 30
0.0
 70
0
  0
VERTEX
  5
360
  8
CUT
 10
887.4888900334071
 20
581.0881758372091
 30
0.0
 42
0.41421356237309503
 70
0
  0
VERTEX
  5
361
  8
CUT
 10
883.4566547992629
 20
583.1427023073538
 30
0.0
 42
0.41421356237309503
 70
0
  0
VERTEX
  5
362
  8
CUT
 10
881.4021283291181
 20
579.1104670732095
 30
0.0
 42
0.41421356237309503
 70
0
  0
VERTEX
  5
363
  8
CUT
 10
885.4343635632624
 20
577.0559406030648
 30
0.0
 70
0
  0
SEQEND
  5
353
  8
CUT
  0
POLYLINE
  5
364
  8
CUT
 66
1
 10
0.0
 20
0.0
 30
0.0
 70
1
  0
VERTEX
  5
366
  8
CUT
 10
831.5297880449093
 20
683.2197351514473
 30
0.0
 42
0.41421356237309503
 70
0
  0
VERTEX
  5
367
  8
CUT
 10
830.8218464702454
 20
678.7499679621116
 30
0.0
 42
0.41421356237309503
 70
0
  0
VERTEX
  5
368
  8
CUT
 10
835.2916136595811
 20
678.0420263874477
 30
0.0
 42
0.41421356237309503
 70
0
  0
VERTEX
  5
369
  8
CUT
 10
835.999555234245
 20
682.5117935767832
 30
0.0
 70
0
  0
VERTEX
  5
36A
  8
CUT
 10
863.9915432396182
 20
702.8491633061028
 30
0.0
 42
0.41421356237309503
 70
0
  0
VERTEX
  5
36B
  8
CUT
 10
868.461310428954
 20
702.1412217314388
 30
0.0
 42
0.41421356237309503
 70
0
  0
VERTEX
  5
36C
  8
CUT
 10
869.169252003618
 20
706.6109889207746
 30
0.0
 42
0.41421356237309503
 70
0
  0
VERTEX
  5
36D
  8
CUT
 10
864.6994848142822
 20
707.3189304954386
 30
0.0
 70
0
  0
VERTEX
  5
36E
  8
CUT
 10
857.2933906353969
 20
717.5125446245629
 30
0.0
 42
0.41421356237309503
 70
0
  0
VERTEX
  5
36F
  8
CUT
 10
858.0013322100608
 20
721.9823118138986
 30
0.0
 42
0.41421356237309503
 70
0
  0
VERTEX
  5
370
  8
CUT
 10
853.5315650207251
 20
722.6902533885625
 30
0.0
 42
0.41421356237309503
 70
0
  0
VERTEX
  5
371
  8
CUT
 10
852.8236234460612
 20
718.2204861992268
 30
0.0
 70
0
  0
VERTEX
  5
372
  8
CUT
 10
824.831635440688
 20
697.8831164699072
 30
0.0
 42
0.41421356237309503
 70
0
  0
VERTEX
  5
373
  8
CUT
 10
820.3618682513522
 20
698.5910580445711
 30
0.0
 42
0.41421356237309503
 70
0
  0
VERTEX
  5
374
  8
CUT
 10
819.6539266766883
 20
694.1212908552354
 30
0.0
 42
0.41421356237309503
 70
0
  0
VERTEX
  5
375
  8
CUT
 10
824.123693866024
 20
693.4133492805715
 30
0.0
 70
0
  0
SEQEND
  5
365
  8
CUT
  0
POLYLINE
  5
376
  8
CUT
 66
1
 10
0.0
 20
0.0
 30
0.0
 70
1
  0
VERTEX
  5
378
  8
CUT
 10
729.4632614262554
 20
763.2403818760081
 30
0.0
 42
0.41421356237309503
 70
0
  0
VERTEX
  5
379
  8
CUT
 10
730.1712030009194
 20
758.7706146866723
 30
0.0
 42
0.41421356237309503
 70
0
  0
VERTEX
  5
37A
  8
CUT
 10
734.6409701902552
 20
759.4785562613363
 30
0.0
 42
0.41421356237309503
 70
0
  0
VERTEX
  5
37B
  8
CUT
 10
733.9330286155912
 20
763.9483234506721
 30
0.0
 70
0
  0
VERTEX
  5
37C
  8
CUT
 10
754.2703983449107
 20
791.9403114560453
 30
0.0
 42
0.41421356237309503
 70
0
  0
VERTEX
  5
37D
  8
CUT
 10
758.7401655342464
 20
792.6482530307092
 30
0.0
 42
0.41421356237309503
 70
0
  0
VERTEX
  5
37E
  8
CUT
 10
758.0322239595826
 20
797.1180202200449
 30
0.0
 42
0.41421356237309503
 70
0
  0
VERTEX
  5
37F
  8
CUT
 10
753.5624567702469
 20
796.410078645381
 30
0.0
 70
0
  0
VERTEX
  5
380
  8
CUT
 10
743.3688426411225
 20
803.8161728242662
 30
0.0
 42
0.41421356237309503
 70
0
  0
VERTEX
  5
381
  8
CUT
 10
742.6609010664585
 20
808.2859400136019
 30
0.0
 42
0.41421356237309503
 70
0
  0
VERTEX
  5
382
  8
CUT
 10
738.1911338771228
 20
807.577998438938
 30
0.0
 42
0.41421356237309503
 70
0
  0
VERTEX
  5
383
  8
CUT
 10
738.8990754517868
 20
803.1082312496022
 30
0.0
 70
0
  0
VERTEX
  5
384
  8
CUT
 10
718.5617057224672
 20
775.116243244229
 30
0.0
 42
0.41421356237309503
 70
0
  0
VERTEX
  5
385
  8
CUT
 10
714.0919385331315
 20
774.4083016695652
 30
0.0
 42
0.41421356237309503
 70
0
  0
VERTEX
  5
386
  8
CUT
 10
714.7998801077954
 20
769.9385344802295
 30
0.0
 42
0.41421356237309503
 70
0
  0
VERTEX
  5
387
  8
CUT
 10
719.2696472971311
 20
770.6464760548934
 30
0.0
 70
0
  0
SEQEND
  5
377
  8
CUT
  0
POLYLINE
  5
388
  8
CUT
 66
1
 10
0.0
 20
0.0
 30
0.0
 70
1
  0
VERTEX
  5
38A
  8
CUT
 10
610.7362237654804
 20
799.4793321009811
 30
0.0
 42
0.41421356237309503
 70
0
  0
VERTEX
  5
38B
  8
CUT
 10
612.7907502356252
 20
795.4470968668368
 30
0.0
 42
0.41421356237309503
 70
0
  0
VERTEX
  5
38C
  8
CUT
 10
616.8229854697695
 20
797.5016233369815
 30
0.0
 42
0.41421356237309503
 70
0
  0
VERTEX
  5
38D
  8
CUT
 10
614.7684589996247
 20
801.5338585711257
 30
0.0
 70
0
  0
VERTEX
  5
38E
  8
CUT
 10
625.460447004998
 20
834.440414034938
 30
0.0
 42
0.41421356237309503
 70
0
  0
VERTEX
  5
38F
  8
CUT
 10
629.4926822391423
 20
836.4949405050827
 30
0.0
 42
0.41421356237309503
 70
0
  0
VERTEX
  5
390
  8
CUT
 10
627.4381557689975
 20
840.527175739227
 30
0.0
 42
0.41421356237309503
 70
0
  0
VERTEX
  5
391
  8
CUT
 10
623.4059205348533
 20
838.4726492690824
 30
0.0
 70
0
  0
VERTEX
  5
392
  8
CUT
 10
611.4226084295344
 20
842.3662633982067
 30
0.0
 42
0.41421356237309503
 70
0
  0
VERTEX
  5
393
  8
CUT
 10
609.3680819593898
 20
846.3984986323511
 30
0.0
 42
0.41421356237309503
 70
0
  0
VERTEX
  5
394
  8
CUT
 10
605.3358467252453
 20
844.3439721622065
 30
0.0
 42
0.41421356237309503
 70
0
  0
VERTEX
  5
395
  8
CUT
 10
607.39037319539
 20
840.311736928062
 30
0.0
 70
0
  0
VERTEX
  5
396
  8
CUT
 10
596.6983851900169
 20
807.4051814642497
 30
0.0
 42
0.41421356237309503
 70
0
  0
VERTEX
  5
397
  8
CUT
 10
592.6661499558726
 20
805.3506549941051
 30
0.0
 42
0.41421356237309503
 70
0
  0
VERTEX
  5
398
  8
CUT
 10
594.7206764260173
 20
801.3184197599608
 30
0.0
 42
0.41421356237309503
 70
0
  0
VERTEX
  5
399
  8
CUT
 10
598.7529116601615
 20
803.3729462301054
 30
0.0
 70
0
  0
SEQEND
  5
389
  8
CUT
  0
POLYLINE
  5
39A
  8
CUT
 66
1
 10
0.0
 20
0.0
 30
0.0
 70
1
  0
VERTEX
  5
39C
  8
CUT
 10
494.00000000000006
 20
807.9000000000002
 30
0.0
 42
0.41421356237309503
 70
0
  0
VERTEX
  5
39D
  8
CUT
 10
497.20000000000005
 20
804.7000000000003
 30
0.0
 42
0.41421356237309503
 70
0
  0
VERTEX
  5
39E
  8
CUT
 10
500.40000000000003
 20
807.9000000000002
 30
0.0
 42
0.41421356237309503
 70
0
  0
VERTEX
  5
39F
  8
CUT
 10
497.20000000000005
 20
811.1000000000001
 30
0.0
 70
0
  0
VERTEX
  5
3A0
  8
CUT
 10
497.20000000000005
 20
845.7000000000003
 30
0.0
 42
0.41421356237309503
 70
0
  0
VERTEX
  5
3A1
  8
CUT
 10
500.40000000000003
 20
848.9000000000002
 30
0.0
 42
0.41421356237309503
 70
0
  0
VERTEX
  5
3A2
  8
CUT
 10
497.20000000000005
 20
852.1000000000001
 30
0.0
 42
0.41421356237309503
 70
0
  0
VERTEX
  5
3A3
  8
CUT
 10
494.00000000000006
 20
848.9000000000002
 30
0.0
 70
0
  0
VERTEX
  5
3A4
  8
CUT
 10
481.4000000000001
 20
848.9000000000002
 30
0.0
 42
0.41421356237309503
 70
0
  0
VERTEX
  5
3A5
  8
CUT
 10
478.2000000000001
 20
852.1000000000001
 30
0.0
 42
0.41421356237309503
 70
0
  0
VERTEX
  5
3A6
  8
CUT
 10
475.0000000000001
 20
848.9000000000002
 30
0.0
 42
0.41421356237309503
 70
0
  0
VERTEX
  5
3A7
  8
CUT
 10
478.20000000000005
 20
845.7000000000003
 30
0.0
 70
0
  0
VERTEX
  5
3A8
  8
CUT
 10
478.20000000000005
 20
811.1000000000001
 30
0.0
 42
0.41421356237309503
 70
0
  0
VERTEX
  5
3A9
  8
CUT
 10
475.0000000000001
 20
807.9000000000001
 30
0.0
 42
0.41421356237309503
 70
0
  0
VERTEX
  5
3AA
  8
CUT
 10
478.20000000000016
 20
804.7
 30
0.0
 42
0.41421356237309503
 70
0
  0
VERTEX
  5
3AB
  8
CUT
 10
481.4000000000001
 20
807.9000000000002
 30
0.0
 70
0
  0
SEQEND
  5
39B
  8
CUT
  0
POLYLINE
  5
3AC
  8
CUT
 66
1
 10
0.0
 20
0.0
 30
0.0
 70
1
  0
VERTEX
  5
3AE
  8
CUT
 10
376.6470883398386
 20
803.3729462301055
 30
0.0
 42
0.41421356237309503
 70
0
  0
VERTEX
  5
3AF
  8
CUT
 10
380.67932357398286
 20
801.3184197599608
 30
0.0
 42
0.41421356237309503
 70
0
  0
VERTEX
  5
3B0
  8
CUT
 10
382.7338500441276
 20
805.3506549941051
 30
0.0
 42
0.41421356237309503
 70
0
  0
VERTEX
  5
3B1
  8
CUT
 10
378.7016148099833
 20
807.4051814642498
 30
0.0
 70
0
  0
VERTEX
  5
3B2
  8
CUT
 10
368.0096268046101
 20
840.3117369280621
 30
0.0
 42
0.41421356237309503
 70
0
  0
VERTEX
  5
3B3
  8
CUT
 10
370.06415327475463
 20
844.3439721622065
 30
0.0
 42
0.41421356237309503
 70
0
  0
VERTEX
  5
3B4
  8
CUT
 10
366.0319180406103
 20
846.398498632351
 30
0.0
 42
0.41421356237309503
 70
0
  0
VERTEX
  5
3B5
  8
CUT
 10
363.9773915704658
 20
842.3662633982067
 30
0.0
 70
0
  0
VERTEX
  5
3B6
  8
CUT
 10
351.99407946514685
 20
838.4726492690825
 30
0.0
 42
0.41421356237309503
 70
0
  0
VERTEX
  5
3B7
  8
CUT
 10
347.9618442310026
 20
840.5271757392272
 30
0.0
 42
0.41421356237309503
 70
0
  0
VERTEX
  5
3B8
  8
CUT
 10
345.9073177608579
 20
836.4949405050829
 30
0.0
 42
0.41421356237309503
 70
0
  0
VERTEX
  5
3B9
  8
CUT
 10
349.9395529950022
 20
834.4404140349382
 30
0.0
 70
0
  0
VERTEX
  5
3BA
  8
CUT
 10
360.63154100037536
 20
801.5338585711258
 30
0.0
 42
0.41421356237309503
 70
0
  0
VERTEX
  5
3BB
  8
CUT
 10
358.5770145302306
 20
797.5016233369815
 30
0.0
 42
0.41421356237309503
 70
0
  0
VERTEX
  5
3BC
  8
CUT
 10
362.6092497643749
 20
795.4470968668368
 30
0.0
 42
0.41421356237309503
 70
0
  0
VERTEX
  5
3BD
  8
CUT
 10
364.6637762345197
 20
799.4793321009811
 30
0.0
 70
0
  0
SEQEND
  5
3AD
  8
CUT
  0
POLYLINE
  5
3BE
  8
CUT
 66
1
 10
0.0
 20
0.0
 30
0.0
 70
1
  0
VERTEX
  5
3C0
  8
CUT
 10
256.130352702869
 20
770.6464760548934
 30
0.0
 42
0.41421356237309503
 70
0
  0
VERTEX
  5
3C1
  8
CUT
 10
260.6001198922047
 20
769.9385344802295
 30
0.0
 42
0.41421356237309503
 70
0
  0
VERTEX
  5
3C2
  8
CUT
 10
261.3080614668686
 20
774.4083016695652
 30
0.0
 42
0.41421356237309503
 70
0
  0
VERTEX
  5
3C3
  8
CUT
 10
256.83829427753295
 20
775.116243244229
 30
0.0
 70
0
  0
VERTEX
  5
3C4
  8
CUT
 10
236.5009245482134
 20
803.1082312496023
 30
0.0
 42
0.41421356237309503
 70
0
  0
VERTEX
  5
3C5
  8
CUT
 10
237.20886612287725
 20
807.577998438938
 30
0.0
 42
0.41421356237309503
 70
0
  0
VERTEX
  5
3C6
  8
CUT
 10
232.73909893354153
 20
808.2859400136019
 30
0.0
 42
0.41421356237309503
 70
0
  0
VERTEX
  5
3C7
  8
CUT
 10
232.03115735887766
 20
803.8161728242662
 30
0.0
 70
0
  0
VERTEX
  5
3C8
  8
CUT
 10
221.83754322975335
 20
796.4100786453811
 30
0.0
 42
0.41421356237309503
 70
0
  0
VERTEX
  5
3C9
  8
CUT
 10
217.36777604041757
 20
797.1180202200451
 30
0.0
 42
0.41421356237309503
 70
0
  0
VERTEX
  5
3CA
  8
CUT
 10
216.6598344657536
 20
792.6482530307093
 30
0.0
 42
0.41421356237309503
 70
0
  0
VERTEX
  5
3CB
  8
CUT
 10
221.1296016550894
 20
791.9403114560453
 30
0.0
 70
0
  0
VERTEX
  5
3CC
  8
CUT
 10
241.46697138440896
 20
763.9483234506722
 30
0.0
 42
0.41421356237309503
 70
0
  0
VERTEX
  5
3CD
  8
CUT
 10
240.75902980974493
 20
759.4785562613365
 30
0.0
 42
0.41421356237309503
 70
0
  0
VERTEX
  5
3CE
  8
CUT
 10
245.22879699908063
 20
758.7706146866724
 30
0.0
 42
0.41421356237309503
 70
0
  0
VERTEX
  5
3CF
  8
CUT
 10
245.9367385737447
 20
763.2403818760082
 30
0.0
 70
0
  0
SEQEND
  5
3BF
  8
CUT
  0
POLYLINE
  5
3D0
  8
CUT
 66
1
 10
0.0
 20
0.0
 30
0.0
 70
1
  0
VERTEX
  5
3D2
  8
CUT
 10
151.27630613397605
 20
693.4133492805715
 30
0.0
 42
0.41421356237309503
 70
0
  0
VERTEX
  5
3D3
  8
CUT
 10
155.74607332331186
 20
694.1212908552355
 30
0.0
 42
0.41421356237309503
 70
0
  0
VERTEX
  5
3D4
  8
CUT
 10
155.0381317486479
 20
698.5910580445714
 30
0.0
 42
0.41421356237309503
 70
0
  0
VERTEX
  5
3D5
  8
CUT
 10
150.5683645593121
 20
697.8831164699073
 30
0.0
 70
0
  0
VERTEX
  5
3D6
  8
CUT
 10
122.57637655393893
 20
718.2204861992269
 30
0.0
 42
0.41421356237309503
 70
0
  0
VERTEX
  5
3D7
  8
CUT
 10
121.86843497927494
 20
722.6902533885627
 30
0.0
 42
0.41421356237309503
 70
0
  0
VERTEX
  5
3D8
  8
CUT
 10
117.39866778993918
 20
721.9823118138987
 30
0.0
 42
0.41421356237309503
 70
0
  0
VERTEX
  5
3D9
  8
CUT
 10
118.10660936460317
 20
717.5125446245629
 30
0.0
 70
0
  0
VERTEX
  5
3DA
  8
CUT
 10
110.70051518571802
 20
707.3189304954387
 30
0.0
 42
0.41421356237309503
 70
0
  0
VERTEX
  5
3DB
  8
CUT
 10
106.23074799638219
 20
706.6109889207747
 30
0.0
 42
0.41421356237309503
 70
0
  0
VERTEX
  5
3DC
  8
CUT
 10
106.93868957104617
 20
702.1412217314389
 30
0.0
 42
0.41421356237309503
 70
0
  0
VERTEX
  5
3DD
  8
CUT
 10
111.40845676038197
 20
702.8491633061029
 30
0.0
 70
0
  0
VERTEX
  5
3DE
  8
CUT
 10
139.40044476575514
 20
682.5117935767834
 30
0.0
 42
0.41421356237309503
 70
0
  0
VERTEX
  5
3DF
  8
CUT
 10
140.10838634041906
 20
678.0420263874477
 30
0.0
 42
0.41421356237309503
 70
0
  0
VERTEX
  5
3E0
  8
CUT
 10
144.5781535297548
 20
678.7499679621116
 30
0.0
 42
0.41421356237309503
 70
0
  0
VERTEX
  5
3E1
  8
CUT
 10
143.8702119550909
 20
683.2197351514473
 30
0.0
 70
0
  0
SEQEND
  5
3D1
  8
CUT
  0
POLYLINE
  5
3E2
  8
CUT
 66
1
 10
0.0
 20
0.0
 30
0.0
 70
1
  0
VERTEX
  5
3E4
  8
CUT
 10
89.96563643673767
 20
577.0559406030648
 30
0.0
 42
0.41421356237309503
 70
0
  0
VERTEX
  5
3E5
  8
CUT
 10
93.99787167088198
 20
579.1104670732095
 30
0.0
 42
0.41421356237309503
 70
0
  0
VERTEX
  5
3E6
  8
CUT
 10
91.94334520073731
 20
583.1427023073538
 30
0.0
 42
0.41421356237309503
 70
0
  0
VERTEX
  5
3E7
  8
CUT
 10
87.91110996659302
 20
581.0881758372091
 30
0.0
 70
0
  0
VERTEX
  5
3E8
  8
CUT
 10
55.00455450278071
 20
591.7801638425823
 30
0.0
 42
0.41421356237309503
 70
0
  0
VERTEX
  5
3E9
  8
CUT
 10
52.950028032636105
 20
595.8123990767266
 30
0.0
 42
0.41421356237309503
 70
0
  0
VERTEX
  5
3EA
  8
CUT
 10
48.91779279849176
 20
593.757872606582
 30
0.0
 42
0.41421356237309503
 70
0
  0
VERTEX
  5
3EB
  8
CUT
 10
50.9723192686364
 20
589.7256373724376
 30
0.0
 70
0
  0
VERTEX
  5
3EC
  8
CUT
 10
47.07870513951207
 20
577.7423252671186
 30
0.0
 42
0.41421356237309503
 70
0
  0
VERTEX
  5
3ED
  8
CUT
 10
43.046469905367765
 20
575.6877987969741
 30
0.0
 42
0.41421356237309503
 70
0
  0
VERTEX
  5
3EE
  8
CUT
 10
45.100996375512395
 20
571.6555635628298
 30
0.0
 42
0.41421356237309503
 70
0
  0
VERTEX
  5
3EF
  8
CUT
 10
49.13323160965672
 20
573.7100900329743
 30
0.0
 70
0
  0
VERTEX
  5
3F0
  8
CUT
 10
82.03978707346903
 20
563.0181020276012
 30
0.0
 42
0.41421356237309503
 70
0
  0
VERTEX
  5
3F1
  8
CUT
 10
84.09431354361374
 20
558.9858667934569
 30
0.0
 42
0.41421356237309503
 70
0
  0
VERTEX
  5
3F2
  8
CUT
 10
88.126548777758
 20
561.0403932636017
 30
0.0
 42
0.41421356237309503
 70
0
  0
VERTEX
  5
3F3
  8
CUT
 10
86.07202230761334
 20
565.0726284977459
 30
0.0
 70
0
  0
SEQEND
  5
3E3
  8
CUT
  0
POLYLINE
  5
3F4
  8
CUT
 66
1
 10
0.0
 20
0.0
 30
0.0
 70
1
  0
VERTEX
  5
3F6
  8
CUT
 10
1779.4
 20
804.2
 30
0.0
 70
0
  0
VERTEX
  5
3F7
  8
CUT
 10
1779.325881624511
 20
819.2552475341361
 30
0.0
 70
0
  0
VERTEX
  5
3F8
  8
CUT
 10
1779.0081450678697
 20
834.3250401438936
 30
0.0
 70
0
  0
VERTEX
  5
3F9
  8
CUT
 10
1778.3606591671853
 20
849.4117071231464
 30
0.0
 70
0
  0
VERTEX
  5
3FA
  8
CUT
 10
1777.3212232664223
 20
864.5090549063743
 30
0.0
 70
0
  0
VERTEX
  5
3FB
  8
CUT
 10
1775.83805902247
 20
879.6041277834605
 30
0.0
 70
0
  0
VERTEX
  5
3FC
  8
CUT
 10
1773.8659956479942
 20
894.6781004547843
 30
0.0
 70
0
  0
VERTEX
  5
3FD
  8
CUT
 10
1771.3650261250698
 20
909.706890836846
 30
0.0
 70
0
  0
VERTEX
  5
3FE
  8
CUT
 10
1768.2998226876907
 20
924.6616857137888
 30
0.0
 70
0
  0
VERTEX
  5
3FF
  8
CUT
 10
1764.6397245827143
 20
939.5094688107308
 30
0.0
 70
0
  0
VERTEX
  5
400
  8
CUT
 10
1760.358975544565
 20
954.2135988838734
 30
0.0
 70
0
  0
VERTEX
  5
401
  8
CUT
 10
1755.437085180615
 20
968.7344625456342
 30
0.0
 70
0
  0
VERTEX
  5
402
  8
CUT
 10
1749.8592297732878
 20
983.0302108140003
 30
0.0
 70
0
  0
VERTEX
  5
403
  8
CUT
 10
1743.616628455969
 20
997.0575757588153
 30
0.0
 70
0
  0
VERTEX
  5
404
  8
CUT
 10
1736.7068432664594
 20
1010.7727528298044
 30
0.0
 70
0
  0
VERTEX
  5
405
  8
CUT
 10
1729.1339617264643
 20
1024.1323253462447
 30
0.0
 70
0
  0
VERTEX
  5
406
  8
CUT
 10
1720.9086307567686
 20
1037.094200551995
 30
0.0
 70
0
  0
VERTEX
  5
407
  8
CUT
 10
1712.0479217983063
 20
1049.618522088375
 30
0.0
 70
0
  0
VERTEX
  5
408
  8
CUT
 10
1702.5750189574555
 20
1061.6685221352975
 30
0.0
 70
0
  0
VERTEX
  5
409
  8
CUT
 10
1692.518734261711
 20
1073.2112780156608
 30
0.0
 70
0
  0
VERTEX
  5
40A
  8
CUT
 10
1681.9128658214402
 20
1084.2183426298836
 30
0.0
 70
0
  0
VERTEX
  5
40B
  8
CUT
 10
1670.7954248736467
 20
1094.6662252282115
 30
0.0
 70
0
  0
VERTEX
  5
40C
  8
CUT
 10
1659.2077654649818
 20
1104.536707987364
 30
0.0
 70
0
  0
VERTEX
  5
40D
  8
CUT
 10
1647.1936553008584
 20
1113.8169936950874
 30
0.0
 70
0
  0
VERTEX
  5
40E
  8
CUT
 10
1634.7983277854455
 20
1122.499689567635
 30
0.0
 70
0
  0
VERTEX
  5
40F
  8
CUT
 10
1622.0675536221254
 20
1130.5826409241554
 30
0.0
 70
0
  0
VERTEX
  5
410
  8
CUT
 10
1609.0467659905214
 20
1138.068635414194
 30
0.0
 70
0
  0
VERTEX
  5
411
  8
CUT
 10
1595.7802669613209
 20
1144.9650033109888
 30
0.0
 70
0
  0
VERTEX
  5
412
  8
CUT
 10
1582.3105352712028
 20
1151.2831419107104
 30
0.0
 70
0
  0
VERTEX
  5
413
  8
CUT
 10
1568.6776476724413
 20
1157.0379924519552
 30
0.0
 70
0
  0
VERTEX
  5
414
  8
CUT
 10
1554.9188185065852
 20
1162.2474965340152
 30
0.0
 70
0
  0
VERTEX
  5
415
  8
CUT
 10
1541.0680554688984
 20
1166.9320562402418
 30
0.0
 70
0
  0
VERTEX
  5
416
  8
CUT
 10
1527.1559240685476
 20
1171.1140185911163
 30
0.0
 70
0
  0
VERTEX
  5
417
  8
CUT
 10
1513.209409189249
 20
1174.8172010792614
 30
0.0
 70
0
  0
VERTEX
  5
418
  8
CUT
 10
1499.2518593853738
 20
1178.0664713488254
 30
0.0
 70
0
  0
VERTEX
  5
419
  8
CUT
 10
1485.302997945531
 20
1180.8873909948795
 30
0.0
 70
0
  0
VERTEX
  5
41A
  8
CUT
 10
1471.3789840611887
 20
1183.3059313710933
 30
0.0
 70
0
  0
VERTEX
  5
41B
  8
CUT
 10
1457.4925073274442
 20
1185.3482686573175
 30
0.0
 70
0
  0
VERTEX
  5
41C
  8
CUT
 10
1443.6528988921762
 20
1187.0406669274653
 30
0.0
 70
0
  0
VERTEX
  5
41D
  8
CUT
 10
1429.8662423817184
 20
1188.4094628369978
 30
0.0
 70
0
  0
VERTEX
  5
41E
  8
CUT
 10
1416.1354665860094
 20
1189.4811765564818
 30
0.0
 70
0
  0
VERTEX
  5
41F
  8
CUT
 10
1402.4603986019679
 20
1190.2827973369417
 30
0.0
 70
0
  0
VERTEX
  5
420
  8
CUT
 10
1388.8377481818743
 20
1190.8423468012743
 30
0.0
 70
0
  0
VERTEX
  5
421
  8
CUT
 10
1375.2609747568072
 20
1191.189968578407
 30
0.0
 70
0
  0
VERTEX
  5
422
  8
CUT
 10
1361.7199353537085
 20
1191.3602931574433
 30
0.0
 70
0
  0
VERTEX
  5
423
  8
CUT
 10
1348.2
 20
1191.4
 30
0.0
 70
0
  0
VERTEX
  5
424
  8
CUT
 10
1334.6800646462914
 20
1191.3602931574433
 30
0.0
 70
0
  0
VERTEX
  5
425
  8
CUT
 10
1321.1390252431927
 20
1191.189968578407
 30
0.0
 70
0
  0
VERTEX
  5
426
  8
CUT
 10
1307.5622518181256
 20
1190.8423468012743
 30
0.0
 70
0
  0
VERTEX
  5
427
  8
CUT
 10
1293.939601398032
 20
1190.2827973369417
 30
0.0
 70
0
  0
VERTEX
  5
428
  8
CUT
 10
1280.2645334139906
 20
1189.4811765564818
 30
0.0
 70
0
  0
VERTEX
  5
429
  8
CUT
 10
1266.5337576182815
 20
1188.4094628369978
 30
0.0
 70
0
  0
VERTEX
  5
42A
  8
CUT
 10
1252.7471011078237
 20
1187.0406669274653
 30
0.0
 70
0
  0
VERTEX
  5
42B
  8
CUT
 10
1238.9074926725557
 20
1185.3482686573175
 30
0.0
 70
0
  0
VERTEX
  5
42C
  8
CUT
 10
1225.0210159388114
 20
1183.3059313710933
 30
0.0
 70
0
  0
VERTEX
  5
42D
  8
CUT
 10
1211.0970020544692
 20
1180.8873909948795
 30
0.0
 70
0
  0
VERTEX
  5
42E
  8
CUT
 10
1197.1481406146263
 20
1178.0664713488254
 30
0.0
 70
0
  0
VERTEX
  5
42F
  8
CUT
 10
1183.190590810751
 20
1174.8172010792614
 30
0.0
 70
0
  0
VERTEX
  5
430
  8
CUT
 10
1169.2440759314522
 20
1171.1140185911163
 30
0.0
 70
0
  0
VERTEX
  5
431
  8
CUT
 10
1155.3319445311015
 20
1166.9320562402418
 30
0.0
 70
0
  0
VERTEX
  5
432
  8
CUT
 10
1141.4811814934149
 20
1162.2474965340152
 30
0.0
 70
0
  0
VERTEX
  5
433
  8
CUT
 10
1127.7223523275586
 20
1157.0379924519552
 30
0.0
 70
0
  0
VERTEX
  5
434
  8
CUT
 10
1114.0894647287973
 20
1151.2831419107104
 30
0.0
 70
0
  0
VERTEX
  5
435
  8
CUT
 10
1100.619733038679
 20
1144.9650033109888
 30
0.0
 70
0
  0
VERTEX
  5
436
  8
CUT
 10
1087.3532340094785
 20
1138.068635414194
 30
0.0
 70
0
  0
VERTEX
  5
437
  8
CUT
 10
1074.3324463778747
 20
1130.5826409241554
 30
0.0
 70
0
  0
VERTEX
  5
438
  8
CUT
 10
1061.6016722145546
 20
1122.499689567635
 30
0.0
 70
0
  0
VERTEX
  5
439
  8
CUT
 10
1049.2063446991415
 20
1113.8169936950874
 30
0.0
 70
0
  0
VERTEX
  5
43A
  8
CUT
 10
1037.192234535018
 20
1104.536707987364
 30
0.0
 70
0
  0
VERTEX
  5
43B
  8
CUT
 10
1025.6045751263532
 20
1094.6662252282117
 30
0.0
 70
0
  0
VERTEX
  5
43C
  8
CUT
 10
1014.4871341785599
 20
1084.2183426298836
 30
0.0
 70
0
  0
VERTEX
  5
43D
  8
CUT
 10
1003.8812657382891
 20
1073.2112780156608
 30
0.0
 70
0
  0
VERTEX
  5
43E
  8
CUT
 10
993.8249810425444
 20
1061.6685221352975
 30
0.0
 70
0
  0
VERTEX
  5
43F
  8
CUT
 10
984.3520782016936
 20
1049.618522088375
 30
0.0
 70
0
  0
VERTEX
  5
440
  8
CUT
 10
975.4913692432312
 20
1037.094200551995
 30
0.0
 70
0
  0
VERTEX
  5
441
  8
CUT
 10
967.2660382735356
 20
1024.1323253462447
 30
0.0
 70
0
  0
VERTEX
  5
442
  8
CUT
 10
959.6931567335406
 20
1010.7727528298043
 30
0.0
 70
0
  0
VERTEX
  5
443
  8
CUT
 10
952.7833715440308
 20
997.0575757588153
 30
0.0
 70
0
  0
VERTEX
  5
444
  8
CUT
 10
946.5407702267122
 20
983.0302108140004
 30
0.0
 70
0
  0
VERTEX
  5
445
  8
CUT
 10
940.9629148193851
 20
968.7344625456343
 30
0.0
 70
0
  0
VERTEX
  5
446
  8
CUT
 10
936.0410244554348
 20
954.2135988838735
 30
0.0
 70
0
  0
VERTEX
  5
447
  8
CUT
 10
931.7602754172856
 20
939.5094688107308
 30
0.0
 70
0
  0
VERTEX
  5
448
  8
CUT
 10
928.1001773123091
 20
924.6616857137888
 30
0.0
 70
0
  0
VERTEX
  5
449
  8
CUT
 10
925.0349738749302
 20
909.706890836846
 30
0.0
 70
0
  0
VERTEX
  5
44A
  8
CUT
 10
922.5340043520057
 20
894.6781004547843
 30
0.0
 70
0
  0
VERTEX
  5
44B
  8
CUT
 10
920.5619409775301
 20
879.6041277834605
 30
0.0
 70
0
  0
VERTEX
  5
44C
  8
CUT
 10
919.0787767335777
 20
864.5090549063743
 30
0.0
 70
0
  0
VERTEX
  5
44D
  8
CUT
 10
918.0393408328148
 20
849.4117071231465
 30
0.0
 70
0
  0
VERTEX
  5
44E
  8
CUT
 10
917.3918549321304
 20
834.3250401438936
 30
0.0
 70
0
  0
VERTEX
  5
44F
  8
CUT
 10
917.0741183754889
 20
819.2552475341362
 30
0.0
 70
0
  0
VERTEX
  5
450
  8
CUT
 10
917.0
 20
804.2
 30
0.0
 70
0
  0
VERTEX
  5
451
  8
CUT
 10
917.0741183754889
 20
789.144752465864
 30
0.0
 70
0
  0
VERTEX
  5
452
  8
CUT
 10
917.3918549321304
 20
774.0749598561066
 30
0.0
 70
0
  0
VERTEX
  5
453
  8
CUT
 10
918.0393408328147
 20
758.9882928768537
 30
0.0
 70
0
  0
VERTEX
  5
454
  8
CUT
 10
919.0787767335777
 20
743.8909450936258
 30
0.0
 70
0
  0
VERTEX
  5
455
  8
CUT
 10
920.5619409775302
 20
728.7958722165395
 30
0.0
 70
0
  0
VERTEX
  5
456
  8
CUT
 10
922.5340043520057
 20
713.7218995452157
 30
0.0
 70
0
  0
VERTEX
  5
457
  8
CUT
 10
925.0349738749301
 20
698.6931091631541
 30
0.0
 70
0
  0
VERTEX
  5
458
  8
CUT
 10
928.1001773123091
 20
683.7383142862114
 30
0.0
 70
0
  0
VERTEX
  5
459
  8
CUT
 10
931.7602754172857
 20
668.8905311892694
 30
0.0
 70
0
  0
VERTEX
  5
45A
  8
CUT
 10
936.0410244554348
 20
654.1864011161267
 30
0.0
 70
0
  0
VERTEX
  5
45B
  8
CUT
 10
940.962914819385
 20
639.6655374543659
 30
0.0
 70
0
  0
VERTEX
  5
45C
  8
CUT
 10
946.5407702267121
 20
625.3697891859998
 30
0.0
 70
0
  0
VERTEX
  5
45D
  8
CUT
 10
952.7833715440308
 20
611.3424242411847
 30
0.0
 70
0
  0
VERTEX
  5
45E
  8
CUT
 10
959.6931567335406
 20
597.6272471701957
 30
0.0
 70
0
  0
VERTEX
  5
45F
  8
CUT
 10
967.2660382735357
 20
584.2676746537552
 30
0.0
 70
0
  0
VERTEX
  5
460
  8
CUT
 10
975.4913692432312
 20
571.3057994480052
 30
0.0
 70
0
  0
VERTEX
  5
461
  8
CUT
 10
984.3520782016935
 20
558.7814779116253
 30
0.0
 70
0
  0
VERTEX
  5
462
  8
CUT
 10
993.8249810425443
 20
546.7314778647026
 30
0.0
 70
0
  0
VERTEX
  5
463
  8
CUT
 10
1003.8812657382891
 20
535.1887219843393
 30
0.0
 70
0
  0
VERTEX
  5
464
  8
CUT
 10
1014.4871341785599
 20
524.1816573701165
 30
0.0
 70
0
  0
VERTEX
  5
465
  8
CUT
 10
1025.6045751263532
 20
513.7337747717886
 30
0.0
 70
0
  0
VERTEX
  5
466
  8
CUT
 10
1037.1922345350183
 20
503.86329201263595
 30
0.0
 70
0
  0
VERTEX
  5
467
  8
CUT
 10
1049.2063446991415
 20
494.5830063049127
 30
0.0
 70
0
  0
VERTEX
  5
468
  8
CUT
 10
1061.6016722145546
 20
485.9003104323652
 30
0.0
 70
0
  0
VERTEX
  5
469
  8
CUT
 10
1074.3324463778747
 20
477.8173590758448
 30
0.0
 70
0
  0
VERTEX
  5
46A
  8
CUT
 10
1087.3532340094787
 20
470.33136458580594
 30
0.0
 70
0
  0
VERTEX
  5
46B
  8
CUT
 10
1100.619733038679
 20
463.4349966890113
 30
0.0
 70
0
  0
VERTEX
  5
46C
  8
CUT
 10
1114.0894647287973
 20
457.1168580892896
 30
0.0
 70
0
  0
VERTEX
  5
46D
  8
CUT
 10
1127.7223523275586
 20
451.3620075480449
 30
0.0
 70
0
  0
VERTEX
  5
46E
  8
CUT
 10
1141.4811814934146
 20
446.1525034659849
 30
0.0
 70
0
  0
VERTEX
  5
46F
  8
CUT
 10
1155.3319445311015
 20
441.46794375975844
 30
0.0
 70
0
  0
VERTEX
  5
470
  8
CUT
 10
1169.2440759314522
 20
437.28598140888386
 30
0.0
 70
0
  0
VERTEX
  5
471
  8
CUT
 10
1183.190590810751
 20
433.58279892073864
 30
0.0
 70
0
  0
VERTEX
  5
472
  8
CUT
 10
1197.1481406146263
 20
430.33352865117473
 30
0.0
 70
0
  0
VERTEX
  5
473
  8
CUT
 10
1211.0970020544692
 20
427.5126090051205
 30
0.0
 70
0
  0
VERTEX
  5
474
  8
CUT
 10
1225.0210159388112
 20
425.0940686289068
 30
0.0
 70
0
  0
VERTEX
  5
475
  8
CUT
 10
1238.907492672556
 20
423.0517313426827
 30
0.0
 70
0
  0
VERTEX
  5
476
  8
CUT
 10
1252.7471011078237
 20
421.35933307253487
 30
0.0
 70
0
  0
VERTEX
  5
477
  8
CUT
 10
1266.5337576182815
 20
419.9905371630022
 30
0.0
 70
0
  0
VERTEX
  5
478
  8
CUT
 10
1280.2645334139906
 20
418.91882344351814
 30
0.0
 70
0
  0
VERTEX
  5
479
  8
CUT
 10
1293.9396013980318
 20
418.1172026630583
 30
0.0
 70
0
  0
VERTEX
  5
47A
  8
CUT
 10
1307.5622518181256
 20
417.5576531987258
 30
0.0
 70
0
  0
VERTEX
  5
47B
  8
CUT
 10
1321.1390252431925
 20
417.21003142159304
 30
0.0
 70
0
  0
VERTEX
  5
47C
  8
CUT
 10
1334.6800646462916
 20
417.0397068425569
 30
0.0
 70
0
  0
VERTEX
  5
47D
  8
CUT
 10
1348.1999999999998
 20
417.0
 30
0.0
 70
0
  0
VERTEX
  5
47E
  8
CUT
 10
1361.7199353537087
 20
417.0397068425569
 30
0.0
 70
0
  0
VERTEX
  5
47F
  8
CUT
 10
1375.2609747568072
 20
417.21003142159304
 30
0.0
 70
0
  0
VERTEX
  5
480
  8
CUT
 10
1388.8377481818743
 20
417.5576531987258
 30
0.0
 70
0
  0
VERTEX
  5
481
  8
CUT
 10
1402.4603986019679
 20
418.1172026630584
 30
0.0
 70
0
  0
VERTEX
  5
482
  8
CUT
 10
1416.1354665860094
 20
418.9188234435182
 30
0.0
 70
0
  0
VERTEX
  5
483
  8
CUT
 10
1429.8662423817184
 20
419.9905371630022
 30
0.0
 70
0
  0
VERTEX
  5
484
  8
CUT
 10
1443.6528988921762
 20
421.35933307253475
 30
0.0
 70
0
  0
VERTEX
  5
485
  8
CUT
 10
1457.4925073274444
 20
423.0517313426826
 30
0.0
 70
0
  0
VERTEX
  5
486
  8
CUT
 10
1471.3789840611885
 20
425.0940686289068
 30
0.0
 70
0
  0
VERTEX
  5
487
  8
CUT
 10
1485.302997945531
 20
427.5126090051205
 30
0.0
 70
0
  0
VERTEX
  5
488
  8
CUT
 10
1499.2518593853738
 20
430.33352865117473
 30
0.0
 70
0
  0
VERTEX
  5
489
  8
CUT
 10
1513.2094091892486
 20
433.5827989207386
 30
0.0
 70
0
  0
VERTEX
  5
48A
  8
CUT
 10
1527.1559240685476
 20
437.28598140888386
 30
0.0
 70
0
  0
VERTEX
  5
48B
  8
CUT
 10
1541.0680554688984
 20
441.4679437597583
 30
0.0
 70
0
  0
VERTEX
  5
48C
  8
CUT
 10
1554.9188185065852
 20
446.152503465985
 30
0.0
 70
0
  0
VERTEX
  5
48D
  8
CUT
 10
1568.6776476724413
 20
451.36200754804486
 30
0.0
 70
0
  0
VERTEX
  5
48E
  8
CUT
 10
1582.3105352712028
 20
457.1168580892897
 30
0.0
 70
0
  0
VERTEX
  5
48F
  8
CUT
 10
1595.7802669613209
 20
463.43499668901126
 30
0.0
 70
0
  0
VERTEX
  5
490
  8
CUT
 10
1609.0467659905214
 20
470.3313645858061
 30
0.0
 70
0
  0
VERTEX
  5
491
  8
CUT
 10
1622.0675536221252
 20
477.81735907584476
 30
0.0
 70
0
  0
VERTEX
  5
492
  8
CUT
 10
1634.798327785445
 20
485.9003104323651
 30
0.0
 70
0
  0
VERTEX
  5
493
  8
CUT
 10
1647.1936553008584
 20
494.5830063049127
 30
0.0
 70
0
  0
VERTEX
  5
494
  8
CUT
 10
1659.2077654649815
 20
503.86329201263584
 30
0.0
 70
0
  0
VERTEX
  5
495
  8
CUT
 10
1670.7954248736467
 20
513.7337747717886
 30
0.0
 70
0
  0
VERTEX
  5
496
  8
CUT
 10
1681.91286582144
 20
524.1816573701165
 30
0.0
 70
0
  0
VERTEX
  5
497
  8
CUT
 10
1692.518734261711
 20
535.1887219843393
 30
0.0
 70
0
  0
VERTEX
  5
498
  8
CUT
 10
1702.5750189574555
 20
546.7314778647026
 30
0.0
 70
0
  0
VERTEX
  5
499
  8
CUT
 10
1712.0479217983066
 20
558.7814779116253
 30
0.0
 70
0
  0
VERTEX
  5
49A
  8
CUT
 10
1720.9086307567686
 20
571.3057994480051
 30
0.0
 70
0
  0
VERTEX
  5
49B
  8
CUT
 10
1729.1339617264641
 20
584.2676746537551
 30
0.0
 70
0
  0
VERTEX
  5
49C
  8
CUT
 10
1736.7068432664594
 20
597.6272471701957
 30
0.0
 70
0
  0
VERTEX
  5
49D
  8
CUT
 10
1743.616628455969
 20
611.3424242411845
 30
0.0
 70
0
  0
VERTEX
  5
49E
  8
CUT
 10
1749.859229773288
 20
625.3697891859999
 30
0.0
 70
0
  0
VERTEX
  5
49F
  8
CUT
 10
1755.437085180615
 20
639.6655374543658
 30
0.0
 70
0
  0
VERTEX
  5
4A0
  8
CUT
 10
1760.358975544565
 20
654.1864011161267
 30
0.0
 70
0
  0
VERTEX
  5
4A1
  8
CUT
 10
1764.6397245827143
 20
668.8905311892693
 30
0.0
 70
0
  0
VERTEX
  5
4A2
  8
CUT
 10
1768.2998226876907
 20
683.7383142862114
 30
0.0
 70
0
  0
VERTEX
  5
4A3
  8
CUT
 10
1771.3650261250698
 20
698.693109163154
 30
0.0
 70
0
  0
VERTEX
  5
4A4
  8
CUT
 10
1773.8659956479942
 20
713.7218995452156
 30
0.0
 70
0
  0
VERTEX
  5
4A5
  8
CUT
 10
1775.83805902247
 20
728.7958722165396
 30
0.0
 70
0
  0
VERTEX
  5
4A6
  8
CUT
 10
1777.3212232664223
 20
743.8909450936255
 30
0.0
 70
0
  0
VERTEX
  5
4A7
  8
CUT
 10
1778.3606591671853
 20
758.9882928768537
 30
0.0
 70
0
  0
VERTEX
  5
4A8
  8
CUT
 10
1779.0081450678697
 20
774.0749598561065
 30
0.0
 70
0
  0
VERTEX
  5
4A9
  8
CUT
 10
1779.325881624511
 20
789.144752465864
 30
0.0
 70
0
  0
SEQEND
  5
3F5
  8
CUT
  0
POLYLINE
  5
4AA
  8
CUT
 66
1
 10
0.0
 20
0.0
 30
0.0
 70
1
  0
VERTEX
  5
4AC
  8
CUT
 10
1669.3928906524106
 20
792.9836971031391
 30
0.0
 70
0
  0
VERTEX
  5
4AD
  8
CUT
 10
1669.276099539289
 20
781.7481719679602
 30
0.0
 70
0
  0
VERTEX
  5
4AE
  8
CUT
 10
1668.9632506766752
 20
770.4864238362957
 30
0.0
 70
0
  0
VERTEX
  5
4AF
  8
CUT
 10
1668.3917357048495
 20
759.1999861992329
 30
0.0
 70
0
  0
VERTEX
  5
4B0
  8
CUT
 10
1667.509206191127
 20
747.8971717599019
 30
0.0
 70
0
  0
VERTEX
  5
4B1
  8
CUT
 10
1666.2697595672755
 20
736.5921855351692
 30
0.0
 70
0
  0
VERTEX
  5
4B2
  8
CUT
 10
1664.6324962347103
 20
725.3045176791175
 30
0.0
 70
0
  0
VERTEX
  5
4B3
  8
CUT
 10
1662.5610361344757
 20
714.0584234260814
 30
0.0
 70
0
  0
VERTEX
  5
4B4
  8
CUT
 10
1660.0235077902473
 20
702.8824005705135
 30
0.0
 70
0
  0
VERTEX
  5
4B5
  8
CUT
 10
1656.9927872581152
 20
691.8086168819502
 30
0.0
 70
0
  0
VERTEX
  5
4B6
  8
CUT
 10
1653.4468611782684
 20
680.8722627301161
 30
0.0
 70
0
  0
VERTEX
  5
4B7
  8
CUT
 10
1649.3692294326017
 20
670.1108199243379
 30
0.0
 70
0
  0
VERTEX
  5
4B8
  8
CUT
 10
1644.7492833630608
 20
659.5632503879831
 30
0.0
 70
0
  0
VERTEX
  5
4B9
  8
CUT
 10
1639.5826080519773
 20
649.2691190766436
 30
0.0
 70
0
  0
VERTEX
  5
4BA
  8
CUT
 10
1633.871167310176
 20
639.2676746537552
 30
0.0
 70
0
  0
VERTEX
  5
4BB
  8
CUT
 10
1627.6233401795616
 20
629.5969185136577
 30
0.0
 70
0
  0
VERTEX
  5
4BC
  8
CUT
 10
1620.8537888172518
 20
620.2926972934074
 30
0.0
 70
0
  0
VERTEX
  5
4BD
  8
CUT
 10
1613.5831495762113
 20
611.3878556168746
 30
0.0
 70
0
  0
VERTEX
  5
4BE
  8
CUT
 10
1605.8375513649714
 20
602.9114842701617
 30
0.0
 70
0
  0
VERTEX
  5
4BF
  8
CUT
 10
1597.6479770783526
 20
594.8882944356358
 30
0.0
 70
0
  0
VERTEX
  5
4C0
  8
CUT
 10
1589.0494940711333
 20
587.338141471263
 30
0.0
 70
0
  0
VERTEX
  5
4C1
  8
CUT
 10
1580.08038742773
 20
580.2757127631255
 30
0.0
 70
0
  0
VERTEX
  5
4C2
  8
CUT
 10
1570.7812345503687
 20
573.7103843421644
 30
0.0
 70
0
  0
VERTEX
  5
4C3
  8
CUT
 10
1561.1939610859708
 20
567.6462412348785
 30
0.0
 70
0
  0
VERTEX
  5
4C4
  8
CUT
 10
1551.3609165566058
 20
562.0822478189324
 30
0.0
 70
0
  0
VERTEX
  5
4C5
  8
CUT
 10
1541.324003704699
 20
557.0125474825455
 30
0.0
 70
0
  0
VERTEX
  5
4C6
  8
CUT
 10
1531.1238892091487
 20
552.4268660702555
 30
0.0
 70
0
  0
VERTEX
  5
4C7
  8
CUT
 10
1520.7993158894205
 20
548.3109910703442
 30
0.0
 70
0
  0
VERTEX
  5
4C8
  8
CUT
 10
1510.3865286067887
 20
544.6472981252517
 30
0.0
 70
0
  0
VERTEX
  5
4C9
  8
CUT
 10
1499.9188185065852
 20
541.4152978822732
 30
0.0
 70
0
  0
VERTEX
  5
4CA
  8
CUT
 10
1489.4261835624502
 20
538.5921789742404
 30
0.0
 70
0
  0
VERTEX
  5
4CB
  8
CUT
 10
1478.9350979217493
 20
536.1533265017922
 30
0.0
 70
0
  0
VERTEX
  5
4CC
  8
CUT
 10
1468.4683784509107
 20
534.0727992614247
 30
0.0
 70
0
  0
VERTEX
  5
4CD
  8
CUT
 10
1458.0451341096232
 20
532.3237526535213
 30
0.0
 70
0
  0
VERTEX
  5
4CE
  8
CUT
 10
1447.6807821797074
 20
530.8787972915704
 30
0.0
 70
0
  0
VERTEX
  5
4CF
  8
CUT
 10
1437.3871146799443
 20
529.7102854213738
 30
0.0
 70
0
  0
VERTEX
  5
4D0
  8
CUT
 10
1427.1723981875743
 20
528.7905178958977
 30
0.0
 70
0
  0
VERTEX
  5
4D1
  8
CUT
 10
1417.0414903762128
 20
528.0918629628943
 30
0.0
 70
0
  0
VERTEX
  5
4D2
  8
CUT
 10
1406.9959563917648
 20
527.5867732437208
 30
0.0
 70
0
  0
VERTEX
  5
4D3
  8
CUT
 10
1397.034167042647
 20
527.2476762748611
 30
0.0
 70
0
  0
VERTEX
  5
4D4
  8
CUT
 10
1387.1513574963608
 20
527.0466902246311
 30
0.0
 70
0
  0
VERTEX
  5
4D5
  8
CUT
 10
1377.3396172224325
 20
526.9550616892359
 30
0.0
 70
0
  0
VERTEX
  5
4D6
  8
CUT
 10
1367.5877626449535
 20
526.9420769501737
 30
0.0
 70
0
  0
VERTEX
  5
4D7
  8
CUT
 10
1357.8809907164336
 20
526.9726978146574
 30
0.0
 70
0
  0
VERTEX
  5
4D8
  8
CUT
 10
1348.1999999999998
 20
527.0
 30
0.0
 70
0
  0
VERTEX
  5
4D9
  8
CUT
 10
1338.5190092835667
 20
526.9726978146574
 30
0.0
 70
0
  0
VERTEX
  5
4DA
  8
CUT
 10
1328.8122373550464
 20
526.9420769501737
 30
0.0
 70
0
  0
VERTEX
  5
4DB
  8
CUT
 10
1319.0603827775676
 20
526.9550616892359
 30
0.0
 70
0
  0
VERTEX
  5
4DC
  8
CUT
 10
1309.248642503639
 20
527.046690224631
 30
0.0
 70
0
  0
VERTEX
  5
4DD
  8
CUT
 10
1299.3658329573527
 20
527.2476762748611
 30
0.0
 70
0
  0
VERTEX
  5
4DE
  8
CUT
 10
1289.404043608235
 20
527.5867732437208
 30
0.0
 70
0
  0
VERTEX
  5
4DF
  8
CUT
 10
1279.358509623787
 20
528.0918629628945
 30
0.0
 70
0
  0
VERTEX
  5
4E0
  8
CUT
 10
1269.2276018124257
 20
528.7905178958977
 30
0.0
 70
0
  0
VERTEX
  5
4E1
  8
CUT
 10
1259.0128853200556
 20
529.7102854213738
 30
0.0
 70
0
  0
VERTEX
  5
4E2
  8
CUT
 10
1248.7192178202927
 20
530.8787972915704
 30
0.0
 70
0
  0
VERTEX
  5
4E3
  8
CUT
 10
1238.3548658903765
 20
532.3237526535213
 30
0.0
 70
0
  0
VERTEX
  5
4E4
  8
CUT
 10
1227.931621549089
 20
534.0727992614247
 30
0.0
 70
0
  0
VERTEX
  5
4E5
  8
CUT
 10
1217.4649020782508
 20
536.1533265017922
 30
0.0
 70
0
  0
VERTEX
  5
4E6
  8
CUT
 10
1206.9738164375494
 20
538.5921789742404
 30
0.0
 70
0
  0
VERTEX
  5
4E7
  8
CUT
 10
1196.4811814934146
 20
541.4152978822732
 30
0.0
 70
0
  0
VERTEX
  5
4E8
  8
CUT
 10
1186.0134713932111
 20
544.6472981252518
 30
0.0
 70
0
  0
VERTEX
  5
4E9
  8
CUT
 10
1175.6006841105796
 20
548.3109910703442
 30
0.0
 70
0
  0
VERTEX
  5
4EA
  8
CUT
 10
1165.276110790851
 20
552.4268660702555
 30
0.0
 70
0
  0
VERTEX
  5
4EB
  8
CUT
 10
1155.0759962953011
 20
557.0125474825454
 30
0.0
 70
0
  0
VERTEX
  5
4EC
  8
CUT
 10
1145.039083443394
 20
562.0822478189324
 30
0.0
 70
0
  0
VERTEX
  5
4ED
  8
CUT
 10
1135.206038914029
 20
567.6462412348785
 30
0.0
 70
0
  0
VERTEX
  5
4EE
  8
CUT
 10
1125.6187654496312
 20
573.7103843421644
 30
0.0
 70
0
  0
VERTEX
  5
4EF
  8
CUT
 10
1116.3196125722698
 20
580.2757127631256
 30
0.0
 70
0
  0
VERTEX
  5
4F0
  8
CUT
 10
1107.3505059288666
 20
587.3381414712629
 30
0.0
 70
0
  0
VERTEX
  5
4F1
  8
CUT
 10
1098.7520229216475
 20
594.8882944356359
 30
0.0
 70
0
  0
VERTEX
  5
4F2
  8
CUT
 10
1090.5624486350284
 20
602.9114842701617
 30
0.0
 70
0
  0
VERTEX
  5
4F3
  8
CUT
 10
1082.8168504237885
 20
611.3878556168746
 30
0.0
 70
0
  0
VERTEX
  5
4F4
  8
CUT
 10
1075.5462111827483
 20
620.2926972934074
 30
0.0
 70
0
  0
VERTEX
  5
4F5
  8
CUT
 10
1068.7766598204382
 20
629.5969185136578
 30
0.0
 70
0
  0
VERTEX
  5
4F6
  8
CUT
 10
1062.528832689824
 20
639.2676746537552
 30
0.0
 70
0
  0
VERTEX
  5
4F7
  8
CUT
 10
1056.8173919480225
 20
649.2691190766436
 30
0.0
 70
0
  0
VERTEX
  5
4F8
  8
CUT
 10
1051.6507166369393
 20
659.5632503879832
 30
0.0
 70
0
  0
VERTEX
  5
4F9
  8
CUT
 10
1047.0307705673981
 20
670.1108199243379
 30
0.0
 70
0
  0
VERTEX
  5
4FA
  8
CUT
 10
1042.9531388217315
 20
680.8722627301163
 30
0.0
 70
0
  0
VERTEX
  5
4FB
  8
CUT
 10
1039.4072127418847
 20
691.8086168819502
 30
0.0
 70
0
  0
VERTEX
  5
4FC
  8
CUT
 10
1036.3764922097525
 20
702.8824005705136
 30
0.0
 70
0
  0
VERTEX
  5
4FD
  8
CUT
 10
1033.8389638655244
 20
714.0584234260813
 30
0.0
 70
0
  0
VERTEX
  5
4FE
  8
CUT
 10
1031.7675037652898
 20
725.3045176791175
 30
0.0
 70
0
  0
VERTEX
  5
4FF
  8
CUT
 10
1030.1302404327243
 20
736.5921855351693
 30
0.0
 70
0
  0
VERTEX
  5
500
  8
CUT
 10
1028.890793808873
 20
747.8971717599019
 30
0.0
 70
0
  0
VERTEX
  5
501
  8
CUT
 10
1028.0082642951504
 20
759.199986199233
 30
0.0
 70
0
  0
VERTEX
  5
502
  8
CUT
 10
1027.4367493233249
 20
770.4864238362957
 30
0.0
 70
0
  0
VERTEX
  5
503
  8
CUT
 10
1027.123900460711
 20
781.7481719679604
 30
0.0
 70
0
  0
VERTEX
  5
504
  8
CUT
 10
1027.0071093475894
 20
792.9836971031391
 30
0.0
 70
0
  0
VERTEX
  5
505
  8
CUT
 10
1027.0
 20
804.2
 30
0.0
 70
0
  0
VERTEX
  5
506
  8
CUT
 10
1027.0071093475894
 20
815.416302896861
 30
0.0
 70
0
  0
VERTEX
  5
507
  8
CUT
 10
1027.123900460711
 20
826.6518280320398
 30
0.0
 70
0
  0
VERTEX
  5
508
  8
CUT
 10
1027.4367493233249
 20
837.9135761637045
 30
0.0
 70
0
  0
VERTEX
  5
509
  8
CUT
 10
1028.0082642951504
 20
849.200013800767
 30
0.0
 70
0
  0
VERTEX
  5
50A
  8
CUT
 10
1028.890793808873
 20
860.5028282400981
 30
0.0
 70
0
  0
VERTEX
  5
50B
  8
CUT
 10
1030.1302404327243
 20
871.8078144648307
 30
0.0
 70
0
  0
VERTEX
  5
50C
  8
CUT
 10
1031.7675037652898
 20
883.0954823208826
 30
0.0
 70
0
  0
VERTEX
  5
50D
  8
CUT
 10
1033.8389638655244
 20
894.3415765739189
 30
0.0
 70
0
  0
VERTEX
  5
50E
  8
CUT
 10
1036.3764922097525
 20
905.5175994294866
 30
0.0
 70
0
  0
VERTEX
  5
50F
  8
CUT
 10
1039.4072127418847
 20
916.5913831180499
 30
0.0
 70
0
  0
VERTEX
  5
510
  8
CUT
 10
1042.9531388217317
 20
927.5277372698839
 30
0.0
 70
0
  0
VERTEX
  5
511
  8
CUT
 10
1047.0307705673983
 20
938.2891800756623
 30
0.0
 70
0
  0
VERTEX
  5
512
  8
CUT
 10
1051.6507166369393
 20
948.8367496120168
 30
0.0
 70
0
  0
VERTEX
  5
513
  8
CUT
 10
1056.8173919480225
 20
959.1308809233564
 30
0.0
 70
0
  0
VERTEX
  5
514
  8
CUT
 10
1062.528832689824
 20
969.1323253462448
 30
0.0
 70
0
  0
VERTEX
  5
515
  8
CUT
 10
1068.7766598204382
 20
978.8030814863424
 30
0.0
 70
0
  0
VERTEX
  5
516
  8
CUT
 10
1075.5462111827483
 20
988.1073027065928
 30
0.0
 70
0
  0
VERTEX
  5
517
  8
CUT
 10
1082.8168504237888
 20
997.0121443831255
 30
0.0
 70
0
  0
VERTEX
  5
518
  8
CUT
 10
1090.5624486350284
 20
1005.4885157298384
 30
0.0
 70
0
  0
VERTEX
  5
519
  8
CUT
 10
1098.7520229216475
 20
1013.5117055643643
 30
0.0
 70
0
  0
VERTEX
  5
51A
  8
CUT
 10
1107.3505059288666
 20
1021.0618585287373
 30
0.0
 70
0
  0
VERTEX
  5
51B
  8
CUT
 10
1116.3196125722698
 20
1028.1242872368744
 30
0.0
 70
0
  0
VERTEX
  5
51C
  8
CUT
 10
1125.6187654496312
 20
1034.6896156578357
 30
0.0
 70
0
  0
VERTEX
  5
51D
  8
CUT
 10
1135.206038914029
 20
1040.7537587651216
 30
0.0
 70
0
  0
VERTEX
  5
51E
  8
CUT
 10
1145.039083443394
 20
1046.3177521810676
 30
0.0
 70
0
  0
VERTEX
  5
51F
  8
CUT
 10
1155.075996295301
 20
1051.3874525174547
 30
0.0
 70
0
  0
VERTEX
  5
520
  8
CUT
 10
1165.2761107908511
 20
1055.9731339297446
 30
0.0
 70
0
  0
VERTEX
  5
521
  8
CUT
 10
1175.6006841105796
 20
1060.0890089296558
 30
0.0
 70
0
  0
VERTEX
  5
522
  8
CUT
 10
1186.0134713932111
 20
1063.7527018747483
 30
0.0
 70
0
  0
VERTEX
  5
523
  8
CUT
 10
1196.4811814934149
 20
1066.984702117727
 30
0.0
 70
0
  0
VERTEX
  5
524
  8
CUT
 10
1206.9738164375494
 20
1069.8078210257597
 30
0.0
 70
0
  0
VERTEX
  5
525
  8
CUT
 10
1217.4649020782508
 20
1072.2466734982079
 30
0.0
 70
0
  0
VERTEX
  5
526
  8
CUT
 10
1227.931621549089
 20
1074.3272007385754
 30
0.0
 70
0
  0
VERTEX
  5
527
  8
CUT
 10
1238.3548658903767
 20
1076.0762473464788
 30
0.0
 70
0
  0
VERTEX
  5
528
  8
CUT
 10
1248.7192178202927
 20
1077.5212027084297
 30
0.0
 70
0
  0
VERTEX
  5
529
  8
CUT
 10
1259.0128853200556
 20
1078.6897145786263
 30
0.0
 70
0
  0
VERTEX
  5
52A
  8
CUT
 10
1269.2276018124257
 20
1079.6094821041024
 30
0.0
 70
0
  0
VERTEX
  5
52B
  8
CUT
 10
1279.358509623787
 20
1080.3081370371056
 30
0.0
 70
0
  0
VERTEX
  5
52C
  8
CUT
 10
1289.404043608235
 20
1080.8132267562792
 30
0.0
 70
0
  0
VERTEX
  5
52D
  8
CUT
 10
1299.3658329573527
 20
1081.152323725139
 30
0.0
 70
0
  0
VERTEX
  5
52E
  8
CUT
 10
1309.248642503639
 20
1081.3533097753689
 30
0.0
 70
0
  0
VERTEX
  5
52F
  8
CUT
 10
1319.0603827775674
 20
1081.4449383107644
 30
0.0
 70
0
  0
VERTEX
  5
530
  8
CUT
 10
1328.8122373550464
 20
1081.4579230498264
 30
0.0
 70
0
  0
VERTEX
  5
531
  8
CUT
 10
1338.5190092835664
 20
1081.4273021853428
 30
0.0
 70
0
  0
VERTEX
  5
532
  8
CUT
 10
1348.2
 20
1081.4
 30
0.0
 70
0
  0
VERTEX
  5
533
  8
CUT
 10
1357.8809907164334
 20
1081.4273021853428
 30
0.0
 70
0
  0
VERTEX
  5
534
  8
CUT
 10
1367.5877626449535
 20
1081.4579230498264
 30
0.0
 70
0
  0
VERTEX
  5
535
  8
CUT
 10
1377.3396172224325
 20
1081.4449383107644
 30
0.0
 70
0
  0
VERTEX
  5
536
  8
CUT
 10
1387.1513574963608
 20
1081.3533097753689
 30
0.0
 70
0
  0
VERTEX
  5
537
  8
CUT
 10
1397.0341670426471
 20
1081.152323725139
 30
0.0
 70
0
  0
VERTEX
  5
538
  8
CUT
 10
1406.995956391765
 20
1080.8132267562792
 30
0.0
 70
0
  0
VERTEX
  5
539
  8
CUT
 10
1417.0414903762128
 20
1080.3081370371056
 30
0.0
 70
0
  0
VERTEX
  5
53A
  8
CUT
 10
1427.1723981875743
 20
1079.6094821041024
 30
0.0
 70
0
  0
VERTEX
  5
53B
  8
CUT
 10
1437.3871146799443
 20
1078.6897145786263
 30
0.0
 70
0
  0
VERTEX
  5
53C
  8
CUT
 10
1447.6807821797074
 20
1077.5212027084297
 30
0.0
 70
0
  0
VERTEX
  5
53D
  8
CUT
 10
1458.0451341096232
 20
1076.0762473464788
 30
0.0
 70
0
  0
VERTEX
  5
53E
  8
CUT
 10
1468.468378450911
 20
1074.3272007385754
 30
0.0
 70
0
  0
VERTEX
  5
53F
  8
CUT
 10
1478.9350979217493
 20
1072.2466734982079
 30
0.0
 70
0
  0
VERTEX
  5
540
  8
CUT
 10
1489.4261835624504
 20
1069.8078210257597
 30
0.0
 70
0
  0
VERTEX
  5
541
  8
CUT
 10
1499.9188185065852
 20
1066.984702117727
 30
0.0
 70
0
  0
VERTEX
  5
542
  8
CUT
 10
1510.386528606789
 20
1063.7527018747483
 30
0.0
 70
0
  0
VERTEX
  5
543
  8
CUT
 10
1520.7993158894205
 20
1060.0890089296558
 30
0.0
 70
0
  0
VERTEX
  5
544
  8
CUT
 10
1531.1238892091487
 20
1055.9731339297446
 30
0.0
 70
0
  0
VERTEX
  5
545
  8
CUT
 10
1541.324003704699
 20
1051.3874525174547
 30
0.0
 70
0
  0
VERTEX
  5
546
  8
CUT
 10
1551.3609165566058
 20
1046.3177521810676
 30
0.0
 70
0
  0
VERTEX
  5
547
  8
CUT
 10
1561.193961085971
 20
1040.7537587651216
 30
0.0
 70
0
  0
VERTEX
  5
548
  8
CUT
 10
1570.7812345503687
 20
1034.6896156578357
 30
0.0
 70
0
  0
VERTEX
  5
549
  8
CUT
 10
1580.08038742773
 20
1028.1242872368744
 30
0.0
 70
0
  0
VERTEX
  5
54A
  8
CUT
 10
1589.0494940711333
 20
1021.0618585287372
 30
0.0
 70
0
  0
VERTEX
  5
54B
  8
CUT
 10
1597.6479770783526
 20
1013.5117055643642
 30
0.0
 70
0
  0
VERTEX
  5
54C
  8
CUT
 10
1605.8375513649714
 20
1005.4885157298384
 30
0.0
 70
0
  0
VERTEX
  5
54D
  8
CUT
 10
1613.5831495762113
 20
997.0121443831255
 30
0.0
 70
0
  0
VERTEX
  5
54E
  8
CUT
 10
1620.8537888172518
 20
988.1073027065928
 30
0.0
 70
0
  0
VERTEX
  5
54F
  8
CUT
 10
1627.6233401795619
 20
978.8030814863424
 30
0.0
 70
0
  0
VERTEX
  5
550
  8
CUT
 10
1633.8711673101761
 20
969.1323253462448
 30
0.0
 70
0
  0
VERTEX
  5
551
  8
CUT
 10
1639.5826080519773
 20
959.1308809233564
 30
0.0
 70
0
  0
VERTEX
  5
552
  8
CUT
 10
1644.7492833630608
 20
948.8367496120168
 30
0.0
 70
0
  0
VERTEX
  5
553
  8
CUT
 10
1649.3692294326017
 20
938.2891800756622
 30
0.0
 70
0
  0
VERTEX
  5
554
  8
CUT
 10
1653.4468611782684
 20
927.5277372698838
 30
0.0
 70
0
  0
VERTEX
  5
555
  8
CUT
 10
1656.9927872581152
 20
916.5913831180499
 30
0.0
 70
0
  0
VERTEX
  5
556
  8
CUT
 10
1660.0235077902475
 20
905.5175994294866
 30
0.0
 70
0
  0
VERTEX
  5
557
  8
CUT
 10
1662.5610361344757
 20
894.3415765739188
 30
0.0
 70
0
  0
VERTEX
  5
558
  8
CUT
 10
1664.6324962347103
 20
883.0954823208826
 30
0.0
 70
0
  0
VERTEX
  5
559
  8
CUT
 10
1666.2697595672755
 20
871.8078144648307
 30
0.0
 70
0
  0
VERTEX
  5
55A
  8
CUT
 10
1667.509206191127
 20
860.5028282400981
 30
0.0
 70
0
  0
VERTEX
  5
55B
  8
CUT
 10
1668.3917357048495
 20
849.2000138007671
 30
0.0
 70
0
  0
VERTEX
  5
55C
  8
CUT
 10
1668.9632506766752
 20
837.9135761637044
 30
0.0
 70
0
  0
VERTEX
  5
55D
  8
CUT
 10
1669.276099539289
 20
826.6518280320397
 30
0.0
 70
0
  0
VERTEX
  5
55E
  8
CUT
 10
1669.3928906524106
 20
815.416302896861
 30
0.0
 70
0
  0
VERTEX
  5
55F
  8
CUT
 10
1669.4
 20
804.2
 30
0.0
 70
0
  0
SEQEND
  5
4AB
  8
CUT
  0
POLYLINE
  5
560
  8
CUT
 66
1
 10
0.0
 20
0.0
 30
0.0
 70
1
  0
VERTEX
  5
562
  8
CUT
 10
1715.8930776469965
 20
856.0583320218614
 30
0.0
 42
0.41421356237309503
 70
0
  0
VERTEX
  5
563
  8
CUT
 10
1713.233065245221
 20
852.3971390438279
 30
0.0
 42
0.41421356237309503
 70
0
  0
VERTEX
  5
564
  8
CUT
 10
1716.8942582232544
 20
849.7371266420523
 30
0.0
 42
0.41421356237309503
 70
0
  0
VERTEX
  5
565
  8
CUT
 10
1719.5542706250299
 20
853.3983196200857
 30
0.0
 70
0
  0
VERTEX
  5
566
  8
CUT
 10
1753.7282872096216
 20
858.8109521104777
 30
0.0
 42
0.41421356237309503
 70
0
  0
VERTEX
  5
567
  8
CUT
 10
1757.3894801876547
 20
856.150939708702
 30
0.0
 42
0.41421356237309503
 70
0
  0
VERTEX
  5
568
  8
CUT
 10
1760.0494925894304
 20
859.8121326867351
 30
0.0
 42
0.41421356237309503
 70
0
  0
VERTEX
  5
569
  8
CUT
 10
1756.3882996113973
 20
862.4721450885108
 30
0.0
 70
0
  0
VERTEX
  5
56A
  8
CUT
 10
1754.4172253518902
 20
874.9170181800097
 30
0.0
 42
0.41421356237309503
 70
0
  0
VERTEX
  5
56B
  8
CUT
 10
1757.077237753666
 20
878.5782111580427
 30
0.0
 42
0.41421356237309503
 70
0
  0
VERTEX
  5
56C
  8
CUT
 10
1753.4160447756328
 20
881.2382235598184
 30
0.0
 42
0.41421356237309503
 70
0
  0
VERTEX
  5
56D
  8
CUT
 10
1750.7560323738571
 20
877.5770305817853
 30
0.0
 70
0
  0
VERTEX
  5
56E
  8
CUT
 10
1716.5820157892654
 20
872.1643980913934
 30
0.0
 42
0.41421356237309503
 70
0
  0
VERTEX
  5
56F
  8
CUT
 10
1712.920822811232
 20
874.824410493169
 30
0.0
 42
0.41421356237309503
 70
0
  0
VERTEX
  5
570
  8
CUT
 10
1710.2608104094566
 20
871.1632175151358
 30
0.0
 42
0.41421356237309503
 70
0
  0
VERTEX
  5
571
  8
CUT
 10
1713.9220033874897
 20
868.5032051133602
 30
0.0
 70
0
  0
SEQEND
  5
561
  8
CUT
  0
POLYLINE
  5
572
  8
CUT
 66
1
 10
0.0
 20
0.0
 30
0.0
 70
1
  0
VERTEX
  5
574
  8
CUT
 10
1687.4172648876076
 20
969.9691740710325
 30
0.0
 42
0.41421356237309503
 70
0
  0
VERTEX
  5
575
  8
CUT
 10
1686.0188136093714
 20
965.6651835944633
 30
0.0
 42
0.41421356237309503
 70
0
  0
VERTEX
  5
576
  8
CUT
 10
1690.3228040859406
 20
964.266732316227
 30
0.0
 42
0.41421356237309503
 70
0
  0
VERTEX
  5
577
  8
CUT
 10
1691.7212553641768
 20
968.5707227927962
 30
0.0
 70
0
  0
VERTEX
  5
578
  8
CUT
 10
1722.5500811010943
 20
984.2787940837845
 30
0.0
 42
0.41421356237309503
 70
0
  0
VERTEX
  5
579
  8
CUT
 10
1726.8540715776637
 20
982.8803428055483
 30
0.0
 42
0.41421356237309503
 70
0
  0
VERTEX
  5
57A
  8
CUT
 10
1728.2525228558998
 20
987.1843332821177
 30
0.0
 42
0.41421356237309503
 70
0
  0
VERTEX
  5
57B
  8
CUT
 10
1723.9485323793306
 20
988.582784560354
 30
0.0
 70
0
  0
VERTEX
  5
57C
  8
CUT
 10
1718.2282520826122
 20
999.8094667651274
 30
0.0
 42
0.41421356237309503
 70
0
  0
VERTEX
  5
57D
  8
CUT
 10
1719.6267033608485
 20
1004.1134572416966
 30
0.0
 42
0.41421356237309503
 70
0
  0
VERTEX
  5
57E
  8
CUT
 10
1715.3227128842793
 20
1005.5119085199328
 30
0.0
 42
0.41421356237309503
 70
0
  0
VERTEX
  5
57F
  8
CUT
 10
1713.924261606043
 20
1001.2079180433636
 30
0.0
 70
0
  0
VERTEX
  5
580
  8
CUT
 10
1683.0954358691256
 20
985.4998467523753
 30
0.0
 42
0.41421356237309503
 70
0
  0
VERTEX
  5
581
  8
CUT
 10
1678.7914453925562
 20
986.8982980306116
 30
0.0
 42
0.41421356237309503
 70
0
  0
VERTEX
  5
582
  8
CUT
 10
1677.3929941143201
 20
982.5943075540422
 30
0.0
 42
0.41421356237309503
 70
0
  0
VERTEX
  5
583
  8
CUT
 10
1681.6969845908893
 20
981.1958562758059
 30
0.0
 70
0
  0
SEQEND
  5
573
  8
CUT
  0
POLYLINE
  5
584
  8
CUT
 66
1
 10
0.0
 20
0.0
 30
0.0
 70
1
  0
VERTEX
  5
586
  8
CUT
 10
1613.5118118250753
 20
1060.6022663821248
 30
0.0
 42
0.41421356237309503
 70
0
  0
VERTEX
  5
587
  8
CUT
 10
1613.5118118250755
 20
1056.0767829825309
 30
0.0
 42
0.41421356237309503
 70
0
  0
VERTEX
  5
588
  8
CUT
 10
1618.0372952246694
 20
1056.076782982531
 30
0.0
 42
0.41421356237309503
 70
0
  0
VERTEX
  5
589
  8
CUT
 10
1618.0372952246692
 20
1060.6022663821248
 30
0.0
 70
0
  0
VERTEX
  5
58A
  8
CUT
 10
1642.5031898537238
 20
1085.0681610111794
 30
0.0
 42
0.41421356237309503
 70
0
  0
VERTEX
  5
58B
  8
CUT
 10
1647.0286732533177
 20
1085.0681610111794
 30
0.0
 42
0.41421356237309503
 70
0
  0
VERTEX
  5
58C
  8
CUT
 10
1647.0286732533177
 20
1089.593644410773
 30
0.0
 42
0.41421356237309503
 70
0
  0
VERTEX
  5
58D
  8
CUT
 10
1642.5031898537238
 20
1089.5936444107733
 30
0.0
 70
0
  0
VERTEX
  5
58E
  8
CUT
 10
1633.5936444107733
 20
1098.5031898537238
 30
0.0
 42
0.41421356237309503
 70
0
  0
VERTEX
  5
58F
  8
CUT
 10
1633.5936444107733
 20
1103.0286732533175
 30
0.0
 42
0.41421356237309503
 70
0
  0
VERTEX
  5
590
  8
CUT
 10
1629.0681610111797
 20
1103.0286732533177
 30
0.0
 42
0.41421356237309503
 70
0
  0
VERTEX
  5
591
  8
CUT
 10
1629.0681610111794
 20
1098.5031898537238
 30
0.0
 70
0
  0
VERTEX
  5
592
  8
CUT
 10
1604.6022663821248
 20
1074.0372952246692
 30
0.0
 42
0.41421356237309503
 70
0
  0
VERTEX
  5
593
  8
CUT
 10
1600.076782982531
 20
1074.0372952246694
 30
0.0
 42
0.41421356237309503
 70
0
  0
VERTEX
  5
594
  8
CUT
 10
1600.0767829825309
 20
1069.5118118250755
 30
0.0
 42
0.41421356237309503
 70
0
  0
VERTEX
  5
595
  8
CUT
 10
1604.6022663821248
 20
1069.5118118250753
 30
0.0
 70
0
  0
SEQEND
  5
585
  8
CUT
  0
POLYLINE
  5
596
  8
CUT
 66
1
 10
0.0
 20
0.0
 30
0.0
 70
1
  0
VERTEX
  5
598
  8
CUT
 10
1511.3568241876465
 20
1110.536354828645
 30
0.0
 42
0.41421356237309503
 70
0
  0
VERTEX
  5
599
  8
CUT
 10
1512.7552754658827
 20
1106.2323643520756
 30
0.0
 42
0.41421356237309503
 70
0
  0
VERTEX
  5
59A
  8
CUT
 10
1517.0592659424522
 20
1107.630815630312
 30
0.0
 42
0.41421356237309503
 70
0
  0
VERTEX
  5
59B
  8
CUT
 10
1515.6608146642159
 20
1111.9348061068813
 30
0.0
 70
0
  0
VERTEX
  5
59C
  8
CUT
 10
1531.3688859552042
 20
1142.7636318437987
 30
0.0
 42
0.41421356237309503
 70
0
  0
VERTEX
  5
59D
  8
CUT
 10
1535.6728764317734
 20
1144.1620831220348
 30
0.0
 42
0.41421356237309503
 70
0
  0
VERTEX
  5
59E
  8
CUT
 10
1534.274425153537
 20
1148.466073598604
 30
0.0
 42
0.41421356237309503
 70
0
  0
VERTEX
  5
59F
  8
CUT
 10
1529.9704346769681
 20
1147.067622320368
 30
0.0
 70
0
  0
VERTEX
  5
5A0
  8
CUT
 10
1518.7437524721945
 20
1152.7879026170863
 30
0.0
 42
0.41421356237309503
 70
0
  0
VERTEX
  5
5A1
  8
CUT
 10
1517.3453011939582
 20
1157.0918930936555
 30
0.0
 42
0.41421356237309503
 70
0
  0
VERTEX
  5
5A2
  8
CUT
 10
1513.041310717389
 20
1155.6934418154192
 30
0.0
 42
0.41421356237309503
 70
0
  0
VERTEX
  5
5A3
  8
CUT
 10
1514.4397619956253
 20
1151.38945133885
 30
0.0
 70
0
  0
VERTEX
  5
5A4
  8
CUT
 10
1498.731690704637
 20
1120.5606256019325
 30
0.0
 42
0.41421356237309503
 70
0
  0
VERTEX
  5
5A5
  8
CUT
 10
1494.4277002280678
 20
1119.1621743236963
 30
0.0
 42
0.41421356237309503
 70
0
  0
VERTEX
  5
5A6
  8
CUT
 10
1495.826151506304
 20
1114.858183847127
 30
0.0
 42
0.41421356237309503
 70
0
  0
VERTEX
  5
5A7
  8
CUT
 10
1500.1301419828733
 20
1116.2566351253633
 30
0.0
 70
0
  0
SEQEND
  5
597
  8
CUT
  0
POLYLINE
  5
5A8
  8
CUT
 66
1
 10
0.0
 20
0.0
 30
0.0
 70
1
  0
VERTEX
  5
5AA
  8
CUT
 10
1405.7363833517807
 20
1127.1979722407818
 30
0.0
 42
0.41421356237309503
 70
0
  0
VERTEX
  5
5AB
  8
CUT
 10
1408.3963957535566
 20
1123.5367792627485
 30
0.0
 42
0.41421356237309503
 70
0
  0
VERTEX
  5
5AC
  8
CUT
 10
1412.05758873159
 20
1126.1967916645244
 30
0.0
 42
0.41421356237309503
 70
0
  0
VERTEX
  5
5AD
  8
CUT
 10
1409.397576329814
 20
1129.8579846425578
 30
0.0
 70
0
  0
VERTEX
  5
5AE
  8
CUT
 10
1414.8102088202058
 20
1164.0320012271495
 30
0.0
 42
0.41421356237309503
 70
0
  0
VERTEX
  5
5AF
  8
CUT
 10
1418.471401798239
 20
1166.692013628925
 30
0.0
 42
0.41421356237309503
 70
0
  0
VERTEX
  5
5B0
  8
CUT
 10
1415.8113893964637
 20
1170.353206606958
 30
0.0
 42
0.41421356237309503
 70
0
  0
VERTEX
  5
5B1
  8
CUT
 10
1412.1501964184304
 20
1167.6931942051826
 30
0.0
 70
0
  0
VERTEX
  5
5B2
  8
CUT
 10
1399.7053233269316
 20
1169.6642684646895
 30
0.0
 42
0.41421356237309503
 70
0
  0
VERTEX
  5
5B3
  8
CUT
 10
1397.045310925156
 20
1173.3254614427228
 30
0.0
 42
0.41421356237309503
 70
0
  0
VERTEX
  5
5B4
  8
CUT
 10
1393.3841179471226
 20
1170.665449040947
 30
0.0
 42
0.41421356237309503
 70
0
  0
VERTEX
  5
5B5
  8
CUT
 10
1396.0441303488983
 20
1167.0042560629138
 30
0.0
 70
0
  0
VERTEX
  5
5B6
  8
CUT
 10
1390.6314978585065
 20
1132.830239478322
 30
0.0
 42
0.41421356237309503
 70
0
  0
VERTEX
  5
5B7
  8
CUT
 10
1386.9703048804733
 20
1130.1702270765463
 30
0.0
 42
0.41421356237309503
 70
0
  0
VERTEX
  5
5B8
  8
CUT
 10
1389.630317282249
 20
1126.5090340985132
 30
0.0
 42
0.41421356237309503
 70
0
  0
VERTEX
  5
5B9
  8
CUT
 10
1393.291510260282
 20
1129.169046500289
 30
0.0
 70
0
  0
SEQEND
  5
5A9
  8
CUT
  0
POLYLINE
  5
5BA
  8
CUT
 66
1
 10
0.0
 20
0.0
 30
0.0
 70
1
  0
VERTEX
  5
5BC
  8
CUT
 10
1303.108489739718
 20
1129.169046500289
 30
0.0
 42
0.41421356237309503
 70
0
  0
VERTEX
  5
5BD
  8
CUT
 10
1306.769682717751
 20
1126.5090340985132
 30
0.0
 42
0.41421356237309503
 70
0
  0
VERTEX
  5
5BE
  8
CUT
 10
1309.4296951195267
 20
1130.1702270765463
 30
0.0
 42
0.41421356237309503
 70
0
  0
VERTEX
  5
5BF
  8
CUT
 10
1305.7685021414936
 20
1132.830239478322
 30
0.0
 70
0
  0
VERTEX
  5
5C0
  8
CUT
 10
1300.3558696511018
 20
1167.0042560629138
 30
0.0
 42
0.41421356237309503
 70
0
  0
VERTEX
  5
5C1
  8
CUT
 10
1303.0158820528777
 20
1170.6654490409471
 30
0.0
 42
0.41421356237309503
 70
0
  0
VERTEX
  5
5C2
  8
CUT
 10
1299.3546890748444
 20
1173.325461442723
 30
0.0
 42
0.41421356237309503
 70
0
  0
VERTEX
  5
5C3
  8
CUT
 10
1296.6946766730684
 20
1169.6642684646895
 30
0.0
 70
0
  0
VERTEX
  5
5C4
  8
CUT
 10
1284.2498035815697
 20
1167.6931942051826
 30
0.0
 42
0.41421356237309503
 70
0
  0
VERTEX
  5
5C5
  8
CUT
 10
1280.5886106035366
 20
1170.3532066069583
 30
0.0
 42
0.41421356237309503
 70
0
  0
VERTEX
  5
5C6
  8
CUT
 10
1277.928598201761
 20
1166.6920136289252
 30
0.0
 42
0.41421356237309503
 70
0
  0
VERTEX
  5
5C7
  8
CUT
 10
1281.589791179794
 20
1164.0320012271495
 30
0.0
 70
0
  0
VERTEX
  5
5C8
  8
CUT
 10
1287.002423670186
 20
1129.8579846425578
 30
0.0
 42
0.41421356237309503
 70
0
  0
VERTEX
  5
5C9
  8
CUT
 10
1284.3424112684104
 20
1126.1967916645244
 30
0.0
 42
0.41421356237309503
 70
0
  0
VERTEX
  5
5CA
  8
CUT
 10
1288.0036042464435
 20
1123.5367792627487
 30
0.0
 42
0.41421356237309503
 70
0
  0
VERTEX
  5
5CB
  8
CUT
 10
1290.6636166482192
 20
1127.1979722407818
 30
0.0
 70
0
  0
SEQEND
  5
5BB
  8
CUT
  0
POLYLINE
  5
5CC
  8
CUT
 66
1
 10
0.0
 20
0.0
 30
0.0
 70
1
  0
VERTEX
  5
5CE
  8
CUT
 10
1196.2698580171268
 20
1116.2566351253633
 30
0.0
 42
0.41421356237309503
 70
0
  0
VERTEX
  5
5CF
  8
CUT
 10
1200.573848493696
 20
1114.858183847127
 30
0.0
 42
0.41421356237309503
 70
0
  0
VERTEX
  5
5D0
  8
CUT
 10
1201.9722997719323
 20
1119.1621743236963
 30
0.0
 42
0.41421356237309503
 70
0
  0
VERTEX
  5
5D1
  8
CUT
 10
1197.668309295363
 20
1120.5606256019325
 30
0.0
 70
0
  0
VERTEX
  5
5D2
  8
CUT
 10
1181.9602380043748
 20
1151.38945133885
 30
0.0
 42
0.41421356237309503
 70
0
  0
VERTEX
  5
5D3
  8
CUT
 10
1183.358689282611
 20
1155.6934418154192
 30
0.0
 42
0.41421356237309503
 70
0
  0
VERTEX
  5
5D4
  8
CUT
 10
1179.0546988060419
 20
1157.0918930936555
 30
0.0
 42
0.41421356237309503
 70
0
  0
VERTEX
  5
5D5
  8
CUT
 10
1177.6562475278056
 20
1152.7879026170863
 30
0.0
 70
0
  0
VERTEX
  5
5D6
  8
CUT
 10
1166.429565323032
 20
1147.067622320368
 30
0.0
 42
0.41421356237309503
 70
0
  0
VERTEX
  5
5D7
  8
CUT
 10
1162.1255748464628
 20
1148.4660735986042
 30
0.0
 42
0.41421356237309503
 70
0
  0
VERTEX
  5
5D8
  8
CUT
 10
1160.7271235682265
 20
1144.162083122035
 30
0.0
 42
0.41421356237309503
 70
0
  0
VERTEX
  5
5D9
  8
CUT
 10
1165.0311140447957
 20
1142.7636318437987
 30
0.0
 70
0
  0
VERTEX
  5
5DA
  8
CUT
 10
1180.739185335784
 20
1111.9348061068813
 30
0.0
 42
0.41421356237309503
 70
0
  0
VERTEX
  5
5DB
  8
CUT
 10
1179.3407340575475
 20
1107.630815630312
 30
0.0
 42
0.41421356237309503
 70
0
  0
VERTEX
  5
5DC
  8
CUT
 10
1183.644724534117
 20
1106.2323643520756
 30
0.0
 42
0.41421356237309503
 70
0
  0
VERTEX
  5
5DD
  8
CUT
 10
1185.0431758123534
 20
1110.536354828645
 30
0.0
 70
0
  0
SEQEND
  5
5CD
  8
CUT
  0
POLYLINE
  5
5DE
  8
CUT
 66
1
 10
0.0
 20
0.0
 30
0.0
 70
1
  0
VERTEX
  5
5E0
  8
CUT
 10
1091.797733617875
 20
1069.5118118250753
 30
0.0
 42
0.41421356237309503
 70
0
  0
VERTEX
  5
5E1
  8
CUT
 10
1096.3232170174692
 20
1069.5118118250753
 30
0.0
 42
0.41421356237309503
 70
0
  0
VERTEX
  5
5E2
  8
CUT
 10
1096.3232170174692
 20
1074.0372952246694
 30
0.0
 42
0.41421356237309503
 70
0
  0
VERTEX
  5
5E3
  8
CUT
 10
1091.797733617875
 20
1074.0372952246694
 30
0.0
 70
0
  0
VERTEX
  5
5E4
  8
CUT
 10
1067.3318389888207
 20
1098.5031898537238
 30
0.0
 42
0.41421356237309503
 70
0
  0
VERTEX
  5
5E5
  8
CUT
 10
1067.331838988821
 20
1103.0286732533175
 30
0.0
 42
0.41421356237309503
 70
0
  0
VERTEX
  5
5E6
  8
CUT
 10
1062.806355589227
 20
1103.0286732533177
 30
0.0
 42
0.41421356237309503
 70
0
  0
VERTEX
  5
5E7
  8
CUT
 10
1062.8063555892268
 20
1098.5031898537238
 30
0.0
 70
0
  0
VERTEX
  5
5E8
  8
CUT
 10
1053.8968101462763
 20
1089.5936444107733
 30
0.0
 42
0.41421356237309503
 70
0
  0
VERTEX
  5
5E9
  8
CUT
 10
1049.3713267466824
 20
1089.593644410773
 30
0.0
 42
0.41421356237309503
 70
0
  0
VERTEX
  5
5EA
  8
CUT
 10
1049.3713267466826
 20
1085.0681610111792
 30
0.0
 42
0.41421356237309503
 70
0
  0
VERTEX
  5
5EB
  8
CUT
 10
1053.8968101462763
 20
1085.0681610111794
 30
0.0
 70
0
  0
VERTEX
  5
5EC
  8
CUT
 10
1078.3627047753307
 20
1060.602266382125
 30
0.0
 42
0.41421356237309503
 70
0
  0
VERTEX
  5
5ED
  8
CUT
 10
1078.3627047753307
 20
1056.0767829825309
 30
0.0
 42
0.41421356237309503
 70
0
  0
VERTEX
  5
5EE
  8
CUT
 10
1082.8881881749248
 20
1056.0767829825309
 30
0.0
 42
0.41421356237309503
 70
0
  0
VERTEX
  5
5EF
  8
CUT
 10
1082.8881881749248
 20
1060.602266382125
 30
0.0
 70
0
  0
SEQEND
  5
5DF
  8
CUT
  0
POLYLINE
  5
5F0
  8
CUT
 66
1
 10
0.0
 20
0.0
 30
0.0
 70
1
  0
VERTEX
  5
5F2
  8
CUT
 10
1014.7030154091108
 20
981.1958562758059
 30
0.0
 42
0.41421356237309503
 70
0
  0
VERTEX
  5
5F3
  8
CUT
 10
1019.0070058856802
 20
982.5943075540422
 30
0.0
 42
0.41421356237309503
 70
0
  0
VERTEX
  5
5F4
  8
CUT
 10
1017.6085546074439
 20
986.8982980306116
 30
0.0
 42
0.41421356237309503
 70
0
  0
VERTEX
  5
5F5
  8
CUT
 10
1013.3045641308745
 20
985.4998467523753
 30
0.0
 70
0
  0
VERTEX
  5
5F6
  8
CUT
 10
982.475738393957
 20
1001.2079180433636
 30
0.0
 42
0.41421356237309503
 70
0
  0
VERTEX
  5
5F7
  8
CUT
 10
981.0772871157208
 20
1005.511908519933
 30
0.0
 42
0.41421356237309503
 70
0
  0
VERTEX
  5
5F8
  8
CUT
 10
976.7732966391515
 20
1004.1134572416966
 30
0.0
 42
0.41421356237309503
 70
0
  0
VERTEX
  5
5F9
  8
CUT
 10
978.1717479173877
 20
999.8094667651274
 30
0.0
 70
0
  0
VERTEX
  5
5FA
  8
CUT
 10
972.4514676206694
 20
988.582784560354
 30
0.0
 42
0.41421356237309503
 70
0
  0
VERTEX
  5
5FB
  8
CUT
 10
968.1474771441001
 20
987.1843332821178
 30
0.0
 42
0.41421356237309503
 70
0
  0
VERTEX
  5
5FC
  8
CUT
 10
969.5459284223363
 20
982.8803428055485
 30
0.0
 42
0.41421356237309503
 70
0
  0
VERTEX
  5
5FD
  8
CUT
 10
973.8499188989056
 20
984.2787940837846
 30
0.0
 70
0
  0
VERTEX
  5
5FE
  8
CUT
 10
1004.6787446358233
 20
968.5707227927963
 30
0.0
 42
0.41421356237309503
 70
0
  0
VERTEX
  5
5FF
  8
CUT
 10
1006.0771959140594
 20
964.2667323162271
 30
0.0
 42
0.41421356237309503
 70
0
  0
VERTEX
  5
600
  8
CUT
 10
1010.3811863906286
 20
965.6651835944632
 30
0.0
 42
0.41421356237309503
 70
0
  0
VERTEX
  5
601
  8
CUT
 10
1008.9827351123924
 20
969.9691740710325
 30
0.0
 70
0
  0
SEQEND
  5
5F1
  8
CUT
  0
POLYLINE
  5
602
  8
CUT
 66
1
 10
0.0
 20
0.0
 30
0.0
 70
1
  0
VERTEX
  5
604
  8
CUT
 10
982.4779966125103
 20
868.5032051133603
 30
0.0
 42
0.41421356237309503
 70
0
  0
VERTEX
  5
605
  8
CUT
 10
986.1391895905434
 20
871.163217515136
 30
0.0
 42
0.41421356237309503
 70
0
  0
VERTEX
  5
606
  8
CUT
 10
983.4791771887677
 20
874.8244104931691
 30
0.0
 42
0.41421356237309503
 70
0
  0
VERTEX
  5
607
  8
CUT
 10
979.8179842107345
 20
872.1643980913934
 30
0.0
 70
0
  0
VERTEX
  5
608
  8
CUT
 10
945.6439676261427
 20
877.5770305817854
 30
0.0
 42
0.41421356237309503
 70
0
  0
VERTEX
  5
609
  8
CUT
 10
942.983955224367
 20
881.2382235598185
 30
0.0
 42
0.41421356237309503
 70
0
  0
VERTEX
  5
60A
  8
CUT
 10
939.3227622463339
 20
878.5782111580428
 30
0.0
 42
0.41421356237309503
 70
0
  0
VERTEX
  5
60B
  8
CUT
 10
941.9827746481096
 20
874.9170181800097
 30
0.0
 70
0
  0
VERTEX
  5
60C
  8
CUT
 10
940.0117003886027
 20
862.472145088511
 30
0.0
 42
0.41421356237309503
 70
0
  0
VERTEX
  5
60D
  8
CUT
 10
936.3505074105694
 20
859.8121326867351
 30
0.0
 42
0.41421356237309503
 70
0
  0
VERTEX
  5
60E
  8
CUT
 10
939.0105198123453
 20
856.1509397087019
 30
0.0
 42
0.41421356237309503
 70
0
  0
VERTEX
  5
60F
  8
CUT
 10
942.6717127903785
 20
858.8109521104777
 30
0.0
 70
0
  0
VERTEX
  5
610
  8
CUT
 10
976.8457293749702
 20
853.3983196200858
 30
0.0
 42
0.41421356237309503
 70
0
  0
VERTEX
  5
611
  8
CUT
 10
979.5057417767459
 20
849.7371266420527
 30
0.0
 42
0.41421356237309503
 70
0
  0
VERTEX
  5
612
  8
CUT
 10
983.166934754779
 20
852.3971390438284
 30
0.0
 42
0.41421356237309503
 70
0
  0
VERTEX
  5
613
  8
CUT
 10
980.5069223530033
 20
856.0583320218615
 30
0.0
 70
0
  0
SEQEND
  5
603
  8
CUT
  0
POLYLINE
  5
614
  8
CUT
 66
1
 10
0.0
 20
0.0
 30
0.0
 70
1
  0
VERTEX
  5
616
  8
CUT
 10
980.5069223530033
 20
752.3416679781387
 30
0.0
 42
0.41421356237309503
 70
0
  0
VERTEX
  5
617
  8
CUT
 10
983.166934754779
 20
756.0028609561718
 30
0.0
 42
0.41421356237309503
 70
0
  0
VERTEX
  5
618
  8
CUT
 10
979.5057417767459
 20
758.6628733579475
 30
0.0
 42
0.41421356237309503
 70
0
  0
VERTEX
  5
619
  8
CUT
 10
976.8457293749702
 20
755.0016803799144
 30
0.0
 70
0
  0
VERTEX
  5
61A
  8
CUT
 10
942.6717127903785
 20
749.5890478895224
 30
0.0
 42
0.41421356237309503
 70
0
  0
VERTEX
  5
61B
  8
CUT
 10
939.0105198123454
 20
752.2490602912981
 30
0.0
 42
0.41421356237309503
 70
0
  0
VERTEX
  5
61C
  8
CUT
 10
936.3505074105697
 20
748.587867313265
 30
0.0
 42
0.41421356237309503
 70
0
  0
VERTEX
  5
61D
  8
CUT
 10
940.0117003886028
 20
745.9278549114892
 30
0.0
 70
0
  0
VERTEX
  5
61E
  8
CUT
 10
941.9827746481096
 20
733.4829818199905
 30
0.0
 42
0.41421356237309503
 70
0
  0
VERTEX
  5
61F
  8
CUT
 10
939.322762246334
 20
729.8217888419573
 30
0.0
 42
0.41421356237309503
 70
0
  0
VERTEX
  5
620
  8
CUT
 10
942.9839552243673
 20
727.1617764401817
 30
0.0
 42
0.41421356237309503
 70
0
  0
VERTEX
  5
621
  8
CUT
 10
945.6439676261429
 20
730.8229694182148
 30
0.0
 70
0
  0
VERTEX
  5
622
  8
CUT
 10
979.8179842107346
 20
736.2356019086068
 30
0.0
 42
0.41421356237309503
 70
0
  0
VERTEX
  5
623
  8
CUT
 10
983.4791771887678
 20
733.575589506831
 30
0.0
 42
0.41421356237309503
 70
0
  0
VERTEX
  5
624
  8
CUT
 10
986.1391895905437
 20
737.2367824848642
 30
0.0
 42
0.41421356237309503
 70
0
  0
VERTEX
  5
625
  8
CUT
 10
982.4779966125104
 20
739.89679488664
 30
0.0
 70
0
  0
SEQEND
  5
615
  8
CUT
  0
POLYLINE
  5
626
  8
CUT
 66
1
 10
0.0
 20
0.0
 30
0.0
 70
1
  0
VERTEX
  5
628
  8
CUT
 10
1008.9827351123924
 20
638.4308259289676
 30
0.0
 42
0.41421356237309503
 70
0
  0
VERTEX
  5
629
  8
CUT
 10
1010.3811863906288
 20
642.7348164055368
 30
0.0
 42
0.41421356237309503
 70
0
  0
VERTEX
  5
62A
  8
CUT
 10
1006.0771959140595
 20
644.1332676837732
 30
0.0
 42
0.41421356237309503
 70
0
  0
VERTEX
  5
62B
  8
CUT
 10
1004.6787446358231
 20
639.8292772072039
 30
0.0
 70
0
  0
VERTEX
  5
62C
  8
CUT
 10
973.8499188989056
 20
624.1212059162156
 30
0.0
 42
0.41421356237309503
 70
0
  0
VERTEX
  5
62D
  8
CUT
 10
969.5459284223364
 20
625.519657194452
 30
0.0
 42
0.41421356237309503
 70
0
  0
VERTEX
  5
62E
  8
CUT
 10
968.1474771441
 20
621.2156667178826
 30
0.0
 42
0.41421356237309503
 70
0
  0
VERTEX
  5
62F
  8
CUT
 10
972.4514676206693
 20
619.8172154396462
 30
0.0
 70
0
  0
VERTEX
  5
630
  8
CUT
 10
978.1717479173876
 20
608.5905332348727
 30
0.0
 42
0.41421356237309503
 70
0
  0
VERTEX
  5
631
  8
CUT
 10
976.7732966391515
 20
604.2865427583034
 30
0.0
 42
0.41421356237309503
 70
0
  0
VERTEX
  5
632
  8
CUT
 10
981.0772871157208
 20
602.8880914800673
 30
0.0
 42
0.41421356237309503
 70
0
  0
VERTEX
  5
633
  8
CUT
 10
982.4757383939569
 20
607.1920819566366
 30
0.0
 70
0
  0
VERTEX
  5
634
  8
CUT
 10
1013.3045641308745
 20
622.9001532476249
 30
0.0
 42
0.41421356237309503
 70
0
  0
VERTEX
  5
635
  8
CUT
 10
1017.6085546074438
 20
621.5017019693887
 30
0.0
 42
0.41421356237309503
 70
0
  0
VERTEX
  5
636
  8
CUT
 10
1019.00700588568
 20
625.805692445958
 30
0.0
 42
0.41421356237309503
 70
0
  0
VERTEX
  5
637
  8
CUT
 10
1014.7030154091108
 20
627.2041437241942
 30
0.0
 70
0
  0
SEQEND
  5
627
  8
CUT
  0
POLYLINE
  5
638
  8
CUT
 66
1
 10
0.0
 20
0.0
 30
0.0
 70
1
  0
VERTEX
  5
63A
  8
CUT
 10
1082.8881881749246
 20
547.7977336178753
 30
0.0
 42
0.41421356237309503
 70
0
  0
VERTEX
  5
63B
  8
CUT
 10
1082.8881881749248
 20
552.3232170174691
 30
0.0
 42
0.41421356237309503
 70
0
  0
VERTEX
  5
63C
  8
CUT
 10
1078.362704775331
 20
552.3232170174693
 30
0.0
 42
0.41421356237309503
 70
0
  0
VERTEX
  5
63D
  8
CUT
 10
1078.3627047753307
 20
547.7977336178753
 30
0.0
 70
0
  0
VERTEX
  5
63E
  8
CUT
 10
1053.8968101462763
 20
523.3318389888208
 30
0.0
 42
0.41421356237309503
 70
0
  0
VERTEX
  5
63F
  8
CUT
 10
1049.3713267466824
 20
523.3318389888207
 30
0.0
 42
0.41421356237309503
 70
0
  0
VERTEX
  5
640
  8
CUT
 10
1049.3713267466826
 20
518.8063555892268
 30
0.0
 42
0.41421356237309503
 70
0
  0
VERTEX
  5
641
  8
CUT
 10
1053.8968101462763
 20
518.8063555892269
 30
0.0
 70
0
  0
VERTEX
  5
642
  8
CUT
 10
1062.8063555892268
 20
509.8968101462764
 30
0.0
 42
0.41421356237309503
 70
0
  0
VERTEX
  5
643
  8
CUT
 10
1062.806355589227
 20
505.3713267466824
 30
0.0
 42
0.41421356237309503
 70
0
  0
VERTEX
  5
644
  8
CUT
 10
1067.331838988821
 20
505.37132674668254
 30
0.0
 42
0.41421356237309503
 70
0
  0
VERTEX
  5
645
  8
CUT
 10
1067.3318389888207
 20
509.8968101462764
 30
0.0
 70
0
  0
VERTEX
  5
646
  8
CUT
 10
1091.797733617875
 20
534.3627047753309
 30
0.0
 42
0.41421356237309503
 70
0
  0
VERTEX
  5
647
  8
CUT
 10
1096.323217017469
 20
534.3627047753308
 30
0.0
 42
0.41421356237309503
 70
0
  0
VERTEX
  5
648
  8
CUT
 10
1096.3232170174692
 20
538.8881881749247
 30
0.0
 42
0.41421356237309503
 70
0
  0
VERTEX
  5
649
  8
CUT
 10
1091.797733617875
 20
538.8881881749248
 30
0.0
 70
0
  0
SEQEND
  5
639
  8
CUT
  0
POLYLINE
  5
64A
  8
CUT
 66
1
 10
0.0
 20
0.0
 30
0.0
 70
1
  0
VERTEX
  5
64C
  8
CUT
 10
1185.0431758123532
 20
497.86364517135513
 30
0.0
 42
0.41421356237309503
 70
0
  0
VERTEX
  5
64D
  8
CUT
 10
1183.644724534117
 20
502.1676356479243
 30
0.0
 42
0.41421356237309503
 70
0
  0
VERTEX
  5
64E
  8
CUT
 10
1179.3407340575477
 20
500.76918436968805
 30
0.0
 42
0.41421356237309503
 70
0
  0
VERTEX
  5
64F
  8
CUT
 10
1180.739185335784
 20
496.4651938931189
 30
0.0
 70
0
  0
VERTEX
  5
650
  8
CUT
 10
1165.0311140447957
 20
465.63636815620134
 30
0.0
 42
0.41421356237309503
 70
0
  0
VERTEX
  5
651
  8
CUT
 10
1160.7271235682265
 20
464.23791687796506
 30
0.0
 42
0.41421356237309503
 70
0
  0
VERTEX
  5
652
  8
CUT
 10
1162.1255748464628
 20
459.9339264013958
 30
0.0
 42
0.41421356237309503
 70
0
  0
VERTEX
  5
653
  8
CUT
 10
1166.429565323032
 20
461.3323776796321
 30
0.0
 70
0
  0
VERTEX
  5
654
  8
CUT
 10
1177.6562475278054
 20
455.61209738291376
 30
0.0
 42
0.41421356237309503
 70
0
  0
VERTEX
  5
655
  8
CUT
 10
1179.0546988060414
 20
451.3081069063444
 30
0.0
 42
0.41421356237309503
 70
0
  0
VERTEX
  5
656
  8
CUT
 10
1183.3586892826108
 20
452.70655818458056
 30
0.0
 42
0.41421356237309503
 70
0
  0
VERTEX
  5
657
  8
CUT
 10
1181.9602380043748
 20
457.01054866115
 30
0.0
 70
0
  0
VERTEX
  5
658
  8
CUT
 10
1197.668309295363
 20
487.83937439806755
 30
0.0
 42
0.41421356237309503
 70
0
  0
VERTEX
  5
659
  8
CUT
 10
1201.9722997719323
 20
489.2378256763038
 30
0.0
 42
0.41421356237309503
 70
0
  0
VERTEX
  5
65A
  8
CUT
 10
1200.573848493696
 20
493.5418161528731
 30
0.0
 42
0.41421356237309503
 70
0
  0
VERTEX
  5
65B
  8
CUT
 10
1196.2698580171268
 20
492.1433648746368
 30
0.0
 70
0
  0
SEQEND
  5
64B
  8
CUT
  0
POLYLINE
  5
65C
  8
CUT
 66
1
 10
0.0
 20
0.0
 30
0.0
 70
1
  0
VERTEX
  5
65E
  8
CUT
 10
1290.6636166482192
 20
481.2020277592181
 30
0.0
 42
0.41421356237309503
 70
0
  0
VERTEX
  5
65F
  8
CUT
 10
1288.0036042464435
 20
484.8632207372512
 30
0.0
 42
0.41421356237309503
 70
0
  0
VERTEX
  5
660
  8
CUT
 10
1284.3424112684104
 20
482.2032083354755
 30
0.0
 42
0.41421356237309503
 70
0
  0
VERTEX
  5
661
  8
CUT
 10
1287.002423670186
 20
478.5420153574423
 30
0.0
 70
0
  0
VERTEX
  5
662
  8
CUT
 10
1281.589791179794
 20
444.36799877285057
 30
0.0
 42
0.41421356237309503
 70
0
  0
VERTEX
  5
663
  8
CUT
 10
1277.928598201761
 20
441.70798637107487
 30
0.0
 42
0.41421356237309503
 70
0
  0
VERTEX
  5
664
  8
CUT
 10
1280.5886106035366
 20
438.0467933930417
 30
0.0
 42
0.41421356237309503
 70
0
  0
VERTEX
  5
665
  8
CUT
 10
1284.2498035815697
 20
440.7068057948174
 30
0.0
 70
0
  0
VERTEX
  5
666
  8
CUT
 10
1296.6946766730684
 20
438.73573153531044
 30
0.0
 42
0.41421356237309503
 70
0
  0
VERTEX
  5
667
  8
CUT
 10
1299.3546890748441
 20
435.0745385572773
 30
0.0
 42
0.41421356237309503
 70
0
  0
VERTEX
  5
668
  8
CUT
 10
1303.0158820528773
 20
437.73455095905314
 30
0.0
 42
0.41421356237309503
 70
0
  0
VERTEX
  5
669
  8
CUT
 10
1300.3558696511016
 20
441.3957439370862
 30
0.0
 70
0
  0
VERTEX
  5
66A
  8
CUT
 10
1305.7685021414936
 20
475.56976052167795
 30
0.0
 42
0.41421356237309503
 70
0
  0
VERTEX
  5
66B
  8
CUT
 10
1309.4296951195267
 20
478.22977292345365
 30
0.0
 42
0.41421356237309503
 70
0
  0
VERTEX
  5
66C
  8
CUT
 10
1306.769682717751
 20
481.8909659014868
 30
0.0
 42
0.41421356237309503
 70
0
  0
VERTEX
  5
66D
  8
CUT
 10
1303.108489739718
 20
479.2309534997111
 30
0.0
 70
0
  0
SEQEND
  5
65D
  8
CUT
  0
POLYLINE
  5
66E
  8
CUT
 66
1
 10
0.0
 20
0.0
 30
0.0
 70
1
  0
VERTEX
  5
670
  8
CUT
 10
1393.291510260282
 20
479.2309534997112
 30
0.0
 42
0.41421356237309503
 70
0
  0
VERTEX
  5
671
  8
CUT
 10
1389.6303172822488
 20
481.8909659014868
 30
0.0
 42
0.41421356237309503
 70
0
  0
VERTEX
  5
672
  8
CUT
 10
1386.9703048804731
 20
478.22977292345365
 30
0.0
 42
0.41421356237309503
 70
0
  0
VERTEX
  5
673
  8
CUT
 10
1390.6314978585062
 20
475.569760521678
 30
0.0
 70
0
  0
VERTEX
  5
674
  8
CUT
 10
1396.0441303488983
 20
441.39574393708625
 30
0.0
 42
0.41421356237309503
 70
0
  0
VERTEX
  5
675
  8
CUT
 10
1393.3841179471226
 20
437.7345509590531
 30
0.0
 42
0.41421356237309503
 70
0
  0
VERTEX
  5
676
  8
CUT
 10
1397.0453109251557
 20
435.0745385572774
 30
0.0
 42
0.41421356237309503
 70
0
  0
VERTEX
  5
677
  8
CUT
 10
1399.7053233269314
 20
438.7357315353105
 30
0.0
 70
0
  0
VERTEX
  5
678
  8
CUT
 10
1412.1501964184301
 20
440.70680579481746
 30
0.0
 42
0.41421356237309503
 70
0
  0
VERTEX
  5
679
  8
CUT
 10
1415.8113893964633
 20
438.0467933930417
 30
0.0
 42
0.41421356237309503
 70
0
  0
VERTEX
  5
67A
  8
CUT
 10
1418.471401798239
 20
441.70798637107487
 30
0.0
 42
0.41421356237309503
 70
0
  0
VERTEX
  5
67B
  8
CUT
 10
1414.8102088202058
 20
444.3679987728506
 30
0.0
 70
0
  0
VERTEX
  5
67C
  8
CUT
 10
1409.397576329814
 20
478.5420153574424
 30
0.0
 42
0.41421356237309503
 70
0
  0
VERTEX
  5
67D
  8
CUT
 10
1412.05758873159
 20
482.20320833547567
 30
0.0
 42
0.41421356237309503
 70
0
  0
VERTEX
  5
67E
  8
CUT
 10
1408.3963957535566
 20
484.86322073725154
 30
0.0
 42
0.41421356237309503
 70
0
  0
VERTEX
  5
67F
  8
CUT
 10
1405.7363833517807
 20
481.20202775921814
 30
0.0
 70
0
  0
SEQEND
  5
66F
  8
CUT
  0
POLYLINE
  5
680
  8
CUT
 66
1
 10
0.0
 20
0.0
 30
0.0
 70
1
  0
VERTEX
  5
682
  8
CUT
 10
1500.130141982873
 20
492.1433648746368
 30
0.0
 42
0.41421356237309503
 70
0
  0
VERTEX
  5
683
  8
CUT
 10
1495.8261515063036
 20
493.54181615287285
 30
0.0
 42
0.41421356237309503
 70
0
  0
VERTEX
  5
684
  8
CUT
 10
1494.4277002280676
 20
489.2378256763036
 30
0.0
 42
0.41421356237309503
 70
0
  0
VERTEX
  5
685
  8
CUT
 10
1498.731690704637
 20
487.83937439806755
 30
0.0
 70
0
  0
VERTEX
  5
686
  8
CUT
 10
1514.4397619956253
 20
457.01054866115
 30
0.0
 42
0.41421356237309503
 70
0
  0
VERTEX
  5
687
  8
CUT
 10
1513.041310717389
 20
452.7065581845808
 30
0.0
 42
0.41421356237309503
 70
0
  0
VERTEX
  5
688
  8
CUT
 10
1517.3453011939582
 20
451.3081069063445
 30
0.0
 42
0.41421356237309503
 70
0
  0
VERTEX
  5
689
  8
CUT
 10
1518.7437524721945
 20
455.61209738291376
 30
0.0
 70
0
  0
VERTEX
  5
68A
  8
CUT
 10
1529.970434676968
 20
461.3323776796321
 30
0.0
 42
0.41421356237309503
 70
0
  0
VERTEX
  5
68B
  8
CUT
 10
1534.274425153537
 20
459.93392640139587
 30
0.0
 42
0.41421356237309503
 70
0
  0
VERTEX
  5
68C
  8
CUT
 10
1535.6728764317734
 20
464.2379168779651
 30
0.0
 42
0.41421356237309503
 70
0
  0
VERTEX
  5
68D
  8
CUT
 10
1531.3688859552042
 20
465.63636815620134
 30
0.0
 70
0
  0
VERTEX
  5
68E
  8
CUT
 10
1515.6608146642159
 20
496.4651938931189
 30
0.0
 42
0.41421356237309503
 70
0
  0
VERTEX
  5
68F
  8
CUT
 10
1517.059265942452
 20
500.7691843696884
 30
0.0
 42
0.41421356237309503
 70
0
  0
VERTEX
  5
690
  8
CUT
 10
1512.7552754658825
 20
502.16763564792456
 30
0.0
 42
0.41421356237309503
 70
0
  0
VERTEX
  5
691
  8
CUT
 10
1511.3568241876465
 20
497.86364517135513
 30
0.0
 70
0
  0
SEQEND
  5
681
  8
CUT
  0
POLYLINE
  5
692
  8
CUT
 66
1
 10
0.0
 20
0.0
 30
0.0
 70
1
  0
VERTEX
  5
694
  8
CUT
 10
1604.6022663821248
 20
538.8881881749247
 30
0.0
 42
0.41421356237309503
 70
0
  0
VERTEX
  5
695
  8
CUT
 10
1600.0767829825309
 20
538.8881881749246
 30
0.0
 42
0.41421356237309503
 70
0
  0
VERTEX
  5
696
  8
CUT
 10
1600.076782982531
 20
534.3627047753307
 30
0.0
 42
0.41421356237309503
 70
0
  0
VERTEX
  5
697
  8
CUT
 10
1604.6022663821248
 20
534.3627047753308
 30
0.0
 70
0
  0
VERTEX
  5
698
  8
CUT
 10
1629.0681610111792
 20
509.89681014627627
 30
0.0
 42
0.41421356237309503
 70
0
  0
VERTEX
  5
699
  8
CUT
 10
1629.0681610111794
 20
505.3713267466823
 30
0.0
 42
0.41421356237309503
 70
0
  0
VERTEX
  5
69A
  8
CUT
 10
1633.5936444107733
 20
505.3713267466824
 30
0.0
 42
0.41421356237309503
 70
0
  0
VERTEX
  5
69B
  8
CUT
 10
1633.593644410773
 20
509.89681014627627
 30
0.0
 70
0
  0
VERTEX
  5
69C
  8
CUT
 10
1642.5031898537236
 20
518.8063555892268
 30
0.0
 42
0.41421356237309503
 70
0
  0
VERTEX
  5
69D
  8
CUT
 10
1647.0286732533175
 20
518.8063555892267
 30
0.0
 42
0.41421356237309503
 70
0
  0
VERTEX
  5
69E
  8
CUT
 10
1647.0286732533177
 20
523.3318389888206
 30
0.0
 42
0.41421356237309503
 70
0
  0
VERTEX
  5
69F
  8
CUT
 10
1642.5031898537236
 20
523.3318389888207
 30
0.0
 70
0
  0
VERTEX
  5
6A0
  8
CUT
 10
1618.0372952246692
 20
547.7977336178752
 30
0.0
 42
0.41421356237309503
 70
0
  0
VERTEX
  5
6A1
  8
CUT
 10
1618.0372952246694
 20
552.323217017469
 30
0.0
 42
0.41421356237309503
 70
0
  0
VERTEX
  5
6A2
  8
CUT
 10
1613.5118118250755
 20
552.3232170174692
 30
0.0
 42
0.41421356237309503
 70
0
  0
VERTEX
  5
6A3
  8
CUT
 10
1613.5118118250753
 20
547.7977336178752
 30
0.0
 70
0
  0
SEQEND
  5
693
  8
CUT
  0
POLYLINE
  5
6A4
  8
CUT
 66
1
 10
0.0
 20
0.0
 30
0.0
 70
1
  0
VERTEX
  5
6A6
  8
CUT
 10
1681.6969845908893
 20
627.2041437241941
 30
0.0
 42
0.41421356237309503
 70
0
  0
VERTEX
  5
6A7
  8
CUT
 10
1677.39299411432
 20
625.805692445958
 30
0.0
 42
0.41421356237309503
 70
0
  0
VERTEX
  5
6A8
  8
CUT
 10
1678.791445392556
 20
621.5017019693887
 30
0.0
 42
0.41421356237309503
 70
0
  0
VERTEX
  5
6A9
  8
CUT
 10
1683.0954358691254
 20
622.9001532476248
 30
0.0
 70
0
  0
VERTEX
  5
6AA
  8
CUT
 10
1713.924261606043
 20
607.1920819566365
 30
0.0
 42
0.41421356237309503
 70
0
  0
VERTEX
  5
6AB
  8
CUT
 10
1715.3227128842793
 20
602.8880914800673
 30
0.0
 42
0.41421356237309503
 70
0
  0
VERTEX
  5
6AC
  8
CUT
 10
1719.6267033608485
 20
604.2865427583035
 30
0.0
 42
0.41421356237309503
 70
0
  0
VERTEX
  5
6AD
  8
CUT
 10
1718.2282520826122
 20
608.5905332348726
 30
0.0
 70
0
  0
VERTEX
  5
6AE
  8
CUT
 10
1723.9485323793306
 20
619.8172154396461
 30
0.0
 42
0.41421356237309503
 70
0
  0
VERTEX
  5
6AF
  8
CUT
 10
1728.2525228558998
 20
621.2156667178824
 30
0.0
 42
0.41421356237309503
 70
0
  0
VERTEX
  5
6B0
  8
CUT
 10
1726.8540715776635
 20
625.5196571944517
 30
0.0
 42
0.41421356237309503
 70
0
  0
VERTEX
  5
6B1
  8
CUT
 10
1722.5500811010943
 20
624.1212059162154
 30
0.0
 70
0
  0
VERTEX
  5
6B2
  8
CUT
 10
1691.7212553641768
 20
639.8292772072037
 30
0.0
 42
0.41421356237309503
 70
0
  0
VERTEX
  5
6B3
  8
CUT
 10
1690.3228040859408
 20
644.1332676837732
 30
0.0
 42
0.41421356237309503
 70
0
  0
VERTEX
  5
6B4
  8
CUT
 10
1686.0188136093714
 20
642.7348164055369
 30
0.0
 42
0.41421356237309503
 70
0
  0
VERTEX
  5
6B5
  8
CUT
 10
1687.4172648876074
 20
638.4308259289676
 30
0.0
 70
0
  0
SEQEND
  5
6A5
  8
CUT
  0
POLYLINE
  5
6B6
  8
CUT
 66
1
 10
0.0
 20
0.0
 30
0.0
 70
1
  0
VERTEX
  5
6B8
  8
CUT
 10
1713.9220033874897
 20
739.8967948866398
 30
0.0
 42
0.41421356237309503
 70
0
  0
VERTEX
  5
6B9
  8
CUT
 10
1710.2608104094566
 20
737.2367824848641
 30
0.0
 42
0.41421356237309503
 70
0
  0
VERTEX
  5
6BA
  8
CUT
 10
1712.9208228112323
 20
733.575589506831
 30
0.0
 42
0.41421356237309503
 70
0
  0
VERTEX
  5
6BB
  8
CUT
 10
1716.5820157892654
 20
736.2356019086067
 30
0.0
 70
0
  0
VERTEX
  5
6BC
  8
CUT
 10
1750.7560323738571
 20
730.8229694182146
 30
0.0
 42
0.41421356237309503
 70
0
  0
VERTEX
  5
6BD
  8
CUT
 10
1753.4160447756328
 20
727.1617764401815
 30
0.0
 42
0.41421356237309503
 70
0
  0
VERTEX
  5
6BE
  8
CUT
 10
1757.077237753666
 20
729.8217888419572
 30
0.0
 42
0.41421356237309503
 70
0
  0
VERTEX
  5
6BF
  8
CUT
 10
1754.4172253518902
 20
733.4829818199903
 30
0.0
 70
0
  0
VERTEX
  5
6C0
  8
CUT
 10
1756.3882996113973
 20
745.927854911489
 30
0.0
 42
0.41421356237309503
 70
0
  0
VERTEX
  5
6C1
  8
CUT
 10
1760.0494925894304
 20
748.5878673132647
 30
0.0
 42
0.41421356237309503
 70
0
  0
VERTEX
  5
6C2
  8
CUT
 10
1757.3894801876547
 20
752.249060291298
 30
0.0
 42
0.41421356237309503
 70
0
  0
VERTEX
  5
6C3
  8
CUT
 10
1753.7282872096216
 20
749.5890478895222
 30
0.0
 70
0
  0
VERTEX
  5
6C4
  8
CUT
 10
1719.5542706250299
 20
755.0016803799142
 30
0.0
 42
0.41421356237309503
 70
0
  0
VERTEX
  5
6C5
  8
CUT
 10
1716.8942582232544
 20
758.6628733579475
 30
0.0
 42
0.41421356237309503
 70
0
  0
VERTEX
  5
6C6
  8
CUT
 10
1713.233065245221
 20
756.0028609561718
 30
0.0
 42
0.41421356237309503
 70
0
  0
VERTEX
  5
6C7
  8
CUT
 10
1715.8930776469965
 20
752.3416679781385
 30
0.0
 70
0
  0
SEQEND
  5
6B7
  8
CUT
  0
POLYLINE
  5
6C8
  8
CUT
 66
1
 10
0.0
 20
0.0
 30
0.0
 70
1
  0
VERTEX
  5
6CA
  8
CUT
 10
1654.3876178429211
 20
413.2968928153643
 30
0.0
 70
0
  0
VERTEX
  5
6CB
  8
CUT
 10
1642.657867937295
 20
413.98871577696855
 30
0.0
 70
0
  0
VERTEX
  5
6CC
  8
CUT
 10
1630.9554327798246
 20
414.51712861139544
 30
0.0
 70
0
  0
VERTEX
  5
6CD
  8
CUT
 10
1619.2778393373003
 20
414.89561370882774
 30
0.0
 70
0
  0
VERTEX
  5
6CE
  8
CUT
 10
1607.6214223134323
 20
415.1390891484288
 30
0.0
 70
0
  0
VERTEX
  5
6CF
  8
CUT
 10
1595.9811469928602
 20
415.26517543466355
 30
0.0
 70
0
  0
VERTEX
  5
6D0
  8
CUT
 10
1584.3502254187033
 20
415.2982003130683
 30
0.0
 70
0
  0
VERTEX
  5
6D1
  8
CUT
 10
1572.7193038445462
 20
415.26517543466355
 30
0.0
 70
0
  0
VERTEX
  5
6D2
  8
CUT
 10
1561.079028523974
 20
415.1390891484288
 30
0.0
 70
0
  0
VERTEX
  5
6D3
  8
CUT
 10
1549.422611500106
 20
414.89561370882774
 30
0.0
 70
0
  0
VERTEX
  5
6D4
  8
CUT
 10
1537.7450180575815
 20
414.51712861139544
 30
0.0
 70
0
  0
VERTEX
  5
6D5
  8
CUT
 10
1526.0425829001115
 20
413.98871577696855
 30
0.0
 70
0
  0
VERTEX
  5
6D6
  8
CUT
 10
1514.3128329944852
 20
413.2968928153643
 30
0.0
 70
0
  0
VERTEX
  5
6D7
  8
CUT
 10
1502.5543946992939
 20
412.4290097473412
 30
0.0
 70
0
  0
VERTEX
  5
6D8
  8
CUT
 10
1490.766946450311
 20
411.3729122914878
 30
0.0
 70
0
  0
VERTEX
  5
6D9
  8
CUT
 10
1478.9511995105693
 20
410.1167386959725
 30
0.0
 70
0
  0
VERTEX
  5
6DA
  8
CUT
 10
1467.108897257886
 20
408.64879375609416
 30
0.0
 70
0
  0
VERTEX
  5
6DB
  8
CUT
 10
1455.2428270683354
 20
406.9574725818605
 30
0.0
 70
0
  0
VERTEX
  5
6DC
  8
CUT
 10
1443.356840641824
 20
405.03121949148584
 30
0.0
 70
0
  0
VERTEX
  5
6DD
  8
CUT
 10
1431.4558795531339
 20
402.8585137383549
 30
0.0
 70
0
  0
VERTEX
  5
6DE
  8
CUT
 10
1419.546003305221
 20
400.42787715626895
 30
0.0
 70
0
  0
VERTEX
  5
6DF
  8
CUT
 10
1407.6344174077794
 20
397.7279006987604
 30
0.0
 70
0
  0
VERTEX
  5
6E0
  8
CUT
 10
1395.7294991087756
 20
394.7472879256879
 30
0.0
 70
0
  0
VERTEX
  5
6E1
  8
CUT
 10
1383.8408184328446
 20
391.4749140862358
 30
0.0
 70
0
  0
VERTEX
  5
6E2
  8
CUT
 10
1371.979152170259
 20
387.8998997358687
 30
0.0
 70
0
  0
VERTEX
  5
6E3
  8
CUT
 10
1360.1564884450872
 20
384.011697902117
 30
0.0
 70
0
  0
VERTEX
  5
6E4
  8
CUT
 10
1348.3860194969711
 20
379.8001937371532
 30
0.0
 70
0
  0
VERTEX
  5
6E5
  8
CUT
 10
1336.682120360292
 20
375.255815400627
 30
0.0
 70
0
  0
VERTEX
  5
6E6
  8
CUT
 10
1325.0603112375327
 20
370.3696546311425
 30
0.0
 70
0
  0
VERTEX
  5
6E7
  8
CUT
 10
1313.5372015581097
 20
365.1335951123184
 30
0.0
 70
0
  0
VERTEX
  5
6E8
  8
CUT
 10
1302.1304140043435
 20
359.5404463425773
 30
0.0
 70
0
  0
VERTEX
  5
6E9
  8
CUT
 10
1290.8584871827804
 20
353.5840803013922
 30
0.0
 70
0
  0
VERTEX
  5
6EA
  8
CUT
 10
1279.7407561262091
 20
347.25956779602035
 30
0.0
 70
0
  0
VERTEX
  5
6EB
  8
CUT
 10
1268.7972104268952
 20
340.56331100173026
 30
0.0
 70
0
  0
VERTEX
  5
6EC
  8
CUT
 10
1258.0483305137973
 20
333.4931684069366
 30
0.0
 70
0
  0
VERTEX
  5
6ED
  8
CUT
 10
1247.5149033757548
 20
326.0485681745398
 30
0.0
 70
0
  0
VERTEX
  5
6EE
  8
CUT
 10
1237.2178198694285
 20
318.230605862343
 30
0.0
 70
0
  0
VERTEX
  5
6EF
  8
CUT
 10
1227.1778565970087
 20
310.04212253447463
 30
0.0
 70
0
  0
VERTEX
  5
6F0
  8
CUT
 10
1217.4154461491632
 20
301.4877595608973
 30
0.0
 70
0
  0
VERTEX
  5
6F1
  8
CUT
 10
1207.9504402337784
 20
292.5739868521104
 30
0.0
 70
0
  0
VERTEX
  5
6F2
  8
CUT
 10
1198.8018708001134
 20
283.30910190780867
 30
0.0
 70
0
  0
VERTEX
  5
6F3
  8
CUT
 10
1189.9877146736324
 20
273.7031978549039
 30
0.0
 70
0
  0
VERTEX
  5
6F4
  8
CUT
 10
1181.5246673991783
 20
263.7680995817442
 30
0.0
 70
0
  0
VERTEX
  5
6F5
  8
CUT
 10
1173.427931921139
 20
253.51726809884758
 30
0.0
 70
0
  0
VERTEX
  5
6F6
  8
CUT
 10
1165.711027395742
 20
242.9656743192956
 30
0.0
 70
0
  0
VERTEX
  5
6F7
  8
CUT
 10
1158.3856228366053
 20
232.12964449509064
 30
0.0
 70
0
  0
VERTEX
  5
6F8
  8
CUT
 10
1151.4613994616889
 20
221.02668050853146
 30
0.0
 70
0
  0
VERTEX
  5
6F9
  8
CUT
 10
1144.9459445753423
 20
209.67525904249953
 30
0.0
 70
0
  0
VERTEX
  5
6FA
  8
CUT
 10
1138.844678633531
 20
198.09461429104448
 30
0.0
 70
0
  0
VERTEX
  5
6FB
  8
CUT
 10
1133.1608158615804
 20
186.30450928434522
 30
0.0
 70
0
  0
VERTEX
  5
6FC
  8
CUT
 10
1127.8953574817149
 20
174.32500106733522
 30
0.0
 70
0
  0
VERTEX
  5
6FD
  8
CUT
 10
1123.0471153168583
 20
162.17620488214158
 30
0.0
 70
0
  0
VERTEX
  5
6FE
  8
CUT
 10
1118.6127623098164
 20
149.87806216920353
 30
0.0
 70
0
  0
VERTEX
  5
6FF
  8
CUT
 10
1114.58690535513
 20
137.4501166412623
 30
0.0
 70
0
  0
VERTEX
  5
700
  8
CUT
 10
1110.9621747780043
 20
124.91130192753185
 30
0.0
 70
0
  0
VERTEX
  5
701
  8
CUT
 10
1107.7293237641934
 20
112.27974336412849
 30
0.0
 70
0
  0
VERTEX
  5
702
  8
CUT
 10
1104.8773299420159
 20
99.57257544865884
 30
0.0
 70
0
  0
VERTEX
  5
703
  8
CUT
 10
1102.393489947298
 20
86.80577529534699
 30
0.0
 70
0
  0
VERTEX
  5
704
  8
CUT
 10
1100.2634958104807
 20
73.99401110867771
 30
0.0
 70
0
  0
VERTEX
  5
705
  8
CUT
 10
1098.471478735808
 20
61.15050317580709
 30
0.0
 70
0
  0
VERTEX
  5
706
  8
CUT
 10
1097.0
 20
48.28689300804619
 30
0.0
 70
0
  0
VERTEX
  5
707
  8
CUT
 10
1294.5376681190276
 20
17.0
 30
0.0
 70
0
  0
VERTEX
  5
708
  8
CUT
 10
1295.1224602485988
 20
24.70339807737755
 30
0.0
 70
0
  0
VERTEX
  5
709
  8
CUT
 10
1295.8930159572417
 20
32.41167294512585
 30
0.0
 70
0
  0
VERTEX
  5
70A
  8
CUT
 10
1296.8674740268334
 20
40.11670252416589
 30
0.0
 70
0
  0
VERTEX
  5
70B
  8
CUT
 10
1298.0624951998295
 20
47.80876642815464
 30
0.0
 70
0
  0
VERTEX
  5
70C
  8
CUT
 10
1299.493270737832
 20
55.47667442334398
 30
0.0
 70
0
  0
VERTEX
  5
70D
  8
CUT
 10
1301.173478037035
 20
63.107903052542355
 30
0.0
 70
0
  0
VERTEX
  5
70E
  8
CUT
 10
1303.1152035735659
 20
70.68874479450807
 30
0.0
 70
0
  0
VERTEX
  5
70F
  8
CUT
 10
1305.3288476092569
 20
78.20447226014352
 30
0.0
 70
0
  0
VERTEX
  5
710
  8
CUT
 10
1307.8230218191156
 20
85.63951840912362
 30
0.0
 70
0
  0
VERTEX
  5
711
  8
CUT
 10
1310.604449010235
 20
92.97767245217513
 30
0.0
 70
0
  0
VERTEX
  5
712
  8
CUT
 10
1313.6778727315525
 20
100.2022899226862
 30
0.0
 70
0
  0
VERTEX
  5
713
  8
CUT
 10
1317.0459834712044
 20
107.29651434313509
 30
0.0
 70
0
  0
VERTEX
  5
714
  8
CUT
 10
1320.7093671077355
 20
114.24350699057781
 30
0.0
 70
0
  0
VERTEX
  5
715
  8
CUT
 10
1324.6664802185767
 20
121.02668050853144
 30
0.0
 70
0
  0
VERTEX
  5
716
  8
CUT
 10
1328.913655707424
 20
127.6299315519009
 30
0.0
 70
0
  0
VERTEX
  5
717
  8
CUT
 10
1333.4451409848268
 20
134.03786731629015
 30
0.0
 70
0
  0
VERTEX
  5
718
  8
CUT
 10
1338.2531696455421
 20
140.23602071388103
 30
0.0
 70
0
  0
VERTEX
  5
719
  8
CUT
 10
1343.3280662741677
 20
146.21104912324955
 30
0.0
 70
0
  0
VERTEX
  5
71A
  8
CUT
 10
1348.6583827318793
 20
151.95091205315975
 30
0.0
 70
0
  0
VERTEX
  5
71B
  8
CUT
 10
1354.2310630915076
 20
157.44502369784118
 30
0.0
 70
0
  0
VERTEX
  5
71C
  8
CUT
 10
1360.0316333537846
 20
162.68437718607368
 30
0.0
 70
0
  0
VERTEX
  5
71D
  8
CUT
 10
1366.044411244642
 20
167.66163828912568
 30
0.0
 70
0
  0
VERTEX
  5
71E
  8
CUT
 10
1372.2527307994665
 20
172.3712073957239
 30
0.0
 70
0
  0
VERTEX
  5
71F
  8
CUT
 10
1378.639176106738
 20
176.8092496250335
 30
0.0
 70
0
  0
VERTEX
  5
720
  8
CUT
 10
1385.1858185145056
 20
180.9736939720823
 30
0.0
 70
0
  0
VERTEX
  5
721
  8
CUT
 10
1391.874451785569
 20
184.8642033114578
 30
0.0
 70
0
  0
VERTEX
  5
722
  8
CUT
 10
1398.686820092932
 20
188.4821178817241
 30
0.0
 70
0
  0
VERTEX
  5
723
  8
CUT
 10
1405.6048343361767
 20
191.83037550462615
 30
0.0
 70
0
  0
VERTEX
  5
724
  8
CUT
 10
1412.6107729845246
 20
194.91341224314516
 30
0.0
 70
0
  0
VERTEX
  5
725
  8
CUT
 10
1419.6874644628379
 20
197.73704746758784
 30
0.0
 70
0
  0
VERTEX
  5
726
  8
CUT
 10
1426.818448943076
 20
200.30835738791524
 30
0.0
 70
0
  0
VERTEX
  5
727
  8
CUT
 10
1433.9881182405381
 20
202.6355410420577
 30
0.0
 70
0
  0
VERTEX
  5
728
  8
CUT
 10
1441.1818333034817
 20
204.72778252980856
 30
0.0
 70
0
  0
VERTEX
  5
729
  8
CUT
 10
1448.3860194969711
 20
206.59511298026547
 30
0.0
 70
0
  0
VERTEX
  5
72A
  8
CUT
 10
1455.5882404970089
 20
208.24827536972396
 30
0.0
 70
0
  0
VERTEX
  5
72B
  8
CUT
 10
1462.7772521181682
 20
209.69859489819515
 30
0.0
 70
0
  0
VERTEX
  5
72C
  8
CUT
 10
1469.9430377945037
 20
210.95785721626368
 30
0.0
 70
0
  0
VERTEX
  5
72D
  8
CUT
 10
1477.0768277239358
 20
212.03819639716772
 30
0.0
 70
0
  0
VERTEX
  5
72E
  8
CUT
 10
1484.1711038807975
 20
212.95199419650305
 30
0.0
 70
0
  0
VERTEX
  5
72F
  8
CUT
 10
1491.219593214281
 20
213.7117918568286
 30
0.0
 70
0
  0
VERTEX
  5
730
  8
CUT
 10
1498.217251399888
 20
214.33021551991925
 30
0.0
 70
0
  0
VERTEX
  5
731
  8
CUT
 10
1505.1602395168134
 20
214.8199162324551
 30
0.0
 70
0
  0
VERTEX
  5
732
  8
CUT
 10
1512.0458960091198
 20
215.19352560822188
 30
0.0
 70
0
  0
VERTEX
  5
733
  8
CUT
 10
1518.87270627839
 20
215.4636284982805
 30
0.0
 70
0
  0
VERTEX
  5
734
  8
CUT
 10
1525.6402722817504
 20
215.64275461643717
 30
0.0
 70
0
  0
VERTEX
  5
735
  8
CUT
 10
1532.349284613863
 20
215.74339214472673
 30
0.0
 70
0
  0
VERTEX
  5
736
  8
CUT
 10
1539.0014997977235
 20
215.77802823455028
 30
0.0
 70
0
  0
VERTEX
  5
737
  8
CUT
 10
1545.5997260025315
 20
215.7592246963368
 30
0.0
 70
0
  0
VERTEX
  5
738
  8
CUT
 10
1552.147821344122
 20
215.69974350220645
 30
0.0
 70
0
  0
VERTEX
  5
739
  8
CUT
 10
1558.6507107111124
 20
215.6127495377408
 30
0.0
 70
0
  0
VERTEX
  5
73A
  8
CUT
 10
1565.1144306456752
 20
215.51214696220217
 30
0.0
 70
0
  0
VERTEX
  5
73B
  8
CUT
 10
1571.5462197725628
 20
215.41318219751406
 30
0.0
 70
0
  0
VERTEX
  5
73C
  8
CUT
 10
1577.9546935061207
 20
215.33371043955208
 30
0.0
 70
0
  0
VERTEX
  5
73D
  8
CUT
 10
1584.3502254187033
 20
215.29820031306832
 30
0.0
 70
0
  0
VERTEX
  5
73E
  8
CUT
 10
1590.7457573312856
 20
215.33371043955208
 30
0.0
 70
0
  0
VERTEX
  5
73F
  8
CUT
 10
1597.1542310648435
 20
215.41318219751406
 30
0.0
 70
0
  0
VERTEX
  5
740
  8
CUT
 10
1603.5860201917312
 20
215.51214696220217
 30
0.0
 70
0
  0
VERTEX
  5
741
  8
CUT
 10
1610.049740126294
 20
215.6127495377408
 30
0.0
 70
0
  0
VERTEX
  5
742
  8
CUT
 10
1616.5526294932845
 20
215.69974350220645
 30
0.0
 70
0
  0
VERTEX
  5
743
  8
CUT
 10
1623.1007248348749
 20
215.7592246963368
 30
0.0
 70
0
  0
SEQEND
  5
6C9
  8
CUT
  0
POLYLINE
  5
744
  8
CUT
 66
1
 10
0.0
 20
0.0
 30
0.0
 70
1
  0
VERTEX
  5
746
  8
CUT
 10
1590.6502254187033
 20
239.79820031306832
 30
0.0
 42
0.41421356237309503
 70
0
  0
VERTEX
  5
747
  8
CUT
 10
1593.8502254187033
 20
236.59820031306828
 30
0.0
 42
0.41421356237309503
 70
0
  0
VERTEX
  5
748
  8
CUT
 10
1597.0502254187033
 20
239.79820031306826
 30
0.0
 42
0.41421356237309503
 70
0
  0
VERTEX
  5
749
  8
CUT
 10
1593.8502254187033
 20
242.9982003130683
 30
0.0
 70
0
  0
VERTEX
  5
74A
  8
CUT
 10
1593.8502254187033
 20
387.59820031306833
 30
0.0
 42
0.41421356237309503
 70
0
  0
VERTEX
  5
74B
  8
CUT
 10
1597.0502254187033
 20
390.7982003130684
 30
0.0
 42
0.41421356237309503
 70
0
  0
VERTEX
  5
74C
  8
CUT
 10
1593.8502254187033
 20
393.9982003130684
 30
0.0
 42
0.41421356237309503
 70
0
  0
VERTEX
  5
74D
  8
CUT
 10
1590.6502254187033
 20
390.7982003130683
 30
0.0
 70
0
  0
VERTEX
  5
74E
  8
CUT
 10
1578.0502254187031
 20
390.7982003130683
 30
0.0
 42
0.41421356237309503
 70
0
  0
VERTEX
  5
74F
  8
CUT
 10
1574.8502254187033
 20
393.9982003130681
 30
0.0
 42
0.41421356237309503
 70
0
  0
VERTEX
  5
750
  8
CUT
 10
1571.6502254187035
 20
390.7982003130681
 30
0.0
 42
0.41421356237309503
 70
0
  0
VERTEX
  5
751
  8
CUT
 10
1574.8502254187033
 20
387.59820031306833
 30
0.0
 70
0
  0
VERTEX
  5
752
  8
CUT
 10
1574.8502254187033
 20
242.9982003130683
 30
0.0
 42
0.41421356237309503
 70
0
  0
VERTEX
  5
753
  8
CUT
 10
1571.6502254187035
 20
239.7982003130684
 30
0.0
 42
0.41421356237309503
 70
0
  0
VERTEX
  5
754
  8
CUT
 10
1574.8502254187033
 20
236.5982003130685
 30
0.0
 42
0.41421356237309503
 70
0
  0
VERTEX
  5
755
  8
CUT
 10
1578.0502254187031
 20
239.79820031306832
 30
0.0
 70
0
  0
SEQEND
  5
745
  8
CUT
  0
POLYLINE
  5
756
  8
CUT
 66
1
 10
0.0
 20
0.0
 30
0.0
 70
1
  0
VERTEX
  5
758
  8
CUT
 10
1503.5809792072866
 20
240.06760794624853
 30
0.0
 42
0.41421356237309503
 70
0
  0
VERTEX
  5
759
  8
CUT
 10
1507.6132144414312
 20
238.013081476104
 30
0.0
 42
0.41421356237309503
 70
0
  0
VERTEX
  5
75A
  8
CUT
 10
1509.6677409115757
 20
242.04531671024833
 30
0.0
 42
0.41421356237309503
 70
0
  0
VERTEX
  5
75B
  8
CUT
 10
1505.6355056774312
 20
244.0998431803929
 30
0.0
 70
0
  0
VERTEX
  5
75C
  8
CUT
 10
1460.9516482908139
 20
381.62261543667205
 30
0.0
 42
0.41421356237309503
 70
0
  0
VERTEX
  5
75D
  8
CUT
 10
1463.0061747609586
 20
385.6548506708163
 30
0.0
 42
0.41421356237309503
 70
0
  0
VERTEX
  5
75E
  8
CUT
 10
1458.9739395268143
 20
387.70937714096107
 30
0.0
 42
0.41421356237309503
 70
0
  0
VERTEX
  5
75F
  8
CUT
 10
1456.9194130566696
 20
383.67714190681676
 30
0.0
 70
0
  0
VERTEX
  5
760
  8
CUT
 10
1444.9361009513507
 20
379.7835277776924
 30
0.0
 42
0.41421356237309503
 70
0
  0
VERTEX
  5
761
  8
CUT
 10
1440.9038657172064
 20
381.83805424783714
 30
0.0
 42
0.41421356237309503
 70
0
  0
VERTEX
  5
762
  8
CUT
 10
1438.8493392470616
 20
377.80581901369277
 30
0.0
 42
0.41421356237309503
 70
0
  0
VERTEX
  5
763
  8
CUT
 10
1442.881574481206
 20
375.75129254354806
 30
0.0
 70
0
  0
VERTEX
  5
764
  8
CUT
 10
1487.5654318678235
 20
238.2285202872689
 30
0.0
 42
0.41421356237309503
 70
0
  0
VERTEX
  5
765
  8
CUT
 10
1485.510905397679
 20
234.19628505312474
 30
0.0
 42
0.41421356237309503
 70
0
  0
VERTEX
  5
766
  8
CUT
 10
1489.543140631823
 20
232.14175858298015
 30
0.0
 42
0.41421356237309503
 70
0
  0
VERTEX
  5
767
  8
CUT
 10
1491.5976671019675
 20
236.1739938171242
 30
0.0
 70
0
  0
SEQEND
  5
757
  8
CUT
  0
POLYLINE
  5
768
  8
CUT
 66
1
 10
0.0
 20
0.0
 30
0.0
 70
1
  0
VERTEX
  5
76A
  8
CUT
 10
1410.3835328462346
 20
221.26101091921657
 30
0.0
 42
0.41421356237309503
 70
0
  0
VERTEX
  5
76B
  8
CUT
 10
1414.8533000355703
 20
220.55306934455265
 30
0.0
 42
0.41421356237309503
 70
0
  0
VERTEX
  5
76C
  8
CUT
 10
1415.5612416102344
 20
225.0228365338884
 30
0.0
 42
0.41421356237309503
 70
0
  0
VERTEX
  5
76D
  8
CUT
 10
1411.0914744208985
 20
225.73077810855233
 30
0.0
 70
0
  0
VERTEX
  5
76E
  8
CUT
 10
1326.0977269394068
 20
342.7146354951697
 30
0.0
 42
0.41421356237309503
 70
0
  0
VERTEX
  5
76F
  8
CUT
 10
1326.805668514071
 20
347.18440268450536
 30
0.0
 42
0.41421356237309503
 70
0
  0
VERTEX
  5
770
  8
CUT
 10
1322.3359013247352
 20
347.8923442591694
 30
0.0
 42
0.41421356237309503
 70
0
  0
VERTEX
  5
771
  8
CUT
 10
1321.627959750071
 20
343.42257706983366
 30
0.0
 70
0
  0
VERTEX
  5
772
  8
CUT
 10
1311.4343456209467
 20
336.0164828909485
 30
0.0
 42
0.41421356237309503
 70
0
  0
VERTEX
  5
773
  8
CUT
 10
1306.9645784316108
 20
336.7244244656124
 30
0.0
 42
0.41421356237309503
 70
0
  0
VERTEX
  5
774
  8
CUT
 10
1306.256636856947
 20
332.25465727627665
 30
0.0
 42
0.41421356237309503
 70
0
  0
VERTEX
  5
775
  8
CUT
 10
1310.7264040462828
 20
331.54671570161275
 30
0.0
 70
0
  0
VERTEX
  5
776
  8
CUT
 10
1395.7201515277743
 20
214.56285831499537
 30
0.0
 42
0.41421356237309503
 70
0
  0
VERTEX
  5
777
  8
CUT
 10
1395.0122099531104
 20
210.0930911256594
 30
0.0
 42
0.41421356237309503
 70
0
  0
VERTEX
  5
778
  8
CUT
 10
1399.4819771424463
 20
209.3851495509955
 30
0.0
 42
0.41421356237309503
 70
0
  0
VERTEX
  5
779
  8
CUT
 10
1400.1899187171102
 20
213.85491674033142
 30
0.0
 70
0
  0
SEQEND
  5
769
  8
CUT
  0
POLYLINE
  5
77A
  8
CUT
 66
1
 10
0.0
 20
0.0
 30
0.0
 70
1
  0
VERTEX
  5
77C
  8
CUT
 10
1327.2101970014241
 20
165.70859486897734
 30
0.0
 42
0.41421356237309503
 70
0
  0
VERTEX
  5
77D
  8
CUT
 10
1331.6799641907598
 20
166.41653644364146
 30
0.0
 42
0.41421356237309503
 70
0
  0
VERTEX
  5
77E
  8
CUT
 10
1330.9720226160957
 20
170.88630363297716
 30
0.0
 42
0.41421356237309503
 70
0
  0
VERTEX
  5
77F
  8
CUT
 10
1326.50225542676
 20
170.17836205831304
 30
0.0
 70
0
  0
VERTEX
  5
780
  8
CUT
 10
1209.5183980401428
 20
255.1721095398047
 30
0.0
 42
0.41421356237309503
 70
0
  0
VERTEX
  5
781
  8
CUT
 10
1208.8104564654786
 20
259.64187672914045
 30
0.0
 42
0.41421356237309503
 70
0
  0
VERTEX
  5
782
  8
CUT
 10
1204.340689276143
 20
258.93393515447644
 30
0.0
 42
0.41421356237309503
 70
0
  0
VERTEX
  5
783
  8
CUT
 10
1205.048630850807
 20
254.46416796514075
 30
0.0
 70
0
  0
VERTEX
  5
784
  8
CUT
 10
1197.6425366719218
 20
244.27055383601646
 30
0.0
 42
0.41421356237309503
 70
0
  0
VERTEX
  5
785
  8
CUT
 10
1193.172769482586
 20
243.56261226135263
 30
0.0
 42
0.41421356237309503
 70
0
  0
VERTEX
  5
786
  8
CUT
 10
1193.8807110572498
 20
239.09284507201684
 30
0.0
 42
0.41421356237309503
 70
0
  0
VERTEX
  5
787
  8
CUT
 10
1198.3504782465857
 20
239.8007866466807
 30
0.0
 70
0
  0
VERTEX
  5
788
  8
CUT
 10
1315.3343356332032
 20
154.80703916518905
 30
0.0
 42
0.41421356237309503
 70
0
  0
VERTEX
  5
789
  8
CUT
 10
1316.0422772078673
 20
150.33727197585333
 30
0.0
 42
0.41421356237309503
 70
0
  0
VERTEX
  5
78A
  8
CUT
 10
1320.512044397203
 20
151.04521355051733
 30
0.0
 42
0.41421356237309503
 70
0
  0
VERTEX
  5
78B
  8
CUT
 10
1319.8041028225389
 20
155.514980739853
 30
0.0
 70
0
  0
SEQEND
  5
77B
  8
CUT
  0
POLYLINE
  5
78C
  8
CUT
 66
1
 10
0.0
 20
0.0
 30
0.0
 70
1
  0
VERTEX
  5
78E
  8
CUT
 10
1279.819400452366
 20
76.67047546738804
 30
0.0
 42
0.41421356237309503
 70
0
  0
VERTEX
  5
78F
  8
CUT
 10
1283.8516356865102
 20
78.72500193753282
 30
0.0
 42
0.41421356237309503
 70
0
  0
VERTEX
  5
790
  8
CUT
 10
1281.7971092163655
 20
82.75723717167715
 30
0.0
 42
0.41421356237309503
 70
0
  0
VERTEX
  5
791
  8
CUT
 10
1277.7648739822212
 20
80.70271070153237
 30
0.0
 70
0
  0
VERTEX
  5
792
  8
CUT
 10
1140.2421017259421
 20
125.38656808814976
 30
0.0
 42
0.41421356237309503
 70
0
  0
VERTEX
  5
793
  8
CUT
 10
1138.1875752557976
 20
129.41880332229428
 30
0.0
 42
0.41421356237309503
 70
0
  0
VERTEX
  5
794
  8
CUT
 10
1134.155340021653
 20
127.36427685214966
 30
0.0
 42
0.41421356237309503
 70
0
  0
VERTEX
  5
795
  8
CUT
 10
1136.2098664917976
 20
123.3320416180051
 30
0.0
 70
0
  0
VERTEX
  5
796
  8
CUT
 10
1132.3162523626734
 20
111.34872951268618
 30
0.0
 42
0.41421356237309503
 70
0
  0
VERTEX
  5
797
  8
CUT
 10
1128.284017128529
 20
109.29420304254154
 30
0.0
 42
0.41421356237309503
 70
0
  0
VERTEX
  5
798
  8
CUT
 10
1130.3385435986738
 20
105.2619678083973
 30
0.0
 42
0.41421356237309503
 70
0
  0
VERTEX
  5
799
  8
CUT
 10
1134.370778832818
 20
107.31649427854187
 30
0.0
 70
0
  0
VERTEX
  5
79A
  8
CUT
 10
1271.8935510890972
 20
62.63263689192445
 30
0.0
 42
0.41421356237309503
 70
0
  0
VERTEX
  5
79B
  8
CUT
 10
1273.948077559242
 20
58.60040165778013
 30
0.0
 42
0.41421356237309503
 70
0
  0
VERTEX
  5
79C
  8
CUT
 10
1277.9803127933862
 20
60.65492812792482
 30
0.0
 42
0.41421356237309503
 70
0
  0
VERTEX
  5
79D
  8
CUT
 10
1275.9257863232415
 20
64.68716336206911
 30
0.0
 70
0
  0
SEQEND
  5
78D
  8
CUT
  0
POLYLINE
  5
79E
  8
CUT
 66
1
 10
0.0
 20
0.0
 30
0.0
 70
1
  0
VERTEX
  5
7A0
  8
CUT
 10
169.0
 20
463.3226550499795
 30
0.0
 70
0
  0
VERTEX
  5
7A1
  8
CUT
 10
172.08501386982135
 20
453.8607878520124
 30
0.0
 70
0
  0
VERTEX
  5
7A2
  8
CUT
 10
175.3756819284083
 20
444.4305527178484
 30
0.0
 70
0
  0
VERTEX
  5
7A3
  8
CUT
 10
178.87699735729194
 20
435.039130353161
 30
0.0
 70
0
  0
VERTEX
  5
7A4
  8
CUT
 10
182.5937019330538
 20
425.6941779774096
 30
0.0
 70
0
  0
VERTEX
  5
7A5
  8
CUT
 10
186.5302451047262
 20
416.4038141172534
 30
0.0
 70
0
  0
VERTEX
  5
7A6
  8
CUT
 10
190.69074124547387
 20
407.1765984002923
 30
0.0
 70
0
  0
VERTEX
  5
7A7
  8
CUT
 10
195.078925584734
 20
398.0215060089124
 30
0.0
 70
0
  0
VERTEX
  5
7A8
  8
CUT
 10
199.6981093975386
 20
388.9478965241641
 30
0.0
 70
0
  0
VERTEX
  5
7A9
  8
CUT
 10
204.55113509691733
 20
379.9654769747337
 30
0.0
 70
0
  0
VERTEX
  5
7AA
  8
CUT
 10
209.6403319398484
 20
371.0842590059296
 30
0.0
 70
0
  0
VERTEX
  5
7AB
  8
CUT
 10
214.9674731137859
 20
362.31451019723573
 30
0.0
 70
0
  0
VERTEX
  5
7AC
  8
CUT
 10
220.53373501586248
 20
353.6666996826117
 30
0.0
 70
0
  0
VERTEX
  5
7AD
  8
CUT
 10
226.33965956701223
 20
345.1514383628073
 30
0.0
 70
0
  0
VERTEX
  5
7AE
  8
CUT
 10
232.38512041526542
 20
336.7794141401208
 30
0.0
 70
0
  0
VERTEX
  5
7AF
  8
CUT
 10
238.66929387352576
 20
328.561322749149
 30
0.0
 70
0
  0
VERTEX
  5
7B0
  8
CUT
 10
245.1906354050165
 20
320.50779489740853
 30
0.0
 70
0
  0
VERTEX
  5
7B1
  8
CUT
 10
251.94686241285507
 20
312.6293205619974
 30
0.0
 70
0
  0
VERTEX
  5
7B2
  8
CUT
 10
258.9349440083898
 20
304.936171407251
 30
0.0
 70
0
  0
VERTEX
  5
7B3
  8
CUT
 10
266.1510983266262
 20
297.4383223881431
 30
0.0
 70
0
  0
VERTEX
  5
7B4
  8
CUT
 10
273.59079782806003
 20
290.145373679834
 30
0.0
 70
0
  0
VERTEX
  5
7B5
  8
CUT
 10
281.24878287748965
 20
283.0664741207232
 30
0.0
 70
0
  0
VERTEX
  5
7B6
  8
CUT
 10
289.119083726017
 20
276.21024737099117
 30
0.0
 70
0
  0
VERTEX
  5
7B7
  8
CUT
 10
297.1950508475529
 20
269.584721968451
 30
0.0
 70
0
  0
VERTEX
  5
7B8
  8
CUT
 10
305.46939340162703
 20
263.19726640749775
 30
0.0
 70
0
  0
VERTEX
  5
7B9
  8
CUT
 10
313.93422541657316
 20
257.0545302754625
 30
0.0
 70
0
  0
VERTEX
  5
7BA
  8
CUT
 10
322.5811191178243
 20
251.16239235570754
 30
0.0
 70
0
  0
VERTEX
  5
7BB
  8
CUT
 10
331.4011646715639
 20
245.52591645175704
 30
0.0
 70
0
  0
VERTEX
  5
7BC
  8
CUT
 10
340.3850354803114
 20
240.14931550633503
 30
0.0
 70
0
  0
VERTEX
  5
7BD
  8
CUT
 10
349.5230580593011
 20
235.03592438907958
 30
0.0
 70
0
  0
VERTEX
  5
7BE
  8
CUT
 10
358.8052854448243
 20
230.18818151325144
 30
0.0
 70
0
  0
VERTEX
  5
7BF
  8
CUT
 10
368.2215730408204
 20
225.6076192215104
 30
0.0
 70
0
  0
VERTEX
  5
7C0
  8
CUT
 10
377.7616557993603
 20
221.29486266007575
 30
0.0
 70
0
  0
VERTEX
  5
7C1
  8
CUT
 10
387.41522565429136
 20
217.24963664487984
 30
0.0
 70
0
  0
VERTEX
  5
7C2
  8
CUT
 10
397.1720081839968
 20
213.47077981692888
 30
0.0
 70
0
  0
VERTEX
  5
7C3
  8
CUT
 10
407.0218375666651
 20
209.95626518953713
 30
0.0
 70
0
  0
VERTEX
  5
7C4
  8
CUT
 10
416.9547290065712
 20
206.70322600752627
 30
0.0
 70
0
  0
VERTEX
  5
7C5
  8
CUT
 10
426.96094794917144
 20
203.70798566501367
 30
0.0
 70
0
  0
VERTEX
  5
7C6
  8
CUT
 10
437.0310755628242
 20
200.9660902571767
 30
0.0
 70
0
  0
VERTEX
  5
7C7
  8
CUT
 10
447.1560701427934
 20
198.47234216012856
 30
0.0
 70
0
  0
VERTEX
  5
7C8
  8
CUT
 10
457.32732428721
 20
196.22083282173645
 30
0.0
 70
0
  0
VERTEX
  5
7C9
  8
CUT
 10
467.53671790527426
 20
194.20497267296412
 30
0.0
 70
0
  0
VERTEX
  5
7CA
  8
CUT
 10
477.77666734896485
 20
192.41751568275356
 30
0.0
 70
0
  0
VERTEX
  5
7CB
  8
CUT
 10
488.04017121992456
 20
190.85057549453086
 30
0.0
 70
0
  0
VERTEX
  5
7CC
  8
CUT
 10
498.32085371078796
 20
189.49562915212357
 30
0.0
 70
0
  0
VERTEX
  5
7CD
  8
CUT
 10
508.61300672782255
 20
188.34350287972057
 30
0.0
 70
0
  0
VERTEX
  5
7CE
  8
CUT
 10
518.91163256994
 20
187.38433170694697
 30
0.0
 70
0
  0
VERTEX
  5
7CF
  8
CUT
 10
529.2124897236947
 20
186.60747984970976
 30
0.0
 70
0
  0
VERTEX
  5
7D0
  8
CUT
 10
539.5121456102266
 20
186.00139922360557
 30
0.0
 70
0
  0
VERTEX
  5
7D1
  8
CUT
 10
549.8080424117198
 20
185.5533830514642
 30
0.0
 70
0
  0
VERTEX
  5
7D2
  8
CUT
 10
560.0985867317136
 20
185.24912173971478
 30
0.0
 70
0
  0
VERTEX
  5
7D3
  8
CUT
 10
570.3832848071727
 20
185.07182003994035
 30
0.0
 70
0
  0
VERTEX
  5
7D4
  8
CUT
 10
580.6629788735554
 20
185.0
 30
0.0
 70
0
  0
VERTEX
  5
7D5
  8
CUT
 10
590.9404199720454
 20
185.0
 30
0.0
 70
0
  0
VERTEX
  5
7D6
  8
CUT
 10
601.2201140384282
 20
185.07182003994035
 30
0.0
 70
0
  0
VERTEX
  5
7D7
  8
CUT
 10
611.5048121138873
 20
185.24912173971478
 30
0.0
 70
0
  0
VERTEX
  5
7D8
  8
CUT
 10
621.795356433881
 20
185.5533830514642
 30
0.0
 70
0
  0
VERTEX
  5
7D9
  8
CUT
 10
632.0912532353743
 20
186.00139922360557
 30
0.0
 70
0
  0
VERTEX
  5
7DA
  8
CUT
 10
642.3909091219061
 20
186.60747984970976
 30
0.0
 70
0
  0
VERTEX
  5
7DB
  8
CUT
 10
652.6917662756609
 20
187.38433170694697
 30
0.0
 70
0
  0
VERTEX
  5
7DC
  8
CUT
 10
662.9903921177784
 20
188.34350287972057
 30
0.0
 70
0
  0
VERTEX
  5
7DD
  8
CUT
 10
631.7034991097322
 20
385.88117099874813
 30
0.0
 70
0
  0
VERTEX
  5
7DE
  8
CUT
 10
625.5486517888
 20
385.5338998012357
 30
0.0
 70
0
  0
VERTEX
  5
7DF
  8
CUT
 10
619.4034790233328
 20
385.28203296978904
 30
0.0
 70
0
  0
VERTEX
  5
7E0
  8
CUT
 10
613.2695905716714
 20
385.1137921442216
 30
0.0
 70
0
  0
VERTEX
  5
7E1
  8
CUT
 10
607.1477170083547
 20
385.0162784963558
 30
0.0
 70
0
  0
VERTEX
  5
7E2
  8
CUT
 10
601.0376208652985
 20
384.97502869062953
 30
0.0
 70
0
  0
VERTEX
  5
7E3
  8
CUT
 10
594.9379622228025
 20
384.97313211308665
 30
0.0
 70
0
  0
VERTEX
  5
7E4
  8
CUT
 10
588.8460631487964
 20
384.98903387310247
 30
0.0
 70
0
  0
VERTEX
  5
7E5
  8
CUT
 10
582.7573356968046
 20
384.98903387310247
 30
0.0
 70
0
  0
VERTEX
  5
7E6
  8
CUT
 10
576.6654366227984
 20
384.97313211308665
 30
0.0
 70
0
  0
VERTEX
  5
7E7
  8
CUT
 10
570.5657779803025
 20
384.97502869062953
 30
0.0
 70
0
  0
VERTEX
  5
7E8
  8
CUT
 10
564.4556818372462
 20
385.0162784963558
 30
0.0
 70
0
  0
VERTEX
  5
7E9
  8
CUT
 10
558.3338082739294
 20
385.1137921442216
 30
0.0
 70
0
  0
VERTEX
  5
7EA
  8
CUT
 10
552.1999198222682
 20
385.28203296978904
 30
0.0
 70
0
  0
VERTEX
  5
7EB
  8
CUT
 10
546.0547470568008
 20
385.5338998012357
 30
0.0
 70
0
  0
VERTEX
  5
7EC
  8
CUT
 10
539.8998997358688
 20
385.88117099874813
 30
0.0
 70
0
  0
VERTEX
  5
7ED
  8
CUT
 10
533.7378017747046
 20
386.334750745972
 30
0.0
 70
0
  0
VERTEX
  5
7EE
  8
CUT
 10
527.5716392957498
 20
386.90481041887523
 30
0.0
 70
0
  0
VERTEX
  5
7EF
  8
CUT
 10
521.4053156282735
 20
387.60086807050305
 30
0.0
 70
0
  0
VERTEX
  5
7F0
  8
CUT
 10
515.2434094209905
 20
388.4318286548913
 30
0.0
 70
0
  0
VERTEX
  5
7F1
  8
CUT
 10
509.0911333077142
 20
389.4059980795501
 30
0.0
 70
0
  0
VERTEX
  5
7F2
  8
CUT
 10
502.95429135063927
 20
390.53107929551715
 30
0.0
 70
0
  0
VERTEX
  5
7F3
  8
CUT
 10
496.8392340140415
 20
391.8141559604321
 30
0.0
 70
0
  0
VERTEX
  5
7F4
  8
CUT
 10
490.7528098087855
 20
393.26166766693075
 30
0.0
 70
0
  0
VERTEX
  5
7F5
  8
CUT
 10
484.7023130556295
 20
394.8793797983713
 30
0.0
 70
0
  0
VERTEX
  5
7F6
  8
CUT
 10
478.6954274757252
 20
396.67235048897743
 30
0.0
 70
0
  0
VERTEX
  5
7F7
  8
CUT
 10
472.7401655476903
 20
398.6448967789278
 30
0.0
 70
0
  0
VERTEX
  5
7F8
  8
CUT
 10
466.84480378124755
 20
400.80056178167604
 30
0.0
 70
0
  0
VERTEX
  5
7F9
  8
CUT
 10
461.0178142514406
 20
403.1420844694894
 30
0.0
 70
0
  0
VERTEX
  5
7FA
  8
CUT
 10
455.2677929152859
 20
405.671373501949
 30
0.0
 70
0
  0
VERTEX
  5
7FB
  8
CUT
 10
449.6033853927337
 20
408.389486350925
 30
0.0
 70
0
  0
VERTEX
  5
7FC
  8
CUT
 10
444.0332110331119
 20
411.29661480207795
 30
0.0
 70
0
  0
VERTEX
  5
7FD
  8
CUT
 10
438.5657862033396
 20
414.3920777303729
 30
0.0
 70
0
  0
VERTEX
  5
7FE
  8
CUT
 10
433.20944782163815
 20
417.67432185254575
 30
0.0
 70
0
  0
VERTEX
  5
7FF
  8
CUT
 10
427.9722782171598
 20
421.14093095308033
 30
0.0
 70
0
  0
VERTEX
  5
800
  8
CUT
 10
422.8620324195786
 20
424.7886438645473
 30
0.0
 70
0
  0
VERTEX
  5
801
  8
CUT
 10
417.8860689720532
 20
428.6133812624101
 30
0.0
 70
0
  0
VERTEX
  5
802
  8
CUT
 10
413.0512853160887
 20
432.6102811141618
 30
0.0
 70
0
  0
VERTEX
  5
803
  8
CUT
 10
408.36405871914013
 20
436.77374240921404
 30
0.0
 70
0
  0
VERTEX
  5
804
  8
CUT
 10
403.8301936080849
 20
441.0974765958613
 30
0.0
 70
0
  0
VERTEX
  5
805
  8
CUT
 10
399.4548760380276
 20
445.57456597122814
 30
0.0
 70
0
  0
VERTEX
  5
806
  8
CUT
 10
395.2426358714163
 20
450.19752811507146
 30
0.0
 70
0
  0
VERTEX
  5
807
  8
CUT
 10
391.1973170731202
 20
454.95838533334285
 30
0.0
 70
0
  0
VERTEX
  5
808
  8
CUT
 10
387.32205634938725
 20
459.84873798594424
 30
0.0
 70
0
  0
VERTEX
  5
809
  8
CUT
 10
383.61927017909795
 20
464.85984051708095
 30
0.0
 70
0
  0
VERTEX
  5
80A
  8
CUT
 10
380.0906501108353
 20
469.9826789864585
 30
0.0
 70
0
  0
VERTEX
  5
80B
  8
CUT
 10
376.7371660349379
 20
475.20804891420215
 30
0.0
 70
0
  0
VERTEX
  5
80C
  8
CUT
 10
373.55907699095917
 20
480.52663229933944
 30
0.0
 70
0
  0
VERTEX
  5
80D
  8
CUT
 10
370.5559489419544
 20
485.92907274734205
 30
0.0
 70
0
  0
VERTEX
  5
80E
  8
CUT
 10
367.7266788407144
 20
491.40604774202586
 30
0.0
 70
0
  0
VERTEX
  5
80F
  8
CUT
 10
365.06952423124267
 20
496.9483372158971
 30
0.0
 70
0
  0
VERTEX
  5
810
  8
CUT
 10
362.58213757205544
 20
502.5468877053289
 30
0.0
 70
0
  0
VERTEX
  5
811
  8
CUT
 10
360.26160443576146
 20
508.19287151728724
 30
0.0
 70
0
  0
VERTEX
  5
812
  8
CUT
 10
358.1044847304449
 20
513.8777404774481
 30
0.0
 70
0
  0
VERTEX
  5
813
  8
CUT
 10
356.10685610038627
 20
519.5932739707184
 30
0.0
 70
0
  0
VERTEX
  5
814
  8
CUT
 10
354.264358693811
 20
525.3316211202588
 30
0.0
 70
0
  0
VERTEX
  5
815
  8
CUT
 10
352.5722405304266
 20
531.085337076745
 30
0.0
 70
0
  0
VERTEX
  5
816
  8
CUT
 10
351.02540275808065
 20
536.8474135032352
 30
0.0
 70
0
  0
VERTEX
  5
817
  8
CUT
 10
349.6184441524463
 20
542.6113034408766
 30
0.0
 70
0
  0
VERTEX
  5
818
  8
CUT
 10
348.34570428281984
 20
548.3709408258231
 30
0.0
 70
0
  0
VERTEX
  5
819
  8
CUT
 10
347.20130483767355
 20
554.1207549978889
 30
0.0
 70
0
  0
SEQEND
  5
79F
  8
CUT
  0
POLYLINE
  5
81A
  8
CUT
 66
1
 10
0.0
 20
0.0
 30
0.0
 70
1
  0
VERTEX
  5
81C
  8
CUT
 10
335.6388888166522
 20
501.72703572595515
 30
0.0
 42
0.41421356237309503
 70
0
  0
VERTEX
  5
81D
  8
CUT
 10
336.3468303913161
 20
506.19680291529096
 30
0.0
 42
0.41421356237309503
 70
0
  0
VERTEX
  5
81E
  8
CUT
 10
331.87706320198026
 20
506.90474448995485
 30
0.0
 42
0.41421356237309503
 70
0
  0
VERTEX
  5
81F
  8
CUT
 10
331.1691216273164
 20
502.43497730061904
 30
0.0
 70
0
  0
VERTEX
  5
820
  8
CUT
 10
214.18526424069898
 20
417.4412298191274
 30
0.0
 42
0.41421356237309503
 70
0
  0
VERTEX
  5
821
  8
CUT
 10
209.71549705136323
 20
418.14917139379133
 30
0.0
 42
0.41421356237309503
 70
0
  0
VERTEX
  5
822
  8
CUT
 10
209.00755547669928
 20
413.6794042044556
 30
0.0
 42
0.41421356237309503
 70
0
  0
VERTEX
  5
823
  8
CUT
 10
213.47732266603504
 20
412.97146262979163
 30
0.0
 70
0
  0
VERTEX
  5
824
  8
CUT
 10
220.8834168449202
 20
402.77784850066735
 30
0.0
 42
0.41421356237309503
 70
0
  0
VERTEX
  5
825
  8
CUT
 10
220.17547527025624
 20
398.3080813113316
 30
0.0
 42
0.41421356237309503
 70
0
  0
VERTEX
  5
826
  8
CUT
 10
224.645242459592
 20
397.60013973666764
 30
0.0
 42
0.41421356237309503
 70
0
  0
VERTEX
  5
827
  8
CUT
 10
225.35318403425595
 20
402.0699069260034
 30
0.0
 70
0
  0
VERTEX
  5
828
  8
CUT
 10
342.33704142087333
 20
487.06365440749505
 30
0.0
 42
0.41421356237309503
 70
0
  0
VERTEX
  5
829
  8
CUT
 10
346.80680861020903
 20
486.35571283283105
 30
0.0
 42
0.41421356237309503
 70
0
  0
VERTEX
  5
82A
  8
CUT
 10
347.51475018487304
 20
490.82548002216674
 30
0.0
 42
0.41421356237309503
 70
0
  0
VERTEX
  5
82B
  8
CUT
 10
343.04498299553734
 20
491.53342159683075
 30
0.0
 70
0
  0
SEQEND
  5
81B
  8
CUT
  0
POLYLINE
  5
82C
  8
CUT
 66
1
 10
0.0
 20
0.0
 30
0.0
 70
1
  0
VERTEX
  5
82E
  8
CUT
 10
391.1913048668914
 20
418.55369988114455
 30
0.0
 42
0.41421356237309503
 70
0
  0
VERTEX
  5
82F
  8
CUT
 10
390.48336329222747
 20
423.0234670704803
 30
0.0
 42
0.41421356237309503
 70
0
  0
VERTEX
  5
830
  8
CUT
 10
386.0135961028917
 20
422.31552549581636
 30
0.0
 42
0.41421356237309503
 70
0
  0
VERTEX
  5
831
  8
CUT
 10
386.72153767755566
 20
417.8457583064806
 30
0.0
 70
0
  0
VERTEX
  5
832
  8
CUT
 10
301.72779019606406
 20
300.8619009198632
 30
0.0
 42
0.41421356237309503
 70
0
  0
VERTEX
  5
833
  8
CUT
 10
297.2580230067283
 20
300.15395934519927
 30
0.0
 42
0.41421356237309503
 70
0
  0
VERTEX
  5
834
  8
CUT
 10
297.96596458139226
 20
295.6841921558635
 30
0.0
 42
0.41421356237309503
 70
0
  0
VERTEX
  5
835
  8
CUT
 10
302.435731770728
 20
296.39213373052746
 30
0.0
 70
0
  0
VERTEX
  5
836
  8
CUT
 10
312.6293458998523
 20
288.9860395516423
 30
0.0
 42
0.41421356237309503
 70
0
  0
VERTEX
  5
837
  8
CUT
 10
313.33728747451624
 20
284.51627236230655
 30
0.0
 42
0.41421356237309503
 70
0
  0
VERTEX
  5
838
  8
CUT
 10
317.807054663852
 20
285.2242139369705
 30
0.0
 42
0.41421356237309503
 70
0
  0
VERTEX
  5
839
  8
CUT
 10
317.09911308918805
 20
289.69398112630626
 30
0.0
 70
0
  0
VERTEX
  5
83A
  8
CUT
 10
402.09286057067965
 20
406.67783851292364
 30
0.0
 42
0.41421356237309503
 70
0
  0
VERTEX
  5
83B
  8
CUT
 10
406.5626277600154
 20
407.38578008758753
 30
0.0
 42
0.41421356237309503
 70
0
  0
VERTEX
  5
83C
  8
CUT
 10
405.85468618535157
 20
411.8555472769233
 30
0.0
 42
0.41421356237309503
 70
0
  0
VERTEX
  5
83D
  8
CUT
 10
401.38491899601576
 20
411.1476057022594
 30
0.0
 70
0
  0
SEQEND
  5
82D
  8
CUT
  0
POLYLINE
  5
83E
  8
CUT
 66
1
 10
0.0
 20
0.0
 30
0.0
 70
1
  0
VERTEX
  5
840
  8
CUT
 10
480.2294242684807
 20
371.1629033320864
 30
0.0
 42
0.41421356237309503
 70
0
  0
VERTEX
  5
841
  8
CUT
 10
478.1748977983361
 20
375.1951385662307
 30
0.0
 42
0.41421356237309503
 70
0
  0
VERTEX
  5
842
  8
CUT
 10
474.14266256419177
 20
373.14061209608604
 30
0.0
 42
0.41421356237309503
 70
0
  0
VERTEX
  5
843
  8
CUT
 10
476.1971890343364
 20
369.1083768619417
 30
0.0
 70
0
  0
VERTEX
  5
844
  8
CUT
 10
431.513331647719
 20
231.58560460566252
 30
0.0
 42
0.41421356237309503
 70
0
  0
VERTEX
  5
845
  8
CUT
 10
427.4810964135746
 20
229.53107813551784
 30
0.0
 42
0.41421356237309503
 70
0
  0
VERTEX
  5
846
  8
CUT
 10
429.5356228837193
 20
225.4988429013735
 30
0.0
 42
0.41421356237309503
 70
0
  0
VERTEX
  5
847
  8
CUT
 10
433.56785811786364
 20
227.55336937151816
 30
0.0
 70
0
  0
VERTEX
  5
848
  8
CUT
 10
445.55117022318257
 20
223.65975524239383
 30
0.0
 42
0.41421356237309503
 70
0
  0
VERTEX
  5
849
  8
CUT
 10
447.60569669332733
 20
219.62752000824952
 30
0.0
 42
0.41421356237309503
 70
0
  0
VERTEX
  5
84A
  8
CUT
 10
451.63793192747164
 20
221.68204647839423
 30
0.0
 42
0.41421356237309503
 70
0
  0
VERTEX
  5
84B
  8
CUT
 10
449.5834054573269
 20
225.71428171253854
 30
0.0
 70
0
  0
VERTEX
  5
84C
  8
CUT
 10
494.2672628439443
 20
363.2370539688177
 30
0.0
 42
0.41421356237309503
 70
0
  0
VERTEX
  5
84D
  8
CUT
 10
498.2994980780887
 20
365.2915804389624
 30
0.0
 42
0.41421356237309503
 70
0
  0
VERTEX
  5
84E
  8
CUT
 10
496.24497160794397
 20
369.32381567310676
 30
0.0
 42
0.41421356237309503
 70
0
  0
VERTEX
  5
84F
  8
CUT
 10
492.21273637379966
 20
367.26928920296206
 30
0.0
 70
0
  0
SEQEND
  5
83F
  8
CUT
  0
POLYLINE
  5
850
  8
CUT
 66
1
 10
0.0
 20
0.0
 30
0.0
 70
1
  0
VERTEX
  5
852
  8
CUT
 10
579.5016994228005
 20
360.49372829842366
 30
0.0
 42
0.41421356237309503
 70
0
  0
VERTEX
  5
853
  8
CUT
 10
576.3016994228005
 20
363.6937282984236
 30
0.0
 42
0.41421356237309503
 70
0
  0
VERTEX
  5
854
  8
CUT
 10
573.1016994228006
 20
360.49372829842355
 30
0.0
 42
0.41421356237309503
 70
0
  0
VERTEX
  5
855
  8
CUT
 10
576.3016994228005
 20
357.2937282984237
 30
0.0
 70
0
  0
VERTEX
  5
856
  8
CUT
 10
576.3016994228004
 20
212.69372829842365
 30
0.0
 42
0.41421356237309503
 70
0
  0
VERTEX
  5
857
  8
CUT
 10
573.1016994228004
 20
209.49372829842363
 30
0.0
 42
0.41421356237309503
 70
0
  0
VERTEX
  5
858
  8
CUT
 10
576.3016994228004
 20
206.29372829842362
 30
0.0
 42
0.41421356237309503
 70
0
  0
VERTEX
  5
859
  8
CUT
 10
579.5016994228005
 20
209.49372829842366
 30
0.0
 70
0
  0
VERTEX
  5
85A
  8
CUT
 10
592.1016994228005
 20
209.49372829842366
 30
0.0
 42
0.41421356237309503
 70
0
  0
VERTEX
  5
85B
  8
CUT
 10
595.3016994228004
 20
206.29372829842373
 30
0.0
 42
0.41421356237309503
 70
0
  0
VERTEX
  5
85C
  8
CUT
 10
598.5016994228004
 20
209.49372829842372
 30
0.0
 42
0.41421356237309503
 70
0
  0
VERTEX
  5
85D
  8
CUT
 10
595.3016994228004
 20
212.69372829842365
 30
0.0
 70
0
  0
VERTEX
  5
85E
  8
CUT
 10
595.3016994228005
 20
357.2937282984237
 30
0.0
 42
0.41421356237309503
 70
0
  0
VERTEX
  5
85F
  8
CUT
 10
598.5016994228006
 20
360.49372829842366
 30
0.0
 42
0.41421356237309503
 70
0
  0
VERTEX
  5
860
  8
CUT
 10
595.3016994228005
 20
363.6937282984237
 30
0.0
 42
0.41421356237309503
 70
0
  0
VERTEX
  5
861
  8
CUT
 10
592.1016994228005
 20
360.49372829842366
 30
0.0
 70
0
  0
SEQEND
  5
851
  8
CUT
  0
POLYLINE
  5
862
  8
CUT
 66
1
 10
0.0
 20
0.0
 30
0.0
 70
1
  0
VERTEX
  5
864
  8
CUT
 10
1493.5997260025315
 20
576.2868930080461
 30
0.0
 70
0
  0
VERTEX
  5
865
  8
CUT
 10
1492.4475997301283
 20
586.5790460250807
 30
0.0
 70
0
  0
VERTEX
  5
866
  8
CUT
 10
1491.0926533877212
 20
596.8597285159442
 30
0.0
 70
0
  0
VERTEX
  5
867
  8
CUT
 10
1489.5257131994983
 20
607.1232323869039
 30
0.0
 70
0
  0
VERTEX
  5
868
  8
CUT
 10
1487.7382562092878
 20
617.3631818305945
 30
0.0
 70
0
  0
VERTEX
  5
869
  8
CUT
 10
1485.7223960605156
 20
627.5725754486587
 30
0.0
 70
0
  0
VERTEX
  5
86A
  8
CUT
 10
1483.4708867221234
 20
637.7438295930754
 30
0.0
 70
0
  0
VERTEX
  5
86B
  8
CUT
 10
1480.9771386250752
 20
647.8688241730446
 30
0.0
 70
0
  0
VERTEX
  5
86C
  8
CUT
 10
1478.2352432172383
 20
657.9389517866973
 30
0.0
 70
0
  0
VERTEX
  5
86D
  8
CUT
 10
1475.2400028747256
 20
667.9451707292976
 30
0.0
 70
0
  0
VERTEX
  5
86E
  8
CUT
 10
1471.9869636927149
 20
677.8780621692036
 30
0.0
 70
0
  0
VERTEX
  5
86F
  8
CUT
 10
1468.4724490653232
 20
687.7278915518718
 30
0.0
 70
0
  0
VERTEX
  5
870
  8
CUT
 10
1464.6935922373723
 20
697.4846740815774
 30
0.0
 70
0
  0
VERTEX
  5
871
  8
CUT
 10
1460.6483662221763
 20
707.1382439365084
 30
0.0
 70
0
  0
VERTEX
  5
872
  8
CUT
 10
1456.3356096607417
 20
716.6783266950483
 30
0.0
 70
0
  0
VERTEX
  5
873
  8
CUT
 10
1451.7550473690005
 20
726.0946142910444
 30
0.0
 70
0
  0
VERTEX
  5
874
  8
CUT
 10
1446.9073044931724
 20
735.3768416765676
 30
0.0
 70
0
  0
VERTEX
  5
875
  8
CUT
 10
1441.7939133759169
 20
744.5148642555573
 30
0.0
 70
0
  0
VERTEX
  5
876
  8
CUT
 10
1436.417312430495
 20
753.4987350643048
 30
0.0
 70
0
  0
VERTEX
  5
877
  8
CUT
 10
1430.7808365265446
 20
762.3187806180445
 30
0.0
 70
0
  0
VERTEX
  5
878
  8
CUT
 10
1424.8886986067896
 20
770.9656743192957
 30
0.0
 70
0
  0
VERTEX
  5
879
  8
CUT
 10
1418.7459624747544
 20
779.4305063342417
 30
0.0
 70
0
  0
VERTEX
  5
87A
  8
CUT
 10
1412.358506913801
 20
787.7048488883158
 30
0.0
 70
0
  0
VERTEX
  5
87B
  8
CUT
 10
1405.7329815112607
 20
795.7808160098518
 30
0.0
 70
0
  0
VERTEX
  5
87C
  8
CUT
 10
1398.876754761529
 20
803.651116858379
 30
0.0
 70
0
  0
VERTEX
  5
87D
  8
CUT
 10
1391.797855202418
 20
811.3091019078088
 30
0.0
 70
0
  0
VERTEX
  5
87E
  8
CUT
 10
1384.504906494109
 20
818.7488014092426
 30
0.0
 70
0
  0
VERTEX
  5
87F
  8
CUT
 10
1377.0070574750011
 20
825.964955727479
 30
0.0
 70
0
  0
VERTEX
  5
880
  8
CUT
 10
1369.3139083202545
 20
832.9530373230136
 30
0.0
 70
0
  0
VERTEX
  5
881
  8
CUT
 10
1361.4354339848435
 20
839.7092643308522
 30
0.0
 70
0
  0
VERTEX
  5
882
  8
CUT
 10
1353.381906133103
 20
846.230605862343
 30
0.0
 70
0
  0
VERTEX
  5
883
  8
CUT
 10
1345.1638147421313
 20
852.5147793206033
 30
0.0
 70
0
  0
VERTEX
  5
884
  8
CUT
 10
1336.7917905194447
 20
858.5602401688566
 30
0.0
 70
0
  0
VERTEX
  5
885
  8
CUT
 10
1328.2765291996402
 20
864.3661647200063
 30
0.0
 70
0
  0
VERTEX
  5
886
  8
CUT
 10
1319.6287186850163
 20
869.9324266220829
 30
0.0
 70
0
  0
VERTEX
  5
887
  8
CUT
 10
1310.8589698763224
 20
875.2595677960203
 30
0.0
 70
0
  0
VERTEX
  5
888
  8
CUT
 10
1301.9777519075183
 20
880.3487646389515
 30
0.0
 70
0
  0
VERTEX
  5
889
  8
CUT
 10
1292.995332358088
 20
885.2017903383302
 30
0.0
 70
0
  0
VERTEX
  5
88A
  8
CUT
 10
1283.9217228733396
 20
889.8209741511348
 30
0.0
 70
0
  0
VERTEX
  5
88B
  8
CUT
 10
1274.7666304819597
 20
894.2091584903949
 30
0.0
 70
0
  0
VERTEX
  5
88C
  8
CUT
 10
1265.5394147649986
 20
898.3696546311426
 30
0.0
 70
0
  0
VERTEX
  5
88D
  8
CUT
 10
1256.2490509048425
 20
902.306197802815
 30
0.0
 70
0
  0
VERTEX
  5
88E
  8
CUT
 10
1246.904098529091
 20
906.0229023785769
 30
0.0
 70
0
  0
VERTEX
  5
88F
  8
CUT
 10
1237.5126761644037
 20
909.5242178074604
 30
0.0
 70
0
  0
VERTEX
  5
890
  8
CUT
 10
1228.0824410302398
 20
912.8148858660475
 30
0.0
 70
0
  0
VERTEX
  5
891
  8
CUT
 10
1218.6205738322726
 20
915.8998997358688
 30
0.0
 70
0
  0
VERTEX
  5
892
  8
CUT
 10
1209.133768159741
 20
918.784465343773
 30
0.0
 70
0
  0
VERTEX
  5
893
  8
CUT
 10
1199.6282240492155
 20
921.4739653379667
 30
0.0
 70
0
  0
VERTEX
  5
894
  8
CUT
 10
1190.1096452478857
 20
923.9739260148003
 30
0.0
 70
0
  0
VERTEX
  5
895
  8
CUT
 10
1180.5832396908727
 20
926.289987463092
 30
0.0
 70
0
  0
VERTEX
  5
896
  8
CUT
 10
1171.0537226973104
 20
928.427877156269
 30
0.0
 70
0
  0
VERTEX
  5
897
  8
CUT
 10
1161.5253223869088
 20
930.393387200585
 30
0.0
 70
0
  0
VERTEX
  5
898
  8
CUT
 10
1152.0017868200887
 20
932.1923554434029
 30
0.0
 70
0
  0
VERTEX
  5
899
  8
CUT
 10
1142.4863923680557
 20
933.830650663482
 30
0.0
 70
0
  0
VERTEX
  5
89A
  8
CUT
 10
1132.9819528214919
 20
935.31416211176
 30
0.0
 70
0
  0
VERTEX
  5
89B
  8
CUT
 10
1123.4908287446456
 20
936.6487937560942
 30
0.0
 70
0
  0
VERTEX
  5
89C
  8
CUT
 10
1114.0149365713235
 20
937.8404637223323
 30
0.0
 70
0
  0
VERTEX
  5
89D
  8
CUT
 10
1104.5557569152609
 20
938.895109642448
 30
0.0
 70
0
  0
VERTEX
  5
89E
  8
CUT
 10
1095.114341521702
 20
939.8187009615815
 30
0.0
 70
0
  0
VERTEX
  5
89F
  8
CUT
 10
1085.6913182078936
 20
940.6172597960959
 30
0.0
 70
0
  0
VERTEX
  5
8A0
  8
CUT
 10
1076.2868930080463
 20
941.2968928153643
 30
0.0
 70
0
  0
VERTEX
  5
8A1
  8
CUT
 10
1045.0
 20
743.7592246963368
 30
0.0
 70
0
  0
VERTEX
  5
8A2
  8
CUT
 10
1050.274370143977
 20
743.7781382022475
 30
0.0
 70
0
  0
VERTEX
  5
8A3
  8
CUT
 10
1055.5828734458769
 20
743.7644660372371
 30
0.0
 70
0
  0
VERTEX
  5
8A4
  8
CUT
 10
1060.9271086359524
 20
743.7117572546986
 30
0.0
 70
0
  0
VERTEX
  5
8A5
  8
CUT
 10
1066.3082450556074
 20
743.6136077404051
 30
0.0
 70
0
  0
VERTEX
  5
8A6
  8
CUT
 10
1071.7270197241414
 20
743.4636284982805
 30
0.0
 70
0
  0
VERTEX
  5
8A7
  8
CUT
 10
1077.1837316136462
 20
743.2554249763714
 30
0.0
 70
0
  0
VERTEX
  5
8A8
  8
CUT
 10
1082.6782339168383
 20
742.9825849602266
 30
0.0
 70
0
  0
VERTEX
  5
8A9
  8
CUT
 10
1088.2099249604748
 20
742.6386734414857
 30
0.0
 70
0
  0
VERTEX
  5
8AA
  8
CUT
 10
1093.7777383378505
 20
742.2172334097398
 30
0.0
 70
0
  0
VERTEX
  5
8AB
  8
CUT
 10
1099.3801327882504
 20
741.7117918568287
 30
0.0
 70
0
  0
VERTEX
  5
8AC
  8
CUT
 10
1105.015082327179
 20
741.115870501093
 30
0.0
 70
0
  0
VERTEX
  5
8AD
  8
CUT
 10
1110.6800671209296
 20
740.4230008780041
 30
0.0
 70
0
  0
VERTEX
  5
8AE
  8
CUT
 10
1116.3720655971354
 20
739.626743528553
 30
0.0
 70
0
  0
VERTEX
  5
8AF
  8
CUT
 10
1122.0875482852755
 20
738.7207110633344
 30
0.0
 70
0
  0
VERTEX
  5
8B0
  8
CUT
 10
1127.8224738843633
 20
737.6985948981952
 30
0.0
 70
0
  0
VERTEX
  5
8B1
  8
CUT
 10
1133.572288056429
 20
736.5541954530489
 30
0.0
 70
0
  0
VERTEX
  5
8B2
  8
CUT
 10
1139.3319254413755
 20
735.2814555834225
 30
0.0
 70
0
  0
VERTEX
  5
8B3
  8
CUT
 10
1145.0958153790168
 20
733.8744969777881
 30
0.0
 70
0
  0
VERTEX
  5
8B4
  8
CUT
 10
1150.857891805507
 20
732.3276592054422
 30
0.0
 70
0
  0
VERTEX
  5
8B5
  8
CUT
 10
1156.6116077619934
 20
730.6355410420578
 30
0.0
 70
0
  0
VERTEX
  5
8B6
  8
CUT
 10
1162.3499549115336
 20
728.7930436354825
 30
0.0
 70
0
  0
VERTEX
  5
8B7
  8
CUT
 10
1168.0654884048038
 20
726.7954150054239
 30
0.0
 70
0
  0
VERTEX
  5
8B8
  8
CUT
 10
1173.7503573649647
 20
724.6382953001073
 30
0.0
 70
0
  0
VERTEX
  5
8B9
  8
CUT
 10
1179.396341176923
 20
722.3177621638133
 30
0.0
 70
0
  0
VERTEX
  5
8BA
  8
CUT
 10
1184.994891666355
 20
719.8303755046261
 30
0.0
 70
0
  0
VERTEX
  5
8BB
  8
CUT
 10
1190.537181140226
 20
717.1732208951544
 30
0.0
 70
0
  0
VERTEX
  5
8BC
  8
CUT
 10
1196.01415613491
 20
714.3439507939144
 30
0.0
 70
0
  0
VERTEX
  5
8BD
  8
CUT
 10
1201.4165965829125
 20
711.3408227449097
 30
0.0
 70
0
  0
VERTEX
  5
8BE
  8
CUT
 10
1206.7351799680498
 20
708.1627337009309
 30
0.0
 70
0
  0
VERTEX
  5
8BF
  8
CUT
 10
1211.9605498957935
 20
704.8092496250335
 30
0.0
 70
0
  0
VERTEX
  5
8C0
  8
CUT
 10
1217.083388365171
 20
701.2806295567709
 30
0.0
 70
0
  0
VERTEX
  5
8C1
  8
CUT
 10
1222.094490896308
 20
697.5778433864816
 30
0.0
 70
0
  0
VERTEX
  5
8C2
  8
CUT
 10
1226.984843548909
 20
693.7025826627487
 30
0.0
 70
0
  0
VERTEX
  5
8C3
  8
CUT
 10
1231.7457007671806
 20
689.6572638644525
 30
0.0
 70
0
  0
VERTEX
  5
8C4
  8
CUT
 10
1236.3686629110239
 20
685.4450236978412
 30
0.0
 70
0
  0
VERTEX
  5
8C5
  8
CUT
 10
1240.8457522863907
 20
681.0697061277838
 30
0.0
 70
0
  0
VERTEX
  5
8C6
  8
CUT
 10
1245.169486473038
 20
676.5358410167287
 30
0.0
 70
0
  0
VERTEX
  5
8C7
  8
CUT
 10
1249.3329477680902
 20
671.84861441978
 30
0.0
 70
0
  0
VERTEX
  5
8C8
  8
CUT
 10
1253.329847619842
 20
667.0138307638156
 30
0.0
 70
0
  0
VERTEX
  5
8C9
  8
CUT
 10
1257.1545850177047
 20
662.0378673162902
 30
0.0
 70
0
  0
VERTEX
  5
8CA
  8
CUT
 10
1260.8022979291718
 20
656.927621518709
 30
0.0
 70
0
  0
VERTEX
  5
8CB
  8
CUT
 10
1264.2689070297063
 20
651.6904519142306
 30
0.0
 70
0
  0
VERTEX
  5
8CC
  8
CUT
 10
1267.5511511518791
 20
646.3341135325292
 30
0.0
 70
0
  0
VERTEX
  5
8CD
  8
CUT
 10
1270.646614080174
 20
640.8666887027568
 30
0.0
 70
0
  0
VERTEX
  5
8CE
  8
CUT
 10
1273.553742531327
 20
635.2965143431351
 30
0.0
 70
0
  0
VERTEX
  5
8CF
  8
CUT
 10
1276.271855380303
 20
629.6321068205829
 30
0.0
 70
0
  0
VERTEX
  5
8D0
  8
CUT
 10
1278.8011444127626
 20
623.8820854844282
 30
0.0
 70
0
  0
VERTEX
  5
8D1
  8
CUT
 10
1281.1426671005759
 20
618.0550959546213
 30
0.0
 70
0
  0
VERTEX
  5
8D2
  8
CUT
 10
1283.2983321033241
 20
612.1597341881784
 30
0.0
 70
0
  0
VERTEX
  5
8D3
  8
CUT
 10
1285.2708783932746
 20
606.2044722601436
 30
0.0
 70
0
  0
VERTEX
  5
8D4
  8
CUT
 10
1287.0638490838808
 20
600.1975866802393
 30
0.0
 70
0
  0
VERTEX
  5
8D5
  8
CUT
 10
1288.6815612153212
 20
594.1470899270832
 30
0.0
 70
0
  0
VERTEX
  5
8D6
  8
CUT
 10
1290.12907292182
 20
588.0606657218273
 30
0.0
 70
0
  0
VERTEX
  5
8D7
  8
CUT
 10
1291.4121495867348
 20
581.9456083852295
 30
0.0
 70
0
  0
VERTEX
  5
8D8
  8
CUT
 10
1292.537230802702
 20
575.8087664281546
 30
0.0
 70
0
  0
VERTEX
  5
8D9
  8
CUT
 10
1293.5114002273606
 20
569.6564903148784
 30
0.0
 70
0
  0
VERTEX
  5
8DA
  8
CUT
 10
1294.342360811749
 20
563.4945841075953
 30
0.0
 70
0
  0
VERTEX
  5
8DB
  8
CUT
 10
1295.0384184633767
 20
557.3282604401189
 30
0.0
 70
0
  0
VERTEX
  5
8DC
  8
CUT
 10
1295.60847813628
 20
551.1620979611641
 30
0.0
 70
0
  0
VERTEX
  5
8DD
  8
CUT
 10
1296.062057883504
 20
545.0
 30
0.0
 70
0
  0
SEQEND
  5
863
  8
CUT
  0
POLYLINE
  5
8DE
  8
CUT
 66
1
 10
0.0
 20
0.0
 30
0.0
 70
1
  0
VERTEX
  5
8E0
  8
CUT
 10
1314.67393967929
 20
592.6871633620691
 30
0.0
 42
0.41421356237309503
 70
0
  0
VERTEX
  5
8E1
  8
CUT
 10
1312.6194132091453
 20
588.6549281279249
 30
0.0
 42
0.41421356237309503
 70
0
  0
VERTEX
  5
8E2
  8
CUT
 10
1316.6516484432896
 20
586.6004016577801
 30
0.0
 42
0.41421356237309503
 70
0
  0
VERTEX
  5
8E3
  8
CUT
 10
1318.7061749134343
 20
590.6326368919244
 30
0.0
 70
0
  0
VERTEX
  5
8E4
  8
CUT
 10
1456.2289471697134
 20
635.3164942785419
 30
0.0
 42
0.41421356237309503
 70
0
  0
VERTEX
  5
8E5
  8
CUT
 10
1460.2611824038577
 20
633.2619678083971
 30
0.0
 42
0.41421356237309503
 70
0
  0
VERTEX
  5
8E6
  8
CUT
 10
1462.3157088740024
 20
637.2942030425414
 30
0.0
 42
0.41421356237309503
 70
0
  0
VERTEX
  5
8E7
  8
CUT
 10
1458.2834736398581
 20
639.3487295126862
 30
0.0
 70
0
  0
VERTEX
  5
8E8
  8
CUT
 10
1454.389859510734
 20
651.3320416180051
 30
0.0
 42
0.41421356237309503
 70
0
  0
VERTEX
  5
8E9
  8
CUT
 10
1456.4443859808785
 20
655.3642768521497
 30
0.0
 42
0.41421356237309503
 70
0
  0
VERTEX
  5
8EA
  8
CUT
 10
1452.412150746734
 20
657.4188033222943
 30
0.0
 42
0.41421356237309503
 70
0
  0
VERTEX
  5
8EB
  8
CUT
 10
1450.3576242765894
 20
653.3865680881497
 30
0.0
 70
0
  0
VERTEX
  5
8EC
  8
CUT
 10
1312.8348520203103
 20
608.7027107015324
 30
0.0
 42
0.41421356237309503
 70
0
  0
VERTEX
  5
8ED
  8
CUT
 10
1308.802616786166
 20
610.7572371716772
 30
0.0
 42
0.41421356237309503
 70
0
  0
VERTEX
  5
8EE
  8
CUT
 10
1306.7480903160213
 20
606.7250019375329
 30
0.0
 42
0.41421356237309503
 70
0
  0
VERTEX
  5
8EF
  8
CUT
 10
1310.7803255501656
 20
604.6704754673881
 30
0.0
 70
0
  0
SEQEND
  5
8DF
  8
CUT
  0
POLYLINE
  5
8F0
  8
CUT
 66
1
 10
0.0
 20
0.0
 30
0.0
 70
1
  0
VERTEX
  5
8F2
  8
CUT
 10
1270.7956231799926
 20
683.514980739853
 30
0.0
 42
0.41421356237309503
 70
0
  0
VERTEX
  5
8F3
  8
CUT
 10
1270.087681605329
 20
679.0452135505171
 30
0.0
 42
0.41421356237309503
 70
0
  0
VERTEX
  5
8F4
  8
CUT
 10
1274.5574487946647
 20
678.3372719758534
 30
0.0
 42
0.41421356237309503
 70
0
  0
VERTEX
  5
8F5
  8
CUT
 10
1275.2653903693283
 20
682.807039165189
 30
0.0
 70
0
  0
VERTEX
  5
8F6
  8
CUT
 10
1392.2492477559458
 20
767.8007866466808
 30
0.0
 42
0.41421356237309503
 70
0
  0
VERTEX
  5
8F7
  8
CUT
 10
1396.7190149452815
 20
767.0928450720169
 30
0.0
 42
0.41421356237309503
 70
0
  0
VERTEX
  5
8F8
  8
CUT
 10
1397.4269565199452
 20
771.5626122613526
 30
0.0
 42
0.41421356237309503
 70
0
  0
VERTEX
  5
8F9
  8
CUT
 10
1392.9571893306097
 20
772.2705538360165
 30
0.0
 70
0
  0
VERTEX
  5
8FA
  8
CUT
 10
1385.5510951517244
 20
782.4641679651407
 30
0.0
 42
0.41421356237309503
 70
0
  0
VERTEX
  5
8FB
  8
CUT
 10
1386.2590367263886
 20
786.9339351544763
 30
0.0
 42
0.41421356237309503
 70
0
  0
VERTEX
  5
8FC
  8
CUT
 10
1381.7892695370529
 20
787.6418767291404
 30
0.0
 42
0.41421356237309503
 70
0
  0
VERTEX
  5
8FD
  8
CUT
 10
1381.0813279623887
 20
783.1721095398048
 30
0.0
 70
0
  0
VERTEX
  5
8FE
  8
CUT
 10
1264.0974705757715
 20
698.178362058313
 30
0.0
 42
0.41421356237309503
 70
0
  0
VERTEX
  5
8FF
  8
CUT
 10
1259.6277033864358
 20
698.8863036329769
 30
0.0
 42
0.41421356237309503
 70
0
  0
VERTEX
  5
900
  8
CUT
 10
1258.9197618117717
 20
694.4165364436412
 30
0.0
 42
0.41421356237309503
 70
0
  0
VERTEX
  5
901
  8
CUT
 10
1263.3895290011076
 20
693.7085948689773
 30
0.0
 70
0
  0
SEQEND
  5
8F1
  8
CUT
  0
POLYLINE
  5
902
  8
CUT
 66
1
 10
0.0
 20
0.0
 30
0.0
 70
1
  0
VERTEX
  5
904
  8
CUT
 10
1190.4098072854213
 20
741.8549167403314
 30
0.0
 42
0.41421356237309503
 70
0
  0
VERTEX
  5
905
  8
CUT
 10
1191.1177488600854
 20
737.3851495509957
 30
0.0
 42
0.41421356237309503
 70
0
  0
VERTEX
  5
906
  8
CUT
 10
1195.587516049421
 20
738.0930911256598
 30
0.0
 42
0.41421356237309503
 70
0
  0
VERTEX
  5
907
  8
CUT
 10
1194.879574474757
 20
742.5628583149954
 30
0.0
 70
0
  0
VERTEX
  5
908
  8
CUT
 10
1279.8733219562487
 20
859.5467157016128
 30
0.0
 42
0.41421356237309503
 70
0
  0
VERTEX
  5
909
  8
CUT
 10
1284.3430891455844
 20
860.2546572762768
 30
0.0
 42
0.41421356237309503
 70
0
  0
VERTEX
  5
90A
  8
CUT
 10
1283.6351475709203
 20
864.7244244656124
 30
0.0
 42
0.41421356237309503
 70
0
  0
VERTEX
  5
90B
  8
CUT
 10
1279.1653803815848
 20
864.0164828909485
 30
0.0
 70
0
  0
VERTEX
  5
90C
  8
CUT
 10
1268.9717662524604
 20
871.4225770698338
 30
0.0
 42
0.41421356237309503
 70
0
  0
VERTEX
  5
90D
  8
CUT
 10
1268.2638246777963
 20
875.8923442591695
 30
0.0
 42
0.41421356237309503
 70
0
  0
VERTEX
  5
90E
  8
CUT
 10
1263.7940574884606
 20
875.1844026845056
 30
0.0
 42
0.41421356237309503
 70
0
  0
VERTEX
  5
90F
  8
CUT
 10
1264.5019990631247
 20
870.7146354951698
 30
0.0
 70
0
  0
VERTEX
  5
910
  8
CUT
 10
1179.508251581633
 20
753.7307781085524
 30
0.0
 42
0.41421356237309503
 70
0
  0
VERTEX
  5
911
  8
CUT
 10
1175.0384843922973
 20
753.0228365338886
 30
0.0
 42
0.41421356237309503
 70
0
  0
VERTEX
  5
912
  8
CUT
 10
1175.746425966961
 20
748.5530693445528
 30
0.0
 42
0.41421356237309503
 70
0
  0
VERTEX
  5
913
  8
CUT
 10
1180.2161931562969
 20
749.2610109192167
 30
0.0
 70
0
  0
SEQEND
  5
903
  8
CUT
  0
POLYLINE
  5
914
  8
CUT
 66
1
 10
0.0
 20
0.0
 30
0.0
 70
1
  0
VERTEX
  5
916
  8
CUT
 10
1099.0020589005637
 20
764.1739938171243
 30
0.0
 42
0.41421356237309503
 70
0
  0
VERTEX
  5
917
  8
CUT
 10
1101.0565853707085
 20
760.14175858298
 30
0.0
 42
0.41421356237309503
 70
0
  0
VERTEX
  5
918
  8
CUT
 10
1105.0888206048528
 20
762.1962850531247
 30
0.0
 42
0.41421356237309503
 70
0
  0
VERTEX
  5
919
  8
CUT
 10
1103.034294134708
 20
766.2285202872689
 30
0.0
 70
0
  0
VERTEX
  5
91A
  8
CUT
 10
1147.7181515213256
 20
903.7512925435481
 30
0.0
 42
0.41421356237309503
 70
0
  0
VERTEX
  5
91B
  8
CUT
 10
1151.75038675547
 20
905.8058190136928
 30
0.0
 42
0.41421356237309503
 70
0
  0
VERTEX
  5
91C
  8
CUT
 10
1149.6958602853251
 20
909.8380542478371
 30
0.0
 42
0.41421356237309503
 70
0
  0
VERTEX
  5
91D
  8
CUT
 10
1145.6636250511808
 20
907.7835277776924
 30
0.0
 70
0
  0
VERTEX
  5
91E
  8
CUT
 10
1133.680312945862
 20
911.6771419068167
 30
0.0
 42
0.41421356237309503
 70
0
  0
VERTEX
  5
91F
  8
CUT
 10
1131.6257864757172
 20
915.709377140961
 30
0.0
 42
0.41421356237309503
 70
0
  0
VERTEX
  5
920
  8
CUT
 10
1127.5935512415729
 20
913.6548506708165
 30
0.0
 42
0.41421356237309503
 70
0
  0
VERTEX
  5
921
  8
CUT
 10
1129.6480777117176
 20
909.622615436672
 30
0.0
 70
0
  0
VERTEX
  5
922
  8
CUT
 10
1084.9642203251003
 20
772.0998431803929
 30
0.0
 42
0.41421356237309503
 70
0
  0
VERTEX
  5
923
  8
CUT
 10
1080.931985090956
 20
770.0453167102482
 30
0.0
 42
0.41421356237309503
 70
0
  0
VERTEX
  5
924
  8
CUT
 10
1082.9865115611008
 20
766.013081476104
 30
0.0
 42
0.41421356237309503
 70
0
  0
VERTEX
  5
925
  8
CUT
 10
1087.0187467952449
 20
768.0676079462486
 30
0.0
 70
0
  0
SEQEND
  5
915
  8
CUT
  0
POLYLINE
  5
926
  8
CUT
 66
1
 10
0.0
 20
0.0
 30
0.0
 70
1
  0
VERTEX
  5
928
  8
CUT
 10
17.0
 20
819.0
 30
0.0
 70
0
  0
VERTEX
  5
929
  8
CUT
 10
121.8
 20
819.0
 30
0.0
 42
-0.41421356237309503
 70
0
  0
VERTEX
  5
92A
  8
CUT
 10
125.00000000000003
 20
822.2
 30
0.0
 42
-0.41421356237309503
 70
0
  0
VERTEX
  5
92B
  8
CUT
 10
128.20000000000005
 20
819.0
 30
0.0
 42
-0.41421356237309503
 70
0
  0
VERTEX
  5
92C
  8
CUT
 10
125.0
 20
815.8
 30
0.0
 70
0
  0
VERTEX
  5
92D
  8
CUT
 10
125.0
 20
801.0
 30
0.0
 70
0
  0
VERTEX
  5
92E
  8
CUT
 10
165.0
 20
801.0
 30
0.0
 70
0
  0
VERTEX
  5
92F
  8
CUT
 10
165.0
 20
815.8
 30
0.0
 42
-0.41421356237309503
 70
0
  0
VERTEX
  5
930
  8
CUT
 10
161.79999999999995
 20
819.0
 30
0.0
 42
-0.41421356237309503
 70
0
  0
VERTEX
  5
931
  8
CUT
 10
164.99999999999994
 20
822.2
 30
0.0
 42
-0.41421356237309503
 70
0
  0
VERTEX
  5
932
  8
CUT
 10
168.2
 20
819.0
 30
0.0
 70
0
  0
VERTEX
  5
933
  8
CUT
 10
187.0
 20
819.0
 30
0.0
 70
0
  0
VERTEX
  5
934
  8
CUT
 10
187.0
 20
949.0
 30
0.0
 70
0
  0
VERTEX
  5
935
  8
CUT
 10
180.2
 20
949.0
 30
0.0
 42
-0.41421356237309503
 70
0
  0
VERTEX
  5
936
  8
CUT
 10
176.99999999999997
 20
945.8
 30
0.0
 42
-0.41421356237309503
 70
0
  0
VERTEX
  5
937
  8
CUT
 10
173.79999999999995
 20
949.0
 30
0.0
 42
-0.41421356237309503
 70
0
  0
VERTEX
  5
938
  8
CUT
 10
177.0
 20
952.2
 30
0.0
 70
0
  0
VERTEX
  5
939
  8
CUT
 10
177.0
 20
1049.0
 30
0.0
 70
0
  0
VERTEX
  5
93A
  8
CUT
 10
147.0
 20
1079.0
 30
0.0
 70
0
  0
VERTEX
  5
93B
  8
CUT
 10
27.0
 20
1079.0
 30
0.0
 70
0
  0
VERTEX
  5
93C
  8
CUT
 10
27.0
 20
952.2
 30
0.0
 42
-0.41421356237309503
 70
0
  0
VERTEX
  5
93D
  8
CUT
 10
30.200000000000045
 20
949.0
 30
0.0
 42
-0.41421356237309503
 70
0
  0
VERTEX
  5
93E
  8
CUT
 10
27.000000000000043
 20
945.8
 30
0.0
 42
-0.41421356237309503
 70
0
  0
VERTEX
  5
93F
  8
CUT
 10
23.8
 20
949.0
 30
0.0
 70
0
  0
VERTEX
  5
940
  8
CUT
 10
17.0
 20
949.0
 30
0.0
 70
0
  0
SEQEND
  5
927
  8
CUT
  0
POLYLINE
  5
941
  8
CUT
 66
1
 10
0.0
 20
0.0
 30
0.0
 70
1
  0
VERTEX
  5
943
  8
CUT
 10
363.0
 20
1133.0
 30
0.0
 70
0
  0
VERTEX
  5
944
  8
CUT
 10
258.20000000000005
 20
1133.0
 30
0.0
 42
-0.41421356237309503
 70
0
  0
VERTEX
  5
945
  8
CUT
 10
255.0
 20
1129.8
 30
0.0
 42
-0.41421356237309503
 70
0
  0
VERTEX
  5
946
  8
CUT
 10
251.79999999999995
 20
1133.0
 30
0.0
 42
-0.41421356237309503
 70
0
  0
VERTEX
  5
947
  8
CUT
 10
255.00000000000003
 20
1136.2
 30
0.0
 70
0
  0
VERTEX
  5
948
  8
CUT
 10
255.00000000000003
 20
1151.0
 30
0.0
 70
0
  0
VERTEX
  5
949
  8
CUT
 10
215.00000000000003
 20
1151.0
 30
0.0
 70
0
  0
VERTEX
  5
94A
  8
CUT
 10
215.00000000000003
 20
1136.2
 30
0.0
 42
-0.41421356237309503
 70
0
  0
VERTEX
  5
94B
  8
CUT
 10
218.20000000000007
 20
1133.0
 30
0.0
 42
-0.41421356237309503
 70
0
  0
VERTEX
  5
94C
  8
CUT
 10
215.00000000000009
 20
1129.8
 30
0.0
 42
-0.41421356237309503
 70
0
  0
VERTEX
  5
94D
  8
CUT
 10
211.80000000000004
 20
1133.0
 30
0.0
 70
0
  0
VERTEX
  5
94E
  8
CUT
 10
193.00000000000003
 20
1133.0
 30
0.0
 70
0
  0
VERTEX
  5
94F
  8
CUT
 10
193.0
 20
1003.0
 30
0.0
 70
0
  0
VERTEX
  5
950
  8
CUT
 10
199.8
 20
1003.0
 30
0.0
 42
-0.41421356237309503
 70
0
  0
VERTEX
  5
951
  8
CUT
 10
202.99999999999997
 20
1006.1999999999999
 30
0.0
 42
-0.41421356237309503
 70
0
  0
VERTEX
  5
952
  8
CUT
 10
206.19999999999993
 20
1003.0
 30
0.0
 42
-0.41421356237309503
 70
0
  0
VERTEX
  5
953
  8
CUT
 10
203.0
 20
999.8000000000001
 30
0.0
 70
0
  0
VERTEX
  5
954
  8
CUT
 10
203.0
 20
903.0
 30
0.0
 70
0
  0
VERTEX
  5
955
  8
CUT
 10
233.0
 20
873.0
 30
0.0
 70
0
  0
VERTEX
  5
956
  8
CUT
 10
353.0
 20
873.0
 30
0.0
 70
0
  0
VERTEX
  5
957
  8
CUT
 10
353.0
 20
999.8
 30
0.0
 42
-0.41421356237309503
 70
0
  0
VERTEX
  5
958
  8
CUT
 10
349.79999999999995
 20
1003.0
 30
0.0
 42
-0.41421356237309503
 70
0
  0
VERTEX
  5
959
  8
CUT
 10
353.0
 20
1006.2
 30
0.0
 42
-0.41421356237309503
 70
0
  0
VERTEX
  5
95A
  8
CUT
 10
356.20000000000005
 20
1003.0
 30
0.0
 70
0
  0
VERTEX
  5
95B
  8
CUT
 10
363.0
 20
1003.0
 30
0.0
 70
0
  0
SEQEND
  5
942
  8
CUT
  0
POLYLINE
  5
95C
  8
CUT
 66
1
 10
0.0
 20
0.0
 30
0.0
 70
1
  0
VERTEX
  5
95E
  8
CUT
 10
379.0
 20
711.0
 30
0.0
 70
0
  0
VERTEX
  5
95F
  8
CUT
 10
379.0
 20
606.2
 30
0.0
 42
-0.41421356237309503
 70
0
  0
VERTEX
  5
960
  8
CUT
 10
382.20000000000005
 20
603.0
 30
0.0
 42
-0.41421356237309503
 70
0
  0
VERTEX
  5
961
  8
CUT
 10
379.0
 20
599.8
 30
0.0
 42
-0.41421356237309503
 70
0
  0
VERTEX
  5
962
  8
CUT
 10
375.8
 20
603.0
 30
0.0
 70
0
  0
VERTEX
  5
963
  8
CUT
 10
361.0
 20
603.0
 30
0.0
 70
0
  0
VERTEX
  5
964
  8
CUT
 10
361.0
 20
563.0
 30
0.0
 70
0
  0
VERTEX
  5
965
  8
CUT
 10
375.8
 20
563.0
 30
0.0
 42
-0.41421356237309503
 70
0
  0
VERTEX
  5
966
  8
CUT
 10
379.0
 20
566.1999999999999
 30
0.0
 42
-0.41421356237309503
 70
0
  0
VERTEX
  5
967
  8
CUT
 10
382.2
 20
563.0
 30
0.0
 42
-0.41421356237309503
 70
0
  0
VERTEX
  5
968
  8
CUT
 10
379.0
 20
559.8000000000001
 30
0.0
 70
0
  0
VERTEX
  5
969
  8
CUT
 10
379.0
 20
541.0
 30
0.0
 70
0
  0
VERTEX
  5
96A
  8
CUT
 10
509.0
 20
541.0
 30
0.0
 70
0
  0
VERTEX
  5
96B
  8
CUT
 10
509.0
 20
547.8
 30
0.0
 42
-0.41421356237309503
 70
0
  0
VERTEX
  5
96C
  8
CUT
 10
505.79999999999995
 20
551.0
 30
0.0
 42
-0.41421356237309503
 70
0
  0
VERTEX
  5
96D
  8
CUT
 10
509.0
 20
554.2
 30
0.0
 42
-0.41421356237309503
 70
0
  0
VERTEX
  5
96E
  8
CUT
 10
512.2
 20
551.0
 30
0.0
 70
0
  0
VERTEX
  5
96F
  8
CUT
 10
609.0
 20
551.0
 30
0.0
 70
0
  0
VERTEX
  5
970
  8
CUT
 10
639.0
 20
581.0
 30
0.0
 70
0
  0
VERTEX
  5
971
  8
CUT
 10
639.0
 20
701.0
 30
0.0
 70
0
  0
VERTEX
  5
972
  8
CUT
 10
512.2
 20
701.0
 30
0.0
 42
-0.41421356237309503
 70
0
  0
VERTEX
  5
973
  8
CUT
 10
509.0
 20
697.8
 30
0.0
 42
-0.41421356237309503
 70
0
  0
VERTEX
  5
974
  8
CUT
 10
505.79999999999995
 20
701.0
 30
0.0
 42
-0.41421356237309503
 70
0
  0
VERTEX
  5
975
  8
CUT
 10
509.0
 20
704.2
 30
0.0
 70
0
  0
VERTEX
  5
976
  8
CUT
 10
509.0
 20
711.0
 30
0.0
 70
0
  0
SEQEND
  5
95D
  8
CUT
  0
POLYLINE
  5
977
  8
CUT
 66
1
 10
0.0
 20
0.0
 30
0.0
 70
1
  0
VERTEX
  5
979
  8
CUT
 10
387.0
 20
1051.0
 30
0.0
 70
0
  0
VERTEX
  5
97A
  8
CUT
 10
387.0
 20
946.2
 30
0.0
 42
-0.41421356237309503
 70
0
  0
VERTEX
  5
97B
  8
CUT
 10
390.20000000000005
 20
943.0
 30
0.0
 42
-0.41421356237309503
 70
0
  0
VERTEX
  5
97C
  8
CUT
 10
387.0
 20
939.8
 30
0.0
 42
-0.41421356237309503
 70
0
  0
VERTEX
  5
97D
  8
CUT
 10
383.8
 20
943.0
 30
0.0
 70
0
  0
VERTEX
  5
97E
  8
CUT
 10
369.0
 20
943.0
 30
0.0
 70
0
  0
VERTEX
  5
97F
  8
CUT
 10
369.0
 20
903.0
 30
0.0
 70
0
  0
VERTEX
  5
980
  8
CUT
 10
383.8
 20
903.0
 30
0.0
 42
-0.41421356237309503
 70
0
  0
VERTEX
  5
981
  8
CUT
 10
387.0
 20
906.1999999999999
 30
0.0
 42
-0.41421356237309503
 70
0
  0
VERTEX
  5
982
  8
CUT
 10
390.2
 20
903.0
 30
0.0
 42
-0.41421356237309503
 70
0
  0
VERTEX
  5
983
  8
CUT
 10
387.0
 20
899.8000000000001
 30
0.0
 70
0
  0
VERTEX
  5
984
  8
CUT
 10
387.0
 20
881.0
 30
0.0
 70
0
  0
VERTEX
  5
985
  8
CUT
 10
517.0
 20
881.0
 30
0.0
 70
0
  0
VERTEX
  5
986
  8
CUT
 10
517.0
 20
887.8
 30
0.0
 42
-0.41421356237309503
 70
0
  0
VERTEX
  5
987
  8
CUT
 10
513.8
 20
891.0
 30
0.0
 42
-0.41421356237309503
 70
0
  0
VERTEX
  5
988
  8
CUT
 10
517.0
 20
894.2
 30
0.0
 42
-0.41421356237309503
 70
0
  0
VERTEX
  5
989
  8
CUT
 10
520.2
 20
891.0
 30
0.0
 70
0
  0
VERTEX
  5
98A
  8
CUT
 10
617.0
 20
891.0
 30
0.0
 70
0
  0
VERTEX
  5
98B
  8
CUT
 10
647.0
 20
921.0
 30
0.0
 70
0
  0
VERTEX
  5
98C
  8
CUT
 10
647.0
 20
1041.0
 30
0.0
 70
0
  0
VERTEX
  5
98D
  8
CUT
 10
520.2
 20
1041.0
 30
0.0
 42
-0.41421356237309503
 70
0
  0
VERTEX
  5
98E
  8
CUT
 10
517.0
 20
1037.8
 30
0.0
 42
-0.41421356237309503
 70
0
  0
VERTEX
  5
98F
  8
CUT
 10
513.8
 20
1041.0
 30
0.0
 42
-0.41421356237309503
 70
0
  0
VERTEX
  5
990
  8
CUT
 10
517.0
 20
1044.2
 30
0.0
 70
0
  0
VERTEX
  5
991
  8
CUT
 10
517.0
 20
1051.0
 30
0.0
 70
0
  0
SEQEND
  5
978
  8
CUT
  0
POLYLINE
  5
992
  8
CUT
 66
1
 10
0.0
 20
0.0
 30
0.0
 70
1
  0
VERTEX
  5
994
  8
CUT
 10
661.0
 20
863.0
 30
0.0
 70
0
  0
VERTEX
  5
995
  8
CUT
 10
765.8
 20
863.0
 30
0.0
 42
-0.41421356237309503
 70
0
  0
VERTEX
  5
996
  8
CUT
 10
769.0
 20
866.2
 30
0.0
 42
-0.41421356237309503
 70
0
  0
VERTEX
  5
997
  8
CUT
 10
772.2
 20
863.0
 30
0.0
 42
-0.41421356237309503
 70
0
  0
VERTEX
  5
998
  8
CUT
 10
769.0
 20
859.8
 30
0.0
 70
0
  0
VERTEX
  5
999
  8
CUT
 10
769.0
 20
845.0
 30
0.0
 70
0
  0
VERTEX
  5
99A
  8
CUT
 10
809.0
 20
845.0
 30
0.0
 70
0
  0
VERTEX
  5
99B
  8
CUT
 10
809.0
 20
859.8
 30
0.0
 42
-0.41421356237309503
 70
0
  0
VERTEX
  5
99C
  8
CUT
 10
805.8
 20
863.0
 30
0.0
 42
-0.41421356237309503
 70
0
  0
VERTEX
  5
99D
  8
CUT
 10
809.0
 20
866.2
 30
0.0
 42
-0.41421356237309503
 70
0
  0
VERTEX
  5
99E
  8
CUT
 10
812.2
 20
863.0
 30
0.0
 70
0
  0
VERTEX
  5
99F
  8
CUT
 10
831.0
 20
863.0
 30
0.0
 70
0
  0
VERTEX
  5
9A0
  8
CUT
 10
831.0
 20
993.0
 30
0.0
 70
0
  0
VERTEX
  5
9A1
  8
CUT
 10
824.2
 20
993.0
 30
0.0
 42
-0.41421356237309503
 70
0
  0
VERTEX
  5
9A2
  8
CUT
 10
821.0
 20
989.8
 30
0.0
 42
-0.41421356237309503
 70
0
  0
VERTEX
  5
9A3
  8
CUT
 10
817.8
 20
993.0
 30
0.0
 42
-0.41421356237309503
 70
0
  0
VERTEX
  5
9A4
  8
CUT
 10
821.0
 20
996.2
 30
0.0
 70
0
  0
VERTEX
  5
9A5
  8
CUT
 10
821.0
 20
1093.0
 30
0.0
 70
0
  0
VERTEX
  5
9A6
  8
CUT
 10
791.0
 20
1123.0
 30
0.0
 70
0
  0
VERTEX
  5
9A7
  8
CUT
 10
671.0
 20
1123.0
 30
0.0
 70
0
  0
VERTEX
  5
9A8
  8
CUT
 10
671.0
 20
996.2
 30
0.0
 42
-0.41421356237309503
 70
0
  0
VERTEX
  5
9A9
  8
CUT
 10
674.2
 20
993.0
 30
0.0
 42
-0.41421356237309503
 70
0
  0
VERTEX
  5
9AA
  8
CUT
 10
671.0
 20
989.8
 30
0.0
 42
-0.41421356237309503
 70
0
  0
VERTEX
  5
9AB
  8
CUT
 10
667.8
 20
993.0
 30
0.0
 70
0
  0
VERTEX
  5
9AC
  8
CUT
 10
661.0
 20
993.0
 30
0.0
 70
0
  0
SEQEND
  5
993
  8
CUT
  0
POLYLINE
  5
9AD
  8
CUT
 66
1
 10
0.0
 20
0.0
 30
0.0
 70
1
  0
VERTEX
  5
9AF
  8
CUT
 10
1641.0
 20
17.0
 30
0.0
 70
0
  0
VERTEX
  5
9B0
  8
CUT
 10
1641.0
 20
121.8
 30
0.0
 42
-0.41421356237309503
 70
0
  0
VERTEX
  5
9B1
  8
CUT
 10
1637.8
 20
125.00000000000003
 30
0.0
 42
-0.41421356237309503
 70
0
  0
VERTEX
  5
9B2
  8
CUT
 10
1641.0
 20
128.20000000000005
 30
0.0
 42
-0.41421356237309503
 70
0
  0
VERTEX
  5
9B3
  8
CUT
 10
1644.2
 20
125.0
 30
0.0
 70
0
  0
VERTEX
  5
9B4
  8
CUT
 10
1659.0
 20
125.0
 30
0.0
 70
0
  0
VERTEX
  5
9B5
  8
CUT
 10
1659.0
 20
165.0
 30
0.0
 70
0
  0
VERTEX
  5
9B6
  8
CUT
 10
1644.2
 20
165.0
 30
0.0
 42
-0.41421356237309503
 70
0
  0
VERTEX
  5
9B7
  8
CUT
 10
1641.0
 20
161.79999999999995
 30
0.0
 42
-0.41421356237309503
 70
0
  0
VERTEX
  5
9B8
  8
CUT
 10
1637.8
 20
164.99999999999994
 30
0.0
 42
-0.41421356237309503
 70
0
  0
VERTEX
  5
9B9
  8
CUT
 10
1641.0
 20
168.2
 30
0.0
 70
0
  0
VERTEX
  5
9BA
  8
CUT
 10
1641.0
 20
187.0
 30
0.0
 70
0
  0
VERTEX
  5
9BB
  8
CUT
 10
1511.0
 20
187.0
 30
0.0
 70
0
  0
VERTEX
  5
9BC
  8
CUT
 10
1511.0
 20
180.2
 30
0.0
 42
-0.41421356237309503
 70
0
  0
VERTEX
  5
9BD
  8
CUT
 10
1514.2
 20
176.99999999999997
 30
0.0
 42
-0.41421356237309503
 70
0
  0
VERTEX
  5
9BE
  8
CUT
 10
1511.0
 20
173.79999999999995
 30
0.0
 42
-0.41421356237309503
 70
0
  0
VERTEX
  5
9BF
  8
CUT
 10
1507.8
 20
177.0
 30
0.0
 70
0
  0
VERTEX
  5
9C0
  8
CUT
 10
1411.0
 20
177.00000000000003
 30
0.0
 70
0
  0
VERTEX
  5
9C1
  8
CUT
 10
1381.0
 20
147.00000000000003
 30
0.0
 70
0
  0
VERTEX
  5
9C2
  8
CUT
 10
1381.0
 20
27.000000000000014
 30
0.0
 70
0
  0
VERTEX
  5
9C3
  8
CUT
 10
1507.8
 20
27.000000000000007
 30
0.0
 42
-0.41421356237309503
 70
0
  0
VERTEX
  5
9C4
  8
CUT
 10
1511.0
 20
30.200000000000053
 30
0.0
 42
-0.41421356237309503
 70
0
  0
VERTEX
  5
9C5
  8
CUT
 10
1514.2
 20
27.000000000000053
 30
0.0
 42
-0.41421356237309503
 70
0
  0
VERTEX
  5
9C6
  8
CUT
 10
1511.0
 20
23.800000000000008
 30
0.0
 70
0
  0
VERTEX
  5
9C7
  8
CUT
 10
1511.0
 20
17.000000000000007
 30
0.0
 70
0
  0
SEQEND
  5
9AE
  8
CUT
  0
POLYLINE
  5
9C8
  8
CUT
 66
1
 10
0.0
 20
0.0
 30
0.0
 70
1
  0
VERTEX
  5
9CA
  8
CUT
 10
1663.0
 20
351.0
 30
0.0
 70
0
  0
VERTEX
  5
9CB
  8
CUT
 10
1663.0
 20
246.20000000000005
 30
0.0
 42
-0.41421356237309503
 70
0
  0
VERTEX
  5
9CC
  8
CUT
 10
1666.2
 20
243.0
 30
0.0
 42
-0.41421356237309503
 70
0
  0
VERTEX
  5
9CD
  8
CUT
 10
1663.0
 20
239.79999999999995
 30
0.0
 42
-0.41421356237309503
 70
0
  0
VERTEX
  5
9CE
  8
CUT
 10
1659.8
 20
243.00000000000003
 30
0.0
 70
0
  0
VERTEX
  5
9CF
  8
CUT
 10
1645.0
 20
243.00000000000003
 30
0.0
 70
0
  0
VERTEX
  5
9D0
  8
CUT
 10
1645.0
 20
203.00000000000003
 30
0.0
 70
0
  0
VERTEX
  5
9D1
  8
CUT
 10
1659.8
 20
203.00000000000003
 30
0.0
 42
-0.41421356237309503
 70
0
  0
VERTEX
  5
9D2
  8
CUT
 10
1663.0
 20
206.20000000000007
 30
0.0
 42
-0.41421356237309503
 70
0
  0
VERTEX
  5
9D3
  8
CUT
 10
1666.2
 20
203.00000000000009
 30
0.0
 42
-0.41421356237309503
 70
0
  0
VERTEX
  5
9D4
  8
CUT
 10
1663.0
 20
199.80000000000004
 30
0.0
 70
0
  0
VERTEX
  5
9D5
  8
CUT
 10
1663.0
 20
181.00000000000003
 30
0.0
 70
0
  0
VERTEX
  5
9D6
  8
CUT
 10
1793.0
 20
181.0
 30
0.0
 70
0
  0
VERTEX
  5
9D7
  8
CUT
 10
1793.0
 20
187.8
 30
0.0
 42
-0.41421356237309503
 70
0
  0
VERTEX
  5
9D8
  8
CUT
 10
1789.8
 20
191.00000000000003
 30
0.0
 42
-0.41421356237309503
 70
0
  0
VERTEX
  5
9D9
  8
CUT
 10
1793.0
 20
194.20000000000005
 30
0.0
 42
-0.41421356237309503
 70
0
  0
VERTEX
  5
9DA
  8
CUT
 10
1796.2
 20
191.0
 30
0.0
 70
0
  0
VERTEX
  5
9DB
  8
CUT
 10
1893.0
 20
190.99999999999997
 30
0.0
 70
0
  0
VERTEX
  5
9DC
  8
CUT
 10
1923.0
 20
220.99999999999997
 30
0.0
 70
0
  0
VERTEX
  5
9DD
  8
CUT
 10
1923.0
 20
341.0
 30
0.0
 70
0
  0
VERTEX
  5
9DE
  8
CUT
 10
1796.2
 20
341.0
 30
0.0
 42
-0.41421356237309503
 70
0
  0
VERTEX
  5
9DF
  8
CUT
 10
1793.0
 20
337.79999999999995
 30
0.0
 42
-0.41421356237309503
 70
0
  0
VERTEX
  5
9E0
  8
CUT
 10
1789.8
 20
341.0
 30
0.0
 42
-0.41421356237309503
 70
0
  0
VERTEX
  5
9E1
  8
CUT
 10
1793.0
 20
344.2
 30
0.0
 70
0
  0
VERTEX
  5
9E2
  8
CUT
 10
1793.0
 20
351.0
 30
0.0
 70
0
  0
SEQEND
  5
9C9
  8
CUT
  0
POLYLINE
  5
9E3
  8
CUT
 66
1
 10
0.0
 20
0.0
 30
0.0
 70
1
  0
VERTEX
  5
9E5
  8
CUT
 10
1937.0
 20
357.0
 30
0.0
 70
0
  0
VERTEX
  5
9E6
  8
CUT
 10
1937.0
 20
461.8
 30
0.0
 42
-0.41421356237309503
 70
0
  0
VERTEX
  5
9E7
  8
CUT
 10
1933.8
 20
465.0
 30
0.0
 42
-0.41421356237309503
 70
0
  0
VERTEX
  5
9E8
  8
CUT
 10
1937.0
 20
468.20000000000005
 30
0.0
 42
-0.41421356237309503
 70
0
  0
VERTEX
  5
9E9
  8
CUT
 10
1940.2
 20
465.0
 30
0.0
 70
0
  0
VERTEX
  5
9EA
  8
CUT
 10
1955.0
 20
465.0
 30
0.0
 70
0
  0
VERTEX
  5
9EB
  8
CUT
 10
1955.0
 20
505.0
 30
0.0
 70
0
  0
VERTEX
  5
9EC
  8
CUT
 10
1940.2
 20
505.0
 30
0.0
 42
-0.41421356237309503
 70
0
  0
VERTEX
  5
9ED
  8
CUT
 10
1937.0
 20
501.79999999999995
 30
0.0
 42
-0.41421356237309503
 70
0
  0
VERTEX
  5
9EE
  8
CUT
 10
1933.8
 20
505.0
 30
0.0
 42
-0.41421356237309503
 70
0
  0
VERTEX
  5
9EF
  8
CUT
 10
1937.0
 20
508.2
 30
0.0
 70
0
  0
VERTEX
  5
9F0
  8
CUT
 10
1937.0
 20
527.0
 30
0.0
 70
0
  0
VERTEX
  5
9F1
  8
CUT
 10
1807.0
 20
527.0
 30
0.0
 70
0
  0
VERTEX
  5
9F2
  8
CUT
 10
1807.0
 20
520.2
 30
0.0
 42
-0.41421356237309503
 70
0
  0
VERTEX
  5
9F3
  8
CUT
 10
1810.2
 20
517.0
 30
0.0
 42
-0.41421356237309503
 70
0
  0
VERTEX
  5
9F4
  8
CUT
 10
1807.0
 20
513.8
 30
0.0
 42
-0.41421356237309503
 70
0
  0
VERTEX
  5
9F5
  8
CUT
 10
1803.8
 20
517.0
 30
0.0
 70
0
  0
VERTEX
  5
9F6
  8
CUT
 10
1707.0
 20
517.0
 30
0.0
 70
0
  0
VERTEX
  5
9F7
  8
CUT
 10
1677.0
 20
487.0
 30
0.0
 70
0
  0
VERTEX
  5
9F8
  8
CUT
 10
1677.0
 20
367.0
 30
0.0
 70
0
  0
VERTEX
  5
9F9
  8
CUT
 10
1803.8
 20
367.0
 30
0.0
 42
-0.41421356237309503
 70
0
  0
VERTEX
  5
9FA
  8
CUT
 10
1807.0
 20
370.20000000000005
 30
0.0
 42
-0.41421356237309503
 70
0
  0
VERTEX
  5
9FB
  8
CUT
 10
1810.2
 20
367.0
 30
0.0
 42
-0.41421356237309503
 70
0
  0
VERTEX
  5
9FC
  8
CUT
 10
1807.0
 20
363.8
 30
0.0
 70
0
  0
VERTEX
  5
9FD
  8
CUT
 10
1807.0
 20
357.0
 30
0.0
 70
0
  0
SEQEND
  5
9E4
  8
CUT
  0
POLYLINE
  5
9FE
  8
CUT
 66
1
 10
0.0
 20
0.0
 30
0.0
 70
1
  0
VERTEX
  5
A00
  8
CUT
 10
1751.0
 20
1195.0
 30
0.0
 70
0
  0
VERTEX
  5
A01
  8
CUT
 10
1751.0
 20
1090.2
 30
0.0
 42
-0.41421356237309503
 70
0
  0
VERTEX
  5
A02
  8
CUT
 10
1754.2
 20
1087.0
 30
0.0
 42
-0.41421356237309503
 70
0
  0
VERTEX
  5
A03
  8
CUT
 10
1751.0
 20
1083.8
 30
0.0
 42
-0.41421356237309503
 70
0
  0
VERTEX
  5
A04
  8
CUT
 10
1747.8
 20
1087.0
 30
0.0
 70
0
  0
VERTEX
  5
A05
  8
CUT
 10
1733.0
 20
1087.0
 30
0.0
 70
0
  0
VERTEX
  5
A06
  8
CUT
 10
1733.0
 20
1047.0
 30
0.0
 70
0
  0
VERTEX
  5
A07
  8
CUT
 10
1747.8
 20
1047.0
 30
0.0
 42
-0.41421356237309503
 70
0
  0
VERTEX
  5
A08
  8
CUT
 10
1751.0
 20
1050.2
 30
0.0
 42
-0.41421356237309503
 70
0
  0
VERTEX
  5
A09
  8
CUT
 10
1754.2
 20
1047.0
 30
0.0
 42
-0.41421356237309503
 70
0
  0
VERTEX
  5
A0A
  8
CUT
 10
1751.0
 20
1043.8
 30
0.0
 70
0
  0
VERTEX
  5
A0B
  8
CUT
 10
1751.0
 20
1025.0
 30
0.0
 70
0
  0
VERTEX
  5
A0C
  8
CUT
 10
1881.0
 20
1025.0
 30
0.0
 70
0
  0
VERTEX
  5
A0D
  8
CUT
 10
1881.0
 20
1031.8
 30
0.0
 42
-0.41421356237309503
 70
0
  0
VERTEX
  5
A0E
  8
CUT
 10
1877.8
 20
1035.0
 30
0.0
 42
-0.41421356237309503
 70
0
  0
VERTEX
  5
A0F
  8
CUT
 10
1881.0
 20
1038.2
 30
0.0
 42
-0.41421356237309503
 70
0
  0
VERTEX
  5
A10
  8
CUT
 10
1884.2
 20
1035.0
 30
0.0
 70
0
  0
VERTEX
  5
A11
  8
CUT
 10
1981.0
 20
1035.0
 30
0.0
 70
0
  0
VERTEX
  5
A12
  8
CUT
 10
2011.0
 20
1065.0
 30
0.0
 70
0
  0
VERTEX
  5
A13
  8
CUT
 10
2011.0
 20
1185.0
 30
0.0
 70
0
  0
VERTEX
  5
A14
  8
CUT
 10
1884.2
 20
1185.0
 30
0.0
 42
-0.41421356237309503
 70
0
  0
VERTEX
  5
A15
  8
CUT
 10
1881.0
 20
1181.8
 30
0.0
 42
-0.41421356237309503
 70
0
  0
VERTEX
  5
A16
  8
CUT
 10
1877.8
 20
1185.0
 30
0.0
 42
-0.41421356237309503
 70
0
  0
VERTEX
  5
A17
  8
CUT
 10
1881.0
 20
1188.2
 30
0.0
 70
0
  0
VERTEX
  5
A18
  8
CUT
 10
1881.0
 20
1195.0
 30
0.0
 70
0
  0
SEQEND
  5
9FF
  8
CUT
  0
POLYLINE
  5
A19
  8
CUT
 66
1
 10
0.0
 20
0.0
 30
0.0
 70
1
  0
VERTEX
  5
A1B
  8
CUT
 10
1567.0
 20
1018.6396103067893
 30
0.0
 70
0
  0
VERTEX
  5
A1C
  8
CUT
 10
1462.2
 20
1018.6396103067893
 30
0.0
 42
-0.41421356237309503
 70
0
  0
VERTEX
  5
A1D
  8
CUT
 10
1459.0
 20
1015.4396103067893
 30
0.0
 42
-0.41421356237309503
 70
0
  0
VERTEX
  5
A1E
  8
CUT
 10
1455.8
 20
1018.6396103067893
 30
0.0
 42
-0.41421356237309503
 70
0
  0
VERTEX
  5
A1F
  8
CUT
 10
1459.0
 20
1021.8396103067893
 30
0.0
 70
0
  0
VERTEX
  5
A20
  8
CUT
 10
1459.0
 20
1036.6396103067893
 30
0.0
 70
0
  0
VERTEX
  5
A21
  8
CUT
 10
1419.0
 20
1036.6396103067893
 30
0.0
 70
0
  0
VERTEX
  5
A22
  8
CUT
 10
1419.0
 20
1021.8396103067893
 30
0.0
 42
-0.41421356237309503
 70
0
  0
VERTEX
  5
A23
  8
CUT
 10
1422.2
 20
1018.6396103067893
 30
0.0
 42
-0.41421356237309503
 70
0
  0
VERTEX
  5
A24
  8
CUT
 10
1419.0
 20
1015.4396103067893
 30
0.0
 42
-0.41421356237309503
 70
0
  0
VERTEX
  5
A25
  8
CUT
 10
1415.8
 20
1018.6396103067893
 30
0.0
 70
0
  0
VERTEX
  5
A26
  8
CUT
 10
1397.0
 20
1018.6396103067893
 30
0.0
 70
0
  0
VERTEX
  5
A27
  8
CUT
 10
1397.0
 20
888.6396103067893
 30
0.0
 70
0
  0
VERTEX
  5
A28
  8
CUT
 10
1403.8
 20
888.6396103067893
 30
0.0
 42
-0.41421356237309503
 70
0
  0
VERTEX
  5
A29
  8
CUT
 10
1407.0
 20
891.8396103067894
 30
0.0
 42
-0.41421356237309503
 70
0
  0
VERTEX
  5
A2A
  8
CUT
 10
1410.2
 20
888.6396103067893
 30
0.0
 42
-0.41421356237309503
 70
0
  0
VERTEX
  5
A2B
  8
CUT
 10
1407.0
 20
885.4396103067893
 30
0.0
 70
0
  0
VERTEX
  5
A2C
  8
CUT
 10
1407.0
 20
815.0
 30
0.0
 70
0
  0
VERTEX
  5
A2D
  8
CUT
 10
1437.0
 20
785.0
 30
0.0
 70
0
  0
VERTEX
  5
A2E
  8
CUT
 10
1557.0
 20
785.0
 30
0.0
 70
0
  0
VERTEX
  5
A2F
  8
CUT
 10
1557.0
 20
885.4396103067893
 30
0.0
 42
-0.41421356237309503
 70
0
  0
VERTEX
  5
A30
  8
CUT
 10
1553.8
 20
888.6396103067893
 30
0.0
 42
-0.41421356237309503
 70
0
  0
VERTEX
  5
A31
  8
CUT
 10
1557.0
 20
891.8396103067894
 30
0.0
 42
-0.41421356237309503
 70
0
  0
VERTEX
  5
A32
  8
CUT
 10
1560.2
 20
888.6396103067893
 30
0.0
 70
0
  0
VERTEX
  5
A33
  8
CUT
 10
1567.0
 20
888.6396103067893
 30
0.0
 70
0
  0
SEQEND
  5
A1A
  8
CUT
  0
POLYLINE
  5
A34
  8
CUT
 66
1
 10
0.0
 20
0.0
 30
0.0
 70
1
  0
VERTEX
  5
A36
  8
CUT
 10
1787.0
 20
711.0
 30
0.0
 70
0
  0
VERTEX
  5
A37
  8
CUT
 10
1787.0
 20
606.2
 30
0.0
 42
-0.41421356237309503
 70
0
  0
VERTEX
  5
A38
  8
CUT
 10
1790.2
 20
603.0
 30
0.0
 42
-0.41421356237309503
 70
0
  0
VERTEX
  5
A39
  8
CUT
 10
1787.0
 20
599.8
 30
0.0
 42
-0.41421356237309503
 70
0
  0
VERTEX
  5
A3A
  8
CUT
 10
1783.8
 20
603.0
 30
0.0
 70
0
  0
VERTEX
  5
A3B
  8
CUT
 10
1769.0
 20
603.0
 30
0.0
 70
0
  0
VERTEX
  5
A3C
  8
CUT
 10
1769.0
 20
563.0
 30
0.0
 70
0
  0
VERTEX
  5
A3D
  8
CUT
 10
1783.8
 20
563.0
 30
0.0
 42
-0.41421356237309503
 70
0
  0
VERTEX
  5
A3E
  8
CUT
 10
1787.0
 20
566.2
 30
0.0
 42
-0.41421356237309503
 70
0
  0
VERTEX
  5
A3F
  8
CUT
 10
1790.2
 20
563.0
 30
0.0
 42
-0.41421356237309503
 70
0
  0
VERTEX
  5
A40
  8
CUT
 10
1787.0
 20
559.8000000000001
 30
0.0
 70
0
  0
VERTEX
  5
A41
  8
CUT
 10
1787.0
 20
541.0
 30
0.0
 70
0
  0
VERTEX
  5
A42
  8
CUT
 10
1917.0
 20
541.0
 30
0.0
 70
0
  0
VERTEX
  5
A43
  8
CUT
 10
1917.0
 20
547.8
 30
0.0
 42
-0.41421356237309503
 70
0
  0
VERTEX
  5
A44
  8
CUT
 10
1913.8
 20
551.0
 30
0.0
 42
-0.41421356237309503
 70
0
  0
VERTEX
  5
A45
  8
CUT
 10
1917.0
 20
554.2
 30
0.0
 42
-0.41421356237309503
 70
0
  0
VERTEX
  5
A46
  8
CUT
 10
1920.2
 20
551.0
 30
0.0
 70
0
  0
VERTEX
  5
A47
  8
CUT
 10
1990.6396103067893
 20
551.0
 30
0.0
 70
0
  0
VERTEX
  5
A48
  8
CUT
 10
2020.6396103067893
 20
581.0
 30
0.0
 70
0
  0
VERTEX
  5
A49
  8
CUT
 10
2020.6396103067893
 20
701.0
 30
0.0
 70
0
  0
VERTEX
  5
A4A
  8
CUT
 10
1920.2
 20
701.0
 30
0.0
 42
-0.41421356237309503
 70
0
  0
VERTEX
  5
A4B
  8
CUT
 10
1917.0
 20
697.8
 30
0.0
 42
-0.41421356237309503
 70
0
  0
VERTEX
  5
A4C
  8
CUT
 10
1913.8
 20
701.0
 30
0.0
 42
-0.41421356237309503
 70
0
  0
VERTEX
  5
A4D
  8
CUT
 10
1917.0
 20
704.2
 30
0.0
 70
0
  0
VERTEX
  5
A4E
  8
CUT
 10
1917.0
 20
711.0
 30
0.0
 70
0
  0
SEQEND
  5
A35
  8
CUT
  0
POLYLINE
  5
A4F
  8
CUT
 66
1
 10
0.0
 20
0.0
 30
0.0
 70
1
  0
VERTEX
  5
A51
  8
CUT
 10
375.0
 20
1194.999651480396
 30
0.0
 70
0
  0
VERTEX
  5
A52
  8
CUT
 10
375.0
 20
1190.1996514803961
 30
0.0
 42
-0.41421356237309503
 70
0
  0
VERTEX
  5
A53
  8
CUT
 10
378.20000000000005
 20
1186.999651480396
 30
0.0
 42
-0.41421356237309503
 70
0
  0
VERTEX
  5
A54
  8
CUT
 10
375.0
 20
1183.799651480396
 30
0.0
 42
-0.41421356237309503
 70
0
  0
VERTEX
  5
A55
  8
CUT
 10
371.8
 20
1186.999651480396
 30
0.0
 70
0
  0
VERTEX
  5
A56
  8
CUT
 10
357.0
 20
1186.999651480396
 30
0.0
 70
0
  0
VERTEX
  5
A57
  8
CUT
 10
357.0
 20
1146.999651480396
 30
0.0
 70
0
  0
VERTEX
  5
A58
  8
CUT
 10
371.8
 20
1146.999651480396
 30
0.0
 42
-0.41421356237309503
 70
0
  0
VERTEX
  5
A59
  8
CUT
 10
375.0
 20
1150.1996514803961
 30
0.0
 42
-0.41421356237309503
 70
0
  0
VERTEX
  5
A5A
  8
CUT
 10
378.20000000000005
 20
1146.999651480396
 30
0.0
 42
-0.41421356237309503
 70
0
  0
VERTEX
  5
A5B
  8
CUT
 10
375.0
 20
1143.799651480396
 30
0.0
 70
0
  0
VERTEX
  5
A5C
  8
CUT
 10
375.0
 20
1110.833911729939
 30
0.0
 70
0
  0
VERTEX
  5
A5D
  8
CUT
 10
383.35714285714283
 20
1104.9043854176425
 30
0.0
 70
0
  0
VERTEX
  5
A5E
  8
CUT
 10
391.7142857142857
 20
1099.38542084777
 30
0.0
 70
0
  0
VERTEX
  5
A5F
  8
CUT
 10
400.07142857142856
 20
1094.2770180203213
 30
0.0
 70
0
  0
VERTEX
  5
A60
  8
CUT
 10
408.42857142857144
 20
1089.5791769352966
 30
0.0
 70
0
  0
VERTEX
  5
A61
  8
CUT
 10
416.7857142857143
 20
1085.2918975926955
 30
0.0
 70
0
  0
VERTEX
  5
A62
  8
CUT
 10
425.1428571428571
 20
1081.4151799925185
 30
0.0
 70
0
  0
VERTEX
  5
A63
  8
CUT
 10
433.5
 20
1077.9490241347653
 30
0.0
 70
0
  0
VERTEX
  5
A64
  8
CUT
 10
441.85714285714283
 20
1074.893430019436
 30
0.0
 70
0
  0
VERTEX
  5
A65
  8
CUT
 10
450.21428571428567
 20
1072.2483976465307
 30
0.0
 70
0
  0
VERTEX
  5
A66
  8
CUT
 10
458.57142857142856
 20
1070.0139270160491
 30
0.0
 70
0
  0
VERTEX
  5
A67
  8
CUT
 10
466.92857142857144
 20
1068.1900181279916
 30
0.0
 70
0
  0
VERTEX
  5
A68
  8
CUT
 10
475.2857142857143
 20
1066.776670982358
 30
0.0
 70
0
  0
VERTEX
  5
A69
  8
CUT
 10
483.6428571428571
 20
1065.773885579148
 30
0.0
 70
0
  0
VERTEX
  5
A6A
  8
CUT
 10
492.0
 20
1065.1816619183621
 30
0.0
 70
0
  0
VERTEX
  5
A6B
  8
CUT
 10
500.35714285714283
 20
1065.0
 30
0.0
 70
0
  0
VERTEX
  5
A6C
  8
CUT
 10
508.71428571428567
 20
1065.2288998240617
 30
0.0
 70
0
  0
VERTEX
  5
A6D
  8
CUT
 10
517.0714285714286
 20
1065.8683613905475
 30
0.0
 70
0
  0
VERTEX
  5
A6E
  8
CUT
 10
525.4285714285713
 20
1066.9183846994572
 30
0.0
 70
0
  0
VERTEX
  5
A6F
  8
CUT
 10
533.7857142857142
 20
1068.3789697507905
 30
0.0
 70
0
  0
VERTEX
  5
A70
  8
CUT
 10
542.1428571428571
 20
1070.250116544548
 30
0.0
 70
0
  0
VERTEX
  5
A71
  8
CUT
 10
550.5
 20
1072.5318250807293
 30
0.0
 70
0
  0
VERTEX
  5
A72
  8
CUT
 10
558.8571428571429
 20
1075.2240953593343
 30
0.0
 70
0
  0
VERTEX
  5
A73
  8
CUT
 10
567.2142857142857
 20
1078.3269273803635
 30
0.0
 70
0
  0
VERTEX
  5
A74
  8
CUT
 10
575.5714285714286
 20
1081.8403211438163
 30
0.0
 70
0
  0
VERTEX
  5
A75
  8
CUT
 10
583.9285714285713
 20
1085.764276649693
 30
0.0
 70
0
  0
VERTEX
  5
A76
  8
CUT
 10
592.2857142857142
 20
1090.0987938979938
 30
0.0
 70
0
  0
VERTEX
  5
A77
  8
CUT
 10
600.6428571428571
 20
1094.8438728887184
 30
0.0
 70
0
  0
VERTEX
  5
A78
  8
CUT
 10
609.0
 20
1099.999513621867
 30
0.0
 70
0
  0
VERTEX
  5
A79
  8
CUT
 10
609.0
 20
1143.799651480396
 30
0.0
 42
-0.41421356237309503
 70
0
  0
VERTEX
  5
A7A
  8
CUT
 10
605.8
 20
1146.999651480396
 30
0.0
 42
-0.41421356237309503
 70
0
  0
VERTEX
  5
A7B
  8
CUT
 10
609.0
 20
1150.1996514803961
 30
0.0
 42
-0.41421356237309503
 70
0
  0
VERTEX
  5
A7C
  8
CUT
 10
612.2
 20
1146.999651480396
 30
0.0
 70
0
  0
VERTEX
  5
A7D
  8
CUT
 10
627.0
 20
1146.999651480396
 30
0.0
 70
0
  0
VERTEX
  5
A7E
  8
CUT
 10
627.0
 20
1186.999651480396
 30
0.0
 70
0
  0
VERTEX
  5
A7F
  8
CUT
 10
612.2
 20
1186.999651480396
 30
0.0
 42
-0.41421356237309503
 70
0
  0
VERTEX
  5
A80
  8
CUT
 10
609.0000000000001
 20
1183.7996514803963
 30
0.0
 42
-0.41421356237309503
 70
0
  0
VERTEX
  5
A81
  8
CUT
 10
605.8000000000002
 20
1186.999651480396
 30
0.0
 42
-0.41421356237309503
 70
0
  0
VERTEX
  5
A82
  8
CUT
 10
609.0
 20
1190.199651480396
 30
0.0
 70
0
  0
VERTEX
  5
A83
  8
CUT
 10
609.0
 20
1194.999651480396
 30
0.0
 70
0
  0
SEQEND
  5
A50
  8
CUT
  0
POLYLINE
  5
A84
  8
CUT
 66
1
 10
0.0
 20
0.0
 30
0.0
 70
1
  0
VERTEX
  5
A86
  8
CUT
 10
725.0
 20
409.0
 30
0.0
 70
0
  0
VERTEX
  5
A87
  8
CUT
 10
725.0
 20
413.8
 30
0.0
 42
-0.41421356237309503
 70
0
  0
VERTEX
  5
A88
  8
CUT
 10
721.8
 20
417.0
 30
0.0
 42
-0.41421356237309503
 70
0
  0
VERTEX
  5
A89
  8
CUT
 10
725.0
 20
420.20000000000005
 30
0.0
 42
-0.41421356237309503
 70
0
  0
VERTEX
  5
A8A
  8
CUT
 10
728.2
 20
417.0
 30
0.0
 70
0
  0
VERTEX
  5
A8B
  8
CUT
 10
743.0
 20
417.0
 30
0.0
 70
0
  0
VERTEX
  5
A8C
  8
CUT
 10
743.0
 20
457.0
 30
0.0
 70
0
  0
VERTEX
  5
A8D
  8
CUT
 10
728.2
 20
457.0
 30
0.0
 42
-0.41421356237309503
 70
0
  0
VERTEX
  5
A8E
  8
CUT
 10
725.0
 20
453.79999999999995
 30
0.0
 42
-0.41421356237309503
 70
0
  0
VERTEX
  5
A8F
  8
CUT
 10
721.8
 20
457.0
 30
0.0
 42
-0.41421356237309503
 70
0
  0
VERTEX
  5
A90
  8
CUT
 10
725.0
 20
460.2
 30
0.0
 70
0
  0
VERTEX
  5
A91
  8
CUT
 10
725.0
 20
493.16573975045696
 30
0.0
 70
0
  0
VERTEX
  5
A92
  8
CUT
 10
716.6428571428571
 20
499.0952660627535
 30
0.0
 70
0
  0
VERTEX
  5
A93
  8
CUT
 10
708.2857142857142
 20
504.61423063262606
 30
0.0
 70
0
  0
VERTEX
  5
A94
  8
CUT
 10
699.9285714285714
 20
509.72263346007475
 30
0.0
 70
0
  0
VERTEX
  5
A95
  8
CUT
 10
691.5714285714286
 20
514.4204745450995
 30
0.0
 70
0
  0
VERTEX
  5
A96
  8
CUT
 10
683.2142857142858
 20
518.7077538877006
 30
0.0
 70
0
  0
VERTEX
  5
A97
  8
CUT
 10
674.8571428571429
 20
522.5844714878775
 30
0.0
 70
0
  0
VERTEX
  5
A98
  8
CUT
 10
666.5
 20
526.0506273456307
 30
0.0
 70
0
  0
VERTEX
  5
A99
  8
CUT
 10
658.1428571428571
 20
529.10622146096
 30
0.0
 70
0
  0
VERTEX
  5
A9A
  8
CUT
 10
649.7857142857143
 20
531.7512538338653
 30
0.0
 70
0
  0
VERTEX
  5
A9B
  8
CUT
 10
641.4285714285714
 20
533.9857244643468
 30
0.0
 70
0
  0
VERTEX
  5
A9C
  8
CUT
 10
633.0714285714286
 20
535.8096333524045
 30
0.0
 70
0
  0
VERTEX
  5
A9D
  8
CUT
 10
624.7142857142858
 20
537.2229804980382
 30
0.0
 70
0
  0
VERTEX
  5
A9E
  8
CUT
 10
616.3571428571429
 20
538.225765901248
 30
0.0
 70
0
  0
VERTEX
  5
A9F
  8
CUT
 10
608.0
 20
538.817989562034
 30
0.0
 70
0
  0
VERTEX
  5
AA0
  8
CUT
 10
599.6428571428571
 20
538.9996514803961
 30
0.0
 70
0
  0
VERTEX
  5
AA1
  8
CUT
 10
591.2857142857142
 20
538.7707516563343
 30
0.0
 70
0
  0
VERTEX
  5
AA2
  8
CUT
 10
582.9285714285714
 20
538.1312900898486
 30
0.0
 70
0
  0
VERTEX
  5
AA3
  8
CUT
 10
574.5714285714286
 20
537.0812667809389
 30
0.0
 70
0
  0
VERTEX
  5
AA4
  8
CUT
 10
566.2142857142858
 20
535.6206817296055
 30
0.0
 70
0
  0
VERTEX
  5
AA5
  8
CUT
 10
557.8571428571429
 20
533.749534935848
 30
0.0
 70
0
  0
VERTEX
  5
AA6
  8
CUT
 10
549.5
 20
531.4678263996668
 30
0.0
 70
0
  0
VERTEX
  5
AA7
  8
CUT
 10
541.1428571428571
 20
528.7755561210616
 30
0.0
 70
0
  0
VERTEX
  5
AA8
  8
CUT
 10
532.7857142857142
 20
525.6727241000326
 30
0.0
 70
0
  0
VERTEX
  5
AA9
  8
CUT
 10
524.4285714285714
 20
522.1593303365797
 30
0.0
 70
0
  0
VERTEX
  5
AAA
  8
CUT
 10
516.0714285714286
 20
518.2353748307029
 30
0.0
 70
0
  0
VERTEX
  5
AAB
  8
CUT
 10
507.7142857142857
 20
513.9008575824022
 30
0.0
 70
0
  0
VERTEX
  5
AAC
  8
CUT
 10
499.3571428571429
 20
509.1557785916776
 30
0.0
 70
0
  0
VERTEX
  5
AAD
  8
CUT
 10
491.0
 20
504.0001378585291
 30
0.0
 70
0
  0
VERTEX
  5
AAE
  8
CUT
 10
491.0
 20
460.20000000000005
 30
0.0
 42
-0.41421356237309503
 70
0
  0
VERTEX
  5
AAF
  8
CUT
 10
494.20000000000005
 20
457.0
 30
0.0
 42
-0.41421356237309503
 70
0
  0
VERTEX
  5
AB0
  8
CUT
 10
491.0
 20
453.79999999999995
 30
0.0
 42
-0.41421356237309503
 70
0
  0
VERTEX
  5
AB1
  8
CUT
 10
487.8
 20
457.0
 30
0.0
 70
0
  0
VERTEX
  5
AB2
  8
CUT
 10
473.0
 20
457.0
 30
0.0
 70
0
  0
VERTEX
  5
AB3
  8
CUT
 10
473.0
 20
417.0
 30
0.0
 70
0
  0
VERTEX
  5
AB4
  8
CUT
 10
487.8
 20
417.0
 30
0.0
 42
-0.41421356237309503
 70
0
  0
VERTEX
  5
AB5
  8
CUT
 10
491.0
 20
420.2
 30
0.0
 42
-0.41421356237309503
 70
0
  0
VERTEX
  5
AB6
  8
CUT
 10
494.2
 20
417.0
 30
0.0
 42
-0.41421356237309503
 70
0
  0
VERTEX
  5
AB7
  8
CUT
 10
491.0
 20
413.8
 30
0.0
 70
0
  0
VERTEX
  5
AB8
  8
CUT
 10
491.0
 20
409.0
 30
0.0
 70
0
  0
SEQEND
  5
A85
  8
CUT
  0
POLYLINE
  5
AB9
  8
CUT
 66
1
 10
0.0
 20
0.0
 30
0.0
 70
1
  0
VERTEX
  5
ABB
  8
CUT
 10
1046.999651480396
 20
269.0
 30
0.0
 70
0
  0
VERTEX
  5
ABC
  8
CUT
 10
1042.1996514803961
 20
269.0
 30
0.0
 42
-0.41421356237309503
 70
0
  0
VERTEX
  5
ABD
  8
CUT
 10
1038.999651480396
 20
265.79999999999995
 30
0.0
 42
-0.41421356237309503
 70
0
  0
VERTEX
  5
ABE
  8
CUT
 10
1035.799651480396
 20
269.0
 30
0.0
 42
-0.41421356237309503
 70
0
  0
VERTEX
  5
ABF
  8
CUT
 10
1038.999651480396
 20
272.2
 30
0.0
 70
0
  0
VERTEX
  5
AC0
  8
CUT
 10
1038.999651480396
 20
287.0
 30
0.0
 70
0
  0
VERTEX
  5
AC1
  8
CUT
 10
998.9996514803961
 20
287.0
 30
0.0
 70
0
  0
VERTEX
  5
AC2
  8
CUT
 10
998.9996514803961
 20
272.20000000000005
 30
0.0
 42
-0.41421356237309503
 70
0
  0
VERTEX
  5
AC3
  8
CUT
 10
1002.1996514803961
 20
269.0
 30
0.0
 42
-0.41421356237309503
 70
0
  0
VERTEX
  5
AC4
  8
CUT
 10
998.9996514803961
 20
265.79999999999995
 30
0.0
 42
-0.41421356237309503
 70
0
  0
VERTEX
  5
AC5
  8
CUT
 10
995.799651480396
 20
269.0
 30
0.0
 70
0
  0
VERTEX
  5
AC6
  8
CUT
 10
962.8339117299391
 20
269.0
 30
0.0
 70
0
  0
VERTEX
  5
AC7
  8
CUT
 10
956.9043854176425
 20
260.64285714285717
 30
0.0
 70
0
  0
VERTEX
  5
AC8
  8
CUT
 10
951.38542084777
 20
252.2857142857143
 30
0.0
 70
0
  0
VERTEX
  5
AC9
  8
CUT
 10
946.2770180203213
 20
243.92857142857144
 30
0.0
 70
0
  0
VERTEX
  5
ACA
  8
CUT
 10
941.5791769352965
 20
235.57142857142858
 30
0.0
 70
0
  0
VERTEX
  5
ACB
  8
CUT
 10
937.2918975926955
 20
227.21428571428572
 30
0.0
 70
0
  0
VERTEX
  5
ACC
  8
CUT
 10
933.4151799925186
 20
218.8571428571429
 30
0.0
 70
0
  0
VERTEX
  5
ACD
  8
CUT
 10
929.9490241347654
 20
210.5
 30
0.0
 70
0
  0
VERTEX
  5
ACE
  8
CUT
 10
926.8934300194361
 20
202.14285714285717
 30
0.0
 70
0
  0
VERTEX
  5
ACF
  8
CUT
 10
924.2483976465307
 20
193.7857142857143
 30
0.0
 70
0
  0
VERTEX
  5
AD0
  8
CUT
 10
922.0139270160493
 20
185.42857142857144
 30
0.0
 70
0
  0
VERTEX
  5
AD1
  8
CUT
 10
920.1900181279916
 20
177.07142857142858
 30
0.0
 70
0
  0
VERTEX
  5
AD2
  8
CUT
 10
918.7766709823579
 20
168.71428571428572
 30
0.0
 70
0
  0
VERTEX
  5
AD3
  8
CUT
 10
917.773885579148
 20
160.3571428571429
 30
0.0
 70
0
  0
VERTEX
  5
AD4
  8
CUT
 10
917.1816619183621
 20
152.00000000000003
 30
0.0
 70
0
  0
VERTEX
  5
AD5
  8
CUT
 10
917.0
 20
143.64285714285717
 30
0.0
 70
0
  0
VERTEX
  5
AD6
  8
CUT
 10
917.2288998240617
 20
135.2857142857143
 30
0.0
 70
0
  0
VERTEX
  5
AD7
  8
CUT
 10
917.8683613905475
 20
126.92857142857144
 30
0.0
 70
0
  0
VERTEX
  5
AD8
  8
CUT
 10
918.9183846994572
 20
118.57142857142861
 30
0.0
 70
0
  0
VERTEX
  5
AD9
  8
CUT
 10
920.3789697507906
 20
110.21428571428575
 30
0.0
 70
0
  0
VERTEX
  5
ADA
  8
CUT
 10
922.2501165445481
 20
101.85714285714289
 30
0.0
 70
0
  0
VERTEX
  5
ADB
  8
CUT
 10
924.5318250807293
 20
93.50000000000003
 30
0.0
 70
0
  0
VERTEX
  5
ADC
  8
CUT
 10
927.2240953593343
 20
85.14285714285717
 30
0.0
 70
0
  0
VERTEX
  5
ADD
  8
CUT
 10
930.3269273803635
 20
76.7857142857143
 30
0.0
 70
0
  0
VERTEX
  5
ADE
  8
CUT
 10
933.8403211438164
 20
68.42857142857142
 30
0.0
 70
0
  0
VERTEX
  5
ADF
  8
CUT
 10
937.7642766496931
 20
60.071428571428584
 30
0.0
 70
0
  0
VERTEX
  5
AE0
  8
CUT
 10
942.0987938979938
 20
51.71428571428572
 30
0.0
 70
0
  0
VERTEX
  5
AE1
  8
CUT
 10
946.8438728887185
 20
43.35714285714286
 30
0.0
 70
0
  0
VERTEX
  5
AE2
  8
CUT
 10
951.999513621867
 20
35.0
 30
0.0
 70
0
  0
VERTEX
  5
AE3
  8
CUT
 10
995.799651480396
 20
35.0
 30
0.0
 42
-0.41421356237309503
 70
0
  0
VERTEX
  5
AE4
  8
CUT
 10
998.9996514803961
 20
38.200000000000045
 30
0.0
 42
-0.41421356237309503
 70
0
  0
VERTEX
  5
AE5
  8
CUT
 10
1002.1996514803961
 20
35.00000000000006
 30
0.0
 42
-0.41421356237309503
 70
0
  0
VERTEX
  5
AE6
  8
CUT
 10
998.9996514803961
 20
31.80000000000001
 30
0.0
 70
0
  0
VERTEX
  5
AE7
  8
CUT
 10
998.9996514803961
 20
17.0
 30
0.0
 70
0
  0
VERTEX
  5
AE8
  8
CUT
 10
1038.999651480396
 20
17.0
 30
0.0
 70
0
  0
VERTEX
  5
AE9
  8
CUT
 10
1038.999651480396
 20
31.80000000000001
 30
0.0
 42
-0.41421356237309503
 70
0
  0
VERTEX
  5
AEA
  8
CUT
 10
1035.799651480396
 20
35.00000000000003
 30
0.0
 42
-0.41421356237309503
 70
0
  0
VERTEX
  5
AEB
  8
CUT
 10
1038.999651480396
 20
38.200000000000045
 30
0.0
 42
-0.41421356237309503
 70
0
  0
VERTEX
  5
AEC
  8
CUT
 10
1042.1996514803961
 20
35.0
 30
0.0
 70
0
  0
VERTEX
  5
AED
  8
CUT
 10
1046.999651480396
 20
35.0
 30
0.0
 70
0
  0
SEQEND
  5
ABA
  8
CUT
  0
POLYLINE
  5
AEE
  8
CUT
 66
1
 10
0.0
 20
0.0
 30
0.0
 70
1
  0
VERTEX
  5
AF0
  8
CUT
 10
1909.0
 20
17.0
 30
0.0
 70
0
  0
VERTEX
  5
AF1
  8
CUT
 10
1909.0
 20
21.8
 30
0.0
 42
-0.41421356237309503
 70
0
  0
VERTEX
  5
AF2
  8
CUT
 10
1905.8
 20
25.000000000000025
 30
0.0
 42
-0.41421356237309503
 70
0
  0
VERTEX
  5
AF3
  8
CUT
 10
1909.0
 20
28.20000000000005
 30
0.0
 42
-0.41421356237309503
 70
0
  0
VERTEX
  5
AF4
  8
CUT
 10
1912.2
 20
25.0
 30
0.0
 70
0
  0
VERTEX
  5
AF5
  8
CUT
 10
1927.0
 20
25.0
 30
0.0
 70
0
  0
VERTEX
  5
AF6
  8
CUT
 10
1927.0
 20
65.0
 30
0.0
 70
0
  0
VERTEX
  5
AF7
  8
CUT
 10
1912.2
 20
65.0
 30
0.0
 42
-0.41421356237309503
 70
0
  0
VERTEX
  5
AF8
  8
CUT
 10
1909.0
 20
61.79999999999995
 30
0.0
 42
-0.41421356237309503
 70
0
  0
VERTEX
  5
AF9
  8
CUT
 10
1905.8
 20
64.99999999999994
 30
0.0
 42
-0.41421356237309503
 70
0
  0
VERTEX
  5
AFA
  8
CUT
 10
1909.0
 20
68.2
 30
0.0
 70
0
  0
VERTEX
  5
AFB
  8
CUT
 10
1909.0
 20
101.16573975045696
 30
0.0
 70
0
  0
VERTEX
  5
AFC
  8
CUT
 10
1900.642857142857
 20
107.09526606275352
 30
0.0
 70
0
  0
VERTEX
  5
AFD
  8
CUT
 10
1892.2857142857142
 20
112.61423063262606
 30
0.0
 70
0
  0
VERTEX
  5
AFE
  8
CUT
 10
1883.9285714285716
 20
117.72263346007475
 30
0.0
 70
0
  0
VERTEX
  5
AFF
  8
CUT
 10
1875.5714285714287
 20
122.42047454509958
 30
0.0
 70
0
  0
VERTEX
  5
B00
  8
CUT
 10
1867.2142857142858
 20
126.70775388770056
 30
0.0
 70
0
  0
VERTEX
  5
B01
  8
CUT
 10
1858.857142857143
 20
130.58447148787752
 30
0.0
 70
0
  0
VERTEX
  5
B02
  8
CUT
 10
1850.5
 20
134.0506273456307
 30
0.0
 70
0
  0
VERTEX
  5
B03
  8
CUT
 10
1842.142857142857
 20
137.10622146096
 30
0.0
 70
0
  0
VERTEX
  5
B04
  8
CUT
 10
1833.7857142857142
 20
139.75125383386535
 30
0.0
 70
0
  0
VERTEX
  5
B05
  8
CUT
 10
1825.4285714285716
 20
141.98572446434684
 30
0.0
 70
0
  0
VERTEX
  5
B06
  8
CUT
 10
1817.0714285714287
 20
143.8096333524045
 30
0.0
 70
0
  0
VERTEX
  5
B07
  8
CUT
 10
1808.7142857142858
 20
145.22298049803817
 30
0.0
 70
0
  0
VERTEX
  5
B08
  8
CUT
 10
1800.357142857143
 20
146.22576590124805
 30
0.0
 70
0
  0
VERTEX
  5
B09
  8
CUT
 10
1792.0
 20
146.81798956203397
 30
0.0
 70
0
  0
VERTEX
  5
B0A
  8
CUT
 10
1783.642857142857
 20
146.99965148039604
 30
0.0
 70
0
  0
VERTEX
  5
B0B
  8
CUT
 10
1775.2857142857142
 20
146.77075165633426
 30
0.0
 70
0
  0
VERTEX
  5
B0C
  8
CUT
 10
1766.9285714285713
 20
146.1312900898485
 30
0.0
 70
0
  0
VERTEX
  5
B0D
  8
CUT
 10
1758.5714285714287
 20
145.0812667809389
 30
0.0
 70
0
  0
VERTEX
  5
B0E
  8
CUT
 10
1750.2142857142858
 20
143.62068172960545
 30
0.0
 70
0
  0
VERTEX
  5
B0F
  8
CUT
 10
1741.857142857143
 20
141.74953493584803
 30
0.0
 70
0
  0
VERTEX
  5
B10
  8
CUT
 10
1733.5
 20
139.46782639966676
 30
0.0
 70
0
  0
VERTEX
  5
B11
  8
CUT
 10
1725.142857142857
 20
136.77555612106164
 30
0.0
 70
0
  0
VERTEX
  5
B12
  8
CUT
 10
1716.7857142857142
 20
133.67272410003255
 30
0.0
 70
0
  0
VERTEX
  5
B13
  8
CUT
 10
1708.4285714285713
 20
130.15933033657967
 30
0.0
 70
0
  0
VERTEX
  5
B14
  8
CUT
 10
1700.0714285714287
 20
126.2353748307029
 30
0.0
 70
0
  0
VERTEX
  5
B15
  8
CUT
 10
1691.7142857142858
 20
121.9008575824022
 30
0.0
 70
0
  0
VERTEX
  5
B16
  8
CUT
 10
1683.357142857143
 20
117.15577859167759
 30
0.0
 70
0
  0
VERTEX
  5
B17
  8
CUT
 10
1675.0
 20
112.00013785852913
 30
0.0
 70
0
  0
VERTEX
  5
B18
  8
CUT
 10
1675.0
 20
68.20000000000002
 30
0.0
 42
-0.41421356237309503
 70
0
  0
VERTEX
  5
B19
  8
CUT
 10
1678.2
 20
64.99999999999999
 30
0.0
 42
-0.41421356237309503
 70
0
  0
VERTEX
  5
B1A
  8
CUT
 10
1675.0
 20
61.79999999999996
 30
0.0
 42
-0.41421356237309503
 70
0
  0
VERTEX
  5
B1B
  8
CUT
 10
1671.8
 20
65.00000000000001
 30
0.0
 70
0
  0
VERTEX
  5
B1C
  8
CUT
 10
1657.0
 20
65.00000000000001
 30
0.0
 70
0
  0
VERTEX
  5
B1D
  8
CUT
 10
1657.0
 20
25.000000000000014
 30
0.0
 70
0
  0
VERTEX
  5
B1E
  8
CUT
 10
1671.8
 20
25.000000000000014
 30
0.0
 42
-0.41421356237309503
 70
0
  0
VERTEX
  5
B1F
  8
CUT
 10
1675.0
 20
28.20000000000006
 30
0.0
 42
-0.41421356237309503
 70
0
  0
VERTEX
  5
B20
  8
CUT
 10
1678.2
 20
25.00000000000006
 30
0.0
 42
-0.41421356237309503
 70
0
  0
VERTEX
  5
B21
  8
CUT
 10
1675.0
 20
21.800000000000015
 30
0.0
 70
0
  0
VERTEX
  5
B22
  8
CUT
 10
1675.0
 20
17.000000000000014
 30
0.0
 70
0
  0
SEQEND
  5
AEF
  8
CUT
  0
POLYLINE
  5
B23
  8
CUT
 66
1
 10
0.0
 20
0.0
 30
0.0
 70
1
  0
VERTEX
  5
B25
  8
CUT
 10
1795.0
 20
998.1509569757328
 30
0.0
 70
0
  0
VERTEX
  5
B26
  8
CUT
 10
1795.0
 20
993.3509569757327
 30
0.0
 42
-0.41421356237309503
 70
0
  0
VERTEX
  5
B27
  8
CUT
 10
1798.2
 20
990.1509569757327
 30
0.0
 42
-0.41421356237309503
 70
0
  0
VERTEX
  5
B28
  8
CUT
 10
1795.0
 20
986.9509569757327
 30
0.0
 42
-0.41421356237309503
 70
0
  0
VERTEX
  5
B29
  8
CUT
 10
1791.8
 20
990.1509569757328
 30
0.0
 70
0
  0
VERTEX
  5
B2A
  8
CUT
 10
1777.0
 20
990.1509569757328
 30
0.0
 70
0
  0
VERTEX
  5
B2B
  8
CUT
 10
1777.0
 20
950.1509569757328
 30
0.0
 70
0
  0
VERTEX
  5
B2C
  8
CUT
 10
1791.8
 20
950.1509569757328
 30
0.0
 42
-0.41421356237309503
 70
0
  0
VERTEX
  5
B2D
  8
CUT
 10
1795.0
 20
953.3509569757329
 30
0.0
 42
-0.41421356237309503
 70
0
  0
VERTEX
  5
B2E
  8
CUT
 10
1798.2
 20
950.1509569757328
 30
0.0
 42
-0.41421356237309503
 70
0
  0
VERTEX
  5
B2F
  8
CUT
 10
1795.0
 20
946.9509569757328
 30
0.0
 70
0
  0
VERTEX
  5
B30
  8
CUT
 10
1795.0
 20
914.1855914805268
 30
0.0
 70
0
  0
VERTEX
  5
B31
  8
CUT
 10
1803.357142857143
 20
908.3399382620289
 30
0.0
 70
0
  0
VERTEX
  5
B32
  8
CUT
 10
1811.7142857142858
 20
902.8990393939782
 30
0.0
 70
0
  0
VERTEX
  5
B33
  8
CUT
 10
1820.0714285714284
 20
897.8628948763745
 30
0.0
 70
0
  0
VERTEX
  5
B34
  8
CUT
 10
1828.4285714285713
 20
893.2315047092178
 30
0.0
 70
0
  0
VERTEX
  5
B35
  8
CUT
 10
1836.7857142857142
 20
889.0048688925082
 30
0.0
 70
0
  0
VERTEX
  5
B36
  8
CUT
 10
1845.142857142857
 20
885.1829874262457
 30
0.0
 70
0
  0
VERTEX
  5
B37
  8
CUT
 10
1853.5
 20
881.7658603104302
 30
0.0
 70
0
  0
VERTEX
  5
B38
  8
CUT
 10
1861.857142857143
 20
878.7534875450617
 30
0.0
 70
0
  0
VERTEX
  5
B39
  8
CUT
 10
1870.2142857142858
 20
876.1458691301403
 30
0.0
 70
0
  0
VERTEX
  5
B3A
  8
CUT
 10
1878.5714285714284
 20
873.9430050656661
 30
0.0
 70
0
  0
VERTEX
  5
B3B
  8
CUT
 10
1886.9285714285713
 20
872.1448953516386
 30
0.0
 70
0
  0
VERTEX
  5
B3C
  8
CUT
 10
1895.2857142857142
 20
870.7515399880584
 30
0.0
 70
0
  0
VERTEX
  5
B3D
  8
CUT
 10
1903.642857142857
 20
869.7629389749252
 30
0.0
 70
0
  0
VERTEX
  5
B3E
  8
CUT
 10
1912.0
 20
869.1790923122392
 30
0.0
 70
0
  0
VERTEX
  5
B3F
  8
CUT
 10
1920.357142857143
 20
869.0
 30
0.0
 70
0
  0
VERTEX
  5
B40
  8
CUT
 10
1928.7142857142858
 20
869.2256620382079
 30
0.0
 70
0
  0
VERTEX
  5
B41
  8
CUT
 10
1937.0714285714284
 20
869.856078426863
 30
0.0
 70
0
  0
VERTEX
  5
B42
  8
CUT
 10
1945.4285714285713
 20
870.8912491659651
 30
0.0
 70
0
  0
VERTEX
  5
B43
  8
CUT
 10
1953.7857142857142
 20
872.3311742555143
 30
0.0
 70
0
  0
VERTEX
  5
B44
  8
CUT
 10
1962.142857142857
 20
874.1758536955103
 30
0.0
 70
0
  0
VERTEX
  5
B45
  8
CUT
 10
1970.5
 20
876.4252874859536
 30
0.0
 70
0
  0
VERTEX
  5
B46
  8
CUT
 10
1978.857142857143
 20
879.0794756268439
 30
0.0
 70
0
  0
VERTEX
  5
B47
  8
CUT
 10
1987.2142857142858
 20
882.1384181181812
 30
0.0
 70
0
  0
VERTEX
  5
B48
  8
CUT
 10
1995.5714285714284
 20
885.6021149599655
 30
0.0
 70
0
  0
VERTEX
  5
B49
  8
CUT
 10
2003.9285714285713
 20
889.470566152197
 30
0.0
 70
0
  0
VERTEX
  5
B4A
  8
CUT
 10
2012.2857142857142
 20
893.7437716948755
 30
0.0
 70
0
  0
VERTEX
  5
B4B
  8
CUT
 10
2020.642857142857
 20
898.421731588001
 30
0.0
 70
0
  0
VERTEX
  5
B4C
  8
CUT
 10
2029.0
 20
903.5044458315737
 30
0.0
 70
0
  0
VERTEX
  5
B4D
  8
CUT
 10
2029.0
 20
946.9509569757328
 30
0.0
 42
-0.41421356237309503
 70
0
  0
VERTEX
  5
B4E
  8
CUT
 10
2025.8
 20
950.1509569757327
 30
0.0
 42
-0.41421356237309503
 70
0
  0
VERTEX
  5
B4F
  8
CUT
 10
2029.0
 20
953.3509569757327
 30
0.0
 42
-0.41421356237309503
 70
0
  0
VERTEX
  5
B50
  8
CUT
 10
2032.2
 20
950.1509569757327
 30
0.0
 70
0
  0
VERTEX
  5
B51
  8
CUT
 10
2047.0
 20
950.1509569757327
 30
0.0
 70
0
  0
VERTEX
  5
B52
  8
CUT
 10
2047.0
 20
990.1509569757327
 30
0.0
 70
0
  0
VERTEX
  5
B53
  8
CUT
 10
2032.2
 20
990.1509569757327
 30
0.0
 42
-0.41421356237309503
 70
0
  0
VERTEX
  5
B54
  8
CUT
 10
2029.0
 20
986.9509569757327
 30
0.0
 42
-0.41421356237309503
 70
0
  0
VERTEX
  5
B55
  8
CUT
 10
2025.8
 20
990.1509569757327
 30
0.0
 42
-0.41421356237309503
 70
0
  0
VERTEX
  5
B56
  8
CUT
 10
2029.0
 20
993.3509569757327
 30
0.0
 70
0
  0
VERTEX
  5
B57
  8
CUT
 10
2029.0
 20
998.1509569757327
 30
0.0
 70
0
  0
SEQEND
  5
B24
  8
CUT
  0
POLYLINE
  5
B58
  8
CUT
 66
1
 10
0.0
 20
0.0
 30
0.0
 70
1
  0
VERTEX
  5
B5A
  8
CUT
 10
2045.0
 20
725.0
 30
0.0
 70
0
  0
VERTEX
  5
B5B
  8
CUT
 10
2045.0
 20
729.8
 30
0.0
 42
-0.41421356237309503
 70
0
  0
VERTEX
  5
B5C
  8
CUT
 10
2041.8000000000002
 20
732.9999999999999
 30
0.0
 42
-0.41421356237309503
 70
0
  0
VERTEX
  5
B5D
  8
CUT
 10
2045.0
 20
736.1999999999998
 30
0.0
 42
-0.41421356237309503
 70
0
  0
VERTEX
  5
B5E
  8
CUT
 10
2048.2
 20
733.0
 30
0.0
 70
0
  0
VERTEX
  5
B5F
  8
CUT
 10
2063.0
 20
733.0
 30
0.0
 70
0
  0
VERTEX
  5
B60
  8
CUT
 10
2063.0
 20
773.0
 30
0.0
 70
0
  0
VERTEX
  5
B61
  8
CUT
 10
2048.2
 20
773.0
 30
0.0
 42
-0.41421356237309503
 70
0
  0
VERTEX
  5
B62
  8
CUT
 10
2045.0
 20
769.8000000000002
 30
0.0
 42
-0.41421356237309503
 70
0
  0
VERTEX
  5
B63
  8
CUT
 10
2041.8000000000002
 20
773.0000000000002
 30
0.0
 42
-0.41421356237309503
 70
0
  0
VERTEX
  5
B64
  8
CUT
 10
2045.0
 20
776.2
 30
0.0
 70
0
  0
VERTEX
  5
B65
  8
CUT
 10
2045.0
 20
808.965365495206
 30
0.0
 70
0
  0
VERTEX
  5
B66
  8
CUT
 10
2036.642857142857
 20
814.8110187137038
 30
0.0
 70
0
  0
VERTEX
  5
B67
  8
CUT
 10
2028.2857142857142
 20
820.2519175817546
 30
0.0
 70
0
  0
VERTEX
  5
B68
  8
CUT
 10
2019.9285714285716
 20
825.2880620993583
 30
0.0
 70
0
  0
VERTEX
  5
B69
  8
CUT
 10
2011.5714285714287
 20
829.919452266515
 30
0.0
 70
0
  0
VERTEX
  5
B6A
  8
CUT
 10
2003.2142857142858
 20
834.1460880832246
 30
0.0
 70
0
  0
VERTEX
  5
B6B
  8
CUT
 10
1994.857142857143
 20
837.9679695494871
 30
0.0
 70
0
  0
VERTEX
  5
B6C
  8
CUT
 10
1986.5
 20
841.3850966653026
 30
0.0
 70
0
  0
VERTEX
  5
B6D
  8
CUT
 10
1978.142857142857
 20
844.397469430671
 30
0.0
 70
0
  0
VERTEX
  5
B6E
  8
CUT
 10
1969.7857142857142
 20
847.0050878455925
 30
0.0
 70
0
  0
VERTEX
  5
B6F
  8
CUT
 10
1961.4285714285716
 20
849.2079519100668
 30
0.0
 70
0
  0
VERTEX
  5
B70
  8
CUT
 10
1953.0714285714287
 20
851.0060616240942
 30
0.0
 70
0
  0
VERTEX
  5
B71
  8
CUT
 10
1944.7142857142858
 20
852.3994169876744
 30
0.0
 70
0
  0
VERTEX
  5
B72
  8
CUT
 10
1936.357142857143
 20
853.3880180008075
 30
0.0
 70
0
  0
VERTEX
  5
B73
  8
CUT
 10
1928.0
 20
853.9718646634936
 30
0.0
 70
0
  0
VERTEX
  5
B74
  8
CUT
 10
1919.642857142857
 20
854.1509569757327
 30
0.0
 70
0
  0
VERTEX
  5
B75
  8
CUT
 10
1911.2857142857142
 20
853.9252949375248
 30
0.0
 70
0
  0
VERTEX
  5
B76
  8
CUT
 10
1902.9285714285713
 20
853.2948785488697
 30
0.0
 70
0
  0
VERTEX
  5
B77
  8
CUT
 10
1894.5714285714287
 20
852.2597078097677
 30
0.0
 70
0
  0
VERTEX
  5
B78
  8
CUT
 10
1886.2142857142858
 20
850.8197827202185
 30
0.0
 70
0
  0
VERTEX
  5
B79
  8
CUT
 10
1877.857142857143
 20
848.9751032802224
 30
0.0
 70
0
  0
VERTEX
  5
B7A
  8
CUT
 10
1869.5
 20
846.7256694897792
 30
0.0
 70
0
  0
VERTEX
  5
B7B
  8
CUT
 10
1861.142857142857
 20
844.0714813488889
 30
0.0
 70
0
  0
VERTEX
  5
B7C
  8
CUT
 10
1852.7857142857142
 20
841.0125388575516
 30
0.0
 70
0
  0
VERTEX
  5
B7D
  8
CUT
 10
1844.4285714285713
 20
837.5488420157671
 30
0.0
 70
0
  0
VERTEX
  5
B7E
  8
CUT
 10
1836.0714285714287
 20
833.6803908235357
 30
0.0
 70
0
  0
VERTEX
  5
B7F
  8
CUT
 10
1827.7142857142858
 20
829.4071852808572
 30
0.0
 70
0
  0
VERTEX
  5
B80
  8
CUT
 10
1819.357142857143
 20
824.7292253877317
 30
0.0
 70
0
  0
VERTEX
  5
B81
  8
CUT
 10
1811.0
 20
819.6465111441591
 30
0.0
 70
0
  0
VERTEX
  5
B82
  8
CUT
 10
1811.0
 20
776.2
 30
0.0
 42
-0.41421356237309503
 70
0
  0
VERTEX
  5
B83
  8
CUT
 10
1814.2
 20
773.0
 30
0.0
 42
-0.41421356237309503
 70
0
  0
VERTEX
  5
B84
  8
CUT
 10
1811.0
 20
769.8
 30
0.0
 42
-0.41421356237309503
 70
0
  0
VERTEX
  5
B85
  8
CUT
 10
1807.8
 20
773.0
 30
0.0
 70
0
  0
VERTEX
  5
B86
  8
CUT
 10
1793.0
 20
773.0
 30
0.0
 70
0
  0
VERTEX
  5
B87
  8
CUT
 10
1793.0
 20
733.0
 30
0.0
 70
0
  0
VERTEX
  5
B88
  8
CUT
 10
1807.8
 20
733.0
 30
0.0
 42
-0.41421356237309503
 70
0
  0
VERTEX
  5
B89
  8
CUT
 10
1811.0
 20
736.2
 30
0.0
 42
-0.41421356237309503
 70
0
  0
VERTEX
  5
B8A
  8
CUT
 10
1814.2
 20
733.0
 30
0.0
 42
-0.41421356237309503
 70
0
  0
VERTEX
  5
B8B
  8
CUT
 10
1811.0
 20
729.8000000000001
 30
0.0
 70
0
  0
VERTEX
  5
B8C
  8
CUT
 10
1811.0
 20
725.0
 30
0.0
 70
0
  0
SEQEND
  5
B59
  8
CUT
  0
POLYLINE
  5
B8D
  8
CUT
 66
1
 10
0.0
 20
0.0
 30
0.0
 70
1
  0
VERTEX
  5
B8F
  8
CUT
 10
1923.0
 20
170.15095697573278
 30
0.0
 70
0
  0
VERTEX
  5
B90
  8
CUT
 10
1923.0
 20
165.3509569757328
 30
0.0
 42
-0.41421356237309503
 70
0
  0
VERTEX
  5
B91
  8
CUT
 10
1926.2
 20
162.15095697573275
 30
0.0
 42
-0.41421356237309503
 70
0
  0
VERTEX
  5
B92
  8
CUT
 10
1923.0
 20
158.9509569757327
 30
0.0
 42
-0.41421356237309503
 70
0
  0
VERTEX
  5
B93
  8
CUT
 10
1919.8
 20
162.15095697573278
 30
0.0
 70
0
  0
VERTEX
  5
B94
  8
CUT
 10
1905.0
 20
162.15095697573278
 30
0.0
 70
0
  0
VERTEX
  5
B95
  8
CUT
 10
1905.0
 20
122.15095697573278
 30
0.0
 70
0
  0
VERTEX
  5
B96
  8
CUT
 10
1919.8
 20
122.15095697573278
 30
0.0
 42
-0.41421356237309503
 70
0
  0
VERTEX
  5
B97
  8
CUT
 10
1923.0
 20
125.35095697573283
 30
0.0
 42
-0.41421356237309503
 70
0
  0
VERTEX
  5
B98
  8
CUT
 10
1926.2
 20
122.15095697573281
 30
0.0
 42
-0.41421356237309503
 70
0
  0
VERTEX
  5
B99
  8
CUT
 10
1923.0
 20
118.95095697573278
 30
0.0
 70
0
  0
VERTEX
  5
B9A
  8
CUT
 10
1923.0
 20
86.18559148052682
 30
0.0
 70
0
  0
VERTEX
  5
B9B
  8
CUT
 10
1931.357142857143
 20
80.33993826202894
 30
0.0
 70
0
  0
VERTEX
  5
B9C
  8
CUT
 10
1939.7142857142858
 20
74.8990393939782
 30
0.0
 70
0
  0
VERTEX
  5
B9D
  8
CUT
 10
1948.0714285714284
 20
69.86289487637448
 30
0.0
 70
0
  0
VERTEX
  5
B9E
  8
CUT
 10
1956.4285714285713
 20
65.23150470921782
 30
0.0
 70
0
  0
VERTEX
  5
B9F
  8
CUT
 10
1964.7857142857142
 20
61.004868892508185
 30
0.0
 70
0
  0
VERTEX
  5
BA0
  8
CUT
 10
1973.142857142857
 20
57.1829874262457
 30
0.0
 70
0
  0
VERTEX
  5
BA1
  8
CUT
 10
1981.5
 20
53.7658603104302
 30
0.0
 70
0
  0
VERTEX
  5
BA2
  8
CUT
 10
1989.857142857143
 20
50.75348754506173
 30
0.0
 70
0
  0
VERTEX
  5
BA3
  8
CUT
 10
1998.2142857142858
 20
48.145869130140355
 30
0.0
 70
0
  0
VERTEX
  5
BA4
  8
CUT
 10
2006.5714285714284
 20
45.943005065666014
 30
0.0
 70
0
  0
VERTEX
  5
BA5
  8
CUT
 10
2014.9285714285713
 20
44.14489535163865
 30
0.0
 70
0
  0
VERTEX
  5
BA6
  8
CUT
 10
2023.2857142857142
 20
42.751539988058425
 30
0.0
 70
0
  0
VERTEX
  5
BA7
  8
CUT
 10
2031.642857142857
 20
41.76293897492519
 30
0.0
 70
0
  0
VERTEX
  5
BA8
  8
CUT
 10
2040.0
 20
41.179092312239106
 30
0.0
 70
0
  0
VERTEX
  5
BA9
  8
CUT
 10
2048.3571428571427
 20
41.0
 30
0.0
 70
0
  0
VERTEX
  5
BAA
  8
CUT
 10
2056.714285714286
 20
41.225662038207986
 30
0.0
 70
0
  0
VERTEX
  5
BAB
  8
CUT
 10
2065.0714285714284
 20
41.85607842686301
 30
0.0
 70
0
  0
VERTEX
  5
BAC
  8
CUT
 10
2073.4285714285716
 20
42.891249165965064
 30
0.0
 70
0
  0
VERTEX
  5
BAD
  8
CUT
 10
2081.785714285714
 20
44.33117425551421
 30
0.0
 70
0
  0
VERTEX
  5
BAE
  8
CUT
 10
2090.142857142857
 20
46.1758536955104
 30
0.0
 70
0
  0
VERTEX
  5
BAF
  8
CUT
 10
2098.5
 20
48.4252874859536
 30
0.0
 70
0
  0
VERTEX
  5
BB0
  8
CUT
 10
2106.8571428571427
 20
51.07947562684386
 30
0.0
 70
0
  0
VERTEX
  5
BB1
  8
CUT
 10
2115.214285714286
 20
54.13841811818121
 30
0.0
 70
0
  0
VERTEX
  5
BB2
  8
CUT
 10
2123.5714285714284
 20
57.60211495996559
 30
0.0
 70
0
  0
VERTEX
  5
BB3
  8
CUT
 10
2131.9285714285716
 20
61.47056615219701
 30
0.0
 70
0
  0
VERTEX
  5
BB4
  8
CUT
 10
2140.285714285714
 20
65.74377169487552
 30
0.0
 70
0
  0
VERTEX
  5
BB5
  8
CUT
 10
2148.642857142857
 20
70.42173158800101
 30
0.0
 70
0
  0
VERTEX
  5
BB6
  8
CUT
 10
2157.0
 20
75.50444583157365
 30
0.0
 70
0
  0
VERTEX
  5
BB7
  8
CUT
 10
2157.0
 20
118.95095697573274
 30
0.0
 42
-0.41421356237309503
 70
0
  0
VERTEX
  5
BB8
  8
CUT
 10
2153.8
 20
122.15095697573264
 30
0.0
 42
-0.41421356237309503
 70
0
  0
VERTEX
  5
BB9
  8
CUT
 10
2157.0
 20
125.35095697573254
 30
0.0
 42
-0.41421356237309503
 70
0
  0
VERTEX
  5
BBA
  8
CUT
 10
2160.2
 20
122.15095697573273
 30
0.0
 70
0
  0
VERTEX
  5
BBB
  8
CUT
 10
2175.0
 20
122.15095697573273
 30
0.0
 70
0
  0
VERTEX
  5
BBC
  8
CUT
 10
2175.0
 20
162.15095697573273
 30
0.0
 70
0
  0
VERTEX
  5
BBD
  8
CUT
 10
2160.2
 20
162.15095697573275
 30
0.0
 42
-0.41421356237309503
 70
0
  0
VERTEX
  5
BBE
  8
CUT
 10
2157.0
 20
158.95095697573294
 30
0.0
 42
-0.41421356237309503
 70
0
  0
VERTEX
  5
BBF
  8
CUT
 10
2153.8
 20
162.15095697573292
 30
0.0
 42
-0.41421356237309503
 70
0
  0
VERTEX
  5
BC0
  8
CUT
 10
2157.0
 20
165.35095697573274
 30
0.0
 70
0
  0
VERTEX
  5
BC1
  8
CUT
 10
2157.0
 20
170.15095697573273
 30
0.0
 70
0
  0
SEQEND
  5
B8E
  8
CUT
  0
POLYLINE
  5
BC2
  8
CUT
 66
1
 10
0.0
 20
0.0
 30
0.0
 70
1
  0
VERTEX
  5
BC4
  8
CUT
 10
2189.0
 20
185.0
 30
0.0
 70
0
  0
VERTEX
  5
BC5
  8
CUT
 10
2189.0
 20
189.8
 30
0.0
 42
-0.41421356237309503
 70
0
  0
VERTEX
  5
BC6
  8
CUT
 10
2185.8
 20
192.99999999999991
 30
0.0
 42
-0.41421356237309503
 70
0
  0
VERTEX
  5
BC7
  8
CUT
 10
2189.0
 20
196.19999999999982
 30
0.0
 42
-0.41421356237309503
 70
0
  0
VERTEX
  5
BC8
  8
CUT
 10
2192.2
 20
193.0
 30
0.0
 70
0
  0
VERTEX
  5
BC9
  8
CUT
 10
2207.0
 20
193.0
 30
0.0
 70
0
  0
VERTEX
  5
BCA
  8
CUT
 10
2207.0
 20
233.0
 30
0.0
 70
0
  0
VERTEX
  5
BCB
  8
CUT
 10
2192.2
 20
233.0
 30
0.0
 42
-0.41421356237309503
 70
0
  0
VERTEX
  5
BCC
  8
CUT
 10
2189.0
 20
229.80000000000018
 30
0.0
 42
-0.41421356237309503
 70
0
  0
VERTEX
  5
BCD
  8
CUT
 10
2185.8
 20
233.00000000000017
 30
0.0
 42
-0.41421356237309503
 70
0
  0
VERTEX
  5
BCE
  8
CUT
 10
2189.0
 20
236.2
 30
0.0
 70
0
  0
VERTEX
  5
BCF
  8
CUT
 10
2189.0
 20
268.96536549520596
 30
0.0
 70
0
  0
VERTEX
  5
BD0
  8
CUT
 10
2180.6428571428573
 20
274.81101871370385
 30
0.0
 70
0
  0
VERTEX
  5
BD1
  8
CUT
 10
2172.285714285714
 20
280.2519175817546
 30
0.0
 70
0
  0
VERTEX
  5
BD2
  8
CUT
 10
2163.9285714285716
 20
285.2880620993583
 30
0.0
 70
0
  0
VERTEX
  5
BD3
  8
CUT
 10
2155.5714285714284
 20
289.91945226651495
 30
0.0
 70
0
  0
VERTEX
  5
BD4
  8
CUT
 10
2147.214285714286
 20
294.1460880832246
 30
0.0
 70
0
  0
VERTEX
  5
BD5
  8
CUT
 10
2138.8571428571427
 20
297.96796954948707
 30
0.0
 70
0
  0
VERTEX
  5
BD6
  8
CUT
 10
2130.5
 20
301.38509666530257
 30
0.0
 70
0
  0
VERTEX
  5
BD7
  8
CUT
 10
2122.1428571428573
 20
304.39746943067104
 30
0.0
 70
0
  0
VERTEX
  5
BD8
  8
CUT
 10
2113.785714285714
 20
307.0050878455924
 30
0.0
 70
0
  0
VERTEX
  5
BD9
  8
CUT
 10
2105.4285714285716
 20
309.20795191006675
 30
0.0
 70
0
  0
VERTEX
  5
BDA
  8
CUT
 10
2097.0714285714284
 20
311.0060616240941
 30
0.0
 70
0
  0
VERTEX
  5
BDB
  8
CUT
 10
2088.714285714286
 20
312.39941698767433
 30
0.0
 70
0
  0
VERTEX
  5
BDC
  8
CUT
 10
2080.357142857143
 20
313.38801800080756
 30
0.0
 70
0
  0
VERTEX
  5
BDD
  8
CUT
 10
2072.0
 20
313.97186466349365
 30
0.0
 70
0
  0
VERTEX
  5
BDE
  8
CUT
 10
2063.6428571428573
 20
314.15095697573275
 30
0.0
 70
0
  0
VERTEX
  5
BDF
  8
CUT
 10
2055.285714285714
 20
313.92529493752477
 30
0.0
 70
0
  0
VERTEX
  5
BE0
  8
CUT
 10
2046.9285714285713
 20
313.29487854886975
 30
0.0
 70
0
  0
VERTEX
  5
BE1
  8
CUT
 10
2038.5714285714287
 20
312.2597078097677
 30
0.0
 70
0
  0
VERTEX
  5
BE2
  8
CUT
 10
2030.2142857142858
 20
310.81978272021854
 30
0.0
 70
0
  0
VERTEX
  5
BE3
  8
CUT
 10
2021.857142857143
 20
308.97510328022236
 30
0.0
 70
0
  0
VERTEX
  5
BE4
  8
CUT
 10
2013.5
 20
306.72566948977914
 30
0.0
 70
0
  0
VERTEX
  5
BE5
  8
CUT
 10
2005.142857142857
 20
304.0714813488889
 30
0.0
 70
0
  0
VERTEX
  5
BE6
  8
CUT
 10
1996.7857142857142
 20
301.01253885755153
 30
0.0
 70
0
  0
VERTEX
  5
BE7
  8
CUT
 10
1988.4285714285713
 20
297.54884201576715
 30
0.0
 70
0
  0
VERTEX
  5
BE8
  8
CUT
 10
1980.0714285714287
 20
293.68039082353573
 30
0.0
 70
0
  0
VERTEX
  5
BE9
  8
CUT
 10
1971.7142857142858
 20
289.4071852808572
 30
0.0
 70
0
  0
VERTEX
  5
BEA
  8
CUT
 10
1963.357142857143
 20
284.72922538773173
 30
0.0
 70
0
  0
VERTEX
  5
BEB
  8
CUT
 10
1955.0
 20
279.6465111441591
 30
0.0
 70
0
  0
VERTEX
  5
BEC
  8
CUT
 10
1955.0
 20
236.20000000000002
 30
0.0
 42
-0.41421356237309503
 70
0
  0
VERTEX
  5
BED
  8
CUT
 10
1958.2
 20
232.99999999999997
 30
0.0
 42
-0.41421356237309503
 70
0
  0
VERTEX
  5
BEE
  8
CUT
 10
1955.0
 20
229.79999999999993
 30
0.0
 42
-0.41421356237309503
 70
0
  0
VERTEX
  5
BEF
  8
CUT
 10
1951.8
 20
233.0
 30
0.0
 70
0
  0
VERTEX
  5
BF0
  8
CUT
 10
1937.0
 20
233.0
 30
0.0
 70
0
  0
VERTEX
  5
BF1
  8
CUT
 10
1937.0
 20
193.0
 30
0.0
 70
0
  0
VERTEX
  5
BF2
  8
CUT
 10
1951.8
 20
193.0
 30
0.0
 42
-0.41421356237309503
 70
0
  0
VERTEX
  5
BF3
  8
CUT
 10
1955.0
 20
196.20000000000005
 30
0.0
 42
-0.41421356237309503
 70
0
  0
VERTEX
  5
BF4
  8
CUT
 10
1958.2
 20
193.00000000000006
 30
0.0
 42
-0.41421356237309503
 70
0
  0
VERTEX
  5
BF5
  8
CUT
 10
1955.0
 20
189.8
 30
0.0
 70
0
  0
VERTEX
  5
BF6
  8
CUT
 10
1955.0
 20
185.00000000000003
 30
0.0
 70
0
  0
SEQEND
  5
BC3
  8
CUT
  0
POLYLINE
  5
BF7
  8
CUT
 66
1
 10
0.0
 20
0.0
 30
0.0
 70
1
  0
VERTEX
  5
BF9
  8
CUT
 10
2205.0
 20
329.0
 30
0.0
 70
0
  0
VERTEX
  5
BFA
  8
CUT
 10
2205.0
 20
333.8
 30
0.0
 42
-0.41421356237309503
 70
0
  0
VERTEX
  5
BFB
  8
CUT
 10
2201.8
 20
336.9999999999999
 30
0.0
 42
-0.41421356237309503
 70
0
  0
VERTEX
  5
BFC
  8
CUT
 10
2205.0
 20
340.1999999999998
 30
0.0
 42
-0.41421356237309503
 70
0
  0
VERTEX
  5
BFD
  8
CUT
 10
2208.2
 20
337.0
 30
0.0
 70
0
  0
VERTEX
  5
BFE
  8
CUT
 10
2223.0
 20
337.0
 30
0.0
 70
0
  0
VERTEX
  5
BFF
  8
CUT
 10
2223.0
 20
377.0
 30
0.0
 70
0
  0
VERTEX
  5
C00
  8
CUT
 10
2208.2
 20
377.0
 30
0.0
 42
-0.41421356237309503
 70
0
  0
VERTEX
  5
C01
  8
CUT
 10
2205.0
 20
373.8000000000002
 30
0.0
 42
-0.41421356237309503
 70
0
  0
VERTEX
  5
C02
  8
CUT
 10
2201.8
 20
377.0000000000002
 30
0.0
 42
-0.41421356237309503
 70
0
  0
VERTEX
  5
C03
  8
CUT
 10
2205.0
 20
380.2
 30
0.0
 70
0
  0
VERTEX
  5
C04
  8
CUT
 10
2205.0
 20
412.8890308141728
 30
0.0
 70
0
  0
VERTEX
  5
C05
  8
CUT
 10
2196.6428571428573
 20
418.70273169500956
 30
0.0
 70
0
  0
VERTEX
  5
C06
  8
CUT
 10
2188.285714285714
 20
424.11389061248263
 30
0.0
 70
0
  0
VERTEX
  5
C07
  8
CUT
 10
2179.9285714285716
 20
429.12250756659216
 30
0.0
 70
0
  0
VERTEX
  5
C08
  8
CUT
 10
2171.5714285714284
 20
433.72858255733826
 30
0.0
 70
0
  0
VERTEX
  5
C09
  8
CUT
 10
2163.214285714286
 20
437.93211558472075
 30
0.0
 70
0
  0
VERTEX
  5
C0A
  8
CUT
 10
2154.8571428571427
 20
441.7331066487397
 30
0.0
 70
0
  0
VERTEX
  5
C0B
  8
CUT
 10
2146.5
 20
445.1315557493951
 30
0.0
 70
0
  0
VERTEX
  5
C0C
  8
CUT
 10
2138.1428571428573
 20
448.127462886687
 30
0.0
 70
0
  0
VERTEX
  5
C0D
  8
CUT
 10
2129.785714285714
 20
450.72082806061536
 30
0.0
 70
0
  0
VERTEX
  5
C0E
  8
CUT
 10
2121.4285714285716
 20
452.9116512711802
 30
0.0
 70
0
  0
VERTEX
  5
C0F
  8
CUT
 10
2113.0714285714284
 20
454.69993251838144
 30
0.0
 70
0
  0
VERTEX
  5
C10
  8
CUT
 10
2104.714285714286
 20
456.08567180221917
 30
0.0
 70
0
  0
VERTEX
  5
C11
  8
CUT
 10
2096.357142857143
 20
457.0688691226934
 30
0.0
 70
0
  0
VERTEX
  5
C12
  8
CUT
 10
2088.0
 20
457.64952447980403
 30
0.0
 70
0
  0
VERTEX
  5
C13
  8
CUT
 10
2079.6428571428573
 20
457.82763787355117
 30
0.0
 70
0
  0
VERTEX
  5
C14
  8
CUT
 10
2071.285714285714
 20
457.60320930393476
 30
0.0
 70
0
  0
VERTEX
  5
C15
  8
CUT
 10
2062.9285714285716
 20
456.9762387709548
 30
0.0
 70
0
  0
VERTEX
  5
C16
  8
CUT
 10
2054.5714285714284
 20
455.9467262746113
 30
0.0
 70
0
  0
VERTEX
  5
C17
  8
CUT
 10
2046.2142857142858
 20
454.5146718149043
 30
0.0
 70
0
  0
VERTEX
  5
C18
  8
CUT
 10
2037.857142857143
 20
452.6800753918337
 30
0.0
 70
0
  0
VERTEX
  5
C19
  8
CUT
 10
2029.5
 20
450.4429370053996
 30
0.0
 70
0
  0
VERTEX
  5
C1A
  8
CUT
 10
2021.142857142857
 20
447.80325665560196
 30
0.0
 70
0
  0
VERTEX
  5
C1B
  8
CUT
 10
2012.7857142857142
 20
444.7610343424408
 30
0.0
 70
0
  0
VERTEX
  5
C1C
  8
CUT
 10
2004.4285714285713
 20
441.31627006591606
 30
0.0
 70
0
  0
VERTEX
  5
C1D
  8
CUT
 10
1996.0714285714287
 20
437.46896382602785
 30
0.0
 70
0
  0
VERTEX
  5
C1E
  8
CUT
 10
1987.7142857142858
 20
433.21911562277603
 30
0.0
 70
0
  0
VERTEX
  5
C1F
  8
CUT
 10
1979.357142857143
 20
428.5667254561607
 30
0.0
 70
0
  0
VERTEX
  5
C20
  8
CUT
 10
1971.0
 20
423.5117933261818
 30
0.0
 70
0
  0
VERTEX
  5
C21
  8
CUT
 10
1971.0
 20
380.20000000000005
 30
0.0
 42
-0.41421356237309503
 70
0
  0
VERTEX
  5
C22
  8
CUT
 10
1974.2
 20
377.0
 30
0.0
 42
-0.41421356237309503
 70
0
  0
VERTEX
  5
C23
  8
CUT
 10
1971.0
 20
373.79999999999995
 30
0.0
 42
-0.41421356237309503
 70
0
  0
VERTEX
  5
C24
  8
CUT
 10
1967.8
 20
377.0
 30
0.0
 70
0
  0
VERTEX
  5
C25
  8
CUT
 10
1953.0
 20
377.0
 30
0.0
 70
0
  0
VERTEX
  5
C26
  8
CUT
 10
1953.0
 20
337.0
 30
0.0
 70
0
  0
VERTEX
  5
C27
  8
CUT
 10
1967.8
 20
337.0
 30
0.0
 42
-0.41421356237309503
 70
0
  0
VERTEX
  5
C28
  8
CUT
 10
1971.0
 20
340.20000000000005
 30
0.0
 42
-0.41421356237309503
 70
0
  0
VERTEX
  5
C29
  8
CUT
 10
1974.2
 20
337.0
 30
0.0
 42
-0.41421356237309503
 70
0
  0
VERTEX
  5
C2A
  8
CUT
 10
1971.0
 20
333.8
 30
0.0
 70
0
  0
VERTEX
  5
C2B
  8
CUT
 10
1971.0
 20
329.0
 30
0.0
 70
0
  0
SEQEND
  5
BF8
  8
CUT
  0
POLYLINE
  5
C2C
  8
CUT
 66
1
 10
0.0
 20
0.0
 30
0.0
 70
1
  0
VERTEX
  5
C2E
  8
CUT
 10
2261.0
 20
473.0
 30
0.0
 70
0
  0
VERTEX
  5
C2F
  8
CUT
 10
2261.0
 20
477.8
 30
0.0
 42
-0.41421356237309503
 70
0
  0
VERTEX
  5
C30
  8
CUT
 10
2257.8
 20
480.9999999999999
 30
0.0
 42
-0.41421356237309503
 70
0
  0
VERTEX
  5
C31
  8
CUT
 10
2261.0
 20
484.1999999999998
 30
0.0
 42
-0.41421356237309503
 70
0
  0
VERTEX
  5
C32
  8
CUT
 10
2264.2
 20
481.0
 30
0.0
 70
0
  0
VERTEX
  5
C33
  8
CUT
 10
2279.0
 20
481.0
 30
0.0
 70
0
  0
VERTEX
  5
C34
  8
CUT
 10
2279.0
 20
521.0
 30
0.0
 70
0
  0
VERTEX
  5
C35
  8
CUT
 10
2264.2
 20
521.0
 30
0.0
 42
-0.41421356237309503
 70
0
  0
VERTEX
  5
C36
  8
CUT
 10
2261.0
 20
517.8000000000002
 30
0.0
 42
-0.41421356237309503
 70
0
  0
VERTEX
  5
C37
  8
CUT
 10
2257.8
 20
521.0000000000002
 30
0.0
 42
-0.41421356237309503
 70
0
  0
VERTEX
  5
C38
  8
CUT
 10
2261.0
 20
524.2
 30
0.0
 70
0
  0
VERTEX
  5
C39
  8
CUT
 10
2261.0
 20
556.8890308141729
 30
0.0
 70
0
  0
VERTEX
  5
C3A
  8
CUT
 10
2252.6428571428573
 20
562.7027316950096
 30
0.0
 70
0
  0
VERTEX
  5
C3B
  8
CUT
 10
2244.285714285714
 20
568.1138906124827
 30
0.0
 70
0
  0
VERTEX
  5
C3C
  8
CUT
 10
2235.9285714285716
 20
573.1225075665922
 30
0.0
 70
0
  0
VERTEX
  5
C3D
  8
CUT
 10
2227.5714285714284
 20
577.7285825573383
 30
0.0
 70
0
  0
VERTEX
  5
C3E
  8
CUT
 10
2219.214285714286
 20
581.9321155847208
 30
0.0
 70
0
  0
VERTEX
  5
C3F
  8
CUT
 10
2210.8571428571427
 20
585.7331066487397
 30
0.0
 70
0
  0
VERTEX
  5
C40
  8
CUT
 10
2202.5
 20
589.1315557493951
 30
0.0
 70
0
  0
VERTEX
  5
C41
  8
CUT
 10
2194.1428571428573
 20
592.127462886687
 30
0.0
 70
0
  0
VERTEX
  5
C42
  8
CUT
 10
2185.785714285714
 20
594.7208280606153
 30
0.0
 70
0
  0
VERTEX
  5
C43
  8
CUT
 10
2177.4285714285716
 20
596.9116512711802
 30
0.0
 70
0
  0
VERTEX
  5
C44
  8
CUT
 10
2169.0714285714284
 20
598.6999325183815
 30
0.0
 70
0
  0
VERTEX
  5
C45
  8
CUT
 10
2160.714285714286
 20
600.0856718022192
 30
0.0
 70
0
  0
VERTEX
  5
C46
  8
CUT
 10
2152.357142857143
 20
601.0688691226934
 30
0.0
 70
0
  0
VERTEX
  5
C47
  8
CUT
 10
2144.0
 20
601.6495244798041
 30
0.0
 70
0
  0
VERTEX
  5
C48
  8
CUT
 10
2135.6428571428573
 20
601.8276378735511
 30
0.0
 70
0
  0
VERTEX
  5
C49
  8
CUT
 10
2127.285714285714
 20
601.6032093039348
 30
0.0
 70
0
  0
VERTEX
  5
C4A
  8
CUT
 10
2118.9285714285716
 20
600.9762387709549
 30
0.0
 70
0
  0
VERTEX
  5
C4B
  8
CUT
 10
2110.5714285714284
 20
599.9467262746114
 30
0.0
 70
0
  0
VERTEX
  5
C4C
  8
CUT
 10
2102.214285714286
 20
598.5146718149043
 30
0.0
 70
0
  0
VERTEX
  5
C4D
  8
CUT
 10
2093.8571428571427
 20
596.6800753918337
 30
0.0
 70
0
  0
VERTEX
  5
C4E
  8
CUT
 10
2085.5
 20
594.4429370053996
 30
0.0
 70
0
  0
VERTEX
  5
C4F
  8
CUT
 10
2077.1428571428573
 20
591.803256655602
 30
0.0
 70
0
  0
VERTEX
  5
C50
  8
CUT
 10
2068.785714285714
 20
588.7610343424408
 30
0.0
 70
0
  0
VERTEX
  5
C51
  8
CUT
 10
2060.4285714285716
 20
585.3162700659161
 30
0.0
 70
0
  0
VERTEX
  5
C52
  8
CUT
 10
2052.0714285714284
 20
581.4689638260279
 30
0.0
 70
0
  0
VERTEX
  5
C53
  8
CUT
 10
2043.7142857142858
 20
577.219115622776
 30
0.0
 70
0
  0
VERTEX
  5
C54
  8
CUT
 10
2035.357142857143
 20
572.5667254561607
 30
0.0
 70
0
  0
VERTEX
  5
C55
  8
CUT
 10
2027.0
 20
567.5117933261819
 30
0.0
 70
0
  0
VERTEX
  5
C56
  8
CUT
 10
2027.0
 20
524.2
 30
0.0
 42
-0.41421356237309503
 70
0
  0
VERTEX
  5
C57
  8
CUT
 10
2030.2
 20
521.0
 30
0.0
 42
-0.41421356237309503
 70
0
  0
VERTEX
  5
C58
  8
CUT
 10
2027.0
 20
517.8
 30
0.0
 42
-0.41421356237309503
 70
0
  0
VERTEX
  5
C59
  8
CUT
 10
2023.8
 20
521.0
 30
0.0
 70
0
  0
VERTEX
  5
C5A
  8
CUT
 10
2009.0
 20
521.0
 30
0.0
 70
0
  0
VERTEX
  5
C5B
  8
CUT
 10
2009.0
 20
481.0
 30
0.0
 70
0
  0
VERTEX
  5
C5C
  8
CUT
 10
2023.8
 20
481.0
 30
0.0
 42
-0.41421356237309503
 70
0
  0
VERTEX
  5
C5D
  8
CUT
 10
2027.0
 20
484.20000000000005
 30
0.0
 42
-0.41421356237309503
 70
0
  0
VERTEX
  5
C5E
  8
CUT
 10
2030.2
 20
481.0
 30
0.0
 42
-0.41421356237309503
 70
0
  0
VERTEX
  5
C5F
  8
CUT
 10
2027.0
 20
477.8
 30
0.0
 70
0
  0
VERTEX
  5
C60
  8
CUT
 10
2027.0
 20
473.0
 30
0.0
 70
0
  0
SEQEND
  5
C2D
  8
CUT
  0
POLYLINE
  5
C61
  8
CUT
 66
1
 10
0.0
 20
0.0
 30
0.0
 70
1
  0
VERTEX
  5
C63
  8
CUT
 10
2277.0
 20
833.0
 30
0.0
 70
0
  0
VERTEX
  5
C64
  8
CUT
 10
2277.0
 20
837.8
 30
0.0
 42
-0.41421356237309503
 70
0
  0
VERTEX
  5
C65
  8
CUT
 10
2273.8
 20
840.9999999999999
 30
0.0
 42
-0.41421356237309503
 70
0
  0
VERTEX
  5
C66
  8
CUT
 10
2277.0
 20
844.1999999999998
 30
0.0
 42
-0.41421356237309503
 70
0
  0
VERTEX
  5
C67
  8
CUT
 10
2280.2
 20
841.0
 30
0.0
 70
0
  0
VERTEX
  5
C68
  8
CUT
 10
2295.0
 20
841.0
 30
0.0
 70
0
  0
VERTEX
  5
C69
  8
CUT
 10
2295.0
 20
881.0
 30
0.0
 70
0
  0
VERTEX
  5
C6A
  8
CUT
 10
2280.2
 20
881.0
 30
0.0
 42
-0.41421356237309503
 70
0
  0
VERTEX
  5
C6B
  8
CUT
 10
2277.0
 20
877.8000000000002
 30
0.0
 42
-0.41421356237309503
 70
0
  0
VERTEX
  5
C6C
  8
CUT
 10
2273.8
 20
881.0000000000002
 30
0.0
 42
-0.41421356237309503
 70
0
  0
VERTEX
  5
C6D
  8
CUT
 10
2277.0
 20
884.2
 30
0.0
 70
0
  0
VERTEX
  5
C6E
  8
CUT
 10
2277.0
 20
916.8890308141729
 30
0.0
 70
0
  0
VERTEX
  5
C6F
  8
CUT
 10
2268.6428571428573
 20
922.7027316950096
 30
0.0
 70
0
  0
VERTEX
  5
C70
  8
CUT
 10
2260.285714285714
 20
928.1138906124827
 30
0.0
 70
0
  0
VERTEX
  5
C71
  8
CUT
 10
2251.9285714285716
 20
933.1225075665922
 30
0.0
 70
0
  0
VERTEX
  5
C72
  8
CUT
 10
2243.5714285714284
 20
937.7285825573383
 30
0.0
 70
0
  0
VERTEX
  5
C73
  8
CUT
 10
2235.214285714286
 20
941.9321155847208
 30
0.0
 70
0
  0
VERTEX
  5
C74
  8
CUT
 10
2226.8571428571427
 20
945.7331066487397
 30
0.0
 70
0
  0
VERTEX
  5
C75
  8
CUT
 10
2218.5
 20
949.1315557493951
 30
0.0
 70
0
  0
VERTEX
  5
C76
  8
CUT
 10
2210.1428571428573
 20
952.127462886687
 30
0.0
 70
0
  0
VERTEX
  5
C77
  8
CUT
 10
2201.785714285714
 20
954.7208280606153
 30
0.0
 70
0
  0
VERTEX
  5
C78
  8
CUT
 10
2193.4285714285716
 20
956.9116512711802
 30
0.0
 70
0
  0
VERTEX
  5
C79
  8
CUT
 10
2185.0714285714284
 20
958.6999325183815
 30
0.0
 70
0
  0
VERTEX
  5
C7A
  8
CUT
 10
2176.714285714286
 20
960.0856718022192
 30
0.0
 70
0
  0
VERTEX
  5
C7B
  8
CUT
 10
2168.357142857143
 20
961.0688691226934
 30
0.0
 70
0
  0
VERTEX
  5
C7C
  8
CUT
 10
2160.0
 20
961.6495244798041
 30
0.0
 70
0
  0
VERTEX
  5
C7D
  8
CUT
 10
2151.6428571428573
 20
961.8276378735511
 30
0.0
 70
0
  0
VERTEX
  5
C7E
  8
CUT
 10
2143.285714285714
 20
961.6032093039348
 30
0.0
 70
0
  0
VERTEX
  5
C7F
  8
CUT
 10
2134.9285714285716
 20
960.9762387709549
 30
0.0
 70
0
  0
VERTEX
  5
C80
  8
CUT
 10
2126.5714285714284
 20
959.9467262746114
 30
0.0
 70
0
  0
VERTEX
  5
C81
  8
CUT
 10
2118.214285714286
 20
958.5146718149043
 30
0.0
 70
0
  0
VERTEX
  5
C82
  8
CUT
 10
2109.8571428571427
 20
956.6800753918337
 30
0.0
 70
0
  0
VERTEX
  5
C83
  8
CUT
 10
2101.5
 20
954.4429370053996
 30
0.0
 70
0
  0
VERTEX
  5
C84
  8
CUT
 10
2093.1428571428573
 20
951.803256655602
 30
0.0
 70
0
  0
VERTEX
  5
C85
  8
CUT
 10
2084.785714285714
 20
948.7610343424408
 30
0.0
 70
0
  0
VERTEX
  5
C86
  8
CUT
 10
2076.4285714285716
 20
945.3162700659161
 30
0.0
 70
0
  0
VERTEX
  5
C87
  8
CUT
 10
2068.0714285714284
 20
941.4689638260279
 30
0.0
 70
0
  0
VERTEX
  5
C88
  8
CUT
 10
2059.714285714286
 20
937.219115622776
 30
0.0
 70
0
  0
VERTEX
  5
C89
  8
CUT
 10
2051.3571428571427
 20
932.5667254561607
 30
0.0
 70
0
  0
VERTEX
  5
C8A
  8
CUT
 10
2043.0
 20
927.5117933261819
 30
0.0
 70
0
  0
VERTEX
  5
C8B
  8
CUT
 10
2043.0
 20
884.2
 30
0.0
 42
-0.41421356237309503
 70
0
  0
VERTEX
  5
C8C
  8
CUT
 10
2046.2
 20
881.0
 30
0.0
 42
-0.41421356237309503
 70
0
  0
VERTEX
  5
C8D
  8
CUT
 10
2043.0
 20
877.8
 30
0.0
 42
-0.41421356237309503
 70
0
  0
VERTEX
  5
C8E
  8
CUT
 10
2039.8
 20
881.0
 30
0.0
 70
0
  0
VERTEX
  5
C8F
  8
CUT
 10
2025.0
 20
881.0
 30
0.0
 70
0
  0
VERTEX
  5
C90
  8
CUT
 10
2025.0
 20
841.0
 30
0.0
 70
0
  0
VERTEX
  5
C91
  8
CUT
 10
2039.8
 20
841.0
 30
0.0
 42
-0.41421356237309503
 70
0
  0
VERTEX
  5
C92
  8
CUT
 10
2043.0
 20
844.2
 30
0.0
 42
-0.41421356237309503
 70
0
  0
VERTEX
  5
C93
  8
CUT
 10
2046.2
 20
841.0
 30
0.0
 42
-0.41421356237309503
 70
0
  0
VERTEX
  5
C94
  8
CUT
 10
2043.0
 20
837.8000000000001
 30
0.0
 70
0
  0
VERTEX
  5
C95
  8
CUT
 10
2043.0
 20
833.0
 30
0.0
 70
0
  0
SEQEND
  5
C62
  8
CUT
  0
POLYLINE
  5
C96
  8
CUT
 66
1
 10
0.0
 20
0.0
 30
0.0
 70
1
  0
VERTEX
  5
C98
  8
CUT
 10
2043.0
 20
1105.827637873551
 30
0.0
 70
0
  0
VERTEX
  5
C99
  8
CUT
 10
2043.0
 20
1101.0276378735512
 30
0.0
 42
-0.41421356237309503
 70
0
  0
VERTEX
  5
C9A
  8
CUT
 10
2046.2
 20
1097.827637873551
 30
0.0
 42
-0.41421356237309503
 70
0
  0
VERTEX
  5
C9B
  8
CUT
 10
2043.0
 20
1094.627637873551
 30
0.0
 42
-0.41421356237309503
 70
0
  0
VERTEX
  5
C9C
  8
CUT
 10
2039.8
 20
1097.827637873551
 30
0.0
 70
0
  0
VERTEX
  5
C9D
  8
CUT
 10
2025.0
 20
1097.827637873551
 30
0.0
 70
0
  0
VERTEX
  5
C9E
  8
CUT
 10
2025.0
 20
1057.827637873551
 30
0.0
 70
0
  0
VERTEX
  5
C9F
  8
CUT
 10
2039.8
 20
1057.827637873551
 30
0.0
 42
-0.41421356237309503
 70
0
  0
VERTEX
  5
CA0
  8
CUT
 10
2042.9999999999998
 20
1061.027637873551
 30
0.0
 42
-0.41421356237309503
 70
0
  0
VERTEX
  5
CA1
  8
CUT
 10
2046.1999999999996
 20
1057.827637873551
 30
0.0
 42
-0.41421356237309503
 70
0
  0
VERTEX
  5
CA2
  8
CUT
 10
2043.0
 20
1054.6276378735513
 30
0.0
 70
0
  0
VERTEX
  5
CA3
  8
CUT
 10
2043.0
 20
1021.9386070593783
 30
0.0
 70
0
  0
VERTEX
  5
CA4
  8
CUT
 10
2051.3571428571427
 20
1016.1249061785417
 30
0.0
 70
0
  0
VERTEX
  5
CA5
  8
CUT
 10
2059.714285714286
 20
1010.7137472610685
 30
0.0
 70
0
  0
VERTEX
  5
CA6
  8
CUT
 10
2068.0714285714284
 20
1005.7051303069591
 30
0.0
 70
0
  0
VERTEX
  5
CA7
  8
CUT
 10
2076.4285714285716
 20
1001.0990553162129
 30
0.0
 70
0
  0
VERTEX
  5
CA8
  8
CUT
 10
2084.785714285714
 20
996.8955222888304
 30
0.0
 70
0
  0
VERTEX
  5
CA9
  8
CUT
 10
2093.1428571428573
 20
993.0945312248115
 30
0.0
 70
0
  0
VERTEX
  5
CAA
  8
CUT
 10
2101.5
 20
989.6960821241561
 30
0.0
 70
0
  0
VERTEX
  5
CAB
  8
CUT
 10
2109.8571428571427
 20
986.7001749868642
 30
0.0
 70
0
  0
VERTEX
  5
CAC
  8
CUT
 10
2118.214285714286
 20
984.1068098129358
 30
0.0
 70
0
  0
VERTEX
  5
CAD
  8
CUT
 10
2126.5714285714284
 20
981.915986602371
 30
0.0
 70
0
  0
VERTEX
  5
CAE
  8
CUT
 10
2134.9285714285716
 20
980.1277053551697
 30
0.0
 70
0
  0
VERTEX
  5
CAF
  8
CUT
 10
2143.285714285714
 20
978.741966071332
 30
0.0
 70
0
  0
VERTEX
  5
CB0
  8
CUT
 10
2151.6428571428573
 20
977.7587687508578
 30
0.0
 70
0
  0
VERTEX
  5
CB1
  8
CUT
 10
2160.0
 20
977.1781133937471
 30
0.0
 70
0
  0
VERTEX
  5
CB2
  8
CUT
 10
2168.3571428571427
 20
977.0
 30
0.0
 70
0
  0
VERTEX
  5
CB3
  8
CUT
 10
2176.714285714286
 20
977.2244285696164
 30
0.0
 70
0
  0
VERTEX
  5
CB4
  8
CUT
 10
2185.0714285714284
 20
977.8513991025964
 30
0.0
 70
0
  0
VERTEX
  5
CB5
  8
CUT
 10
2193.4285714285716
 20
978.8809115989399
 30
0.0
 70
0
  0
VERTEX
  5
CB6
  8
CUT
 10
2201.785714285714
 20
980.3129660586469
 30
0.0
 70
0
  0
VERTEX
  5
CB7
  8
CUT
 10
2210.142857142857
 20
982.1475624817174
 30
0.0
 70
0
  0
VERTEX
  5
CB8
  8
CUT
 10
2218.5
 20
984.3847008681515
 30
0.0
 70
0
  0
VERTEX
  5
CB9
  8
CUT
 10
2226.8571428571427
 20
987.0243812179492
 30
0.0
 70
0
  0
VERTEX
  5
CBA
  8
CUT
 10
2235.214285714286
 20
990.0666035311103
 30
0.0
 70
0
  0
VERTEX
  5
CBB
  8
CUT
 10
2243.5714285714284
 20
993.5113678076351
 30
0.0
 70
0
  0
VERTEX
  5
CBC
  8
CUT
 10
2251.9285714285716
 20
997.3586740475233
 30
0.0
 70
0
  0
VERTEX
  5
CBD
  8
CUT
 10
2260.285714285714
 20
1001.6085222507751
 30
0.0
 70
0
  0
VERTEX
  5
CBE
  8
CUT
 10
2268.642857142857
 20
1006.2609124173904
 30
0.0
 70
0
  0
VERTEX
  5
CBF
  8
CUT
 10
2277.0
 20
1011.3158445473694
 30
0.0
 70
0
  0
VERTEX
  5
CC0
  8
CUT
 10
2277.0
 20
1054.627637873551
 30
0.0
 42
-0.41421356237309503
 70
0
  0
VERTEX
  5
CC1
  8
CUT
 10
2273.8
 20
1057.8276378735509
 30
0.0
 42
-0.41421356237309503
 70
0
  0
VERTEX
  5
CC2
  8
CUT
 10
2277.0
 20
1061.0276378735507
 30
0.0
 42
-0.41421356237309503
 70
0
  0
VERTEX
  5
CC3
  8
CUT
 10
2280.2
 20
1057.827637873551
 30
0.0
 70
0
  0
VERTEX
  5
CC4
  8
CUT
 10
2295.0
 20
1057.827637873551
 30
0.0
 70
0
  0
VERTEX
  5
CC5
  8
CUT
 10
2295.0
 20
1097.827637873551
 30
0.0
 70
0
  0
VERTEX
  5
CC6
  8
CUT
 10
2280.2
 20
1097.827637873551
 30
0.0
 42
-0.41421356237309503
 70
0
  0
VERTEX
  5
CC7
  8
CUT
 10
2277.0
 20
1094.6276378735515
 30
0.0
 42
-0.41421356237309503
 70
0
  0
VERTEX
  5
CC8
  8
CUT
 10
2273.8
 20
1097.8276378735516
 30
0.0
 42
-0.41421356237309503
 70
0
  0
VERTEX
  5
CC9
  8
CUT
 10
2277.0
 20
1101.0276378735512
 30
0.0
 70
0
  0
VERTEX
  5
CCA
  8
CUT
 10
2277.0
 20
1105.827637873551
 30
0.0
 70
0
  0
SEQEND
  5
C97
  8
CUT
  0
POLYLINE
  5
CCB
  8
CUT
 66
1
 10
0.0
 20
0.0
 30
0.0
 70
1
  0
VERTEX
  5
CCD
  8
CUT
 10
2075.0
 20
787.0
 30
0.0
 70
0
  0
VERTEX
  5
CCE
  8
CUT
 10
2075.0
 20
682.2
 30
0.0
 42
-0.41421356237309503
 70
0
  0
VERTEX
  5
CCF
  8
CUT
 10
2078.2
 20
679.0000000000001
 30
0.0
 42
-0.41421356237309503
 70
0
  0
VERTEX
  5
CD0
  8
CUT
 10
2075.0
 20
675.8000000000002
 30
0.0
 42
-0.41421356237309503
 70
0
  0
VERTEX
  5
CD1
  8
CUT
 10
2071.8
 20
679.0
 30
0.0
 70
0
  0
VERTEX
  5
CD2
  8
CUT
 10
2057.0
 20
679.0
 30
0.0
 70
0
  0
VERTEX
  5
CD3
  8
CUT
 10
2057.0
 20
639.0
 30
0.0
 70
0
  0
VERTEX
  5
CD4
  8
CUT
 10
2071.8
 20
639.0
 30
0.0
 42
-0.41421356237309503
 70
0
  0
VERTEX
  5
CD5
  8
CUT
 10
2075.0
 20
642.1999999999998
 30
0.0
 42
-0.41421356237309503
 70
0
  0
VERTEX
  5
CD6
  8
CUT
 10
2078.2
 20
638.9999999999998
 30
0.0
 42
-0.41421356237309503
 70
0
  0
VERTEX
  5
CD7
  8
CUT
 10
2075.0
 20
635.8000000000001
 30
0.0
 70
0
  0
VERTEX
  5
CD8
  8
CUT
 10
2075.0
 20
617.0
 30
0.0
 70
0
  0
VERTEX
  5
CD9
  8
CUT
 10
2205.0
 20
617.0
 30
0.0
 70
0
  0
VERTEX
  5
CDA
  8
CUT
 10
2205.0
 20
623.8
 30
0.0
 42
-0.41421356237309503
 70
0
  0
VERTEX
  5
CDB
  8
CUT
 10
2201.8
 20
626.9999999999999
 30
0.0
 42
-0.41421356237309503
 70
0
  0
VERTEX
  5
CDC
  8
CUT
 10
2205.0
 20
630.1999999999998
 30
0.0
 42
-0.41421356237309503
 70
0
  0
VERTEX
  5
CDD
  8
CUT
 10
2208.2
 20
627.0
 30
0.0
 70
0
  0
VERTEX
  5
CDE
  8
CUT
 10
2215.0
 20
627.0
 30
0.0
 70
0
  0
VERTEX
  5
CDF
  8
CUT
 10
2245.0
 20
657.0
 30
0.0
 70
0
  0
VERTEX
  5
CE0
  8
CUT
 10
2245.0
 20
777.0
 30
0.0
 70
0
  0
VERTEX
  5
CE1
  8
CUT
 10
2208.2
 20
777.0
 30
0.0
 42
-0.41421356237309503
 70
0
  0
VERTEX
  5
CE2
  8
CUT
 10
2205.0
 20
773.8000000000002
 30
0.0
 42
-0.41421356237309503
 70
0
  0
VERTEX
  5
CE3
  8
CUT
 10
2201.8
 20
777.0000000000002
 30
0.0
 42
-0.41421356237309503
 70
0
  0
VERTEX
  5
CE4
  8
CUT
 10
2205.0
 20
780.2
 30
0.0
 70
0
  0
VERTEX
  5
CE5
  8
CUT
 10
2205.0
 20
787.0
 30
0.0
 70
0
  0
SEQEND
  5
CCC
  8
CUT
  0
POLYLINE
  5
CE6
  8
CUT
 66
1
 10
0.0
 20
0.0
 30
0.0
 70
1
  0
VERTEX
  5
CE8
  8
CUT
 10
2359.0
 20
17.0
 30
0.0
 70
0
  0
VERTEX
  5
CE9
  8
CUT
 10
2359.0
 20
121.8
 30
0.0
 42
-0.41421356237309503
 70
0
  0
VERTEX
  5
CEA
  8
CUT
 10
2355.8
 20
124.9999999999999
 30
0.0
 42
-0.41421356237309503
 70
0
  0
VERTEX
  5
CEB
  8
CUT
 10
2359.0
 20
128.19999999999982
 30
0.0
 42
-0.41421356237309503
 70
0
  0
VERTEX
  5
CEC
  8
CUT
 10
2362.2
 20
125.0
 30
0.0
 70
0
  0
VERTEX
  5
CED
  8
CUT
 10
2377.0
 20
125.0
 30
0.0
 70
0
  0
VERTEX
  5
CEE
  8
CUT
 10
2377.0
 20
165.0
 30
0.0
 70
0
  0
VERTEX
  5
CEF
  8
CUT
 10
2362.2
 20
165.0
 30
0.0
 42
-0.41421356237309503
 70
0
  0
VERTEX
  5
CF0
  8
CUT
 10
2359.0
 20
161.80000000000018
 30
0.0
 42
-0.41421356237309503
 70
0
  0
VERTEX
  5
CF1
  8
CUT
 10
2355.8
 20
165.00000000000017
 30
0.0
 42
-0.41421356237309503
 70
0
  0
VERTEX
  5
CF2
  8
CUT
 10
2359.0
 20
168.2
 30
0.0
 70
0
  0
VERTEX
  5
CF3
  8
CUT
 10
2359.0
 20
187.0
 30
0.0
 70
0
  0
VERTEX
  5
CF4
  8
CUT
 10
2229.0
 20
187.0
 30
0.0
 70
0
  0
VERTEX
  5
CF5
  8
CUT
 10
2229.0
 20
180.2
 30
0.0
 42
-0.41421356237309503
 70
0
  0
VERTEX
  5
CF6
  8
CUT
 10
2232.2
 20
177.00000000000009
 30
0.0
 42
-0.41421356237309503
 70
0
  0
VERTEX
  5
CF7
  8
CUT
 10
2229.0
 20
173.80000000000018
 30
0.0
 42
-0.41421356237309503
 70
0
  0
VERTEX
  5
CF8
  8
CUT
 10
2225.8
 20
177.0
 30
0.0
 70
0
  0
VERTEX
  5
CF9
  8
CUT
 10
2219.0
 20
177.0
 30
0.0
 70
0
  0
VERTEX
  5
CFA
  8
CUT
 10
2189.0
 20
147.0
 30
0.0
 70
0
  0
VERTEX
  5
CFB
  8
CUT
 10
2189.0
 20
27.000000000000007
 30
0.0
 70
0
  0
VERTEX
  5
CFC
  8
CUT
 10
2225.8
 20
27.000000000000007
 30
0.0
 42
-0.41421356237309503
 70
0
  0
VERTEX
  5
CFD
  8
CUT
 10
2229.0
 20
30.199999999999825
 30
0.0
 42
-0.41421356237309503
 70
0
  0
VERTEX
  5
CFE
  8
CUT
 10
2232.2
 20
26.999999999999822
 30
0.0
 42
-0.41421356237309503
 70
0
  0
VERTEX
  5
CFF
  8
CUT
 10
2229.0
 20
23.800000000000008
 30
0.0
 70
0
  0
VERTEX
  5
D00
  8
CUT
 10
2229.0
 20
17.000000000000007
 30
0.0
 70
0
  0
SEQEND
  5
CE7
  8
CUT
  0
POLYLINE
  5
D01
  8
CUT
 66
1
 10
0.0
 20
0.0
 30
0.0
 70
1
  0
VERTEX
  5
D03
  8
CUT
 10
2362.8429139002087
 20
453.0
 30
0.0
 70
0
  0
VERTEX
  5
D04
  8
CUT
 10
2358.042913900209
 20
453.0
 30
0.0
 42
-0.41421356237309503
 70
0
  0
VERTEX
  5
D05
  8
CUT
 10
2354.8429139002087
 20
449.7999999999997
 30
0.0
 42
-0.41421356237309503
 70
0
  0
VERTEX
  5
D06
  8
CUT
 10
2351.6429139002084
 20
452.9999999999998
 30
0.0
 42
-0.41421356237309503
 70
0
  0
VERTEX
  5
D07
  8
CUT
 10
2354.8429139002087
 20
456.2
 30
0.0
 70
0
  0
VERTEX
  5
D08
  8
CUT
 10
2354.8429139002087
 20
471.0
 30
0.0
 70
0
  0
VERTEX
  5
D09
  8
CUT
 10
2314.8429139002087
 20
471.0
 30
0.0
 70
0
  0
VERTEX
  5
D0A
  8
CUT
 10
2314.8429139002087
 20
456.20000000000005
 30
0.0
 42
-0.41421356237309503
 70
0
  0
VERTEX
  5
D0B
  8
CUT
 10
2318.0429139002085
 20
453.0000000000001
 30
0.0
 42
-0.41421356237309503
 70
0
  0
VERTEX
  5
D0C
  8
CUT
 10
2314.8429139002087
 20
449.8000000000002
 30
0.0
 42
-0.41421356237309503
 70
0
  0
VERTEX
  5
D0D
  8
CUT
 10
2311.642913900209
 20
453.0
 30
0.0
 70
0
  0
VERTEX
  5
D0E
  8
CUT
 10
2279.6585675631973
 20
453.0
 30
0.0
 70
0
  0
VERTEX
  5
D0F
  8
CUT
 10
2274.1398350513127
 20
444.64285714285717
 30
0.0
 70
0
  0
VERTEX
  5
D10
  8
CUT
 10
2269.0032208262387
 20
436.28571428571433
 30
0.0
 70
0
  0
VERTEX
  5
D11
  8
CUT
 10
2264.2487248879747
 20
427.92857142857144
 30
0.0
 70
0
  0
VERTEX
  5
D12
  8
CUT
 10
2259.876347236521
 20
419.57142857142856
 30
0.0
 70
0
  0
VERTEX
  5
D13
  8
CUT
 10
2255.886087871877
 20
411.2142857142857
 30
0.0
 70
0
  0
VERTEX
  5
D14
  8
CUT
 10
2252.2779467940436
 20
402.8571428571429
 30
0.0
 70
0
  0
VERTEX
  5
D15
  8
CUT
 10
2249.0519240030203
 20
394.5
 30
0.0
 70
0
  0
VERTEX
  5
D16
  8
CUT
 10
2246.208019498807
 20
386.14285714285717
 30
0.0
 70
0
  0
VERTEX
  5
D17
  8
CUT
 10
2243.746233281404
 20
377.78571428571433
 30
0.0
 70
0
  0
VERTEX
  5
D18
  8
CUT
 10
2241.666565350811
 20
369.42857142857144
 30
0.0
 70
0
  0
VERTEX
  5
D19
  8
CUT
 10
2239.9690157070286
 20
361.07142857142856
 30
0.0
 70
0
  0
VERTEX
  5
D1A
  8
CUT
 10
2238.653584350056
 20
352.7142857142857
 30
0.0
 70
0
  0
VERTEX
  5
D1B
  8
CUT
 10
2237.720271279894
 20
344.3571428571429
 30
0.0
 70
0
  0
VERTEX
  5
D1C
  8
CUT
 10
2237.169076496542
 20
336.0
 30
0.0
 70
0
  0
VERTEX
  5
D1D
  8
CUT
 10
2237.0
 20
327.64285714285717
 30
0.0
 70
0
  0
VERTEX
  5
D1E
  8
CUT
 10
2237.213041790268
 20
319.28571428571433
 30
0.0
 70
0
  0
VERTEX
  5
D1F
  8
CUT
 10
2237.8082018673467
 20
310.92857142857144
 30
0.0
 70
0
  0
VERTEX
  5
D20
  8
CUT
 10
2238.7854802312354
 20
302.5714285714286
 30
0.0
 70
0
  0
VERTEX
  5
D21
  8
CUT
 10
2240.144876881934
 20
294.2142857142858
 30
0.0
 70
0
  0
VERTEX
  5
D22
  8
CUT
 10
2241.8863918194434
 20
285.8571428571429
 30
0.0
 70
0
  0
VERTEX
  5
D23
  8
CUT
 10
2244.0100250437627
 20
277.5
 30
0.0
 70
0
  0
VERTEX
  5
D24
  8
CUT
 10
2246.515776554892
 20
269.14285714285717
 30
0.0
 70
0
  0
VERTEX
  5
D25
  8
CUT
 10
2249.4036463528314
 20
260.7857142857143
 30
0.0
 70
0
  0
VERTEX
  5
D26
  8
CUT
 10
2252.6736344375813
 20
252.42857142857142
 30
0.0
 70
0
  0
VERTEX
  5
D27
  8
CUT
 10
2256.3257408091413
 20
244.07142857142858
 30
0.0
 70
0
  0
VERTEX
  5
D28
  8
CUT
 10
2260.3599654675113
 20
235.71428571428572
 30
0.0
 70
0
  0
VERTEX
  5
D29
  8
CUT
 10
2264.7763084126914
 20
227.35714285714286
 30
0.0
 70
0
  0
VERTEX
  5
D2A
  8
CUT
 10
2269.574769644682
 20
219.0
 30
0.0
 70
0
  0
VERTEX
  5
D2B
  8
CUT
 10
2311.642913900209
 20
219.0
 30
0.0
 42
-0.41421356237309503
 70
0
  0
VERTEX
  5
D2C
  8
CUT
 10
2314.8429139002087
 20
222.19999999999982
 30
0.0
 42
-0.41421356237309503
 70
0
  0
VERTEX
  5
D2D
  8
CUT
 10
2318.0429139002085
 20
218.99999999999983
 30
0.0
 42
-0.41421356237309503
 70
0
  0
VERTEX
  5
D2E
  8
CUT
 10
2314.8429139002087
 20
215.8
 30
0.0
 70
0
  0
VERTEX
  5
D2F
  8
CUT
 10
2314.8429139002087
 20
201.0
 30
0.0
 70
0
  0
VERTEX
  5
D30
  8
CUT
 10
2354.8429139002087
 20
201.0
 30
0.0
 70
0
  0
VERTEX
  5
D31
  8
CUT
 10
2354.8429139002087
 20
215.8
 30
0.0
 42
-0.41421356237309503
 70
0
  0
VERTEX
  5
D32
  8
CUT
 10
2351.6429139002084
 20
219.00000000000014
 30
0.0
 42
-0.41421356237309503
 70
0
  0
VERTEX
  5
D33
  8
CUT
 10
2354.8429139002087
 20
222.20000000000027
 30
0.0
 42
-0.41421356237309503
 70
0
  0
VERTEX
  5
D34
  8
CUT
 10
2358.042913900209
 20
219.0
 30
0.0
 70
0
  0
VERTEX
  5
D35
  8
CUT
 10
2362.8429139002087
 20
219.0
 30
0.0
 70
0
  0
SEQEND
  5
D02
  8
CUT
  0
POLYLINE
  5
D36
  8
CUT
 66
1
 10
0.0
 20
0.0
 30
0.0
 70
1
  0
VERTEX
  5
D38
  8
CUT
 10
2386.8429139002087
 20
761.0
 30
0.0
 70
0
  0
VERTEX
  5
D39
  8
CUT
 10
2382.042913900209
 20
761.0
 30
0.0
 42
-0.41421356237309503
 70
0
  0
VERTEX
  5
D3A
  8
CUT
 10
2378.8429139002087
 20
757.7999999999997
 30
0.0
 42
-0.41421356237309503
 70
0
  0
VERTEX
  5
D3B
  8
CUT
 10
2375.6429139002084
 20
760.9999999999998
 30
0.0
 42
-0.41421356237309503
 70
0
  0
VERTEX
  5
D3C
  8
CUT
 10
2378.8429139002087
 20
764.2
 30
0.0
 70
0
  0
VERTEX
  5
D3D
  8
CUT
 10
2378.8429139002087
 20
779.0
 30
0.0
 70
0
  0
VERTEX
  5
D3E
  8
CUT
 10
2338.8429139002087
 20
779.0
 30
0.0
 70
0
  0
VERTEX
  5
D3F
  8
CUT
 10
2338.8429139002087
 20
764.2
 30
0.0
 42
-0.41421356237309503
 70
0
  0
VERTEX
  5
D40
  8
CUT
 10
2342.0429139002085
 20
761.0000000000001
 30
0.0
 42
-0.41421356237309503
 70
0
  0
VERTEX
  5
D41
  8
CUT
 10
2338.8429139002087
 20
757.8000000000002
 30
0.0
 42
-0.41421356237309503
 70
0
  0
VERTEX
  5
D42
  8
CUT
 10
2335.642913900209
 20
761.0
 30
0.0
 70
0
  0
VERTEX
  5
D43
  8
CUT
 10
2303.6585675631973
 20
761.0
 30
0.0
 70
0
  0
VERTEX
  5
D44
  8
CUT
 10
2298.1398350513127
 20
752.6428571428571
 30
0.0
 70
0
  0
VERTEX
  5
D45
  8
CUT
 10
2293.0032208262387
 20
744.2857142857143
 30
0.0
 70
0
  0
VERTEX
  5
D46
  8
CUT
 10
2288.2487248879747
 20
735.9285714285714
 30
0.0
 70
0
  0
VERTEX
  5
D47
  8
CUT
 10
2283.876347236521
 20
727.5714285714286
 30
0.0
 70
0
  0
VERTEX
  5
D48
  8
CUT
 10
2279.886087871877
 20
719.2142857142858
 30
0.0
 70
0
  0
VERTEX
  5
D49
  8
CUT
 10
2276.2779467940436
 20
710.8571428571429
 30
0.0
 70
0
  0
VERTEX
  5
D4A
  8
CUT
 10
2273.0519240030203
 20
702.5
 30
0.0
 70
0
  0
VERTEX
  5
D4B
  8
CUT
 10
2270.208019498807
 20
694.1428571428571
 30
0.0
 70
0
  0
VERTEX
  5
D4C
  8
CUT
 10
2267.746233281404
 20
685.7857142857143
 30
0.0
 70
0
  0
VERTEX
  5
D4D
  8
CUT
 10
2265.666565350811
 20
677.4285714285714
 30
0.0
 70
0
  0
VERTEX
  5
D4E
  8
CUT
 10
2263.9690157070286
 20
669.0714285714286
 30
0.0
 70
0
  0
VERTEX
  5
D4F
  8
CUT
 10
2262.653584350056
 20
660.7142857142858
 30
0.0
 70
0
  0
VERTEX
  5
D50
  8
CUT
 10
2261.720271279894
 20
652.3571428571429
 30
0.0
 70
0
  0
VERTEX
  5
D51
  8
CUT
 10
2261.169076496542
 20
644.0
 30
0.0
 70
0
  0
VERTEX
  5
D52
  8
CUT
 10
2261.0
 20
635.6428571428571
 30
0.0
 70
0
  0
VERTEX
  5
D53
  8
CUT
 10
2261.213041790268
 20
627.2857142857143
 30
0.0
 70
0
  0
VERTEX
  5
D54
  8
CUT
 10
2261.8082018673467
 20
618.9285714285714
 30
0.0
 70
0
  0
VERTEX
  5
D55
  8
CUT
 10
2262.7854802312354
 20
610.5714285714287
 30
0.0
 70
0
  0
VERTEX
  5
D56
  8
CUT
 10
2264.144876881934
 20
602.2142857142858
 30
0.0
 70
0
  0
VERTEX
  5
D57
  8
CUT
 10
2265.8863918194434
 20
593.8571428571429
 30
0.0
 70
0
  0
VERTEX
  5
D58
  8
CUT
 10
2268.0100250437627
 20
585.5
 30
0.0
 70
0
  0
VERTEX
  5
D59
  8
CUT
 10
2270.515776554892
 20
577.1428571428571
 30
0.0
 70
0
  0
VERTEX
  5
D5A
  8
CUT
 10
2273.4036463528314
 20
568.7857142857142
 30
0.0
 70
0
  0
VERTEX
  5
D5B
  8
CUT
 10
2276.6736344375813
 20
560.4285714285714
 30
0.0
 70
0
  0
VERTEX
  5
D5C
  8
CUT
 10
2280.3257408091413
 20
552.0714285714286
 30
0.0
 70
0
  0
VERTEX
  5
D5D
  8
CUT
 10
2284.3599654675113
 20
543.7142857142858
 30
0.0
 70
0
  0
VERTEX
  5
D5E
  8
CUT
 10
2288.7763084126914
 20
535.3571428571429
 30
0.0
 70
0
  0
VERTEX
  5
D5F
  8
CUT
 10
2293.574769644682
 20
527.0
 30
0.0
 70
0
  0
VERTEX
  5
D60
  8
CUT
 10
2335.642913900209
 20
527.0
 30
0.0
 42
-0.41421356237309503
 70
0
  0
VERTEX
  5
D61
  8
CUT
 10
2338.8429139002087
 20
530.1999999999998
 30
0.0
 42
-0.41421356237309503
 70
0
  0
VERTEX
  5
D62
  8
CUT
 10
2342.0429139002085
 20
526.9999999999998
 30
0.0
 42
-0.41421356237309503
 70
0
  0
VERTEX
  5
D63
  8
CUT
 10
2338.8429139002087
 20
523.8
 30
0.0
 70
0
  0
VERTEX
  5
D64
  8
CUT
 10
2338.8429139002087
 20
509.0
 30
0.0
 70
0
  0
VERTEX
  5
D65
  8
CUT
 10
2378.8429139002087
 20
509.0
 30
0.0
 70
0
  0
VERTEX
  5
D66
  8
CUT
 10
2378.8429139002087
 20
523.8
 30
0.0
 42
-0.41421356237309503
 70
0
  0
VERTEX
  5
D67
  8
CUT
 10
2375.6429139002084
 20
527.0000000000001
 30
0.0
 42
-0.41421356237309503
 70
0
  0
VERTEX
  5
D68
  8
CUT
 10
2378.8429139002087
 20
530.2000000000003
 30
0.0
 42
-0.41421356237309503
 70
0
  0
VERTEX
  5
D69
  8
CUT
 10
2382.042913900209
 20
527.0
 30
0.0
 70
0
  0
VERTEX
  5
D6A
  8
CUT
 10
2386.8429139002087
 20
527.0
 30
0.0
 70
0
  0
SEQEND
  5
D37
  8
CUT
  0
POLYLINE
  5
D6B
  8
CUT
 66
1
 10
0.0
 20
0.0
 30
0.0
 70
1
  0
VERTEX
  5
D6D
  8
CUT
 10
2414.8429139002087
 20
1097.0
 30
0.0
 70
0
  0
VERTEX
  5
D6E
  8
CUT
 10
2410.042913900209
 20
1097.0
 30
0.0
 42
-0.41421356237309503
 70
0
  0
VERTEX
  5
D6F
  8
CUT
 10
2406.8429139002087
 20
1093.8
 30
0.0
 42
-0.41421356237309503
 70
0
  0
VERTEX
  5
D70
  8
CUT
 10
2403.6429139002084
 20
1097.0
 30
0.0
 42
-0.41421356237309503
 70
0
  0
VERTEX
  5
D71
  8
CUT
 10
2406.8429139002087
 20
1100.2
 30
0.0
 70
0
  0
VERTEX
  5
D72
  8
CUT
 10
2406.8429139002087
 20
1115.0
 30
0.0
 70
0
  0
VERTEX
  5
D73
  8
CUT
 10
2366.8429139002087
 20
1115.0
 30
0.0
 70
0
  0
VERTEX
  5
D74
  8
CUT
 10
2366.8429139002087
 20
1100.2
 30
0.0
 42
-0.41421356237309503
 70
0
  0
VERTEX
  5
D75
  8
CUT
 10
2370.0429139002085
 20
1097.0000000000002
 30
0.0
 42
-0.41421356237309503
 70
0
  0
VERTEX
  5
D76
  8
CUT
 10
2366.8429139002087
 20
1093.8000000000004
 30
0.0
 42
-0.41421356237309503
 70
0
  0
VERTEX
  5
D77
  8
CUT
 10
2363.642913900209
 20
1097.0
 30
0.0
 70
0
  0
VERTEX
  5
D78
  8
CUT
 10
2331.6585675631973
 20
1097.0
 30
0.0
 70
0
  0
VERTEX
  5
D79
  8
CUT
 10
2326.1398350513127
 20
1088.642857142857
 30
0.0
 70
0
  0
VERTEX
  5
D7A
  8
CUT
 10
2321.0032208262387
 20
1080.2857142857142
 30
0.0
 70
0
  0
VERTEX
  5
D7B
  8
CUT
 10
2316.2487248879747
 20
1071.9285714285716
 30
0.0
 70
0
  0
VERTEX
  5
D7C
  8
CUT
 10
2311.876347236521
 20
1063.5714285714287
 30
0.0
 70
0
  0
VERTEX
  5
D7D
  8
CUT
 10
2307.886087871877
 20
1055.2142857142858
 30
0.0
 70
0
  0
VERTEX
  5
D7E
  8
CUT
 10
2304.2779467940436
 20
1046.857142857143
 30
0.0
 70
0
  0
VERTEX
  5
D7F
  8
CUT
 10
2301.0519240030203
 20
1038.5
 30
0.0
 70
0
  0
VERTEX
  5
D80
  8
CUT
 10
2298.208019498807
 20
1030.142857142857
 30
0.0
 70
0
  0
VERTEX
  5
D81
  8
CUT
 10
2295.746233281404
 20
1021.7857142857143
 30
0.0
 70
0
  0
VERTEX
  5
D82
  8
CUT
 10
2293.666565350811
 20
1013.4285714285714
 30
0.0
 70
0
  0
VERTEX
  5
D83
  8
CUT
 10
2291.9690157070286
 20
1005.0714285714286
 30
0.0
 70
0
  0
VERTEX
  5
D84
  8
CUT
 10
2290.653584350056
 20
996.7142857142858
 30
0.0
 70
0
  0
VERTEX
  5
D85
  8
CUT
 10
2289.720271279894
 20
988.3571428571429
 30
0.0
 70
0
  0
VERTEX
  5
D86
  8
CUT
 10
2289.169076496542
 20
980.0
 30
0.0
 70
0
  0
VERTEX
  5
D87
  8
CUT
 10
2289.0
 20
971.6428571428571
 30
0.0
 70
0
  0
VERTEX
  5
D88
  8
CUT
 10
2289.213041790268
 20
963.2857142857143
 30
0.0
 70
0
  0
VERTEX
  5
D89
  8
CUT
 10
2289.8082018673467
 20
954.9285714285714
 30
0.0
 70
0
  0
VERTEX
  5
D8A
  8
CUT
 10
2290.7854802312354
 20
946.5714285714287
 30
0.0
 70
0
  0
VERTEX
  5
D8B
  8
CUT
 10
2292.144876881934
 20
938.2142857142858
 30
0.0
 70
0
  0
VERTEX
  5
D8C
  8
CUT
 10
2293.8863918194434
 20
929.8571428571429
 30
0.0
 70
0
  0
VERTEX
  5
D8D
  8
CUT
 10
2296.0100250437627
 20
921.5
 30
0.0
 70
0
  0
VERTEX
  5
D8E
  8
CUT
 10
2298.515776554892
 20
913.1428571428571
 30
0.0
 70
0
  0
VERTEX
  5
D8F
  8
CUT
 10
2301.4036463528314
 20
904.7857142857142
 30
0.0
 70
0
  0
VERTEX
  5
D90
  8
CUT
 10
2304.6736344375813
 20
896.4285714285714
 30
0.0
 70
0
  0
VERTEX
  5
D91
  8
CUT
 10
2308.3257408091413
 20
888.0714285714286
 30
0.0
 70
0
  0
VERTEX
  5
D92
  8
CUT
 10
2312.3599654675113
 20
879.7142857142858
 30
0.0
 70
0
  0
VERTEX
  5
D93
  8
CUT
 10
2316.7763084126914
 20
871.3571428571429
 30
0.0
 70
0
  0
VERTEX
  5
D94
  8
CUT
 10
2321.574769644682
 20
863.0
 30
0.0
 70
0
  0
VERTEX
  5
D95
  8
CUT
 10
2363.642913900209
 20
863.0
 30
0.0
 42
-0.41421356237309503
 70
0
  0
VERTEX
  5
D96
  8
CUT
 10
2366.8429139002087
 20
866.1999999999998
 30
0.0
 42
-0.41421356237309503
 70
0
  0
VERTEX
  5
D97
  8
CUT
 10
2370.0429139002085
 20
862.9999999999998
 30
0.0
 42
-0.41421356237309503
 70
0
  0
VERTEX
  5
D98
  8
CUT
 10
2366.8429139002087
 20
859.8
 30
0.0
 70
0
  0
VERTEX
  5
D99
  8
CUT
 10
2366.8429139002087
 20
845.0
 30
0.0
 70
0
  0
VERTEX
  5
D9A
  8
CUT
 10
2406.8429139002087
 20
845.0
 30
0.0
 70
0
  0
VERTEX
  5
D9B
  8
CUT
 10
2406.8429139002087
 20
859.8
 30
0.0
 42
-0.41421356237309503
 70
0
  0
VERTEX
  5
D9C
  8
CUT
 10
2403.6429139002084
 20
863.0000000000001
 30
0.0
 42
-0.41421356237309503
 70
0
  0
VERTEX
  5
D9D
  8
CUT
 10
2406.8429139002087
 20
866.2000000000003
 30
0.0
 42
-0.41421356237309503
 70
0
  0
VERTEX
  5
D9E
  8
CUT
 10
2410.042913900209
 20
863.0
 30
0.0
 70
0
  0
VERTEX
  5
D9F
  8
CUT
 10
2414.8429139002087
 20
863.0
 30
0.0
 70
0
  0
SEQEND
  5
D6C
  8
CUT
  0
POLYLINE
  5
DA0
  8
CUT
 66
1
 10
0.0
 20
0.0
 30
0.0
 70
1
  0
VERTEX
  5
DA2
  8
CUT
 10
1026.469867145305
 20
490.8598442936159
 30
0.0
 70
0
  0
VERTEX
  5
DA3
  8
CUT
 10
1023.3844866188095
 20
487.1828309666448
 30
0.0
 42
-0.41421356237309503
 70
0
  0
VERTEX
  5
DA4
  8
CUT
 10
1023.7789084857933
 20
482.6745683976671
 30
0.0
 42
-0.41421356237309503
 70
0
  0
VERTEX
  5
DA5
  8
CUT
 10
1019.2706459168156
 20
482.2801465306833
 30
0.0
 42
-0.41421356237309503
 70
0
  0
VERTEX
  5
DA6
  8
CUT
 10
1018.8762240498319
 20
486.78840909966095
 30
0.0
 70
0
  0
VERTEX
  5
DA7
  8
CUT
 10
1007.538766291671
 20
496.30166572302176
 30
0.0
 70
0
  0
VERTEX
  5
DA8
  8
CUT
 10
981.8272619042094
 20
465.65988799826266
 30
0.0
 70
0
  0
VERTEX
  5
DA9
  8
CUT
 10
993.1647196623703
 20
456.14663137490186
 30
0.0
 42
-0.41421356237309503
 70
0
  0
VERTEX
  5
DAA
  8
CUT
 10
997.672982231348
 20
456.5410532418856
 30
0.0
 42
-0.41421356237309503
 70
0
  0
VERTEX
  5
DAB
  8
CUT
 10
998.0674040983317
 20
452.03279067290794
 30
0.0
 42
-0.41421356237309503
 70
0
  0
VERTEX
  5
DAC
  8
CUT
 10
993.5591415293541
 20
451.6383688059242
 30
0.0
 70
0
  0
VERTEX
  5
DAD
  8
CUT
 10
973.0
 20
427.13693802766363
 30
0.0
 70
0
  0
VERTEX
  5
DAE
  8
CUT
 10
975.8545699662521
 20
417.5374757729227
 30
0.0
 70
0
  0
VERTEX
  5
DAF
  8
CUT
 10
978.9547608327006
 20
408.2307331084069
 30
0.0
 70
0
  0
VERTEX
  5
DB0
  8
CUT
 10
982.3005725993452
 20
399.2167100341162
 30
0.0
 70
0
  0
VERTEX
  5
DB1
  8
CUT
 10
985.8920052661861
 20
390.4954065500506
 30
0.0
 70
0
  0
VERTEX
  5
DB2
  8
CUT
 10
989.7290588332231
 20
382.06682265621
 30
0.0
 70
0
  0
VERTEX
  5
DB3
  8
CUT
 10
993.8117333004565
 20
373.9309583525946
 30
0.0
 70
0
  0
VERTEX
  5
DB4
  8
CUT
 10
998.1400286678861
 20
366.08781363920417
 30
0.0
 70
0
  0
VERTEX
  5
DB5
  8
CUT
 10
1002.7139449355119
 20
358.53738851603885
 30
0.0
 70
0
  0
VERTEX
  5
DB6
  8
CUT
 10
1007.5334821033339
 20
351.2796829830986
 30
0.0
 70
0
  0
VERTEX
  5
DB7
  8
CUT
 10
1012.5986401713521
 20
344.3146970403835
 30
0.0
 70
0
  0
VERTEX
  5
DB8
  8
CUT
 10
1017.9094191395666
 20
337.64243068789347
 30
0.0
 70
0
  0
VERTEX
  5
DB9
  8
CUT
 10
1023.4658190079774
 20
331.26288392562844
 30
0.0
 70
0
  0
VERTEX
  5
DBA
  8
CUT
 10
1029.2678397765842
 20
325.17605675358857
 30
0.0
 70
0
  0
VERTEX
  5
DBB
  8
CUT
 10
1035.3154814453876
 20
319.3819491717738
 30
0.0
 70
0
  0
VERTEX
  5
DBC
  8
CUT
 10
1041.608744014387
 20
313.88056118018403
 30
0.0
 70
0
  0
VERTEX
  5
DBD
  8
CUT
 10
1048.1476274835825
 20
308.67189277881937
 30
0.0
 70
0
  0
VERTEX
  5
DBE
  8
CUT
 10
1054.9321318529744
 20
303.7559439676798
 30
0.0
 70
0
  0
VERTEX
  5
DBF
  8
CUT
 10
1061.9622571225625
 20
299.1327147467654
 30
0.0
 70
0
  0
VERTEX
  5
DC0
  8
CUT
 10
1069.2380032923468
 20
294.8022051160759
 30
0.0
 70
0
  0
VERTEX
  5
DC1
  8
CUT
 10
1076.7593703623274
 20
290.7644150756116
 30
0.0
 70
0
  0
VERTEX
  5
DC2
  8
CUT
 10
1084.5263583325043
 20
287.0193446253724
 30
0.0
 70
0
  0
VERTEX
  5
DC3
  8
CUT
 10
1092.5389672028773
 20
283.56699376535823
 30
0.0
 70
0
  0
VERTEX
  5
DC4
  8
CUT
 10
1100.7971969734465
 20
280.40736249556915
 30
0.0
 70
0
  0
VERTEX
  5
DC5
  8
CUT
 10
1109.301047644212
 20
277.5404508160052
 30
0.0
 70
0
  0
VERTEX
  5
DC6
  8
CUT
 10
1118.0505192151736
 20
274.9662587266663
 30
0.0
 70
0
  0
VERTEX
  5
DC7
  8
CUT
 10
1127.0456116863315
 20
272.6847862275524
 30
0.0
 70
0
  0
VERTEX
  5
DC8
  8
CUT
 10
1136.2863250576859
 20
270.6960333186637
 30
0.0
 70
0
  0
VERTEX
  5
DC9
  8
CUT
 10
1145.7726593292364
 20
269.0
 30
0.0
 70
0
  0
VERTEX
  5
DCA
  8
CUT
 10
1172.813541219195
 20
301.22606813927393
 30
0.0
 42
-0.41421356237309503
 70
0
  0
VERTEX
  5
DCB
  8
CUT
 10
1172.419119352211
 20
305.7343307082513
 30
0.0
 42
-0.41421356237309503
 70
0
  0
VERTEX
  5
DCC
  8
CUT
 10
1176.9273819211885
 20
306.1287525752353
 30
0.0
 42
-0.41421356237309503
 70
0
  0
VERTEX
  5
DCD
  8
CUT
 10
1177.3218037881725
 20
301.6204900062578
 30
0.0
 70
0
  0
VERTEX
  5
DCE
  8
CUT
 10
1188.6592615463335
 20
292.107233382897
 30
0.0
 70
0
  0
VERTEX
  5
DCF
  8
CUT
 10
1214.3707659337952
 20
322.7490111076561
 30
0.0
 70
0
  0
VERTEX
  5
DD0
  8
CUT
 10
1203.0333081756341
 20
332.2622677310169
 30
0.0
 42
-0.41421356237309503
 70
0
  0
VERTEX
  5
DD1
  8
CUT
 10
1198.5250456066565
 20
331.86784586403314
 30
0.0
 42
-0.41421356237309503
 70
0
  0
VERTEX
  5
DD2
  8
CUT
 10
1198.1306237396727
 20
336.3761084330108
 30
0.0
 42
-0.41421356237309503
 70
0
  0
VERTEX
  5
DD3
  8
CUT
 10
1202.6388863086504
 20
336.77053029999456
 30
0.0
 70
0
  0
VERTEX
  5
DD4
  8
CUT
 10
1205.7242668351457
 20
340.4475436269656
 30
0.0
 70
0
  0
SEQEND
  5
DA1
  8
CUT
  0
POLYLINE
  5
DD5
  8
REFERENCE-SHEET
 66
1
 10
0.0
 20
0.0
 30
0.0
 70
1
  0
VERTEX
  5
DD7
  8
REFERENCE-SHEET
 10
0.0
 20
-1470.0
 30
0.0
 70
0
  0
VERTEX
  5
DD8
  8
REFERENCE-SHEET
 10
2440.0
 20
-1470.0
 30
0.0
 70
0
  0
VERTEX
  5
DD9
  8
REFERENCE-SHEET
 10
2440.0
 20
-250.0
 30
0.0
 70
0
  0
VERTEX
  5
DDA
  8
REFERENCE-SHEET
 10
0.0
 20
-250.0
 30
0.0
 70
0
  0
SEQEND
  5
DD6
  8
REFERENCE-SHEET
  0
POLYLINE
  5
DDB
  8
CUT
 66
1
 10
0.0
 20
0.0
 30
0.0
 70
1
  0
VERTEX
  5
DDD
  8
CUT
 10
35.00000000000001
 20
-1065.7476023575468
 30
0.0
 70
0
  0
VERTEX
  5
DDE
  8
CUT
 10
35.00000000000001
 20
-1070.5476023575468
 30
0.0
 42
-0.41421356237309503
 70
0
  0
VERTEX
  5
DDF
  8
CUT
 10
38.20000000000005
 20
-1073.7476023575468
 30
0.0
 42
-0.41421356237309503
 70
0
  0
VERTEX
  5
DE0
  8
CUT
 10
35.00000000000005
 20
-1076.9476023575469
 30
0.0
 42
-0.41421356237309503
 70
0
  0
VERTEX
  5
DE1
  8
CUT
 10
31.800000000000008
 20
-1073.7476023575468
 30
0.0
 70
0
  0
VERTEX
  5
DE2
  8
CUT
 10
17.000000000000007
 20
-1073.7476023575468
 30
0.0
 70
0
  0
VERTEX
  5
DE3
  8
CUT
 10
17.0
 20
-1113.7476023575468
 30
0.0
 70
0
  0
VERTEX
  5
DE4
  8
CUT
 10
31.8
 20
-1113.7476023575468
 30
0.0
 42
-0.41421356237309503
 70
0
  0
VERTEX
  5
DE5
  8
CUT
 10
35.00000000000002
 20
-1110.5476023575468
 30
0.0
 42
-0.41421356237309503
 70
0
  0
VERTEX
  5
DE6
  8
CUT
 10
38.200000000000045
 20
-1113.7476023575468
 30
0.0
 42
-0.41421356237309503
 70
0
  0
VERTEX
  5
DE7
  8
CUT
 10
35.0
 20
-1116.9476023575469
 30
0.0
 70
0
  0
VERTEX
  5
DE8
  8
CUT
 10
34.99999999999999
 20
-1148.3203354897937
 30
0.0
 70
0
  0
VERTEX
  5
DE9
  8
CUT
 10
43.35714285714285
 20
-1153.5830576093877
 30
0.0
 70
0
  0
VERTEX
  5
DEA
  8
CUT
 10
51.71428571428571
 20
-1158.4813876596127
 30
0.0
 70
0
  0
VERTEX
  5
DEB
  8
CUT
 10
60.071428571428555
 20
-1163.0153256404694
 30
0.0
 70
0
  0
VERTEX
  5
DEC
  8
CUT
 10
68.42857142857142
 20
-1167.1848715519575
 30
0.0
 70
0
  0
VERTEX
  5
DED
  8
CUT
 10
76.78571428571428
 20
-1170.990025394077
 30
0.0
 70
0
  0
VERTEX
  5
DEE
  8
CUT
 10
85.14285714285714
 20
-1174.430787166828
 30
0.0
 70
0
  0
VERTEX
  5
DEF
  8
CUT
 10
93.5
 20
-1177.5071568702103
 30
0.0
 70
0
  0
VERTEX
  5
DF0
  8
CUT
 10
101.85714285714286
 20
-1180.219134504224
 30
0.0
 70
0
  0
VERTEX
  5
DF1
  8
CUT
 10
110.2142857142857
 20
-1182.5667200688692
 30
0.0
 70
0
  0
VERTEX
  5
DF2
  8
CUT
 10
118.57142857142856
 20
-1184.5499135641458
 30
0.0
 70
0
  0
VERTEX
  5
DF3
  8
CUT
 10
126.92857142857142
 20
-1186.1687149900538
 30
0.0
 70
0
  0
VERTEX
  5
DF4
  8
CUT
 10
135.28571428571428
 20
-1187.4231243465933
 30
0.0
 70
0
  0
VERTEX
  5
DF5
  8
CUT
 10
143.6428571428571
 20
-1188.3131416337642
 30
0.0
 70
0
  0
VERTEX
  5
DF6
  8
CUT
 10
151.99999999999997
 20
-1188.8387668515663
 30
0.0
 70
0
  0
VERTEX
  5
DF7
  8
CUT
 10
160.35714285714283
 20
-1189.0
 30
0.0
 70
0
  0
VERTEX
  5
DF8
  8
CUT
 10
168.7142857142857
 20
-1188.7968410790652
 30
0.0
 70
0
  0
VERTEX
  5
DF9
  8
CUT
 10
177.07142857142856
 20
-1188.2292900887617
 30
0.0
 70
0
  0
VERTEX
  5
DFA
  8
CUT
 10
185.4285714285714
 20
-1187.2973470290895
 30
0.0
 70
0
  0
VERTEX
  5
DFB
  8
CUT
 10
193.78571428571425
 20
-1186.001011900049
 30
0.0
 70
0
  0
VERTEX
  5
DFC
  8
CUT
 10
202.1428571428571
 20
-1184.3402847016396
 30
0.0
 70
0
  0
VERTEX
  5
DFD
  8
CUT
 10
210.49999999999997
 20
-1182.3151654338617
 30
0.0
 70
0
  0
VERTEX
  5
DFE
  8
CUT
 10
218.85714285714283
 20
-1179.9256540967153
 30
0.0
 70
0
  0
VERTEX
  5
DFF
  8
CUT
 10
227.2142857142857
 20
-1177.1717506902005
 30
0.0
 70
0
  0
VERTEX
  5
E00
  8
CUT
 10
235.57142857142856
 20
-1174.0534552143167
 30
0.0
 70
0
  0
VERTEX
  5
E01
  8
CUT
 10
243.9285714285714
 20
-1170.5707676690647
 30
0.0
 70
0
  0
VERTEX
  5
E02
  8
CUT
 10
252.28571428571425
 20
-1166.723688054444
 30
0.0
 70
0
  0
VERTEX
  5
E03
  8
CUT
 10
260.6428571428571
 20
-1162.5122163704546
 30
0.0
 70
0
  0
VERTEX
  5
E04
  8
CUT
 10
269.0
 20
-1157.9363526170966
 30
0.0
 70
0
  0
VERTEX
  5
E05
  8
CUT
 10
269.0
 20
-1116.9476023575469
 30
0.0
 42
-0.41421356237309503
 70
0
  0
VERTEX
  5
E06
  8
CUT
 10
265.79999999999995
 20
-1113.7476023575468
 30
0.0
 42
-0.41421356237309503
 70
0
  0
VERTEX
  5
E07
  8
CUT
 10
269.0
 20
-1110.5476023575468
 30
0.0
 42
-0.41421356237309503
 70
0
  0
VERTEX
  5
E08
  8
CUT
 10
272.2
 20
-1113.7476023575468
 30
0.0
 70
0
  0
VERTEX
  5
E09
  8
CUT
 10
287.0
 20
-1113.7476023575468
 30
0.0
 70
0
  0
VERTEX
  5
E0A
  8
CUT
 10
287.0
 20
-1073.7476023575468
 30
0.0
 70
0
  0
VERTEX
  5
E0B
  8
CUT
 10
272.2
 20
-1073.7476023575468
 30
0.0
 42
-0.41421356237309503
 70
0
  0
VERTEX
  5
E0C
  8
CUT
 10
269.0
 20
-1076.9476023575469
 30
0.0
 42
-0.41421356237309503
 70
0
  0
VERTEX
  5
E0D
  8
CUT
 10
265.79999999999995
 20
-1073.7476023575468
 30
0.0
 42
-0.41421356237309503
 70
0
  0
VERTEX
  5
E0E
  8
CUT
 10
269.0
 20
-1070.5476023575468
 30
0.0
 70
0
  0
VERTEX
  5
E0F
  8
CUT
 10
269.0
 20
-1065.7476023575468
 30
0.0
 70
0
  0
SEQEND
  5
DDC
  8
CUT
  0
POLYLINE
  5
E10
  8
CUT
 66
1
 10
0.0
 20
0.0
 30
0.0
 70
1
  0
VERTEX
  5
E12
  8
CUT
 10
17.0
 20
-1031.0
 30
0.0
 70
0
  0
VERTEX
  5
E13
  8
CUT
 10
21.8
 20
-1031.0
 30
0.0
 42
-0.41421356237309503
 70
0
  0
VERTEX
  5
E14
  8
CUT
 10
25.000000000000025
 20
-1027.8
 30
0.0
 42
-0.41421356237309503
 70
0
  0
VERTEX
  5
E15
  8
CUT
 10
28.20000000000005
 20
-1031.0
 30
0.0
 42
-0.41421356237309503
 70
0
  0
VERTEX
  5
E16
  8
CUT
 10
25.0
 20
-1034.2
 30
0.0
 70
0
  0
VERTEX
  5
E17
  8
CUT
 10
25.0
 20
-1049.0
 30
0.0
 70
0
  0
VERTEX
  5
E18
  8
CUT
 10
65.0
 20
-1049.0
 30
0.0
 70
0
  0
VERTEX
  5
E19
  8
CUT
 10
65.0
 20
-1034.2
 30
0.0
 42
-0.41421356237309503
 70
0
  0
VERTEX
  5
E1A
  8
CUT
 10
61.79999999999995
 20
-1031.0
 30
0.0
 42
-0.41421356237309503
 70
0
  0
VERTEX
  5
E1B
  8
CUT
 10
64.99999999999994
 20
-1027.8
 30
0.0
 42
-0.41421356237309503
 70
0
  0
VERTEX
  5
E1C
  8
CUT
 10
68.2
 20
-1031.0
 30
0.0
 70
0
  0
VERTEX
  5
E1D
  8
CUT
 10
99.57273313224687
 20
-1031.0
 30
0.0
 70
0
  0
VERTEX
  5
E1E
  8
CUT
 10
104.8354552518407
 20
-1022.6428571428571
 30
0.0
 70
0
  0
VERTEX
  5
E1F
  8
CUT
 10
109.73378530206594
 20
-1014.2857142857142
 30
0.0
 70
0
  0
VERTEX
  5
E20
  8
CUT
 10
114.26772328292259
 20
-1005.9285714285714
 30
0.0
 70
0
  0
VERTEX
  5
E21
  8
CUT
 10
118.4372691944107
 20
-997.5714285714286
 30
0.0
 70
0
  0
VERTEX
  5
E22
  8
CUT
 10
122.24242303653023
 20
-989.2142857142858
 30
0.0
 70
0
  0
VERTEX
  5
E23
  8
CUT
 10
125.6831848092811
 20
-980.8571428571429
 30
0.0
 70
0
  0
VERTEX
  5
E24
  8
CUT
 10
128.75955451266344
 20
-972.5
 30
0.0
 70
0
  0
VERTEX
  5
E25
  8
CUT
 10
131.4715321466772
 20
-964.1428571428571
 30
0.0
 70
0
  0
VERTEX
  5
E26
  8
CUT
 10
133.81911771132235
 20
-955.7857142857143
 30
0.0
 70
0
  0
VERTEX
  5
E27
  8
CUT
 10
135.80231120659897
 20
-947.4285714285714
 30
0.0
 70
0
  0
VERTEX
  5
E28
  8
CUT
 10
137.421112632507
 20
-939.0714285714286
 30
0.0
 70
0
  0
VERTEX
  5
E29
  8
CUT
 10
138.6755219890464
 20
-930.7142857142857
 30
0.0
 70
0
  0
VERTEX
  5
E2A
  8
CUT
 10
139.56553927621724
 20
-922.3571428571429
 30
0.0
 70
0
  0
VERTEX
  5
E2B
  8
CUT
 10
140.0911644940195
 20
-914.0
 30
0.0
 70
0
  0
VERTEX
  5
E2C
  8
CUT
 10
140.25239764245316
 20
-905.6428571428571
 30
0.0
 70
0
  0
VERTEX
  5
E2D
  8
CUT
 10
140.0492387215183
 20
-897.2857142857142
 30
0.0
 70
0
  0
VERTEX
  5
E2E
  8
CUT
 10
139.48168773121478
 20
-888.9285714285714
 30
0.0
 70
0
  0
VERTEX
  5
E2F
  8
CUT
 10
138.54974467154273
 20
-880.5714285714286
 30
0.0
 70
0
  0
VERTEX
  5
E30
  8
CUT
 10
137.25340954250203
 20
-872.2142857142858
 30
0.0
 70
0
  0
VERTEX
  5
E31
  8
CUT
 10
135.5926823440928
 20
-863.8571428571429
 30
0.0
 70
0
  0
VERTEX
  5
E32
  8
CUT
 10
133.56756307631497
 20
-855.5
 30
0.0
 70
0
  0
VERTEX
  5
E33
  8
CUT
 10
131.17805173916855
 20
-847.1428571428571
 30
0.0
 70
0
  0
VERTEX
  5
E34
  8
CUT
 10
128.42414833265354
 20
-838.7857142857142
 30
0.0
 70
0
  0
VERTEX
  5
E35
  8
CUT
 10
125.30585285677
 20
-830.4285714285714
 30
0.0
 70
0
  0
VERTEX
  5
E36
  8
CUT
 10
121.82316531151781
 20
-822.0714285714286
 30
0.0
 70
0
  0
VERTEX
  5
E37
  8
CUT
 10
117.97608569689709
 20
-813.7142857142858
 30
0.0
 70
0
  0
VERTEX
  5
E38
  8
CUT
 10
113.76461401290777
 20
-805.3571428571429
 30
0.0
 70
0
  0
VERTEX
  5
E39
  8
CUT
 10
109.18875025954986
 20
-797.0
 30
0.0
 70
0
  0
VERTEX
  5
E3A
  8
CUT
 10
68.2
 20
-797.0
 30
0.0
 42
-0.41421356237309503
 70
0
  0
VERTEX
  5
E3B
  8
CUT
 10
64.99999999999997
 20
-800.2
 30
0.0
 42
-0.41421356237309503
 70
0
  0
VERTEX
  5
E3C
  8
CUT
 10
61.79999999999995
 20
-797.0
 30
0.0
 42
-0.41421356237309503
 70
0
  0
VERTEX
  5
E3D
  8
CUT
 10
65.0
 20
-793.8
 30
0.0
 70
0
  0
VERTEX
  5
E3E
  8
CUT
 10
65.0
 20
-779.0
 30
0.0
 70
0
  0
VERTEX
  5
E3F
  8
CUT
 10
25.0
 20
-779.0
 30
0.0
 70
0
  0
VERTEX
  5
E40
  8
CUT
 10
25.0
 20
-793.8
 30
0.0
 42
-0.41421356237309503
 70
0
  0
VERTEX
  5
E41
  8
CUT
 10
28.200000000000045
 20
-797.0
 30
0.0
 42
-0.41421356237309503
 70
0
  0
VERTEX
  5
E42
  8
CUT
 10
25.000000000000043
 20
-800.2
 30
0.0
 42
-0.41421356237309503
 70
0
  0
VERTEX
  5
E43
  8
CUT
 10
21.8
 20
-797.0
 30
0.0
 70
0
  0
VERTEX
  5
E44
  8
CUT
 10
17.0
 20
-797.0
 30
0.0
 70
0
  0
SEQEND
  5
E11
  8
CUT
  0
POLYLINE
  5
E45
  8
CUT
 66
1
 10
0.0
 20
0.0
 30
0.0
 70
1
  0
VERTEX
  5
E47
  8
CUT
 10
35.00000000000001
 20
-661.7476023575468
 30
0.0
 70
0
  0
VERTEX
  5
E48
  8
CUT
 10
35.00000000000001
 20
-666.5476023575468
 30
0.0
 42
-0.41421356237309503
 70
0
  0
VERTEX
  5
E49
  8
CUT
 10
38.20000000000005
 20
-669.7476023575468
 30
0.0
 42
-0.41421356237309503
 70
0
  0
VERTEX
  5
E4A
  8
CUT
 10
35.00000000000005
 20
-672.9476023575469
 30
0.0
 42
-0.41421356237309503
 70
0
  0
VERTEX
  5
E4B
  8
CUT
 10
31.800000000000008
 20
-669.7476023575468
 30
0.0
 70
0
  0
VERTEX
  5
E4C
  8
CUT
 10
17.000000000000007
 20
-669.7476023575468
 30
0.0
 70
0
  0
VERTEX
  5
E4D
  8
CUT
 10
17.0
 20
-709.7476023575468
 30
0.0
 70
0
  0
VERTEX
  5
E4E
  8
CUT
 10
31.8
 20
-709.7476023575468
 30
0.0
 42
-0.41421356237309503
 70
0
  0
VERTEX
  5
E4F
  8
CUT
 10
34.999999999999964
 20
-706.5476023575469
 30
0.0
 42
-0.41421356237309503
 70
0
  0
VERTEX
  5
E50
  8
CUT
 10
38.19999999999993
 20
-709.7476023575468
 30
0.0
 42
-0.41421356237309503
 70
0
  0
VERTEX
  5
E51
  8
CUT
 10
35.0
 20
-712.9476023575468
 30
0.0
 70
0
  0
VERTEX
  5
E52
  8
CUT
 10
34.99999999999999
 20
-744.3203354897937
 30
0.0
 70
0
  0
VERTEX
  5
E53
  8
CUT
 10
43.35714285714285
 20
-749.5830576093875
 30
0.0
 70
0
  0
VERTEX
  5
E54
  8
CUT
 10
51.71428571428571
 20
-754.4813876596128
 30
0.0
 70
0
  0
VERTEX
  5
E55
  8
CUT
 10
60.071428571428555
 20
-759.0153256404694
 30
0.0
 70
0
  0
VERTEX
  5
E56
  8
CUT
 10
68.42857142857142
 20
-763.1848715519575
 30
0.0
 70
0
  0
VERTEX
  5
E57
  8
CUT
 10
76.78571428571428
 20
-766.9900253940771
 30
0.0
 70
0
  0
VERTEX
  5
E58
  8
CUT
 10
85.14285714285714
 20
-770.4307871668279
 30
0.0
 70
0
  0
VERTEX
  5
E59
  8
CUT
 10
93.5
 20
-773.5071568702102
 30
0.0
 70
0
  0
VERTEX
  5
E5A
  8
CUT
 10
101.85714285714286
 20
-776.219134504224
 30
0.0
 70
0
  0
VERTEX
  5
E5B
  8
CUT
 10
110.2142857142857
 20
-778.5667200688691
 30
0.0
 70
0
  0
VERTEX
  5
E5C
  8
CUT
 10
118.57142857142856
 20
-780.5499135641458
 30
0.0
 70
0
  0
VERTEX
  5
E5D
  8
CUT
 10
126.92857142857142
 20
-782.1687149900538
 30
0.0
 70
0
  0
VERTEX
  5
E5E
  8
CUT
 10
135.28571428571428
 20
-783.4231243465932
 30
0.0
 70
0
  0
VERTEX
  5
E5F
  8
CUT
 10
143.6428571428571
 20
-784.3131416337641
 30
0.0
 70
0
  0
VERTEX
  5
E60
  8
CUT
 10
151.99999999999997
 20
-784.8387668515663
 30
0.0
 70
0
  0
VERTEX
  5
E61
  8
CUT
 10
160.35714285714283
 20
-785.0
 30
0.0
 70
0
  0
VERTEX
  5
E62
  8
CUT
 10
168.7142857142857
 20
-784.7968410790652
 30
0.0
 70
0
  0
VERTEX
  5
E63
  8
CUT
 10
177.07142857142856
 20
-784.2292900887617
 30
0.0
 70
0
  0
VERTEX
  5
E64
  8
CUT
 10
185.4285714285714
 20
-783.2973470290896
 30
0.0
 70
0
  0
VERTEX
  5
E65
  8
CUT
 10
193.78571428571425
 20
-782.0010119000489
 30
0.0
 70
0
  0
VERTEX
  5
E66
  8
CUT
 10
202.1428571428571
 20
-780.3402847016396
 30
0.0
 70
0
  0
VERTEX
  5
E67
  8
CUT
 10
210.49999999999997
 20
-778.3151654338618
 30
0.0
 70
0
  0
VERTEX
  5
E68
  8
CUT
 10
218.85714285714283
 20
-775.9256540967154
 30
0.0
 70
0
  0
VERTEX
  5
E69
  8
CUT
 10
227.2142857142857
 20
-773.1717506902004
 30
0.0
 70
0
  0
VERTEX
  5
E6A
  8
CUT
 10
235.57142857142856
 20
-770.0534552143168
 30
0.0
 70
0
  0
VERTEX
  5
E6B
  8
CUT
 10
243.9285714285714
 20
-766.5707676690647
 30
0.0
 70
0
  0
VERTEX
  5
E6C
  8
CUT
 10
252.28571428571425
 20
-762.723688054444
 30
0.0
 70
0
  0
VERTEX
  5
E6D
  8
CUT
 10
260.6428571428571
 20
-758.5122163704547
 30
0.0
 70
0
  0
VERTEX
  5
E6E
  8
CUT
 10
269.0
 20
-753.9363526170968
 30
0.0
 70
0
  0
VERTEX
  5
E6F
  8
CUT
 10
269.0
 20
-712.9476023575469
 30
0.0
 42
-0.41421356237309503
 70
0
  0
VERTEX
  5
E70
  8
CUT
 10
265.79999999999995
 20
-709.7476023575468
 30
0.0
 42
-0.41421356237309503
 70
0
  0
VERTEX
  5
E71
  8
CUT
 10
269.0
 20
-706.5476023575468
 30
0.0
 42
-0.41421356237309503
 70
0
  0
VERTEX
  5
E72
  8
CUT
 10
272.2
 20
-709.7476023575468
 30
0.0
 70
0
  0
VERTEX
  5
E73
  8
CUT
 10
287.0
 20
-709.7476023575468
 30
0.0
 70
0
  0
VERTEX
  5
E74
  8
CUT
 10
287.0
 20
-669.7476023575468
 30
0.0
 70
0
  0
VERTEX
  5
E75
  8
CUT
 10
272.2
 20
-669.7476023575468
 30
0.0
 42
-0.41421356237309503
 70
0
  0
VERTEX
  5
E76
  8
CUT
 10
269.0
 20
-672.9476023575469
 30
0.0
 42
-0.41421356237309503
 70
0
  0
VERTEX
  5
E77
  8
CUT
 10
265.79999999999995
 20
-669.7476023575468
 30
0.0
 42
-0.41421356237309503
 70
0
  0
VERTEX
  5
E78
  8
CUT
 10
269.0
 20
-666.5476023575468
 30
0.0
 70
0
  0
VERTEX
  5
E79
  8
CUT
 10
269.0
 20
-661.7476023575468
 30
0.0
 70
0
  0
SEQEND
  5
E46
  8
CUT
  0
POLYLINE
  5
E7A
  8
CUT
 66
1
 10
0.0
 20
0.0
 30
0.0
 70
1
  0
VERTEX
  5
E7C
  8
CUT
 10
17.0
 20
-627.0
 30
0.0
 70
0
  0
VERTEX
  5
E7D
  8
CUT
 10
21.8
 20
-627.0
 30
0.0
 42
-0.41421356237309503
 70
0
  0
VERTEX
  5
E7E
  8
CUT
 10
25.000000000000025
 20
-623.8
 30
0.0
 42
-0.41421356237309503
 70
0
  0
VERTEX
  5
E7F
  8
CUT
 10
28.20000000000005
 20
-627.0
 30
0.0
 42
-0.41421356237309503
 70
0
  0
VERTEX
  5
E80
  8
CUT
 10
25.0
 20
-630.2
 30
0.0
 70
0
  0
VERTEX
  5
E81
  8
CUT
 10
25.0
 20
-645.0
 30
0.0
 70
0
  0
VERTEX
  5
E82
  8
CUT
 10
65.0
 20
-645.0
 30
0.0
 70
0
  0
VERTEX
  5
E83
  8
CUT
 10
65.0
 20
-630.2
 30
0.0
 42
-0.41421356237309503
 70
0
  0
VERTEX
  5
E84
  8
CUT
 10
61.79999999999995
 20
-627.0
 30
0.0
 42
-0.41421356237309503
 70
0
  0
VERTEX
  5
E85
  8
CUT
 10
64.99999999999994
 20
-623.8
 30
0.0
 42
-0.41421356237309503
 70
0
  0
VERTEX
  5
E86
  8
CUT
 10
68.2
 20
-627.0
 30
0.0
 70
0
  0
VERTEX
  5
E87
  8
CUT
 10
99.57273313224687
 20
-627.0
 30
0.0
 70
0
  0
VERTEX
  5
E88
  8
CUT
 10
104.8354552518407
 20
-618.6428571428571
 30
0.0
 70
0
  0
VERTEX
  5
E89
  8
CUT
 10
109.73378530206594
 20
-610.2857142857143
 30
0.0
 70
0
  0
VERTEX
  5
E8A
  8
CUT
 10
114.26772328292259
 20
-601.9285714285714
 30
0.0
 70
0
  0
VERTEX
  5
E8B
  8
CUT
 10
118.4372691944107
 20
-593.5714285714286
 30
0.0
 70
0
  0
VERTEX
  5
E8C
  8
CUT
 10
122.24242303653023
 20
-585.2142857142857
 30
0.0
 70
0
  0
VERTEX
  5
E8D
  8
CUT
 10
125.6831848092811
 20
-576.8571428571429
 30
0.0
 70
0
  0
VERTEX
  5
E8E
  8
CUT
 10
128.75955451266344
 20
-568.5
 30
0.0
 70
0
  0
VERTEX
  5
E8F
  8
CUT
 10
131.4715321466772
 20
-560.1428571428571
 30
0.0
 70
0
  0
VERTEX
  5
E90
  8
CUT
 10
133.81911771132235
 20
-551.7857142857143
 30
0.0
 70
0
  0
VERTEX
  5
E91
  8
CUT
 10
135.80231120659897
 20
-543.4285714285714
 30
0.0
 70
0
  0
VERTEX
  5
E92
  8
CUT
 10
137.421112632507
 20
-535.0714285714286
 30
0.0
 70
0
  0
VERTEX
  5
E93
  8
CUT
 10
138.6755219890464
 20
-526.7142857142857
 30
0.0
 70
0
  0
VERTEX
  5
E94
  8
CUT
 10
139.56553927621724
 20
-518.3571428571429
 30
0.0
 70
0
  0
VERTEX
  5
E95
  8
CUT
 10
140.0911644940195
 20
-510.0
 30
0.0
 70
0
  0
VERTEX
  5
E96
  8
CUT
 10
140.25239764245316
 20
-501.6428571428571
 30
0.0
 70
0
  0
VERTEX
  5
E97
  8
CUT
 10
140.0492387215183
 20
-493.2857142857142
 30
0.0
 70
0
  0
VERTEX
  5
E98
  8
CUT
 10
139.48168773121478
 20
-484.92857142857144
 30
0.0
 70
0
  0
VERTEX
  5
E99
  8
CUT
 10
138.54974467154273
 20
-476.57142857142856
 30
0.0
 70
0
  0
VERTEX
  5
E9A
  8
CUT
 10
137.25340954250203
 20
-468.2142857142858
 30
0.0
 70
0
  0
VERTEX
  5
E9B
  8
CUT
 10
135.5926823440928
 20
-459.8571428571429
 30
0.0
 70
0
  0
VERTEX
  5
E9C
  8
CUT
 10
133.56756307631497
 20
-451.5
 30
0.0
 70
0
  0
VERTEX
  5
E9D
  8
CUT
 10
131.17805173916855
 20
-443.1428571428571
 30
0.0
 70
0
  0
VERTEX
  5
E9E
  8
CUT
 10
128.42414833265354
 20
-434.7857142857142
 30
0.0
 70
0
  0
VERTEX
  5
E9F
  8
CUT
 10
125.30585285677
 20
-426.42857142857133
 30
0.0
 70
0
  0
VERTEX
  5
EA0
  8
CUT
 10
121.82316531151781
 20
-418.07142857142867
 30
0.0
 70
0
  0
VERTEX
  5
EA1
  8
CUT
 10
117.97608569689709
 20
-409.7142857142858
 30
0.0
 70
0
  0
VERTEX
  5
EA2
  8
CUT
 10
113.76461401290777
 20
-401.3571428571429
 30
0.0
 70
0
  0
VERTEX
  5
EA3
  8
CUT
 10
109.18875025954986
 20
-393.0
 30
0.0
 70
0
  0
VERTEX
  5
EA4
  8
CUT
 10
68.2
 20
-393.0
 30
0.0
 42
-0.41421356237309503
 70
0
  0
VERTEX
  5
EA5
  8
CUT
 10
64.99999999999997
 20
-396.20000000000005
 30
0.0
 42
-0.41421356237309503
 70
0
  0
VERTEX
  5
EA6
  8
CUT
 10
61.79999999999995
 20
-393.0
 30
0.0
 42
-0.41421356237309503
 70
0
  0
VERTEX
  5
EA7
  8
CUT
 10
65.0
 20
-389.79999999999995
 30
0.0
 70
0
  0
VERTEX
  5
EA8
  8
CUT
 10
65.0
 20
-375.0
 30
0.0
 70
0
  0
VERTEX
  5
EA9
  8
CUT
 10
25.0
 20
-375.0
 30
0.0
 70
0
  0
VERTEX
  5
EAA
  8
CUT
 10
25.0
 20
-389.79999999999995
 30
0.0
 42
-0.41421356237309503
 70
0
  0
VERTEX
  5
EAB
  8
CUT
 10
28.200000000000045
 20
-393.0
 30
0.0
 42
-0.41421356237309503
 70
0
  0
VERTEX
  5
EAC
  8
CUT
 10
25.000000000000043
 20
-396.20000000000005
 30
0.0
 42
-0.41421356237309503
 70
0
  0
VERTEX
  5
EAD
  8
CUT
 10
21.8
 20
-393.0
 30
0.0
 70
0
  0
VERTEX
  5
EAE
  8
CUT
 10
17.0
 20
-393.0
 30
0.0
 70
0
  0
SEQEND
  5
E7B
  8
CUT
  0
ENDSEC
  0
EOF
