  0
SECTION
  2
HEADER
  9
$ACADVER
  1
AC1009
  9
$DWGCODEPAGE
  3
ANSI_1252
  9
$INSBASE
 10
0.0
 20
0.0
 30
0.0
  9
$EXTMIN
 10
0.0000
 20
-2940.0000
 30
0.0000
  9
$EXTMAX
 10
2440.0000
 20
1220.0000
 30
0.0000
  9
$LIMMIN
 10
0.0000
 20
-2940.0000
  9
$LIMMAX
 10
2440.0000
 20
1220.0000
  9
$ORTHOMODE
 70
0
  9
$REGENMODE
 70
1
  9
$FILLMODE
 70
1
  9
$DRAGMODE
 70
2
  9
$QTEXTMODE
 70
0
  9
$MIRRTEXT
 70
1
  9
$OSMODE
 70
20583
  9
$LTSCALE
 40
1.0
  9
$ATTMODE
 70
1
  9
$TEXTSIZE
 40
2.5
  9
$TRACEWID
 40
1.0
  9
$TEXTSTYLE
  7
Standard
  9
$CLAYER
  8
0
  9
$CELTYPE
  6
ByLayer
  9
$CECOLOR
 62
256
  9
$DIMSCALE
 40
1.0
  9
$DIMASZ
 40
2.5
  9
$DIMEXO
 40
0.625
  9
$DIMDLI
 40
3.75
  9
$DIMRND
 40
0.0
  9
$DIMDLE
 40
0.0
  9
$DIMEXE
 40
1.25
  9
$DIMTP
 40
0.0
  9
$DIMTM
 40
0.0
  9
$DIMTXT
 40
2.5
  9
$DIMCEN
 40
2.5
  9
$DIMTSZ
 40
0.0
  9
$DIMTOL
 70
0
  9
$DIMLIM
 70
0
  9
$DIMTIH
 70
0
  9
$DIMTOH
 70
0
  9
$DIMSE1
 70
0
  9
$DIMSE2
 70
0
  9
$DIMTAD
 70
1
  9
$DIMZIN
 70
8
  9
$DIMBLK
  1

  9
$DIMASO
 70
1
  9
$DIMSHO
 70
1
  9
$DIMPOST
  1

  9
$DIMAPOST
  1

  9
$DIMALT
 70
0
  9
$DIMALTD
 70
3
  9
$DIMALTF
 40
0.03937007874
  9
$DIMLFAC
 40
1.0
  9
$DIMTOFL
 70
1
  9
$DIMTVP
 40
0.0
  9
$DIMTIX
 70
0
  9
$DIMSOXD
 70
0
  9
$DIMSAH
 70
0
  9
$DIMBLK1
  1

  9
$DIMBLK2
  1

  9
$DIMSTYLE
  2
ISO-25
  9
$DIMCLRD
 70
0
  9
$DIMCLRE
 70
0
  9
$DIMCLRT
 70
0
  9
$DIMTFAC
 40
1.0
  9
$DIMGAP
 40
0.625
  9
$COORDS
 70
1
  9
$ATTDIA
 70
0
  9
$ATTREQ
 70
1
  9
$HANDLING
 70
1
  9
$LUNITS
 70
2
  9
$LUPREC
 70
4
  9
$SKETCHINC
 40
1.0
  9
$FILLETRAD
 40
10.0
  9
$AUNITS
 70
0
  9
$AUPREC
 70
2
  9
$MENU
  1
.
  9
$ELEVATION
 40
0.0
  9
$PELEVATION
 40
0.0
  9
$THICKNESS
 40
0.0
  9
$LIMCHECK
 70
0
  9
$CHAMFERA
 40
0.0
  9
$CHAMFERB
 40
0.0
  9
$SKPOLY
 70
0
  9
$TDCREATE
 40
2461315.650497685
  9
$TDUPDATE
 40
2461315.650497685
  9
$TDINDWG
 40
0.0
  9
$TDUSRTIMER
 40
0.0
  9
$USRTIMER
 70
1
  9
$ANGBASE
 50
0.0
  9
$ANGDIR
 70
0
  9
$PDMODE
 70
0
  9
$PDSIZE
 40
0.0
  9
$PLINEWID
 40
0.0
  9
$SPLFRAME
 70
0
  9
$SPLINETYPE
 70
6
  9
$SPLINESEGS
 70
8
  9
$HANDSEED
  5
1D2A
  9
$SURFTAB1
 70
6
  9
$SURFTAB2
 70
6
  9
$SURFTYPE
 70
6
  9
$SURFU
 70
6
  9
$SURFV
 70
6
  9
$UCSNAME
  2

  9
$UCSORG
 10
0.0
 20
0.0
 30
0.0
  9
$UCSXDIR
 10
1.0
 20
0.0
 30
0.0
  9
$UCSYDIR
 10
0.0
 20
1.0
 30
0.0
  9
$PUCSNAME
  2

  9
$PUCSORG
 10
0.0
 20
0.0
 30
0.0
  9
$PUCSXDIR
 10
1.0
 20
0.0
 30
0.0
  9
$PUCSYDIR
 10
0.0
 20
1.0
 30
0.0
  9
$USERI1
 70
0
  9
$USERI2
 70
0
  9
$USERI3
 70
0
  9
$USERI4
 70
0
  9
$USERI5
 70
0
  9
$USERR1
 40
0.0
  9
$USERR2
 40
0.0
  9
$USERR3
 40
0.0
  9
$USERR4
 40
0.0
  9
$USERR5
 40
0.0
  9
$WORLDVIEW
 70
1
  9
$SHADEDGE
 70
3
  9
$SHADEDIF
 70
70
  9
$TILEMODE
 70
1
  9
$MAXACTVP
 70
64
  9
$PLIMCHECK
 70
0
  9
$PEXTMIN
 10
1e+20
 20
1e+20
 30
1e+20
  9
$PEXTMAX
 10
-1e+20
 20
-1e+20
 30
-1e+20
  9
$PLIMMIN
 10
0.0
 20
0.0
  9
$PLIMMAX
 10
420.0
 20
297.0
  9
$UNITMODE
 70
0
  9
$VISRETAIN
 70
1
  9
$PLINEGEN
 70
0
  9
$PSLTSCALE
 70
1
  0
ENDSEC
  0
SECTION
  2
TABLES
  0
TABLE
  2
VPORT
 70
1
  0
VPORT
  5
23
  2
*Active
 70
0
 10
0.0
 20
0.0
 11
1.0
 21
1.0
 12
0.0
 22
0.0
 13
0.0
 23
0.0
 14
0.5
 24
0.5
 15
0.5
 25
0.5
 16
0.0
 26
0.0
 36
1.0
 17
0.0
 27
0.0
 37
0.0
 40
1000.0
 41
1.34
 42
50.0
 43
0.0
 44
0.0
 50
0.0
 51
0.0
 71
0
 72
1000
 73
1
 74
3
 75
0
 76
0
 77
0
 78
0
  0
ENDTAB
  0
TABLE
  2
LTYPE
 70
3
  0
LTYPE
  5
24
  2
ByBlock
 70
0
  3

 72
65
 73
0
 40
0.0
  0
LTYPE
  5
25
  2
ByLayer
 70
0
  3

 72
65
 73
0
 40
0.0
  0
LTYPE
  5
26
  2
Continuous
 70
0
  3

 72
65
 73
0
 40
0.0
  0
ENDTAB
  0
TABLE
  2
LAYER
 70
5
  0
LAYER
  5
27
  2
0
 70
0
 62
7
  6
Continuous
  0
LAYER
  5
28
  2
Defpoints
 70
0
 62
7
  6
Continuous
  0
LAYER
  5
2D
  2
CUT
 70
0
 62
1
  6
Continuous
  0
LAYER
  5
2E
  2
ENGRAVE-LABEL
 70
0
 62
3
  6
Continuous
  0
LAYER
  5
2F
  2
REFERENCE-SHEET
 70
0
 62
8
  6
Continuous
  0
ENDTAB
  0
TABLE
  2
STYLE
 70
1
  0
STYLE
  5
29
  2
Standard
 70
0
 40
0.0
 41
1.0
 50
0.0
 71
0
 42
2.5
  3
txt
  4

  0
ENDTAB
  0
TABLE
  2
VIEW
 70
0
  0
ENDTAB
  0
TABLE
  2
UCS
 70
0
  0
ENDTAB
  0
TABLE
  2
APPID
 70
3
  0
APPID
  5
2A
  2
ACAD
 70
0
  0
APPID
  5
1D28
  2
HATCHBACKGROUNDCOLOR
 70
0
  0
APPID
  5
1D29
  2
EZDXF
 70
0
  0
ENDTAB
  0
TABLE
  2
DIMSTYLE
 70
1
  0
DIMSTYLE
105
2B
  2
Standard
 70
0
  3

  4

  5

  6

  7

 40
1.0
 41
2.5
 42
0.625
 43
3.75
 44
1.25
 45
0.0
 46
0.0
 47
0.0
 48
0.0
140
2.5
141
2.5
142
0.0
143
0.03937007874
144
1.0
145
0.0
146
1.0
147
0.625
 71
0
 72
0
 73
0
 74
0
 75
0
 76
0
 77
1
 78
8
170
0
171
3
172
1
173
0
174
0
175
0
176
0
177
0
178
0
  0
ENDTAB
  0
ENDSEC
  0
SECTION
  2
BLOCKS
  0
BLOCK
  5
18
  8
0
  2
$Model_Space
 70
0
 10
0.0
 20
0.0
 30
0.0
  3
$Model_Space
  1

1001
EZDXF
1000
CREATED_BY_EZDXF
1000
1.4.4 @ 2026-10-01T15:36:43.312221+00:00
1000
WRITTEN_BY_EZDXF
1000
1.4.4 @ 2026-10-01T15:36:43.555945+00:00
  0
ENDBLK
  5
19
  8
0
  0
BLOCK
  5
1C
  8
0
  2
$Paper_Space
 70
0
 10
0.0
 20
0.0
 30
0.0
  3
$Paper_Space
  1

  0
ENDBLK
  5
1D
  8
0
  0
ENDSEC
  0
SECTION
  2
ENTITIES
  0
POLYLINE
  5
30
  8
REFERENCE-SHEET
 66
1
 10
0.0
 20
0.0
 30
0.0
 70
1
  0
VERTEX
  5
32
  8
REFERENCE-SHEET
 10
0.0
 20
0.0
 30
0.0
 70
0
  0
VERTEX
  5
33
  8
REFERENCE-SHEET
 10
2440.0
 20
0.0
 30
0.0
 70
0
  0
VERTEX
  5
34
  8
REFERENCE-SHEET
 10
2440.0
 20
1220.0
 30
0.0
 70
0
  0
VERTEX
  5
35
  8
REFERENCE-SHEET
 10
0.0
 20
1220.0
 30
0.0
 70
0
  0
SEQEND
  5
31
  8
REFERENCE-SHEET
  0
POLYLINE
  5
36
  8
CUT
 66
1
 10
0.0
 20
0.0
 30
0.0
 70
1
  0
VERTEX
  5
38
  8
CUT
 10
958.4000000000001
 20
441.2000000000001
 30
0.0
 70
0
  0
VERTEX
  5
39
  8
CUT
 10
958.312532758463
 20
457.634151776386
 30
0.0
 70
0
  0
VERTEX
  5
3A
  8
CUT
 10
957.949341336987
 20
474.08303725823123
 30
0.0
 70
0
  0
VERTEX
  5
3B
  8
CUT
 10
957.2194341412996
 20
490.5484810677945
 30
0.0
 70
0
  0
VERTEX
  5
3C
  8
CUT
 10
956.0571319831381
 20
507.02330226772847
 30
0.0
 70
0
  0
VERTEX
  5
3D
  8
CUT
 10
954.4077923075661
 20
523.4931758907067
 30
0.0
 70
0
  0
VERTEX
  5
3E
  8
CUT
 10
952.2237775935464
 20
539.9375769792543
 30
0.0
 70
0
  0
VERTEX
  5
3F
  8
CUT
 10
949.4629294126796
 20
556.3304289774801
 30
0.0
 70
0
  0
VERTEX
  5
40
  8
CUT
 10
946.0880562340208
 20
572.6406600120545
 30
0.0
 70
0
  0
VERTEX
  5
41
  8
CUT
 10
942.0669203147959
 20
588.8327617269647
 30
0.0
 70
0
  0
VERTEX
  5
42
  8
CUT
 10
937.3724884668405
 20
604.8674009703423
 30
0.0
 70
0
  0
VERTEX
  5
43
  8
CUT
 10
931.9833137480155
 20
620.7021104551476
 30
0.0
 70
0
  0
VERTEX
  5
44
  8
CUT
 10
925.8839587841364
 20
636.292067892751
 30
0.0
 70
0
  0
VERTEX
  5
45
  8
CUT
 10
919.0653930400005
 20
651.5909597651297
 30
0.0
 70
0
  0
VERTEX
  5
46
  8
CUT
 10
911.5253096176649
 20
666.551914500559
 30
0.0
 70
0
  0
VERTEX
  5
47
  8
CUT
 10
903.2683178813256
 20
681.1284801954633
 30
0.0
 70
0
  0
VERTEX
  5
48
  8
CUT
 10
894.3059789466588
 20
695.2756145468563
 30
0.0
 70
0
  0
VERTEX
  5
49
  8
CUT
 10
884.6566627615358
 20
708.950649850003
 30
0.0
 70
0
  0
VERTEX
  5
4A
  8
CUT
 10
874.3452181320262
 20
722.1141942228265
 30
0.0
 70
0
  0
VERTEX
  5
4B
  8
CUT
 10
863.4024600124999
 20
734.730931850981
 30
0.0
 70
0
  0
VERTEX
  5
4C
  8
CUT
 10
851.864490753534
 20
746.7702898791524
 30
0.0
 70
0
  0
VERTEX
  5
4D
  8
CUT
 10
839.7718827599922
 20
758.2069471206519
 30
0.0
 70
0
  0
VERTEX
  5
4E
  8
CUT
 10
827.1687582351174
 20
769.0211692253494
 30
0.0
 70
0
  0
VERTEX
  5
4F
  8
CUT
 10
814.1018067271104
 20
779.1989653419334
 30
0.0
 70
0
  0
VERTEX
  5
50
  8
CUT
 10
800.6192827777286
 20
788.7320715843206
 30
0.0
 70
0
  0
VERTEX
  5
51
  8
CUT
 10
786.7700242232261
 20
797.617775805267
 30
0.0
 70
0
  0
VERTEX
  5
52
  8
CUT
 10
772.6025270971404
 20
805.8586055486469
 30
0.0
 70
0
  0
VERTEX
  5
53
  8
CUT
 10
758.1641063685104
 20
813.4619061420102
 30
0.0
 70
0
  0
VERTEX
  5
54
  8
CUT
 10
743.500163781855
 20
820.4393385621447
 30
0.0
 70
0
  0
VERTEX
  5
55
  8
CUT
 10
728.6535757082373
 20
826.8063271017991
 30
0.0
 70
0
  0
VERTEX
  5
56
  8
CUT
 10
713.6642059217322
 20
832.5814853483962
 30
0.0
 70
0
  0
VERTEX
  5
57
  8
CUT
 10
698.5685411532379
 20
837.7860460558667
 30
0.0
 70
0
  0
VERTEX
  5
58
  8
CUT
 10
683.3994415015515
 20
842.4433167055536
 30
0.0
 70
0
  0
VERTEX
  5
59
  8
CUT
 10
668.1859934484115
 20
846.5781784597677
 30
0.0
 70
0
  0
VERTEX
  5
5A
  8
CUT
 10
652.953450297145
 20
850.2166423121469
 30
0.0
 70
0
  0
VERTEX
  5
5B
  8
CUT
 10
637.723243160503
 20
853.3854729768319
 30
0.0
 70
0
  0
VERTEX
  5
5C
  8
CUT
 10
622.5130448893805
 20
856.1118888525145
 30
0.0
 70
0
  0
VERTEX
  5
5D
  8
CUT
 10
607.3368692173949
 20
858.4233457246489
 30
0.0
 70
0
  0
VERTEX
  5
5E
  8
CUT
 10
592.2051874904995
 20
860.347413442484
 30
0.0
 70
0
  0
VERTEX
  5
5F
  8
CUT
 10
577.125045152037
 20
861.9117599637436
 30
0.0
 70
0
  0
VERTEX
  5
60
  8
CUT
 10
562.1001589434004
 20
863.1442687923743
 30
0.0
 70
0
  0
VERTEX
  5
61
  8
CUT
 10
547.1309723096626
 20
864.0733409440279
 30
0.0
 70
0
  0
VERTEX
  5
62
  8
CUT
 10
532.2146380957685
 20
864.728490390962
 30
0.0
 70
0
  0
VERTEX
  5
63
  8
CUT
 10
517.3448772468787
 20
865.1414957288049
 30
0.0
 70
0
  0
VERTEX
  5
64
  8
CUT
 10
502.5116059493432
 20
865.3488994921299
 30
0.0
 70
0
  0
VERTEX
  5
65
  8
CUT
 10
487.70000000000005
 20
865.4000000000002
 30
0.0
 70
0
  0
VERTEX
  5
66
  8
CUT
 10
472.8883940506569
 20
865.3488994921299
 30
0.0
 70
0
  0
VERTEX
  5
67
  8
CUT
 10
458.0551227531214
 20
865.1414957288049
 30
0.0
 70
0
  0
VERTEX
  5
68
  8
CUT
 10
443.18536190423157
 20
864.728490390962
 30
0.0
 70
0
  0
VERTEX
  5
69
  8
CUT
 10
428.26902769033745
 20
864.0733409440279
 30
0.0
 70
0
  0
VERTEX
  5
6A
  8
CUT
 10
413.29984105659975
 20
863.1442687923743
 30
0.0
 70
0
  0
VERTEX
  5
6B
  8
CUT
 10
398.27495484796304
 20
861.9117599637436
 30
0.0
 70
0
  0
VERTEX
  5
6C
  8
CUT
 10
383.1948125095006
 20
860.3474134424839
 30
0.0
 70
0
  0
VERTEX
  5
6D
  8
CUT
 10
368.0631307826052
 20
858.4233457246489
 30
0.0
 70
0
  0
VERTEX
  5
6E
  8
CUT
 10
352.8869551106197
 20
856.1118888525147
 30
0.0
 70
0
  0
VERTEX
  5
6F
  8
CUT
 10
337.6767568394972
 20
853.3854729768318
 30
0.0
 70
0
  0
VERTEX
  5
70
  8
CUT
 10
322.4465497028551
 20
850.2166423121469
 30
0.0
 70
0
  0
VERTEX
  5
71
  8
CUT
 10
307.2140065515885
 20
846.5781784597677
 30
0.0
 70
0
  0
VERTEX
  5
72
  8
CUT
 10
292.00055849844864
 20
842.4433167055536
 30
0.0
 70
0
  0
VERTEX
  5
73
  8
CUT
 10
276.83145884676213
 20
837.7860460558667
 30
0.0
 70
0
  0
VERTEX
  5
74
  8
CUT
 10
261.73579407826804
 20
832.5814853483963
 30
0.0
 70
0
  0
VERTEX
  5
75
  8
CUT
 10
246.74642429176285
 20
826.8063271017991
 30
0.0
 70
0
  0
VERTEX
  5
76
  8
CUT
 10
231.89983621814508
 20
820.4393385621447
 30
0.0
 70
0
  0
VERTEX
  5
77
  8
CUT
 10
217.23589363148966
 20
813.4619061420103
 30
0.0
 70
0
  0
VERTEX
  5
78
  8
CUT
 10
202.79747290285962
 20
805.8586055486469
 30
0.0
 70
0
  0
VERTEX
  5
79
  8
CUT
 10
188.62997577677407
 20
797.617775805267
 30
0.0
 70
0
  0
VERTEX
  5
7A
  8
CUT
 10
174.78071722227145
 20
788.7320715843206
 30
0.0
 70
0
  0
VERTEX
  5
7B
  8
CUT
 10
161.29819327288965
 20
779.1989653419334
 30
0.0
 70
0
  0
VERTEX
  5
7C
  8
CUT
 10
148.2312417648826
 20
769.0211692253494
 30
0.0
 70
0
  0
VERTEX
  5
7D
  8
CUT
 10
135.628117240008
 20
758.2069471206521
 30
0.0
 70
0
  0
VERTEX
  5
7E
  8
CUT
 10
123.53550924646618
 20
746.7702898791524
 30
0.0
 70
0
  0
VERTEX
  5
7F
  8
CUT
 10
111.99753998750026
 20
734.730931850981
 30
0.0
 70
0
  0
VERTEX
  5
80
  8
CUT
 10
101.05478186797399
 20
722.1141942228267
 30
0.0
 70
0
  0
VERTEX
  5
81
  8
CUT
 10
90.74333723846428
 20
708.950649850003
 30
0.0
 70
0
  0
VERTEX
  5
82
  8
CUT
 10
81.0940210533413
 20
695.2756145468563
 30
0.0
 70
0
  0
VERTEX
  5
83
  8
CUT
 10
72.13168211867452
 20
681.1284801954633
 30
0.0
 70
0
  0
VERTEX
  5
84
  8
CUT
 10
63.87469038233519
 20
666.551914500559
 30
0.0
 70
0
  0
VERTEX
  5
85
  8
CUT
 10
56.334606959999576
 20
651.5909597651297
 30
0.0
 70
0
  0
VERTEX
  5
86
  8
CUT
 10
49.51604121586371
 20
636.2920678927511
 30
0.0
 70
0
  0
VERTEX
  5
87
  8
CUT
 10
43.416686251984686
 20
620.7021104551477
 30
0.0
 70
0
  0
VERTEX
  5
88
  8
CUT
 10
38.02751153315961
 20
604.8674009703423
 30
0.0
 70
0
  0
VERTEX
  5
89
  8
CUT
 10
33.33307968520421
 20
588.8327617269648
 30
0.0
 70
0
  0
VERTEX
  5
8A
  8
CUT
 10
29.311943765979322
 20
572.6406600120545
 30
0.0
 70
0
  0
VERTEX
  5
8B
  8
CUT
 10
25.93707058732042
 20
556.3304289774801
 30
0.0
 70
0
  0
VERTEX
  5
8C
  8
CUT
 10
23.176222406453576
 20
539.9375769792543
 30
0.0
 70
0
  0
VERTEX
  5
8D
  8
CUT
 10
20.992207692433965
 20
523.4931758907065
 30
0.0
 70
0
  0
VERTEX
  5
8E
  8
CUT
 10
19.342868016861985
 20
507.02330226772835
 30
0.0
 70
0
  0
VERTEX
  5
8F
  8
CUT
 10
18.18056585870056
 20
490.5484810677947
 30
0.0
 70
0
  0
VERTEX
  5
90
  8
CUT
 10
17.450658663013087
 20
474.08303725823134
 30
0.0
 70
0
  0
VERTEX
  5
91
  8
CUT
 10
17.087467241537013
 20
457.63415177638603
 30
0.0
 70
0
  0
VERTEX
  5
92
  8
CUT
 10
17.0
 20
441.20000000000016
 30
0.0
 70
0
  0
VERTEX
  5
93
  8
CUT
 10
17.087467241537013
 20
424.7658482236143
 30
0.0
 70
0
  0
VERTEX
  5
94
  8
CUT
 10
17.450658663013087
 20
408.316962741769
 30
0.0
 70
0
  0
VERTEX
  5
95
  8
CUT
 10
18.180565858700504
 20
391.85151893220564
 30
0.0
 70
0
  0
VERTEX
  5
96
  8
CUT
 10
19.34286801686204
 20
375.37669773227174
 30
0.0
 70
0
  0
VERTEX
  5
97
  8
CUT
 10
20.992207692433965
 20
358.90682410929355
 30
0.0
 70
0
  0
VERTEX
  5
98
  8
CUT
 10
23.176222406453576
 20
342.4624230207457
 30
0.0
 70
0
  0
VERTEX
  5
99
  8
CUT
 10
25.937070587320363
 20
326.06957102252017
 30
0.0
 70
0
  0
VERTEX
  5
9A
  8
CUT
 10
29.311943765979322
 20
309.7593399879458
 30
0.0
 70
0
  0
VERTEX
  5
9B
  8
CUT
 10
33.33307968520421
 20
293.5672382730355
 30
0.0
 70
0
  0
VERTEX
  5
9C
  8
CUT
 10
38.027511533159554
 20
277.53259902965806
 30
0.0
 70
0
  0
VERTEX
  5
9D
  8
CUT
 10
43.41668625198463
 20
261.6978895448526
 30
0.0
 70
0
  0
VERTEX
  5
9E
  8
CUT
 10
49.51604121586365
 20
246.10793210724924
 30
0.0
 70
0
  0
VERTEX
  5
9F
  8
CUT
 10
56.33460695999963
 20
230.80904023487045
 30
0.0
 70
0
  0
VERTEX
  5
A0
  8
CUT
 10
63.87469038233519
 20
215.8480854994412
 30
0.0
 70
0
  0
VERTEX
  5
A1
  8
CUT
 10
72.13168211867458
 20
201.2715198045368
 30
0.0
 70
0
  0
VERTEX
  5
A2
  8
CUT
 10
81.0940210533413
 20
187.1243854531439
 30
0.0
 70
0
  0
VERTEX
  5
A3
  8
CUT
 10
90.74333723846416
 20
173.44935014999731
 30
0.0
 70
0
  0
VERTEX
  5
A4
  8
CUT
 10
101.05478186797387
 20
160.28580577717366
 30
0.0
 70
0
  0
VERTEX
  5
A5
  8
CUT
 10
111.9975399875002
 20
147.66906814901927
 30
0.0
 70
0
  0
VERTEX
  5
A6
  8
CUT
 10
123.53550924646612
 20
135.62971012084785
 30
0.0
 70
0
  0
VERTEX
  5
A7
  8
CUT
 10
135.62811724000795
 20
124.19305287934827
 30
0.0
 70
0
  0
VERTEX
  5
A8
  8
CUT
 10
148.23124176488272
 20
113.3788307746508
 30
0.0
 70
0
  0
VERTEX
  5
A9
  8
CUT
 10
161.2981932728897
 20
103.20103465806665
 30
0.0
 70
0
  0
VERTEX
  5
AA
  8
CUT
 10
174.7807172222715
 20
93.66792841567957
 30
0.0
 70
0
  0
VERTEX
  5
AB
  8
CUT
 10
188.62997577677402
 20
84.7822241947332
 30
0.0
 70
0
  0
VERTEX
  5
AC
  8
CUT
 10
202.79747290285968
 20
76.54139445135326
 30
0.0
 70
0
  0
VERTEX
  5
AD
  8
CUT
 10
217.23589363148955
 20
68.93809385799
 30
0.0
 70
0
  0
VERTEX
  5
AE
  8
CUT
 10
231.89983621814514
 20
61.960661437855435
 30
0.0
 70
0
  0
VERTEX
  5
AF
  8
CUT
 10
246.74642429176274
 20
55.593672898201135
 30
0.0
 70
0
  0
VERTEX
  5
B0
  8
CUT
 10
261.73579407826765
 20
49.81851465160395
 30
0.0
 70
0
  0
VERTEX
  5
B1
  8
CUT
 10
276.8314588467622
 20
44.61395394413353
 30
0.0
 70
0
  0
VERTEX
  5
B2
  8
CUT
 10
292.0005584984485
 20
39.956683294446634
 30
0.0
 70
0
  0
VERTEX
  5
B3
  8
CUT
 10
307.2140065515886
 20
35.82182154023246
 30
0.0
 70
0
  0
VERTEX
  5
B4
  8
CUT
 10
322.44654970285495
 20
32.183357687853345
 30
0.0
 70
0
  0
VERTEX
  5
B5
  8
CUT
 10
337.6767568394972
 20
29.014527023168284
 30
0.0
 70
0
  0
VERTEX
  5
B6
  8
CUT
 10
352.8869551106196
 20
26.28811114748561
 30
0.0
 70
0
  0
VERTEX
  5
B7
  8
CUT
 10
368.0631307826053
 20
23.976654275351223
 30
0.0
 70
0
  0
VERTEX
  5
B8
  8
CUT
 10
383.1948125095006
 20
22.052586557516236
 30
0.0
 70
0
  0
VERTEX
  5
B9
  8
CUT
 10
398.2749548479629
 20
20.488240036256627
 30
0.0
 70
0
  0
VERTEX
  5
BA
  8
CUT
 10
413.2998410565997
 20
19.2557312076259
 30
0.0
 70
0
  0
VERTEX
  5
BB
  8
CUT
 10
428.2690276903372
 20
18.326659055972186
 30
0.0
 70
0
  0
VERTEX
  5
BC
  8
CUT
 10
443.1853619042317
 20
17.671509609038424
 30
0.0
 70
0
  0
VERTEX
  5
BD
  8
CUT
 10
458.0551227531213
 20
17.258504271195307
 30
0.0
 70
0
  0
VERTEX
  5
BE
  8
CUT
 10
472.888394050657
 20
17.051100507870274
 30
0.0
 70
0
  0
VERTEX
  5
BF
  8
CUT
 10
487.7
 20
17.0
 30
0.0
 70
0
  0
VERTEX
  5
C0
  8
CUT
 10
502.51160594934333
 20
17.051100507870274
 30
0.0
 70
0
  0
VERTEX
  5
C1
  8
CUT
 10
517.3448772468787
 20
17.258504271195307
 30
0.0
 70
0
  0
VERTEX
  5
C2
  8
CUT
 10
532.2146380957682
 20
17.671509609038424
 30
0.0
 70
0
  0
VERTEX
  5
C3
  8
CUT
 10
547.1309723096626
 20
18.326659055972243
 30
0.0
 70
0
  0
VERTEX
  5
C4
  8
CUT
 10
562.1001589434002
 20
19.255731207625956
 30
0.0
 70
0
  0
VERTEX
  5
C5
  8
CUT
 10
577.125045152037
 20
20.488240036256627
 30
0.0
 70
0
  0
VERTEX
  5
C6
  8
CUT
 10
592.2051874904994
 20
22.052586557516122
 30
0.0
 70
0
  0
VERTEX
  5
C7
  8
CUT
 10
607.3368692173951
 20
23.976654275351223
 30
0.0
 70
0
  0
VERTEX
  5
C8
  8
CUT
 10
622.5130448893804
 20
26.28811114748555
 30
0.0
 70
0
  0
VERTEX
  5
C9
  8
CUT
 10
637.7232431605031
 20
29.014527023168284
 30
0.0
 70
0
  0
VERTEX
  5
CA
  8
CUT
 10
652.953450297145
 20
32.183357687853345
 30
0.0
 70
0
  0
VERTEX
  5
CB
  8
CUT
 10
668.1859934484113
 20
35.82182154023246
 30
0.0
 70
0
  0
VERTEX
  5
CC
  8
CUT
 10
683.3994415015513
 20
39.95668329444658
 30
0.0
 70
0
  0
VERTEX
  5
CD
  8
CUT
 10
698.5685411532377
 20
44.61395394413347
 30
0.0
 70
0
  0
VERTEX
  5
CE
  8
CUT
 10
713.6642059217322
 20
49.81851465160395
 30
0.0
 70
0
  0
VERTEX
  5
CF
  8
CUT
 10
728.6535757082372
 20
55.59367289820102
 30
0.0
 70
0
  0
VERTEX
  5
D0
  8
CUT
 10
743.5001637818552
 20
61.96066143785555
 30
0.0
 70
0
  0
VERTEX
  5
D1
  8
CUT
 10
758.1641063685104
 20
68.93809385798994
 30
0.0
 70
0
  0
VERTEX
  5
D2
  8
CUT
 10
772.6025270971406
 20
76.54139445135337
 30
0.0
 70
0
  0
VERTEX
  5
D3
  8
CUT
 10
786.770024223226
 20
84.78222419473315
 30
0.0
 70
0
  0
VERTEX
  5
D4
  8
CUT
 10
800.6192827777284
 20
93.66792841567951
 30
0.0
 70
0
  0
VERTEX
  5
D5
  8
CUT
 10
814.1018067271104
 20
103.20103465806665
 30
0.0
 70
0
  0
VERTEX
  5
D6
  8
CUT
 10
827.1687582351173
 20
113.37883077465068
 30
0.0
 70
0
  0
VERTEX
  5
D7
  8
CUT
 10
839.7718827599922
 20
124.19305287934833
 30
0.0
 70
0
  0
VERTEX
  5
D8
  8
CUT
 10
851.8644907535338
 20
135.62971012084768
 30
0.0
 70
0
  0
VERTEX
  5
D9
  8
CUT
 10
863.4024600124999
 20
147.66906814901927
 30
0.0
 70
0
  0
VERTEX
  5
DA
  8
CUT
 10
874.345218132026
 20
160.28580577717355
 30
0.0
 70
0
  0
VERTEX
  5
DB
  8
CUT
 10
884.6566627615359
 20
173.44935014999737
 30
0.0
 70
0
  0
VERTEX
  5
DC
  8
CUT
 10
894.3059789466588
 20
187.1243854531438
 30
0.0
 70
0
  0
VERTEX
  5
DD
  8
CUT
 10
903.2683178813254
 20
201.27151980453667
 30
0.0
 70
0
  0
VERTEX
  5
DE
  8
CUT
 10
911.5253096176649
 20
215.84808549944123
 30
0.0
 70
0
  0
VERTEX
  5
DF
  8
CUT
 10
919.0653930400003
 20
230.80904023487028
 30
0.0
 70
0
  0
VERTEX
  5
E0
  8
CUT
 10
925.8839587841364
 20
246.10793210724927
 30
0.0
 70
0
  0
VERTEX
  5
E1
  8
CUT
 10
931.9833137480155
 20
261.69788954485244
 30
0.0
 70
0
  0
VERTEX
  5
E2
  8
CUT
 10
937.3724884668405
 20
277.53259902965806
 30
0.0
 70
0
  0
VERTEX
  5
E3
  8
CUT
 10
942.0669203147959
 20
293.5672382730354
 30
0.0
 70
0
  0
VERTEX
  5
E4
  8
CUT
 10
946.0880562340208
 20
309.7593399879458
 30
0.0
 70
0
  0
VERTEX
  5
E5
  8
CUT
 10
949.4629294126796
 20
326.06957102252
 30
0.0
 70
0
  0
VERTEX
  5
E6
  8
CUT
 10
952.2237775935464
 20
342.4624230207455
 30
0.0
 70
0
  0
VERTEX
  5
E7
  8
CUT
 10
954.4077923075661
 20
358.9068241092936
 30
0.0
 70
0
  0
VERTEX
  5
E8
  8
CUT
 10
956.057131983138
 20
375.37669773227157
 30
0.0
 70
0
  0
VERTEX
  5
E9
  8
CUT
 10
957.2194341412996
 20
391.8515189322057
 30
0.0
 70
0
  0
VERTEX
  5
EA
  8
CUT
 10
957.949341336987
 20
408.3169627417688
 30
0.0
 70
0
  0
VERTEX
  5
EB
  8
CUT
 10
958.312532758463
 20
424.7658482236143
 30
0.0
 70
0
  0
SEQEND
  5
37
  8
CUT
  0
POLYLINE
  5
EC
  8
CUT
 66
1
 10
0.0
 20
0.0
 30
0.0
 70
1
  0
VERTEX
  5
EE
  8
CUT
 10
823.883753057697
 20
429.46020465260165
 30
0.0
 70
0
  0
VERTEX
  5
EF
  8
CUT
 10
823.7395602931864
 20
417.7018248617984
 30
0.0
 70
0
  0
VERTEX
  5
F0
  8
CUT
 10
823.3810791071994
 20
405.91849688728087
 30
0.0
 70
0
  0
VERTEX
  5
F1
  8
CUT
 10
822.7457567359731
 20
394.1123896848319
 30
0.0
 70
0
  0
VERTEX
  5
F2
  8
CUT
 10
821.7813224863103
 20
382.292449094898
 30
0.0
 70
0
  0
VERTEX
  5
F3
  8
CUT
 10
820.4419735782827
 20
370.4735101729028
 30
0.0
 70
0
  0
VERTEX
  5
F4
  8
CUT
 10
818.6869321288502
 20
358.67568924512244
 30
0.0
 70
0
  0
VERTEX
  5
F5
  8
CUT
 10
816.4799615735506
 20
346.9238630888264
 30
0.0
 70
0
  0
VERTEX
  5
F6
  8
CUT
 10
813.7893555346748
 20
335.2471456548893
 30
0.0
 70
0
  0
VERTEX
  5
F7
  8
CUT
 10
810.5881765699039
 20
323.6783147320653
 30
0.0
 70
0
  0
VERTEX
  5
F8
  8
CUT
 10
806.8546189967701
 20
312.2531638288775
 30
0.0
 70
0
  0
VERTEX
  5
F9
  8
CUT
 10
802.5724112972408
 20
301.0097702782009
 30
0.0
 70
0
  0
VERTEX
  5
FA
  8
CUT
 10
797.7311940575484
 20
289.987683186147
 30
0.0
 70
0
  0
VERTEX
  5
FB
  8
CUT
 10
792.3268219448614
 20
279.22704563485536
 30
0.0
 70
0
  0
VERTEX
  5
FC
  8
CUT
 10
786.3615483669425
 20
268.7676746537552
 30
0.0
 70
0
  0
VERTEX
  5
FD
  8
CUT
 10
779.8440616219082
 20
258.6481295501597
 30
0.0
 70
0
  0
VERTEX
  5
FE
  8
CUT
 10
772.7893524055776
 20
248.90480374134626
 30
0.0
 70
0
  0
VERTEX
  5
FF
  8
CUT
 10
765.2184044918356
 20
239.57107683248753
 30
0.0
 70
0
  0
VERTEX
  5
100
  8
CUT
 10
757.1577126690723
 20
230.67656214027696
 30
0.0
 70
0
  0
VERTEX
  5
101
  8
CUT
 10
748.6386437251372
 20
222.2464802903377
 30
0.0
 70
0
  0
VERTEX
  5
102
  8
CUT
 10
739.6966664532943
 20
214.3011823758802
 30
0.0
 70
0
  0
VERTEX
  5
103
  8
CUT
 10
730.3704844328099
 20
206.85583720624066
 30
0.0
 70
0
  0
VERTEX
  5
104
  8
CUT
 10
720.7011101072537
 20
199.92028733708463
 30
0.0
 70
0
  0
VERTEX
  5
105
  8
CUT
 10
710.7309201813538
 20
193.4990688527176
 30
0.0
 70
0
  0
VERTEX
  5
106
  8
CUT
 10
700.502730701904
 20
187.59158117214776
 30
0.0
 70
0
  0
VERTEX
  5
107
  8
CUT
 10
690.058925834584
 20
182.19238617844474
 30
0.0
 70
0
  0
VERTEX
  5
108
  8
CUT
 10
679.440667993536
 20
177.2916111546313
 30
0.0
 70
0
  0
VERTEX
  5
109
  8
CUT
 10
668.6872094414819
 20
172.87542748201872
 30
0.0
 70
0
  0
VERTEX
  5
10A
  8
CUT
 10
657.8353175702869
 20
168.92657668290536
 30
0.0
 70
0
  0
VERTEX
  5
10B
  8
CUT
 10
646.9188185065852
 20
165.42491682550667
 30
0.0
 70
0
  0
VERTEX
  5
10C
  8
CUT
 10
635.9682570042387
 20
162.34796508135645
 30
0.0
 70
0
  0
VERTEX
  5
10D
  8
CUT
 10
625.0106651235853
 20
159.6714158073048
 30
0.0
 70
0
  0
VERTEX
  5
10E
  8
CUT
 10
614.0694280970479
 20
157.3696173967857
 30
0.0
 70
0
  0
VERTEX
  5
10F
  8
CUT
 10
603.1642330108621
 20
155.4159948350196
 30
0.0
 70
0
  0
VERTEX
  5
110
  8
CUT
 10
592.3110843295925
 20
153.78340797978183
 30
0.0
 70
0
  0
VERTEX
  5
111
  8
CUT
 10
581.5223695955686
 20
152.44443767694645
 30
0.0
 70
0
  0
VERTEX
  5
112
  8
CUT
 10
570.8069585248295
 20
151.37159245682295
 30
0.0
 70
0
  0
VERTEX
  5
113
  8
CUT
 10
560.1703188102077
 20
150.53742706875448
 30
0.0
 70
0
  0
VERTEX
  5
114
  8
CUT
 10
549.6146317540314
 20
149.91455923271377
 30
0.0
 70
0
  0
VERTEX
  5
115
  8
CUT
 10
539.1388897076511
 20
149.47555997967805
 30
0.0
 70
0
  0
VERTEX
  5
116
  8
CUT
 10
528.7389540107619
 20
149.19266919350758
 30
0.0
 70
0
  0
VERTEX
  5
117
  8
CUT
 10
518.4075441714472
 20
149.0372332587118
 30
0.0
 70
0
  0
VERTEX
  5
118
  8
CUT
 10
508.1341097511154
 20
148.9786161962764
 30
0.0
 70
0
  0
VERTEX
  5
119
  8
CUT
 10
497.9044831669711
 20
148.981835409371
 30
0.0
 70
0
  0
VERTEX
  5
11A
  8
CUT
 10
487.7
 20
149.00000000000006
 30
0.0
 70
0
  0
VERTEX
  5
11B
  8
CUT
 10
477.49551683302917
 20
148.981835409371
 30
0.0
 70
0
  0
VERTEX
  5
11C
  8
CUT
 10
467.2658902488846
 20
148.9786161962764
 30
0.0
 70
0
  0
VERTEX
  5
11D
  8
CUT
 10
456.99245582855275
 20
149.0372332587118
 30
0.0
 70
0
  0
VERTEX
  5
11E
  8
CUT
 10
446.6610459892381
 20
149.19266919350758
 30
0.0
 70
0
  0
VERTEX
  5
11F
  8
CUT
 10
436.261110292349
 20
149.47555997967794
 30
0.0
 70
0
  0
VERTEX
  5
120
  8
CUT
 10
425.78536824596864
 20
149.91455923271377
 30
0.0
 70
0
  0
VERTEX
  5
121
  8
CUT
 10
415.22968118979225
 20
150.5374270687546
 30
0.0
 70
0
  0
VERTEX
  5
122
  8
CUT
 10
404.5930414751708
 20
151.371592456823
 30
0.0
 70
0
  0
VERTEX
  5
123
  8
CUT
 10
393.8776304044314
 20
152.4444376769465
 30
0.0
 70
0
  0
VERTEX
  5
124
  8
CUT
 10
383.08891567040774
 20
153.78340797978183
 30
0.0
 70
0
  0
VERTEX
  5
125
  8
CUT
 10
372.2357669891379
 20
155.41599483501955
 30
0.0
 70
0
  0
VERTEX
  5
126
  8
CUT
 10
361.33057190295216
 20
157.36961739678577
 30
0.0
 70
0
  0
VERTEX
  5
127
  8
CUT
 10
350.3893348764146
 20
159.67141580730475
 30
0.0
 70
0
  0
VERTEX
  5
128
  8
CUT
 10
339.4317429957613
 20
162.34796508135656
 30
0.0
 70
0
  0
VERTEX
  5
129
  8
CUT
 10
328.4811814934146
 20
165.42491682550667
 30
0.0
 70
0
  0
VERTEX
  5
12A
  8
CUT
 10
317.5646824297131
 20
168.92657668290548
 30
0.0
 70
0
  0
VERTEX
  5
12B
  8
CUT
 10
306.71279055851835
 20
172.8754274820186
 30
0.0
 70
0
  0
VERTEX
  5
12C
  8
CUT
 10
295.959332006464
 20
177.29161115463137
 30
0.0
 70
0
  0
VERTEX
  5
12D
  8
CUT
 10
285.3410741654163
 20
182.19238617844462
 30
0.0
 70
0
  0
VERTEX
  5
12E
  8
CUT
 10
274.8972692980959
 20
187.59158117214778
 30
0.0
 70
0
  0
VERTEX
  5
12F
  8
CUT
 10
264.6690798186462
 20
193.4990688527177
 30
0.0
 70
0
  0
VERTEX
  5
130
  8
CUT
 10
254.69888989274637
 20
199.92028733708463
 30
0.0
 70
0
  0
VERTEX
  5
131
  8
CUT
 10
245.02951556719015
 20
206.85583720624072
 30
0.0
 70
0
  0
VERTEX
  5
132
  8
CUT
 10
235.70333354670578
 20
214.30118237588013
 30
0.0
 70
0
  0
VERTEX
  5
133
  8
CUT
 10
226.7613562748628
 20
222.24648029033781
 30
0.0
 70
0
  0
VERTEX
  5
134
  8
CUT
 10
218.24228733092775
 20
230.67656214027696
 30
0.0
 70
0
  0
VERTEX
  5
135
  8
CUT
 10
210.18159550816443
 20
239.57107683248762
 30
0.0
 70
0
  0
VERTEX
  5
136
  8
CUT
 10
202.61064759442257
 20
248.90480374134626
 30
0.0
 70
0
  0
VERTEX
  5
137
  8
CUT
 10
195.55593837809187
 20
258.64812955015975
 30
0.0
 70
0
  0
VERTEX
  5
138
  8
CUT
 10
189.03845163305743
 20
268.7676746537553
 30
0.0
 70
0
  0
VERTEX
  5
139
  8
CUT
 10
183.07317805513873
 20
279.22704563485536
 30
0.0
 70
0
  0
VERTEX
  5
13A
  8
CUT
 10
177.66880594245174
 20
289.98768318614714
 30
0.0
 70
0
  0
VERTEX
  5
13B
  8
CUT
 10
172.82758870275927
 20
301.0097702782009
 30
0.0
 70
0
  0
VERTEX
  5
13C
  8
CUT
 10
168.54538100322986
 20
312.25316382887763
 30
0.0
 70
0
  0
VERTEX
  5
13D
  8
CUT
 10
164.81182343009613
 20
323.6783147320653
 30
0.0
 70
0
  0
VERTEX
  5
13E
  8
CUT
 10
161.61064446532532
 20
335.24714565488944
 30
0.0
 70
0
  0
VERTEX
  5
13F
  8
CUT
 10
158.92003842644954
 20
346.92386308882635
 30
0.0
 70
0
  0
VERTEX
  5
140
  8
CUT
 10
156.71306787114986
 20
358.67568924512256
 30
0.0
 70
0
  0
VERTEX
  5
141
  8
CUT
 10
154.9580264217173
 20
370.47351017290293
 30
0.0
 70
0
  0
VERTEX
  5
142
  8
CUT
 10
153.61867751368993
 20
382.29244909489796
 30
0.0
 70
0
  0
VERTEX
  5
143
  8
CUT
 10
152.65424326402695
 20
394.112389684832
 30
0.0
 70
0
  0
VERTEX
  5
144
  8
CUT
 10
152.01892089280068
 20
405.91849688728087
 30
0.0
 70
0
  0
VERTEX
  5
145
  8
CUT
 10
151.6604397068137
 20
417.7018248617985
 30
0.0
 70
0
  0
VERTEX
  5
146
  8
CUT
 10
151.51624694230304
 20
429.46020465260165
 30
0.0
 70
0
  0
VERTEX
  5
147
  8
CUT
 10
151.50000000000006
 20
441.20000000000016
 30
0.0
 70
0
  0
VERTEX
  5
148
  8
CUT
 10
151.51624694230304
 20
452.9397953473986
 30
0.0
 70
0
  0
VERTEX
  5
149
  8
CUT
 10
151.6604397068137
 20
464.69817513820175
 30
0.0
 70
0
  0
VERTEX
  5
14A
  8
CUT
 10
152.01892089280074
 20
476.4815031127194
 30
0.0
 70
0
  0
VERTEX
  5
14B
  8
CUT
 10
152.6542432640269
 20
488.28761031516814
 30
0.0
 70
0
  0
VERTEX
  5
14C
  8
CUT
 10
153.61867751368987
 20
500.10755090510213
 30
0.0
 70
0
  0
VERTEX
  5
14D
  8
CUT
 10
154.9580264217173
 20
511.9264898270972
 30
0.0
 70
0
  0
VERTEX
  5
14E
  8
CUT
 10
156.71306787114992
 20
523.7243107548777
 30
0.0
 70
0
  0
VERTEX
  5
14F
  8
CUT
 10
158.92003842644954
 20
535.4761369111739
 30
0.0
 70
0
  0
VERTEX
  5
150
  8
CUT
 10
161.61064446532527
 20
547.1528543451109
 30
0.0
 70
0
  0
VERTEX
  5
151
  8
CUT
 10
164.81182343009618
 20
558.721685267935
 30
0.0
 70
0
  0
VERTEX
  5
152
  8
CUT
 10
168.54538100322992
 20
570.1468361711227
 30
0.0
 70
0
  0
VERTEX
  5
153
  8
CUT
 10
172.82758870275933
 20
581.3902297217994
 30
0.0
 70
0
  0
VERTEX
  5
154
  8
CUT
 10
177.66880594245168
 20
592.4123168138531
 30
0.0
 70
0
  0
VERTEX
  5
155
  8
CUT
 10
183.07317805513873
 20
603.1729543651447
 30
0.0
 70
0
  0
VERTEX
  5
156
  8
CUT
 10
189.03845163305738
 20
613.6323253462449
 30
0.0
 70
0
  0
VERTEX
  5
157
  8
CUT
 10
195.5559383780918
 20
623.7518704498405
 30
0.0
 70
0
  0
VERTEX
  5
158
  8
CUT
 10
202.61064759442263
 20
633.495196258654
 30
0.0
 70
0
  0
VERTEX
  5
159
  8
CUT
 10
210.1815955081645
 20
642.8289231675127
 30
0.0
 70
0
  0
VERTEX
  5
15A
  8
CUT
 10
218.24228733092775
 20
651.7234378597234
 30
0.0
 70
0
  0
VERTEX
  5
15B
  8
CUT
 10
226.76135627486292
 20
660.1535197096624
 30
0.0
 70
0
  0
VERTEX
  5
15C
  8
CUT
 10
235.70333354670584
 20
668.0988176241201
 30
0.0
 70
0
  0
VERTEX
  5
15D
  8
CUT
 10
245.02951556719006
 20
675.5441627937594
 30
0.0
 70
0
  0
VERTEX
  5
15E
  8
CUT
 10
254.69888989274634
 20
682.4797126629155
 30
0.0
 70
0
  0
VERTEX
  5
15F
  8
CUT
 10
264.6690798186462
 20
688.9009311472826
 30
0.0
 70
0
  0
VERTEX
  5
160
  8
CUT
 10
274.897269298096
 20
694.8084188278524
 30
0.0
 70
0
  0
VERTEX
  5
161
  8
CUT
 10
285.3410741654162
 20
700.2076138215555
 30
0.0
 70
0
  0
VERTEX
  5
162
  8
CUT
 10
295.959332006464
 20
705.1083888453688
 30
0.0
 70
0
  0
VERTEX
  5
163
  8
CUT
 10
306.7127905585183
 20
709.5245725179816
 30
0.0
 70
0
  0
VERTEX
  5
164
  8
CUT
 10
317.5646824297132
 20
713.4734233170948
 30
0.0
 70
0
  0
VERTEX
  5
165
  8
CUT
 10
328.48118149341485
 20
716.9750831744935
 30
0.0
 70
0
  0
VERTEX
  5
166
  8
CUT
 10
339.43174299576117
 20
720.0520349186437
 30
0.0
 70
0
  0
VERTEX
  5
167
  8
CUT
 10
350.38933487641464
 20
722.7285841926954
 30
0.0
 70
0
  0
VERTEX
  5
168
  8
CUT
 10
361.3305719029521
 20
725.0303826032144
 30
0.0
 70
0
  0
VERTEX
  5
169
  8
CUT
 10
372.235766989138
 20
726.9840051649805
 30
0.0
 70
0
  0
VERTEX
  5
16A
  8
CUT
 10
383.08891567040774
 20
728.6165920202184
 30
0.0
 70
0
  0
VERTEX
  5
16B
  8
CUT
 10
393.87763040443144
 20
729.9555623230538
 30
0.0
 70
0
  0
VERTEX
  5
16C
  8
CUT
 10
404.59304147517076
 20
731.0284075431771
 30
0.0
 70
0
  0
VERTEX
  5
16D
  8
CUT
 10
415.22968118979225
 20
731.8625729312456
 30
0.0
 70
0
  0
VERTEX
  5
16E
  8
CUT
 10
425.7853682459688
 20
732.4854407672864
 30
0.0
 70
0
  0
VERTEX
  5
16F
  8
CUT
 10
436.261110292349
 20
732.9244400203222
 30
0.0
 70
0
  0
VERTEX
  5
170
  8
CUT
 10
446.6610459892383
 20
733.2073308064926
 30
0.0
 70
0
  0
VERTEX
  5
171
  8
CUT
 10
456.9924558285527
 20
733.3627667412884
 30
0.0
 70
0
  0
VERTEX
  5
172
  8
CUT
 10
467.26589024888466
 20
733.4213838037238
 30
0.0
 70
0
  0
VERTEX
  5
173
  8
CUT
 10
477.4955168330291
 20
733.4181645906292
 30
0.0
 70
0
  0
VERTEX
  5
174
  8
CUT
 10
487.70000000000005
 20
733.4000000000001
 30
0.0
 70
0
  0
VERTEX
  5
175
  8
CUT
 10
497.90448316697103
 20
733.4181645906292
 30
0.0
 70
0
  0
VERTEX
  5
176
  8
CUT
 10
508.1341097511154
 20
733.4213838037238
 30
0.0
 70
0
  0
VERTEX
  5
177
  8
CUT
 10
518.4075441714474
 20
733.3627667412884
 30
0.0
 70
0
  0
VERTEX
  5
178
  8
CUT
 10
528.7389540107619
 20
733.2073308064926
 30
0.0
 70
0
  0
VERTEX
  5
179
  8
CUT
 10
539.1388897076512
 20
732.9244400203222
 30
0.0
 70
0
  0
VERTEX
  5
17A
  8
CUT
 10
549.6146317540314
 20
732.4854407672865
 30
0.0
 70
0
  0
VERTEX
  5
17B
  8
CUT
 10
560.1703188102078
 20
731.8625729312457
 30
0.0
 70
0
  0
VERTEX
  5
17C
  8
CUT
 10
570.8069585248294
 20
731.0284075431771
 30
0.0
 70
0
  0
VERTEX
  5
17D
  8
CUT
 10
581.5223695955686
 20
729.9555623230538
 30
0.0
 70
0
  0
VERTEX
  5
17E
  8
CUT
 10
592.3110843295924
 20
728.6165920202184
 30
0.0
 70
0
  0
VERTEX
  5
17F
  8
CUT
 10
603.1642330108621
 20
726.9840051649805
 30
0.0
 70
0
  0
VERTEX
  5
180
  8
CUT
 10
614.069428097048
 20
725.0303826032144
 30
0.0
 70
0
  0
VERTEX
  5
181
  8
CUT
 10
625.0106651235853
 20
722.7285841926954
 30
0.0
 70
0
  0
VERTEX
  5
182
  8
CUT
 10
635.9682570042389
 20
720.0520349186437
 30
0.0
 70
0
  0
VERTEX
  5
183
  8
CUT
 10
646.9188185065852
 20
716.9750831744935
 30
0.0
 70
0
  0
VERTEX
  5
184
  8
CUT
 10
657.835317570287
 20
713.4734233170948
 30
0.0
 70
0
  0
VERTEX
  5
185
  8
CUT
 10
668.6872094414819
 20
709.5245725179816
 30
0.0
 70
0
  0
VERTEX
  5
186
  8
CUT
 10
679.4406679935361
 20
705.1083888453688
 30
0.0
 70
0
  0
VERTEX
  5
187
  8
CUT
 10
690.0589258345839
 20
700.2076138215555
 30
0.0
 70
0
  0
VERTEX
  5
188
  8
CUT
 10
700.502730701904
 20
694.8084188278524
 30
0.0
 70
0
  0
VERTEX
  5
189
  8
CUT
 10
710.7309201813539
 20
688.9009311472826
 30
0.0
 70
0
  0
VERTEX
  5
18A
  8
CUT
 10
720.7011101072537
 20
682.4797126629155
 30
0.0
 70
0
  0
VERTEX
  5
18B
  8
CUT
 10
730.3704844328099
 20
675.5441627937594
 30
0.0
 70
0
  0
VERTEX
  5
18C
  8
CUT
 10
739.6966664532943
 20
668.0988176241201
 30
0.0
 70
0
  0
VERTEX
  5
18D
  8
CUT
 10
748.6386437251373
 20
660.1535197096624
 30
0.0
 70
0
  0
VERTEX
  5
18E
  8
CUT
 10
757.1577126690723
 20
651.7234378597234
 30
0.0
 70
0
  0
VERTEX
  5
18F
  8
CUT
 10
765.2184044918356
 20
642.8289231675126
 30
0.0
 70
0
  0
VERTEX
  5
190
  8
CUT
 10
772.7893524055775
 20
633.495196258654
 30
0.0
 70
0
  0
VERTEX
  5
191
  8
CUT
 10
779.8440616219083
 20
623.7518704498405
 30
0.0
 70
0
  0
VERTEX
  5
192
  8
CUT
 10
786.3615483669428
 20
613.6323253462449
 30
0.0
 70
0
  0
VERTEX
  5
193
  8
CUT
 10
792.3268219448614
 20
603.1729543651447
 30
0.0
 70
0
  0
VERTEX
  5
194
  8
CUT
 10
797.7311940575484
 20
592.4123168138531
 30
0.0
 70
0
  0
VERTEX
  5
195
  8
CUT
 10
802.5724112972408
 20
581.3902297217993
 30
0.0
 70
0
  0
VERTEX
  5
196
  8
CUT
 10
806.8546189967702
 20
570.1468361711226
 30
0.0
 70
0
  0
VERTEX
  5
197
  8
CUT
 10
810.5881765699039
 20
558.721685267935
 30
0.0
 70
0
  0
VERTEX
  5
198
  8
CUT
 10
813.7893555346748
 20
547.1528543451108
 30
0.0
 70
0
  0
VERTEX
  5
199
  8
CUT
 10
816.4799615735506
 20
535.4761369111739
 30
0.0
 70
0
  0
VERTEX
  5
19A
  8
CUT
 10
818.6869321288502
 20
523.7243107548777
 30
0.0
 70
0
  0
VERTEX
  5
19B
  8
CUT
 10
820.4419735782827
 20
511.9264898270972
 30
0.0
 70
0
  0
VERTEX
  5
19C
  8
CUT
 10
821.7813224863103
 20
500.1075509051022
 30
0.0
 70
0
  0
VERTEX
  5
19D
  8
CUT
 10
822.7457567359731
 20
488.28761031516814
 30
0.0
 70
0
  0
VERTEX
  5
19E
  8
CUT
 10
823.3810791071994
 20
476.48150311271934
 30
0.0
 70
0
  0
VERTEX
  5
19F
  8
CUT
 10
823.7395602931864
 20
464.6981751382017
 30
0.0
 70
0
  0
VERTEX
  5
1A0
  8
CUT
 10
823.883753057697
 20
452.93979534739856
 30
0.0
 70
0
  0
VERTEX
  5
1A1
  8
CUT
 10
823.9000000000001
 20
441.2000000000001
 30
0.0
 70
0
  0
SEQEND
  5
ED
  8
CUT
  0
POLYLINE
  5
1A2
  8
CUT
 66
1
 10
0.0
 20
0.0
 30
0.0
 70
1
  0
VERTEX
  5
1A4
  8
CUT
 10
855.3930776469966
 20
493.0583320218615
 30
0.0
 42
0.41421356237309503
 70
0
  0
VERTEX
  5
1A5
  8
CUT
 10
852.733065245221
 20
489.3971390438282
 30
0.0
 42
0.41421356237309503
 70
0
  0
VERTEX
  5
1A6
  8
CUT
 10
856.3942582232543
 20
486.73712664205254
 30
0.0
 42
0.41421356237309503
 70
0
  0
VERTEX
  5
1A7
  8
CUT
 10
859.0542706250299
 20
490.3983196200858
 30
0.0
 70
0
  0
VERTEX
  5
1A8
  8
CUT
 10
893.2282872096216
 20
495.8109521104778
 30
0.0
 42
0.41421356237309503
 70
0
  0
VERTEX
  5
1A9
  8
CUT
 10
896.8894801876548
 20
493.15093970870214
 30
0.0
 42
0.41421356237309503
 70
0
  0
VERTEX
  5
1AA
  8
CUT
 10
899.5494925894304
 20
496.8121326867353
 30
0.0
 42
0.41421356237309503
 70
0
  0
VERTEX
  5
1AB
  8
CUT
 10
895.8882996113973
 20
499.47214508851096
 30
0.0
 70
0
  0
VERTEX
  5
1AC
  8
CUT
 10
893.9172253518904
 20
511.9170181800097
 30
0.0
 42
0.41421356237309503
 70
0
  0
VERTEX
  5
1AD
  8
CUT
 10
896.5772377536659
 20
515.578211158043
 30
0.0
 42
0.41421356237309503
 70
0
  0
VERTEX
  5
1AE
  8
CUT
 10
892.9160447756327
 20
518.2382235598186
 30
0.0
 42
0.41421356237309503
 70
0
  0
VERTEX
  5
1AF
  8
CUT
 10
890.2560323738571
 20
514.5770305817854
 30
0.0
 70
0
  0
VERTEX
  5
1B0
  8
CUT
 10
856.0820157892654
 20
509.1643980913934
 30
0.0
 42
0.41421356237309503
 70
0
  0
VERTEX
  5
1B1
  8
CUT
 10
852.4208228112321
 20
511.8244104931691
 30
0.0
 42
0.41421356237309503
 70
0
  0
VERTEX
  5
1B2
  8
CUT
 10
849.7608104094566
 20
508.1632175151359
 30
0.0
 42
0.41421356237309503
 70
0
  0
VERTEX
  5
1B3
  8
CUT
 10
853.4220033874897
 20
505.5032051133602
 30
0.0
 70
0
  0
SEQEND
  5
1A3
  8
CUT
  0
POLYLINE
  5
1B4
  8
CUT
 66
1
 10
0.0
 20
0.0
 30
0.0
 70
1
  0
VERTEX
  5
1B6
  8
CUT
 10
826.9172648876076
 20
606.9691740710325
 30
0.0
 42
0.41421356237309503
 70
0
  0
VERTEX
  5
1B7
  8
CUT
 10
825.5188136093716
 20
602.6651835944632
 30
0.0
 42
0.41421356237309503
 70
0
  0
VERTEX
  5
1B8
  8
CUT
 10
829.8228040859408
 20
601.2667323162271
 30
0.0
 42
0.41421356237309503
 70
0
  0
VERTEX
  5
1B9
  8
CUT
 10
831.2212553641768
 20
605.5707227927963
 30
0.0
 70
0
  0
VERTEX
  5
1BA
  8
CUT
 10
862.0500811010945
 20
621.2787940837846
 30
0.0
 42
0.41421356237309503
 70
0
  0
VERTEX
  5
1BB
  8
CUT
 10
866.3540715776638
 20
619.8803428055485
 30
0.0
 42
0.41421356237309503
 70
0
  0
VERTEX
  5
1BC
  8
CUT
 10
867.7525228559
 20
624.1843332821178
 30
0.0
 42
0.41421356237309503
 70
0
  0
VERTEX
  5
1BD
  8
CUT
 10
863.4485323793307
 20
625.582784560354
 30
0.0
 70
0
  0
VERTEX
  5
1BE
  8
CUT
 10
857.7282520826124
 20
636.8094667651275
 30
0.0
 42
0.41421356237309503
 70
0
  0
VERTEX
  5
1BF
  8
CUT
 10
859.1267033608485
 20
641.1134572416968
 30
0.0
 42
0.41421356237309503
 70
0
  0
VERTEX
  5
1C0
  8
CUT
 10
854.8227128842792
 20
642.511908519933
 30
0.0
 42
0.41421356237309503
 70
0
  0
VERTEX
  5
1C1
  8
CUT
 10
853.424261606043
 20
638.2079180433636
 30
0.0
 70
0
  0
VERTEX
  5
1C2
  8
CUT
 10
822.5954358691256
 20
622.4998467523753
 30
0.0
 42
0.41421356237309503
 70
0
  0
VERTEX
  5
1C3
  8
CUT
 10
818.2914453925564
 20
623.8982980306117
 30
0.0
 42
0.41421356237309503
 70
0
  0
VERTEX
  5
1C4
  8
CUT
 10
816.89299411432
 20
619.5943075540424
 30
0.0
 42
0.41421356237309503
 70
0
  0
VERTEX
  5
1C5
  8
CUT
 10
821.1969845908893
 20
618.195856275806
 30
0.0
 70
0
  0
SEQEND
  5
1B5
  8
CUT
  0
POLYLINE
  5
1C6
  8
CUT
 66
1
 10
0.0
 20
0.0
 30
0.0
 70
1
  0
VERTEX
  5
1C8
  8
CUT
 10
753.0118118250754
 20
697.6022663821249
 30
0.0
 42
0.41421356237309503
 70
0
  0
VERTEX
  5
1C9
  8
CUT
 10
753.0118118250754
 20
693.076782982531
 30
0.0
 42
0.41421356237309503
 70
0
  0
VERTEX
  5
1CA
  8
CUT
 10
757.5372952246693
 20
693.076782982531
 30
0.0
 42
0.41421356237309503
 70
0
  0
VERTEX
  5
1CB
  8
CUT
 10
757.5372952246693
 20
697.6022663821249
 30
0.0
 70
0
  0
VERTEX
  5
1CC
  8
CUT
 10
782.0031898537238
 20
722.0681610111794
 30
0.0
 42
0.41421356237309503
 70
0
  0
VERTEX
  5
1CD
  8
CUT
 10
786.5286732533177
 20
722.0681610111794
 30
0.0
 42
0.41421356237309503
 70
0
  0
VERTEX
  5
1CE
  8
CUT
 10
786.5286732533177
 20
726.5936444107733
 30
0.0
 42
0.41421356237309503
 70
0
  0
VERTEX
  5
1CF
  8
CUT
 10
782.0031898537238
 20
726.5936444107733
 30
0.0
 70
0
  0
VERTEX
  5
1D0
  8
CUT
 10
773.0936444107733
 20
735.5031898537238
 30
0.0
 42
0.41421356237309503
 70
0
  0
VERTEX
  5
1D1
  8
CUT
 10
773.0936444107733
 20
740.0286732533177
 30
0.0
 42
0.41421356237309503
 70
0
  0
VERTEX
  5
1D2
  8
CUT
 10
768.5681610111794
 20
740.0286732533177
 30
0.0
 42
0.41421356237309503
 70
0
  0
VERTEX
  5
1D3
  8
CUT
 10
768.5681610111794
 20
735.5031898537238
 30
0.0
 70
0
  0
VERTEX
  5
1D4
  8
CUT
 10
744.1022663821249
 20
711.0372952246693
 30
0.0
 42
0.41421356237309503
 70
0
  0
VERTEX
  5
1D5
  8
CUT
 10
739.576782982531
 20
711.0372952246693
 30
0.0
 42
0.41421356237309503
 70
0
  0
VERTEX
  5
1D6
  8
CUT
 10
739.576782982531
 20
706.5118118250754
 30
0.0
 42
0.41421356237309503
 70
0
  0
VERTEX
  5
1D7
  8
CUT
 10
744.1022663821249
 20
706.5118118250754
 30
0.0
 70
0
  0
SEQEND
  5
1C7
  8
CUT
  0
POLYLINE
  5
1D8
  8
CUT
 66
1
 10
0.0
 20
0.0
 30
0.0
 70
1
  0
VERTEX
  5
1DA
  8
CUT
 10
650.8568241876467
 20
747.536354828645
 30
0.0
 42
0.41421356237309503
 70
0
  0
VERTEX
  5
1DB
  8
CUT
 10
652.255275465883
 20
743.2323643520757
 30
0.0
 42
0.41421356237309503
 70
0
  0
VERTEX
  5
1DC
  8
CUT
 10
656.5592659424523
 20
744.6308156303121
 30
0.0
 42
0.41421356237309503
 70
0
  0
VERTEX
  5
1DD
  8
CUT
 10
655.160814664216
 20
748.9348061068813
 30
0.0
 70
0
  0
VERTEX
  5
1DE
  8
CUT
 10
670.8688859552043
 20
779.7636318437987
 30
0.0
 42
0.41421356237309503
 70
0
  0
VERTEX
  5
1DF
  8
CUT
 10
675.1728764317736
 20
781.1620831220349
 30
0.0
 42
0.41421356237309503
 70
0
  0
VERTEX
  5
1E0
  8
CUT
 10
673.7744251535374
 20
785.4660735986042
 30
0.0
 42
0.41421356237309503
 70
0
  0
VERTEX
  5
1E1
  8
CUT
 10
669.4704346769681
 20
784.0676223203681
 30
0.0
 70
0
  0
VERTEX
  5
1E2
  8
CUT
 10
658.2437524721946
 20
789.7879026170864
 30
0.0
 42
0.41421356237309503
 70
0
  0
VERTEX
  5
1E3
  8
CUT
 10
656.8453011939584
 20
794.0918930936557
 30
0.0
 42
0.41421356237309503
 70
0
  0
VERTEX
  5
1E4
  8
CUT
 10
652.5413107173891
 20
792.6934418154195
 30
0.0
 42
0.41421356237309503
 70
0
  0
VERTEX
  5
1E5
  8
CUT
 10
653.9397619956253
 20
788.3894513388502
 30
0.0
 70
0
  0
VERTEX
  5
1E6
  8
CUT
 10
638.231690704637
 20
757.5606256019325
 30
0.0
 42
0.41421356237309503
 70
0
  0
VERTEX
  5
1E7
  8
CUT
 10
633.9277002280678
 20
756.1621743236963
 30
0.0
 42
0.41421356237309503
 70
0
  0
VERTEX
  5
1E8
  8
CUT
 10
635.3261515063041
 20
751.8581838471271
 30
0.0
 42
0.41421356237309503
 70
0
  0
VERTEX
  5
1E9
  8
CUT
 10
639.6301419828732
 20
753.2566351253633
 30
0.0
 70
0
  0
SEQEND
  5
1D9
  8
CUT
  0
POLYLINE
  5
1EA
  8
CUT
 66
1
 10
0.0
 20
0.0
 30
0.0
 70
1
  0
VERTEX
  5
1EC
  8
CUT
 10
545.2363833517809
 20
764.1979722407821
 30
0.0
 42
0.41421356237309503
 70
0
  0
VERTEX
  5
1ED
  8
CUT
 10
547.8963957535566
 20
760.536779262749
 30
0.0
 42
0.41421356237309503
 70
0
  0
VERTEX
  5
1EE
  8
CUT
 10
551.5575887315897
 20
763.1967916645247
 30
0.0
 42
0.41421356237309503
 70
0
  0
VERTEX
  5
1EF
  8
CUT
 10
548.897576329814
 20
766.8579846425578
 30
0.0
 70
0
  0
VERTEX
  5
1F0
  8
CUT
 10
554.3102088202061
 20
801.0320012271495
 30
0.0
 42
0.41421356237309503
 70
0
  0
VERTEX
  5
1F1
  8
CUT
 10
557.9714017982392
 20
803.6920136289252
 30
0.0
 42
0.41421356237309503
 70
0
  0
VERTEX
  5
1F2
  8
CUT
 10
555.3113893964635
 20
807.3532066069583
 30
0.0
 42
0.41421356237309503
 70
0
  0
VERTEX
  5
1F3
  8
CUT
 10
551.6501964184304
 20
804.6931942051826
 30
0.0
 70
0
  0
VERTEX
  5
1F4
  8
CUT
 10
539.2053233269315
 20
806.6642684646897
 30
0.0
 42
0.41421356237309503
 70
0
  0
VERTEX
  5
1F5
  8
CUT
 10
536.5453109251556
 20
810.3254614427228
 30
0.0
 42
0.41421356237309503
 70
0
  0
VERTEX
  5
1F6
  8
CUT
 10
532.8841179471225
 20
807.6654490409469
 30
0.0
 42
0.41421356237309503
 70
0
  0
VERTEX
  5
1F7
  8
CUT
 10
535.5441303488984
 20
804.0042560629139
 30
0.0
 70
0
  0
VERTEX
  5
1F8
  8
CUT
 10
530.1314978585065
 20
769.8302394783221
 30
0.0
 42
0.41421356237309503
 70
0
  0
VERTEX
  5
1F9
  8
CUT
 10
526.4703048804732
 20
767.1702270765464
 30
0.0
 42
0.41421356237309503
 70
0
  0
VERTEX
  5
1FA
  8
CUT
 10
529.1303172822488
 20
763.5090340985132
 30
0.0
 42
0.41421356237309503
 70
0
  0
VERTEX
  5
1FB
  8
CUT
 10
532.7915102602822
 20
766.1690465002889
 30
0.0
 70
0
  0
SEQEND
  5
1EB
  8
CUT
  0
POLYLINE
  5
1FC
  8
CUT
 66
1
 10
0.0
 20
0.0
 30
0.0
 70
1
  0
VERTEX
  5
1FE
  8
CUT
 10
442.60848973971804
 20
766.1690465002889
 30
0.0
 42
0.41421356237309503
 70
0
  0
VERTEX
  5
1FF
  8
CUT
 10
446.2696827177513
 20
763.5090340985133
 30
0.0
 42
0.41421356237309503
 70
0
  0
VERTEX
  5
200
  8
CUT
 10
448.92969511952697
 20
767.1702270765466
 30
0.0
 42
0.41421356237309503
 70
0
  0
VERTEX
  5
201
  8
CUT
 10
445.26850214149374
 20
769.8302394783221
 30
0.0
 70
0
  0
VERTEX
  5
202
  8
CUT
 10
439.8558696511017
 20
804.0042560629139
 30
0.0
 42
0.41421356237309503
 70
0
  0
VERTEX
  5
203
  8
CUT
 10
442.5158820528775
 20
807.6654490409471
 30
0.0
 42
0.41421356237309503
 70
0
  0
VERTEX
  5
204
  8
CUT
 10
438.8546890748443
 20
810.3254614427229
 30
0.0
 42
0.41421356237309503
 70
0
  0
VERTEX
  5
205
  8
CUT
 10
436.19467667306856
 20
806.6642684646897
 30
0.0
 70
0
  0
VERTEX
  5
206
  8
CUT
 10
423.74980358156984
 20
804.6931942051826
 30
0.0
 42
0.41421356237309503
 70
0
  0
VERTEX
  5
207
  8
CUT
 10
420.0886106035367
 20
807.3532066069583
 30
0.0
 42
0.41421356237309503
 70
0
  0
VERTEX
  5
208
  8
CUT
 10
417.428598201761
 20
803.6920136289252
 30
0.0
 42
0.41421356237309503
 70
0
  0
VERTEX
  5
209
  8
CUT
 10
421.08979117979413
 20
801.0320012271495
 30
0.0
 70
0
  0
VERTEX
  5
20A
  8
CUT
 10
426.5024236701861
 20
766.8579846425578
 30
0.0
 42
0.41421356237309503
 70
0
  0
VERTEX
  5
20B
  8
CUT
 10
423.8424112684104
 20
763.1967916645245
 30
0.0
 42
0.41421356237309503
 70
0
  0
VERTEX
  5
20C
  8
CUT
 10
427.5036042464436
 20
760.536779262749
 30
0.0
 42
0.41421356237309503
 70
0
  0
VERTEX
  5
20D
  8
CUT
 10
430.1636166482193
 20
764.1979722407821
 30
0.0
 70
0
  0
SEQEND
  5
1FD
  8
CUT
  0
POLYLINE
  5
20E
  8
CUT
 66
1
 10
0.0
 20
0.0
 30
0.0
 70
1
  0
VERTEX
  5
210
  8
CUT
 10
335.7698580171269
 20
753.2566351253633
 30
0.0
 42
0.41421356237309503
 70
0
  0
VERTEX
  5
211
  8
CUT
 10
340.07384849369606
 20
751.8581838471271
 30
0.0
 42
0.41421356237309503
 70
0
  0
VERTEX
  5
212
  8
CUT
 10
341.4722997719323
 20
756.1621743236963
 30
0.0
 42
0.41421356237309503
 70
0
  0
VERTEX
  5
213
  8
CUT
 10
337.1683092953631
 20
757.5606256019325
 30
0.0
 70
0
  0
VERTEX
  5
214
  8
CUT
 10
321.4602380043748
 20
788.3894513388502
 30
0.0
 42
0.41421356237309503
 70
0
  0
VERTEX
  5
215
  8
CUT
 10
322.85868928261095
 20
792.6934418154195
 30
0.0
 42
0.41421356237309503
 70
0
  0
VERTEX
  5
216
  8
CUT
 10
318.55469880604164
 20
794.0918930936557
 30
0.0
 42
0.41421356237309503
 70
0
  0
VERTEX
  5
217
  8
CUT
 10
317.1562475278055
 20
789.7879026170864
 30
0.0
 70
0
  0
VERTEX
  5
218
  8
CUT
 10
305.9295653230321
 20
784.0676223203681
 30
0.0
 42
0.41421356237309503
 70
0
  0
VERTEX
  5
219
  8
CUT
 10
301.6255748464628
 20
785.4660735986045
 30
0.0
 42
0.41421356237309503
 70
0
  0
VERTEX
  5
21A
  8
CUT
 10
300.2271235682265
 20
781.1620831220351
 30
0.0
 42
0.41421356237309503
 70
0
  0
VERTEX
  5
21B
  8
CUT
 10
304.5311140447958
 20
779.7636318437987
 30
0.0
 70
0
  0
VERTEX
  5
21C
  8
CUT
 10
320.2391853357841
 20
748.9348061068813
 30
0.0
 42
0.41421356237309503
 70
0
  0
VERTEX
  5
21D
  8
CUT
 10
318.8407340575478
 20
744.630815630312
 30
0.0
 42
0.41421356237309503
 70
0
  0
VERTEX
  5
21E
  8
CUT
 10
323.14472453411713
 20
743.2323643520758
 30
0.0
 42
0.41421356237309503
 70
0
  0
VERTEX
  5
21F
  8
CUT
 10
324.5431758123534
 20
747.536354828645
 30
0.0
 70
0
  0
SEQEND
  5
20F
  8
CUT
  0
POLYLINE
  5
220
  8
CUT
 66
1
 10
0.0
 20
0.0
 30
0.0
 70
1
  0
VERTEX
  5
222
  8
CUT
 10
231.29773361787528
 20
706.5118118250755
 30
0.0
 42
0.41421356237309503
 70
0
  0
VERTEX
  5
223
  8
CUT
 10
235.82321701746918
 20
706.5118118250755
 30
0.0
 42
0.41421356237309503
 70
0
  0
VERTEX
  5
224
  8
CUT
 10
235.82321701746918
 20
711.0372952246694
 30
0.0
 42
0.41421356237309503
 70
0
  0
VERTEX
  5
225
  8
CUT
 10
231.29773361787528
 20
711.0372952246694
 30
0.0
 70
0
  0
VERTEX
  5
226
  8
CUT
 10
206.83183898882072
 20
735.5031898537238
 30
0.0
 42
0.41421356237309503
 70
0
  0
VERTEX
  5
227
  8
CUT
 10
206.83183898882072
 20
740.0286732533177
 30
0.0
 42
0.41421356237309503
 70
0
  0
VERTEX
  5
228
  8
CUT
 10
202.30635558922683
 20
740.0286732533177
 30
0.0
 42
0.41421356237309503
 70
0
  0
VERTEX
  5
229
  8
CUT
 10
202.30635558922683
 20
735.5031898537238
 30
0.0
 70
0
  0
VERTEX
  5
22A
  8
CUT
 10
193.39681014627632
 20
726.5936444107733
 30
0.0
 42
0.41421356237309503
 70
0
  0
VERTEX
  5
22B
  8
CUT
 10
188.87132674668243
 20
726.5936444107733
 30
0.0
 42
0.41421356237309503
 70
0
  0
VERTEX
  5
22C
  8
CUT
 10
188.87132674668243
 20
722.0681610111794
 30
0.0
 42
0.41421356237309503
 70
0
  0
VERTEX
  5
22D
  8
CUT
 10
193.39681014627632
 20
722.0681610111794
 30
0.0
 70
0
  0
VERTEX
  5
22E
  8
CUT
 10
217.86270477533088
 20
697.602266382125
 30
0.0
 42
0.41421356237309503
 70
0
  0
VERTEX
  5
22F
  8
CUT
 10
217.86270477533088
 20
693.0767829825311
 30
0.0
 42
0.41421356237309503
 70
0
  0
VERTEX
  5
230
  8
CUT
 10
222.38818817492478
 20
693.0767829825311
 30
0.0
 42
0.41421356237309503
 70
0
  0
VERTEX
  5
231
  8
CUT
 10
222.38818817492478
 20
697.602266382125
 30
0.0
 70
0
  0
SEQEND
  5
221
  8
CUT
  0
POLYLINE
  5
232
  8
CUT
 66
1
 10
0.0
 20
0.0
 30
0.0
 70
1
  0
VERTEX
  5
234
  8
CUT
 10
154.20301540911083
 20
618.195856275806
 30
0.0
 42
0.41421356237309503
 70
0
  0
VERTEX
  5
235
  8
CUT
 10
158.50700588568014
 20
619.5943075540422
 30
0.0
 42
0.41421356237309503
 70
0
  0
VERTEX
  5
236
  8
CUT
 10
157.10855460744392
 20
623.8982980306115
 30
0.0
 42
0.41421356237309503
 70
0
  0
VERTEX
  5
237
  8
CUT
 10
152.8045641308746
 20
622.4998467523753
 30
0.0
 70
0
  0
VERTEX
  5
238
  8
CUT
 10
121.97573839395704
 20
638.2079180433636
 30
0.0
 42
0.41421356237309503
 70
0
  0
VERTEX
  5
239
  8
CUT
 10
120.5772871157209
 20
642.511908519933
 30
0.0
 42
0.41421356237309503
 70
0
  0
VERTEX
  5
23A
  8
CUT
 10
116.27329663915164
 20
641.1134572416968
 30
0.0
 42
0.41421356237309503
 70
0
  0
VERTEX
  5
23B
  8
CUT
 10
117.67174791738779
 20
636.8094667651275
 30
0.0
 70
0
  0
VERTEX
  5
23C
  8
CUT
 10
111.95146762066946
 20
625.582784560354
 30
0.0
 42
0.41421356237309503
 70
0
  0
VERTEX
  5
23D
  8
CUT
 10
107.64747714410015
 20
624.1843332821178
 30
0.0
 42
0.41421356237309503
 70
0
  0
VERTEX
  5
23E
  8
CUT
 10
109.04592842233636
 20
619.8803428055485
 30
0.0
 42
0.41421356237309503
 70
0
  0
VERTEX
  5
23F
  8
CUT
 10
113.34991889890568
 20
621.2787940837846
 30
0.0
 70
0
  0
VERTEX
  5
240
  8
CUT
 10
144.17874463582325
 20
605.5707227927963
 30
0.0
 42
0.41421356237309503
 70
0
  0
VERTEX
  5
241
  8
CUT
 10
145.5771959140594
 20
601.266732316227
 30
0.0
 42
0.41421356237309503
 70
0
  0
VERTEX
  5
242
  8
CUT
 10
149.88118639062867
 20
602.6651835944632
 30
0.0
 42
0.41421356237309503
 70
0
  0
VERTEX
  5
243
  8
CUT
 10
148.4827351123925
 20
606.9691740710325
 30
0.0
 70
0
  0
SEQEND
  5
233
  8
CUT
  0
POLYLINE
  5
244
  8
CUT
 66
1
 10
0.0
 20
0.0
 30
0.0
 70
1
  0
VERTEX
  5
246
  8
CUT
 10
121.97799661251037
 20
505.5032051133603
 30
0.0
 42
0.41421356237309503
 70
0
  0
VERTEX
  5
247
  8
CUT
 10
125.63918959054354
 20
508.16321751513607
 30
0.0
 42
0.41421356237309503
 70
0
  0
VERTEX
  5
248
  8
CUT
 10
122.97917718876778
 20
511.82441049316924
 30
0.0
 42
0.41421356237309503
 70
0
  0
VERTEX
  5
249
  8
CUT
 10
119.31798421073461
 20
509.1643980913935
 30
0.0
 70
0
  0
VERTEX
  5
24A
  8
CUT
 10
85.14396762614285
 20
514.5770305817855
 30
0.0
 42
0.41421356237309503
 70
0
  0
VERTEX
  5
24B
  8
CUT
 10
82.48395522436712
 20
518.2382235598186
 30
0.0
 42
0.41421356237309503
 70
0
  0
VERTEX
  5
24C
  8
CUT
 10
78.82276224633398
 20
515.5782111580429
 30
0.0
 42
0.41421356237309503
 70
0
  0
VERTEX
  5
24D
  8
CUT
 10
81.48277464810968
 20
511.9170181800098
 30
0.0
 70
0
  0
VERTEX
  5
24E
  8
CUT
 10
79.51170038860272
 20
499.472145088511
 30
0.0
 42
0.41421356237309503
 70
0
  0
VERTEX
  5
24F
  8
CUT
 10
75.85050741056955
 20
496.81213268673525
 30
0.0
 42
0.41421356237309503
 70
0
  0
VERTEX
  5
250
  8
CUT
 10
78.51051981234531
 20
493.1509397087021
 30
0.0
 42
0.41421356237309503
 70
0
  0
VERTEX
  5
251
  8
CUT
 10
82.17171279037848
 20
495.81095211047784
 30
0.0
 70
0
  0
VERTEX
  5
252
  8
CUT
 10
116.34572937497023
 20
490.3983196200859
 30
0.0
 42
0.41421356237309503
 70
0
  0
VERTEX
  5
253
  8
CUT
 10
119.00574177674596
 20
486.7371266420527
 30
0.0
 42
0.41421356237309503
 70
0
  0
VERTEX
  5
254
  8
CUT
 10
122.6669347547791
 20
489.3971390438285
 30
0.0
 42
0.41421356237309503
 70
0
  0
VERTEX
  5
255
  8
CUT
 10
120.0069223530034
 20
493.0583320218616
 30
0.0
 70
0
  0
SEQEND
  5
245
  8
CUT
  0
POLYLINE
  5
256
  8
CUT
 66
1
 10
0.0
 20
0.0
 30
0.0
 70
1
  0
VERTEX
  5
258
  8
CUT
 10
120.00692235300346
 20
389.34166797813873
 30
0.0
 42
0.41421356237309503
 70
0
  0
VERTEX
  5
259
  8
CUT
 10
122.66693475477916
 20
393.0028609561719
 30
0.0
 42
0.41421356237309503
 70
0
  0
VERTEX
  5
25A
  8
CUT
 10
119.00574177674599
 20
395.66287335794755
 30
0.0
 42
0.41421356237309503
 70
0
  0
VERTEX
  5
25B
  8
CUT
 10
116.34572937497029
 20
392.00168037991443
 30
0.0
 70
0
  0
VERTEX
  5
25C
  8
CUT
 10
82.17171279037854
 20
386.5890478895225
 30
0.0
 42
0.41421356237309503
 70
0
  0
VERTEX
  5
25D
  8
CUT
 10
78.51051981234536
 20
389.24906029129824
 30
0.0
 42
0.41421356237309503
 70
0
  0
VERTEX
  5
25E
  8
CUT
 10
75.8505074105696
 20
385.58786731326506
 30
0.0
 42
0.41421356237309503
 70
0
  0
VERTEX
  5
25F
  8
CUT
 10
79.51170038860278
 20
382.9278549114893
 30
0.0
 70
0
  0
VERTEX
  5
260
  8
CUT
 10
81.48277464810974
 20
370.4829818199905
 30
0.0
 42
0.41421356237309503
 70
0
  0
VERTEX
  5
261
  8
CUT
 10
78.82276224633404
 20
366.82178884195736
 30
0.0
 42
0.41421356237309503
 70
0
  0
VERTEX
  5
262
  8
CUT
 10
82.48395522436721
 20
364.1617764401817
 30
0.0
 42
0.41421356237309503
 70
0
  0
VERTEX
  5
263
  8
CUT
 10
85.14396762614291
 20
367.8229694182148
 30
0.0
 70
0
  0
VERTEX
  5
264
  8
CUT
 10
119.31798421073466
 20
373.23560190860684
 30
0.0
 42
0.41421356237309503
 70
0
  0
VERTEX
  5
265
  8
CUT
 10
122.97917718876784
 20
370.5755895068311
 30
0.0
 42
0.41421356237309503
 70
0
  0
VERTEX
  5
266
  8
CUT
 10
125.6391895905436
 20
374.23678248486425
 30
0.0
 42
0.41421356237309503
 70
0
  0
VERTEX
  5
267
  8
CUT
 10
121.97799661251042
 20
376.89679488664
 30
0.0
 70
0
  0
SEQEND
  5
257
  8
CUT
  0
POLYLINE
  5
268
  8
CUT
 66
1
 10
0.0
 20
0.0
 30
0.0
 70
1
  0
VERTEX
  5
26A
  8
CUT
 10
148.48273511239245
 20
275.4308259289677
 30
0.0
 42
0.41421356237309503
 70
0
  0
VERTEX
  5
26B
  8
CUT
 10
149.8811863906286
 20
279.73481640553695
 30
0.0
 42
0.41421356237309503
 70
0
  0
VERTEX
  5
26C
  8
CUT
 10
145.57719591405936
 20
281.13326768377317
 30
0.0
 42
0.41421356237309503
 70
0
  0
VERTEX
  5
26D
  8
CUT
 10
144.1787446358232
 20
276.82927720720386
 30
0.0
 70
0
  0
VERTEX
  5
26E
  8
CUT
 10
113.34991889890563
 20
261.12120591621556
 30
0.0
 42
0.41421356237309503
 70
0
  0
VERTEX
  5
26F
  8
CUT
 10
109.04592842233629
 20
262.5196571944517
 30
0.0
 42
0.41421356237309503
 70
0
  0
VERTEX
  5
270
  8
CUT
 10
107.64747714410011
 20
258.2156667178824
 30
0.0
 42
0.41421356237309503
 70
0
  0
VERTEX
  5
271
  8
CUT
 10
111.9514676206694
 20
256.81721543964625
 30
0.0
 70
0
  0
VERTEX
  5
272
  8
CUT
 10
117.67174791738773
 20
245.59053323487282
 30
0.0
 42
0.41421356237309503
 70
0
  0
VERTEX
  5
273
  8
CUT
 10
116.27329663915151
 20
241.28654275830357
 30
0.0
 42
0.41421356237309503
 70
0
  0
VERTEX
  5
274
  8
CUT
 10
120.57728711572076
 20
239.88809148006735
 30
0.0
 42
0.41421356237309503
 70
0
  0
VERTEX
  5
275
  8
CUT
 10
121.97573839395699
 20
244.1920819566366
 30
0.0
 70
0
  0
VERTEX
  5
276
  8
CUT
 10
152.80456413087455
 20
259.90015324762487
 30
0.0
 42
0.41421356237309503
 70
0
  0
VERTEX
  5
277
  8
CUT
 10
157.10855460744384
 20
258.5017019693886
 30
0.0
 42
0.41421356237309503
 70
0
  0
VERTEX
  5
278
  8
CUT
 10
158.5070058856801
 20
262.8056924459579
 30
0.0
 42
0.41421356237309503
 70
0
  0
VERTEX
  5
279
  8
CUT
 10
154.20301540911078
 20
264.2041437241942
 30
0.0
 70
0
  0
SEQEND
  5
269
  8
CUT
  0
POLYLINE
  5
27A
  8
CUT
 66
1
 10
0.0
 20
0.0
 30
0.0
 70
1
  0
VERTEX
  5
27C
  8
CUT
 10
222.38818817492472
 20
184.7977336178754
 30
0.0
 42
0.41421356237309503
 70
0
  0
VERTEX
  5
27D
  8
CUT
 10
222.38818817492472
 20
189.3232170174693
 30
0.0
 42
0.41421356237309503
 70
0
  0
VERTEX
  5
27E
  8
CUT
 10
217.86270477533083
 20
189.3232170174693
 30
0.0
 42
0.41421356237309503
 70
0
  0
VERTEX
  5
27F
  8
CUT
 10
217.86270477533083
 20
184.7977336178754
 30
0.0
 70
0
  0
VERTEX
  5
280
  8
CUT
 10
193.39681014627627
 20
160.33183898882083
 30
0.0
 42
0.41421356237309503
 70
0
  0
VERTEX
  5
281
  8
CUT
 10
188.87132674668237
 20
160.33183898882083
 30
0.0
 42
0.41421356237309503
 70
0
  0
VERTEX
  5
282
  8
CUT
 10
188.87132674668237
 20
155.80635558922694
 30
0.0
 42
0.41421356237309503
 70
0
  0
VERTEX
  5
283
  8
CUT
 10
193.39681014627627
 20
155.80635558922694
 30
0.0
 70
0
  0
VERTEX
  5
284
  8
CUT
 10
202.30635558922677
 20
146.89681014627644
 30
0.0
 42
0.41421356237309503
 70
0
  0
VERTEX
  5
285
  8
CUT
 10
202.30635558922677
 20
142.37132674668254
 30
0.0
 42
0.41421356237309503
 70
0
  0
VERTEX
  5
286
  8
CUT
 10
206.83183898882066
 20
142.37132674668254
 30
0.0
 42
0.41421356237309503
 70
0
  0
VERTEX
  5
287
  8
CUT
 10
206.83183898882066
 20
146.89681014627644
 30
0.0
 70
0
  0
VERTEX
  5
288
  8
CUT
 10
231.29773361787522
 20
171.362704775331
 30
0.0
 42
0.41421356237309503
 70
0
  0
VERTEX
  5
289
  8
CUT
 10
235.82321701746912
 20
171.362704775331
 30
0.0
 42
0.41421356237309503
 70
0
  0
VERTEX
  5
28A
  8
CUT
 10
235.82321701746912
 20
175.8881881749249
 30
0.0
 42
0.41421356237309503
 70
0
  0
VERTEX
  5
28B
  8
CUT
 10
231.29773361787522
 20
175.8881881749249
 30
0.0
 70
0
  0
SEQEND
  5
27B
  8
CUT
  0
POLYLINE
  5
28C
  8
CUT
 66
1
 10
0.0
 20
0.0
 30
0.0
 70
1
  0
VERTEX
  5
28E
  8
CUT
 10
324.5431758123534
 20
134.8636451713552
 30
0.0
 42
0.41421356237309503
 70
0
  0
VERTEX
  5
28F
  8
CUT
 10
323.1447245341172
 20
139.16763564792456
 30
0.0
 42
0.41421356237309503
 70
0
  0
VERTEX
  5
290
  8
CUT
 10
318.8407340575478
 20
137.76918436968833
 30
0.0
 42
0.41421356237309503
 70
0
  0
VERTEX
  5
291
  8
CUT
 10
320.23918533578404
 20
133.46519389311896
 30
0.0
 70
0
  0
VERTEX
  5
292
  8
CUT
 10
304.53111404479574
 20
102.6363681562014
 30
0.0
 42
0.41421356237309503
 70
0
  0
VERTEX
  5
293
  8
CUT
 10
300.2271235682265
 20
101.23791687796518
 30
0.0
 42
0.41421356237309503
 70
0
  0
VERTEX
  5
294
  8
CUT
 10
301.6255748464627
 20
96.93392640139592
 30
0.0
 42
0.41421356237309503
 70
0
  0
VERTEX
  5
295
  8
CUT
 10
305.92956532303197
 20
98.33237767963215
 30
0.0
 70
0
  0
VERTEX
  5
296
  8
CUT
 10
317.15624752780536
 20
92.61209738291382
 30
0.0
 42
0.41421356237309503
 70
0
  0
VERTEX
  5
297
  8
CUT
 10
318.5546988060416
 20
88.30810690634445
 30
0.0
 42
0.41421356237309503
 70
0
  0
VERTEX
  5
298
  8
CUT
 10
322.85868928261095
 20
89.70655818458067
 30
0.0
 42
0.41421356237309503
 70
0
  0
VERTEX
  5
299
  8
CUT
 10
321.46023800437473
 20
94.01054866115004
 30
0.0
 70
0
  0
VERTEX
  5
29A
  8
CUT
 10
337.16830929536303
 20
124.8393743980676
 30
0.0
 42
0.41421356237309503
 70
0
  0
VERTEX
  5
29B
  8
CUT
 10
341.4722997719323
 20
126.23782567630383
 30
0.0
 42
0.41421356237309503
 70
0
  0
VERTEX
  5
29C
  8
CUT
 10
340.07384849369606
 20
130.54181615287308
 30
0.0
 42
0.41421356237309503
 70
0
  0
VERTEX
  5
29D
  8
CUT
 10
335.7698580171268
 20
129.14336487463686
 30
0.0
 70
0
  0
SEQEND
  5
28D
  8
CUT
  0
POLYLINE
  5
29E
  8
CUT
 66
1
 10
0.0
 20
0.0
 30
0.0
 70
1
  0
VERTEX
  5
2A0
  8
CUT
 10
430.1636166482192
 20
118.20202775921814
 30
0.0
 42
0.41421356237309503
 70
0
  0
VERTEX
  5
2A1
  8
CUT
 10
427.50360424644344
 20
121.86322073725131
 30
0.0
 42
0.41421356237309503
 70
0
  0
VERTEX
  5
2A2
  8
CUT
 10
423.8424112684103
 20
119.20320833547555
 30
0.0
 42
0.41421356237309503
 70
0
  0
VERTEX
  5
2A3
  8
CUT
 10
426.50242367018603
 20
115.54201535744238
 30
0.0
 70
0
  0
VERTEX
  5
2A4
  8
CUT
 10
421.089791179794
 20
81.36799877285063
 30
0.0
 42
0.41421356237309503
 70
0
  0
VERTEX
  5
2A5
  8
CUT
 10
417.42859820176085
 20
78.7079863710749
 30
0.0
 42
0.41421356237309503
 70
0
  0
VERTEX
  5
2A6
  8
CUT
 10
420.0886106035366
 20
75.04679339304175
 30
0.0
 42
0.41421356237309503
 70
0
  0
VERTEX
  5
2A7
  8
CUT
 10
423.7498035815697
 20
77.70680579481746
 30
0.0
 70
0
  0
VERTEX
  5
2A8
  8
CUT
 10
436.19467667306844
 20
75.73573153531049
 30
0.0
 42
0.41421356237309503
 70
0
  0
VERTEX
  5
2A9
  8
CUT
 10
438.85468907484426
 20
72.07453855727726
 30
0.0
 42
0.41421356237309503
 70
0
  0
VERTEX
  5
2AA
  8
CUT
 10
442.5158820528775
 20
74.73455095905302
 30
0.0
 42
0.41421356237309503
 70
0
  0
VERTEX
  5
2AB
  8
CUT
 10
439.85586965110167
 20
78.39574393708625
 30
0.0
 70
0
  0
VERTEX
  5
2AC
  8
CUT
 10
445.2685021414936
 20
112.569760521678
 30
0.0
 42
0.41421356237309503
 70
0
  0
VERTEX
  5
2AD
  8
CUT
 10
448.9296951195268
 20
115.22977292345374
 30
0.0
 42
0.41421356237309503
 70
0
  0
VERTEX
  5
2AE
  8
CUT
 10
446.26968271775104
 20
118.89096590148688
 30
0.0
 42
0.41421356237309503
 70
0
  0
VERTEX
  5
2AF
  8
CUT
 10
442.6084897397179
 20
116.23095349971118
 30
0.0
 70
0
  0
SEQEND
  5
29F
  8
CUT
  0
POLYLINE
  5
2B0
  8
CUT
 66
1
 10
0.0
 20
0.0
 30
0.0
 70
1
  0
VERTEX
  5
2B2
  8
CUT
 10
532.791510260282
 20
116.23095349971123
 30
0.0
 42
0.41421356237309503
 70
0
  0
VERTEX
  5
2B3
  8
CUT
 10
529.1303172822489
 20
118.89096590148694
 30
0.0
 42
0.41421356237309503
 70
0
  0
VERTEX
  5
2B4
  8
CUT
 10
526.4703048804732
 20
115.22977292345377
 30
0.0
 42
0.41421356237309503
 70
0
  0
VERTEX
  5
2B5
  8
CUT
 10
530.1314978585063
 20
112.56976052167806
 30
0.0
 70
0
  0
VERTEX
  5
2B6
  8
CUT
 10
535.5441303488983
 20
78.39574393708631
 30
0.0
 42
0.41421356237309503
 70
0
  0
VERTEX
  5
2B7
  8
CUT
 10
532.8841179471226
 20
74.73455095905317
 30
0.0
 42
0.41421356237309503
 70
0
  0
VERTEX
  5
2B8
  8
CUT
 10
536.5453109251557
 20
72.07453855727744
 30
0.0
 42
0.41421356237309503
 70
0
  0
VERTEX
  5
2B9
  8
CUT
 10
539.2053233269314
 20
75.73573153531055
 30
0.0
 70
0
  0
VERTEX
  5
2BA
  8
CUT
 10
551.6501964184303
 20
77.70680579481751
 30
0.0
 42
0.41421356237309503
 70
0
  0
VERTEX
  5
2BB
  8
CUT
 10
555.3113893964634
 20
75.04679339304181
 30
0.0
 42
0.41421356237309503
 70
0
  0
VERTEX
  5
2BC
  8
CUT
 10
557.9714017982391
 20
78.70798637107498
 30
0.0
 42
0.41421356237309503
 70
0
  0
VERTEX
  5
2BD
  8
CUT
 10
554.310208820206
 20
81.36799877285068
 30
0.0
 70
0
  0
VERTEX
  5
2BE
  8
CUT
 10
548.8975763298139
 20
115.54201535744244
 30
0.0
 42
0.41421356237309503
 70
0
  0
VERTEX
  5
2BF
  8
CUT
 10
551.5575887315896
 20
119.20320833547558
 30
0.0
 42
0.41421356237309503
 70
0
  0
VERTEX
  5
2C0
  8
CUT
 10
547.8963957535565
 20
121.86322073725131
 30
0.0
 42
0.41421356237309503
 70
0
  0
VERTEX
  5
2C1
  8
CUT
 10
545.2363833517808
 20
118.2020277592182
 30
0.0
 70
0
  0
SEQEND
  5
2B1
  8
CUT
  0
POLYLINE
  5
2C2
  8
CUT
 66
1
 10
0.0
 20
0.0
 30
0.0
 70
1
  0
VERTEX
  5
2C4
  8
CUT
 10
639.6301419828732
 20
129.14336487463686
 30
0.0
 42
0.41421356237309503
 70
0
  0
VERTEX
  5
2C5
  8
CUT
 10
635.326151506304
 20
130.54181615287314
 30
0.0
 42
0.41421356237309503
 70
0
  0
VERTEX
  5
2C6
  8
CUT
 10
633.9277002280677
 20
126.23782567630387
 30
0.0
 42
0.41421356237309503
 70
0
  0
VERTEX
  5
2C7
  8
CUT
 10
638.2316907046369
 20
124.8393743980676
 30
0.0
 70
0
  0
VERTEX
  5
2C8
  8
CUT
 10
653.9397619956252
 20
94.01054866115004
 30
0.0
 42
0.41421356237309503
 70
0
  0
VERTEX
  5
2C9
  8
CUT
 10
652.541310717389
 20
89.7065581845807
 30
0.0
 42
0.41421356237309503
 70
0
  0
VERTEX
  5
2CA
  8
CUT
 10
656.8453011939583
 20
88.30810690634452
 30
0.0
 42
0.41421356237309503
 70
0
  0
VERTEX
  5
2CB
  8
CUT
 10
658.2437524721945
 20
92.61209738291382
 30
0.0
 70
0
  0
VERTEX
  5
2CC
  8
CUT
 10
669.470434676968
 20
98.33237767963215
 30
0.0
 42
0.41421356237309503
 70
0
  0
VERTEX
  5
2CD
  8
CUT
 10
673.7744251535373
 20
96.93392640139598
 30
0.0
 42
0.41421356237309503
 70
0
  0
VERTEX
  5
2CE
  8
CUT
 10
675.1728764317735
 20
101.23791687796522
 30
0.0
 42
0.41421356237309503
 70
0
  0
VERTEX
  5
2CF
  8
CUT
 10
670.8688859552042
 20
102.6363681562014
 30
0.0
 70
0
  0
VERTEX
  5
2D0
  8
CUT
 10
655.1608146642159
 20
133.46519389311896
 30
0.0
 42
0.41421356237309503
 70
0
  0
VERTEX
  5
2D1
  8
CUT
 10
656.559265942452
 20
137.7691843696883
 30
0.0
 42
0.41421356237309503
 70
0
  0
VERTEX
  5
2D2
  8
CUT
 10
652.2552754658827
 20
139.1676356479245
 30
0.0
 42
0.41421356237309503
 70
0
  0
VERTEX
  5
2D3
  8
CUT
 10
650.8568241876466
 20
134.8636451713552
 30
0.0
 70
0
  0
SEQEND
  5
2C3
  8
CUT
  0
POLYLINE
  5
2D4
  8
CUT
 66
1
 10
0.0
 20
0.0
 30
0.0
 70
1
  0
VERTEX
  5
2D6
  8
CUT
 10
744.1022663821248
 20
175.88818817492478
 30
0.0
 42
0.41421356237309503
 70
0
  0
VERTEX
  5
2D7
  8
CUT
 10
739.5767829825309
 20
175.88818817492478
 30
0.0
 42
0.41421356237309503
 70
0
  0
VERTEX
  5
2D8
  8
CUT
 10
739.5767829825309
 20
171.36270477533088
 30
0.0
 42
0.41421356237309503
 70
0
  0
VERTEX
  5
2D9
  8
CUT
 10
744.1022663821248
 20
171.36270477533088
 30
0.0
 70
0
  0
VERTEX
  5
2DA
  8
CUT
 10
768.5681610111793
 20
146.89681014627632
 30
0.0
 42
0.41421356237309503
 70
0
  0
VERTEX
  5
2DB
  8
CUT
 10
768.5681610111793
 20
142.37132674668243
 30
0.0
 42
0.41421356237309503
 70
0
  0
VERTEX
  5
2DC
  8
CUT
 10
773.0936444107732
 20
142.37132674668243
 30
0.0
 42
0.41421356237309503
 70
0
  0
VERTEX
  5
2DD
  8
CUT
 10
773.0936444107732
 20
146.89681014627632
 30
0.0
 70
0
  0
VERTEX
  5
2DE
  8
CUT
 10
782.0031898537237
 20
155.80635558922683
 30
0.0
 42
0.41421356237309503
 70
0
  0
VERTEX
  5
2DF
  8
CUT
 10
786.5286732533176
 20
155.80635558922683
 30
0.0
 42
0.41421356237309503
 70
0
  0
VERTEX
  5
2E0
  8
CUT
 10
786.5286732533176
 20
160.33183898882072
 30
0.0
 42
0.41421356237309503
 70
0
  0
VERTEX
  5
2E1
  8
CUT
 10
782.0031898537237
 20
160.33183898882072
 30
0.0
 70
0
  0
VERTEX
  5
2E2
  8
CUT
 10
757.5372952246692
 20
184.79773361787528
 30
0.0
 42
0.41421356237309503
 70
0
  0
VERTEX
  5
2E3
  8
CUT
 10
757.5372952246692
 20
189.32321701746918
 30
0.0
 42
0.41421356237309503
 70
0
  0
VERTEX
  5
2E4
  8
CUT
 10
753.0118118250753
 20
189.32321701746918
 30
0.0
 42
0.41421356237309503
 70
0
  0
VERTEX
  5
2E5
  8
CUT
 10
753.0118118250753
 20
184.79773361787528
 30
0.0
 70
0
  0
SEQEND
  5
2D5
  8
CUT
  0
POLYLINE
  5
2E6
  8
CUT
 66
1
 10
0.0
 20
0.0
 30
0.0
 70
1
  0
VERTEX
  5
2E8
  8
CUT
 10
821.1969845908893
 20
264.2041437241941
 30
0.0
 42
0.41421356237309503
 70
0
  0
VERTEX
  5
2E9
  8
CUT
 10
816.89299411432
 20
262.80569244595796
 30
0.0
 42
0.41421356237309503
 70
0
  0
VERTEX
  5
2EA
  8
CUT
 10
818.2914453925562
 20
258.5017019693886
 30
0.0
 42
0.41421356237309503
 70
0
  0
VERTEX
  5
2EB
  8
CUT
 10
822.5954358691255
 20
259.90015324762476
 30
0.0
 70
0
  0
VERTEX
  5
2EC
  8
CUT
 10
853.424261606043
 20
244.19208195663649
 30
0.0
 42
0.41421356237309503
 70
0
  0
VERTEX
  5
2ED
  8
CUT
 10
854.8227128842793
 20
239.8880914800673
 30
0.0
 42
0.41421356237309503
 70
0
  0
VERTEX
  5
2EE
  8
CUT
 10
859.1267033608485
 20
241.2865427583035
 30
0.0
 42
0.41421356237309503
 70
0
  0
VERTEX
  5
2EF
  8
CUT
 10
857.7282520826122
 20
245.59053323487268
 30
0.0
 70
0
  0
VERTEX
  5
2F0
  8
CUT
 10
863.4485323793306
 20
256.81721543964613
 30
0.0
 42
0.41421356237309503
 70
0
  0
VERTEX
  5
2F1
  8
CUT
 10
867.7525228558999
 20
258.2156667178823
 30
0.0
 42
0.41421356237309503
 70
0
  0
VERTEX
  5
2F2
  8
CUT
 10
866.3540715776637
 20
262.5196571944516
 30
0.0
 42
0.41421356237309503
 70
0
  0
VERTEX
  5
2F3
  8
CUT
 10
862.0500811010944
 20
261.12120591621544
 30
0.0
 70
0
  0
VERTEX
  5
2F4
  8
CUT
 10
831.2212553641768
 20
276.82927720720375
 30
0.0
 42
0.41421356237309503
 70
0
  0
VERTEX
  5
2F5
  8
CUT
 10
829.8228040859406
 20
281.13326768377294
 30
0.0
 42
0.41421356237309503
 70
0
  0
VERTEX
  5
2F6
  8
CUT
 10
825.5188136093714
 20
279.7348164055368
 30
0.0
 42
0.41421356237309503
 70
0
  0
VERTEX
  5
2F7
  8
CUT
 10
826.9172648876076
 20
275.4308259289676
 30
0.0
 70
0
  0
SEQEND
  5
2E7
  8
CUT
  0
POLYLINE
  5
2F8
  8
CUT
 66
1
 10
0.0
 20
0.0
 30
0.0
 70
1
  0
VERTEX
  5
2FA
  8
CUT
 10
853.4220033874897
 20
376.8967948866399
 30
0.0
 42
0.41421356237309503
 70
0
  0
VERTEX
  5
2FB
  8
CUT
 10
849.7608104094564
 20
374.23678248486425
 30
0.0
 42
0.41421356237309503
 70
0
  0
VERTEX
  5
2FC
  8
CUT
 10
852.420822811232
 20
370.57558950683097
 30
0.0
 42
0.41421356237309503
 70
0
  0
VERTEX
  5
2FD
  8
CUT
 10
856.0820157892654
 20
373.23560190860667
 30
0.0
 70
0
  0
VERTEX
  5
2FE
  8
CUT
 10
890.2560323738571
 20
367.8229694182147
 30
0.0
 42
0.41421356237309503
 70
0
  0
VERTEX
  5
2FF
  8
CUT
 10
892.9160447756327
 20
364.1617764401815
 30
0.0
 42
0.41421356237309503
 70
0
  0
VERTEX
  5
300
  8
CUT
 10
896.5772377536659
 20
366.8217888419572
 30
0.0
 42
0.41421356237309503
 70
0
  0
VERTEX
  5
301
  8
CUT
 10
893.9172253518904
 20
370.4829818199904
 30
0.0
 70
0
  0
VERTEX
  5
302
  8
CUT
 10
895.8882996113973
 20
382.92785491148913
 30
0.0
 42
0.41421356237309503
 70
0
  0
VERTEX
  5
303
  8
CUT
 10
899.5494925894304
 20
385.58786731326484
 30
0.0
 42
0.41421356237309503
 70
0
  0
VERTEX
  5
304
  8
CUT
 10
896.8894801876547
 20
389.249060291298
 30
0.0
 42
0.41421356237309503
 70
0
  0
VERTEX
  5
305
  8
CUT
 10
893.2282872096216
 20
386.5890478895223
 30
0.0
 70
0
  0
VERTEX
  5
306
  8
CUT
 10
859.0542706250299
 20
392.0016803799143
 30
0.0
 42
0.41421356237309503
 70
0
  0
VERTEX
  5
307
  8
CUT
 10
856.3942582232543
 20
395.66287335794755
 30
0.0
 42
0.41421356237309503
 70
0
  0
VERTEX
  5
308
  8
CUT
 10
852.733065245221
 20
393.00286095617184
 30
0.0
 42
0.41421356237309503
 70
0
  0
VERTEX
  5
309
  8
CUT
 10
855.3930776469966
 20
389.3416679781386
 30
0.0
 70
0
  0
SEQEND
  5
2F9
  8
CUT
  0
POLYLINE
  5
30A
  8
CUT
 66
1
 10
0.0
 20
0.0
 30
0.0
 70
1
  0
VERTEX
  5
30C
  8
CUT
 10
719.2696472971311
 20
111.7535239451069
 30
0.0
 42
0.41421356237309503
 70
0
  0
VERTEX
  5
30D
  8
CUT
 10
714.7998801077954
 20
112.46146551977078
 30
0.0
 42
0.41421356237309503
 70
0
  0
VERTEX
  5
30E
  8
CUT
 10
714.0919385331315
 20
107.99169833043503
 30
0.0
 42
0.41421356237309503
 70
0
  0
VERTEX
  5
30F
  8
CUT
 10
718.5617057224672
 20
107.28375675577115
 30
0.0
 70
0
  0
VERTEX
  5
310
  8
CUT
 10
738.8990754517868
 20
79.29176875039798
 30
0.0
 42
0.41421356237309503
 70
0
  0
VERTEX
  5
311
  8
CUT
 10
738.1911338771229
 20
74.82200156106227
 30
0.0
 42
0.41421356237309503
 70
0
  0
VERTEX
  5
312
  8
CUT
 10
742.6609010664586
 20
74.11405998639835
 30
0.0
 42
0.41421356237309503
 70
0
  0
VERTEX
  5
313
  8
CUT
 10
743.3688426411225
 20
78.58382717573403
 30
0.0
 70
0
  0
VERTEX
  5
314
  8
CUT
 10
753.5624567702469
 20
85.98992135461918
 30
0.0
 42
0.41421356237309503
 70
0
  0
VERTEX
  5
315
  8
CUT
 10
758.0322239595826
 20
85.28197977995531
 30
0.0
 42
0.41421356237309503
 70
0
  0
VERTEX
  5
316
  8
CUT
 10
758.7401655342464
 20
89.75174696929106
 30
0.0
 42
0.41421356237309503
 70
0
  0
VERTEX
  5
317
  8
CUT
 10
754.2703983449107
 20
90.45968854395494
 30
0.0
 70
0
  0
VERTEX
  5
318
  8
CUT
 10
733.9330286155912
 20
118.45167654932811
 30
0.0
 42
0.41421356237309503
 70
0
  0
VERTEX
  5
319
  8
CUT
 10
734.6409701902552
 20
122.92144373866391
 30
0.0
 42
0.41421356237309503
 70
0
  0
VERTEX
  5
31A
  8
CUT
 10
730.1712030009194
 20
123.62938531332789
 30
0.0
 42
0.41421356237309503
 70
0
  0
VERTEX
  5
31B
  8
CUT
 10
729.4632614262554
 20
119.15961812399206
 30
0.0
 70
0
  0
SEQEND
  5
30B
  8
CUT
  0
POLYLINE
  5
31C
  8
CUT
 66
1
 10
0.0
 20
0.0
 30
0.0
 70
1
  0
VERTEX
  5
31E
  8
CUT
 10
824.123693866024
 20
188.98665071942864
 30
0.0
 42
0.41421356237309503
 70
0
  0
VERTEX
  5
31F
  8
CUT
 10
819.6539266766883
 20
188.2787091447647
 30
0.0
 42
0.41421356237309503
 70
0
  0
VERTEX
  5
320
  8
CUT
 10
820.3618682513522
 20
183.80894195542893
 30
0.0
 42
0.41421356237309503
 70
0
  0
VERTEX
  5
321
  8
CUT
 10
824.831635440688
 20
184.5168835300929
 30
0.0
 70
0
  0
VERTEX
  5
322
  8
CUT
 10
852.8236234460612
 20
164.17951380077335
 30
0.0
 42
0.41421356237309503
 70
0
  0
VERTEX
  5
323
  8
CUT
 10
853.5315650207251
 20
159.70974661143765
 30
0.0
 42
0.41421356237309503
 70
0
  0
VERTEX
  5
324
  8
CUT
 10
858.0013322100608
 20
160.4176881861016
 30
0.0
 42
0.41421356237309503
 70
0
  0
VERTEX
  5
325
  8
CUT
 10
857.2933906353969
 20
164.8874553754373
 30
0.0
 70
0
  0
VERTEX
  5
326
  8
CUT
 10
864.6994848142822
 20
175.08106950456158
 30
0.0
 42
0.41421356237309503
 70
0
  0
VERTEX
  5
327
  8
CUT
 10
869.169252003618
 20
175.78901107922556
 30
0.0
 42
0.41421356237309503
 70
0
  0
VERTEX
  5
328
  8
CUT
 10
868.461310428954
 20
180.25877826856134
 30
0.0
 42
0.41421356237309503
 70
0
  0
VERTEX
  5
329
  8
CUT
 10
863.9915432396182
 20
179.55083669389734
 30
0.0
 70
0
  0
VERTEX
  5
32A
  8
CUT
 10
835.999555234245
 20
199.8882064232169
 30
0.0
 42
0.41421356237309503
 70
0
  0
VERTEX
  5
32B
  8
CUT
 10
835.2916136595811
 20
204.3579736125526
 30
0.0
 42
0.41421356237309503
 70
0
  0
VERTEX
  5
32C
  8
CUT
 10
830.8218464702454
 20
203.65003203788865
 30
0.0
 42
0.41421356237309503
 70
0
  0
VERTEX
  5
32D
  8
CUT
 10
831.5297880449093
 20
199.18026484855298
 30
0.0
 70
0
  0
SEQEND
  5
31D
  8
CUT
  0
POLYLINE
  5
32E
  8
CUT
 66
1
 10
0.0
 20
0.0
 30
0.0
 70
1
  0
VERTEX
  5
330
  8
CUT
 10
885.4343635632624
 20
305.34405939693545
 30
0.0
 42
0.41421356237309503
 70
0
  0
VERTEX
  5
331
  8
CUT
 10
881.4021283291181
 20
303.28953292679074
 30
0.0
 42
0.41421356237309503
 70
0
  0
VERTEX
  5
332
  8
CUT
 10
883.4566547992629
 20
299.2572976926465
 30
0.0
 42
0.41421356237309503
 70
0
  0
VERTEX
  5
333
  8
CUT
 10
887.4888900334071
 20
301.31182416279114
 30
0.0
 70
0
  0
VERTEX
  5
334
  8
CUT
 10
920.3954454972194
 20
290.61983615741804
 30
0.0
 42
0.41421356237309503
 70
0
  0
VERTEX
  5
335
  8
CUT
 10
922.4499719673639
 20
286.5876009232737
 30
0.0
 42
0.41421356237309503
 70
0
  0
VERTEX
  5
336
  8
CUT
 10
926.4822072015082
 20
288.6421273934184
 30
0.0
 42
0.41421356237309503
 70
0
  0
VERTEX
  5
337
  8
CUT
 10
924.4276807313637
 20
292.6743626275627
 30
0.0
 70
0
  0
VERTEX
  5
338
  8
CUT
 10
928.321294860488
 20
304.65767473288156
 30
0.0
 42
0.41421356237309503
 70
0
  0
VERTEX
  5
339
  8
CUT
 10
932.3535300946323
 20
306.71220120302627
 30
0.0
 42
0.41421356237309503
 70
0
  0
VERTEX
  5
33A
  8
CUT
 10
930.2990036244876
 20
310.7444364371705
 30
0.0
 42
0.41421356237309503
 70
0
  0
VERTEX
  5
33B
  8
CUT
 10
926.2667683903434
 20
308.68990996702587
 30
0.0
 70
0
  0
VERTEX
  5
33C
  8
CUT
 10
893.3602129265311
 20
319.3818979723991
 30
0.0
 42
0.41421356237309503
 70
0
  0
VERTEX
  5
33D
  8
CUT
 10
891.3056864563865
 20
323.4141332065434
 30
0.0
 42
0.41421356237309503
 70
0
  0
VERTEX
  5
33E
  8
CUT
 10
887.2734512222422
 20
321.35960673639875
 30
0.0
 42
0.41421356237309503
 70
0
  0
VERTEX
  5
33F
  8
CUT
 10
889.3279776923868
 20
317.32737150225444
 30
0.0
 70
0
  0
SEQEND
  5
32F
  8
CUT
  0
POLYLINE
  5
340
  8
CUT
 66
1
 10
0.0
 20
0.0
 30
0.0
 70
1
  0
VERTEX
  5
342
  8
CUT
 10
900.9000000000001
 20
434.9000000000001
 30
0.0
 42
0.41421356237309503
 70
0
  0
VERTEX
  5
343
  8
CUT
 10
897.7
 20
431.70000000000005
 30
0.0
 42
0.41421356237309503
 70
0
  0
VERTEX
  5
344
  8
CUT
 10
900.9000000000001
 20
428.5
 30
0.0
 42
0.41421356237309503
 70
0
  0
VERTEX
  5
345
  8
CUT
 10
904.1000000000001
 20
431.7000000000001
 30
0.0
 70
0
  0
VERTEX
  5
346
  8
CUT
 10
938.7
 20
431.7000000000001
 30
0.0
 42
0.41421356237309503
 70
0
  0
VERTEX
  5
347
  8
CUT
 10
941.9
 20
428.5
 30
0.0
 42
0.41421356237309503
 70
0
  0
VERTEX
  5
348
  8
CUT
 10
945.1000000000001
 20
431.7
 30
0.0
 42
0.41421356237309503
 70
0
  0
VERTEX
  5
349
  8
CUT
 10
941.9000000000001
 20
434.9000000000001
 30
0.0
 70
0
  0
VERTEX
  5
34A
  8
CUT
 10
941.9000000000001
 20
447.5000000000001
 30
0.0
 42
0.41421356237309503
 70
0
  0
VERTEX
  5
34B
  8
CUT
 10
945.1000000000001
 20
450.70000000000016
 30
0.0
 42
0.41421356237309503
 70
0
  0
VERTEX
  5
34C
  8
CUT
 10
941.9000000000001
 20
453.9000000000002
 30
0.0
 42
0.41421356237309503
 70
0
  0
VERTEX
  5
34D
  8
CUT
 10
938.7
 20
450.7000000000001
 30
0.0
 70
0
  0
VERTEX
  5
34E
  8
CUT
 10
904.1000000000001
 20
450.7000000000001
 30
0.0
 42
0.41421356237309503
 70
0
  0
VERTEX
  5
34F
  8
CUT
 10
900.9000000000001
 20
453.9000000000001
 30
0.0
 42
0.41421356237309503
 70
0
  0
VERTEX
  5
350
  8
CUT
 10
897.7
 20
450.7000000000001
 30
0.0
 42
0.41421356237309503
 70
0
  0
VERTEX
  5
351
  8
CUT
 10
900.9000000000001
 20
447.5000000000001
 30
0.0
 70
0
  0
SEQEND
  5
341
  8
CUT
  0
POLYLINE
  5
352
  8
CUT
 66
1
 10
0.0
 20
0.0
 30
0.0
 70
1
  0
VERTEX
  5
354
  8
CUT
 10
889.3279776923868
 20
565.0726284977458
 30
0.0
 42
0.41421356237309503
 70
0
  0
VERTEX
  5
355
  8
CUT
 10
887.2734512222422
 20
561.0403932636015
 30
0.0
 42
0.41421356237309503
 70
0
  0
VERTEX
  5
356
  8
CUT
 10
891.3056864563865
 20
558.9858667934569
 30
0.0
 42
0.41421356237309503
 70
0
  0
VERTEX
  5
357
  8
CUT
 10
893.3602129265311
 20
563.0181020276011
 30
0.0
 70
0
  0
VERTEX
  5
358
  8
CUT
 10
926.2667683903434
 20
573.7100900329743
 30
0.0
 42
0.41421356237309503
 70
0
  0
VERTEX
  5
359
  8
CUT
 10
930.2990036244876
 20
571.6555635628296
 30
0.0
 42
0.41421356237309503
 70
0
  0
VERTEX
  5
35A
  8
CUT
 10
932.3535300946323
 20
575.6877987969739
 30
0.0
 42
0.41421356237309503
 70
0
  0
VERTEX
  5
35B
  8
CUT
 10
928.321294860488
 20
577.7423252671186
 30
0.0
 70
0
  0
VERTEX
  5
35C
  8
CUT
 10
924.4276807313637
 20
589.7256373724375
 30
0.0
 42
0.41421356237309503
 70
0
  0
VERTEX
  5
35D
  8
CUT
 10
926.4822072015082
 20
593.7578726065818
 30
0.0
 42
0.41421356237309503
 70
0
  0
VERTEX
  5
35E
  8
CUT
 10
922.4499719673639
 20
595.8123990767264
 30
0.0
 42
0.41421356237309503
 70
0
  0
VERTEX
  5
35F
  8
CUT
 10
920.3954454972194
 20
591.7801638425822
 30
0.0
 70
0
  0
VERTEX
  5
360
  8
CUT
 10
887.4888900334071
 20
581.0881758372091
 30
0.0
 42
0.41421356237309503
 70
0
  0
VERTEX
  5
361
  8
CUT
 10
883.4566547992629
 20
583.1427023073538
 30
0.0
 42
0.41421356237309503
 70
0
  0
VERTEX
  5
362
  8
CUT
 10
881.4021283291181
 20
579.1104670732095
 30
0.0
 42
0.41421356237309503
 70
0
  0
VERTEX
  5
363
  8
CUT
 10
885.4343635632624
 20
577.0559406030648
 30
0.0
 70
0
  0
SEQEND
  5
353
  8
CUT
  0
POLYLINE
  5
364
  8
CUT
 66
1
 10
0.0
 20
0.0
 30
0.0
 70
1
  0
VERTEX
  5
366
  8
CUT
 10
831.5297880449093
 20
683.2197351514473
 30
0.0
 42
0.41421356237309503
 70
0
  0
VERTEX
  5
367
  8
CUT
 10
830.8218464702454
 20
678.7499679621116
 30
0.0
 42
0.41421356237309503
 70
0
  0
VERTEX
  5
368
  8
CUT
 10
835.2916136595811
 20
678.0420263874477
 30
0.0
 42
0.41421356237309503
 70
0
  0
VERTEX
  5
369
  8
CUT
 10
835.999555234245
 20
682.5117935767832
 30
0.0
 70
0
  0
VERTEX
  5
36A
  8
CUT
 10
863.9915432396182
 20
702.8491633061028
 30
0.0
 42
0.41421356237309503
 70
0
  0
VERTEX
  5
36B
  8
CUT
 10
868.461310428954
 20
702.1412217314388
 30
0.0
 42
0.41421356237309503
 70
0
  0
VERTEX
  5
36C
  8
CUT
 10
869.169252003618
 20
706.6109889207746
 30
0.0
 42
0.41421356237309503
 70
0
  0
VERTEX
  5
36D
  8
CUT
 10
864.6994848142822
 20
707.3189304954386
 30
0.0
 70
0
  0
VERTEX
  5
36E
  8
CUT
 10
857.2933906353969
 20
717.5125446245629
 30
0.0
 42
0.41421356237309503
 70
0
  0
VERTEX
  5
36F
  8
CUT
 10
858.0013322100608
 20
721.9823118138986
 30
0.0
 42
0.41421356237309503
 70
0
  0
VERTEX
  5
370
  8
CUT
 10
853.5315650207251
 20
722.6902533885625
 30
0.0
 42
0.41421356237309503
 70
0
  0
VERTEX
  5
371
  8
CUT
 10
852.8236234460612
 20
718.2204861992268
 30
0.0
 70
0
  0
VERTEX
  5
372
  8
CUT
 10
824.831635440688
 20
697.8831164699072
 30
0.0
 42
0.41421356237309503
 70
0
  0
VERTEX
  5
373
  8
CUT
 10
820.3618682513522
 20
698.5910580445711
 30
0.0
 42
0.41421356237309503
 70
0
  0
VERTEX
  5
374
  8
CUT
 10
819.6539266766883
 20
694.1212908552354
 30
0.0
 42
0.41421356237309503
 70
0
  0
VERTEX
  5
375
  8
CUT
 10
824.123693866024
 20
693.4133492805715
 30
0.0
 70
0
  0
SEQEND
  5
365
  8
CUT
  0
POLYLINE
  5
376
  8
CUT
 66
1
 10
0.0
 20
0.0
 30
0.0
 70
1
  0
VERTEX
  5
378
  8
CUT
 10
729.4632614262554
 20
763.2403818760081
 30
0.0
 42
0.41421356237309503
 70
0
  0
VERTEX
  5
379
  8
CUT
 10
730.1712030009194
 20
758.7706146866723
 30
0.0
 42
0.41421356237309503
 70
0
  0
VERTEX
  5
37A
  8
CUT
 10
734.6409701902552
 20
759.4785562613363
 30
0.0
 42
0.41421356237309503
 70
0
  0
VERTEX
  5
37B
  8
CUT
 10
733.9330286155912
 20
763.9483234506721
 30
0.0
 70
0
  0
VERTEX
  5
37C
  8
CUT
 10
754.2703983449107
 20
791.9403114560453
 30
0.0
 42
0.41421356237309503
 70
0
  0
VERTEX
  5
37D
  8
CUT
 10
758.7401655342464
 20
792.6482530307092
 30
0.0
 42
0.41421356237309503
 70
0
  0
VERTEX
  5
37E
  8
CUT
 10
758.0322239595826
 20
797.1180202200449
 30
0.0
 42
0.41421356237309503
 70
0
  0
VERTEX
  5
37F
  8
CUT
 10
753.5624567702469
 20
796.410078645381
 30
0.0
 70
0
  0
VERTEX
  5
380
  8
CUT
 10
743.3688426411225
 20
803.8161728242662
 30
0.0
 42
0.41421356237309503
 70
0
  0
VERTEX
  5
381
  8
CUT
 10
742.6609010664585
 20
808.2859400136019
 30
0.0
 42
0.41421356237309503
 70
0
  0
VERTEX
  5
382
  8
CUT
 10
738.1911338771228
 20
807.577998438938
 30
0.0
 42
0.41421356237309503
 70
0
  0
VERTEX
  5
383
  8
CUT
 10
738.8990754517868
 20
803.1082312496022
 30
0.0
 70
0
  0
VERTEX
  5
384
  8
CUT
 10
718.5617057224672
 20
775.116243244229
 30
0.0
 42
0.41421356237309503
 70
0
  0
VERTEX
  5
385
  8
CUT
 10
714.0919385331315
 20
774.4083016695652
 30
0.0
 42
0.41421356237309503
 70
0
  0
VERTEX
  5
386
  8
CUT
 10
714.7998801077954
 20
769.9385344802295
 30
0.0
 42
0.41421356237309503
 70
0
  0
VERTEX
  5
387
  8
CUT
 10
719.2696472971311
 20
770.6464760548934
 30
0.0
 70
0
  0
SEQEND
  5
377
  8
CUT
  0
POLYLINE
  5
388
  8
CUT
 66
1
 10
0.0
 20
0.0
 30
0.0
 70
1
  0
VERTEX
  5
38A
  8
CUT
 10
610.7362237654804
 20
799.4793321009811
 30
0.0
 42
0.41421356237309503
 70
0
  0
VERTEX
  5
38B
  8
CUT
 10
612.7907502356252
 20
795.4470968668368
 30
0.0
 42
0.41421356237309503
 70
0
  0
VERTEX
  5
38C
  8
CUT
 10
616.8229854697695
 20
797.5016233369815
 30
0.0
 42
0.41421356237309503
 70
0
  0
VERTEX
  5
38D
  8
CUT
 10
614.7684589996247
 20
801.5338585711257
 30
0.0
 70
0
  0
VERTEX
  5
38E
  8
CUT
 10
625.460447004998
 20
834.440414034938
 30
0.0
 42
0.41421356237309503
 70
0
  0
VERTEX
  5
38F
  8
CUT
 10
629.4926822391423
 20
836.4949405050827
 30
0.0
 42
0.41421356237309503
 70
0
  0
VERTEX
  5
390
  8
CUT
 10
627.4381557689975
 20
840.527175739227
 30
0.0
 42
0.41421356237309503
 70
0
  0
VERTEX
  5
391
  8
CUT
 10
623.4059205348533
 20
838.4726492690824
 30
0.0
 70
0
  0
VERTEX
  5
392
  8
CUT
 10
611.4226084295344
 20
842.3662633982067
 30
0.0
 42
0.41421356237309503
 70
0
  0
VERTEX
  5
393
  8
CUT
 10
609.3680819593898
 20
846.3984986323511
 30
0.0
 42
0.41421356237309503
 70
0
  0
VERTEX
  5
394
  8
CUT
 10
605.3358467252453
 20
844.3439721622065
 30
0.0
 42
0.41421356237309503
 70
0
  0
VERTEX
  5
395
  8
CUT
 10
607.39037319539
 20
840.311736928062
 30
0.0
 70
0
  0
VERTEX
  5
396
  8
CUT
 10
596.6983851900169
 20
807.4051814642497
 30
0.0
 42
0.41421356237309503
 70
0
  0
VERTEX
  5
397
  8
CUT
 10
592.6661499558726
 20
805.3506549941051
 30
0.0
 42
0.41421356237309503
 70
0
  0
VERTEX
  5
398
  8
CUT
 10
594.7206764260173
 20
801.3184197599608
 30
0.0
 42
0.41421356237309503
 70
0
  0
VERTEX
  5
399
  8
CUT
 10
598.7529116601615
 20
803.3729462301054
 30
0.0
 70
0
  0
SEQEND
  5
389
  8
CUT
  0
POLYLINE
  5
39A
  8
CUT
 66
1
 10
0.0
 20
0.0
 30
0.0
 70
1
  0
VERTEX
  5
39C
  8
CUT
 10
494.00000000000006
 20
807.9000000000002
 30
0.0
 42
0.41421356237309503
 70
0
  0
VERTEX
  5
39D
  8
CUT
 10
497.20000000000005
 20
804.7000000000003
 30
0.0
 42
0.41421356237309503
 70
0
  0
VERTEX
  5
39E
  8
CUT
 10
500.40000000000003
 20
807.9000000000002
 30
0.0
 42
0.41421356237309503
 70
0
  0
VERTEX
  5
39F
  8
CUT
 10
497.20000000000005
 20
811.1000000000001
 30
0.0
 70
0
  0
VERTEX
  5
3A0
  8
CUT
 10
497.20000000000005
 20
845.7000000000003
 30
0.0
 42
0.41421356237309503
 70
0
  0
VERTEX
  5
3A1
  8
CUT
 10
500.40000000000003
 20
848.9000000000002
 30
0.0
 42
0.41421356237309503
 70
0
  0
VERTEX
  5
3A2
  8
CUT
 10
497.20000000000005
 20
852.1000000000001
 30
0.0
 42
0.41421356237309503
 70
0
  0
VERTEX
  5
3A3
  8
CUT
 10
494.00000000000006
 20
848.9000000000002
 30
0.0
 70
0
  0
VERTEX
  5
3A4
  8
CUT
 10
481.4000000000001
 20
848.9000000000002
 30
0.0
 42
0.41421356237309503
 70
0
  0
VERTEX
  5
3A5
  8
CUT
 10
478.2000000000001
 20
852.1000000000001
 30
0.0
 42
0.41421356237309503
 70
0
  0
VERTEX
  5
3A6
  8
CUT
 10
475.0000000000001
 20
848.9000000000002
 30
0.0
 42
0.41421356237309503
 70
0
  0
VERTEX
  5
3A7
  8
CUT
 10
478.20000000000005
 20
845.7000000000003
 30
0.0
 70
0
  0
VERTEX
  5
3A8
  8
CUT
 10
478.20000000000005
 20
811.1000000000001
 30
0.0
 42
0.41421356237309503
 70
0
  0
VERTEX
  5
3A9
  8
CUT
 10
475.0000000000001
 20
807.9000000000001
 30
0.0
 42
0.41421356237309503
 70
0
  0
VERTEX
  5
3AA
  8
CUT
 10
478.20000000000016
 20
804.7
 30
0.0
 42
0.41421356237309503
 70
0
  0
VERTEX
  5
3AB
  8
CUT
 10
481.4000000000001
 20
807.9000000000002
 30
0.0
 70
0
  0
SEQEND
  5
39B
  8
CUT
  0
POLYLINE
  5
3AC
  8
CUT
 66
1
 10
0.0
 20
0.0
 30
0.0
 70
1
  0
VERTEX
  5
3AE
  8
CUT
 10
376.6470883398386
 20
803.3729462301055
 30
0.0
 42
0.41421356237309503
 70
0
  0
VERTEX
  5
3AF
  8
CUT
 10
380.67932357398286
 20
801.3184197599608
 30
0.0
 42
0.41421356237309503
 70
0
  0
VERTEX
  5
3B0
  8
CUT
 10
382.7338500441276
 20
805.3506549941051
 30
0.0
 42
0.41421356237309503
 70
0
  0
VERTEX
  5
3B1
  8
CUT
 10
378.7016148099833
 20
807.4051814642498
 30
0.0
 70
0
  0
VERTEX
  5
3B2
  8
CUT
 10
368.0096268046101
 20
840.3117369280621
 30
0.0
 42
0.41421356237309503
 70
0
  0
VERTEX
  5
3B3
  8
CUT
 10
370.06415327475463
 20
844.3439721622065
 30
0.0
 42
0.41421356237309503
 70
0
  0
VERTEX
  5
3B4
  8
CUT
 10
366.0319180406103
 20
846.398498632351
 30
0.0
 42
0.41421356237309503
 70
0
  0
VERTEX
  5
3B5
  8
CUT
 10
363.9773915704658
 20
842.3662633982067
 30
0.0
 70
0
  0
VERTEX
  5
3B6
  8
CUT
 10
351.99407946514685
 20
838.4726492690825
 30
0.0
 42
0.41421356237309503
 70
0
  0
VERTEX
  5
3B7
  8
CUT
 10
347.9618442310026
 20
840.5271757392272
 30
0.0
 42
0.41421356237309503
 70
0
  0
VERTEX
  5
3B8
  8
CUT
 10
345.9073177608579
 20
836.4949405050829
 30
0.0
 42
0.41421356237309503
 70
0
  0
VERTEX
  5
3B9
  8
CUT
 10
349.9395529950022
 20
834.4404140349382
 30
0.0
 70
0
  0
VERTEX
  5
3BA
  8
CUT
 10
360.63154100037536
 20
801.5338585711258
 30
0.0
 42
0.41421356237309503
 70
0
  0
VERTEX
  5
3BB
  8
CUT
 10
358.5770145302306
 20
797.5016233369815
 30
0.0
 42
0.41421356237309503
 70
0
  0
VERTEX
  5
3BC
  8
CUT
 10
362.6092497643749
 20
795.4470968668368
 30
0.0
 42
0.41421356237309503
 70
0
  0
VERTEX
  5
3BD
  8
CUT
 10
364.6637762345197
 20
799.4793321009811
 30
0.0
 70
0
  0
SEQEND
  5
3AD
  8
CUT
  0
POLYLINE
  5
3BE
  8
CUT
 66
1
 10
0.0
 20
0.0
 30
0.0
 70
1
  0
VERTEX
  5
3C0
  8
CUT
 10
256.130352702869
 20
770.6464760548934
 30
0.0
 42
0.41421356237309503
 70
0
  0
VERTEX
  5
3C1
  8
CUT
 10
260.6001198922047
 20
769.9385344802295
 30
0.0
 42
0.41421356237309503
 70
0
  0
VERTEX
  5
3C2
  8
CUT
 10
261.3080614668686
 20
774.4083016695652
 30
0.0
 42
0.41421356237309503
 70
0
  0
VERTEX
  5
3C3
  8
CUT
 10
256.83829427753295
 20
775.116243244229
 30
0.0
 70
0
  0
VERTEX
  5
3C4
  8
CUT
 10
236.5009245482134
 20
803.1082312496023
 30
0.0
 42
0.41421356237309503
 70
0
  0
VERTEX
  5
3C5
  8
CUT
 10
237.20886612287725
 20
807.577998438938
 30
0.0
 42
0.41421356237309503
 70
0
  0
VERTEX
  5
3C6
  8
CUT
 10
232.73909893354153
 20
808.2859400136019
 30
0.0
 42
0.41421356237309503
 70
0
  0
VERTEX
  5
3C7
  8
CUT
 10
232.03115735887766
 20
803.8161728242662
 30
0.0
 70
0
  0
VERTEX
  5
3C8
  8
CUT
 10
221.83754322975335
 20
796.4100786453811
 30
0.0
 42
0.41421356237309503
 70
0
  0
VERTEX
  5
3C9
  8
CUT
 10
217.36777604041757
 20
797.1180202200451
 30
0.0
 42
0.41421356237309503
 70
0
  0
VERTEX
  5
3CA
  8
CUT
 10
216.6598344657536
 20
792.6482530307093
 30
0.0
 42
0.41421356237309503
 70
0
  0
VERTEX
  5
3CB
  8
CUT
 10
221.1296016550894
 20
791.9403114560453
 30
0.0
 70
0
  0
VERTEX
  5
3CC
  8
CUT
 10
241.46697138440896
 20
763.9483234506722
 30
0.0
 42
0.41421356237309503
 70
0
  0
VERTEX
  5
3CD
  8
CUT
 10
240.75902980974493
 20
759.4785562613365
 30
0.0
 42
0.41421356237309503
 70
0
  0
VERTEX
  5
3CE
  8
CUT
 10
245.22879699908063
 20
758.7706146866724
 30
0.0
 42
0.41421356237309503
 70
0
  0
VERTEX
  5
3CF
  8
CUT
 10
245.9367385737447
 20
763.2403818760082
 30
0.0
 70
0
  0
SEQEND
  5
3BF
  8
CUT
  0
POLYLINE
  5
3D0
  8
CUT
 66
1
 10
0.0
 20
0.0
 30
0.0
 70
1
  0
VERTEX
  5
3D2
  8
CUT
 10
151.27630613397605
 20
693.4133492805715
 30
0.0
 42
0.41421356237309503
 70
0
  0
VERTEX
  5
3D3
  8
CUT
 10
155.74607332331186
 20
694.1212908552355
 30
0.0
 42
0.41421356237309503
 70
0
  0
VERTEX
  5
3D4
  8
CUT
 10
155.0381317486479
 20
698.5910580445714
 30
0.0
 42
0.41421356237309503
 70
0
  0
VERTEX
  5
3D5
  8
CUT
 10
150.5683645593121
 20
697.8831164699073
 30
0.0
 70
0
  0
VERTEX
  5
3D6
  8
CUT
 10
122.57637655393893
 20
718.2204861992269
 30
0.0
 42
0.41421356237309503
 70
0
  0
VERTEX
  5
3D7
  8
CUT
 10
121.86843497927494
 20
722.6902533885627
 30
0.0
 42
0.41421356237309503
 70
0
  0
VERTEX
  5
3D8
  8
CUT
 10
117.39866778993918
 20
721.9823118138987
 30
0.0
 42
0.41421356237309503
 70
0
  0
VERTEX
  5
3D9
  8
CUT
 10
118.10660936460317
 20
717.5125446245629
 30
0.0
 70
0
  0
VERTEX
  5
3DA
  8
CUT
 10
110.70051518571802
 20
707.3189304954387
 30
0.0
 42
0.41421356237309503
 70
0
  0
VERTEX
  5
3DB
  8
CUT
 10
106.23074799638219
 20
706.6109889207747
 30
0.0
 42
0.41421356237309503
 70
0
  0
VERTEX
  5
3DC
  8
CUT
 10
106.93868957104617
 20
702.1412217314389
 30
0.0
 42
0.41421356237309503
 70
0
  0
VERTEX
  5
3DD
  8
CUT
 10
111.40845676038197
 20
702.8491633061029
 30
0.0
 70
0
  0
VERTEX
  5
3DE
  8
CUT
 10
139.40044476575514
 20
682.5117935767834
 30
0.0
 42
0.41421356237309503
 70
0
  0
VERTEX
  5
3DF
  8
CUT
 10
140.10838634041906
 20
678.0420263874477
 30
0.0
 42
0.41421356237309503
 70
0
  0
VERTEX
  5
3E0
  8
CUT
 10
144.5781535297548
 20
678.7499679621116
 30
0.0
 42
0.41421356237309503
 70
0
  0
VERTEX
  5
3E1
  8
CUT
 10
143.8702119550909
 20
683.2197351514473
 30
0.0
 70
0
  0
SEQEND
  5
3D1
  8
CUT
  0
POLYLINE
  5
3E2
  8
CUT
 66
1
 10
0.0
 20
0.0
 30
0.0
 70
1
  0
VERTEX
  5
3E4
  8
CUT
 10
89.96563643673767
 20
577.0559406030648
 30
0.0
 42
0.41421356237309503
 70
0
  0
VERTEX
  5
3E5
  8
CUT
 10
93.99787167088198
 20
579.1104670732095
 30
0.0
 42
0.41421356237309503
 70
0
  0
VERTEX
  5
3E6
  8
CUT
 10
91.94334520073731
 20
583.1427023073538
 30
0.0
 42
0.41421356237309503
 70
0
  0
VERTEX
  5
3E7
  8
CUT
 10
87.91110996659302
 20
581.0881758372091
 30
0.0
 70
0
  0
VERTEX
  5
3E8
  8
CUT
 10
55.00455450278071
 20
591.7801638425823
 30
0.0
 42
0.41421356237309503
 70
0
  0
VERTEX
  5
3E9
  8
CUT
 10
52.950028032636105
 20
595.8123990767266
 30
0.0
 42
0.41421356237309503
 70
0
  0
VERTEX
  5
3EA
  8
CUT
 10
48.91779279849176
 20
593.757872606582
 30
0.0
 42
0.41421356237309503
 70
0
  0
VERTEX
  5
3EB
  8
CUT
 10
50.9723192686364
 20
589.7256373724376
 30
0.0
 70
0
  0
VERTEX
  5
3EC
  8
CUT
 10
47.07870513951207
 20
577.7423252671186
 30
0.0
 42
0.41421356237309503
 70
0
  0
VERTEX
  5
3ED
  8
CUT
 10
43.046469905367765
 20
575.6877987969741
 30
0.0
 42
0.41421356237309503
 70
0
  0
VERTEX
  5
3EE
  8
CUT
 10
45.100996375512395
 20
571.6555635628298
 30
0.0
 42
0.41421356237309503
 70
0
  0
VERTEX
  5
3EF
  8
CUT
 10
49.13323160965672
 20
573.7100900329743
 30
0.0
 70
0
  0
VERTEX
  5
3F0
  8
CUT
 10
82.03978707346903
 20
563.0181020276012
 30
0.0
 42
0.41421356237309503
 70
0
  0
VERTEX
  5
3F1
  8
CUT
 10
84.09431354361374
 20
558.9858667934569
 30
0.0
 42
0.41421356237309503
 70
0
  0
VERTEX
  5
3F2
  8
CUT
 10
88.126548777758
 20
561.0403932636017
 30
0.0
 42
0.41421356237309503
 70
0
  0
VERTEX
  5
3F3
  8
CUT
 10
86.07202230761334
 20
565.0726284977459
 30
0.0
 70
0
  0
SEQEND
  5
3E3
  8
CUT
  0
POLYLINE
  5
3F4
  8
CUT
 66
1
 10
0.0
 20
0.0
 30
0.0
 70
1
  0
VERTEX
  5
3F6
  8
CUT
 10
1874.4
 20
769.2
 30
0.0
 70
0
  0
VERTEX
  5
3F7
  8
CUT
 10
1874.312532758463
 20
785.634151776386
 30
0.0
 70
0
  0
VERTEX
  5
3F8
  8
CUT
 10
1873.949341336987
 20
802.0830372582312
 30
0.0
 70
0
  0
VERTEX
  5
3F9
  8
CUT
 10
1873.2194341412996
 20
818.5484810677945
 30
0.0
 70
0
  0
VERTEX
  5
3FA
  8
CUT
 10
1872.057131983138
 20
835.0233022677285
 30
0.0
 70
0
  0
VERTEX
  5
3FB
  8
CUT
 10
1870.407792307566
 20
851.4931758907067
 30
0.0
 70
0
  0
VERTEX
  5
3FC
  8
CUT
 10
1868.2237775935464
 20
867.9375769792543
 30
0.0
 70
0
  0
VERTEX
  5
3FD
  8
CUT
 10
1865.4629294126796
 20
884.3304289774801
 30
0.0
 70
0
  0
VERTEX
  5
3FE
  8
CUT
 10
1862.0880562340208
 20
900.6406600120545
 30
0.0
 70
0
  0
VERTEX
  5
3FF
  8
CUT
 10
1858.0669203147959
 20
916.8327617269647
 30
0.0
 70
0
  0
VERTEX
  5
400
  8
CUT
 10
1853.3724884668404
 20
932.8674009703423
 30
0.0
 70
0
  0
VERTEX
  5
401
  8
CUT
 10
1847.9833137480155
 20
948.7021104551476
 30
0.0
 70
0
  0
VERTEX
  5
402
  8
CUT
 10
1841.8839587841364
 20
964.292067892751
 30
0.0
 70
0
  0
VERTEX
  5
403
  8
CUT
 10
1835.0653930400003
 20
979.5909597651297
 30
0.0
 70
0
  0
VERTEX
  5
404
  8
CUT
 10
1827.5253096176648
 20
994.551914500559
 30
0.0
 70
0
  0
VERTEX
  5
405
  8
CUT
 10
1819.2683178813256
 20
1009.1284801954633
 30
0.0
 70
0
  0
VERTEX
  5
406
  8
CUT
 10
1810.3059789466588
 20
1023.2756145468563
 30
0.0
 70
0
  0
VERTEX
  5
407
  8
CUT
 10
1800.6566627615357
 20
1036.950649850003
 30
0.0
 70
0
  0
VERTEX
  5
408
  8
CUT
 10
1790.3452181320263
 20
1050.1141942228264
 30
0.0
 70
0
  0
VERTEX
  5
409
  8
CUT
 10
1779.4024600125
 20
1062.730931850981
 30
0.0
 70
0
  0
VERTEX
  5
40A
  8
CUT
 10
1767.864490753534
 20
1074.7702898791524
 30
0.0
 70
0
  0
VERTEX
  5
40B
  8
CUT
 10
1755.7718827599922
 20
1086.2069471206519
 30
0.0
 70
0
  0
VERTEX
  5
40C
  8
CUT
 10
1743.1687582351174
 20
1097.0211692253492
 30
0.0
 70
0
  0
VERTEX
  5
40D
  8
CUT
 10
1730.1018067271104
 20
1107.1989653419334
 30
0.0
 70
0
  0
VERTEX
  5
40E
  8
CUT
 10
1716.6192827777286
 20
1116.7320715843207
 30
0.0
 70
0
  0
VERTEX
  5
40F
  8
CUT
 10
1702.770024223226
 20
1125.617775805267
 30
0.0
 70
0
  0
VERTEX
  5
410
  8
CUT
 10
1688.6025270971404
 20
1133.858605548647
 30
0.0
 70
0
  0
VERTEX
  5
411
  8
CUT
 10
1674.1641063685104
 20
1141.4619061420103
 30
0.0
 70
0
  0
VERTEX
  5
412
  8
CUT
 10
1659.500163781855
 20
1148.4393385621447
 30
0.0
 70
0
  0
VERTEX
  5
413
  8
CUT
 10
1644.6535757082374
 20
1154.806327101799
 30
0.0
 70
0
  0
VERTEX
  5
414
  8
CUT
 10
1629.6642059217322
 20
1160.5814853483962
 30
0.0
 70
0
  0
VERTEX
  5
415
  8
CUT
 10
1614.568541153238
 20
1165.7860460558668
 30
0.0
 70
0
  0
VERTEX
  5
416
  8
CUT
 10
1599.3994415015513
 20
1170.4433167055536
 30
0.0
 70
0
  0
VERTEX
  5
417
  8
CUT
 10
1584.1859934484114
 20
1174.5781784597677
 30
0.0
 70
0
  0
VERTEX
  5
418
  8
CUT
 10
1568.953450297145
 20
1178.2166423121469
 30
0.0
 70
0
  0
VERTEX
  5
419
  8
CUT
 10
1553.723243160503
 20
1181.3854729768318
 30
0.0
 70
0
  0
VERTEX
  5
41A
  8
CUT
 10
1538.5130448893806
 20
1184.1118888525145
 30
0.0
 70
0
  0
VERTEX
  5
41B
  8
CUT
 10
1523.336869217395
 20
1186.423345724649
 30
0.0
 70
0
  0
VERTEX
  5
41C
  8
CUT
 10
1508.2051874904996
 20
1188.3474134424841
 30
0.0
 70
0
  0
VERTEX
  5
41D
  8
CUT
 10
1493.125045152037
 20
1189.9117599637436
 30
0.0
 70
0
  0
VERTEX
  5
41E
  8
CUT
 10
1478.1001589434004
 20
1191.1442687923743
 30
0.0
 70
0
  0
VERTEX
  5
41F
  8
CUT
 10
1463.1309723096626
 20
1192.073340944028
 30
0.0
 70
0
  0
VERTEX
  5
420
  8
CUT
 10
1448.2146380957684
 20
1192.728490390962
 30
0.0
 70
0
  0
VERTEX
  5
421
  8
CUT
 10
1433.3448772468787
 20
1193.1414957288048
 30
0.0
 70
0
  0
VERTEX
  5
422
  8
CUT
 10
1418.5116059493432
 20
1193.34889949213
 30
0.0
 70
0
  0
VERTEX
  5
423
  8
CUT
 10
1403.7
 20
1193.4
 30
0.0
 70
0
  0
VERTEX
  5
424
  8
CUT
 10
1388.8883940506569
 20
1193.34889949213
 30
0.0
 70
0
  0
VERTEX
  5
425
  8
CUT
 10
1374.0551227531214
 20
1193.1414957288048
 30
0.0
 70
0
  0
VERTEX
  5
426
  8
CUT
 10
1359.1853619042315
 20
1192.728490390962
 30
0.0
 70
0
  0
VERTEX
  5
427
  8
CUT
 10
1344.2690276903375
 20
1192.073340944028
 30
0.0
 70
0
  0
VERTEX
  5
428
  8
CUT
 10
1329.2998410565997
 20
1191.1442687923743
 30
0.0
 70
0
  0
VERTEX
  5
429
  8
CUT
 10
1314.274954847963
 20
1189.9117599637436
 30
0.0
 70
0
  0
VERTEX
  5
42A
  8
CUT
 10
1299.1948125095005
 20
1188.347413442484
 30
0.0
 70
0
  0
VERTEX
  5
42B
  8
CUT
 10
1284.0631307826052
 20
1186.423345724649
 30
0.0
 70
0
  0
VERTEX
  5
42C
  8
CUT
 10
1268.8869551106197
 20
1184.1118888525148
 30
0.0
 70
0
  0
VERTEX
  5
42D
  8
CUT
 10
1253.676756839497
 20
1181.3854729768318
 30
0.0
 70
0
  0
VERTEX
  5
42E
  8
CUT
 10
1238.446549702855
 20
1178.2166423121469
 30
0.0
 70
0
  0
VERTEX
  5
42F
  8
CUT
 10
1223.2140065515885
 20
1174.5781784597677
 30
0.0
 70
0
  0
VERTEX
  5
430
  8
CUT
 10
1208.0005584984488
 20
1170.4433167055536
 30
0.0
 70
0
  0
VERTEX
  5
431
  8
CUT
 10
1192.8314588467622
 20
1165.7860460558668
 30
0.0
 70
0
  0
VERTEX
  5
432
  8
CUT
 10
1177.735794078268
 20
1160.5814853483962
 30
0.0
 70
0
  0
VERTEX
  5
433
  8
CUT
 10
1162.7464242917629
 20
1154.806327101799
 30
0.0
 70
0
  0
VERTEX
  5
434
  8
CUT
 10
1147.899836218145
 20
1148.4393385621447
 30
0.0
 70
0
  0
VERTEX
  5
435
  8
CUT
 10
1133.2358936314897
 20
1141.4619061420103
 30
0.0
 70
0
  0
VERTEX
  5
436
  8
CUT
 10
1118.7974729028597
 20
1133.858605548647
 30
0.0
 70
0
  0
VERTEX
  5
437
  8
CUT
 10
1104.629975776774
 20
1125.617775805267
 30
0.0
 70
0
  0
VERTEX
  5
438
  8
CUT
 10
1090.7807172222715
 20
1116.7320715843207
 30
0.0
 70
0
  0
VERTEX
  5
439
  8
CUT
 10
1077.2981932728896
 20
1107.1989653419334
 30
0.0
 70
0
  0
VERTEX
  5
43A
  8
CUT
 10
1064.2312417648827
 20
1097.0211692253492
 30
0.0
 70
0
  0
VERTEX
  5
43B
  8
CUT
 10
1051.6281172400081
 20
1086.206947120652
 30
0.0
 70
0
  0
VERTEX
  5
43C
  8
CUT
 10
1039.535509246466
 20
1074.7702898791524
 30
0.0
 70
0
  0
VERTEX
  5
43D
  8
CUT
 10
1027.9975399875002
 20
1062.730931850981
 30
0.0
 70
0
  0
VERTEX
  5
43E
  8
CUT
 10
1017.054781867974
 20
1050.1141942228267
 30
0.0
 70
0
  0
VERTEX
  5
43F
  8
CUT
 10
1006.7433372384643
 20
1036.950649850003
 30
0.0
 70
0
  0
VERTEX
  5
440
  8
CUT
 10
997.0940210533413
 20
1023.2756145468563
 30
0.0
 70
0
  0
VERTEX
  5
441
  8
CUT
 10
988.1316821186745
 20
1009.1284801954633
 30
0.0
 70
0
  0
VERTEX
  5
442
  8
CUT
 10
979.8746903823352
 20
994.551914500559
 30
0.0
 70
0
  0
VERTEX
  5
443
  8
CUT
 10
972.3346069599995
 20
979.5909597651297
 30
0.0
 70
0
  0
VERTEX
  5
444
  8
CUT
 10
965.5160412158637
 20
964.2920678927511
 30
0.0
 70
0
  0
VERTEX
  5
445
  8
CUT
 10
959.4166862519846
 20
948.7021104551477
 30
0.0
 70
0
  0
VERTEX
  5
446
  8
CUT
 10
954.0275115331597
 20
932.8674009703423
 30
0.0
 70
0
  0
VERTEX
  5
447
  8
CUT
 10
949.3330796852042
 20
916.8327617269648
 30
0.0
 70
0
  0
VERTEX
  5
448
  8
CUT
 10
945.3119437659793
 20
900.6406600120545
 30
0.0
 70
0
  0
VERTEX
  5
449
  8
CUT
 10
941.9370705873205
 20
884.3304289774801
 30
0.0
 70
0
  0
VERTEX
  5
44A
  8
CUT
 10
939.1762224064536
 20
867.9375769792543
 30
0.0
 70
0
  0
VERTEX
  5
44B
  8
CUT
 10
936.992207692434
 20
851.4931758907065
 30
0.0
 70
0
  0
VERTEX
  5
44C
  8
CUT
 10
935.342868016862
 20
835.0233022677284
 30
0.0
 70
0
  0
VERTEX
  5
44D
  8
CUT
 10
934.1805658587006
 20
818.5484810677947
 30
0.0
 70
0
  0
VERTEX
  5
44E
  8
CUT
 10
933.4506586630131
 20
802.0830372582313
 30
0.0
 70
0
  0
VERTEX
  5
44F
  8
CUT
 10
933.0874672415371
 20
785.634151776386
 30
0.0
 70
0
  0
VERTEX
  5
450
  8
CUT
 10
933.0
 20
769.2000000000002
 30
0.0
 70
0
  0
VERTEX
  5
451
  8
CUT
 10
933.0874672415371
 20
752.7658482236143
 30
0.0
 70
0
  0
VERTEX
  5
452
  8
CUT
 10
933.4506586630131
 20
736.316962741769
 30
0.0
 70
0
  0
VERTEX
  5
453
  8
CUT
 10
934.1805658587004
 20
719.8515189322056
 30
0.0
 70
0
  0
VERTEX
  5
454
  8
CUT
 10
935.342868016862
 20
703.3766977322717
 30
0.0
 70
0
  0
VERTEX
  5
455
  8
CUT
 10
936.992207692434
 20
686.9068241092936
 30
0.0
 70
0
  0
VERTEX
  5
456
  8
CUT
 10
939.1762224064536
 20
670.4624230207457
 30
0.0
 70
0
  0
VERTEX
  5
457
  8
CUT
 10
941.9370705873204
 20
654.0695710225202
 30
0.0
 70
0
  0
VERTEX
  5
458
  8
CUT
 10
945.3119437659793
 20
637.7593399879459
 30
0.0
 70
0
  0
VERTEX
  5
459
  8
CUT
 10
949.3330796852042
 20
621.5672382730355
 30
0.0
 70
0
  0
VERTEX
  5
45A
  8
CUT
 10
954.0275115331596
 20
605.5325990296581
 30
0.0
 70
0
  0
VERTEX
  5
45B
  8
CUT
 10
959.4166862519846
 20
589.6978895448526
 30
0.0
 70
0
  0
VERTEX
  5
45C
  8
CUT
 10
965.5160412158637
 20
574.1079321072492
 30
0.0
 70
0
  0
VERTEX
  5
45D
  8
CUT
 10
972.3346069599996
 20
558.8090402348705
 30
0.0
 70
0
  0
VERTEX
  5
45E
  8
CUT
 10
979.8746903823352
 20
543.8480854994411
 30
0.0
 70
0
  0
VERTEX
  5
45F
  8
CUT
 10
988.1316821186746
 20
529.2715198045369
 30
0.0
 70
0
  0
VERTEX
  5
460
  8
CUT
 10
997.0940210533413
 20
515.1243854531439
 30
0.0
 70
0
  0
VERTEX
  5
461
  8
CUT
 10
1006.7433372384642
 20
501.4493501499973
 30
0.0
 70
0
  0
VERTEX
  5
462
  8
CUT
 10
1017.0547818679738
 20
488.28580577717366
 30
0.0
 70
0
  0
VERTEX
  5
463
  8
CUT
 10
1027.9975399875002
 20
475.66906814901927
 30
0.0
 70
0
  0
VERTEX
  5
464
  8
CUT
 10
1039.535509246466
 20
463.62971012084785
 30
0.0
 70
0
  0
VERTEX
  5
465
  8
CUT
 10
1051.628117240008
 20
452.1930528793483
 30
0.0
 70
0
  0
VERTEX
  5
466
  8
CUT
 10
1064.2312417648827
 20
441.3788307746508
 30
0.0
 70
0
  0
VERTEX
  5
467
  8
CUT
 10
1077.2981932728896
 20
431.20103465806665
 30
0.0
 70
0
  0
VERTEX
  5
468
  8
CUT
 10
1090.7807172222715
 20
421.66792841567957
 30
0.0
 70
0
  0
VERTEX
  5
469
  8
CUT
 10
1104.629975776774
 20
412.7822241947332
 30
0.0
 70
0
  0
VERTEX
  5
46A
  8
CUT
 10
1118.7974729028597
 20
404.54139445135326
 30
0.0
 70
0
  0
VERTEX
  5
46B
  8
CUT
 10
1133.2358936314895
 20
396.93809385799
 30
0.0
 70
0
  0
VERTEX
  5
46C
  8
CUT
 10
1147.899836218145
 20
389.96066143785544
 30
0.0
 70
0
  0
VERTEX
  5
46D
  8
CUT
 10
1162.7464242917627
 20
383.59367289820113
 30
0.0
 70
0
  0
VERTEX
  5
46E
  8
CUT
 10
1177.7357940782676
 20
377.81851465160395
 30
0.0
 70
0
  0
VERTEX
  5
46F
  8
CUT
 10
1192.8314588467622
 20
372.6139539441335
 30
0.0
 70
0
  0
VERTEX
  5
470
  8
CUT
 10
1208.0005584984485
 20
367.95668329444663
 30
0.0
 70
0
  0
VERTEX
  5
471
  8
CUT
 10
1223.2140065515887
 20
363.82182154023246
 30
0.0
 70
0
  0
VERTEX
  5
472
  8
CUT
 10
1238.446549702855
 20
360.18335768785334
 30
0.0
 70
0
  0
VERTEX
  5
473
  8
CUT
 10
1253.676756839497
 20
357.0145270231683
 30
0.0
 70
0
  0
VERTEX
  5
474
  8
CUT
 10
1268.8869551106195
 20
354.2881111474856
 30
0.0
 70
0
  0
VERTEX
  5
475
  8
CUT
 10
1284.0631307826052
 20
351.9766542753512
 30
0.0
 70
0
  0
VERTEX
  5
476
  8
CUT
 10
1299.1948125095005
 20
350.05258655751624
 30
0.0
 70
0
  0
VERTEX
  5
477
  8
CUT
 10
1314.2749548479628
 20
348.4882400362566
 30
0.0
 70
0
  0
VERTEX
  5
478
  8
CUT
 10
1329.2998410565997
 20
347.2557312076259
 30
0.0
 70
0
  0
VERTEX
  5
479
  8
CUT
 10
1344.2690276903372
 20
346.3266590559722
 30
0.0
 70
0
  0
VERTEX
  5
47A
  8
CUT
 10
1359.1853619042317
 20
345.6715096090384
 30
0.0
 70
0
  0
VERTEX
  5
47B
  8
CUT
 10
1374.0551227531214
 20
345.2585042711953
 30
0.0
 70
0
  0
VERTEX
  5
47C
  8
CUT
 10
1388.888394050657
 20
345.0511005078703
 30
0.0
 70
0
  0
VERTEX
  5
47D
  8
CUT
 10
1403.7
 20
345.0
 30
0.0
 70
0
  0
VERTEX
  5
47E
  8
CUT
 10
1418.5116059493434
 20
345.0511005078703
 30
0.0
 70
0
  0
VERTEX
  5
47F
  8
CUT
 10
1433.3448772468787
 20
345.2585042711953
 30
0.0
 70
0
  0
VERTEX
  5
480
  8
CUT
 10
1448.2146380957684
 20
345.6715096090384
 30
0.0
 70
0
  0
VERTEX
  5
481
  8
CUT
 10
1463.1309723096626
 20
346.32665905597224
 30
0.0
 70
0
  0
VERTEX
  5
482
  8
CUT
 10
1478.1001589434002
 20
347.25573120762596
 30
0.0
 70
0
  0
VERTEX
  5
483
  8
CUT
 10
1493.125045152037
 20
348.4882400362566
 30
0.0
 70
0
  0
VERTEX
  5
484
  8
CUT
 10
1508.2051874904994
 20
350.0525865575161
 30
0.0
 70
0
  0
VERTEX
  5
485
  8
CUT
 10
1523.3368692173951
 20
351.9766542753512
 30
0.0
 70
0
  0
VERTEX
  5
486
  8
CUT
 10
1538.5130448893804
 20
354.28811114748555
 30
0.0
 70
0
  0
VERTEX
  5
487
  8
CUT
 10
1553.723243160503
 20
357.0145270231683
 30
0.0
 70
0
  0
VERTEX
  5
488
  8
CUT
 10
1568.953450297145
 20
360.18335768785334
 30
0.0
 70
0
  0
VERTEX
  5
489
  8
CUT
 10
1584.1859934484114
 20
363.82182154023246
 30
0.0
 70
0
  0
VERTEX
  5
48A
  8
CUT
 10
1599.3994415015513
 20
367.9566832944466
 30
0.0
 70
0
  0
VERTEX
  5
48B
  8
CUT
 10
1614.5685411532377
 20
372.61395394413347
 30
0.0
 70
0
  0
VERTEX
  5
48C
  8
CUT
 10
1629.6642059217322
 20
377.81851465160395
 30
0.0
 70
0
  0
VERTEX
  5
48D
  8
CUT
 10
1644.6535757082372
 20
383.593672898201
 30
0.0
 70
0
  0
VERTEX
  5
48E
  8
CUT
 10
1659.5001637818552
 20
389.96066143785555
 30
0.0
 70
0
  0
VERTEX
  5
48F
  8
CUT
 10
1674.1641063685104
 20
396.93809385798994
 30
0.0
 70
0
  0
VERTEX
  5
490
  8
CUT
 10
1688.6025270971406
 20
404.54139445135337
 30
0.0
 70
0
  0
VERTEX
  5
491
  8
CUT
 10
1702.7700242232258
 20
412.78222419473315
 30
0.0
 70
0
  0
VERTEX
  5
492
  8
CUT
 10
1716.6192827777284
 20
421.6679284156795
 30
0.0
 70
0
  0
VERTEX
  5
493
  8
CUT
 10
1730.1018067271104
 20
431.20103465806665
 30
0.0
 70
0
  0
VERTEX
  5
494
  8
CUT
 10
1743.1687582351174
 20
441.3788307746507
 30
0.0
 70
0
  0
VERTEX
  5
495
  8
CUT
 10
1755.7718827599922
 20
452.19305287934833
 30
0.0
 70
0
  0
VERTEX
  5
496
  8
CUT
 10
1767.8644907535338
 20
463.6297101208477
 30
0.0
 70
0
  0
VERTEX
  5
497
  8
CUT
 10
1779.4024600125
 20
475.66906814901927
 30
0.0
 70
0
  0
VERTEX
  5
498
  8
CUT
 10
1790.345218132026
 20
488.28580577717355
 30
0.0
 70
0
  0
VERTEX
  5
499
  8
CUT
 10
1800.656662761536
 20
501.4493501499974
 30
0.0
 70
0
  0
VERTEX
  5
49A
  8
CUT
 10
1810.3059789466588
 20
515.1243854531438
 30
0.0
 70
0
  0
VERTEX
  5
49B
  8
CUT
 10
1819.2683178813254
 20
529.2715198045366
 30
0.0
 70
0
  0
VERTEX
  5
49C
  8
CUT
 10
1827.5253096176648
 20
543.8480854994413
 30
0.0
 70
0
  0
VERTEX
  5
49D
  8
CUT
 10
1835.0653930400003
 20
558.8090402348703
 30
0.0
 70
0
  0
VERTEX
  5
49E
  8
CUT
 10
1841.8839587841364
 20
574.1079321072493
 30
0.0
 70
0
  0
VERTEX
  5
49F
  8
CUT
 10
1847.9833137480155
 20
589.6978895448524
 30
0.0
 70
0
  0
VERTEX
  5
4A0
  8
CUT
 10
1853.3724884668404
 20
605.5325990296581
 30
0.0
 70
0
  0
VERTEX
  5
4A1
  8
CUT
 10
1858.0669203147959
 20
621.5672382730354
 30
0.0
 70
0
  0
VERTEX
  5
4A2
  8
CUT
 10
1862.0880562340208
 20
637.7593399879459
 30
0.0
 70
0
  0
VERTEX
  5
4A3
  8
CUT
 10
1865.4629294126796
 20
654.06957102252
 30
0.0
 70
0
  0
VERTEX
  5
4A4
  8
CUT
 10
1868.2237775935464
 20
670.4624230207455
 30
0.0
 70
0
  0
VERTEX
  5
4A5
  8
CUT
 10
1870.407792307566
 20
686.9068241092937
 30
0.0
 70
0
  0
VERTEX
  5
4A6
  8
CUT
 10
1872.0571319831379
 20
703.3766977322716
 30
0.0
 70
0
  0
VERTEX
  5
4A7
  8
CUT
 10
1873.2194341412996
 20
719.8515189322056
 30
0.0
 70
0
  0
VERTEX
  5
4A8
  8
CUT
 10
1873.949341336987
 20
736.3169627417687
 30
0.0
 70
0
  0
VERTEX
  5
4A9
  8
CUT
 10
1874.312532758463
 20
752.7658482236143
 30
0.0
 70
0
  0
SEQEND
  5
3F5
  8
CUT
  0
POLYLINE
  5
4AA
  8
CUT
 66
1
 10
0.0
 20
0.0
 30
0.0
 70
1
  0
VERTEX
  5
4AC
  8
CUT
 10
1739.883753057697
 20
757.4602046526016
 30
0.0
 70
0
  0
VERTEX
  5
4AD
  8
CUT
 10
1739.7395602931865
 20
745.7018248617984
 30
0.0
 70
0
  0
VERTEX
  5
4AE
  8
CUT
 10
1739.3810791071994
 20
733.9184968872809
 30
0.0
 70
0
  0
VERTEX
  5
4AF
  8
CUT
 10
1738.7457567359731
 20
722.1123896848319
 30
0.0
 70
0
  0
VERTEX
  5
4B0
  8
CUT
 10
1737.7813224863103
 20
710.2924490948981
 30
0.0
 70
0
  0
VERTEX
  5
4B1
  8
CUT
 10
1736.4419735782826
 20
698.4735101729028
 30
0.0
 70
0
  0
VERTEX
  5
4B2
  8
CUT
 10
1734.6869321288502
 20
686.6756892451224
 30
0.0
 70
0
  0
VERTEX
  5
4B3
  8
CUT
 10
1732.4799615735506
 20
674.9238630888265
 30
0.0
 70
0
  0
VERTEX
  5
4B4
  8
CUT
 10
1729.7893555346748
 20
663.2471456548893
 30
0.0
 70
0
  0
VERTEX
  5
4B5
  8
CUT
 10
1726.588176569904
 20
651.6783147320652
 30
0.0
 70
0
  0
VERTEX
  5
4B6
  8
CUT
 10
1722.8546189967701
 20
640.2531638288775
 30
0.0
 70
0
  0
VERTEX
  5
4B7
  8
CUT
 10
1718.5724112972407
 20
629.0097702782009
 30
0.0
 70
0
  0
VERTEX
  5
4B8
  8
CUT
 10
1713.7311940575482
 20
617.987683186147
 30
0.0
 70
0
  0
VERTEX
  5
4B9
  8
CUT
 10
1708.3268219448614
 20
607.2270456348554
 30
0.0
 70
0
  0
VERTEX
  5
4BA
  8
CUT
 10
1702.3615483669425
 20
596.7676746537552
 30
0.0
 70
0
  0
VERTEX
  5
4BB
  8
CUT
 10
1695.8440616219082
 20
586.6481295501596
 30
0.0
 70
0
  0
VERTEX
  5
4BC
  8
CUT
 10
1688.7893524055776
 20
576.9048037413463
 30
0.0
 70
0
  0
VERTEX
  5
4BD
  8
CUT
 10
1681.2184044918356
 20
567.5710768324875
 30
0.0
 70
0
  0
VERTEX
  5
4BE
  8
CUT
 10
1673.1577126690722
 20
558.6765621402769
 30
0.0
 70
0
  0
VERTEX
  5
4BF
  8
CUT
 10
1664.6386437251372
 20
550.2464802903377
 30
0.0
 70
0
  0
VERTEX
  5
4C0
  8
CUT
 10
1655.6966664532943
 20
542.3011823758802
 30
0.0
 70
0
  0
VERTEX
  5
4C1
  8
CUT
 10
1646.37048443281
 20
534.8558372062407
 30
0.0
 70
0
  0
VERTEX
  5
4C2
  8
CUT
 10
1636.7011101072537
 20
527.9202873370846
 30
0.0
 70
0
  0
VERTEX
  5
4C3
  8
CUT
 10
1626.7309201813537
 20
521.4990688527176
 30
0.0
 70
0
  0
VERTEX
  5
4C4
  8
CUT
 10
1616.502730701904
 20
515.5915811721477
 30
0.0
 70
0
  0
VERTEX
  5
4C5
  8
CUT
 10
1606.058925834584
 20
510.19238617844474
 30
0.0
 70
0
  0
VERTEX
  5
4C6
  8
CUT
 10
1595.440667993536
 20
505.2916111546313
 30
0.0
 70
0
  0
VERTEX
  5
4C7
  8
CUT
 10
1584.6872094414819
 20
500.8754274820187
 30
0.0
 70
0
  0
VERTEX
  5
4C8
  8
CUT
 10
1573.8353175702869
 20
496.92657668290536
 30
0.0
 70
0
  0
VERTEX
  5
4C9
  8
CUT
 10
1562.9188185065852
 20
493.42491682550667
 30
0.0
 70
0
  0
VERTEX
  5
4CA
  8
CUT
 10
1551.9682570042387
 20
490.34796508135645
 30
0.0
 70
0
  0
VERTEX
  5
4CB
  8
CUT
 10
1541.0106651235853
 20
487.6714158073048
 30
0.0
 70
0
  0
VERTEX
  5
4CC
  8
CUT
 10
1530.0694280970479
 20
485.3696173967857
 30
0.0
 70
0
  0
VERTEX
  5
4CD
  8
CUT
 10
1519.164233010862
 20
483.4159948350196
 30
0.0
 70
0
  0
VERTEX
  5
4CE
  8
CUT
 10
1508.3110843295926
 20
481.7834079797818
 30
0.0
 70
0
  0
VERTEX
  5
4CF
  8
CUT
 10
1497.5223695955688
 20
480.44443767694645
 30
0.0
 70
0
  0
VERTEX
  5
4D0
  8
CUT
 10
1486.8069585248295
 20
479.37159245682295
 30
0.0
 70
0
  0
VERTEX
  5
4D1
  8
CUT
 10
1476.1703188102078
 20
478.5374270687545
 30
0.0
 70
0
  0
VERTEX
  5
4D2
  8
CUT
 10
1465.6146317540315
 20
477.91455923271377
 30
0.0
 70
0
  0
VERTEX
  5
4D3
  8
CUT
 10
1455.138889707651
 20
477.47555997967805
 30
0.0
 70
0
  0
VERTEX
  5
4D4
  8
CUT
 10
1444.738954010762
 20
477.1926691935076
 30
0.0
 70
0
  0
VERTEX
  5
4D5
  8
CUT
 10
1434.4075441714472
 20
477.0372332587118
 30
0.0
 70
0
  0
VERTEX
  5
4D6
  8
CUT
 10
1424.1341097511154
 20
476.9786161962764
 30
0.0
 70
0
  0
VERTEX
  5
4D7
  8
CUT
 10
1413.9044831669712
 20
476.981835409371
 30
0.0
 70
0
  0
VERTEX
  5
4D8
  8
CUT
 10
1403.7
 20
477.00000000000006
 30
0.0
 70
0
  0
VERTEX
  5
4D9
  8
CUT
 10
1393.4955168330291
 20
476.981835409371
 30
0.0
 70
0
  0
VERTEX
  5
4DA
  8
CUT
 10
1383.2658902488847
 20
476.9786161962764
 30
0.0
 70
0
  0
VERTEX
  5
4DB
  8
CUT
 10
1372.9924558285527
 20
477.0372332587118
 30
0.0
 70
0
  0
VERTEX
  5
4DC
  8
CUT
 10
1362.6610459892381
 20
477.1926691935076
 30
0.0
 70
0
  0
VERTEX
  5
4DD
  8
CUT
 10
1352.261110292349
 20
477.47555997967794
 30
0.0
 70
0
  0
VERTEX
  5
4DE
  8
CUT
 10
1341.7853682459686
 20
477.91455923271377
 30
0.0
 70
0
  0
VERTEX
  5
4DF
  8
CUT
 10
1331.2296811897922
 20
478.5374270687546
 30
0.0
 70
0
  0
VERTEX
  5
4E0
  8
CUT
 10
1320.5930414751708
 20
479.371592456823
 30
0.0
 70
0
  0
VERTEX
  5
4E1
  8
CUT
 10
1309.8776304044313
 20
480.4444376769465
 30
0.0
 70
0
  0
VERTEX
  5
4E2
  8
CUT
 10
1299.0889156704077
 20
481.7834079797818
 30
0.0
 70
0
  0
VERTEX
  5
4E3
  8
CUT
 10
1288.235766989138
 20
483.41599483501955
 30
0.0
 70
0
  0
VERTEX
  5
4E4
  8
CUT
 10
1277.3305719029522
 20
485.36961739678577
 30
0.0
 70
0
  0
VERTEX
  5
4E5
  8
CUT
 10
1266.3893348764145
 20
487.67141580730475
 30
0.0
 70
0
  0
VERTEX
  5
4E6
  8
CUT
 10
1255.4317429957614
 20
490.34796508135656
 30
0.0
 70
0
  0
VERTEX
  5
4E7
  8
CUT
 10
1244.4811814934146
 20
493.42491682550667
 30
0.0
 70
0
  0
VERTEX
  5
4E8
  8
CUT
 10
1233.5646824297132
 20
496.9265766829055
 30
0.0
 70
0
  0
VERTEX
  5
4E9
  8
CUT
 10
1222.7127905585185
 20
500.8754274820186
 30
0.0
 70
0
  0
VERTEX
  5
4EA
  8
CUT
 10
1211.9593320064641
 20
505.29161115463137
 30
0.0
 70
0
  0
VERTEX
  5
4EB
  8
CUT
 10
1201.3410741654163
 20
510.1923861784446
 30
0.0
 70
0
  0
VERTEX
  5
4EC
  8
CUT
 10
1190.897269298096
 20
515.5915811721478
 30
0.0
 70
0
  0
VERTEX
  5
4ED
  8
CUT
 10
1180.6690798186462
 20
521.4990688527178
 30
0.0
 70
0
  0
VERTEX
  5
4EE
  8
CUT
 10
1170.6988898927464
 20
527.9202873370846
 30
0.0
 70
0
  0
VERTEX
  5
4EF
  8
CUT
 10
1161.0295155671902
 20
534.8558372062407
 30
0.0
 70
0
  0
VERTEX
  5
4F0
  8
CUT
 10
1151.7033335467058
 20
542.3011823758801
 30
0.0
 70
0
  0
VERTEX
  5
4F1
  8
CUT
 10
1142.761356274863
 20
550.2464802903378
 30
0.0
 70
0
  0
VERTEX
  5
4F2
  8
CUT
 10
1134.2422873309279
 20
558.6765621402769
 30
0.0
 70
0
  0
VERTEX
  5
4F3
  8
CUT
 10
1126.1815955081645
 20
567.5710768324876
 30
0.0
 70
0
  0
VERTEX
  5
4F4
  8
CUT
 10
1118.6106475944225
 20
576.9048037413463
 30
0.0
 70
0
  0
VERTEX
  5
4F5
  8
CUT
 10
1111.555938378092
 20
586.6481295501598
 30
0.0
 70
0
  0
VERTEX
  5
4F6
  8
CUT
 10
1105.0384516330573
 20
596.7676746537553
 30
0.0
 70
0
  0
VERTEX
  5
4F7
  8
CUT
 10
1099.0731780551387
 20
607.2270456348554
 30
0.0
 70
0
  0
VERTEX
  5
4F8
  8
CUT
 10
1093.6688059424519
 20
617.9876831861471
 30
0.0
 70
0
  0
VERTEX
  5
4F9
  8
CUT
 10
1088.8275887027594
 20
629.0097702782009
 30
0.0
 70
0
  0
VERTEX
  5
4FA
  8
CUT
 10
1084.54538100323
 20
640.2531638288776
 30
0.0
 70
0
  0
VERTEX
  5
4FB
  8
CUT
 10
1080.8118234300962
 20
651.6783147320652
 30
0.0
 70
0
  0
VERTEX
  5
4FC
  8
CUT
 10
1077.6106444653253
 20
663.2471456548894
 30
0.0
 70
0
  0
VERTEX
  5
4FD
  8
CUT
 10
1074.9200384264495
 20
674.9238630888264
 30
0.0
 70
0
  0
VERTEX
  5
4FE
  8
CUT
 10
1072.7130678711499
 20
686.6756892451226
 30
0.0
 70
0
  0
VERTEX
  5
4FF
  8
CUT
 10
1070.9580264217172
 20
698.4735101729029
 30
0.0
 70
0
  0
VERTEX
  5
500
  8
CUT
 10
1069.6186775136898
 20
710.292449094898
 30
0.0
 70
0
  0
VERTEX
  5
501
  8
CUT
 10
1068.654243264027
 20
722.112389684832
 30
0.0
 70
0
  0
VERTEX
  5
502
  8
CUT
 10
1068.0189208928007
 20
733.9184968872809
 30
0.0
 70
0
  0
VERTEX
  5
503
  8
CUT
 10
1067.6604397068136
 20
745.7018248617985
 30
0.0
 70
0
  0
VERTEX
  5
504
  8
CUT
 10
1067.516246942303
 20
757.4602046526016
 30
0.0
 70
0
  0
VERTEX
  5
505
  8
CUT
 10
1067.5
 20
769.2000000000002
 30
0.0
 70
0
  0
VERTEX
  5
506
  8
CUT
 10
1067.516246942303
 20
780.9397953473986
 30
0.0
 70
0
  0
VERTEX
  5
507
  8
CUT
 10
1067.6604397068136
 20
792.6981751382018
 30
0.0
 70
0
  0
VERTEX
  5
508
  8
CUT
 10
1068.0189208928007
 20
804.4815031127193
 30
0.0
 70
0
  0
VERTEX
  5
509
  8
CUT
 10
1068.654243264027
 20
816.2876103151682
 30
0.0
 70
0
  0
VERTEX
  5
50A
  8
CUT
 10
1069.6186775136898
 20
828.1075509051021
 30
0.0
 70
0
  0
VERTEX
  5
50B
  8
CUT
 10
1070.9580264217172
 20
839.9264898270972
 30
0.0
 70
0
  0
VERTEX
  5
50C
  8
CUT
 10
1072.7130678711499
 20
851.7243107548777
 30
0.0
 70
0
  0
VERTEX
  5
50D
  8
CUT
 10
1074.9200384264495
 20
863.4761369111739
 30
0.0
 70
0
  0
VERTEX
  5
50E
  8
CUT
 10
1077.6106444653253
 20
875.1528543451109
 30
0.0
 70
0
  0
VERTEX
  5
50F
  8
CUT
 10
1080.8118234300962
 20
886.721685267935
 30
0.0
 70
0
  0
VERTEX
  5
510
  8
CUT
 10
1084.54538100323
 20
898.1468361711227
 30
0.0
 70
0
  0
VERTEX
  5
511
  8
CUT
 10
1088.8275887027594
 20
909.3902297217994
 30
0.0
 70
0
  0
VERTEX
  5
512
  8
CUT
 10
1093.6688059424516
 20
920.4123168138531
 30
0.0
 70
0
  0
VERTEX
  5
513
  8
CUT
 10
1099.0731780551387
 20
931.1729543651447
 30
0.0
 70
0
  0
VERTEX
  5
514
  8
CUT
 10
1105.0384516330573
 20
941.6323253462449
 30
0.0
 70
0
  0
VERTEX
  5
515
  8
CUT
 10
1111.555938378092
 20
951.7518704498405
 30
0.0
 70
0
  0
VERTEX
  5
516
  8
CUT
 10
1118.6106475944225
 20
961.495196258654
 30
0.0
 70
0
  0
VERTEX
  5
517
  8
CUT
 10
1126.1815955081645
 20
970.8289231675127
 30
0.0
 70
0
  0
VERTEX
  5
518
  8
CUT
 10
1134.2422873309279
 20
979.7234378597234
 30
0.0
 70
0
  0
VERTEX
  5
519
  8
CUT
 10
1142.761356274863
 20
988.1535197096624
 30
0.0
 70
0
  0
VERTEX
  5
51A
  8
CUT
 10
1151.7033335467058
 20
996.0988176241201
 30
0.0
 70
0
  0
VERTEX
  5
51B
  8
CUT
 10
1161.0295155671902
 20
1003.5441627937594
 30
0.0
 70
0
  0
VERTEX
  5
51C
  8
CUT
 10
1170.6988898927464
 20
1010.4797126629155
 30
0.0
 70
0
  0
VERTEX
  5
51D
  8
CUT
 10
1180.6690798186462
 20
1016.9009311472826
 30
0.0
 70
0
  0
VERTEX
  5
51E
  8
CUT
 10
1190.897269298096
 20
1022.8084188278524
 30
0.0
 70
0
  0
VERTEX
  5
51F
  8
CUT
 10
1201.341074165416
 20
1028.2076138215555
 30
0.0
 70
0
  0
VERTEX
  5
520
  8
CUT
 10
1211.9593320064641
 20
1033.1083888453688
 30
0.0
 70
0
  0
VERTEX
  5
521
  8
CUT
 10
1222.7127905585182
 20
1037.5245725179816
 30
0.0
 70
0
  0
VERTEX
  5
522
  8
CUT
 10
1233.5646824297132
 20
1041.4734233170948
 30
0.0
 70
0
  0
VERTEX
  5
523
  8
CUT
 10
1244.4811814934149
 20
1044.9750831744936
 30
0.0
 70
0
  0
VERTEX
  5
524
  8
CUT
 10
1255.4317429957612
 20
1048.0520349186436
 30
0.0
 70
0
  0
VERTEX
  5
525
  8
CUT
 10
1266.3893348764145
 20
1050.7285841926955
 30
0.0
 70
0
  0
VERTEX
  5
526
  8
CUT
 10
1277.3305719029522
 20
1053.0303826032145
 30
0.0
 70
0
  0
VERTEX
  5
527
  8
CUT
 10
1288.235766989138
 20
1054.9840051649805
 30
0.0
 70
0
  0
VERTEX
  5
528
  8
CUT
 10
1299.0889156704077
 20
1056.6165920202184
 30
0.0
 70
0
  0
VERTEX
  5
529
  8
CUT
 10
1309.8776304044313
 20
1057.9555623230538
 30
0.0
 70
0
  0
VERTEX
  5
52A
  8
CUT
 10
1320.5930414751708
 20
1059.028407543177
 30
0.0
 70
0
  0
VERTEX
  5
52B
  8
CUT
 10
1331.2296811897922
 20
1059.8625729312457
 30
0.0
 70
0
  0
VERTEX
  5
52C
  8
CUT
 10
1341.7853682459688
 20
1060.4854407672865
 30
0.0
 70
0
  0
VERTEX
  5
52D
  8
CUT
 10
1352.261110292349
 20
1060.9244400203222
 30
0.0
 70
0
  0
VERTEX
  5
52E
  8
CUT
 10
1362.6610459892383
 20
1061.2073308064926
 30
0.0
 70
0
  0
VERTEX
  5
52F
  8
CUT
 10
1372.9924558285527
 20
1061.3627667412884
 30
0.0
 70
0
  0
VERTEX
  5
530
  8
CUT
 10
1383.2658902488847
 20
1061.4213838037238
 30
0.0
 70
0
  0
VERTEX
  5
531
  8
CUT
 10
1393.4955168330291
 20
1061.4181645906292
 30
0.0
 70
0
  0
VERTEX
  5
532
  8
CUT
 10
1403.7
 20
1061.4
 30
0.0
 70
0
  0
VERTEX
  5
533
  8
CUT
 10
1413.904483166971
 20
1061.4181645906292
 30
0.0
 70
0
  0
VERTEX
  5
534
  8
CUT
 10
1424.1341097511154
 20
1061.4213838037238
 30
0.0
 70
0
  0
VERTEX
  5
535
  8
CUT
 10
1434.4075441714474
 20
1061.3627667412884
 30
0.0
 70
0
  0
VERTEX
  5
536
  8
CUT
 10
1444.738954010762
 20
1061.2073308064926
 30
0.0
 70
0
  0
VERTEX
  5
537
  8
CUT
 10
1455.1388897076513
 20
1060.9244400203222
 30
0.0
 70
0
  0
VERTEX
  5
538
  8
CUT
 10
1465.6146317540315
 20
1060.4854407672865
 30
0.0
 70
0
  0
VERTEX
  5
539
  8
CUT
 10
1476.1703188102078
 20
1059.8625729312457
 30
0.0
 70
0
  0
VERTEX
  5
53A
  8
CUT
 10
1486.8069585248295
 20
1059.028407543177
 30
0.0
 70
0
  0
VERTEX
  5
53B
  8
CUT
 10
1497.5223695955688
 20
1057.9555623230538
 30
0.0
 70
0
  0
VERTEX
  5
53C
  8
CUT
 10
1508.3110843295924
 20
1056.6165920202184
 30
0.0
 70
0
  0
VERTEX
  5
53D
  8
CUT
 10
1519.164233010862
 20
1054.9840051649805
 30
0.0
 70
0
  0
VERTEX
  5
53E
  8
CUT
 10
1530.0694280970479
 20
1053.0303826032145
 30
0.0
 70
0
  0
VERTEX
  5
53F
  8
CUT
 10
1541.0106651235853
 20
1050.7285841926955
 30
0.0
 70
0
  0
VERTEX
  5
540
  8
CUT
 10
1551.968257004239
 20
1048.0520349186436
 30
0.0
 70
0
  0
VERTEX
  5
541
  8
CUT
 10
1562.9188185065852
 20
1044.9750831744936
 30
0.0
 70
0
  0
VERTEX
  5
542
  8
CUT
 10
1573.8353175702869
 20
1041.4734233170948
 30
0.0
 70
0
  0
VERTEX
  5
543
  8
CUT
 10
1584.6872094414819
 20
1037.5245725179816
 30
0.0
 70
0
  0
VERTEX
  5
544
  8
CUT
 10
1595.440667993536
 20
1033.1083888453688
 30
0.0
 70
0
  0
VERTEX
  5
545
  8
CUT
 10
1606.058925834584
 20
1028.2076138215555
 30
0.0
 70
0
  0
VERTEX
  5
546
  8
CUT
 10
1616.502730701904
 20
1022.8084188278524
 30
0.0
 70
0
  0
VERTEX
  5
547
  8
CUT
 10
1626.730920181354
 20
1016.9009311472826
 30
0.0
 70
0
  0
VERTEX
  5
548
  8
CUT
 10
1636.7011101072537
 20
1010.4797126629155
 30
0.0
 70
0
  0
VERTEX
  5
549
  8
CUT
 10
1646.37048443281
 20
1003.5441627937594
 30
0.0
 70
0
  0
VERTEX
  5
54A
  8
CUT
 10
1655.6966664532943
 20
996.0988176241201
 30
0.0
 70
0
  0
VERTEX
  5
54B
  8
CUT
 10
1664.6386437251372
 20
988.1535197096624
 30
0.0
 70
0
  0
VERTEX
  5
54C
  8
CUT
 10
1673.1577126690722
 20
979.7234378597234
 30
0.0
 70
0
  0
VERTEX
  5
54D
  8
CUT
 10
1681.2184044918356
 20
970.8289231675126
 30
0.0
 70
0
  0
VERTEX
  5
54E
  8
CUT
 10
1688.7893524055776
 20
961.495196258654
 30
0.0
 70
0
  0
VERTEX
  5
54F
  8
CUT
 10
1695.8440616219082
 20
951.7518704498405
 30
0.0
 70
0
  0
VERTEX
  5
550
  8
CUT
 10
1702.3615483669428
 20
941.6323253462449
 30
0.0
 70
0
  0
VERTEX
  5
551
  8
CUT
 10
1708.3268219448614
 20
931.1729543651447
 30
0.0
 70
0
  0
VERTEX
  5
552
  8
CUT
 10
1713.7311940575482
 20
920.4123168138531
 30
0.0
 70
0
  0
VERTEX
  5
553
  8
CUT
 10
1718.5724112972407
 20
909.3902297217993
 30
0.0
 70
0
  0
VERTEX
  5
554
  8
CUT
 10
1722.8546189967701
 20
898.1468361711226
 30
0.0
 70
0
  0
VERTEX
  5
555
  8
CUT
 10
1726.588176569904
 20
886.721685267935
 30
0.0
 70
0
  0
VERTEX
  5
556
  8
CUT
 10
1729.7893555346748
 20
875.1528543451108
 30
0.0
 70
0
  0
VERTEX
  5
557
  8
CUT
 10
1732.4799615735506
 20
863.4761369111739
 30
0.0
 70
0
  0
VERTEX
  5
558
  8
CUT
 10
1734.6869321288502
 20
851.7243107548777
 30
0.0
 70
0
  0
VERTEX
  5
559
  8
CUT
 10
1736.4419735782826
 20
839.9264898270972
 30
0.0
 70
0
  0
VERTEX
  5
55A
  8
CUT
 10
1737.7813224863103
 20
828.1075509051022
 30
0.0
 70
0
  0
VERTEX
  5
55B
  8
CUT
 10
1738.7457567359731
 20
816.2876103151682
 30
0.0
 70
0
  0
VERTEX
  5
55C
  8
CUT
 10
1739.3810791071994
 20
804.4815031127193
 30
0.0
 70
0
  0
VERTEX
  5
55D
  8
CUT
 10
1739.7395602931865
 20
792.6981751382017
 30
0.0
 70
0
  0
VERTEX
  5
55E
  8
CUT
 10
1739.883753057697
 20
780.9397953473986
 30
0.0
 70
0
  0
VERTEX
  5
55F
  8
CUT
 10
1739.9
 20
769.2
 30
0.0
 70
0
  0
SEQEND
  5
4AB
  8
CUT
  0
POLYLINE
  5
560
  8
CUT
 66
1
 10
0.0
 20
0.0
 30
0.0
 70
1
  0
VERTEX
  5
562
  8
CUT
 10
1771.3930776469965
 20
821.0583320218615
 30
0.0
 42
0.41421356237309503
 70
0
  0
VERTEX
  5
563
  8
CUT
 10
1768.733065245221
 20
817.397139043828
 30
0.0
 42
0.41421356237309503
 70
0
  0
VERTEX
  5
564
  8
CUT
 10
1772.3942582232544
 20
814.7371266420524
 30
0.0
 42
0.41421356237309503
 70
0
  0
VERTEX
  5
565
  8
CUT
 10
1775.0542706250299
 20
818.3983196200858
 30
0.0
 70
0
  0
VERTEX
  5
566
  8
CUT
 10
1809.2282872096216
 20
823.8109521104777
 30
0.0
 42
0.41421356237309503
 70
0
  0
VERTEX
  5
567
  8
CUT
 10
1812.889480187655
 20
821.1509397087021
 30
0.0
 42
0.41421356237309503
 70
0
  0
VERTEX
  5
568
  8
CUT
 10
1815.5494925894304
 20
824.8121326867354
 30
0.0
 42
0.41421356237309503
 70
0
  0
VERTEX
  5
569
  8
CUT
 10
1811.8882996113973
 20
827.472145088511
 30
0.0
 70
0
  0
VERTEX
  5
56A
  8
CUT
 10
1809.9172253518905
 20
839.9170181800097
 30
0.0
 42
0.41421356237309503
 70
0
  0
VERTEX
  5
56B
  8
CUT
 10
1812.5772377536664
 20
843.5782111580429
 30
0.0
 42
0.41421356237309503
 70
0
  0
VERTEX
  5
56C
  8
CUT
 10
1808.916044775633
 20
846.2382235598187
 30
0.0
 42
0.41421356237309503
 70
0
  0
VERTEX
  5
56D
  8
CUT
 10
1806.2560323738571
 20
842.5770305817854
 30
0.0
 70
0
  0
VERTEX
  5
56E
  8
CUT
 10
1772.0820157892654
 20
837.1643980913934
 30
0.0
 42
0.41421356237309503
 70
0
  0
VERTEX
  5
56F
  8
CUT
 10
1768.420822811232
 20
839.824410493169
 30
0.0
 42
0.41421356237309503
 70
0
  0
VERTEX
  5
570
  8
CUT
 10
1765.7608104094566
 20
836.1632175151358
 30
0.0
 42
0.41421356237309503
 70
0
  0
VERTEX
  5
571
  8
CUT
 10
1769.4220033874897
 20
833.5032051133602
 30
0.0
 70
0
  0
SEQEND
  5
561
  8
CUT
  0
POLYLINE
  5
572
  8
CUT
 66
1
 10
0.0
 20
0.0
 30
0.0
 70
1
  0
VERTEX
  5
574
  8
CUT
 10
1742.9172648876076
 20
934.9691740710325
 30
0.0
 42
0.41421356237309503
 70
0
  0
VERTEX
  5
575
  8
CUT
 10
1741.5188136093714
 20
930.6651835944633
 30
0.0
 42
0.41421356237309503
 70
0
  0
VERTEX
  5
576
  8
CUT
 10
1745.8228040859406
 20
929.266732316227
 30
0.0
 42
0.41421356237309503
 70
0
  0
VERTEX
  5
577
  8
CUT
 10
1747.2212553641768
 20
933.5707227927963
 30
0.0
 70
0
  0
VERTEX
  5
578
  8
CUT
 10
1778.0500811010945
 20
949.2787940837846
 30
0.0
 42
0.41421356237309503
 70
0
  0
VERTEX
  5
579
  8
CUT
 10
1782.3540715776637
 20
947.8803428055485
 30
0.0
 42
0.41421356237309503
 70
0
  0
VERTEX
  5
57A
  8
CUT
 10
1783.7525228559
 20
952.1843332821178
 30
0.0
 42
0.41421356237309503
 70
0
  0
VERTEX
  5
57B
  8
CUT
 10
1779.4485323793306
 20
953.582784560354
 30
0.0
 70
0
  0
VERTEX
  5
57C
  8
CUT
 10
1773.7282520826125
 20
964.8094667651275
 30
0.0
 42
0.41421356237309503
 70
0
  0
VERTEX
  5
57D
  8
CUT
 10
1775.1267033608485
 20
969.113457241697
 30
0.0
 42
0.41421356237309503
 70
0
  0
VERTEX
  5
57E
  8
CUT
 10
1770.822712884279
 20
970.5119085199331
 30
0.0
 42
0.41421356237309503
 70
0
  0
VERTEX
  5
57F
  8
CUT
 10
1769.424261606043
 20
966.2079180433636
 30
0.0
 70
0
  0
VERTEX
  5
580
  8
CUT
 10
1738.5954358691256
 20
950.4998467523753
 30
0.0
 42
0.41421356237309503
 70
0
  0
VERTEX
  5
581
  8
CUT
 10
1734.2914453925564
 20
951.8982980306117
 30
0.0
 42
0.41421356237309503
 70
0
  0
VERTEX
  5
582
  8
CUT
 10
1732.8929941143201
 20
947.5943075540424
 30
0.0
 42
0.41421356237309503
 70
0
  0
VERTEX
  5
583
  8
CUT
 10
1737.1969845908893
 20
946.195856275806
 30
0.0
 70
0
  0
SEQEND
  5
573
  8
CUT
  0
POLYLINE
  5
584
  8
CUT
 66
1
 10
0.0
 20
0.0
 30
0.0
 70
1
  0
VERTEX
  5
586
  8
CUT
 10
1669.0118118250753
 20
1025.602266382125
 30
0.0
 42
0.41421356237309503
 70
0
  0
VERTEX
  5
587
  8
CUT
 10
1669.0118118250753
 20
1021.0767829825309
 30
0.0
 42
0.41421356237309503
 70
0
  0
VERTEX
  5
588
  8
CUT
 10
1673.5372952246694
 20
1021.0767829825309
 30
0.0
 42
0.41421356237309503
 70
0
  0
VERTEX
  5
589
  8
CUT
 10
1673.5372952246694
 20
1025.602266382125
 30
0.0
 70
0
  0
VERTEX
  5
58A
  8
CUT
 10
1698.0031898537238
 20
1050.0681610111794
 30
0.0
 42
0.41421356237309503
 70
0
  0
VERTEX
  5
58B
  8
CUT
 10
1702.5286732533177
 20
1050.0681610111794
 30
0.0
 42
0.41421356237309503
 70
0
  0
VERTEX
  5
58C
  8
CUT
 10
1702.5286732533177
 20
1054.593644410773
 30
0.0
 42
0.41421356237309503
 70
0
  0
VERTEX
  5
58D
  8
CUT
 10
1698.0031898537238
 20
1054.5936444107733
 30
0.0
 70
0
  0
VERTEX
  5
58E
  8
CUT
 10
1689.0936444107733
 20
1063.5031898537238
 30
0.0
 42
0.41421356237309503
 70
0
  0
VERTEX
  5
58F
  8
CUT
 10
1689.0936444107733
 20
1068.0286732533175
 30
0.0
 42
0.41421356237309503
 70
0
  0
VERTEX
  5
590
  8
CUT
 10
1684.5681610111797
 20
1068.0286732533177
 30
0.0
 42
0.41421356237309503
 70
0
  0
VERTEX
  5
591
  8
CUT
 10
1684.5681610111794
 20
1063.5031898537238
 30
0.0
 70
0
  0
VERTEX
  5
592
  8
CUT
 10
1660.102266382125
 20
1039.0372952246694
 30
0.0
 42
0.41421356237309503
 70
0
  0
VERTEX
  5
593
  8
CUT
 10
1655.5767829825309
 20
1039.0372952246694
 30
0.0
 42
0.41421356237309503
 70
0
  0
VERTEX
  5
594
  8
CUT
 10
1655.5767829825309
 20
1034.5118118250753
 30
0.0
 42
0.41421356237309503
 70
0
  0
VERTEX
  5
595
  8
CUT
 10
1660.102266382125
 20
1034.5118118250753
 30
0.0
 70
0
  0
SEQEND
  5
585
  8
CUT
  0
POLYLINE
  5
596
  8
CUT
 66
1
 10
0.0
 20
0.0
 30
0.0
 70
1
  0
VERTEX
  5
598
  8
CUT
 10
1566.8568241876467
 20
1075.536354828645
 30
0.0
 42
0.41421356237309503
 70
0
  0
VERTEX
  5
599
  8
CUT
 10
1568.2552754658832
 20
1071.2323643520756
 30
0.0
 42
0.41421356237309503
 70
0
  0
VERTEX
  5
59A
  8
CUT
 10
1572.5592659424526
 20
1072.630815630312
 30
0.0
 42
0.41421356237309503
 70
0
  0
VERTEX
  5
59B
  8
CUT
 10
1571.160814664216
 20
1076.9348061068813
 30
0.0
 70
0
  0
VERTEX
  5
59C
  8
CUT
 10
1586.8688859552044
 20
1107.7636318437987
 30
0.0
 42
0.41421356237309503
 70
0
  0
VERTEX
  5
59D
  8
CUT
 10
1591.1728764317738
 20
1109.1620831220353
 30
0.0
 42
0.41421356237309503
 70
0
  0
VERTEX
  5
59E
  8
CUT
 10
1589.7744251535373
 20
1113.4660735986047
 30
0.0
 42
0.41421356237309503
 70
0
  0
VERTEX
  5
59F
  8
CUT
 10
1585.4704346769681
 20
1112.0676223203682
 30
0.0
 70
0
  0
VERTEX
  5
5A0
  8
CUT
 10
1574.2437524721945
 20
1117.7879026170863
 30
0.0
 42
0.41421356237309503
 70
0
  0
VERTEX
  5
5A1
  8
CUT
 10
1572.8453011939582
 20
1122.0918930936555
 30
0.0
 42
0.41421356237309503
 70
0
  0
VERTEX
  5
5A2
  8
CUT
 10
1568.541310717389
 20
1120.6934418154192
 30
0.0
 42
0.41421356237309503
 70
0
  0
VERTEX
  5
5A3
  8
CUT
 10
1569.9397619956253
 20
1116.3894513388502
 30
0.0
 70
0
  0
VERTEX
  5
5A4
  8
CUT
 10
1554.231690704637
 20
1085.5606256019325
 30
0.0
 42
0.41421356237309503
 70
0
  0
VERTEX
  5
5A5
  8
CUT
 10
1549.9277002280678
 20
1084.1621743236963
 30
0.0
 42
0.41421356237309503
 70
0
  0
VERTEX
  5
5A6
  8
CUT
 10
1551.326151506304
 20
1079.858183847127
 30
0.0
 42
0.41421356237309503
 70
0
  0
VERTEX
  5
5A7
  8
CUT
 10
1555.6301419828733
 20
1081.2566351253633
 30
0.0
 70
0
  0
SEQEND
  5
597
  8
CUT
  0
POLYLINE
  5
5A8
  8
CUT
 66
1
 10
0.0
 20
0.0
 30
0.0
 70
1
  0
VERTEX
  5
5AA
  8
CUT
 10
1461.236383351781
 20
1092.197972240782
 30
0.0
 42
0.41421356237309503
 70
0
  0
VERTEX
  5
5AB
  8
CUT
 10
1463.8963957535566
 20
1088.536779262749
 30
0.0
 42
0.41421356237309503
 70
0
  0
VERTEX
  5
5AC
  8
CUT
 10
1467.5575887315897
 20
1091.1967916645247
 30
0.0
 42
0.41421356237309503
 70
0
  0
VERTEX
  5
5AD
  8
CUT
 10
1464.897576329814
 20
1094.8579846425578
 30
0.0
 70
0
  0
VERTEX
  5
5AE
  8
CUT
 10
1470.310208820206
 20
1129.0320012271495
 30
0.0
 42
0.41421356237309503
 70
0
  0
VERTEX
  5
5AF
  8
CUT
 10
1473.9714017982392
 20
1131.6920136289252
 30
0.0
 42
0.41421356237309503
 70
0
  0
VERTEX
  5
5B0
  8
CUT
 10
1471.3113893964635
 20
1135.3532066069583
 30
0.0
 42
0.41421356237309503
 70
0
  0
VERTEX
  5
5B1
  8
CUT
 10
1467.6501964184304
 20
1132.6931942051826
 30
0.0
 70
0
  0
VERTEX
  5
5B2
  8
CUT
 10
1455.2053233269316
 20
1134.6642684646897
 30
0.0
 42
0.41421356237309503
 70
0
  0
VERTEX
  5
5B3
  8
CUT
 10
1452.545310925156
 20
1138.325461442723
 30
0.0
 42
0.41421356237309503
 70
0
  0
VERTEX
  5
5B4
  8
CUT
 10
1448.8841179471226
 20
1135.6654490409471
 30
0.0
 42
0.41421356237309503
 70
0
  0
VERTEX
  5
5B5
  8
CUT
 10
1451.5441303488983
 20
1132.004256062914
 30
0.0
 70
0
  0
VERTEX
  5
5B6
  8
CUT
 10
1446.1314978585065
 20
1097.8302394783223
 30
0.0
 42
0.41421356237309503
 70
0
  0
VERTEX
  5
5B7
  8
CUT
 10
1442.4703048804731
 20
1095.1702270765466
 30
0.0
 42
0.41421356237309503
 70
0
  0
VERTEX
  5
5B8
  8
CUT
 10
1445.130317282249
 20
1091.5090340985132
 30
0.0
 42
0.41421356237309503
 70
0
  0
VERTEX
  5
5B9
  8
CUT
 10
1448.7915102602822
 20
1094.169046500289
 30
0.0
 70
0
  0
SEQEND
  5
5A9
  8
CUT
  0
POLYLINE
  5
5BA
  8
CUT
 66
1
 10
0.0
 20
0.0
 30
0.0
 70
1
  0
VERTEX
  5
5BC
  8
CUT
 10
1358.6084897397182
 20
1094.169046500289
 30
0.0
 42
0.41421356237309503
 70
0
  0
VERTEX
  5
5BD
  8
CUT
 10
1362.2696827177515
 20
1091.5090340985134
 30
0.0
 42
0.41421356237309503
 70
0
  0
VERTEX
  5
5BE
  8
CUT
 10
1364.929695119527
 20
1095.1702270765468
 30
0.0
 42
0.41421356237309503
 70
0
  0
VERTEX
  5
5BF
  8
CUT
 10
1361.2685021414936
 20
1097.8302394783223
 30
0.0
 70
0
  0
VERTEX
  5
5C0
  8
CUT
 10
1355.8558696511018
 20
1132.004256062914
 30
0.0
 42
0.41421356237309503
 70
0
  0
VERTEX
  5
5C1
  8
CUT
 10
1358.5158820528777
 20
1135.6654490409471
 30
0.0
 42
0.41421356237309503
 70
0
  0
VERTEX
  5
5C2
  8
CUT
 10
1354.8546890748444
 20
1138.325461442723
 30
0.0
 42
0.41421356237309503
 70
0
  0
VERTEX
  5
5C3
  8
CUT
 10
1352.1946766730684
 20
1134.6642684646897
 30
0.0
 70
0
  0
VERTEX
  5
5C4
  8
CUT
 10
1339.7498035815697
 20
1132.6931942051826
 30
0.0
 42
0.41421356237309503
 70
0
  0
VERTEX
  5
5C5
  8
CUT
 10
1336.0886106035364
 20
1135.3532066069579
 30
0.0
 42
0.41421356237309503
 70
0
  0
VERTEX
  5
5C6
  8
CUT
 10
1333.4285982017611
 20
1131.6920136289248
 30
0.0
 42
0.41421356237309503
 70
0
  0
VERTEX
  5
5C7
  8
CUT
 10
1337.0897911797942
 20
1129.0320012271495
 30
0.0
 70
0
  0
VERTEX
  5
5C8
  8
CUT
 10
1342.502423670186
 20
1094.8579846425578
 30
0.0
 42
0.41421356237309503
 70
0
  0
VERTEX
  5
5C9
  8
CUT
 10
1339.8424112684106
 20
1091.1967916645244
 30
0.0
 42
0.41421356237309503
 70
0
  0
VERTEX
  5
5CA
  8
CUT
 10
1343.503604246444
 20
1088.536779262749
 30
0.0
 42
0.41421356237309503
 70
0
  0
VERTEX
  5
5CB
  8
CUT
 10
1346.1636166482194
 20
1092.197972240782
 30
0.0
 70
0
  0
SEQEND
  5
5BB
  8
CUT
  0
POLYLINE
  5
5CC
  8
CUT
 66
1
 10
0.0
 20
0.0
 30
0.0
 70
1
  0
VERTEX
  5
5CE
  8
CUT
 10
1251.7698580171268
 20
1081.2566351253633
 30
0.0
 42
0.41421356237309503
 70
0
  0
VERTEX
  5
5CF
  8
CUT
 10
1256.073848493696
 20
1079.858183847127
 30
0.0
 42
0.41421356237309503
 70
0
  0
VERTEX
  5
5D0
  8
CUT
 10
1257.4722997719323
 20
1084.1621743236963
 30
0.0
 42
0.41421356237309503
 70
0
  0
VERTEX
  5
5D1
  8
CUT
 10
1253.168309295363
 20
1085.5606256019325
 30
0.0
 70
0
  0
VERTEX
  5
5D2
  8
CUT
 10
1237.4602380043748
 20
1116.3894513388502
 30
0.0
 42
0.41421356237309503
 70
0
  0
VERTEX
  5
5D3
  8
CUT
 10
1238.858689282611
 20
1120.6934418154192
 30
0.0
 42
0.41421356237309503
 70
0
  0
VERTEX
  5
5D4
  8
CUT
 10
1234.5546988060419
 20
1122.0918930936555
 30
0.0
 42
0.41421356237309503
 70
0
  0
VERTEX
  5
5D5
  8
CUT
 10
1233.1562475278056
 20
1117.7879026170863
 30
0.0
 70
0
  0
VERTEX
  5
5D6
  8
CUT
 10
1221.929565323032
 20
1112.0676223203682
 30
0.0
 42
0.41421356237309503
 70
0
  0
VERTEX
  5
5D7
  8
CUT
 10
1217.6255748464628
 20
1113.4660735986047
 30
0.0
 42
0.41421356237309503
 70
0
  0
VERTEX
  5
5D8
  8
CUT
 10
1216.2271235682263
 20
1109.1620831220353
 30
0.0
 42
0.41421356237309503
 70
0
  0
VERTEX
  5
5D9
  8
CUT
 10
1220.5311140447957
 20
1107.7636318437987
 30
0.0
 70
0
  0
VERTEX
  5
5DA
  8
CUT
 10
1236.239185335784
 20
1076.9348061068813
 30
0.0
 42
0.41421356237309503
 70
0
  0
VERTEX
  5
5DB
  8
CUT
 10
1234.8407340575475
 20
1072.630815630312
 30
0.0
 42
0.41421356237309503
 70
0
  0
VERTEX
  5
5DC
  8
CUT
 10
1239.144724534117
 20
1071.2323643520756
 30
0.0
 42
0.41421356237309503
 70
0
  0
VERTEX
  5
5DD
  8
CUT
 10
1240.5431758123534
 20
1075.536354828645
 30
0.0
 70
0
  0
SEQEND
  5
5CD
  8
CUT
  0
POLYLINE
  5
5DE
  8
CUT
 66
1
 10
0.0
 20
0.0
 30
0.0
 70
1
  0
VERTEX
  5
5E0
  8
CUT
 10
1147.2977336178753
 20
1034.5118118250755
 30
0.0
 42
0.41421356237309503
 70
0
  0
VERTEX
  5
5E1
  8
CUT
 10
1151.8232170174692
 20
1034.5118118250755
 30
0.0
 42
0.41421356237309503
 70
0
  0
VERTEX
  5
5E2
  8
CUT
 10
1151.8232170174692
 20
1039.0372952246692
 30
0.0
 42
0.41421356237309503
 70
0
  0
VERTEX
  5
5E3
  8
CUT
 10
1147.2977336178753
 20
1039.0372952246694
 30
0.0
 70
0
  0
VERTEX
  5
5E4
  8
CUT
 10
1122.8318389888207
 20
1063.5031898537238
 30
0.0
 42
0.41421356237309503
 70
0
  0
VERTEX
  5
5E5
  8
CUT
 10
1122.831838988821
 20
1068.0286732533175
 30
0.0
 42
0.41421356237309503
 70
0
  0
VERTEX
  5
5E6
  8
CUT
 10
1118.306355589227
 20
1068.0286732533177
 30
0.0
 42
0.41421356237309503
 70
0
  0
VERTEX
  5
5E7
  8
CUT
 10
1118.3063555892268
 20
1063.5031898537238
 30
0.0
 70
0
  0
VERTEX
  5
5E8
  8
CUT
 10
1109.3968101462763
 20
1054.5936444107733
 30
0.0
 42
0.41421356237309503
 70
0
  0
VERTEX
  5
5E9
  8
CUT
 10
1104.8713267466824
 20
1054.593644410773
 30
0.0
 42
0.41421356237309503
 70
0
  0
VERTEX
  5
5EA
  8
CUT
 10
1104.8713267466826
 20
1050.0681610111792
 30
0.0
 42
0.41421356237309503
 70
0
  0
VERTEX
  5
5EB
  8
CUT
 10
1109.3968101462763
 20
1050.0681610111794
 30
0.0
 70
0
  0
VERTEX
  5
5EC
  8
CUT
 10
1133.862704775331
 20
1025.602266382125
 30
0.0
 42
0.41421356237309503
 70
0
  0
VERTEX
  5
5ED
  8
CUT
 10
1133.8627047753307
 20
1021.0767829825311
 30
0.0
 42
0.41421356237309503
 70
0
  0
VERTEX
  5
5EE
  8
CUT
 10
1138.3881881749246
 20
1021.0767829825311
 30
0.0
 42
0.41421356237309503
 70
0
  0
VERTEX
  5
5EF
  8
CUT
 10
1138.3881881749248
 20
1025.602266382125
 30
0.0
 70
0
  0
SEQEND
  5
5DF
  8
CUT
  0
POLYLINE
  5
5F0
  8
CUT
 66
1
 10
0.0
 20
0.0
 30
0.0
 70
1
  0
VERTEX
  5
5F2
  8
CUT
 10
1070.2030154091108
 20
946.195856275806
 30
0.0
 42
0.41421356237309503
 70
0
  0
VERTEX
  5
5F3
  8
CUT
 10
1074.50700588568
 20
947.5943075540424
 30
0.0
 42
0.41421356237309503
 70
0
  0
VERTEX
  5
5F4
  8
CUT
 10
1073.1085546074437
 20
951.8982980306117
 30
0.0
 42
0.41421356237309503
 70
0
  0
VERTEX
  5
5F5
  8
CUT
 10
1068.8045641308745
 20
950.4998467523753
 30
0.0
 70
0
  0
VERTEX
  5
5F6
  8
CUT
 10
1037.975738393957
 20
966.2079180433636
 30
0.0
 42
0.41421356237309503
 70
0
  0
VERTEX
  5
5F7
  8
CUT
 10
1036.5772871157208
 20
970.5119085199328
 30
0.0
 42
0.41421356237309503
 70
0
  0
VERTEX
  5
5F8
  8
CUT
 10
1032.2732966391516
 20
969.1134572416966
 30
0.0
 42
0.41421356237309503
 70
0
  0
VERTEX
  5
5F9
  8
CUT
 10
1033.6717479173878
 20
964.8094667651275
 30
0.0
 70
0
  0
VERTEX
  5
5FA
  8
CUT
 10
1027.9514676206695
 20
953.582784560354
 30
0.0
 42
0.41421356237309503
 70
0
  0
VERTEX
  5
5FB
  8
CUT
 10
1023.6474771441002
 20
952.1843332821177
 30
0.0
 42
0.41421356237309503
 70
0
  0
VERTEX
  5
5FC
  8
CUT
 10
1025.0459284223366
 20
947.8803428055484
 30
0.0
 42
0.41421356237309503
 70
0
  0
VERTEX
  5
5FD
  8
CUT
 10
1029.3499188989058
 20
949.2787940837846
 30
0.0
 70
0
  0
VERTEX
  5
5FE
  8
CUT
 10
1060.1787446358233
 20
933.5707227927963
 30
0.0
 42
0.41421356237309503
 70
0
  0
VERTEX
  5
5FF
  8
CUT
 10
1061.5771959140595
 20
929.2667323162271
 30
0.0
 42
0.41421356237309503
 70
0
  0
VERTEX
  5
600
  8
CUT
 10
1065.8811863906287
 20
930.6651835944632
 30
0.0
 42
0.41421356237309503
 70
0
  0
VERTEX
  5
601
  8
CUT
 10
1064.4827351123924
 20
934.9691740710325
 30
0.0
 70
0
  0
SEQEND
  5
5F1
  8
CUT
  0
POLYLINE
  5
602
  8
CUT
 66
1
 10
0.0
 20
0.0
 30
0.0
 70
1
  0
VERTEX
  5
604
  8
CUT
 10
1037.9779966125104
 20
833.5032051133603
 30
0.0
 42
0.41421356237309503
 70
0
  0
VERTEX
  5
605
  8
CUT
 10
1041.6391895905435
 20
836.163217515136
 30
0.0
 42
0.41421356237309503
 70
0
  0
VERTEX
  5
606
  8
CUT
 10
1038.9791771887678
 20
839.8244104931691
 30
0.0
 42
0.41421356237309503
 70
0
  0
VERTEX
  5
607
  8
CUT
 10
1035.3179842107347
 20
837.1643980913934
 30
0.0
 70
0
  0
VERTEX
  5
608
  8
CUT
 10
1001.1439676261429
 20
842.5770305817855
 30
0.0
 42
0.41421356237309503
 70
0
  0
VERTEX
  5
609
  8
CUT
 10
998.483955224367
 20
846.2382235598187
 30
0.0
 42
0.41421356237309503
 70
0
  0
VERTEX
  5
60A
  8
CUT
 10
994.8227622463338
 20
843.5782111580429
 30
0.0
 42
0.41421356237309503
 70
0
  0
VERTEX
  5
60B
  8
CUT
 10
997.4827746481096
 20
839.9170181800098
 30
0.0
 70
0
  0
VERTEX
  5
60C
  8
CUT
 10
995.5117003886028
 20
827.4721450885111
 30
0.0
 42
0.41421356237309503
 70
0
  0
VERTEX
  5
60D
  8
CUT
 10
991.8505074105695
 20
824.8121326867355
 30
0.0
 42
0.41421356237309503
 70
0
  0
VERTEX
  5
60E
  8
CUT
 10
994.5105198123451
 20
821.1509397087023
 30
0.0
 42
0.41421356237309503
 70
0
  0
VERTEX
  5
60F
  8
CUT
 10
998.1717127903785
 20
823.8109521104778
 30
0.0
 70
0
  0
VERTEX
  5
610
  8
CUT
 10
1032.3457293749702
 20
818.3983196200859
 30
0.0
 42
0.41421356237309503
 70
0
  0
VERTEX
  5
611
  8
CUT
 10
1035.005741776746
 20
814.7371266420528
 30
0.0
 42
0.41421356237309503
 70
0
  0
VERTEX
  5
612
  8
CUT
 10
1038.666934754779
 20
817.3971390438285
 30
0.0
 42
0.41421356237309503
 70
0
  0
VERTEX
  5
613
  8
CUT
 10
1036.0069223530033
 20
821.0583320218616
 30
0.0
 70
0
  0
SEQEND
  5
603
  8
CUT
  0
POLYLINE
  5
614
  8
CUT
 66
1
 10
0.0
 20
0.0
 30
0.0
 70
1
  0
VERTEX
  5
616
  8
CUT
 10
1036.0069223530036
 20
717.3416679781387
 30
0.0
 42
0.41421356237309503
 70
0
  0
VERTEX
  5
617
  8
CUT
 10
1038.6669347547795
 20
721.002860956172
 30
0.0
 42
0.41421356237309503
 70
0
  0
VERTEX
  5
618
  8
CUT
 10
1035.0057417767462
 20
723.6628733579478
 30
0.0
 42
0.41421356237309503
 70
0
  0
VERTEX
  5
619
  8
CUT
 10
1032.3457293749702
 20
720.0016803799144
 30
0.0
 70
0
  0
VERTEX
  5
61A
  8
CUT
 10
998.1717127903785
 20
714.5890478895225
 30
0.0
 42
0.41421356237309503
 70
0
  0
VERTEX
  5
61B
  8
CUT
 10
994.5105198123453
 20
717.2490602912981
 30
0.0
 42
0.41421356237309503
 70
0
  0
VERTEX
  5
61C
  8
CUT
 10
991.8505074105697
 20
713.5878673132648
 30
0.0
 42
0.41421356237309503
 70
0
  0
VERTEX
  5
61D
  8
CUT
 10
995.5117003886028
 20
710.9278549114892
 30
0.0
 70
0
  0
VERTEX
  5
61E
  8
CUT
 10
997.4827746481097
 20
698.4829818199905
 30
0.0
 42
0.41421356237309503
 70
0
  0
VERTEX
  5
61F
  8
CUT
 10
994.8227622463342
 20
694.8217888419573
 30
0.0
 42
0.41421356237309503
 70
0
  0
VERTEX
  5
620
  8
CUT
 10
998.4839552243674
 20
692.1617764401817
 30
0.0
 42
0.41421356237309503
 70
0
  0
VERTEX
  5
621
  8
CUT
 10
1001.143967626143
 20
695.8229694182148
 30
0.0
 70
0
  0
VERTEX
  5
622
  8
CUT
 10
1035.3179842107347
 20
701.2356019086069
 30
0.0
 42
0.41421356237309503
 70
0
  0
VERTEX
  5
623
  8
CUT
 10
1038.9791771887678
 20
698.5755895068312
 30
0.0
 42
0.41421356237309503
 70
0
  0
VERTEX
  5
624
  8
CUT
 10
1041.6391895905435
 20
702.2367824848643
 30
0.0
 42
0.41421356237309503
 70
0
  0
VERTEX
  5
625
  8
CUT
 10
1037.9779966125104
 20
704.89679488664
 30
0.0
 70
0
  0
SEQEND
  5
615
  8
CUT
  0
POLYLINE
  5
626
  8
CUT
 66
1
 10
0.0
 20
0.0
 30
0.0
 70
1
  0
VERTEX
  5
628
  8
CUT
 10
1064.4827351123924
 20
603.4308259289677
 30
0.0
 42
0.41421356237309503
 70
0
  0
VERTEX
  5
629
  8
CUT
 10
1065.8811863906287
 20
607.7348164055368
 30
0.0
 42
0.41421356237309503
 70
0
  0
VERTEX
  5
62A
  8
CUT
 10
1061.5771959140595
 20
609.133267683773
 30
0.0
 42
0.41421356237309503
 70
0
  0
VERTEX
  5
62B
  8
CUT
 10
1060.1787446358233
 20
604.8292772072039
 30
0.0
 70
0
  0
VERTEX
  5
62C
  8
CUT
 10
1029.3499188989056
 20
589.1212059162156
 30
0.0
 42
0.41421356237309503
 70
0
  0
VERTEX
  5
62D
  8
CUT
 10
1025.0459284223361
 20
590.5196571944515
 30
0.0
 42
0.41421356237309503
 70
0
  0
VERTEX
  5
62E
  8
CUT
 10
1023.6474771441002
 20
586.2156667178822
 30
0.0
 42
0.41421356237309503
 70
0
  0
VERTEX
  5
62F
  8
CUT
 10
1027.9514676206695
 20
584.8172154396462
 30
0.0
 70
0
  0
VERTEX
  5
630
  8
CUT
 10
1033.6717479173876
 20
573.5905332348729
 30
0.0
 42
0.41421356237309503
 70
0
  0
VERTEX
  5
631
  8
CUT
 10
1032.273296639151
 20
569.2865427583035
 30
0.0
 42
0.41421356237309503
 70
0
  0
VERTEX
  5
632
  8
CUT
 10
1036.5772871157205
 20
567.8880914800671
 30
0.0
 42
0.41421356237309503
 70
0
  0
VERTEX
  5
633
  8
CUT
 10
1037.975738393957
 20
572.1920819566366
 30
0.0
 70
0
  0
VERTEX
  5
634
  8
CUT
 10
1068.8045641308745
 20
587.9001532476249
 30
0.0
 42
0.41421356237309503
 70
0
  0
VERTEX
  5
635
  8
CUT
 10
1073.108554607444
 20
586.5017019693887
 30
0.0
 42
0.41421356237309503
 70
0
  0
VERTEX
  5
636
  8
CUT
 10
1074.50700588568
 20
590.805692445958
 30
0.0
 42
0.41421356237309503
 70
0
  0
VERTEX
  5
637
  8
CUT
 10
1070.2030154091108
 20
592.2041437241942
 30
0.0
 70
0
  0
SEQEND
  5
627
  8
CUT
  0
POLYLINE
  5
638
  8
CUT
 66
1
 10
0.0
 20
0.0
 30
0.0
 70
1
  0
VERTEX
  5
63A
  8
CUT
 10
1138.3881881749248
 20
512.7977336178753
 30
0.0
 42
0.41421356237309503
 70
0
  0
VERTEX
  5
63B
  8
CUT
 10
1138.3881881749248
 20
517.3232170174695
 30
0.0
 42
0.41421356237309503
 70
0
  0
VERTEX
  5
63C
  8
CUT
 10
1133.8627047753307
 20
517.3232170174695
 30
0.0
 42
0.41421356237309503
 70
0
  0
VERTEX
  5
63D
  8
CUT
 10
1133.8627047753307
 20
512.7977336178753
 30
0.0
 70
0
  0
VERTEX
  5
63E
  8
CUT
 10
1109.3968101462763
 20
488.33183898882083
 30
0.0
 42
0.41421356237309503
 70
0
  0
VERTEX
  5
63F
  8
CUT
 10
1104.8713267466824
 20
488.3318389888208
 30
0.0
 42
0.41421356237309503
 70
0
  0
VERTEX
  5
640
  8
CUT
 10
1104.8713267466826
 20
483.8063555892269
 30
0.0
 42
0.41421356237309503
 70
0
  0
VERTEX
  5
641
  8
CUT
 10
1109.3968101462763
 20
483.80635558922694
 30
0.0
 70
0
  0
VERTEX
  5
642
  8
CUT
 10
1118.3063555892268
 20
474.89681014627644
 30
0.0
 42
0.41421356237309503
 70
0
  0
VERTEX
  5
643
  8
CUT
 10
1118.306355589227
 20
470.3713267466825
 30
0.0
 42
0.41421356237309503
 70
0
  0
VERTEX
  5
644
  8
CUT
 10
1122.831838988821
 20
470.3713267466826
 30
0.0
 42
0.41421356237309503
 70
0
  0
VERTEX
  5
645
  8
CUT
 10
1122.8318389888207
 20
474.89681014627644
 30
0.0
 70
0
  0
VERTEX
  5
646
  8
CUT
 10
1147.297733617875
 20
499.362704775331
 30
0.0
 42
0.41421356237309503
 70
0
  0
VERTEX
  5
647
  8
CUT
 10
1151.823217017469
 20
499.36270477533094
 30
0.0
 42
0.41421356237309503
 70
0
  0
VERTEX
  5
648
  8
CUT
 10
1151.8232170174692
 20
503.88818817492484
 30
0.0
 42
0.41421356237309503
 70
0
  0
VERTEX
  5
649
  8
CUT
 10
1147.297733617875
 20
503.8881881749249
 30
0.0
 70
0
  0
SEQEND
  5
639
  8
CUT
  0
POLYLINE
  5
64A
  8
CUT
 66
1
 10
0.0
 20
0.0
 30
0.0
 70
1
  0
VERTEX
  5
64C
  8
CUT
 10
1240.5431758123534
 20
462.8636451713552
 30
0.0
 42
0.41421356237309503
 70
0
  0
VERTEX
  5
64D
  8
CUT
 10
1239.1447245341174
 20
467.16763564792456
 30
0.0
 42
0.41421356237309503
 70
0
  0
VERTEX
  5
64E
  8
CUT
 10
1234.840734057548
 20
465.7691843696884
 30
0.0
 42
0.41421356237309503
 70
0
  0
VERTEX
  5
64F
  8
CUT
 10
1236.239185335784
 20
461.46519389311896
 30
0.0
 70
0
  0
VERTEX
  5
650
  8
CUT
 10
1220.5311140447957
 20
430.6363681562014
 30
0.0
 42
0.41421356237309503
 70
0
  0
VERTEX
  5
651
  8
CUT
 10
1216.2271235682265
 20
429.23791687796506
 30
0.0
 42
0.41421356237309503
 70
0
  0
VERTEX
  5
652
  8
CUT
 10
1217.6255748464628
 20
424.9339264013958
 30
0.0
 42
0.41421356237309503
 70
0
  0
VERTEX
  5
653
  8
CUT
 10
1221.929565323032
 20
426.33237767963215
 30
0.0
 70
0
  0
VERTEX
  5
654
  8
CUT
 10
1233.1562475278054
 20
420.6120973829138
 30
0.0
 42
0.41421356237309503
 70
0
  0
VERTEX
  5
655
  8
CUT
 10
1234.5546988060414
 20
416.30810690634445
 30
0.0
 42
0.41421356237309503
 70
0
  0
VERTEX
  5
656
  8
CUT
 10
1238.8586892826108
 20
417.7065581845806
 30
0.0
 42
0.41421356237309503
 70
0
  0
VERTEX
  5
657
  8
CUT
 10
1237.4602380043748
 20
422.01054866115004
 30
0.0
 70
0
  0
VERTEX
  5
658
  8
CUT
 10
1253.168309295363
 20
452.8393743980676
 30
0.0
 42
0.41421356237309503
 70
0
  0
VERTEX
  5
659
  8
CUT
 10
1257.4722997719323
 20
454.23782567630394
 30
0.0
 42
0.41421356237309503
 70
0
  0
VERTEX
  5
65A
  8
CUT
 10
1256.073848493696
 20
458.5418161528732
 30
0.0
 42
0.41421356237309503
 70
0
  0
VERTEX
  5
65B
  8
CUT
 10
1251.7698580171268
 20
457.14336487463686
 30
0.0
 70
0
  0
SEQEND
  5
64B
  8
CUT
  0
POLYLINE
  5
65C
  8
CUT
 66
1
 10
0.0
 20
0.0
 30
0.0
 70
1
  0
VERTEX
  5
65E
  8
CUT
 10
1346.1636166482192
 20
446.20202775921814
 30
0.0
 42
0.41421356237309503
 70
0
  0
VERTEX
  5
65F
  8
CUT
 10
1343.5036042464435
 20
449.86322073725125
 30
0.0
 42
0.41421356237309503
 70
0
  0
VERTEX
  5
660
  8
CUT
 10
1339.8424112684104
 20
447.20320833547555
 30
0.0
 42
0.41421356237309503
 70
0
  0
VERTEX
  5
661
  8
CUT
 10
1342.502423670186
 20
443.5420153574424
 30
0.0
 70
0
  0
VERTEX
  5
662
  8
CUT
 10
1337.089791179794
 20
409.3679987728506
 30
0.0
 42
0.41421356237309503
 70
0
  0
VERTEX
  5
663
  8
CUT
 10
1333.428598201761
 20
406.70798637107487
 30
0.0
 42
0.41421356237309503
 70
0
  0
VERTEX
  5
664
  8
CUT
 10
1336.0886106035366
 20
403.0467933930417
 30
0.0
 42
0.41421356237309503
 70
0
  0
VERTEX
  5
665
  8
CUT
 10
1339.7498035815697
 20
405.70680579481746
 30
0.0
 70
0
  0
VERTEX
  5
666
  8
CUT
 10
1352.1946766730684
 20
403.7357315353105
 30
0.0
 42
0.41421356237309503
 70
0
  0
VERTEX
  5
667
  8
CUT
 10
1354.8546890748444
 20
400.07453855727715
 30
0.0
 42
0.41421356237309503
 70
0
  0
VERTEX
  5
668
  8
CUT
 10
1358.5158820528777
 20
402.73455095905297
 30
0.0
 42
0.41421356237309503
 70
0
  0
VERTEX
  5
669
  8
CUT
 10
1355.8558696511018
 20
406.39574393708625
 30
0.0
 70
0
  0
VERTEX
  5
66A
  8
CUT
 10
1361.2685021414936
 20
440.569760521678
 30
0.0
 42
0.41421356237309503
 70
0
  0
VERTEX
  5
66B
  8
CUT
 10
1364.9296951195267
 20
443.2297729234537
 30
0.0
 42
0.41421356237309503
 70
0
  0
VERTEX
  5
66C
  8
CUT
 10
1362.269682717751
 20
446.8909659014869
 30
0.0
 42
0.41421356237309503
 70
0
  0
VERTEX
  5
66D
  8
CUT
 10
1358.608489739718
 20
444.2309534997112
 30
0.0
 70
0
  0
SEQEND
  5
65D
  8
CUT
  0
POLYLINE
  5
66E
  8
CUT
 66
1
 10
0.0
 20
0.0
 30
0.0
 70
1
  0
VERTEX
  5
670
  8
CUT
 10
1448.791510260282
 20
444.23095349971123
 30
0.0
 42
0.41421356237309503
 70
0
  0
VERTEX
  5
671
  8
CUT
 10
1445.1303172822486
 20
446.89096590148665
 30
0.0
 42
0.41421356237309503
 70
0
  0
VERTEX
  5
672
  8
CUT
 10
1442.4703048804731
 20
443.2297729234535
 30
0.0
 42
0.41421356237309503
 70
0
  0
VERTEX
  5
673
  8
CUT
 10
1446.1314978585065
 20
440.56976052167806
 30
0.0
 70
0
  0
VERTEX
  5
674
  8
CUT
 10
1451.5441303488983
 20
406.3957439370863
 30
0.0
 42
0.41421356237309503
 70
0
  0
VERTEX
  5
675
  8
CUT
 10
1448.8841179471226
 20
402.7345509590532
 30
0.0
 42
0.41421356237309503
 70
0
  0
VERTEX
  5
676
  8
CUT
 10
1452.5453109251557
 20
400.0745385572775
 30
0.0
 42
0.41421356237309503
 70
0
  0
VERTEX
  5
677
  8
CUT
 10
1455.2053233269314
 20
403.73573153531055
 30
0.0
 70
0
  0
VERTEX
  5
678
  8
CUT
 10
1467.6501964184304
 20
405.7068057948175
 30
0.0
 42
0.41421356237309503
 70
0
  0
VERTEX
  5
679
  8
CUT
 10
1471.3113893964637
 20
403.0467933930421
 30
0.0
 42
0.41421356237309503
 70
0
  0
VERTEX
  5
67A
  8
CUT
 10
1473.9714017982392
 20
406.70798637107526
 30
0.0
 42
0.41421356237309503
 70
0
  0
VERTEX
  5
67B
  8
CUT
 10
1470.3102088202058
 20
409.3679987728507
 30
0.0
 70
0
  0
VERTEX
  5
67C
  8
CUT
 10
1464.897576329814
 20
443.54201535744244
 30
0.0
 42
0.41421356237309503
 70
0
  0
VERTEX
  5
67D
  8
CUT
 10
1467.55758873159
 20
447.20320833547567
 30
0.0
 42
0.41421356237309503
 70
0
  0
VERTEX
  5
67E
  8
CUT
 10
1463.8963957535566
 20
449.86322073725154
 30
0.0
 42
0.41421356237309503
 70
0
  0
VERTEX
  5
67F
  8
CUT
 10
1461.2363833517807
 20
446.2020277592182
 30
0.0
 70
0
  0
SEQEND
  5
66F
  8
CUT
  0
POLYLINE
  5
680
  8
CUT
 66
1
 10
0.0
 20
0.0
 30
0.0
 70
1
  0
VERTEX
  5
682
  8
CUT
 10
1555.6301419828733
 20
457.14336487463686
 30
0.0
 42
0.41421356237309503
 70
0
  0
VERTEX
  5
683
  8
CUT
 10
1551.326151506304
 20
458.5418161528731
 30
0.0
 42
0.41421356237309503
 70
0
  0
VERTEX
  5
684
  8
CUT
 10
1549.9277002280678
 20
454.2378256763038
 30
0.0
 42
0.41421356237309503
 70
0
  0
VERTEX
  5
685
  8
CUT
 10
1554.231690704637
 20
452.8393743980676
 30
0.0
 70
0
  0
VERTEX
  5
686
  8
CUT
 10
1569.9397619956253
 20
422.01054866115004
 30
0.0
 42
0.41421356237309503
 70
0
  0
VERTEX
  5
687
  8
CUT
 10
1568.541310717389
 20
417.7065581845809
 30
0.0
 42
0.41421356237309503
 70
0
  0
VERTEX
  5
688
  8
CUT
 10
1572.8453011939582
 20
416.3081069063446
 30
0.0
 42
0.41421356237309503
 70
0
  0
VERTEX
  5
689
  8
CUT
 10
1574.2437524721945
 20
420.6120973829138
 30
0.0
 70
0
  0
VERTEX
  5
68A
  8
CUT
 10
1585.4704346769681
 20
426.33237767963215
 30
0.0
 42
0.41421356237309503
 70
0
  0
VERTEX
  5
68B
  8
CUT
 10
1589.7744251535373
 20
424.93392640139604
 30
0.0
 42
0.41421356237309503
 70
0
  0
VERTEX
  5
68C
  8
CUT
 10
1591.1728764317736
 20
429.23791687796523
 30
0.0
 42
0.41421356237309503
 70
0
  0
VERTEX
  5
68D
  8
CUT
 10
1586.8688859552042
 20
430.6363681562014
 30
0.0
 70
0
  0
VERTEX
  5
68E
  8
CUT
 10
1571.1608146642159
 20
461.46519389311896
 30
0.0
 42
0.41421356237309503
 70
0
  0
VERTEX
  5
68F
  8
CUT
 10
1572.559265942452
 20
465.76918436968845
 30
0.0
 42
0.41421356237309503
 70
0
  0
VERTEX
  5
690
  8
CUT
 10
1568.2552754658825
 20
467.16763564792456
 30
0.0
 42
0.41421356237309503
 70
0
  0
VERTEX
  5
691
  8
CUT
 10
1566.8568241876465
 20
462.8636451713552
 30
0.0
 70
0
  0
SEQEND
  5
681
  8
CUT
  0
POLYLINE
  5
692
  8
CUT
 66
1
 10
0.0
 20
0.0
 30
0.0
 70
1
  0
VERTEX
  5
694
  8
CUT
 10
1660.1022663821248
 20
503.8881881749248
 30
0.0
 42
0.41421356237309503
 70
0
  0
VERTEX
  5
695
  8
CUT
 10
1655.5767829825309
 20
503.8881881749247
 30
0.0
 42
0.41421356237309503
 70
0
  0
VERTEX
  5
696
  8
CUT
 10
1655.576782982531
 20
499.3627047753308
 30
0.0
 42
0.41421356237309503
 70
0
  0
VERTEX
  5
697
  8
CUT
 10
1660.1022663821248
 20
499.3627047753309
 30
0.0
 70
0
  0
VERTEX
  5
698
  8
CUT
 10
1684.5681610111792
 20
474.8968101462763
 30
0.0
 42
0.41421356237309503
 70
0
  0
VERTEX
  5
699
  8
CUT
 10
1684.5681610111792
 20
470.3713267466822
 30
0.0
 42
0.41421356237309503
 70
0
  0
VERTEX
  5
69A
  8
CUT
 10
1689.0936444107733
 20
470.3713267466822
 30
0.0
 42
0.41421356237309503
 70
0
  0
VERTEX
  5
69B
  8
CUT
 10
1689.0936444107733
 20
474.8968101462763
 30
0.0
 70
0
  0
VERTEX
  5
69C
  8
CUT
 10
1698.0031898537236
 20
483.8063555892268
 30
0.0
 42
0.41421356237309503
 70
0
  0
VERTEX
  5
69D
  8
CUT
 10
1702.5286732533175
 20
483.80635558922677
 30
0.0
 42
0.41421356237309503
 70
0
  0
VERTEX
  5
69E
  8
CUT
 10
1702.5286732533177
 20
488.33183898882066
 30
0.0
 42
0.41421356237309503
 70
0
  0
VERTEX
  5
69F
  8
CUT
 10
1698.0031898537236
 20
488.3318389888207
 30
0.0
 70
0
  0
VERTEX
  5
6A0
  8
CUT
 10
1673.5372952246692
 20
512.7977336178753
 30
0.0
 42
0.41421356237309503
 70
0
  0
VERTEX
  5
6A1
  8
CUT
 10
1673.5372952246694
 20
517.3232170174691
 30
0.0
 42
0.41421356237309503
 70
0
  0
VERTEX
  5
6A2
  8
CUT
 10
1669.0118118250755
 20
517.3232170174693
 30
0.0
 42
0.41421356237309503
 70
0
  0
VERTEX
  5
6A3
  8
CUT
 10
1669.0118118250753
 20
512.7977336178753
 30
0.0
 70
0
  0
SEQEND
  5
693
  8
CUT
  0
POLYLINE
  5
6A4
  8
CUT
 66
1
 10
0.0
 20
0.0
 30
0.0
 70
1
  0
VERTEX
  5
6A6
  8
CUT
 10
1737.1969845908893
 20
592.2041437241942
 30
0.0
 42
0.41421356237309503
 70
0
  0
VERTEX
  5
6A7
  8
CUT
 10
1732.89299411432
 20
590.8056924459578
 30
0.0
 42
0.41421356237309503
 70
0
  0
VERTEX
  5
6A8
  8
CUT
 10
1734.2914453925564
 20
586.5017019693885
 30
0.0
 42
0.41421356237309503
 70
0
  0
VERTEX
  5
6A9
  8
CUT
 10
1738.5954358691256
 20
587.9001532476248
 30
0.0
 70
0
  0
VERTEX
  5
6AA
  8
CUT
 10
1769.424261606043
 20
572.1920819566365
 30
0.0
 42
0.41421356237309503
 70
0
  0
VERTEX
  5
6AB
  8
CUT
 10
1770.8227128842793
 20
567.8880914800673
 30
0.0
 42
0.41421356237309503
 70
0
  0
VERTEX
  5
6AC
  8
CUT
 10
1775.1267033608485
 20
569.2865427583035
 30
0.0
 42
0.41421356237309503
 70
0
  0
VERTEX
  5
6AD
  8
CUT
 10
1773.7282520826122
 20
573.5905332348727
 30
0.0
 70
0
  0
VERTEX
  5
6AE
  8
CUT
 10
1779.4485323793306
 20
584.8172154396461
 30
0.0
 42
0.41421356237309503
 70
0
  0
VERTEX
  5
6AF
  8
CUT
 10
1783.7525228558998
 20
586.2156667178824
 30
0.0
 42
0.41421356237309503
 70
0
  0
VERTEX
  5
6B0
  8
CUT
 10
1782.3540715776635
 20
590.5196571944517
 30
0.0
 42
0.41421356237309503
 70
0
  0
VERTEX
  5
6B1
  8
CUT
 10
1778.0500811010943
 20
589.1212059162154
 30
0.0
 70
0
  0
VERTEX
  5
6B2
  8
CUT
 10
1747.2212553641768
 20
604.8292772072037
 30
0.0
 42
0.41421356237309503
 70
0
  0
VERTEX
  5
6B3
  8
CUT
 10
1745.8228040859406
 20
609.1332676837729
 30
0.0
 42
0.41421356237309503
 70
0
  0
VERTEX
  5
6B4
  8
CUT
 10
1741.5188136093714
 20
607.7348164055367
 30
0.0
 42
0.41421356237309503
 70
0
  0
VERTEX
  5
6B5
  8
CUT
 10
1742.9172648876076
 20
603.4308259289676
 30
0.0
 70
0
  0
SEQEND
  5
6A5
  8
CUT
  0
POLYLINE
  5
6B6
  8
CUT
 66
1
 10
0.0
 20
0.0
 30
0.0
 70
1
  0
VERTEX
  5
6B8
  8
CUT
 10
1769.4220033874897
 20
704.8967948866399
 30
0.0
 42
0.41421356237309503
 70
0
  0
VERTEX
  5
6B9
  8
CUT
 10
1765.7608104094566
 20
702.2367824848641
 30
0.0
 42
0.41421356237309503
 70
0
  0
VERTEX
  5
6BA
  8
CUT
 10
1768.4208228112323
 20
698.5755895068309
 30
0.0
 42
0.41421356237309503
 70
0
  0
VERTEX
  5
6BB
  8
CUT
 10
1772.0820157892654
 20
701.2356019086067
 30
0.0
 70
0
  0
VERTEX
  5
6BC
  8
CUT
 10
1806.2560323738571
 20
695.8229694182147
 30
0.0
 42
0.41421356237309503
 70
0
  0
VERTEX
  5
6BD
  8
CUT
 10
1808.9160447756326
 20
692.1617764401814
 30
0.0
 42
0.41421356237309503
 70
0
  0
VERTEX
  5
6BE
  8
CUT
 10
1812.577237753666
 20
694.8217888419571
 30
0.0
 42
0.41421356237309503
 70
0
  0
VERTEX
  5
6BF
  8
CUT
 10
1809.9172253518905
 20
698.4829818199904
 30
0.0
 70
0
  0
VERTEX
  5
6C0
  8
CUT
 10
1811.8882996113973
 20
710.9278549114891
 30
0.0
 42
0.41421356237309503
 70
0
  0
VERTEX
  5
6C1
  8
CUT
 10
1815.5494925894304
 20
713.587867313265
 30
0.0
 42
0.41421356237309503
 70
0
  0
VERTEX
  5
6C2
  8
CUT
 10
1812.8894801876547
 20
717.2490602912982
 30
0.0
 42
0.41421356237309503
 70
0
  0
VERTEX
  5
6C3
  8
CUT
 10
1809.2282872096216
 20
714.5890478895224
 30
0.0
 70
0
  0
VERTEX
  5
6C4
  8
CUT
 10
1775.0542706250299
 20
720.0016803799143
 30
0.0
 42
0.41421356237309503
 70
0
  0
VERTEX
  5
6C5
  8
CUT
 10
1772.3942582232544
 20
723.6628733579477
 30
0.0
 42
0.41421356237309503
 70
0
  0
VERTEX
  5
6C6
  8
CUT
 10
1768.733065245221
 20
721.002860956172
 30
0.0
 42
0.41421356237309503
 70
0
  0
VERTEX
  5
6C7
  8
CUT
 10
1771.3930776469965
 20
717.3416679781386
 30
0.0
 70
0
  0
SEQEND
  5
6B7
  8
CUT
  0
POLYLINE
  5
6C8
  8
CUT
 66
1
 10
0.0
 20
0.0
 30
0.0
 70
1
  0
VERTEX
  5
6CA
  8
CUT
 10
1635.269647297131
 20
439.7535239451069
 30
0.0
 42
0.41421356237309503
 70
0
  0
VERTEX
  5
6CB
  8
CUT
 10
1630.7998801077952
 20
440.4614655197708
 30
0.0
 42
0.41421356237309503
 70
0
  0
VERTEX
  5
6CC
  8
CUT
 10
1630.0919385331313
 20
435.99169833043504
 30
0.0
 42
0.41421356237309503
 70
0
  0
VERTEX
  5
6CD
  8
CUT
 10
1634.5617057224672
 20
435.28375675577115
 30
0.0
 70
0
  0
VERTEX
  5
6CE
  8
CUT
 10
1654.8990754517868
 20
407.291768750398
 30
0.0
 42
0.41421356237309503
 70
0
  0
VERTEX
  5
6CF
  8
CUT
 10
1654.1911338771226
 20
402.82200156106234
 30
0.0
 42
0.41421356237309503
 70
0
  0
VERTEX
  5
6D0
  8
CUT
 10
1658.6609010664583
 20
402.1140599863983
 30
0.0
 42
0.41421356237309503
 70
0
  0
VERTEX
  5
6D1
  8
CUT
 10
1659.3688426411225
 20
406.58382717573403
 30
0.0
 70
0
  0
VERTEX
  5
6D2
  8
CUT
 10
1669.5624567702469
 20
413.9899213546192
 30
0.0
 42
0.41421356237309503
 70
0
  0
VERTEX
  5
6D3
  8
CUT
 10
1674.0322239595826
 20
413.28197977995524
 30
0.0
 42
0.41421356237309503
 70
0
  0
VERTEX
  5
6D4
  8
CUT
 10
1674.7401655342467
 20
417.75174696929093
 30
0.0
 42
0.41421356237309503
 70
0
  0
VERTEX
  5
6D5
  8
CUT
 10
1670.2703983449107
 20
418.45968854395494
 30
0.0
 70
0
  0
VERTEX
  5
6D6
  8
CUT
 10
1649.9330286155912
 20
446.4516765493281
 30
0.0
 42
0.41421356237309503
 70
0
  0
VERTEX
  5
6D7
  8
CUT
 10
1650.6409701902553
 20
450.92144373866375
 30
0.0
 42
0.41421356237309503
 70
0
  0
VERTEX
  5
6D8
  8
CUT
 10
1646.1712030009196
 20
451.62938531332776
 30
0.0
 42
0.41421356237309503
 70
0
  0
VERTEX
  5
6D9
  8
CUT
 10
1645.4632614262555
 20
447.15961812399206
 30
0.0
 70
0
  0
SEQEND
  5
6C9
  8
CUT
  0
POLYLINE
  5
6DA
  8
CUT
 66
1
 10
0.0
 20
0.0
 30
0.0
 70
1
  0
VERTEX
  5
6DC
  8
CUT
 10
1740.123693866024
 20
516.9866507194287
 30
0.0
 42
0.41421356237309503
 70
0
  0
VERTEX
  5
6DD
  8
CUT
 10
1735.6539266766881
 20
516.2787091447649
 30
0.0
 42
0.41421356237309503
 70
0
  0
VERTEX
  5
6DE
  8
CUT
 10
1736.361868251352
 20
511.8089419554291
 30
0.0
 42
0.41421356237309503
 70
0
  0
VERTEX
  5
6DF
  8
CUT
 10
1740.831635440688
 20
512.5168835300929
 30
0.0
 70
0
  0
VERTEX
  5
6E0
  8
CUT
 10
1768.8236234460612
 20
492.17951380077335
 30
0.0
 42
0.41421356237309503
 70
0
  0
VERTEX
  5
6E1
  8
CUT
 10
1769.5315650207253
 20
487.70974661143765
 30
0.0
 42
0.41421356237309503
 70
0
  0
VERTEX
  5
6E2
  8
CUT
 10
1774.001332210061
 20
488.4176881861017
 30
0.0
 42
0.41421356237309503
 70
0
  0
VERTEX
  5
6E3
  8
CUT
 10
1773.293390635397
 20
492.8874553754373
 30
0.0
 70
0
  0
VERTEX
  5
6E4
  8
CUT
 10
1780.6994848142822
 20
503.0810695045616
 30
0.0
 42
0.41421356237309503
 70
0
  0
VERTEX
  5
6E5
  8
CUT
 10
1785.1692520036179
 20
503.78901107922536
 30
0.0
 42
0.41421356237309503
 70
0
  0
VERTEX
  5
6E6
  8
CUT
 10
1784.4613104289542
 20
508.2587782685612
 30
0.0
 42
0.41421356237309503
 70
0
  0
VERTEX
  5
6E7
  8
CUT
 10
1779.9915432396183
 20
507.55083669389734
 30
0.0
 70
0
  0
VERTEX
  5
6E8
  8
CUT
 10
1751.999555234245
 20
527.8882064232168
 30
0.0
 42
0.41421356237309503
 70
0
  0
VERTEX
  5
6E9
  8
CUT
 10
1751.291613659581
 20
532.3579736125525
 30
0.0
 42
0.41421356237309503
 70
0
  0
VERTEX
  5
6EA
  8
CUT
 10
1746.8218464702452
 20
531.6500320378886
 30
0.0
 42
0.41421356237309503
 70
0
  0
VERTEX
  5
6EB
  8
CUT
 10
1747.5297880449093
 20
527.180264848553
 30
0.0
 70
0
  0
SEQEND
  5
6DB
  8
CUT
  0
POLYLINE
  5
6EC
  8
CUT
 66
1
 10
0.0
 20
0.0
 30
0.0
 70
1
  0
VERTEX
  5
6EE
  8
CUT
 10
1801.4343635632624
 20
633.3440593969354
 30
0.0
 42
0.41421356237309503
 70
0
  0
VERTEX
  5
6EF
  8
CUT
 10
1797.402128329118
 20
631.2895329267907
 30
0.0
 42
0.41421356237309503
 70
0
  0
VERTEX
  5
6F0
  8
CUT
 10
1799.4566547992629
 20
627.2572976926464
 30
0.0
 42
0.41421356237309503
 70
0
  0
VERTEX
  5
6F1
  8
CUT
 10
1803.4888900334072
 20
629.3118241627911
 30
0.0
 70
0
  0
VERTEX
  5
6F2
  8
CUT
 10
1836.3954454972195
 20
618.619836157418
 30
0.0
 42
0.41421356237309503
 70
0
  0
VERTEX
  5
6F3
  8
CUT
 10
1838.449971967364
 20
614.587600923274
 30
0.0
 42
0.41421356237309503
 70
0
  0
VERTEX
  5
6F4
  8
CUT
 10
1842.4822072015081
 20
616.6421273934187
 30
0.0
 42
0.41421356237309503
 70
0
  0
VERTEX
  5
6F5
  8
CUT
 10
1840.4276807313636
 20
620.6743626275627
 30
0.0
 70
0
  0
VERTEX
  5
6F6
  8
CUT
 10
1844.321294860488
 20
632.6576747328816
 30
0.0
 42
0.41421356237309503
 70
0
  0
VERTEX
  5
6F7
  8
CUT
 10
1848.3535300946323
 20
634.7122012030263
 30
0.0
 42
0.41421356237309503
 70
0
  0
VERTEX
  5
6F8
  8
CUT
 10
1846.2990036244876
 20
638.7444364371706
 30
0.0
 42
0.41421356237309503
 70
0
  0
VERTEX
  5
6F9
  8
CUT
 10
1842.2667683903433
 20
636.6899099670259
 30
0.0
 70
0
  0
VERTEX
  5
6FA
  8
CUT
 10
1809.360212926531
 20
647.3818979723991
 30
0.0
 42
0.41421356237309503
 70
0
  0
VERTEX
  5
6FB
  8
CUT
 10
1807.3056864563864
 20
651.4141332065432
 30
0.0
 42
0.41421356237309503
 70
0
  0
VERTEX
  5
6FC
  8
CUT
 10
1803.2734512222423
 20
649.3596067363984
 30
0.0
 42
0.41421356237309503
 70
0
  0
VERTEX
  5
6FD
  8
CUT
 10
1805.3279776923869
 20
645.3273715022544
 30
0.0
 70
0
  0
SEQEND
  5
6ED
  8
CUT
  0
POLYLINE
  5
6FE
  8
CUT
 66
1
 10
0.0
 20
0.0
 30
0.0
 70
1
  0
VERTEX
  5
700
  8
CUT
 10
1816.9
 20
762.9000000000001
 30
0.0
 42
0.41421356237309503
 70
0
  0
VERTEX
  5
701
  8
CUT
 10
1813.7
 20
759.7
 30
0.0
 42
0.41421356237309503
 70
0
  0
VERTEX
  5
702
  8
CUT
 10
1816.9
 20
756.5
 30
0.0
 42
0.41421356237309503
 70
0
  0
VERTEX
  5
703
  8
CUT
 10
1820.1000000000001
 20
759.7
 30
0.0
 70
0
  0
VERTEX
  5
704
  8
CUT
 10
1854.7
 20
759.7
 30
0.0
 42
0.41421356237309503
 70
0
  0
VERTEX
  5
705
  8
CUT
 10
1857.9
 20
756.5
 30
0.0
 42
0.41421356237309503
 70
0
  0
VERTEX
  5
706
  8
CUT
 10
1861.1000000000001
 20
759.7
 30
0.0
 42
0.41421356237309503
 70
0
  0
VERTEX
  5
707
  8
CUT
 10
1857.9
 20
762.9000000000001
 30
0.0
 70
0
  0
VERTEX
  5
708
  8
CUT
 10
1857.9
 20
775.5000000000001
 30
0.0
 42
0.41421356237309503
 70
0
  0
VERTEX
  5
709
  8
CUT
 10
1861.1000000000001
 20
778.7
 30
0.0
 42
0.41421356237309503
 70
0
  0
VERTEX
  5
70A
  8
CUT
 10
1857.9
 20
781.9000000000001
 30
0.0
 42
0.41421356237309503
 70
0
  0
VERTEX
  5
70B
  8
CUT
 10
1854.7
 20
778.7
 30
0.0
 70
0
  0
VERTEX
  5
70C
  8
CUT
 10
1820.1000000000001
 20
778.7
 30
0.0
 42
0.41421356237309503
 70
0
  0
VERTEX
  5
70D
  8
CUT
 10
1816.9
 20
781.9000000000001
 30
0.0
 42
0.41421356237309503
 70
0
  0
VERTEX
  5
70E
  8
CUT
 10
1813.7
 20
778.7
 30
0.0
 42
0.41421356237309503
 70
0
  0
VERTEX
  5
70F
  8
CUT
 10
1816.9
 20
775.5000000000001
 30
0.0
 70
0
  0
SEQEND
  5
6FF
  8
CUT
  0
POLYLINE
  5
710
  8
CUT
 66
1
 10
0.0
 20
0.0
 30
0.0
 70
1
  0
VERTEX
  5
712
  8
CUT
 10
1805.3279776923869
 20
893.0726284977458
 30
0.0
 42
0.41421356237309503
 70
0
  0
VERTEX
  5
713
  8
CUT
 10
1803.2734512222423
 20
889.0403932636016
 30
0.0
 42
0.41421356237309503
 70
0
  0
VERTEX
  5
714
  8
CUT
 10
1807.3056864563864
 20
886.985866793457
 30
0.0
 42
0.41421356237309503
 70
0
  0
VERTEX
  5
715
  8
CUT
 10
1809.360212926531
 20
891.0181020276011
 30
0.0
 70
0
  0
VERTEX
  5
716
  8
CUT
 10
1842.2667683903433
 20
901.7100900329743
 30
0.0
 42
0.41421356237309503
 70
0
  0
VERTEX
  5
717
  8
CUT
 10
1846.2990036244876
 20
899.6555635628296
 30
0.0
 42
0.41421356237309503
 70
0
  0
VERTEX
  5
718
  8
CUT
 10
1848.3535300946323
 20
903.6877987969739
 30
0.0
 42
0.41421356237309503
 70
0
  0
VERTEX
  5
719
  8
CUT
 10
1844.321294860488
 20
905.7423252671186
 30
0.0
 70
0
  0
VERTEX
  5
71A
  8
CUT
 10
1840.4276807313636
 20
917.7256373724375
 30
0.0
 42
0.41421356237309503
 70
0
  0
VERTEX
  5
71B
  8
CUT
 10
1842.4822072015081
 20
921.7578726065817
 30
0.0
 42
0.41421356237309503
 70
0
  0
VERTEX
  5
71C
  8
CUT
 10
1838.449971967364
 20
923.8123990767263
 30
0.0
 42
0.41421356237309503
 70
0
  0
VERTEX
  5
71D
  8
CUT
 10
1836.3954454972195
 20
919.7801638425822
 30
0.0
 70
0
  0
VERTEX
  5
71E
  8
CUT
 10
1803.4888900334072
 20
909.0881758372091
 30
0.0
 42
0.41421356237309503
 70
0
  0
VERTEX
  5
71F
  8
CUT
 10
1799.4566547992629
 20
911.1427023073538
 30
0.0
 42
0.41421356237309503
 70
0
  0
VERTEX
  5
720
  8
CUT
 10
1797.402128329118
 20
907.1104670732095
 30
0.0
 42
0.41421356237309503
 70
0
  0
VERTEX
  5
721
  8
CUT
 10
1801.4343635632624
 20
905.0559406030648
 30
0.0
 70
0
  0
SEQEND
  5
711
  8
CUT
  0
POLYLINE
  5
722
  8
CUT
 66
1
 10
0.0
 20
0.0
 30
0.0
 70
1
  0
VERTEX
  5
724
  8
CUT
 10
1747.5297880449093
 20
1011.2197351514473
 30
0.0
 42
0.41421356237309503
 70
0
  0
VERTEX
  5
725
  8
CUT
 10
1746.8218464702452
 20
1006.7499679621117
 30
0.0
 42
0.41421356237309503
 70
0
  0
VERTEX
  5
726
  8
CUT
 10
1751.291613659581
 20
1006.0420263874475
 30
0.0
 42
0.41421356237309503
 70
0
  0
VERTEX
  5
727
  8
CUT
 10
1751.999555234245
 20
1010.5117935767832
 30
0.0
 70
0
  0
VERTEX
  5
728
  8
CUT
 10
1779.9915432396183
 20
1030.8491633061028
 30
0.0
 42
0.41421356237309503
 70
0
  0
VERTEX
  5
729
  8
CUT
 10
1784.461310428954
 20
1030.1412217314391
 30
0.0
 42
0.41421356237309503
 70
0
  0
VERTEX
  5
72A
  8
CUT
 10
1785.1692520036177
 20
1034.6109889207748
 30
0.0
 42
0.41421356237309503
 70
0
  0
VERTEX
  5
72B
  8
CUT
 10
1780.6994848142822
 20
1035.3189304954385
 30
0.0
 70
0
  0
VERTEX
  5
72C
  8
CUT
 10
1773.293390635397
 20
1045.512544624563
 30
0.0
 42
0.41421356237309503
 70
0
  0
VERTEX
  5
72D
  8
CUT
 10
1774.001332210061
 20
1049.9823118138986
 30
0.0
 42
0.41421356237309503
 70
0
  0
VERTEX
  5
72E
  8
CUT
 10
1769.5315650207253
 20
1050.6902533885627
 30
0.0
 42
0.41421356237309503
 70
0
  0
VERTEX
  5
72F
  8
CUT
 10
1768.8236234460612
 20
1046.2204861992268
 30
0.0
 70
0
  0
VERTEX
  5
730
  8
CUT
 10
1740.831635440688
 20
1025.8831164699072
 30
0.0
 42
0.41421356237309503
 70
0
  0
VERTEX
  5
731
  8
CUT
 10
1736.3618682513522
 20
1026.591058044571
 30
0.0
 42
0.41421356237309503
 70
0
  0
VERTEX
  5
732
  8
CUT
 10
1735.6539266766886
 20
1022.1212908552352
 30
0.0
 42
0.41421356237309503
 70
0
  0
VERTEX
  5
733
  8
CUT
 10
1740.123693866024
 20
1021.4133492805715
 30
0.0
 70
0
  0
SEQEND
  5
723
  8
CUT
  0
POLYLINE
  5
734
  8
CUT
 66
1
 10
0.0
 20
0.0
 30
0.0
 70
1
  0
VERTEX
  5
736
  8
CUT
 10
1645.4632614262555
 20
1091.240381876008
 30
0.0
 42
0.41421356237309503
 70
0
  0
VERTEX
  5
737
  8
CUT
 10
1646.1712030009191
 20
1086.7706146866724
 30
0.0
 42
0.41421356237309503
 70
0
  0
VERTEX
  5
738
  8
CUT
 10
1650.6409701902548
 20
1087.478556261336
 30
0.0
 42
0.41421356237309503
 70
0
  0
VERTEX
  5
739
  8
CUT
 10
1649.9330286155912
 20
1091.948323450672
 30
0.0
 70
0
  0
VERTEX
  5
73A
  8
CUT
 10
1670.2703983449107
 20
1119.9403114560453
 30
0.0
 42
0.41421356237309503
 70
0
  0
VERTEX
  5
73B
  8
CUT
 10
1674.7401655342464
 20
1120.6482530307092
 30
0.0
 42
0.41421356237309503
 70
0
  0
VERTEX
  5
73C
  8
CUT
 10
1674.0322239595828
 20
1125.1180202200449
 30
0.0
 42
0.41421356237309503
 70
0
  0
VERTEX
  5
73D
  8
CUT
 10
1669.5624567702469
 20
1124.410078645381
 30
0.0
 70
0
  0
VERTEX
  5
73E
  8
CUT
 10
1659.3688426411225
 20
1131.8161728242662
 30
0.0
 42
0.41421356237309503
 70
0
  0
VERTEX
  5
73F
  8
CUT
 10
1658.6609010664583
 20
1136.285940013602
 30
0.0
 42
0.41421356237309503
 70
0
  0
VERTEX
  5
740
  8
CUT
 10
1654.1911338771226
 20
1135.5779984389378
 30
0.0
 42
0.41421356237309503
 70
0
  0
VERTEX
  5
741
  8
CUT
 10
1654.8990754517868
 20
1131.1082312496023
 30
0.0
 70
0
  0
VERTEX
  5
742
  8
CUT
 10
1634.5617057224672
 20
1103.116243244229
 30
0.0
 42
0.41421356237309503
 70
0
  0
VERTEX
  5
743
  8
CUT
 10
1630.0919385331315
 20
1102.4083016695652
 30
0.0
 42
0.41421356237309503
 70
0
  0
VERTEX
  5
744
  8
CUT
 10
1630.7998801077952
 20
1097.9385344802295
 30
0.0
 42
0.41421356237309503
 70
0
  0
VERTEX
  5
745
  8
CUT
 10
1635.269647297131
 20
1098.6464760548934
 30
0.0
 70
0
  0
SEQEND
  5
735
  8
CUT
  0
POLYLINE
  5
746
  8
CUT
 66
1
 10
0.0
 20
0.0
 30
0.0
 70
1
  0
VERTEX
  5
748
  8
CUT
 10
1526.7362237654804
 20
1127.479332100981
 30
0.0
 42
0.41421356237309503
 70
0
  0
VERTEX
  5
749
  8
CUT
 10
1528.7907502356252
 20
1123.4470968668368
 30
0.0
 42
0.41421356237309503
 70
0
  0
VERTEX
  5
74A
  8
CUT
 10
1532.8229854697695
 20
1125.5016233369815
 30
0.0
 42
0.41421356237309503
 70
0
  0
VERTEX
  5
74B
  8
CUT
 10
1530.7684589996247
 20
1129.5338585711256
 30
0.0
 70
0
  0
VERTEX
  5
74C
  8
CUT
 10
1541.460447004998
 20
1162.440414034938
 30
0.0
 42
0.41421356237309503
 70
0
  0
VERTEX
  5
74D
  8
CUT
 10
1545.4926822391426
 20
1164.494940505083
 30
0.0
 42
0.41421356237309503
 70
0
  0
VERTEX
  5
74E
  8
CUT
 10
1543.4381557689976
 20
1168.5271757392275
 30
0.0
 42
0.41421356237309503
 70
0
  0
VERTEX
  5
74F
  8
CUT
 10
1539.4059205348533
 20
1166.4726492690825
 30
0.0
 70
0
  0
VERTEX
  5
750
  8
CUT
 10
1527.4226084295344
 20
1170.3662633982067
 30
0.0
 42
0.41421356237309503
 70
0
  0
VERTEX
  5
751
  8
CUT
 10
1525.3680819593897
 20
1174.398498632351
 30
0.0
 42
0.41421356237309503
 70
0
  0
VERTEX
  5
752
  8
CUT
 10
1521.3358467252453
 20
1172.3439721622062
 30
0.0
 42
0.41421356237309503
 70
0
  0
VERTEX
  5
753
  8
CUT
 10
1523.39037319539
 20
1168.3117369280621
 30
0.0
 70
0
  0
VERTEX
  5
754
  8
CUT
 10
1512.6983851900168
 20
1135.4051814642498
 30
0.0
 42
0.41421356237309503
 70
0
  0
VERTEX
  5
755
  8
CUT
 10
1508.6661499558722
 20
1133.3506549941048
 30
0.0
 42
0.41421356237309503
 70
0
  0
VERTEX
  5
756
  8
CUT
 10
1510.7206764260172
 20
1129.3184197599603
 30
0.0
 42
0.41421356237309503
 70
0
  0
VERTEX
  5
757
  8
CUT
 10
1514.7529116601615
 20
1131.3729462301053
 30
0.0
 70
0
  0
SEQEND
  5
747
  8
CUT
  0
POLYLINE
  5
758
  8
CUT
 66
1
 10
0.0
 20
0.0
 30
0.0
 70
1
  0
VERTEX
  5
75A
  8
CUT
 10
1410.0
 20
1135.9
 30
0.0
 42
0.41421356237309503
 70
0
  0
VERTEX
  5
75B
  8
CUT
 10
1413.2
 20
1132.7
 30
0.0
 42
0.41421356237309503
 70
0
  0
VERTEX
  5
75C
  8
CUT
 10
1416.4
 20
1135.9
 30
0.0
 42
0.41421356237309503
 70
0
  0
VERTEX
  5
75D
  8
CUT
 10
1413.2
 20
1139.1000000000001
 30
0.0
 70
0
  0
VERTEX
  5
75E
  8
CUT
 10
1413.2
 20
1173.7000000000003
 30
0.0
 42
0.41421356237309503
 70
0
  0
VERTEX
  5
75F
  8
CUT
 10
1416.3999999999999
 20
1176.9
 30
0.0
 42
0.41421356237309503
 70
0
  0
VERTEX
  5
760
  8
CUT
 10
1413.2
 20
1180.1
 30
0.0
 42
0.41421356237309503
 70
0
  0
VERTEX
  5
761
  8
CUT
 10
1410.0
 20
1176.9
 30
0.0
 70
0
  0
VERTEX
  5
762
  8
CUT
 10
1397.4
 20
1176.9
 30
0.0
 42
0.41421356237309503
 70
0
  0
VERTEX
  5
763
  8
CUT
 10
1394.2000000000003
 20
1180.1
 30
0.0
 42
0.41421356237309503
 70
0
  0
VERTEX
  5
764
  8
CUT
 10
1391.0000000000005
 20
1176.9
 30
0.0
 42
0.41421356237309503
 70
0
  0
VERTEX
  5
765
  8
CUT
 10
1394.2
 20
1173.7000000000003
 30
0.0
 70
0
  0
VERTEX
  5
766
  8
CUT
 10
1394.2
 20
1139.1000000000001
 30
0.0
 42
0.41421356237309503
 70
0
  0
VERTEX
  5
767
  8
CUT
 10
1391.0
 20
1135.9
 30
0.0
 42
0.41421356237309503
 70
0
  0
VERTEX
  5
768
  8
CUT
 10
1394.2
 20
1132.7
 30
0.0
 42
0.41421356237309503
 70
0
  0
VERTEX
  5
769
  8
CUT
 10
1397.4
 20
1135.9
 30
0.0
 70
0
  0
SEQEND
  5
759
  8
CUT
  0
POLYLINE
  5
76A
  8
CUT
 66
1
 10
0.0
 20
0.0
 30
0.0
 70
1
  0
VERTEX
  5
76C
  8
CUT
 10
1292.6470883398385
 20
1131.3729462301055
 30
0.0
 42
0.41421356237309503
 70
0
  0
VERTEX
  5
76D
  8
CUT
 10
1296.6793235739829
 20
1129.3184197599608
 30
0.0
 42
0.41421356237309503
 70
0
  0
VERTEX
  5
76E
  8
CUT
 10
1298.7338500441276
 20
1133.350654994105
 30
0.0
 42
0.41421356237309503
 70
0
  0
VERTEX
  5
76F
  8
CUT
 10
1294.7016148099833
 20
1135.4051814642498
 30
0.0
 70
0
  0
VERTEX
  5
770
  8
CUT
 10
1284.00962680461
 20
1168.3117369280621
 30
0.0
 42
0.41421356237309503
 70
0
  0
VERTEX
  5
771
  8
CUT
 10
1286.0641532747545
 20
1172.3439721622062
 30
0.0
 42
0.41421356237309503
 70
0
  0
VERTEX
  5
772
  8
CUT
 10
1282.0319180406104
 20
1174.3984986323508
 30
0.0
 42
0.41421356237309503
 70
0
  0
VERTEX
  5
773
  8
CUT
 10
1279.977391570466
 20
1170.3662633982067
 30
0.0
 70
0
  0
VERTEX
  5
774
  8
CUT
 10
1267.9940794651468
 20
1166.4726492690825
 30
0.0
 42
0.41421356237309503
 70
0
  0
VERTEX
  5
775
  8
CUT
 10
1263.9618442310023
 20
1168.5271757392268
 30
0.0
 42
0.41421356237309503
 70
0
  0
VERTEX
  5
776
  8
CUT
 10
1261.907317760858
 20
1164.4949405050825
 30
0.0
 42
0.41421356237309503
 70
0
  0
VERTEX
  5
777
  8
CUT
 10
1265.9395529950023
 20
1162.4404140349382
 30
0.0
 70
0
  0
VERTEX
  5
778
  8
CUT
 10
1276.6315410003754
 20
1129.5338585711258
 30
0.0
 42
0.41421356237309503
 70
0
  0
VERTEX
  5
779
  8
CUT
 10
1274.5770145302306
 20
1125.5016233369815
 30
0.0
 42
0.41421356237309503
 70
0
  0
VERTEX
  5
77A
  8
CUT
 10
1278.609249764375
 20
1123.4470968668368
 30
0.0
 42
0.41421356237309503
 70
0
  0
VERTEX
  5
77B
  8
CUT
 10
1280.6637762345197
 20
1127.479332100981
 30
0.0
 70
0
  0
SEQEND
  5
76B
  8
CUT
  0
POLYLINE
  5
77C
  8
CUT
 66
1
 10
0.0
 20
0.0
 30
0.0
 70
1
  0
VERTEX
  5
77E
  8
CUT
 10
1172.130352702869
 20
1098.6464760548934
 30
0.0
 42
0.41421356237309503
 70
0
  0
VERTEX
  5
77F
  8
CUT
 10
1176.6001198922047
 20
1097.9385344802297
 30
0.0
 42
0.41421356237309503
 70
0
  0
VERTEX
  5
780
  8
CUT
 10
1177.3080614668684
 20
1102.4083016695654
 30
0.0
 42
0.41421356237309503
 70
0
  0
VERTEX
  5
781
  8
CUT
 10
1172.838294277533
 20
1103.116243244229
 30
0.0
 70
0
  0
VERTEX
  5
782
  8
CUT
 10
1152.5009245482133
 20
1131.1082312496023
 30
0.0
 42
0.41421356237309503
 70
0
  0
VERTEX
  5
783
  8
CUT
 10
1153.2088661228775
 20
1135.577998438938
 30
0.0
 42
0.41421356237309503
 70
0
  0
VERTEX
  5
784
  8
CUT
 10
1148.7390989335418
 20
1136.2859400136022
 30
0.0
 42
0.41421356237309503
 70
0
  0
VERTEX
  5
785
  8
CUT
 10
1148.0311573588776
 20
1131.8161728242662
 30
0.0
 70
0
  0
VERTEX
  5
786
  8
CUT
 10
1137.8375432297535
 20
1124.410078645381
 30
0.0
 42
0.41421356237309503
 70
0
  0
VERTEX
  5
787
  8
CUT
 10
1133.3677760404178
 20
1125.118020220045
 30
0.0
 42
0.41421356237309503
 70
0
  0
VERTEX
  5
788
  8
CUT
 10
1132.6598344657536
 20
1120.6482530307094
 30
0.0
 42
0.41421356237309503
 70
0
  0
VERTEX
  5
789
  8
CUT
 10
1137.1296016550893
 20
1119.9403114560453
 30
0.0
 70
0
  0
VERTEX
  5
78A
  8
CUT
 10
1157.466971384409
 20
1091.9483234506722
 30
0.0
 42
0.41421356237309503
 70
0
  0
VERTEX
  5
78B
  8
CUT
 10
1156.7590298097448
 20
1087.4785562613365
 30
0.0
 42
0.41421356237309503
 70
0
  0
VERTEX
  5
78C
  8
CUT
 10
1161.2287969990805
 20
1086.7706146866724
 30
0.0
 42
0.41421356237309503
 70
0
  0
VERTEX
  5
78D
  8
CUT
 10
1161.9367385737446
 20
1091.240381876008
 30
0.0
 70
0
  0
SEQEND
  5
77D
  8
CUT
  0
POLYLINE
  5
78E
  8
CUT
 66
1
 10
0.0
 20
0.0
 30
0.0
 70
1
  0
VERTEX
  5
790
  8
CUT
 10
1067.276306133976
 20
1021.4133492805715
 30
0.0
 42
0.41421356237309503
 70
0
  0
VERTEX
  5
791
  8
CUT
 10
1071.7460733233117
 20
1022.1212908552357
 30
0.0
 42
0.41421356237309503
 70
0
  0
VERTEX
  5
792
  8
CUT
 10
1071.0381317486476
 20
1026.5910580445714
 30
0.0
 42
0.41421356237309503
 70
0
  0
VERTEX
  5
793
  8
CUT
 10
1066.5683645593122
 20
1025.8831164699072
 30
0.0
 70
0
  0
VERTEX
  5
794
  8
CUT
 10
1038.5763765539389
 20
1046.2204861992268
 30
0.0
 42
0.41421356237309503
 70
0
  0
VERTEX
  5
795
  8
CUT
 10
1037.8684349792748
 20
1050.6902533885625
 30
0.0
 42
0.41421356237309503
 70
0
  0
VERTEX
  5
796
  8
CUT
 10
1033.398667789939
 20
1049.9823118138984
 30
0.0
 42
0.41421356237309503
 70
0
  0
VERTEX
  5
797
  8
CUT
 10
1034.1066093646032
 20
1045.512544624563
 30
0.0
 70
0
  0
VERTEX
  5
798
  8
CUT
 10
1026.700515185718
 20
1035.3189304954387
 30
0.0
 42
0.41421356237309503
 70
0
  0
VERTEX
  5
799
  8
CUT
 10
1022.2307479963822
 20
1034.6109889207746
 30
0.0
 42
0.41421356237309503
 70
0
  0
VERTEX
  5
79A
  8
CUT
 10
1022.9386895710463
 20
1030.141221731439
 30
0.0
 42
0.41421356237309503
 70
0
  0
VERTEX
  5
79B
  8
CUT
 10
1027.408456760382
 20
1030.849163306103
 30
0.0
 70
0
  0
VERTEX
  5
79C
  8
CUT
 10
1055.400444765755
 20
1010.5117935767834
 30
0.0
 42
0.41421356237309503
 70
0
  0
VERTEX
  5
79D
  8
CUT
 10
1056.1083863404192
 20
1006.0420263874477
 30
0.0
 42
0.41421356237309503
 70
0
  0
VERTEX
  5
79E
  8
CUT
 10
1060.578153529755
 20
1006.7499679621116
 30
0.0
 42
0.41421356237309503
 70
0
  0
VERTEX
  5
79F
  8
CUT
 10
1059.8702119550908
 20
1011.2197351514473
 30
0.0
 70
0
  0
SEQEND
  5
78F
  8
CUT
  0
POLYLINE
  5
7A0
  8
CUT
 66
1
 10
0.0
 20
0.0
 30
0.0
 70
1
  0
VERTEX
  5
7A2
  8
CUT
 10
1005.9656364367377
 20
905.0559406030648
 30
0.0
 42
0.41421356237309503
 70
0
  0
VERTEX
  5
7A3
  8
CUT
 10
1009.997871670882
 20
907.1104670732095
 30
0.0
 42
0.41421356237309503
 70
0
  0
VERTEX
  5
7A4
  8
CUT
 10
1007.9433452007372
 20
911.1427023073538
 30
0.0
 42
0.41421356237309503
 70
0
  0
VERTEX
  5
7A5
  8
CUT
 10
1003.911109966593
 20
909.0881758372091
 30
0.0
 70
0
  0
VERTEX
  5
7A6
  8
CUT
 10
971.0045545027807
 20
919.7801638425823
 30
0.0
 42
0.41421356237309503
 70
0
  0
VERTEX
  5
7A7
  8
CUT
 10
968.9500280326362
 20
923.8123990767266
 30
0.0
 42
0.41421356237309503
 70
0
  0
VERTEX
  5
7A8
  8
CUT
 10
964.9177927984919
 20
921.757872606582
 30
0.0
 42
0.41421356237309503
 70
0
  0
VERTEX
  5
7A9
  8
CUT
 10
966.9723192686364
 20
917.7256373724376
 30
0.0
 70
0
  0
VERTEX
  5
7AA
  8
CUT
 10
963.0787051395121
 20
905.7423252671186
 30
0.0
 42
0.41421356237309503
 70
0
  0
VERTEX
  5
7AB
  8
CUT
 10
959.0464699053678
 20
903.687798796974
 30
0.0
 42
0.41421356237309503
 70
0
  0
VERTEX
  5
7AC
  8
CUT
 10
961.1009963755125
 20
899.6555635628297
 30
0.0
 42
0.41421356237309503
 70
0
  0
VERTEX
  5
7AD
  8
CUT
 10
965.1332316096567
 20
901.7100900329743
 30
0.0
 70
0
  0
VERTEX
  5
7AE
  8
CUT
 10
998.039787073469
 20
891.0181020276012
 30
0.0
 42
0.41421356237309503
 70
0
  0
VERTEX
  5
7AF
  8
CUT
 10
1000.0943135436137
 20
886.9858667934569
 30
0.0
 42
0.41421356237309503
 70
0
  0
VERTEX
  5
7B0
  8
CUT
 10
1004.126548777758
 20
889.0403932636017
 30
0.0
 42
0.41421356237309503
 70
0
  0
VERTEX
  5
7B1
  8
CUT
 10
1002.0720223076133
 20
893.0726284977459
 30
0.0
 70
0
  0
SEQEND
  5
7A1
  8
CUT
  0
POLYLINE
  5
7B2
  8
CUT
 66
1
 10
0.0
 20
0.0
 30
0.0
 70
1
  0
VERTEX
  5
7B4
  8
CUT
 10
1373.0
 20
19.001307497704033
 30
0.0
 70
0
  0
VERTEX
  5
7B5
  8
CUT
 10
1384.7297499056262
 20
18.309484536099774
 30
0.0
 70
0
  0
VERTEX
  5
7B6
  8
CUT
 10
1396.4321850630963
 20
17.781071701672886
 30
0.0
 70
0
  0
VERTEX
  5
7B7
  8
CUT
 10
1408.1097785056209
 20
17.402586604240582
 30
0.0
 70
0
  0
VERTEX
  5
7B8
  8
CUT
 10
1419.7661955294889
 20
17.159111164639512
 30
0.0
 70
0
  0
VERTEX
  5
7B9
  8
CUT
 10
1431.406470850061
 20
17.033024878404774
 30
0.0
 70
0
  0
VERTEX
  5
7BA
  8
CUT
 10
1443.0373924242178
 20
17.0
 30
0.0
 70
0
  0
VERTEX
  5
7BB
  8
CUT
 10
1454.668313998375
 20
17.033024878404774
 30
0.0
 70
0
  0
VERTEX
  5
7BC
  8
CUT
 10
1466.3085893189468
 20
17.159111164639512
 30
0.0
 70
0
  0
VERTEX
  5
7BD
  8
CUT
 10
1477.9650063428148
 20
17.402586604240582
 30
0.0
 70
0
  0
VERTEX
  5
7BE
  8
CUT
 10
1489.6425997853394
 20
17.781071701672886
 30
0.0
 70
0
  0
VERTEX
  5
7BF
  8
CUT
 10
1501.3450349428094
 20
18.309484536099774
 30
0.0
 70
0
  0
VERTEX
  5
7C0
  8
CUT
 10
1513.0747848484357
 20
19.001307497704033
 30
0.0
 70
0
  0
VERTEX
  5
7C1
  8
CUT
 10
1524.833223143627
 20
19.869190565727138
 30
0.0
 70
0
  0
VERTEX
  5
7C2
  8
CUT
 10
1536.6206713926101
 20
20.925288021580513
 30
0.0
 70
0
  0
VERTEX
  5
7C3
  8
CUT
 10
1548.4364183323519
 20
22.181461617095806
 30
0.0
 70
0
  0
VERTEX
  5
7C4
  8
CUT
 10
1560.2787205850352
 20
23.649406556974157
 30
0.0
 70
0
  0
VERTEX
  5
7C5
  8
CUT
 10
1572.1447907745858
 20
25.340727731207835
 30
0.0
 70
0
  0
VERTEX
  5
7C6
  8
CUT
 10
1584.0307772010972
 20
27.26698082158248
 30
0.0
 70
0
  0
VERTEX
  5
7C7
  8
CUT
 10
1595.9317382897873
 20
29.43968657471345
 30
0.0
 70
0
  0
VERTEX
  5
7C8
  8
CUT
 10
1607.8416145377
 20
31.870323156799373
 30
0.0
 70
0
  0
VERTEX
  5
7C9
  8
CUT
 10
1619.7532004351417
 20
34.57029961430794
 30
0.0
 70
0
  0
VERTEX
  5
7CA
  8
CUT
 10
1631.6581187341453
 20
37.550912387380436
 30
0.0
 70
0
  0
VERTEX
  5
7CB
  8
CUT
 10
1643.5467994100763
 20
40.82328622683252
 30
0.0
 70
0
  0
VERTEX
  5
7CC
  8
CUT
 10
1655.408465672662
 20
44.39830057719962
 30
0.0
 70
0
  0
VERTEX
  5
7CD
  8
CUT
 10
1667.231129397834
 20
48.2865024109513
 30
0.0
 70
0
  0
VERTEX
  5
7CE
  8
CUT
 10
1679.0015983459498
 20
52.49800657591504
 30
0.0
 70
0
  0
VERTEX
  5
7CF
  8
CUT
 10
1690.7054974826292
 20
57.042384912441264
 30
0.0
 70
0
  0
VERTEX
  5
7D0
  8
CUT
 10
1702.3273066053885
 20
61.928545681925755
 30
0.0
 70
0
  0
VERTEX
  5
7D1
  8
CUT
 10
1713.8504162848114
 20
67.16460520074986
 30
0.0
 70
0
  0
VERTEX
  5
7D2
  8
CUT
 10
1725.2572038385777
 20
72.75775397049097
 30
0.0
 70
0
  0
VERTEX
  5
7D3
  8
CUT
 10
1736.5291306601407
 20
78.71412001167607
 30
0.0
 70
0
  0
VERTEX
  5
7D4
  8
CUT
 10
1747.646861716712
 20
85.03863251704792
 30
0.0
 70
0
  0
VERTEX
  5
7D5
  8
CUT
 10
1758.5904074160258
 20
91.73488931133801
 30
0.0
 70
0
  0
VERTEX
  5
7D6
  8
CUT
 10
1769.3392873291236
 20
98.80503190613166
 30
0.0
 70
0
  0
VERTEX
  5
7D7
  8
CUT
 10
1779.8727144671664
 20
106.24963213852845
 30
0.0
 70
0
  0
VERTEX
  5
7D8
  8
CUT
 10
1790.1697979734927
 20
114.06759445072527
 30
0.0
 70
0
  0
VERTEX
  5
7D9
  8
CUT
 10
1800.2097612459124
 20
122.25607777859364
 30
0.0
 70
0
  0
VERTEX
  5
7DA
  8
CUT
 10
1809.972171693758
 20
130.81044075217096
 30
0.0
 70
0
  0
VERTEX
  5
7DB
  8
CUT
 10
1819.4371776091427
 20
139.72421346095786
 30
0.0
 70
0
  0
VERTEX
  5
7DC
  8
CUT
 10
1828.5857470428077
 20
148.9890984052596
 30
0.0
 70
0
  0
VERTEX
  5
7DD
  8
CUT
 10
1837.3999031692888
 20
158.59500245816434
 30
0.0
 70
0
  0
VERTEX
  5
7DE
  8
CUT
 10
1845.8629504437429
 20
168.53010073132407
 30
0.0
 70
0
  0
VERTEX
  5
7DF
  8
CUT
 10
1853.9596859217822
 20
178.78093221422068
 30
0.0
 70
0
  0
VERTEX
  5
7E0
  8
CUT
 10
1861.676590447179
 20
189.33252599377266
 30
0.0
 70
0
  0
VERTEX
  5
7E1
  8
CUT
 10
1869.0019950063156
 20
200.16855581797762
 30
0.0
 70
0
  0
VERTEX
  5
7E2
  8
CUT
 10
1875.926218381232
 20
211.27151980453684
 30
0.0
 70
0
  0
VERTEX
  5
7E3
  8
CUT
 10
1882.4416732675786
 20
222.62294127056876
 30
0.0
 70
0
  0
VERTEX
  5
7E4
  8
CUT
 10
1888.5429392093902
 20
234.2035860220238
 30
0.0
 70
0
  0
VERTEX
  5
7E5
  8
CUT
 10
1894.226801981341
 20
245.99369102872305
 30
0.0
 70
0
  0
VERTEX
  5
7E6
  8
CUT
 10
1899.4922603612063
 20
257.9731992457331
 30
0.0
 70
0
  0
VERTEX
  5
7E7
  8
CUT
 10
1904.3405025260631
 20
270.1219954309267
 30
0.0
 70
0
  0
VERTEX
  5
7E8
  8
CUT
 10
1908.7748555331045
 20
282.42013814386473
 30
0.0
 70
0
  0
VERTEX
  5
7E9
  8
CUT
 10
1912.800712487791
 20
294.84808367180597
 30
0.0
 70
0
  0
VERTEX
  5
7EA
  8
CUT
 10
1916.4254430649169
 20
307.3868983855364
 30
0.0
 70
0
  0
VERTEX
  5
7EB
  8
CUT
 10
1919.6582940787277
 20
320.0184569489398
 30
0.0
 70
0
  0
VERTEX
  5
7EC
  8
CUT
 10
1922.5102879009053
 20
332.72562486440944
 30
0.0
 70
0
  0
VERTEX
  5
7ED
  8
CUT
 10
1924.994127895623
 20
345.4924250177213
 30
0.0
 70
0
  0
VERTEX
  5
7EE
  8
CUT
 10
1927.1241220324405
 20
358.3041892043906
 30
0.0
 70
0
  0
VERTEX
  5
7EF
  8
CUT
 10
1928.9161391071132
 20
371.14769713726116
 30
0.0
 70
0
  0
VERTEX
  5
7F0
  8
CUT
 10
1930.3876178429211
 20
384.0113073050221
 30
0.0
 70
0
  0
VERTEX
  5
7F1
  8
CUT
 10
1732.8499497238936
 20
415.2982003130683
 30
0.0
 70
0
  0
VERTEX
  5
7F2
  8
CUT
 10
1732.2651575943223
 20
407.59480223569074
 30
0.0
 70
0
  0
VERTEX
  5
7F3
  8
CUT
 10
1731.4946018856795
 20
399.88652736794245
 30
0.0
 70
0
  0
VERTEX
  5
7F4
  8
CUT
 10
1730.5201438160877
 20
392.18149778890245
 30
0.0
 70
0
  0
VERTEX
  5
7F5
  8
CUT
 10
1729.3251226430916
 20
384.48943388491364
 30
0.0
 70
0
  0
VERTEX
  5
7F6
  8
CUT
 10
1727.894347105089
 20
376.82152588972434
 30
0.0
 70
0
  0
VERTEX
  5
7F7
  8
CUT
 10
1726.2141398058861
 20
369.19029726052594
 30
0.0
 70
0
  0
VERTEX
  5
7F8
  8
CUT
 10
1724.2724142693555
 20
361.60945551856025
 30
0.0
 70
0
  0
VERTEX
  5
7F9
  8
CUT
 10
1722.0587702336643
 20
354.0937280529248
 30
0.0
 70
0
  0
VERTEX
  5
7FA
  8
CUT
 10
1719.5645960238055
 20
346.6586819039447
 30
0.0
 70
0
  0
VERTEX
  5
7FB
  8
CUT
 10
1716.7831688326862
 20
339.3205278608932
 30
0.0
 70
0
  0
VERTEX
  5
7FC
  8
CUT
 10
1713.7097451113686
 20
332.0959103903821
 30
0.0
 70
0
  0
VERTEX
  5
7FD
  8
CUT
 10
1710.3416343717167
 20
325.0016859699332
 30
0.0
 70
0
  0
VERTEX
  5
7FE
  8
CUT
 10
1706.6782507351857
 20
318.0546933224905
 30
0.0
 70
0
  0
VERTEX
  5
7FF
  8
CUT
 10
1702.7211376243445
 20
311.27151980453687
 30
0.0
 70
0
  0
VERTEX
  5
800
  8
CUT
 10
1698.4739621354972
 20
304.6682687611674
 30
0.0
 70
0
  0
VERTEX
  5
801
  8
CUT
 10
1693.9424768580943
 20
298.2603329967782
 30
0.0
 70
0
  0
VERTEX
  5
802
  8
CUT
 10
1689.134448197379
 20
292.0621795991873
 30
0.0
 70
0
  0
VERTEX
  5
803
  8
CUT
 10
1684.0595515687535
 20
286.08715118981877
 30
0.0
 70
0
  0
VERTEX
  5
804
  8
CUT
 10
1678.7292351110418
 20
280.3472882599085
 30
0.0
 70
0
  0
VERTEX
  5
805
  8
CUT
 10
1673.1565547514135
 20
274.8531766152271
 30
0.0
 70
0
  0
VERTEX
  5
806
  8
CUT
 10
1667.3559844891365
 20
269.6138231269946
 30
0.0
 70
0
  0
VERTEX
  5
807
  8
CUT
 10
1661.343206598279
 20
264.63656202394264
 30
0.0
 70
0
  0
VERTEX
  5
808
  8
CUT
 10
1655.134887043455
 20
259.9269929173444
 30
0.0
 70
0
  0
VERTEX
  5
809
  8
CUT
 10
1648.7484417361832
 20
255.4889506880348
 30
0.0
 70
0
  0
VERTEX
  5
80A
  8
CUT
 10
1642.2017993284155
 20
251.32450634098603
 30
0.0
 70
0
  0
VERTEX
  5
80B
  8
CUT
 10
1635.513166057352
 20
247.43399700161052
 30
0.0
 70
0
  0
VERTEX
  5
80C
  8
CUT
 10
1628.7007977499893
 20
243.81608243134423
 30
0.0
 70
0
  0
VERTEX
  5
80D
  8
CUT
 10
1621.7827835067446
 20
240.46782480844215
 30
0.0
 70
0
  0
VERTEX
  5
80E
  8
CUT
 10
1614.7768448583965
 20
237.38478806992313
 30
0.0
 70
0
  0
VERTEX
  5
80F
  8
CUT
 10
1607.700153380083
 20
234.56115284548048
 30
0.0
 70
0
  0
VERTEX
  5
810
  8
CUT
 10
1600.569168899845
 20
231.98984292515306
 30
0.0
 70
0
  0
VERTEX
  5
811
  8
CUT
 10
1593.399499602383
 20
229.6626592710106
 30
0.0
 70
0
  0
VERTEX
  5
812
  8
CUT
 10
1586.2057845394395
 20
227.57041778325973
 30
0.0
 70
0
  0
VERTEX
  5
813
  8
CUT
 10
1579.00159834595
 20
225.70308733280282
 30
0.0
 70
0
  0
VERTEX
  5
814
  8
CUT
 10
1571.7993773459123
 20
224.04992494334434
 30
0.0
 70
0
  0
VERTEX
  5
815
  8
CUT
 10
1564.6103657247527
 20
222.59960541487317
 30
0.0
 70
0
  0
VERTEX
  5
816
  8
CUT
 10
1557.4445800484175
 20
221.34034309680467
 30
0.0
 70
0
  0
VERTEX
  5
817
  8
CUT
 10
1550.3107901189856
 20
220.26000391590063
 30
0.0
 70
0
  0
VERTEX
  5
818
  8
CUT
 10
1543.2165139621238
 20
219.3462061165653
 30
0.0
 70
0
  0
VERTEX
  5
819
  8
CUT
 10
1536.16802462864
 20
218.58640845623972
 30
0.0
 70
0
  0
VERTEX
  5
81A
  8
CUT
 10
1529.1703664430331
 20
217.9679847931491
 30
0.0
 70
0
  0
VERTEX
  5
81B
  8
CUT
 10
1522.2273783261078
 20
217.47828408061324
 30
0.0
 70
0
  0
VERTEX
  5
81C
  8
CUT
 10
1515.3417218338013
 20
217.10467470484647
 30
0.0
 70
0
  0
VERTEX
  5
81D
  8
CUT
 10
1508.514911564531
 20
216.8345718147878
 30
0.0
 70
0
  0
VERTEX
  5
81E
  8
CUT
 10
1501.7473455611707
 20
216.65544569663118
 30
0.0
 70
0
  0
VERTEX
  5
81F
  8
CUT
 10
1495.0383332290583
 20
216.55480816834162
 30
0.0
 70
0
  0
VERTEX
  5
820
  8
CUT
 10
1488.3861180451977
 20
216.52017207851807
 30
0.0
 70
0
  0
VERTEX
  5
821
  8
CUT
 10
1481.7878918403896
 20
216.53897561673156
 30
0.0
 70
0
  0
VERTEX
  5
822
  8
CUT
 10
1475.2397964987993
 20
216.59845681086188
 30
0.0
 70
0
  0
VERTEX
  5
823
  8
CUT
 10
1468.7369071318087
 20
216.68545077532752
 30
0.0
 70
0
  0
VERTEX
  5
824
  8
CUT
 10
1462.273187197246
 20
216.78605335086618
 30
0.0
 70
0
  0
VERTEX
  5
825
  8
CUT
 10
1455.841398070358
 20
216.88501811555426
 30
0.0
 70
0
  0
VERTEX
  5
826
  8
CUT
 10
1449.4329243368004
 20
216.96448987351624
 30
0.0
 70
0
  0
VERTEX
  5
827
  8
CUT
 10
1443.0373924242178
 20
217.0
 30
0.0
 70
0
  0
VERTEX
  5
828
  8
CUT
 10
1436.6418605116355
 20
216.96448987351624
 30
0.0
 70
0
  0
VERTEX
  5
829
  8
CUT
 10
1430.2333867780776
 20
216.88501811555426
 30
0.0
 70
0
  0
VERTEX
  5
82A
  8
CUT
 10
1423.80159765119
 20
216.78605335086618
 30
0.0
 70
0
  0
VERTEX
  5
82B
  8
CUT
 10
1417.3378777166272
 20
216.68545077532752
 30
0.0
 70
0
  0
VERTEX
  5
82C
  8
CUT
 10
1410.8349883496367
 20
216.59845681086188
 30
0.0
 70
0
  0
VERTEX
  5
82D
  8
CUT
 10
1404.2868930080463
 20
216.53897561673156
 30
0.0
 70
0
  0
SEQEND
  5
7B3
  8
CUT
  0
POLYLINE
  5
82E
  8
CUT
 66
1
 10
0.0
 20
0.0
 30
0.0
 70
1
  0
VERTEX
  5
830
  8
CUT
 10
1436.737392424218
 20
192.5
 30
0.0
 42
0.41421356237309503
 70
0
  0
VERTEX
  5
831
  8
CUT
 10
1433.5373924242178
 20
195.70000000000005
 30
0.0
 42
0.41421356237309503
 70
0
  0
VERTEX
  5
832
  8
CUT
 10
1430.3373924242178
 20
192.50000000000006
 30
0.0
 42
0.41421356237309503
 70
0
  0
VERTEX
  5
833
  8
CUT
 10
1433.5373924242178
 20
189.3
 30
0.0
 70
0
  0
VERTEX
  5
834
  8
CUT
 10
1433.5373924242178
 20
44.69999999999999
 30
0.0
 42
0.41421356237309503
 70
0
  0
VERTEX
  5
835
  8
CUT
 10
1430.3373924242178
 20
41.49999999999997
 30
0.0
 42
0.41421356237309503
 70
0
  0
VERTEX
  5
836
  8
CUT
 10
1433.5373924242178
 20
38.299999999999955
 30
0.0
 42
0.41421356237309503
 70
0
  0
VERTEX
  5
837
  8
CUT
 10
1436.737392424218
 20
41.5
 30
0.0
 70
0
  0
VERTEX
  5
838
  8
CUT
 10
1449.3373924242178
 20
41.5
 30
0.0
 42
0.41421356237309503
 70
0
  0
VERTEX
  5
839
  8
CUT
 10
1452.5373924242178
 20
38.299999999999955
 30
0.0
 42
0.41421356237309503
 70
0
  0
VERTEX
  5
83A
  8
CUT
 10
1455.737392424218
 20
41.49999999999994
 30
0.0
 42
0.41421356237309503
 70
0
  0
VERTEX
  5
83B
  8
CUT
 10
1452.5373924242178
 20
44.69999999999999
 30
0.0
 70
0
  0
VERTEX
  5
83C
  8
CUT
 10
1452.5373924242178
 20
189.3
 30
0.0
 42
0.41421356237309503
 70
0
  0
VERTEX
  5
83D
  8
CUT
 10
1455.7373924242177
 20
192.49999999999991
 30
0.0
 42
0.41421356237309503
 70
0
  0
VERTEX
  5
83E
  8
CUT
 10
1452.5373924242178
 20
195.69999999999982
 30
0.0
 42
0.41421356237309503
 70
0
  0
VERTEX
  5
83F
  8
CUT
 10
1449.337392424218
 20
192.5
 30
0.0
 70
0
  0
SEQEND
  5
82F
  8
CUT
  0
POLYLINE
  5
840
  8
CUT
 66
1
 10
0.0
 20
0.0
 30
0.0
 70
1
  0
VERTEX
  5
842
  8
CUT
 10
1523.8066386356345
 20
192.2305923668198
 30
0.0
 42
0.41421356237309503
 70
0
  0
VERTEX
  5
843
  8
CUT
 10
1519.77440340149
 20
194.28511883696433
 30
0.0
 42
0.41421356237309503
 70
0
  0
VERTEX
  5
844
  8
CUT
 10
1517.7198769313454
 20
190.25288360282
 30
0.0
 42
0.41421356237309503
 70
0
  0
VERTEX
  5
845
  8
CUT
 10
1521.75211216549
 20
188.19835713267543
 30
0.0
 70
0
  0
VERTEX
  5
846
  8
CUT
 10
1566.4359695521073
 20
50.67558487639627
 30
0.0
 42
0.41421356237309503
 70
0
  0
VERTEX
  5
847
  8
CUT
 10
1564.3814430819625
 20
46.64334964225199
 30
0.0
 42
0.41421356237309503
 70
0
  0
VERTEX
  5
848
  8
CUT
 10
1568.4136783161068
 20
44.58882317210725
 30
0.0
 42
0.41421356237309503
 70
0
  0
VERTEX
  5
849
  8
CUT
 10
1570.4682047862516
 20
48.621058406251564
 30
0.0
 70
0
  0
VERTEX
  5
84A
  8
CUT
 10
1582.4515168915705
 20
52.514672535375894
 30
0.0
 42
0.41421356237309503
 70
0
  0
VERTEX
  5
84B
  8
CUT
 10
1586.483752125715
 20
50.46014606523135
 30
0.0
 42
0.41421356237309503
 70
0
  0
VERTEX
  5
84C
  8
CUT
 10
1588.5382785958595
 20
54.492381299375694
 30
0.0
 42
0.41421356237309503
 70
0
  0
VERTEX
  5
84D
  8
CUT
 10
1584.506043361715
 20
56.54690776952026
 30
0.0
 70
0
  0
VERTEX
  5
84E
  8
CUT
 10
1539.822185975098
 20
194.0696800257994
 30
0.0
 42
0.41421356237309503
 70
0
  0
VERTEX
  5
84F
  8
CUT
 10
1541.8767124452424
 20
198.10191525994404
 30
0.0
 42
0.41421356237309503
 70
0
  0
VERTEX
  5
850
  8
CUT
 10
1537.844477211098
 20
200.15644173008863
 30
0.0
 42
0.41421356237309503
 70
0
  0
VERTEX
  5
851
  8
CUT
 10
1535.7899507409534
 20
196.12420649594412
 30
0.0
 70
0
  0
SEQEND
  5
841
  8
CUT
  0
POLYLINE
  5
852
  8
CUT
 66
1
 10
0.0
 20
0.0
 30
0.0
 70
1
  0
VERTEX
  5
854
  8
CUT
 10
1617.0040849966865
 20
211.03718939385172
 30
0.0
 42
0.41421356237309503
 70
0
  0
VERTEX
  5
855
  8
CUT
 10
1612.5343178073508
 20
211.74513096851564
 30
0.0
 42
0.41421356237309503
 70
0
  0
VERTEX
  5
856
  8
CUT
 10
1611.8263762326867
 20
207.27536377917988
 30
0.0
 42
0.41421356237309503
 70
0
  0
VERTEX
  5
857
  8
CUT
 10
1616.2961434220226
 20
206.56742220451596
 30
0.0
 70
0
  0
VERTEX
  5
858
  8
CUT
 10
1701.2898909035143
 20
89.58356481789855
 30
0.0
 42
0.41421356237309503
 70
0
  0
VERTEX
  5
859
  8
CUT
 10
1700.5819493288502
 20
85.1137976285629
 30
0.0
 42
0.41421356237309503
 70
0
  0
VERTEX
  5
85A
  8
CUT
 10
1705.051716518186
 20
84.40585605389886
 30
0.0
 42
0.41421356237309503
 70
0
  0
VERTEX
  5
85B
  8
CUT
 10
1705.75965809285
 20
88.8756232432346
 30
0.0
 70
0
  0
VERTEX
  5
85C
  8
CUT
 10
1715.9532722219742
 20
96.28171742211975
 30
0.0
 42
0.41421356237309503
 70
0
  0
VERTEX
  5
85D
  8
CUT
 10
1720.42303941131
 20
95.57377584745565
 30
0.0
 42
0.41421356237309503
 70
0
  0
VERTEX
  5
85E
  8
CUT
 10
1721.130980985974
 20
100.0435430367914
 30
0.0
 42
0.41421356237309503
 70
0
  0
VERTEX
  5
85F
  8
CUT
 10
1716.6612137966383
 20
100.75148461145551
 30
0.0
 70
0
  0
VERTEX
  5
860
  8
CUT
 10
1631.6674663151466
 20
217.73534199807293
 30
0.0
 42
0.41421356237309503
 70
0
  0
VERTEX
  5
861
  8
CUT
 10
1632.3754078898107
 20
222.20510918740857
 30
0.0
 42
0.41421356237309503
 70
0
  0
VERTEX
  5
862
  8
CUT
 10
1627.905640700475
 20
222.9130507620726
 30
0.0
 42
0.41421356237309503
 70
0
  0
VERTEX
  5
863
  8
CUT
 10
1627.197699125811
 20
218.44328357273687
 30
0.0
 70
0
  0
SEQEND
  5
853
  8
CUT
  0
POLYLINE
  5
864
  8
CUT
 66
1
 10
0.0
 20
0.0
 30
0.0
 70
1
  0
VERTEX
  5
866
  8
CUT
 10
1700.1774208414972
 20
266.589605444091
 30
0.0
 42
0.41421356237309503
 70
0
  0
VERTEX
  5
867
  8
CUT
 10
1695.7076536521615
 20
265.8816638694271
 30
0.0
 42
0.41421356237309503
 70
0
  0
VERTEX
  5
868
  8
CUT
 10
1696.4155952268252
 20
261.41189668009133
 30
0.0
 42
0.41421356237309503
 70
0
  0
VERTEX
  5
869
  8
CUT
 10
1700.8853624161611
 20
262.1198382547552
 30
0.0
 70
0
  0
VERTEX
  5
86A
  8
CUT
 10
1817.8692198027784
 20
177.12609077326357
 30
0.0
 42
0.41421356237309503
 70
0
  0
VERTEX
  5
86B
  8
CUT
 10
1818.5771613774425
 20
172.65632358392784
 30
0.0
 42
0.41421356237309503
 70
0
  0
VERTEX
  5
86C
  8
CUT
 10
1823.0469285667782
 20
173.36426515859185
 30
0.0
 42
0.41421356237309503
 70
0
  0
VERTEX
  5
86D
  8
CUT
 10
1822.338986992114
 20
177.83403234792752
 30
0.0
 70
0
  0
VERTEX
  5
86E
  8
CUT
 10
1829.7450811709994
 20
188.0276464770518
 30
0.0
 42
0.41421356237309503
 70
0
  0
VERTEX
  5
86F
  8
CUT
 10
1834.214848360335
 20
188.73558805171595
 30
0.0
 42
0.41421356237309503
 70
0
  0
VERTEX
  5
870
  8
CUT
 10
1833.506906785671
 20
193.20535524105168
 30
0.0
 42
0.41421356237309503
 70
0
  0
VERTEX
  5
871
  8
CUT
 10
1829.0371395963352
 20
192.49741366638756
 30
0.0
 70
0
  0
VERTEX
  5
872
  8
CUT
 10
1712.053282209718
 20
277.4911611478792
 30
0.0
 42
0.41421356237309503
 70
0
  0
VERTEX
  5
873
  8
CUT
 10
1711.3453406350538
 20
281.96092833721497
 30
0.0
 42
0.41421356237309503
 70
0
  0
VERTEX
  5
874
  8
CUT
 10
1706.8755734457181
 20
281.25298676255096
 30
0.0
 42
0.41421356237309503
 70
0
  0
VERTEX
  5
875
  8
CUT
 10
1707.5835150203823
 20
276.7832195732153
 30
0.0
 70
0
  0
SEQEND
  5
865
  8
CUT
  0
POLYLINE
  5
876
  8
CUT
 66
1
 10
0.0
 20
0.0
 30
0.0
 70
1
  0
VERTEX
  5
878
  8
CUT
 10
1747.5682173905552
 20
355.62772484568023
 30
0.0
 42
0.41421356237309503
 70
0
  0
VERTEX
  5
879
  8
CUT
 10
1743.535982156411
 20
353.57319837553547
 30
0.0
 42
0.41421356237309503
 70
0
  0
VERTEX
  5
87A
  8
CUT
 10
1745.5905086265557
 20
349.54096314139116
 30
0.0
 42
0.41421356237309503
 70
0
  0
VERTEX
  5
87B
  8
CUT
 10
1749.6227438607
 20
351.5954896115359
 30
0.0
 70
0
  0
VERTEX
  5
87C
  8
CUT
 10
1887.1455161169793
 20
306.91163222491855
 30
0.0
 42
0.41421356237309503
 70
0
  0
VERTEX
  5
87D
  8
CUT
 10
1889.200042587124
 20
302.87939699077424
 30
0.0
 42
0.41421356237309503
 70
0
  0
VERTEX
  5
87E
  8
CUT
 10
1893.2322778212683
 20
304.9339234609189
 30
0.0
 42
0.41421356237309503
 70
0
  0
VERTEX
  5
87F
  8
CUT
 10
1891.1777513511236
 20
308.9661586950632
 30
0.0
 70
0
  0
VERTEX
  5
880
  8
CUT
 10
1895.071365480248
 20
320.9494708003821
 30
0.0
 42
0.41421356237309503
 70
0
  0
VERTEX
  5
881
  8
CUT
 10
1899.1036007143923
 20
323.0039972705272
 30
0.0
 42
0.41421356237309503
 70
0
  0
VERTEX
  5
882
  8
CUT
 10
1897.049074244247
 20
327.03623250467143
 30
0.0
 42
0.41421356237309503
 70
0
  0
VERTEX
  5
883
  8
CUT
 10
1893.016839010103
 20
324.9817060345264
 30
0.0
 70
0
  0
VERTEX
  5
884
  8
CUT
 10
1755.494066753824
 20
369.6655634211438
 30
0.0
 42
0.41421356237309503
 70
0
  0
VERTEX
  5
885
  8
CUT
 10
1753.4395402836792
 20
373.6977986552881
 30
0.0
 42
0.41421356237309503
 70
0
  0
VERTEX
  5
886
  8
CUT
 10
1749.407305049535
 20
371.6432721851435
 30
0.0
 42
0.41421356237309503
 70
0
  0
VERTEX
  5
887
  8
CUT
 10
1751.4618315196797
 20
367.61103695099916
 30
0.0
 70
0
  0
SEQEND
  5
877
  8
CUT
  0
POLYLINE
  5
888
  8
CUT
 66
1
 10
0.0
 20
0.0
 30
0.0
 70
1
  0
VERTEX
  5
88A
  8
CUT
 10
2374.387617842921
 20
785.2968928153643
 30
0.0
 70
0
  0
VERTEX
  5
88B
  8
CUT
 10
2362.657867937295
 20
785.9887157769685
 30
0.0
 70
0
  0
VERTEX
  5
88C
  8
CUT
 10
2350.9554327798246
 20
786.5171286113955
 30
0.0
 70
0
  0
VERTEX
  5
88D
  8
CUT
 10
2339.2778393373
 20
786.8956137088278
 30
0.0
 70
0
  0
VERTEX
  5
88E
  8
CUT
 10
2327.621422313432
 20
787.1390891484289
 30
0.0
 70
0
  0
VERTEX
  5
88F
  8
CUT
 10
2315.9811469928604
 20
787.2651754346635
 30
0.0
 70
0
  0
VERTEX
  5
890
  8
CUT
 10
2304.3502254187033
 20
787.2982003130683
 30
0.0
 70
0
  0
VERTEX
  5
891
  8
CUT
 10
2292.719303844546
 20
787.2651754346635
 30
0.0
 70
0
  0
VERTEX
  5
892
  8
CUT
 10
2281.079028523974
 20
787.1390891484289
 30
0.0
 70
0
  0
VERTEX
  5
893
  8
CUT
 10
2269.422611500106
 20
786.8956137088278
 30
0.0
 70
0
  0
VERTEX
  5
894
  8
CUT
 10
2257.7450180575815
 20
786.5171286113955
 30
0.0
 70
0
  0
VERTEX
  5
895
  8
CUT
 10
2246.0425829001115
 20
785.9887157769685
 30
0.0
 70
0
  0
VERTEX
  5
896
  8
CUT
 10
2234.3128329944852
 20
785.2968928153643
 30
0.0
 70
0
  0
VERTEX
  5
897
  8
CUT
 10
2222.554394699294
 20
784.4290097473412
 30
0.0
 70
0
  0
VERTEX
  5
898
  8
CUT
 10
2210.766946450311
 20
783.3729122914879
 30
0.0
 70
0
  0
VERTEX
  5
899
  8
CUT
 10
2198.9511995105695
 20
782.1167386959726
 30
0.0
 70
0
  0
VERTEX
  5
89A
  8
CUT
 10
2187.108897257886
 20
780.6487937560942
 30
0.0
 70
0
  0
VERTEX
  5
89B
  8
CUT
 10
2175.2428270683354
 20
778.9574725818604
 30
0.0
 70
0
  0
VERTEX
  5
89C
  8
CUT
 10
2163.356840641824
 20
777.0312194914859
 30
0.0
 70
0
  0
VERTEX
  5
89D
  8
CUT
 10
2151.455879553134
 20
774.8585137383549
 30
0.0
 70
0
  0
VERTEX
  5
89E
  8
CUT
 10
2139.546003305221
 20
772.427877156269
 30
0.0
 70
0
  0
VERTEX
  5
89F
  8
CUT
 10
2127.6344174077794
 20
769.7279006987603
 30
0.0
 70
0
  0
VERTEX
  5
8A0
  8
CUT
 10
2115.7294991087756
 20
766.7472879256879
 30
0.0
 70
0
  0
VERTEX
  5
8A1
  8
CUT
 10
2103.8408184328446
 20
763.4749140862358
 30
0.0
 70
0
  0
VERTEX
  5
8A2
  8
CUT
 10
2091.979152170259
 20
759.8998997358688
 30
0.0
 70
0
  0
VERTEX
  5
8A3
  8
CUT
 10
2080.1564884450872
 20
756.011697902117
 30
0.0
 70
0
  0
VERTEX
  5
8A4
  8
CUT
 10
2068.386019496971
 20
751.8001937371532
 30
0.0
 70
0
  0
VERTEX
  5
8A5
  8
CUT
 10
2056.682120360292
 20
747.255815400627
 30
0.0
 70
0
  0
VERTEX
  5
8A6
  8
CUT
 10
2045.0603112375327
 20
742.3696546311426
 30
0.0
 70
0
  0
VERTEX
  5
8A7
  8
CUT
 10
2033.5372015581097
 20
737.1335951123184
 30
0.0
 70
0
  0
VERTEX
  5
8A8
  8
CUT
 10
2022.1304140043435
 20
731.5404463425773
 30
0.0
 70
0
  0
VERTEX
  5
8A9
  8
CUT
 10
2010.8584871827804
 20
725.5840803013922
 30
0.0
 70
0
  0
VERTEX
  5
8AA
  8
CUT
 10
1999.7407561262091
 20
719.2595677960203
 30
0.0
 70
0
  0
VERTEX
  5
8AB
  8
CUT
 10
1988.7972104268952
 20
712.5633110017302
 30
0.0
 70
0
  0
VERTEX
  5
8AC
  8
CUT
 10
1978.0483305137973
 20
705.4931684069365
 30
0.0
 70
0
  0
VERTEX
  5
8AD
  8
CUT
 10
1967.5149033757548
 20
698.0485681745398
 30
0.0
 70
0
  0
VERTEX
  5
8AE
  8
CUT
 10
1957.2178198694285
 20
690.230605862343
 30
0.0
 70
0
  0
VERTEX
  5
8AF
  8
CUT
 10
1947.1778565970087
 20
682.0421225344746
 30
0.0
 70
0
  0
VERTEX
  5
8B0
  8
CUT
 10
1937.4154461491632
 20
673.4877595608973
 30
0.0
 70
0
  0
VERTEX
  5
8B1
  8
CUT
 10
1927.9504402337784
 20
664.5739868521105
 30
0.0
 70
0
  0
VERTEX
  5
8B2
  8
CUT
 10
1918.8018708001134
 20
655.3091019078087
 30
0.0
 70
0
  0
VERTEX
  5
8B3
  8
CUT
 10
1909.9877146736324
 20
645.7031978549039
 30
0.0
 70
0
  0
VERTEX
  5
8B4
  8
CUT
 10
1901.5246673991783
 20
635.7680995817442
 30
0.0
 70
0
  0
VERTEX
  5
8B5
  8
CUT
 10
1893.427931921139
 20
625.5172680988476
 30
0.0
 70
0
  0
VERTEX
  5
8B6
  8
CUT
 10
1885.711027395742
 20
614.9656743192957
 30
0.0
 70
0
  0
VERTEX
  5
8B7
  8
CUT
 10
1878.3856228366053
 20
604.1296444950906
 30
0.0
 70
0
  0
VERTEX
  5
8B8
  8
CUT
 10
1871.4613994616889
 20
593.0266805085314
 30
0.0
 70
0
  0
VERTEX
  5
8B9
  8
CUT
 10
1864.9459445753423
 20
581.6752590424995
 30
0.0
 70
0
  0
VERTEX
  5
8BA
  8
CUT
 10
1858.844678633531
 20
570.0946142910445
 30
0.0
 70
0
  0
VERTEX
  5
8BB
  8
CUT
 10
1853.1608158615804
 20
558.3045092843452
 30
0.0
 70
0
  0
VERTEX
  5
8BC
  8
CUT
 10
1847.8953574817149
 20
546.3250010673353
 30
0.0
 70
0
  0
VERTEX
  5
8BD
  8
CUT
 10
1843.0471153168583
 20
534.1762048821415
 30
0.0
 70
0
  0
VERTEX
  5
8BE
  8
CUT
 10
1838.6127623098164
 20
521.8780621692035
 30
0.0
 70
0
  0
VERTEX
  5
8BF
  8
CUT
 10
1834.58690535513
 20
509.4501166412623
 30
0.0
 70
0
  0
VERTEX
  5
8C0
  8
CUT
 10
1830.9621747780043
 20
496.91130192753184
 30
0.0
 70
0
  0
VERTEX
  5
8C1
  8
CUT
 10
1827.7293237641934
 20
484.2797433641285
 30
0.0
 70
0
  0
VERTEX
  5
8C2
  8
CUT
 10
1824.8773299420159
 20
471.5725754486588
 30
0.0
 70
0
  0
VERTEX
  5
8C3
  8
CUT
 10
1822.393489947298
 20
458.80577529534696
 30
0.0
 70
0
  0
VERTEX
  5
8C4
  8
CUT
 10
1820.2634958104807
 20
445.9940111086777
 30
0.0
 70
0
  0
VERTEX
  5
8C5
  8
CUT
 10
1818.471478735808
 20
433.1505031758071
 30
0.0
 70
0
  0
VERTEX
  5
8C6
  8
CUT
 10
1817.0
 20
420.2868930080462
 30
0.0
 70
0
  0
VERTEX
  5
8C7
  8
CUT
 10
2014.5376681190276
 20
389.0
 30
0.0
 70
0
  0
VERTEX
  5
8C8
  8
CUT
 10
2015.1224602485988
 20
396.7033980773775
 30
0.0
 70
0
  0
VERTEX
  5
8C9
  8
CUT
 10
2015.8930159572417
 20
404.4116729451259
 30
0.0
 70
0
  0
VERTEX
  5
8CA
  8
CUT
 10
2016.8674740268334
 20
412.1167025241659
 30
0.0
 70
0
  0
VERTEX
  5
8CB
  8
CUT
 10
2018.0624951998295
 20
419.8087664281546
 30
0.0
 70
0
  0
VERTEX
  5
8CC
  8
CUT
 10
2019.493270737832
 20
427.476674423344
 30
0.0
 70
0
  0
VERTEX
  5
8CD
  8
CUT
 10
2021.173478037035
 20
435.1079030525424
 30
0.0
 70
0
  0
VERTEX
  5
8CE
  8
CUT
 10
2023.1152035735659
 20
442.68874479450807
 30
0.0
 70
0
  0
VERTEX
  5
8CF
  8
CUT
 10
2025.3288476092569
 20
450.2044722601435
 30
0.0
 70
0
  0
VERTEX
  5
8D0
  8
CUT
 10
2027.8230218191156
 20
457.63951840912364
 30
0.0
 70
0
  0
VERTEX
  5
8D1
  8
CUT
 10
2030.604449010235
 20
464.9776724521751
 30
0.0
 70
0
  0
VERTEX
  5
8D2
  8
CUT
 10
2033.6778727315525
 20
472.2022899226862
 30
0.0
 70
0
  0
VERTEX
  5
8D3
  8
CUT
 10
2037.0459834712044
 20
479.2965143431351
 30
0.0
 70
0
  0
VERTEX
  5
8D4
  8
CUT
 10
2040.7093671077355
 20
486.2435069905778
 30
0.0
 70
0
  0
VERTEX
  5
8D5
  8
CUT
 10
2044.6664802185767
 20
493.02668050853146
 30
0.0
 70
0
  0
VERTEX
  5
8D6
  8
CUT
 10
2048.913655707424
 20
499.6299315519009
 30
0.0
 70
0
  0
VERTEX
  5
8D7
  8
CUT
 10
2053.445140984827
 20
506.03786731629015
 30
0.0
 70
0
  0
VERTEX
  5
8D8
  8
CUT
 10
2058.253169645542
 20
512.2360207138811
 30
0.0
 70
0
  0
VERTEX
  5
8D9
  8
CUT
 10
2063.3280662741677
 20
518.2110491232495
 30
0.0
 70
0
  0
VERTEX
  5
8DA
  8
CUT
 10
2068.6583827318796
 20
523.9509120531598
 30
0.0
 70
0
  0
VERTEX
  5
8DB
  8
CUT
 10
2074.2310630915076
 20
529.4450236978412
 30
0.0
 70
0
  0
VERTEX
  5
8DC
  8
CUT
 10
2080.031633353785
 20
534.6843771860737
 30
0.0
 70
0
  0
VERTEX
  5
8DD
  8
CUT
 10
2086.044411244642
 20
539.6616382891257
 30
0.0
 70
0
  0
VERTEX
  5
8DE
  8
CUT
 10
2092.2527307994665
 20
544.3712073957239
 30
0.0
 70
0
  0
VERTEX
  5
8DF
  8
CUT
 10
2098.639176106738
 20
548.8092496250335
 30
0.0
 70
0
  0
VERTEX
  5
8E0
  8
CUT
 10
2105.1858185145056
 20
552.9736939720823
 30
0.0
 70
0
  0
VERTEX
  5
8E1
  8
CUT
 10
2111.874451785569
 20
556.8642033114578
 30
0.0
 70
0
  0
VERTEX
  5
8E2
  8
CUT
 10
2118.686820092932
 20
560.4821178817241
 30
0.0
 70
0
  0
VERTEX
  5
8E3
  8
CUT
 10
2125.6048343361767
 20
563.8303755046261
 30
0.0
 70
0
  0
VERTEX
  5
8E4
  8
CUT
 10
2132.6107729845244
 20
566.9134122431451
 30
0.0
 70
0
  0
VERTEX
  5
8E5
  8
CUT
 10
2139.687464462838
 20
569.7370474675879
 30
0.0
 70
0
  0
VERTEX
  5
8E6
  8
CUT
 10
2146.818448943076
 20
572.3083573879153
 30
0.0
 70
0
  0
VERTEX
  5
8E7
  8
CUT
 10
2153.988118240538
 20
574.6355410420576
 30
0.0
 70
0
  0
VERTEX
  5
8E8
  8
CUT
 10
2161.1818333034817
 20
576.7277825298086
 30
0.0
 70
0
  0
VERTEX
  5
8E9
  8
CUT
 10
2168.386019496971
 20
578.5951129802654
 30
0.0
 70
0
  0
VERTEX
  5
8EA
  8
CUT
 10
2175.588240497009
 20
580.248275369724
 30
0.0
 70
0
  0
VERTEX
  5
8EB
  8
CUT
 10
2182.7772521181682
 20
581.6985948981951
 30
0.0
 70
0
  0
VERTEX
  5
8EC
  8
CUT
 10
2189.9430377945037
 20
582.9578572162636
 30
0.0
 70
0
  0
VERTEX
  5
8ED
  8
CUT
 10
2197.076827723936
 20
584.0381963971677
 30
0.0
 70
0
  0
VERTEX
  5
8EE
  8
CUT
 10
2204.1711038807975
 20
584.951994196503
 30
0.0
 70
0
  0
VERTEX
  5
8EF
  8
CUT
 10
2211.2195932142813
 20
585.7117918568285
 30
0.0
 70
0
  0
VERTEX
  5
8F0
  8
CUT
 10
2218.217251399888
 20
586.3302155199192
 30
0.0
 70
0
  0
VERTEX
  5
8F1
  8
CUT
 10
2225.1602395168134
 20
586.8199162324552
 30
0.0
 70
0
  0
VERTEX
  5
8F2
  8
CUT
 10
2232.04589600912
 20
587.1935256082219
 30
0.0
 70
0
  0
VERTEX
  5
8F3
  8
CUT
 10
2238.87270627839
 20
587.4636284982805
 30
0.0
 70
0
  0
VERTEX
  5
8F4
  8
CUT
 10
2245.64027228175
 20
587.6427546164372
 30
0.0
 70
0
  0
VERTEX
  5
8F5
  8
CUT
 10
2252.349284613863
 20
587.7433921447267
 30
0.0
 70
0
  0
VERTEX
  5
8F6
  8
CUT
 10
2259.0014997977237
 20
587.7780282345502
 30
0.0
 70
0
  0
VERTEX
  5
8F7
  8
CUT
 10
2265.5997260025315
 20
587.7592246963368
 30
0.0
 70
0
  0
VERTEX
  5
8F8
  8
CUT
 10
2272.147821344122
 20
587.6997435022065
 30
0.0
 70
0
  0
VERTEX
  5
8F9
  8
CUT
 10
2278.6507107111124
 20
587.6127495377408
 30
0.0
 70
0
  0
VERTEX
  5
8FA
  8
CUT
 10
2285.1144306456754
 20
587.5121469622022
 30
0.0
 70
0
  0
VERTEX
  5
8FB
  8
CUT
 10
2291.546219772563
 20
587.4131821975141
 30
0.0
 70
0
  0
VERTEX
  5
8FC
  8
CUT
 10
2297.9546935061207
 20
587.3337104395521
 30
0.0
 70
0
  0
VERTEX
  5
8FD
  8
CUT
 10
2304.3502254187033
 20
587.2982003130683
 30
0.0
 70
0
  0
VERTEX
  5
8FE
  8
CUT
 10
2310.745757331286
 20
587.3337104395521
 30
0.0
 70
0
  0
VERTEX
  5
8FF
  8
CUT
 10
2317.1542310648433
 20
587.4131821975141
 30
0.0
 70
0
  0
VERTEX
  5
900
  8
CUT
 10
2323.586020191731
 20
587.5121469622022
 30
0.0
 70
0
  0
VERTEX
  5
901
  8
CUT
 10
2330.0497401262937
 20
587.6127495377408
 30
0.0
 70
0
  0
VERTEX
  5
902
  8
CUT
 10
2336.5526294932843
 20
587.6997435022065
 30
0.0
 70
0
  0
VERTEX
  5
903
  8
CUT
 10
2343.100724834875
 20
587.7592246963368
 30
0.0
 70
0
  0
SEQEND
  5
889
  8
CUT
  0
POLYLINE
  5
904
  8
CUT
 66
1
 10
0.0
 20
0.0
 30
0.0
 70
1
  0
VERTEX
  5
906
  8
CUT
 10
2310.650225418703
 20
611.7982003130683
 30
0.0
 42
0.41421356237309503
 70
0
  0
VERTEX
  5
907
  8
CUT
 10
2313.8502254187033
 20
608.598200313068
 30
0.0
 42
0.41421356237309503
 70
0
  0
VERTEX
  5
908
  8
CUT
 10
2317.0502254187036
 20
611.798200313068
 30
0.0
 42
0.41421356237309503
 70
0
  0
VERTEX
  5
909
  8
CUT
 10
2313.8502254187033
 20
614.9982003130683
 30
0.0
 70
0
  0
VERTEX
  5
90A
  8
CUT
 10
2313.8502254187033
 20
759.5982003130683
 30
0.0
 42
0.41421356237309503
 70
0
  0
VERTEX
  5
90B
  8
CUT
 10
2317.0502254187036
 20
762.7982003130685
 30
0.0
 42
0.41421356237309503
 70
0
  0
VERTEX
  5
90C
  8
CUT
 10
2313.8502254187033
 20
765.9982003130685
 30
0.0
 42
0.41421356237309503
 70
0
  0
VERTEX
  5
90D
  8
CUT
 10
2310.650225418703
 20
762.7982003130683
 30
0.0
 70
0
  0
VERTEX
  5
90E
  8
CUT
 10
2298.050225418703
 20
762.7982003130683
 30
0.0
 42
0.41421356237309503
 70
0
  0
VERTEX
  5
90F
  8
CUT
 10
2294.8502254187033
 20
765.9982003130681
 30
0.0
 42
0.41421356237309503
 70
0
  0
VERTEX
  5
910
  8
CUT
 10
2291.6502254187035
 20
762.798200313068
 30
0.0
 42
0.41421356237309503
 70
0
  0
VERTEX
  5
911
  8
CUT
 10
2294.8502254187033
 20
759.5982003130683
 30
0.0
 70
0
  0
VERTEX
  5
912
  8
CUT
 10
2294.8502254187033
 20
614.9982003130683
 30
0.0
 42
0.41421356237309503
 70
0
  0
VERTEX
  5
913
  8
CUT
 10
2291.6502254187035
 20
611.7982003130684
 30
0.0
 42
0.41421356237309503
 70
0
  0
VERTEX
  5
914
  8
CUT
 10
2294.8502254187033
 20
608.5982003130684
 30
0.0
 42
0.41421356237309503
 70
0
  0
VERTEX
  5
915
  8
CUT
 10
2298.050225418703
 20
611.7982003130683
 30
0.0
 70
0
  0
SEQEND
  5
905
  8
CUT
  0
POLYLINE
  5
916
  8
CUT
 66
1
 10
0.0
 20
0.0
 30
0.0
 70
1
  0
VERTEX
  5
918
  8
CUT
 10
2223.5809792072864
 20
612.0676079462485
 30
0.0
 42
0.41421356237309503
 70
0
  0
VERTEX
  5
919
  8
CUT
 10
2227.613214441431
 20
610.0130814761034
 30
0.0
 42
0.41421356237309503
 70
0
  0
VERTEX
  5
91A
  8
CUT
 10
2229.667740911576
 20
614.0453167102478
 30
0.0
 42
0.41421356237309503
 70
0
  0
VERTEX
  5
91B
  8
CUT
 10
2225.6355056774314
 20
616.0998431803929
 30
0.0
 70
0
  0
VERTEX
  5
91C
  8
CUT
 10
2180.951648290814
 20
753.622615436672
 30
0.0
 42
0.41421356237309503
 70
0
  0
VERTEX
  5
91D
  8
CUT
 10
2183.006174760959
 20
757.6548506708165
 30
0.0
 42
0.41421356237309503
 70
0
  0
VERTEX
  5
91E
  8
CUT
 10
2178.9739395268143
 20
759.7093771409614
 30
0.0
 42
0.41421356237309503
 70
0
  0
VERTEX
  5
91F
  8
CUT
 10
2176.9194130566693
 20
755.6771419068168
 30
0.0
 70
0
  0
VERTEX
  5
920
  8
CUT
 10
2164.9361009513505
 20
751.7835277776924
 30
0.0
 42
0.41421356237309503
 70
0
  0
VERTEX
  5
921
  8
CUT
 10
2160.9038657172064
 20
753.8380542478369
 30
0.0
 42
0.41421356237309503
 70
0
  0
VERTEX
  5
922
  8
CUT
 10
2158.849339247062
 20
749.8058190136926
 30
0.0
 42
0.41421356237309503
 70
0
  0
VERTEX
  5
923
  8
CUT
 10
2162.881574481206
 20
747.7512925435481
 30
0.0
 70
0
  0
VERTEX
  5
924
  8
CUT
 10
2207.5654318678235
 20
610.2285202872689
 30
0.0
 42
0.41421356237309503
 70
0
  0
VERTEX
  5
925
  8
CUT
 10
2205.510905397679
 20
606.1962850531247
 30
0.0
 42
0.41421356237309503
 70
0
  0
VERTEX
  5
926
  8
CUT
 10
2209.543140631823
 20
604.1417585829802
 30
0.0
 42
0.41421356237309503
 70
0
  0
VERTEX
  5
927
  8
CUT
 10
2211.5976671019675
 20
608.1739938171243
 30
0.0
 70
0
  0
SEQEND
  5
917
  8
CUT
  0
POLYLINE
  5
928
  8
CUT
 66
1
 10
0.0
 20
0.0
 30
0.0
 70
1
  0
VERTEX
  5
92A
  8
CUT
 10
2130.3835328462346
 20
593.2610109192166
 30
0.0
 42
0.41421356237309503
 70
0
  0
VERTEX
  5
92B
  8
CUT
 10
2134.85330003557
 20
592.5530693445527
 30
0.0
 42
0.41421356237309503
 70
0
  0
VERTEX
  5
92C
  8
CUT
 10
2135.561241610234
 20
597.0228365338885
 30
0.0
 42
0.41421356237309503
 70
0
  0
VERTEX
  5
92D
  8
CUT
 10
2131.0914744208985
 20
597.7307781085524
 30
0.0
 70
0
  0
VERTEX
  5
92E
  8
CUT
 10
2046.0977269394068
 20
714.7146354951697
 30
0.0
 42
0.41421356237309503
 70
0
  0
VERTEX
  5
92F
  8
CUT
 10
2046.805668514071
 20
719.1844026845052
 30
0.0
 42
0.41421356237309503
 70
0
  0
VERTEX
  5
930
  8
CUT
 10
2042.3359013247352
 20
719.8923442591694
 30
0.0
 42
0.41421356237309503
 70
0
  0
VERTEX
  5
931
  8
CUT
 10
2041.627959750071
 20
715.4225770698337
 30
0.0
 70
0
  0
VERTEX
  5
932
  8
CUT
 10
2031.4343456209467
 20
708.0164828909485
 30
0.0
 42
0.41421356237309503
 70
0
  0
VERTEX
  5
933
  8
CUT
 10
2026.964578431611
 20
708.7244244656124
 30
0.0
 42
0.41421356237309503
 70
0
  0
VERTEX
  5
934
  8
CUT
 10
2026.2566368569474
 20
704.2546572762767
 30
0.0
 42
0.41421356237309503
 70
0
  0
VERTEX
  5
935
  8
CUT
 10
2030.7264040462828
 20
703.5467157016128
 30
0.0
 70
0
  0
VERTEX
  5
936
  8
CUT
 10
2115.7201515277743
 20
586.5628583149953
 30
0.0
 42
0.41421356237309503
 70
0
  0
VERTEX
  5
937
  8
CUT
 10
2115.012209953111
 20
582.0930911256593
 30
0.0
 42
0.41421356237309503
 70
0
  0
VERTEX
  5
938
  8
CUT
 10
2119.481977142447
 20
581.3851495509956
 30
0.0
 42
0.41421356237309503
 70
0
  0
VERTEX
  5
939
  8
CUT
 10
2120.1899187171102
 20
585.8549167403314
 30
0.0
 70
0
  0
SEQEND
  5
929
  8
CUT
  0
POLYLINE
  5
93A
  8
CUT
 66
1
 10
0.0
 20
0.0
 30
0.0
 70
1
  0
VERTEX
  5
93C
  8
CUT
 10
2047.2101970014241
 20
537.7085948689773
 30
0.0
 42
0.41421356237309503
 70
0
  0
VERTEX
  5
93D
  8
CUT
 10
2051.6799641907596
 20
538.4165364436415
 30
0.0
 42
0.41421356237309503
 70
0
  0
VERTEX
  5
93E
  8
CUT
 10
2050.9720226160957
 20
542.8863036329772
 30
0.0
 42
0.41421356237309503
 70
0
  0
VERTEX
  5
93F
  8
CUT
 10
2046.50225542676
 20
542.178362058313
 30
0.0
 70
0
  0
VERTEX
  5
940
  8
CUT
 10
1929.5183980401428
 20
627.1721095398048
 30
0.0
 42
0.41421356237309503
 70
0
  0
VERTEX
  5
941
  8
CUT
 10
1928.8104564654786
 20
631.6418767291404
 30
0.0
 42
0.41421356237309503
 70
0
  0
VERTEX
  5
942
  8
CUT
 10
1924.340689276143
 20
630.9339351544766
 30
0.0
 42
0.41421356237309503
 70
0
  0
VERTEX
  5
943
  8
CUT
 10
1925.048630850807
 20
626.4641679651407
 30
0.0
 70
0
  0
VERTEX
  5
944
  8
CUT
 10
1917.6425366719218
 20
616.2705538360165
 30
0.0
 42
0.41421356237309503
 70
0
  0
VERTEX
  5
945
  8
CUT
 10
1913.172769482586
 20
615.5626122613527
 30
0.0
 42
0.41421356237309503
 70
0
  0
VERTEX
  5
946
  8
CUT
 10
1913.8807110572498
 20
611.0928450720169
 30
0.0
 42
0.41421356237309503
 70
0
  0
VERTEX
  5
947
  8
CUT
 10
1918.3504782465857
 20
611.8007866466808
 30
0.0
 70
0
  0
VERTEX
  5
948
  8
CUT
 10
2035.3343356332032
 20
526.807039165189
 30
0.0
 42
0.41421356237309503
 70
0
  0
VERTEX
  5
949
  8
CUT
 10
2036.0422772078673
 20
522.3372719758534
 30
0.0
 42
0.41421356237309503
 70
0
  0
VERTEX
  5
94A
  8
CUT
 10
2040.512044397203
 20
523.0452135505172
 30
0.0
 42
0.41421356237309503
 70
0
  0
VERTEX
  5
94B
  8
CUT
 10
2039.8041028225389
 20
527.514980739853
 30
0.0
 70
0
  0
SEQEND
  5
93B
  8
CUT
  0
POLYLINE
  5
94C
  8
CUT
 66
1
 10
0.0
 20
0.0
 30
0.0
 70
1
  0
VERTEX
  5
94E
  8
CUT
 10
1999.819400452366
 20
448.67047546738803
 30
0.0
 42
0.41421356237309503
 70
0
  0
VERTEX
  5
94F
  8
CUT
 10
2003.8516356865102
 20
450.72500193753285
 30
0.0
 42
0.41421356237309503
 70
0
  0
VERTEX
  5
950
  8
CUT
 10
2001.7971092163655
 20
454.7572371716772
 30
0.0
 42
0.41421356237309503
 70
0
  0
VERTEX
  5
951
  8
CUT
 10
1997.7648739822212
 20
452.7027107015324
 30
0.0
 70
0
  0
VERTEX
  5
952
  8
CUT
 10
1860.2421017259421
 20
497.3865680881498
 30
0.0
 42
0.41421356237309503
 70
0
  0
VERTEX
  5
953
  8
CUT
 10
1858.1875752557976
 20
501.4188033222943
 30
0.0
 42
0.41421356237309503
 70
0
  0
VERTEX
  5
954
  8
CUT
 10
1854.155340021653
 20
499.36427685214966
 30
0.0
 42
0.41421356237309503
 70
0
  0
VERTEX
  5
955
  8
CUT
 10
1856.2098664917976
 20
495.3320416180051
 30
0.0
 70
0
  0
VERTEX
  5
956
  8
CUT
 10
1852.3162523626734
 20
483.3487295126862
 30
0.0
 42
0.41421356237309503
 70
0
  0
VERTEX
  5
957
  8
CUT
 10
1848.284017128529
 20
481.29420304254154
 30
0.0
 42
0.41421356237309503
 70
0
  0
VERTEX
  5
958
  8
CUT
 10
1850.3385435986738
 20
477.2619678083973
 30
0.0
 42
0.41421356237309503
 70
0
  0
VERTEX
  5
959
  8
CUT
 10
1854.370778832818
 20
479.3164942785419
 30
0.0
 70
0
  0
VERTEX
  5
95A
  8
CUT
 10
1991.8935510890972
 20
434.63263689192445
 30
0.0
 42
0.41421356237309503
 70
0
  0
VERTEX
  5
95B
  8
CUT
 10
1993.948077559242
 20
430.60040165778014
 30
0.0
 42
0.41421356237309503
 70
0
  0
VERTEX
  5
95C
  8
CUT
 10
1997.9803127933862
 20
432.6549281279248
 30
0.0
 42
0.41421356237309503
 70
0
  0
VERTEX
  5
95D
  8
CUT
 10
1995.9257863232415
 20
436.6871633620691
 30
0.0
 70
0
  0
SEQEND
  5
94D
  8
CUT
  0
POLYLINE
  5
95E
  8
CUT
 66
1
 10
0.0
 20
0.0
 30
0.0
 70
1
  0
VERTEX
  5
960
  8
CUT
 10
169.0
 20
463.3226550499795
 30
0.0
 70
0
  0
VERTEX
  5
961
  8
CUT
 10
172.08501386982135
 20
453.8607878520124
 30
0.0
 70
0
  0
VERTEX
  5
962
  8
CUT
 10
175.3756819284083
 20
444.4305527178484
 30
0.0
 70
0
  0
VERTEX
  5
963
  8
CUT
 10
178.87699735729194
 20
435.039130353161
 30
0.0
 70
0
  0
VERTEX
  5
964
  8
CUT
 10
182.5937019330538
 20
425.6941779774096
 30
0.0
 70
0
  0
VERTEX
  5
965
  8
CUT
 10
186.5302451047262
 20
416.4038141172534
 30
0.0
 70
0
  0
VERTEX
  5
966
  8
CUT
 10
190.69074124547387
 20
407.1765984002923
 30
0.0
 70
0
  0
VERTEX
  5
967
  8
CUT
 10
195.078925584734
 20
398.0215060089124
 30
0.0
 70
0
  0
VERTEX
  5
968
  8
CUT
 10
199.6981093975386
 20
388.9478965241641
 30
0.0
 70
0
  0
VERTEX
  5
969
  8
CUT
 10
204.55113509691733
 20
379.9654769747337
 30
0.0
 70
0
  0
VERTEX
  5
96A
  8
CUT
 10
209.6403319398484
 20
371.0842590059296
 30
0.0
 70
0
  0
VERTEX
  5
96B
  8
CUT
 10
214.9674731137859
 20
362.31451019723573
 30
0.0
 70
0
  0
VERTEX
  5
96C
  8
CUT
 10
220.53373501586248
 20
353.6666996826117
 30
0.0
 70
0
  0
VERTEX
  5
96D
  8
CUT
 10
226.33965956701223
 20
345.1514383628073
 30
0.0
 70
0
  0
VERTEX
  5
96E
  8
CUT
 10
232.38512041526542
 20
336.7794141401208
 30
0.0
 70
0
  0
VERTEX
  5
96F
  8
CUT
 10
238.66929387352576
 20
328.561322749149
 30
0.0
 70
0
  0
VERTEX
  5
970
  8
CUT
 10
245.1906354050165
 20
320.50779489740853
 30
0.0
 70
0
  0
VERTEX
  5
971
  8
CUT
 10
251.94686241285507
 20
312.6293205619974
 30
0.0
 70
0
  0
VERTEX
  5
972
  8
CUT
 10
258.9349440083898
 20
304.936171407251
 30
0.0
 70
0
  0
VERTEX
  5
973
  8
CUT
 10
266.1510983266262
 20
297.4383223881431
 30
0.0
 70
0
  0
VERTEX
  5
974
  8
CUT
 10
273.59079782806003
 20
290.145373679834
 30
0.0
 70
0
  0
VERTEX
  5
975
  8
CUT
 10
281.24878287748965
 20
283.0664741207232
 30
0.0
 70
0
  0
VERTEX
  5
976
  8
CUT
 10
289.119083726017
 20
276.21024737099117
 30
0.0
 70
0
  0
VERTEX
  5
977
  8
CUT
 10
297.1950508475529
 20
269.584721968451
 30
0.0
 70
0
  0
VERTEX
  5
978
  8
CUT
 10
305.46939340162703
 20
263.19726640749775
 30
0.0
 70
0
  0
VERTEX
  5
979
  8
CUT
 10
313.93422541657316
 20
257.0545302754625
 30
0.0
 70
0
  0
VERTEX
  5
97A
  8
CUT
 10
322.5811191178243
 20
251.16239235570754
 30
0.0
 70
0
  0
VERTEX
  5
97B
  8
CUT
 10
331.4011646715639
 20
245.52591645175704
 30
0.0
 70
0
  0
VERTEX
  5
97C
  8
CUT
 10
340.3850354803114
 20
240.14931550633503
 30
0.0
 70
0
  0
VERTEX
  5
97D
  8
CUT
 10
349.5230580593011
 20
235.03592438907958
 30
0.0
 70
0
  0
VERTEX
  5
97E
  8
CUT
 10
358.8052854448243
 20
230.18818151325144
 30
0.0
 70
0
  0
VERTEX
  5
97F
  8
CUT
 10
368.2215730408204
 20
225.6076192215104
 30
0.0
 70
0
  0
VERTEX
  5
980
  8
CUT
 10
377.7616557993603
 20
221.29486266007575
 30
0.0
 70
0
  0
VERTEX
  5
981
  8
CUT
 10
387.41522565429136
 20
217.24963664487984
 30
0.0
 70
0
  0
VERTEX
  5
982
  8
CUT
 10
397.1720081839968
 20
213.47077981692888
 30
0.0
 70
0
  0
VERTEX
  5
983
  8
CUT
 10
407.0218375666651
 20
209.95626518953713
 30
0.0
 70
0
  0
VERTEX
  5
984
  8
CUT
 10
416.9547290065712
 20
206.70322600752627
 30
0.0
 70
0
  0
VERTEX
  5
985
  8
CUT
 10
426.96094794917144
 20
203.70798566501367
 30
0.0
 70
0
  0
VERTEX
  5
986
  8
CUT
 10
437.0310755628242
 20
200.9660902571767
 30
0.0
 70
0
  0
VERTEX
  5
987
  8
CUT
 10
447.1560701427934
 20
198.47234216012856
 30
0.0
 70
0
  0
VERTEX
  5
988
  8
CUT
 10
457.32732428721
 20
196.22083282173645
 30
0.0
 70
0
  0
VERTEX
  5
989
  8
CUT
 10
467.53671790527426
 20
194.20497267296412
 30
0.0
 70
0
  0
VERTEX
  5
98A
  8
CUT
 10
477.77666734896485
 20
192.41751568275356
 30
0.0
 70
0
  0
VERTEX
  5
98B
  8
CUT
 10
488.04017121992456
 20
190.85057549453086
 30
0.0
 70
0
  0
VERTEX
  5
98C
  8
CUT
 10
498.32085371078796
 20
189.49562915212357
 30
0.0
 70
0
  0
VERTEX
  5
98D
  8
CUT
 10
508.61300672782255
 20
188.34350287972057
 30
0.0
 70
0
  0
VERTEX
  5
98E
  8
CUT
 10
518.91163256994
 20
187.38433170694697
 30
0.0
 70
0
  0
VERTEX
  5
98F
  8
CUT
 10
529.2124897236947
 20
186.60747984970976
 30
0.0
 70
0
  0
VERTEX
  5
990
  8
CUT
 10
539.5121456102266
 20
186.00139922360557
 30
0.0
 70
0
  0
VERTEX
  5
991
  8
CUT
 10
549.8080424117198
 20
185.5533830514642
 30
0.0
 70
0
  0
VERTEX
  5
992
  8
CUT
 10
560.0985867317136
 20
185.24912173971478
 30
0.0
 70
0
  0
VERTEX
  5
993
  8
CUT
 10
570.3832848071727
 20
185.07182003994035
 30
0.0
 70
0
  0
VERTEX
  5
994
  8
CUT
 10
580.6629788735554
 20
185.0
 30
0.0
 70
0
  0
VERTEX
  5
995
  8
CUT
 10
590.9404199720454
 20
185.0
 30
0.0
 70
0
  0
VERTEX
  5
996
  8
CUT
 10
601.2201140384282
 20
185.07182003994035
 30
0.0
 70
0
  0
VERTEX
  5
997
  8
CUT
 10
611.5048121138873
 20
185.24912173971478
 30
0.0
 70
0
  0
VERTEX
  5
998
  8
CUT
 10
621.795356433881
 20
185.5533830514642
 30
0.0
 70
0
  0
VERTEX
  5
999
  8
CUT
 10
632.0912532353743
 20
186.00139922360557
 30
0.0
 70
0
  0
VERTEX
  5
99A
  8
CUT
 10
642.3909091219061
 20
186.60747984970976
 30
0.0
 70
0
  0
VERTEX
  5
99B
  8
CUT
 10
652.6917662756609
 20
187.38433170694697
 30
0.0
 70
0
  0
VERTEX
  5
99C
  8
CUT
 10
662.9903921177784
 20
188.34350287972057
 30
0.0
 70
0
  0
VERTEX
  5
99D
  8
CUT
 10
631.7034991097322
 20
385.88117099874813
 30
0.0
 70
0
  0
VERTEX
  5
99E
  8
CUT
 10
625.5486517888
 20
385.5338998012357
 30
0.0
 70
0
  0
VERTEX
  5
99F
  8
CUT
 10
619.4034790233328
 20
385.28203296978904
 30
0.0
 70
0
  0
VERTEX
  5
9A0
  8
CUT
 10
613.2695905716714
 20
385.1137921442216
 30
0.0
 70
0
  0
VERTEX
  5
9A1
  8
CUT
 10
607.1477170083547
 20
385.0162784963558
 30
0.0
 70
0
  0
VERTEX
  5
9A2
  8
CUT
 10
601.0376208652985
 20
384.97502869062953
 30
0.0
 70
0
  0
VERTEX
  5
9A3
  8
CUT
 10
594.9379622228025
 20
384.97313211308665
 30
0.0
 70
0
  0
VERTEX
  5
9A4
  8
CUT
 10
588.8460631487964
 20
384.98903387310247
 30
0.0
 70
0
  0
VERTEX
  5
9A5
  8
CUT
 10
582.7573356968046
 20
384.98903387310247
 30
0.0
 70
0
  0
VERTEX
  5
9A6
  8
CUT
 10
576.6654366227984
 20
384.97313211308665
 30
0.0
 70
0
  0
VERTEX
  5
9A7
  8
CUT
 10
570.5657779803025
 20
384.97502869062953
 30
0.0
 70
0
  0
VERTEX
  5
9A8
  8
CUT
 10
564.4556818372462
 20
385.0162784963558
 30
0.0
 70
0
  0
VERTEX
  5
9A9
  8
CUT
 10
558.3338082739294
 20
385.1137921442216
 30
0.0
 70
0
  0
VERTEX
  5
9AA
  8
CUT
 10
552.1999198222682
 20
385.28203296978904
 30
0.0
 70
0
  0
VERTEX
  5
9AB
  8
CUT
 10
546.0547470568008
 20
385.5338998012357
 30
0.0
 70
0
  0
VERTEX
  5
9AC
  8
CUT
 10
539.8998997358688
 20
385.88117099874813
 30
0.0
 70
0
  0
VERTEX
  5
9AD
  8
CUT
 10
533.7378017747046
 20
386.334750745972
 30
0.0
 70
0
  0
VERTEX
  5
9AE
  8
CUT
 10
527.5716392957498
 20
386.90481041887523
 30
0.0
 70
0
  0
VERTEX
  5
9AF
  8
CUT
 10
521.4053156282735
 20
387.60086807050305
 30
0.0
 70
0
  0
VERTEX
  5
9B0
  8
CUT
 10
515.2434094209905
 20
388.4318286548913
 30
0.0
 70
0
  0
VERTEX
  5
9B1
  8
CUT
 10
509.0911333077142
 20
389.4059980795501
 30
0.0
 70
0
  0
VERTEX
  5
9B2
  8
CUT
 10
502.95429135063927
 20
390.53107929551715
 30
0.0
 70
0
  0
VERTEX
  5
9B3
  8
CUT
 10
496.8392340140415
 20
391.8141559604321
 30
0.0
 70
0
  0
VERTEX
  5
9B4
  8
CUT
 10
490.7528098087855
 20
393.26166766693075
 30
0.0
 70
0
  0
VERTEX
  5
9B5
  8
CUT
 10
484.7023130556295
 20
394.8793797983713
 30
0.0
 70
0
  0
VERTEX
  5
9B6
  8
CUT
 10
478.6954274757252
 20
396.67235048897743
 30
0.0
 70
0
  0
VERTEX
  5
9B7
  8
CUT
 10
472.7401655476903
 20
398.6448967789278
 30
0.0
 70
0
  0
VERTEX
  5
9B8
  8
CUT
 10
466.84480378124755
 20
400.80056178167604
 30
0.0
 70
0
  0
VERTEX
  5
9B9
  8
CUT
 10
461.0178142514406
 20
403.1420844694894
 30
0.0
 70
0
  0
VERTEX
  5
9BA
  8
CUT
 10
455.2677929152859
 20
405.671373501949
 30
0.0
 70
0
  0
VERTEX
  5
9BB
  8
CUT
 10
449.6033853927337
 20
408.389486350925
 30
0.0
 70
0
  0
VERTEX
  5
9BC
  8
CUT
 10
444.0332110331119
 20
411.29661480207795
 30
0.0
 70
0
  0
VERTEX
  5
9BD
  8
CUT
 10
438.5657862033396
 20
414.3920777303729
 30
0.0
 70
0
  0
VERTEX
  5
9BE
  8
CUT
 10
433.20944782163815
 20
417.67432185254575
 30
0.0
 70
0
  0
VERTEX
  5
9BF
  8
CUT
 10
427.9722782171598
 20
421.14093095308033
 30
0.0
 70
0
  0
VERTEX
  5
9C0
  8
CUT
 10
422.8620324195786
 20
424.7886438645473
 30
0.0
 70
0
  0
VERTEX
  5
9C1
  8
CUT
 10
417.8860689720532
 20
428.6133812624101
 30
0.0
 70
0
  0
VERTEX
  5
9C2
  8
CUT
 10
413.0512853160887
 20
432.6102811141618
 30
0.0
 70
0
  0
VERTEX
  5
9C3
  8
CUT
 10
408.36405871914013
 20
436.77374240921404
 30
0.0
 70
0
  0
VERTEX
  5
9C4
  8
CUT
 10
403.8301936080849
 20
441.0974765958613
 30
0.0
 70
0
  0
VERTEX
  5
9C5
  8
CUT
 10
399.4548760380276
 20
445.57456597122814
 30
0.0
 70
0
  0
VERTEX
  5
9C6
  8
CUT
 10
395.2426358714163
 20
450.19752811507146
 30
0.0
 70
0
  0
VERTEX
  5
9C7
  8
CUT
 10
391.1973170731202
 20
454.95838533334285
 30
0.0
 70
0
  0
VERTEX
  5
9C8
  8
CUT
 10
387.32205634938725
 20
459.84873798594424
 30
0.0
 70
0
  0
VERTEX
  5
9C9
  8
CUT
 10
383.61927017909795
 20
464.85984051708095
 30
0.0
 70
0
  0
VERTEX
  5
9CA
  8
CUT
 10
380.0906501108353
 20
469.9826789864585
 30
0.0
 70
0
  0
VERTEX
  5
9CB
  8
CUT
 10
376.7371660349379
 20
475.20804891420215
 30
0.0
 70
0
  0
VERTEX
  5
9CC
  8
CUT
 10
373.55907699095917
 20
480.52663229933944
 30
0.0
 70
0
  0
VERTEX
  5
9CD
  8
CUT
 10
370.5559489419544
 20
485.92907274734205
 30
0.0
 70
0
  0
VERTEX
  5
9CE
  8
CUT
 10
367.7266788407144
 20
491.40604774202586
 30
0.0
 70
0
  0
VERTEX
  5
9CF
  8
CUT
 10
365.06952423124267
 20
496.9483372158971
 30
0.0
 70
0
  0
VERTEX
  5
9D0
  8
CUT
 10
362.58213757205544
 20
502.5468877053289
 30
0.0
 70
0
  0
VERTEX
  5
9D1
  8
CUT
 10
360.26160443576146
 20
508.19287151728724
 30
0.0
 70
0
  0
VERTEX
  5
9D2
  8
CUT
 10
358.1044847304449
 20
513.8777404774481
 30
0.0
 70
0
  0
VERTEX
  5
9D3
  8
CUT
 10
356.10685610038627
 20
519.5932739707184
 30
0.0
 70
0
  0
VERTEX
  5
9D4
  8
CUT
 10
354.264358693811
 20
525.3316211202588
 30
0.0
 70
0
  0
VERTEX
  5
9D5
  8
CUT
 10
352.5722405304266
 20
531.085337076745
 30
0.0
 70
0
  0
VERTEX
  5
9D6
  8
CUT
 10
351.02540275808065
 20
536.8474135032352
 30
0.0
 70
0
  0
VERTEX
  5
9D7
  8
CUT
 10
349.6184441524463
 20
542.6113034408766
 30
0.0
 70
0
  0
VERTEX
  5
9D8
  8
CUT
 10
348.34570428281984
 20
548.3709408258231
 30
0.0
 70
0
  0
VERTEX
  5
9D9
  8
CUT
 10
347.20130483767355
 20
554.1207549978889
 30
0.0
 70
0
  0
SEQEND
  5
95F
  8
CUT
  0
POLYLINE
  5
9DA
  8
CUT
 66
1
 10
0.0
 20
0.0
 30
0.0
 70
1
  0
VERTEX
  5
9DC
  8
CUT
 10
335.6388888166522
 20
501.72703572595515
 30
0.0
 42
0.41421356237309503
 70
0
  0
VERTEX
  5
9DD
  8
CUT
 10
336.3468303913161
 20
506.19680291529096
 30
0.0
 42
0.41421356237309503
 70
0
  0
VERTEX
  5
9DE
  8
CUT
 10
331.87706320198026
 20
506.90474448995485
 30
0.0
 42
0.41421356237309503
 70
0
  0
VERTEX
  5
9DF
  8
CUT
 10
331.1691216273164
 20
502.43497730061904
 30
0.0
 70
0
  0
VERTEX
  5
9E0
  8
CUT
 10
214.18526424069898
 20
417.4412298191274
 30
0.0
 42
0.41421356237309503
 70
0
  0
VERTEX
  5
9E1
  8
CUT
 10
209.71549705136323
 20
418.14917139379133
 30
0.0
 42
0.41421356237309503
 70
0
  0
VERTEX
  5
9E2
  8
CUT
 10
209.00755547669928
 20
413.6794042044556
 30
0.0
 42
0.41421356237309503
 70
0
  0
VERTEX
  5
9E3
  8
CUT
 10
213.47732266603504
 20
412.97146262979163
 30
0.0
 70
0
  0
VERTEX
  5
9E4
  8
CUT
 10
220.8834168449202
 20
402.77784850066735
 30
0.0
 42
0.41421356237309503
 70
0
  0
VERTEX
  5
9E5
  8
CUT
 10
220.17547527025624
 20
398.3080813113316
 30
0.0
 42
0.41421356237309503
 70
0
  0
VERTEX
  5
9E6
  8
CUT
 10
224.645242459592
 20
397.60013973666764
 30
0.0
 42
0.41421356237309503
 70
0
  0
VERTEX
  5
9E7
  8
CUT
 10
225.35318403425595
 20
402.0699069260034
 30
0.0
 70
0
  0
VERTEX
  5
9E8
  8
CUT
 10
342.33704142087333
 20
487.06365440749505
 30
0.0
 42
0.41421356237309503
 70
0
  0
VERTEX
  5
9E9
  8
CUT
 10
346.80680861020903
 20
486.35571283283105
 30
0.0
 42
0.41421356237309503
 70
0
  0
VERTEX
  5
9EA
  8
CUT
 10
347.51475018487304
 20
490.82548002216674
 30
0.0
 42
0.41421356237309503
 70
0
  0
VERTEX
  5
9EB
  8
CUT
 10
343.04498299553734
 20
491.53342159683075
 30
0.0
 70
0
  0
SEQEND
  5
9DB
  8
CUT
  0
POLYLINE
  5
9EC
  8
CUT
 66
1
 10
0.0
 20
0.0
 30
0.0
 70
1
  0
VERTEX
  5
9EE
  8
CUT
 10
391.1913048668914
 20
418.55369988114455
 30
0.0
 42
0.41421356237309503
 70
0
  0
VERTEX
  5
9EF
  8
CUT
 10
390.48336329222747
 20
423.0234670704803
 30
0.0
 42
0.41421356237309503
 70
0
  0
VERTEX
  5
9F0
  8
CUT
 10
386.0135961028917
 20
422.31552549581636
 30
0.0
 42
0.41421356237309503
 70
0
  0
VERTEX
  5
9F1
  8
CUT
 10
386.72153767755566
 20
417.8457583064806
 30
0.0
 70
0
  0
VERTEX
  5
9F2
  8
CUT
 10
301.72779019606406
 20
300.8619009198632
 30
0.0
 42
0.41421356237309503
 70
0
  0
VERTEX
  5
9F3
  8
CUT
 10
297.2580230067283
 20
300.15395934519927
 30
0.0
 42
0.41421356237309503
 70
0
  0
VERTEX
  5
9F4
  8
CUT
 10
297.96596458139226
 20
295.6841921558635
 30
0.0
 42
0.41421356237309503
 70
0
  0
VERTEX
  5
9F5
  8
CUT
 10
302.435731770728
 20
296.39213373052746
 30
0.0
 70
0
  0
VERTEX
  5
9F6
  8
CUT
 10
312.6293458998523
 20
288.9860395516423
 30
0.0
 42
0.41421356237309503
 70
0
  0
VERTEX
  5
9F7
  8
CUT
 10
313.33728747451624
 20
284.51627236230655
 30
0.0
 42
0.41421356237309503
 70
0
  0
VERTEX
  5
9F8
  8
CUT
 10
317.807054663852
 20
285.2242139369705
 30
0.0
 42
0.41421356237309503
 70
0
  0
VERTEX
  5
9F9
  8
CUT
 10
317.09911308918805
 20
289.69398112630626
 30
0.0
 70
0
  0
VERTEX
  5
9FA
  8
CUT
 10
402.09286057067965
 20
406.67783851292364
 30
0.0
 42
0.41421356237309503
 70
0
  0
VERTEX
  5
9FB
  8
CUT
 10
406.5626277600154
 20
407.38578008758753
 30
0.0
 42
0.41421356237309503
 70
0
  0
VERTEX
  5
9FC
  8
CUT
 10
405.85468618535157
 20
411.8555472769233
 30
0.0
 42
0.41421356237309503
 70
0
  0
VERTEX
  5
9FD
  8
CUT
 10
401.38491899601576
 20
411.1476057022594
 30
0.0
 70
0
  0
SEQEND
  5
9ED
  8
CUT
  0
POLYLINE
  5
9FE
  8
CUT
 66
1
 10
0.0
 20
0.0
 30
0.0
 70
1
  0
VERTEX
  5
A00
  8
CUT
 10
480.2294242684807
 20
371.1629033320864
 30
0.0
 42
0.41421356237309503
 70
0
  0
VERTEX
  5
A01
  8
CUT
 10
478.1748977983361
 20
375.1951385662307
 30
0.0
 42
0.41421356237309503
 70
0
  0
VERTEX
  5
A02
  8
CUT
 10
474.14266256419177
 20
373.14061209608604
 30
0.0
 42
0.41421356237309503
 70
0
  0
VERTEX
  5
A03
  8
CUT
 10
476.1971890343364
 20
369.1083768619417
 30
0.0
 70
0
  0
VERTEX
  5
A04
  8
CUT
 10
431.513331647719
 20
231.58560460566252
 30
0.0
 42
0.41421356237309503
 70
0
  0
VERTEX
  5
A05
  8
CUT
 10
427.4810964135746
 20
229.53107813551784
 30
0.0
 42
0.41421356237309503
 70
0
  0
VERTEX
  5
A06
  8
CUT
 10
429.5356228837193
 20
225.4988429013735
 30
0.0
 42
0.41421356237309503
 70
0
  0
VERTEX
  5
A07
  8
CUT
 10
433.56785811786364
 20
227.55336937151816
 30
0.0
 70
0
  0
VERTEX
  5
A08
  8
CUT
 10
445.55117022318257
 20
223.65975524239383
 30
0.0
 42
0.41421356237309503
 70
0
  0
VERTEX
  5
A09
  8
CUT
 10
447.60569669332733
 20
219.62752000824952
 30
0.0
 42
0.41421356237309503
 70
0
  0
VERTEX
  5
A0A
  8
CUT
 10
451.63793192747164
 20
221.68204647839423
 30
0.0
 42
0.41421356237309503
 70
0
  0
VERTEX
  5
A0B
  8
CUT
 10
449.5834054573269
 20
225.71428171253854
 30
0.0
 70
0
  0
VERTEX
  5
A0C
  8
CUT
 10
494.2672628439443
 20
363.2370539688177
 30
0.0
 42
0.41421356237309503
 70
0
  0
VERTEX
  5
A0D
  8
CUT
 10
498.2994980780887
 20
365.2915804389624
 30
0.0
 42
0.41421356237309503
 70
0
  0
VERTEX
  5
A0E
  8
CUT
 10
496.24497160794397
 20
369.32381567310676
 30
0.0
 42
0.41421356237309503
 70
0
  0
VERTEX
  5
A0F
  8
CUT
 10
492.21273637379966
 20
367.26928920296206
 30
0.0
 70
0
  0
SEQEND
  5
9FF
  8
CUT
  0
POLYLINE
  5
A10
  8
CUT
 66
1
 10
0.0
 20
0.0
 30
0.0
 70
1
  0
VERTEX
  5
A12
  8
CUT
 10
579.5016994228005
 20
360.49372829842366
 30
0.0
 42
0.41421356237309503
 70
0
  0
VERTEX
  5
A13
  8
CUT
 10
576.3016994228005
 20
363.6937282984236
 30
0.0
 42
0.41421356237309503
 70
0
  0
VERTEX
  5
A14
  8
CUT
 10
573.1016994228006
 20
360.49372829842355
 30
0.0
 42
0.41421356237309503
 70
0
  0
VERTEX
  5
A15
  8
CUT
 10
576.3016994228005
 20
357.2937282984237
 30
0.0
 70
0
  0
VERTEX
  5
A16
  8
CUT
 10
576.3016994228004
 20
212.69372829842365
 30
0.0
 42
0.41421356237309503
 70
0
  0
VERTEX
  5
A17
  8
CUT
 10
573.1016994228004
 20
209.49372829842363
 30
0.0
 42
0.41421356237309503
 70
0
  0
VERTEX
  5
A18
  8
CUT
 10
576.3016994228004
 20
206.29372829842362
 30
0.0
 42
0.41421356237309503
 70
0
  0
VERTEX
  5
A19
  8
CUT
 10
579.5016994228005
 20
209.49372829842366
 30
0.0
 70
0
  0
VERTEX
  5
A1A
  8
CUT
 10
592.1016994228005
 20
209.49372829842366
 30
0.0
 42
0.41421356237309503
 70
0
  0
VERTEX
  5
A1B
  8
CUT
 10
595.3016994228004
 20
206.29372829842373
 30
0.0
 42
0.41421356237309503
 70
0
  0
VERTEX
  5
A1C
  8
CUT
 10
598.5016994228004
 20
209.49372829842372
 30
0.0
 42
0.41421356237309503
 70
0
  0
VERTEX
  5
A1D
  8
CUT
 10
595.3016994228004
 20
212.69372829842365
 30
0.0
 70
0
  0
VERTEX
  5
A1E
  8
CUT
 10
595.3016994228005
 20
357.2937282984237
 30
0.0
 42
0.41421356237309503
 70
0
  0
VERTEX
  5
A1F
  8
CUT
 10
598.5016994228006
 20
360.49372829842366
 30
0.0
 42
0.41421356237309503
 70
0
  0
VERTEX
  5
A20
  8
CUT
 10
595.3016994228005
 20
363.6937282984237
 30
0.0
 42
0.41421356237309503
 70
0
  0
VERTEX
  5
A21
  8
CUT
 10
592.1016994228005
 20
360.49372829842366
 30
0.0
 70
0
  0
SEQEND
  5
A11
  8
CUT
  0
POLYLINE
  5
A22
  8
CUT
 66
1
 10
0.0
 20
0.0
 30
0.0
 70
1
  0
VERTEX
  5
A24
  8
CUT
 10
1085.0
 20
791.3226550499795
 30
0.0
 70
0
  0
VERTEX
  5
A25
  8
CUT
 10
1088.0850138698213
 20
781.8607878520124
 30
0.0
 70
0
  0
VERTEX
  5
A26
  8
CUT
 10
1091.3756819284083
 20
772.4305527178484
 30
0.0
 70
0
  0
VERTEX
  5
A27
  8
CUT
 10
1094.8769973572919
 20
763.039130353161
 30
0.0
 70
0
  0
VERTEX
  5
A28
  8
CUT
 10
1098.5937019330538
 20
753.6941779774096
 30
0.0
 70
0
  0
VERTEX
  5
A29
  8
CUT
 10
1102.5302451047262
 20
744.4038141172534
 30
0.0
 70
0
  0
VERTEX
  5
A2A
  8
CUT
 10
1106.6907412454739
 20
735.1765984002923
 30
0.0
 70
0
  0
VERTEX
  5
A2B
  8
CUT
 10
1111.078925584734
 20
726.0215060089124
 30
0.0
 70
0
  0
VERTEX
  5
A2C
  8
CUT
 10
1115.6981093975387
 20
716.9478965241641
 30
0.0
 70
0
  0
VERTEX
  5
A2D
  8
CUT
 10
1120.5511350969173
 20
707.9654769747337
 30
0.0
 70
0
  0
VERTEX
  5
A2E
  8
CUT
 10
1125.6403319398485
 20
699.0842590059297
 30
0.0
 70
0
  0
VERTEX
  5
A2F
  8
CUT
 10
1130.967473113786
 20
690.3145101972357
 30
0.0
 70
0
  0
VERTEX
  5
A30
  8
CUT
 10
1136.5337350158625
 20
681.6666996826117
 30
0.0
 70
0
  0
VERTEX
  5
A31
  8
CUT
 10
1142.3396595670122
 20
673.1514383628073
 30
0.0
 70
0
  0
VERTEX
  5
A32
  8
CUT
 10
1148.3851204152654
 20
664.7794141401208
 30
0.0
 70
0
  0
VERTEX
  5
A33
  8
CUT
 10
1154.6692938735257
 20
656.561322749149
 30
0.0
 70
0
  0
VERTEX
  5
A34
  8
CUT
 10
1161.1906354050166
 20
648.5077948974085
 30
0.0
 70
0
  0
VERTEX
  5
A35
  8
CUT
 10
1167.9468624128551
 20
640.6293205619975
 30
0.0
 70
0
  0
VERTEX
  5
A36
  8
CUT
 10
1174.9349440083897
 20
632.936171407251
 30
0.0
 70
0
  0
VERTEX
  5
A37
  8
CUT
 10
1182.1510983266262
 20
625.4383223881431
 30
0.0
 70
0
  0
VERTEX
  5
A38
  8
CUT
 10
1189.59079782806
 20
618.1453736798339
 30
0.0
 70
0
  0
VERTEX
  5
A39
  8
CUT
 10
1197.2487828774897
 20
611.0664741207232
 30
0.0
 70
0
  0
VERTEX
  5
A3A
  8
CUT
 10
1205.119083726017
 20
604.2102473709912
 30
0.0
 70
0
  0
VERTEX
  5
A3B
  8
CUT
 10
1213.195050847553
 20
597.584721968451
 30
0.0
 70
0
  0
VERTEX
  5
A3C
  8
CUT
 10
1221.469393401627
 20
591.1972664074978
 30
0.0
 70
0
  0
VERTEX
  5
A3D
  8
CUT
 10
1229.934225416573
 20
585.0545302754625
 30
0.0
 70
0
  0
VERTEX
  5
A3E
  8
CUT
 10
1238.5811191178243
 20
579.1623923557075
 30
0.0
 70
0
  0
VERTEX
  5
A3F
  8
CUT
 10
1247.401164671564
 20
573.525916451757
 30
0.0
 70
0
  0
VERTEX
  5
A40
  8
CUT
 10
1256.3850354803114
 20
568.149315506335
 30
0.0
 70
0
  0
VERTEX
  5
A41
  8
CUT
 10
1265.523058059301
 20
563.0359243890796
 30
0.0
 70
0
  0
VERTEX
  5
A42
  8
CUT
 10
1274.8052854448242
 20
558.1881815132515
 30
0.0
 70
0
  0
VERTEX
  5
A43
  8
CUT
 10
1284.2215730408204
 20
553.6076192215104
 30
0.0
 70
0
  0
VERTEX
  5
A44
  8
CUT
 10
1293.7616557993604
 20
549.2948626600758
 30
0.0
 70
0
  0
VERTEX
  5
A45
  8
CUT
 10
1303.4152256542914
 20
545.2496366448798
 30
0.0
 70
0
  0
VERTEX
  5
A46
  8
CUT
 10
1313.172008183997
 20
541.4707798169288
 30
0.0
 70
0
  0
VERTEX
  5
A47
  8
CUT
 10
1323.021837566665
 20
537.9562651895371
 30
0.0
 70
0
  0
VERTEX
  5
A48
  8
CUT
 10
1332.9547290065711
 20
534.7032260075263
 30
0.0
 70
0
  0
VERTEX
  5
A49
  8
CUT
 10
1342.9609479491714
 20
531.7079856650137
 30
0.0
 70
0
  0
VERTEX
  5
A4A
  8
CUT
 10
1353.0310755628243
 20
528.9660902571767
 30
0.0
 70
0
  0
VERTEX
  5
A4B
  8
CUT
 10
1363.1560701427934
 20
526.4723421601286
 30
0.0
 70
0
  0
VERTEX
  5
A4C
  8
CUT
 10
1373.32732428721
 20
524.2208328217364
 30
0.0
 70
0
  0
VERTEX
  5
A4D
  8
CUT
 10
1383.5367179052741
 20
522.2049726729641
 30
0.0
 70
0
  0
VERTEX
  5
A4E
  8
CUT
 10
1393.7766673489648
 20
520.4175156827536
 30
0.0
 70
0
  0
VERTEX
  5
A4F
  8
CUT
 10
1404.0401712199246
 20
518.8505754945309
 30
0.0
 70
0
  0
VERTEX
  5
A50
  8
CUT
 10
1414.320853710788
 20
517.4956291521236
 30
0.0
 70
0
  0
VERTEX
  5
A51
  8
CUT
 10
1424.6130067278225
 20
516.3435028797205
 30
0.0
 70
0
  0
VERTEX
  5
A52
  8
CUT
 10
1434.9116325699401
 20
515.384331706947
 30
0.0
 70
0
  0
VERTEX
  5
A53
  8
CUT
 10
1445.2124897236947
 20
514.6074798497098
 30
0.0
 70
0
  0
VERTEX
  5
A54
  8
CUT
 10
1455.5121456102265
 20
514.0013992236056
 30
0.0
 70
0
  0
VERTEX
  5
A55
  8
CUT
 10
1465.8080424117197
 20
513.5533830514642
 30
0.0
 70
0
  0
VERTEX
  5
A56
  8
CUT
 10
1476.0985867317136
 20
513.2491217397148
 30
0.0
 70
0
  0
VERTEX
  5
A57
  8
CUT
 10
1486.3832848071727
 20
513.0718200399403
 30
0.0
 70
0
  0
VERTEX
  5
A58
  8
CUT
 10
1496.6629788735554
 20
513.0
 30
0.0
 70
0
  0
VERTEX
  5
A59
  8
CUT
 10
1506.9404199720454
 20
513.0
 30
0.0
 70
0
  0
VERTEX
  5
A5A
  8
CUT
 10
1517.2201140384282
 20
513.0718200399403
 30
0.0
 70
0
  0
VERTEX
  5
A5B
  8
CUT
 10
1527.5048121138873
 20
513.2491217397148
 30
0.0
 70
0
  0
VERTEX
  5
A5C
  8
CUT
 10
1537.795356433881
 20
513.5533830514642
 30
0.0
 70
0
  0
VERTEX
  5
A5D
  8
CUT
 10
1548.0912532353743
 20
514.0013992236056
 30
0.0
 70
0
  0
VERTEX
  5
A5E
  8
CUT
 10
1558.3909091219061
 20
514.6074798497098
 30
0.0
 70
0
  0
VERTEX
  5
A5F
  8
CUT
 10
1568.691766275661
 20
515.384331706947
 30
0.0
 70
0
  0
VERTEX
  5
A60
  8
CUT
 10
1578.9903921177784
 20
516.3435028797205
 30
0.0
 70
0
  0
VERTEX
  5
A61
  8
CUT
 10
1547.703499109732
 20
713.8811709987481
 30
0.0
 70
0
  0
VERTEX
  5
A62
  8
CUT
 10
1541.5486517888
 20
713.5338998012357
 30
0.0
 70
0
  0
VERTEX
  5
A63
  8
CUT
 10
1535.4034790233327
 20
713.282032969789
 30
0.0
 70
0
  0
VERTEX
  5
A64
  8
CUT
 10
1529.2695905716714
 20
713.1137921442216
 30
0.0
 70
0
  0
VERTEX
  5
A65
  8
CUT
 10
1523.1477170083547
 20
713.0162784963559
 30
0.0
 70
0
  0
VERTEX
  5
A66
  8
CUT
 10
1517.0376208652985
 20
712.9750286906295
 30
0.0
 70
0
  0
VERTEX
  5
A67
  8
CUT
 10
1510.9379622228025
 20
712.9731321130866
 30
0.0
 70
0
  0
VERTEX
  5
A68
  8
CUT
 10
1504.8460631487965
 20
712.9890338731025
 30
0.0
 70
0
  0
VERTEX
  5
A69
  8
CUT
 10
1498.7573356968046
 20
712.9890338731025
 30
0.0
 70
0
  0
VERTEX
  5
A6A
  8
CUT
 10
1492.6654366227986
 20
712.9731321130866
 30
0.0
 70
0
  0
VERTEX
  5
A6B
  8
CUT
 10
1486.5657779803025
 20
712.9750286906295
 30
0.0
 70
0
  0
VERTEX
  5
A6C
  8
CUT
 10
1480.4556818372462
 20
713.0162784963559
 30
0.0
 70
0
  0
VERTEX
  5
A6D
  8
CUT
 10
1474.3338082739294
 20
713.1137921442216
 30
0.0
 70
0
  0
VERTEX
  5
A6E
  8
CUT
 10
1468.1999198222682
 20
713.282032969789
 30
0.0
 70
0
  0
VERTEX
  5
A6F
  8
CUT
 10
1462.0547470568008
 20
713.5338998012357
 30
0.0
 70
0
  0
VERTEX
  5
A70
  8
CUT
 10
1455.8998997358688
 20
713.8811709987481
 30
0.0
 70
0
  0
VERTEX
  5
A71
  8
CUT
 10
1449.7378017747046
 20
714.334750745972
 30
0.0
 70
0
  0
VERTEX
  5
A72
  8
CUT
 10
1443.5716392957497
 20
714.9048104188753
 30
0.0
 70
0
  0
VERTEX
  5
A73
  8
CUT
 10
1437.4053156282735
 20
715.6008680705031
 30
0.0
 70
0
  0
VERTEX
  5
A74
  8
CUT
 10
1431.2434094209905
 20
716.4318286548913
 30
0.0
 70
0
  0
VERTEX
  5
A75
  8
CUT
 10
1425.0911333077142
 20
717.40599807955
 30
0.0
 70
0
  0
VERTEX
  5
A76
  8
CUT
 10
1418.9542913506393
 20
718.5310792955172
 30
0.0
 70
0
  0
VERTEX
  5
A77
  8
CUT
 10
1412.8392340140415
 20
719.8141559604321
 30
0.0
 70
0
  0
VERTEX
  5
A78
  8
CUT
 10
1406.7528098087855
 20
721.2616676669307
 30
0.0
 70
0
  0
VERTEX
  5
A79
  8
CUT
 10
1400.7023130556295
 20
722.8793797983712
 30
0.0
 70
0
  0
VERTEX
  5
A7A
  8
CUT
 10
1394.6954274757252
 20
724.6723504889774
 30
0.0
 70
0
  0
VERTEX
  5
A7B
  8
CUT
 10
1388.7401655476904
 20
726.6448967789278
 30
0.0
 70
0
  0
VERTEX
  5
A7C
  8
CUT
 10
1382.8448037812475
 20
728.800561781676
 30
0.0
 70
0
  0
VERTEX
  5
A7D
  8
CUT
 10
1377.0178142514405
 20
731.1420844694894
 30
0.0
 70
0
  0
VERTEX
  5
A7E
  8
CUT
 10
1371.267792915286
 20
733.671373501949
 30
0.0
 70
0
  0
VERTEX
  5
A7F
  8
CUT
 10
1365.6033853927338
 20
736.3894863509249
 30
0.0
 70
0
  0
VERTEX
  5
A80
  8
CUT
 10
1360.033211033112
 20
739.296614802078
 30
0.0
 70
0
  0
VERTEX
  5
A81
  8
CUT
 10
1354.5657862033395
 20
742.3920777303729
 30
0.0
 70
0
  0
VERTEX
  5
A82
  8
CUT
 10
1349.2094478216382
 20
745.6743218525457
 30
0.0
 70
0
  0
VERTEX
  5
A83
  8
CUT
 10
1343.9722782171598
 20
749.1409309530803
 30
0.0
 70
0
  0
VERTEX
  5
A84
  8
CUT
 10
1338.8620324195786
 20
752.7886438645473
 30
0.0
 70
0
  0
VERTEX
  5
A85
  8
CUT
 10
1333.8860689720532
 20
756.61338126241
 30
0.0
 70
0
  0
VERTEX
  5
A86
  8
CUT
 10
1329.0512853160888
 20
760.6102811141618
 30
0.0
 70
0
  0
VERTEX
  5
A87
  8
CUT
 10
1324.36405871914
 20
764.773742409214
 30
0.0
 70
0
  0
VERTEX
  5
A88
  8
CUT
 10
1319.830193608085
 20
769.0974765958613
 30
0.0
 70
0
  0
VERTEX
  5
A89
  8
CUT
 10
1315.4548760380276
 20
773.5745659712281
 30
0.0
 70
0
  0
VERTEX
  5
A8A
  8
CUT
 10
1311.2426358714163
 20
778.1975281150715
 30
0.0
 70
0
  0
VERTEX
  5
A8B
  8
CUT
 10
1307.19731707312
 20
782.9583853333429
 30
0.0
 70
0
  0
VERTEX
  5
A8C
  8
CUT
 10
1303.3220563493871
 20
787.8487379859442
 30
0.0
 70
0
  0
VERTEX
  5
A8D
  8
CUT
 10
1299.6192701790978
 20
792.859840517081
 30
0.0
 70
0
  0
VERTEX
  5
A8E
  8
CUT
 10
1296.0906501108352
 20
797.9826789864585
 30
0.0
 70
0
  0
VERTEX
  5
A8F
  8
CUT
 10
1292.737166034938
 20
803.2080489142022
 30
0.0
 70
0
  0
VERTEX
  5
A90
  8
CUT
 10
1289.559076990959
 20
808.5266322993394
 30
0.0
 70
0
  0
VERTEX
  5
A91
  8
CUT
 10
1286.5559489419545
 20
813.929072747342
 30
0.0
 70
0
  0
VERTEX
  5
A92
  8
CUT
 10
1283.7266788407144
 20
819.4060477420259
 30
0.0
 70
0
  0
VERTEX
  5
A93
  8
CUT
 10
1281.0695242312427
 20
824.948337215897
 30
0.0
 70
0
  0
VERTEX
  5
A94
  8
CUT
 10
1278.5821375720554
 20
830.5468877053289
 30
0.0
 70
0
  0
VERTEX
  5
A95
  8
CUT
 10
1276.2616044357615
 20
836.1928715172872
 30
0.0
 70
0
  0
VERTEX
  5
A96
  8
CUT
 10
1274.104484730445
 20
841.8777404774481
 30
0.0
 70
0
  0
VERTEX
  5
A97
  8
CUT
 10
1272.1068561003863
 20
847.5932739707184
 30
0.0
 70
0
  0
VERTEX
  5
A98
  8
CUT
 10
1270.2643586938111
 20
853.3316211202588
 30
0.0
 70
0
  0
VERTEX
  5
A99
  8
CUT
 10
1268.5722405304266
 20
859.085337076745
 30
0.0
 70
0
  0
VERTEX
  5
A9A
  8
CUT
 10
1267.0254027580806
 20
864.8474135032352
 30
0.0
 70
0
  0
VERTEX
  5
A9B
  8
CUT
 10
1265.6184441524463
 20
870.6113034408766
 30
0.0
 70
0
  0
VERTEX
  5
A9C
  8
CUT
 10
1264.34570428282
 20
876.3709408258231
 30
0.0
 70
0
  0
VERTEX
  5
A9D
  8
CUT
 10
1263.2013048376737
 20
882.1207549978889
 30
0.0
 70
0
  0
SEQEND
  5
A23
  8
CUT
  0
POLYLINE
  5
A9E
  8
CUT
 66
1
 10
0.0
 20
0.0
 30
0.0
 70
1
  0
VERTEX
  5
AA0
  8
CUT
 10
1251.638888816652
 20
829.7270357259551
 30
0.0
 42
0.41421356237309503
 70
0
  0
VERTEX
  5
AA1
  8
CUT
 10
1252.3468303913162
 20
834.1968029152907
 30
0.0
 42
0.41421356237309503
 70
0
  0
VERTEX
  5
AA2
  8
CUT
 10
1247.8770632019805
 20
834.9047444899547
 30
0.0
 42
0.41421356237309503
 70
0
  0
VERTEX
  5
AA3
  8
CUT
 10
1247.1691216273164
 20
830.434977300619
 30
0.0
 70
0
  0
VERTEX
  5
AA4
  8
CUT
 10
1130.1852642406989
 20
745.4412298191273
 30
0.0
 42
0.41421356237309503
 70
0
  0
VERTEX
  5
AA5
  8
CUT
 10
1125.7154970513632
 20
746.1491713937912
 30
0.0
 42
0.41421356237309503
 70
0
  0
VERTEX
  5
AA6
  8
CUT
 10
1125.0075554766995
 20
741.6794042044555
 30
0.0
 42
0.41421356237309503
 70
0
  0
VERTEX
  5
AA7
  8
CUT
 10
1129.477322666035
 20
740.9714626297916
 30
0.0
 70
0
  0
VERTEX
  5
AA8
  8
CUT
 10
1136.8834168449202
 20
730.7778485006673
 30
0.0
 42
0.41421356237309503
 70
0
  0
VERTEX
  5
AA9
  8
CUT
 10
1136.1754752702561
 20
726.3080813113318
 30
0.0
 42
0.41421356237309503
 70
0
  0
VERTEX
  5
AAA
  8
CUT
 10
1140.6452424595918
 20
725.6001397366676
 30
0.0
 42
0.41421356237309503
 70
0
  0
VERTEX
  5
AAB
  8
CUT
 10
1141.353184034256
 20
730.0699069260033
 30
0.0
 70
0
  0
VERTEX
  5
AAC
  8
CUT
 10
1258.3370414208734
 20
815.063654407495
 30
0.0
 42
0.41421356237309503
 70
0
  0
VERTEX
  5
AAD
  8
CUT
 10
1262.8068086102091
 20
814.3557128328312
 30
0.0
 42
0.41421356237309503
 70
0
  0
VERTEX
  5
AAE
  8
CUT
 10
1263.5147501848728
 20
818.8254800221669
 30
0.0
 42
0.41421356237309503
 70
0
  0
VERTEX
  5
AAF
  8
CUT
 10
1259.0449829955373
 20
819.5334215968307
 30
0.0
 70
0
  0
SEQEND
  5
A9F
  8
CUT
  0
POLYLINE
  5
AB0
  8
CUT
 66
1
 10
0.0
 20
0.0
 30
0.0
 70
1
  0
VERTEX
  5
AB2
  8
CUT
 10
1307.1913048668914
 20
746.5536998811446
 30
0.0
 42
0.41421356237309503
 70
0
  0
VERTEX
  5
AB3
  8
CUT
 10
1306.4833632922273
 20
751.0234670704803
 30
0.0
 42
0.41421356237309503
 70
0
  0
VERTEX
  5
AB4
  8
CUT
 10
1302.0135961028916
 20
750.3155254958164
 30
0.0
 42
0.41421356237309503
 70
0
  0
VERTEX
  5
AB5
  8
CUT
 10
1302.7215376775557
 20
745.8457583064805
 30
0.0
 70
0
  0
VERTEX
  5
AB6
  8
CUT
 10
1217.727790196064
 20
628.8619009198633
 30
0.0
 42
0.41421356237309503
 70
0
  0
VERTEX
  5
AB7
  8
CUT
 10
1213.2580230067283
 20
628.153959345199
 30
0.0
 42
0.41421356237309503
 70
0
  0
VERTEX
  5
AB8
  8
CUT
 10
1213.9659645813924
 20
623.6841921558632
 30
0.0
 42
0.41421356237309503
 70
0
  0
VERTEX
  5
AB9
  8
CUT
 10
1218.4357317707281
 20
624.3921337305275
 30
0.0
 70
0
  0
VERTEX
  5
ABA
  8
CUT
 10
1228.6293458998523
 20
616.9860395516423
 30
0.0
 42
0.41421356237309503
 70
0
  0
VERTEX
  5
ABB
  8
CUT
 10
1229.3372874745164
 20
612.5162723623066
 30
0.0
 42
0.41421356237309503
 70
0
  0
VERTEX
  5
ABC
  8
CUT
 10
1233.807054663852
 20
613.2242139369705
 30
0.0
 42
0.41421356237309503
 70
0
  0
VERTEX
  5
ABD
  8
CUT
 10
1233.099113089188
 20
617.6939811263062
 30
0.0
 70
0
  0
VERTEX
  5
ABE
  8
CUT
 10
1318.0928605706797
 20
734.6778385129237
 30
0.0
 42
0.41421356237309503
 70
0
  0
VERTEX
  5
ABF
  8
CUT
 10
1322.5626277600154
 20
735.3857800875875
 30
0.0
 42
0.41421356237309503
 70
0
  0
VERTEX
  5
AC0
  8
CUT
 10
1321.8546861853517
 20
739.8555472769233
 30
0.0
 42
0.41421356237309503
 70
0
  0
VERTEX
  5
AC1
  8
CUT
 10
1317.3849189960158
 20
739.1476057022594
 30
0.0
 70
0
  0
SEQEND
  5
AB1
  8
CUT
  0
POLYLINE
  5
AC2
  8
CUT
 66
1
 10
0.0
 20
0.0
 30
0.0
 70
1
  0
VERTEX
  5
AC4
  8
CUT
 10
1396.2294242684807
 20
699.1629033320864
 30
0.0
 42
0.41421356237309503
 70
0
  0
VERTEX
  5
AC5
  8
CUT
 10
1394.174897798336
 20
703.1951385662308
 30
0.0
 42
0.41421356237309503
 70
0
  0
VERTEX
  5
AC6
  8
CUT
 10
1390.1426625641916
 20
701.140612096086
 30
0.0
 42
0.41421356237309503
 70
0
  0
VERTEX
  5
AC7
  8
CUT
 10
1392.1971890343364
 20
697.1083768619417
 30
0.0
 70
0
  0
VERTEX
  5
AC8
  8
CUT
 10
1347.513331647719
 20
559.5856046056625
 30
0.0
 42
0.41421356237309503
 70
0
  0
VERTEX
  5
AC9
  8
CUT
 10
1343.4810964135745
 20
557.5310781355181
 30
0.0
 42
0.41421356237309503
 70
0
  0
VERTEX
  5
ACA
  8
CUT
 10
1345.535622883719
 20
553.4988429013737
 30
0.0
 42
0.41421356237309503
 70
0
  0
VERTEX
  5
ACB
  8
CUT
 10
1349.5678581178636
 20
555.5533693715181
 30
0.0
 70
0
  0
VERTEX
  5
ACC
  8
CUT
 10
1361.5511702231825
 20
551.6597552423939
 30
0.0
 42
0.41421356237309503
 70
0
  0
VERTEX
  5
ACD
  8
CUT
 10
1363.605696693327
 20
547.6275200082493
 30
0.0
 42
0.41421356237309503
 70
0
  0
VERTEX
  5
ACE
  8
CUT
 10
1367.6379319274715
 20
549.6820464783939
 30
0.0
 42
0.41421356237309503
 70
0
  0
VERTEX
  5
ACF
  8
CUT
 10
1365.583405457327
 20
553.7142817125385
 30
0.0
 70
0
  0
VERTEX
  5
AD0
  8
CUT
 10
1410.2672628439443
 20
691.2370539688177
 30
0.0
 42
0.41421356237309503
 70
0
  0
VERTEX
  5
AD1
  8
CUT
 10
1414.2994980780886
 20
693.2915804389625
 30
0.0
 42
0.41421356237309503
 70
0
  0
VERTEX
  5
AD2
  8
CUT
 10
1412.2449716079439
 20
697.3238156731068
 30
0.0
 42
0.41421356237309503
 70
0
  0
VERTEX
  5
AD3
  8
CUT
 10
1408.2127363737995
 20
695.269289202962
 30
0.0
 70
0
  0
SEQEND
  5
AC3
  8
CUT
  0
POLYLINE
  5
AD4
  8
CUT
 66
1
 10
0.0
 20
0.0
 30
0.0
 70
1
  0
VERTEX
  5
AD6
  8
CUT
 10
1495.5016994228004
 20
688.4937282984237
 30
0.0
 42
0.41421356237309503
 70
0
  0
VERTEX
  5
AD7
  8
CUT
 10
1492.3016994228005
 20
691.6937282984234
 30
0.0
 42
0.41421356237309503
 70
0
  0
VERTEX
  5
AD8
  8
CUT
 10
1489.1016994228007
 20
688.4937282984234
 30
0.0
 42
0.41421356237309503
 70
0
  0
VERTEX
  5
AD9
  8
CUT
 10
1492.3016994228005
 20
685.2937282984237
 30
0.0
 70
0
  0
VERTEX
  5
ADA
  8
CUT
 10
1492.3016994228005
 20
540.6937282984236
 30
0.0
 42
0.41421356237309503
 70
0
  0
VERTEX
  5
ADB
  8
CUT
 10
1489.1016994228007
 20
537.4937282984238
 30
0.0
 42
0.41421356237309503
 70
0
  0
VERTEX
  5
ADC
  8
CUT
 10
1492.3016994228005
 20
534.293728298424
 30
0.0
 42
0.41421356237309503
 70
0
  0
VERTEX
  5
ADD
  8
CUT
 10
1495.5016994228004
 20
537.4937282984237
 30
0.0
 70
0
  0
VERTEX
  5
ADE
  8
CUT
 10
1508.1016994228005
 20
537.4937282984237
 30
0.0
 42
0.41421356237309503
 70
0
  0
VERTEX
  5
ADF
  8
CUT
 10
1511.3016994228005
 20
534.2937282984237
 30
0.0
 42
0.41421356237309503
 70
0
  0
VERTEX
  5
AE0
  8
CUT
 10
1514.5016994228006
 20
537.4937282984237
 30
0.0
 42
0.41421356237309503
 70
0
  0
VERTEX
  5
AE1
  8
CUT
 10
1511.3016994228005
 20
540.6937282984236
 30
0.0
 70
0
  0
VERTEX
  5
AE2
  8
CUT
 10
1511.3016994228005
 20
685.2937282984237
 30
0.0
 42
0.41421356237309503
 70
0
  0
VERTEX
  5
AE3
  8
CUT
 10
1514.5016994228006
 20
688.4937282984238
 30
0.0
 42
0.41421356237309503
 70
0
  0
VERTEX
  5
AE4
  8
CUT
 10
1511.3016994228005
 20
691.6937282984238
 30
0.0
 42
0.41421356237309503
 70
0
  0
VERTEX
  5
AE5
  8
CUT
 10
1508.1016994228005
 20
688.4937282984237
 30
0.0
 70
0
  0
SEQEND
  5
AD5
  8
CUT
  0
POLYLINE
  5
AE6
  8
CUT
 66
1
 10
0.0
 20
0.0
 30
0.0
 70
1
  0
VERTEX
  5
AE8
  8
CUT
 10
1793.0
 20
1166.0099998073183
 30
0.0
 70
0
  0
VERTEX
  5
AE9
  8
CUT
 10
1794.152126272403
 20
1155.7178467902836
 30
0.0
 70
0
  0
VERTEX
  5
AEA
  8
CUT
 10
1795.5070726148103
 20
1145.4371642994201
 30
0.0
 70
0
  0
VERTEX
  5
AEB
  8
CUT
 10
1797.074012803033
 20
1135.1736604284606
 30
0.0
 70
0
  0
VERTEX
  5
AEC
  8
CUT
 10
1798.8614697932435
 20
1124.93371098477
 30
0.0
 70
0
  0
VERTEX
  5
AED
  8
CUT
 10
1800.8773299420159
 20
1114.7243173667057
 30
0.0
 70
0
  0
VERTEX
  5
AEE
  8
CUT
 10
1803.128839280408
 20
1104.553063222289
 30
0.0
 70
0
  0
VERTEX
  5
AEF
  8
CUT
 10
1805.622587377456
 20
1094.4280686423199
 30
0.0
 70
0
  0
VERTEX
  5
AF0
  8
CUT
 10
1808.3644827852931
 20
1084.357941028667
 30
0.0
 70
0
  0
VERTEX
  5
AF1
  8
CUT
 10
1811.3597231278056
 20
1074.3517220860667
 30
0.0
 70
0
  0
VERTEX
  5
AF2
  8
CUT
 10
1814.6127623098164
 20
1064.4188306461608
 30
0.0
 70
0
  0
VERTEX
  5
AF3
  8
CUT
 10
1818.1272769372083
 20
1054.5690012634925
 30
0.0
 70
0
  0
VERTEX
  5
AF4
  8
CUT
 10
1821.9061337651592
 20
1044.8122187337872
 30
0.0
 70
0
  0
VERTEX
  5
AF5
  8
CUT
 10
1825.9513597803552
 20
1035.158648878856
 30
0.0
 70
0
  0
VERTEX
  5
AF6
  8
CUT
 10
1830.2641163417898
 20
1025.618566120316
 30
0.0
 70
0
  0
VERTEX
  5
AF7
  8
CUT
 10
1834.8446786335307
 20
1016.2022785243199
 30
0.0
 70
0
  0
VERTEX
  5
AF8
  8
CUT
 10
1839.6924215093588
 20
1006.9200511387968
 30
0.0
 70
0
  0
VERTEX
  5
AF9
  8
CUT
 10
1844.8058126266144
 20
997.782028559807
 30
0.0
 70
0
  0
VERTEX
  5
AFA
  8
CUT
 10
1850.1824135720362
 20
988.7981577510595
 30
0.0
 70
0
  0
VERTEX
  5
AFB
  8
CUT
 10
1855.818889475987
 20
979.9781121973199
 30
0.0
 70
0
  0
VERTEX
  5
AFC
  8
CUT
 10
1861.711027395742
 20
971.3312184960688
 30
0.0
 70
0
  0
VERTEX
  5
AFD
  8
CUT
 10
1867.8537635277771
 20
962.8663864811226
 30
0.0
 70
0
  0
VERTEX
  5
AFE
  8
CUT
 10
1874.2412190887303
 20
954.5920439270485
 30
0.0
 70
0
  0
VERTEX
  5
AFF
  8
CUT
 10
1880.8667444912705
 20
946.5160768055126
 30
0.0
 70
0
  0
VERTEX
  5
B00
  8
CUT
 10
1887.7229712410026
 20
938.6457759569853
 30
0.0
 70
0
  0
VERTEX
  5
B01
  8
CUT
 10
1894.8018708001132
 20
930.9877909075557
 30
0.0
 70
0
  0
VERTEX
  5
B02
  8
CUT
 10
1902.0948195084225
 20
923.5480914061218
 30
0.0
 70
0
  0
VERTEX
  5
B03
  8
CUT
 10
1909.5926685275303
 20
916.3319370878854
 30
0.0
 70
0
  0
VERTEX
  5
B04
  8
CUT
 10
1917.2858176822767
 20
909.3438554923507
 30
0.0
 70
0
  0
VERTEX
  5
B05
  8
CUT
 10
1925.1642920176878
 20
902.5876284845122
 30
0.0
 70
0
  0
VERTEX
  5
B06
  8
CUT
 10
1933.2178198694282
 20
896.0662869530214
 30
0.0
 70
0
  0
VERTEX
  5
B07
  8
CUT
 10
1941.4359112604002
 20
889.782113494761
 30
0.0
 70
0
  0
VERTEX
  5
B08
  8
CUT
 10
1949.8079354830866
 20
883.7366526465079
 30
0.0
 70
0
  0
VERTEX
  5
B09
  8
CUT
 10
1958.323196802891
 20
877.9307280953581
 30
0.0
 70
0
  0
VERTEX
  5
B0A
  8
CUT
 10
1966.9710073175152
 20
872.3644661932815
 30
0.0
 70
0
  0
VERTEX
  5
B0B
  8
CUT
 10
1975.740756126209
 20
867.037325019344
 30
0.0
 70
0
  0
VERTEX
  5
B0C
  8
CUT
 10
1984.621974095013
 20
861.948128176413
 30
0.0
 70
0
  0
VERTEX
  5
B0D
  8
CUT
 10
1993.6043936444435
 20
857.0951024770343
 30
0.0
 70
0
  0
VERTEX
  5
B0E
  8
CUT
 10
2002.6780031291917
 20
852.4759186642297
 30
0.0
 70
0
  0
VERTEX
  5
B0F
  8
CUT
 10
2011.8330955205715
 20
848.0877343249695
 30
0.0
 70
0
  0
VERTEX
  5
B10
  8
CUT
 10
2021.0603112375327
 20
843.9272381842218
 30
0.0
 70
0
  0
VERTEX
  5
B11
  8
CUT
 10
2030.350675097689
 20
839.9906950125494
 30
0.0
 70
0
  0
VERTEX
  5
B12
  8
CUT
 10
2039.6956274734403
 20
836.2739904367876
 30
0.0
 70
0
  0
VERTEX
  5
B13
  8
CUT
 10
2049.0870498381278
 20
832.7726750079039
 30
0.0
 70
0
  0
VERTEX
  5
B14
  8
CUT
 10
2058.5172849722917
 20
829.4820069493169
 30
0.0
 70
0
  0
VERTEX
  5
B15
  8
CUT
 10
2067.9791521702587
 20
826.3969930794956
 30
0.0
 70
0
  0
VERTEX
  5
B16
  8
CUT
 10
2077.4659578427904
 20
823.5124274715913
 30
0.0
 70
0
  0
VERTEX
  5
B17
  8
CUT
 10
2086.971501953316
 20
820.8229274773977
 30
0.0
 70
0
  0
VERTEX
  5
B18
  8
CUT
 10
2096.4900807546455
 20
818.322966800564
 30
0.0
 70
0
  0
VERTEX
  5
B19
  8
CUT
 10
2106.016486311659
 20
816.0069053522724
 30
0.0
 70
0
  0
VERTEX
  5
B1A
  8
CUT
 10
2115.546003305221
 20
813.8690156590953
 30
0.0
 70
0
  0
VERTEX
  5
B1B
  8
CUT
 10
2125.0744036156225
 20
811.9035056147793
 30
0.0
 70
0
  0
VERTEX
  5
B1C
  8
CUT
 10
2134.5979391824426
 20
810.1045373719614
 30
0.0
 70
0
  0
VERTEX
  5
B1D
  8
CUT
 10
2144.1133336344756
 20
808.4662421518824
 30
0.0
 70
0
  0
VERTEX
  5
B1E
  8
CUT
 10
2153.6177731810394
 20
806.9827307036044
 30
0.0
 70
0
  0
VERTEX
  5
B1F
  8
CUT
 10
2163.108897257886
 20
805.6480990592702
 30
0.0
 70
0
  0
VERTEX
  5
B20
  8
CUT
 10
2172.584789431208
 20
804.456429093032
 30
0.0
 70
0
  0
VERTEX
  5
B21
  8
CUT
 10
2182.0439690872704
 20
803.4017831729163
 30
0.0
 70
0
  0
VERTEX
  5
B22
  8
CUT
 10
2191.4853844808295
 20
802.4781918537828
 30
0.0
 70
0
  0
VERTEX
  5
B23
  8
CUT
 10
2200.9084077946377
 20
801.6796330192684
 30
0.0
 70
0
  0
VERTEX
  5
B24
  8
CUT
 10
2210.3128329944852
 20
801.0
 30
0.0
 70
0
  0
VERTEX
  5
B25
  8
CUT
 10
2241.5997260025315
 20
998.5376681190276
 30
0.0
 70
0
  0
VERTEX
  5
B26
  8
CUT
 10
2236.3253558585543
 20
998.5187546131168
 30
0.0
 70
0
  0
VERTEX
  5
B27
  8
CUT
 10
2231.0168525566546
 20
998.5324267781273
 30
0.0
 70
0
  0
VERTEX
  5
B28
  8
CUT
 10
2225.672617366579
 20
998.5851355606658
 30
0.0
 70
0
  0
VERTEX
  5
B29
  8
CUT
 10
2220.291480946924
 20
998.6832850749593
 30
0.0
 70
0
  0
VERTEX
  5
B2A
  8
CUT
 10
2214.87270627839
 20
998.8332643170838
 30
0.0
 70
0
  0
VERTEX
  5
B2B
  8
CUT
 10
2209.4159943888853
 20
999.041467838993
 30
0.0
 70
0
  0
VERTEX
  5
B2C
  8
CUT
 10
2203.921492085693
 20
999.3143078551377
 30
0.0
 70
0
  0
VERTEX
  5
B2D
  8
CUT
 10
2198.3898010420567
 20
999.6582193738786
 30
0.0
 70
0
  0
VERTEX
  5
B2E
  8
CUT
 10
2192.821987664681
 20
1000.0796594056245
 30
0.0
 70
0
  0
VERTEX
  5
B2F
  8
CUT
 10
2187.219593214281
 20
1000.5851009585357
 30
0.0
 70
0
  0
VERTEX
  5
B30
  8
CUT
 10
2181.5846436753523
 20
1001.1810223142713
 30
0.0
 70
0
  0
VERTEX
  5
B31
  8
CUT
 10
2175.919658881602
 20
1001.8738919373602
 30
0.0
 70
0
  0
VERTEX
  5
B32
  8
CUT
 10
2170.227660405396
 20
1002.6701492868114
 30
0.0
 70
0
  0
VERTEX
  5
B33
  8
CUT
 10
2164.512177717256
 20
1003.5761817520299
 30
0.0
 70
0
  0
VERTEX
  5
B34
  8
CUT
 10
2158.7772521181682
 20
1004.5982979171691
 30
0.0
 70
0
  0
VERTEX
  5
B35
  8
CUT
 10
2153.0274379461025
 20
1005.7426973623154
 30
0.0
 70
0
  0
VERTEX
  5
B36
  8
CUT
 10
2147.267800561156
 20
1007.0154372319419
 30
0.0
 70
0
  0
VERTEX
  5
B37
  8
CUT
 10
2141.5039106235145
 20
1008.4223958375762
 30
0.0
 70
0
  0
VERTEX
  5
B38
  8
CUT
 10
2135.741834197024
 20
1009.9692336099222
 30
0.0
 70
0
  0
VERTEX
  5
B39
  8
CUT
 10
2129.988118240538
 20
1011.6613517733066
 30
0.0
 70
0
  0
VERTEX
  5
B3A
  8
CUT
 10
2124.249771090998
 20
1013.5038491798819
 30
0.0
 70
0
  0
VERTEX
  5
B3B
  8
CUT
 10
2118.5342375977275
 20
1015.5014778099405
 30
0.0
 70
0
  0
VERTEX
  5
B3C
  8
CUT
 10
2112.849368637567
 20
1017.658597515257
 30
0.0
 70
0
  0
VERTEX
  5
B3D
  8
CUT
 10
2107.2033848256083
 20
1019.979130651551
 30
0.0
 70
0
  0
VERTEX
  5
B3E
  8
CUT
 10
2101.6048343361763
 20
1022.4665173107383
 30
0.0
 70
0
  0
VERTEX
  5
B3F
  8
CUT
 10
2096.062544862305
 20
1025.12367192021
 30
0.0
 70
0
  0
VERTEX
  5
B40
  8
CUT
 10
2090.5855698676214
 20
1027.95294202145
 30
0.0
 70
0
  0
VERTEX
  5
B41
  8
CUT
 10
2085.183129419619
 20
1030.9560700704546
 30
0.0
 70
0
  0
VERTEX
  5
B42
  8
CUT
 10
2079.8645460344815
 20
1034.1341591144335
 30
0.0
 70
0
  0
VERTEX
  5
B43
  8
CUT
 10
2074.639176106738
 20
1037.4876431903308
 30
0.0
 70
0
  0
VERTEX
  5
B44
  8
CUT
 10
2069.5163376373603
 20
1041.0162632585934
 30
0.0
 70
0
  0
VERTEX
  5
B45
  8
CUT
 10
2064.5052351062236
 20
1044.7190494288827
 30
0.0
 70
0
  0
VERTEX
  5
B46
  8
CUT
 10
2059.614882453622
 20
1048.5943101526157
 30
0.0
 70
0
  0
VERTEX
  5
B47
  8
CUT
 10
2054.854025235351
 20
1052.6396289509119
 30
0.0
 70
0
  0
VERTEX
  5
B48
  8
CUT
 10
2050.2310630915076
 20
1056.8518691175232
 30
0.0
 70
0
  0
VERTEX
  5
B49
  8
CUT
 10
2045.7539737161405
 20
1061.2271866875806
 30
0.0
 70
0
  0
VERTEX
  5
B4A
  8
CUT
 10
2041.4302395294935
 20
1065.761051798636
 30
0.0
 70
0
  0
VERTEX
  5
B4B
  8
CUT
 10
2037.266778234441
 20
1070.4482783955843
 30
0.0
 70
0
  0
VERTEX
  5
B4C
  8
CUT
 10
2033.2698783826895
 20
1075.2830620515488
 30
0.0
 70
0
  0
VERTEX
  5
B4D
  8
CUT
 10
2029.4451409848266
 20
1080.2590254990741
 30
0.0
 70
0
  0
VERTEX
  5
B4E
  8
CUT
 10
2025.7974280733597
 20
1085.3692712966554
 30
0.0
 70
0
  0
VERTEX
  5
B4F
  8
CUT
 10
2022.3308189728252
 20
1090.6064409011337
 30
0.0
 70
0
  0
VERTEX
  5
B50
  8
CUT
 10
2019.0485748506524
 20
1095.962779282835
 30
0.0
 70
0
  0
VERTEX
  5
B51
  8
CUT
 10
2015.9531119223573
 20
1101.4302041126075
 30
0.0
 70
0
  0
VERTEX
  5
B52
  8
CUT
 10
2013.0459834712044
 20
1107.0003784722294
 30
0.0
 70
0
  0
VERTEX
  5
B53
  8
CUT
 10
2010.3278706222284
 20
1112.6647859947816
 30
0.0
 70
0
  0
VERTEX
  5
B54
  8
CUT
 10
2007.798581589769
 20
1118.4148073309361
 30
0.0
 70
0
  0
VERTEX
  5
B55
  8
CUT
 10
2005.4570589019554
 20
1124.241796860743
 30
0.0
 70
0
  0
VERTEX
  5
B56
  8
CUT
 10
2003.3013938992071
 20
1130.137158627186
 30
0.0
 70
0
  0
VERTEX
  5
B57
  8
CUT
 10
2001.3288476092569
 20
1136.0924205552208
 30
0.0
 70
0
  0
VERTEX
  5
B58
  8
CUT
 10
1999.5358769186507
 20
1142.099306135125
 30
0.0
 70
0
  0
VERTEX
  5
B59
  8
CUT
 10
1997.9181647872101
 20
1148.149802888281
 30
0.0
 70
0
  0
VERTEX
  5
B5A
  8
CUT
 10
1996.4706530807116
 20
1154.236227093537
 30
0.0
 70
0
  0
VERTEX
  5
B5B
  8
CUT
 10
1995.1875764157967
 20
1160.351284430135
 30
0.0
 70
0
  0
VERTEX
  5
B5C
  8
CUT
 10
1994.0624951998295
 20
1166.4881263872098
 30
0.0
 70
0
  0
VERTEX
  5
B5D
  8
CUT
 10
1993.0883257751707
 20
1172.640402500486
 30
0.0
 70
0
  0
VERTEX
  5
B5E
  8
CUT
 10
1992.2573651907824
 20
1178.802308707769
 30
0.0
 70
0
  0
VERTEX
  5
B5F
  8
CUT
 10
1991.5613075391548
 20
1184.9686323752455
 30
0.0
 70
0
  0
VERTEX
  5
B60
  8
CUT
 10
1990.9912478662513
 20
1191.1347948542002
 30
0.0
 70
0
  0
VERTEX
  5
B61
  8
CUT
 10
1990.5376681190276
 20
1197.2968928153643
 30
0.0
 70
0
  0
SEQEND
  5
AE7
  8
CUT
  0
POLYLINE
  5
B62
  8
CUT
 66
1
 10
0.0
 20
0.0
 30
0.0
 70
1
  0
VERTEX
  5
B64
  8
CUT
 10
1971.9257863232415
 20
1149.6097294532954
 30
0.0
 42
0.41421356237309503
 70
0
  0
VERTEX
  5
B65
  8
CUT
 10
1973.9803127933862
 20
1153.6419646874397
 30
0.0
 42
0.41421356237309503
 70
0
  0
VERTEX
  5
B66
  8
CUT
 10
1969.948077559242
 20
1155.6964911575844
 30
0.0
 42
0.41421356237309503
 70
0
  0
VERTEX
  5
B67
  8
CUT
 10
1967.8935510890972
 20
1151.66425592344
 30
0.0
 70
0
  0
VERTEX
  5
B68
  8
CUT
 10
1830.370778832818
 20
1106.9803985368226
 30
0.0
 42
0.41421356237309503
 70
0
  0
VERTEX
  5
B69
  8
CUT
 10
1826.3385435986736
 20
1109.034925006967
 30
0.0
 42
0.41421356237309503
 70
0
  0
VERTEX
  5
B6A
  8
CUT
 10
1824.2840171285293
 20
1105.0026897728226
 30
0.0
 42
0.41421356237309503
 70
0
  0
VERTEX
  5
B6B
  8
CUT
 10
1828.3162523626734
 20
1102.9481633026783
 30
0.0
 70
0
  0
VERTEX
  5
B6C
  8
CUT
 10
1832.2098664917976
 20
1090.9648511973592
 30
0.0
 42
0.41421356237309503
 70
0
  0
VERTEX
  5
B6D
  8
CUT
 10
1830.1553400216533
 20
1086.9326159632149
 30
0.0
 42
0.41421356237309503
 70
0
  0
VERTEX
  5
B6E
  8
CUT
 10
1834.1875752557976
 20
1084.8780894930705
 30
0.0
 42
0.41421356237309503
 70
0
  0
VERTEX
  5
B6F
  8
CUT
 10
1836.242101725942
 20
1088.9103247272146
 30
0.0
 70
0
  0
VERTEX
  5
B70
  8
CUT
 10
1973.7648739822212
 20
1133.5941821138322
 30
0.0
 42
0.41421356237309503
 70
0
  0
VERTEX
  5
B71
  8
CUT
 10
1977.7971092163652
 20
1131.5396556436876
 30
0.0
 42
0.41421356237309503
 70
0
  0
VERTEX
  5
B72
  8
CUT
 10
1979.8516356865098
 20
1135.5718908778317
 30
0.0
 42
0.41421356237309503
 70
0
  0
VERTEX
  5
B73
  8
CUT
 10
1975.8194004523657
 20
1137.6264173479763
 30
0.0
 70
0
  0
SEQEND
  5
B63
  8
CUT
  0
POLYLINE
  5
B74
  8
CUT
 66
1
 10
0.0
 20
0.0
 30
0.0
 70
1
  0
VERTEX
  5
B76
  8
CUT
 10
2015.8041028225389
 20
1058.7819120755114
 30
0.0
 42
0.41421356237309503
 70
0
  0
VERTEX
  5
B77
  8
CUT
 10
2016.5120443972028
 20
1063.2516792648473
 30
0.0
 42
0.41421356237309503
 70
0
  0
VERTEX
  5
B78
  8
CUT
 10
2012.0422772078668
 20
1063.9596208395112
 30
0.0
 42
0.41421356237309503
 70
0
  0
VERTEX
  5
B79
  8
CUT
 10
2011.334335633203
 20
1059.4898536501753
 30
0.0
 70
0
  0
VERTEX
  5
B7A
  8
CUT
 10
1894.3504782465857
 20
974.4961061686837
 30
0.0
 42
0.41421356237309503
 70
0
  0
VERTEX
  5
B7B
  8
CUT
 10
1889.88071105725
 20
975.2040477433479
 30
0.0
 42
0.41421356237309503
 70
0
  0
VERTEX
  5
B7C
  8
CUT
 10
1889.1727694825859
 20
970.7342805540121
 30
0.0
 42
0.41421356237309503
 70
0
  0
VERTEX
  5
B7D
  8
CUT
 10
1893.6425366719216
 20
970.0263389793479
 30
0.0
 70
0
  0
VERTEX
  5
B7E
  8
CUT
 10
1901.0486308508068
 20
959.8327248502237
 30
0.0
 42
0.41421356237309503
 70
0
  0
VERTEX
  5
B7F
  8
CUT
 10
1900.3406892761427
 20
955.362957660888
 30
0.0
 42
0.41421356237309503
 70
0
  0
VERTEX
  5
B80
  8
CUT
 10
1904.8104564654784
 20
954.6550160862239
 30
0.0
 42
0.41421356237309503
 70
0
  0
VERTEX
  5
B81
  8
CUT
 10
1905.5183980401425
 20
959.1247832755597
 30
0.0
 70
0
  0
VERTEX
  5
B82
  8
CUT
 10
2022.50225542676
 20
1044.1185307570513
 30
0.0
 42
0.41421356237309503
 70
0
  0
VERTEX
  5
B83
  8
CUT
 10
2026.972022616096
 20
1043.4105891823876
 30
0.0
 42
0.41421356237309503
 70
0
  0
VERTEX
  5
B84
  8
CUT
 10
2027.6799641907596
 20
1047.8803563717233
 30
0.0
 42
0.41421356237309503
 70
0
  0
VERTEX
  5
B85
  8
CUT
 10
2023.210197001424
 20
1048.588297946387
 30
0.0
 70
0
  0
SEQEND
  5
B75
  8
CUT
  0
POLYLINE
  5
B86
  8
CUT
 66
1
 10
0.0
 20
0.0
 30
0.0
 70
1
  0
VERTEX
  5
B88
  8
CUT
 10
2096.1899187171102
 20
1000.4419760750329
 30
0.0
 42
0.41421356237309503
 70
0
  0
VERTEX
  5
B89
  8
CUT
 10
2095.481977142446
 20
1004.9117432643689
 30
0.0
 42
0.41421356237309503
 70
0
  0
VERTEX
  5
B8A
  8
CUT
 10
2091.01220995311
 20
1004.2038016897046
 30
0.0
 42
0.41421356237309503
 70
0
  0
VERTEX
  5
B8B
  8
CUT
 10
2091.7201515277743
 20
999.7340345003689
 30
0.0
 70
0
  0
VERTEX
  5
B8C
  8
CUT
 10
2006.7264040462828
 20
882.7501771137515
 30
0.0
 42
0.41421356237309503
 70
0
  0
VERTEX
  5
B8D
  8
CUT
 10
2002.2566368569471
 20
882.0422355390878
 30
0.0
 42
0.41421356237309503
 70
0
  0
VERTEX
  5
B8E
  8
CUT
 10
2002.9645784316108
 20
877.572468349752
 30
0.0
 42
0.41421356237309503
 70
0
  0
VERTEX
  5
B8F
  8
CUT
 10
2007.4343456209467
 20
878.2804099244158
 30
0.0
 70
0
  0
VERTEX
  5
B90
  8
CUT
 10
2017.6279597500709
 20
870.8743157455307
 30
0.0
 42
0.41421356237309503
 70
0
  0
VERTEX
  5
B91
  8
CUT
 10
2018.335901324735
 20
866.404548556195
 30
0.0
 42
0.41421356237309503
 70
0
  0
VERTEX
  5
B92
  8
CUT
 10
2022.8056685140707
 20
867.1124901308591
 30
0.0
 42
0.41421356237309503
 70
0
  0
VERTEX
  5
B93
  8
CUT
 10
2022.0977269394066
 20
871.5822573201947
 30
0.0
 70
0
  0
VERTEX
  5
B94
  8
CUT
 10
2107.0914744208985
 20
988.566114706812
 30
0.0
 42
0.41421356237309503
 70
0
  0
VERTEX
  5
B95
  8
CUT
 10
2111.5612416102344
 20
989.2740562814761
 30
0.0
 42
0.41421356237309503
 70
0
  0
VERTEX
  5
B96
  8
CUT
 10
2110.85330003557
 20
993.7438234708118
 30
0.0
 42
0.41421356237309503
 70
0
  0
VERTEX
  5
B97
  8
CUT
 10
2106.3835328462346
 20
993.0358818961478
 30
0.0
 70
0
  0
SEQEND
  5
B87
  8
CUT
  0
POLYLINE
  5
B98
  8
CUT
 66
1
 10
0.0
 20
0.0
 30
0.0
 70
1
  0
VERTEX
  5
B9A
  8
CUT
 10
2187.5976671019675
 20
978.1228989982401
 30
0.0
 42
0.41421356237309503
 70
0
  0
VERTEX
  5
B9B
  8
CUT
 10
2185.543140631823
 20
982.1551342323842
 30
0.0
 42
0.41421356237309503
 70
0
  0
VERTEX
  5
B9C
  8
CUT
 10
2181.510905397679
 20
980.1006077622394
 30
0.0
 42
0.41421356237309503
 70
0
  0
VERTEX
  5
B9D
  8
CUT
 10
2183.5654318678235
 20
976.0683725280954
 30
0.0
 70
0
  0
VERTEX
  5
B9E
  8
CUT
 10
2138.881574481206
 20
838.5456002718163
 30
0.0
 42
0.41421356237309503
 70
0
  0
VERTEX
  5
B9F
  8
CUT
 10
2134.849339247062
 20
836.4910738016716
 30
0.0
 42
0.41421356237309503
 70
0
  0
VERTEX
  5
BA0
  8
CUT
 10
2136.9038657172064
 20
832.4588385675274
 30
0.0
 42
0.41421356237309503
 70
0
  0
VERTEX
  5
BA1
  8
CUT
 10
2140.9361009513505
 20
834.513365037672
 30
0.0
 70
0
  0
VERTEX
  5
BA2
  8
CUT
 10
2152.9194130566693
 20
830.6197509085476
 30
0.0
 42
0.41421356237309503
 70
0
  0
VERTEX
  5
BA3
  8
CUT
 10
2154.9739395268143
 20
826.5875156744031
 30
0.0
 42
0.41421356237309503
 70
0
  0
VERTEX
  5
BA4
  8
CUT
 10
2159.006174760959
 20
828.6420421445479
 30
0.0
 42
0.41421356237309503
 70
0
  0
VERTEX
  5
BA5
  8
CUT
 10
2156.951648290814
 20
832.6742773786923
 30
0.0
 70
0
  0
VERTEX
  5
BA6
  8
CUT
 10
2201.635505677431
 20
970.1970496349714
 30
0.0
 42
0.41421356237309503
 70
0
  0
VERTEX
  5
BA7
  8
CUT
 10
2205.667740911575
 20
972.2515761051161
 30
0.0
 42
0.41421356237309503
 70
0
  0
VERTEX
  5
BA8
  8
CUT
 10
2203.6132144414305
 20
976.2838113392603
 30
0.0
 42
0.41421356237309503
 70
0
  0
VERTEX
  5
BA9
  8
CUT
 10
2199.5809792072864
 20
974.2292848691158
 30
0.0
 70
0
  0
SEQEND
  5
B99
  8
CUT
  0
POLYLINE
  5
BAA
  8
CUT
 66
1
 10
0.0
 20
0.0
 30
0.0
 70
1
  0
VERTEX
  5
BAC
  8
CUT
 10
2246.0099998073183
 20
465.5997260025314
 30
0.0
 70
0
  0
VERTEX
  5
BAD
  8
CUT
 10
2235.7178467902836
 20
464.4475997301284
 30
0.0
 70
0
  0
VERTEX
  5
BAE
  8
CUT
 10
2225.43716429942
 20
463.0926533877211
 30
0.0
 70
0
  0
VERTEX
  5
BAF
  8
CUT
 10
2215.1736604284606
 20
461.5257131994984
 30
0.0
 70
0
  0
VERTEX
  5
BB0
  8
CUT
 10
2204.9337109847697
 20
459.73825620928784
 30
0.0
 70
0
  0
VERTEX
  5
BB1
  8
CUT
 10
2194.7243173667057
 20
457.7223960605155
 30
0.0
 70
0
  0
VERTEX
  5
BB2
  8
CUT
 10
2184.553063222289
 20
455.4708867221234
 30
0.0
 70
0
  0
VERTEX
  5
BB3
  8
CUT
 10
2174.42806864232
 20
452.97713862507527
 30
0.0
 70
0
  0
VERTEX
  5
BB4
  8
CUT
 10
2164.357941028667
 20
450.23524321723835
 30
0.0
 70
0
  0
VERTEX
  5
BB5
  8
CUT
 10
2154.3517220860667
 20
447.24000287472575
 30
0.0
 70
0
  0
VERTEX
  5
BB6
  8
CUT
 10
2144.4188306461606
 20
443.9869636927149
 30
0.0
 70
0
  0
VERTEX
  5
BB7
  8
CUT
 10
2134.5690012634923
 20
440.47244906532313
 30
0.0
 70
0
  0
VERTEX
  5
BB8
  8
CUT
 10
2124.812218733787
 20
436.6935922373722
 30
0.0
 70
0
  0
VERTEX
  5
BB9
  8
CUT
 10
2115.158648878856
 20
432.64836622217626
 30
0.0
 70
0
  0
VERTEX
  5
BBA
  8
CUT
 10
2105.618566120316
 20
428.3356096607416
 30
0.0
 70
0
  0
VERTEX
  5
BBB
  8
CUT
 10
2096.20227852432
 20
423.7550473690006
 30
0.0
 70
0
  0
VERTEX
  5
BBC
  8
CUT
 10
2086.9200511387967
 20
418.9073044931725
 30
0.0
 70
0
  0
VERTEX
  5
BBD
  8
CUT
 10
2077.7820285598073
 20
413.793913375917
 30
0.0
 70
0
  0
VERTEX
  5
BBE
  8
CUT
 10
2068.7981577510595
 20
408.417312430495
 30
0.0
 70
0
  0
VERTEX
  5
BBF
  8
CUT
 10
2059.97811219732
 20
402.7808365265445
 30
0.0
 70
0
  0
VERTEX
  5
BC0
  8
CUT
 10
2051.3312184960687
 20
396.8886986067895
 30
0.0
 70
0
  0
VERTEX
  5
BC1
  8
CUT
 10
2042.8663864811226
 20
390.74596247475426
 30
0.0
 70
0
  0
VERTEX
  5
BC2
  8
CUT
 10
2034.5920439270485
 20
384.358506913801
 30
0.0
 70
0
  0
VERTEX
  5
BC3
  8
CUT
 10
2026.5160768055125
 20
377.73298151126085
 30
0.0
 70
0
  0
VERTEX
  5
BC4
  8
CUT
 10
2018.6457759569853
 20
370.8767547615288
 30
0.0
 70
0
  0
VERTEX
  5
BC5
  8
CUT
 10
2010.9877909075556
 20
363.797855202418
 30
0.0
 70
0
  0
VERTEX
  5
BC6
  8
CUT
 10
2003.5480914061218
 20
356.5049064941089
 30
0.0
 70
0
  0
VERTEX
  5
BC7
  8
CUT
 10
1996.3319370878853
 20
349.00705747500103
 30
0.0
 70
0
  0
VERTEX
  5
BC8
  8
CUT
 10
1989.3438554923507
 20
341.3139083202546
 30
0.0
 70
0
  0
VERTEX
  5
BC9
  8
CUT
 10
1982.5876284845122
 20
333.4354339848435
 30
0.0
 70
0
  0
VERTEX
  5
BCA
  8
CUT
 10
1976.0662869530213
 20
325.38190613310303
 30
0.0
 70
0
  0
VERTEX
  5
BCB
  8
CUT
 10
1969.782113494761
 20
317.1638147421312
 30
0.0
 70
0
  0
VERTEX
  5
BCC
  8
CUT
 10
1963.7366526465078
 20
308.7917905194447
 30
0.0
 70
0
  0
VERTEX
  5
BCD
  8
CUT
 10
1957.930728095358
 20
300.2765291996403
 30
0.0
 70
0
  0
VERTEX
  5
BCE
  8
CUT
 10
1952.3644661932815
 20
291.6287186850163
 30
0.0
 70
0
  0
VERTEX
  5
BCF
  8
CUT
 10
1947.037325019344
 20
282.8589698763224
 30
0.0
 70
0
  0
VERTEX
  5
BD0
  8
CUT
 10
1941.9481281764129
 20
273.9777519075183
 30
0.0
 70
0
  0
VERTEX
  5
BD1
  8
CUT
 10
1937.0951024770343
 20
264.9953323580879
 30
0.0
 70
0
  0
VERTEX
  5
BD2
  8
CUT
 10
1932.4759186642295
 20
255.9217228733396
 30
0.0
 70
0
  0
VERTEX
  5
BD3
  8
CUT
 10
1928.0877343249695
 20
246.76663048195974
 30
0.0
 70
0
  0
VERTEX
  5
BD4
  8
CUT
 10
1923.9272381842218
 20
237.53941476499864
 30
0.0
 70
0
  0
VERTEX
  5
BD5
  8
CUT
 10
1919.9906950125494
 20
228.2490509048425
 30
0.0
 70
0
  0
VERTEX
  5
BD6
  8
CUT
 10
1916.2739904367875
 20
218.90409852909107
 30
0.0
 70
0
  0
VERTEX
  5
BD7
  8
CUT
 10
1912.772675007904
 20
209.51267616440367
 30
0.0
 70
0
  0
VERTEX
  5
BD8
  8
CUT
 10
1909.4820069493169
 20
200.0824410302397
 30
0.0
 70
0
  0
VERTEX
  5
BD9
  8
CUT
 10
1906.3969930794956
 20
190.62057383227253
 30
0.0
 70
0
  0
VERTEX
  5
BDA
  8
CUT
 10
1903.5124274715913
 20
181.13376815974104
 30
0.0
 70
0
  0
VERTEX
  5
BDB
  8
CUT
 10
1900.8229274773976
 20
171.62822404921553
 30
0.0
 70
0
  0
VERTEX
  5
BDC
  8
CUT
 10
1898.322966800564
 20
162.10964524788568
 30
0.0
 70
0
  0
VERTEX
  5
BDD
  8
CUT
 10
1896.0069053522725
 20
152.58323969087257
 30
0.0
 70
0
  0
VERTEX
  5
BDE
  8
CUT
 10
1893.8690156590953
 20
143.05372269731046
 30
0.0
 70
0
  0
VERTEX
  5
BDF
  8
CUT
 10
1891.9035056147793
 20
133.5253223869087
 30
0.0
 70
0
  0
VERTEX
  5
BE0
  8
CUT
 10
1890.1045373719614
 20
124.00178682008877
 30
0.0
 70
0
  0
VERTEX
  5
BE1
  8
CUT
 10
1888.4662421518824
 20
114.48639236805565
 30
0.0
 70
0
  0
VERTEX
  5
BE2
  8
CUT
 10
1886.9827307036044
 20
104.98195282149194
 30
0.0
 70
0
  0
VERTEX
  5
BE3
  8
CUT
 10
1885.6480990592702
 20
95.49082874464557
 30
0.0
 70
0
  0
VERTEX
  5
BE4
  8
CUT
 10
1884.456429093032
 20
86.01493657132355
 30
0.0
 70
0
  0
VERTEX
  5
BE5
  8
CUT
 10
1883.4017831729163
 20
76.5557569152609
 30
0.0
 70
0
  0
VERTEX
  5
BE6
  8
CUT
 10
1882.4781918537828
 20
67.11434152170216
 30
0.0
 70
0
  0
VERTEX
  5
BE7
  8
CUT
 10
1881.6796330192683
 20
57.69131820789365
 30
0.0
 70
0
  0
VERTEX
  5
BE8
  8
CUT
 10
1881.0
 20
48.2868930080462
 30
0.0
 70
0
  0
VERTEX
  5
BE9
  8
CUT
 10
2078.5376681190273
 20
17.0
 30
0.0
 70
0
  0
VERTEX
  5
BEA
  8
CUT
 10
2078.518754613117
 20
22.274370143976952
 30
0.0
 70
0
  0
VERTEX
  5
BEB
  8
CUT
 10
2078.532426778127
 20
27.582873445876906
 30
0.0
 70
0
  0
VERTEX
  5
BEC
  8
CUT
 10
2078.5851355606655
 20
32.92710863595239
 30
0.0
 70
0
  0
VERTEX
  5
BED
  8
CUT
 10
2078.6832850749593
 20
38.30824505560737
 30
0.0
 70
0
  0
VERTEX
  5
BEE
  8
CUT
 10
2078.833264317084
 20
43.72701972414141
 30
0.0
 70
0
  0
VERTEX
  5
BEF
  8
CUT
 10
2079.041467838993
 20
49.18373161364608
 30
0.0
 70
0
  0
VERTEX
  5
BF0
  8
CUT
 10
2079.314307855138
 20
54.6782339168383
 30
0.0
 70
0
  0
VERTEX
  5
BF1
  8
CUT
 10
2079.6582193738786
 20
60.2099249604748
 30
0.0
 70
0
  0
VERTEX
  5
BF2
  8
CUT
 10
2080.0796594056246
 20
65.77773833785045
 30
0.0
 70
0
  0
VERTEX
  5
BF3
  8
CUT
 10
2080.585100958536
 20
71.38013278825039
 30
0.0
 70
0
  0
VERTEX
  5
BF4
  8
CUT
 10
2081.1810223142716
 20
77.0150823271791
 30
0.0
 70
0
  0
VERTEX
  5
BF5
  8
CUT
 10
2081.87389193736
 20
82.68006712092952
 30
0.0
 70
0
  0
VERTEX
  5
BF6
  8
CUT
 10
2082.6701492868115
 20
88.37206559713528
 30
0.0
 70
0
  0
VERTEX
  5
BF7
  8
CUT
 10
2083.57618175203
 20
94.08754828527555
 30
0.0
 70
0
  0
VERTEX
  5
BF8
  8
CUT
 10
2084.598297917169
 20
99.82247388436315
 30
0.0
 70
0
  0
VERTEX
  5
BF9
  8
CUT
 10
2085.7426973623155
 20
105.57228805642887
 30
0.0
 70
0
  0
VERTEX
  5
BFA
  8
CUT
 10
2087.0154372319416
 20
111.33192544137549
 30
0.0
 70
0
  0
VERTEX
  5
BFB
  8
CUT
 10
2088.422395837576
 20
117.09581537901681
 30
0.0
 70
0
  0
VERTEX
  5
BFC
  8
CUT
 10
2089.9692336099224
 20
122.85789180550702
 30
0.0
 70
0
  0
VERTEX
  5
BFD
  8
CUT
 10
2091.6613517733067
 20
128.61160776199324
 30
0.0
 70
0
  0
VERTEX
  5
BFE
  8
CUT
 10
2093.503849179882
 20
134.3499549115336
 30
0.0
 70
0
  0
VERTEX
  5
BFF
  8
CUT
 10
2095.5014778099403
 20
140.06548840480383
 30
0.0
 70
0
  0
VERTEX
  5
C00
  8
CUT
 10
2097.658597515257
 20
145.75035736496474
 30
0.0
 70
0
  0
VERTEX
  5
C01
  8
CUT
 10
2099.979130651551
 20
151.39634117692304
 30
0.0
 70
0
  0
VERTEX
  5
C02
  8
CUT
 10
2102.4665173107383
 20
156.9948916663549
 30
0.0
 70
0
  0
VERTEX
  5
C03
  8
CUT
 10
2105.1236719202097
 20
162.53718114022612
 30
0.0
 70
0
  0
VERTEX
  5
C04
  8
CUT
 10
2107.95294202145
 20
168.01415613490997
 30
0.0
 70
0
  0
VERTEX
  5
C05
  8
CUT
 10
2110.9560700704546
 20
173.41659658291255
 30
0.0
 70
0
  0
VERTEX
  5
C06
  8
CUT
 10
2114.1341591144333
 20
178.73517996804983
 30
0.0
 70
0
  0
VERTEX
  5
C07
  8
CUT
 10
2117.487643190331
 20
183.96054989579352
 30
0.0
 70
0
  0
VERTEX
  5
C08
  8
CUT
 10
2121.0162632585934
 20
189.08338836517103
 30
0.0
 70
0
  0
VERTEX
  5
C09
  8
CUT
 10
2124.719049428883
 20
194.09449089630775
 30
0.0
 70
0
  0
VERTEX
  5
C0A
  8
CUT
 10
2128.594310152616
 20
198.98484354890914
 30
0.0
 70
0
  0
VERTEX
  5
C0B
  8
CUT
 10
2132.639628950912
 20
203.7457007671805
 30
0.0
 70
0
  0
VERTEX
  5
C0C
  8
CUT
 10
2136.851869117523
 20
208.36866291102385
 30
0.0
 70
0
  0
VERTEX
  5
C0D
  8
CUT
 10
2141.227186687581
 20
212.8457522863907
 30
0.0
 70
0
  0
VERTEX
  5
C0E
  8
CUT
 10
2145.761051798636
 20
217.16948647303795
 30
0.0
 70
0
  0
VERTEX
  5
C0F
  8
CUT
 10
2150.4482783955846
 20
221.33294776809018
 30
0.0
 70
0
  0
VERTEX
  5
C10
  8
CUT
 10
2155.2830620515488
 20
225.3298476198419
 30
0.0
 70
0
  0
VERTEX
  5
C11
  8
CUT
 10
2160.259025499074
 20
229.1545850177047
 30
0.0
 70
0
  0
VERTEX
  5
C12
  8
CUT
 10
2165.3692712966554
 20
232.80229792917166
 30
0.0
 70
0
  0
VERTEX
  5
C13
  8
CUT
 10
2170.6064409011337
 20
236.2689070297062
 30
0.0
 70
0
  0
VERTEX
  5
C14
  8
CUT
 10
2175.962779282835
 20
239.55115115187908
 30
0.0
 70
0
  0
VERTEX
  5
C15
  8
CUT
 10
2181.4302041126075
 20
242.64661408017406
 30
0.0
 70
0
  0
VERTEX
  5
C16
  8
CUT
 10
2187.0003784722294
 20
245.55374253132698
 30
0.0
 70
0
  0
VERTEX
  5
C17
  8
CUT
 10
2192.6647859947816
 20
248.27185538030295
 30
0.0
 70
0
  0
VERTEX
  5
C18
  8
CUT
 10
2198.414807330936
 20
250.80114441276254
 30
0.0
 70
0
  0
VERTEX
  5
C19
  8
CUT
 10
2204.2417968607433
 20
253.14266710057592
 30
0.0
 70
0
  0
VERTEX
  5
C1A
  8
CUT
 10
2210.137158627186
 20
255.29833210332419
 30
0.0
 70
0
  0
VERTEX
  5
C1B
  8
CUT
 10
2216.092420555221
 20
257.27087839327453
 30
0.0
 70
0
  0
VERTEX
  5
C1C
  8
CUT
 10
2222.099306135125
 20
259.06384908388065
 30
0.0
 70
0
  0
VERTEX
  5
C1D
  8
CUT
 10
2228.149802888281
 20
260.6815612153212
 30
0.0
 70
0
  0
VERTEX
  5
C1E
  8
CUT
 10
2234.2362270935373
 20
262.12907292181984
 30
0.0
 70
0
  0
VERTEX
  5
C1F
  8
CUT
 10
2240.351284430135
 20
263.4121495867348
 30
0.0
 70
0
  0
VERTEX
  5
C20
  8
CUT
 10
2246.48812638721
 20
264.53723080270186
 30
0.0
 70
0
  0
VERTEX
  5
C21
  8
CUT
 10
2252.640402500486
 20
265.51140022736064
 30
0.0
 70
0
  0
VERTEX
  5
C22
  8
CUT
 10
2258.802308707769
 20
266.3423608117489
 30
0.0
 70
0
  0
VERTEX
  5
C23
  8
CUT
 10
2264.9686323752453
 20
267.03841846337673
 30
0.0
 70
0
  0
VERTEX
  5
C24
  8
CUT
 10
2271.1347948542
 20
267.60847813628
 30
0.0
 70
0
  0
VERTEX
  5
C25
  8
CUT
 10
2277.296892815364
 20
268.0620578835038
 30
0.0
 70
0
  0
SEQEND
  5
BAB
  8
CUT
  0
POLYLINE
  5
C26
  8
CUT
 66
1
 10
0.0
 20
0.0
 30
0.0
 70
1
  0
VERTEX
  5
C28
  8
CUT
 10
2229.609729453295
 20
286.6739396792899
 30
0.0
 42
0.41421356237309503
 70
0
  0
VERTEX
  5
C29
  8
CUT
 10
2233.641964687439
 20
284.6194132091454
 30
0.0
 42
0.41421356237309503
 70
0
  0
VERTEX
  5
C2A
  8
CUT
 10
2235.6964911575838
 20
288.65164844328984
 30
0.0
 42
0.41421356237309503
 70
0
  0
VERTEX
  5
C2B
  8
CUT
 10
2231.6642559234397
 20
290.70617491343427
 30
0.0
 70
0
  0
VERTEX
  5
C2C
  8
CUT
 10
2186.9803985368226
 20
428.2289471697134
 30
0.0
 42
0.41421356237309503
 70
0
  0
VERTEX
  5
C2D
  8
CUT
 10
2189.0349250069676
 20
432.2611824038578
 30
0.0
 42
0.41421356237309503
 70
0
  0
VERTEX
  5
C2E
  8
CUT
 10
2185.002689772823
 20
434.31570887400267
 30
0.0
 42
0.41421356237309503
 70
0
  0
VERTEX
  5
C2F
  8
CUT
 10
2182.948163302678
 20
430.28347363985813
 30
0.0
 70
0
  0
VERTEX
  5
C30
  8
CUT
 10
2170.964851197359
 20
426.3898595107338
 30
0.0
 42
0.41421356237309503
 70
0
  0
VERTEX
  5
C31
  8
CUT
 10
2166.932615963215
 20
428.4443859808783
 30
0.0
 42
0.41421356237309503
 70
0
  0
VERTEX
  5
C32
  8
CUT
 10
2164.8780894930705
 20
424.41215074673386
 30
0.0
 42
0.41421356237309503
 70
0
  0
VERTEX
  5
C33
  8
CUT
 10
2168.9103247272146
 20
422.35762427658943
 30
0.0
 70
0
  0
VERTEX
  5
C34
  8
CUT
 10
2213.594182113832
 20
284.8348520203103
 30
0.0
 42
0.41421356237309503
 70
0
  0
VERTEX
  5
C35
  8
CUT
 10
2211.5396556436876
 20
280.80261678616614
 30
0.0
 42
0.41421356237309503
 70
0
  0
VERTEX
  5
C36
  8
CUT
 10
2215.5718908778317
 20
278.74809031602155
 30
0.0
 42
0.41421356237309503
 70
0
  0
VERTEX
  5
C37
  8
CUT
 10
2217.6264173479763
 20
282.78032555016557
 30
0.0
 70
0
  0
SEQEND
  5
C27
  8
CUT
  0
POLYLINE
  5
C38
  8
CUT
 66
1
 10
0.0
 20
0.0
 30
0.0
 70
1
  0
VERTEX
  5
C3A
  8
CUT
 10
2138.781912075511
 20
242.79562317999262
 30
0.0
 42
0.41421356237309503
 70
0
  0
VERTEX
  5
C3B
  8
CUT
 10
2143.2516792648466
 20
242.08768160532878
 30
0.0
 42
0.41421356237309503
 70
0
  0
VERTEX
  5
C3C
  8
CUT
 10
2143.9596208395105
 20
246.55744879466454
 30
0.0
 42
0.41421356237309503
 70
0
  0
VERTEX
  5
C3D
  8
CUT
 10
2139.489853650175
 20
247.26539036932837
 30
0.0
 70
0
  0
VERTEX
  5
C3E
  8
CUT
 10
2054.4961061686836
 20
364.24924775594576
 30
0.0
 42
0.41421356237309503
 70
0
  0
VERTEX
  5
C3F
  8
CUT
 10
2055.2040477433475
 20
368.7190149452813
 30
0.0
 42
0.41421356237309503
 70
0
  0
VERTEX
  5
C40
  8
CUT
 10
2050.734280554012
 20
369.4269565199452
 30
0.0
 42
0.41421356237309503
 70
0
  0
VERTEX
  5
C41
  8
CUT
 10
2050.026338979348
 20
364.9571893306097
 30
0.0
 70
0
  0
VERTEX
  5
C42
  8
CUT
 10
2039.8327248502237
 20
357.55109515172455
 30
0.0
 42
0.41421356237309503
 70
0
  0
VERTEX
  5
C43
  8
CUT
 10
2035.362957660888
 20
358.2590367263886
 30
0.0
 42
0.41421356237309503
 70
0
  0
VERTEX
  5
C44
  8
CUT
 10
2034.655016086224
 20
353.78926953705286
 30
0.0
 42
0.41421356237309503
 70
0
  0
VERTEX
  5
C45
  8
CUT
 10
2039.1247832755596
 20
353.0813279623888
 30
0.0
 70
0
  0
VERTEX
  5
C46
  8
CUT
 10
2124.1185307570513
 20
236.0974705757714
 30
0.0
 42
0.41421356237309503
 70
0
  0
VERTEX
  5
C47
  8
CUT
 10
2123.410589182387
 20
231.62770338643563
 30
0.0
 42
0.41421356237309503
 70
0
  0
VERTEX
  5
C48
  8
CUT
 10
2127.880356371723
 20
230.91976181177145
 30
0.0
 42
0.41421356237309503
 70
0
  0
VERTEX
  5
C49
  8
CUT
 10
2128.5882979463872
 20
235.38952900110746
 30
0.0
 70
0
  0
SEQEND
  5
C39
  8
CUT
  0
POLYLINE
  5
C4A
  8
CUT
 66
1
 10
0.0
 20
0.0
 30
0.0
 70
1
  0
VERTEX
  5
C4C
  8
CUT
 10
2080.441976075033
 20
162.40980728542127
 30
0.0
 42
0.41421356237309503
 70
0
  0
VERTEX
  5
C4D
  8
CUT
 10
2084.9117432643684
 20
163.11774886008524
 30
0.0
 42
0.41421356237309503
 70
0
  0
VERTEX
  5
C4E
  8
CUT
 10
2084.2038016897045
 20
167.58751604942097
 30
0.0
 42
0.41421356237309503
 70
0
  0
VERTEX
  5
C4F
  8
CUT
 10
2079.734034500369
 20
166.87957447475702
 30
0.0
 70
0
  0
VERTEX
  5
C50
  8
CUT
 10
1962.7501771137515
 20
251.87332195624862
 30
0.0
 42
0.41421356237309503
 70
0
  0
VERTEX
  5
C51
  8
CUT
 10
1962.0422355390874
 20
256.3430891455844
 30
0.0
 42
0.41421356237309503
 70
0
  0
VERTEX
  5
C52
  8
CUT
 10
1957.5724683497517
 20
255.63514757092034
 30
0.0
 42
0.41421356237309503
 70
0
  0
VERTEX
  5
C53
  8
CUT
 10
1958.2804099244158
 20
251.16538038158467
 30
0.0
 70
0
  0
VERTEX
  5
C54
  8
CUT
 10
1950.8743157455306
 20
240.97176625246038
 30
0.0
 42
0.41421356237309503
 70
0
  0
VERTEX
  5
C55
  8
CUT
 10
1946.4045485561949
 20
240.26382467779655
 30
0.0
 42
0.41421356237309503
 70
0
  0
VERTEX
  5
C56
  8
CUT
 10
1947.1124901308585
 20
235.79405748846077
 30
0.0
 42
0.41421356237309503
 70
0
  0
VERTEX
  5
C57
  8
CUT
 10
1951.5822573201945
 20
236.50199906312463
 30
0.0
 70
0
  0
VERTEX
  5
C58
  8
CUT
 10
2068.566114706812
 20
151.50825158163303
 30
0.0
 42
0.41421356237309503
 70
0
  0
VERTEX
  5
C59
  8
CUT
 10
2069.274056281476
 20
147.03848439229756
 30
0.0
 42
0.41421356237309503
 70
0
  0
VERTEX
  5
C5A
  8
CUT
 10
2073.7438234708115
 20
147.74642596696145
 30
0.0
 42
0.41421356237309503
 70
0
  0
VERTEX
  5
C5B
  8
CUT
 10
2073.0358818961477
 20
152.21619315629692
 30
0.0
 70
0
  0
SEQEND
  5
C4B
  8
CUT
  0
POLYLINE
  5
C5C
  8
CUT
 66
1
 10
0.0
 20
0.0
 30
0.0
 70
1
  0
VERTEX
  5
C5E
  8
CUT
 10
2058.12289899824
 20
71.00205890056381
 30
0.0
 42
0.41421356237309503
 70
0
  0
VERTEX
  5
C5F
  8
CUT
 10
2062.155134232384
 20
73.05658537070846
 30
0.0
 42
0.41421356237309503
 70
0
  0
VERTEX
  5
C60
  8
CUT
 10
2060.1006077622396
 20
77.08882060485273
 30
0.0
 42
0.41421356237309503
 70
0
  0
VERTEX
  5
C61
  8
CUT
 10
2056.0683725280956
 20
75.03429413470815
 30
0.0
 70
0
  0
VERTEX
  5
C62
  8
CUT
 10
1918.5456002718163
 20
119.71815152132552
 30
0.0
 42
0.41421356237309503
 70
0
  0
VERTEX
  5
C63
  8
CUT
 10
1916.4910738016715
 20
123.75038675546983
 30
0.0
 42
0.41421356237309503
 70
0
  0
VERTEX
  5
C64
  8
CUT
 10
1912.4588385675272
 20
121.69586028532517
 30
0.0
 42
0.41421356237309503
 70
0
  0
VERTEX
  5
C65
  8
CUT
 10
1914.513365037672
 20
117.66362505118087
 30
0.0
 70
0
  0
VERTEX
  5
C66
  8
CUT
 10
1910.6197509085478
 20
105.68031294586194
 30
0.0
 42
0.41421356237309503
 70
0
  0
VERTEX
  5
C67
  8
CUT
 10
1906.5875156744034
 20
103.6257864757173
 30
0.0
 42
0.41421356237309503
 70
0
  0
VERTEX
  5
C68
  8
CUT
 10
1908.6420421445482
 20
99.59355124157307
 30
0.0
 42
0.41421356237309503
 70
0
  0
VERTEX
  5
C69
  8
CUT
 10
1912.6742773786923
 20
101.64807771171763
 30
0.0
 70
0
  0
VERTEX
  5
C6A
  8
CUT
 10
2050.1970496349713
 20
56.96422032510022
 30
0.0
 42
0.41421356237309503
 70
0
  0
VERTEX
  5
C6B
  8
CUT
 10
2052.2515761051163
 20
52.93198509095567
 30
0.0
 42
0.41421356237309503
 70
0
  0
VERTEX
  5
C6C
  8
CUT
 10
2056.283811339261
 20
54.9865115611004
 30
0.0
 42
0.41421356237309503
 70
0
  0
VERTEX
  5
C6D
  8
CUT
 10
2054.229284869116
 20
59.01874679524489
 30
0.0
 70
0
  0
SEQEND
  5
C5D
  8
CUT
  0
POLYLINE
  5
C6E
  8
CUT
 66
1
 10
0.0
 20
0.0
 30
0.0
 70
1
  0
VERTEX
  5
C70
  8
CUT
 10
17.0
 20
819.0
 30
0.0
 70
0
  0
VERTEX
  5
C71
  8
CUT
 10
121.8
 20
819.0
 30
0.0
 42
-0.41421356237309503
 70
0
  0
VERTEX
  5
C72
  8
CUT
 10
125.00000000000003
 20
822.2
 30
0.0
 42
-0.41421356237309503
 70
0
  0
VERTEX
  5
C73
  8
CUT
 10
128.20000000000005
 20
819.0
 30
0.0
 42
-0.41421356237309503
 70
0
  0
VERTEX
  5
C74
  8
CUT
 10
125.0
 20
815.8
 30
0.0
 70
0
  0
VERTEX
  5
C75
  8
CUT
 10
125.0
 20
801.0
 30
0.0
 70
0
  0
VERTEX
  5
C76
  8
CUT
 10
165.0
 20
801.0
 30
0.0
 70
0
  0
VERTEX
  5
C77
  8
CUT
 10
165.0
 20
815.8
 30
0.0
 42
-0.41421356237309503
 70
0
  0
VERTEX
  5
C78
  8
CUT
 10
161.79999999999995
 20
819.0
 30
0.0
 42
-0.41421356237309503
 70
0
  0
VERTEX
  5
C79
  8
CUT
 10
164.99999999999994
 20
822.2
 30
0.0
 42
-0.41421356237309503
 70
0
  0
VERTEX
  5
C7A
  8
CUT
 10
168.2
 20
819.0
 30
0.0
 70
0
  0
VERTEX
  5
C7B
  8
CUT
 10
187.0
 20
819.0
 30
0.0
 70
0
  0
VERTEX
  5
C7C
  8
CUT
 10
187.0
 20
949.0
 30
0.0
 70
0
  0
VERTEX
  5
C7D
  8
CUT
 10
180.2
 20
949.0
 30
0.0
 42
-0.41421356237309503
 70
0
  0
VERTEX
  5
C7E
  8
CUT
 10
176.99999999999997
 20
945.8
 30
0.0
 42
-0.41421356237309503
 70
0
  0
VERTEX
  5
C7F
  8
CUT
 10
173.79999999999995
 20
949.0
 30
0.0
 42
-0.41421356237309503
 70
0
  0
VERTEX
  5
C80
  8
CUT
 10
177.0
 20
952.2
 30
0.0
 70
0
  0
VERTEX
  5
C81
  8
CUT
 10
177.0
 20
1049.0
 30
0.0
 70
0
  0
VERTEX
  5
C82
  8
CUT
 10
147.0
 20
1079.0
 30
0.0
 70
0
  0
VERTEX
  5
C83
  8
CUT
 10
27.0
 20
1079.0
 30
0.0
 70
0
  0
VERTEX
  5
C84
  8
CUT
 10
27.0
 20
952.2
 30
0.0
 42
-0.41421356237309503
 70
0
  0
VERTEX
  5
C85
  8
CUT
 10
30.200000000000045
 20
949.0
 30
0.0
 42
-0.41421356237309503
 70
0
  0
VERTEX
  5
C86
  8
CUT
 10
27.000000000000043
 20
945.8
 30
0.0
 42
-0.41421356237309503
 70
0
  0
VERTEX
  5
C87
  8
CUT
 10
23.8
 20
949.0
 30
0.0
 70
0
  0
VERTEX
  5
C88
  8
CUT
 10
17.0
 20
949.0
 30
0.0
 70
0
  0
SEQEND
  5
C6F
  8
CUT
  0
POLYLINE
  5
C89
  8
CUT
 66
1
 10
0.0
 20
0.0
 30
0.0
 70
1
  0
VERTEX
  5
C8B
  8
CUT
 10
363.0
 20
1133.0
 30
0.0
 70
0
  0
VERTEX
  5
C8C
  8
CUT
 10
258.20000000000005
 20
1133.0
 30
0.0
 42
-0.41421356237309503
 70
0
  0
VERTEX
  5
C8D
  8
CUT
 10
255.0
 20
1129.8
 30
0.0
 42
-0.41421356237309503
 70
0
  0
VERTEX
  5
C8E
  8
CUT
 10
251.79999999999995
 20
1133.0
 30
0.0
 42
-0.41421356237309503
 70
0
  0
VERTEX
  5
C8F
  8
CUT
 10
255.00000000000003
 20
1136.2
 30
0.0
 70
0
  0
VERTEX
  5
C90
  8
CUT
 10
255.00000000000003
 20
1151.0
 30
0.0
 70
0
  0
VERTEX
  5
C91
  8
CUT
 10
215.00000000000003
 20
1151.0
 30
0.0
 70
0
  0
VERTEX
  5
C92
  8
CUT
 10
215.00000000000003
 20
1136.2
 30
0.0
 42
-0.41421356237309503
 70
0
  0
VERTEX
  5
C93
  8
CUT
 10
218.20000000000007
 20
1133.0
 30
0.0
 42
-0.41421356237309503
 70
0
  0
VERTEX
  5
C94
  8
CUT
 10
215.00000000000009
 20
1129.8
 30
0.0
 42
-0.41421356237309503
 70
0
  0
VERTEX
  5
C95
  8
CUT
 10
211.80000000000004
 20
1133.0
 30
0.0
 70
0
  0
VERTEX
  5
C96
  8
CUT
 10
193.00000000000003
 20
1133.0
 30
0.0
 70
0
  0
VERTEX
  5
C97
  8
CUT
 10
193.0
 20
1003.0
 30
0.0
 70
0
  0
VERTEX
  5
C98
  8
CUT
 10
199.8
 20
1003.0
 30
0.0
 42
-0.41421356237309503
 70
0
  0
VERTEX
  5
C99
  8
CUT
 10
202.99999999999997
 20
1006.1999999999999
 30
0.0
 42
-0.41421356237309503
 70
0
  0
VERTEX
  5
C9A
  8
CUT
 10
206.19999999999993
 20
1003.0
 30
0.0
 42
-0.41421356237309503
 70
0
  0
VERTEX
  5
C9B
  8
CUT
 10
203.0
 20
999.8000000000001
 30
0.0
 70
0
  0
VERTEX
  5
C9C
  8
CUT
 10
203.0
 20
903.0
 30
0.0
 70
0
  0
VERTEX
  5
C9D
  8
CUT
 10
233.0
 20
873.0
 30
0.0
 70
0
  0
VERTEX
  5
C9E
  8
CUT
 10
353.0
 20
873.0
 30
0.0
 70
0
  0
VERTEX
  5
C9F
  8
CUT
 10
353.0
 20
999.8
 30
0.0
 42
-0.41421356237309503
 70
0
  0
VERTEX
  5
CA0
  8
CUT
 10
349.79999999999995
 20
1003.0
 30
0.0
 42
-0.41421356237309503
 70
0
  0
VERTEX
  5
CA1
  8
CUT
 10
353.0
 20
1006.2
 30
0.0
 42
-0.41421356237309503
 70
0
  0
VERTEX
  5
CA2
  8
CUT
 10
356.20000000000005
 20
1003.0
 30
0.0
 70
0
  0
VERTEX
  5
CA3
  8
CUT
 10
363.0
 20
1003.0
 30
0.0
 70
0
  0
SEQEND
  5
C8A
  8
CUT
  0
POLYLINE
  5
CA4
  8
CUT
 66
1
 10
0.0
 20
0.0
 30
0.0
 70
1
  0
VERTEX
  5
CA6
  8
CUT
 10
379.0
 20
711.0
 30
0.0
 70
0
  0
VERTEX
  5
CA7
  8
CUT
 10
379.0
 20
606.2
 30
0.0
 42
-0.41421356237309503
 70
0
  0
VERTEX
  5
CA8
  8
CUT
 10
382.20000000000005
 20
603.0
 30
0.0
 42
-0.41421356237309503
 70
0
  0
VERTEX
  5
CA9
  8
CUT
 10
379.0
 20
599.8
 30
0.0
 42
-0.41421356237309503
 70
0
  0
VERTEX
  5
CAA
  8
CUT
 10
375.8
 20
603.0
 30
0.0
 70
0
  0
VERTEX
  5
CAB
  8
CUT
 10
361.0
 20
603.0
 30
0.0
 70
0
  0
VERTEX
  5
CAC
  8
CUT
 10
361.0
 20
563.0
 30
0.0
 70
0
  0
VERTEX
  5
CAD
  8
CUT
 10
375.8
 20
563.0
 30
0.0
 42
-0.41421356237309503
 70
0
  0
VERTEX
  5
CAE
  8
CUT
 10
379.0
 20
566.1999999999999
 30
0.0
 42
-0.41421356237309503
 70
0
  0
VERTEX
  5
CAF
  8
CUT
 10
382.2
 20
563.0
 30
0.0
 42
-0.41421356237309503
 70
0
  0
VERTEX
  5
CB0
  8
CUT
 10
379.0
 20
559.8000000000001
 30
0.0
 70
0
  0
VERTEX
  5
CB1
  8
CUT
 10
379.0
 20
541.0
 30
0.0
 70
0
  0
VERTEX
  5
CB2
  8
CUT
 10
509.0
 20
541.0
 30
0.0
 70
0
  0
VERTEX
  5
CB3
  8
CUT
 10
509.0
 20
547.8
 30
0.0
 42
-0.41421356237309503
 70
0
  0
VERTEX
  5
CB4
  8
CUT
 10
505.79999999999995
 20
551.0
 30
0.0
 42
-0.41421356237309503
 70
0
  0
VERTEX
  5
CB5
  8
CUT
 10
509.0
 20
554.2
 30
0.0
 42
-0.41421356237309503
 70
0
  0
VERTEX
  5
CB6
  8
CUT
 10
512.2
 20
551.0
 30
0.0
 70
0
  0
VERTEX
  5
CB7
  8
CUT
 10
609.0
 20
551.0
 30
0.0
 70
0
  0
VERTEX
  5
CB8
  8
CUT
 10
639.0
 20
581.0
 30
0.0
 70
0
  0
VERTEX
  5
CB9
  8
CUT
 10
639.0
 20
701.0
 30
0.0
 70
0
  0
VERTEX
  5
CBA
  8
CUT
 10
512.2
 20
701.0
 30
0.0
 42
-0.41421356237309503
 70
0
  0
VERTEX
  5
CBB
  8
CUT
 10
509.0
 20
697.8
 30
0.0
 42
-0.41421356237309503
 70
0
  0
VERTEX
  5
CBC
  8
CUT
 10
505.79999999999995
 20
701.0
 30
0.0
 42
-0.41421356237309503
 70
0
  0
VERTEX
  5
CBD
  8
CUT
 10
509.0
 20
704.2
 30
0.0
 70
0
  0
VERTEX
  5
CBE
  8
CUT
 10
509.0
 20
711.0
 30
0.0
 70
0
  0
SEQEND
  5
CA5
  8
CUT
  0
POLYLINE
  5
CBF
  8
CUT
 66
1
 10
0.0
 20
0.0
 30
0.0
 70
1
  0
VERTEX
  5
CC1
  8
CUT
 10
387.0
 20
1051.0
 30
0.0
 70
0
  0
VERTEX
  5
CC2
  8
CUT
 10
387.0
 20
946.2
 30
0.0
 42
-0.41421356237309503
 70
0
  0
VERTEX
  5
CC3
  8
CUT
 10
390.20000000000005
 20
943.0
 30
0.0
 42
-0.41421356237309503
 70
0
  0
VERTEX
  5
CC4
  8
CUT
 10
387.0
 20
939.8
 30
0.0
 42
-0.41421356237309503
 70
0
  0
VERTEX
  5
CC5
  8
CUT
 10
383.8
 20
943.0
 30
0.0
 70
0
  0
VERTEX
  5
CC6
  8
CUT
 10
369.0
 20
943.0
 30
0.0
 70
0
  0
VERTEX
  5
CC7
  8
CUT
 10
369.0
 20
903.0
 30
0.0
 70
0
  0
VERTEX
  5
CC8
  8
CUT
 10
383.8
 20
903.0
 30
0.0
 42
-0.41421356237309503
 70
0
  0
VERTEX
  5
CC9
  8
CUT
 10
387.0
 20
906.1999999999999
 30
0.0
 42
-0.41421356237309503
 70
0
  0
VERTEX
  5
CCA
  8
CUT
 10
390.2
 20
903.0
 30
0.0
 42
-0.41421356237309503
 70
0
  0
VERTEX
  5
CCB
  8
CUT
 10
387.0
 20
899.8000000000001
 30
0.0
 70
0
  0
VERTEX
  5
CCC
  8
CUT
 10
387.0
 20
881.0
 30
0.0
 70
0
  0
VERTEX
  5
CCD
  8
CUT
 10
517.0
 20
881.0
 30
0.0
 70
0
  0
VERTEX
  5
CCE
  8
CUT
 10
517.0
 20
887.8
 30
0.0
 42
-0.41421356237309503
 70
0
  0
VERTEX
  5
CCF
  8
CUT
 10
513.8
 20
891.0
 30
0.0
 42
-0.41421356237309503
 70
0
  0
VERTEX
  5
CD0
  8
CUT
 10
517.0
 20
894.2
 30
0.0
 42
-0.41421356237309503
 70
0
  0
VERTEX
  5
CD1
  8
CUT
 10
520.2
 20
891.0
 30
0.0
 70
0
  0
VERTEX
  5
CD2
  8
CUT
 10
617.0
 20
891.0
 30
0.0
 70
0
  0
VERTEX
  5
CD3
  8
CUT
 10
647.0
 20
921.0
 30
0.0
 70
0
  0
VERTEX
  5
CD4
  8
CUT
 10
647.0
 20
1041.0
 30
0.0
 70
0
  0
VERTEX
  5
CD5
  8
CUT
 10
520.2
 20
1041.0
 30
0.0
 42
-0.41421356237309503
 70
0
  0
VERTEX
  5
CD6
  8
CUT
 10
517.0
 20
1037.8
 30
0.0
 42
-0.41421356237309503
 70
0
  0
VERTEX
  5
CD7
  8
CUT
 10
513.8
 20
1041.0
 30
0.0
 42
-0.41421356237309503
 70
0
  0
VERTEX
  5
CD8
  8
CUT
 10
517.0
 20
1044.2
 30
0.0
 70
0
  0
VERTEX
  5
CD9
  8
CUT
 10
517.0
 20
1051.0
 30
0.0
 70
0
  0
SEQEND
  5
CC0
  8
CUT
  0
POLYLINE
  5
CDA
  8
CUT
 66
1
 10
0.0
 20
0.0
 30
0.0
 70
1
  0
VERTEX
  5
CDC
  8
CUT
 10
661.0
 20
863.0
 30
0.0
 70
0
  0
VERTEX
  5
CDD
  8
CUT
 10
765.8
 20
863.0
 30
0.0
 42
-0.41421356237309503
 70
0
  0
VERTEX
  5
CDE
  8
CUT
 10
769.0
 20
866.2
 30
0.0
 42
-0.41421356237309503
 70
0
  0
VERTEX
  5
CDF
  8
CUT
 10
772.2
 20
863.0
 30
0.0
 42
-0.41421356237309503
 70
0
  0
VERTEX
  5
CE0
  8
CUT
 10
769.0
 20
859.8
 30
0.0
 70
0
  0
VERTEX
  5
CE1
  8
CUT
 10
769.0
 20
845.0
 30
0.0
 70
0
  0
VERTEX
  5
CE2
  8
CUT
 10
809.0
 20
845.0
 30
0.0
 70
0
  0
VERTEX
  5
CE3
  8
CUT
 10
809.0
 20
859.8
 30
0.0
 42
-0.41421356237309503
 70
0
  0
VERTEX
  5
CE4
  8
CUT
 10
805.8
 20
863.0
 30
0.0
 42
-0.41421356237309503
 70
0
  0
VERTEX
  5
CE5
  8
CUT
 10
809.0
 20
866.2
 30
0.0
 42
-0.41421356237309503
 70
0
  0
VERTEX
  5
CE6
  8
CUT
 10
812.2
 20
863.0
 30
0.0
 70
0
  0
VERTEX
  5
CE7
  8
CUT
 10
831.0
 20
863.0
 30
0.0
 70
0
  0
VERTEX
  5
CE8
  8
CUT
 10
831.0
 20
993.0
 30
0.0
 70
0
  0
VERTEX
  5
CE9
  8
CUT
 10
824.2
 20
993.0
 30
0.0
 42
-0.41421356237309503
 70
0
  0
VERTEX
  5
CEA
  8
CUT
 10
821.0
 20
989.8
 30
0.0
 42
-0.41421356237309503
 70
0
  0
VERTEX
  5
CEB
  8
CUT
 10
817.8
 20
993.0
 30
0.0
 42
-0.41421356237309503
 70
0
  0
VERTEX
  5
CEC
  8
CUT
 10
821.0
 20
996.2
 30
0.0
 70
0
  0
VERTEX
  5
CED
  8
CUT
 10
821.0
 20
1093.0
 30
0.0
 70
0
  0
VERTEX
  5
CEE
  8
CUT
 10
791.0
 20
1123.0
 30
0.0
 70
0
  0
VERTEX
  5
CEF
  8
CUT
 10
671.0
 20
1123.0
 30
0.0
 70
0
  0
VERTEX
  5
CF0
  8
CUT
 10
671.0
 20
996.2
 30
0.0
 42
-0.41421356237309503
 70
0
  0
VERTEX
  5
CF1
  8
CUT
 10
674.2
 20
993.0
 30
0.0
 42
-0.41421356237309503
 70
0
  0
VERTEX
  5
CF2
  8
CUT
 10
671.0
 20
989.8
 30
0.0
 42
-0.41421356237309503
 70
0
  0
VERTEX
  5
CF3
  8
CUT
 10
667.8
 20
993.0
 30
0.0
 70
0
  0
VERTEX
  5
CF4
  8
CUT
 10
661.0
 20
993.0
 30
0.0
 70
0
  0
SEQEND
  5
CDB
  8
CUT
  0
POLYLINE
  5
CF5
  8
CUT
 66
1
 10
0.0
 20
0.0
 30
0.0
 70
1
  0
VERTEX
  5
CF7
  8
CUT
 10
1145.0
 20
17.0
 30
0.0
 70
0
  0
VERTEX
  5
CF8
  8
CUT
 10
1145.0
 20
121.8
 30
0.0
 42
-0.41421356237309503
 70
0
  0
VERTEX
  5
CF9
  8
CUT
 10
1141.8
 20
125.00000000000003
 30
0.0
 42
-0.41421356237309503
 70
0
  0
VERTEX
  5
CFA
  8
CUT
 10
1145.0
 20
128.20000000000005
 30
0.0
 42
-0.41421356237309503
 70
0
  0
VERTEX
  5
CFB
  8
CUT
 10
1148.2
 20
125.0
 30
0.0
 70
0
  0
VERTEX
  5
CFC
  8
CUT
 10
1163.0
 20
125.0
 30
0.0
 70
0
  0
VERTEX
  5
CFD
  8
CUT
 10
1163.0
 20
165.0
 30
0.0
 70
0
  0
VERTEX
  5
CFE
  8
CUT
 10
1148.2
 20
165.0
 30
0.0
 42
-0.41421356237309503
 70
0
  0
VERTEX
  5
CFF
  8
CUT
 10
1145.0
 20
161.79999999999995
 30
0.0
 42
-0.41421356237309503
 70
0
  0
VERTEX
  5
D00
  8
CUT
 10
1141.8
 20
164.99999999999994
 30
0.0
 42
-0.41421356237309503
 70
0
  0
VERTEX
  5
D01
  8
CUT
 10
1145.0
 20
168.2
 30
0.0
 70
0
  0
VERTEX
  5
D02
  8
CUT
 10
1145.0
 20
187.0
 30
0.0
 70
0
  0
VERTEX
  5
D03
  8
CUT
 10
1015.0
 20
187.0
 30
0.0
 70
0
  0
VERTEX
  5
D04
  8
CUT
 10
1015.0
 20
180.2
 30
0.0
 42
-0.41421356237309503
 70
0
  0
VERTEX
  5
D05
  8
CUT
 10
1018.2
 20
176.99999999999997
 30
0.0
 42
-0.41421356237309503
 70
0
  0
VERTEX
  5
D06
  8
CUT
 10
1015.0
 20
173.79999999999995
 30
0.0
 42
-0.41421356237309503
 70
0
  0
VERTEX
  5
D07
  8
CUT
 10
1011.8
 20
177.0
 30
0.0
 70
0
  0
VERTEX
  5
D08
  8
CUT
 10
915.0
 20
177.00000000000003
 30
0.0
 70
0
  0
VERTEX
  5
D09
  8
CUT
 10
885.0
 20
147.00000000000003
 30
0.0
 70
0
  0
VERTEX
  5
D0A
  8
CUT
 10
885.0
 20
27.000000000000014
 30
0.0
 70
0
  0
VERTEX
  5
D0B
  8
CUT
 10
1011.8
 20
27.000000000000007
 30
0.0
 42
-0.41421356237309503
 70
0
  0
VERTEX
  5
D0C
  8
CUT
 10
1015.0
 20
30.200000000000053
 30
0.0
 42
-0.41421356237309503
 70
0
  0
VERTEX
  5
D0D
  8
CUT
 10
1018.2
 20
27.000000000000053
 30
0.0
 42
-0.41421356237309503
 70
0
  0
VERTEX
  5
D0E
  8
CUT
 10
1015.0
 20
23.800000000000008
 30
0.0
 70
0
  0
VERTEX
  5
D0F
  8
CUT
 10
1015.0
 20
17.000000000000007
 30
0.0
 70
0
  0
SEQEND
  5
CF6
  8
CUT
  0
POLYLINE
  5
D10
  8
CUT
 66
1
 10
0.0
 20
0.0
 30
0.0
 70
1
  0
VERTEX
  5
D12
  8
CUT
 10
1335.0
 20
309.0
 30
0.0
 70
0
  0
VERTEX
  5
D13
  8
CUT
 10
1230.2
 20
309.0
 30
0.0
 42
-0.41421356237309503
 70
0
  0
VERTEX
  5
D14
  8
CUT
 10
1227.0
 20
305.79999999999995
 30
0.0
 42
-0.41421356237309503
 70
0
  0
VERTEX
  5
D15
  8
CUT
 10
1223.8
 20
309.0
 30
0.0
 42
-0.41421356237309503
 70
0
  0
VERTEX
  5
D16
  8
CUT
 10
1227.0
 20
312.2
 30
0.0
 70
0
  0
VERTEX
  5
D17
  8
CUT
 10
1227.0
 20
327.0
 30
0.0
 70
0
  0
VERTEX
  5
D18
  8
CUT
 10
1187.0
 20
327.0
 30
0.0
 70
0
  0
VERTEX
  5
D19
  8
CUT
 10
1187.0
 20
312.20000000000005
 30
0.0
 42
-0.41421356237309503
 70
0
  0
VERTEX
  5
D1A
  8
CUT
 10
1190.2
 20
309.0
 30
0.0
 42
-0.41421356237309503
 70
0
  0
VERTEX
  5
D1B
  8
CUT
 10
1187.0
 20
305.79999999999995
 30
0.0
 42
-0.41421356237309503
 70
0
  0
VERTEX
  5
D1C
  8
CUT
 10
1183.8
 20
309.0
 30
0.0
 70
0
  0
VERTEX
  5
D1D
  8
CUT
 10
1165.0
 20
309.0
 30
0.0
 70
0
  0
VERTEX
  5
D1E
  8
CUT
 10
1165.0
 20
179.00000000000003
 30
0.0
 70
0
  0
VERTEX
  5
D1F
  8
CUT
 10
1171.8
 20
179.00000000000003
 30
0.0
 42
-0.41421356237309503
 70
0
  0
VERTEX
  5
D20
  8
CUT
 10
1175.0
 20
182.20000000000007
 30
0.0
 42
-0.41421356237309503
 70
0
  0
VERTEX
  5
D21
  8
CUT
 10
1178.2
 20
179.00000000000009
 30
0.0
 42
-0.41421356237309503
 70
0
  0
VERTEX
  5
D22
  8
CUT
 10
1175.0
 20
175.80000000000004
 30
0.0
 70
0
  0
VERTEX
  5
D23
  8
CUT
 10
1175.0
 20
79.00000000000003
 30
0.0
 70
0
  0
VERTEX
  5
D24
  8
CUT
 10
1205.0
 20
49.0
 30
0.0
 70
0
  0
VERTEX
  5
D25
  8
CUT
 10
1325.0
 20
49.0
 30
0.0
 70
0
  0
VERTEX
  5
D26
  8
CUT
 10
1325.0
 20
175.8
 30
0.0
 42
-0.41421356237309503
 70
0
  0
VERTEX
  5
D27
  8
CUT
 10
1321.8
 20
179.00000000000003
 30
0.0
 42
-0.41421356237309503
 70
0
  0
VERTEX
  5
D28
  8
CUT
 10
1325.0
 20
182.20000000000005
 30
0.0
 42
-0.41421356237309503
 70
0
  0
VERTEX
  5
D29
  8
CUT
 10
1328.2
 20
179.0
 30
0.0
 70
0
  0
VERTEX
  5
D2A
  8
CUT
 10
1335.0
 20
179.0
 30
0.0
 70
0
  0
SEQEND
  5
D11
  8
CUT
  0
POLYLINE
  5
D2B
  8
CUT
 66
1
 10
0.0
 20
0.0
 30
0.0
 70
1
  0
VERTEX
  5
D2D
  8
CUT
 10
1295.0
 20
1039.0
 30
0.0
 70
0
  0
VERTEX
  5
D2E
  8
CUT
 10
1295.0
 20
934.2
 30
0.0
 42
-0.41421356237309503
 70
0
  0
VERTEX
  5
D2F
  8
CUT
 10
1298.2
 20
931.0
 30
0.0
 42
-0.41421356237309503
 70
0
  0
VERTEX
  5
D30
  8
CUT
 10
1295.0
 20
927.8
 30
0.0
 42
-0.41421356237309503
 70
0
  0
VERTEX
  5
D31
  8
CUT
 10
1291.8
 20
931.0
 30
0.0
 70
0
  0
VERTEX
  5
D32
  8
CUT
 10
1277.0
 20
931.0
 30
0.0
 70
0
  0
VERTEX
  5
D33
  8
CUT
 10
1277.0
 20
891.0
 30
0.0
 70
0
  0
VERTEX
  5
D34
  8
CUT
 10
1291.8
 20
891.0
 30
0.0
 42
-0.41421356237309503
 70
0
  0
VERTEX
  5
D35
  8
CUT
 10
1295.0
 20
894.2
 30
0.0
 42
-0.41421356237309503
 70
0
  0
VERTEX
  5
D36
  8
CUT
 10
1298.2
 20
891.0
 30
0.0
 42
-0.41421356237309503
 70
0
  0
VERTEX
  5
D37
  8
CUT
 10
1295.0
 20
887.8000000000001
 30
0.0
 70
0
  0
VERTEX
  5
D38
  8
CUT
 10
1295.0
 20
869.0
 30
0.0
 70
0
  0
VERTEX
  5
D39
  8
CUT
 10
1425.0
 20
869.0
 30
0.0
 70
0
  0
VERTEX
  5
D3A
  8
CUT
 10
1425.0
 20
875.8
 30
0.0
 42
-0.41421356237309503
 70
0
  0
VERTEX
  5
D3B
  8
CUT
 10
1421.8
 20
879.0
 30
0.0
 42
-0.41421356237309503
 70
0
  0
VERTEX
  5
D3C
  8
CUT
 10
1425.0
 20
882.2
 30
0.0
 42
-0.41421356237309503
 70
0
  0
VERTEX
  5
D3D
  8
CUT
 10
1428.2
 20
879.0
 30
0.0
 70
0
  0
VERTEX
  5
D3E
  8
CUT
 10
1525.0
 20
879.0
 30
0.0
 70
0
  0
VERTEX
  5
D3F
  8
CUT
 10
1555.0
 20
909.0
 30
0.0
 70
0
  0
VERTEX
  5
D40
  8
CUT
 10
1555.0
 20
1029.0
 30
0.0
 70
0
  0
VERTEX
  5
D41
  8
CUT
 10
1428.2
 20
1029.0
 30
0.0
 42
-0.41421356237309503
 70
0
  0
VERTEX
  5
D42
  8
CUT
 10
1425.0
 20
1025.8
 30
0.0
 42
-0.41421356237309503
 70
0
  0
VERTEX
  5
D43
  8
CUT
 10
1421.8
 20
1029.0
 30
0.0
 42
-0.41421356237309503
 70
0
  0
VERTEX
  5
D44
  8
CUT
 10
1425.0
 20
1032.2
 30
0.0
 70
0
  0
VERTEX
  5
D45
  8
CUT
 10
1425.0
 20
1039.0
 30
0.0
 70
0
  0
SEQEND
  5
D2C
  8
CUT
  0
POLYLINE
  5
D46
  8
CUT
 66
1
 10
0.0
 20
0.0
 30
0.0
 70
1
  0
VERTEX
  5
D48
  8
CUT
 10
2361.0
 20
1029.0
 30
0.0
 70
0
  0
VERTEX
  5
D49
  8
CUT
 10
2361.0
 20
1133.8
 30
0.0
 42
-0.41421356237309503
 70
0
  0
VERTEX
  5
D4A
  8
CUT
 10
2357.8
 20
1136.9999999999998
 30
0.0
 42
-0.41421356237309503
 70
0
  0
VERTEX
  5
D4B
  8
CUT
 10
2361.0
 20
1140.1999999999996
 30
0.0
 42
-0.41421356237309503
 70
0
  0
VERTEX
  5
D4C
  8
CUT
 10
2364.2
 20
1137.0
 30
0.0
 70
0
  0
VERTEX
  5
D4D
  8
CUT
 10
2379.0
 20
1137.0
 30
0.0
 70
0
  0
VERTEX
  5
D4E
  8
CUT
 10
2379.0
 20
1177.0
 30
0.0
 70
0
  0
VERTEX
  5
D4F
  8
CUT
 10
2364.2
 20
1177.0
 30
0.0
 42
-0.41421356237309503
 70
0
  0
VERTEX
  5
D50
  8
CUT
 10
2361.0
 20
1173.8000000000004
 30
0.0
 42
-0.41421356237309503
 70
0
  0
VERTEX
  5
D51
  8
CUT
 10
2357.8
 20
1177.0000000000005
 30
0.0
 42
-0.41421356237309503
 70
0
  0
VERTEX
  5
D52
  8
CUT
 10
2361.0
 20
1180.2
 30
0.0
 70
0
  0
VERTEX
  5
D53
  8
CUT
 10
2361.0
 20
1199.0
 30
0.0
 70
0
  0
VERTEX
  5
D54
  8
CUT
 10
2231.0
 20
1199.0
 30
0.0
 70
0
  0
VERTEX
  5
D55
  8
CUT
 10
2231.0
 20
1192.2
 30
0.0
 42
-0.41421356237309503
 70
0
  0
VERTEX
  5
D56
  8
CUT
 10
2234.2
 20
1189.0000000000002
 30
0.0
 42
-0.41421356237309503
 70
0
  0
VERTEX
  5
D57
  8
CUT
 10
2231.0
 20
1185.8000000000004
 30
0.0
 42
-0.41421356237309503
 70
0
  0
VERTEX
  5
D58
  8
CUT
 10
2227.8
 20
1189.0
 30
0.0
 70
0
  0
VERTEX
  5
D59
  8
CUT
 10
2131.0
 20
1189.0
 30
0.0
 70
0
  0
VERTEX
  5
D5A
  8
CUT
 10
2101.0
 20
1159.0
 30
0.0
 70
0
  0
VERTEX
  5
D5B
  8
CUT
 10
2101.0
 20
1039.0
 30
0.0
 70
0
  0
VERTEX
  5
D5C
  8
CUT
 10
2227.8
 20
1039.0
 30
0.0
 42
-0.41421356237309503
 70
0
  0
VERTEX
  5
D5D
  8
CUT
 10
2231.0000000000005
 20
1042.1999999999996
 30
0.0
 42
-0.41421356237309503
 70
0
  0
VERTEX
  5
D5E
  8
CUT
 10
2234.2
 20
1038.9999999999995
 30
0.0
 42
-0.41421356237309503
 70
0
  0
VERTEX
  5
D5F
  8
CUT
 10
2231.0
 20
1035.8
 30
0.0
 70
0
  0
VERTEX
  5
D60
  8
CUT
 10
2231.0
 20
1029.0
 30
0.0
 70
0
  0
SEQEND
  5
D47
  8
CUT
  0
POLYLINE
  5
D61
  8
CUT
 66
1
 10
0.0
 20
0.0
 30
0.0
 70
1
  0
VERTEX
  5
D63
  8
CUT
 10
2377.0
 20
17.0
 30
0.0
 70
0
  0
VERTEX
  5
D64
  8
CUT
 10
2377.0
 20
121.8
 30
0.0
 42
-0.41421356237309503
 70
0
  0
VERTEX
  5
D65
  8
CUT
 10
2373.8
 20
124.9999999999999
 30
0.0
 42
-0.41421356237309503
 70
0
  0
VERTEX
  5
D66
  8
CUT
 10
2377.0
 20
128.19999999999982
 30
0.0
 42
-0.41421356237309503
 70
0
  0
VERTEX
  5
D67
  8
CUT
 10
2380.2
 20
125.0
 30
0.0
 70
0
  0
VERTEX
  5
D68
  8
CUT
 10
2395.0
 20
125.0
 30
0.0
 70
0
  0
VERTEX
  5
D69
  8
CUT
 10
2395.0
 20
165.0
 30
0.0
 70
0
  0
VERTEX
  5
D6A
  8
CUT
 10
2380.2
 20
165.0
 30
0.0
 42
-0.41421356237309503
 70
0
  0
VERTEX
  5
D6B
  8
CUT
 10
2377.0
 20
161.80000000000018
 30
0.0
 42
-0.41421356237309503
 70
0
  0
VERTEX
  5
D6C
  8
CUT
 10
2373.8
 20
165.00000000000017
 30
0.0
 42
-0.41421356237309503
 70
0
  0
VERTEX
  5
D6D
  8
CUT
 10
2377.0
 20
168.2
 30
0.0
 70
0
  0
VERTEX
  5
D6E
  8
CUT
 10
2377.0
 20
187.0
 30
0.0
 70
0
  0
VERTEX
  5
D6F
  8
CUT
 10
2247.0
 20
187.0
 30
0.0
 70
0
  0
VERTEX
  5
D70
  8
CUT
 10
2247.0
 20
180.2
 30
0.0
 42
-0.41421356237309503
 70
0
  0
VERTEX
  5
D71
  8
CUT
 10
2250.2
 20
177.00000000000009
 30
0.0
 42
-0.41421356237309503
 70
0
  0
VERTEX
  5
D72
  8
CUT
 10
2247.0
 20
173.80000000000018
 30
0.0
 42
-0.41421356237309503
 70
0
  0
VERTEX
  5
D73
  8
CUT
 10
2243.8
 20
177.0
 30
0.0
 70
0
  0
VERTEX
  5
D74
  8
CUT
 10
2147.0
 20
177.00000000000003
 30
0.0
 70
0
  0
VERTEX
  5
D75
  8
CUT
 10
2117.0
 20
147.00000000000003
 30
0.0
 70
0
  0
VERTEX
  5
D76
  8
CUT
 10
2117.0
 20
27.000000000000014
 30
0.0
 70
0
  0
VERTEX
  5
D77
  8
CUT
 10
2243.8
 20
27.000000000000007
 30
0.0
 42
-0.41421356237309503
 70
0
  0
VERTEX
  5
D78
  8
CUT
 10
2247.0
 20
30.199999999999825
 30
0.0
 42
-0.41421356237309503
 70
0
  0
VERTEX
  5
D79
  8
CUT
 10
2250.2
 20
26.999999999999822
 30
0.0
 42
-0.41421356237309503
 70
0
  0
VERTEX
  5
D7A
  8
CUT
 10
2247.0
 20
23.800000000000008
 30
0.0
 70
0
  0
VERTEX
  5
D7B
  8
CUT
 10
2247.0
 20
17.000000000000007
 30
0.0
 70
0
  0
SEQEND
  5
D62
  8
CUT
  0
POLYLINE
  5
D7C
  8
CUT
 66
1
 10
0.0
 20
0.0
 30
0.0
 70
1
  0
VERTEX
  5
D7E
  8
CUT
 10
375.0
 20
1194.999651480396
 30
0.0
 70
0
  0
VERTEX
  5
D7F
  8
CUT
 10
375.0
 20
1190.1996514803961
 30
0.0
 42
-0.41421356237309503
 70
0
  0
VERTEX
  5
D80
  8
CUT
 10
378.20000000000005
 20
1186.999651480396
 30
0.0
 42
-0.41421356237309503
 70
0
  0
VERTEX
  5
D81
  8
CUT
 10
375.0
 20
1183.799651480396
 30
0.0
 42
-0.41421356237309503
 70
0
  0
VERTEX
  5
D82
  8
CUT
 10
371.8
 20
1186.999651480396
 30
0.0
 70
0
  0
VERTEX
  5
D83
  8
CUT
 10
357.0
 20
1186.999651480396
 30
0.0
 70
0
  0
VERTEX
  5
D84
  8
CUT
 10
357.0
 20
1146.999651480396
 30
0.0
 70
0
  0
VERTEX
  5
D85
  8
CUT
 10
371.8
 20
1146.999651480396
 30
0.0
 42
-0.41421356237309503
 70
0
  0
VERTEX
  5
D86
  8
CUT
 10
375.0
 20
1150.1996514803961
 30
0.0
 42
-0.41421356237309503
 70
0
  0
VERTEX
  5
D87
  8
CUT
 10
378.20000000000005
 20
1146.999651480396
 30
0.0
 42
-0.41421356237309503
 70
0
  0
VERTEX
  5
D88
  8
CUT
 10
375.0
 20
1143.799651480396
 30
0.0
 70
0
  0
VERTEX
  5
D89
  8
CUT
 10
375.0
 20
1110.833911729939
 30
0.0
 70
0
  0
VERTEX
  5
D8A
  8
CUT
 10
383.35714285714283
 20
1104.9043854176425
 30
0.0
 70
0
  0
VERTEX
  5
D8B
  8
CUT
 10
391.7142857142857
 20
1099.38542084777
 30
0.0
 70
0
  0
VERTEX
  5
D8C
  8
CUT
 10
400.07142857142856
 20
1094.2770180203213
 30
0.0
 70
0
  0
VERTEX
  5
D8D
  8
CUT
 10
408.42857142857144
 20
1089.5791769352966
 30
0.0
 70
0
  0
VERTEX
  5
D8E
  8
CUT
 10
416.7857142857143
 20
1085.2918975926955
 30
0.0
 70
0
  0
VERTEX
  5
D8F
  8
CUT
 10
425.1428571428571
 20
1081.4151799925185
 30
0.0
 70
0
  0
VERTEX
  5
D90
  8
CUT
 10
433.5
 20
1077.9490241347653
 30
0.0
 70
0
  0
VERTEX
  5
D91
  8
CUT
 10
441.85714285714283
 20
1074.893430019436
 30
0.0
 70
0
  0
VERTEX
  5
D92
  8
CUT
 10
450.21428571428567
 20
1072.2483976465307
 30
0.0
 70
0
  0
VERTEX
  5
D93
  8
CUT
 10
458.57142857142856
 20
1070.0139270160491
 30
0.0
 70
0
  0
VERTEX
  5
D94
  8
CUT
 10
466.92857142857144
 20
1068.1900181279916
 30
0.0
 70
0
  0
VERTEX
  5
D95
  8
CUT
 10
475.2857142857143
 20
1066.776670982358
 30
0.0
 70
0
  0
VERTEX
  5
D96
  8
CUT
 10
483.6428571428571
 20
1065.773885579148
 30
0.0
 70
0
  0
VERTEX
  5
D97
  8
CUT
 10
492.0
 20
1065.1816619183621
 30
0.0
 70
0
  0
VERTEX
  5
D98
  8
CUT
 10
500.35714285714283
 20
1065.0
 30
0.0
 70
0
  0
VERTEX
  5
D99
  8
CUT
 10
508.71428571428567
 20
1065.2288998240617
 30
0.0
 70
0
  0
VERTEX
  5
D9A
  8
CUT
 10
517.0714285714286
 20
1065.8683613905475
 30
0.0
 70
0
  0
VERTEX
  5
D9B
  8
CUT
 10
525.4285714285713
 20
1066.9183846994572
 30
0.0
 70
0
  0
VERTEX
  5
D9C
  8
CUT
 10
533.7857142857142
 20
1068.3789697507905
 30
0.0
 70
0
  0
VERTEX
  5
D9D
  8
CUT
 10
542.1428571428571
 20
1070.250116544548
 30
0.0
 70
0
  0
VERTEX
  5
D9E
  8
CUT
 10
550.5
 20
1072.5318250807293
 30
0.0
 70
0
  0
VERTEX
  5
D9F
  8
CUT
 10
558.8571428571429
 20
1075.2240953593343
 30
0.0
 70
0
  0
VERTEX
  5
DA0
  8
CUT
 10
567.2142857142857
 20
1078.3269273803635
 30
0.0
 70
0
  0
VERTEX
  5
DA1
  8
CUT
 10
575.5714285714286
 20
1081.8403211438163
 30
0.0
 70
0
  0
VERTEX
  5
DA2
  8
CUT
 10
583.9285714285713
 20
1085.764276649693
 30
0.0
 70
0
  0
VERTEX
  5
DA3
  8
CUT
 10
592.2857142857142
 20
1090.0987938979938
 30
0.0
 70
0
  0
VERTEX
  5
DA4
  8
CUT
 10
600.6428571428571
 20
1094.8438728887184
 30
0.0
 70
0
  0
VERTEX
  5
DA5
  8
CUT
 10
609.0
 20
1099.999513621867
 30
0.0
 70
0
  0
VERTEX
  5
DA6
  8
CUT
 10
609.0
 20
1143.799651480396
 30
0.0
 42
-0.41421356237309503
 70
0
  0
VERTEX
  5
DA7
  8
CUT
 10
605.8
 20
1146.999651480396
 30
0.0
 42
-0.41421356237309503
 70
0
  0
VERTEX
  5
DA8
  8
CUT
 10
609.0
 20
1150.1996514803961
 30
0.0
 42
-0.41421356237309503
 70
0
  0
VERTEX
  5
DA9
  8
CUT
 10
612.2
 20
1146.999651480396
 30
0.0
 70
0
  0
VERTEX
  5
DAA
  8
CUT
 10
627.0
 20
1146.999651480396
 30
0.0
 70
0
  0
VERTEX
  5
DAB
  8
CUT
 10
627.0
 20
1186.999651480396
 30
0.0
 70
0
  0
VERTEX
  5
DAC
  8
CUT
 10
612.2
 20
1186.999651480396
 30
0.0
 42
-0.41421356237309503
 70
0
  0
VERTEX
  5
DAD
  8
CUT
 10
609.0000000000001
 20
1183.7996514803963
 30
0.0
 42
-0.41421356237309503
 70
0
  0
VERTEX
  5
DAE
  8
CUT
 10
605.8000000000002
 20
1186.999651480396
 30
0.0
 42
-0.41421356237309503
 70
0
  0
VERTEX
  5
DAF
  8
CUT
 10
609.0
 20
1190.199651480396
 30
0.0
 70
0
  0
VERTEX
  5
DB0
  8
CUT
 10
609.0
 20
1194.999651480396
 30
0.0
 70
0
  0
SEQEND
  5
D7D
  8
CUT
  0
POLYLINE
  5
DB1
  8
CUT
 66
1
 10
0.0
 20
0.0
 30
0.0
 70
1
  0
VERTEX
  5
DB3
  8
CUT
 10
725.0
 20
409.0
 30
0.0
 70
0
  0
VERTEX
  5
DB4
  8
CUT
 10
725.0
 20
413.8
 30
0.0
 42
-0.41421356237309503
 70
0
  0
VERTEX
  5
DB5
  8
CUT
 10
721.8
 20
417.0
 30
0.0
 42
-0.41421356237309503
 70
0
  0
VERTEX
  5
DB6
  8
CUT
 10
725.0
 20
420.20000000000005
 30
0.0
 42
-0.41421356237309503
 70
0
  0
VERTEX
  5
DB7
  8
CUT
 10
728.2
 20
417.0
 30
0.0
 70
0
  0
VERTEX
  5
DB8
  8
CUT
 10
743.0
 20
417.0
 30
0.0
 70
0
  0
VERTEX
  5
DB9
  8
CUT
 10
743.0
 20
457.0
 30
0.0
 70
0
  0
VERTEX
  5
DBA
  8
CUT
 10
728.2
 20
457.0
 30
0.0
 42
-0.41421356237309503
 70
0
  0
VERTEX
  5
DBB
  8
CUT
 10
725.0
 20
453.79999999999995
 30
0.0
 42
-0.41421356237309503
 70
0
  0
VERTEX
  5
DBC
  8
CUT
 10
721.8
 20
457.0
 30
0.0
 42
-0.41421356237309503
 70
0
  0
VERTEX
  5
DBD
  8
CUT
 10
725.0
 20
460.2
 30
0.0
 70
0
  0
VERTEX
  5
DBE
  8
CUT
 10
725.0
 20
493.16573975045696
 30
0.0
 70
0
  0
VERTEX
  5
DBF
  8
CUT
 10
716.6428571428571
 20
499.0952660627535
 30
0.0
 70
0
  0
VERTEX
  5
DC0
  8
CUT
 10
708.2857142857142
 20
504.61423063262606
 30
0.0
 70
0
  0
VERTEX
  5
DC1
  8
CUT
 10
699.9285714285714
 20
509.72263346007475
 30
0.0
 70
0
  0
VERTEX
  5
DC2
  8
CUT
 10
691.5714285714286
 20
514.4204745450995
 30
0.0
 70
0
  0
VERTEX
  5
DC3
  8
CUT
 10
683.2142857142858
 20
518.7077538877006
 30
0.0
 70
0
  0
VERTEX
  5
DC4
  8
CUT
 10
674.8571428571429
 20
522.5844714878775
 30
0.0
 70
0
  0
VERTEX
  5
DC5
  8
CUT
 10
666.5
 20
526.0506273456307
 30
0.0
 70
0
  0
VERTEX
  5
DC6
  8
CUT
 10
658.1428571428571
 20
529.10622146096
 30
0.0
 70
0
  0
VERTEX
  5
DC7
  8
CUT
 10
649.7857142857143
 20
531.7512538338653
 30
0.0
 70
0
  0
VERTEX
  5
DC8
  8
CUT
 10
641.4285714285714
 20
533.9857244643468
 30
0.0
 70
0
  0
VERTEX
  5
DC9
  8
CUT
 10
633.0714285714286
 20
535.8096333524045
 30
0.0
 70
0
  0
VERTEX
  5
DCA
  8
CUT
 10
624.7142857142858
 20
537.2229804980382
 30
0.0
 70
0
  0
VERTEX
  5
DCB
  8
CUT
 10
616.3571428571429
 20
538.225765901248
 30
0.0
 70
0
  0
VERTEX
  5
DCC
  8
CUT
 10
608.0
 20
538.817989562034
 30
0.0
 70
0
  0
VERTEX
  5
DCD
  8
CUT
 10
599.6428571428571
 20
538.9996514803961
 30
0.0
 70
0
  0
VERTEX
  5
DCE
  8
CUT
 10
591.2857142857142
 20
538.7707516563343
 30
0.0
 70
0
  0
VERTEX
  5
DCF
  8
CUT
 10
582.9285714285714
 20
538.1312900898486
 30
0.0
 70
0
  0
VERTEX
  5
DD0
  8
CUT
 10
574.5714285714286
 20
537.0812667809389
 30
0.0
 70
0
  0
VERTEX
  5
DD1
  8
CUT
 10
566.2142857142858
 20
535.6206817296055
 30
0.0
 70
0
  0
VERTEX
  5
DD2
  8
CUT
 10
557.8571428571429
 20
533.749534935848
 30
0.0
 70
0
  0
VERTEX
  5
DD3
  8
CUT
 10
549.5
 20
531.4678263996668
 30
0.0
 70
0
  0
VERTEX
  5
DD4
  8
CUT
 10
541.1428571428571
 20
528.7755561210616
 30
0.0
 70
0
  0
VERTEX
  5
DD5
  8
CUT
 10
532.7857142857142
 20
525.6727241000326
 30
0.0
 70
0
  0
VERTEX
  5
DD6
  8
CUT
 10
524.4285714285714
 20
522.1593303365797
 30
0.0
 70
0
  0
VERTEX
  5
DD7
  8
CUT
 10
516.0714285714286
 20
518.2353748307029
 30
0.0
 70
0
  0
VERTEX
  5
DD8
  8
CUT
 10
507.7142857142857
 20
513.9008575824022
 30
0.0
 70
0
  0
VERTEX
  5
DD9
  8
CUT
 10
499.3571428571429
 20
509.1557785916776
 30
0.0
 70
0
  0
VERTEX
  5
DDA
  8
CUT
 10
491.0
 20
504.0001378585291
 30
0.0
 70
0
  0
VERTEX
  5
DDB
  8
CUT
 10
491.0
 20
460.20000000000005
 30
0.0
 42
-0.41421356237309503
 70
0
  0
VERTEX
  5
DDC
  8
CUT
 10
494.20000000000005
 20
457.0
 30
0.0
 42
-0.41421356237309503
 70
0
  0
VERTEX
  5
DDD
  8
CUT
 10
491.0
 20
453.79999999999995
 30
0.0
 42
-0.41421356237309503
 70
0
  0
VERTEX
  5
DDE
  8
CUT
 10
487.8
 20
457.0
 30
0.0
 70
0
  0
VERTEX
  5
DDF
  8
CUT
 10
473.0
 20
457.0
 30
0.0
 70
0
  0
VERTEX
  5
DE0
  8
CUT
 10
473.0
 20
417.0
 30
0.0
 70
0
  0
VERTEX
  5
DE1
  8
CUT
 10
487.8
 20
417.0
 30
0.0
 42
-0.41421356237309503
 70
0
  0
VERTEX
  5
DE2
  8
CUT
 10
491.0
 20
420.2
 30
0.0
 42
-0.41421356237309503
 70
0
  0
VERTEX
  5
DE3
  8
CUT
 10
494.2
 20
417.0
 30
0.0
 42
-0.41421356237309503
 70
0
  0
VERTEX
  5
DE4
  8
CUT
 10
491.0
 20
413.8
 30
0.0
 70
0
  0
VERTEX
  5
DE5
  8
CUT
 10
491.0
 20
409.0
 30
0.0
 70
0
  0
SEQEND
  5
DB2
  8
CUT
  0
POLYLINE
  5
DE6
  8
CUT
 66
1
 10
0.0
 20
0.0
 30
0.0
 70
1
  0
VERTEX
  5
DE8
  8
CUT
 10
845.0
 20
935.0
 30
0.0
 70
0
  0
VERTEX
  5
DE9
  8
CUT
 10
849.8
 20
935.0
 30
0.0
 42
-0.41421356237309503
 70
0
  0
VERTEX
  5
DEA
  8
CUT
 10
853.0
 20
938.2
 30
0.0
 42
-0.41421356237309503
 70
0
  0
VERTEX
  5
DEB
  8
CUT
 10
856.2
 20
935.0
 30
0.0
 42
-0.41421356237309503
 70
0
  0
VERTEX
  5
DEC
  8
CUT
 10
853.0
 20
931.8
 30
0.0
 70
0
  0
VERTEX
  5
DED
  8
CUT
 10
853.0
 20
917.0
 30
0.0
 70
0
  0
VERTEX
  5
DEE
  8
CUT
 10
893.0
 20
917.0
 30
0.0
 70
0
  0
VERTEX
  5
DEF
  8
CUT
 10
893.0
 20
931.8
 30
0.0
 42
-0.41421356237309503
 70
0
  0
VERTEX
  5
DF0
  8
CUT
 10
889.8
 20
935.0
 30
0.0
 42
-0.41421356237309503
 70
0
  0
VERTEX
  5
DF1
  8
CUT
 10
893.0
 20
938.2
 30
0.0
 42
-0.41421356237309503
 70
0
  0
VERTEX
  5
DF2
  8
CUT
 10
896.2
 20
935.0
 30
0.0
 70
0
  0
VERTEX
  5
DF3
  8
CUT
 10
929.165739750457
 20
935.0
 30
0.0
 70
0
  0
VERTEX
  5
DF4
  8
CUT
 10
935.0952660627536
 20
943.3571428571429
 30
0.0
 70
0
  0
VERTEX
  5
DF5
  8
CUT
 10
940.614230632626
 20
951.7142857142857
 30
0.0
 70
0
  0
VERTEX
  5
DF6
  8
CUT
 10
945.7226334600748
 20
960.0714285714286
 30
0.0
 70
0
  0
VERTEX
  5
DF7
  8
CUT
 10
950.4204745450995
 20
968.4285714285714
 30
0.0
 70
0
  0
VERTEX
  5
DF8
  8
CUT
 10
954.7077538877006
 20
976.7857142857143
 30
0.0
 70
0
  0
VERTEX
  5
DF9
  8
CUT
 10
958.5844714878775
 20
985.1428571428571
 30
0.0
 70
0
  0
VERTEX
  5
DFA
  8
CUT
 10
962.0506273456307
 20
993.5
 30
0.0
 70
0
  0
VERTEX
  5
DFB
  8
CUT
 10
965.10622146096
 20
1001.8571428571429
 30
0.0
 70
0
  0
VERTEX
  5
DFC
  8
CUT
 10
967.7512538338653
 20
1010.2142857142857
 30
0.0
 70
0
  0
VERTEX
  5
DFD
  8
CUT
 10
969.9857244643468
 20
1018.5714285714286
 30
0.0
 70
0
  0
VERTEX
  5
DFE
  8
CUT
 10
971.8096333524045
 20
1026.9285714285713
 30
0.0
 70
0
  0
VERTEX
  5
DFF
  8
CUT
 10
973.2229804980382
 20
1035.2857142857142
 30
0.0
 70
0
  0
VERTEX
  5
E00
  8
CUT
 10
974.225765901248
 20
1043.642857142857
 30
0.0
 70
0
  0
VERTEX
  5
E01
  8
CUT
 10
974.817989562034
 20
1052.0
 30
0.0
 70
0
  0
VERTEX
  5
E02
  8
CUT
 10
974.9996514803961
 20
1060.357142857143
 30
0.0
 70
0
  0
VERTEX
  5
E03
  8
CUT
 10
974.7707516563343
 20
1068.7142857142858
 30
0.0
 70
0
  0
VERTEX
  5
E04
  8
CUT
 10
974.1312900898486
 20
1077.0714285714287
 30
0.0
 70
0
  0
VERTEX
  5
E05
  8
CUT
 10
973.0812667809389
 20
1085.4285714285713
 30
0.0
 70
0
  0
VERTEX
  5
E06
  8
CUT
 10
971.6206817296054
 20
1093.7857142857142
 30
0.0
 70
0
  0
VERTEX
  5
E07
  8
CUT
 10
969.749534935848
 20
1102.142857142857
 30
0.0
 70
0
  0
VERTEX
  5
E08
  8
CUT
 10
967.4678263996668
 20
1110.5
 30
0.0
 70
0
  0
VERTEX
  5
E09
  8
CUT
 10
964.7755561210616
 20
1118.857142857143
 30
0.0
 70
0
  0
VERTEX
  5
E0A
  8
CUT
 10
961.6727241000326
 20
1127.2142857142858
 30
0.0
 70
0
  0
VERTEX
  5
E0B
  8
CUT
 10
958.1593303365796
 20
1135.5714285714287
 30
0.0
 70
0
  0
VERTEX
  5
E0C
  8
CUT
 10
954.2353748307029
 20
1143.9285714285713
 30
0.0
 70
0
  0
VERTEX
  5
E0D
  8
CUT
 10
949.9008575824022
 20
1152.2857142857142
 30
0.0
 70
0
  0
VERTEX
  5
E0E
  8
CUT
 10
945.1557785916775
 20
1160.642857142857
 30
0.0
 70
0
  0
VERTEX
  5
E0F
  8
CUT
 10
940.0001378585291
 20
1169.0
 30
0.0
 70
0
  0
VERTEX
  5
E10
  8
CUT
 10
896.2
 20
1169.0
 30
0.0
 42
-0.41421356237309503
 70
0
  0
VERTEX
  5
E11
  8
CUT
 10
893.0
 20
1165.8
 30
0.0
 42
-0.41421356237309503
 70
0
  0
VERTEX
  5
E12
  8
CUT
 10
889.8
 20
1169.0
 30
0.0
 42
-0.41421356237309503
 70
0
  0
VERTEX
  5
E13
  8
CUT
 10
893.0
 20
1172.2
 30
0.0
 70
0
  0
VERTEX
  5
E14
  8
CUT
 10
893.0
 20
1187.0
 30
0.0
 70
0
  0
VERTEX
  5
E15
  8
CUT
 10
853.0
 20
1187.0
 30
0.0
 70
0
  0
VERTEX
  5
E16
  8
CUT
 10
853.0
 20
1172.2
 30
0.0
 42
-0.41421356237309503
 70
0
  0
VERTEX
  5
E17
  8
CUT
 10
856.2
 20
1169.0
 30
0.0
 42
-0.41421356237309503
 70
0
  0
VERTEX
  5
E18
  8
CUT
 10
853.0
 20
1165.8
 30
0.0
 42
-0.41421356237309503
 70
0
  0
VERTEX
  5
E19
  8
CUT
 10
849.8
 20
1169.0
 30
0.0
 70
0
  0
VERTEX
  5
E1A
  8
CUT
 10
845.0
 20
1169.0
 30
0.0
 70
0
  0
SEQEND
  5
DE7
  8
CUT
  0
POLYLINE
  5
E1B
  8
CUT
 66
1
 10
0.0
 20
0.0
 30
0.0
 70
1
  0
VERTEX
  5
E1D
  8
CUT
 10
1641.0
 20
737.0
 30
0.0
 70
0
  0
VERTEX
  5
E1E
  8
CUT
 10
1641.0
 20
741.8
 30
0.0
 42
-0.41421356237309503
 70
0
  0
VERTEX
  5
E1F
  8
CUT
 10
1637.8
 20
745.0
 30
0.0
 42
-0.41421356237309503
 70
0
  0
VERTEX
  5
E20
  8
CUT
 10
1641.0
 20
748.2
 30
0.0
 42
-0.41421356237309503
 70
0
  0
VERTEX
  5
E21
  8
CUT
 10
1644.2
 20
745.0
 30
0.0
 70
0
  0
VERTEX
  5
E22
  8
CUT
 10
1659.0
 20
745.0
 30
0.0
 70
0
  0
VERTEX
  5
E23
  8
CUT
 10
1659.0
 20
785.0
 30
0.0
 70
0
  0
VERTEX
  5
E24
  8
CUT
 10
1644.2
 20
785.0
 30
0.0
 42
-0.41421356237309503
 70
0
  0
VERTEX
  5
E25
  8
CUT
 10
1641.0
 20
781.8
 30
0.0
 42
-0.41421356237309503
 70
0
  0
VERTEX
  5
E26
  8
CUT
 10
1637.8
 20
785.0
 30
0.0
 42
-0.41421356237309503
 70
0
  0
VERTEX
  5
E27
  8
CUT
 10
1641.0
 20
788.2
 30
0.0
 70
0
  0
VERTEX
  5
E28
  8
CUT
 10
1641.0
 20
821.165739750457
 30
0.0
 70
0
  0
VERTEX
  5
E29
  8
CUT
 10
1632.642857142857
 20
827.0952660627536
 30
0.0
 70
0
  0
VERTEX
  5
E2A
  8
CUT
 10
1624.2857142857142
 20
832.614230632626
 30
0.0
 70
0
  0
VERTEX
  5
E2B
  8
CUT
 10
1615.9285714285716
 20
837.7226334600748
 30
0.0
 70
0
  0
VERTEX
  5
E2C
  8
CUT
 10
1607.5714285714287
 20
842.4204745450995
 30
0.0
 70
0
  0
VERTEX
  5
E2D
  8
CUT
 10
1599.2142857142858
 20
846.7077538877006
 30
0.0
 70
0
  0
VERTEX
  5
E2E
  8
CUT
 10
1590.857142857143
 20
850.5844714878775
 30
0.0
 70
0
  0
VERTEX
  5
E2F
  8
CUT
 10
1582.5
 20
854.0506273456307
 30
0.0
 70
0
  0
VERTEX
  5
E30
  8
CUT
 10
1574.142857142857
 20
857.10622146096
 30
0.0
 70
0
  0
VERTEX
  5
E31
  8
CUT
 10
1565.7857142857142
 20
859.7512538338653
 30
0.0
 70
0
  0
VERTEX
  5
E32
  8
CUT
 10
1557.4285714285716
 20
861.9857244643468
 30
0.0
 70
0
  0
VERTEX
  5
E33
  8
CUT
 10
1549.0714285714287
 20
863.8096333524045
 30
0.0
 70
0
  0
VERTEX
  5
E34
  8
CUT
 10
1540.7142857142858
 20
865.2229804980382
 30
0.0
 70
0
  0
VERTEX
  5
E35
  8
CUT
 10
1532.357142857143
 20
866.225765901248
 30
0.0
 70
0
  0
VERTEX
  5
E36
  8
CUT
 10
1524.0
 20
866.817989562034
 30
0.0
 70
0
  0
VERTEX
  5
E37
  8
CUT
 10
1515.642857142857
 20
866.9996514803961
 30
0.0
 70
0
  0
VERTEX
  5
E38
  8
CUT
 10
1507.2857142857142
 20
866.7707516563343
 30
0.0
 70
0
  0
VERTEX
  5
E39
  8
CUT
 10
1498.9285714285713
 20
866.1312900898486
 30
0.0
 70
0
  0
VERTEX
  5
E3A
  8
CUT
 10
1490.5714285714287
 20
865.0812667809389
 30
0.0
 70
0
  0
VERTEX
  5
E3B
  8
CUT
 10
1482.2142857142858
 20
863.6206817296055
 30
0.0
 70
0
  0
VERTEX
  5
E3C
  8
CUT
 10
1473.857142857143
 20
861.749534935848
 30
0.0
 70
0
  0
VERTEX
  5
E3D
  8
CUT
 10
1465.5
 20
859.4678263996668
 30
0.0
 70
0
  0
VERTEX
  5
E3E
  8
CUT
 10
1457.142857142857
 20
856.7755561210616
 30
0.0
 70
0
  0
VERTEX
  5
E3F
  8
CUT
 10
1448.7857142857142
 20
853.6727241000326
 30
0.0
 70
0
  0
VERTEX
  5
E40
  8
CUT
 10
1440.4285714285713
 20
850.1593303365797
 30
0.0
 70
0
  0
VERTEX
  5
E41
  8
CUT
 10
1432.0714285714287
 20
846.2353748307029
 30
0.0
 70
0
  0
VERTEX
  5
E42
  8
CUT
 10
1423.7142857142858
 20
841.9008575824022
 30
0.0
 70
0
  0
VERTEX
  5
E43
  8
CUT
 10
1415.357142857143
 20
837.1557785916776
 30
0.0
 70
0
  0
VERTEX
  5
E44
  8
CUT
 10
1407.0
 20
832.0001378585291
 30
0.0
 70
0
  0
VERTEX
  5
E45
  8
CUT
 10
1407.0
 20
788.2
 30
0.0
 42
-0.41421356237309503
 70
0
  0
VERTEX
  5
E46
  8
CUT
 10
1410.2
 20
785.0
 30
0.0
 42
-0.41421356237309503
 70
0
  0
VERTEX
  5
E47
  8
CUT
 10
1407.0
 20
781.8
 30
0.0
 42
-0.41421356237309503
 70
0
  0
VERTEX
  5
E48
  8
CUT
 10
1403.8
 20
785.0
 30
0.0
 70
0
  0
VERTEX
  5
E49
  8
CUT
 10
1389.0
 20
785.0
 30
0.0
 70
0
  0
VERTEX
  5
E4A
  8
CUT
 10
1389.0
 20
745.0
 30
0.0
 70
0
  0
VERTEX
  5
E4B
  8
CUT
 10
1403.8
 20
745.0
 30
0.0
 42
-0.41421356237309503
 70
0
  0
VERTEX
  5
E4C
  8
CUT
 10
1407.0
 20
748.2
 30
0.0
 42
-0.41421356237309503
 70
0
  0
VERTEX
  5
E4D
  8
CUT
 10
1410.2
 20
745.0
 30
0.0
 42
-0.41421356237309503
 70
0
  0
VERTEX
  5
E4E
  8
CUT
 10
1407.0
 20
741.8000000000001
 30
0.0
 70
0
  0
VERTEX
  5
E4F
  8
CUT
 10
1407.0
 20
737.0
 30
0.0
 70
0
  0
SEQEND
  5
E1C
  8
CUT
  0
POLYLINE
  5
E50
  8
CUT
 66
1
 10
0.0
 20
0.0
 30
0.0
 70
1
  0
VERTEX
  5
E52
  8
CUT
 10
2402.999651480396
 20
537.0
 30
0.0
 70
0
  0
VERTEX
  5
E53
  8
CUT
 10
2398.199651480396
 20
537.0
 30
0.0
 42
-0.41421356237309503
 70
0
  0
VERTEX
  5
E54
  8
CUT
 10
2394.999651480396
 20
533.8000000000002
 30
0.0
 42
-0.41421356237309503
 70
0
  0
VERTEX
  5
E55
  8
CUT
 10
2391.7996514803963
 20
537.0000000000002
 30
0.0
 42
-0.41421356237309503
 70
0
  0
VERTEX
  5
E56
  8
CUT
 10
2394.999651480396
 20
540.2
 30
0.0
 70
0
  0
VERTEX
  5
E57
  8
CUT
 10
2394.999651480396
 20
555.0
 30
0.0
 70
0
  0
VERTEX
  5
E58
  8
CUT
 10
2354.999651480396
 20
555.0
 30
0.0
 70
0
  0
VERTEX
  5
E59
  8
CUT
 10
2354.999651480396
 20
540.2
 30
0.0
 42
-0.41421356237309503
 70
0
  0
VERTEX
  5
E5A
  8
CUT
 10
2358.199651480396
 20
537.0000000000001
 30
0.0
 42
-0.41421356237309503
 70
0
  0
VERTEX
  5
E5B
  8
CUT
 10
2354.999651480396
 20
533.8000000000002
 30
0.0
 42
-0.41421356237309503
 70
0
  0
VERTEX
  5
E5C
  8
CUT
 10
2351.7996514803963
 20
537.0
 30
0.0
 70
0
  0
VERTEX
  5
E5D
  8
CUT
 10
2318.8339117299392
 20
537.0
 30
0.0
 70
0
  0
VERTEX
  5
E5E
  8
CUT
 10
2312.9043854176425
 20
528.6428571428571
 30
0.0
 70
0
  0
VERTEX
  5
E5F
  8
CUT
 10
2307.38542084777
 20
520.2857142857143
 30
0.0
 70
0
  0
VERTEX
  5
E60
  8
CUT
 10
2302.2770180203215
 20
511.92857142857144
 30
0.0
 70
0
  0
VERTEX
  5
E61
  8
CUT
 10
2297.5791769352963
 20
503.57142857142856
 30
0.0
 70
0
  0
VERTEX
  5
E62
  8
CUT
 10
2293.2918975926955
 20
495.2142857142857
 30
0.0
 70
0
  0
VERTEX
  5
E63
  8
CUT
 10
2289.4151799925185
 20
486.8571428571429
 30
0.0
 70
0
  0
VERTEX
  5
E64
  8
CUT
 10
2285.9490241347653
 20
478.5
 30
0.0
 70
0
  0
VERTEX
  5
E65
  8
CUT
 10
2282.893430019436
 20
470.14285714285717
 30
0.0
 70
0
  0
VERTEX
  5
E66
  8
CUT
 10
2280.2483976465305
 20
461.78571428571433
 30
0.0
 70
0
  0
VERTEX
  5
E67
  8
CUT
 10
2278.0139270160494
 20
453.42857142857144
 30
0.0
 70
0
  0
VERTEX
  5
E68
  8
CUT
 10
2276.1900181279916
 20
445.07142857142856
 30
0.0
 70
0
  0
VERTEX
  5
E69
  8
CUT
 10
2274.7766709823577
 20
436.7142857142857
 30
0.0
 70
0
  0
VERTEX
  5
E6A
  8
CUT
 10
2273.773885579148
 20
428.3571428571429
 30
0.0
 70
0
  0
VERTEX
  5
E6B
  8
CUT
 10
2273.181661918362
 20
420.0
 30
0.0
 70
0
  0
VERTEX
  5
E6C
  8
CUT
 10
2273.0
 20
411.64285714285717
 30
0.0
 70
0
  0
VERTEX
  5
E6D
  8
CUT
 10
2273.228899824062
 20
403.28571428571433
 30
0.0
 70
0
  0
VERTEX
  5
E6E
  8
CUT
 10
2273.8683613905478
 20
394.92857142857144
 30
0.0
 70
0
  0
VERTEX
  5
E6F
  8
CUT
 10
2274.918384699457
 20
386.5714285714286
 30
0.0
 70
0
  0
VERTEX
  5
E70
  8
CUT
 10
2276.3789697507905
 20
378.2142857142858
 30
0.0
 70
0
  0
VERTEX
  5
E71
  8
CUT
 10
2278.250116544548
 20
369.8571428571429
 30
0.0
 70
0
  0
VERTEX
  5
E72
  8
CUT
 10
2280.5318250807295
 20
361.5
 30
0.0
 70
0
  0
VERTEX
  5
E73
  8
CUT
 10
2283.2240953593346
 20
353.14285714285717
 30
0.0
 70
0
  0
VERTEX
  5
E74
  8
CUT
 10
2286.3269273803635
 20
344.78571428571433
 30
0.0
 70
0
  0
VERTEX
  5
E75
  8
CUT
 10
2289.8403211438163
 20
336.42857142857144
 30
0.0
 70
0
  0
VERTEX
  5
E76
  8
CUT
 10
2293.7642766496933
 20
328.07142857142856
 30
0.0
 70
0
  0
VERTEX
  5
E77
  8
CUT
 10
2298.098793897994
 20
319.7142857142857
 30
0.0
 70
0
  0
VERTEX
  5
E78
  8
CUT
 10
2302.8438728887186
 20
311.3571428571429
 30
0.0
 70
0
  0
VERTEX
  5
E79
  8
CUT
 10
2307.9995136218668
 20
303.0
 30
0.0
 70
0
  0
VERTEX
  5
E7A
  8
CUT
 10
2351.799651480396
 20
303.0
 30
0.0
 42
-0.41421356237309503
 70
0
  0
VERTEX
  5
E7B
  8
CUT
 10
2354.999651480396
 20
306.2000000000003
 30
0.0
 42
-0.41421356237309503
 70
0
  0
VERTEX
  5
E7C
  8
CUT
 10
2358.1996514803964
 20
303.0000000000002
 30
0.0
 42
-0.41421356237309503
 70
0
  0
VERTEX
  5
E7D
  8
CUT
 10
2354.999651480396
 20
299.8
 30
0.0
 70
0
  0
VERTEX
  5
E7E
  8
CUT
 10
2354.999651480396
 20
285.0
 30
0.0
 70
0
  0
VERTEX
  5
E7F
  8
CUT
 10
2394.999651480396
 20
285.0
 30
0.0
 70
0
  0
VERTEX
  5
E80
  8
CUT
 10
2394.999651480396
 20
299.8
 30
0.0
 42
-0.41421356237309503
 70
0
  0
VERTEX
  5
E81
  8
CUT
 10
2391.7996514803963
 20
302.9999999999999
 30
0.0
 42
-0.41421356237309503
 70
0
  0
VERTEX
  5
E82
  8
CUT
 10
2394.999651480396
 20
306.1999999999998
 30
0.0
 42
-0.41421356237309503
 70
0
  0
VERTEX
  5
E83
  8
CUT
 10
2398.199651480396
 20
303.0
 30
0.0
 70
0
  0
VERTEX
  5
E84
  8
CUT
 10
2402.999651480396
 20
303.0
 30
0.0
 70
0
  0
SEQEND
  5
E51
  8
CUT
  0
POLYLINE
  5
E85
  8
CUT
 66
1
 10
0.0
 20
0.0
 30
0.0
 70
1
  0
VERTEX
  5
E87
  8
CUT
 10
971.0
 20
371.0
 30
0.0
 70
0
  0
VERTEX
  5
E88
  8
CUT
 10
971.0
 20
266.20000000000005
 30
0.0
 42
-0.41421356237309503
 70
0
  0
VERTEX
  5
E89
  8
CUT
 10
974.2
 20
263.0
 30
0.0
 42
-0.41421356237309503
 70
0
  0
VERTEX
  5
E8A
  8
CUT
 10
971.0
 20
259.79999999999995
 30
0.0
 42
-0.41421356237309503
 70
0
  0
VERTEX
  5
E8B
  8
CUT
 10
967.8
 20
263.0
 30
0.0
 70
0
  0
VERTEX
  5
E8C
  8
CUT
 10
953.0
 20
263.0
 30
0.0
 70
0
  0
VERTEX
  5
E8D
  8
CUT
 10
953.0
 20
223.00000000000003
 30
0.0
 70
0
  0
VERTEX
  5
E8E
  8
CUT
 10
967.8
 20
223.00000000000003
 30
0.0
 42
-0.41421356237309503
 70
0
  0
VERTEX
  5
E8F
  8
CUT
 10
971.0
 20
226.20000000000007
 30
0.0
 42
-0.41421356237309503
 70
0
  0
VERTEX
  5
E90
  8
CUT
 10
974.2
 20
223.00000000000009
 30
0.0
 42
-0.41421356237309503
 70
0
  0
VERTEX
  5
E91
  8
CUT
 10
971.0
 20
219.80000000000004
 30
0.0
 70
0
  0
VERTEX
  5
E92
  8
CUT
 10
971.0
 20
201.00000000000003
 30
0.0
 70
0
  0
VERTEX
  5
E93
  8
CUT
 10
1101.0
 20
201.0
 30
0.0
 70
0
  0
VERTEX
  5
E94
  8
CUT
 10
1101.0
 20
207.8
 30
0.0
 42
-0.41421356237309503
 70
0
  0
VERTEX
  5
E95
  8
CUT
 10
1097.8
 20
211.00000000000003
 30
0.0
 42
-0.41421356237309503
 70
0
  0
VERTEX
  5
E96
  8
CUT
 10
1101.0
 20
214.20000000000005
 30
0.0
 42
-0.41421356237309503
 70
0
  0
VERTEX
  5
E97
  8
CUT
 10
1104.2
 20
211.0
 30
0.0
 70
0
  0
VERTEX
  5
E98
  8
CUT
 10
1111.0
 20
211.0
 30
0.0
 70
0
  0
VERTEX
  5
E99
  8
CUT
 10
1141.0
 20
241.0
 30
0.0
 70
0
  0
VERTEX
  5
E9A
  8
CUT
 10
1141.0
 20
361.0
 30
0.0
 70
0
  0
VERTEX
  5
E9B
  8
CUT
 10
1104.2
 20
361.0
 30
0.0
 42
-0.41421356237309503
 70
0
  0
VERTEX
  5
E9C
  8
CUT
 10
1101.0
 20
357.79999999999995
 30
0.0
 42
-0.41421356237309503
 70
0
  0
VERTEX
  5
E9D
  8
CUT
 10
1097.8
 20
361.0
 30
0.0
 42
-0.41421356237309503
 70
0
  0
VERTEX
  5
E9E
  8
CUT
 10
1101.0
 20
364.2
 30
0.0
 70
0
  0
VERTEX
  5
E9F
  8
CUT
 10
1101.0
 20
371.0
 30
0.0
 70
0
  0
SEQEND
  5
E86
  8
CUT
  0
POLYLINE
  5
EA0
  8
CUT
 66
1
 10
0.0
 20
0.0
 30
0.0
 70
1
  0
VERTEX
  5
EA2
  8
CUT
 10
2249.0
 20
819.0
 30
0.0
 70
0
  0
VERTEX
  5
EA3
  8
CUT
 10
2353.8
 20
819.0
 30
0.0
 42
-0.41421356237309503
 70
0
  0
VERTEX
  5
EA4
  8
CUT
 10
2357.0
 20
822.1999999999998
 30
0.0
 42
-0.41421356237309503
 70
0
  0
VERTEX
  5
EA5
  8
CUT
 10
2360.2
 20
818.9999999999998
 30
0.0
 42
-0.41421356237309503
 70
0
  0
VERTEX
  5
EA6
  8
CUT
 10
2357.0
 20
815.8
 30
0.0
 70
0
  0
VERTEX
  5
EA7
  8
CUT
 10
2357.0
 20
801.0
 30
0.0
 70
0
  0
VERTEX
  5
EA8
  8
CUT
 10
2397.0
 20
801.0
 30
0.0
 70
0
  0
VERTEX
  5
EA9
  8
CUT
 10
2397.0
 20
815.8
 30
0.0
 42
-0.41421356237309503
 70
0
  0
VERTEX
  5
EAA
  8
CUT
 10
2393.8
 20
818.9999999999999
 30
0.0
 42
-0.41421356237309503
 70
0
  0
VERTEX
  5
EAB
  8
CUT
 10
2397.0
 20
822.1999999999998
 30
0.0
 42
-0.41421356237309503
 70
0
  0
VERTEX
  5
EAC
  8
CUT
 10
2400.2
 20
819.0
 30
0.0
 70
0
  0
VERTEX
  5
EAD
  8
CUT
 10
2419.0
 20
819.0
 30
0.0
 70
0
  0
VERTEX
  5
EAE
  8
CUT
 10
2419.0
 20
949.0
 30
0.0
 70
0
  0
VERTEX
  5
EAF
  8
CUT
 10
2412.2
 20
949.0
 30
0.0
 42
-0.41421356237309503
 70
0
  0
VERTEX
  5
EB0
  8
CUT
 10
2409.0
 20
945.8000000000002
 30
0.0
 42
-0.41421356237309503
 70
0
  0
VERTEX
  5
EB1
  8
CUT
 10
2405.8
 20
949.0000000000002
 30
0.0
 42
-0.41421356237309503
 70
0
  0
VERTEX
  5
EB2
  8
CUT
 10
2409.0
 20
952.2
 30
0.0
 70
0
  0
VERTEX
  5
EB3
  8
CUT
 10
2409.0
 20
959.0
 30
0.0
 70
0
  0
VERTEX
  5
EB4
  8
CUT
 10
2379.0
 20
989.0
 30
0.0
 70
0
  0
VERTEX
  5
EB5
  8
CUT
 10
2259.0
 20
989.0
 30
0.0
 70
0
  0
VERTEX
  5
EB6
  8
CUT
 10
2259.0
 20
952.2
 30
0.0
 42
-0.41421356237309503
 70
0
  0
VERTEX
  5
EB7
  8
CUT
 10
2262.2
 20
949.0000000000001
 30
0.0
 42
-0.41421356237309503
 70
0
  0
VERTEX
  5
EB8
  8
CUT
 10
2259.0
 20
945.8000000000002
 30
0.0
 42
-0.41421356237309503
 70
0
  0
VERTEX
  5
EB9
  8
CUT
 10
2255.8
 20
949.0
 30
0.0
 70
0
  0
VERTEX
  5
EBA
  8
CUT
 10
2249.0
 20
949.0
 30
0.0
 70
0
  0
SEQEND
  5
EA1
  8
CUT
  0
POLYLINE
  5
EBB
  8
REFERENCE-SHEET
 66
1
 10
0.0
 20
0.0
 30
0.0
 70
1
  0
VERTEX
  5
EBD
  8
REFERENCE-SHEET
 10
0.0
 20
-1470.0
 30
0.0
 70
0
  0
VERTEX
  5
EBE
  8
REFERENCE-SHEET
 10
2440.0
 20
-1470.0
 30
0.0
 70
0
  0
VERTEX
  5
EBF
  8
REFERENCE-SHEET
 10
2440.0
 20
-250.0
 30
0.0
 70
0
  0
VERTEX
  5
EC0
  8
REFERENCE-SHEET
 10
0.0
 20
-250.0
 30
0.0
 70
0
  0
SEQEND
  5
EBC
  8
REFERENCE-SHEET
  0
POLYLINE
  5
EC1
  8
CUT
 66
1
 10
0.0
 20
0.0
 30
0.0
 70
1
  0
VERTEX
  5
EC3
  8
CUT
 10
879.4
 20
-1065.8
 30
0.0
 70
0
  0
VERTEX
  5
EC4
  8
CUT
 10
879.3258816245111
 20
-1050.744752465864
 30
0.0
 70
0
  0
VERTEX
  5
EC5
  8
CUT
 10
879.0081450678697
 20
-1035.6749598561064
 30
0.0
 70
0
  0
VERTEX
  5
EC6
  8
CUT
 10
878.3606591671853
 20
-1020.5882928768536
 30
0.0
 70
0
  0
VERTEX
  5
EC7
  8
CUT
 10
877.3212232664223
 20
-1005.4909450936257
 30
0.0
 70
0
  0
VERTEX
  5
EC8
  8
CUT
 10
875.8380590224699
 20
-990.3958722165395
 30
0.0
 70
0
  0
VERTEX
  5
EC9
  8
CUT
 10
873.8659956479942
 20
-975.3218995452157
 30
0.0
 70
0
  0
VERTEX
  5
ECA
  8
CUT
 10
871.3650261250698
 20
-960.293109163154
 30
0.0
 70
0
  0
VERTEX
  5
ECB
  8
CUT
 10
868.2998226876907
 20
-945.3383142862112
 30
0.0
 70
0
  0
VERTEX
  5
ECC
  8
CUT
 10
864.6397245827143
 20
-930.4905311892692
 30
0.0
 70
0
  0
VERTEX
  5
ECD
  8
CUT
 10
860.3589755445652
 20
-915.7864011161266
 30
0.0
 70
0
  0
VERTEX
  5
ECE
  8
CUT
 10
855.437085180615
 20
-901.2655374543658
 30
0.0
 70
0
  0
VERTEX
  5
ECF
  8
CUT
 10
849.8592297732878
 20
-886.9697891859997
 30
0.0
 70
0
  0
VERTEX
  5
ED0
  8
CUT
 10
843.6166284559691
 20
-872.9424242411847
 30
0.0
 70
0
  0
VERTEX
  5
ED1
  8
CUT
 10
836.7068432664594
 20
-859.2272471701956
 30
0.0
 70
0
  0
VERTEX
  5
ED2
  8
CUT
 10
829.1339617264643
 20
-845.8676746537552
 30
0.0
 70
0
  0
VERTEX
  5
ED3
  8
CUT
 10
820.9086307567686
 20
-832.905799448005
 30
0.0
 70
0
  0
VERTEX
  5
ED4
  8
CUT
 10
812.0479217983063
 20
-820.3814779116251
 30
0.0
 70
0
  0
VERTEX
  5
ED5
  8
CUT
 10
802.5750189574555
 20
-808.3314778647025
 30
0.0
 70
0
  0
VERTEX
  5
ED6
  8
CUT
 10
792.518734261711
 20
-796.7887219843392
 30
0.0
 70
0
  0
VERTEX
  5
ED7
  8
CUT
 10
781.9128658214402
 20
-785.7816573701164
 30
0.0
 70
0
  0
VERTEX
  5
ED8
  8
CUT
 10
770.7954248736467
 20
-775.3337747717885
 30
0.0
 70
0
  0
VERTEX
  5
ED9
  8
CUT
 10
759.2077654649818
 20
-765.4632920126359
 30
0.0
 70
0
  0
VERTEX
  5
EDA
  8
CUT
 10
747.1936553008584
 20
-756.1830063049126
 30
0.0
 70
0
  0
VERTEX
  5
EDB
  8
CUT
 10
734.7983277854454
 20
-747.500310432365
 30
0.0
 70
0
  0
VERTEX
  5
EDC
  8
CUT
 10
722.0675536221254
 20
-739.4173590758446
 30
0.0
 70
0
  0
VERTEX
  5
EDD
  8
CUT
 10
709.0467659905214
 20
-731.9313645858059
 30
0.0
 70
0
  0
VERTEX
  5
EDE
  8
CUT
 10
695.7802669613209
 20
-725.0349966890112
 30
0.0
 70
0
  0
VERTEX
  5
EDF
  8
CUT
 10
682.3105352712028
 20
-718.7168580892896
 30
0.0
 70
0
  0
VERTEX
  5
EE0
  8
CUT
 10
668.6776476724414
 20
-712.9620075480448
 30
0.0
 70
0
  0
VERTEX
  5
EE1
  8
CUT
 10
654.9188185065852
 20
-707.7525034659849
 30
0.0
 70
0
  0
VERTEX
  5
EE2
  8
CUT
 10
641.0680554688985
 20
-703.0679437597582
 30
0.0
 70
0
  0
VERTEX
  5
EE3
  8
CUT
 10
627.1559240685476
 20
-698.8859814088837
 30
0.0
 70
0
  0
VERTEX
  5
EE4
  8
CUT
 10
613.209409189249
 20
-695.1827989207385
 30
0.0
 70
0
  0
VERTEX
  5
EE5
  8
CUT
 10
599.2518593853737
 20
-691.9335286511746
 30
0.0
 70
0
  0
VERTEX
  5
EE6
  8
CUT
 10
585.3029979455309
 20
-689.1126090051205
 30
0.0
 70
0
  0
VERTEX
  5
EE7
  8
CUT
 10
571.3789840611887
 20
-686.6940686289067
 30
0.0
 70
0
  0
VERTEX
  5
EE8
  8
CUT
 10
557.4925073274442
 20
-684.6517313426825
 30
0.0
 70
0
  0
VERTEX
  5
EE9
  8
CUT
 10
543.6528988921762
 20
-682.9593330725347
 30
0.0
 70
0
  0
VERTEX
  5
EEA
  8
CUT
 10
529.8662423817184
 20
-681.5905371630022
 30
0.0
 70
0
  0
VERTEX
  5
EEB
  8
CUT
 10
516.1354665860094
 20
-680.518823443518
 30
0.0
 70
0
  0
VERTEX
  5
EEC
  8
CUT
 10
502.460398601968
 20
-679.7172026630583
 30
0.0
 70
0
  0
VERTEX
  5
EED
  8
CUT
 10
488.8377481818744
 20
-679.1576531987256
 30
0.0
 70
0
  0
VERTEX
  5
EEE
  8
CUT
 10
475.26097475680723
 20
-678.810031421593
 30
0.0
 70
0
  0
VERTEX
  5
EEF
  8
CUT
 10
461.7199353537086
 20
-678.6397068425567
 30
0.0
 70
0
  0
VERTEX
  5
EF0
  8
CUT
 10
448.2
 20
-678.5999999999999
 30
0.0
 70
0
  0
VERTEX
  5
EF1
  8
CUT
 10
434.68006464629144
 20
-678.6397068425567
 30
0.0
 70
0
  0
VERTEX
  5
EF2
  8
CUT
 10
421.1390252431927
 20
-678.810031421593
 30
0.0
 70
0
  0
VERTEX
  5
EF3
  8
CUT
 10
407.56225181812556
 20
-679.1576531987256
 30
0.0
 70
0
  0
VERTEX
  5
EF4
  8
CUT
 10
393.939601398032
 20
-679.7172026630583
 30
0.0
 70
0
  0
VERTEX
  5
EF5
  8
CUT
 10
380.26453341399053
 20
-680.518823443518
 30
0.0
 70
0
  0
VERTEX
  5
EF6
  8
CUT
 10
366.5337576182816
 20
-681.5905371630022
 30
0.0
 70
0
  0
VERTEX
  5
EF7
  8
CUT
 10
352.7471011078237
 20
-682.9593330725347
 30
0.0
 70
0
  0
VERTEX
  5
EF8
  8
CUT
 10
338.9074926725558
 20
-684.6517313426825
 30
0.0
 70
0
  0
VERTEX
  5
EF9
  8
CUT
 10
325.0210159388114
 20
-686.6940686289067
 30
0.0
 70
0
  0
VERTEX
  5
EFA
  8
CUT
 10
311.09700205446916
 20
-689.1126090051205
 30
0.0
 70
0
  0
VERTEX
  5
EFB
  8
CUT
 10
297.1481406146263
 20
-691.9335286511747
 30
0.0
 70
0
  0
VERTEX
  5
EFC
  8
CUT
 10
283.190590810751
 20
-695.1827989207385
 30
0.0
 70
0
  0
VERTEX
  5
EFD
  8
CUT
 10
269.24407593145224
 20
-698.8859814088837
 30
0.0
 70
0
  0
VERTEX
  5
EFE
  8
CUT
 10
255.3319445311015
 20
-703.0679437597584
 30
0.0
 70
0
  0
VERTEX
  5
EFF
  8
CUT
 10
241.48118149341485
 20
-707.7525034659848
 30
0.0
 70
0
  0
VERTEX
  5
F00
  8
CUT
 10
227.72235232755867
 20
-712.9620075480448
 30
0.0
 70
0
  0
VERTEX
  5
F01
  8
CUT
 10
214.0894647287973
 20
-718.7168580892896
 30
0.0
 70
0
  0
VERTEX
  5
F02
  8
CUT
 10
200.61973303867907
 20
-725.0349966890112
 30
0.0
 70
0
  0
VERTEX
  5
F03
  8
CUT
 10
187.35323400947857
 20
-731.9313645858059
 30
0.0
 70
0
  0
VERTEX
  5
F04
  8
CUT
 10
174.33244637787465
 20
-739.4173590758446
 30
0.0
 70
0
  0
VERTEX
  5
F05
  8
CUT
 10
161.60167221455458
 20
-747.500310432365
 30
0.0
 70
0
  0
VERTEX
  5
F06
  8
CUT
 10
149.20634469914154
 20
-756.1830063049126
 30
0.0
 70
0
  0
VERTEX
  5
F07
  8
CUT
 10
137.19223453501814
 20
-765.463292012636
 30
0.0
 70
0
  0
VERTEX
  5
F08
  8
CUT
 10
125.60457512635332
 20
-775.3337747717884
 30
0.0
 70
0
  0
VERTEX
  5
F09
  8
CUT
 10
114.48713417855993
 20
-785.7816573701164
 30
0.0
 70
0
  0
VERTEX
  5
F0A
  8
CUT
 10
103.88126573828913
 20
-796.7887219843392
 30
0.0
 70
0
  0
VERTEX
  5
F0B
  8
CUT
 10
93.82498104254444
 20
-808.3314778647025
 30
0.0
 70
0
  0
VERTEX
  5
F0C
  8
CUT
 10
84.35207820169364
 20
-820.3814779116251
 30
0.0
 70
0
  0
VERTEX
  5
F0D
  8
CUT
 10
75.4913692432313
 20
-832.905799448005
 30
0.0
 70
0
  0
VERTEX
  5
F0E
  8
CUT
 10
67.26603827353563
 20
-845.8676746537552
 30
0.0
 70
0
  0
VERTEX
  5
F0F
  8
CUT
 10
59.693156733540604
 20
-859.2272471701957
 30
0.0
 70
0
  0
VERTEX
  5
F10
  8
CUT
 10
52.783371544030786
 20
-872.9424242411847
 30
0.0
 70
0
  0
VERTEX
  5
F11
  8
CUT
 10
46.5407702267122
 20
-886.9697891859996
 30
0.0
 70
0
  0
VERTEX
  5
F12
  8
CUT
 10
40.96291481938505
 20
-901.2655374543657
 30
0.0
 70
0
  0
VERTEX
  5
F13
  8
CUT
 10
36.04102445543481
 20
-915.7864011161265
 30
0.0
 70
0
  0
VERTEX
  5
F14
  8
CUT
 10
31.76027541728564
 20
-930.4905311892692
 30
0.0
 70
0
  0
VERTEX
  5
F15
  8
CUT
 10
28.1001773123092
 20
-945.3383142862112
 30
0.0
 70
0
  0
VERTEX
  5
F16
  8
CUT
 10
25.034973874930188
 20
-960.293109163154
 30
0.0
 70
0
  0
VERTEX
  5
F17
  8
CUT
 10
22.534004352005695
 20
-975.3218995452157
 30
0.0
 70
0
  0
VERTEX
  5
F18
  8
CUT
 10
20.56194097753007
 20
-990.3958722165395
 30
0.0
 70
0
  0
VERTEX
  5
F19
  8
CUT
 10
19.078776733577683
 20
-1005.4909450936257
 30
0.0
 70
0
  0
VERTEX
  5
F1A
  8
CUT
 10
18.03934083281473
 20
-1020.5882928768535
 30
0.0
 70
0
  0
VERTEX
  5
F1B
  8
CUT
 10
17.391854932130343
 20
-1035.6749598561064
 30
0.0
 70
0
  0
VERTEX
  5
F1C
  8
CUT
 10
17.074118375488865
 20
-1050.7447524658637
 30
0.0
 70
0
  0
VERTEX
  5
F1D
  8
CUT
 10
17.0
 20
-1065.8
 30
0.0
 70
0
  0
VERTEX
  5
F1E
  8
CUT
 10
17.074118375488865
 20
-1080.855247534136
 30
0.0
 70
0
  0
VERTEX
  5
F1F
  8
CUT
 10
17.391854932130343
 20
-1095.9250401438935
 30
0.0
 70
0
  0
VERTEX
  5
F20
  8
CUT
 10
18.039340832814673
 20
-1111.0117071231462
 30
0.0
 70
0
  0
VERTEX
  5
F21
  8
CUT
 10
19.078776733577683
 20
-1126.1090549063742
 30
0.0
 70
0
  0
VERTEX
  5
F22
  8
CUT
 10
20.561940977530128
 20
-1141.2041277834605
 30
0.0
 70
0
  0
VERTEX
  5
F23
  8
CUT
 10
22.534004352005695
 20
-1156.2781004547842
 30
0.0
 70
0
  0
VERTEX
  5
F24
  8
CUT
 10
25.03497387493013
 20
-1171.306890836846
 30
0.0
 70
0
  0
VERTEX
  5
F25
  8
CUT
 10
28.1001773123092
 20
-1186.2616857137887
 30
0.0
 70
0
  0
VERTEX
  5
F26
  8
CUT
 10
31.760275417285698
 20
-1201.1094688107305
 30
0.0
 70
0
  0
VERTEX
  5
F27
  8
CUT
 10
36.04102445543481
 20
-1215.8135988838733
 30
0.0
 70
0
  0
VERTEX
  5
F28
  8
CUT
 10
40.96291481938499
 20
-1230.334462545634
 30
0.0
 70
0
  0
VERTEX
  5
F29
  8
CUT
 10
46.54077022671214
 20
-1244.630210814
 30
0.0
 70
0
  0
VERTEX
  5
F2A
  8
CUT
 10
52.783371544030786
 20
-1258.6575757588153
 30
0.0
 70
0
  0
VERTEX
  5
F2B
  8
CUT
 10
59.693156733540604
 20
-1272.3727528298043
 30
0.0
 70
0
  0
VERTEX
  5
F2C
  8
CUT
 10
67.26603827353568
 20
-1285.7323253462448
 30
0.0
 70
0
  0
VERTEX
  5
F2D
  8
CUT
 10
75.4913692432313
 20
-1298.6942005519948
 30
0.0
 70
0
  0
VERTEX
  5
F2E
  8
CUT
 10
84.35207820169359
 20
-1311.2185220883748
 30
0.0
 70
0
  0
VERTEX
  5
F2F
  8
CUT
 10
93.82498104254432
 20
-1323.2685221352974
 30
0.0
 70
0
  0
VERTEX
  5
F30
  8
CUT
 10
103.88126573828907
 20
-1334.8112780156607
 30
0.0
 70
0
  0
VERTEX
  5
F31
  8
CUT
 10
114.48713417855987
 20
-1345.8183426298835
 30
0.0
 70
0
  0
VERTEX
  5
F32
  8
CUT
 10
125.60457512635327
 20
-1356.2662252282114
 30
0.0
 70
0
  0
VERTEX
  5
F33
  8
CUT
 10
137.19223453501826
 20
-1366.136707987364
 30
0.0
 70
0
  0
VERTEX
  5
F34
  8
CUT
 10
149.2063446991416
 20
-1375.4169936950873
 30
0.0
 70
0
  0
VERTEX
  5
F35
  8
CUT
 10
161.60167221455464
 20
-1384.0996895676349
 30
0.0
 70
0
  0
VERTEX
  5
F36
  8
CUT
 10
174.33244637787465
 20
-1392.1826409241553
 30
0.0
 70
0
  0
VERTEX
  5
F37
  8
CUT
 10
187.35323400947868
 20
-1399.6686354141941
 30
0.0
 70
0
  0
VERTEX
  5
F38
  8
CUT
 10
200.61973303867896
 20
-1406.5650033109887
 30
0.0
 70
0
  0
VERTEX
  5
F39
  8
CUT
 10
214.08946472879737
 20
-1412.8831419107105
 30
0.0
 70
0
  0
VERTEX
  5
F3A
  8
CUT
 10
227.72235232755858
 20
-1418.6379924519551
 30
0.0
 70
0
  0
VERTEX
  5
F3B
  8
CUT
 10
241.48118149341454
 20
-1423.8474965340151
 30
0.0
 70
0
  0
VERTEX
  5
F3C
  8
CUT
 10
255.33194453110158
 20
-1428.5320562402417
 30
0.0
 70
0
  0
VERTEX
  5
F3D
  8
CUT
 10
269.24407593145213
 20
-1432.7140185911162
 30
0.0
 70
0
  0
VERTEX
  5
F3E
  8
CUT
 10
283.19059081075113
 20
-1436.4172010792613
 30
0.0
 70
0
  0
VERTEX
  5
F3F
  8
CUT
 10
297.1481406146262
 20
-1439.6664713488253
 30
0.0
 70
0
  0
VERTEX
  5
F40
  8
CUT
 10
311.09700205446916
 20
-1442.4873909948794
 30
0.0
 70
0
  0
VERTEX
  5
F41
  8
CUT
 10
325.0210159388113
 20
-1444.9059313710932
 30
0.0
 70
0
  0
VERTEX
  5
F42
  8
CUT
 10
338.90749267255586
 20
-1446.9482686573174
 30
0.0
 70
0
  0
VERTEX
  5
F43
  8
CUT
 10
352.7471011078237
 20
-1448.6406669274652
 30
0.0
 70
0
  0
VERTEX
  5
F44
  8
CUT
 10
366.5337576182814
 20
-1450.0094628369977
 30
0.0
 70
0
  0
VERTEX
  5
F45
  8
CUT
 10
380.26453341399053
 20
-1451.0811765564818
 30
0.0
 70
0
  0
VERTEX
  5
F46
  8
CUT
 10
393.9396013980318
 20
-1451.8827973369416
 30
0.0
 70
0
  0
VERTEX
  5
F47
  8
CUT
 10
407.5622518181256
 20
-1452.4423468012742
 30
0.0
 70
0
  0
VERTEX
  5
F48
  8
CUT
 10
421.1390252431926
 20
-1452.7899685784068
 30
0.0
 70
0
  0
VERTEX
  5
F49
  8
CUT
 10
434.6800646462915
 20
-1452.9602931574432
 30
0.0
 70
0
  0
VERTEX
  5
F4A
  8
CUT
 10
448.19999999999993
 20
-1453.0
 30
0.0
 70
0
  0
VERTEX
  5
F4B
  8
CUT
 10
461.71993535370865
 20
-1452.9602931574432
 30
0.0
 70
0
  0
VERTEX
  5
F4C
  8
CUT
 10
475.26097475680723
 20
-1452.7899685784068
 30
0.0
 70
0
  0
VERTEX
  5
F4D
  8
CUT
 10
488.8377481818742
 20
-1452.4423468012742
 30
0.0
 70
0
  0
VERTEX
  5
F4E
  8
CUT
 10
502.460398601968
 20
-1451.8827973369416
 30
0.0
 70
0
  0
VERTEX
  5
F4F
  8
CUT
 10
516.1354665860093
 20
-1451.0811765564818
 30
0.0
 70
0
  0
VERTEX
  5
F50
  8
CUT
 10
529.8662423817184
 20
-1450.0094628369977
 30
0.0
 70
0
  0
VERTEX
  5
F51
  8
CUT
 10
543.6528988921762
 20
-1448.6406669274652
 30
0.0
 70
0
  0
VERTEX
  5
F52
  8
CUT
 10
557.4925073274443
 20
-1446.9482686573174
 30
0.0
 70
0
  0
VERTEX
  5
F53
  8
CUT
 10
571.3789840611886
 20
-1444.9059313710932
 30
0.0
 70
0
  0
VERTEX
  5
F54
  8
CUT
 10
585.3029979455309
 20
-1442.4873909948794
 30
0.0
 70
0
  0
VERTEX
  5
F55
  8
CUT
 10
599.2518593853737
 20
-1439.6664713488253
 30
0.0
 70
0
  0
VERTEX
  5
F56
  8
CUT
 10
613.2094091892487
 20
-1436.4172010792613
 30
0.0
 70
0
  0
VERTEX
  5
F57
  8
CUT
 10
627.1559240685476
 20
-1432.7140185911162
 30
0.0
 70
0
  0
VERTEX
  5
F58
  8
CUT
 10
641.0680554688983
 20
-1428.5320562402417
 30
0.0
 70
0
  0
VERTEX
  5
F59
  8
CUT
 10
654.9188185065852
 20
-1423.8474965340151
 30
0.0
 70
0
  0
VERTEX
  5
F5A
  8
CUT
 10
668.6776476724413
 20
-1418.6379924519551
 30
0.0
 70
0
  0
VERTEX
  5
F5B
  8
CUT
 10
682.3105352712028
 20
-1412.8831419107103
 30
0.0
 70
0
  0
VERTEX
  5
F5C
  8
CUT
 10
695.7802669613209
 20
-1406.5650033109887
 30
0.0
 70
0
  0
VERTEX
  5
F5D
  8
CUT
 10
709.0467659905214
 20
-1399.668635414194
 30
0.0
 70
0
  0
VERTEX
  5
F5E
  8
CUT
 10
722.0675536221252
 20
-1392.1826409241553
 30
0.0
 70
0
  0
VERTEX
  5
F5F
  8
CUT
 10
734.7983277854452
 20
-1384.0996895676349
 30
0.0
 70
0
  0
VERTEX
  5
F60
  8
CUT
 10
747.1936553008584
 20
-1375.4169936950873
 30
0.0
 70
0
  0
VERTEX
  5
F61
  8
CUT
 10
759.2077654649817
 20
-1366.1367079873642
 30
0.0
 70
0
  0
VERTEX
  5
F62
  8
CUT
 10
770.7954248736467
 20
-1356.2662252282114
 30
0.0
 70
0
  0
VERTEX
  5
F63
  8
CUT
 10
781.9128658214399
 20
-1345.8183426298835
 30
0.0
 70
0
  0
VERTEX
  5
F64
  8
CUT
 10
792.518734261711
 20
-1334.8112780156607
 30
0.0
 70
0
  0
VERTEX
  5
F65
  8
CUT
 10
802.5750189574555
 20
-1323.2685221352974
 30
0.0
 70
0
  0
VERTEX
  5
F66
  8
CUT
 10
812.0479217983064
 20
-1311.2185220883748
 30
0.0
 70
0
  0
VERTEX
  5
F67
  8
CUT
 10
820.9086307567686
 20
-1298.6942005519948
 30
0.0
 70
0
  0
VERTEX
  5
F68
  8
CUT
 10
829.1339617264641
 20
-1285.732325346245
 30
0.0
 70
0
  0
VERTEX
  5
F69
  8
CUT
 10
836.7068432664594
 20
-1272.3727528298043
 30
0.0
 70
0
  0
VERTEX
  5
F6A
  8
CUT
 10
843.6166284559691
 20
-1258.6575757588155
 30
0.0
 70
0
  0
VERTEX
  5
F6B
  8
CUT
 10
849.8592297732879
 20
-1244.630210814
 30
0.0
 70
0
  0
VERTEX
  5
F6C
  8
CUT
 10
855.437085180615
 20
-1230.3344625456343
 30
0.0
 70
0
  0
VERTEX
  5
F6D
  8
CUT
 10
860.3589755445652
 20
-1215.8135988838733
 30
0.0
 70
0
  0
VERTEX
  5
F6E
  8
CUT
 10
864.6397245827143
 20
-1201.1094688107307
 30
0.0
 70
0
  0
VERTEX
  5
F6F
  8
CUT
 10
868.2998226876907
 20
-1186.2616857137887
 30
0.0
 70
0
  0
VERTEX
  5
F70
  8
CUT
 10
871.3650261250698
 20
-1171.306890836846
 30
0.0
 70
0
  0
VERTEX
  5
F71
  8
CUT
 10
873.8659956479942
 20
-1156.2781004547844
 30
0.0
 70
0
  0
VERTEX
  5
F72
  8
CUT
 10
875.8380590224699
 20
-1141.2041277834605
 30
0.0
 70
0
  0
VERTEX
  5
F73
  8
CUT
 10
877.3212232664223
 20
-1126.1090549063745
 30
0.0
 70
0
  0
VERTEX
  5
F74
  8
CUT
 10
878.3606591671853
 20
-1111.0117071231462
 30
0.0
 70
0
  0
VERTEX
  5
F75
  8
CUT
 10
879.0081450678697
 20
-1095.9250401438935
 30
0.0
 70
0
  0
VERTEX
  5
F76
  8
CUT
 10
879.3258816245111
 20
-1080.855247534136
 30
0.0
 70
0
  0
SEQEND
  5
EC2
  8
CUT
  0
POLYLINE
  5
F77
  8
CUT
 66
1
 10
0.0
 20
0.0
 30
0.0
 70
1
  0
VERTEX
  5
F79
  8
CUT
 10
769.3928906524106
 20
-1077.016302896861
 30
0.0
 70
0
  0
VERTEX
  5
F7A
  8
CUT
 10
769.2760995392889
 20
-1088.2518280320398
 30
0.0
 70
0
  0
VERTEX
  5
F7B
  8
CUT
 10
768.9632506766752
 20
-1099.5135761637043
 30
0.0
 70
0
  0
VERTEX
  5
F7C
  8
CUT
 10
768.3917357048495
 20
-1110.8000138007671
 30
0.0
 70
0
  0
VERTEX
  5
F7D
  8
CUT
 10
767.5092061911271
 20
-1122.102828240098
 30
0.0
 70
0
  0
VERTEX
  5
F7E
  8
CUT
 10
766.2697595672755
 20
-1133.4078144648308
 30
0.0
 70
0
  0
VERTEX
  5
F7F
  8
CUT
 10
764.6324962347102
 20
-1144.6954823208825
 30
0.0
 70
0
  0
VERTEX
  5
F80
  8
CUT
 10
762.5610361344757
 20
-1155.9415765739186
 30
0.0
 70
0
  0
VERTEX
  5
F81
  8
CUT
 10
760.0235077902473
 20
-1167.1175994294865
 30
0.0
 70
0
  0
VERTEX
  5
F82
  8
CUT
 10
756.9927872581152
 20
-1178.1913831180498
 30
0.0
 70
0
  0
VERTEX
  5
F83
  8
CUT
 10
753.4468611782684
 20
-1189.127737269884
 30
0.0
 70
0
  0
VERTEX
  5
F84
  8
CUT
 10
749.3692294326017
 20
-1199.8891800756621
 30
0.0
 70
0
  0
VERTEX
  5
F85
  8
CUT
 10
744.7492833630608
 20
-1210.436749612017
 30
0.0
 70
0
  0
VERTEX
  5
F86
  8
CUT
 10
739.5826080519774
 20
-1220.7308809233564
 30
0.0
 70
0
  0
VERTEX
  5
F87
  8
CUT
 10
733.8711673101759
 20
-1230.7323253462448
 30
0.0
 70
0
  0
VERTEX
  5
F88
  8
CUT
 10
727.6233401795618
 20
-1240.4030814863422
 30
0.0
 70
0
  0
VERTEX
  5
F89
  8
CUT
 10
720.8537888172518
 20
-1249.7073027065926
 30
0.0
 70
0
  0
VERTEX
  5
F8A
  8
CUT
 10
713.5831495762113
 20
-1258.6121443831255
 30
0.0
 70
0
  0
VERTEX
  5
F8B
  8
CUT
 10
705.8375513649714
 20
-1267.0885157298383
 30
0.0
 70
0
  0
VERTEX
  5
F8C
  8
CUT
 10
697.6479770783525
 20
-1275.1117055643642
 30
0.0
 70
0
  0
VERTEX
  5
F8D
  8
CUT
 10
689.0494940711333
 20
-1282.661858528737
 30
0.0
 70
0
  0
VERTEX
  5
F8E
  8
CUT
 10
680.0803874277301
 20
-1289.7242872368745
 30
0.0
 70
0
  0
VERTEX
  5
F8F
  8
CUT
 10
670.7812345503687
 20
-1296.2896156578356
 30
0.0
 70
0
  0
VERTEX
  5
F90
  8
CUT
 10
661.1939610859708
 20
-1302.3537587651215
 30
0.0
 70
0
  0
VERTEX
  5
F91
  8
CUT
 10
651.3609165566058
 20
-1307.9177521810675
 30
0.0
 70
0
  0
VERTEX
  5
F92
  8
CUT
 10
641.3240037046991
 20
-1312.9874525174546
 30
0.0
 70
0
  0
VERTEX
  5
F93
  8
CUT
 10
631.1238892091488
 20
-1317.5731339297445
 30
0.0
 70
0
  0
VERTEX
  5
F94
  8
CUT
 10
620.7993158894207
 20
-1321.6890089296558
 30
0.0
 70
0
  0
VERTEX
  5
F95
  8
CUT
 10
610.3865286067887
 20
-1325.3527018747482
 30
0.0
 70
0
  0
VERTEX
  5
F96
  8
CUT
 10
599.9188185065852
 20
-1328.584702117727
 30
0.0
 70
0
  0
VERTEX
  5
F97
  8
CUT
 10
589.4261835624503
 20
-1331.4078210257596
 30
0.0
 70
0
  0
VERTEX
  5
F98
  8
CUT
 10
578.9350979217492
 20
-1333.8466734982078
 30
0.0
 70
0
  0
VERTEX
  5
F99
  8
CUT
 10
568.4683784509108
 20
-1335.9272007385753
 30
0.0
 70
0
  0
VERTEX
  5
F9A
  8
CUT
 10
558.0451341096233
 20
-1337.6762473464787
 30
0.0
 70
0
  0
VERTEX
  5
F9B
  8
CUT
 10
547.6807821797074
 20
-1339.1212027084296
 30
0.0
 70
0
  0
VERTEX
  5
F9C
  8
CUT
 10
537.3871146799444
 20
-1340.2897145786262
 30
0.0
 70
0
  0
VERTEX
  5
F9D
  8
CUT
 10
527.1723981875743
 20
-1341.2094821041023
 30
0.0
 70
0
  0
VERTEX
  5
F9E
  8
CUT
 10
517.0414903762128
 20
-1341.9081370371057
 30
0.0
 70
0
  0
VERTEX
  5
F9F
  8
CUT
 10
506.9959563917649
 20
-1342.413226756279
 30
0.0
 70
0
  0
VERTEX
  5
FA0
  8
CUT
 10
497.034167042647
 20
-1342.752323725139
 30
0.0
 70
0
  0
VERTEX
  5
FA1
  8
CUT
 10
487.1513574963608
 20
-1342.9533097753688
 30
0.0
 70
0
  0
VERTEX
  5
FA2
  8
CUT
 10
477.33961722243237
 20
-1343.044938310764
 30
0.0
 70
0
  0
VERTEX
  5
FA3
  8
CUT
 10
467.58776264495344
 20
-1343.0579230498263
 30
0.0
 70
0
  0
VERTEX
  5
FA4
  8
CUT
 10
457.88099071643353
 20
-1343.0273021853427
 30
0.0
 70
0
  0
VERTEX
  5
FA5
  8
CUT
 10
448.19999999999993
 20
-1343.0
 30
0.0
 70
0
  0
VERTEX
  5
FA6
  8
CUT
 10
438.5190092835666
 20
-1343.0273021853427
 30
0.0
 70
0
  0
VERTEX
  5
FA7
  8
CUT
 10
428.8122373550464
 20
-1343.0579230498263
 30
0.0
 70
0
  0
VERTEX
  5
FA8
  8
CUT
 10
419.0603827775675
 20
-1343.044938310764
 30
0.0
 70
0
  0
VERTEX
  5
FA9
  8
CUT
 10
409.2486425036391
 20
-1342.953309775369
 30
0.0
 70
0
  0
VERTEX
  5
FAA
  8
CUT
 10
399.36583295735284
 20
-1342.752323725139
 30
0.0
 70
0
  0
VERTEX
  5
FAB
  8
CUT
 10
389.404043608235
 20
-1342.413226756279
 30
0.0
 70
0
  0
VERTEX
  5
FAC
  8
CUT
 10
379.3585096237872
 20
-1341.9081370371055
 30
0.0
 70
0
  0
VERTEX
  5
FAD
  8
CUT
 10
369.22760181242575
 20
-1341.2094821041023
 30
0.0
 70
0
  0
VERTEX
  5
FAE
  8
CUT
 10
359.01288532005555
 20
-1340.2897145786262
 30
0.0
 70
0
  0
VERTEX
  5
FAF
  8
CUT
 10
348.7192178202927
 20
-1339.1212027084296
 30
0.0
 70
0
  0
VERTEX
  5
FB0
  8
CUT
 10
338.3548658903765
 20
-1337.6762473464787
 30
0.0
 70
0
  0
VERTEX
  5
FB1
  8
CUT
 10
327.9316215490891
 20
-1335.9272007385753
 30
0.0
 70
0
  0
VERTEX
  5
FB2
  8
CUT
 10
317.4649020782507
 20
-1333.8466734982078
 30
0.0
 70
0
  0
VERTEX
  5
FB3
  8
CUT
 10
306.97381643754954
 20
-1331.4078210257596
 30
0.0
 70
0
  0
VERTEX
  5
FB4
  8
CUT
 10
296.48118149341457
 20
-1328.584702117727
 30
0.0
 70
0
  0
VERTEX
  5
FB5
  8
CUT
 10
286.01347139321115
 20
-1325.3527018747482
 30
0.0
 70
0
  0
VERTEX
  5
FB6
  8
CUT
 10
275.60068411057944
 20
-1321.6890089296558
 30
0.0
 70
0
  0
VERTEX
  5
FB7
  8
CUT
 10
265.276110790851
 20
-1317.5731339297445
 30
0.0
 70
0
  0
VERTEX
  5
FB8
  8
CUT
 10
255.07599629530108
 20
-1312.9874525174546
 30
0.0
 70
0
  0
VERTEX
  5
FB9
  8
CUT
 10
245.03908344339396
 20
-1307.9177521810675
 30
0.0
 70
0
  0
VERTEX
  5
FBA
  8
CUT
 10
235.20603891402905
 20
-1302.3537587651215
 30
0.0
 70
0
  0
VERTEX
  5
FBB
  8
CUT
 10
225.61876544963127
 20
-1296.2896156578356
 30
0.0
 70
0
  0
VERTEX
  5
FBC
  8
CUT
 10
216.31961257226988
 20
-1289.7242872368743
 30
0.0
 70
0
  0
VERTEX
  5
FBD
  8
CUT
 10
207.35050592886665
 20
-1282.661858528737
 30
0.0
 70
0
  0
VERTEX
  5
FBE
  8
CUT
 10
198.75202292164744
 20
-1275.1117055643642
 30
0.0
 70
0
  0
VERTEX
  5
FBF
  8
CUT
 10
190.5624486350285
 20
-1267.0885157298383
 30
0.0
 70
0
  0
VERTEX
  5
FC0
  8
CUT
 10
182.8168504237886
 20
-1258.6121443831253
 30
0.0
 70
0
  0
VERTEX
  5
FC1
  8
CUT
 10
175.54621118274815
 20
-1249.7073027065926
 30
0.0
 70
0
  0
VERTEX
  5
FC2
  8
CUT
 10
168.77665982043817
 20
-1240.4030814863422
 30
0.0
 70
0
  0
VERTEX
  5
FC3
  8
CUT
 10
162.52883268982396
 20
-1230.7323253462448
 30
0.0
 70
0
  0
VERTEX
  5
FC4
  8
CUT
 10
156.81739194802253
 20
-1220.7308809233564
 30
0.0
 70
0
  0
VERTEX
  5
FC5
  8
CUT
 10
151.6507166369392
 20
-1210.4367496120167
 30
0.0
 70
0
  0
VERTEX
  5
FC6
  8
CUT
 10
147.03077056739824
 20
-1199.8891800756621
 30
0.0
 70
0
  0
VERTEX
  5
FC7
  8
CUT
 10
142.9531388217316
 20
-1189.1277372698837
 30
0.0
 70
0
  0
VERTEX
  5
FC8
  8
CUT
 10
139.40721274188473
 20
-1178.1913831180498
 30
0.0
 70
0
  0
VERTEX
  5
FC9
  8
CUT
 10
136.3764922097526
 20
-1167.1175994294863
 30
0.0
 70
0
  0
VERTEX
  5
FCA
  8
CUT
 10
133.8389638655243
 20
-1155.9415765739186
 30
0.0
 70
0
  0
VERTEX
  5
FCB
  8
CUT
 10
131.76750376528975
 20
-1144.6954823208825
 30
0.0
 70
0
  0
VERTEX
  5
FCC
  8
CUT
 10
130.13024043272435
 20
-1133.4078144648306
 30
0.0
 70
0
  0
VERTEX
  5
FCD
  8
CUT
 10
128.890793808873
 20
-1122.102828240098
 30
0.0
 70
0
  0
VERTEX
  5
FCE
  8
CUT
 10
128.0082642951504
 20
-1110.800013800767
 30
0.0
 70
0
  0
VERTEX
  5
FCF
  8
CUT
 10
127.43674932332476
 20
-1099.5135761637043
 30
0.0
 70
0
  0
VERTEX
  5
FD0
  8
CUT
 10
127.12390046071101
 20
-1088.2518280320396
 30
0.0
 70
0
  0
VERTEX
  5
FD1
  8
CUT
 10
127.00710934758939
 20
-1077.016302896861
 30
0.0
 70
0
  0
VERTEX
  5
FD2
  8
CUT
 10
127.0
 20
-1065.8
 30
0.0
 70
0
  0
VERTEX
  5
FD3
  8
CUT
 10
127.00710934758939
 20
-1054.583697103139
 30
0.0
 70
0
  0
VERTEX
  5
FD4
  8
CUT
 10
127.12390046071101
 20
-1043.3481719679603
 30
0.0
 70
0
  0
VERTEX
  5
FD5
  8
CUT
 10
127.43674932332482
 20
-1032.0864238362956
 30
0.0
 70
0
  0
VERTEX
  5
FD6
  8
CUT
 10
128.0082642951504
 20
-1020.799986199233
 30
0.0
 70
0
  0
VERTEX
  5
FD7
  8
CUT
 10
128.89079380887296
 20
-1009.4971717599019
 30
0.0
 70
0
  0
VERTEX
  5
FD8
  8
CUT
 10
130.13024043272435
 20
-998.1921855351693
 30
0.0
 70
0
  0
VERTEX
  5
FD9
  8
CUT
 10
131.7675037652898
 20
-986.9045176791174
 30
0.0
 70
0
  0
VERTEX
  5
FDA
  8
CUT
 10
133.8389638655243
 20
-975.6584234260811
 30
0.0
 70
0
  0
VERTEX
  5
FDB
  8
CUT
 10
136.37649220975254
 20
-964.4824005705134
 30
0.0
 70
0
  0
VERTEX
  5
FDC
  8
CUT
 10
139.40721274188473
 20
-953.4086168819501
 30
0.0
 70
0
  0
VERTEX
  5
FDD
  8
CUT
 10
142.95313882173167
 20
-942.4722627301161
 30
0.0
 70
0
  0
VERTEX
  5
FDE
  8
CUT
 10
147.0307705673983
 20
-931.7108199243377
 30
0.0
 70
0
  0
VERTEX
  5
FDF
  8
CUT
 10
151.65071663693914
 20
-921.1632503879832
 30
0.0
 70
0
  0
VERTEX
  5
FE0
  8
CUT
 10
156.8173919480226
 20
-910.8691190766436
 30
0.0
 70
0
  0
VERTEX
  5
FE1
  8
CUT
 10
162.5288326898239
 20
-900.8676746537552
 30
0.0
 70
0
  0
VERTEX
  5
FE2
  8
CUT
 10
168.77665982043817
 20
-891.1969185136576
 30
0.0
 70
0
  0
VERTEX
  5
FE3
  8
CUT
 10
175.5462111827482
 20
-881.8926972934072
 30
0.0
 70
0
  0
VERTEX
  5
FE4
  8
CUT
 10
182.81685042378865
 20
-872.9878556168745
 30
0.0
 70
0
  0
VERTEX
  5
FE5
  8
CUT
 10
190.56244863502855
 20
-864.5114842701616
 30
0.0
 70
0
  0
VERTEX
  5
FE6
  8
CUT
 10
198.75202292164752
 20
-856.4882944356357
 30
0.0
 70
0
  0
VERTEX
  5
FE7
  8
CUT
 10
207.35050592886668
 20
-848.9381414712627
 30
0.0
 70
0
  0
VERTEX
  5
FE8
  8
CUT
 10
216.3196125722698
 20
-841.8757127631256
 30
0.0
 70
0
  0
VERTEX
  5
FE9
  8
CUT
 10
225.61876544963124
 20
-835.3103843421643
 30
0.0
 70
0
  0
VERTEX
  5
FEA
  8
CUT
 10
235.20603891402897
 20
-829.2462412348784
 30
0.0
 70
0
  0
VERTEX
  5
FEB
  8
CUT
 10
245.039083443394
 20
-823.6822478189323
 30
0.0
 70
0
  0
VERTEX
  5
FEC
  8
CUT
 10
255.075996295301
 20
-818.6125474825453
 30
0.0
 70
0
  0
VERTEX
  5
FED
  8
CUT
 10
265.27611079085113
 20
-814.0268660702554
 30
0.0
 70
0
  0
VERTEX
  5
FEE
  8
CUT
 10
275.60068411057944
 20
-809.9109910703442
 30
0.0
 70
0
  0
VERTEX
  5
FEF
  8
CUT
 10
286.0134713932112
 20
-806.2472981252516
 30
0.0
 70
0
  0
VERTEX
  5
FF0
  8
CUT
 10
296.48118149341485
 20
-803.0152978822731
 30
0.0
 70
0
  0
VERTEX
  5
FF1
  8
CUT
 10
306.9738164375495
 20
-800.1921789742403
 30
0.0
 70
0
  0
VERTEX
  5
FF2
  8
CUT
 10
317.46490207825076
 20
-797.7533265017921
 30
0.0
 70
0
  0
VERTEX
  5
FF3
  8
CUT
 10
327.931621549089
 20
-795.6727992614246
 30
0.0
 70
0
  0
VERTEX
  5
FF4
  8
CUT
 10
338.35486589037663
 20
-793.9237526535213
 30
0.0
 70
0
  0
VERTEX
  5
FF5
  8
CUT
 10
348.71921782029267
 20
-792.4787972915703
 30
0.0
 70
0
  0
VERTEX
  5
FF6
  8
CUT
 10
359.0128853200556
 20
-791.3102854213737
 30
0.0
 70
0
  0
VERTEX
  5
FF7
  8
CUT
 10
369.22760181242575
 20
-790.3905178958977
 30
0.0
 70
0
  0
VERTEX
  5
FF8
  8
CUT
 10
379.3585096237872
 20
-789.6918629628944
 30
0.0
 70
0
  0
VERTEX
  5
FF9
  8
CUT
 10
389.4040436082351
 20
-789.1867732437207
 30
0.0
 70
0
  0
VERTEX
  5
FFA
  8
CUT
 10
399.36583295735284
 20
-788.847676274861
 30
0.0
 70
0
  0
VERTEX
  5
FFB
  8
CUT
 10
409.2486425036392
 20
-788.646690224631
 30
0.0
 70
0
  0
VERTEX
  5
FFC
  8
CUT
 10
419.06038277756744
 20
-788.5550616892357
 30
0.0
 70
0
  0
VERTEX
  5
FFD
  8
CUT
 10
428.8122373550465
 20
-788.5420769501736
 30
0.0
 70
0
  0
VERTEX
  5
FFE
  8
CUT
 10
438.51900928356656
 20
-788.5726978146573
 30
0.0
 70
0
  0
VERTEX
  5
FFF
  8
CUT
 10
448.2
 20
-788.5999999999999
 30
0.0
 70
0
  0
VERTEX
  5
1000
  8
CUT
 10
457.8809907164335
 20
-788.5726978146573
 30
0.0
 70
0
  0
VERTEX
  5
1001
  8
CUT
 10
467.58776264495344
 20
-788.5420769501736
 30
0.0
 70
0
  0
VERTEX
  5
1002
  8
CUT
 10
477.33961722243254
 20
-788.5550616892357
 30
0.0
 70
0
  0
VERTEX
  5
1003
  8
CUT
 10
487.1513574963608
 20
-788.646690224631
 30
0.0
 70
0
  0
VERTEX
  5
1004
  8
CUT
 10
497.03416704264714
 20
-788.847676274861
 30
0.0
 70
0
  0
VERTEX
  5
1005
  8
CUT
 10
506.99595639176493
 20
-789.1867732437207
 30
0.0
 70
0
  0
VERTEX
  5
1006
  8
CUT
 10
517.0414903762128
 20
-789.6918629628943
 30
0.0
 70
0
  0
VERTEX
  5
1007
  8
CUT
 10
527.1723981875743
 20
-790.3905178958977
 30
0.0
 70
0
  0
VERTEX
  5
1008
  8
CUT
 10
537.3871146799444
 20
-791.3102854213737
 30
0.0
 70
0
  0
VERTEX
  5
1009
  8
CUT
 10
547.6807821797073
 20
-792.4787972915703
 30
0.0
 70
0
  0
VERTEX
  5
100A
  8
CUT
 10
558.0451341096233
 20
-793.9237526535212
 30
0.0
 70
0
  0
VERTEX
  5
100B
  8
CUT
 10
568.4683784509109
 20
-795.6727992614246
 30
0.0
 70
0
  0
VERTEX
  5
100C
  8
CUT
 10
578.9350979217492
 20
-797.7533265017921
 30
0.0
 70
0
  0
VERTEX
  5
100D
  8
CUT
 10
589.4261835624504
 20
-800.1921789742403
 30
0.0
 70
0
  0
VERTEX
  5
100E
  8
CUT
 10
599.9188185065852
 20
-803.0152978822731
 30
0.0
 70
0
  0
VERTEX
  5
100F
  8
CUT
 10
610.3865286067888
 20
-806.2472981252517
 30
0.0
 70
0
  0
VERTEX
  5
1010
  8
CUT
 10
620.7993158894205
 20
-809.9109910703442
 30
0.0
 70
0
  0
VERTEX
  5
1011
  8
CUT
 10
631.1238892091488
 20
-814.0268660702554
 30
0.0
 70
0
  0
VERTEX
  5
1012
  8
CUT
 10
641.324003704699
 20
-818.6125474825453
 30
0.0
 70
0
  0
VERTEX
  5
1013
  8
CUT
 10
651.360916556606
 20
-823.6822478189323
 30
0.0
 70
0
  0
VERTEX
  5
1014
  8
CUT
 10
661.1939610859711
 20
-829.2462412348784
 30
0.0
 70
0
  0
VERTEX
  5
1015
  8
CUT
 10
670.7812345503687
 20
-835.3103843421643
 30
0.0
 70
0
  0
VERTEX
  5
1016
  8
CUT
 10
680.0803874277301
 20
-841.8757127631256
 30
0.0
 70
0
  0
VERTEX
  5
1017
  8
CUT
 10
689.0494940711333
 20
-848.9381414712628
 30
0.0
 70
0
  0
VERTEX
  5
1018
  8
CUT
 10
697.6479770783526
 20
-856.4882944356358
 30
0.0
 70
0
  0
VERTEX
  5
1019
  8
CUT
 10
705.8375513649714
 20
-864.5114842701616
 30
0.0
 70
0
  0
VERTEX
  5
101A
  8
CUT
 10
713.5831495762113
 20
-872.9878556168745
 30
0.0
 70
0
  0
VERTEX
  5
101B
  8
CUT
 10
720.8537888172518
 20
-881.8926972934072
 30
0.0
 70
0
  0
VERTEX
  5
101C
  8
CUT
 10
727.6233401795619
 20
-891.1969185136576
 30
0.0
 70
0
  0
VERTEX
  5
101D
  8
CUT
 10
733.8711673101761
 20
-900.8676746537552
 30
0.0
 70
0
  0
VERTEX
  5
101E
  8
CUT
 10
739.5826080519773
 20
-910.8691190766436
 30
0.0
 70
0
  0
VERTEX
  5
101F
  8
CUT
 10
744.7492833630608
 20
-921.1632503879832
 30
0.0
 70
0
  0
VERTEX
  5
1020
  8
CUT
 10
749.3692294326017
 20
-931.7108199243378
 30
0.0
 70
0
  0
VERTEX
  5
1021
  8
CUT
 10
753.4468611782684
 20
-942.4722627301162
 30
0.0
 70
0
  0
VERTEX
  5
1022
  8
CUT
 10
756.9927872581152
 20
-953.4086168819501
 30
0.0
 70
0
  0
VERTEX
  5
1023
  8
CUT
 10
760.0235077902474
 20
-964.4824005705134
 30
0.0
 70
0
  0
VERTEX
  5
1024
  8
CUT
 10
762.5610361344757
 20
-975.6584234260812
 30
0.0
 70
0
  0
VERTEX
  5
1025
  8
CUT
 10
764.6324962347102
 20
-986.9045176791174
 30
0.0
 70
0
  0
VERTEX
  5
1026
  8
CUT
 10
766.2697595672755
 20
-998.1921855351693
 30
0.0
 70
0
  0
VERTEX
  5
1027
  8
CUT
 10
767.5092061911271
 20
-1009.4971717599019
 30
0.0
 70
0
  0
VERTEX
  5
1028
  8
CUT
 10
768.3917357048496
 20
-1020.7999861992329
 30
0.0
 70
0
  0
VERTEX
  5
1029
  8
CUT
 10
768.9632506766752
 20
-1032.0864238362956
 30
0.0
 70
0
  0
VERTEX
  5
102A
  8
CUT
 10
769.2760995392889
 20
-1043.3481719679603
 30
0.0
 70
0
  0
VERTEX
  5
102B
  8
CUT
 10
769.3928906524106
 20
-1054.583697103139
 30
0.0
 70
0
  0
VERTEX
  5
102C
  8
CUT
 10
769.4
 20
-1065.8
 30
0.0
 70
0
  0
SEQEND
  5
F78
  8
CUT
  0
POLYLINE
  5
102D
  8
CUT
 66
1
 10
0.0
 20
0.0
 30
0.0
 70
1
  0
VERTEX
  5
102F
  8
CUT
 10
815.8930776469965
 20
-1013.9416679781386
 30
0.0
 42
0.41421356237309503
 70
0
  0
VERTEX
  5
1030
  8
CUT
 10
813.2330652452209
 20
-1017.6028609561719
 30
0.0
 42
0.41421356237309503
 70
0
  0
VERTEX
  5
1031
  8
CUT
 10
816.8942582232542
 20
-1020.2628733579475
 30
0.0
 42
0.41421356237309503
 70
0
  0
VERTEX
  5
1032
  8
CUT
 10
819.5542706250297
 20
-1016.6016803799143
 30
0.0
 70
0
  0
VERTEX
  5
1033
  8
CUT
 10
853.7282872096215
 20
-1011.1890478895223
 30
0.0
 42
0.41421356237309503
 70
0
  0
VERTEX
  5
1034
  8
CUT
 10
857.3894801876547
 20
-1013.849060291298
 30
0.0
 42
0.41421356237309503
 70
0
  0
VERTEX
  5
1035
  8
CUT
 10
860.0494925894304
 20
-1010.1878673132649
 30
0.0
 42
0.41421356237309503
 70
0
  0
VERTEX
  5
1036
  8
CUT
 10
856.3882996113973
 20
-1007.5278549114892
 30
0.0
 70
0
  0
VERTEX
  5
1037
  8
CUT
 10
854.4172253518902
 20
-995.0829818199903
 30
0.0
 42
0.41421356237309503
 70
0
  0
VERTEX
  5
1038
  8
CUT
 10
857.0772377536657
 20
-991.4217888419572
 30
0.0
 42
0.41421356237309503
 70
0
  0
VERTEX
  5
1039
  8
CUT
 10
853.4160447756326
 20
-988.7617764401817
 30
0.0
 42
0.41421356237309503
 70
0
  0
VERTEX
  5
103A
  8
CUT
 10
850.7560323738571
 20
-992.4229694182147
 30
0.0
 70
0
  0
VERTEX
  5
103B
  8
CUT
 10
816.5820157892654
 20
-997.8356019086066
 30
0.0
 42
0.41421356237309503
 70
0
  0
VERTEX
  5
103C
  8
CUT
 10
812.9208228112321
 20
-995.175589506831
 30
0.0
 42
0.41421356237309503
 70
0
  0
VERTEX
  5
103D
  8
CUT
 10
810.2608104094566
 20
-998.8367824848642
 30
0.0
 42
0.41421356237309503
 70
0
  0
VERTEX
  5
103E
  8
CUT
 10
813.9220033874897
 20
-1001.4967948866398
 30
0.0
 70
0
  0
SEQEND
  5
102E
  8
CUT
  0
POLYLINE
  5
103F
  8
CUT
 66
1
 10
0.0
 20
0.0
 30
0.0
 70
1
  0
VERTEX
  5
1041
  8
CUT
 10
787.4172648876076
 20
-900.0308259289675
 30
0.0
 42
0.41421356237309503
 70
0
  0
VERTEX
  5
1042
  8
CUT
 10
786.0188136093714
 20
-904.3348164055367
 30
0.0
 42
0.41421356237309503
 70
0
  0
VERTEX
  5
1043
  8
CUT
 10
790.3228040859406
 20
-905.733267683773
 30
0.0
 42
0.41421356237309503
 70
0
  0
VERTEX
  5
1044
  8
CUT
 10
791.7212553641768
 20
-901.4292772072038
 30
0.0
 70
0
  0
VERTEX
  5
1045
  8
CUT
 10
822.5500811010944
 20
-885.7212059162155
 30
0.0
 42
0.41421356237309503
 70
0
  0
VERTEX
  5
1046
  8
CUT
 10
826.8540715776638
 20
-887.1196571944517
 30
0.0
 42
0.41421356237309503
 70
0
  0
VERTEX
  5
1047
  8
CUT
 10
828.2525228559001
 20
-882.8156667178823
 30
0.0
 42
0.41421356237309503
 70
0
  0
VERTEX
  5
1048
  8
CUT
 10
823.9485323793306
 20
-881.417215439646
 30
0.0
 70
0
  0
VERTEX
  5
1049
  8
CUT
 10
818.2282520826122
 20
-870.1905332348726
 30
0.0
 42
0.41421356237309503
 70
0
  0
VERTEX
  5
104A
  8
CUT
 10
819.6267033608485
 20
-865.8865427583034
 30
0.0
 42
0.41421356237309503
 70
0
  0
VERTEX
  5
104B
  8
CUT
 10
815.3227128842793
 20
-864.4880914800672
 30
0.0
 42
0.41421356237309503
 70
0
  0
VERTEX
  5
104C
  8
CUT
 10
813.924261606043
 20
-868.7920819566364
 30
0.0
 70
0
  0
VERTEX
  5
104D
  8
CUT
 10
783.0954358691255
 20
-884.5001532476247
 30
0.0
 42
0.41421356237309503
 70
0
  0
VERTEX
  5
104E
  8
CUT
 10
778.791445392556
 20
-883.1017019693886
 30
0.0
 42
0.41421356237309503
 70
0
  0
VERTEX
  5
104F
  8
CUT
 10
777.39299411432
 20
-887.405692445958
 30
0.0
 42
0.41421356237309503
 70
0
  0
VERTEX
  5
1050
  8
CUT
 10
781.6969845908893
 20
-888.8041437241941
 30
0.0
 70
0
  0
SEQEND
  5
1040
  8
CUT
  0
POLYLINE
  5
1051
  8
CUT
 66
1
 10
0.0
 20
0.0
 30
0.0
 70
1
  0
VERTEX
  5
1053
  8
CUT
 10
713.5118118250753
 20
-809.3977336178752
 30
0.0
 42
0.41421356237309503
 70
0
  0
VERTEX
  5
1054
  8
CUT
 10
713.5118118250753
 20
-813.9232170174691
 30
0.0
 42
0.41421356237309503
 70
0
  0
VERTEX
  5
1055
  8
CUT
 10
718.0372952246692
 20
-813.9232170174691
 30
0.0
 42
0.41421356237309503
 70
0
  0
VERTEX
  5
1056
  8
CUT
 10
718.0372952246692
 20
-809.3977336178752
 30
0.0
 70
0
  0
VERTEX
  5
1057
  8
CUT
 10
742.5031898537238
 20
-784.9318389888206
 30
0.0
 42
0.41421356237309503
 70
0
  0
VERTEX
  5
1058
  8
CUT
 10
747.0286732533177
 20
-784.9318389888206
 30
0.0
 42
0.41421356237309503
 70
0
  0
VERTEX
  5
1059
  8
CUT
 10
747.0286732533177
 20
-780.4063555892267
 30
0.0
 42
0.41421356237309503
 70
0
  0
VERTEX
  5
105A
  8
CUT
 10
742.5031898537238
 20
-780.4063555892267
 30
0.0
 70
0
  0
VERTEX
  5
105B
  8
CUT
 10
733.5936444107733
 20
-771.4968101462762
 30
0.0
 42
0.41421356237309503
 70
0
  0
VERTEX
  5
105C
  8
CUT
 10
733.5936444107733
 20
-766.9713267466823
 30
0.0
 42
0.41421356237309503
 70
0
  0
VERTEX
  5
105D
  8
CUT
 10
729.0681610111794
 20
-766.9713267466823
 30
0.0
 42
0.41421356237309503
 70
0
  0
VERTEX
  5
105E
  8
CUT
 10
729.0681610111794
 20
-771.4968101462762
 30
0.0
 70
0
  0
VERTEX
  5
105F
  8
CUT
 10
704.6022663821248
 20
-795.9627047753308
 30
0.0
 42
0.41421356237309503
 70
0
  0
VERTEX
  5
1060
  8
CUT
 10
700.0767829825309
 20
-795.9627047753308
 30
0.0
 42
0.41421356237309503
 70
0
  0
VERTEX
  5
1061
  8
CUT
 10
700.0767829825309
 20
-800.4881881749247
 30
0.0
 42
0.41421356237309503
 70
0
  0
VERTEX
  5
1062
  8
CUT
 10
704.6022663821248
 20
-800.4881881749247
 30
0.0
 70
0
  0
SEQEND
  5
1052
  8
CUT
  0
POLYLINE
  5
1063
  8
CUT
 66
1
 10
0.0
 20
0.0
 30
0.0
 70
1
  0
VERTEX
  5
1065
  8
CUT
 10
611.3568241876466
 20
-759.463645171355
 30
0.0
 42
0.41421356237309503
 70
0
  0
VERTEX
  5
1066
  8
CUT
 10
612.7552754658827
 20
-763.7676356479243
 30
0.0
 42
0.41421356237309503
 70
0
  0
VERTEX
  5
1067
  8
CUT
 10
617.059265942452
 20
-762.3691843696881
 30
0.0
 42
0.41421356237309503
 70
0
  0
VERTEX
  5
1068
  8
CUT
 10
615.6608146642159
 20
-758.0651938931188
 30
0.0
 70
0
  0
VERTEX
  5
1069
  8
CUT
 10
631.3688859552042
 20
-727.2363681562013
 30
0.0
 42
0.41421356237309503
 70
0
  0
VERTEX
  5
106A
  8
CUT
 10
635.6728764317734
 20
-725.8379168779651
 30
0.0
 42
0.41421356237309503
 70
0
  0
VERTEX
  5
106B
  8
CUT
 10
634.2744251535373
 20
-721.5339264013959
 30
0.0
 42
0.41421356237309503
 70
0
  0
VERTEX
  5
106C
  8
CUT
 10
629.970434676968
 20
-722.932377679632
 30
0.0
 70
0
  0
VERTEX
  5
106D
  8
CUT
 10
618.7437524721946
 20
-717.2120973829137
 30
0.0
 42
0.41421356237309503
 70
0
  0
VERTEX
  5
106E
  8
CUT
 10
617.3453011939584
 20
-712.9081069063444
 30
0.0
 42
0.41421356237309503
 70
0
  0
VERTEX
  5
106F
  8
CUT
 10
613.0413107173891
 20
-714.3065581845806
 30
0.0
 42
0.41421356237309503
 70
0
  0
VERTEX
  5
1070
  8
CUT
 10
614.4397619956253
 20
-718.6105486611499
 30
0.0
 70
0
  0
VERTEX
  5
1071
  8
CUT
 10
598.731690704637
 20
-749.4393743980675
 30
0.0
 42
0.41421356237309503
 70
0
  0
VERTEX
  5
1072
  8
CUT
 10
594.4277002280678
 20
-750.8378256763037
 30
0.0
 42
0.41421356237309503
 70
0
  0
VERTEX
  5
1073
  8
CUT
 10
595.8261515063041
 20
-755.1418161528729
 30
0.0
 42
0.41421356237309503
 70
0
  0
VERTEX
  5
1074
  8
CUT
 10
600.1301419828732
 20
-753.7433648746367
 30
0.0
 70
0
  0
SEQEND
  5
1064
  8
CUT
  0
POLYLINE
  5
1075
  8
CUT
 66
1
 10
0.0
 20
0.0
 30
0.0
 70
1
  0
VERTEX
  5
1077
  8
CUT
 10
505.7363833517808
 20
-742.802027759218
 30
0.0
 42
0.41421356237309503
 70
0
  0
VERTEX
  5
1078
  8
CUT
 10
508.3963957535566
 20
-746.4632207372513
 30
0.0
 42
0.41421356237309503
 70
0
  0
VERTEX
  5
1079
  8
CUT
 10
512.0575887315898
 20
-743.8032083354755
 30
0.0
 42
0.41421356237309503
 70
0
  0
VERTEX
  5
107A
  8
CUT
 10
509.397576329814
 20
-740.1420153574422
 30
0.0
 70
0
  0
VERTEX
  5
107B
  8
CUT
 10
514.810208820206
 20
-705.9679987728505
 30
0.0
 42
0.41421356237309503
 70
0
  0
VERTEX
  5
107C
  8
CUT
 10
518.4714017982391
 20
-703.3079863710748
 30
0.0
 42
0.41421356237309503
 70
0
  0
VERTEX
  5
107D
  8
CUT
 10
515.8113893964634
 20
-699.6467933930417
 30
0.0
 42
0.41421356237309503
 70
0
  0
VERTEX
  5
107E
  8
CUT
 10
512.1501964184303
 20
-702.3068057948174
 30
0.0
 70
0
  0
VERTEX
  5
107F
  8
CUT
 10
499.70532332693153
 20
-700.3357315353104
 30
0.0
 42
0.41421356237309503
 70
0
  0
VERTEX
  5
1080
  8
CUT
 10
497.0453109251557
 20
-696.6745385572772
 30
0.0
 42
0.41421356237309503
 70
0
  0
VERTEX
  5
1081
  8
CUT
 10
493.3841179471225
 20
-699.334550959053
 30
0.0
 42
0.41421356237309503
 70
0
  0
VERTEX
  5
1082
  8
CUT
 10
496.0441303488983
 20
-702.9957439370862
 30
0.0
 70
0
  0
VERTEX
  5
1083
  8
CUT
 10
490.63149785850635
 20
-737.169760521678
 30
0.0
 42
0.41421356237309503
 70
0
  0
VERTEX
  5
1084
  8
CUT
 10
486.97030488047324
 20
-739.8297729234537
 30
0.0
 42
0.41421356237309503
 70
0
  0
VERTEX
  5
1085
  8
CUT
 10
489.63031728224894
 20
-743.4909659014868
 30
0.0
 42
0.41421356237309503
 70
0
  0
VERTEX
  5
1086
  8
CUT
 10
493.29151026028205
 20
-740.8309534997111
 30
0.0
 70
0
  0
SEQEND
  5
1076
  8
CUT
  0
POLYLINE
  5
1087
  8
CUT
 66
1
 10
0.0
 20
0.0
 30
0.0
 70
1
  0
VERTEX
  5
1089
  8
CUT
 10
403.108489739718
 20
-740.8309534997111
 30
0.0
 42
0.41421356237309503
 70
0
  0
VERTEX
  5
108A
  8
CUT
 10
406.7696827177511
 20
-743.4909659014868
 30
0.0
 42
0.41421356237309503
 70
0
  0
VERTEX
  5
108B
  8
CUT
 10
409.4296951195268
 20
-739.8297729234537
 30
0.0
 42
0.41421356237309503
 70
0
  0
VERTEX
  5
108C
  8
CUT
 10
405.7685021414937
 20
-737.169760521678
 30
0.0
 70
0
  0
VERTEX
  5
108D
  8
CUT
 10
400.35586965110167
 20
-702.9957439370862
 30
0.0
 42
0.41421356237309503
 70
0
  0
VERTEX
  5
108E
  8
CUT
 10
403.01588205287743
 20
-699.334550959053
 30
0.0
 42
0.41421356237309503
 70
0
  0
VERTEX
  5
108F
  8
CUT
 10
399.35468907484426
 20
-696.6745385572772
 30
0.0
 42
0.41421356237309503
 70
0
  0
VERTEX
  5
1090
  8
CUT
 10
396.6946766730685
 20
-700.3357315353104
 30
0.0
 70
0
  0
VERTEX
  5
1091
  8
CUT
 10
384.2498035815698
 20
-702.3068057948174
 30
0.0
 42
0.41421356237309503
 70
0
  0
VERTEX
  5
1092
  8
CUT
 10
380.58861060353667
 20
-699.6467933930417
 30
0.0
 42
0.41421356237309503
 70
0
  0
VERTEX
  5
1093
  8
CUT
 10
377.92859820176096
 20
-703.3079863710748
 30
0.0
 42
0.41421356237309503
 70
0
  0
VERTEX
  5
1094
  8
CUT
 10
381.5897911797941
 20
-705.9679987728505
 30
0.0
 70
0
  0
VERTEX
  5
1095
  8
CUT
 10
387.00242367018603
 20
-740.1420153574422
 30
0.0
 42
0.41421356237309503
 70
0
  0
VERTEX
  5
1096
  8
CUT
 10
384.34241126841016
 20
-743.8032083354753
 30
0.0
 42
0.41421356237309503
 70
0
  0
VERTEX
  5
1097
  8
CUT
 10
388.00360424644333
 20
-746.4632207372513
 30
0.0
 42
0.41421356237309503
 70
0
  0
VERTEX
  5
1098
  8
CUT
 10
390.6636166482192
 20
-742.802027759218
 30
0.0
 70
0
  0
SEQEND
  5
1088
  8
CUT
  0
POLYLINE
  5
1099
  8
CUT
 66
1
 10
0.0
 20
0.0
 30
0.0
 70
1
  0
VERTEX
  5
109B
  8
CUT
 10
296.2698580171268
 20
-753.7433648746367
 30
0.0
 42
0.41421356237309503
 70
0
  0
VERTEX
  5
109C
  8
CUT
 10
300.573848493696
 20
-755.1418161528729
 30
0.0
 42
0.41421356237309503
 70
0
  0
VERTEX
  5
109D
  8
CUT
 10
301.9722997719323
 20
-750.8378256763037
 30
0.0
 42
0.41421356237309503
 70
0
  0
VERTEX
  5
109E
  8
CUT
 10
297.6683092953631
 20
-749.4393743980675
 30
0.0
 70
0
  0
VERTEX
  5
109F
  8
CUT
 10
281.9602380043748
 20
-718.6105486611499
 30
0.0
 42
0.41421356237309503
 70
0
  0
VERTEX
  5
10A0
  8
CUT
 10
283.35868928261095
 20
-714.3065581845806
 30
0.0
 42
0.41421356237309503
 70
0
  0
VERTEX
  5
10A1
  8
CUT
 10
279.05469880604164
 20
-712.9081069063444
 30
0.0
 42
0.41421356237309503
 70
0
  0
VERTEX
  5
10A2
  8
CUT
 10
277.6562475278055
 20
-717.2120973829137
 30
0.0
 70
0
  0
VERTEX
  5
10A3
  8
CUT
 10
266.42956532303197
 20
-722.932377679632
 30
0.0
 42
0.41421356237309503
 70
0
  0
VERTEX
  5
10A4
  8
CUT
 10
262.1255748464627
 20
-721.533926401396
 30
0.0
 42
0.41421356237309503
 70
0
  0
VERTEX
  5
10A5
  8
CUT
 10
260.7271235682266
 20
-725.8379168779652
 30
0.0
 42
0.41421356237309503
 70
0
  0
VERTEX
  5
10A6
  8
CUT
 10
265.0311140447958
 20
-727.2363681562013
 30
0.0
 70
0
  0
VERTEX
  5
10A7
  8
CUT
 10
280.7391853357841
 20
-758.0651938931188
 30
0.0
 42
0.41421356237309503
 70
0
  0
VERTEX
  5
10A8
  8
CUT
 10
279.34073405754793
 20
-762.3691843696881
 30
0.0
 42
0.41421356237309503
 70
0
  0
VERTEX
  5
10A9
  8
CUT
 10
283.64472453411724
 20
-763.7676356479243
 30
0.0
 42
0.41421356237309503
 70
0
  0
VERTEX
  5
10AA
  8
CUT
 10
285.0431758123534
 20
-759.463645171355
 30
0.0
 70
0
  0
SEQEND
  5
109A
  8
CUT
  0
POLYLINE
  5
10AB
  8
CUT
 66
1
 10
0.0
 20
0.0
 30
0.0
 70
1
  0
VERTEX
  5
10AD
  8
CUT
 10
191.79773361787522
 20
-800.4881881749246
 30
0.0
 42
0.41421356237309503
 70
0
  0
VERTEX
  5
10AE
  8
CUT
 10
196.32321701746912
 20
-800.4881881749246
 30
0.0
 42
0.41421356237309503
 70
0
  0
VERTEX
  5
10AF
  8
CUT
 10
196.32321701746912
 20
-795.9627047753307
 30
0.0
 42
0.41421356237309503
 70
0
  0
VERTEX
  5
10B0
  8
CUT
 10
191.79773361787522
 20
-795.9627047753307
 30
0.0
 70
0
  0
VERTEX
  5
10B1
  8
CUT
 10
167.33183898882066
 20
-771.4968101462762
 30
0.0
 42
0.41421356237309503
 70
0
  0
VERTEX
  5
10B2
  8
CUT
 10
167.33183898882066
 20
-766.9713267466823
 30
0.0
 42
0.41421356237309503
 70
0
  0
VERTEX
  5
10B3
  8
CUT
 10
162.80635558922677
 20
-766.9713267466823
 30
0.0
 42
0.41421356237309503
 70
0
  0
VERTEX
  5
10B4
  8
CUT
 10
162.80635558922677
 20
-771.4968101462762
 30
0.0
 70
0
  0
VERTEX
  5
10B5
  8
CUT
 10
153.89681014627627
 20
-780.4063555892267
 30
0.0
 42
0.41421356237309503
 70
0
  0
VERTEX
  5
10B6
  8
CUT
 10
149.37132674668237
 20
-780.4063555892267
 30
0.0
 42
0.41421356237309503
 70
0
  0
VERTEX
  5
10B7
  8
CUT
 10
149.37132674668237
 20
-784.9318389888206
 30
0.0
 42
0.41421356237309503
 70
0
  0
VERTEX
  5
10B8
  8
CUT
 10
153.89681014627627
 20
-784.9318389888206
 30
0.0
 70
0
  0
VERTEX
  5
10B9
  8
CUT
 10
178.36270477533083
 20
-809.3977336178751
 30
0.0
 42
0.41421356237309503
 70
0
  0
VERTEX
  5
10BA
  8
CUT
 10
178.36270477533083
 20
-813.923217017469
 30
0.0
 42
0.41421356237309503
 70
0
  0
VERTEX
  5
10BB
  8
CUT
 10
182.88818817492472
 20
-813.923217017469
 30
0.0
 42
0.41421356237309503
 70
0
  0
VERTEX
  5
10BC
  8
CUT
 10
182.88818817492472
 20
-809.3977336178751
 30
0.0
 70
0
  0
SEQEND
  5
10AC
  8
CUT
  0
POLYLINE
  5
10BD
  8
CUT
 66
1
 10
0.0
 20
0.0
 30
0.0
 70
1
  0
VERTEX
  5
10BF
  8
CUT
 10
114.70301540911078
 20
-888.8041437241941
 30
0.0
 42
0.41421356237309503
 70
0
  0
VERTEX
  5
10C0
  8
CUT
 10
119.0070058856802
 20
-887.4056924459578
 30
0.0
 42
0.41421356237309503
 70
0
  0
VERTEX
  5
10C1
  8
CUT
 10
117.60855460744396
 20
-883.1017019693884
 30
0.0
 42
0.41421356237309503
 70
0
  0
VERTEX
  5
10C2
  8
CUT
 10
113.30456413087455
 20
-884.5001532476247
 30
0.0
 70
0
  0
VERTEX
  5
10C3
  8
CUT
 10
82.47573839395699
 20
-868.7920819566364
 30
0.0
 42
0.41421356237309503
 70
0
  0
VERTEX
  5
10C4
  8
CUT
 10
81.07728711572068
 20
-864.4880914800672
 30
0.0
 42
0.41421356237309503
 70
0
  0
VERTEX
  5
10C5
  8
CUT
 10
76.77329663915144
 20
-865.8865427583034
 30
0.0
 42
0.41421356237309503
 70
0
  0
VERTEX
  5
10C6
  8
CUT
 10
78.17174791738773
 20
-870.1905332348726
 30
0.0
 70
0
  0
VERTEX
  5
10C7
  8
CUT
 10
72.4514676206694
 20
-881.417215439646
 30
0.0
 42
0.41421356237309503
 70
0
  0
VERTEX
  5
10C8
  8
CUT
 10
68.1474771441001
 20
-882.8156667178822
 30
0.0
 42
0.41421356237309503
 70
0
  0
VERTEX
  5
10C9
  8
CUT
 10
69.5459284223363
 20
-887.1196571944515
 30
0.0
 42
0.41421356237309503
 70
0
  0
VERTEX
  5
10CA
  8
CUT
 10
73.84991889890563
 20
-885.7212059162154
 30
0.0
 70
0
  0
VERTEX
  5
10CB
  8
CUT
 10
104.6787446358232
 20
-901.4292772072037
 30
0.0
 42
0.41421356237309503
 70
0
  0
VERTEX
  5
10CC
  8
CUT
 10
106.07719591405935
 20
-905.733267683773
 30
0.0
 42
0.41421356237309503
 70
0
  0
VERTEX
  5
10CD
  8
CUT
 10
110.3811863906286
 20
-904.3348164055368
 30
0.0
 42
0.41421356237309503
 70
0
  0
VERTEX
  5
10CE
  8
CUT
 10
108.98273511239245
 20
-900.0308259289675
 30
0.0
 70
0
  0
SEQEND
  5
10BE
  8
CUT
  0
POLYLINE
  5
10CF
  8
CUT
 66
1
 10
0.0
 20
0.0
 30
0.0
 70
1
  0
VERTEX
  5
10D1
  8
CUT
 10
82.47799661251031
 20
-1001.4967948866397
 30
0.0
 42
0.41421356237309503
 70
0
  0
VERTEX
  5
10D2
  8
CUT
 10
86.13918959054342
 20
-998.836782484864
 30
0.0
 42
0.41421356237309503
 70
0
  0
VERTEX
  5
10D3
  8
CUT
 10
83.47917718876766
 20
-995.1755895068309
 30
0.0
 42
0.41421356237309503
 70
0
  0
VERTEX
  5
10D4
  8
CUT
 10
79.81798421073455
 20
-997.8356019086066
 30
0.0
 70
0
  0
VERTEX
  5
10D5
  8
CUT
 10
45.643967626142796
 20
-992.4229694182146
 30
0.0
 42
0.41421356237309503
 70
0
  0
VERTEX
  5
10D6
  8
CUT
 10
42.983955224367065
 20
-988.7617764401815
 30
0.0
 42
0.41421356237309503
 70
0
  0
VERTEX
  5
10D7
  8
CUT
 10
39.322762246333916
 20
-991.4217888419572
 30
0.0
 42
0.41421356237309503
 70
0
  0
VERTEX
  5
10D8
  8
CUT
 10
41.982774648109626
 20
-995.0829818199903
 30
0.0
 70
0
  0
VERTEX
  5
10D9
  8
CUT
 10
40.01170038860266
 20
-1007.527854911489
 30
0.0
 42
0.41421356237309503
 70
0
  0
VERTEX
  5
10DA
  8
CUT
 10
36.350507410569435
 20
-1010.1878673132649
 30
0.0
 42
0.41421356237309503
 70
0
  0
VERTEX
  5
10DB
  8
CUT
 10
39.010519812345194
 20
-1013.8490602912981
 30
0.0
 42
0.41421356237309503
 70
0
  0
VERTEX
  5
10DC
  8
CUT
 10
42.67171279037842
 20
-1011.1890478895223
 30
0.0
 70
0
  0
VERTEX
  5
10DD
  8
CUT
 10
76.84572937497018
 20
-1016.6016803799142
 30
0.0
 42
0.41421356237309503
 70
0
  0
VERTEX
  5
10DE
  8
CUT
 10
79.50574177674591
 20
-1020.2628733579473
 30
0.0
 42
0.41421356237309503
 70
0
  0
VERTEX
  5
10DF
  8
CUT
 10
83.16693475477905
 20
-1017.6028609561716
 30
0.0
 42
0.41421356237309503
 70
0
  0
VERTEX
  5
10E0
  8
CUT
 10
80.50692235300335
 20
-1013.9416679781385
 30
0.0
 70
0
  0
SEQEND
  5
10D0
  8
CUT
  0
POLYLINE
  5
10E1
  8
CUT
 66
1
 10
0.0
 20
0.0
 30
0.0
 70
1
  0
VERTEX
  5
10E3
  8
CUT
 10
80.5069223530034
 20
-1117.6583320218613
 30
0.0
 42
0.41421356237309503
 70
0
  0
VERTEX
  5
10E4
  8
CUT
 10
83.1669347547791
 20
-1113.9971390438282
 30
0.0
 42
0.41421356237309503
 70
0
  0
VERTEX
  5
10E5
  8
CUT
 10
79.50574177674594
 20
-1111.3371266420525
 30
0.0
 42
0.41421356237309503
 70
0
  0
VERTEX
  5
10E6
  8
CUT
 10
76.84572937497023
 20
-1114.9983196200856
 30
0.0
 70
0
  0
VERTEX
  5
10E7
  8
CUT
 10
42.67171279037848
 20
-1120.4109521104776
 30
0.0
 42
0.41421356237309503
 70
0
  0
VERTEX
  5
10E8
  8
CUT
 10
39.010519812345336
 20
-1117.750939708702
 30
0.0
 42
0.41421356237309503
 70
0
  0
VERTEX
  5
10E9
  8
CUT
 10
36.35050741056961
 20
-1121.412132686735
 30
0.0
 42
0.41421356237309503
 70
0
  0
VERTEX
  5
10EA
  8
CUT
 10
40.01170038860272
 20
-1124.0721450885108
 30
0.0
 70
0
  0
VERTEX
  5
10EB
  8
CUT
 10
41.98277464810968
 20
-1136.5170181800095
 30
0.0
 42
0.41421356237309503
 70
0
  0
VERTEX
  5
10EC
  8
CUT
 10
39.32276224633398
 20
-1140.1782111580426
 30
0.0
 42
0.41421356237309503
 70
0
  0
VERTEX
  5
10ED
  8
CUT
 10
42.98395522436715
 20
-1142.8382235598183
 30
0.0
 42
0.41421356237309503
 70
0
  0
VERTEX
  5
10EE
  8
CUT
 10
45.64396762614285
 20
-1139.1770305817852
 30
0.0
 70
0
  0
VERTEX
  5
10EF
  8
CUT
 10
79.81798421073461
 20
-1133.764398091393
 30
0.0
 42
0.41421356237309503
 70
0
  0
VERTEX
  5
10F0
  8
CUT
 10
83.47917718876775
 20
-1136.4244104931688
 30
0.0
 42
0.41421356237309503
 70
0
  0
VERTEX
  5
10F1
  8
CUT
 10
86.13918959054348
 20
-1132.7632175151357
 30
0.0
 42
0.41421356237309503
 70
0
  0
VERTEX
  5
10F2
  8
CUT
 10
82.47799661251037
 20
-1130.10320511336
 30
0.0
 70
0
  0
SEQEND
  5
10E2
  8
CUT
  0
POLYLINE
  5
10F3
  8
CUT
 66
1
 10
0.0
 20
0.0
 30
0.0
 70
1
  0
VERTEX
  5
10F5
  8
CUT
 10
108.98273511239239
 20
-1231.5691740710324
 30
0.0
 42
0.41421356237309503
 70
0
  0
VERTEX
  5
10F6
  8
CUT
 10
110.38118639062867
 20
-1227.2651835944632
 30
0.0
 42
0.41421356237309503
 70
0
  0
VERTEX
  5
10F7
  8
CUT
 10
106.0771959140594
 20
-1225.866732316227
 30
0.0
 42
0.41421356237309503
 70
0
  0
VERTEX
  5
10F8
  8
CUT
 10
104.67874463582314
 20
-1230.1707227927961
 30
0.0
 70
0
  0
VERTEX
  5
10F9
  8
CUT
 10
73.84991889890557
 20
-1245.8787940837844
 30
0.0
 42
0.41421356237309503
 70
0
  0
VERTEX
  5
10FA
  8
CUT
 10
69.54592842233608
 20
-1244.4803428055484
 30
0.0
 42
0.41421356237309503
 70
0
  0
VERTEX
  5
10FB
  8
CUT
 10
68.14747714409995
 20
-1248.7843332821178
 30
0.0
 42
0.41421356237309503
 70
0
  0
VERTEX
  5
10FC
  8
CUT
 10
72.45146762066935
 20
-1250.1827845603539
 30
0.0
 70
0
  0
VERTEX
  5
10FD
  8
CUT
 10
78.17174791738768
 20
-1261.4094667651273
 30
0.0
 42
0.41421356237309503
 70
0
  0
VERTEX
  5
10FE
  8
CUT
 10
76.7732966391514
 20
-1265.7134572416965
 30
0.0
 42
0.41421356237309503
 70
0
  0
VERTEX
  5
10FF
  8
CUT
 10
81.07728711572067
 20
-1267.1119085199327
 30
0.0
 42
0.41421356237309503
 70
0
  0
VERTEX
  5
1100
  8
CUT
 10
82.47573839395693
 20
-1262.8079180433635
 30
0.0
 70
0
  0
VERTEX
  5
1101
  8
CUT
 10
113.3045641308745
 20
-1247.0998467523752
 30
0.0
 42
0.41421356237309503
 70
0
  0
VERTEX
  5
1102
  8
CUT
 10
117.60855460744399
 20
-1248.4982980306113
 30
0.0
 42
0.41421356237309503
 70
0
  0
VERTEX
  5
1103
  8
CUT
 10
119.00700588568012
 20
-1244.1943075540419
 30
0.0
 42
0.41421356237309503
 70
0
  0
VERTEX
  5
1104
  8
CUT
 10
114.70301540911072
 20
-1242.7958562758058
 30
0.0
 70
0
  0
SEQEND
  5
10F4
  8
CUT
  0
POLYLINE
  5
1105
  8
CUT
 66
1
 10
0.0
 20
0.0
 30
0.0
 70
1
  0
VERTEX
  5
1107
  8
CUT
 10
182.88818817492466
 20
-1322.2022663821247
 30
0.0
 42
0.41421356237309503
 70
0
  0
VERTEX
  5
1108
  8
CUT
 10
182.8881881749246
 20
-1317.6767829825308
 30
0.0
 42
0.41421356237309503
 70
0
  0
VERTEX
  5
1109
  8
CUT
 10
178.3627047753307
 20
-1317.676782982531
 30
0.0
 42
0.41421356237309503
 70
0
  0
VERTEX
  5
110A
  8
CUT
 10
178.36270477533077
 20
-1322.2022663821247
 30
0.0
 70
0
  0
VERTEX
  5
110B
  8
CUT
 10
153.8968101462762
 20
-1346.668161011179
 30
0.0
 42
0.41421356237309503
 70
0
  0
VERTEX
  5
110C
  8
CUT
 10
149.3713267466821
 20
-1346.668161011179
 30
0.0
 42
0.41421356237309503
 70
0
  0
VERTEX
  5
110D
  8
CUT
 10
149.3713267466821
 20
-1351.1936444107732
 30
0.0
 42
0.41421356237309503
 70
0
  0
VERTEX
  5
110E
  8
CUT
 10
153.8968101462762
 20
-1351.1936444107732
 30
0.0
 70
0
  0
VERTEX
  5
110F
  8
CUT
 10
162.8063555892267
 20
-1360.1031898537235
 30
0.0
 42
0.41421356237309503
 70
0
  0
VERTEX
  5
1110
  8
CUT
 10
162.80635558922677
 20
-1364.6286732533174
 30
0.0
 42
0.41421356237309503
 70
0
  0
VERTEX
  5
1111
  8
CUT
 10
167.33183898882066
 20
-1364.6286732533172
 30
0.0
 42
0.41421356237309503
 70
0
  0
VERTEX
  5
1112
  8
CUT
 10
167.3318389888206
 20
-1360.1031898537235
 30
0.0
 70
0
  0
VERTEX
  5
1113
  8
CUT
 10
191.79773361787517
 20
-1335.637295224669
 30
0.0
 42
0.41421356237309503
 70
0
  0
VERTEX
  5
1114
  8
CUT
 10
196.323217017469
 20
-1335.6372952246693
 30
0.0
 42
0.41421356237309503
 70
0
  0
VERTEX
  5
1115
  8
CUT
 10
196.32321701746912
 20
-1331.1118118250754
 30
0.0
 42
0.41421356237309503
 70
0
  0
VERTEX
  5
1116
  8
CUT
 10
191.79773361787517
 20
-1331.1118118250752
 30
0.0
 70
0
  0
SEQEND
  5
1106
  8
CUT
  0
POLYLINE
  5
1117
  8
CUT
 66
1
 10
0.0
 20
0.0
 30
0.0
 70
1
  0
VERTEX
  5
1119
  8
CUT
 10
285.0431758123533
 20
-1372.136354828645
 30
0.0
 42
0.41421356237309503
 70
0
  0
VERTEX
  5
111A
  8
CUT
 10
283.64472453411696
 20
-1367.8323643520757
 30
0.0
 42
0.41421356237309503
 70
0
  0
VERTEX
  5
111B
  8
CUT
 10
279.3407340575477
 20
-1369.230815630312
 30
0.0
 42
0.41421356237309503
 70
0
  0
VERTEX
  5
111C
  8
CUT
 10
280.739185335784
 20
-1373.5348061068812
 30
0.0
 70
0
  0
VERTEX
  5
111D
  8
CUT
 10
265.0311140447957
 20
-1404.3636318437987
 30
0.0
 42
0.41421356237309503
 70
0
  0
VERTEX
  5
111E
  8
CUT
 10
260.7271235682265
 20
-1405.762083122035
 30
0.0
 42
0.41421356237309503
 70
0
  0
VERTEX
  5
111F
  8
CUT
 10
262.12557484646265
 20
-1410.0660735986041
 30
0.0
 42
0.41421356237309503
 70
0
  0
VERTEX
  5
1120
  8
CUT
 10
266.42956532303185
 20
-1408.6676223203679
 30
0.0
 70
0
  0
VERTEX
  5
1121
  8
CUT
 10
277.65624752780536
 20
-1414.3879026170862
 30
0.0
 42
0.41421356237309503
 70
0
  0
VERTEX
  5
1122
  8
CUT
 10
279.0546988060417
 20
-1418.6918930936554
 30
0.0
 42
0.41421356237309503
 70
0
  0
VERTEX
  5
1123
  8
CUT
 10
283.35868928261095
 20
-1417.293441815419
 30
0.0
 42
0.41421356237309503
 70
0
  0
VERTEX
  5
1124
  8
CUT
 10
281.9602380043747
 20
-1412.98945133885
 30
0.0
 70
0
  0
VERTEX
  5
1125
  8
CUT
 10
297.668309295363
 20
-1382.1606256019325
 30
0.0
 42
0.41421356237309503
 70
0
  0
VERTEX
  5
1126
  8
CUT
 10
301.97229977193217
 20
-1380.7621743236962
 30
0.0
 42
0.41421356237309503
 70
0
  0
VERTEX
  5
1127
  8
CUT
 10
300.573848493696
 20
-1376.458183847127
 30
0.0
 42
0.41421356237309503
 70
0
  0
VERTEX
  5
1128
  8
CUT
 10
296.2698580171268
 20
-1377.8566351253633
 30
0.0
 70
0
  0
SEQEND
  5
1118
  8
CUT
  0
POLYLINE
  5
1129
  8
CUT
 66
1
 10
0.0
 20
0.0
 30
0.0
 70
1
  0
VERTEX
  5
112B
  8
CUT
 10
390.66361664821915
 20
-1388.797972240782
 30
0.0
 42
0.41421356237309503
 70
0
  0
VERTEX
  5
112C
  8
CUT
 10
388.0036042464434
 20
-1385.1367792627489
 30
0.0
 42
0.41421356237309503
 70
0
  0
VERTEX
  5
112D
  8
CUT
 10
384.3424112684102
 20
-1387.7967916645246
 30
0.0
 42
0.41421356237309503
 70
0
  0
VERTEX
  5
112E
  8
CUT
 10
387.002423670186
 20
-1391.4579846425577
 30
0.0
 70
0
  0
VERTEX
  5
112F
  8
CUT
 10
381.58979117979396
 20
-1425.6320012271494
 30
0.0
 42
0.41421356237309503
 70
0
  0
VERTEX
  5
1130
  8
CUT
 10
377.92859820176085
 20
-1428.2920136289251
 30
0.0
 42
0.41421356237309503
 70
0
  0
VERTEX
  5
1131
  8
CUT
 10
380.58861060353655
 20
-1431.9532066069582
 30
0.0
 42
0.41421356237309503
 70
0
  0
VERTEX
  5
1132
  8
CUT
 10
384.24980358156967
 20
-1429.2931942051825
 30
0.0
 70
0
  0
VERTEX
  5
1133
  8
CUT
 10
396.69467667306844
 20
-1431.2642684646896
 30
0.0
 42
0.41421356237309503
 70
0
  0
VERTEX
  5
1134
  8
CUT
 10
399.35468907484415
 20
-1434.9254614427227
 30
0.0
 42
0.41421356237309503
 70
0
  0
VERTEX
  5
1135
  8
CUT
 10
403.01588205287726
 20
-1432.265449040947
 30
0.0
 42
0.41421356237309503
 70
0
  0
VERTEX
  5
1136
  8
CUT
 10
400.35586965110156
 20
-1428.604256062914
 30
0.0
 70
0
  0
VERTEX
  5
1137
  8
CUT
 10
405.76850214149357
 20
-1394.4302394783222
 30
0.0
 42
0.41421356237309503
 70
0
  0
VERTEX
  5
1138
  8
CUT
 10
409.4296951195269
 20
-1391.7702270765467
 30
0.0
 42
0.41421356237309503
 70
0
  0
VERTEX
  5
1139
  8
CUT
 10
406.7696827177512
 20
-1388.1090340985133
 30
0.0
 42
0.41421356237309503
 70
0
  0
VERTEX
  5
113A
  8
CUT
 10
403.10848973971787
 20
-1390.7690465002888
 30
0.0
 70
0
  0
SEQEND
  5
112A
  8
CUT
  0
POLYLINE
  5
113B
  8
CUT
 66
1
 10
0.0
 20
0.0
 30
0.0
 70
1
  0
VERTEX
  5
113D
  8
CUT
 10
493.29151026028194
 20
-1390.7690465002888
 30
0.0
 42
0.41421356237309503
 70
0
  0
VERTEX
  5
113E
  8
CUT
 10
489.6303172822488
 20
-1388.1090340985131
 30
0.0
 42
0.41421356237309503
 70
0
  0
VERTEX
  5
113F
  8
CUT
 10
486.9703048804731
 20
-1391.7702270765462
 30
0.0
 42
0.41421356237309503
 70
0
  0
VERTEX
  5
1140
  8
CUT
 10
490.63149785850624
 20
-1394.430239478322
 30
0.0
 70
0
  0
VERTEX
  5
1141
  8
CUT
 10
496.04413034889825
 20
-1428.6042560629137
 30
0.0
 42
0.41421356237309503
 70
0
  0
VERTEX
  5
1142
  8
CUT
 10
493.3841179471225
 20
-1432.2654490409468
 30
0.0
 42
0.41421356237309503
 70
0
  0
VERTEX
  5
1143
  8
CUT
 10
497.04531092515566
 20
-1434.9254614427225
 30
0.0
 42
0.41421356237309503
 70
0
  0
VERTEX
  5
1144
  8
CUT
 10
499.7053233269314
 20
-1431.2642684646894
 30
0.0
 70
0
  0
VERTEX
  5
1145
  8
CUT
 10
512.1501964184301
 20
-1429.2931942051825
 30
0.0
 42
0.41421356237309503
 70
0
  0
VERTEX
  5
1146
  8
CUT
 10
515.8113893964633
 20
-1431.9532066069582
 30
0.0
 42
0.41421356237309503
 70
0
  0
VERTEX
  5
1147
  8
CUT
 10
518.471401798239
 20
-1428.2920136289251
 30
0.0
 42
0.41421356237309503
 70
0
  0
VERTEX
  5
1148
  8
CUT
 10
514.8102088202058
 20
-1425.6320012271494
 30
0.0
 70
0
  0
VERTEX
  5
1149
  8
CUT
 10
509.3975763298139
 20
-1391.4579846425577
 30
0.0
 42
0.41421356237309503
 70
0
  0
VERTEX
  5
114A
  8
CUT
 10
512.0575887315898
 20
-1387.7967916645243
 30
0.0
 42
0.41421356237309503
 70
0
  0
VERTEX
  5
114B
  8
CUT
 10
508.3963957535566
 20
-1385.1367792627484
 30
0.0
 42
0.41421356237309503
 70
0
  0
VERTEX
  5
114C
  8
CUT
 10
505.7363833517807
 20
-1388.7979722407817
 30
0.0
 70
0
  0
SEQEND
  5
113C
  8
CUT
  0
POLYLINE
  5
114D
  8
CUT
 66
1
 10
0.0
 20
0.0
 30
0.0
 70
1
  0
VERTEX
  5
114F
  8
CUT
 10
600.130141982873
 20
-1377.8566351253633
 30
0.0
 42
0.41421356237309503
 70
0
  0
VERTEX
  5
1150
  8
CUT
 10
595.8261515063039
 20
-1376.458183847127
 30
0.0
 42
0.41421356237309503
 70
0
  0
VERTEX
  5
1151
  8
CUT
 10
594.4277002280676
 20
-1380.7621743236962
 30
0.0
 42
0.41421356237309503
 70
0
  0
VERTEX
  5
1152
  8
CUT
 10
598.7316907046369
 20
-1382.1606256019325
 30
0.0
 70
0
  0
VERTEX
  5
1153
  8
CUT
 10
614.4397619956252
 20
-1412.98945133885
 30
0.0
 42
0.41421356237309503
 70
0
  0
VERTEX
  5
1154
  8
CUT
 10
613.0413107173888
 20
-1417.293441815419
 30
0.0
 42
0.41421356237309503
 70
0
  0
VERTEX
  5
1155
  8
CUT
 10
617.3453011939581
 20
-1418.6918930936554
 30
0.0
 42
0.41421356237309503
 70
0
  0
VERTEX
  5
1156
  8
CUT
 10
618.7437524721945
 20
-1414.3879026170862
 30
0.0
 70
0
  0
VERTEX
  5
1157
  8
CUT
 10
629.9704346769679
 20
-1408.6676223203679
 30
0.0
 42
0.41421356237309503
 70
0
  0
VERTEX
  5
1158
  8
CUT
 10
634.2744251535371
 20
-1410.0660735986041
 30
0.0
 42
0.41421356237309503
 70
0
  0
VERTEX
  5
1159
  8
CUT
 10
635.6728764317734
 20
-1405.762083122035
 30
0.0
 42
0.41421356237309503
 70
0
  0
VERTEX
  5
115A
  8
CUT
 10
631.3688859552042
 20
-1404.3636318437987
 30
0.0
 70
0
  0
VERTEX
  5
115B
  8
CUT
 10
615.6608146642159
 20
-1373.5348061068812
 30
0.0
 42
0.41421356237309503
 70
0
  0
VERTEX
  5
115C
  8
CUT
 10
617.0592659424523
 20
-1369.230815630312
 30
0.0
 42
0.41421356237309503
 70
0
  0
VERTEX
  5
115D
  8
CUT
 10
612.755275465883
 20
-1367.8323643520757
 30
0.0
 42
0.41421356237309503
 70
0
  0
VERTEX
  5
115E
  8
CUT
 10
611.3568241876466
 20
-1372.136354828645
 30
0.0
 70
0
  0
SEQEND
  5
114E
  8
CUT
  0
POLYLINE
  5
115F
  8
CUT
 66
1
 10
0.0
 20
0.0
 30
0.0
 70
1
  0
VERTEX
  5
1161
  8
CUT
 10
704.6022663821248
 20
-1331.1118118250752
 30
0.0
 42
0.41421356237309503
 70
0
  0
VERTEX
  5
1162
  8
CUT
 10
700.0767829825306
 20
-1331.1118118250752
 30
0.0
 42
0.41421356237309503
 70
0
  0
VERTEX
  5
1163
  8
CUT
 10
700.0767829825306
 20
-1335.6372952246693
 30
0.0
 42
0.41421356237309503
 70
0
  0
VERTEX
  5
1164
  8
CUT
 10
704.6022663821248
 20
-1335.6372952246693
 30
0.0
 70
0
  0
VERTEX
  5
1165
  8
CUT
 10
729.0681610111792
 20
-1360.1031898537237
 30
0.0
 42
0.41421356237309503
 70
0
  0
VERTEX
  5
1166
  8
CUT
 10
729.0681610111793
 20
-1364.6286732533176
 30
0.0
 42
0.41421356237309503
 70
0
  0
VERTEX
  5
1167
  8
CUT
 10
733.5936444107732
 20
-1364.6286732533174
 30
0.0
 42
0.41421356237309503
 70
0
  0
VERTEX
  5
1168
  8
CUT
 10
733.5936444107731
 20
-1360.1031898537237
 30
0.0
 70
0
  0
VERTEX
  5
1169
  8
CUT
 10
742.5031898537236
 20
-1351.1936444107732
 30
0.0
 42
0.41421356237309503
 70
0
  0
VERTEX
  5
116A
  8
CUT
 10
747.0286732533174
 20
-1351.1936444107735
 30
0.0
 42
0.41421356237309503
 70
0
  0
VERTEX
  5
116B
  8
CUT
 10
747.0286732533176
 20
-1346.6681610111796
 30
0.0
 42
0.41421356237309503
 70
0
  0
VERTEX
  5
116C
  8
CUT
 10
742.5031898537236
 20
-1346.6681610111793
 30
0.0
 70
0
  0
VERTEX
  5
116D
  8
CUT
 10
718.0372952246692
 20
-1322.202266382125
 30
0.0
 42
0.41421356237309503
 70
0
  0
VERTEX
  5
116E
  8
CUT
 10
718.0372952246692
 20
-1317.676782982531
 30
0.0
 42
0.41421356237309503
 70
0
  0
VERTEX
  5
116F
  8
CUT
 10
713.5118118250754
 20
-1317.6767829825308
 30
0.0
 42
0.41421356237309503
 70
0
  0
VERTEX
  5
1170
  8
CUT
 10
713.5118118250753
 20
-1322.202266382125
 30
0.0
 70
0
  0
SEQEND
  5
1160
  8
CUT
  0
POLYLINE
  5
1171
  8
CUT
 66
1
 10
0.0
 20
0.0
 30
0.0
 70
1
  0
VERTEX
  5
1173
  8
CUT
 10
781.6969845908892
 20
-1242.7958562758058
 30
0.0
 42
0.41421356237309503
 70
0
  0
VERTEX
  5
1174
  8
CUT
 10
777.3929941143198
 20
-1244.1943075540419
 30
0.0
 42
0.41421356237309503
 70
0
  0
VERTEX
  5
1175
  8
CUT
 10
778.791445392556
 20
-1248.4982980306113
 30
0.0
 42
0.41421356237309503
 70
0
  0
VERTEX
  5
1176
  8
CUT
 10
783.0954358691254
 20
-1247.0998467523752
 30
0.0
 70
0
  0
VERTEX
  5
1177
  8
CUT
 10
813.924261606043
 20
-1262.8079180433635
 30
0.0
 42
0.41421356237309503
 70
0
  0
VERTEX
  5
1178
  8
CUT
 10
815.3227128842792
 20
-1267.1119085199327
 30
0.0
 42
0.41421356237309503
 70
0
  0
VERTEX
  5
1179
  8
CUT
 10
819.6267033608483
 20
-1265.7134572416965
 30
0.0
 42
0.41421356237309503
 70
0
  0
VERTEX
  5
117A
  8
CUT
 10
818.2282520826122
 20
-1261.4094667651275
 30
0.0
 70
0
  0
VERTEX
  5
117B
  8
CUT
 10
823.9485323793306
 20
-1250.1827845603539
 30
0.0
 42
0.41421356237309503
 70
0
  0
VERTEX
  5
117C
  8
CUT
 10
828.2525228558998
 20
-1248.7843332821176
 30
0.0
 42
0.41421356237309503
 70
0
  0
VERTEX
  5
117D
  8
CUT
 10
826.8540715776635
 20
-1244.4803428055484
 30
0.0
 42
0.41421356237309503
 70
0
  0
VERTEX
  5
117E
  8
CUT
 10
822.5500811010943
 20
-1245.8787940837847
 30
0.0
 70
0
  0
VERTEX
  5
117F
  8
CUT
 10
791.7212553641768
 20
-1230.1707227927964
 30
0.0
 42
0.41421356237309503
 70
0
  0
VERTEX
  5
1180
  8
CUT
 10
790.3228040859409
 20
-1225.866732316227
 30
0.0
 42
0.41421356237309503
 70
0
  0
VERTEX
  5
1181
  8
CUT
 10
786.0188136093716
 20
-1227.265183594463
 30
0.0
 42
0.41421356237309503
 70
0
  0
VERTEX
  5
1182
  8
CUT
 10
787.4172648876075
 20
-1231.5691740710324
 30
0.0
 70
0
  0
SEQEND
  5
1172
  8
CUT
  0
POLYLINE
  5
1183
  8
CUT
 66
1
 10
0.0
 20
0.0
 30
0.0
 70
1
  0
VERTEX
  5
1185
  8
CUT
 10
813.9220033874897
 20
-1130.1032051133602
 30
0.0
 42
0.41421356237309503
 70
0
  0
VERTEX
  5
1186
  8
CUT
 10
810.2608104094566
 20
-1132.763217515136
 30
0.0
 42
0.41421356237309503
 70
0
  0
VERTEX
  5
1187
  8
CUT
 10
812.9208228112323
 20
-1136.424410493169
 30
0.0
 42
0.41421356237309503
 70
0
  0
VERTEX
  5
1188
  8
CUT
 10
816.5820157892654
 20
-1133.7643980913933
 30
0.0
 70
0
  0
VERTEX
  5
1189
  8
CUT
 10
850.7560323738571
 20
-1139.1770305817854
 30
0.0
 42
0.41421356237309503
 70
0
  0
VERTEX
  5
118A
  8
CUT
 10
853.4160447756328
 20
-1142.8382235598185
 30
0.0
 42
0.41421356237309503
 70
0
  0
VERTEX
  5
118B
  8
CUT
 10
857.0772377536659
 20
-1140.1782111580428
 30
0.0
 42
0.41421356237309503
 70
0
  0
VERTEX
  5
118C
  8
CUT
 10
854.4172253518902
 20
-1136.5170181800097
 30
0.0
 70
0
  0
VERTEX
  5
118D
  8
CUT
 10
856.3882996113973
 20
-1124.072145088511
 30
0.0
 42
0.41421356237309503
 70
0
  0
VERTEX
  5
118E
  8
CUT
 10
860.0494925894304
 20
-1121.4121326867353
 30
0.0
 42
0.41421356237309503
 70
0
  0
VERTEX
  5
118F
  8
CUT
 10
857.3894801876547
 20
-1117.7509397087022
 30
0.0
 42
0.41421356237309503
 70
0
  0
VERTEX
  5
1190
  8
CUT
 10
853.7282872096215
 20
-1120.4109521104779
 30
0.0
 70
0
  0
VERTEX
  5
1191
  8
CUT
 10
819.5542706250297
 20
-1114.9983196200858
 30
0.0
 42
0.41421356237309503
 70
0
  0
VERTEX
  5
1192
  8
CUT
 10
816.8942582232539
 20
-1111.3371266420527
 30
0.0
 42
0.41421356237309503
 70
0
  0
VERTEX
  5
1193
  8
CUT
 10
813.2330652452207
 20
-1113.9971390438284
 30
0.0
 42
0.41421356237309503
 70
0
  0
VERTEX
  5
1194
  8
CUT
 10
815.8930776469965
 20
-1117.6583320218615
 30
0.0
 70
0
  0
SEQEND
  5
1184
  8
CUT
  0
POLYLINE
  5
1195
  8
CUT
 66
1
 10
0.0
 20
0.0
 30
0.0
 70
1
  0
VERTEX
  5
1197
  8
CUT
 10
1679.4
 20
-661.8
 30
0.0
 70
0
  0
VERTEX
  5
1198
  8
CUT
 10
1679.325881624511
 20
-646.7447524658639
 30
0.0
 70
0
  0
VERTEX
  5
1199
  8
CUT
 10
1679.0081450678697
 20
-631.6749598561064
 30
0.0
 70
0
  0
VERTEX
  5
119A
  8
CUT
 10
1678.3606591671853
 20
-616.5882928768536
 30
0.0
 70
0
  0
VERTEX
  5
119B
  8
CUT
 10
1677.3212232664223
 20
-601.4909450936257
 30
0.0
 70
0
  0
VERTEX
  5
119C
  8
CUT
 10
1675.83805902247
 20
-586.3958722165395
 30
0.0
 70
0
  0
VERTEX
  5
119D
  8
CUT
 10
1673.8659956479942
 20
-571.3218995452157
 30
0.0
 70
0
  0
VERTEX
  5
119E
  8
CUT
 10
1671.3650261250698
 20
-556.293109163154
 30
0.0
 70
0
  0
VERTEX
  5
119F
  8
CUT
 10
1668.2998226876907
 20
-541.3383142862112
 30
0.0
 70
0
  0
VERTEX
  5
11A0
  8
CUT
 10
1664.6397245827143
 20
-526.4905311892692
 30
0.0
 70
0
  0
VERTEX
  5
11A1
  8
CUT
 10
1660.358975544565
 20
-511.7864011161266
 30
0.0
 70
0
  0
VERTEX
  5
11A2
  8
CUT
 10
1655.437085180615
 20
-497.2655374543658
 30
0.0
 70
0
  0
VERTEX
  5
11A3
  8
CUT
 10
1649.8592297732878
 20
-482.96978918599973
 30
0.0
 70
0
  0
VERTEX
  5
11A4
  8
CUT
 10
1643.616628455969
 20
-468.94242424118465
 30
0.0
 70
0
  0
VERTEX
  5
11A5
  8
CUT
 10
1636.7068432664594
 20
-455.2272471701956
 30
0.0
 70
0
  0
VERTEX
  5
11A6
  8
CUT
 10
1629.1339617264643
 20
-441.86767465375533
 30
0.0
 70
0
  0
VERTEX
  5
11A7
  8
CUT
 10
1620.9086307567686
 20
-428.9057994480049
 30
0.0
 70
0
  0
VERTEX
  5
11A8
  8
CUT
 10
1612.0479217983063
 20
-416.3814779116251
 30
0.0
 70
0
  0
VERTEX
  5
11A9
  8
CUT
 10
1602.5750189574555
 20
-404.3314778647025
 30
0.0
 70
0
  0
VERTEX
  5
11AA
  8
CUT
 10
1592.518734261711
 20
-392.7887219843392
 30
0.0
 70
0
  0
VERTEX
  5
11AB
  8
CUT
 10
1581.9128658214402
 20
-381.78165737011636
 30
0.0
 70
0
  0
VERTEX
  5
11AC
  8
CUT
 10
1570.7954248736467
 20
-371.3337747717885
 30
0.0
 70
0
  0
VERTEX
  5
11AD
  8
CUT
 10
1559.2077654649818
 20
-361.463292012636
 30
0.0
 70
0
  0
VERTEX
  5
11AE
  8
CUT
 10
1547.1936553008584
 20
-352.1830063049126
 30
0.0
 70
0
  0
VERTEX
  5
11AF
  8
CUT
 10
1534.7983277854455
 20
-343.50031043236504
 30
0.0
 70
0
  0
VERTEX
  5
11B0
  8
CUT
 10
1522.0675536221254
 20
-335.4173590758446
 30
0.0
 70
0
  0
VERTEX
  5
11B1
  8
CUT
 10
1509.0467659905214
 20
-327.931364585806
 30
0.0
 70
0
  0
VERTEX
  5
11B2
  8
CUT
 10
1495.7802669613209
 20
-321.0349966890112
 30
0.0
 70
0
  0
VERTEX
  5
11B3
  8
CUT
 10
1482.3105352712028
 20
-314.71685808928964
 30
0.0
 70
0
  0
VERTEX
  5
11B4
  8
CUT
 10
1468.6776476724413
 20
-308.96200754804477
 30
0.0
 70
0
  0
VERTEX
  5
11B5
  8
CUT
 10
1454.9188185065852
 20
-303.7525034659848
 30
0.0
 70
0
  0
VERTEX
  5
11B6
  8
CUT
 10
1441.0680554688984
 20
-299.06794375975824
 30
0.0
 70
0
  0
VERTEX
  5
11B7
  8
CUT
 10
1427.1559240685476
 20
-294.8859814088837
 30
0.0
 70
0
  0
VERTEX
  5
11B8
  8
CUT
 10
1413.209409189249
 20
-291.1827989207386
 30
0.0
 70
0
  0
VERTEX
  5
11B9
  8
CUT
 10
1399.2518593853738
 20
-287.9335286511746
 30
0.0
 70
0
  0
VERTEX
  5
11BA
  8
CUT
 10
1385.302997945531
 20
-285.1126090051205
 30
0.0
 70
0
  0
VERTEX
  5
11BB
  8
CUT
 10
1371.3789840611887
 20
-282.69406862890673
 30
0.0
 70
0
  0
VERTEX
  5
11BC
  8
CUT
 10
1357.4925073274442
 20
-280.6517313426825
 30
0.0
 70
0
  0
VERTEX
  5
11BD
  8
CUT
 10
1343.6528988921762
 20
-278.9593330725347
 30
0.0
 70
0
  0
VERTEX
  5
11BE
  8
CUT
 10
1329.8662423817184
 20
-277.5905371630022
 30
0.0
 70
0
  0
VERTEX
  5
11BF
  8
CUT
 10
1316.1354665860094
 20
-276.51882344351816
 30
0.0
 70
0
  0
VERTEX
  5
11C0
  8
CUT
 10
1302.4603986019679
 20
-275.7172026630583
 30
0.0
 70
0
  0
VERTEX
  5
11C1
  8
CUT
 10
1288.8377481818743
 20
-275.1576531987257
 30
0.0
 70
0
  0
VERTEX
  5
11C2
  8
CUT
 10
1275.2609747568072
 20
-274.81003142159307
 30
0.0
 70
0
  0
VERTEX
  5
11C3
  8
CUT
 10
1261.7199353537085
 20
-274.63970684255673
 30
0.0
 70
0
  0
VERTEX
  5
11C4
  8
CUT
 10
1248.2
 20
-274.5999999999999
 30
0.0
 70
0
  0
VERTEX
  5
11C5
  8
CUT
 10
1234.6800646462914
 20
-274.63970684255673
 30
0.0
 70
0
  0
VERTEX
  5
11C6
  8
CUT
 10
1221.1390252431927
 20
-274.81003142159307
 30
0.0
 70
0
  0
VERTEX
  5
11C7
  8
CUT
 10
1207.5622518181256
 20
-275.1576531987257
 30
0.0
 70
0
  0
VERTEX
  5
11C8
  8
CUT
 10
1193.939601398032
 20
-275.7172026630583
 30
0.0
 70
0
  0
VERTEX
  5
11C9
  8
CUT
 10
1180.2645334139906
 20
-276.51882344351816
 30
0.0
 70
0
  0
VERTEX
  5
11CA
  8
CUT
 10
1166.5337576182815
 20
-277.5905371630022
 30
0.0
 70
0
  0
VERTEX
  5
11CB
  8
CUT
 10
1152.7471011078237
 20
-278.9593330725347
 30
0.0
 70
0
  0
VERTEX
  5
11CC
  8
CUT
 10
1138.9074926725557
 20
-280.6517313426825
 30
0.0
 70
0
  0
VERTEX
  5
11CD
  8
CUT
 10
1125.0210159388114
 20
-282.69406862890673
 30
0.0
 70
0
  0
VERTEX
  5
11CE
  8
CUT
 10
1111.0970020544692
 20
-285.1126090051205
 30
0.0
 70
0
  0
VERTEX
  5
11CF
  8
CUT
 10
1097.1481406146263
 20
-287.9335286511746
 30
0.0
 70
0
  0
VERTEX
  5
11D0
  8
CUT
 10
1083.190590810751
 20
-291.1827989207386
 30
0.0
 70
0
  0
VERTEX
  5
11D1
  8
CUT
 10
1069.2440759314522
 20
-294.8859814088837
 30
0.0
 70
0
  0
VERTEX
  5
11D2
  8
CUT
 10
1055.3319445311015
 20
-299.06794375975824
 30
0.0
 70
0
  0
VERTEX
  5
11D3
  8
CUT
 10
1041.4811814934149
 20
-303.7525034659848
 30
0.0
 70
0
  0
VERTEX
  5
11D4
  8
CUT
 10
1027.7223523275586
 20
-308.96200754804477
 30
0.0
 70
0
  0
VERTEX
  5
11D5
  8
CUT
 10
1014.0894647287973
 20
-314.71685808928964
 30
0.0
 70
0
  0
VERTEX
  5
11D6
  8
CUT
 10
1000.6197330386791
 20
-321.0349966890112
 30
0.0
 70
0
  0
VERTEX
  5
11D7
  8
CUT
 10
987.3532340094786
 20
-327.931364585806
 30
0.0
 70
0
  0
VERTEX
  5
11D8
  8
CUT
 10
974.3324463778747
 20
-335.4173590758446
 30
0.0
 70
0
  0
VERTEX
  5
11D9
  8
CUT
 10
961.6016722145546
 20
-343.50031043236504
 30
0.0
 70
0
  0
VERTEX
  5
11DA
  8
CUT
 10
949.2063446991415
 20
-352.1830063049126
 30
0.0
 70
0
  0
VERTEX
  5
11DB
  8
CUT
 10
937.1922345350181
 20
-361.463292012636
 30
0.0
 70
0
  0
VERTEX
  5
11DC
  8
CUT
 10
925.6045751263533
 20
-371.3337747717883
 30
0.0
 70
0
  0
VERTEX
  5
11DD
  8
CUT
 10
914.4871341785599
 20
-381.78165737011636
 30
0.0
 70
0
  0
VERTEX
  5
11DE
  8
CUT
 10
903.8812657382891
 20
-392.7887219843392
 30
0.0
 70
0
  0
VERTEX
  5
11DF
  8
CUT
 10
893.8249810425444
 20
-404.3314778647025
 30
0.0
 70
0
  0
VERTEX
  5
11E0
  8
CUT
 10
884.3520782016936
 20
-416.3814779116251
 30
0.0
 70
0
  0
VERTEX
  5
11E1
  8
CUT
 10
875.4913692432312
 20
-428.9057994480049
 30
0.0
 70
0
  0
VERTEX
  5
11E2
  8
CUT
 10
867.2660382735356
 20
-441.86767465375533
 30
0.0
 70
0
  0
VERTEX
  5
11E3
  8
CUT
 10
859.6931567335406
 20
-455.2272471701957
 30
0.0
 70
0
  0
VERTEX
  5
11E4
  8
CUT
 10
852.7833715440308
 20
-468.94242424118465
 30
0.0
 70
0
  0
VERTEX
  5
11E5
  8
CUT
 10
846.5407702267122
 20
-482.9697891859996
 30
0.0
 70
0
  0
VERTEX
  5
11E6
  8
CUT
 10
840.9629148193851
 20
-497.2655374543657
 30
0.0
 70
0
  0
VERTEX
  5
11E7
  8
CUT
 10
836.0410244554348
 20
-511.7864011161265
 30
0.0
 70
0
  0
VERTEX
  5
11E8
  8
CUT
 10
831.7602754172856
 20
-526.4905311892692
 30
0.0
 70
0
  0
VERTEX
  5
11E9
  8
CUT
 10
828.1001773123091
 20
-541.3383142862112
 30
0.0
 70
0
  0
VERTEX
  5
11EA
  8
CUT
 10
825.0349738749302
 20
-556.293109163154
 30
0.0
 70
0
  0
VERTEX
  5
11EB
  8
CUT
 10
822.5340043520057
 20
-571.3218995452157
 30
0.0
 70
0
  0
VERTEX
  5
11EC
  8
CUT
 10
820.5619409775301
 20
-586.3958722165395
 30
0.0
 70
0
  0
VERTEX
  5
11ED
  8
CUT
 10
819.0787767335777
 20
-601.4909450936257
 30
0.0
 70
0
  0
VERTEX
  5
11EE
  8
CUT
 10
818.0393408328148
 20
-616.5882928768535
 30
0.0
 70
0
  0
VERTEX
  5
11EF
  8
CUT
 10
817.3918549321304
 20
-631.6749598561064
 30
0.0
 70
0
  0
VERTEX
  5
11F0
  8
CUT
 10
817.0741183754889
 20
-646.7447524658638
 30
0.0
 70
0
  0
VERTEX
  5
11F1
  8
CUT
 10
817.0
 20
-661.8
 30
0.0
 70
0
  0
VERTEX
  5
11F2
  8
CUT
 10
817.0741183754889
 20
-676.855247534136
 30
0.0
 70
0
  0
VERTEX
  5
11F3
  8
CUT
 10
817.3918549321304
 20
-691.9250401438934
 30
0.0
 70
0
  0
VERTEX
  5
11F4
  8
CUT
 10
818.0393408328147
 20
-707.0117071231463
 30
0.0
 70
0
  0
VERTEX
  5
11F5
  8
CUT
 10
819.0787767335777
 20
-722.1090549063742
 30
0.0
 70
0
  0
VERTEX
  5
11F6
  8
CUT
 10
820.5619409775302
 20
-737.2041277834605
 30
0.0
 70
0
  0
VERTEX
  5
11F7
  8
CUT
 10
822.5340043520057
 20
-752.2781004547843
 30
0.0
 70
0
  0
VERTEX
  5
11F8
  8
CUT
 10
825.0349738749301
 20
-767.3068908368459
 30
0.0
 70
0
  0
VERTEX
  5
11F9
  8
CUT
 10
828.1001773123091
 20
-782.2616857137886
 30
0.0
 70
0
  0
VERTEX
  5
11FA
  8
CUT
 10
831.7602754172857
 20
-797.1094688107306
 30
0.0
 70
0
  0
VERTEX
  5
11FB
  8
CUT
 10
836.0410244554348
 20
-811.8135988838733
 30
0.0
 70
0
  0
VERTEX
  5
11FC
  8
CUT
 10
840.962914819385
 20
-826.3344625456341
 30
0.0
 70
0
  0
VERTEX
  5
11FD
  8
CUT
 10
846.5407702267121
 20
-840.6302108140002
 30
0.0
 70
0
  0
VERTEX
  5
11FE
  8
CUT
 10
852.7833715440308
 20
-854.6575757588153
 30
0.0
 70
0
  0
VERTEX
  5
11FF
  8
CUT
 10
859.6931567335406
 20
-868.3727528298043
 30
0.0
 70
0
  0
VERTEX
  5
1200
  8
CUT
 10
867.2660382735357
 20
-881.7323253462448
 30
0.0
 70
0
  0
VERTEX
  5
1201
  8
CUT
 10
875.4913692432312
 20
-894.6942005519948
 30
0.0
 70
0
  0
VERTEX
  5
1202
  8
CUT
 10
884.3520782016935
 20
-907.2185220883747
 30
0.0
 70
0
  0
VERTEX
  5
1203
  8
CUT
 10
893.8249810425443
 20
-919.2685221352974
 30
0.0
 70
0
  0
VERTEX
  5
1204
  8
CUT
 10
903.8812657382891
 20
-930.8112780156607
 30
0.0
 70
0
  0
VERTEX
  5
1205
  8
CUT
 10
914.4871341785599
 20
-941.8183426298835
 30
0.0
 70
0
  0
VERTEX
  5
1206
  8
CUT
 10
925.6045751263532
 20
-952.2662252282114
 30
0.0
 70
0
  0
VERTEX
  5
1207
  8
CUT
 10
937.1922345350183
 20
-962.136707987364
 30
0.0
 70
0
  0
VERTEX
  5
1208
  8
CUT
 10
949.2063446991416
 20
-971.4169936950873
 30
0.0
 70
0
  0
VERTEX
  5
1209
  8
CUT
 10
961.6016722145546
 20
-980.0996895676349
 30
0.0
 70
0
  0
VERTEX
  5
120A
  8
CUT
 10
974.3324463778747
 20
-988.1826409241552
 30
0.0
 70
0
  0
VERTEX
  5
120B
  8
CUT
 10
987.3532340094787
 20
-995.6686354141941
 30
0.0
 70
0
  0
VERTEX
  5
120C
  8
CUT
 10
1000.619733038679
 20
-1002.5650033109887
 30
0.0
 70
0
  0
VERTEX
  5
120D
  8
CUT
 10
1014.0894647287973
 20
-1008.8831419107104
 30
0.0
 70
0
  0
VERTEX
  5
120E
  8
CUT
 10
1027.7223523275586
 20
-1014.6379924519551
 30
0.0
 70
0
  0
VERTEX
  5
120F
  8
CUT
 10
1041.4811814934146
 20
-1019.8474965340151
 30
0.0
 70
0
  0
VERTEX
  5
1210
  8
CUT
 10
1055.3319445311015
 20
-1024.5320562402417
 30
0.0
 70
0
  0
VERTEX
  5
1211
  8
CUT
 10
1069.2440759314522
 20
-1028.7140185911162
 30
0.0
 70
0
  0
VERTEX
  5
1212
  8
CUT
 10
1083.190590810751
 20
-1032.4172010792613
 30
0.0
 70
0
  0
VERTEX
  5
1213
  8
CUT
 10
1097.1481406146263
 20
-1035.6664713488253
 30
0.0
 70
0
  0
VERTEX
  5
1214
  8
CUT
 10
1111.0970020544692
 20
-1038.4873909948794
 30
0.0
 70
0
  0
VERTEX
  5
1215
  8
CUT
 10
1125.0210159388112
 20
-1040.9059313710932
 30
0.0
 70
0
  0
VERTEX
  5
1216
  8
CUT
 10
1138.907492672556
 20
-1042.9482686573174
 30
0.0
 70
0
  0
VERTEX
  5
1217
  8
CUT
 10
1152.7471011078237
 20
-1044.6406669274652
 30
0.0
 70
0
  0
VERTEX
  5
1218
  8
CUT
 10
1166.5337576182815
 20
-1046.0094628369977
 30
0.0
 70
0
  0
VERTEX
  5
1219
  8
CUT
 10
1180.2645334139906
 20
-1047.0811765564818
 30
0.0
 70
0
  0
VERTEX
  5
121A
  8
CUT
 10
1193.9396013980318
 20
-1047.8827973369416
 30
0.0
 70
0
  0
VERTEX
  5
121B
  8
CUT
 10
1207.5622518181256
 20
-1048.4423468012742
 30
0.0
 70
0
  0
VERTEX
  5
121C
  8
CUT
 10
1221.1390252431925
 20
-1048.7899685784068
 30
0.0
 70
0
  0
VERTEX
  5
121D
  8
CUT
 10
1234.6800646462916
 20
-1048.9602931574432
 30
0.0
 70
0
  0
VERTEX
  5
121E
  8
CUT
 10
1248.1999999999998
 20
-1049.0
 30
0.0
 70
0
  0
VERTEX
  5
121F
  8
CUT
 10
1261.7199353537087
 20
-1048.9602931574432
 30
0.0
 70
0
  0
VERTEX
  5
1220
  8
CUT
 10
1275.2609747568072
 20
-1048.7899685784068
 30
0.0
 70
0
  0
VERTEX
  5
1221
  8
CUT
 10
1288.8377481818743
 20
-1048.4423468012742
 30
0.0
 70
0
  0
VERTEX
  5
1222
  8
CUT
 10
1302.4603986019679
 20
-1047.8827973369416
 30
0.0
 70
0
  0
VERTEX
  5
1223
  8
CUT
 10
1316.1354665860094
 20
-1047.0811765564818
 30
0.0
 70
0
  0
VERTEX
  5
1224
  8
CUT
 10
1329.8662423817184
 20
-1046.0094628369977
 30
0.0
 70
0
  0
VERTEX
  5
1225
  8
CUT
 10
1343.6528988921762
 20
-1044.6406669274652
 30
0.0
 70
0
  0
VERTEX
  5
1226
  8
CUT
 10
1357.4925073274444
 20
-1042.9482686573174
 30
0.0
 70
0
  0
VERTEX
  5
1227
  8
CUT
 10
1371.3789840611885
 20
-1040.9059313710932
 30
0.0
 70
0
  0
VERTEX
  5
1228
  8
CUT
 10
1385.302997945531
 20
-1038.4873909948794
 30
0.0
 70
0
  0
VERTEX
  5
1229
  8
CUT
 10
1399.2518593853738
 20
-1035.6664713488253
 30
0.0
 70
0
  0
VERTEX
  5
122A
  8
CUT
 10
1413.2094091892486
 20
-1032.4172010792613
 30
0.0
 70
0
  0
VERTEX
  5
122B
  8
CUT
 10
1427.1559240685476
 20
-1028.7140185911162
 30
0.0
 70
0
  0
VERTEX
  5
122C
  8
CUT
 10
1441.0680554688984
 20
-1024.5320562402417
 30
0.0
 70
0
  0
VERTEX
  5
122D
  8
CUT
 10
1454.9188185065852
 20
-1019.847496534015
 30
0.0
 70
0
  0
VERTEX
  5
122E
  8
CUT
 10
1468.6776476724413
 20
-1014.6379924519551
 30
0.0
 70
0
  0
VERTEX
  5
122F
  8
CUT
 10
1482.3105352712028
 20
-1008.8831419107103
 30
0.0
 70
0
  0
VERTEX
  5
1230
  8
CUT
 10
1495.7802669613209
 20
-1002.5650033109887
 30
0.0
 70
0
  0
VERTEX
  5
1231
  8
CUT
 10
1509.0467659905214
 20
-995.6686354141939
 30
0.0
 70
0
  0
VERTEX
  5
1232
  8
CUT
 10
1522.0675536221252
 20
-988.1826409241553
 30
0.0
 70
0
  0
VERTEX
  5
1233
  8
CUT
 10
1534.798327785445
 20
-980.0996895676349
 30
0.0
 70
0
  0
VERTEX
  5
1234
  8
CUT
 10
1547.1936553008584
 20
-971.4169936950873
 30
0.0
 70
0
  0
VERTEX
  5
1235
  8
CUT
 10
1559.2077654649815
 20
-962.1367079873642
 30
0.0
 70
0
  0
VERTEX
  5
1236
  8
CUT
 10
1570.7954248736467
 20
-952.2662252282114
 30
0.0
 70
0
  0
VERTEX
  5
1237
  8
CUT
 10
1581.91286582144
 20
-941.8183426298835
 30
0.0
 70
0
  0
VERTEX
  5
1238
  8
CUT
 10
1592.518734261711
 20
-930.8112780156607
 30
0.0
 70
0
  0
VERTEX
  5
1239
  8
CUT
 10
1602.5750189574555
 20
-919.2685221352974
 30
0.0
 70
0
  0
VERTEX
  5
123A
  8
CUT
 10
1612.0479217983066
 20
-907.2185220883747
 30
0.0
 70
0
  0
VERTEX
  5
123B
  8
CUT
 10
1620.9086307567686
 20
-894.6942005519949
 30
0.0
 70
0
  0
VERTEX
  5
123C
  8
CUT
 10
1629.1339617264641
 20
-881.7323253462449
 30
0.0
 70
0
  0
VERTEX
  5
123D
  8
CUT
 10
1636.7068432664594
 20
-868.3727528298043
 30
0.0
 70
0
  0
VERTEX
  5
123E
  8
CUT
 10
1643.616628455969
 20
-854.6575757588155
 30
0.0
 70
0
  0
VERTEX
  5
123F
  8
CUT
 10
1649.859229773288
 20
-840.6302108140001
 30
0.0
 70
0
  0
VERTEX
  5
1240
  8
CUT
 10
1655.437085180615
 20
-826.3344625456342
 30
0.0
 70
0
  0
VERTEX
  5
1241
  8
CUT
 10
1660.358975544565
 20
-811.8135988838733
 30
0.0
 70
0
  0
VERTEX
  5
1242
  8
CUT
 10
1664.6397245827143
 20
-797.1094688107307
 30
0.0
 70
0
  0
VERTEX
  5
1243
  8
CUT
 10
1668.2998226876907
 20
-782.2616857137886
 30
0.0
 70
0
  0
VERTEX
  5
1244
  8
CUT
 10
1671.3650261250698
 20
-767.306890836846
 30
0.0
 70
0
  0
VERTEX
  5
1245
  8
CUT
 10
1673.8659956479942
 20
-752.2781004547844
 30
0.0
 70
0
  0
VERTEX
  5
1246
  8
CUT
 10
1675.83805902247
 20
-737.2041277834604
 30
0.0
 70
0
  0
VERTEX
  5
1247
  8
CUT
 10
1677.3212232664223
 20
-722.1090549063745
 30
0.0
 70
0
  0
VERTEX
  5
1248
  8
CUT
 10
1678.3606591671853
 20
-707.0117071231463
 30
0.0
 70
0
  0
VERTEX
  5
1249
  8
CUT
 10
1679.0081450678697
 20
-691.9250401438935
 30
0.0
 70
0
  0
VERTEX
  5
124A
  8
CUT
 10
1679.325881624511
 20
-676.855247534136
 30
0.0
 70
0
  0
SEQEND
  5
1196
  8
CUT
  0
POLYLINE
  5
124B
  8
CUT
 66
1
 10
0.0
 20
0.0
 30
0.0
 70
1
  0
VERTEX
  5
124D
  8
CUT
 10
1569.3928906524106
 20
-673.0163028968609
 30
0.0
 70
0
  0
VERTEX
  5
124E
  8
CUT
 10
1569.276099539289
 20
-684.2518280320398
 30
0.0
 70
0
  0
VERTEX
  5
124F
  8
CUT
 10
1568.9632506766752
 20
-695.5135761637043
 30
0.0
 70
0
  0
VERTEX
  5
1250
  8
CUT
 10
1568.3917357048495
 20
-706.8000138007671
 30
0.0
 70
0
  0
VERTEX
  5
1251
  8
CUT
 10
1567.509206191127
 20
-718.1028282400981
 30
0.0
 70
0
  0
VERTEX
  5
1252
  8
CUT
 10
1566.2697595672755
 20
-729.4078144648308
 30
0.0
 70
0
  0
VERTEX
  5
1253
  8
CUT
 10
1564.6324962347103
 20
-740.6954823208825
 30
0.0
 70
0
  0
VERTEX
  5
1254
  8
CUT
 10
1562.5610361344757
 20
-751.9415765739186
 30
0.0
 70
0
  0
VERTEX
  5
1255
  8
CUT
 10
1560.0235077902473
 20
-763.1175994294865
 30
0.0
 70
0
  0
VERTEX
  5
1256
  8
CUT
 10
1556.9927872581152
 20
-774.1913831180498
 30
0.0
 70
0
  0
VERTEX
  5
1257
  8
CUT
 10
1553.4468611782684
 20
-785.1277372698839
 30
0.0
 70
0
  0
VERTEX
  5
1258
  8
CUT
 10
1549.3692294326017
 20
-795.8891800756621
 30
0.0
 70
0
  0
VERTEX
  5
1259
  8
CUT
 10
1544.7492833630608
 20
-806.4367496120169
 30
0.0
 70
0
  0
VERTEX
  5
125A
  8
CUT
 10
1539.5826080519773
 20
-816.7308809233564
 30
0.0
 70
0
  0
VERTEX
  5
125B
  8
CUT
 10
1533.871167310176
 20
-826.7323253462448
 30
0.0
 70
0
  0
VERTEX
  5
125C
  8
CUT
 10
1527.6233401795616
 20
-836.4030814863423
 30
0.0
 70
0
  0
VERTEX
  5
125D
  8
CUT
 10
1520.8537888172518
 20
-845.7073027065926
 30
0.0
 70
0
  0
VERTEX
  5
125E
  8
CUT
 10
1513.5831495762113
 20
-854.6121443831254
 30
0.0
 70
0
  0
VERTEX
  5
125F
  8
CUT
 10
1505.8375513649714
 20
-863.0885157298383
 30
0.0
 70
0
  0
VERTEX
  5
1260
  8
CUT
 10
1497.6479770783526
 20
-871.1117055643642
 30
0.0
 70
0
  0
VERTEX
  5
1261
  8
CUT
 10
1489.0494940711333
 20
-878.661858528737
 30
0.0
 70
0
  0
VERTEX
  5
1262
  8
CUT
 10
1480.08038742773
 20
-885.7242872368745
 30
0.0
 70
0
  0
VERTEX
  5
1263
  8
CUT
 10
1470.7812345503687
 20
-892.2896156578356
 30
0.0
 70
0
  0
VERTEX
  5
1264
  8
CUT
 10
1461.1939610859708
 20
-898.3537587651215
 30
0.0
 70
0
  0
VERTEX
  5
1265
  8
CUT
 10
1451.3609165566058
 20
-903.9177521810676
 30
0.0
 70
0
  0
VERTEX
  5
1266
  8
CUT
 10
1441.324003704699
 20
-908.9874525174545
 30
0.0
 70
0
  0
VERTEX
  5
1267
  8
CUT
 10
1431.1238892091487
 20
-913.5731339297445
 30
0.0
 70
0
  0
VERTEX
  5
1268
  8
CUT
 10
1420.7993158894205
 20
-917.6890089296558
 30
0.0
 70
0
  0
VERTEX
  5
1269
  8
CUT
 10
1410.3865286067887
 20
-921.3527018747483
 30
0.0
 70
0
  0
VERTEX
  5
126A
  8
CUT
 10
1399.9188185065852
 20
-924.5847021177268
 30
0.0
 70
0
  0
VERTEX
  5
126B
  8
CUT
 10
1389.4261835624502
 20
-927.4078210257596
 30
0.0
 70
0
  0
VERTEX
  5
126C
  8
CUT
 10
1378.9350979217493
 20
-929.8466734982078
 30
0.0
 70
0
  0
VERTEX
  5
126D
  8
CUT
 10
1368.4683784509107
 20
-931.9272007385753
 30
0.0
 70
0
  0
VERTEX
  5
126E
  8
CUT
 10
1358.0451341096232
 20
-933.6762473464787
 30
0.0
 70
0
  0
VERTEX
  5
126F
  8
CUT
 10
1347.6807821797074
 20
-935.1212027084296
 30
0.0
 70
0
  0
VERTEX
  5
1270
  8
CUT
 10
1337.3871146799443
 20
-936.2897145786262
 30
0.0
 70
0
  0
VERTEX
  5
1271
  8
CUT
 10
1327.1723981875743
 20
-937.2094821041023
 30
0.0
 70
0
  0
VERTEX
  5
1272
  8
CUT
 10
1317.0414903762128
 20
-937.9081370371057
 30
0.0
 70
0
  0
VERTEX
  5
1273
  8
CUT
 10
1306.9959563917648
 20
-938.4132267562792
 30
0.0
 70
0
  0
VERTEX
  5
1274
  8
CUT
 10
1297.034167042647
 20
-938.7523237251389
 30
0.0
 70
0
  0
VERTEX
  5
1275
  8
CUT
 10
1287.1513574963608
 20
-938.9533097753689
 30
0.0
 70
0
  0
VERTEX
  5
1276
  8
CUT
 10
1277.3396172224325
 20
-939.0449383107641
 30
0.0
 70
0
  0
VERTEX
  5
1277
  8
CUT
 10
1267.5877626449535
 20
-939.0579230498263
 30
0.0
 70
0
  0
VERTEX
  5
1278
  8
CUT
 10
1257.8809907164336
 20
-939.0273021853426
 30
0.0
 70
0
  0
VERTEX
  5
1279
  8
CUT
 10
1248.1999999999998
 20
-939.0
 30
0.0
 70
0
  0
VERTEX
  5
127A
  8
CUT
 10
1238.5190092835667
 20
-939.0273021853426
 30
0.0
 70
0
  0
VERTEX
  5
127B
  8
CUT
 10
1228.8122373550464
 20
-939.0579230498263
 30
0.0
 70
0
  0
VERTEX
  5
127C
  8
CUT
 10
1219.0603827775676
 20
-939.0449383107641
 30
0.0
 70
0
  0
VERTEX
  5
127D
  8
CUT
 10
1209.248642503639
 20
-938.953309775369
 30
0.0
 70
0
  0
VERTEX
  5
127E
  8
CUT
 10
1199.3658329573527
 20
-938.7523237251389
 30
0.0
 70
0
  0
VERTEX
  5
127F
  8
CUT
 10
1189.404043608235
 20
-938.4132267562792
 30
0.0
 70
0
  0
VERTEX
  5
1280
  8
CUT
 10
1179.358509623787
 20
-937.9081370371055
 30
0.0
 70
0
  0
VERTEX
  5
1281
  8
CUT
 10
1169.2276018124257
 20
-937.2094821041023
 30
0.0
 70
0
  0
VERTEX
  5
1282
  8
CUT
 10
1159.0128853200556
 20
-936.2897145786262
 30
0.0
 70
0
  0
VERTEX
  5
1283
  8
CUT
 10
1148.7192178202927
 20
-935.1212027084296
 30
0.0
 70
0
  0
VERTEX
  5
1284
  8
CUT
 10
1138.3548658903765
 20
-933.6762473464787
 30
0.0
 70
0
  0
VERTEX
  5
1285
  8
CUT
 10
1127.931621549089
 20
-931.9272007385753
 30
0.0
 70
0
  0
VERTEX
  5
1286
  8
CUT
 10
1117.4649020782508
 20
-929.8466734982078
 30
0.0
 70
0
  0
VERTEX
  5
1287
  8
CUT
 10
1106.9738164375494
 20
-927.4078210257596
 30
0.0
 70
0
  0
VERTEX
  5
1288
  8
CUT
 10
1096.4811814934146
 20
-924.5847021177268
 30
0.0
 70
0
  0
VERTEX
  5
1289
  8
CUT
 10
1086.0134713932111
 20
-921.3527018747482
 30
0.0
 70
0
  0
VERTEX
  5
128A
  8
CUT
 10
1075.6006841105796
 20
-917.6890089296558
 30
0.0
 70
0
  0
VERTEX
  5
128B
  8
CUT
 10
1065.276110790851
 20
-913.5731339297445
 30
0.0
 70
0
  0
VERTEX
  5
128C
  8
CUT
 10
1055.0759962953011
 20
-908.9874525174546
 30
0.0
 70
0
  0
VERTEX
  5
128D
  8
CUT
 10
1045.039083443394
 20
-903.9177521810676
 30
0.0
 70
0
  0
VERTEX
  5
128E
  8
CUT
 10
1035.206038914029
 20
-898.3537587651215
 30
0.0
 70
0
  0
VERTEX
  5
128F
  8
CUT
 10
1025.6187654496312
 20
-892.2896156578356
 30
0.0
 70
0
  0
VERTEX
  5
1290
  8
CUT
 10
1016.3196125722699
 20
-885.7242872368744
 30
0.0
 70
0
  0
VERTEX
  5
1291
  8
CUT
 10
1007.3505059288666
 20
-878.6618585287371
 30
0.0
 70
0
  0
VERTEX
  5
1292
  8
CUT
 10
998.7520229216475
 20
-871.1117055643641
 30
0.0
 70
0
  0
VERTEX
  5
1293
  8
CUT
 10
990.5624486350284
 20
-863.0885157298383
 30
0.0
 70
0
  0
VERTEX
  5
1294
  8
CUT
 10
982.8168504237885
 20
-854.6121443831254
 30
0.0
 70
0
  0
VERTEX
  5
1295
  8
CUT
 10
975.5462111827482
 20
-845.7073027065926
 30
0.0
 70
0
  0
VERTEX
  5
1296
  8
CUT
 10
968.7766598204382
 20
-836.4030814863422
 30
0.0
 70
0
  0
VERTEX
  5
1297
  8
CUT
 10
962.528832689824
 20
-826.7323253462448
 30
0.0
 70
0
  0
VERTEX
  5
1298
  8
CUT
 10
956.8173919480225
 20
-816.7308809233564
 30
0.0
 70
0
  0
VERTEX
  5
1299
  8
CUT
 10
951.6507166369393
 20
-806.4367496120168
 30
0.0
 70
0
  0
VERTEX
  5
129A
  8
CUT
 10
947.0307705673982
 20
-795.8891800756621
 30
0.0
 70
0
  0
VERTEX
  5
129B
  8
CUT
 10
942.9531388217316
 20
-785.1277372698837
 30
0.0
 70
0
  0
VERTEX
  5
129C
  8
CUT
 10
939.4072127418847
 20
-774.1913831180498
 30
0.0
 70
0
  0
VERTEX
  5
129D
  8
CUT
 10
936.3764922097525
 20
-763.1175994294864
 30
0.0
 70
0
  0
VERTEX
  5
129E
  8
CUT
 10
933.8389638655243
 20
-751.9415765739187
 30
0.0
 70
0
  0
VERTEX
  5
129F
  8
CUT
 10
931.7675037652898
 20
-740.6954823208825
 30
0.0
 70
0
  0
VERTEX
  5
12A0
  8
CUT
 10
930.1302404327243
 20
-729.4078144648307
 30
0.0
 70
0
  0
VERTEX
  5
12A1
  8
CUT
 10
928.890793808873
 20
-718.1028282400981
 30
0.0
 70
0
  0
VERTEX
  5
12A2
  8
CUT
 10
928.0082642951504
 20
-706.800013800767
 30
0.0
 70
0
  0
VERTEX
  5
12A3
  8
CUT
 10
927.4367493233248
 20
-695.5135761637043
 30
0.0
 70
0
  0
VERTEX
  5
12A4
  8
CUT
 10
927.123900460711
 20
-684.2518280320396
 30
0.0
 70
0
  0
VERTEX
  5
12A5
  8
CUT
 10
927.0071093475894
 20
-673.0163028968609
 30
0.0
 70
0
  0
VERTEX
  5
12A6
  8
CUT
 10
927.0
 20
-661.8
 30
0.0
 70
0
  0
VERTEX
  5
12A7
  8
CUT
 10
927.0071093475894
 20
-650.583697103139
 30
0.0
 70
0
  0
VERTEX
  5
12A8
  8
CUT
 10
927.123900460711
 20
-639.3481719679602
 30
0.0
 70
0
  0
VERTEX
  5
12A9
  8
CUT
 10
927.4367493233249
 20
-628.0864238362955
 30
0.0
 70
0
  0
VERTEX
  5
12AA
  8
CUT
 10
928.0082642951504
 20
-616.799986199233
 30
0.0
 70
0
  0
VERTEX
  5
12AB
  8
CUT
 10
928.890793808873
 20
-605.4971717599019
 30
0.0
 70
0
  0
VERTEX
  5
12AC
  8
CUT
 10
930.1302404327243
 20
-594.1921855351693
 30
0.0
 70
0
  0
VERTEX
  5
12AD
  8
CUT
 10
931.7675037652898
 20
-582.9045176791174
 30
0.0
 70
0
  0
VERTEX
  5
12AE
  8
CUT
 10
933.8389638655243
 20
-571.6584234260811
 30
0.0
 70
0
  0
VERTEX
  5
12AF
  8
CUT
 10
936.3764922097525
 20
-560.4824005705134
 30
0.0
 70
0
  0
VERTEX
  5
12B0
  8
CUT
 10
939.4072127418847
 20
-549.4086168819501
 30
0.0
 70
0
  0
VERTEX
  5
12B1
  8
CUT
 10
942.9531388217317
 20
-538.4722627301161
 30
0.0
 70
0
  0
VERTEX
  5
12B2
  8
CUT
 10
947.0307705673983
 20
-527.7108199243377
 30
0.0
 70
0
  0
VERTEX
  5
12B3
  8
CUT
 10
951.6507166369391
 20
-517.1632503879832
 30
0.0
 70
0
  0
VERTEX
  5
12B4
  8
CUT
 10
956.8173919480225
 20
-506.86911907664364
 30
0.0
 70
0
  0
VERTEX
  5
12B5
  8
CUT
 10
962.528832689824
 20
-496.8676746537552
 30
0.0
 70
0
  0
VERTEX
  5
12B6
  8
CUT
 10
968.7766598204382
 20
-487.1969185136576
 30
0.0
 70
0
  0
VERTEX
  5
12B7
  8
CUT
 10
975.5462111827483
 20
-477.8926972934072
 30
0.0
 70
0
  0
VERTEX
  5
12B8
  8
CUT
 10
982.8168504237887
 20
-468.9878556168745
 30
0.0
 70
0
  0
VERTEX
  5
12B9
  8
CUT
 10
990.5624486350285
 20
-460.51148427016165
 30
0.0
 70
0
  0
VERTEX
  5
12BA
  8
CUT
 10
998.7520229216475
 20
-452.4882944356357
 30
0.0
 70
0
  0
VERTEX
  5
12BB
  8
CUT
 10
1007.3505059288667
 20
-444.9381414712627
 30
0.0
 70
0
  0
VERTEX
  5
12BC
  8
CUT
 10
1016.3196125722698
 20
-437.87571276312565
 30
0.0
 70
0
  0
VERTEX
  5
12BD
  8
CUT
 10
1025.6187654496312
 20
-431.3103843421643
 30
0.0
 70
0
  0
VERTEX
  5
12BE
  8
CUT
 10
1035.206038914029
 20
-425.2462412348784
 30
0.0
 70
0
  0
VERTEX
  5
12BF
  8
CUT
 10
1045.039083443394
 20
-419.6822478189324
 30
0.0
 70
0
  0
VERTEX
  5
12C0
  8
CUT
 10
1055.075996295301
 20
-414.6125474825453
 30
0.0
 70
0
  0
VERTEX
  5
12C1
  8
CUT
 10
1065.2761107908511
 20
-410.02686607025544
 30
0.0
 70
0
  0
VERTEX
  5
12C2
  8
CUT
 10
1075.6006841105796
 20
-405.91099107034415
 30
0.0
 70
0
  0
VERTEX
  5
12C3
  8
CUT
 10
1086.0134713932111
 20
-402.24729812525175
 30
0.0
 70
0
  0
VERTEX
  5
12C4
  8
CUT
 10
1096.4811814934149
 20
-399.015297882273
 30
0.0
 70
0
  0
VERTEX
  5
12C5
  8
CUT
 10
1106.9738164375494
 20
-396.1921789742403
 30
0.0
 70
0
  0
VERTEX
  5
12C6
  8
CUT
 10
1117.4649020782508
 20
-393.7533265017921
 30
0.0
 70
0
  0
VERTEX
  5
12C7
  8
CUT
 10
1127.931621549089
 20
-391.67279926142464
 30
0.0
 70
0
  0
VERTEX
  5
12C8
  8
CUT
 10
1138.3548658903767
 20
-389.9237526535212
 30
0.0
 70
0
  0
VERTEX
  5
12C9
  8
CUT
 10
1148.7192178202927
 20
-388.47879729157034
 30
0.0
 70
0
  0
VERTEX
  5
12CA
  8
CUT
 10
1159.0128853200556
 20
-387.3102854213737
 30
0.0
 70
0
  0
VERTEX
  5
12CB
  8
CUT
 10
1169.2276018124257
 20
-386.3905178958976
 30
0.0
 70
0
  0
VERTEX
  5
12CC
  8
CUT
 10
1179.358509623787
 20
-385.69186296289445
 30
0.0
 70
0
  0
VERTEX
  5
12CD
  8
CUT
 10
1189.404043608235
 20
-385.18677324372084
 30
0.0
 70
0
  0
VERTEX
  5
12CE
  8
CUT
 10
1199.3658329573527
 20
-384.847676274861
 30
0.0
 70
0
  0
VERTEX
  5
12CF
  8
CUT
 10
1209.248642503639
 20
-384.64669022463113
 30
0.0
 70
0
  0
VERTEX
  5
12D0
  8
CUT
 10
1219.0603827775674
 20
-384.5550616892356
 30
0.0
 70
0
  0
VERTEX
  5
12D1
  8
CUT
 10
1228.8122373550464
 20
-384.5420769501736
 30
0.0
 70
0
  0
VERTEX
  5
12D2
  8
CUT
 10
1238.5190092835664
 20
-384.5726978146572
 30
0.0
 70
0
  0
VERTEX
  5
12D3
  8
CUT
 10
1248.2
 20
-384.5999999999999
 30
0.0
 70
0
  0
VERTEX
  5
12D4
  8
CUT
 10
1257.8809907164334
 20
-384.5726978146572
 30
0.0
 70
0
  0
VERTEX
  5
12D5
  8
CUT
 10
1267.5877626449535
 20
-384.5420769501736
 30
0.0
 70
0
  0
VERTEX
  5
12D6
  8
CUT
 10
1277.3396172224325
 20
-384.5550616892356
 30
0.0
 70
0
  0
VERTEX
  5
12D7
  8
CUT
 10
1287.1513574963608
 20
-384.64669022463113
 30
0.0
 70
0
  0
VERTEX
  5
12D8
  8
CUT
 10
1297.0341670426471
 20
-384.847676274861
 30
0.0
 70
0
  0
VERTEX
  5
12D9
  8
CUT
 10
1306.995956391765
 20
-385.18677324372084
 30
0.0
 70
0
  0
VERTEX
  5
12DA
  8
CUT
 10
1317.0414903762128
 20
-385.69186296289445
 30
0.0
 70
0
  0
VERTEX
  5
12DB
  8
CUT
 10
1327.1723981875743
 20
-386.3905178958976
 30
0.0
 70
0
  0
VERTEX
  5
12DC
  8
CUT
 10
1337.3871146799443
 20
-387.3102854213737
 30
0.0
 70
0
  0
VERTEX
  5
12DD
  8
CUT
 10
1347.6807821797074
 20
-388.47879729157034
 30
0.0
 70
0
  0
VERTEX
  5
12DE
  8
CUT
 10
1358.0451341096232
 20
-389.9237526535212
 30
0.0
 70
0
  0
VERTEX
  5
12DF
  8
CUT
 10
1368.468378450911
 20
-391.67279926142464
 30
0.0
 70
0
  0
VERTEX
  5
12E0
  8
CUT
 10
1378.9350979217493
 20
-393.7533265017921
 30
0.0
 70
0
  0
VERTEX
  5
12E1
  8
CUT
 10
1389.4261835624504
 20
-396.1921789742403
 30
0.0
 70
0
  0
VERTEX
  5
12E2
  8
CUT
 10
1399.9188185065852
 20
-399.015297882273
 30
0.0
 70
0
  0
VERTEX
  5
12E3
  8
CUT
 10
1410.386528606789
 20
-402.24729812525175
 30
0.0
 70
0
  0
VERTEX
  5
12E4
  8
CUT
 10
1420.7993158894205
 20
-405.91099107034415
 30
0.0
 70
0
  0
VERTEX
  5
12E5
  8
CUT
 10
1431.1238892091487
 20
-410.02686607025544
 30
0.0
 70
0
  0
VERTEX
  5
12E6
  8
CUT
 10
1441.324003704699
 20
-414.6125474825453
 30
0.0
 70
0
  0
VERTEX
  5
12E7
  8
CUT
 10
1451.3609165566058
 20
-419.6822478189324
 30
0.0
 70
0
  0
VERTEX
  5
12E8
  8
CUT
 10
1461.193961085971
 20
-425.2462412348784
 30
0.0
 70
0
  0
VERTEX
  5
12E9
  8
CUT
 10
1470.7812345503687
 20
-431.3103843421643
 30
0.0
 70
0
  0
VERTEX
  5
12EA
  8
CUT
 10
1480.08038742773
 20
-437.87571276312565
 30
0.0
 70
0
  0
VERTEX
  5
12EB
  8
CUT
 10
1489.0494940711333
 20
-444.93814147126295
 30
0.0
 70
0
  0
VERTEX
  5
12EC
  8
CUT
 10
1497.6479770783526
 20
-452.4882944356358
 30
0.0
 70
0
  0
VERTEX
  5
12ED
  8
CUT
 10
1505.8375513649714
 20
-460.51148427016165
 30
0.0
 70
0
  0
VERTEX
  5
12EE
  8
CUT
 10
1513.5831495762113
 20
-468.9878556168745
 30
0.0
 70
0
  0
VERTEX
  5
12EF
  8
CUT
 10
1520.8537888172518
 20
-477.8926972934072
 30
0.0
 70
0
  0
VERTEX
  5
12F0
  8
CUT
 10
1527.6233401795619
 20
-487.1969185136576
 30
0.0
 70
0
  0
VERTEX
  5
12F1
  8
CUT
 10
1533.8711673101761
 20
-496.8676746537552
 30
0.0
 70
0
  0
VERTEX
  5
12F2
  8
CUT
 10
1539.5826080519773
 20
-506.86911907664364
 30
0.0
 70
0
  0
VERTEX
  5
12F3
  8
CUT
 10
1544.7492833630608
 20
-517.1632503879832
 30
0.0
 70
0
  0
VERTEX
  5
12F4
  8
CUT
 10
1549.3692294326017
 20
-527.7108199243378
 30
0.0
 70
0
  0
VERTEX
  5
12F5
  8
CUT
 10
1553.4468611782684
 20
-538.4722627301162
 30
0.0
 70
0
  0
VERTEX
  5
12F6
  8
CUT
 10
1556.9927872581152
 20
-549.4086168819501
 30
0.0
 70
0
  0
VERTEX
  5
12F7
  8
CUT
 10
1560.0235077902475
 20
-560.4824005705134
 30
0.0
 70
0
  0
VERTEX
  5
12F8
  8
CUT
 10
1562.5610361344757
 20
-571.6584234260812
 30
0.0
 70
0
  0
VERTEX
  5
12F9
  8
CUT
 10
1564.6324962347103
 20
-582.9045176791174
 30
0.0
 70
0
  0
VERTEX
  5
12FA
  8
CUT
 10
1566.2697595672755
 20
-594.1921855351693
 30
0.0
 70
0
  0
VERTEX
  5
12FB
  8
CUT
 10
1567.509206191127
 20
-605.4971717599019
 30
0.0
 70
0
  0
VERTEX
  5
12FC
  8
CUT
 10
1568.3917357048495
 20
-616.7999861992329
 30
0.0
 70
0
  0
VERTEX
  5
12FD
  8
CUT
 10
1568.9632506766752
 20
-628.0864238362956
 30
0.0
 70
0
  0
VERTEX
  5
12FE
  8
CUT
 10
1569.276099539289
 20
-639.3481719679603
 30
0.0
 70
0
  0
VERTEX
  5
12FF
  8
CUT
 10
1569.3928906524106
 20
-650.583697103139
 30
0.0
 70
0
  0
VERTEX
  5
1300
  8
CUT
 10
1569.4
 20
-661.8
 30
0.0
 70
0
  0
SEQEND
  5
124C
  8
CUT
  0
POLYLINE
  5
1301
  8
CUT
 66
1
 10
0.0
 20
0.0
 30
0.0
 70
1
  0
VERTEX
  5
1303
  8
CUT
 10
1615.8930776469965
 20
-609.9416679781386
 30
0.0
 42
0.41421356237309503
 70
0
  0
VERTEX
  5
1304
  8
CUT
 10
1613.233065245221
 20
-613.6028609561721
 30
0.0
 42
0.41421356237309503
 70
0
  0
VERTEX
  5
1305
  8
CUT
 10
1616.8942582232544
 20
-616.2628733579477
 30
0.0
 42
0.41421356237309503
 70
0
  0
VERTEX
  5
1306
  8
CUT
 10
1619.5542706250299
 20
-612.6016803799143
 30
0.0
 70
0
  0
VERTEX
  5
1307
  8
CUT
 10
1653.7282872096216
 20
-607.1890478895223
 30
0.0
 42
0.41421356237309503
 70
0
  0
VERTEX
  5
1308
  8
CUT
 10
1657.3894801876547
 20
-609.849060291298
 30
0.0
 42
0.41421356237309503
 70
0
  0
VERTEX
  5
1309
  8
CUT
 10
1660.0494925894304
 20
-606.1878673132649
 30
0.0
 42
0.41421356237309503
 70
0
  0
VERTEX
  5
130A
  8
CUT
 10
1656.3882996113973
 20
-603.5278549114892
 30
0.0
 70
0
  0
VERTEX
  5
130B
  8
CUT
 10
1654.4172253518902
 20
-591.0829818199903
 30
0.0
 42
0.41421356237309503
 70
0
  0
VERTEX
  5
130C
  8
CUT
 10
1657.077237753666
 20
-587.4217888419573
 30
0.0
 42
0.41421356237309503
 70
0
  0
VERTEX
  5
130D
  8
CUT
 10
1653.4160447756328
 20
-584.7617764401816
 30
0.0
 42
0.41421356237309503
 70
0
  0
VERTEX
  5
130E
  8
CUT
 10
1650.7560323738571
 20
-588.4229694182147
 30
0.0
 70
0
  0
VERTEX
  5
130F
  8
CUT
 10
1616.5820157892654
 20
-593.8356019086066
 30
0.0
 42
0.41421356237309503
 70
0
  0
VERTEX
  5
1310
  8
CUT
 10
1612.920822811232
 20
-591.175589506831
 30
0.0
 42
0.41421356237309503
 70
0
  0
VERTEX
  5
1311
  8
CUT
 10
1610.2608104094566
 20
-594.8367824848642
 30
0.0
 42
0.41421356237309503
 70
0
  0
VERTEX
  5
1312
  8
CUT
 10
1613.9220033874897
 20
-597.4967948866398
 30
0.0
 70
0
  0
SEQEND
  5
1302
  8
CUT
  0
POLYLINE
  5
1313
  8
CUT
 66
1
 10
0.0
 20
0.0
 30
0.0
 70
1
  0
VERTEX
  5
1315
  8
CUT
 10
1587.4172648876076
 20
-496.0308259289675
 30
0.0
 42
0.41421356237309503
 70
0
  0
VERTEX
  5
1316
  8
CUT
 10
1586.0188136093714
 20
-500.3348164055367
 30
0.0
 42
0.41421356237309503
 70
0
  0
VERTEX
  5
1317
  8
CUT
 10
1590.3228040859406
 20
-501.73326768377297
 30
0.0
 42
0.41421356237309503
 70
0
  0
VERTEX
  5
1318
  8
CUT
 10
1591.7212553641768
 20
-497.42927720720377
 30
0.0
 70
0
  0
VERTEX
  5
1319
  8
CUT
 10
1622.5500811010943
 20
-481.72120591621547
 30
0.0
 42
0.41421356237309503
 70
0
  0
VERTEX
  5
131A
  8
CUT
 10
1626.8540715776637
 20
-483.11965719445175
 30
0.0
 42
0.41421356237309503
 70
0
  0
VERTEX
  5
131B
  8
CUT
 10
1628.2525228558998
 20
-478.81566671788227
 30
0.0
 42
0.41421356237309503
 70
0
  0
VERTEX
  5
131C
  8
CUT
 10
1623.9485323793306
 20
-477.41721543964604
 30
0.0
 70
0
  0
VERTEX
  5
131D
  8
CUT
 10
1618.2282520826122
 20
-466.19053323487265
 30
0.0
 42
0.41421356237309503
 70
0
  0
VERTEX
  5
131E
  8
CUT
 10
1619.6267033608485
 20
-461.88654275830345
 30
0.0
 42
0.41421356237309503
 70
0
  0
VERTEX
  5
131F
  8
CUT
 10
1615.3227128842793
 20
-460.48809148006717
 30
0.0
 42
0.41421356237309503
 70
0
  0
VERTEX
  5
1320
  8
CUT
 10
1613.924261606043
 20
-464.79208195663637
 30
0.0
 70
0
  0
VERTEX
  5
1321
  8
CUT
 10
1583.0954358691256
 20
-480.50015324762467
 30
0.0
 42
0.41421356237309503
 70
0
  0
VERTEX
  5
1322
  8
CUT
 10
1578.7914453925562
 20
-479.1017019693884
 30
0.0
 42
0.41421356237309503
 70
0
  0
VERTEX
  5
1323
  8
CUT
 10
1577.3929941143201
 20
-483.40569244595787
 30
0.0
 42
0.41421356237309503
 70
0
  0
VERTEX
  5
1324
  8
CUT
 10
1581.6969845908893
 20
-484.8041437241941
 30
0.0
 70
0
  0
SEQEND
  5
1314
  8
CUT
  0
POLYLINE
  5
1325
  8
CUT
 66
1
 10
0.0
 20
0.0
 30
0.0
 70
1
  0
VERTEX
  5
1327
  8
CUT
 10
1513.5118118250753
 20
-405.39773361787525
 30
0.0
 42
0.41421356237309503
 70
0
  0
VERTEX
  5
1328
  8
CUT
 10
1513.5118118250755
 20
-409.9232170174692
 30
0.0
 42
0.41421356237309503
 70
0
  0
VERTEX
  5
1329
  8
CUT
 10
1518.0372952246694
 20
-409.9232170174691
 30
0.0
 42
0.41421356237309503
 70
0
  0
VERTEX
  5
132A
  8
CUT
 10
1518.0372952246692
 20
-405.39773361787525
 30
0.0
 70
0
  0
VERTEX
  5
132B
  8
CUT
 10
1542.5031898537238
 20
-380.9318389888206
 30
0.0
 42
0.41421356237309503
 70
0
  0
VERTEX
  5
132C
  8
CUT
 10
1547.0286732533177
 20
-380.9318389888205
 30
0.0
 42
0.41421356237309503
 70
0
  0
VERTEX
  5
132D
  8
CUT
 10
1547.0286732533175
 20
-376.4063555892266
 30
0.0
 42
0.41421356237309503
 70
0
  0
VERTEX
  5
132E
  8
CUT
 10
1542.5031898537238
 20
-376.4063555892267
 30
0.0
 70
0
  0
VERTEX
  5
132F
  8
CUT
 10
1533.5936444107733
 20
-367.4968101462762
 30
0.0
 42
0.41421356237309503
 70
0
  0
VERTEX
  5
1330
  8
CUT
 10
1533.5936444107735
 20
-362.97132674668234
 30
0.0
 42
0.41421356237309503
 70
0
  0
VERTEX
  5
1331
  8
CUT
 10
1529.0681610111797
 20
-362.9713267466822
 30
0.0
 42
0.41421356237309503
 70
0
  0
VERTEX
  5
1332
  8
CUT
 10
1529.0681610111794
 20
-367.4968101462762
 30
0.0
 70
0
  0
VERTEX
  5
1333
  8
CUT
 10
1504.6022663821248
 20
-391.96270477533085
 30
0.0
 42
0.41421356237309503
 70
0
  0
VERTEX
  5
1334
  8
CUT
 10
1500.0767829825309
 20
-391.9627047753309
 30
0.0
 42
0.41421356237309503
 70
0
  0
VERTEX
  5
1335
  8
CUT
 10
1500.076782982531
 20
-396.4881881749248
 30
0.0
 42
0.41421356237309503
 70
0
  0
VERTEX
  5
1336
  8
CUT
 10
1504.6022663821248
 20
-396.48818817492474
 30
0.0
 70
0
  0
SEQEND
  5
1326
  8
CUT
  0
POLYLINE
  5
1337
  8
CUT
 66
1
 10
0.0
 20
0.0
 30
0.0
 70
1
  0
VERTEX
  5
1339
  8
CUT
 10
1411.3568241876465
 20
-355.463645171355
 30
0.0
 42
0.41421356237309503
 70
0
  0
VERTEX
  5
133A
  8
CUT
 10
1412.7552754658825
 20
-359.7676356479244
 30
0.0
 42
0.41421356237309503
 70
0
  0
VERTEX
  5
133B
  8
CUT
 10
1417.059265942452
 20
-358.3691843696882
 30
0.0
 42
0.41421356237309503
 70
0
  0
VERTEX
  5
133C
  8
CUT
 10
1415.6608146642159
 20
-354.0651938931187
 30
0.0
 70
0
  0
VERTEX
  5
133D
  8
CUT
 10
1431.3688859552042
 20
-323.23636815620125
 30
0.0
 42
0.41421356237309503
 70
0
  0
VERTEX
  5
133E
  8
CUT
 10
1435.6728764317734
 20
-321.8379168779651
 30
0.0
 42
0.41421356237309503
 70
0
  0
VERTEX
  5
133F
  8
CUT
 10
1434.274425153537
 20
-317.53392640139595
 30
0.0
 42
0.41421356237309503
 70
0
  0
VERTEX
  5
1340
  8
CUT
 10
1429.9704346769681
 20
-318.93237767963205
 30
0.0
 70
0
  0
VERTEX
  5
1341
  8
CUT
 10
1418.7437524721945
 20
-313.2120973829137
 30
0.0
 42
0.41421356237309503
 70
0
  0
VERTEX
  5
1342
  8
CUT
 10
1417.3453011939582
 20
-308.9081069063445
 30
0.0
 42
0.41421356237309503
 70
0
  0
VERTEX
  5
1343
  8
CUT
 10
1413.041310717389
 20
-310.3065581845808
 30
0.0
 42
0.41421356237309503
 70
0
  0
VERTEX
  5
1344
  8
CUT
 10
1414.4397619956253
 20
-314.61054866115
 30
0.0
 70
0
  0
VERTEX
  5
1345
  8
CUT
 10
1398.731690704637
 20
-345.43937439806746
 30
0.0
 42
0.41421356237309503
 70
0
  0
VERTEX
  5
1346
  8
CUT
 10
1394.4277002280678
 20
-346.83782567630374
 30
0.0
 42
0.41421356237309503
 70
0
  0
VERTEX
  5
1347
  8
CUT
 10
1395.826151506304
 20
-351.14181615287293
 30
0.0
 42
0.41421356237309503
 70
0
  0
VERTEX
  5
1348
  8
CUT
 10
1400.1301419828733
 20
-349.74336487463665
 30
0.0
 70
0
  0
SEQEND
  5
1338
  8
CUT
  0
POLYLINE
  5
1349
  8
CUT
 66
1
 10
0.0
 20
0.0
 30
0.0
 70
1
  0
VERTEX
  5
134B
  8
CUT
 10
1305.7363833517807
 20
-338.80202775921816
 30
0.0
 42
0.41421356237309503
 70
0
  0
VERTEX
  5
134C
  8
CUT
 10
1308.3963957535566
 20
-342.4632207372515
 30
0.0
 42
0.41421356237309503
 70
0
  0
VERTEX
  5
134D
  8
CUT
 10
1312.05758873159
 20
-339.8032083354756
 30
0.0
 42
0.41421356237309503
 70
0
  0
VERTEX
  5
134E
  8
CUT
 10
1309.397576329814
 20
-336.14201535744223
 30
0.0
 70
0
  0
VERTEX
  5
134F
  8
CUT
 10
1314.8102088202058
 20
-301.9679987728505
 30
0.0
 42
0.41421356237309503
 70
0
  0
VERTEX
  5
1350
  8
CUT
 10
1318.471401798239
 20
-299.3079863710751
 30
0.0
 42
0.41421356237309503
 70
0
  0
VERTEX
  5
1351
  8
CUT
 10
1315.8113893964637
 20
-295.6467933930419
 30
0.0
 42
0.41421356237309503
 70
0
  0
VERTEX
  5
1352
  8
CUT
 10
1312.1501964184304
 20
-298.30680579481736
 30
0.0
 70
0
  0
VERTEX
  5
1353
  8
CUT
 10
1299.7053233269316
 20
-296.3357315353105
 30
0.0
 42
0.41421356237309503
 70
0
  0
VERTEX
  5
1354
  8
CUT
 10
1297.0453109251562
 20
-292.6745385572772
 30
0.0
 42
0.41421356237309503
 70
0
  0
VERTEX
  5
1355
  8
CUT
 10
1293.3841179471228
 20
-295.3345509590529
 30
0.0
 42
0.41421356237309503
 70
0
  0
VERTEX
  5
1356
  8
CUT
 10
1296.0441303488983
 20
-298.9957439370862
 30
0.0
 70
0
  0
VERTEX
  5
1357
  8
CUT
 10
1290.6314978585065
 20
-333.169760521678
 30
0.0
 42
0.41421356237309503
 70
0
  0
VERTEX
  5
1358
  8
CUT
 10
1286.9703048804733
 20
-335.82977292345356
 30
0.0
 42
0.41421356237309503
 70
0
  0
VERTEX
  5
1359
  8
CUT
 10
1289.630317282249
 20
-339.49096590148656
 30
0.0
 42
0.41421356237309503
 70
0
  0
VERTEX
  5
135A
  8
CUT
 10
1293.291510260282
 20
-336.8309534997111
 30
0.0
 70
0
  0
SEQEND
  5
134A
  8
CUT
  0
POLYLINE
  5
135B
  8
CUT
 66
1
 10
0.0
 20
0.0
 30
0.0
 70
1
  0
VERTEX
  5
135D
  8
CUT
 10
1203.108489739718
 20
-336.8309534997111
 30
0.0
 42
0.41421356237309503
 70
0
  0
VERTEX
  5
135E
  8
CUT
 10
1206.769682717751
 20
-339.4909659014868
 30
0.0
 42
0.41421356237309503
 70
0
  0
VERTEX
  5
135F
  8
CUT
 10
1209.4296951195267
 20
-335.8297729234537
 30
0.0
 42
0.41421356237309503
 70
0
  0
VERTEX
  5
1360
  8
CUT
 10
1205.7685021414936
 20
-333.169760521678
 30
0.0
 70
0
  0
VERTEX
  5
1361
  8
CUT
 10
1200.3558696511018
 20
-298.9957439370862
 30
0.0
 42
0.41421356237309503
 70
0
  0
VERTEX
  5
1362
  8
CUT
 10
1203.0158820528777
 20
-295.334550959053
 30
0.0
 42
0.41421356237309503
 70
0
  0
VERTEX
  5
1363
  8
CUT
 10
1199.3546890748444
 20
-292.6745385572772
 30
0.0
 42
0.41421356237309503
 70
0
  0
VERTEX
  5
1364
  8
CUT
 10
1196.6946766730684
 20
-296.3357315353105
 30
0.0
 70
0
  0
VERTEX
  5
1365
  8
CUT
 10
1184.2498035815697
 20
-298.30680579481736
 30
0.0
 42
0.41421356237309503
 70
0
  0
VERTEX
  5
1366
  8
CUT
 10
1180.5886106035366
 20
-295.64679339304166
 30
0.0
 42
0.41421356237309503
 70
0
  0
VERTEX
  5
1367
  8
CUT
 10
1177.928598201761
 20
-299.3079863710748
 30
0.0
 42
0.41421356237309503
 70
0
  0
VERTEX
  5
1368
  8
CUT
 10
1181.589791179794
 20
-301.9679987728505
 30
0.0
 70
0
  0
VERTEX
  5
1369
  8
CUT
 10
1187.002423670186
 20
-336.14201535744223
 30
0.0
 42
0.41421356237309503
 70
0
  0
VERTEX
  5
136A
  8
CUT
 10
1184.3424112684104
 20
-339.80320833547546
 30
0.0
 42
0.41421356237309503
 70
0
  0
VERTEX
  5
136B
  8
CUT
 10
1188.0036042464435
 20
-342.4632207372513
 30
0.0
 42
0.41421356237309503
 70
0
  0
VERTEX
  5
136C
  8
CUT
 10
1190.6636166482192
 20
-338.80202775921816
 30
0.0
 70
0
  0
SEQEND
  5
135C
  8
CUT
  0
POLYLINE
  5
136D
  8
CUT
 66
1
 10
0.0
 20
0.0
 30
0.0
 70
1
  0
VERTEX
  5
136F
  8
CUT
 10
1096.2698580171268
 20
-349.74336487463665
 30
0.0
 42
0.41421356237309503
 70
0
  0
VERTEX
  5
1370
  8
CUT
 10
1100.573848493696
 20
-351.14181615287293
 30
0.0
 42
0.41421356237309503
 70
0
  0
VERTEX
  5
1371
  8
CUT
 10
1101.9722997719323
 20
-346.83782567630374
 30
0.0
 42
0.41421356237309503
 70
0
  0
VERTEX
  5
1372
  8
CUT
 10
1097.668309295363
 20
-345.43937439806746
 30
0.0
 70
0
  0
VERTEX
  5
1373
  8
CUT
 10
1081.9602380043748
 20
-314.61054866115
 30
0.0
 42
0.41421356237309503
 70
0
  0
VERTEX
  5
1374
  8
CUT
 10
1083.358689282611
 20
-310.3065581845808
 30
0.0
 42
0.41421356237309503
 70
0
  0
VERTEX
  5
1375
  8
CUT
 10
1079.0546988060419
 20
-308.9081069063445
 30
0.0
 42
0.41421356237309503
 70
0
  0
VERTEX
  5
1376
  8
CUT
 10
1077.6562475278056
 20
-313.2120973829137
 30
0.0
 70
0
  0
VERTEX
  5
1377
  8
CUT
 10
1066.429565323032
 20
-318.93237767963205
 30
0.0
 42
0.41421356237309503
 70
0
  0
VERTEX
  5
1378
  8
CUT
 10
1062.1255748464628
 20
-317.5339264013958
 30
0.0
 42
0.41421356237309503
 70
0
  0
VERTEX
  5
1379
  8
CUT
 10
1060.7271235682265
 20
-321.837916877965
 30
0.0
 42
0.41421356237309503
 70
0
  0
VERTEX
  5
137A
  8
CUT
 10
1065.0311140447957
 20
-323.23636815620125
 30
0.0
 70
0
  0
VERTEX
  5
137B
  8
CUT
 10
1080.739185335784
 20
-354.0651938931187
 30
0.0
 42
0.41421356237309503
 70
0
  0
VERTEX
  5
137C
  8
CUT
 10
1079.3407340575475
 20
-358.369184369688
 30
0.0
 42
0.41421356237309503
 70
0
  0
VERTEX
  5
137D
  8
CUT
 10
1083.644724534117
 20
-359.76763564792446
 30
0.0
 42
0.41421356237309503
 70
0
  0
VERTEX
  5
137E
  8
CUT
 10
1085.0431758123534
 20
-355.463645171355
 30
0.0
 70
0
  0
SEQEND
  5
136E
  8
CUT
  0
POLYLINE
  5
137F
  8
CUT
 66
1
 10
0.0
 20
0.0
 30
0.0
 70
1
  0
VERTEX
  5
1381
  8
CUT
 10
991.7977336178752
 20
-396.48818817492474
 30
0.0
 42
0.41421356237309503
 70
0
  0
VERTEX
  5
1382
  8
CUT
 10
996.3232170174693
 20
-396.48818817492474
 30
0.0
 42
0.41421356237309503
 70
0
  0
VERTEX
  5
1383
  8
CUT
 10
996.3232170174693
 20
-391.9627047753306
 30
0.0
 42
0.41421356237309503
 70
0
  0
VERTEX
  5
1384
  8
CUT
 10
991.7977336178752
 20
-391.9627047753306
 30
0.0
 70
0
  0
VERTEX
  5
1385
  8
CUT
 10
967.3318389888207
 20
-367.4968101462762
 30
0.0
 42
0.41421356237309503
 70
0
  0
VERTEX
  5
1386
  8
CUT
 10
967.3318389888207
 20
-362.9713267466823
 30
0.0
 42
0.41421356237309503
 70
0
  0
VERTEX
  5
1387
  8
CUT
 10
962.8063555892268
 20
-362.9713267466823
 30
0.0
 42
0.41421356237309503
 70
0
  0
VERTEX
  5
1388
  8
CUT
 10
962.8063555892268
 20
-367.4968101462762
 30
0.0
 70
0
  0
VERTEX
  5
1389
  8
CUT
 10
953.8968101462763
 20
-376.4063555892267
 30
0.0
 42
0.41421356237309503
 70
0
  0
VERTEX
  5
138A
  8
CUT
 10
949.3713267466824
 20
-376.4063555892267
 30
0.0
 42
0.41421356237309503
 70
0
  0
VERTEX
  5
138B
  8
CUT
 10
949.3713267466824
 20
-380.9318389888206
 30
0.0
 42
0.41421356237309503
 70
0
  0
VERTEX
  5
138C
  8
CUT
 10
953.8968101462763
 20
-380.9318389888206
 30
0.0
 70
0
  0
VERTEX
  5
138D
  8
CUT
 10
978.3627047753308
 20
-405.397733617875
 30
0.0
 42
0.41421356237309503
 70
0
  0
VERTEX
  5
138E
  8
CUT
 10
978.3627047753308
 20
-409.9232170174689
 30
0.0
 42
0.41421356237309503
 70
0
  0
VERTEX
  5
138F
  8
CUT
 10
982.8881881749247
 20
-409.9232170174689
 30
0.0
 42
0.41421356237309503
 70
0
  0
VERTEX
  5
1390
  8
CUT
 10
982.8881881749247
 20
-405.397733617875
 30
0.0
 70
0
  0
SEQEND
  5
1380
  8
CUT
  0
POLYLINE
  5
1391
  8
CUT
 66
1
 10
0.0
 20
0.0
 30
0.0
 70
1
  0
VERTEX
  5
1393
  8
CUT
 10
914.7030154091108
 20
-484.8041437241941
 30
0.0
 42
0.41421356237309503
 70
0
  0
VERTEX
  5
1394
  8
CUT
 10
919.0070058856802
 20
-483.4056924459578
 30
0.0
 42
0.41421356237309503
 70
0
  0
VERTEX
  5
1395
  8
CUT
 10
917.6085546074439
 20
-479.1017019693884
 30
0.0
 42
0.41421356237309503
 70
0
  0
VERTEX
  5
1396
  8
CUT
 10
913.3045641308745
 20
-480.50015324762467
 30
0.0
 70
0
  0
VERTEX
  5
1397
  8
CUT
 10
882.475738393957
 20
-464.79208195663637
 30
0.0
 42
0.41421356237309503
 70
0
  0
VERTEX
  5
1398
  8
CUT
 10
881.0772871157209
 20
-460.48809148006706
 30
0.0
 42
0.41421356237309503
 70
0
  0
VERTEX
  5
1399
  8
CUT
 10
876.7732966391516
 20
-461.88654275830334
 30
0.0
 42
0.41421356237309503
 70
0
  0
VERTEX
  5
139A
  8
CUT
 10
878.1717479173877
 20
-466.19053323487265
 30
0.0
 70
0
  0
VERTEX
  5
139B
  8
CUT
 10
872.4514676206694
 20
-477.41721543964604
 30
0.0
 42
0.41421356237309503
 70
0
  0
VERTEX
  5
139C
  8
CUT
 10
868.1474771441001
 20
-478.8156667178822
 30
0.0
 42
0.41421356237309503
 70
0
  0
VERTEX
  5
139D
  8
CUT
 10
869.5459284223363
 20
-483.1196571944515
 30
0.0
 42
0.41421356237309503
 70
0
  0
VERTEX
  5
139E
  8
CUT
 10
873.8499188989056
 20
-481.72120591621535
 30
0.0
 70
0
  0
VERTEX
  5
139F
  8
CUT
 10
904.6787446358233
 20
-497.42927720720365
 30
0.0
 42
0.41421356237309503
 70
0
  0
VERTEX
  5
13A0
  8
CUT
 10
906.0771959140595
 20
-501.73326768377285
 30
0.0
 42
0.41421356237309503
 70
0
  0
VERTEX
  5
13A1
  8
CUT
 10
910.3811863906287
 20
-500.3348164055367
 30
0.0
 42
0.41421356237309503
 70
0
  0
VERTEX
  5
13A2
  8
CUT
 10
908.9827351123924
 20
-496.0308259289675
 30
0.0
 70
0
  0
SEQEND
  5
1392
  8
CUT
  0
POLYLINE
  5
13A3
  8
CUT
 66
1
 10
0.0
 20
0.0
 30
0.0
 70
1
  0
VERTEX
  5
13A5
  8
CUT
 10
882.4779966125103
 20
-597.4967948866397
 30
0.0
 42
0.41421356237309503
 70
0
  0
VERTEX
  5
13A6
  8
CUT
 10
886.1391895905434
 20
-594.836782484864
 30
0.0
 42
0.41421356237309503
 70
0
  0
VERTEX
  5
13A7
  8
CUT
 10
883.4791771887677
 20
-591.1755895068309
 30
0.0
 42
0.41421356237309503
 70
0
  0
VERTEX
  5
13A8
  8
CUT
 10
879.8179842107345
 20
-593.8356019086066
 30
0.0
 70
0
  0
VERTEX
  5
13A9
  8
CUT
 10
845.6439676261427
 20
-588.4229694182146
 30
0.0
 42
0.41421356237309503
 70
0
  0
VERTEX
  5
13AA
  8
CUT
 10
842.983955224367
 20
-584.7617764401815
 30
0.0
 42
0.41421356237309503
 70
0
  0
VERTEX
  5
13AB
  8
CUT
 10
839.3227622463339
 20
-587.4217888419572
 30
0.0
 42
0.41421356237309503
 70
0
  0
VERTEX
  5
13AC
  8
CUT
 10
841.9827746481096
 20
-591.0829818199903
 30
0.0
 70
0
  0
VERTEX
  5
13AD
  8
CUT
 10
840.0117003886027
 20
-603.527854911489
 30
0.0
 42
0.41421356237309503
 70
0
  0
VERTEX
  5
13AE
  8
CUT
 10
836.3505074105694
 20
-606.1878673132649
 30
0.0
 42
0.41421356237309503
 70
0
  0
VERTEX
  5
13AF
  8
CUT
 10
839.0105198123453
 20
-609.8490602912981
 30
0.0
 42
0.41421356237309503
 70
0
  0
VERTEX
  5
13B0
  8
CUT
 10
842.6717127903785
 20
-607.1890478895223
 30
0.0
 70
0
  0
VERTEX
  5
13B1
  8
CUT
 10
876.8457293749702
 20
-612.6016803799142
 30
0.0
 42
0.41421356237309503
 70
0
  0
VERTEX
  5
13B2
  8
CUT
 10
879.5057417767459
 20
-616.2628733579473
 30
0.0
 42
0.41421356237309503
 70
0
  0
VERTEX
  5
13B3
  8
CUT
 10
883.166934754779
 20
-613.6028609561716
 30
0.0
 42
0.41421356237309503
 70
0
  0
VERTEX
  5
13B4
  8
CUT
 10
880.5069223530033
 20
-609.9416679781385
 30
0.0
 70
0
  0
SEQEND
  5
13A4
  8
CUT
  0
POLYLINE
  5
13B5
  8
CUT
 66
1
 10
0.0
 20
0.0
 30
0.0
 70
1
  0
VERTEX
  5
13B7
  8
CUT
 10
880.5069223530033
 20
-713.6583320218613
 30
0.0
 42
0.41421356237309503
 70
0
  0
VERTEX
  5
13B8
  8
CUT
 10
883.166934754779
 20
-709.9971390438282
 30
0.0
 42
0.41421356237309503
 70
0
  0
VERTEX
  5
13B9
  8
CUT
 10
879.5057417767459
 20
-707.3371266420525
 30
0.0
 42
0.41421356237309503
 70
0
  0
VERTEX
  5
13BA
  8
CUT
 10
876.8457293749702
 20
-710.9983196200856
 30
0.0
 70
0
  0
VERTEX
  5
13BB
  8
CUT
 10
842.6717127903785
 20
-716.4109521104776
 30
0.0
 42
0.41421356237309503
 70
0
  0
VERTEX
  5
13BC
  8
CUT
 10
839.0105198123454
 20
-713.7509397087019
 30
0.0
 42
0.41421356237309503
 70
0
  0
VERTEX
  5
13BD
  8
CUT
 10
836.3505074105697
 20
-717.412132686735
 30
0.0
 42
0.41421356237309503
 70
0
  0
VERTEX
  5
13BE
  8
CUT
 10
840.0117003886028
 20
-720.0721450885108
 30
0.0
 70
0
  0
VERTEX
  5
13BF
  8
CUT
 10
841.9827746481096
 20
-732.5170181800095
 30
0.0
 42
0.41421356237309503
 70
0
  0
VERTEX
  5
13C0
  8
CUT
 10
839.322762246334
 20
-736.1782111580427
 30
0.0
 42
0.41421356237309503
 70
0
  0
VERTEX
  5
13C1
  8
CUT
 10
842.9839552243673
 20
-738.8382235598183
 30
0.0
 42
0.41421356237309503
 70
0
  0
VERTEX
  5
13C2
  8
CUT
 10
845.6439676261429
 20
-735.1770305817852
 30
0.0
 70
0
  0
VERTEX
  5
13C3
  8
CUT
 10
879.8179842107346
 20
-729.7643980913932
 30
0.0
 42
0.41421356237309503
 70
0
  0
VERTEX
  5
13C4
  8
CUT
 10
883.4791771887678
 20
-732.424410493169
 30
0.0
 42
0.41421356237309503
 70
0
  0
VERTEX
  5
13C5
  8
CUT
 10
886.1391895905437
 20
-728.7632175151358
 30
0.0
 42
0.41421356237309503
 70
0
  0
VERTEX
  5
13C6
  8
CUT
 10
882.4779966125104
 20
-726.10320511336
 30
0.0
 70
0
  0
SEQEND
  5
13B6
  8
CUT
  0
POLYLINE
  5
13C7
  8
CUT
 66
1
 10
0.0
 20
0.0
 30
0.0
 70
1
  0
VERTEX
  5
13C9
  8
CUT
 10
908.9827351123924
 20
-827.5691740710324
 30
0.0
 42
0.41421356237309503
 70
0
  0
VERTEX
  5
13CA
  8
CUT
 10
910.3811863906288
 20
-823.2651835944632
 30
0.0
 42
0.41421356237309503
 70
0
  0
VERTEX
  5
13CB
  8
CUT
 10
906.0771959140595
 20
-821.8667323162268
 30
0.0
 42
0.41421356237309503
 70
0
  0
VERTEX
  5
13CC
  8
CUT
 10
904.6787446358231
 20
-826.1707227927961
 30
0.0
 70
0
  0
VERTEX
  5
13CD
  8
CUT
 10
873.8499188989056
 20
-841.8787940837844
 30
0.0
 42
0.41421356237309503
 70
0
  0
VERTEX
  5
13CE
  8
CUT
 10
869.5459284223364
 20
-840.480342805548
 30
0.0
 42
0.41421356237309503
 70
0
  0
VERTEX
  5
13CF
  8
CUT
 10
868.1474771441
 20
-844.7843332821174
 30
0.0
 42
0.41421356237309503
 70
0
  0
VERTEX
  5
13D0
  8
CUT
 10
872.4514676206693
 20
-846.1827845603538
 30
0.0
 70
0
  0
VERTEX
  5
13D1
  8
CUT
 10
878.1717479173876
 20
-857.4094667651273
 30
0.0
 42
0.41421356237309503
 70
0
  0
VERTEX
  5
13D2
  8
CUT
 10
876.7732966391515
 20
-861.7134572416966
 30
0.0
 42
0.41421356237309503
 70
0
  0
VERTEX
  5
13D3
  8
CUT
 10
881.0772871157208
 20
-863.1119085199327
 30
0.0
 42
0.41421356237309503
 70
0
  0
VERTEX
  5
13D4
  8
CUT
 10
882.4757383939569
 20
-858.8079180433634
 30
0.0
 70
0
  0
VERTEX
  5
13D5
  8
CUT
 10
913.3045641308745
 20
-843.0998467523751
 30
0.0
 42
0.41421356237309503
 70
0
  0
VERTEX
  5
13D6
  8
CUT
 10
917.6085546074438
 20
-844.4982980306113
 30
0.0
 42
0.41421356237309503
 70
0
  0
VERTEX
  5
13D7
  8
CUT
 10
919.00700588568
 20
-840.194307554042
 30
0.0
 42
0.41421356237309503
 70
0
  0
VERTEX
  5
13D8
  8
CUT
 10
914.7030154091108
 20
-838.7958562758058
 30
0.0
 70
0
  0
SEQEND
  5
13C8
  8
CUT
  0
POLYLINE
  5
13D9
  8
CUT
 66
1
 10
0.0
 20
0.0
 30
0.0
 70
1
  0
VERTEX
  5
13DB
  8
CUT
 10
982.8881881749246
 20
-918.2022663821247
 30
0.0
 42
0.41421356237309503
 70
0
  0
VERTEX
  5
13DC
  8
CUT
 10
982.8881881749246
 20
-913.6767829825308
 30
0.0
 42
0.41421356237309503
 70
0
  0
VERTEX
  5
13DD
  8
CUT
 10
978.3627047753307
 20
-913.6767829825308
 30
0.0
 42
0.41421356237309503
 70
0
  0
VERTEX
  5
13DE
  8
CUT
 10
978.3627047753307
 20
-918.2022663821247
 30
0.0
 70
0
  0
VERTEX
  5
13DF
  8
CUT
 10
953.8968101462763
 20
-942.6681610111792
 30
0.0
 42
0.41421356237309503
 70
0
  0
VERTEX
  5
13E0
  8
CUT
 10
949.3713267466824
 20
-942.6681610111792
 30
0.0
 42
0.41421356237309503
 70
0
  0
VERTEX
  5
13E1
  8
CUT
 10
949.3713267466824
 20
-947.1936444107731
 30
0.0
 42
0.41421356237309503
 70
0
  0
VERTEX
  5
13E2
  8
CUT
 10
953.8968101462763
 20
-947.1936444107731
 30
0.0
 70
0
  0
VERTEX
  5
13E3
  8
CUT
 10
962.8063555892268
 20
-956.1031898537236
 30
0.0
 42
0.41421356237309503
 70
0
  0
VERTEX
  5
13E4
  8
CUT
 10
962.8063555892268
 20
-960.6286732533175
 30
0.0
 42
0.41421356237309503
 70
0
  0
VERTEX
  5
13E5
  8
CUT
 10
967.3318389888207
 20
-960.6286732533175
 30
0.0
 42
0.41421356237309503
 70
0
  0
VERTEX
  5
13E6
  8
CUT
 10
967.3318389888207
 20
-956.1031898537236
 30
0.0
 70
0
  0
VERTEX
  5
13E7
  8
CUT
 10
991.7977336178751
 20
-931.6372952246691
 30
0.0
 42
0.41421356237309503
 70
0
  0
VERTEX
  5
13E8
  8
CUT
 10
996.323217017469
 20
-931.6372952246691
 30
0.0
 42
0.41421356237309503
 70
0
  0
VERTEX
  5
13E9
  8
CUT
 10
996.323217017469
 20
-927.1118118250752
 30
0.0
 42
0.41421356237309503
 70
0
  0
VERTEX
  5
13EA
  8
CUT
 10
991.7977336178751
 20
-927.1118118250752
 30
0.0
 70
0
  0
SEQEND
  5
13DA
  8
CUT
  0
POLYLINE
  5
13EB
  8
CUT
 66
1
 10
0.0
 20
0.0
 30
0.0
 70
1
  0
VERTEX
  5
13ED
  8
CUT
 10
1085.0431758123532
 20
-968.1363548286449
 30
0.0
 42
0.41421356237309503
 70
0
  0
VERTEX
  5
13EE
  8
CUT
 10
1083.644724534117
 20
-963.8323643520757
 30
0.0
 42
0.41421356237309503
 70
0
  0
VERTEX
  5
13EF
  8
CUT
 10
1079.3407340575477
 20
-965.230815630312
 30
0.0
 42
0.41421356237309503
 70
0
  0
VERTEX
  5
13F0
  8
CUT
 10
1080.739185335784
 20
-969.5348061068811
 30
0.0
 70
0
  0
VERTEX
  5
13F1
  8
CUT
 10
1065.0311140447957
 20
-1000.3636318437987
 30
0.0
 42
0.41421356237309503
 70
0
  0
VERTEX
  5
13F2
  8
CUT
 10
1060.7271235682265
 20
-1001.7620831220349
 30
0.0
 42
0.41421356237309503
 70
0
  0
VERTEX
  5
13F3
  8
CUT
 10
1062.1255748464628
 20
-1006.0660735986041
 30
0.0
 42
0.41421356237309503
 70
0
  0
VERTEX
  5
13F4
  8
CUT
 10
1066.429565323032
 20
-1004.6676223203679
 30
0.0
 70
0
  0
VERTEX
  5
13F5
  8
CUT
 10
1077.6562475278054
 20
-1010.3879026170862
 30
0.0
 42
0.41421356237309503
 70
0
  0
VERTEX
  5
13F6
  8
CUT
 10
1079.0546988060414
 20
-1014.6918930936556
 30
0.0
 42
0.41421356237309503
 70
0
  0
VERTEX
  5
13F7
  8
CUT
 10
1083.3586892826108
 20
-1013.2934418154193
 30
0.0
 42
0.41421356237309503
 70
0
  0
VERTEX
  5
13F8
  8
CUT
 10
1081.9602380043748
 20
-1008.98945133885
 30
0.0
 70
0
  0
VERTEX
  5
13F9
  8
CUT
 10
1097.668309295363
 20
-978.1606256019325
 30
0.0
 42
0.41421356237309503
 70
0
  0
VERTEX
  5
13FA
  8
CUT
 10
1101.9722997719323
 20
-976.7621743236962
 30
0.0
 42
0.41421356237309503
 70
0
  0
VERTEX
  5
13FB
  8
CUT
 10
1100.573848493696
 20
-972.458183847127
 30
0.0
 42
0.41421356237309503
 70
0
  0
VERTEX
  5
13FC
  8
CUT
 10
1096.2698580171268
 20
-973.8566351253633
 30
0.0
 70
0
  0
SEQEND
  5
13EC
  8
CUT
  0
POLYLINE
  5
13FD
  8
CUT
 66
1
 10
0.0
 20
0.0
 30
0.0
 70
1
  0
VERTEX
  5
13FF
  8
CUT
 10
1190.6636166482192
 20
-984.797972240782
 30
0.0
 42
0.41421356237309503
 70
0
  0
VERTEX
  5
1400
  8
CUT
 10
1188.0036042464435
 20
-981.1367792627489
 30
0.0
 42
0.41421356237309503
 70
0
  0
VERTEX
  5
1401
  8
CUT
 10
1184.3424112684104
 20
-983.7967916645246
 30
0.0
 42
0.41421356237309503
 70
0
  0
VERTEX
  5
1402
  8
CUT
 10
1187.002423670186
 20
-987.4579846425577
 30
0.0
 70
0
  0
VERTEX
  5
1403
  8
CUT
 10
1181.589791179794
 20
-1021.6320012271494
 30
0.0
 42
0.41421356237309503
 70
0
  0
VERTEX
  5
1404
  8
CUT
 10
1177.928598201761
 20
-1024.2920136289251
 30
0.0
 42
0.41421356237309503
 70
0
  0
VERTEX
  5
1405
  8
CUT
 10
1180.5886106035366
 20
-1027.9532066069582
 30
0.0
 42
0.41421356237309503
 70
0
  0
VERTEX
  5
1406
  8
CUT
 10
1184.2498035815697
 20
-1025.2931942051825
 30
0.0
 70
0
  0
VERTEX
  5
1407
  8
CUT
 10
1196.6946766730684
 20
-1027.2642684646896
 30
0.0
 42
0.41421356237309503
 70
0
  0
VERTEX
  5
1408
  8
CUT
 10
1199.3546890748441
 20
-1030.9254614427227
 30
0.0
 42
0.41421356237309503
 70
0
  0
VERTEX
  5
1409
  8
CUT
 10
1203.0158820528773
 20
-1028.265449040947
 30
0.0
 42
0.41421356237309503
 70
0
  0
VERTEX
  5
140A
  8
CUT
 10
1200.3558696511016
 20
-1024.604256062914
 30
0.0
 70
0
  0
VERTEX
  5
140B
  8
CUT
 10
1205.7685021414936
 20
-990.430239478322
 30
0.0
 42
0.41421356237309503
 70
0
  0
VERTEX
  5
140C
  8
CUT
 10
1209.4296951195267
 20
-987.7702270765462
 30
0.0
 42
0.41421356237309503
 70
0
  0
VERTEX
  5
140D
  8
CUT
 10
1206.769682717751
 20
-984.109034098513
 30
0.0
 42
0.41421356237309503
 70
0
  0
VERTEX
  5
140E
  8
CUT
 10
1203.108489739718
 20
-986.7690465002888
 30
0.0
 70
0
  0
SEQEND
  5
13FE
  8
CUT
  0
POLYLINE
  5
140F
  8
CUT
 66
1
 10
0.0
 20
0.0
 30
0.0
 70
1
  0
VERTEX
  5
1411
  8
CUT
 10
1293.291510260282
 20
-986.7690465002888
 30
0.0
 42
0.41421356237309503
 70
0
  0
VERTEX
  5
1412
  8
CUT
 10
1289.6303172822488
 20
-984.1090340985131
 30
0.0
 42
0.41421356237309503
 70
0
  0
VERTEX
  5
1413
  8
CUT
 10
1286.9703048804731
 20
-987.7702270765462
 30
0.0
 42
0.41421356237309503
 70
0
  0
VERTEX
  5
1414
  8
CUT
 10
1290.6314978585062
 20
-990.4302394783219
 30
0.0
 70
0
  0
VERTEX
  5
1415
  8
CUT
 10
1296.0441303488983
 20
-1024.6042560629137
 30
0.0
 42
0.41421356237309503
 70
0
  0
VERTEX
  5
1416
  8
CUT
 10
1293.3841179471226
 20
-1028.2654490409468
 30
0.0
 42
0.41421356237309503
 70
0
  0
VERTEX
  5
1417
  8
CUT
 10
1297.0453109251557
 20
-1030.9254614427225
 30
0.0
 42
0.41421356237309503
 70
0
  0
VERTEX
  5
1418
  8
CUT
 10
1299.7053233269314
 20
-1027.2642684646894
 30
0.0
 70
0
  0
VERTEX
  5
1419
  8
CUT
 10
1312.1501964184301
 20
-1025.2931942051825
 30
0.0
 42
0.41421356237309503
 70
0
  0
VERTEX
  5
141A
  8
CUT
 10
1315.8113893964633
 20
-1027.9532066069582
 30
0.0
 42
0.41421356237309503
 70
0
  0
VERTEX
  5
141B
  8
CUT
 10
1318.471401798239
 20
-1024.2920136289251
 30
0.0
 42
0.41421356237309503
 70
0
  0
VERTEX
  5
141C
  8
CUT
 10
1314.8102088202058
 20
-1021.6320012271494
 30
0.0
 70
0
  0
VERTEX
  5
141D
  8
CUT
 10
1309.397576329814
 20
-987.4579846425577
 30
0.0
 42
0.41421356237309503
 70
0
  0
VERTEX
  5
141E
  8
CUT
 10
1312.05758873159
 20
-983.7967916645243
 30
0.0
 42
0.41421356237309503
 70
0
  0
VERTEX
  5
141F
  8
CUT
 10
1308.3963957535566
 20
-981.1367792627484
 30
0.0
 42
0.41421356237309503
 70
0
  0
VERTEX
  5
1420
  8
CUT
 10
1305.7363833517807
 20
-984.7979722407819
 30
0.0
 70
0
  0
SEQEND
  5
1410
  8
CUT
  0
POLYLINE
  5
1421
  8
CUT
 66
1
 10
0.0
 20
0.0
 30
0.0
 70
1
  0
VERTEX
  5
1423
  8
CUT
 10
1400.130141982873
 20
-973.8566351253633
 30
0.0
 42
0.41421356237309503
 70
0
  0
VERTEX
  5
1424
  8
CUT
 10
1395.8261515063039
 20
-972.4581838471272
 30
0.0
 42
0.41421356237309503
 70
0
  0
VERTEX
  5
1425
  8
CUT
 10
1394.4277002280676
 20
-976.7621743236964
 30
0.0
 42
0.41421356237309503
 70
0
  0
VERTEX
  5
1426
  8
CUT
 10
1398.731690704637
 20
-978.1606256019325
 30
0.0
 70
0
  0
VERTEX
  5
1427
  8
CUT
 10
1414.4397619956253
 20
-1008.98945133885
 30
0.0
 42
0.41421356237309503
 70
0
  0
VERTEX
  5
1428
  8
CUT
 10
1413.041310717389
 20
-1013.2934418154191
 30
0.0
 42
0.41421356237309503
 70
0
  0
VERTEX
  5
1429
  8
CUT
 10
1417.3453011939582
 20
-1014.6918930936554
 30
0.0
 42
0.41421356237309503
 70
0
  0
VERTEX
  5
142A
  8
CUT
 10
1418.7437524721945
 20
-1010.3879026170862
 30
0.0
 70
0
  0
VERTEX
  5
142B
  8
CUT
 10
1429.970434676968
 20
-1004.6676223203679
 30
0.0
 42
0.41421356237309503
 70
0
  0
VERTEX
  5
142C
  8
CUT
 10
1434.274425153537
 20
-1006.0660735986041
 30
0.0
 42
0.41421356237309503
 70
0
  0
VERTEX
  5
142D
  8
CUT
 10
1435.6728764317734
 20
-1001.7620831220349
 30
0.0
 42
0.41421356237309503
 70
0
  0
VERTEX
  5
142E
  8
CUT
 10
1431.3688859552042
 20
-1000.3636318437987
 30
0.0
 70
0
  0
VERTEX
  5
142F
  8
CUT
 10
1415.6608146642159
 20
-969.5348061068811
 30
0.0
 42
0.41421356237309503
 70
0
  0
VERTEX
  5
1430
  8
CUT
 10
1417.059265942452
 20
-965.2308156303116
 30
0.0
 42
0.41421356237309503
 70
0
  0
VERTEX
  5
1431
  8
CUT
 10
1412.7552754658825
 20
-963.8323643520755
 30
0.0
 42
0.41421356237309503
 70
0
  0
VERTEX
  5
1432
  8
CUT
 10
1411.3568241876465
 20
-968.1363548286449
 30
0.0
 70
0
  0
SEQEND
  5
1422
  8
CUT
  0
POLYLINE
  5
1433
  8
CUT
 66
1
 10
0.0
 20
0.0
 30
0.0
 70
1
  0
VERTEX
  5
1435
  8
CUT
 10
1504.6022663821248
 20
-927.1118118250753
 30
0.0
 42
0.41421356237309503
 70
0
  0
VERTEX
  5
1436
  8
CUT
 10
1500.0767829825309
 20
-927.1118118250754
 30
0.0
 42
0.41421356237309503
 70
0
  0
VERTEX
  5
1437
  8
CUT
 10
1500.076782982531
 20
-931.6372952246693
 30
0.0
 42
0.41421356237309503
 70
0
  0
VERTEX
  5
1438
  8
CUT
 10
1504.6022663821248
 20
-931.6372952246692
 30
0.0
 70
0
  0
VERTEX
  5
1439
  8
CUT
 10
1529.0681610111792
 20
-956.1031898537237
 30
0.0
 42
0.41421356237309503
 70
0
  0
VERTEX
  5
143A
  8
CUT
 10
1529.0681610111794
 20
-960.6286732533176
 30
0.0
 42
0.41421356237309503
 70
0
  0
VERTEX
  5
143B
  8
CUT
 10
1533.5936444107733
 20
-960.6286732533175
 30
0.0
 42
0.41421356237309503
 70
0
  0
VERTEX
  5
143C
  8
CUT
 10
1533.593644410773
 20
-956.1031898537237
 30
0.0
 70
0
  0
VERTEX
  5
143D
  8
CUT
 10
1542.5031898537236
 20
-947.1936444107732
 30
0.0
 42
0.41421356237309503
 70
0
  0
VERTEX
  5
143E
  8
CUT
 10
1547.0286732533175
 20
-947.1936444107733
 30
0.0
 42
0.41421356237309503
 70
0
  0
VERTEX
  5
143F
  8
CUT
 10
1547.0286732533177
 20
-942.6681610111794
 30
0.0
 42
0.41421356237309503
 70
0
  0
VERTEX
  5
1440
  8
CUT
 10
1542.5031898537236
 20
-942.6681610111793
 30
0.0
 70
0
  0
VERTEX
  5
1441
  8
CUT
 10
1518.0372952246692
 20
-918.2022663821248
 30
0.0
 42
0.41421356237309503
 70
0
  0
VERTEX
  5
1442
  8
CUT
 10
1518.0372952246694
 20
-913.676782982531
 30
0.0
 42
0.41421356237309503
 70
0
  0
VERTEX
  5
1443
  8
CUT
 10
1513.5118118250755
 20
-913.6767829825308
 30
0.0
 42
0.41421356237309503
 70
0
  0
VERTEX
  5
1444
  8
CUT
 10
1513.5118118250753
 20
-918.2022663821248
 30
0.0
 70
0
  0
SEQEND
  5
1434
  8
CUT
  0
POLYLINE
  5
1445
  8
CUT
 66
1
 10
0.0
 20
0.0
 30
0.0
 70
1
  0
VERTEX
  5
1447
  8
CUT
 10
1581.6969845908893
 20
-838.7958562758059
 30
0.0
 42
0.41421356237309503
 70
0
  0
VERTEX
  5
1448
  8
CUT
 10
1577.39299411432
 20
-840.194307554042
 30
0.0
 42
0.41421356237309503
 70
0
  0
VERTEX
  5
1449
  8
CUT
 10
1578.791445392556
 20
-844.4982980306113
 30
0.0
 42
0.41421356237309503
 70
0
  0
VERTEX
  5
144A
  8
CUT
 10
1583.0954358691254
 20
-843.0998467523752
 30
0.0
 70
0
  0
VERTEX
  5
144B
  8
CUT
 10
1613.924261606043
 20
-858.8079180433635
 30
0.0
 42
0.41421356237309503
 70
0
  0
VERTEX
  5
144C
  8
CUT
 10
1615.3227128842793
 20
-863.1119085199327
 30
0.0
 42
0.41421356237309503
 70
0
  0
VERTEX
  5
144D
  8
CUT
 10
1619.6267033608485
 20
-861.7134572416965
 30
0.0
 42
0.41421356237309503
 70
0
  0
VERTEX
  5
144E
  8
CUT
 10
1618.2282520826122
 20
-857.4094667651274
 30
0.0
 70
0
  0
VERTEX
  5
144F
  8
CUT
 10
1623.9485323793306
 20
-846.1827845603539
 30
0.0
 42
0.41421356237309503
 70
0
  0
VERTEX
  5
1450
  8
CUT
 10
1628.2525228558998
 20
-844.7843332821176
 30
0.0
 42
0.41421356237309503
 70
0
  0
VERTEX
  5
1451
  8
CUT
 10
1626.8540715776635
 20
-840.4803428055483
 30
0.0
 42
0.41421356237309503
 70
0
  0
VERTEX
  5
1452
  8
CUT
 10
1622.5500811010943
 20
-841.8787940837846
 30
0.0
 70
0
  0
VERTEX
  5
1453
  8
CUT
 10
1591.7212553641768
 20
-826.1707227927963
 30
0.0
 42
0.41421356237309503
 70
0
  0
VERTEX
  5
1454
  8
CUT
 10
1590.3228040859408
 20
-821.8667323162268
 30
0.0
 42
0.41421356237309503
 70
0
  0
VERTEX
  5
1455
  8
CUT
 10
1586.0188136093714
 20
-823.2651835944631
 30
0.0
 42
0.41421356237309503
 70
0
  0
VERTEX
  5
1456
  8
CUT
 10
1587.4172648876074
 20
-827.5691740710324
 30
0.0
 70
0
  0
SEQEND
  5
1446
  8
CUT
  0
POLYLINE
  5
1457
  8
CUT
 66
1
 10
0.0
 20
0.0
 30
0.0
 70
1
  0
VERTEX
  5
1459
  8
CUT
 10
1613.9220033874897
 20
-726.1032051133602
 30
0.0
 42
0.41421356237309503
 70
0
  0
VERTEX
  5
145A
  8
CUT
 10
1610.2608104094566
 20
-728.7632175151359
 30
0.0
 42
0.41421356237309503
 70
0
  0
VERTEX
  5
145B
  8
CUT
 10
1612.9208228112323
 20
-732.424410493169
 30
0.0
 42
0.41421356237309503
 70
0
  0
VERTEX
  5
145C
  8
CUT
 10
1616.5820157892654
 20
-729.7643980913933
 30
0.0
 70
0
  0
VERTEX
  5
145D
  8
CUT
 10
1650.7560323738571
 20
-735.1770305817854
 30
0.0
 42
0.41421356237309503
 70
0
  0
VERTEX
  5
145E
  8
CUT
 10
1653.4160447756328
 20
-738.8382235598185
 30
0.0
 42
0.41421356237309503
 70
0
  0
VERTEX
  5
145F
  8
CUT
 10
1657.077237753666
 20
-736.1782111580428
 30
0.0
 42
0.41421356237309503
 70
0
  0
VERTEX
  5
1460
  8
CUT
 10
1654.4172253518902
 20
-732.5170181800097
 30
0.0
 70
0
  0
VERTEX
  5
1461
  8
CUT
 10
1656.3882996113973
 20
-720.072145088511
 30
0.0
 42
0.41421356237309503
 70
0
  0
VERTEX
  5
1462
  8
CUT
 10
1660.0494925894304
 20
-717.4121326867353
 30
0.0
 42
0.41421356237309503
 70
0
  0
VERTEX
  5
1463
  8
CUT
 10
1657.3894801876547
 20
-713.750939708702
 30
0.0
 42
0.41421356237309503
 70
0
  0
VERTEX
  5
1464
  8
CUT
 10
1653.7282872096216
 20
-716.4109521104778
 30
0.0
 70
0
  0
VERTEX
  5
1465
  8
CUT
 10
1619.5542706250299
 20
-710.9983196200858
 30
0.0
 42
0.41421356237309503
 70
0
  0
VERTEX
  5
1466
  8
CUT
 10
1616.8942582232544
 20
-707.3371266420525
 30
0.0
 42
0.41421356237309503
 70
0
  0
VERTEX
  5
1467
  8
CUT
 10
1613.233065245221
 20
-709.9971390438282
 30
0.0
 42
0.41421356237309503
 70
0
  0
VERTEX
  5
1468
  8
CUT
 10
1615.8930776469965
 20
-713.6583320218615
 30
0.0
 70
0
  0
SEQEND
  5
1458
  8
CUT
  0
POLYLINE
  5
1469
  8
CUT
 66
1
 10
0.0
 20
0.0
 30
0.0
 70
1
  0
VERTEX
  5
146B
  8
CUT
 10
17.0
 20
-707.0
 30
0.0
 70
0
  0
VERTEX
  5
146C
  8
CUT
 10
121.8
 20
-707.0
 30
0.0
 42
-0.41421356237309503
 70
0
  0
VERTEX
  5
146D
  8
CUT
 10
125.00000000000003
 20
-703.8
 30
0.0
 42
-0.41421356237309503
 70
0
  0
VERTEX
  5
146E
  8
CUT
 10
128.20000000000005
 20
-707.0
 30
0.0
 42
-0.41421356237309503
 70
0
  0
VERTEX
  5
146F
  8
CUT
 10
125.0
 20
-710.2
 30
0.0
 70
0
  0
VERTEX
  5
1470
  8
CUT
 10
125.0
 20
-725.0
 30
0.0
 70
0
  0
VERTEX
  5
1471
  8
CUT
 10
165.0
 20
-725.0
 30
0.0
 70
0
  0
VERTEX
  5
1472
  8
CUT
 10
165.0
 20
-710.2
 30
0.0
 42
-0.41421356237309503
 70
0
  0
VERTEX
  5
1473
  8
CUT
 10
161.79999999999995
 20
-707.0
 30
0.0
 42
-0.41421356237309503
 70
0
  0
VERTEX
  5
1474
  8
CUT
 10
164.99999999999994
 20
-703.8
 30
0.0
 42
-0.41421356237309503
 70
0
  0
VERTEX
  5
1475
  8
CUT
 10
168.2
 20
-707.0
 30
0.0
 70
0
  0
VERTEX
  5
1476
  8
CUT
 10
187.0
 20
-707.0
 30
0.0
 70
0
  0
VERTEX
  5
1477
  8
CUT
 10
187.0
 20
-577.0
 30
0.0
 70
0
  0
VERTEX
  5
1478
  8
CUT
 10
180.2
 20
-577.0
 30
0.0
 42
-0.41421356237309503
 70
0
  0
VERTEX
  5
1479
  8
CUT
 10
176.99999999999997
 20
-580.2
 30
0.0
 42
-0.41421356237309503
 70
0
  0
VERTEX
  5
147A
  8
CUT
 10
173.79999999999995
 20
-577.0
 30
0.0
 42
-0.41421356237309503
 70
0
  0
VERTEX
  5
147B
  8
CUT
 10
177.0
 20
-573.8
 30
0.0
 70
0
  0
VERTEX
  5
147C
  8
CUT
 10
177.0
 20
-477.0
 30
0.0
 70
0
  0
VERTEX
  5
147D
  8
CUT
 10
147.0
 20
-447.0
 30
0.0
 70
0
  0
VERTEX
  5
147E
  8
CUT
 10
27.0
 20
-447.0
 30
0.0
 70
0
  0
VERTEX
  5
147F
  8
CUT
 10
27.0
 20
-573.8
 30
0.0
 42
-0.41421356237309503
 70
0
  0
VERTEX
  5
1480
  8
CUT
 10
30.200000000000045
 20
-577.0
 30
0.0
 42
-0.41421356237309503
 70
0
  0
VERTEX
  5
1481
  8
CUT
 10
27.000000000000043
 20
-580.2
 30
0.0
 42
-0.41421356237309503
 70
0
  0
VERTEX
  5
1482
  8
CUT
 10
23.8
 20
-577.0
 30
0.0
 70
0
  0
VERTEX
  5
1483
  8
CUT
 10
17.0
 20
-577.0
 30
0.0
 70
0
  0
SEQEND
  5
146A
  8
CUT
  0
POLYLINE
  5
1484
  8
CUT
 66
1
 10
0.0
 20
0.0
 30
0.0
 70
1
  0
VERTEX
  5
1486
  8
CUT
 10
293.0
 20
-441.0
 30
0.0
 70
0
  0
VERTEX
  5
1487
  8
CUT
 10
293.0
 20
-336.20000000000005
 30
0.0
 42
-0.41421356237309503
 70
0
  0
VERTEX
  5
1488
  8
CUT
 10
289.79999999999995
 20
-333.0
 30
0.0
 42
-0.41421356237309503
 70
0
  0
VERTEX
  5
1489
  8
CUT
 10
293.0
 20
-329.79999999999995
 30
0.0
 42
-0.41421356237309503
 70
0
  0
VERTEX
  5
148A
  8
CUT
 10
296.2
 20
-333.0
 30
0.0
 70
0
  0
VERTEX
  5
148B
  8
CUT
 10
311.0
 20
-333.0
 30
0.0
 70
0
  0
VERTEX
  5
148C
  8
CUT
 10
311.0
 20
-293.0
 30
0.0
 70
0
  0
VERTEX
  5
148D
  8
CUT
 10
296.2
 20
-293.0
 30
0.0
 42
-0.41421356237309503
 70
0
  0
VERTEX
  5
148E
  8
CUT
 10
292.99999999999994
 20
-296.19999999999993
 30
0.0
 42
-0.41421356237309503
 70
0
  0
VERTEX
  5
148F
  8
CUT
 10
289.79999999999995
 20
-292.9999999999999
 30
0.0
 42
-0.41421356237309503
 70
0
  0
VERTEX
  5
1490
  8
CUT
 10
293.0
 20
-289.79999999999995
 30
0.0
 70
0
  0
VERTEX
  5
1491
  8
CUT
 10
293.0
 20
-271.0
 30
0.0
 70
0
  0
VERTEX
  5
1492
  8
CUT
 10
163.0
 20
-271.0
 30
0.0
 70
0
  0
VERTEX
  5
1493
  8
CUT
 10
163.0
 20
-277.79999999999995
 30
0.0
 42
-0.41421356237309503
 70
0
  0
VERTEX
  5
1494
  8
CUT
 10
166.20000000000005
 20
-280.99999999999994
 30
0.0
 42
-0.41421356237309503
 70
0
  0
VERTEX
  5
1495
  8
CUT
 10
163.00000000000006
 20
-284.20000000000005
 30
0.0
 42
-0.41421356237309503
 70
0
  0
VERTEX
  5
1496
  8
CUT
 10
159.8
 20
-281.0
 30
0.0
 70
0
  0
VERTEX
  5
1497
  8
CUT
 10
63.0
 20
-281.0
 30
0.0
 70
0
  0
VERTEX
  5
1498
  8
CUT
 10
33.0
 20
-311.0
 30
0.0
 70
0
  0
VERTEX
  5
1499
  8
CUT
 10
33.0
 20
-431.0
 30
0.0
 70
0
  0
VERTEX
  5
149A
  8
CUT
 10
159.8
 20
-431.0
 30
0.0
 42
-0.41421356237309503
 70
0
  0
VERTEX
  5
149B
  8
CUT
 10
163.00000000000009
 20
-427.80000000000007
 30
0.0
 42
-0.41421356237309503
 70
0
  0
VERTEX
  5
149C
  8
CUT
 10
166.20000000000005
 20
-431.0000000000001
 30
0.0
 42
-0.41421356237309503
 70
0
  0
VERTEX
  5
149D
  8
CUT
 10
163.0
 20
-434.20000000000005
 30
0.0
 70
0
  0
VERTEX
  5
149E
  8
CUT
 10
163.0
 20
-441.0
 30
0.0
 70
0
  0
SEQEND
  5
1485
  8
CUT
  0
POLYLINE
  5
149F
  8
CUT
 66
1
 10
0.0
 20
0.0
 30
0.0
 70
1
  0
VERTEX
  5
14A1
  8
CUT
 10
163.00000000000003
 20
-987.0
 30
0.0
 70
0
  0
VERTEX
  5
14A2
  8
CUT
 10
163.0
 20
-1091.8
 30
0.0
 42
-0.41421356237309503
 70
0
  0
VERTEX
  5
14A3
  8
CUT
 10
166.20000000000005
 20
-1095.0
 30
0.0
 42
-0.41421356237309503
 70
0
  0
VERTEX
  5
14A4
  8
CUT
 10
163.00000000000006
 20
-1098.2
 30
0.0
 42
-0.41421356237309503
 70
0
  0
VERTEX
  5
14A5
  8
CUT
 10
159.8
 20
-1095.0
 30
0.0
 70
0
  0
VERTEX
  5
14A6
  8
CUT
 10
145.0
 20
-1095.0
 30
0.0
 70
0
  0
VERTEX
  5
14A7
  8
CUT
 10
145.0
 20
-1135.0
 30
0.0
 70
0
  0
VERTEX
  5
14A8
  8
CUT
 10
159.8
 20
-1135.0
 30
0.0
 42
-0.41421356237309503
 70
0
  0
VERTEX
  5
14A9
  8
CUT
 10
162.99999999999991
 20
-1131.8000000000002
 30
0.0
 42
-0.41421356237309503
 70
0
  0
VERTEX
  5
14AA
  8
CUT
 10
166.19999999999982
 20
-1135.0
 30
0.0
 42
-0.41421356237309503
 70
0
  0
VERTEX
  5
14AB
  8
CUT
 10
163.0
 20
-1138.1999999999998
 30
0.0
 70
0
  0
VERTEX
  5
14AC
  8
CUT
 10
163.0
 20
-1157.0
 30
0.0
 70
0
  0
VERTEX
  5
14AD
  8
CUT
 10
293.0
 20
-1157.0
 30
0.0
 70
0
  0
VERTEX
  5
14AE
  8
CUT
 10
293.0
 20
-1150.2
 30
0.0
 42
-0.41421356237309503
 70
0
  0
VERTEX
  5
14AF
  8
CUT
 10
289.79999999999995
 20
-1147.0
 30
0.0
 42
-0.41421356237309503
 70
0
  0
VERTEX
  5
14B0
  8
CUT
 10
293.0
 20
-1143.8
 30
0.0
 42
-0.41421356237309503
 70
0
  0
VERTEX
  5
14B1
  8
CUT
 10
296.2
 20
-1147.0
 30
0.0
 70
0
  0
VERTEX
  5
14B2
  8
CUT
 10
393.0
 20
-1147.0
 30
0.0
 70
0
  0
VERTEX
  5
14B3
  8
CUT
 10
423.0
 20
-1117.0
 30
0.0
 70
0
  0
VERTEX
  5
14B4
  8
CUT
 10
423.0
 20
-997.0
 30
0.0
 70
0
  0
VERTEX
  5
14B5
  8
CUT
 10
296.20000000000005
 20
-997.0
 30
0.0
 42
-0.41421356237309503
 70
0
  0
VERTEX
  5
14B6
  8
CUT
 10
293.0
 20
-1000.2
 30
0.0
 42
-0.41421356237309503
 70
0
  0
VERTEX
  5
14B7
  8
CUT
 10
289.79999999999995
 20
-997.0
 30
0.0
 42
-0.41421356237309503
 70
0
  0
VERTEX
  5
14B8
  8
CUT
 10
293.0
 20
-993.8
 30
0.0
 70
0
  0
VERTEX
  5
14B9
  8
CUT
 10
293.0
 20
-987.0
 30
0.0
 70
0
  0
SEQEND
  5
14A0
  8
CUT
  0
POLYLINE
  5
14BA
  8
CUT
 66
1
 10
0.0
 20
0.0
 30
0.0
 70
1
  0
VERTEX
  5
14BC
  8
CUT
 10
219.00000000000003
 20
-499.0
 30
0.0
 70
0
  0
VERTEX
  5
14BD
  8
CUT
 10
219.0
 20
-603.8
 30
0.0
 42
-0.41421356237309503
 70
0
  0
VERTEX
  5
14BE
  8
CUT
 10
222.20000000000005
 20
-607.0
 30
0.0
 42
-0.41421356237309503
 70
0
  0
VERTEX
  5
14BF
  8
CUT
 10
219.00000000000006
 20
-610.2
 30
0.0
 42
-0.41421356237309503
 70
0
  0
VERTEX
  5
14C0
  8
CUT
 10
215.8
 20
-607.0
 30
0.0
 70
0
  0
VERTEX
  5
14C1
  8
CUT
 10
201.0
 20
-607.0
 30
0.0
 70
0
  0
VERTEX
  5
14C2
  8
CUT
 10
201.0
 20
-647.0
 30
0.0
 70
0
  0
VERTEX
  5
14C3
  8
CUT
 10
215.8
 20
-647.0
 30
0.0
 42
-0.41421356237309503
 70
0
  0
VERTEX
  5
14C4
  8
CUT
 10
218.99999999999997
 20
-643.8000000000001
 30
0.0
 42
-0.41421356237309503
 70
0
  0
VERTEX
  5
14C5
  8
CUT
 10
222.19999999999993
 20
-647.0
 30
0.0
 42
-0.41421356237309503
 70
0
  0
VERTEX
  5
14C6
  8
CUT
 10
219.0
 20
-650.1999999999999
 30
0.0
 70
0
  0
VERTEX
  5
14C7
  8
CUT
 10
219.0
 20
-669.0
 30
0.0
 70
0
  0
VERTEX
  5
14C8
  8
CUT
 10
349.0
 20
-669.0
 30
0.0
 70
0
  0
VERTEX
  5
14C9
  8
CUT
 10
349.0
 20
-662.2
 30
0.0
 42
-0.41421356237309503
 70
0
  0
VERTEX
  5
14CA
  8
CUT
 10
345.79999999999995
 20
-659.0
 30
0.0
 42
-0.41421356237309503
 70
0
  0
VERTEX
  5
14CB
  8
CUT
 10
349.0
 20
-655.8
 30
0.0
 42
-0.41421356237309503
 70
0
  0
VERTEX
  5
14CC
  8
CUT
 10
352.2
 20
-659.0
 30
0.0
 70
0
  0
VERTEX
  5
14CD
  8
CUT
 10
449.0
 20
-659.0
 30
0.0
 70
0
  0
VERTEX
  5
14CE
  8
CUT
 10
479.0
 20
-629.0
 30
0.0
 70
0
  0
VERTEX
  5
14CF
  8
CUT
 10
479.0
 20
-509.0
 30
0.0
 70
0
  0
VERTEX
  5
14D0
  8
CUT
 10
352.20000000000005
 20
-509.0
 30
0.0
 42
-0.41421356237309503
 70
0
  0
VERTEX
  5
14D1
  8
CUT
 10
349.0
 20
-512.2
 30
0.0
 42
-0.41421356237309503
 70
0
  0
VERTEX
  5
14D2
  8
CUT
 10
345.79999999999995
 20
-509.0
 30
0.0
 42
-0.41421356237309503
 70
0
  0
VERTEX
  5
14D3
  8
CUT
 10
349.0
 20
-505.79999999999995
 30
0.0
 70
0
  0
VERTEX
  5
14D4
  8
CUT
 10
349.0
 20
-499.0
 30
0.0
 70
0
  0
SEQEND
  5
14BB
  8
CUT
  0
POLYLINE
  5
14D5
  8
CUT
 66
1
 10
0.0
 20
0.0
 30
0.0
 70
1
  0
VERTEX
  5
14D7
  8
CUT
 10
521.0
 20
-981.0
 30
0.0
 70
0
  0
VERTEX
  5
14D8
  8
CUT
 10
521.0
 20
-876.2
 30
0.0
 42
-0.41421356237309503
 70
0
  0
VERTEX
  5
14D9
  8
CUT
 10
517.8
 20
-873.0
 30
0.0
 42
-0.41421356237309503
 70
0
  0
VERTEX
  5
14DA
  8
CUT
 10
521.0
 20
-869.8
 30
0.0
 42
-0.41421356237309503
 70
0
  0
VERTEX
  5
14DB
  8
CUT
 10
524.2
 20
-873.0
 30
0.0
 70
0
  0
VERTEX
  5
14DC
  8
CUT
 10
539.0
 20
-873.0
 30
0.0
 70
0
  0
VERTEX
  5
14DD
  8
CUT
 10
539.0
 20
-833.0
 30
0.0
 70
0
  0
VERTEX
  5
14DE
  8
CUT
 10
524.2
 20
-833.0
 30
0.0
 42
-0.41421356237309503
 70
0
  0
VERTEX
  5
14DF
  8
CUT
 10
521.0
 20
-836.2
 30
0.0
 42
-0.41421356237309503
 70
0
  0
VERTEX
  5
14E0
  8
CUT
 10
517.8
 20
-833.0
 30
0.0
 42
-0.41421356237309503
 70
0
  0
VERTEX
  5
14E1
  8
CUT
 10
521.0
 20
-829.8
 30
0.0
 70
0
  0
VERTEX
  5
14E2
  8
CUT
 10
521.0
 20
-811.0
 30
0.0
 70
0
  0
VERTEX
  5
14E3
  8
CUT
 10
391.0
 20
-811.0
 30
0.0
 70
0
  0
VERTEX
  5
14E4
  8
CUT
 10
391.0
 20
-817.8
 30
0.0
 42
-0.41421356237309503
 70
0
  0
VERTEX
  5
14E5
  8
CUT
 10
394.20000000000005
 20
-821.0
 30
0.0
 42
-0.41421356237309503
 70
0
  0
VERTEX
  5
14E6
  8
CUT
 10
391.0
 20
-824.2
 30
0.0
 42
-0.41421356237309503
 70
0
  0
VERTEX
  5
14E7
  8
CUT
 10
387.8
 20
-821.0
 30
0.0
 70
0
  0
VERTEX
  5
14E8
  8
CUT
 10
291.0
 20
-821.0
 30
0.0
 70
0
  0
VERTEX
  5
14E9
  8
CUT
 10
261.0
 20
-851.0
 30
0.0
 70
0
  0
VERTEX
  5
14EA
  8
CUT
 10
261.0
 20
-971.0
 30
0.0
 70
0
  0
VERTEX
  5
14EB
  8
CUT
 10
387.8
 20
-971.0
 30
0.0
 42
-0.41421356237309503
 70
0
  0
VERTEX
  5
14EC
  8
CUT
 10
391.0
 20
-967.8
 30
0.0
 42
-0.41421356237309503
 70
0
  0
VERTEX
  5
14ED
  8
CUT
 10
394.20000000000005
 20
-971.0
 30
0.0
 42
-0.41421356237309503
 70
0
  0
VERTEX
  5
14EE
  8
CUT
 10
391.0
 20
-974.2
 30
0.0
 70
0
  0
VERTEX
  5
14EF
  8
CUT
 10
391.0
 20
-981.0
 30
0.0
 70
0
  0
SEQEND
  5
14D6
  8
CUT
  0
POLYLINE
  5
14F0
  8
CUT
 66
1
 10
0.0
 20
0.0
 30
0.0
 70
1
  0
VERTEX
  5
14F2
  8
CUT
 10
549.0
 20
-1321.0
 30
0.0
 70
0
  0
VERTEX
  5
14F3
  8
CUT
 10
549.0
 20
-1216.2
 30
0.0
 42
-0.41421356237309503
 70
0
  0
VERTEX
  5
14F4
  8
CUT
 10
545.8
 20
-1213.0
 30
0.0
 42
-0.41421356237309503
 70
0
  0
VERTEX
  5
14F5
  8
CUT
 10
549.0
 20
-1209.8
 30
0.0
 42
-0.41421356237309503
 70
0
  0
VERTEX
  5
14F6
  8
CUT
 10
552.2
 20
-1213.0
 30
0.0
 70
0
  0
VERTEX
  5
14F7
  8
CUT
 10
567.0
 20
-1213.0
 30
0.0
 70
0
  0
VERTEX
  5
14F8
  8
CUT
 10
567.0
 20
-1173.0
 30
0.0
 70
0
  0
VERTEX
  5
14F9
  8
CUT
 10
552.2
 20
-1173.0
 30
0.0
 42
-0.41421356237309503
 70
0
  0
VERTEX
  5
14FA
  8
CUT
 10
549.0
 20
-1176.2
 30
0.0
 42
-0.41421356237309503
 70
0
  0
VERTEX
  5
14FB
  8
CUT
 10
545.8
 20
-1173.0
 30
0.0
 42
-0.41421356237309503
 70
0
  0
VERTEX
  5
14FC
  8
CUT
 10
549.0
 20
-1169.8
 30
0.0
 70
0
  0
VERTEX
  5
14FD
  8
CUT
 10
549.0
 20
-1151.0
 30
0.0
 70
0
  0
VERTEX
  5
14FE
  8
CUT
 10
419.0
 20
-1151.0
 30
0.0
 70
0
  0
VERTEX
  5
14FF
  8
CUT
 10
419.0
 20
-1157.8
 30
0.0
 42
-0.41421356237309503
 70
0
  0
VERTEX
  5
1500
  8
CUT
 10
422.20000000000005
 20
-1161.0
 30
0.0
 42
-0.41421356237309503
 70
0
  0
VERTEX
  5
1501
  8
CUT
 10
419.0
 20
-1164.2
 30
0.0
 42
-0.41421356237309503
 70
0
  0
VERTEX
  5
1502
  8
CUT
 10
415.8
 20
-1161.0
 30
0.0
 70
0
  0
VERTEX
  5
1503
  8
CUT
 10
319.0
 20
-1161.0
 30
0.0
 70
0
  0
VERTEX
  5
1504
  8
CUT
 10
289.0
 20
-1191.0
 30
0.0
 70
0
  0
VERTEX
  5
1505
  8
CUT
 10
289.0
 20
-1311.0
 30
0.0
 70
0
  0
VERTEX
  5
1506
  8
CUT
 10
415.8
 20
-1311.0
 30
0.0
 42
-0.41421356237309503
 70
0
  0
VERTEX
  5
1507
  8
CUT
 10
419.0
 20
-1307.8
 30
0.0
 42
-0.41421356237309503
 70
0
  0
VERTEX
  5
1508
  8
CUT
 10
422.20000000000005
 20
-1311.0
 30
0.0
 42
-0.41421356237309503
 70
0
  0
VERTEX
  5
1509
  8
CUT
 10
419.0
 20
-1314.2
 30
0.0
 70
0
  0
VERTEX
  5
150A
  8
CUT
 10
419.0
 20
-1321.0
 30
0.0
 70
0
  0
SEQEND
  5
14F1
  8
CUT
  0
POLYLINE
  5
150B
  8
CUT
 66
1
 10
0.0
 20
0.0
 30
0.0
 70
1
  0
VERTEX
  5
150D
  8
CUT
 10
569.0
 20
-493.0
 30
0.0
 70
0
  0
VERTEX
  5
150E
  8
CUT
 10
569.0
 20
-388.20000000000005
 30
0.0
 42
-0.41421356237309503
 70
0
  0
VERTEX
  5
150F
  8
CUT
 10
565.8
 20
-385.0
 30
0.0
 42
-0.41421356237309503
 70
0
  0
VERTEX
  5
1510
  8
CUT
 10
569.0
 20
-381.79999999999995
 30
0.0
 42
-0.41421356237309503
 70
0
  0
VERTEX
  5
1511
  8
CUT
 10
572.2
 20
-385.0
 30
0.0
 70
0
  0
VERTEX
  5
1512
  8
CUT
 10
587.0
 20
-385.0
 30
0.0
 70
0
  0
VERTEX
  5
1513
  8
CUT
 10
587.0
 20
-345.0
 30
0.0
 70
0
  0
VERTEX
  5
1514
  8
CUT
 10
572.2
 20
-345.0
 30
0.0
 42
-0.41421356237309503
 70
0
  0
VERTEX
  5
1515
  8
CUT
 10
569.0
 20
-348.20000000000005
 30
0.0
 42
-0.41421356237309503
 70
0
  0
VERTEX
  5
1516
  8
CUT
 10
565.8
 20
-345.0
 30
0.0
 42
-0.41421356237309503
 70
0
  0
VERTEX
  5
1517
  8
CUT
 10
569.0
 20
-341.79999999999995
 30
0.0
 70
0
  0
VERTEX
  5
1518
  8
CUT
 10
569.0
 20
-323.0
 30
0.0
 70
0
  0
VERTEX
  5
1519
  8
CUT
 10
439.0
 20
-323.0
 30
0.0
 70
0
  0
VERTEX
  5
151A
  8
CUT
 10
439.0
 20
-329.79999999999995
 30
0.0
 42
-0.41421356237309503
 70
0
  0
VERTEX
  5
151B
  8
CUT
 10
442.20000000000005
 20
-333.0
 30
0.0
 42
-0.41421356237309503
 70
0
  0
VERTEX
  5
151C
  8
CUT
 10
439.0
 20
-336.20000000000005
 30
0.0
 42
-0.41421356237309503
 70
0
  0
VERTEX
  5
151D
  8
CUT
 10
435.8
 20
-333.0
 30
0.0
 70
0
  0
VERTEX
  5
151E
  8
CUT
 10
339.0
 20
-333.0
 30
0.0
 70
0
  0
VERTEX
  5
151F
  8
CUT
 10
309.0
 20
-363.0
 30
0.0
 70
0
  0
VERTEX
  5
1520
  8
CUT
 10
309.0
 20
-483.0
 30
0.0
 70
0
  0
VERTEX
  5
1521
  8
CUT
 10
435.8
 20
-483.0
 30
0.0
 42
-0.41421356237309503
 70
0
  0
VERTEX
  5
1522
  8
CUT
 10
439.00000000000006
 20
-479.80000000000007
 30
0.0
 42
-0.41421356237309503
 70
0
  0
VERTEX
  5
1523
  8
CUT
 10
442.20000000000005
 20
-483.0000000000001
 30
0.0
 42
-0.41421356237309503
 70
0
  0
VERTEX
  5
1524
  8
CUT
 10
439.0
 20
-486.20000000000005
 30
0.0
 70
0
  0
VERTEX
  5
1525
  8
CUT
 10
439.0
 20
-493.0
 30
0.0
 70
0
  0
SEQEND
  5
150C
  8
CUT
  0
POLYLINE
  5
1526
  8
CUT
 66
1
 10
0.0
 20
0.0
 30
0.0
 70
1
  0
VERTEX
  5
1528
  8
CUT
 10
753.0
 20
-677.0
 30
0.0
 70
0
  0
VERTEX
  5
1529
  8
CUT
 10
753.0
 20
-572.2
 30
0.0
 42
-0.41421356237309503
 70
0
  0
VERTEX
  5
152A
  8
CUT
 10
749.8
 20
-569.0
 30
0.0
 42
-0.41421356237309503
 70
0
  0
VERTEX
  5
152B
  8
CUT
 10
753.0
 20
-565.8
 30
0.0
 42
-0.41421356237309503
 70
0
  0
VERTEX
  5
152C
  8
CUT
 10
756.2
 20
-569.0
 30
0.0
 70
0
  0
VERTEX
  5
152D
  8
CUT
 10
771.0
 20
-569.0
 30
0.0
 70
0
  0
VERTEX
  5
152E
  8
CUT
 10
771.0
 20
-529.0
 30
0.0
 70
0
  0
VERTEX
  5
152F
  8
CUT
 10
756.2
 20
-529.0
 30
0.0
 42
-0.41421356237309503
 70
0
  0
VERTEX
  5
1530
  8
CUT
 10
753.0
 20
-532.2
 30
0.0
 42
-0.41421356237309503
 70
0
  0
VERTEX
  5
1531
  8
CUT
 10
749.8
 20
-529.0
 30
0.0
 42
-0.41421356237309503
 70
0
  0
VERTEX
  5
1532
  8
CUT
 10
753.0
 20
-525.8
 30
0.0
 70
0
  0
VERTEX
  5
1533
  8
CUT
 10
753.0
 20
-507.0
 30
0.0
 70
0
  0
VERTEX
  5
1534
  8
CUT
 10
623.0
 20
-507.0
 30
0.0
 70
0
  0
VERTEX
  5
1535
  8
CUT
 10
623.0
 20
-513.8
 30
0.0
 42
-0.41421356237309503
 70
0
  0
VERTEX
  5
1536
  8
CUT
 10
626.2
 20
-517.0
 30
0.0
 42
-0.41421356237309503
 70
0
  0
VERTEX
  5
1537
  8
CUT
 10
623.0
 20
-520.2
 30
0.0
 42
-0.41421356237309503
 70
0
  0
VERTEX
  5
1538
  8
CUT
 10
619.8
 20
-517.0
 30
0.0
 70
0
  0
VERTEX
  5
1539
  8
CUT
 10
523.0
 20
-517.0
 30
0.0
 70
0
  0
VERTEX
  5
153A
  8
CUT
 10
493.0
 20
-547.0
 30
0.0
 70
0
  0
VERTEX
  5
153B
  8
CUT
 10
493.0
 20
-667.0
 30
0.0
 70
0
  0
VERTEX
  5
153C
  8
CUT
 10
619.8
 20
-667.0
 30
0.0
 42
-0.41421356237309503
 70
0
  0
VERTEX
  5
153D
  8
CUT
 10
623.0
 20
-663.8
 30
0.0
 42
-0.41421356237309503
 70
0
  0
VERTEX
  5
153E
  8
CUT
 10
626.2
 20
-667.0
 30
0.0
 42
-0.41421356237309503
 70
0
  0
VERTEX
  5
153F
  8
CUT
 10
623.0
 20
-670.2
 30
0.0
 70
0
  0
VERTEX
  5
1540
  8
CUT
 10
623.0
 20
-677.0
 30
0.0
 70
0
  0
SEQEND
  5
1527
  8
CUT
  0
POLYLINE
  5
1541
  8
CUT
 66
1
 10
0.0
 20
0.0
 30
0.0
 70
1
  0
VERTEX
  5
1543
  8
CUT
 10
525.0
 20
-1139.0
 30
0.0
 70
0
  0
VERTEX
  5
1544
  8
CUT
 10
629.8
 20
-1139.0
 30
0.0
 42
-0.41421356237309503
 70
0
  0
VERTEX
  5
1545
  8
CUT
 10
633.0
 20
-1135.8
 30
0.0
 42
-0.41421356237309503
 70
0
  0
VERTEX
  5
1546
  8
CUT
 10
636.2
 20
-1139.0
 30
0.0
 42
-0.41421356237309503
 70
0
  0
VERTEX
  5
1547
  8
CUT
 10
633.0
 20
-1142.2
 30
0.0
 70
0
  0
VERTEX
  5
1548
  8
CUT
 10
633.0
 20
-1157.0
 30
0.0
 70
0
  0
VERTEX
  5
1549
  8
CUT
 10
673.0
 20
-1157.0
 30
0.0
 70
0
  0
VERTEX
  5
154A
  8
CUT
 10
673.0
 20
-1142.2
 30
0.0
 42
-0.41421356237309503
 70
0
  0
VERTEX
  5
154B
  8
CUT
 10
669.8
 20
-1139.0
 30
0.0
 42
-0.41421356237309503
 70
0
  0
VERTEX
  5
154C
  8
CUT
 10
673.0
 20
-1135.8
 30
0.0
 42
-0.41421356237309503
 70
0
  0
VERTEX
  5
154D
  8
CUT
 10
676.2
 20
-1139.0
 30
0.0
 70
0
  0
VERTEX
  5
154E
  8
CUT
 10
695.0
 20
-1139.0
 30
0.0
 70
0
  0
VERTEX
  5
154F
  8
CUT
 10
695.0
 20
-1009.0
 30
0.0
 70
0
  0
VERTEX
  5
1550
  8
CUT
 10
688.2
 20
-1009.0
 30
0.0
 42
-0.41421356237309503
 70
0
  0
VERTEX
  5
1551
  8
CUT
 10
685.0
 20
-1012.2
 30
0.0
 42
-0.41421356237309503
 70
0
  0
VERTEX
  5
1552
  8
CUT
 10
681.8
 20
-1009.0
 30
0.0
 42
-0.41421356237309503
 70
0
  0
VERTEX
  5
1553
  8
CUT
 10
685.0
 20
-1005.8
 30
0.0
 70
0
  0
VERTEX
  5
1554
  8
CUT
 10
685.0
 20
-935.3603896932107
 30
0.0
 70
0
  0
VERTEX
  5
1555
  8
CUT
 10
655.0
 20
-905.3603896932107
 30
0.0
 70
0
  0
VERTEX
  5
1556
  8
CUT
 10
535.0
 20
-905.3603896932107
 30
0.0
 70
0
  0
VERTEX
  5
1557
  8
CUT
 10
535.0
 20
-1005.8
 30
0.0
 42
-0.41421356237309503
 70
0
  0
VERTEX
  5
1558
  8
CUT
 10
538.2
 20
-1009.0
 30
0.0
 42
-0.41421356237309503
 70
0
  0
VERTEX
  5
1559
  8
CUT
 10
535.0
 20
-1012.2
 30
0.0
 42
-0.41421356237309503
 70
0
  0
VERTEX
  5
155A
  8
CUT
 10
531.8
 20
-1009.0
 30
0.0
 70
0
  0
VERTEX
  5
155B
  8
CUT
 10
525.0
 20
-1009.0
 30
0.0
 70
0
  0
SEQEND
  5
1542
  8
CUT
  0
POLYLINE
  5
155C
  8
CUT
 66
1
 10
0.0
 20
0.0
 30
0.0
 70
1
  0
VERTEX
  5
155E
  8
CUT
 10
603.0
 20
-323.0
 30
0.0
 70
0
  0
VERTEX
  5
155F
  8
CUT
 10
603.0
 20
-427.79999999999995
 30
0.0
 42
-0.41421356237309503
 70
0
  0
VERTEX
  5
1560
  8
CUT
 10
606.2
 20
-431.0
 30
0.0
 42
-0.41421356237309503
 70
0
  0
VERTEX
  5
1561
  8
CUT
 10
603.0
 20
-434.20000000000005
 30
0.0
 42
-0.41421356237309503
 70
0
  0
VERTEX
  5
1562
  8
CUT
 10
599.8
 20
-431.0
 30
0.0
 70
0
  0
VERTEX
  5
1563
  8
CUT
 10
585.0
 20
-431.0
 30
0.0
 70
0
  0
VERTEX
  5
1564
  8
CUT
 10
585.0
 20
-471.0
 30
0.0
 70
0
  0
VERTEX
  5
1565
  8
CUT
 10
599.8
 20
-471.0
 30
0.0
 42
-0.41421356237309503
 70
0
  0
VERTEX
  5
1566
  8
CUT
 10
602.9999999999999
 20
-467.79999999999995
 30
0.0
 42
-0.41421356237309503
 70
0
  0
VERTEX
  5
1567
  8
CUT
 10
606.2
 20
-470.9999999999999
 30
0.0
 42
-0.41421356237309503
 70
0
  0
VERTEX
  5
1568
  8
CUT
 10
603.0
 20
-474.19999999999993
 30
0.0
 70
0
  0
VERTEX
  5
1569
  8
CUT
 10
603.0
 20
-493.0
 30
0.0
 70
0
  0
VERTEX
  5
156A
  8
CUT
 10
733.0
 20
-493.0
 30
0.0
 70
0
  0
VERTEX
  5
156B
  8
CUT
 10
733.0
 20
-486.20000000000005
 30
0.0
 42
-0.41421356237309503
 70
0
  0
VERTEX
  5
156C
  8
CUT
 10
729.8
 20
-483.0
 30
0.0
 42
-0.41421356237309503
 70
0
  0
VERTEX
  5
156D
  8
CUT
 10
733.0
 20
-479.79999999999995
 30
0.0
 42
-0.41421356237309503
 70
0
  0
VERTEX
  5
156E
  8
CUT
 10
736.2
 20
-483.0
 30
0.0
 70
0
  0
VERTEX
  5
156F
  8
CUT
 10
806.6396103067893
 20
-483.0
 30
0.0
 70
0
  0
VERTEX
  5
1570
  8
CUT
 10
836.6396103067893
 20
-453.0
 30
0.0
 70
0
  0
VERTEX
  5
1571
  8
CUT
 10
836.6396103067893
 20
-333.0
 30
0.0
 70
0
  0
VERTEX
  5
1572
  8
CUT
 10
736.2
 20
-333.0
 30
0.0
 42
-0.41421356237309503
 70
0
  0
VERTEX
  5
1573
  8
CUT
 10
733.0
 20
-336.20000000000005
 30
0.0
 42
-0.41421356237309503
 70
0
  0
VERTEX
  5
1574
  8
CUT
 10
729.8
 20
-333.0
 30
0.0
 42
-0.41421356237309503
 70
0
  0
VERTEX
  5
1575
  8
CUT
 10
733.0
 20
-329.79999999999995
 30
0.0
 70
0
  0
VERTEX
  5
1576
  8
CUT
 10
733.0
 20
-323.0
 30
0.0
 70
0
  0
SEQEND
  5
155D
  8
CUT
  0
POLYLINE
  5
1577
  8
CUT
 66
1
 10
0.0
 20
0.0
 30
0.0
 70
1
  0
VERTEX
  5
1579
  8
CUT
 10
1058.6396103067893
 20
-1453.0
 30
0.0
 70
0
  0
VERTEX
  5
157A
  8
CUT
 10
1058.6396103067893
 20
-1348.2
 30
0.0
 42
-0.41421356237309503
 70
0
  0
VERTEX
  5
157B
  8
CUT
 10
1055.4396103067893
 20
-1345.0
 30
0.0
 42
-0.41421356237309503
 70
0
  0
VERTEX
  5
157C
  8
CUT
 10
1058.6396103067893
 20
-1341.8
 30
0.0
 42
-0.41421356237309503
 70
0
  0
VERTEX
  5
157D
  8
CUT
 10
1061.8396103067894
 20
-1345.0
 30
0.0
 70
0
  0
VERTEX
  5
157E
  8
CUT
 10
1076.6396103067893
 20
-1345.0
 30
0.0
 70
0
  0
VERTEX
  5
157F
  8
CUT
 10
1076.6396103067893
 20
-1305.0
 30
0.0
 70
0
  0
VERTEX
  5
1580
  8
CUT
 10
1061.8396103067894
 20
-1305.0
 30
0.0
 42
-0.41421356237309503
 70
0
  0
VERTEX
  5
1581
  8
CUT
 10
1058.6396103067893
 20
-1308.2
 30
0.0
 42
-0.41421356237309503
 70
0
  0
VERTEX
  5
1582
  8
CUT
 10
1055.4396103067893
 20
-1305.0
 30
0.0
 42
-0.41421356237309503
 70
0
  0
VERTEX
  5
1583
  8
CUT
 10
1058.6396103067893
 20
-1301.8
 30
0.0
 70
0
  0
VERTEX
  5
1584
  8
CUT
 10
1058.6396103067893
 20
-1283.0
 30
0.0
 70
0
  0
VERTEX
  5
1585
  8
CUT
 10
928.6396103067893
 20
-1283.0
 30
0.0
 70
0
  0
VERTEX
  5
1586
  8
CUT
 10
928.6396103067893
 20
-1289.8
 30
0.0
 42
-0.41421356237309503
 70
0
  0
VERTEX
  5
1587
  8
CUT
 10
931.8396103067894
 20
-1293.0
 30
0.0
 42
-0.41421356237309503
 70
0
  0
VERTEX
  5
1588
  8
CUT
 10
928.6396103067893
 20
-1296.2
 30
0.0
 42
-0.41421356237309503
 70
0
  0
VERTEX
  5
1589
  8
CUT
 10
925.4396103067893
 20
-1293.0
 30
0.0
 70
0
  0
VERTEX
  5
158A
  8
CUT
 10
855.0
 20
-1293.0
 30
0.0
 70
0
  0
VERTEX
  5
158B
  8
CUT
 10
825.0
 20
-1323.0
 30
0.0
 70
0
  0
VERTEX
  5
158C
  8
CUT
 10
825.0
 20
-1443.0
 30
0.0
 70
0
  0
VERTEX
  5
158D
  8
CUT
 10
925.4396103067893
 20
-1443.0
 30
0.0
 42
-0.41421356237309503
 70
0
  0
VERTEX
  5
158E
  8
CUT
 10
928.6396103067893
 20
-1439.8
 30
0.0
 42
-0.41421356237309503
 70
0
  0
VERTEX
  5
158F
  8
CUT
 10
931.8396103067894
 20
-1443.0
 30
0.0
 42
-0.41421356237309503
 70
0
  0
VERTEX
  5
1590
  8
CUT
 10
928.6396103067893
 20
-1446.2
 30
0.0
 70
0
  0
VERTEX
  5
1591
  8
CUT
 10
928.6396103067893
 20
-1453.0
 30
0.0
 70
0
  0
SEQEND
  5
1578
  8
CUT
  0
POLYLINE
  5
1592
  8
CUT
 66
1
 10
0.0
 20
0.0
 30
0.0
 70
1
  0
VERTEX
  5
1594
  8
CUT
 10
899.0
 20
-1099.0
 30
0.0
 70
0
  0
VERTEX
  5
1595
  8
CUT
 10
899.0
 20
-1203.8
 30
0.0
 42
-0.41421356237309503
 70
0
  0
VERTEX
  5
1596
  8
CUT
 10
902.2
 20
-1207.0
 30
0.0
 42
-0.41421356237309503
 70
0
  0
VERTEX
  5
1597
  8
CUT
 10
899.0
 20
-1210.2
 30
0.0
 42
-0.41421356237309503
 70
0
  0
VERTEX
  5
1598
  8
CUT
 10
895.8
 20
-1207.0
 30
0.0
 70
0
  0
VERTEX
  5
1599
  8
CUT
 10
881.0
 20
-1207.0
 30
0.0
 70
0
  0
VERTEX
  5
159A
  8
CUT
 10
881.0
 20
-1247.0
 30
0.0
 70
0
  0
VERTEX
  5
159B
  8
CUT
 10
895.8
 20
-1247.0
 30
0.0
 42
-0.41421356237309503
 70
0
  0
VERTEX
  5
159C
  8
CUT
 10
899.0
 20
-1243.8
 30
0.0
 42
-0.41421356237309503
 70
0
  0
VERTEX
  5
159D
  8
CUT
 10
902.2
 20
-1247.0
 30
0.0
 42
-0.41421356237309503
 70
0
  0
VERTEX
  5
159E
  8
CUT
 10
899.0
 20
-1250.2
 30
0.0
 70
0
  0
VERTEX
  5
159F
  8
CUT
 10
899.0
 20
-1269.0
 30
0.0
 70
0
  0
VERTEX
  5
15A0
  8
CUT
 10
1029.0
 20
-1269.0
 30
0.0
 70
0
  0
VERTEX
  5
15A1
  8
CUT
 10
1029.0
 20
-1262.2
 30
0.0
 42
-0.41421356237309503
 70
0
  0
VERTEX
  5
15A2
  8
CUT
 10
1025.8
 20
-1259.0
 30
0.0
 42
-0.41421356237309503
 70
0
  0
VERTEX
  5
15A3
  8
CUT
 10
1029.0
 20
-1255.8
 30
0.0
 42
-0.41421356237309503
 70
0
  0
VERTEX
  5
15A4
  8
CUT
 10
1032.2
 20
-1259.0
 30
0.0
 70
0
  0
VERTEX
  5
15A5
  8
CUT
 10
1102.6396103067893
 20
-1259.0
 30
0.0
 70
0
  0
VERTEX
  5
15A6
  8
CUT
 10
1132.6396103067893
 20
-1229.0
 30
0.0
 70
0
  0
VERTEX
  5
15A7
  8
CUT
 10
1132.6396103067893
 20
-1109.0
 30
0.0
 70
0
  0
VERTEX
  5
15A8
  8
CUT
 10
1032.2
 20
-1109.0
 30
0.0
 42
-0.41421356237309503
 70
0
  0
VERTEX
  5
15A9
  8
CUT
 10
1029.0
 20
-1112.2
 30
0.0
 42
-0.41421356237309503
 70
0
  0
VERTEX
  5
15AA
  8
CUT
 10
1025.8
 20
-1109.0
 30
0.0
 42
-0.41421356237309503
 70
0
  0
VERTEX
  5
15AB
  8
CUT
 10
1029.0
 20
-1105.8
 30
0.0
 70
0
  0
VERTEX
  5
15AC
  8
CUT
 10
1029.0
 20
-1099.0
 30
0.0
 70
0
  0
SEQEND
  5
1593
  8
CUT
  0
POLYLINE
  5
15AD
  8
CUT
 66
1
 10
0.0
 20
0.0
 30
0.0
 70
1
  0
VERTEX
  5
15AF
  8
CUT
 10
1193.0
 20
-689.0
 30
0.0
 70
0
  0
VERTEX
  5
15B0
  8
CUT
 10
1193.0
 20
-684.2
 30
0.0
 42
-0.41421356237309503
 70
0
  0
VERTEX
  5
15B1
  8
CUT
 10
1189.8
 20
-681.0
 30
0.0
 42
-0.41421356237309503
 70
0
  0
VERTEX
  5
15B2
  8
CUT
 10
1193.0
 20
-677.8
 30
0.0
 42
-0.41421356237309503
 70
0
  0
VERTEX
  5
15B3
  8
CUT
 10
1196.2
 20
-681.0
 30
0.0
 70
0
  0
VERTEX
  5
15B4
  8
CUT
 10
1211.0
 20
-681.0
 30
0.0
 70
0
  0
VERTEX
  5
15B5
  8
CUT
 10
1211.0
 20
-641.0
 30
0.0
 70
0
  0
VERTEX
  5
15B6
  8
CUT
 10
1196.2
 20
-641.0
 30
0.0
 42
-0.41421356237309503
 70
0
  0
VERTEX
  5
15B7
  8
CUT
 10
1193.0
 20
-644.2
 30
0.0
 42
-0.41421356237309503
 70
0
  0
VERTEX
  5
15B8
  8
CUT
 10
1189.8
 20
-641.0
 30
0.0
 42
-0.41421356237309503
 70
0
  0
VERTEX
  5
15B9
  8
CUT
 10
1193.0
 20
-637.8
 30
0.0
 70
0
  0
VERTEX
  5
15BA
  8
CUT
 10
1193.0
 20
-604.834260249543
 30
0.0
 70
0
  0
VERTEX
  5
15BB
  8
CUT
 10
1184.642857142857
 20
-598.9047339372464
 30
0.0
 70
0
  0
VERTEX
  5
15BC
  8
CUT
 10
1176.2857142857142
 20
-593.385769367374
 30
0.0
 70
0
  0
VERTEX
  5
15BD
  8
CUT
 10
1167.9285714285716
 20
-588.2773665399252
 30
0.0
 70
0
  0
VERTEX
  5
15BE
  8
CUT
 10
1159.5714285714287
 20
-583.5795254549005
 30
0.0
 70
0
  0
VERTEX
  5
15BF
  8
CUT
 10
1151.2142857142858
 20
-579.2922461122994
 30
0.0
 70
0
  0
VERTEX
  5
15C0
  8
CUT
 10
1142.857142857143
 20
-575.4155285121225
 30
0.0
 70
0
  0
VERTEX
  5
15C1
  8
CUT
 10
1134.5
 20
-571.9493726543693
 30
0.0
 70
0
  0
VERTEX
  5
15C2
  8
CUT
 10
1126.142857142857
 20
-568.89377853904
 30
0.0
 70
0
  0
VERTEX
  5
15C3
  8
CUT
 10
1117.7857142857142
 20
-566.2487461661347
 30
0.0
 70
0
  0
VERTEX
  5
15C4
  8
CUT
 10
1109.4285714285716
 20
-564.0142755356532
 30
0.0
 70
0
  0
VERTEX
  5
15C5
  8
CUT
 10
1101.0714285714287
 20
-562.1903666475955
 30
0.0
 70
0
  0
VERTEX
  5
15C6
  8
CUT
 10
1092.7142857142858
 20
-560.7770195019618
 30
0.0
 70
0
  0
VERTEX
  5
15C7
  8
CUT
 10
1084.357142857143
 20
-559.774234098752
 30
0.0
 70
0
  0
VERTEX
  5
15C8
  8
CUT
 10
1076.0
 20
-559.182010437966
 30
0.0
 70
0
  0
VERTEX
  5
15C9
  8
CUT
 10
1067.642857142857
 20
-559.0003485196039
 30
0.0
 70
0
  0
VERTEX
  5
15CA
  8
CUT
 10
1059.2857142857142
 20
-559.2292483436657
 30
0.0
 70
0
  0
VERTEX
  5
15CB
  8
CUT
 10
1050.9285714285713
 20
-559.8687099101514
 30
0.0
 70
0
  0
VERTEX
  5
15CC
  8
CUT
 10
1042.5714285714287
 20
-560.9187332190611
 30
0.0
 70
0
  0
VERTEX
  5
15CD
  8
CUT
 10
1034.2142857142858
 20
-562.3793182703945
 30
0.0
 70
0
  0
VERTEX
  5
15CE
  8
CUT
 10
1025.857142857143
 20
-564.250465064152
 30
0.0
 70
0
  0
VERTEX
  5
15CF
  8
CUT
 10
1017.5
 20
-566.5321736003332
 30
0.0
 70
0
  0
VERTEX
  5
15D0
  8
CUT
 10
1009.1428571428571
 20
-569.2244438789384
 30
0.0
 70
0
  0
VERTEX
  5
15D1
  8
CUT
 10
1000.7857142857142
 20
-572.3272758999674
 30
0.0
 70
0
  0
VERTEX
  5
15D2
  8
CUT
 10
992.4285714285714
 20
-575.8406696634203
 30
0.0
 70
0
  0
VERTEX
  5
15D3
  8
CUT
 10
984.0714285714286
 20
-579.7646251692971
 30
0.0
 70
0
  0
VERTEX
  5
15D4
  8
CUT
 10
975.7142857142858
 20
-584.0991424175978
 30
0.0
 70
0
  0
VERTEX
  5
15D5
  8
CUT
 10
967.3571428571429
 20
-588.8442214083224
 30
0.0
 70
0
  0
VERTEX
  5
15D6
  8
CUT
 10
959.0
 20
-593.9998621414709
 30
0.0
 70
0
  0
VERTEX
  5
15D7
  8
CUT
 10
959.0
 20
-637.8
 30
0.0
 42
-0.41421356237309503
 70
0
  0
VERTEX
  5
15D8
  8
CUT
 10
962.2
 20
-641.0
 30
0.0
 42
-0.41421356237309503
 70
0
  0
VERTEX
  5
15D9
  8
CUT
 10
959.0
 20
-644.2
 30
0.0
 42
-0.41421356237309503
 70
0
  0
VERTEX
  5
15DA
  8
CUT
 10
955.8
 20
-641.0
 30
0.0
 70
0
  0
VERTEX
  5
15DB
  8
CUT
 10
941.0
 20
-641.0
 30
0.0
 70
0
  0
VERTEX
  5
15DC
  8
CUT
 10
941.0
 20
-681.0
 30
0.0
 70
0
  0
VERTEX
  5
15DD
  8
CUT
 10
955.8
 20
-681.0
 30
0.0
 42
-0.41421356237309503
 70
0
  0
VERTEX
  5
15DE
  8
CUT
 10
959.0
 20
-677.8
 30
0.0
 42
-0.41421356237309503
 70
0
  0
VERTEX
  5
15DF
  8
CUT
 10
962.2
 20
-681.0
 30
0.0
 42
-0.41421356237309503
 70
0
  0
VERTEX
  5
15E0
  8
CUT
 10
959.0
 20
-684.1999999999999
 30
0.0
 70
0
  0
VERTEX
  5
15E1
  8
CUT
 10
959.0
 20
-689.0
 30
0.0
 70
0
  0
SEQEND
  5
15AE
  8
CUT
  0
POLYLINE
  5
15E2
  8
CUT
 66
1
 10
0.0
 20
0.0
 30
0.0
 70
1
  0
VERTEX
  5
15E4
  8
CUT
 10
967.0
 20
-703.0003485196039
 30
0.0
 70
0
  0
VERTEX
  5
15E5
  8
CUT
 10
967.0
 20
-707.800348519604
 30
0.0
 42
-0.41421356237309503
 70
0
  0
VERTEX
  5
15E6
  8
CUT
 10
970.1999999999998
 20
-711.000348519604
 30
0.0
 42
-0.41421356237309503
 70
0
  0
VERTEX
  5
15E7
  8
CUT
 10
966.9999999999998
 20
-714.200348519604
 30
0.0
 42
-0.41421356237309503
 70
0
  0
VERTEX
  5
15E8
  8
CUT
 10
963.8
 20
-711.0003485196039
 30
0.0
 70
0
  0
VERTEX
  5
15E9
  8
CUT
 10
949.0
 20
-711.0003485196039
 30
0.0
 70
0
  0
VERTEX
  5
15EA
  8
CUT
 10
949.0
 20
-751.0003485196039
 30
0.0
 70
0
  0
VERTEX
  5
15EB
  8
CUT
 10
963.8
 20
-751.0003485196039
 30
0.0
 42
-0.41421356237309503
 70
0
  0
VERTEX
  5
15EC
  8
CUT
 10
967.0
 20
-747.8003485196039
 30
0.0
 42
-0.41421356237309503
 70
0
  0
VERTEX
  5
15ED
  8
CUT
 10
970.2
 20
-751.0003485196039
 30
0.0
 42
-0.41421356237309503
 70
0
  0
VERTEX
  5
15EE
  8
CUT
 10
967.0
 20
-754.200348519604
 30
0.0
 70
0
  0
VERTEX
  5
15EF
  8
CUT
 10
967.0
 20
-787.1660882700609
 30
0.0
 70
0
  0
VERTEX
  5
15F0
  8
CUT
 10
975.3571428571429
 20
-793.0956145823575
 30
0.0
 70
0
  0
VERTEX
  5
15F1
  8
CUT
 10
983.7142857142857
 20
-798.61457915223
 30
0.0
 70
0
  0
VERTEX
  5
15F2
  8
CUT
 10
992.0714285714286
 20
-803.7229819796787
 30
0.0
 70
0
  0
VERTEX
  5
15F3
  8
CUT
 10
1000.4285714285714
 20
-808.4208230647035
 30
0.0
 70
0
  0
VERTEX
  5
15F4
  8
CUT
 10
1008.7857142857142
 20
-812.7081024073045
 30
0.0
 70
0
  0
VERTEX
  5
15F5
  8
CUT
 10
1017.1428571428571
 20
-816.5848200074814
 30
0.0
 70
0
  0
VERTEX
  5
15F6
  8
CUT
 10
1025.5
 20
-820.0509758652346
 30
0.0
 70
0
  0
VERTEX
  5
15F7
  8
CUT
 10
1033.857142857143
 20
-823.1065699805639
 30
0.0
 70
0
  0
VERTEX
  5
15F8
  8
CUT
 10
1042.2142857142858
 20
-825.7516023534693
 30
0.0
 70
0
  0
VERTEX
  5
15F9
  8
CUT
 10
1050.5714285714284
 20
-827.9860729839507
 30
0.0
 70
0
  0
VERTEX
  5
15FA
  8
CUT
 10
1058.9285714285713
 20
-829.8099818720084
 30
0.0
 70
0
  0
VERTEX
  5
15FB
  8
CUT
 10
1067.2857142857142
 20
-831.2233290176421
 30
0.0
 70
0
  0
VERTEX
  5
15FC
  8
CUT
 10
1075.642857142857
 20
-832.226114420852
 30
0.0
 70
0
  0
VERTEX
  5
15FD
  8
CUT
 10
1084.0
 20
-832.8183380816379
 30
0.0
 70
0
  0
VERTEX
  5
15FE
  8
CUT
 10
1092.357142857143
 20
-833.0
 30
0.0
 70
0
  0
VERTEX
  5
15FF
  8
CUT
 10
1100.7142857142858
 20
-832.7711001759383
 30
0.0
 70
0
  0
VERTEX
  5
1600
  8
CUT
 10
1109.0714285714284
 20
-832.1316386094525
 30
0.0
 70
0
  0
VERTEX
  5
1601
  8
CUT
 10
1117.4285714285713
 20
-831.0816153005428
 30
0.0
 70
0
  0
VERTEX
  5
1602
  8
CUT
 10
1125.7857142857142
 20
-829.6210302492094
 30
0.0
 70
0
  0
VERTEX
  5
1603
  8
CUT
 10
1134.142857142857
 20
-827.7498834554519
 30
0.0
 70
0
  0
VERTEX
  5
1604
  8
CUT
 10
1142.5
 20
-825.4681749192707
 30
0.0
 70
0
  0
VERTEX
  5
1605
  8
CUT
 10
1150.857142857143
 20
-822.7759046406657
 30
0.0
 70
0
  0
VERTEX
  5
1606
  8
CUT
 10
1159.2142857142858
 20
-819.6730726196365
 30
0.0
 70
0
  0
VERTEX
  5
1607
  8
CUT
 10
1167.5714285714284
 20
-816.1596788561836
 30
0.0
 70
0
  0
VERTEX
  5
1608
  8
CUT
 10
1175.9285714285713
 20
-812.2357233503069
 30
0.0
 70
0
  0
VERTEX
  5
1609
  8
CUT
 10
1184.2857142857142
 20
-807.9012061020062
 30
0.0
 70
0
  0
VERTEX
  5
160A
  8
CUT
 10
1192.642857142857
 20
-803.1561271112815
 30
0.0
 70
0
  0
VERTEX
  5
160B
  8
CUT
 10
1201.0
 20
-798.0004863781331
 30
0.0
 70
0
  0
VERTEX
  5
160C
  8
CUT
 10
1201.0
 20
-754.200348519604
 30
0.0
 42
-0.41421356237309503
 70
0
  0
VERTEX
  5
160D
  8
CUT
 10
1197.8
 20
-751.0003485196039
 30
0.0
 42
-0.41421356237309503
 70
0
  0
VERTEX
  5
160E
  8
CUT
 10
1201.0
 20
-747.8003485196039
 30
0.0
 42
-0.41421356237309503
 70
0
  0
VERTEX
  5
160F
  8
CUT
 10
1204.2
 20
-751.000348519604
 30
0.0
 70
0
  0
VERTEX
  5
1610
  8
CUT
 10
1219.0
 20
-751.000348519604
 30
0.0
 70
0
  0
VERTEX
  5
1611
  8
CUT
 10
1219.0
 20
-711.000348519604
 30
0.0
 70
0
  0
VERTEX
  5
1612
  8
CUT
 10
1204.2
 20
-711.000348519604
 30
0.0
 42
-0.41421356237309503
 70
0
  0
VERTEX
  5
1613
  8
CUT
 10
1201.0
 20
-714.2003485196041
 30
0.0
 42
-0.41421356237309503
 70
0
  0
VERTEX
  5
1614
  8
CUT
 10
1197.8
 20
-711.000348519604
 30
0.0
 42
-0.41421356237309503
 70
0
  0
VERTEX
  5
1615
  8
CUT
 10
1201.0
 20
-707.800348519604
 30
0.0
 70
0
  0
VERTEX
  5
1616
  8
CUT
 10
1201.0
 20
-703.000348519604
 30
0.0
 70
0
  0
SEQEND
  5
15E3
  8
CUT
  0
POLYLINE
  5
1617
  8
CUT
 66
1
 10
0.0
 20
0.0
 30
0.0
 70
1
  0
VERTEX
  5
1619
  8
CUT
 10
1261.0
 20
-545.0
 30
0.0
 70
0
  0
VERTEX
  5
161A
  8
CUT
 10
1261.0
 20
-540.2
 30
0.0
 42
-0.41421356237309503
 70
0
  0
VERTEX
  5
161B
  8
CUT
 10
1257.8
 20
-537.0
 30
0.0
 42
-0.41421356237309503
 70
0
  0
VERTEX
  5
161C
  8
CUT
 10
1261.0
 20
-533.8
 30
0.0
 42
-0.41421356237309503
 70
0
  0
VERTEX
  5
161D
  8
CUT
 10
1264.2
 20
-537.0
 30
0.0
 70
0
  0
VERTEX
  5
161E
  8
CUT
 10
1279.0
 20
-537.0
 30
0.0
 70
0
  0
VERTEX
  5
161F
  8
CUT
 10
1279.0
 20
-497.0
 30
0.0
 70
0
  0
VERTEX
  5
1620
  8
CUT
 10
1264.2
 20
-497.0
 30
0.0
 42
-0.41421356237309503
 70
0
  0
VERTEX
  5
1621
  8
CUT
 10
1261.0
 20
-500.20000000000005
 30
0.0
 42
-0.41421356237309503
 70
0
  0
VERTEX
  5
1622
  8
CUT
 10
1257.8
 20
-497.0
 30
0.0
 42
-0.41421356237309503
 70
0
  0
VERTEX
  5
1623
  8
CUT
 10
1261.0
 20
-493.79999999999995
 30
0.0
 70
0
  0
VERTEX
  5
1624
  8
CUT
 10
1261.0
 20
-460.83426024954304
 30
0.0
 70
0
  0
VERTEX
  5
1625
  8
CUT
 10
1252.642857142857
 20
-454.9047339372464
 30
0.0
 70
0
  0
VERTEX
  5
1626
  8
CUT
 10
1244.2857142857142
 20
-449.385769367374
 30
0.0
 70
0
  0
VERTEX
  5
1627
  8
CUT
 10
1235.9285714285716
 20
-444.2773665399252
 30
0.0
 70
0
  0
VERTEX
  5
1628
  8
CUT
 10
1227.5714285714287
 20
-439.5795254549005
 30
0.0
 70
0
  0
VERTEX
  5
1629
  8
CUT
 10
1219.2142857142858
 20
-435.2922461122994
 30
0.0
 70
0
  0
VERTEX
  5
162A
  8
CUT
 10
1210.857142857143
 20
-431.41552851212236
 30
0.0
 70
0
  0
VERTEX
  5
162B
  8
CUT
 10
1202.5
 20
-427.9493726543692
 30
0.0
 70
0
  0
VERTEX
  5
162C
  8
CUT
 10
1194.142857142857
 20
-424.8937785390399
 30
0.0
 70
0
  0
VERTEX
  5
162D
  8
CUT
 10
1185.7857142857142
 20
-422.24874616613465
 30
0.0
 70
0
  0
VERTEX
  5
162E
  8
CUT
 10
1177.4285714285716
 20
-420.01427553565327
 30
0.0
 70
0
  0
VERTEX
  5
162F
  8
CUT
 10
1169.0714285714287
 20
-418.1903666475955
 30
0.0
 70
0
  0
VERTEX
  5
1630
  8
CUT
 10
1160.7142857142858
 20
-416.77701950196183
 30
0.0
 70
0
  0
VERTEX
  5
1631
  8
CUT
 10
1152.357142857143
 20
-415.774234098752
 30
0.0
 70
0
  0
VERTEX
  5
1632
  8
CUT
 10
1144.0
 20
-415.182010437966
 30
0.0
 70
0
  0
VERTEX
  5
1633
  8
CUT
 10
1135.642857142857
 20
-415.0003485196039
 30
0.0
 70
0
  0
VERTEX
  5
1634
  8
CUT
 10
1127.2857142857142
 20
-415.22924834366586
 30
0.0
 70
0
  0
VERTEX
  5
1635
  8
CUT
 10
1118.9285714285713
 20
-415.86870991015144
 30
0.0
 70
0
  0
VERTEX
  5
1636
  8
CUT
 10
1110.5714285714287
 20
-416.9187332190611
 30
0.0
 70
0
  0
VERTEX
  5
1637
  8
CUT
 10
1102.2142857142858
 20
-418.3793182703946
 30
0.0
 70
0
  0
VERTEX
  5
1638
  8
CUT
 10
1093.857142857143
 20
-420.25046506415197
 30
0.0
 70
0
  0
VERTEX
  5
1639
  8
CUT
 10
1085.5
 20
-422.5321736003332
 30
0.0
 70
0
  0
VERTEX
  5
163A
  8
CUT
 10
1077.142857142857
 20
-425.22444387893825
 30
0.0
 70
0
  0
VERTEX
  5
163B
  8
CUT
 10
1068.7857142857142
 20
-428.3272758999674
 30
0.0
 70
0
  0
VERTEX
  5
163C
  8
CUT
 10
1060.4285714285713
 20
-431.8406696634204
 30
0.0
 70
0
  0
VERTEX
  5
163D
  8
CUT
 10
1052.0714285714287
 20
-435.764625169297
 30
0.0
 70
0
  0
VERTEX
  5
163E
  8
CUT
 10
1043.7142857142858
 20
-440.0991424175977
 30
0.0
 70
0
  0
VERTEX
  5
163F
  8
CUT
 10
1035.357142857143
 20
-444.8442214083225
 30
0.0
 70
0
  0
VERTEX
  5
1640
  8
CUT
 10
1027.0
 20
-449.9998621414709
 30
0.0
 70
0
  0
VERTEX
  5
1641
  8
CUT
 10
1027.0
 20
-493.79999999999995
 30
0.0
 42
-0.41421356237309503
 70
0
  0
VERTEX
  5
1642
  8
CUT
 10
1030.2
 20
-497.0
 30
0.0
 42
-0.41421356237309503
 70
0
  0
VERTEX
  5
1643
  8
CUT
 10
1027.0
 20
-500.20000000000005
 30
0.0
 42
-0.41421356237309503
 70
0
  0
VERTEX
  5
1644
  8
CUT
 10
1023.8
 20
-497.0
 30
0.0
 70
0
  0
VERTEX
  5
1645
  8
CUT
 10
1009.0
 20
-497.0
 30
0.0
 70
0
  0
VERTEX
  5
1646
  8
CUT
 10
1009.0
 20
-537.0
 30
0.0
 70
0
  0
VERTEX
  5
1647
  8
CUT
 10
1023.8
 20
-537.0
 30
0.0
 42
-0.41421356237309503
 70
0
  0
VERTEX
  5
1648
  8
CUT
 10
1027.0
 20
-533.8
 30
0.0
 42
-0.41421356237309503
 70
0
  0
VERTEX
  5
1649
  8
CUT
 10
1030.2
 20
-537.0
 30
0.0
 42
-0.41421356237309503
 70
0
  0
VERTEX
  5
164A
  8
CUT
 10
1027.0
 20
-540.1999999999999
 30
0.0
 70
0
  0
VERTEX
  5
164B
  8
CUT
 10
1027.0
 20
-545.0
 30
0.0
 70
0
  0
SEQEND
  5
1618
  8
CUT
  0
POLYLINE
  5
164C
  8
CUT
 66
1
 10
0.0
 20
0.0
 30
0.0
 70
1
  0
VERTEX
  5
164E
  8
CUT
 10
1325.0
 20
-1453.0
 30
0.0
 70
0
  0
VERTEX
  5
164F
  8
CUT
 10
1325.0
 20
-1448.2
 30
0.0
 42
-0.41421356237309503
 70
0
  0
VERTEX
  5
1650
  8
CUT
 10
1321.8
 20
-1445.0
 30
0.0
 42
-0.41421356237309503
 70
0
  0
VERTEX
  5
1651
  8
CUT
 10
1325.0
 20
-1441.8
 30
0.0
 42
-0.41421356237309503
 70
0
  0
VERTEX
  5
1652
  8
CUT
 10
1328.2
 20
-1445.0
 30
0.0
 70
0
  0
VERTEX
  5
1653
  8
CUT
 10
1343.0
 20
-1445.0
 30
0.0
 70
0
  0
VERTEX
  5
1654
  8
CUT
 10
1343.0
 20
-1405.0
 30
0.0
 70
0
  0
VERTEX
  5
1655
  8
CUT
 10
1328.2
 20
-1405.0
 30
0.0
 42
-0.41421356237309503
 70
0
  0
VERTEX
  5
1656
  8
CUT
 10
1325.0
 20
-1408.2
 30
0.0
 42
-0.41421356237309503
 70
0
  0
VERTEX
  5
1657
  8
CUT
 10
1321.8
 20
-1405.0
 30
0.0
 42
-0.41421356237309503
 70
0
  0
VERTEX
  5
1658
  8
CUT
 10
1325.0
 20
-1401.8
 30
0.0
 70
0
  0
VERTEX
  5
1659
  8
CUT
 10
1325.0
 20
-1369.034634504794
 30
0.0
 70
0
  0
VERTEX
  5
165A
  8
CUT
 10
1316.642857142857
 20
-1363.1889812862962
 30
0.0
 70
0
  0
VERTEX
  5
165B
  8
CUT
 10
1308.2857142857142
 20
-1357.7480824182453
 30
0.0
 70
0
  0
VERTEX
  5
165C
  8
CUT
 10
1299.9285714285716
 20
-1352.7119379006417
 30
0.0
 70
0
  0
VERTEX
  5
165D
  8
CUT
 10
1291.5714285714287
 20
-1348.080547733485
 30
0.0
 70
0
  0
VERTEX
  5
165E
  8
CUT
 10
1283.2142857142858
 20
-1343.8539119167754
 30
0.0
 70
0
  0
VERTEX
  5
165F
  8
CUT
 10
1274.857142857143
 20
-1340.032030450513
 30
0.0
 70
0
  0
VERTEX
  5
1660
  8
CUT
 10
1266.5
 20
-1336.6149033346974
 30
0.0
 70
0
  0
VERTEX
  5
1661
  8
CUT
 10
1258.142857142857
 20
-1333.602530569329
 30
0.0
 70
0
  0
VERTEX
  5
1662
  8
CUT
 10
1249.7857142857142
 20
-1330.9949121544075
 30
0.0
 70
0
  0
VERTEX
  5
1663
  8
CUT
 10
1241.4285714285716
 20
-1328.7920480899334
 30
0.0
 70
0
  0
VERTEX
  5
1664
  8
CUT
 10
1233.0714285714287
 20
-1326.9939383759058
 30
0.0
 70
0
  0
VERTEX
  5
1665
  8
CUT
 10
1224.7142857142858
 20
-1325.6005830123256
 30
0.0
 70
0
  0
VERTEX
  5
1666
  8
CUT
 10
1216.357142857143
 20
-1324.6119819991925
 30
0.0
 70
0
  0
VERTEX
  5
1667
  8
CUT
 10
1208.0
 20
-1324.0281353365062
 30
0.0
 70
0
  0
VERTEX
  5
1668
  8
CUT
 10
1199.642857142857
 20
-1323.8490430242673
 30
0.0
 70
0
  0
VERTEX
  5
1669
  8
CUT
 10
1191.2857142857142
 20
-1324.0747050624752
 30
0.0
 70
0
  0
VERTEX
  5
166A
  8
CUT
 10
1182.9285714285713
 20
-1324.7051214511303
 30
0.0
 70
0
  0
VERTEX
  5
166B
  8
CUT
 10
1174.5714285714287
 20
-1325.7402921902324
 30
0.0
 70
0
  0
VERTEX
  5
166C
  8
CUT
 10
1166.2142857142858
 20
-1327.1802172797816
 30
0.0
 70
0
  0
VERTEX
  5
166D
  8
CUT
 10
1157.857142857143
 20
-1329.0248967197776
 30
0.0
 70
0
  0
VERTEX
  5
166E
  8
CUT
 10
1149.5
 20
-1331.2743305102208
 30
0.0
 70
0
  0
VERTEX
  5
166F
  8
CUT
 10
1141.142857142857
 20
-1333.928518651111
 30
0.0
 70
0
  0
VERTEX
  5
1670
  8
CUT
 10
1132.7857142857142
 20
-1336.9874611424484
 30
0.0
 70
0
  0
VERTEX
  5
1671
  8
CUT
 10
1124.4285714285713
 20
-1340.4511579842329
 30
0.0
 70
0
  0
VERTEX
  5
1672
  8
CUT
 10
1116.0714285714287
 20
-1344.3196091764642
 30
0.0
 70
0
  0
VERTEX
  5
1673
  8
CUT
 10
1107.7142857142858
 20
-1348.5928147191428
 30
0.0
 70
0
  0
VERTEX
  5
1674
  8
CUT
 10
1099.357142857143
 20
-1353.2707746122683
 30
0.0
 70
0
  0
VERTEX
  5
1675
  8
CUT
 10
1091.0
 20
-1358.3534888558409
 30
0.0
 70
0
  0
VERTEX
  5
1676
  8
CUT
 10
1091.0
 20
-1401.8
 30
0.0
 42
-0.41421356237309503
 70
0
  0
VERTEX
  5
1677
  8
CUT
 10
1094.2
 20
-1405.0
 30
0.0
 42
-0.41421356237309503
 70
0
  0
VERTEX
  5
1678
  8
CUT
 10
1091.0
 20
-1408.2
 30
0.0
 42
-0.41421356237309503
 70
0
  0
VERTEX
  5
1679
  8
CUT
 10
1087.8
 20
-1405.0
 30
0.0
 70
0
  0
VERTEX
  5
167A
  8
CUT
 10
1073.0
 20
-1405.0
 30
0.0
 70
0
  0
VERTEX
  5
167B
  8
CUT
 10
1073.0
 20
-1445.0
 30
0.0
 70
0
  0
VERTEX
  5
167C
  8
CUT
 10
1087.8
 20
-1445.0
 30
0.0
 42
-0.41421356237309503
 70
0
  0
VERTEX
  5
167D
  8
CUT
 10
1091.0
 20
-1441.8
 30
0.0
 42
-0.41421356237309503
 70
0
  0
VERTEX
  5
167E
  8
CUT
 10
1094.2
 20
-1445.0
 30
0.0
 42
-0.41421356237309503
 70
0
  0
VERTEX
  5
167F
  8
CUT
 10
1091.0
 20
-1448.2
 30
0.0
 70
0
  0
VERTEX
  5
1680
  8
CUT
 10
1091.0
 20
-1453.0
 30
0.0
 70
0
  0
SEQEND
  5
164D
  8
CUT
  0
POLYLINE
  5
1681
  8
CUT
 66
1
 10
0.0
 20
0.0
 30
0.0
 70
1
  0
VERTEX
  5
1683
  8
CUT
 10
1381.0
 20
-1309.0
 30
0.0
 70
0
  0
VERTEX
  5
1684
  8
CUT
 10
1381.0
 20
-1304.2
 30
0.0
 42
-0.41421356237309503
 70
0
  0
VERTEX
  5
1685
  8
CUT
 10
1377.8
 20
-1301.0
 30
0.0
 42
-0.41421356237309503
 70
0
  0
VERTEX
  5
1686
  8
CUT
 10
1381.0
 20
-1297.8
 30
0.0
 42
-0.41421356237309503
 70
0
  0
VERTEX
  5
1687
  8
CUT
 10
1384.2
 20
-1301.0
 30
0.0
 70
0
  0
VERTEX
  5
1688
  8
CUT
 10
1399.0
 20
-1301.0
 30
0.0
 70
0
  0
VERTEX
  5
1689
  8
CUT
 10
1399.0
 20
-1261.0
 30
0.0
 70
0
  0
VERTEX
  5
168A
  8
CUT
 10
1384.2
 20
-1261.0
 30
0.0
 42
-0.41421356237309503
 70
0
  0
VERTEX
  5
168B
  8
CUT
 10
1381.0
 20
-1264.2
 30
0.0
 42
-0.41421356237309503
 70
0
  0
VERTEX
  5
168C
  8
CUT
 10
1377.8
 20
-1261.0
 30
0.0
 42
-0.41421356237309503
 70
0
  0
VERTEX
  5
168D
  8
CUT
 10
1381.0
 20
-1257.8
 30
0.0
 70
0
  0
VERTEX
  5
168E
  8
CUT
 10
1381.0
 20
-1225.034634504794
 30
0.0
 70
0
  0
VERTEX
  5
168F
  8
CUT
 10
1372.642857142857
 20
-1219.1889812862962
 30
0.0
 70
0
  0
VERTEX
  5
1690
  8
CUT
 10
1364.2857142857142
 20
-1213.7480824182453
 30
0.0
 70
0
  0
VERTEX
  5
1691
  8
CUT
 10
1355.9285714285716
 20
-1208.7119379006417
 30
0.0
 70
0
  0
VERTEX
  5
1692
  8
CUT
 10
1347.5714285714287
 20
-1204.080547733485
 30
0.0
 70
0
  0
VERTEX
  5
1693
  8
CUT
 10
1339.2142857142858
 20
-1199.8539119167754
 30
0.0
 70
0
  0
VERTEX
  5
1694
  8
CUT
 10
1330.857142857143
 20
-1196.032030450513
 30
0.0
 70
0
  0
VERTEX
  5
1695
  8
CUT
 10
1322.5
 20
-1192.6149033346974
 30
0.0
 70
0
  0
VERTEX
  5
1696
  8
CUT
 10
1314.142857142857
 20
-1189.602530569329
 30
0.0
 70
0
  0
VERTEX
  5
1697
  8
CUT
 10
1305.7857142857142
 20
-1186.9949121544075
 30
0.0
 70
0
  0
VERTEX
  5
1698
  8
CUT
 10
1297.4285714285716
 20
-1184.7920480899334
 30
0.0
 70
0
  0
VERTEX
  5
1699
  8
CUT
 10
1289.0714285714287
 20
-1182.9939383759058
 30
0.0
 70
0
  0
VERTEX
  5
169A
  8
CUT
 10
1280.7142857142858
 20
-1181.6005830123256
 30
0.0
 70
0
  0
VERTEX
  5
169B
  8
CUT
 10
1272.357142857143
 20
-1180.6119819991925
 30
0.0
 70
0
  0
VERTEX
  5
169C
  8
CUT
 10
1264.0
 20
-1180.0281353365062
 30
0.0
 70
0
  0
VERTEX
  5
169D
  8
CUT
 10
1255.642857142857
 20
-1179.8490430242673
 30
0.0
 70
0
  0
VERTEX
  5
169E
  8
CUT
 10
1247.2857142857142
 20
-1180.0747050624752
 30
0.0
 70
0
  0
VERTEX
  5
169F
  8
CUT
 10
1238.9285714285713
 20
-1180.7051214511303
 30
0.0
 70
0
  0
VERTEX
  5
16A0
  8
CUT
 10
1230.5714285714287
 20
-1181.7402921902324
 30
0.0
 70
0
  0
VERTEX
  5
16A1
  8
CUT
 10
1222.2142857142858
 20
-1183.1802172797816
 30
0.0
 70
0
  0
VERTEX
  5
16A2
  8
CUT
 10
1213.857142857143
 20
-1185.0248967197776
 30
0.0
 70
0
  0
VERTEX
  5
16A3
  8
CUT
 10
1205.5
 20
-1187.2743305102208
 30
0.0
 70
0
  0
VERTEX
  5
16A4
  8
CUT
 10
1197.142857142857
 20
-1189.928518651111
 30
0.0
 70
0
  0
VERTEX
  5
16A5
  8
CUT
 10
1188.7857142857142
 20
-1192.9874611424484
 30
0.0
 70
0
  0
VERTEX
  5
16A6
  8
CUT
 10
1180.4285714285713
 20
-1196.4511579842329
 30
0.0
 70
0
  0
VERTEX
  5
16A7
  8
CUT
 10
1172.0714285714287
 20
-1200.3196091764644
 30
0.0
 70
0
  0
VERTEX
  5
16A8
  8
CUT
 10
1163.7142857142858
 20
-1204.5928147191428
 30
0.0
 70
0
  0
VERTEX
  5
16A9
  8
CUT
 10
1155.357142857143
 20
-1209.2707746122683
 30
0.0
 70
0
  0
VERTEX
  5
16AA
  8
CUT
 10
1147.0
 20
-1214.3534888558409
 30
0.0
 70
0
  0
VERTEX
  5
16AB
  8
CUT
 10
1147.0
 20
-1257.8
 30
0.0
 42
-0.41421356237309503
 70
0
  0
VERTEX
  5
16AC
  8
CUT
 10
1150.2
 20
-1261.0
 30
0.0
 42
-0.41421356237309503
 70
0
  0
VERTEX
  5
16AD
  8
CUT
 10
1147.0
 20
-1264.2
 30
0.0
 42
-0.41421356237309503
 70
0
  0
VERTEX
  5
16AE
  8
CUT
 10
1143.8
 20
-1261.0
 30
0.0
 70
0
  0
VERTEX
  5
16AF
  8
CUT
 10
1129.0
 20
-1261.0
 30
0.0
 70
0
  0
VERTEX
  5
16B0
  8
CUT
 10
1129.0
 20
-1301.0
 30
0.0
 70
0
  0
VERTEX
  5
16B1
  8
CUT
 10
1143.8
 20
-1301.0
 30
0.0
 42
-0.41421356237309503
 70
0
  0
VERTEX
  5
16B2
  8
CUT
 10
1147.0
 20
-1297.8
 30
0.0
 42
-0.41421356237309503
 70
0
  0
VERTEX
  5
16B3
  8
CUT
 10
1150.2
 20
-1301.0
 30
0.0
 42
-0.41421356237309503
 70
0
  0
VERTEX
  5
16B4
  8
CUT
 10
1147.0
 20
-1304.2
 30
0.0
 70
0
  0
VERTEX
  5
16B5
  8
CUT
 10
1147.0
 20
-1309.0
 30
0.0
 70
0
  0
SEQEND
  5
1682
  8
CUT
  0
POLYLINE
  5
16B6
  8
CUT
 66
1
 10
0.0
 20
0.0
 30
0.0
 70
1
  0
VERTEX
  5
16B8
  8
CUT
 10
1449.0
 20
-881.0
 30
0.0
 70
0
  0
VERTEX
  5
16B9
  8
CUT
 10
1449.0
 20
-876.2
 30
0.0
 42
-0.41421356237309503
 70
0
  0
VERTEX
  5
16BA
  8
CUT
 10
1445.8
 20
-873.0
 30
0.0
 42
-0.41421356237309503
 70
0
  0
VERTEX
  5
16BB
  8
CUT
 10
1449.0
 20
-869.8
 30
0.0
 42
-0.41421356237309503
 70
0
  0
VERTEX
  5
16BC
  8
CUT
 10
1452.2
 20
-873.0
 30
0.0
 70
0
  0
VERTEX
  5
16BD
  8
CUT
 10
1467.0
 20
-873.0
 30
0.0
 70
0
  0
VERTEX
  5
16BE
  8
CUT
 10
1467.0
 20
-833.0
 30
0.0
 70
0
  0
VERTEX
  5
16BF
  8
CUT
 10
1452.2
 20
-833.0
 30
0.0
 42
-0.41421356237309503
 70
0
  0
VERTEX
  5
16C0
  8
CUT
 10
1449.0
 20
-836.2
 30
0.0
 42
-0.41421356237309503
 70
0
  0
VERTEX
  5
16C1
  8
CUT
 10
1445.8
 20
-833.0
 30
0.0
 42
-0.41421356237309503
 70
0
  0
VERTEX
  5
16C2
  8
CUT
 10
1449.0
 20
-829.8
 30
0.0
 70
0
  0
VERTEX
  5
16C3
  8
CUT
 10
1449.0
 20
-797.034634504794
 30
0.0
 70
0
  0
VERTEX
  5
16C4
  8
CUT
 10
1440.642857142857
 20
-791.1889812862962
 30
0.0
 70
0
  0
VERTEX
  5
16C5
  8
CUT
 10
1432.2857142857142
 20
-785.7480824182454
 30
0.0
 70
0
  0
VERTEX
  5
16C6
  8
CUT
 10
1423.9285714285716
 20
-780.7119379006417
 30
0.0
 70
0
  0
VERTEX
  5
16C7
  8
CUT
 10
1415.5714285714287
 20
-776.080547733485
 30
0.0
 70
0
  0
VERTEX
  5
16C8
  8
CUT
 10
1407.2142857142858
 20
-771.8539119167754
 30
0.0
 70
0
  0
VERTEX
  5
16C9
  8
CUT
 10
1398.857142857143
 20
-768.0320304505129
 30
0.0
 70
0
  0
VERTEX
  5
16CA
  8
CUT
 10
1390.5
 20
-764.6149033346974
 30
0.0
 70
0
  0
VERTEX
  5
16CB
  8
CUT
 10
1382.142857142857
 20
-761.602530569329
 30
0.0
 70
0
  0
VERTEX
  5
16CC
  8
CUT
 10
1373.7857142857142
 20
-758.9949121544075
 30
0.0
 70
0
  0
VERTEX
  5
16CD
  8
CUT
 10
1365.4285714285716
 20
-756.7920480899332
 30
0.0
 70
0
  0
VERTEX
  5
16CE
  8
CUT
 10
1357.0714285714287
 20
-754.9939383759058
 30
0.0
 70
0
  0
VERTEX
  5
16CF
  8
CUT
 10
1348.7142857142858
 20
-753.6005830123256
 30
0.0
 70
0
  0
VERTEX
  5
16D0
  8
CUT
 10
1340.357142857143
 20
-752.6119819991925
 30
0.0
 70
0
  0
VERTEX
  5
16D1
  8
CUT
 10
1332.0
 20
-752.0281353365064
 30
0.0
 70
0
  0
VERTEX
  5
16D2
  8
CUT
 10
1323.642857142857
 20
-751.8490430242673
 30
0.0
 70
0
  0
VERTEX
  5
16D3
  8
CUT
 10
1315.2857142857142
 20
-752.0747050624752
 30
0.0
 70
0
  0
VERTEX
  5
16D4
  8
CUT
 10
1306.9285714285713
 20
-752.7051214511303
 30
0.0
 70
0
  0
VERTEX
  5
16D5
  8
CUT
 10
1298.5714285714287
 20
-753.7402921902323
 30
0.0
 70
0
  0
VERTEX
  5
16D6
  8
CUT
 10
1290.2142857142858
 20
-755.1802172797815
 30
0.0
 70
0
  0
VERTEX
  5
16D7
  8
CUT
 10
1281.857142857143
 20
-757.0248967197776
 30
0.0
 70
0
  0
VERTEX
  5
16D8
  8
CUT
 10
1273.5
 20
-759.2743305102208
 30
0.0
 70
0
  0
VERTEX
  5
16D9
  8
CUT
 10
1265.142857142857
 20
-761.9285186511111
 30
0.0
 70
0
  0
VERTEX
  5
16DA
  8
CUT
 10
1256.7857142857142
 20
-764.9874611424484
 30
0.0
 70
0
  0
VERTEX
  5
16DB
  8
CUT
 10
1248.4285714285713
 20
-768.4511579842329
 30
0.0
 70
0
  0
VERTEX
  5
16DC
  8
CUT
 10
1240.0714285714287
 20
-772.3196091764643
 30
0.0
 70
0
  0
VERTEX
  5
16DD
  8
CUT
 10
1231.7142857142858
 20
-776.5928147191428
 30
0.0
 70
0
  0
VERTEX
  5
16DE
  8
CUT
 10
1223.357142857143
 20
-781.2707746122683
 30
0.0
 70
0
  0
VERTEX
  5
16DF
  8
CUT
 10
1215.0
 20
-786.3534888558409
 30
0.0
 70
0
  0
VERTEX
  5
16E0
  8
CUT
 10
1215.0
 20
-829.8
 30
0.0
 42
-0.41421356237309503
 70
0
  0
VERTEX
  5
16E1
  8
CUT
 10
1218.2
 20
-833.0
 30
0.0
 42
-0.41421356237309503
 70
0
  0
VERTEX
  5
16E2
  8
CUT
 10
1215.0
 20
-836.2
 30
0.0
 42
-0.41421356237309503
 70
0
  0
VERTEX
  5
16E3
  8
CUT
 10
1211.8
 20
-833.0
 30
0.0
 70
0
  0
VERTEX
  5
16E4
  8
CUT
 10
1197.0
 20
-833.0
 30
0.0
 70
0
  0
VERTEX
  5
16E5
  8
CUT
 10
1197.0
 20
-873.0
 30
0.0
 70
0
  0
VERTEX
  5
16E6
  8
CUT
 10
1211.8
 20
-873.0
 30
0.0
 42
-0.41421356237309503
 70
0
  0
VERTEX
  5
16E7
  8
CUT
 10
1215.0
 20
-869.8
 30
0.0
 42
-0.41421356237309503
 70
0
  0
VERTEX
  5
16E8
  8
CUT
 10
1218.2
 20
-873.0
 30
0.0
 42
-0.41421356237309503
 70
0
  0
VERTEX
  5
16E9
  8
CUT
 10
1215.0
 20
-876.1999999999999
 30
0.0
 70
0
  0
VERTEX
  5
16EA
  8
CUT
 10
1215.0
 20
-881.0
 30
0.0
 70
0
  0
SEQEND
  5
16B7
  8
CUT
  0
POLYLINE
  5
16EB
  8
CUT
 66
1
 10
0.0
 20
0.0
 30
0.0
 70
1
  0
VERTEX
  5
16ED
  8
CUT
 10
1227.0
 20
-575.8490430242672
 30
0.0
 70
0
  0
VERTEX
  5
16EE
  8
CUT
 10
1227.0
 20
-580.6490430242673
 30
0.0
 42
-0.41421356237309503
 70
0
  0
VERTEX
  5
16EF
  8
CUT
 10
1230.2
 20
-583.8490430242673
 30
0.0
 42
-0.41421356237309503
 70
0
  0
VERTEX
  5
16F0
  8
CUT
 10
1227.0
 20
-587.0490430242673
 30
0.0
 42
-0.41421356237309503
 70
0
  0
VERTEX
  5
16F1
  8
CUT
 10
1223.8
 20
-583.8490430242672
 30
0.0
 70
0
  0
VERTEX
  5
16F2
  8
CUT
 10
1209.0
 20
-583.8490430242672
 30
0.0
 70
0
  0
VERTEX
  5
16F3
  8
CUT
 10
1209.0
 20
-623.8490430242672
 30
0.0
 70
0
  0
VERTEX
  5
16F4
  8
CUT
 10
1223.8
 20
-623.8490430242672
 30
0.0
 42
-0.41421356237309503
 70
0
  0
VERTEX
  5
16F5
  8
CUT
 10
1227.0
 20
-620.6490430242671
 30
0.0
 42
-0.41421356237309503
 70
0
  0
VERTEX
  5
16F6
  8
CUT
 10
1230.2
 20
-623.8490430242672
 30
0.0
 42
-0.41421356237309503
 70
0
  0
VERTEX
  5
16F7
  8
CUT
 10
1227.0
 20
-627.0490430242672
 30
0.0
 70
0
  0
VERTEX
  5
16F8
  8
CUT
 10
1227.0
 20
-659.8144085194732
 30
0.0
 70
0
  0
VERTEX
  5
16F9
  8
CUT
 10
1235.357142857143
 20
-665.6600617379711
 30
0.0
 70
0
  0
VERTEX
  5
16FA
  8
CUT
 10
1243.7142857142858
 20
-671.1009606060218
 30
0.0
 70
0
  0
VERTEX
  5
16FB
  8
CUT
 10
1252.0714285714284
 20
-676.1371051236255
 30
0.0
 70
0
  0
VERTEX
  5
16FC
  8
CUT
 10
1260.4285714285713
 20
-680.7684952907822
 30
0.0
 70
0
  0
VERTEX
  5
16FD
  8
CUT
 10
1268.7857142857142
 20
-684.9951311074918
 30
0.0
 70
0
  0
VERTEX
  5
16FE
  8
CUT
 10
1277.142857142857
 20
-688.8170125737543
 30
0.0
 70
0
  0
VERTEX
  5
16FF
  8
CUT
 10
1285.5
 20
-692.2341396895698
 30
0.0
 70
0
  0
VERTEX
  5
1700
  8
CUT
 10
1293.857142857143
 20
-695.2465124549383
 30
0.0
 70
0
  0
VERTEX
  5
1701
  8
CUT
 10
1302.2142857142858
 20
-697.8541308698597
 30
0.0
 70
0
  0
VERTEX
  5
1702
  8
CUT
 10
1310.5714285714284
 20
-700.0569949343339
 30
0.0
 70
0
  0
VERTEX
  5
1703
  8
CUT
 10
1318.9285714285713
 20
-701.8551046483614
 30
0.0
 70
0
  0
VERTEX
  5
1704
  8
CUT
 10
1327.2857142857142
 20
-703.2484600119416
 30
0.0
 70
0
  0
VERTEX
  5
1705
  8
CUT
 10
1335.642857142857
 20
-704.2370610250748
 30
0.0
 70
0
  0
VERTEX
  5
1706
  8
CUT
 10
1344.0
 20
-704.8209076877608
 30
0.0
 70
0
  0
VERTEX
  5
1707
  8
CUT
 10
1352.357142857143
 20
-705.0
 30
0.0
 70
0
  0
VERTEX
  5
1708
  8
CUT
 10
1360.7142857142858
 20
-704.7743379617921
 30
0.0
 70
0
  0
VERTEX
  5
1709
  8
CUT
 10
1369.0714285714284
 20
-704.143921573137
 30
0.0
 70
0
  0
VERTEX
  5
170A
  8
CUT
 10
1377.4285714285713
 20
-703.1087508340349
 30
0.0
 70
0
  0
VERTEX
  5
170B
  8
CUT
 10
1385.7857142857142
 20
-701.6688257444857
 30
0.0
 70
0
  0
VERTEX
  5
170C
  8
CUT
 10
1394.142857142857
 20
-699.8241463044897
 30
0.0
 70
0
  0
VERTEX
  5
170D
  8
CUT
 10
1402.5
 20
-697.5747125140464
 30
0.0
 70
0
  0
VERTEX
  5
170E
  8
CUT
 10
1410.857142857143
 20
-694.9205243731561
 30
0.0
 70
0
  0
VERTEX
  5
170F
  8
CUT
 10
1419.2142857142858
 20
-691.8615818818188
 30
0.0
 70
0
  0
VERTEX
  5
1710
  8
CUT
 10
1427.5714285714284
 20
-688.3978850400345
 30
0.0
 70
0
  0
VERTEX
  5
1711
  8
CUT
 10
1435.9285714285713
 20
-684.529433847803
 30
0.0
 70
0
  0
VERTEX
  5
1712
  8
CUT
 10
1444.2857142857142
 20
-680.2562283051245
 30
0.0
 70
0
  0
VERTEX
  5
1713
  8
CUT
 10
1452.642857142857
 20
-675.578268411999
 30
0.0
 70
0
  0
VERTEX
  5
1714
  8
CUT
 10
1461.0
 20
-670.4955541684263
 30
0.0
 70
0
  0
VERTEX
  5
1715
  8
CUT
 10
1461.0
 20
-627.0490430242672
 30
0.0
 42
-0.41421356237309503
 70
0
  0
VERTEX
  5
1716
  8
CUT
 10
1457.8
 20
-623.8490430242673
 30
0.0
 42
-0.41421356237309503
 70
0
  0
VERTEX
  5
1717
  8
CUT
 10
1461.0
 20
-620.6490430242673
 30
0.0
 42
-0.41421356237309503
 70
0
  0
VERTEX
  5
1718
  8
CUT
 10
1464.2
 20
-623.8490430242673
 30
0.0
 70
0
  0
VERTEX
  5
1719
  8
CUT
 10
1479.0
 20
-623.8490430242673
 30
0.0
 70
0
  0
VERTEX
  5
171A
  8
CUT
 10
1479.0
 20
-583.8490430242673
 30
0.0
 70
0
  0
VERTEX
  5
171B
  8
CUT
 10
1464.2
 20
-583.8490430242673
 30
0.0
 42
-0.41421356237309503
 70
0
  0
VERTEX
  5
171C
  8
CUT
 10
1461.0
 20
-587.0490430242673
 30
0.0
 42
-0.41421356237309503
 70
0
  0
VERTEX
  5
171D
  8
CUT
 10
1457.8
 20
-583.8490430242673
 30
0.0
 42
-0.41421356237309503
 70
0
  0
VERTEX
  5
171E
  8
CUT
 10
1461.0
 20
-580.6490430242673
 30
0.0
 70
0
  0
VERTEX
  5
171F
  8
CUT
 10
1461.0
 20
-575.8490430242673
 30
0.0
 70
0
  0
SEQEND
  5
16EC
  8
CUT
  0
POLYLINE
  5
1720
  8
CUT
 66
1
 10
0.0
 20
0.0
 30
0.0
 70
1
  0
VERTEX
  5
1722
  8
CUT
 10
1275.0
 20
-1063.8490430242673
 30
0.0
 70
0
  0
VERTEX
  5
1723
  8
CUT
 10
1275.0
 20
-1068.6490430242673
 30
0.0
 42
-0.41421356237309503
 70
0
  0
VERTEX
  5
1724
  8
CUT
 10
1278.2
 20
-1071.8490430242673
 30
0.0
 42
-0.41421356237309503
 70
0
  0
VERTEX
  5
1725
  8
CUT
 10
1275.0
 20
-1075.0490430242673
 30
0.0
 42
-0.41421356237309503
 70
0
  0
VERTEX
  5
1726
  8
CUT
 10
1271.8
 20
-1071.8490430242673
 30
0.0
 70
0
  0
VERTEX
  5
1727
  8
CUT
 10
1257.0
 20
-1071.8490430242673
 30
0.0
 70
0
  0
VERTEX
  5
1728
  8
CUT
 10
1257.0
 20
-1111.8490430242673
 30
0.0
 70
0
  0
VERTEX
  5
1729
  8
CUT
 10
1271.8
 20
-1111.8490430242673
 30
0.0
 42
-0.41421356237309503
 70
0
  0
VERTEX
  5
172A
  8
CUT
 10
1274.9999999999998
 20
-1108.6490430242675
 30
0.0
 42
-0.41421356237309503
 70
0
  0
VERTEX
  5
172B
  8
CUT
 10
1278.1999999999996
 20
-1111.8490430242673
 30
0.0
 42
-0.41421356237309503
 70
0
  0
VERTEX
  5
172C
  8
CUT
 10
1275.0
 20
-1115.0490430242671
 30
0.0
 70
0
  0
VERTEX
  5
172D
  8
CUT
 10
1275.0
 20
-1147.814408519473
 30
0.0
 70
0
  0
VERTEX
  5
172E
  8
CUT
 10
1283.357142857143
 20
-1153.660061737971
 30
0.0
 70
0
  0
VERTEX
  5
172F
  8
CUT
 10
1291.7142857142858
 20
-1159.1009606060218
 30
0.0
 70
0
  0
VERTEX
  5
1730
  8
CUT
 10
1300.0714285714284
 20
-1164.1371051236256
 30
0.0
 70
0
  0
VERTEX
  5
1731
  8
CUT
 10
1308.4285714285713
 20
-1168.768495290782
 30
0.0
 70
0
  0
VERTEX
  5
1732
  8
CUT
 10
1316.7857142857142
 20
-1172.995131107492
 30
0.0
 70
0
  0
VERTEX
  5
1733
  8
CUT
 10
1325.142857142857
 20
-1176.8170125737543
 30
0.0
 70
0
  0
VERTEX
  5
1734
  8
CUT
 10
1333.5
 20
-1180.23413968957
 30
0.0
 70
0
  0
VERTEX
  5
1735
  8
CUT
 10
1341.857142857143
 20
-1183.2465124549383
 30
0.0
 70
0
  0
VERTEX
  5
1736
  8
CUT
 10
1350.2142857142858
 20
-1185.8541308698595
 30
0.0
 70
0
  0
VERTEX
  5
1737
  8
CUT
 10
1358.5714285714284
 20
-1188.056994934334
 30
0.0
 70
0
  0
VERTEX
  5
1738
  8
CUT
 10
1366.9285714285713
 20
-1189.8551046483612
 30
0.0
 70
0
  0
VERTEX
  5
1739
  8
CUT
 10
1375.2857142857142
 20
-1191.2484600119415
 30
0.0
 70
0
  0
VERTEX
  5
173A
  8
CUT
 10
1383.642857142857
 20
-1192.2370610250748
 30
0.0
 70
0
  0
VERTEX
  5
173B
  8
CUT
 10
1392.0
 20
-1192.8209076877608
 30
0.0
 70
0
  0
VERTEX
  5
173C
  8
CUT
 10
1400.357142857143
 20
-1193.0
 30
0.0
 70
0
  0
VERTEX
  5
173D
  8
CUT
 10
1408.7142857142858
 20
-1192.774337961792
 30
0.0
 70
0
  0
VERTEX
  5
173E
  8
CUT
 10
1417.0714285714284
 20
-1192.143921573137
 30
0.0
 70
0
  0
VERTEX
  5
173F
  8
CUT
 10
1425.4285714285713
 20
-1191.108750834035
 30
0.0
 70
0
  0
VERTEX
  5
1740
  8
CUT
 10
1433.7857142857142
 20
-1189.6688257444857
 30
0.0
 70
0
  0
VERTEX
  5
1741
  8
CUT
 10
1442.142857142857
 20
-1187.8241463044897
 30
0.0
 70
0
  0
VERTEX
  5
1742
  8
CUT
 10
1450.5
 20
-1185.5747125140465
 30
0.0
 70
0
  0
VERTEX
  5
1743
  8
CUT
 10
1458.857142857143
 20
-1182.9205243731562
 30
0.0
 70
0
  0
VERTEX
  5
1744
  8
CUT
 10
1467.2142857142858
 20
-1179.861581881819
 30
0.0
 70
0
  0
VERTEX
  5
1745
  8
CUT
 10
1475.5714285714284
 20
-1176.3978850400345
 30
0.0
 70
0
  0
VERTEX
  5
1746
  8
CUT
 10
1483.9285714285713
 20
-1172.529433847803
 30
0.0
 70
0
  0
VERTEX
  5
1747
  8
CUT
 10
1492.2857142857142
 20
-1168.2562283051245
 30
0.0
 70
0
  0
VERTEX
  5
1748
  8
CUT
 10
1500.642857142857
 20
-1163.578268411999
 30
0.0
 70
0
  0
VERTEX
  5
1749
  8
CUT
 10
1509.0
 20
-1158.4955541684262
 30
0.0
 70
0
  0
VERTEX
  5
174A
  8
CUT
 10
1509.0
 20
-1115.0490430242671
 30
0.0
 42
-0.41421356237309503
 70
0
  0
VERTEX
  5
174B
  8
CUT
 10
1505.8000000000004
 20
-1111.849043024267
 30
0.0
 42
-0.41421356237309503
 70
0
  0
VERTEX
  5
174C
  8
CUT
 10
1509.0000000000005
 20
-1108.6490430242675
 30
0.0
 42
-0.41421356237309503
 70
0
  0
VERTEX
  5
174D
  8
CUT
 10
1512.2
 20
-1111.8490430242673
 30
0.0
 70
0
  0
VERTEX
  5
174E
  8
CUT
 10
1527.0
 20
-1111.8490430242673
 30
0.0
 70
0
  0
VERTEX
  5
174F
  8
CUT
 10
1527.0
 20
-1071.8490430242673
 30
0.0
 70
0
  0
VERTEX
  5
1750
  8
CUT
 10
1512.2
 20
-1071.8490430242673
 30
0.0
 42
-0.41421356237309503
 70
0
  0
VERTEX
  5
1751
  8
CUT
 10
1509.0
 20
-1075.0490430242673
 30
0.0
 42
-0.41421356237309503
 70
0
  0
VERTEX
  5
1752
  8
CUT
 10
1505.8
 20
-1071.8490430242673
 30
0.0
 42
-0.41421356237309503
 70
0
  0
VERTEX
  5
1753
  8
CUT
 10
1509.0
 20
-1068.6490430242673
 30
0.0
 70
0
  0
VERTEX
  5
1754
  8
CUT
 10
1509.0
 20
-1063.8490430242673
 30
0.0
 70
0
  0
SEQEND
  5
1721
  8
CUT
  0
POLYLINE
  5
1755
  8
CUT
 66
1
 10
0.0
 20
0.0
 30
0.0
 70
1
  0
VERTEX
  5
1757
  8
CUT
 10
1359.0
 20
-1323.8490430242673
 30
0.0
 70
0
  0
VERTEX
  5
1758
  8
CUT
 10
1359.0
 20
-1328.6490430242673
 30
0.0
 42
-0.41421356237309503
 70
0
  0
VERTEX
  5
1759
  8
CUT
 10
1362.2
 20
-1331.8490430242673
 30
0.0
 42
-0.41421356237309503
 70
0
  0
VERTEX
  5
175A
  8
CUT
 10
1359.0
 20
-1335.0490430242673
 30
0.0
 42
-0.41421356237309503
 70
0
  0
VERTEX
  5
175B
  8
CUT
 10
1355.8
 20
-1331.8490430242673
 30
0.0
 70
0
  0
VERTEX
  5
175C
  8
CUT
 10
1341.0
 20
-1331.8490430242673
 30
0.0
 70
0
  0
VERTEX
  5
175D
  8
CUT
 10
1341.0
 20
-1371.8490430242673
 30
0.0
 70
0
  0
VERTEX
  5
175E
  8
CUT
 10
1355.8
 20
-1371.8490430242673
 30
0.0
 42
-0.41421356237309503
 70
0
  0
VERTEX
  5
175F
  8
CUT
 10
1358.9999999999998
 20
-1368.6490430242675
 30
0.0
 42
-0.41421356237309503
 70
0
  0
VERTEX
  5
1760
  8
CUT
 10
1362.1999999999996
 20
-1371.8490430242673
 30
0.0
 42
-0.41421356237309503
 70
0
  0
VERTEX
  5
1761
  8
CUT
 10
1359.0
 20
-1375.0490430242671
 30
0.0
 70
0
  0
VERTEX
  5
1762
  8
CUT
 10
1359.0
 20
-1407.814408519473
 30
0.0
 70
0
  0
VERTEX
  5
1763
  8
CUT
 10
1367.357142857143
 20
-1413.660061737971
 30
0.0
 70
0
  0
VERTEX
  5
1764
  8
CUT
 10
1375.7142857142858
 20
-1419.1009606060218
 30
0.0
 70
0
  0
VERTEX
  5
1765
  8
CUT
 10
1384.0714285714284
 20
-1424.1371051236256
 30
0.0
 70
0
  0
VERTEX
  5
1766
  8
CUT
 10
1392.4285714285713
 20
-1428.768495290782
 30
0.0
 70
0
  0
VERTEX
  5
1767
  8
CUT
 10
1400.7857142857142
 20
-1432.9951311074917
 30
0.0
 70
0
  0
VERTEX
  5
1768
  8
CUT
 10
1409.142857142857
 20
-1436.8170125737543
 30
0.0
 70
0
  0
VERTEX
  5
1769
  8
CUT
 10
1417.5
 20
-1440.2341396895697
 30
0.0
 70
0
  0
VERTEX
  5
176A
  8
CUT
 10
1425.857142857143
 20
-1443.2465124549383
 30
0.0
 70
0
  0
VERTEX
  5
176B
  8
CUT
 10
1434.2142857142858
 20
-1445.8541308698595
 30
0.0
 70
0
  0
VERTEX
  5
176C
  8
CUT
 10
1442.5714285714284
 20
-1448.056994934334
 30
0.0
 70
0
  0
VERTEX
  5
176D
  8
CUT
 10
1450.9285714285713
 20
-1449.8551046483612
 30
0.0
 70
0
  0
VERTEX
  5
176E
  8
CUT
 10
1459.2857142857142
 20
-1451.2484600119415
 30
0.0
 70
0
  0
VERTEX
  5
176F
  8
CUT
 10
1467.642857142857
 20
-1452.2370610250748
 30
0.0
 70
0
  0
VERTEX
  5
1770
  8
CUT
 10
1476.0
 20
-1452.8209076877608
 30
0.0
 70
0
  0
VERTEX
  5
1771
  8
CUT
 10
1484.357142857143
 20
-1453.0
 30
0.0
 70
0
  0
VERTEX
  5
1772
  8
CUT
 10
1492.7142857142858
 20
-1452.774337961792
 30
0.0
 70
0
  0
VERTEX
  5
1773
  8
CUT
 10
1501.0714285714284
 20
-1452.143921573137
 30
0.0
 70
0
  0
VERTEX
  5
1774
  8
CUT
 10
1509.4285714285713
 20
-1451.108750834035
 30
0.0
 70
0
  0
VERTEX
  5
1775
  8
CUT
 10
1517.7857142857142
 20
-1449.6688257444857
 30
0.0
 70
0
  0
VERTEX
  5
1776
  8
CUT
 10
1526.142857142857
 20
-1447.8241463044897
 30
0.0
 70
0
  0
VERTEX
  5
1777
  8
CUT
 10
1534.5
 20
-1445.5747125140465
 30
0.0
 70
0
  0
VERTEX
  5
1778
  8
CUT
 10
1542.857142857143
 20
-1442.9205243731562
 30
0.0
 70
0
  0
VERTEX
  5
1779
  8
CUT
 10
1551.2142857142858
 20
-1439.861581881819
 30
0.0
 70
0
  0
VERTEX
  5
177A
  8
CUT
 10
1559.5714285714284
 20
-1436.3978850400345
 30
0.0
 70
0
  0
VERTEX
  5
177B
  8
CUT
 10
1567.9285714285713
 20
-1432.529433847803
 30
0.0
 70
0
  0
VERTEX
  5
177C
  8
CUT
 10
1576.2857142857142
 20
-1428.2562283051245
 30
0.0
 70
0
  0
VERTEX
  5
177D
  8
CUT
 10
1584.642857142857
 20
-1423.578268411999
 30
0.0
 70
0
  0
VERTEX
  5
177E
  8
CUT
 10
1593.0
 20
-1418.4955541684265
 30
0.0
 70
0
  0
VERTEX
  5
177F
  8
CUT
 10
1593.0
 20
-1375.0490430242673
 30
0.0
 42
-0.41421356237309503
 70
0
  0
VERTEX
  5
1780
  8
CUT
 10
1589.8
 20
-1371.8490430242673
 30
0.0
 42
-0.41421356237309503
 70
0
  0
VERTEX
  5
1781
  8
CUT
 10
1593.0
 20
-1368.6490430242673
 30
0.0
 42
-0.41421356237309503
 70
0
  0
VERTEX
  5
1782
  8
CUT
 10
1596.2
 20
-1371.8490430242673
 30
0.0
 70
0
  0
VERTEX
  5
1783
  8
CUT
 10
1611.0
 20
-1371.8490430242673
 30
0.0
 70
0
  0
VERTEX
  5
1784
  8
CUT
 10
1611.0
 20
-1331.8490430242673
 30
0.0
 70
0
  0
VERTEX
  5
1785
  8
CUT
 10
1596.2
 20
-1331.8490430242673
 30
0.0
 42
-0.41421356237309503
 70
0
  0
VERTEX
  5
1786
  8
CUT
 10
1593.0
 20
-1335.0490430242673
 30
0.0
 42
-0.41421356237309503
 70
0
  0
VERTEX
  5
1787
  8
CUT
 10
1589.8
 20
-1331.8490430242673
 30
0.0
 42
-0.41421356237309503
 70
0
  0
VERTEX
  5
1788
  8
CUT
 10
1593.0
 20
-1328.6490430242673
 30
0.0
 70
0
  0
VERTEX
  5
1789
  8
CUT
 10
1593.0
 20
-1323.8490430242673
 30
0.0
 70
0
  0
SEQEND
  5
1756
  8
CUT
  0
POLYLINE
  5
178A
  8
CUT
 66
1
 10
0.0
 20
0.0
 30
0.0
 70
1
  0
VERTEX
  5
178C
  8
CUT
 10
1669.0
 20
-1309.0
 30
0.0
 70
0
  0
VERTEX
  5
178D
  8
CUT
 10
1669.0
 20
-1304.2
 30
0.0
 42
-0.41421356237309503
 70
0
  0
VERTEX
  5
178E
  8
CUT
 10
1665.8
 20
-1301.0
 30
0.0
 42
-0.41421356237309503
 70
0
  0
VERTEX
  5
178F
  8
CUT
 10
1669.0
 20
-1297.8
 30
0.0
 42
-0.41421356237309503
 70
0
  0
VERTEX
  5
1790
  8
CUT
 10
1672.2
 20
-1301.0
 30
0.0
 70
0
  0
VERTEX
  5
1791
  8
CUT
 10
1687.0
 20
-1301.0
 30
0.0
 70
0
  0
VERTEX
  5
1792
  8
CUT
 10
1687.0
 20
-1261.0
 30
0.0
 70
0
  0
VERTEX
  5
1793
  8
CUT
 10
1672.2
 20
-1261.0
 30
0.0
 42
-0.41421356237309503
 70
0
  0
VERTEX
  5
1794
  8
CUT
 10
1669.0
 20
-1264.2
 30
0.0
 42
-0.41421356237309503
 70
0
  0
VERTEX
  5
1795
  8
CUT
 10
1665.8
 20
-1261.0
 30
0.0
 42
-0.41421356237309503
 70
0
  0
VERTEX
  5
1796
  8
CUT
 10
1669.0
 20
-1257.8
 30
0.0
 70
0
  0
VERTEX
  5
1797
  8
CUT
 10
1669.0
 20
-1225.034634504794
 30
0.0
 70
0
  0
VERTEX
  5
1798
  8
CUT
 10
1660.642857142857
 20
-1219.1889812862962
 30
0.0
 70
0
  0
VERTEX
  5
1799
  8
CUT
 10
1652.2857142857142
 20
-1213.7480824182453
 30
0.0
 70
0
  0
VERTEX
  5
179A
  8
CUT
 10
1643.9285714285716
 20
-1208.7119379006417
 30
0.0
 70
0
  0
VERTEX
  5
179B
  8
CUT
 10
1635.5714285714287
 20
-1204.080547733485
 30
0.0
 70
0
  0
VERTEX
  5
179C
  8
CUT
 10
1627.2142857142858
 20
-1199.8539119167754
 30
0.0
 70
0
  0
VERTEX
  5
179D
  8
CUT
 10
1618.857142857143
 20
-1196.032030450513
 30
0.0
 70
0
  0
VERTEX
  5
179E
  8
CUT
 10
1610.5
 20
-1192.6149033346974
 30
0.0
 70
0
  0
VERTEX
  5
179F
  8
CUT
 10
1602.142857142857
 20
-1189.602530569329
 30
0.0
 70
0
  0
VERTEX
  5
17A0
  8
CUT
 10
1593.7857142857142
 20
-1186.9949121544075
 30
0.0
 70
0
  0
VERTEX
  5
17A1
  8
CUT
 10
1585.4285714285716
 20
-1184.7920480899334
 30
0.0
 70
0
  0
VERTEX
  5
17A2
  8
CUT
 10
1577.0714285714287
 20
-1182.9939383759058
 30
0.0
 70
0
  0
VERTEX
  5
17A3
  8
CUT
 10
1568.7142857142858
 20
-1181.6005830123256
 30
0.0
 70
0
  0
VERTEX
  5
17A4
  8
CUT
 10
1560.357142857143
 20
-1180.6119819991925
 30
0.0
 70
0
  0
VERTEX
  5
17A5
  8
CUT
 10
1552.0
 20
-1180.0281353365062
 30
0.0
 70
0
  0
VERTEX
  5
17A6
  8
CUT
 10
1543.642857142857
 20
-1179.8490430242673
 30
0.0
 70
0
  0
VERTEX
  5
17A7
  8
CUT
 10
1535.2857142857142
 20
-1180.0747050624752
 30
0.0
 70
0
  0
VERTEX
  5
17A8
  8
CUT
 10
1526.9285714285713
 20
-1180.7051214511303
 30
0.0
 70
0
  0
VERTEX
  5
17A9
  8
CUT
 10
1518.5714285714287
 20
-1181.7402921902324
 30
0.0
 70
0
  0
VERTEX
  5
17AA
  8
CUT
 10
1510.2142857142858
 20
-1183.1802172797816
 30
0.0
 70
0
  0
VERTEX
  5
17AB
  8
CUT
 10
1501.857142857143
 20
-1185.0248967197776
 30
0.0
 70
0
  0
VERTEX
  5
17AC
  8
CUT
 10
1493.5
 20
-1187.2743305102208
 30
0.0
 70
0
  0
VERTEX
  5
17AD
  8
CUT
 10
1485.142857142857
 20
-1189.928518651111
 30
0.0
 70
0
  0
VERTEX
  5
17AE
  8
CUT
 10
1476.7857142857142
 20
-1192.9874611424484
 30
0.0
 70
0
  0
VERTEX
  5
17AF
  8
CUT
 10
1468.4285714285713
 20
-1196.4511579842329
 30
0.0
 70
0
  0
VERTEX
  5
17B0
  8
CUT
 10
1460.0714285714287
 20
-1200.3196091764644
 30
0.0
 70
0
  0
VERTEX
  5
17B1
  8
CUT
 10
1451.7142857142858
 20
-1204.5928147191428
 30
0.0
 70
0
  0
VERTEX
  5
17B2
  8
CUT
 10
1443.357142857143
 20
-1209.2707746122683
 30
0.0
 70
0
  0
VERTEX
  5
17B3
  8
CUT
 10
1435.0
 20
-1214.3534888558409
 30
0.0
 70
0
  0
VERTEX
  5
17B4
  8
CUT
 10
1435.0
 20
-1257.8
 30
0.0
 42
-0.41421356237309503
 70
0
  0
VERTEX
  5
17B5
  8
CUT
 10
1438.2
 20
-1261.0
 30
0.0
 42
-0.41421356237309503
 70
0
  0
VERTEX
  5
17B6
  8
CUT
 10
1435.0
 20
-1264.2
 30
0.0
 42
-0.41421356237309503
 70
0
  0
VERTEX
  5
17B7
  8
CUT
 10
1431.8
 20
-1261.0
 30
0.0
 70
0
  0
VERTEX
  5
17B8
  8
CUT
 10
1417.0
 20
-1261.0
 30
0.0
 70
0
  0
VERTEX
  5
17B9
  8
CUT
 10
1417.0
 20
-1301.0
 30
0.0
 70
0
  0
VERTEX
  5
17BA
  8
CUT
 10
1431.8
 20
-1301.0
 30
0.0
 42
-0.41421356237309503
 70
0
  0
VERTEX
  5
17BB
  8
CUT
 10
1435.0
 20
-1297.8
 30
0.0
 42
-0.41421356237309503
 70
0
  0
VERTEX
  5
17BC
  8
CUT
 10
1438.2
 20
-1301.0
 30
0.0
 42
-0.41421356237309503
 70
0
  0
VERTEX
  5
17BD
  8
CUT
 10
1435.0
 20
-1304.2
 30
0.0
 70
0
  0
VERTEX
  5
17BE
  8
CUT
 10
1435.0
 20
-1309.0
 30
0.0
 70
0
  0
SEQEND
  5
178B
  8
CUT
  0
POLYLINE
  5
17BF
  8
CUT
 66
1
 10
0.0
 20
0.0
 30
0.0
 70
1
  0
VERTEX
  5
17C1
  8
CUT
 10
1539.0
 20
-1003.8490430242672
 30
0.0
 70
0
  0
VERTEX
  5
17C2
  8
CUT
 10
1539.0
 20
-1008.6490430242673
 30
0.0
 42
-0.41421356237309503
 70
0
  0
VERTEX
  5
17C3
  8
CUT
 10
1542.2
 20
-1011.8490430242673
 30
0.0
 42
-0.41421356237309503
 70
0
  0
VERTEX
  5
17C4
  8
CUT
 10
1539.0
 20
-1015.0490430242673
 30
0.0
 42
-0.41421356237309503
 70
0
  0
VERTEX
  5
17C5
  8
CUT
 10
1535.8
 20
-1011.8490430242672
 30
0.0
 70
0
  0
VERTEX
  5
17C6
  8
CUT
 10
1521.0
 20
-1011.8490430242672
 30
0.0
 70
0
  0
VERTEX
  5
17C7
  8
CUT
 10
1521.0
 20
-1051.8490430242673
 30
0.0
 70
0
  0
VERTEX
  5
17C8
  8
CUT
 10
1535.8
 20
-1051.8490430242673
 30
0.0
 42
-0.41421356237309503
 70
0
  0
VERTEX
  5
17C9
  8
CUT
 10
1538.9999999999998
 20
-1048.6490430242675
 30
0.0
 42
-0.41421356237309503
 70
0
  0
VERTEX
  5
17CA
  8
CUT
 10
1542.1999999999996
 20
-1051.8490430242673
 30
0.0
 42
-0.41421356237309503
 70
0
  0
VERTEX
  5
17CB
  8
CUT
 10
1539.0
 20
-1055.0490430242671
 30
0.0
 70
0
  0
VERTEX
  5
17CC
  8
CUT
 10
1539.0
 20
-1087.814408519473
 30
0.0
 70
0
  0
VERTEX
  5
17CD
  8
CUT
 10
1547.357142857143
 20
-1093.660061737971
 30
0.0
 70
0
  0
VERTEX
  5
17CE
  8
CUT
 10
1555.7142857142858
 20
-1099.1009606060218
 30
0.0
 70
0
  0
VERTEX
  5
17CF
  8
CUT
 10
1564.0714285714284
 20
-1104.1371051236256
 30
0.0
 70
0
  0
VERTEX
  5
17D0
  8
CUT
 10
1572.4285714285713
 20
-1108.768495290782
 30
0.0
 70
0
  0
VERTEX
  5
17D1
  8
CUT
 10
1580.7857142857142
 20
-1112.995131107492
 30
0.0
 70
0
  0
VERTEX
  5
17D2
  8
CUT
 10
1589.142857142857
 20
-1116.8170125737543
 30
0.0
 70
0
  0
VERTEX
  5
17D3
  8
CUT
 10
1597.5
 20
-1120.23413968957
 30
0.0
 70
0
  0
VERTEX
  5
17D4
  8
CUT
 10
1605.857142857143
 20
-1123.2465124549383
 30
0.0
 70
0
  0
VERTEX
  5
17D5
  8
CUT
 10
1614.2142857142858
 20
-1125.8541308698595
 30
0.0
 70
0
  0
VERTEX
  5
17D6
  8
CUT
 10
1622.5714285714284
 20
-1128.056994934334
 30
0.0
 70
0
  0
VERTEX
  5
17D7
  8
CUT
 10
1630.9285714285713
 20
-1129.8551046483612
 30
0.0
 70
0
  0
VERTEX
  5
17D8
  8
CUT
 10
1639.2857142857142
 20
-1131.2484600119415
 30
0.0
 70
0
  0
VERTEX
  5
17D9
  8
CUT
 10
1647.642857142857
 20
-1132.2370610250748
 30
0.0
 70
0
  0
VERTEX
  5
17DA
  8
CUT
 10
1656.0
 20
-1132.8209076877608
 30
0.0
 70
0
  0
VERTEX
  5
17DB
  8
CUT
 10
1664.357142857143
 20
-1133.0
 30
0.0
 70
0
  0
VERTEX
  5
17DC
  8
CUT
 10
1672.7142857142858
 20
-1132.774337961792
 30
0.0
 70
0
  0
VERTEX
  5
17DD
  8
CUT
 10
1681.0714285714284
 20
-1132.143921573137
 30
0.0
 70
0
  0
VERTEX
  5
17DE
  8
CUT
 10
1689.4285714285713
 20
-1131.108750834035
 30
0.0
 70
0
  0
VERTEX
  5
17DF
  8
CUT
 10
1697.7857142857142
 20
-1129.6688257444857
 30
0.0
 70
0
  0
VERTEX
  5
17E0
  8
CUT
 10
1706.142857142857
 20
-1127.8241463044897
 30
0.0
 70
0
  0
VERTEX
  5
17E1
  8
CUT
 10
1714.5
 20
-1125.5747125140465
 30
0.0
 70
0
  0
VERTEX
  5
17E2
  8
CUT
 10
1722.857142857143
 20
-1122.9205243731562
 30
0.0
 70
0
  0
VERTEX
  5
17E3
  8
CUT
 10
1731.2142857142858
 20
-1119.861581881819
 30
0.0
 70
0
  0
VERTEX
  5
17E4
  8
CUT
 10
1739.5714285714284
 20
-1116.3978850400345
 30
0.0
 70
0
  0
VERTEX
  5
17E5
  8
CUT
 10
1747.9285714285713
 20
-1112.529433847803
 30
0.0
 70
0
  0
VERTEX
  5
17E6
  8
CUT
 10
1756.2857142857142
 20
-1108.2562283051245
 30
0.0
 70
0
  0
VERTEX
  5
17E7
  8
CUT
 10
1764.642857142857
 20
-1103.578268411999
 30
0.0
 70
0
  0
VERTEX
  5
17E8
  8
CUT
 10
1773.0
 20
-1098.4955541684262
 30
0.0
 70
0
  0
VERTEX
  5
17E9
  8
CUT
 10
1773.0
 20
-1055.0490430242671
 30
0.0
 42
-0.41421356237309503
 70
0
  0
VERTEX
  5
17EA
  8
CUT
 10
1769.8000000000004
 20
-1051.849043024267
 30
0.0
 42
-0.41421356237309503
 70
0
  0
VERTEX
  5
17EB
  8
CUT
 10
1773.0000000000005
 20
-1048.6490430242675
 30
0.0
 42
-0.41421356237309503
 70
0
  0
VERTEX
  5
17EC
  8
CUT
 10
1776.2
 20
-1051.8490430242673
 30
0.0
 70
0
  0
VERTEX
  5
17ED
  8
CUT
 10
1791.0
 20
-1051.8490430242673
 30
0.0
 70
0
  0
VERTEX
  5
17EE
  8
CUT
 10
1791.0
 20
-1011.8490430242673
 30
0.0
 70
0
  0
VERTEX
  5
17EF
  8
CUT
 10
1776.2
 20
-1011.8490430242673
 30
0.0
 42
-0.41421356237309503
 70
0
  0
VERTEX
  5
17F0
  8
CUT
 10
1773.0
 20
-1015.0490430242673
 30
0.0
 42
-0.41421356237309503
 70
0
  0
VERTEX
  5
17F1
  8
CUT
 10
1769.8
 20
-1011.8490430242673
 30
0.0
 42
-0.41421356237309503
 70
0
  0
VERTEX
  5
17F2
  8
CUT
 10
1773.0
 20
-1008.6490430242673
 30
0.0
 70
0
  0
VERTEX
  5
17F3
  8
CUT
 10
1773.0
 20
-1003.8490430242673
 30
0.0
 70
0
  0
SEQEND
  5
17C0
  8
CUT
  0
POLYLINE
  5
17F4
  8
CUT
 66
1
 10
0.0
 20
0.0
 30
0.0
 70
1
  0
VERTEX
  5
17F6
  8
CUT
 10
1575.0
 20
-272.1723621264489
 30
0.0
 70
0
  0
VERTEX
  5
17F7
  8
CUT
 10
1575.0
 20
-276.97236212644884
 30
0.0
 42
-0.41421356237309503
 70
0
  0
VERTEX
  5
17F8
  8
CUT
 10
1578.2
 20
-280.1723621264489
 30
0.0
 42
-0.41421356237309503
 70
0
  0
VERTEX
  5
17F9
  8
CUT
 10
1575.0
 20
-283.37236212644893
 30
0.0
 42
-0.41421356237309503
 70
0
  0
VERTEX
  5
17FA
  8
CUT
 10
1571.8
 20
-280.1723621264489
 30
0.0
 70
0
  0
VERTEX
  5
17FB
  8
CUT
 10
1557.0
 20
-280.1723621264489
 30
0.0
 70
0
  0
VERTEX
  5
17FC
  8
CUT
 10
1557.0
 20
-320.1723621264489
 30
0.0
 70
0
  0
VERTEX
  5
17FD
  8
CUT
 10
1571.8
 20
-320.1723621264489
 30
0.0
 42
-0.41421356237309503
 70
0
  0
VERTEX
  5
17FE
  8
CUT
 10
1574.9999999999995
 20
-316.97236212644884
 30
0.0
 42
-0.41421356237309503
 70
0
  0
VERTEX
  5
17FF
  8
CUT
 10
1578.1999999999996
 20
-320.17236212644866
 30
0.0
 42
-0.41421356237309503
 70
0
  0
VERTEX
  5
1800
  8
CUT
 10
1575.0
 20
-323.3723621264487
 30
0.0
 70
0
  0
VERTEX
  5
1801
  8
CUT
 10
1575.0
 20
-356.06139294062154
 30
0.0
 70
0
  0
VERTEX
  5
1802
  8
CUT
 10
1583.357142857143
 20
-361.87509382145845
 30
0.0
 70
0
  0
VERTEX
  5
1803
  8
CUT
 10
1591.7142857142858
 20
-367.28625273893135
 30
0.0
 70
0
  0
VERTEX
  5
1804
  8
CUT
 10
1600.0714285714284
 20
-372.29486969304094
 30
0.0
 70
0
  0
VERTEX
  5
1805
  8
CUT
 10
1608.4285714285713
 20
-376.900944683787
 30
0.0
 70
0
  0
VERTEX
  5
1806
  8
CUT
 10
1616.7857142857142
 20
-381.10447771116947
 30
0.0
 70
0
  0
VERTEX
  5
1807
  8
CUT
 10
1625.142857142857
 20
-384.9054687751884
 30
0.0
 70
0
  0
VERTEX
  5
1808
  8
CUT
 10
1633.5
 20
-388.3039178758438
 30
0.0
 70
0
  0
VERTEX
  5
1809
  8
CUT
 10
1641.857142857143
 20
-391.2998250131359
 30
0.0
 70
0
  0
VERTEX
  5
180A
  8
CUT
 10
1650.2142857142858
 20
-393.8931901870642
 30
0.0
 70
0
  0
VERTEX
  5
180B
  8
CUT
 10
1658.5714285714284
 20
-396.08401339762895
 30
0.0
 70
0
  0
VERTEX
  5
180C
  8
CUT
 10
1666.9285714285713
 20
-397.87229464483016
 30
0.0
 70
0
  0
VERTEX
  5
180D
  8
CUT
 10
1675.2857142857142
 20
-399.25803392866806
 30
0.0
 70
0
  0
VERTEX
  5
180E
  8
CUT
 10
1683.642857142857
 20
-400.2412312491422
 30
0.0
 70
0
  0
VERTEX
  5
180F
  8
CUT
 10
1692.0
 20
-400.821886606253
 30
0.0
 70
0
  0
VERTEX
  5
1810
  8
CUT
 10
1700.357142857143
 20
-401.0
 30
0.0
 70
0
  0
VERTEX
  5
1811
  8
CUT
 10
1708.7142857142858
 20
-400.7755714303835
 30
0.0
 70
0
  0
VERTEX
  5
1812
  8
CUT
 10
1717.0714285714284
 20
-400.14860089740364
 30
0.0
 70
0
  0
VERTEX
  5
1813
  8
CUT
 10
1725.4285714285713
 20
-399.11908840106025
 30
0.0
 70
0
  0
VERTEX
  5
1814
  8
CUT
 10
1733.7857142857142
 20
-397.6870339413531
 30
0.0
 70
0
  0
VERTEX
  5
1815
  8
CUT
 10
1742.142857142857
 20
-395.8524375182826
 30
0.0
 70
0
  0
VERTEX
  5
1816
  8
CUT
 10
1750.5
 20
-393.61529913184836
 30
0.0
 70
0
  0
VERTEX
  5
1817
  8
CUT
 10
1758.857142857143
 20
-390.9756187820508
 30
0.0
 70
0
  0
VERTEX
  5
1818
  8
CUT
 10
1767.2142857142858
 20
-387.93339646888967
 30
0.0
 70
0
  0
VERTEX
  5
1819
  8
CUT
 10
1775.5714285714284
 20
-384.488632192365
 30
0.0
 70
0
  0
VERTEX
  5
181A
  8
CUT
 10
1783.9285714285713
 20
-380.6413259524768
 30
0.0
 70
0
  0
VERTEX
  5
181B
  8
CUT
 10
1792.2857142857142
 20
-376.3914777492248
 30
0.0
 70
0
  0
VERTEX
  5
181C
  8
CUT
 10
1800.642857142857
 20
-371.7390875826095
 30
0.0
 70
0
  0
VERTEX
  5
181D
  8
CUT
 10
1809.0
 20
-366.68415545263065
 30
0.0
 70
0
  0
VERTEX
  5
181E
  8
CUT
 10
1809.0
 20
-323.37236212644893
 30
0.0
 42
-0.41421356237309503
 70
0
  0
VERTEX
  5
181F
  8
CUT
 10
1805.8
 20
-320.1723621264489
 30
0.0
 42
-0.41421356237309503
 70
0
  0
VERTEX
  5
1820
  8
CUT
 10
1809.0
 20
-316.97236212644884
 30
0.0
 42
-0.41421356237309503
 70
0
  0
VERTEX
  5
1821
  8
CUT
 10
1812.2
 20
-320.1723621264489
 30
0.0
 70
0
  0
VERTEX
  5
1822
  8
CUT
 10
1827.0
 20
-320.1723621264489
 30
0.0
 70
0
  0
VERTEX
  5
1823
  8
CUT
 10
1827.0
 20
-280.1723621264489
 30
0.0
 70
0
  0
VERTEX
  5
1824
  8
CUT
 10
1812.2
 20
-280.1723621264489
 30
0.0
 42
-0.41421356237309503
 70
0
  0
VERTEX
  5
1825
  8
CUT
 10
1809.0
 20
-283.37236212644893
 30
0.0
 42
-0.41421356237309503
 70
0
  0
VERTEX
  5
1826
  8
CUT
 10
1805.8
 20
-280.1723621264489
 30
0.0
 42
-0.41421356237309503
 70
0
  0
VERTEX
  5
1827
  8
CUT
 10
1809.0
 20
-276.97236212644884
 30
0.0
 70
0
  0
VERTEX
  5
1828
  8
CUT
 10
1809.0
 20
-272.1723621264489
 30
0.0
 70
0
  0
SEQEND
  5
17F5
  8
CUT
  0
POLYLINE
  5
1829
  8
CUT
 66
1
 10
0.0
 20
0.0
 30
0.0
 70
1
  0
VERTEX
  5
182B
  8
CUT
 10
1861.0
 20
-1453.0
 30
0.0
 70
0
  0
VERTEX
  5
182C
  8
CUT
 10
1861.0
 20
-1448.2
 30
0.0
 42
-0.41421356237309503
 70
0
  0
VERTEX
  5
182D
  8
CUT
 10
1857.8
 20
-1445.0
 30
0.0
 42
-0.41421356237309503
 70
0
  0
VERTEX
  5
182E
  8
CUT
 10
1861.0
 20
-1441.8
 30
0.0
 42
-0.41421356237309503
 70
0
  0
VERTEX
  5
182F
  8
CUT
 10
1864.2
 20
-1445.0
 30
0.0
 70
0
  0
VERTEX
  5
1830
  8
CUT
 10
1879.0
 20
-1445.0
 30
0.0
 70
0
  0
VERTEX
  5
1831
  8
CUT
 10
1879.0
 20
-1405.0
 30
0.0
 70
0
  0
VERTEX
  5
1832
  8
CUT
 10
1864.2
 20
-1405.0
 30
0.0
 42
-0.41421356237309503
 70
0
  0
VERTEX
  5
1833
  8
CUT
 10
1861.0
 20
-1408.2
 30
0.0
 42
-0.41421356237309503
 70
0
  0
VERTEX
  5
1834
  8
CUT
 10
1857.8
 20
-1405.0
 30
0.0
 42
-0.41421356237309503
 70
0
  0
VERTEX
  5
1835
  8
CUT
 10
1861.0
 20
-1401.8
 30
0.0
 70
0
  0
VERTEX
  5
1836
  8
CUT
 10
1861.0
 20
-1369.1109691858271
 30
0.0
 70
0
  0
VERTEX
  5
1837
  8
CUT
 10
1852.642857142857
 20
-1363.2972683049904
 30
0.0
 70
0
  0
VERTEX
  5
1838
  8
CUT
 10
1844.2857142857142
 20
-1357.8861093875173
 30
0.0
 70
0
  0
VERTEX
  5
1839
  8
CUT
 10
1835.9285714285716
 20
-1352.877492433408
 30
0.0
 70
0
  0
VERTEX
  5
183A
  8
CUT
 10
1827.5714285714287
 20
-1348.2714174426617
 30
0.0
 70
0
  0
VERTEX
  5
183B
  8
CUT
 10
1819.2142857142858
 20
-1344.0678844152792
 30
0.0
 70
0
  0
VERTEX
  5
183C
  8
CUT
 10
1810.857142857143
 20
-1340.2668933512603
 30
0.0
 70
0
  0
VERTEX
  5
183D
  8
CUT
 10
1802.5
 20
-1336.8684442506049
 30
0.0
 70
0
  0
VERTEX
  5
183E
  8
CUT
 10
1794.142857142857
 20
-1333.872537113313
 30
0.0
 70
0
  0
VERTEX
  5
183F
  8
CUT
 10
1785.7857142857142
 20
-1331.2791719393847
 30
0.0
 70
0
  0
VERTEX
  5
1840
  8
CUT
 10
1777.4285714285716
 20
-1329.0883487288197
 30
0.0
 70
0
  0
VERTEX
  5
1841
  8
CUT
 10
1769.0714285714287
 20
-1327.3000674816185
 30
0.0
 70
0
  0
VERTEX
  5
1842
  8
CUT
 10
1760.7142857142858
 20
-1325.9143281977808
 30
0.0
 70
0
  0
VERTEX
  5
1843
  8
CUT
 10
1752.357142857143
 20
-1324.9311308773067
 30
0.0
 70
0
  0
VERTEX
  5
1844
  8
CUT
 10
1744.0
 20
-1324.350475520196
 30
0.0
 70
0
  0
VERTEX
  5
1845
  8
CUT
 10
1735.642857142857
 20
-1324.172362126449
 30
0.0
 70
0
  0
VERTEX
  5
1846
  8
CUT
 10
1727.2857142857142
 20
-1324.3967906960652
 30
0.0
 70
0
  0
VERTEX
  5
1847
  8
CUT
 10
1718.9285714285713
 20
-1325.0237612290452
 30
0.0
 70
0
  0
VERTEX
  5
1848
  8
CUT
 10
1710.5714285714287
 20
-1326.0532737253886
 30
0.0
 70
0
  0
VERTEX
  5
1849
  8
CUT
 10
1702.2142857142858
 20
-1327.4853281850956
 30
0.0
 70
0
  0
VERTEX
  5
184A
  8
CUT
 10
1693.857142857143
 20
-1329.3199246081663
 30
0.0
 70
0
  0
VERTEX
  5
184B
  8
CUT
 10
1685.5
 20
-1331.5570629946005
 30
0.0
 70
0
  0
VERTEX
  5
184C
  8
CUT
 10
1677.142857142857
 20
-1334.196743344398
 30
0.0
 70
0
  0
VERTEX
  5
184D
  8
CUT
 10
1668.7857142857142
 20
-1337.2389656575592
 30
0.0
 70
0
  0
VERTEX
  5
184E
  8
CUT
 10
1660.4285714285713
 20
-1340.6837299340839
 30
0.0
 70
0
  0
VERTEX
  5
184F
  8
CUT
 10
1652.0714285714287
 20
-1344.531036173972
 30
0.0
 70
0
  0
VERTEX
  5
1850
  8
CUT
 10
1643.7142857142858
 20
-1348.7808843772239
 30
0.0
 70
0
  0
VERTEX
  5
1851
  8
CUT
 10
1635.357142857143
 20
-1353.4332745438392
 30
0.0
 70
0
  0
VERTEX
  5
1852
  8
CUT
 10
1627.0
 20
-1358.4882066738182
 30
0.0
 70
0
  0
VERTEX
  5
1853
  8
CUT
 10
1627.0
 20
-1401.8
 30
0.0
 42
-0.41421356237309503
 70
0
  0
VERTEX
  5
1854
  8
CUT
 10
1630.2
 20
-1405.0
 30
0.0
 42
-0.41421356237309503
 70
0
  0
VERTEX
  5
1855
  8
CUT
 10
1627.0
 20
-1408.2
 30
0.0
 42
-0.41421356237309503
 70
0
  0
VERTEX
  5
1856
  8
CUT
 10
1623.8
 20
-1405.0
 30
0.0
 70
0
  0
VERTEX
  5
1857
  8
CUT
 10
1609.0
 20
-1405.0
 30
0.0
 70
0
  0
VERTEX
  5
1858
  8
CUT
 10
1609.0
 20
-1445.0
 30
0.0
 70
0
  0
VERTEX
  5
1859
  8
CUT
 10
1623.8
 20
-1445.0
 30
0.0
 42
-0.41421356237309503
 70
0
  0
VERTEX
  5
185A
  8
CUT
 10
1627.0
 20
-1441.8
 30
0.0
 42
-0.41421356237309503
 70
0
  0
VERTEX
  5
185B
  8
CUT
 10
1630.2
 20
-1445.0
 30
0.0
 42
-0.41421356237309503
 70
0
  0
VERTEX
  5
185C
  8
CUT
 10
1627.0
 20
-1448.2
 30
0.0
 70
0
  0
VERTEX
  5
185D
  8
CUT
 10
1627.0
 20
-1453.0
 30
0.0
 70
0
  0
SEQEND
  5
182A
  8
CUT
  0
POLYLINE
  5
185E
  8
CUT
 66
1
 10
0.0
 20
0.0
 30
0.0
 70
1
  0
VERTEX
  5
1860
  8
CUT
 10
1873.0
 20
-989.0
 30
0.0
 70
0
  0
VERTEX
  5
1861
  8
CUT
 10
1873.0
 20
-984.2
 30
0.0
 42
-0.41421356237309503
 70
0
  0
VERTEX
  5
1862
  8
CUT
 10
1869.8
 20
-981.0
 30
0.0
 42
-0.41421356237309503
 70
0
  0
VERTEX
  5
1863
  8
CUT
 10
1873.0
 20
-977.8
 30
0.0
 42
-0.41421356237309503
 70
0
  0
VERTEX
  5
1864
  8
CUT
 10
1876.2
 20
-981.0
 30
0.0
 70
0
  0
VERTEX
  5
1865
  8
CUT
 10
1891.0
 20
-981.0
 30
0.0
 70
0
  0
VERTEX
  5
1866
  8
CUT
 10
1891.0
 20
-941.0
 30
0.0
 70
0
  0
VERTEX
  5
1867
  8
CUT
 10
1876.2
 20
-941.0
 30
0.0
 42
-0.41421356237309503
 70
0
  0
VERTEX
  5
1868
  8
CUT
 10
1873.0
 20
-944.2
 30
0.0
 42
-0.41421356237309503
 70
0
  0
VERTEX
  5
1869
  8
CUT
 10
1869.8
 20
-941.0
 30
0.0
 42
-0.41421356237309503
 70
0
  0
VERTEX
  5
186A
  8
CUT
 10
1873.0
 20
-937.8
 30
0.0
 70
0
  0
VERTEX
  5
186B
  8
CUT
 10
1873.0
 20
-905.1109691858271
 30
0.0
 70
0
  0
VERTEX
  5
186C
  8
CUT
 10
1864.642857142857
 20
-899.2972683049904
 30
0.0
 70
0
  0
VERTEX
  5
186D
  8
CUT
 10
1856.2857142857142
 20
-893.8861093875173
 30
0.0
 70
0
  0
VERTEX
  5
186E
  8
CUT
 10
1847.9285714285716
 20
-888.8774924334078
 30
0.0
 70
0
  0
VERTEX
  5
186F
  8
CUT
 10
1839.5714285714287
 20
-884.2714174426617
 30
0.0
 70
0
  0
VERTEX
  5
1870
  8
CUT
 10
1831.2142857142858
 20
-880.0678844152792
 30
0.0
 70
0
  0
VERTEX
  5
1871
  8
CUT
 10
1822.857142857143
 20
-876.2668933512603
 30
0.0
 70
0
  0
VERTEX
  5
1872
  8
CUT
 10
1814.5
 20
-872.8684442506049
 30
0.0
 70
0
  0
VERTEX
  5
1873
  8
CUT
 10
1806.142857142857
 20
-869.872537113313
 30
0.0
 70
0
  0
VERTEX
  5
1874
  8
CUT
 10
1797.7857142857142
 20
-867.2791719393847
 30
0.0
 70
0
  0
VERTEX
  5
1875
  8
CUT
 10
1789.4285714285716
 20
-865.0883487288198
 30
0.0
 70
0
  0
VERTEX
  5
1876
  8
CUT
 10
1781.0714285714287
 20
-863.3000674816185
 30
0.0
 70
0
  0
VERTEX
  5
1877
  8
CUT
 10
1772.7142857142858
 20
-861.9143281977808
 30
0.0
 70
0
  0
VERTEX
  5
1878
  8
CUT
 10
1764.357142857143
 20
-860.9311308773066
 30
0.0
 70
0
  0
VERTEX
  5
1879
  8
CUT
 10
1756.0
 20
-860.3504755201959
 30
0.0
 70
0
  0
VERTEX
  5
187A
  8
CUT
 10
1747.642857142857
 20
-860.1723621264489
 30
0.0
 70
0
  0
VERTEX
  5
187B
  8
CUT
 10
1739.2857142857142
 20
-860.3967906960652
 30
0.0
 70
0
  0
VERTEX
  5
187C
  8
CUT
 10
1730.9285714285713
 20
-861.0237612290451
 30
0.0
 70
0
  0
VERTEX
  5
187D
  8
CUT
 10
1722.5714285714287
 20
-862.0532737253886
 30
0.0
 70
0
  0
VERTEX
  5
187E
  8
CUT
 10
1714.2142857142858
 20
-863.4853281850957
 30
0.0
 70
0
  0
VERTEX
  5
187F
  8
CUT
 10
1705.857142857143
 20
-865.3199246081663
 30
0.0
 70
0
  0
VERTEX
  5
1880
  8
CUT
 10
1697.5
 20
-867.5570629946004
 30
0.0
 70
0
  0
VERTEX
  5
1881
  8
CUT
 10
1689.142857142857
 20
-870.196743344398
 30
0.0
 70
0
  0
VERTEX
  5
1882
  8
CUT
 10
1680.7857142857142
 20
-873.2389656575592
 30
0.0
 70
0
  0
VERTEX
  5
1883
  8
CUT
 10
1672.4285714285713
 20
-876.6837299340839
 30
0.0
 70
0
  0
VERTEX
  5
1884
  8
CUT
 10
1664.0714285714287
 20
-880.5310361739721
 30
0.0
 70
0
  0
VERTEX
  5
1885
  8
CUT
 10
1655.7142857142858
 20
-884.780884377224
 30
0.0
 70
0
  0
VERTEX
  5
1886
  8
CUT
 10
1647.357142857143
 20
-889.4332745438393
 30
0.0
 70
0
  0
VERTEX
  5
1887
  8
CUT
 10
1639.0
 20
-894.4882066738181
 30
0.0
 70
0
  0
VERTEX
  5
1888
  8
CUT
 10
1639.0
 20
-937.8
 30
0.0
 42
-0.41421356237309503
 70
0
  0
VERTEX
  5
1889
  8
CUT
 10
1642.2
 20
-941.0
 30
0.0
 42
-0.41421356237309503
 70
0
  0
VERTEX
  5
188A
  8
CUT
 10
1639.0
 20
-944.2
 30
0.0
 42
-0.41421356237309503
 70
0
  0
VERTEX
  5
188B
  8
CUT
 10
1635.8
 20
-941.0
 30
0.0
 70
0
  0
VERTEX
  5
188C
  8
CUT
 10
1621.0
 20
-941.0
 30
0.0
 70
0
  0
VERTEX
  5
188D
  8
CUT
 10
1621.0
 20
-981.0
 30
0.0
 70
0
  0
VERTEX
  5
188E
  8
CUT
 10
1635.8
 20
-981.0
 30
0.0
 42
-0.41421356237309503
 70
0
  0
VERTEX
  5
188F
  8
CUT
 10
1639.0
 20
-977.8
 30
0.0
 42
-0.41421356237309503
 70
0
  0
VERTEX
  5
1890
  8
CUT
 10
1642.2
 20
-981.0
 30
0.0
 42
-0.41421356237309503
 70
0
  0
VERTEX
  5
1891
  8
CUT
 10
1639.0
 20
-984.2
 30
0.0
 70
0
  0
VERTEX
  5
1892
  8
CUT
 10
1639.0
 20
-989.0
 30
0.0
 70
0
  0
SEQEND
  5
185F
  8
CUT
  0
POLYLINE
  5
1893
  8
CUT
 66
1
 10
0.0
 20
0.0
 30
0.0
 70
1
  0
VERTEX
  5
1895
  8
CUT
 10
1679.0
 20
-424.1723621264489
 30
0.0
 70
0
  0
VERTEX
  5
1896
  8
CUT
 10
1679.0
 20
-428.97236212644884
 30
0.0
 42
-0.41421356237309503
 70
0
  0
VERTEX
  5
1897
  8
CUT
 10
1682.2
 20
-432.1723621264489
 30
0.0
 42
-0.41421356237309503
 70
0
  0
VERTEX
  5
1898
  8
CUT
 10
1679.0
 20
-435.37236212644893
 30
0.0
 42
-0.41421356237309503
 70
0
  0
VERTEX
  5
1899
  8
CUT
 10
1675.8
 20
-432.1723621264489
 30
0.0
 70
0
  0
VERTEX
  5
189A
  8
CUT
 10
1661.0
 20
-432.1723621264489
 30
0.0
 70
0
  0
VERTEX
  5
189B
  8
CUT
 10
1661.0
 20
-472.1723621264488
 30
0.0
 70
0
  0
VERTEX
  5
189C
  8
CUT
 10
1675.8
 20
-472.1723621264488
 30
0.0
 42
-0.41421356237309503
 70
0
  0
VERTEX
  5
189D
  8
CUT
 10
1679.0
 20
-468.97236212644873
 30
0.0
 42
-0.41421356237309503
 70
0
  0
VERTEX
  5
189E
  8
CUT
 10
1682.2
 20
-472.1723621264488
 30
0.0
 42
-0.41421356237309503
 70
0
  0
VERTEX
  5
189F
  8
CUT
 10
1679.0
 20
-475.3723621264488
 30
0.0
 70
0
  0
VERTEX
  5
18A0
  8
CUT
 10
1679.0
 20
-508.06139294062166
 30
0.0
 70
0
  0
VERTEX
  5
18A1
  8
CUT
 10
1687.357142857143
 20
-513.8750938214583
 30
0.0
 70
0
  0
VERTEX
  5
18A2
  8
CUT
 10
1695.7142857142858
 20
-519.2862527389315
 30
0.0
 70
0
  0
VERTEX
  5
18A3
  8
CUT
 10
1704.0714285714284
 20
-524.2948696930409
 30
0.0
 70
0
  0
VERTEX
  5
18A4
  8
CUT
 10
1712.4285714285713
 20
-528.9009446837871
 30
0.0
 70
0
  0
VERTEX
  5
18A5
  8
CUT
 10
1720.7857142857142
 20
-533.1044777111696
 30
0.0
 70
0
  0
VERTEX
  5
18A6
  8
CUT
 10
1729.142857142857
 20
-536.9054687751885
 30
0.0
 70
0
  0
VERTEX
  5
18A7
  8
CUT
 10
1737.5
 20
-540.3039178758439
 30
0.0
 70
0
  0
VERTEX
  5
18A8
  8
CUT
 10
1745.857142857143
 20
-543.2998250131358
 30
0.0
 70
0
  0
VERTEX
  5
18A9
  8
CUT
 10
1754.2142857142858
 20
-545.8931901870642
 30
0.0
 70
0
  0
VERTEX
  5
18AA
  8
CUT
 10
1762.5714285714284
 20
-548.084013397629
 30
0.0
 70
0
  0
VERTEX
  5
18AB
  8
CUT
 10
1770.9285714285713
 20
-549.8722946448303
 30
0.0
 70
0
  0
VERTEX
  5
18AC
  8
CUT
 10
1779.2857142857142
 20
-551.258033928668
 30
0.0
 70
0
  0
VERTEX
  5
18AD
  8
CUT
 10
1787.642857142857
 20
-552.2412312491422
 30
0.0
 70
0
  0
VERTEX
  5
18AE
  8
CUT
 10
1796.0
 20
-552.8218866062529
 30
0.0
 70
0
  0
VERTEX
  5
18AF
  8
CUT
 10
1804.357142857143
 20
-553.0
 30
0.0
 70
0
  0
VERTEX
  5
18B0
  8
CUT
 10
1812.7142857142858
 20
-552.7755714303836
 30
0.0
 70
0
  0
VERTEX
  5
18B1
  8
CUT
 10
1821.0714285714284
 20
-552.1486008974036
 30
0.0
 70
0
  0
VERTEX
  5
18B2
  8
CUT
 10
1829.4285714285713
 20
-551.1190884010601
 30
0.0
 70
0
  0
VERTEX
  5
18B3
  8
CUT
 10
1837.7857142857142
 20
-549.6870339413531
 30
0.0
 70
0
  0
VERTEX
  5
18B4
  8
CUT
 10
1846.142857142857
 20
-547.8524375182826
 30
0.0
 70
0
  0
VERTEX
  5
18B5
  8
CUT
 10
1854.5
 20
-545.6152991318485
 30
0.0
 70
0
  0
VERTEX
  5
18B6
  8
CUT
 10
1862.857142857143
 20
-542.9756187820508
 30
0.0
 70
0
  0
VERTEX
  5
18B7
  8
CUT
 10
1871.2142857142858
 20
-539.9333964688897
 30
0.0
 70
0
  0
VERTEX
  5
18B8
  8
CUT
 10
1879.5714285714284
 20
-536.4886321923649
 30
0.0
 70
0
  0
VERTEX
  5
18B9
  8
CUT
 10
1887.9285714285713
 20
-532.6413259524767
 30
0.0
 70
0
  0
VERTEX
  5
18BA
  8
CUT
 10
1896.2857142857142
 20
-528.3914777492249
 30
0.0
 70
0
  0
VERTEX
  5
18BB
  8
CUT
 10
1904.642857142857
 20
-523.7390875826096
 30
0.0
 70
0
  0
VERTEX
  5
18BC
  8
CUT
 10
1913.0
 20
-518.6841554526306
 30
0.0
 70
0
  0
VERTEX
  5
18BD
  8
CUT
 10
1913.0
 20
-475.3723621264488
 30
0.0
 42
-0.41421356237309503
 70
0
  0
VERTEX
  5
18BE
  8
CUT
 10
1909.8
 20
-472.17236212644883
 30
0.0
 42
-0.41421356237309503
 70
0
  0
VERTEX
  5
18BF
  8
CUT
 10
1913.0
 20
-468.97236212644884
 30
0.0
 42
-0.41421356237309503
 70
0
  0
VERTEX
  5
18C0
  8
CUT
 10
1916.2
 20
-472.1723621264489
 30
0.0
 70
0
  0
VERTEX
  5
18C1
  8
CUT
 10
1931.0
 20
-472.1723621264489
 30
0.0
 70
0
  0
VERTEX
  5
18C2
  8
CUT
 10
1931.0
 20
-432.1723621264489
 30
0.0
 70
0
  0
VERTEX
  5
18C3
  8
CUT
 10
1916.2
 20
-432.1723621264489
 30
0.0
 42
-0.41421356237309503
 70
0
  0
VERTEX
  5
18C4
  8
CUT
 10
1913.0
 20
-435.37236212644893
 30
0.0
 42
-0.41421356237309503
 70
0
  0
VERTEX
  5
18C5
  8
CUT
 10
1909.8
 20
-432.1723621264489
 30
0.0
 42
-0.41421356237309503
 70
0
  0
VERTEX
  5
18C6
  8
CUT
 10
1913.0
 20
-428.97236212644884
 30
0.0
 70
0
  0
VERTEX
  5
18C7
  8
CUT
 10
1913.0
 20
-424.1723621264489
 30
0.0
 70
0
  0
SEQEND
  5
1894
  8
CUT
  0
POLYLINE
  5
18C8
  8
CUT
 66
1
 10
0.0
 20
0.0
 30
0.0
 70
1
  0
VERTEX
  5
18CA
  8
CUT
 10
1683.0
 20
-1156.1723621264487
 30
0.0
 70
0
  0
VERTEX
  5
18CB
  8
CUT
 10
1683.0
 20
-1160.9723621264488
 30
0.0
 42
-0.41421356237309503
 70
0
  0
VERTEX
  5
18CC
  8
CUT
 10
1686.1999999999996
 20
-1164.172362126449
 30
0.0
 42
-0.41421356237309503
 70
0
  0
VERTEX
  5
18CD
  8
CUT
 10
1682.9999999999995
 20
-1167.3723621264485
 30
0.0
 42
-0.41421356237309503
 70
0
  0
VERTEX
  5
18CE
  8
CUT
 10
1679.8
 20
-1164.1723621264487
 30
0.0
 70
0
  0
VERTEX
  5
18CF
  8
CUT
 10
1665.0
 20
-1164.1723621264487
 30
0.0
 70
0
  0
VERTEX
  5
18D0
  8
CUT
 10
1665.0
 20
-1204.1723621264487
 30
0.0
 70
0
  0
VERTEX
  5
18D1
  8
CUT
 10
1679.8
 20
-1204.1723621264487
 30
0.0
 42
-0.41421356237309503
 70
0
  0
VERTEX
  5
18D2
  8
CUT
 10
1683.0000000000002
 20
-1200.9723621264488
 30
0.0
 42
-0.41421356237309503
 70
0
  0
VERTEX
  5
18D3
  8
CUT
 10
1686.2
 20
-1204.1723621264491
 30
0.0
 42
-0.41421356237309503
 70
0
  0
VERTEX
  5
18D4
  8
CUT
 10
1683.0
 20
-1207.372362126449
 30
0.0
 70
0
  0
VERTEX
  5
18D5
  8
CUT
 10
1683.0
 20
-1240.0613929406215
 30
0.0
 70
0
  0
VERTEX
  5
18D6
  8
CUT
 10
1691.357142857143
 20
-1245.8750938214584
 30
0.0
 70
0
  0
VERTEX
  5
18D7
  8
CUT
 10
1699.7142857142858
 20
-1251.2862527389314
 30
0.0
 70
0
  0
VERTEX
  5
18D8
  8
CUT
 10
1708.0714285714284
 20
-1256.294869693041
 30
0.0
 70
0
  0
VERTEX
  5
18D9
  8
CUT
 10
1716.4285714285713
 20
-1260.9009446837872
 30
0.0
 70
0
  0
VERTEX
  5
18DA
  8
CUT
 10
1724.7857142857142
 20
-1265.1044777111697
 30
0.0
 70
0
  0
VERTEX
  5
18DB
  8
CUT
 10
1733.142857142857
 20
-1268.9054687751886
 30
0.0
 70
0
  0
VERTEX
  5
18DC
  8
CUT
 10
1741.5
 20
-1272.303917875844
 30
0.0
 70
0
  0
VERTEX
  5
18DD
  8
CUT
 10
1749.857142857143
 20
-1275.299825013136
 30
0.0
 70
0
  0
VERTEX
  5
18DE
  8
CUT
 10
1758.2142857142858
 20
-1277.8931901870642
 30
0.0
 70
0
  0
VERTEX
  5
18DF
  8
CUT
 10
1766.5714285714284
 20
-1280.084013397629
 30
0.0
 70
0
  0
VERTEX
  5
18E0
  8
CUT
 10
1774.9285714285713
 20
-1281.8722946448302
 30
0.0
 70
0
  0
VERTEX
  5
18E1
  8
CUT
 10
1783.2857142857142
 20
-1283.258033928668
 30
0.0
 70
0
  0
VERTEX
  5
18E2
  8
CUT
 10
1791.642857142857
 20
-1284.2412312491422
 30
0.0
 70
0
  0
VERTEX
  5
18E3
  8
CUT
 10
1800.0
 20
-1284.821886606253
 30
0.0
 70
0
  0
VERTEX
  5
18E4
  8
CUT
 10
1808.357142857143
 20
-1285.0
 30
0.0
 70
0
  0
VERTEX
  5
18E5
  8
CUT
 10
1816.7142857142858
 20
-1284.7755714303835
 30
0.0
 70
0
  0
VERTEX
  5
18E6
  8
CUT
 10
1825.0714285714284
 20
-1284.1486008974036
 30
0.0
 70
0
  0
VERTEX
  5
18E7
  8
CUT
 10
1833.4285714285713
 20
-1283.1190884010603
 30
0.0
 70
0
  0
VERTEX
  5
18E8
  8
CUT
 10
1841.7857142857142
 20
-1281.687033941353
 30
0.0
 70
0
  0
VERTEX
  5
18E9
  8
CUT
 10
1850.142857142857
 20
-1279.8524375182826
 30
0.0
 70
0
  0
VERTEX
  5
18EA
  8
CUT
 10
1858.5
 20
-1277.6152991318484
 30
0.0
 70
0
  0
VERTEX
  5
18EB
  8
CUT
 10
1866.857142857143
 20
-1274.9756187820508
 30
0.0
 70
0
  0
VERTEX
  5
18EC
  8
CUT
 10
1875.2142857142858
 20
-1271.9333964688897
 30
0.0
 70
0
  0
VERTEX
  5
18ED
  8
CUT
 10
1883.5714285714284
 20
-1268.488632192365
 30
0.0
 70
0
  0
VERTEX
  5
18EE
  8
CUT
 10
1891.9285714285713
 20
-1264.6413259524766
 30
0.0
 70
0
  0
VERTEX
  5
18EF
  8
CUT
 10
1900.2857142857142
 20
-1260.3914777492248
 30
0.0
 70
0
  0
VERTEX
  5
18F0
  8
CUT
 10
1908.642857142857
 20
-1255.7390875826095
 30
0.0
 70
0
  0
VERTEX
  5
18F1
  8
CUT
 10
1917.0
 20
-1250.6841554526306
 30
0.0
 70
0
  0
VERTEX
  5
18F2
  8
CUT
 10
1917.0
 20
-1207.372362126449
 30
0.0
 42
-0.41421356237309503
 70
0
  0
VERTEX
  5
18F3
  8
CUT
 10
1913.8
 20
-1204.172362126449
 30
0.0
 42
-0.41421356237309503
 70
0
  0
VERTEX
  5
18F4
  8
CUT
 10
1917.0
 20
-1200.9723621264488
 30
0.0
 42
-0.41421356237309503
 70
0
  0
VERTEX
  5
18F5
  8
CUT
 10
1920.2
 20
-1204.172362126449
 30
0.0
 70
0
  0
VERTEX
  5
18F6
  8
CUT
 10
1935.0
 20
-1204.172362126449
 30
0.0
 70
0
  0
VERTEX
  5
18F7
  8
CUT
 10
1935.0
 20
-1164.172362126449
 30
0.0
 70
0
  0
VERTEX
  5
18F8
  8
CUT
 10
1920.2
 20
-1164.172362126449
 30
0.0
 42
-0.41421356237309503
 70
0
  0
VERTEX
  5
18F9
  8
CUT
 10
1917.0
 20
-1167.372362126449
 30
0.0
 42
-0.41421356237309503
 70
0
  0
VERTEX
  5
18FA
  8
CUT
 10
1913.8
 20
-1164.172362126449
 30
0.0
 42
-0.41421356237309503
 70
0
  0
VERTEX
  5
18FB
  8
CUT
 10
1917.0
 20
-1160.9723621264488
 30
0.0
 70
0
  0
VERTEX
  5
18FC
  8
CUT
 10
1917.0
 20
-1156.172362126449
 30
0.0
 70
0
  0
SEQEND
  5
18C9
  8
CUT
  0
POLYLINE
  5
18FD
  8
CUT
 66
1
 10
0.0
 20
0.0
 30
0.0
 70
1
  0
VERTEX
  5
18FF
  8
CUT
 10
1933.0
 20
-845.0
 30
0.0
 70
0
  0
VERTEX
  5
1900
  8
CUT
 10
1933.0
 20
-840.2
 30
0.0
 42
-0.41421356237309503
 70
0
  0
VERTEX
  5
1901
  8
CUT
 10
1929.8
 20
-837.0
 30
0.0
 42
-0.41421356237309503
 70
0
  0
VERTEX
  5
1902
  8
CUT
 10
1933.0
 20
-833.8
 30
0.0
 42
-0.41421356237309503
 70
0
  0
VERTEX
  5
1903
  8
CUT
 10
1936.2
 20
-837.0
 30
0.0
 70
0
  0
VERTEX
  5
1904
  8
CUT
 10
1951.0
 20
-837.0
 30
0.0
 70
0
  0
VERTEX
  5
1905
  8
CUT
 10
1951.0
 20
-797.0
 30
0.0
 70
0
  0
VERTEX
  5
1906
  8
CUT
 10
1936.2
 20
-797.0
 30
0.0
 42
-0.41421356237309503
 70
0
  0
VERTEX
  5
1907
  8
CUT
 10
1933.0
 20
-800.2
 30
0.0
 42
-0.41421356237309503
 70
0
  0
VERTEX
  5
1908
  8
CUT
 10
1929.8
 20
-797.0
 30
0.0
 42
-0.41421356237309503
 70
0
  0
VERTEX
  5
1909
  8
CUT
 10
1933.0
 20
-793.8
 30
0.0
 70
0
  0
VERTEX
  5
190A
  8
CUT
 10
1933.0
 20
-761.1109691858271
 30
0.0
 70
0
  0
VERTEX
  5
190B
  8
CUT
 10
1924.642857142857
 20
-755.2972683049904
 30
0.0
 70
0
  0
VERTEX
  5
190C
  8
CUT
 10
1916.2857142857142
 20
-749.8861093875173
 30
0.0
 70
0
  0
VERTEX
  5
190D
  8
CUT
 10
1907.9285714285716
 20
-744.8774924334078
 30
0.0
 70
0
  0
VERTEX
  5
190E
  8
CUT
 10
1899.5714285714287
 20
-740.2714174426617
 30
0.0
 70
0
  0
VERTEX
  5
190F
  8
CUT
 10
1891.2142857142858
 20
-736.0678844152792
 30
0.0
 70
0
  0
VERTEX
  5
1910
  8
CUT
 10
1882.857142857143
 20
-732.2668933512603
 30
0.0
 70
0
  0
VERTEX
  5
1911
  8
CUT
 10
1874.5
 20
-728.8684442506049
 30
0.0
 70
0
  0
VERTEX
  5
1912
  8
CUT
 10
1866.142857142857
 20
-725.872537113313
 30
0.0
 70
0
  0
VERTEX
  5
1913
  8
CUT
 10
1857.7857142857142
 20
-723.2791719393847
 30
0.0
 70
0
  0
VERTEX
  5
1914
  8
CUT
 10
1849.4285714285716
 20
-721.0883487288198
 30
0.0
 70
0
  0
VERTEX
  5
1915
  8
CUT
 10
1841.0714285714287
 20
-719.3000674816185
 30
0.0
 70
0
  0
VERTEX
  5
1916
  8
CUT
 10
1832.7142857142858
 20
-717.9143281977808
 30
0.0
 70
0
  0
VERTEX
  5
1917
  8
CUT
 10
1824.357142857143
 20
-716.9311308773066
 30
0.0
 70
0
  0
VERTEX
  5
1918
  8
CUT
 10
1816.0
 20
-716.3504755201959
 30
0.0
 70
0
  0
VERTEX
  5
1919
  8
CUT
 10
1807.642857142857
 20
-716.1723621264489
 30
0.0
 70
0
  0
VERTEX
  5
191A
  8
CUT
 10
1799.2857142857142
 20
-716.3967906960652
 30
0.0
 70
0
  0
VERTEX
  5
191B
  8
CUT
 10
1790.9285714285713
 20
-717.0237612290451
 30
0.0
 70
0
  0
VERTEX
  5
191C
  8
CUT
 10
1782.5714285714287
 20
-718.0532737253886
 30
0.0
 70
0
  0
VERTEX
  5
191D
  8
CUT
 10
1774.2142857142858
 20
-719.4853281850957
 30
0.0
 70
0
  0
VERTEX
  5
191E
  8
CUT
 10
1765.857142857143
 20
-721.3199246081663
 30
0.0
 70
0
  0
VERTEX
  5
191F
  8
CUT
 10
1757.5
 20
-723.5570629946004
 30
0.0
 70
0
  0
VERTEX
  5
1920
  8
CUT
 10
1749.142857142857
 20
-726.196743344398
 30
0.0
 70
0
  0
VERTEX
  5
1921
  8
CUT
 10
1740.7857142857142
 20
-729.2389656575592
 30
0.0
 70
0
  0
VERTEX
  5
1922
  8
CUT
 10
1732.4285714285713
 20
-732.6837299340839
 30
0.0
 70
0
  0
VERTEX
  5
1923
  8
CUT
 10
1724.0714285714287
 20
-736.5310361739721
 30
0.0
 70
0
  0
VERTEX
  5
1924
  8
CUT
 10
1715.7142857142858
 20
-740.780884377224
 30
0.0
 70
0
  0
VERTEX
  5
1925
  8
CUT
 10
1707.357142857143
 20
-745.4332745438393
 30
0.0
 70
0
  0
VERTEX
  5
1926
  8
CUT
 10
1699.0
 20
-750.4882066738181
 30
0.0
 70
0
  0
VERTEX
  5
1927
  8
CUT
 10
1699.0
 20
-793.8
 30
0.0
 42
-0.41421356237309503
 70
0
  0
VERTEX
  5
1928
  8
CUT
 10
1702.2
 20
-797.0
 30
0.0
 42
-0.41421356237309503
 70
0
  0
VERTEX
  5
1929
  8
CUT
 10
1699.0
 20
-800.2
 30
0.0
 42
-0.41421356237309503
 70
0
  0
VERTEX
  5
192A
  8
CUT
 10
1695.8
 20
-797.0
 30
0.0
 70
0
  0
VERTEX
  5
192B
  8
CUT
 10
1681.0
 20
-797.0
 30
0.0
 70
0
  0
VERTEX
  5
192C
  8
CUT
 10
1681.0
 20
-837.0
 30
0.0
 70
0
  0
VERTEX
  5
192D
  8
CUT
 10
1695.8
 20
-837.0
 30
0.0
 42
-0.41421356237309503
 70
0
  0
VERTEX
  5
192E
  8
CUT
 10
1699.0
 20
-833.8
 30
0.0
 42
-0.41421356237309503
 70
0
  0
VERTEX
  5
192F
  8
CUT
 10
1702.2
 20
-837.0
 30
0.0
 42
-0.41421356237309503
 70
0
  0
VERTEX
  5
1930
  8
CUT
 10
1699.0
 20
-840.1999999999999
 30
0.0
 70
0
  0
VERTEX
  5
1931
  8
CUT
 10
1699.0
 20
-845.0
 30
0.0
 70
0
  0
SEQEND
  5
18FE
  8
CUT
  0
POLYLINE
  5
1932
  8
CUT
 66
1
 10
0.0
 20
0.0
 30
0.0
 70
1
  0
VERTEX
  5
1934
  8
CUT
 10
1711.0
 20
-572.1723621264488
 30
0.0
 70
0
  0
VERTEX
  5
1935
  8
CUT
 10
1711.0
 20
-576.9723621264488
 30
0.0
 42
-0.41421356237309503
 70
0
  0
VERTEX
  5
1936
  8
CUT
 10
1714.2
 20
-580.1723621264489
 30
0.0
 42
-0.41421356237309503
 70
0
  0
VERTEX
  5
1937
  8
CUT
 10
1711.0
 20
-583.3723621264489
 30
0.0
 42
-0.41421356237309503
 70
0
  0
VERTEX
  5
1938
  8
CUT
 10
1707.8
 20
-580.1723621264488
 30
0.0
 70
0
  0
VERTEX
  5
1939
  8
CUT
 10
1693.0
 20
-580.1723621264488
 30
0.0
 70
0
  0
VERTEX
  5
193A
  8
CUT
 10
1693.0
 20
-620.1723621264488
 30
0.0
 70
0
  0
VERTEX
  5
193B
  8
CUT
 10
1707.8
 20
-620.1723621264488
 30
0.0
 42
-0.41421356237309503
 70
0
  0
VERTEX
  5
193C
  8
CUT
 10
1711.0
 20
-616.9723621264487
 30
0.0
 42
-0.41421356237309503
 70
0
  0
VERTEX
  5
193D
  8
CUT
 10
1714.2
 20
-620.1723621264488
 30
0.0
 42
-0.41421356237309503
 70
0
  0
VERTEX
  5
193E
  8
CUT
 10
1711.0
 20
-623.3723621264488
 30
0.0
 70
0
  0
VERTEX
  5
193F
  8
CUT
 10
1711.0
 20
-656.0613929406217
 30
0.0
 70
0
  0
VERTEX
  5
1940
  8
CUT
 10
1719.357142857143
 20
-661.8750938214583
 30
0.0
 70
0
  0
VERTEX
  5
1941
  8
CUT
 10
1727.7142857142858
 20
-667.2862527389315
 30
0.0
 70
0
  0
VERTEX
  5
1942
  8
CUT
 10
1736.0714285714284
 20
-672.2948696930409
 30
0.0
 70
0
  0
VERTEX
  5
1943
  8
CUT
 10
1744.4285714285713
 20
-676.9009446837871
 30
0.0
 70
0
  0
VERTEX
  5
1944
  8
CUT
 10
1752.7857142857142
 20
-681.1044777111696
 30
0.0
 70
0
  0
VERTEX
  5
1945
  8
CUT
 10
1761.142857142857
 20
-684.9054687751885
 30
0.0
 70
0
  0
VERTEX
  5
1946
  8
CUT
 10
1769.5
 20
-688.3039178758439
 30
0.0
 70
0
  0
VERTEX
  5
1947
  8
CUT
 10
1777.857142857143
 20
-691.2998250131358
 30
0.0
 70
0
  0
VERTEX
  5
1948
  8
CUT
 10
1786.2142857142858
 20
-693.8931901870642
 30
0.0
 70
0
  0
VERTEX
  5
1949
  8
CUT
 10
1794.5714285714284
 20
-696.084013397629
 30
0.0
 70
0
  0
VERTEX
  5
194A
  8
CUT
 10
1802.9285714285713
 20
-697.8722946448303
 30
0.0
 70
0
  0
VERTEX
  5
194B
  8
CUT
 10
1811.2857142857142
 20
-699.258033928668
 30
0.0
 70
0
  0
VERTEX
  5
194C
  8
CUT
 10
1819.642857142857
 20
-700.2412312491422
 30
0.0
 70
0
  0
VERTEX
  5
194D
  8
CUT
 10
1828.0
 20
-700.8218866062529
 30
0.0
 70
0
  0
VERTEX
  5
194E
  8
CUT
 10
1836.357142857143
 20
-701.0
 30
0.0
 70
0
  0
VERTEX
  5
194F
  8
CUT
 10
1844.7142857142858
 20
-700.7755714303836
 30
0.0
 70
0
  0
VERTEX
  5
1950
  8
CUT
 10
1853.0714285714284
 20
-700.1486008974036
 30
0.0
 70
0
  0
VERTEX
  5
1951
  8
CUT
 10
1861.4285714285713
 20
-699.1190884010601
 30
0.0
 70
0
  0
VERTEX
  5
1952
  8
CUT
 10
1869.7857142857142
 20
-697.6870339413531
 30
0.0
 70
0
  0
VERTEX
  5
1953
  8
CUT
 10
1878.142857142857
 20
-695.8524375182826
 30
0.0
 70
0
  0
VERTEX
  5
1954
  8
CUT
 10
1886.5
 20
-693.6152991318485
 30
0.0
 70
0
  0
VERTEX
  5
1955
  8
CUT
 10
1894.857142857143
 20
-690.9756187820508
 30
0.0
 70
0
  0
VERTEX
  5
1956
  8
CUT
 10
1903.2142857142858
 20
-687.9333964688897
 30
0.0
 70
0
  0
VERTEX
  5
1957
  8
CUT
 10
1911.5714285714284
 20
-684.4886321923649
 30
0.0
 70
0
  0
VERTEX
  5
1958
  8
CUT
 10
1919.9285714285713
 20
-680.6413259524767
 30
0.0
 70
0
  0
VERTEX
  5
1959
  8
CUT
 10
1928.2857142857142
 20
-676.3914777492249
 30
0.0
 70
0
  0
VERTEX
  5
195A
  8
CUT
 10
1936.642857142857
 20
-671.7390875826096
 30
0.0
 70
0
  0
VERTEX
  5
195B
  8
CUT
 10
1945.0
 20
-666.6841554526306
 30
0.0
 70
0
  0
VERTEX
  5
195C
  8
CUT
 10
1945.0
 20
-623.3723621264488
 30
0.0
 42
-0.41421356237309503
 70
0
  0
VERTEX
  5
195D
  8
CUT
 10
1941.8
 20
-620.1723621264489
 30
0.0
 42
-0.41421356237309503
 70
0
  0
VERTEX
  5
195E
  8
CUT
 10
1945.0
 20
-616.9723621264488
 30
0.0
 42
-0.41421356237309503
 70
0
  0
VERTEX
  5
195F
  8
CUT
 10
1948.2
 20
-620.1723621264489
 30
0.0
 70
0
  0
VERTEX
  5
1960
  8
CUT
 10
1963.0
 20
-620.1723621264489
 30
0.0
 70
0
  0
VERTEX
  5
1961
  8
CUT
 10
1963.0
 20
-580.1723621264489
 30
0.0
 70
0
  0
VERTEX
  5
1962
  8
CUT
 10
1948.2
 20
-580.1723621264489
 30
0.0
 42
-0.41421356237309503
 70
0
  0
VERTEX
  5
1963
  8
CUT
 10
1945.0
 20
-583.3723621264489
 30
0.0
 42
-0.41421356237309503
 70
0
  0
VERTEX
  5
1964
  8
CUT
 10
1941.8
 20
-580.1723621264489
 30
0.0
 42
-0.41421356237309503
 70
0
  0
VERTEX
  5
1965
  8
CUT
 10
1945.0
 20
-576.9723621264488
 30
0.0
 70
0
  0
VERTEX
  5
1966
  8
CUT
 10
1945.0
 20
-572.1723621264489
 30
0.0
 70
0
  0
SEQEND
  5
1933
  8
CUT
  0
POLYLINE
  5
1967
  8
CUT
 66
1
 10
0.0
 20
0.0
 30
0.0
 70
1
  0
VERTEX
  5
1969
  8
CUT
 10
2041.0
 20
-1141.0
 30
0.0
 70
0
  0
VERTEX
  5
196A
  8
CUT
 10
2041.0
 20
-1136.2
 30
0.0
 42
-0.41421356237309503
 70
0
  0
VERTEX
  5
196B
  8
CUT
 10
2037.8
 20
-1133.0
 30
0.0
 42
-0.41421356237309503
 70
0
  0
VERTEX
  5
196C
  8
CUT
 10
2041.0
 20
-1129.8
 30
0.0
 42
-0.41421356237309503
 70
0
  0
VERTEX
  5
196D
  8
CUT
 10
2044.2
 20
-1133.0
 30
0.0
 70
0
  0
VERTEX
  5
196E
  8
CUT
 10
2059.0
 20
-1133.0
 30
0.0
 70
0
  0
VERTEX
  5
196F
  8
CUT
 10
2059.0
 20
-1093.0
 30
0.0
 70
0
  0
VERTEX
  5
1970
  8
CUT
 10
2044.2
 20
-1093.0
 30
0.0
 42
-0.41421356237309503
 70
0
  0
VERTEX
  5
1971
  8
CUT
 10
2041.0
 20
-1096.2
 30
0.0
 42
-0.41421356237309503
 70
0
  0
VERTEX
  5
1972
  8
CUT
 10
2037.8
 20
-1093.0
 30
0.0
 42
-0.41421356237309503
 70
0
  0
VERTEX
  5
1973
  8
CUT
 10
2041.0
 20
-1089.8
 30
0.0
 70
0
  0
VERTEX
  5
1974
  8
CUT
 10
2041.0
 20
-1057.1109691858271
 30
0.0
 70
0
  0
VERTEX
  5
1975
  8
CUT
 10
2032.642857142857
 20
-1051.2972683049904
 30
0.0
 70
0
  0
VERTEX
  5
1976
  8
CUT
 10
2024.2857142857142
 20
-1045.8861093875173
 30
0.0
 70
0
  0
VERTEX
  5
1977
  8
CUT
 10
2015.9285714285716
 20
-1040.877492433408
 30
0.0
 70
0
  0
VERTEX
  5
1978
  8
CUT
 10
2007.5714285714287
 20
-1036.2714174426617
 30
0.0
 70
0
  0
VERTEX
  5
1979
  8
CUT
 10
1999.2142857142858
 20
-1032.0678844152792
 30
0.0
 70
0
  0
VERTEX
  5
197A
  8
CUT
 10
1990.857142857143
 20
-1028.2668933512603
 30
0.0
 70
0
  0
VERTEX
  5
197B
  8
CUT
 10
1982.5
 20
-1024.8684442506049
 30
0.0
 70
0
  0
VERTEX
  5
197C
  8
CUT
 10
1974.142857142857
 20
-1021.872537113313
 30
0.0
 70
0
  0
VERTEX
  5
197D
  8
CUT
 10
1965.7857142857142
 20
-1019.2791719393847
 30
0.0
 70
0
  0
VERTEX
  5
197E
  8
CUT
 10
1957.4285714285716
 20
-1017.0883487288198
 30
0.0
 70
0
  0
VERTEX
  5
197F
  8
CUT
 10
1949.0714285714287
 20
-1015.3000674816185
 30
0.0
 70
0
  0
VERTEX
  5
1980
  8
CUT
 10
1940.7142857142858
 20
-1013.9143281977808
 30
0.0
 70
0
  0
VERTEX
  5
1981
  8
CUT
 10
1932.357142857143
 20
-1012.9311308773066
 30
0.0
 70
0
  0
VERTEX
  5
1982
  8
CUT
 10
1924.0
 20
-1012.3504755201959
 30
0.0
 70
0
  0
VERTEX
  5
1983
  8
CUT
 10
1915.642857142857
 20
-1012.1723621264489
 30
0.0
 70
0
  0
VERTEX
  5
1984
  8
CUT
 10
1907.2857142857142
 20
-1012.3967906960652
 30
0.0
 70
0
  0
VERTEX
  5
1985
  8
CUT
 10
1898.9285714285713
 20
-1013.0237612290452
 30
0.0
 70
0
  0
VERTEX
  5
1986
  8
CUT
 10
1890.5714285714287
 20
-1014.0532737253886
 30
0.0
 70
0
  0
VERTEX
  5
1987
  8
CUT
 10
1882.2142857142858
 20
-1015.4853281850957
 30
0.0
 70
0
  0
VERTEX
  5
1988
  8
CUT
 10
1873.857142857143
 20
-1017.3199246081663
 30
0.0
 70
0
  0
VERTEX
  5
1989
  8
CUT
 10
1865.5
 20
-1019.5570629946004
 30
0.0
 70
0
  0
VERTEX
  5
198A
  8
CUT
 10
1857.142857142857
 20
-1022.1967433443981
 30
0.0
 70
0
  0
VERTEX
  5
198B
  8
CUT
 10
1848.7857142857142
 20
-1025.2389656575592
 30
0.0
 70
0
  0
VERTEX
  5
198C
  8
CUT
 10
1840.4285714285713
 20
-1028.6837299340839
 30
0.0
 70
0
  0
VERTEX
  5
198D
  8
CUT
 10
1832.0714285714287
 20
-1032.531036173972
 30
0.0
 70
0
  0
VERTEX
  5
198E
  8
CUT
 10
1823.7142857142858
 20
-1036.780884377224
 30
0.0
 70
0
  0
VERTEX
  5
198F
  8
CUT
 10
1815.357142857143
 20
-1041.4332745438392
 30
0.0
 70
0
  0
VERTEX
  5
1990
  8
CUT
 10
1807.0
 20
-1046.4882066738182
 30
0.0
 70
0
  0
VERTEX
  5
1991
  8
CUT
 10
1807.0
 20
-1089.8
 30
0.0
 42
-0.41421356237309503
 70
0
  0
VERTEX
  5
1992
  8
CUT
 10
1810.2
 20
-1093.0
 30
0.0
 42
-0.41421356237309503
 70
0
  0
VERTEX
  5
1993
  8
CUT
 10
1807.0
 20
-1096.2
 30
0.0
 42
-0.41421356237309503
 70
0
  0
VERTEX
  5
1994
  8
CUT
 10
1803.8
 20
-1093.0
 30
0.0
 70
0
  0
VERTEX
  5
1995
  8
CUT
 10
1789.0
 20
-1093.0
 30
0.0
 70
0
  0
VERTEX
  5
1996
  8
CUT
 10
1789.0
 20
-1133.0
 30
0.0
 70
0
  0
VERTEX
  5
1997
  8
CUT
 10
1803.8
 20
-1133.0
 30
0.0
 42
-0.41421356237309503
 70
0
  0
VERTEX
  5
1998
  8
CUT
 10
1807.0
 20
-1129.8
 30
0.0
 42
-0.41421356237309503
 70
0
  0
VERTEX
  5
1999
  8
CUT
 10
1810.2
 20
-1133.0
 30
0.0
 42
-0.41421356237309503
 70
0
  0
VERTEX
  5
199A
  8
CUT
 10
1807.0
 20
-1136.2
 30
0.0
 70
0
  0
VERTEX
  5
199B
  8
CUT
 10
1807.0
 20
-1141.0
 30
0.0
 70
0
  0
SEQEND
  5
1968
  8
CUT
  0
POLYLINE
  5
199C
  8
CUT
 66
1
 10
0.0
 20
0.0
 30
0.0
 70
1
  0
VERTEX
  5
199E
  8
CUT
 10
2063.0
 20
-1453.0
 30
0.0
 70
0
  0
VERTEX
  5
199F
  8
CUT
 10
2063.0
 20
-1348.2
 30
0.0
 42
-0.41421356237309503
 70
0
  0
VERTEX
  5
19A0
  8
CUT
 10
2059.8
 20
-1345.0000000000002
 30
0.0
 42
-0.41421356237309503
 70
0
  0
VERTEX
  5
19A1
  8
CUT
 10
2063.0
 20
-1341.8000000000004
 30
0.0
 42
-0.41421356237309503
 70
0
  0
VERTEX
  5
19A2
  8
CUT
 10
2066.2
 20
-1345.0
 30
0.0
 70
0
  0
VERTEX
  5
19A3
  8
CUT
 10
2081.0
 20
-1345.0
 30
0.0
 70
0
  0
VERTEX
  5
19A4
  8
CUT
 10
2081.0
 20
-1305.0
 30
0.0
 70
0
  0
VERTEX
  5
19A5
  8
CUT
 10
2066.2
 20
-1305.0
 30
0.0
 42
-0.41421356237309503
 70
0
  0
VERTEX
  5
19A6
  8
CUT
 10
2063.0
 20
-1308.1999999999996
 30
0.0
 42
-0.41421356237309503
 70
0
  0
VERTEX
  5
19A7
  8
CUT
 10
2059.8
 20
-1304.9999999999995
 30
0.0
 42
-0.41421356237309503
 70
0
  0
VERTEX
  5
19A8
  8
CUT
 10
2063.0
 20
-1301.8
 30
0.0
 70
0
  0
VERTEX
  5
19A9
  8
CUT
 10
2063.0
 20
-1283.0
 30
0.0
 70
0
  0
VERTEX
  5
19AA
  8
CUT
 10
1933.0
 20
-1283.0
 30
0.0
 70
0
  0
VERTEX
  5
19AB
  8
CUT
 10
1933.0
 20
-1289.8
 30
0.0
 42
-0.41421356237309503
 70
0
  0
VERTEX
  5
19AC
  8
CUT
 10
1936.2
 20
-1293.0
 30
0.0
 42
-0.41421356237309503
 70
0
  0
VERTEX
  5
19AD
  8
CUT
 10
1933.0
 20
-1296.2
 30
0.0
 42
-0.41421356237309503
 70
0
  0
VERTEX
  5
19AE
  8
CUT
 10
1929.8
 20
-1293.0
 30
0.0
 70
0
  0
VERTEX
  5
19AF
  8
CUT
 10
1923.0
 20
-1293.0
 30
0.0
 70
0
  0
VERTEX
  5
19B0
  8
CUT
 10
1893.0
 20
-1323.0
 30
0.0
 70
0
  0
VERTEX
  5
19B1
  8
CUT
 10
1893.0
 20
-1443.0
 30
0.0
 70
0
  0
VERTEX
  5
19B2
  8
CUT
 10
1929.8
 20
-1443.0
 30
0.0
 42
-0.41421356237309503
 70
0
  0
VERTEX
  5
19B3
  8
CUT
 10
1933.0
 20
-1439.8
 30
0.0
 42
-0.41421356237309503
 70
0
  0
VERTEX
  5
19B4
  8
CUT
 10
1936.2
 20
-1443.0
 30
0.0
 42
-0.41421356237309503
 70
0
  0
VERTEX
  5
19B5
  8
CUT
 10
1933.0
 20
-1446.2
 30
0.0
 70
0
  0
VERTEX
  5
19B6
  8
CUT
 10
1933.0
 20
-1453.0
 30
0.0
 70
0
  0
SEQEND
  5
199D
  8
CUT
  0
POLYLINE
  5
19B7
  8
CUT
 66
1
 10
0.0
 20
0.0
 30
0.0
 70
1
  0
VERTEX
  5
19B9
  8
CUT
 10
1947.0
 20
-387.0
 30
0.0
 70
0
  0
VERTEX
  5
19BA
  8
CUT
 10
1947.0
 20
-491.79999999999995
 30
0.0
 42
-0.41421356237309503
 70
0
  0
VERTEX
  5
19BB
  8
CUT
 10
1950.2
 20
-495.0
 30
0.0
 42
-0.41421356237309503
 70
0
  0
VERTEX
  5
19BC
  8
CUT
 10
1947.0
 20
-498.20000000000005
 30
0.0
 42
-0.41421356237309503
 70
0
  0
VERTEX
  5
19BD
  8
CUT
 10
1943.8
 20
-495.0
 30
0.0
 70
0
  0
VERTEX
  5
19BE
  8
CUT
 10
1929.0
 20
-495.0
 30
0.0
 70
0
  0
VERTEX
  5
19BF
  8
CUT
 10
1929.0
 20
-535.0
 30
0.0
 70
0
  0
VERTEX
  5
19C0
  8
CUT
 10
1943.8
 20
-535.0
 30
0.0
 42
-0.41421356237309503
 70
0
  0
VERTEX
  5
19C1
  8
CUT
 10
1947.0
 20
-531.8
 30
0.0
 42
-0.41421356237309503
 70
0
  0
VERTEX
  5
19C2
  8
CUT
 10
1950.2
 20
-535.0
 30
0.0
 42
-0.41421356237309503
 70
0
  0
VERTEX
  5
19C3
  8
CUT
 10
1947.0
 20
-538.1999999999999
 30
0.0
 70
0
  0
VERTEX
  5
19C4
  8
CUT
 10
1947.0
 20
-557.0
 30
0.0
 70
0
  0
VERTEX
  5
19C5
  8
CUT
 10
2077.0
 20
-557.0
 30
0.0
 70
0
  0
VERTEX
  5
19C6
  8
CUT
 10
2077.0
 20
-550.2
 30
0.0
 42
-0.41421356237309503
 70
0
  0
VERTEX
  5
19C7
  8
CUT
 10
2073.8
 20
-547.0000000000001
 30
0.0
 42
-0.41421356237309503
 70
0
  0
VERTEX
  5
19C8
  8
CUT
 10
2077.0
 20
-543.8000000000002
 30
0.0
 42
-0.41421356237309503
 70
0
  0
VERTEX
  5
19C9
  8
CUT
 10
2080.2
 20
-547.0
 30
0.0
 70
0
  0
VERTEX
  5
19CA
  8
CUT
 10
2087.0
 20
-547.0
 30
0.0
 70
0
  0
VERTEX
  5
19CB
  8
CUT
 10
2117.0
 20
-517.0
 30
0.0
 70
0
  0
VERTEX
  5
19CC
  8
CUT
 10
2117.0
 20
-397.0
 30
0.0
 70
0
  0
VERTEX
  5
19CD
  8
CUT
 10
2080.2
 20
-397.0
 30
0.0
 42
-0.41421356237309503
 70
0
  0
VERTEX
  5
19CE
  8
CUT
 10
2077.0
 20
-400.1999999999998
 30
0.0
 42
-0.41421356237309503
 70
0
  0
VERTEX
  5
19CF
  8
CUT
 10
2073.8
 20
-396.9999999999998
 30
0.0
 42
-0.41421356237309503
 70
0
  0
VERTEX
  5
19D0
  8
CUT
 10
2077.0
 20
-393.79999999999995
 30
0.0
 70
0
  0
VERTEX
  5
19D1
  8
CUT
 10
2077.0
 20
-387.0
 30
0.0
 70
0
  0
SEQEND
  5
19B8
  8
CUT
  0
POLYLINE
  5
19D2
  8
CUT
 66
1
 10
0.0
 20
0.0
 30
0.0
 70
1
  0
VERTEX
  5
19D4
  8
CUT
 10
1907.0
 20
-879.1570860997912
 30
0.0
 70
0
  0
VERTEX
  5
19D5
  8
CUT
 10
1907.0
 20
-883.9570860997911
 30
0.0
 42
-0.41421356237309503
 70
0
  0
VERTEX
  5
19D6
  8
CUT
 10
1910.2
 20
-887.1570860997912
 30
0.0
 42
-0.41421356237309503
 70
0
  0
VERTEX
  5
19D7
  8
CUT
 10
1907.0
 20
-890.3570860997912
 30
0.0
 42
-0.41421356237309503
 70
0
  0
VERTEX
  5
19D8
  8
CUT
 10
1903.8
 20
-887.1570860997912
 30
0.0
 70
0
  0
VERTEX
  5
19D9
  8
CUT
 10
1889.0
 20
-887.1570860997912
 30
0.0
 70
0
  0
VERTEX
  5
19DA
  8
CUT
 10
1889.0
 20
-927.1570860997912
 30
0.0
 70
0
  0
VERTEX
  5
19DB
  8
CUT
 10
1903.8
 20
-927.1570860997912
 30
0.0
 42
-0.41421356237309503
 70
0
  0
VERTEX
  5
19DC
  8
CUT
 10
1907.0
 20
-923.9570860997912
 30
0.0
 42
-0.41421356237309503
 70
0
  0
VERTEX
  5
19DD
  8
CUT
 10
1910.2
 20
-927.1570860997912
 30
0.0
 42
-0.41421356237309503
 70
0
  0
VERTEX
  5
19DE
  8
CUT
 10
1907.0
 20
-930.3570860997911
 30
0.0
 70
0
  0
VERTEX
  5
19DF
  8
CUT
 10
1907.0
 20
-962.3414324368027
 30
0.0
 70
0
  0
VERTEX
  5
19E0
  8
CUT
 10
1915.357142857143
 20
-967.8601649486873
 30
0.0
 70
0
  0
VERTEX
  5
19E1
  8
CUT
 10
1923.7142857142858
 20
-972.9967791737614
 30
0.0
 70
0
  0
VERTEX
  5
19E2
  8
CUT
 10
1932.0714285714284
 20
-977.7512751120255
 30
0.0
 70
0
  0
VERTEX
  5
19E3
  8
CUT
 10
1940.4285714285713
 20
-982.1236527634794
 30
0.0
 70
0
  0
VERTEX
  5
19E4
  8
CUT
 10
1948.7857142857142
 20
-986.113912128123
 30
0.0
 70
0
  0
VERTEX
  5
19E5
  8
CUT
 10
1957.142857142857
 20
-989.7220532059565
 30
0.0
 70
0
  0
VERTEX
  5
19E6
  8
CUT
 10
1965.5
 20
-992.9480759969799
 30
0.0
 70
0
  0
VERTEX
  5
19E7
  8
CUT
 10
1973.857142857143
 20
-995.7919805011929
 30
0.0
 70
0
  0
VERTEX
  5
19E8
  8
CUT
 10
1982.2142857142858
 20
-998.2537667185959
 30
0.0
 70
0
  0
VERTEX
  5
19E9
  8
CUT
 10
1990.5714285714284
 20
-1000.3334346491888
 30
0.0
 70
0
  0
VERTEX
  5
19EA
  8
CUT
 10
1998.9285714285713
 20
-1002.0309842929714
 30
0.0
 70
0
  0
VERTEX
  5
19EB
  8
CUT
 10
2007.2857142857142
 20
-1003.3464156499438
 30
0.0
 70
0
  0
VERTEX
  5
19EC
  8
CUT
 10
2015.642857142857
 20
-1004.279728720106
 30
0.0
 70
0
  0
VERTEX
  5
19ED
  8
CUT
 10
2024.0
 20
-1004.830923503458
 30
0.0
 70
0
  0
VERTEX
  5
19EE
  8
CUT
 10
2032.357142857143
 20
-1005.0
 30
0.0
 70
0
  0
VERTEX
  5
19EF
  8
CUT
 10
2040.7142857142858
 20
-1004.7869582097317
 30
0.0
 70
0
  0
VERTEX
  5
19F0
  8
CUT
 10
2049.0714285714284
 20
-1004.1917981326533
 30
0.0
 70
0
  0
VERTEX
  5
19F1
  8
CUT
 10
2057.4285714285716
 20
-1003.2145197687646
 30
0.0
 70
0
  0
VERTEX
  5
19F2
  8
CUT
 10
2065.785714285714
 20
-1001.8551231180656
 30
0.0
 70
0
  0
VERTEX
  5
19F3
  8
CUT
 10
2074.142857142857
 20
-1000.1136081805566
 30
0.0
 70
0
  0
VERTEX
  5
19F4
  8
CUT
 10
2082.5
 20
-997.9899749562375
 30
0.0
 70
0
  0
VERTEX
  5
19F5
  8
CUT
 10
2090.8571428571427
 20
-995.4842234451081
 30
0.0
 70
0
  0
VERTEX
  5
19F6
  8
CUT
 10
2099.214285714286
 20
-992.5963536471686
 30
0.0
 70
0
  0
VERTEX
  5
19F7
  8
CUT
 10
2107.5714285714284
 20
-989.3263655624188
 30
0.0
 70
0
  0
VERTEX
  5
19F8
  8
CUT
 10
2115.9285714285716
 20
-985.674259190859
 30
0.0
 70
0
  0
VERTEX
  5
19F9
  8
CUT
 10
2124.285714285714
 20
-981.6400345324888
 30
0.0
 70
0
  0
VERTEX
  5
19FA
  8
CUT
 10
2132.642857142857
 20
-977.2236915873085
 30
0.0
 70
0
  0
VERTEX
  5
19FB
  8
CUT
 10
2141.0
 20
-972.425230355318
 30
0.0
 70
0
  0
VERTEX
  5
19FC
  8
CUT
 10
2141.0
 20
-930.3570860997912
 30
0.0
 42
-0.41421356237309503
 70
0
  0
VERTEX
  5
19FD
  8
CUT
 10
2137.8
 20
-927.1570860997913
 30
0.0
 42
-0.41421356237309503
 70
0
  0
VERTEX
  5
19FE
  8
CUT
 10
2141.0
 20
-923.9570860997914
 30
0.0
 42
-0.41421356237309503
 70
0
  0
VERTEX
  5
19FF
  8
CUT
 10
2144.2
 20
-927.1570860997912
 30
0.0
 70
0
  0
VERTEX
  5
1A00
  8
CUT
 10
2159.0
 20
-927.1570860997912
 30
0.0
 70
0
  0
VERTEX
  5
1A01
  8
CUT
 10
2159.0
 20
-887.1570860997912
 30
0.0
 70
0
  0
VERTEX
  5
1A02
  8
CUT
 10
2144.2
 20
-887.1570860997912
 30
0.0
 42
-0.41421356237309503
 70
0
  0
VERTEX
  5
1A03
  8
CUT
 10
2141.0
 20
-890.3570860997909
 30
0.0
 42
-0.41421356237309503
 70
0
  0
VERTEX
  5
1A04
  8
CUT
 10
2137.8
 20
-887.157086099791
 30
0.0
 42
-0.41421356237309503
 70
0
  0
VERTEX
  5
1A05
  8
CUT
 10
2141.0
 20
-883.9570860997912
 30
0.0
 70
0
  0
VERTEX
  5
1A06
  8
CUT
 10
2141.0
 20
-879.1570860997912
 30
0.0
 70
0
  0
SEQEND
  5
19D3
  8
CUT
  0
POLYLINE
  5
1A07
  8
CUT
 66
1
 10
0.0
 20
0.0
 30
0.0
 70
1
  0
VERTEX
  5
1A09
  8
CUT
 10
1947.0
 20
-691.1570860997912
 30
0.0
 70
0
  0
VERTEX
  5
1A0A
  8
CUT
 10
1947.0
 20
-695.9570860997911
 30
0.0
 42
-0.41421356237309503
 70
0
  0
VERTEX
  5
1A0B
  8
CUT
 10
1950.2
 20
-699.1570860997912
 30
0.0
 42
-0.41421356237309503
 70
0
  0
VERTEX
  5
1A0C
  8
CUT
 10
1947.0
 20
-702.3570860997912
 30
0.0
 42
-0.41421356237309503
 70
0
  0
VERTEX
  5
1A0D
  8
CUT
 10
1943.8
 20
-699.1570860997912
 30
0.0
 70
0
  0
VERTEX
  5
1A0E
  8
CUT
 10
1929.0
 20
-699.1570860997912
 30
0.0
 70
0
  0
VERTEX
  5
1A0F
  8
CUT
 10
1929.0
 20
-739.1570860997912
 30
0.0
 70
0
  0
VERTEX
  5
1A10
  8
CUT
 10
1943.8
 20
-739.1570860997912
 30
0.0
 42
-0.41421356237309503
 70
0
  0
VERTEX
  5
1A11
  8
CUT
 10
1947.0
 20
-735.9570860997912
 30
0.0
 42
-0.41421356237309503
 70
0
  0
VERTEX
  5
1A12
  8
CUT
 10
1950.2
 20
-739.1570860997912
 30
0.0
 42
-0.41421356237309503
 70
0
  0
VERTEX
  5
1A13
  8
CUT
 10
1947.0
 20
-742.3570860997911
 30
0.0
 70
0
  0
VERTEX
  5
1A14
  8
CUT
 10
1947.0
 20
-774.3414324368027
 30
0.0
 70
0
  0
VERTEX
  5
1A15
  8
CUT
 10
1955.357142857143
 20
-779.8601649486873
 30
0.0
 70
0
  0
VERTEX
  5
1A16
  8
CUT
 10
1963.7142857142858
 20
-784.9967791737614
 30
0.0
 70
0
  0
VERTEX
  5
1A17
  8
CUT
 10
1972.0714285714284
 20
-789.7512751120255
 30
0.0
 70
0
  0
VERTEX
  5
1A18
  8
CUT
 10
1980.4285714285713
 20
-794.1236527634793
 30
0.0
 70
0
  0
VERTEX
  5
1A19
  8
CUT
 10
1988.7857142857142
 20
-798.113912128123
 30
0.0
 70
0
  0
VERTEX
  5
1A1A
  8
CUT
 10
1997.142857142857
 20
-801.7220532059565
 30
0.0
 70
0
  0
VERTEX
  5
1A1B
  8
CUT
 10
2005.5
 20
-804.9480759969798
 30
0.0
 70
0
  0
VERTEX
  5
1A1C
  8
CUT
 10
2013.857142857143
 20
-807.7919805011929
 30
0.0
 70
0
  0
VERTEX
  5
1A1D
  8
CUT
 10
2022.2142857142858
 20
-810.2537667185959
 30
0.0
 70
0
  0
VERTEX
  5
1A1E
  8
CUT
 10
2030.5714285714284
 20
-812.3334346491887
 30
0.0
 70
0
  0
VERTEX
  5
1A1F
  8
CUT
 10
2038.9285714285713
 20
-814.0309842929713
 30
0.0
 70
0
  0
VERTEX
  5
1A20
  8
CUT
 10
2047.2857142857142
 20
-815.3464156499438
 30
0.0
 70
0
  0
VERTEX
  5
1A21
  8
CUT
 10
2055.6428571428573
 20
-816.279728720106
 30
0.0
 70
0
  0
VERTEX
  5
1A22
  8
CUT
 10
2064.0
 20
-816.830923503458
 30
0.0
 70
0
  0
VERTEX
  5
1A23
  8
CUT
 10
2072.3571428571427
 20
-817.0
 30
0.0
 70
0
  0
VERTEX
  5
1A24
  8
CUT
 10
2080.714285714286
 20
-816.7869582097317
 30
0.0
 70
0
  0
VERTEX
  5
1A25
  8
CUT
 10
2089.0714285714284
 20
-816.1917981326533
 30
0.0
 70
0
  0
VERTEX
  5
1A26
  8
CUT
 10
2097.4285714285716
 20
-815.2145197687646
 30
0.0
 70
0
  0
VERTEX
  5
1A27
  8
CUT
 10
2105.785714285714
 20
-813.8551231180656
 30
0.0
 70
0
  0
VERTEX
  5
1A28
  8
CUT
 10
2114.142857142857
 20
-812.1136081805566
 30
0.0
 70
0
  0
VERTEX
  5
1A29
  8
CUT
 10
2122.5
 20
-809.9899749562375
 30
0.0
 70
0
  0
VERTEX
  5
1A2A
  8
CUT
 10
2130.8571428571427
 20
-807.4842234451081
 30
0.0
 70
0
  0
VERTEX
  5
1A2B
  8
CUT
 10
2139.214285714286
 20
-804.5963536471686
 30
0.0
 70
0
  0
VERTEX
  5
1A2C
  8
CUT
 10
2147.5714285714284
 20
-801.3263655624188
 30
0.0
 70
0
  0
VERTEX
  5
1A2D
  8
CUT
 10
2155.9285714285716
 20
-797.674259190859
 30
0.0
 70
0
  0
VERTEX
  5
1A2E
  8
CUT
 10
2164.285714285714
 20
-793.6400345324888
 30
0.0
 70
0
  0
VERTEX
  5
1A2F
  8
CUT
 10
2172.642857142857
 20
-789.2236915873085
 30
0.0
 70
0
  0
VERTEX
  5
1A30
  8
CUT
 10
2181.0
 20
-784.4252303553181
 30
0.0
 70
0
  0
VERTEX
  5
1A31
  8
CUT
 10
2181.0
 20
-742.3570860997912
 30
0.0
 42
-0.41421356237309503
 70
0
  0
VERTEX
  5
1A32
  8
CUT
 10
2177.8
 20
-739.1570860997913
 30
0.0
 42
-0.41421356237309503
 70
0
  0
VERTEX
  5
1A33
  8
CUT
 10
2181.0
 20
-735.9570860997914
 30
0.0
 42
-0.41421356237309503
 70
0
  0
VERTEX
  5
1A34
  8
CUT
 10
2184.2
 20
-739.1570860997912
 30
0.0
 70
0
  0
VERTEX
  5
1A35
  8
CUT
 10
2199.0
 20
-739.1570860997912
 30
0.0
 70
0
  0
VERTEX
  5
1A36
  8
CUT
 10
2199.0
 20
-699.1570860997912
 30
0.0
 70
0
  0
VERTEX
  5
1A37
  8
CUT
 10
2184.2
 20
-699.1570860997912
 30
0.0
 42
-0.41421356237309503
 70
0
  0
VERTEX
  5
1A38
  8
CUT
 10
2181.0
 20
-702.3570860997909
 30
0.0
 42
-0.41421356237309503
 70
0
  0
VERTEX
  5
1A39
  8
CUT
 10
2177.8
 20
-699.157086099791
 30
0.0
 42
-0.41421356237309503
 70
0
  0
VERTEX
  5
1A3A
  8
CUT
 10
2181.0
 20
-695.9570860997912
 30
0.0
 70
0
  0
VERTEX
  5
1A3B
  8
CUT
 10
2181.0
 20
-691.1570860997912
 30
0.0
 70
0
  0
SEQEND
  5
1A08
  8
CUT
  0
POLYLINE
  5
1A3C
  8
CUT
 66
1
 10
0.0
 20
0.0
 30
0.0
 70
1
  0
VERTEX
  5
1A3E
  8
CUT
 10
2237.0
 20
-1269.0
 30
0.0
 70
0
  0
VERTEX
  5
1A3F
  8
CUT
 10
2237.0
 20
-1264.2
 30
0.0
 42
-0.41421356237309503
 70
0
  0
VERTEX
  5
1A40
  8
CUT
 10
2233.8
 20
-1261.0000000000002
 30
0.0
 42
-0.41421356237309503
 70
0
  0
VERTEX
  5
1A41
  8
CUT
 10
2237.0
 20
-1257.8000000000004
 30
0.0
 42
-0.41421356237309503
 70
0
  0
VERTEX
  5
1A42
  8
CUT
 10
2240.2
 20
-1261.0
 30
0.0
 70
0
  0
VERTEX
  5
1A43
  8
CUT
 10
2255.0
 20
-1261.0
 30
0.0
 70
0
  0
VERTEX
  5
1A44
  8
CUT
 10
2255.0
 20
-1221.0
 30
0.0
 70
0
  0
VERTEX
  5
1A45
  8
CUT
 10
2240.2
 20
-1221.0
 30
0.0
 42
-0.41421356237309503
 70
0
  0
VERTEX
  5
1A46
  8
CUT
 10
2237.0
 20
-1224.1999999999996
 30
0.0
 42
-0.41421356237309503
 70
0
  0
VERTEX
  5
1A47
  8
CUT
 10
2233.8
 20
-1220.9999999999995
 30
0.0
 42
-0.41421356237309503
 70
0
  0
VERTEX
  5
1A48
  8
CUT
 10
2237.0
 20
-1217.8
 30
0.0
 70
0
  0
VERTEX
  5
1A49
  8
CUT
 10
2237.0
 20
-1185.8156536629883
 30
0.0
 70
0
  0
VERTEX
  5
1A4A
  8
CUT
 10
2228.6428571428573
 20
-1180.296921151104
 30
0.0
 70
0
  0
VERTEX
  5
1A4B
  8
CUT
 10
2220.285714285714
 20
-1175.1603069260298
 30
0.0
 70
0
  0
VERTEX
  5
1A4C
  8
CUT
 10
2211.9285714285716
 20
-1170.4058109877656
 30
0.0
 70
0
  0
VERTEX
  5
1A4D
  8
CUT
 10
2203.5714285714284
 20
-1166.0334333363119
 30
0.0
 70
0
  0
VERTEX
  5
1A4E
  8
CUT
 10
2195.214285714286
 20
-1162.0431739716682
 30
0.0
 70
0
  0
VERTEX
  5
1A4F
  8
CUT
 10
2186.8571428571427
 20
-1158.4350328938347
 30
0.0
 70
0
  0
VERTEX
  5
1A50
  8
CUT
 10
2178.5
 20
-1155.2090101028114
 30
0.0
 70
0
  0
VERTEX
  5
1A51
  8
CUT
 10
2170.1428571428573
 20
-1152.3651055985981
 30
0.0
 70
0
  0
VERTEX
  5
1A52
  8
CUT
 10
2161.785714285714
 20
-1149.9033193811952
 30
0.0
 70
0
  0
VERTEX
  5
1A53
  8
CUT
 10
2153.4285714285716
 20
-1147.8236514506025
 30
0.0
 70
0
  0
VERTEX
  5
1A54
  8
CUT
 10
2145.0714285714284
 20
-1146.1261018068199
 30
0.0
 70
0
  0
VERTEX
  5
1A55
  8
CUT
 10
2136.714285714286
 20
-1144.8106704498473
 30
0.0
 70
0
  0
VERTEX
  5
1A56
  8
CUT
 10
2128.357142857143
 20
-1143.8773573796852
 30
0.0
 70
0
  0
VERTEX
  5
1A57
  8
CUT
 10
2120.0
 20
-1143.3261625963332
 30
0.0
 70
0
  0
VERTEX
  5
1A58
  8
CUT
 10
2111.6428571428573
 20
-1143.1570860997913
 30
0.0
 70
0
  0
VERTEX
  5
1A59
  8
CUT
 10
2103.285714285714
 20
-1143.3701278900594
 30
0.0
 70
0
  0
VERTEX
  5
1A5A
  8
CUT
 10
2094.9285714285716
 20
-1143.965287967138
 30
0.0
 70
0
  0
VERTEX
  5
1A5B
  8
CUT
 10
2086.5714285714284
 20
-1144.9425663310267
 30
0.0
 70
0
  0
VERTEX
  5
1A5C
  8
CUT
 10
2078.214285714286
 20
-1146.3019629817254
 30
0.0
 70
0
  0
VERTEX
  5
1A5D
  8
CUT
 10
2069.8571428571427
 20
-1148.0434779192344
 30
0.0
 70
0
  0
VERTEX
  5
1A5E
  8
CUT
 10
2061.5
 20
-1150.1671111435537
 30
0.0
 70
0
  0
VERTEX
  5
1A5F
  8
CUT
 10
2053.1428571428573
 20
-1152.672862654683
 30
0.0
 70
0
  0
VERTEX
  5
1A60
  8
CUT
 10
2044.7857142857142
 20
-1155.5607324526227
 30
0.0
 70
0
  0
VERTEX
  5
1A61
  8
CUT
 10
2036.4285714285713
 20
-1158.8307205373724
 30
0.0
 70
0
  0
VERTEX
  5
1A62
  8
CUT
 10
2028.0714285714287
 20
-1162.4828269089323
 30
0.0
 70
0
  0
VERTEX
  5
1A63
  8
CUT
 10
2019.7142857142858
 20
-1166.5170515673024
 30
0.0
 70
0
  0
VERTEX
  5
1A64
  8
CUT
 10
2011.357142857143
 20
-1170.9333945124827
 30
0.0
 70
0
  0
VERTEX
  5
1A65
  8
CUT
 10
2003.0
 20
-1175.731855744473
 30
0.0
 70
0
  0
VERTEX
  5
1A66
  8
CUT
 10
2003.0
 20
-1217.8
 30
0.0
 42
-0.41421356237309503
 70
0
  0
VERTEX
  5
1A67
  8
CUT
 10
2006.2
 20
-1221.0
 30
0.0
 42
-0.41421356237309503
 70
0
  0
VERTEX
  5
1A68
  8
CUT
 10
2003.0
 20
-1224.2
 30
0.0
 42
-0.41421356237309503
 70
0
  0
VERTEX
  5
1A69
  8
CUT
 10
1999.8
 20
-1221.0
 30
0.0
 70
0
  0
VERTEX
  5
1A6A
  8
CUT
 10
1985.0
 20
-1221.0
 30
0.0
 70
0
  0
VERTEX
  5
1A6B
  8
CUT
 10
1985.0
 20
-1261.0
 30
0.0
 70
0
  0
VERTEX
  5
1A6C
  8
CUT
 10
1999.8
 20
-1261.0
 30
0.0
 42
-0.41421356237309503
 70
0
  0
VERTEX
  5
1A6D
  8
CUT
 10
2003.0
 20
-1257.8
 30
0.0
 42
-0.41421356237309503
 70
0
  0
VERTEX
  5
1A6E
  8
CUT
 10
2006.2
 20
-1261.0
 30
0.0
 42
-0.41421356237309503
 70
0
  0
VERTEX
  5
1A6F
  8
CUT
 10
2003.0
 20
-1264.2
 30
0.0
 70
0
  0
VERTEX
  5
1A70
  8
CUT
 10
2003.0
 20
-1269.0
 30
0.0
 70
0
  0
SEQEND
  5
1A3D
  8
CUT
  0
POLYLINE
  5
1A71
  8
CUT
 66
1
 10
0.0
 20
0.0
 30
0.0
 70
1
  0
VERTEX
  5
1A73
  8
CUT
 10
2293.0
 20
-677.0
 30
0.0
 70
0
  0
VERTEX
  5
1A74
  8
CUT
 10
2293.0
 20
-672.2
 30
0.0
 42
-0.41421356237309503
 70
0
  0
VERTEX
  5
1A75
  8
CUT
 10
2289.8
 20
-669.0000000000001
 30
0.0
 42
-0.41421356237309503
 70
0
  0
VERTEX
  5
1A76
  8
CUT
 10
2293.0
 20
-665.8000000000002
 30
0.0
 42
-0.41421356237309503
 70
0
  0
VERTEX
  5
1A77
  8
CUT
 10
2296.2
 20
-669.0
 30
0.0
 70
0
  0
VERTEX
  5
1A78
  8
CUT
 10
2311.0
 20
-669.0
 30
0.0
 70
0
  0
VERTEX
  5
1A79
  8
CUT
 10
2311.0
 20
-629.0
 30
0.0
 70
0
  0
VERTEX
  5
1A7A
  8
CUT
 10
2296.2
 20
-629.0
 30
0.0
 42
-0.41421356237309503
 70
0
  0
VERTEX
  5
1A7B
  8
CUT
 10
2293.0
 20
-632.1999999999998
 30
0.0
 42
-0.41421356237309503
 70
0
  0
VERTEX
  5
1A7C
  8
CUT
 10
2289.8
 20
-628.9999999999998
 30
0.0
 42
-0.41421356237309503
 70
0
  0
VERTEX
  5
1A7D
  8
CUT
 10
2293.0
 20
-625.8
 30
0.0
 70
0
  0
VERTEX
  5
1A7E
  8
CUT
 10
2293.0
 20
-593.8156536629883
 30
0.0
 70
0
  0
VERTEX
  5
1A7F
  8
CUT
 10
2284.6428571428573
 20
-588.2969211511039
 30
0.0
 70
0
  0
VERTEX
  5
1A80
  8
CUT
 10
2276.285714285714
 20
-583.1603069260298
 30
0.0
 70
0
  0
VERTEX
  5
1A81
  8
CUT
 10
2267.9285714285716
 20
-578.4058109877657
 30
0.0
 70
0
  0
VERTEX
  5
1A82
  8
CUT
 10
2259.5714285714284
 20
-574.0334333363119
 30
0.0
 70
0
  0
VERTEX
  5
1A83
  8
CUT
 10
2251.214285714286
 20
-570.0431739716681
 30
0.0
 70
0
  0
VERTEX
  5
1A84
  8
CUT
 10
2242.8571428571427
 20
-566.4350328938347
 30
0.0
 70
0
  0
VERTEX
  5
1A85
  8
CUT
 10
2234.5
 20
-563.2090101028114
 30
0.0
 70
0
  0
VERTEX
  5
1A86
  8
CUT
 10
2226.1428571428573
 20
-560.3651055985981
 30
0.0
 70
0
  0
VERTEX
  5
1A87
  8
CUT
 10
2217.785714285714
 20
-557.9033193811952
 30
0.0
 70
0
  0
VERTEX
  5
1A88
  8
CUT
 10
2209.4285714285716
 20
-555.8236514506025
 30
0.0
 70
0
  0
VERTEX
  5
1A89
  8
CUT
 10
2201.0714285714284
 20
-554.1261018068199
 30
0.0
 70
0
  0
VERTEX
  5
1A8A
  8
CUT
 10
2192.714285714286
 20
-552.8106704498474
 30
0.0
 70
0
  0
VERTEX
  5
1A8B
  8
CUT
 10
2184.357142857143
 20
-551.8773573796851
 30
0.0
 70
0
  0
VERTEX
  5
1A8C
  8
CUT
 10
2176.0
 20
-551.3261625963331
 30
0.0
 70
0
  0
VERTEX
  5
1A8D
  8
CUT
 10
2167.6428571428573
 20
-551.1570860997912
 30
0.0
 70
0
  0
VERTEX
  5
1A8E
  8
CUT
 10
2159.285714285714
 20
-551.3701278900595
 30
0.0
 70
0
  0
VERTEX
  5
1A8F
  8
CUT
 10
2150.9285714285716
 20
-551.9652879671379
 30
0.0
 70
0
  0
VERTEX
  5
1A90
  8
CUT
 10
2142.5714285714284
 20
-552.9425663310266
 30
0.0
 70
0
  0
VERTEX
  5
1A91
  8
CUT
 10
2134.214285714286
 20
-554.3019629817254
 30
0.0
 70
0
  0
VERTEX
  5
1A92
  8
CUT
 10
2125.8571428571427
 20
-556.0434779192344
 30
0.0
 70
0
  0
VERTEX
  5
1A93
  8
CUT
 10
2117.5
 20
-558.1671111435537
 30
0.0
 70
0
  0
VERTEX
  5
1A94
  8
CUT
 10
2109.1428571428573
 20
-560.6728626546831
 30
0.0
 70
0
  0
VERTEX
  5
1A95
  8
CUT
 10
2100.785714285714
 20
-563.5607324526226
 30
0.0
 70
0
  0
VERTEX
  5
1A96
  8
CUT
 10
2092.4285714285716
 20
-566.8307205373724
 30
0.0
 70
0
  0
VERTEX
  5
1A97
  8
CUT
 10
2084.0714285714284
 20
-570.4828269089322
 30
0.0
 70
0
  0
VERTEX
  5
1A98
  8
CUT
 10
2075.714285714286
 20
-574.5170515673024
 30
0.0
 70
0
  0
VERTEX
  5
1A99
  8
CUT
 10
2067.3571428571427
 20
-578.9333945124827
 30
0.0
 70
0
  0
VERTEX
  5
1A9A
  8
CUT
 10
2059.0
 20
-583.731855744473
 30
0.0
 70
0
  0
VERTEX
  5
1A9B
  8
CUT
 10
2059.0
 20
-625.8
 30
0.0
 42
-0.41421356237309503
 70
0
  0
VERTEX
  5
1A9C
  8
CUT
 10
2062.2
 20
-628.9999999999999
 30
0.0
 42
-0.41421356237309503
 70
0
  0
VERTEX
  5
1A9D
  8
CUT
 10
2059.0
 20
-632.1999999999998
 30
0.0
 42
-0.41421356237309503
 70
0
  0
VERTEX
  5
1A9E
  8
CUT
 10
2055.8
 20
-629.0
 30
0.0
 70
0
  0
VERTEX
  5
1A9F
  8
CUT
 10
2041.0
 20
-629.0
 30
0.0
 70
0
  0
VERTEX
  5
1AA0
  8
CUT
 10
2041.0
 20
-669.0
 30
0.0
 70
0
  0
VERTEX
  5
1AA1
  8
CUT
 10
2055.8
 20
-669.0
 30
0.0
 42
-0.41421356237309503
 70
0
  0
VERTEX
  5
1AA2
  8
CUT
 10
2059.0
 20
-665.8000000000002
 30
0.0
 42
-0.41421356237309503
 70
0
  0
VERTEX
  5
1AA3
  8
CUT
 10
2062.2
 20
-669.0000000000002
 30
0.0
 42
-0.41421356237309503
 70
0
  0
VERTEX
  5
1AA4
  8
CUT
 10
2059.0
 20
-672.1999999999999
 30
0.0
 70
0
  0
VERTEX
  5
1AA5
  8
CUT
 10
2059.0
 20
-677.0
 30
0.0
 70
0
  0
SEQEND
  5
1A72
  8
CUT
  0
POLYLINE
  5
1AA6
  8
CUT
 66
1
 10
0.0
 20
0.0
 30
0.0
 70
1
  0
VERTEX
  5
1AA8
  8
CUT
 10
2067.0
 20
-271.15708609979106
 30
0.0
 70
0
  0
VERTEX
  5
1AA9
  8
CUT
 10
2067.0
 20
-275.95708609979124
 30
0.0
 42
-0.41421356237309503
 70
0
  0
VERTEX
  5
1AAA
  8
CUT
 10
2070.2
 20
-279.15708609979106
 30
0.0
 42
-0.41421356237309503
 70
0
  0
VERTEX
  5
1AAB
  8
CUT
 10
2067.0
 20
-282.3570860997909
 30
0.0
 42
-0.41421356237309503
 70
0
  0
VERTEX
  5
1AAC
  8
CUT
 10
2063.8
 20
-279.15708609979106
 30
0.0
 70
0
  0
VERTEX
  5
1AAD
  8
CUT
 10
2049.0
 20
-279.15708609979106
 30
0.0
 70
0
  0
VERTEX
  5
1AAE
  8
CUT
 10
2049.0
 20
-319.15708609979106
 30
0.0
 70
0
  0
VERTEX
  5
1AAF
  8
CUT
 10
2063.8
 20
-319.15708609979106
 30
0.0
 42
-0.41421356237309503
 70
0
  0
VERTEX
  5
1AB0
  8
CUT
 10
2067.0
 20
-315.95708609979124
 30
0.0
 42
-0.41421356237309503
 70
0
  0
VERTEX
  5
1AB1
  8
CUT
 10
2070.2
 20
-319.1570860997913
 30
0.0
 42
-0.41421356237309503
 70
0
  0
VERTEX
  5
1AB2
  8
CUT
 10
2067.0
 20
-322.3570860997911
 30
0.0
 70
0
  0
VERTEX
  5
1AB3
  8
CUT
 10
2067.0
 20
-354.34143243680273
 30
0.0
 70
0
  0
VERTEX
  5
1AB4
  8
CUT
 10
2075.3571428571427
 20
-359.86016494868727
 30
0.0
 70
0
  0
VERTEX
  5
1AB5
  8
CUT
 10
2083.714285714286
 20
-364.9967791737615
 30
0.0
 70
0
  0
VERTEX
  5
1AB6
  8
CUT
 10
2092.0714285714284
 20
-369.7512751120255
 30
0.0
 70
0
  0
VERTEX
  5
1AB7
  8
CUT
 10
2100.4285714285716
 20
-374.1236527634794
 30
0.0
 70
0
  0
VERTEX
  5
1AB8
  8
CUT
 10
2108.785714285714
 20
-378.11391212812305
 30
0.0
 70
0
  0
VERTEX
  5
1AB9
  8
CUT
 10
2117.1428571428573
 20
-381.7220532059564
 30
0.0
 70
0
  0
VERTEX
  5
1ABA
  8
CUT
 10
2125.5
 20
-384.9480759969799
 30
0.0
 70
0
  0
VERTEX
  5
1ABB
  8
CUT
 10
2133.8571428571427
 20
-387.79198050119294
 30
0.0
 70
0
  0
VERTEX
  5
1ABC
  8
CUT
 10
2142.214285714286
 20
-390.2537667185959
 30
0.0
 70
0
  0
VERTEX
  5
1ABD
  8
CUT
 10
2150.5714285714284
 20
-392.3334346491888
 30
0.0
 70
0
  0
VERTEX
  5
1ABE
  8
CUT
 10
2158.9285714285716
 20
-394.0309842929714
 30
0.0
 70
0
  0
VERTEX
  5
1ABF
  8
CUT
 10
2167.285714285714
 20
-395.34641564994376
 30
0.0
 70
0
  0
VERTEX
  5
1AC0
  8
CUT
 10
2175.6428571428573
 20
-396.27972872010605
 30
0.0
 70
0
  0
VERTEX
  5
1AC1
  8
CUT
 10
2184.0
 20
-396.83092350345805
 30
0.0
 70
0
  0
VERTEX
  5
1AC2
  8
CUT
 10
2192.3571428571427
 20
-397.0
 30
0.0
 70
0
  0
VERTEX
  5
1AC3
  8
CUT
 10
2200.714285714286
 20
-396.78695820973167
 30
0.0
 70
0
  0
VERTEX
  5
1AC4
  8
CUT
 10
2209.0714285714284
 20
-396.1917981326533
 30
0.0
 70
0
  0
VERTEX
  5
1AC5
  8
CUT
 10
2217.4285714285716
 20
-395.2145197687646
 30
0.0
 70
0
  0
VERTEX
  5
1AC6
  8
CUT
 10
2225.785714285714
 20
-393.85512311806565
 30
0.0
 70
0
  0
VERTEX
  5
1AC7
  8
CUT
 10
2234.142857142857
 20
-392.11360818055664
 30
0.0
 70
0
  0
VERTEX
  5
1AC8
  8
CUT
 10
2242.5
 20
-389.9899749562376
 30
0.0
 70
0
  0
VERTEX
  5
1AC9
  8
CUT
 10
2250.8571428571427
 20
-387.4842234451082
 30
0.0
 70
0
  0
VERTEX
  5
1ACA
  8
CUT
 10
2259.214285714286
 20
-384.5963536471686
 30
0.0
 70
0
  0
VERTEX
  5
1ACB
  8
CUT
 10
2267.5714285714284
 20
-381.3263655624189
 30
0.0
 70
0
  0
VERTEX
  5
1ACC
  8
CUT
 10
2275.9285714285716
 20
-377.67425919085895
 30
0.0
 70
0
  0
VERTEX
  5
1ACD
  8
CUT
 10
2284.285714285714
 20
-373.6400345324889
 30
0.0
 70
0
  0
VERTEX
  5
1ACE
  8
CUT
 10
2292.642857142857
 20
-369.2236915873086
 30
0.0
 70
0
  0
VERTEX
  5
1ACF
  8
CUT
 10
2301.0
 20
-364.42523035531804
 30
0.0
 70
0
  0
VERTEX
  5
1AD0
  8
CUT
 10
2301.0
 20
-322.3570860997911
 30
0.0
 42
-0.41421356237309503
 70
0
  0
VERTEX
  5
1AD1
  8
CUT
 10
2297.8
 20
-319.1570860997913
 30
0.0
 42
-0.41421356237309503
 70
0
  0
VERTEX
  5
1AD2
  8
CUT
 10
2301.0
 20
-315.95708609979147
 30
0.0
 42
-0.41421356237309503
 70
0
  0
VERTEX
  5
1AD3
  8
CUT
 10
2304.2
 20
-319.1570860997913
 30
0.0
 70
0
  0
VERTEX
  5
1AD4
  8
CUT
 10
2319.0
 20
-319.1570860997913
 30
0.0
 70
0
  0
VERTEX
  5
1AD5
  8
CUT
 10
2319.0
 20
-279.1570860997913
 30
0.0
 70
0
  0
VERTEX
  5
1AD6
  8
CUT
 10
2304.2
 20
-279.1570860997913
 30
0.0
 42
-0.41421356237309503
 70
0
  0
VERTEX
  5
1AD7
  8
CUT
 10
2301.0
 20
-282.3570860997911
 30
0.0
 42
-0.41421356237309503
 70
0
  0
VERTEX
  5
1AD8
  8
CUT
 10
2297.8
 20
-279.15708609979106
 30
0.0
 42
-0.41421356237309503
 70
0
  0
VERTEX
  5
1AD9
  8
CUT
 10
2301.0
 20
-275.95708609979124
 30
0.0
 70
0
  0
VERTEX
  5
1ADA
  8
CUT
 10
2301.0
 20
-271.1570860997913
 30
0.0
 70
0
  0
SEQEND
  5
1AA7
  8
CUT
  0
POLYLINE
  5
1ADB
  8
CUT
 66
1
 10
0.0
 20
0.0
 30
0.0
 70
1
  0
VERTEX
  5
1ADD
  8
CUT
 10
2083.0
 20
-1011.1570860997912
 30
0.0
 70
0
  0
VERTEX
  5
1ADE
  8
CUT
 10
2083.0
 20
-1015.9570860997911
 30
0.0
 42
-0.41421356237309503
 70
0
  0
VERTEX
  5
1ADF
  8
CUT
 10
2086.2
 20
-1019.1570860997911
 30
0.0
 42
-0.41421356237309503
 70
0
  0
VERTEX
  5
1AE0
  8
CUT
 10
2083.0
 20
-1022.357086099791
 30
0.0
 42
-0.41421356237309503
 70
0
  0
VERTEX
  5
1AE1
  8
CUT
 10
2079.8
 20
-1019.1570860997912
 30
0.0
 70
0
  0
VERTEX
  5
1AE2
  8
CUT
 10
2065.0
 20
-1019.1570860997912
 30
0.0
 70
0
  0
VERTEX
  5
1AE3
  8
CUT
 10
2065.0
 20
-1059.1570860997913
 30
0.0
 70
0
  0
VERTEX
  5
1AE4
  8
CUT
 10
2079.8
 20
-1059.1570860997913
 30
0.0
 42
-0.41421356237309503
 70
0
  0
VERTEX
  5
1AE5
  8
CUT
 10
2083.0
 20
-1055.9570860997915
 30
0.0
 42
-0.41421356237309503
 70
0
  0
VERTEX
  5
1AE6
  8
CUT
 10
2086.2
 20
-1059.1570860997913
 30
0.0
 42
-0.41421356237309503
 70
0
  0
VERTEX
  5
1AE7
  8
CUT
 10
2083.0
 20
-1062.357086099791
 30
0.0
 70
0
  0
VERTEX
  5
1AE8
  8
CUT
 10
2083.0
 20
-1094.3414324368027
 30
0.0
 70
0
  0
VERTEX
  5
1AE9
  8
CUT
 10
2091.3571428571427
 20
-1099.8601649486873
 30
0.0
 70
0
  0
VERTEX
  5
1AEA
  8
CUT
 10
2099.714285714286
 20
-1104.9967791737613
 30
0.0
 70
0
  0
VERTEX
  5
1AEB
  8
CUT
 10
2108.0714285714284
 20
-1109.7512751120255
 30
0.0
 70
0
  0
VERTEX
  5
1AEC
  8
CUT
 10
2116.4285714285716
 20
-1114.1236527634794
 30
0.0
 70
0
  0
VERTEX
  5
1AED
  8
CUT
 10
2124.785714285714
 20
-1118.113912128123
 30
0.0
 70
0
  0
VERTEX
  5
1AEE
  8
CUT
 10
2133.1428571428573
 20
-1121.7220532059564
 30
0.0
 70
0
  0
VERTEX
  5
1AEF
  8
CUT
 10
2141.5
 20
-1124.94807599698
 30
0.0
 70
0
  0
VERTEX
  5
1AF0
  8
CUT
 10
2149.8571428571427
 20
-1127.791980501193
 30
0.0
 70
0
  0
VERTEX
  5
1AF1
  8
CUT
 10
2158.214285714286
 20
-1130.253766718596
 30
0.0
 70
0
  0
VERTEX
  5
1AF2
  8
CUT
 10
2166.5714285714284
 20
-1132.3334346491888
 30
0.0
 70
0
  0
VERTEX
  5
1AF3
  8
CUT
 10
2174.9285714285716
 20
-1134.0309842929714
 30
0.0
 70
0
  0
VERTEX
  5
1AF4
  8
CUT
 10
2183.285714285714
 20
-1135.3464156499438
 30
0.0
 70
0
  0
VERTEX
  5
1AF5
  8
CUT
 10
2191.6428571428573
 20
-1136.279728720106
 30
0.0
 70
0
  0
VERTEX
  5
1AF6
  8
CUT
 10
2200.0
 20
-1136.830923503458
 30
0.0
 70
0
  0
VERTEX
  5
1AF7
  8
CUT
 10
2208.3571428571427
 20
-1137.0
 30
0.0
 70
0
  0
VERTEX
  5
1AF8
  8
CUT
 10
2216.714285714286
 20
-1136.7869582097317
 30
0.0
 70
0
  0
VERTEX
  5
1AF9
  8
CUT
 10
2225.0714285714284
 20
-1136.1917981326533
 30
0.0
 70
0
  0
VERTEX
  5
1AFA
  8
CUT
 10
2233.4285714285716
 20
-1135.2145197687646
 30
0.0
 70
0
  0
VERTEX
  5
1AFB
  8
CUT
 10
2241.785714285714
 20
-1133.8551231180656
 30
0.0
 70
0
  0
VERTEX
  5
1AFC
  8
CUT
 10
2250.142857142857
 20
-1132.1136081805566
 30
0.0
 70
0
  0
VERTEX
  5
1AFD
  8
CUT
 10
2258.5
 20
-1129.9899749562373
 30
0.0
 70
0
  0
VERTEX
  5
1AFE
  8
CUT
 10
2266.8571428571427
 20
-1127.484223445108
 30
0.0
 70
0
  0
VERTEX
  5
1AFF
  8
CUT
 10
2275.214285714286
 20
-1124.5963536471686
 30
0.0
 70
0
  0
VERTEX
  5
1B00
  8
CUT
 10
2283.5714285714284
 20
-1121.3263655624187
 30
0.0
 70
0
  0
VERTEX
  5
1B01
  8
CUT
 10
2291.9285714285716
 20
-1117.674259190859
 30
0.0
 70
0
  0
VERTEX
  5
1B02
  8
CUT
 10
2300.285714285714
 20
-1113.6400345324887
 30
0.0
 70
0
  0
VERTEX
  5
1B03
  8
CUT
 10
2308.642857142857
 20
-1109.2236915873086
 30
0.0
 70
0
  0
VERTEX
  5
1B04
  8
CUT
 10
2317.0
 20
-1104.425230355318
 30
0.0
 70
0
  0
VERTEX
  5
1B05
  8
CUT
 10
2317.0
 20
-1062.357086099791
 30
0.0
 42
-0.41421356237309503
 70
0
  0
VERTEX
  5
1B06
  8
CUT
 10
2313.8
 20
-1059.1570860997913
 30
0.0
 42
-0.41421356237309503
 70
0
  0
VERTEX
  5
1B07
  8
CUT
 10
2317.0
 20
-1055.9570860997915
 30
0.0
 42
-0.41421356237309503
 70
0
  0
VERTEX
  5
1B08
  8
CUT
 10
2320.2
 20
-1059.1570860997913
 30
0.0
 70
0
  0
VERTEX
  5
1B09
  8
CUT
 10
2335.0
 20
-1059.1570860997913
 30
0.0
 70
0
  0
VERTEX
  5
1B0A
  8
CUT
 10
2335.0
 20
-1019.1570860997912
 30
0.0
 70
0
  0
VERTEX
  5
1B0B
  8
CUT
 10
2320.2
 20
-1019.1570860997912
 30
0.0
 42
-0.41421356237309503
 70
0
  0
VERTEX
  5
1B0C
  8
CUT
 10
2317.0
 20
-1022.3570860997909
 30
0.0
 42
-0.41421356237309503
 70
0
  0
VERTEX
  5
1B0D
  8
CUT
 10
2313.8
 20
-1019.157086099791
 30
0.0
 42
-0.41421356237309503
 70
0
  0
VERTEX
  5
1B0E
  8
CUT
 10
2317.0
 20
-1015.9570860997912
 30
0.0
 70
0
  0
VERTEX
  5
1B0F
  8
CUT
 10
2317.0
 20
-1011.1570860997912
 30
0.0
 70
0
  0
SEQEND
  5
1ADC
  8
CUT
  0
POLYLINE
  5
1B10
  8
CUT
 66
1
 10
0.0
 20
0.0
 30
0.0
 70
1
  0
VERTEX
  5
1B12
  8
CUT
 10
2329.0
 20
-1453.0
 30
0.0
 70
0
  0
VERTEX
  5
1B13
  8
CUT
 10
2329.0
 20
-1448.2
 30
0.0
 42
-0.41421356237309503
 70
0
  0
VERTEX
  5
1B14
  8
CUT
 10
2325.8
 20
-1445.0000000000002
 30
0.0
 42
-0.41421356237309503
 70
0
  0
VERTEX
  5
1B15
  8
CUT
 10
2329.0
 20
-1441.8000000000004
 30
0.0
 42
-0.41421356237309503
 70
0
  0
VERTEX
  5
1B16
  8
CUT
 10
2332.2
 20
-1445.0
 30
0.0
 70
0
  0
VERTEX
  5
1B17
  8
CUT
 10
2347.0
 20
-1445.0
 30
0.0
 70
0
  0
VERTEX
  5
1B18
  8
CUT
 10
2347.0
 20
-1405.0
 30
0.0
 70
0
  0
VERTEX
  5
1B19
  8
CUT
 10
2332.2
 20
-1405.0
 30
0.0
 42
-0.41421356237309503
 70
0
  0
VERTEX
  5
1B1A
  8
CUT
 10
2329.0
 20
-1408.1999999999996
 30
0.0
 42
-0.41421356237309503
 70
0
  0
VERTEX
  5
1B1B
  8
CUT
 10
2325.8
 20
-1404.9999999999995
 30
0.0
 42
-0.41421356237309503
 70
0
  0
VERTEX
  5
1B1C
  8
CUT
 10
2329.0
 20
-1401.8
 30
0.0
 70
0
  0
VERTEX
  5
1B1D
  8
CUT
 10
2329.0
 20
-1369.8156536629883
 30
0.0
 70
0
  0
VERTEX
  5
1B1E
  8
CUT
 10
2320.6428571428573
 20
-1364.296921151104
 30
0.0
 70
0
  0
VERTEX
  5
1B1F
  8
CUT
 10
2312.285714285714
 20
-1359.1603069260298
 30
0.0
 70
0
  0
VERTEX
  5
1B20
  8
CUT
 10
2303.9285714285716
 20
-1354.4058109877656
 30
0.0
 70
0
  0
VERTEX
  5
1B21
  8
CUT
 10
2295.5714285714284
 20
-1350.0334333363119
 30
0.0
 70
0
  0
VERTEX
  5
1B22
  8
CUT
 10
2287.214285714286
 20
-1346.0431739716682
 30
0.0
 70
0
  0
VERTEX
  5
1B23
  8
CUT
 10
2278.8571428571427
 20
-1342.4350328938347
 30
0.0
 70
0
  0
VERTEX
  5
1B24
  8
CUT
 10
2270.5
 20
-1339.2090101028114
 30
0.0
 70
0
  0
VERTEX
  5
1B25
  8
CUT
 10
2262.1428571428573
 20
-1336.3651055985981
 30
0.0
 70
0
  0
VERTEX
  5
1B26
  8
CUT
 10
2253.785714285714
 20
-1333.9033193811952
 30
0.0
 70
0
  0
VERTEX
  5
1B27
  8
CUT
 10
2245.4285714285716
 20
-1331.8236514506025
 30
0.0
 70
0
  0
VERTEX
  5
1B28
  8
CUT
 10
2237.0714285714284
 20
-1330.1261018068199
 30
0.0
 70
0
  0
VERTEX
  5
1B29
  8
CUT
 10
2228.714285714286
 20
-1328.8106704498473
 30
0.0
 70
0
  0
VERTEX
  5
1B2A
  8
CUT
 10
2220.357142857143
 20
-1327.8773573796852
 30
0.0
 70
0
  0
VERTEX
  5
1B2B
  8
CUT
 10
2212.0
 20
-1327.3261625963332
 30
0.0
 70
0
  0
VERTEX
  5
1B2C
  8
CUT
 10
2203.6428571428573
 20
-1327.1570860997913
 30
0.0
 70
0
  0
VERTEX
  5
1B2D
  8
CUT
 10
2195.285714285714
 20
-1327.3701278900594
 30
0.0
 70
0
  0
VERTEX
  5
1B2E
  8
CUT
 10
2186.9285714285716
 20
-1327.965287967138
 30
0.0
 70
0
  0
VERTEX
  5
1B2F
  8
CUT
 10
2178.5714285714284
 20
-1328.9425663310267
 30
0.0
 70
0
  0
VERTEX
  5
1B30
  8
CUT
 10
2170.214285714286
 20
-1330.3019629817254
 30
0.0
 70
0
  0
VERTEX
  5
1B31
  8
CUT
 10
2161.8571428571427
 20
-1332.0434779192344
 30
0.0
 70
0
  0
VERTEX
  5
1B32
  8
CUT
 10
2153.5
 20
-1334.1671111435537
 30
0.0
 70
0
  0
VERTEX
  5
1B33
  8
CUT
 10
2145.1428571428573
 20
-1336.672862654683
 30
0.0
 70
0
  0
VERTEX
  5
1B34
  8
CUT
 10
2136.785714285714
 20
-1339.5607324526227
 30
0.0
 70
0
  0
VERTEX
  5
1B35
  8
CUT
 10
2128.4285714285716
 20
-1342.8307205373724
 30
0.0
 70
0
  0
VERTEX
  5
1B36
  8
CUT
 10
2120.0714285714284
 20
-1346.4828269089323
 30
0.0
 70
0
  0
VERTEX
  5
1B37
  8
CUT
 10
2111.714285714286
 20
-1350.5170515673024
 30
0.0
 70
0
  0
VERTEX
  5
1B38
  8
CUT
 10
2103.3571428571427
 20
-1354.9333945124827
 30
0.0
 70
0
  0
VERTEX
  5
1B39
  8
CUT
 10
2095.0
 20
-1359.731855744473
 30
0.0
 70
0
  0
VERTEX
  5
1B3A
  8
CUT
 10
2095.0
 20
-1401.8
 30
0.0
 42
-0.41421356237309503
 70
0
  0
VERTEX
  5
1B3B
  8
CUT
 10
2098.2
 20
-1404.9999999999998
 30
0.0
 42
-0.41421356237309503
 70
0
  0
VERTEX
  5
1B3C
  8
CUT
 10
2095.0
 20
-1408.1999999999996
 30
0.0
 42
-0.41421356237309503
 70
0
  0
VERTEX
  5
1B3D
  8
CUT
 10
2091.8
 20
-1405.0
 30
0.0
 70
0
  0
VERTEX
  5
1B3E
  8
CUT
 10
2077.0
 20
-1405.0
 30
0.0
 70
0
  0
VERTEX
  5
1B3F
  8
CUT
 10
2077.0
 20
-1445.0
 30
0.0
 70
0
  0
VERTEX
  5
1B40
  8
CUT
 10
2091.8
 20
-1445.0
 30
0.0
 42
-0.41421356237309503
 70
0
  0
VERTEX
  5
1B41
  8
CUT
 10
2095.0000000000005
 20
-1441.8000000000004
 30
0.0
 42
-0.41421356237309503
 70
0
  0
VERTEX
  5
1B42
  8
CUT
 10
2098.2
 20
-1445.0000000000005
 30
0.0
 42
-0.41421356237309503
 70
0
  0
VERTEX
  5
1B43
  8
CUT
 10
2095.0
 20
-1448.2
 30
0.0
 70
0
  0
VERTEX
  5
1B44
  8
CUT
 10
2095.0
 20
-1453.0
 30
0.0
 70
0
  0
SEQEND
  5
1B11
  8
CUT
  0
POLYLINE
  5
1B45
  8
CUT
 66
1
 10
0.0
 20
0.0
 30
0.0
 70
1
  0
VERTEX
  5
1B47
  8
CUT
 10
2151.0
 20
-423.15708609979106
 30
0.0
 70
0
  0
VERTEX
  5
1B48
  8
CUT
 10
2151.0
 20
-427.95708609979124
 30
0.0
 42
-0.41421356237309503
 70
0
  0
VERTEX
  5
1B49
  8
CUT
 10
2154.2
 20
-431.15708609979106
 30
0.0
 42
-0.41421356237309503
 70
0
  0
VERTEX
  5
1B4A
  8
CUT
 10
2151.0
 20
-434.3570860997909
 30
0.0
 42
-0.41421356237309503
 70
0
  0
VERTEX
  5
1B4B
  8
CUT
 10
2147.8
 20
-431.15708609979106
 30
0.0
 70
0
  0
VERTEX
  5
1B4C
  8
CUT
 10
2133.0
 20
-431.15708609979106
 30
0.0
 70
0
  0
VERTEX
  5
1B4D
  8
CUT
 10
2133.0
 20
-471.1570860997912
 30
0.0
 70
0
  0
VERTEX
  5
1B4E
  8
CUT
 10
2147.8
 20
-471.1570860997912
 30
0.0
 42
-0.41421356237309503
 70
0
  0
VERTEX
  5
1B4F
  8
CUT
 10
2151.0
 20
-467.95708609979135
 30
0.0
 42
-0.41421356237309503
 70
0
  0
VERTEX
  5
1B50
  8
CUT
 10
2154.2
 20
-471.1570860997913
 30
0.0
 42
-0.41421356237309503
 70
0
  0
VERTEX
  5
1B51
  8
CUT
 10
2151.0
 20
-474.3570860997911
 30
0.0
 70
0
  0
VERTEX
  5
1B52
  8
CUT
 10
2151.0
 20
-506.34143243680273
 30
0.0
 70
0
  0
VERTEX
  5
1B53
  8
CUT
 10
2159.3571428571427
 20
-511.86016494868727
 30
0.0
 70
0
  0
VERTEX
  5
1B54
  8
CUT
 10
2167.714285714286
 20
-516.9967791737614
 30
0.0
 70
0
  0
VERTEX
  5
1B55
  8
CUT
 10
2176.0714285714284
 20
-521.7512751120255
 30
0.0
 70
0
  0
VERTEX
  5
1B56
  8
CUT
 10
2184.4285714285716
 20
-526.1236527634793
 30
0.0
 70
0
  0
VERTEX
  5
1B57
  8
CUT
 10
2192.785714285714
 20
-530.113912128123
 30
0.0
 70
0
  0
VERTEX
  5
1B58
  8
CUT
 10
2201.1428571428573
 20
-533.7220532059565
 30
0.0
 70
0
  0
VERTEX
  5
1B59
  8
CUT
 10
2209.5
 20
-536.9480759969798
 30
0.0
 70
0
  0
VERTEX
  5
1B5A
  8
CUT
 10
2217.8571428571427
 20
-539.7919805011929
 30
0.0
 70
0
  0
VERTEX
  5
1B5B
  8
CUT
 10
2226.214285714286
 20
-542.2537667185959
 30
0.0
 70
0
  0
VERTEX
  5
1B5C
  8
CUT
 10
2234.5714285714284
 20
-544.3334346491887
 30
0.0
 70
0
  0
VERTEX
  5
1B5D
  8
CUT
 10
2242.9285714285716
 20
-546.0309842929713
 30
0.0
 70
0
  0
VERTEX
  5
1B5E
  8
CUT
 10
2251.285714285714
 20
-547.3464156499438
 30
0.0
 70
0
  0
VERTEX
  5
1B5F
  8
CUT
 10
2259.6428571428573
 20
-548.279728720106
 30
0.0
 70
0
  0
VERTEX
  5
1B60
  8
CUT
 10
2268.0
 20
-548.830923503458
 30
0.0
 70
0
  0
VERTEX
  5
1B61
  8
CUT
 10
2276.3571428571427
 20
-549.0
 30
0.0
 70
0
  0
VERTEX
  5
1B62
  8
CUT
 10
2284.714285714286
 20
-548.7869582097317
 30
0.0
 70
0
  0
VERTEX
  5
1B63
  8
CUT
 10
2293.0714285714284
 20
-548.1917981326533
 30
0.0
 70
0
  0
VERTEX
  5
1B64
  8
CUT
 10
2301.4285714285716
 20
-547.2145197687646
 30
0.0
 70
0
  0
VERTEX
  5
1B65
  8
CUT
 10
2309.785714285714
 20
-545.8551231180656
 30
0.0
 70
0
  0
VERTEX
  5
1B66
  8
CUT
 10
2318.142857142857
 20
-544.1136081805566
 30
0.0
 70
0
  0
VERTEX
  5
1B67
  8
CUT
 10
2326.5
 20
-541.9899749562375
 30
0.0
 70
0
  0
VERTEX
  5
1B68
  8
CUT
 10
2334.8571428571427
 20
-539.4842234451081
 30
0.0
 70
0
  0
VERTEX
  5
1B69
  8
CUT
 10
2343.214285714286
 20
-536.5963536471686
 30
0.0
 70
0
  0
VERTEX
  5
1B6A
  8
CUT
 10
2351.5714285714284
 20
-533.3263655624188
 30
0.0
 70
0
  0
VERTEX
  5
1B6B
  8
CUT
 10
2359.9285714285716
 20
-529.674259190859
 30
0.0
 70
0
  0
VERTEX
  5
1B6C
  8
CUT
 10
2368.285714285714
 20
-525.6400345324888
 30
0.0
 70
0
  0
VERTEX
  5
1B6D
  8
CUT
 10
2376.642857142857
 20
-521.2236915873085
 30
0.0
 70
0
  0
VERTEX
  5
1B6E
  8
CUT
 10
2385.0
 20
-516.4252303553181
 30
0.0
 70
0
  0
VERTEX
  5
1B6F
  8
CUT
 10
2385.0
 20
-474.3570860997912
 30
0.0
 42
-0.41421356237309503
 70
0
  0
VERTEX
  5
1B70
  8
CUT
 10
2381.8
 20
-471.1570860997913
 30
0.0
 42
-0.41421356237309503
 70
0
  0
VERTEX
  5
1B71
  8
CUT
 10
2385.0
 20
-467.95708609979135
 30
0.0
 42
-0.41421356237309503
 70
0
  0
VERTEX
  5
1B72
  8
CUT
 10
2388.2
 20
-471.1570860997912
 30
0.0
 70
0
  0
VERTEX
  5
1B73
  8
CUT
 10
2403.0
 20
-471.1570860997912
 30
0.0
 70
0
  0
VERTEX
  5
1B74
  8
CUT
 10
2403.0
 20
-431.1570860997913
 30
0.0
 70
0
  0
VERTEX
  5
1B75
  8
CUT
 10
2388.2
 20
-431.1570860997913
 30
0.0
 42
-0.41421356237309503
 70
0
  0
VERTEX
  5
1B76
  8
CUT
 10
2385.0
 20
-434.3570860997911
 30
0.0
 42
-0.41421356237309503
 70
0
  0
VERTEX
  5
1B77
  8
CUT
 10
2381.8
 20
-431.15708609979106
 30
0.0
 42
-0.41421356237309503
 70
0
  0
VERTEX
  5
1B78
  8
CUT
 10
2385.0
 20
-427.95708609979124
 30
0.0
 70
0
  0
VERTEX
  5
1B79
  8
CUT
 10
2385.0
 20
-423.1570860997913
 30
0.0
 70
0
  0
SEQEND
  5
1B46
  8
CUT
  0
POLYLINE
  5
1B7A
  8
CUT
 66
1
 10
0.0
 20
0.0
 30
0.0
 70
1
  0
VERTEX
  5
1B7C
  8
CUT
 10
2304.252397642453
 20
-745.0
 30
0.0
 70
0
  0
VERTEX
  5
1B7D
  8
CUT
 10
2299.452397642453
 20
-745.0
 30
0.0
 42
-0.41421356237309503
 70
0
  0
VERTEX
  5
1B7E
  8
CUT
 10
2296.252397642453
 20
-748.1999999999998
 30
0.0
 42
-0.41421356237309503
 70
0
  0
VERTEX
  5
1B7F
  8
CUT
 10
2293.0523976424533
 20
-744.9999999999998
 30
0.0
 42
-0.41421356237309503
 70
0
  0
VERTEX
  5
1B80
  8
CUT
 10
2296.252397642453
 20
-741.8
 30
0.0
 70
0
  0
VERTEX
  5
1B81
  8
CUT
 10
2296.252397642453
 20
-727.0
 30
0.0
 70
0
  0
VERTEX
  5
1B82
  8
CUT
 10
2256.252397642453
 20
-727.0
 30
0.0
 70
0
  0
VERTEX
  5
1B83
  8
CUT
 10
2256.252397642453
 20
-741.8
 30
0.0
 42
-0.41421356237309503
 70
0
  0
VERTEX
  5
1B84
  8
CUT
 10
2259.452397642453
 20
-744.9999999999999
 30
0.0
 42
-0.41421356237309503
 70
0
  0
VERTEX
  5
1B85
  8
CUT
 10
2256.252397642453
 20
-748.1999999999998
 30
0.0
 42
-0.41421356237309503
 70
0
  0
VERTEX
  5
1B86
  8
CUT
 10
2253.0523976424533
 20
-745.0
 30
0.0
 70
0
  0
VERTEX
  5
1B87
  8
CUT
 10
2221.6796645102063
 20
-745.0
 30
0.0
 70
0
  0
VERTEX
  5
1B88
  8
CUT
 10
2216.4169423906123
 20
-753.3571428571429
 30
0.0
 70
0
  0
VERTEX
  5
1B89
  8
CUT
 10
2211.5186123403873
 20
-761.7142857142857
 30
0.0
 70
0
  0
VERTEX
  5
1B8A
  8
CUT
 10
2206.984674359531
 20
-770.0714285714286
 30
0.0
 70
0
  0
VERTEX
  5
1B8B
  8
CUT
 10
2202.8151284480423
 20
-778.4285714285714
 30
0.0
 70
0
  0
VERTEX
  5
1B8C
  8
CUT
 10
2199.009974605923
 20
-786.7857142857142
 30
0.0
 70
0
  0
VERTEX
  5
1B8D
  8
CUT
 10
2195.569212833172
 20
-795.1428571428571
 30
0.0
 70
0
  0
VERTEX
  5
1B8E
  8
CUT
 10
2192.49284312979
 20
-803.5
 30
0.0
 70
0
  0
VERTEX
  5
1B8F
  8
CUT
 10
2189.780865495776
 20
-811.8571428571429
 30
0.0
 70
0
  0
VERTEX
  5
1B90
  8
CUT
 10
2187.433279931131
 20
-820.2142857142857
 30
0.0
 70
0
  0
VERTEX
  5
1B91
  8
CUT
 10
2185.4500864358542
 20
-828.5714285714286
 30
0.0
 70
0
  0
VERTEX
  5
1B92
  8
CUT
 10
2183.831285009946
 20
-836.9285714285714
 30
0.0
 70
0
  0
VERTEX
  5
1B93
  8
CUT
 10
2182.5768756534067
 20
-845.2857142857142
 30
0.0
 70
0
  0
VERTEX
  5
1B94
  8
CUT
 10
2181.686858366236
 20
-853.6428571428571
 30
0.0
 70
0
  0
VERTEX
  5
1B95
  8
CUT
 10
2181.161233148434
 20
-862.0
 30
0.0
 70
0
  0
VERTEX
  5
1B96
  8
CUT
 10
2181.0
 20
-870.3571428571429
 30
0.0
 70
0
  0
VERTEX
  5
1B97
  8
CUT
 10
2181.203158920935
 20
-878.7142857142857
 30
0.0
 70
0
  0
VERTEX
  5
1B98
  8
CUT
 10
2181.7707099112386
 20
-887.0714285714286
 30
0.0
 70
0
  0
VERTEX
  5
1B99
  8
CUT
 10
2182.7026529709105
 20
-895.4285714285713
 30
0.0
 70
0
  0
VERTEX
  5
1B9A
  8
CUT
 10
2183.998988099951
 20
-903.7857142857142
 30
0.0
 70
0
  0
VERTEX
  5
1B9B
  8
CUT
 10
2185.6597152983604
 20
-912.1428571428571
 30
0.0
 70
0
  0
VERTEX
  5
1B9C
  8
CUT
 10
2187.6848345661383
 20
-920.5
 30
0.0
 70
0
  0
VERTEX
  5
1B9D
  8
CUT
 10
2190.0743459032847
 20
-928.8571428571429
 30
0.0
 70
0
  0
VERTEX
  5
1B9E
  8
CUT
 10
2192.8282493097995
 20
-937.2142857142858
 30
0.0
 70
0
  0
VERTEX
  5
1B9F
  8
CUT
 10
2195.9465447856833
 20
-945.5714285714286
 30
0.0
 70
0
  0
VERTEX
  5
1BA0
  8
CUT
 10
2199.4292323309355
 20
-953.9285714285714
 30
0.0
 70
0
  0
VERTEX
  5
1BA1
  8
CUT
 10
2203.2763119455562
 20
-962.2857142857142
 30
0.0
 70
0
  0
VERTEX
  5
1BA2
  8
CUT
 10
2207.4877836295454
 20
-970.6428571428571
 30
0.0
 70
0
  0
VERTEX
  5
1BA3
  8
CUT
 10
2212.063647382903
 20
-979.0
 30
0.0
 70
0
  0
VERTEX
  5
1BA4
  8
CUT
 10
2253.0523976424533
 20
-979.0
 30
0.0
 42
-0.41421356237309503
 70
0
  0
VERTEX
  5
1BA5
  8
CUT
 10
2256.252397642453
 20
-975.8000000000002
 30
0.0
 42
-0.41421356237309503
 70
0
  0
VERTEX
  5
1BA6
  8
CUT
 10
2259.452397642453
 20
-979.0000000000002
 30
0.0
 42
-0.41421356237309503
 70
0
  0
VERTEX
  5
1BA7
  8
CUT
 10
2256.252397642453
 20
-982.2
 30
0.0
 70
0
  0
VERTEX
  5
1BA8
  8
CUT
 10
2256.252397642453
 20
-997.0
 30
0.0
 70
0
  0
VERTEX
  5
1BA9
  8
CUT
 10
2296.252397642453
 20
-997.0
 30
0.0
 70
0
  0
VERTEX
  5
1BAA
  8
CUT
 10
2296.252397642453
 20
-982.2
 30
0.0
 42
-0.41421356237309503
 70
0
  0
VERTEX
  5
1BAB
  8
CUT
 10
2293.0523976424533
 20
-979.0000000000001
 30
0.0
 42
-0.41421356237309503
 70
0
  0
VERTEX
  5
1BAC
  8
CUT
 10
2296.252397642453
 20
-975.8000000000002
 30
0.0
 42
-0.41421356237309503
 70
0
  0
VERTEX
  5
1BAD
  8
CUT
 10
2299.452397642453
 20
-979.0
 30
0.0
 70
0
  0
VERTEX
  5
1BAE
  8
CUT
 10
2304.252397642453
 20
-979.0
 30
0.0
 70
0
  0
SEQEND
  5
1B7B
  8
CUT
  0
POLYLINE
  5
1BAF
  8
CUT
 66
1
 10
0.0
 20
0.0
 30
0.0
 70
1
  0
VERTEX
  5
1BB1
  8
CUT
 10
2412.252397642453
 20
-1113.0
 30
0.0
 70
0
  0
VERTEX
  5
1BB2
  8
CUT
 10
2407.452397642453
 20
-1113.0
 30
0.0
 42
-0.41421356237309503
 70
0
  0
VERTEX
  5
1BB3
  8
CUT
 10
2404.252397642453
 20
-1116.1999999999996
 30
0.0
 42
-0.41421356237309503
 70
0
  0
VERTEX
  5
1BB4
  8
CUT
 10
2401.0523976424533
 20
-1112.9999999999995
 30
0.0
 42
-0.41421356237309503
 70
0
  0
VERTEX
  5
1BB5
  8
CUT
 10
2404.252397642453
 20
-1109.8
 30
0.0
 70
0
  0
VERTEX
  5
1BB6
  8
CUT
 10
2404.252397642453
 20
-1095.0
 30
0.0
 70
0
  0
VERTEX
  5
1BB7
  8
CUT
 10
2364.252397642453
 20
-1095.0
 30
0.0
 70
0
  0
VERTEX
  5
1BB8
  8
CUT
 10
2364.252397642453
 20
-1109.8
 30
0.0
 42
-0.41421356237309503
 70
0
  0
VERTEX
  5
1BB9
  8
CUT
 10
2367.452397642453
 20
-1112.9999999999998
 30
0.0
 42
-0.41421356237309503
 70
0
  0
VERTEX
  5
1BBA
  8
CUT
 10
2364.252397642453
 20
-1116.1999999999996
 30
0.0
 42
-0.41421356237309503
 70
0
  0
VERTEX
  5
1BBB
  8
CUT
 10
2361.0523976424533
 20
-1113.0
 30
0.0
 70
0
  0
VERTEX
  5
1BBC
  8
CUT
 10
2329.6796645102063
 20
-1113.0
 30
0.0
 70
0
  0
VERTEX
  5
1BBD
  8
CUT
 10
2324.4169423906123
 20
-1121.357142857143
 30
0.0
 70
0
  0
VERTEX
  5
1BBE
  8
CUT
 10
2319.5186123403873
 20
-1129.7142857142858
 30
0.0
 70
0
  0
VERTEX
  5
1BBF
  8
CUT
 10
2314.984674359531
 20
-1138.0714285714284
 30
0.0
 70
0
  0
VERTEX
  5
1BC0
  8
CUT
 10
2310.8151284480423
 20
-1146.4285714285716
 30
0.0
 70
0
  0
VERTEX
  5
1BC1
  8
CUT
 10
2307.009974605923
 20
-1154.7857142857142
 30
0.0
 70
0
  0
VERTEX
  5
1BC2
  8
CUT
 10
2303.569212833172
 20
-1163.142857142857
 30
0.0
 70
0
  0
VERTEX
  5
1BC3
  8
CUT
 10
2300.49284312979
 20
-1171.5
 30
0.0
 70
0
  0
VERTEX
  5
1BC4
  8
CUT
 10
2297.780865495776
 20
-1179.857142857143
 30
0.0
 70
0
  0
VERTEX
  5
1BC5
  8
CUT
 10
2295.433279931131
 20
-1188.2142857142858
 30
0.0
 70
0
  0
VERTEX
  5
1BC6
  8
CUT
 10
2293.4500864358542
 20
-1196.5714285714284
 30
0.0
 70
0
  0
VERTEX
  5
1BC7
  8
CUT
 10
2291.831285009946
 20
-1204.9285714285716
 30
0.0
 70
0
  0
VERTEX
  5
1BC8
  8
CUT
 10
2290.5768756534067
 20
-1213.2857142857142
 30
0.0
 70
0
  0
VERTEX
  5
1BC9
  8
CUT
 10
2289.686858366236
 20
-1221.642857142857
 30
0.0
 70
0
  0
VERTEX
  5
1BCA
  8
CUT
 10
2289.161233148434
 20
-1230.0
 30
0.0
 70
0
  0
VERTEX
  5
1BCB
  8
CUT
 10
2289.0
 20
-1238.357142857143
 30
0.0
 70
0
  0
VERTEX
  5
1BCC
  8
CUT
 10
2289.203158920935
 20
-1246.7142857142858
 30
0.0
 70
0
  0
VERTEX
  5
1BCD
  8
CUT
 10
2289.7707099112386
 20
-1255.0714285714284
 30
0.0
 70
0
  0
VERTEX
  5
1BCE
  8
CUT
 10
2290.7026529709105
 20
-1263.4285714285713
 30
0.0
 70
0
  0
VERTEX
  5
1BCF
  8
CUT
 10
2291.998988099951
 20
-1271.7857142857142
 30
0.0
 70
0
  0
VERTEX
  5
1BD0
  8
CUT
 10
2293.6597152983604
 20
-1280.142857142857
 30
0.0
 70
0
  0
VERTEX
  5
1BD1
  8
CUT
 10
2295.6848345661383
 20
-1288.5
 30
0.0
 70
0
  0
VERTEX
  5
1BD2
  8
CUT
 10
2298.0743459032847
 20
-1296.857142857143
 30
0.0
 70
0
  0
VERTEX
  5
1BD3
  8
CUT
 10
2300.8282493097995
 20
-1305.2142857142858
 30
0.0
 70
0
  0
VERTEX
  5
1BD4
  8
CUT
 10
2303.9465447856833
 20
-1313.5714285714287
 30
0.0
 70
0
  0
VERTEX
  5
1BD5
  8
CUT
 10
2307.4292323309355
 20
-1321.9285714285713
 30
0.0
 70
0
  0
VERTEX
  5
1BD6
  8
CUT
 10
2311.2763119455562
 20
-1330.2857142857142
 30
0.0
 70
0
  0
VERTEX
  5
1BD7
  8
CUT
 10
2315.4877836295454
 20
-1338.642857142857
 30
0.0
 70
0
  0
VERTEX
  5
1BD8
  8
CUT
 10
2320.063647382903
 20
-1347.0
 30
0.0
 70
0
  0
VERTEX
  5
1BD9
  8
CUT
 10
2361.0523976424533
 20
-1347.0
 30
0.0
 42
-0.41421356237309503
 70
0
  0
VERTEX
  5
1BDA
  8
CUT
 10
2364.2523976424536
 20
-1343.8000000000004
 30
0.0
 42
-0.41421356237309503
 70
0
  0
VERTEX
  5
1BDB
  8
CUT
 10
2367.452397642453
 20
-1347.0000000000005
 30
0.0
 42
-0.41421356237309503
 70
0
  0
VERTEX
  5
1BDC
  8
CUT
 10
2364.252397642453
 20
-1350.2
 30
0.0
 70
0
  0
VERTEX
  5
1BDD
  8
CUT
 10
2364.252397642453
 20
-1365.0
 30
0.0
 70
0
  0
VERTEX
  5
1BDE
  8
CUT
 10
2404.252397642453
 20
-1365.0
 30
0.0
 70
0
  0
VERTEX
  5
1BDF
  8
CUT
 10
2404.252397642453
 20
-1350.2
 30
0.0
 42
-0.41421356237309503
 70
0
  0
VERTEX
  5
1BE0
  8
CUT
 10
2401.0523976424533
 20
-1347.0000000000002
 30
0.0
 42
-0.41421356237309503
 70
0
  0
VERTEX
  5
1BE1
  8
CUT
 10
2404.252397642453
 20
-1343.8000000000004
 30
0.0
 42
-0.41421356237309503
 70
0
  0
VERTEX
  5
1BE2
  8
CUT
 10
2407.452397642453
 20
-1347.0
 30
0.0
 70
0
  0
VERTEX
  5
1BE3
  8
CUT
 10
2412.252397642453
 20
-1347.0
 30
0.0
 70
0
  0
SEQEND
  5
1BB0
  8
CUT
  0
POLYLINE
  5
1BE4
  8
REFERENCE-SHEET
 66
1
 10
0.0
 20
0.0
 30
0.0
 70
1
  0
VERTEX
  5
1BE6
  8
REFERENCE-SHEET
 10
0.0
 20
-2940.0
 30
0.0
 70
0
  0
VERTEX
  5
1BE7
  8
REFERENCE-SHEET
 10
2440.0
 20
-2940.0
 30
0.0
 70
0
  0
VERTEX
  5
1BE8
  8
REFERENCE-SHEET
 10
2440.0
 20
-1720.0
 30
0.0
 70
0
  0
VERTEX
  5
1BE9
  8
REFERENCE-SHEET
 10
0.0
 20
-1720.0
 30
0.0
 70
0
  0
SEQEND
  5
1BE5
  8
REFERENCE-SHEET
  0
POLYLINE
  5
1BEA
  8
CUT
 66
1
 10
0.0
 20
0.0
 30
0.0
 70
1
  0
VERTEX
  5
1BEC
  8
CUT
 10
17.0
 20
-2905.0
 30
0.0
 70
0
  0
VERTEX
  5
1BED
  8
CUT
 10
21.8
 20
-2905.0
 30
0.0
 42
-0.41421356237309503
 70
0
  0
VERTEX
  5
1BEE
  8
CUT
 10
24.99999999999991
 20
-2901.8
 30
0.0
 42
-0.41421356237309503
 70
0
  0
VERTEX
  5
1BEF
  8
CUT
 10
28.19999999999982
 20
-2905.0
 30
0.0
 42
-0.41421356237309503
 70
0
  0
VERTEX
  5
1BF0
  8
CUT
 10
25.0
 20
-2908.2
 30
0.0
 70
0
  0
VERTEX
  5
1BF1
  8
CUT
 10
25.0
 20
-2923.0
 30
0.0
 70
0
  0
VERTEX
  5
1BF2
  8
CUT
 10
65.0
 20
-2923.0
 30
0.0
 70
0
  0
VERTEX
  5
1BF3
  8
CUT
 10
65.0
 20
-2908.2
 30
0.0
 42
-0.41421356237309503
 70
0
  0
VERTEX
  5
1BF4
  8
CUT
 10
61.800000000000175
 20
-2905.0
 30
0.0
 42
-0.41421356237309503
 70
0
  0
VERTEX
  5
1BF5
  8
CUT
 10
65.00000000000017
 20
-2901.8
 30
0.0
 42
-0.41421356237309503
 70
0
  0
VERTEX
  5
1BF6
  8
CUT
 10
68.2
 20
-2905.0
 30
0.0
 70
0
  0
VERTEX
  5
1BF7
  8
CUT
 10
99.57273313224687
 20
-2905.0
 30
0.0
 70
0
  0
VERTEX
  5
1BF8
  8
CUT
 10
104.8354552518407
 20
-2896.6428571428573
 30
0.0
 70
0
  0
VERTEX
  5
1BF9
  8
CUT
 10
109.73378530206594
 20
-2888.285714285714
 30
0.0
 70
0
  0
VERTEX
  5
1BFA
  8
CUT
 10
114.26772328292259
 20
-2879.9285714285716
 30
0.0
 70
0
  0
VERTEX
  5
1BFB
  8
CUT
 10
118.4372691944107
 20
-2871.5714285714284
 30
0.0
 70
0
  0
VERTEX
  5
1BFC
  8
CUT
 10
122.24242303653023
 20
-2863.214285714286
 30
0.0
 70
0
  0
VERTEX
  5
1BFD
  8
CUT
 10
125.6831848092811
 20
-2854.8571428571427
 30
0.0
 70
0
  0
VERTEX
  5
1BFE
  8
CUT
 10
128.75955451266344
 20
-2846.5
 30
0.0
 70
0
  0
VERTEX
  5
1BFF
  8
CUT
 10
131.4715321466772
 20
-2838.1428571428573
 30
0.0
 70
0
  0
VERTEX
  5
1C00
  8
CUT
 10
133.81911771132235
 20
-2829.785714285714
 30
0.0
 70
0
  0
VERTEX
  5
1C01
  8
CUT
 10
135.80231120659897
 20
-2821.4285714285716
 30
0.0
 70
0
  0
VERTEX
  5
1C02
  8
CUT
 10
137.421112632507
 20
-2813.0714285714284
 30
0.0
 70
0
  0
VERTEX
  5
1C03
  8
CUT
 10
138.6755219890464
 20
-2804.714285714286
 30
0.0
 70
0
  0
VERTEX
  5
1C04
  8
CUT
 10
139.56553927621724
 20
-2796.3571428571427
 30
0.0
 70
0
  0
VERTEX
  5
1C05
  8
CUT
 10
140.0911644940195
 20
-2788.0
 30
0.0
 70
0
  0
VERTEX
  5
1C06
  8
CUT
 10
140.25239764245316
 20
-2779.6428571428573
 30
0.0
 70
0
  0
VERTEX
  5
1C07
  8
CUT
 10
140.0492387215183
 20
-2771.285714285714
 30
0.0
 70
0
  0
VERTEX
  5
1C08
  8
CUT
 10
139.48168773121478
 20
-2762.9285714285716
 30
0.0
 70
0
  0
VERTEX
  5
1C09
  8
CUT
 10
138.54974467154273
 20
-2754.5714285714284
 30
0.0
 70
0
  0
VERTEX
  5
1C0A
  8
CUT
 10
137.25340954250203
 20
-2746.214285714286
 30
0.0
 70
0
  0
VERTEX
  5
1C0B
  8
CUT
 10
135.5926823440928
 20
-2737.8571428571427
 30
0.0
 70
0
  0
VERTEX
  5
1C0C
  8
CUT
 10
133.56756307631497
 20
-2729.5
 30
0.0
 70
0
  0
VERTEX
  5
1C0D
  8
CUT
 10
131.17805173916855
 20
-2721.1428571428573
 30
0.0
 70
0
  0
VERTEX
  5
1C0E
  8
CUT
 10
128.42414833265354
 20
-2712.785714285714
 30
0.0
 70
0
  0
VERTEX
  5
1C0F
  8
CUT
 10
125.30585285677
 20
-2704.4285714285716
 30
0.0
 70
0
  0
VERTEX
  5
1C10
  8
CUT
 10
121.82316531151781
 20
-2696.0714285714284
 30
0.0
 70
0
  0
VERTEX
  5
1C11
  8
CUT
 10
117.97608569689709
 20
-2687.714285714286
 30
0.0
 70
0
  0
VERTEX
  5
1C12
  8
CUT
 10
113.76461401290777
 20
-2679.357142857143
 30
0.0
 70
0
  0
VERTEX
  5
1C13
  8
CUT
 10
109.18875025954986
 20
-2671.0
 30
0.0
 70
0
  0
VERTEX
  5
1C14
  8
CUT
 10
68.2
 20
-2671.0
 30
0.0
 42
-0.41421356237309503
 70
0
  0
VERTEX
  5
1C15
  8
CUT
 10
65.0000000000001
 20
-2674.2
 30
0.0
 42
-0.41421356237309503
 70
0
  0
VERTEX
  5
1C16
  8
CUT
 10
61.80000000000019
 20
-2671.0
 30
0.0
 42
-0.41421356237309503
 70
0
  0
VERTEX
  5
1C17
  8
CUT
 10
65.0
 20
-2667.8
 30
0.0
 70
0
  0
VERTEX
  5
1C18
  8
CUT
 10
65.0
 20
-2653.0
 30
0.0
 70
0
  0
VERTEX
  5
1C19
  8
CUT
 10
25.0
 20
-2653.0
 30
0.0
 70
0
  0
VERTEX
  5
1C1A
  8
CUT
 10
25.0
 20
-2667.8
 30
0.0
 42
-0.41421356237309503
 70
0
  0
VERTEX
  5
1C1B
  8
CUT
 10
28.199999999999818
 20
-2671.0
 30
0.0
 42
-0.41421356237309503
 70
0
  0
VERTEX
  5
1C1C
  8
CUT
 10
24.999999999999815
 20
-2674.2
 30
0.0
 42
-0.41421356237309503
 70
0
  0
VERTEX
  5
1C1D
  8
CUT
 10
21.8
 20
-2671.0
 30
0.0
 70
0
  0
VERTEX
  5
1C1E
  8
CUT
 10
17.0
 20
-2671.0
 30
0.0
 70
0
  0
SEQEND
  5
1BEB
  8
CUT
  0
POLYLINE
  5
1C1F
  8
CUT
 66
1
 10
0.0
 20
0.0
 30
0.0
 70
1
  0
VERTEX
  5
1C21
  8
CUT
 10
35.00000000000001
 20
-2535.747602357547
 30
0.0
 70
0
  0
VERTEX
  5
1C22
  8
CUT
 10
35.00000000000001
 20
-2540.5476023575466
 30
0.0
 42
-0.41421356237309503
 70
0
  0
VERTEX
  5
1C23
  8
CUT
 10
38.20000000000028
 20
-2543.747602357547
 30
0.0
 42
-0.41421356237309503
 70
0
  0
VERTEX
  5
1C24
  8
CUT
 10
35.00000000000028
 20
-2546.947602357547
 30
0.0
 42
-0.41421356237309503
 70
0
  0
VERTEX
  5
1C25
  8
CUT
 10
31.800000000000008
 20
-2543.747602357547
 30
0.0
 70
0
  0
VERTEX
  5
1C26
  8
CUT
 10
17.000000000000007
 20
-2543.747602357547
 30
0.0
 70
0
  0
VERTEX
  5
1C27
  8
CUT
 10
17.0
 20
-2583.747602357547
 30
0.0
 70
0
  0
VERTEX
  5
1C28
  8
CUT
 10
31.8
 20
-2583.747602357547
 30
0.0
 42
-0.41421356237309503
 70
0
  0
VERTEX
  5
1C29
  8
CUT
 10
34.99999999999991
 20
-2580.547602357547
 30
0.0
 42
-0.41421356237309503
 70
0
  0
VERTEX
  5
1C2A
  8
CUT
 10
38.19999999999982
 20
-2583.747602357547
 30
0.0
 42
-0.41421356237309503
 70
0
  0
VERTEX
  5
1C2B
  8
CUT
 10
35.0
 20
-2586.9476023575467
 30
0.0
 70
0
  0
VERTEX
  5
1C2C
  8
CUT
 10
34.99999999999999
 20
-2618.3203354897937
 30
0.0
 70
0
  0
VERTEX
  5
1C2D
  8
CUT
 10
43.35714285714285
 20
-2623.5830576093877
 30
0.0
 70
0
  0
VERTEX
  5
1C2E
  8
CUT
 10
51.71428571428571
 20
-2628.4813876596127
 30
0.0
 70
0
  0
VERTEX
  5
1C2F
  8
CUT
 10
60.071428571428555
 20
-2633.015325640469
 30
0.0
 70
0
  0
VERTEX
  5
1C30
  8
CUT
 10
68.42857142857142
 20
-2637.1848715519577
 30
0.0
 70
0
  0
VERTEX
  5
1C31
  8
CUT
 10
76.78571428571428
 20
-2640.990025394077
 30
0.0
 70
0
  0
VERTEX
  5
1C32
  8
CUT
 10
85.14285714285714
 20
-2644.430787166828
 30
0.0
 70
0
  0
VERTEX
  5
1C33
  8
CUT
 10
93.5
 20
-2647.50715687021
 30
0.0
 70
0
  0
VERTEX
  5
1C34
  8
CUT
 10
101.85714285714286
 20
-2650.219134504224
 30
0.0
 70
0
  0
VERTEX
  5
1C35
  8
CUT
 10
110.2142857142857
 20
-2652.566720068869
 30
0.0
 70
0
  0
VERTEX
  5
1C36
  8
CUT
 10
118.57142857142856
 20
-2654.5499135641458
 30
0.0
 70
0
  0
VERTEX
  5
1C37
  8
CUT
 10
126.92857142857142
 20
-2656.168714990054
 30
0.0
 70
0
  0
VERTEX
  5
1C38
  8
CUT
 10
135.28571428571428
 20
-2657.4231243465933
 30
0.0
 70
0
  0
VERTEX
  5
1C39
  8
CUT
 10
143.6428571428571
 20
-2658.313141633764
 30
0.0
 70
0
  0
VERTEX
  5
1C3A
  8
CUT
 10
151.99999999999997
 20
-2658.838766851566
 30
0.0
 70
0
  0
VERTEX
  5
1C3B
  8
CUT
 10
160.35714285714283
 20
-2659.0
 30
0.0
 70
0
  0
VERTEX
  5
1C3C
  8
CUT
 10
168.7142857142857
 20
-2658.796841079065
 30
0.0
 70
0
  0
VERTEX
  5
1C3D
  8
CUT
 10
177.07142857142856
 20
-2658.2292900887614
 30
0.0
 70
0
  0
VERTEX
  5
1C3E
  8
CUT
 10
185.4285714285714
 20
-2657.2973470290895
 30
0.0
 70
0
  0
VERTEX
  5
1C3F
  8
CUT
 10
193.78571428571425
 20
-2656.001011900049
 30
0.0
 70
0
  0
VERTEX
  5
1C40
  8
CUT
 10
202.1428571428571
 20
-2654.3402847016396
 30
0.0
 70
0
  0
VERTEX
  5
1C41
  8
CUT
 10
210.49999999999997
 20
-2652.3151654338617
 30
0.0
 70
0
  0
VERTEX
  5
1C42
  8
CUT
 10
218.85714285714283
 20
-2649.9256540967153
 30
0.0
 70
0
  0
VERTEX
  5
1C43
  8
CUT
 10
227.2142857142857
 20
-2647.1717506902005
 30
0.0
 70
0
  0
VERTEX
  5
1C44
  8
CUT
 10
235.57142857142856
 20
-2644.0534552143167
 30
0.0
 70
0
  0
VERTEX
  5
1C45
  8
CUT
 10
243.9285714285714
 20
-2640.5707676690645
 30
0.0
 70
0
  0
VERTEX
  5
1C46
  8
CUT
 10
252.28571428571425
 20
-2636.7236880544438
 30
0.0
 70
0
  0
VERTEX
  5
1C47
  8
CUT
 10
260.6428571428571
 20
-2632.5122163704546
 30
0.0
 70
0
  0
VERTEX
  5
1C48
  8
CUT
 10
269.0
 20
-2627.936352617097
 30
0.0
 70
0
  0
VERTEX
  5
1C49
  8
CUT
 10
269.0
 20
-2586.947602357547
 30
0.0
 42
-0.41421356237309503
 70
0
  0
VERTEX
  5
1C4A
  8
CUT
 10
265.7999999999997
 20
-2583.747602357547
 30
0.0
 42
-0.41421356237309503
 70
0
  0
VERTEX
  5
1C4B
  8
CUT
 10
268.9999999999998
 20
-2580.5476023575466
 30
0.0
 42
-0.41421356237309503
 70
0
  0
VERTEX
  5
1C4C
  8
CUT
 10
272.2
 20
-2583.747602357547
 30
0.0
 70
0
  0
VERTEX
  5
1C4D
  8
CUT
 10
287.0
 20
-2583.747602357547
 30
0.0
 70
0
  0
VERTEX
  5
1C4E
  8
CUT
 10
287.0
 20
-2543.747602357547
 30
0.0
 70
0
  0
VERTEX
  5
1C4F
  8
CUT
 10
272.2
 20
-2543.747602357547
 30
0.0
 42
-0.41421356237309503
 70
0
  0
VERTEX
  5
1C50
  8
CUT
 10
269.0000000000001
 20
-2546.9476023575467
 30
0.0
 42
-0.41421356237309503
 70
0
  0
VERTEX
  5
1C51
  8
CUT
 10
265.8000000000002
 20
-2543.747602357547
 30
0.0
 42
-0.41421356237309503
 70
0
  0
VERTEX
  5
1C52
  8
CUT
 10
269.0
 20
-2540.547602357547
 30
0.0
 70
0
  0
VERTEX
  5
1C53
  8
CUT
 10
269.0
 20
-2535.747602357547
 30
0.0
 70
0
  0
SEQEND
  5
1C20
  8
CUT
  0
POLYLINE
  5
1C54
  8
CUT
 66
1
 10
0.0
 20
0.0
 30
0.0
 70
1
  0
VERTEX
  5
1C56
  8
CUT
 10
17.0
 20
-2501.0
 30
0.0
 70
0
  0
VERTEX
  5
1C57
  8
CUT
 10
21.8
 20
-2501.0
 30
0.0
 42
-0.41421356237309503
 70
0
  0
VERTEX
  5
1C58
  8
CUT
 10
24.99999999999991
 20
-2497.8
 30
0.0
 42
-0.41421356237309503
 70
0
  0
VERTEX
  5
1C59
  8
CUT
 10
28.19999999999982
 20
-2501.0
 30
0.0
 42
-0.41421356237309503
 70
0
  0
VERTEX
  5
1C5A
  8
CUT
 10
25.0
 20
-2504.2
 30
0.0
 70
0
  0
VERTEX
  5
1C5B
  8
CUT
 10
25.0
 20
-2519.0
 30
0.0
 70
0
  0
VERTEX
  5
1C5C
  8
CUT
 10
65.0
 20
-2519.0
 30
0.0
 70
0
  0
VERTEX
  5
1C5D
  8
CUT
 10
65.0
 20
-2504.2
 30
0.0
 42
-0.41421356237309503
 70
0
  0
VERTEX
  5
1C5E
  8
CUT
 10
61.800000000000175
 20
-2501.0
 30
0.0
 42
-0.41421356237309503
 70
0
  0
VERTEX
  5
1C5F
  8
CUT
 10
65.00000000000017
 20
-2497.8
 30
0.0
 42
-0.41421356237309503
 70
0
  0
VERTEX
  5
1C60
  8
CUT
 10
68.2
 20
-2501.0
 30
0.0
 70
0
  0
VERTEX
  5
1C61
  8
CUT
 10
99.57273313224687
 20
-2501.0
 30
0.0
 70
0
  0
VERTEX
  5
1C62
  8
CUT
 10
104.8354552518407
 20
-2492.6428571428573
 30
0.0
 70
0
  0
VERTEX
  5
1C63
  8
CUT
 10
109.73378530206594
 20
-2484.285714285714
 30
0.0
 70
0
  0
VERTEX
  5
1C64
  8
CUT
 10
114.26772328292259
 20
-2475.9285714285716
 30
0.0
 70
0
  0
VERTEX
  5
1C65
  8
CUT
 10
118.4372691944107
 20
-2467.5714285714284
 30
0.0
 70
0
  0
VERTEX
  5
1C66
  8
CUT
 10
122.24242303653023
 20
-2459.214285714286
 30
0.0
 70
0
  0
VERTEX
  5
1C67
  8
CUT
 10
125.6831848092811
 20
-2450.857142857143
 30
0.0
 70
0
  0
VERTEX
  5
1C68
  8
CUT
 10
128.75955451266344
 20
-2442.5
 30
0.0
 70
0
  0
VERTEX
  5
1C69
  8
CUT
 10
131.4715321466772
 20
-2434.142857142857
 30
0.0
 70
0
  0
VERTEX
  5
1C6A
  8
CUT
 10
133.81911771132235
 20
-2425.785714285714
 30
0.0
 70
0
  0
VERTEX
  5
1C6B
  8
CUT
 10
135.80231120659897
 20
-2417.4285714285716
 30
0.0
 70
0
  0
VERTEX
  5
1C6C
  8
CUT
 10
137.421112632507
 20
-2409.0714285714284
 30
0.0
 70
0
  0
VERTEX
  5
1C6D
  8
CUT
 10
138.6755219890464
 20
-2400.714285714286
 30
0.0
 70
0
  0
VERTEX
  5
1C6E
  8
CUT
 10
139.56553927621724
 20
-2392.357142857143
 30
0.0
 70
0
  0
VERTEX
  5
1C6F
  8
CUT
 10
140.0911644940195
 20
-2384.0
 30
0.0
 70
0
  0
VERTEX
  5
1C70
  8
CUT
 10
140.25239764245316
 20
-2375.642857142857
 30
0.0
 70
0
  0
VERTEX
  5
1C71
  8
CUT
 10
140.0492387215183
 20
-2367.285714285714
 30
0.0
 70
0
  0
VERTEX
  5
1C72
  8
CUT
 10
139.48168773121478
 20
-2358.9285714285716
 30
0.0
 70
0
  0
VERTEX
  5
1C73
  8
CUT
 10
138.54974467154273
 20
-2350.5714285714284
 30
0.0
 70
0
  0
VERTEX
  5
1C74
  8
CUT
 10
137.25340954250203
 20
-2342.214285714286
 30
0.0
 70
0
  0
VERTEX
  5
1C75
  8
CUT
 10
135.5926823440928
 20
-2333.857142857143
 30
0.0
 70
0
  0
VERTEX
  5
1C76
  8
CUT
 10
133.56756307631497
 20
-2325.5
 30
0.0
 70
0
  0
VERTEX
  5
1C77
  8
CUT
 10
131.17805173916855
 20
-2317.142857142857
 30
0.0
 70
0
  0
VERTEX
  5
1C78
  8
CUT
 10
128.42414833265354
 20
-2308.785714285714
 30
0.0
 70
0
  0
VERTEX
  5
1C79
  8
CUT
 10
125.30585285677
 20
-2300.4285714285716
 30
0.0
 70
0
  0
VERTEX
  5
1C7A
  8
CUT
 10
121.82316531151781
 20
-2292.0714285714284
 30
0.0
 70
0
  0
VERTEX
  5
1C7B
  8
CUT
 10
117.97608569689709
 20
-2283.714285714286
 30
0.0
 70
0
  0
VERTEX
  5
1C7C
  8
CUT
 10
113.76461401290777
 20
-2275.357142857143
 30
0.0
 70
0
  0
VERTEX
  5
1C7D
  8
CUT
 10
109.18875025954986
 20
-2267.0
 30
0.0
 70
0
  0
VERTEX
  5
1C7E
  8
CUT
 10
68.2
 20
-2267.0
 30
0.0
 42
-0.41421356237309503
 70
0
  0
VERTEX
  5
1C7F
  8
CUT
 10
65.0000000000001
 20
-2270.2
 30
0.0
 42
-0.41421356237309503
 70
0
  0
VERTEX
  5
1C80
  8
CUT
 10
61.80000000000019
 20
-2267.0
 30
0.0
 42
-0.41421356237309503
 70
0
  0
VERTEX
  5
1C81
  8
CUT
 10
65.0
 20
-2263.8
 30
0.0
 70
0
  0
VERTEX
  5
1C82
  8
CUT
 10
65.0
 20
-2249.0
 30
0.0
 70
0
  0
VERTEX
  5
1C83
  8
CUT
 10
25.0
 20
-2249.0
 30
0.0
 70
0
  0
VERTEX
  5
1C84
  8
CUT
 10
25.0
 20
-2263.8
 30
0.0
 42
-0.41421356237309503
 70
0
  0
VERTEX
  5
1C85
  8
CUT
 10
28.199999999999818
 20
-2267.0
 30
0.0
 42
-0.41421356237309503
 70
0
  0
VERTEX
  5
1C86
  8
CUT
 10
24.999999999999815
 20
-2270.2
 30
0.0
 42
-0.41421356237309503
 70
0
  0
VERTEX
  5
1C87
  8
CUT
 10
21.8
 20
-2267.0
 30
0.0
 70
0
  0
VERTEX
  5
1C88
  8
CUT
 10
17.0
 20
-2267.0
 30
0.0
 70
0
  0
SEQEND
  5
1C55
  8
CUT
  0
POLYLINE
  5
1C89
  8
CUT
 66
1
 10
0.0
 20
0.0
 30
0.0
 70
1
  0
VERTEX
  5
1C8B
  8
CUT
 10
35.00000000000001
 20
-2131.747602357547
 30
0.0
 70
0
  0
VERTEX
  5
1C8C
  8
CUT
 10
35.00000000000001
 20
-2136.5476023575466
 30
0.0
 42
-0.41421356237309503
 70
0
  0
VERTEX
  5
1C8D
  8
CUT
 10
38.20000000000028
 20
-2139.747602357547
 30
0.0
 42
-0.41421356237309503
 70
0
  0
VERTEX
  5
1C8E
  8
CUT
 10
35.00000000000028
 20
-2142.947602357547
 30
0.0
 42
-0.41421356237309503
 70
0
  0
VERTEX
  5
1C8F
  8
CUT
 10
31.800000000000008
 20
-2139.747602357547
 30
0.0
 70
0
  0
VERTEX
  5
1C90
  8
CUT
 10
17.000000000000007
 20
-2139.747602357547
 30
0.0
 70
0
  0
VERTEX
  5
1C91
  8
CUT
 10
17.0
 20
-2179.747602357547
 30
0.0
 70
0
  0
VERTEX
  5
1C92
  8
CUT
 10
31.8
 20
-2179.747602357547
 30
0.0
 42
-0.41421356237309503
 70
0
  0
VERTEX
  5
1C93
  8
CUT
 10
34.99999999999991
 20
-2176.547602357547
 30
0.0
 42
-0.41421356237309503
 70
0
  0
VERTEX
  5
1C94
  8
CUT
 10
38.19999999999982
 20
-2179.747602357547
 30
0.0
 42
-0.41421356237309503
 70
0
  0
VERTEX
  5
1C95
  8
CUT
 10
35.0
 20
-2182.9476023575467
 30
0.0
 70
0
  0
VERTEX
  5
1C96
  8
CUT
 10
34.99999999999999
 20
-2214.3203354897937
 30
0.0
 70
0
  0
VERTEX
  5
1C97
  8
CUT
 10
43.35714285714285
 20
-2219.5830576093877
 30
0.0
 70
0
  0
VERTEX
  5
1C98
  8
CUT
 10
51.71428571428571
 20
-2224.4813876596127
 30
0.0
 70
0
  0
VERTEX
  5
1C99
  8
CUT
 10
60.071428571428555
 20
-2229.015325640469
 30
0.0
 70
0
  0
VERTEX
  5
1C9A
  8
CUT
 10
68.42857142857142
 20
-2233.1848715519573
 30
0.0
 70
0
  0
VERTEX
  5
1C9B
  8
CUT
 10
76.78571428571428
 20
-2236.990025394077
 30
0.0
 70
0
  0
VERTEX
  5
1C9C
  8
CUT
 10
85.14285714285714
 20
-2240.430787166828
 30
0.0
 70
0
  0
VERTEX
  5
1C9D
  8
CUT
 10
93.5
 20
-2243.50715687021
 30
0.0
 70
0
  0
VERTEX
  5
1C9E
  8
CUT
 10
101.85714285714286
 20
-2246.219134504224
 30
0.0
 70
0
  0
VERTEX
  5
1C9F
  8
CUT
 10
110.2142857142857
 20
-2248.566720068869
 30
0.0
 70
0
  0
VERTEX
  5
1CA0
  8
CUT
 10
118.57142857142856
 20
-2250.5499135641458
 30
0.0
 70
0
  0
VERTEX
  5
1CA1
  8
CUT
 10
126.92857142857142
 20
-2252.1687149900536
 30
0.0
 70
0
  0
VERTEX
  5
1CA2
  8
CUT
 10
135.28571428571428
 20
-2253.4231243465933
 30
0.0
 70
0
  0
VERTEX
  5
1CA3
  8
CUT
 10
143.6428571428571
 20
-2254.313141633764
 30
0.0
 70
0
  0
VERTEX
  5
1CA4
  8
CUT
 10
151.99999999999997
 20
-2254.838766851566
 30
0.0
 70
0
  0
VERTEX
  5
1CA5
  8
CUT
 10
160.35714285714283
 20
-2255.0
 30
0.0
 70
0
  0
VERTEX
  5
1CA6
  8
CUT
 10
168.7142857142857
 20
-2254.7968410790654
 30
0.0
 70
0
  0
VERTEX
  5
1CA7
  8
CUT
 10
177.07142857142856
 20
-2254.2292900887614
 30
0.0
 70
0
  0
VERTEX
  5
1CA8
  8
CUT
 10
185.4285714285714
 20
-2253.2973470290895
 30
0.0
 70
0
  0
VERTEX
  5
1CA9
  8
CUT
 10
193.78571428571425
 20
-2252.001011900049
 30
0.0
 70
0
  0
VERTEX
  5
1CAA
  8
CUT
 10
202.1428571428571
 20
-2250.3402847016396
 30
0.0
 70
0
  0
VERTEX
  5
1CAB
  8
CUT
 10
210.49999999999997
 20
-2248.3151654338617
 30
0.0
 70
0
  0
VERTEX
  5
1CAC
  8
CUT
 10
218.85714285714283
 20
-2245.9256540967153
 30
0.0
 70
0
  0
VERTEX
  5
1CAD
  8
CUT
 10
227.2142857142857
 20
-2243.1717506902005
 30
0.0
 70
0
  0
VERTEX
  5
1CAE
  8
CUT
 10
235.57142857142856
 20
-2240.0534552143167
 30
0.0
 70
0
  0
VERTEX
  5
1CAF
  8
CUT
 10
243.9285714285714
 20
-2236.5707676690645
 30
0.0
 70
0
  0
VERTEX
  5
1CB0
  8
CUT
 10
252.28571428571425
 20
-2232.723688054444
 30
0.0
 70
0
  0
VERTEX
  5
1CB1
  8
CUT
 10
260.6428571428571
 20
-2228.5122163704546
 30
0.0
 70
0
  0
VERTEX
  5
1CB2
  8
CUT
 10
269.0
 20
-2223.936352617097
 30
0.0
 70
0
  0
VERTEX
  5
1CB3
  8
CUT
 10
269.0
 20
-2182.947602357547
 30
0.0
 42
-0.41421356237309503
 70
0
  0
VERTEX
  5
1CB4
  8
CUT
 10
265.7999999999997
 20
-2179.747602357547
 30
0.0
 42
-0.41421356237309503
 70
0
  0
VERTEX
  5
1CB5
  8
CUT
 10
268.9999999999998
 20
-2176.5476023575466
 30
0.0
 42
-0.41421356237309503
 70
0
  0
VERTEX
  5
1CB6
  8
CUT
 10
272.2
 20
-2179.747602357547
 30
0.0
 70
0
  0
VERTEX
  5
1CB7
  8
CUT
 10
287.0
 20
-2179.747602357547
 30
0.0
 70
0
  0
VERTEX
  5
1CB8
  8
CUT
 10
287.0
 20
-2139.747602357547
 30
0.0
 70
0
  0
VERTEX
  5
1CB9
  8
CUT
 10
272.2
 20
-2139.747602357547
 30
0.0
 42
-0.41421356237309503
 70
0
  0
VERTEX
  5
1CBA
  8
CUT
 10
268.9999999999999
 20
-2142.947602357547
 30
0.0
 42
-0.41421356237309503
 70
0
  0
VERTEX
  5
1CBB
  8
CUT
 10
265.7999999999997
 20
-2139.747602357547
 30
0.0
 42
-0.41421356237309503
 70
0
  0
VERTEX
  5
1CBC
  8
CUT
 10
269.0
 20
-2136.5476023575466
 30
0.0
 70
0
  0
VERTEX
  5
1CBD
  8
CUT
 10
269.0
 20
-2131.747602357547
 30
0.0
 70
0
  0
SEQEND
  5
1C8A
  8
CUT
  0
POLYLINE
  5
1CBE
  8
CUT
 66
1
 10
0.0
 20
0.0
 30
0.0
 70
1
  0
VERTEX
  5
1CC0
  8
CUT
 10
17.0
 20
-2097.0
 30
0.0
 70
0
  0
VERTEX
  5
1CC1
  8
CUT
 10
21.8
 20
-2097.0
 30
0.0
 42
-0.41421356237309503
 70
0
  0
VERTEX
  5
1CC2
  8
CUT
 10
24.99999999999991
 20
-2093.8
 30
0.0
 42
-0.41421356237309503
 70
0
  0
VERTEX
  5
1CC3
  8
CUT
 10
28.19999999999982
 20
-2097.0
 30
0.0
 42
-0.41421356237309503
 70
0
  0
VERTEX
  5
1CC4
  8
CUT
 10
25.0
 20
-2100.2
 30
0.0
 70
0
  0
VERTEX
  5
1CC5
  8
CUT
 10
25.0
 20
-2115.0
 30
0.0
 70
0
  0
VERTEX
  5
1CC6
  8
CUT
 10
65.0
 20
-2115.0
 30
0.0
 70
0
  0
VERTEX
  5
1CC7
  8
CUT
 10
65.0
 20
-2100.2
 30
0.0
 42
-0.41421356237309503
 70
0
  0
VERTEX
  5
1CC8
  8
CUT
 10
61.800000000000175
 20
-2097.0
 30
0.0
 42
-0.41421356237309503
 70
0
  0
VERTEX
  5
1CC9
  8
CUT
 10
65.00000000000017
 20
-2093.8
 30
0.0
 42
-0.41421356237309503
 70
0
  0
VERTEX
  5
1CCA
  8
CUT
 10
68.2
 20
-2097.0
 30
0.0
 70
0
  0
VERTEX
  5
1CCB
  8
CUT
 10
99.57273313224687
 20
-2097.0
 30
0.0
 70
0
  0
VERTEX
  5
1CCC
  8
CUT
 10
104.8354552518407
 20
-2088.642857142857
 30
0.0
 70
0
  0
VERTEX
  5
1CCD
  8
CUT
 10
109.73378530206594
 20
-2080.285714285714
 30
0.0
 70
0
  0
VERTEX
  5
1CCE
  8
CUT
 10
114.26772328292259
 20
-2071.9285714285716
 30
0.0
 70
0
  0
VERTEX
  5
1CCF
  8
CUT
 10
118.4372691944107
 20
-2063.5714285714284
 30
0.0
 70
0
  0
VERTEX
  5
1CD0
  8
CUT
 10
122.24242303653023
 20
-2055.214285714286
 30
0.0
 70
0
  0
VERTEX
  5
1CD1
  8
CUT
 10
125.6831848092811
 20
-2046.857142857143
 30
0.0
 70
0
  0
VERTEX
  5
1CD2
  8
CUT
 10
128.75955451266344
 20
-2038.5
 30
0.0
 70
0
  0
VERTEX
  5
1CD3
  8
CUT
 10
131.4715321466772
 20
-2030.142857142857
 30
0.0
 70
0
  0
VERTEX
  5
1CD4
  8
CUT
 10
133.81911771132235
 20
-2021.7857142857142
 30
0.0
 70
0
  0
VERTEX
  5
1CD5
  8
CUT
 10
135.80231120659897
 20
-2013.4285714285716
 30
0.0
 70
0
  0
VERTEX
  5
1CD6
  8
CUT
 10
137.421112632507
 20
-2005.0714285714284
 30
0.0
 70
0
  0
VERTEX
  5
1CD7
  8
CUT
 10
138.6755219890464
 20
-1996.7142857142858
 30
0.0
 70
0
  0
VERTEX
  5
1CD8
  8
CUT
 10
139.56553927621724
 20
-1988.357142857143
 30
0.0
 70
0
  0
VERTEX
  5
1CD9
  8
CUT
 10
140.0911644940195
 20
-1980.0
 30
0.0
 70
0
  0
VERTEX
  5
1CDA
  8
CUT
 10
140.25239764245316
 20
-1971.642857142857
 30
0.0
 70
0
  0
VERTEX
  5
1CDB
  8
CUT
 10
140.0492387215183
 20
-1963.2857142857142
 30
0.0
 70
0
  0
VERTEX
  5
1CDC
  8
CUT
 10
139.48168773121478
 20
-1954.9285714285716
 30
0.0
 70
0
  0
VERTEX
  5
1CDD
  8
CUT
 10
138.54974467154273
 20
-1946.5714285714284
 30
0.0
 70
0
  0
VERTEX
  5
1CDE
  8
CUT
 10
137.25340954250203
 20
-1938.2142857142858
 30
0.0
 70
0
  0
VERTEX
  5
1CDF
  8
CUT
 10
135.5926823440928
 20
-1929.857142857143
 30
0.0
 70
0
  0
VERTEX
  5
1CE0
  8
CUT
 10
133.56756307631497
 20
-1921.5
 30
0.0
 70
0
  0
VERTEX
  5
1CE1
  8
CUT
 10
131.17805173916855
 20
-1913.142857142857
 30
0.0
 70
0
  0
VERTEX
  5
1CE2
  8
CUT
 10
128.42414833265354
 20
-1904.7857142857142
 30
0.0
 70
0
  0
VERTEX
  5
1CE3
  8
CUT
 10
125.30585285677
 20
-1896.4285714285713
 30
0.0
 70
0
  0
VERTEX
  5
1CE4
  8
CUT
 10
121.82316531151781
 20
-1888.0714285714287
 30
0.0
 70
0
  0
VERTEX
  5
1CE5
  8
CUT
 10
117.97608569689709
 20
-1879.7142857142858
 30
0.0
 70
0
  0
VERTEX
  5
1CE6
  8
CUT
 10
113.76461401290777
 20
-1871.357142857143
 30
0.0
 70
0
  0
VERTEX
  5
1CE7
  8
CUT
 10
109.18875025954986
 20
-1863.0
 30
0.0
 70
0
  0
VERTEX
  5
1CE8
  8
CUT
 10
68.2
 20
-1863.0
 30
0.0
 42
-0.41421356237309503
 70
0
  0
VERTEX
  5
1CE9
  8
CUT
 10
64.99999999999997
 20
-1866.2
 30
0.0
 42
-0.41421356237309503
 70
0
  0
VERTEX
  5
1CEA
  8
CUT
 10
61.79999999999995
 20
-1863.0
 30
0.0
 42
-0.41421356237309503
 70
0
  0
VERTEX
  5
1CEB
  8
CUT
 10
65.0
 20
-1859.8
 30
0.0
 70
0
  0
VERTEX
  5
1CEC
  8
CUT
 10
65.0
 20
-1845.0
 30
0.0
 70
0
  0
VERTEX
  5
1CED
  8
CUT
 10
25.0
 20
-1845.0
 30
0.0
 70
0
  0
VERTEX
  5
1CEE
  8
CUT
 10
25.0
 20
-1859.8
 30
0.0
 42
-0.41421356237309503
 70
0
  0
VERTEX
  5
1CEF
  8
CUT
 10
28.200000000000045
 20
-1863.0
 30
0.0
 42
-0.41421356237309503
 70
0
  0
VERTEX
  5
1CF0
  8
CUT
 10
25.000000000000043
 20
-1866.2
 30
0.0
 42
-0.41421356237309503
 70
0
  0
VERTEX
  5
1CF1
  8
CUT
 10
21.8
 20
-1863.0
 30
0.0
 70
0
  0
VERTEX
  5
1CF2
  8
CUT
 10
17.0
 20
-1863.0
 30
0.0
 70
0
  0
SEQEND
  5
1CBF
  8
CUT
  0
POLYLINE
  5
1CF3
  8
CUT
 66
1
 10
0.0
 20
0.0
 30
0.0
 70
1
  0
VERTEX
  5
1CF5
  8
CUT
 10
63.00000000000001
 20
-1739.7476023575468
 30
0.0
 70
0
  0
VERTEX
  5
1CF6
  8
CUT
 10
63.00000000000001
 20
-1744.5476023575468
 30
0.0
 42
-0.41421356237309503
 70
0
  0
VERTEX
  5
1CF7
  8
CUT
 10
66.20000000000005
 20
-1747.7476023575468
 30
0.0
 42
-0.41421356237309503
 70
0
  0
VERTEX
  5
1CF8
  8
CUT
 10
63.00000000000005
 20
-1750.9476023575469
 30
0.0
 42
-0.41421356237309503
 70
0
  0
VERTEX
  5
1CF9
  8
CUT
 10
59.80000000000001
 20
-1747.7476023575468
 30
0.0
 70
0
  0
VERTEX
  5
1CFA
  8
CUT
 10
45.00000000000001
 20
-1747.7476023575468
 30
0.0
 70
0
  0
VERTEX
  5
1CFB
  8
CUT
 10
45.0
 20
-1787.7476023575468
 30
0.0
 70
0
  0
VERTEX
  5
1CFC
  8
CUT
 10
59.8
 20
-1787.7476023575468
 30
0.0
 42
-0.41421356237309503
 70
0
  0
VERTEX
  5
1CFD
  8
CUT
 10
63.00000000000002
 20
-1784.5476023575468
 30
0.0
 42
-0.41421356237309503
 70
0
  0
VERTEX
  5
1CFE
  8
CUT
 10
66.20000000000005
 20
-1787.7476023575468
 30
0.0
 42
-0.41421356237309503
 70
0
  0
VERTEX
  5
1CFF
  8
CUT
 10
63.0
 20
-1790.9476023575469
 30
0.0
 70
0
  0
VERTEX
  5
1D00
  8
CUT
 10
62.99999999999999
 20
-1822.3203354897937
 30
0.0
 70
0
  0
VERTEX
  5
1D01
  8
CUT
 10
71.35714285714285
 20
-1827.5830576093874
 30
0.0
 70
0
  0
VERTEX
  5
1D02
  8
CUT
 10
79.71428571428571
 20
-1832.4813876596127
 30
0.0
 70
0
  0
VERTEX
  5
1D03
  8
CUT
 10
88.07142857142856
 20
-1837.0153256404694
 30
0.0
 70
0
  0
VERTEX
  5
1D04
  8
CUT
 10
96.42857142857142
 20
-1841.1848715519575
 30
0.0
 70
0
  0
VERTEX
  5
1D05
  8
CUT
 10
104.78571428571428
 20
-1844.990025394077
 30
0.0
 70
0
  0
VERTEX
  5
1D06
  8
CUT
 10
113.14285714285714
 20
-1848.430787166828
 30
0.0
 70
0
  0
VERTEX
  5
1D07
  8
CUT
 10
121.5
 20
-1851.5071568702103
 30
0.0
 70
0
  0
VERTEX
  5
1D08
  8
CUT
 10
129.85714285714286
 20
-1854.219134504224
 30
0.0
 70
0
  0
VERTEX
  5
1D09
  8
CUT
 10
138.2142857142857
 20
-1856.5667200688692
 30
0.0
 70
0
  0
VERTEX
  5
1D0A
  8
CUT
 10
146.57142857142856
 20
-1858.5499135641458
 30
0.0
 70
0
  0
VERTEX
  5
1D0B
  8
CUT
 10
154.92857142857142
 20
-1860.1687149900538
 30
0.0
 70
0
  0
VERTEX
  5
1D0C
  8
CUT
 10
163.28571428571428
 20
-1861.4231243465933
 30
0.0
 70
0
  0
VERTEX
  5
1D0D
  8
CUT
 10
171.6428571428571
 20
-1862.3131416337642
 30
0.0
 70
0
  0
VERTEX
  5
1D0E
  8
CUT
 10
179.99999999999997
 20
-1862.8387668515663
 30
0.0
 70
0
  0
VERTEX
  5
1D0F
  8
CUT
 10
188.35714285714283
 20
-1863.0
 30
0.0
 70
0
  0
VERTEX
  5
1D10
  8
CUT
 10
196.7142857142857
 20
-1862.7968410790652
 30
0.0
 70
0
  0
VERTEX
  5
1D11
  8
CUT
 10
205.07142857142856
 20
-1862.2292900887617
 30
0.0
 70
0
  0
VERTEX
  5
1D12
  8
CUT
 10
213.4285714285714
 20
-1861.2973470290895
 30
0.0
 70
0
  0
VERTEX
  5
1D13
  8
CUT
 10
221.78571428571425
 20
-1860.001011900049
 30
0.0
 70
0
  0
VERTEX
  5
1D14
  8
CUT
 10
230.1428571428571
 20
-1858.3402847016396
 30
0.0
 70
0
  0
VERTEX
  5
1D15
  8
CUT
 10
238.49999999999997
 20
-1856.315165433862
 30
0.0
 70
0
  0
VERTEX
  5
1D16
  8
CUT
 10
246.85714285714283
 20
-1853.9256540967153
 30
0.0
 70
0
  0
VERTEX
  5
1D17
  8
CUT
 10
255.2142857142857
 20
-1851.1717506902005
 30
0.0
 70
0
  0
VERTEX
  5
1D18
  8
CUT
 10
263.57142857142856
 20
-1848.053455214317
 30
0.0
 70
0
  0
VERTEX
  5
1D19
  8
CUT
 10
271.9285714285714
 20
-1844.5707676690647
 30
0.0
 70
0
  0
VERTEX
  5
1D1A
  8
CUT
 10
280.2857142857142
 20
-1840.723688054444
 30
0.0
 70
0
  0
VERTEX
  5
1D1B
  8
CUT
 10
288.6428571428571
 20
-1836.5122163704546
 30
0.0
 70
0
  0
VERTEX
  5
1D1C
  8
CUT
 10
297.0
 20
-1831.9363526170966
 30
0.0
 70
0
  0
VERTEX
  5
1D1D
  8
CUT
 10
297.0
 20
-1790.9476023575469
 30
0.0
 42
-0.41421356237309503
 70
0
  0
VERTEX
  5
1D1E
  8
CUT
 10
293.79999999999995
 20
-1787.7476023575468
 30
0.0
 42
-0.41421356237309503
 70
0
  0
VERTEX
  5
1D1F
  8
CUT
 10
297.0
 20
-1784.5476023575468
 30
0.0
 42
-0.41421356237309503
 70
0
  0
VERTEX
  5
1D20
  8
CUT
 10
300.2
 20
-1787.7476023575468
 30
0.0
 70
0
  0
VERTEX
  5
1D21
  8
CUT
 10
315.0
 20
-1787.7476023575468
 30
0.0
 70
0
  0
VERTEX
  5
1D22
  8
CUT
 10
315.0
 20
-1747.7476023575468
 30
0.0
 70
0
  0
VERTEX
  5
1D23
  8
CUT
 10
300.2
 20
-1747.7476023575468
 30
0.0
 42
-0.41421356237309503
 70
0
  0
VERTEX
  5
1D24
  8
CUT
 10
297.0
 20
-1750.9476023575469
 30
0.0
 42
-0.41421356237309503
 70
0
  0
VERTEX
  5
1D25
  8
CUT
 10
293.79999999999995
 20
-1747.7476023575468
 30
0.0
 42
-0.41421356237309503
 70
0
  0
VERTEX
  5
1D26
  8
CUT
 10
297.0
 20
-1744.5476023575468
 30
0.0
 70
0
  0
VERTEX
  5
1D27
  8
CUT
 10
297.0
 20
-1739.7476023575468
 30
0.0
 70
0
  0
SEQEND
  5
1CF4
  8
CUT
  0
ENDSEC
  0
EOF
